repo_full,pr_number,created_at,merged_at,additions,deletions,pr_churn
prometheus/prometheus,17938,2026-01-26T14:54:09Z,,10,10,20
prometheus/prometheus,17937,2026-01-26T10:20:06Z,,177,7,184
prometheus/prometheus,17936,2026-01-26T09:49:15Z,,87,37,124
prometheus/prometheus,17935,2026-01-25T21:29:48Z,,1522,9,1531
prometheus/prometheus,17934,2026-01-25T18:12:20Z,,10,8,18
prometheus/prometheus,17933,2026-01-25T18:02:17Z,,20,4,24
prometheus/prometheus,17932,2026-01-25T16:50:56Z,,44,6,50
prometheus/prometheus,17930,2026-01-25T15:18:36Z,,1663,114,1777
prometheus/prometheus,17929,2026-01-25T12:12:52Z,,3,3,6
prometheus/prometheus,17928,2026-01-25T00:37:57Z,,13,0,13
prometheus/prometheus,17927,2026-01-25T00:36:27Z,,4,2,6
prometheus/prometheus,17926,2026-01-23T17:53:01Z,,13,5,18
prometheus/prometheus,17923,2026-01-23T08:45:53Z,,3,3,6
prometheus/prometheus,17921,2026-01-22T22:31:28Z,,36,0,36
prometheus/prometheus,17919,2026-01-22T17:25:41Z,,1469,157,1626
prometheus/prometheus,17918,2026-01-22T16:34:39Z,2026-01-22T21:23:15Z,8,8,16
prometheus/prometheus,17917,2026-01-22T14:55:08Z,2026-01-24T15:44:08Z,129,7,136
prometheus/prometheus,17916,2026-01-22T14:54:10Z,,71,63,134
prometheus/prometheus,17915,2026-01-22T12:25:35Z,2026-01-22T21:22:44Z,295,6,301
prometheus/prometheus,17913,2026-01-22T10:06:09Z,2026-01-22T15:36:30Z,5,5,10
prometheus/prometheus,17912,2026-01-22T09:32:34Z,2026-01-22T15:36:54Z,9,9,18
prometheus/prometheus,17911,2026-01-21T22:20:00Z,2026-01-22T14:24:41Z,5,1,6
prometheus/prometheus,17909,2026-01-21T15:55:35Z,,1421,130,1551
prometheus/prometheus,17908,2026-01-21T14:06:40Z,2026-01-23T09:00:24Z,7,2,9
prometheus/prometheus,17907,2026-01-21T13:35:30Z,,56,11,67
prometheus/prometheus,17906,2026-01-21T13:15:34Z,,57,80,137
prometheus/prometheus,17905,2026-01-21T13:05:47Z,2026-01-21T15:25:31Z,162,26,188
prometheus/prometheus,17904,2026-01-21T12:47:01Z,,1246,667,1913
prometheus/prometheus,17903,2026-01-21T12:17:16Z,2026-01-21T13:02:59Z,20,29,49
prometheus/prometheus,17902,2026-01-21T12:02:25Z,2026-01-23T08:41:35Z,32,97,129
prometheus/prometheus,17901,2026-01-21T11:02:02Z,,235,62,297
prometheus/prometheus,17899,2026-01-20T13:22:40Z,2026-01-22T11:24:35Z,82,282,364
prometheus/prometheus,17898,2026-01-20T12:49:43Z,2026-01-20T15:53:28Z,49,0,49
prometheus/prometheus,17897,2026-01-20T12:16:24Z,2026-01-20T12:53:41Z,1,1,2
prometheus/prometheus,17896,2026-01-20T11:21:39Z,2026-01-20T11:47:34Z,3,2,5
prometheus/prometheus,17895,2026-01-20T11:17:57Z,,28,11,39
prometheus/prometheus,17894,2026-01-20T08:47:21Z,2026-01-20T09:13:40Z,20,21,41
prometheus/prometheus,17893,2026-01-19T14:59:30Z,2026-01-20T10:07:05Z,11,3,14
prometheus/prometheus,17892,2026-01-19T14:47:39Z,2026-01-22T10:50:58Z,22,0,22
prometheus/prometheus,17891,2026-01-19T12:18:37Z,,312,30,342
prometheus/prometheus,17890,2026-01-19T08:56:53Z,2026-01-19T11:57:06Z,21,146,167
prometheus/prometheus,17889,2026-01-19T07:00:00Z,,54,1,55
prometheus/prometheus,17887,2026-01-18T19:00:13Z,,48,1,49
prometheus/prometheus,17886,2026-01-18T16:18:02Z,,56,0,56
prometheus/prometheus,17885,2026-01-18T15:36:14Z,,35,0,35
prometheus/prometheus,17884,2026-01-18T15:25:10Z,,32,0,32
prometheus/prometheus,17883,2026-01-18T15:10:10Z,,32,0,32
prometheus/prometheus,17882,2026-01-18T11:41:52Z,,97,0,97
prometheus/prometheus,17881,2026-01-17T16:52:57Z,2026-01-20T11:59:15Z,2,0,2
prometheus/prometheus,17880,2026-01-17T16:30:00Z,,34,4,38
prometheus/prometheus,17879,2026-01-17T13:29:01Z,2026-01-19T11:14:31Z,6,0,6
prometheus/prometheus,17878,2026-01-17T08:52:11Z,2026-01-20T11:14:02Z,1,1,2
prometheus/prometheus,17877,2026-01-16T16:49:56Z,,1025,523,1548
prometheus/prometheus,17876,2026-01-16T14:29:18Z,2026-01-19T14:09:59Z,114,12,126
prometheus/prometheus,17875,2026-01-16T13:46:59Z,,0,0,0
prometheus/prometheus,17873,2026-01-16T11:56:35Z,,250,28,278
prometheus/prometheus,17872,2026-01-16T11:53:18Z,2026-01-23T09:04:06Z,250,28,278
prometheus/prometheus,17871,2026-01-16T11:07:56Z,2026-01-16T11:54:31Z,8,6,14
prometheus/prometheus,17870,2026-01-16T09:20:47Z,2026-01-20T11:15:43Z,1,1,2
prometheus/prometheus,17869,2026-01-16T09:18:35Z,2026-01-16T09:50:39Z,654,6,660
prometheus/prometheus,17868,2026-01-15T22:12:03Z,,11665,1334,12999
prometheus/prometheus,17867,2026-01-15T11:56:19Z,2026-01-21T08:21:56Z,1864,516,2380
prometheus/prometheus,17866,2026-01-15T07:47:46Z,2026-01-15T08:33:16Z,1,1,2
prometheus/prometheus,17865,2026-01-14T22:53:31Z,2026-01-15T07:49:38Z,26,5,31
prometheus/prometheus,17864,2026-01-14T20:45:09Z,,314,74,388
prometheus/prometheus,17863,2026-01-14T14:45:25Z,2026-01-14T15:44:51Z,57,13,70
prometheus/prometheus,17860,2026-01-14T12:39:52Z,2026-01-16T10:30:05Z,745,137,882
prometheus/prometheus,17859,2026-01-14T11:04:36Z,,68,2,70
prometheus/prometheus,17858,2026-01-14T09:54:22Z,,129,111,240
prometheus/prometheus,17856,2026-01-14T09:18:27Z,,268,24,292
prometheus/prometheus,17855,2026-01-14T07:18:06Z,,10784,10733,21517
prometheus/prometheus,17854,2026-01-14T03:36:26Z,,3,3,6
prometheus/prometheus,17853,2026-01-14T03:31:20Z,,3,3,6
prometheus/prometheus,17852,2026-01-14T01:58:37Z,,46,3,49
prometheus/prometheus,17851,2026-01-13T17:45:49Z,,210,4,214
prometheus/prometheus,17850,2026-01-13T14:21:58Z,,37,20,57
prometheus/prometheus,17848,2026-01-13T10:50:14Z,,167,6,173
prometheus/prometheus,17847,2026-01-13T09:20:15Z,2026-01-13T13:38:58Z,54,42,96
prometheus/prometheus,17846,2026-01-13T08:59:59Z,2026-01-13T09:21:33Z,18,10,28
prometheus/prometheus,17844,2026-01-13T07:43:47Z,2026-01-13T08:53:50Z,14,14,28
prometheus/prometheus,17843,2026-01-12T18:47:42Z,2026-01-13T06:32:12Z,7,7,14
prometheus/prometheus,17842,2026-01-12T16:28:10Z,2026-01-13T06:35:11Z,10,12,22
prometheus/prometheus,17840,2026-01-12T12:15:16Z,2026-01-16T09:32:53Z,1011,803,1814
prometheus/prometheus,17839,2026-01-12T12:03:53Z,,0,208,208
prometheus/prometheus,17838,2026-01-12T11:44:07Z,,876,1376,2252
prometheus/prometheus,17837,2026-01-12T10:08:14Z,,560,99,659
prometheus/prometheus,17835,2026-01-12T09:08:55Z,2026-01-16T13:04:14Z,535,37,572
prometheus/prometheus,17834,2026-01-12T08:21:07Z,2026-01-14T13:48:33Z,330,57,387
prometheus/prometheus,17832,2026-01-10T15:57:48Z,,8,4,12
prometheus/prometheus,17830,2026-01-10T10:50:17Z,2026-01-20T11:43:41Z,169,20,189
prometheus/prometheus,17829,2026-01-09T23:12:52Z,,35,0,35
prometheus/prometheus,17828,2026-01-09T20:27:33Z,2026-01-12T15:51:45Z,5,0,5
prometheus/prometheus,17827,2026-01-09T20:02:42Z,,790,0,790
prometheus/prometheus,17826,2026-01-09T16:53:46Z,2026-01-20T11:50:26Z,2,2,4
prometheus/prometheus,17825,2026-01-09T14:27:57Z,,15242,7,15249
prometheus/prometheus,17822,2026-01-09T00:58:57Z,2026-01-09T15:00:53Z,14,13,27
prometheus/prometheus,17821,2026-01-08T22:14:13Z,2026-01-20T11:48:57Z,3,3,6
prometheus/prometheus,17820,2026-01-08T15:40:46Z,,83,20,103
prometheus/prometheus,17819,2026-01-08T15:04:29Z,,78,0,78
prometheus/prometheus,17817,2026-01-08T14:11:34Z,2026-01-09T09:04:37Z,20,3,23
prometheus/prometheus,17816,2026-01-08T12:41:57Z,,6,4,10
prometheus/prometheus,17815,2026-01-08T12:37:57Z,,6,4,10
prometheus/prometheus,17814,2026-01-08T11:54:09Z,,246,79,325
prometheus/prometheus,17808,2026-01-07T19:30:09Z,,99,65,164
prometheus/prometheus,17807,2026-01-07T15:22:58Z,2026-01-07T15:43:28Z,47,1,48
prometheus/prometheus,17806,2026-01-07T14:32:39Z,2026-01-07T15:38:40Z,47,1,48
prometheus/prometheus,17805,2026-01-07T14:17:08Z,,127,9,136
prometheus/prometheus,17804,2026-01-07T14:13:59Z,2026-01-07T16:05:27Z,19,14,33
prometheus/prometheus,17802,2026-01-07T12:17:26Z,2026-01-07T14:01:02Z,29,4,33
prometheus/prometheus,17798,2026-01-06T16:57:40Z,2026-01-08T10:43:54Z,85,21,106
prometheus/prometheus,17797,2026-01-06T16:51:02Z,2026-01-21T13:28:00Z,20,14,34
prometheus/prometheus,17796,2026-01-06T15:16:30Z,2026-01-06T16:30:06Z,15,15,30
prometheus/prometheus,17795,2026-01-06T12:28:12Z,2026-01-20T11:59:22Z,22,1,23
prometheus/prometheus,17794,2026-01-06T10:20:12Z,2026-01-07T07:44:57Z,56,18,74
prometheus/prometheus,17793,2026-01-06T08:55:19Z,2026-01-06T13:34:30Z,85,85,170
prometheus/prometheus,17788,2026-01-05T15:12:15Z,2026-01-06T10:24:52Z,204,7,211
prometheus/prometheus,17786,2026-01-05T14:07:08Z,,63,2,65
prometheus/prometheus,17785,2026-01-05T10:28:42Z,2026-01-05T12:46:21Z,589,589,1178
prometheus/prometheus,17784,2026-01-05T10:01:28Z,2026-01-05T11:11:28Z,6,0,6
prometheus/prometheus,17783,2026-01-05T06:57:20Z,2026-01-06T13:52:10Z,1,1,2
prometheus/prometheus,17782,2026-01-05T06:57:15Z,2026-01-06T13:44:23Z,3,3,6
prometheus/prometheus,17781,2026-01-05T00:41:51Z,2026-01-06T13:46:47Z,3,3,6
prometheus/prometheus,17780,2026-01-05T00:41:38Z,2026-01-06T14:53:09Z,3,3,6
prometheus/prometheus,17779,2026-01-04T18:26:56Z,,169,1,170
prometheus/prometheus,17777,2026-01-04T14:40:34Z,2026-01-05T16:59:37Z,28,1,29
prometheus/prometheus,17776,2026-01-04T14:15:17Z,2026-01-05T17:00:08Z,0,33,33
prometheus/prometheus,17775,2026-01-03T20:02:27Z,,15,5,20
prometheus/prometheus,17774,2026-01-02T22:44:25Z,,920,64,984
prometheus/prometheus,17773,2026-01-02T20:59:21Z,2026-01-06T13:07:23Z,10,2,12
prometheus/prometheus,17772,2026-01-02T17:04:42Z,2026-01-05T09:40:07Z,0,7,7
prometheus/prometheus,17771,2026-01-02T16:37:51Z,2026-01-05T11:13:25Z,32,1,33
prometheus/prometheus,17769,2026-01-02T11:31:03Z,2026-01-22T10:34:01Z,112,3,115
prometheus/prometheus,17768,2026-01-02T10:32:29Z,,80,359,439
prometheus/prometheus,17767,2026-01-02T08:38:29Z,2026-01-04T14:18:48Z,6,1,7
prometheus/prometheus,17765,2026-01-02T00:02:23Z,,6,0,6
prometheus/prometheus,17764,2026-01-01T23:18:58Z,2026-01-04T14:50:55Z,105,102,207
prometheus/prometheus,17763,2026-01-01T23:18:37Z,2026-01-04T14:44:42Z,3,3,6
prometheus/prometheus,17762,2026-01-01T23:18:25Z,2026-01-07T12:21:56Z,6,6,12
prometheus/prometheus,17761,2026-01-01T23:18:19Z,2026-01-04T15:47:59Z,13,4,17
prometheus/prometheus,17760,2026-01-01T23:17:45Z,2026-01-04T14:45:28Z,45,42,87
prometheus/prometheus,17759,2026-01-01T23:15:14Z,2026-01-04T14:53:47Z,1,1,2
prometheus/prometheus,17758,2026-01-01T23:15:10Z,2026-01-02T08:16:21Z,2,2,4
prometheus/prometheus,17757,2026-01-01T23:15:03Z,2026-01-04T15:46:03Z,3,3,6
prometheus/prometheus,17756,2026-01-01T23:14:59Z,2026-01-02T09:15:43Z,1,1,2
prometheus/prometheus,17755,2026-01-01T23:14:56Z,2026-01-02T08:17:39Z,1,1,2
prometheus/prometheus,17754,2026-01-01T23:14:52Z,2026-01-02T08:40:03Z,1,1,2
prometheus/prometheus,17753,2026-01-01T21:40:11Z,2026-01-06T08:55:03Z,1,1,2
prometheus/prometheus,17749,2025-12-29T08:02:51Z,2025-12-31T11:08:46Z,1,1,2
prometheus/prometheus,17748,2025-12-29T08:02:46Z,2025-12-31T11:12:22Z,7,5,12
prometheus/prometheus,17747,2025-12-29T05:15:54Z,2025-12-31T11:06:53Z,3,3,6
prometheus/prometheus,17746,2025-12-29T05:15:21Z,2025-12-31T11:00:37Z,21,21,42
prometheus/prometheus,17745,2025-12-29T00:50:21Z,2025-12-31T11:22:01Z,6,6,12
prometheus/prometheus,17744,2025-12-29T00:49:19Z,,2,2,4
prometheus/prometheus,17743,2025-12-26T18:27:06Z,2026-01-09T11:40:00Z,3,3,6
prometheus/prometheus,17741,2025-12-26T11:07:16Z,2025-12-29T07:57:19Z,187,1,188
prometheus/prometheus,17740,2025-12-25T14:56:02Z,,5808,513,6321
prometheus/prometheus,17739,2025-12-25T09:38:43Z,,89,8,97
prometheus/prometheus,17738,2025-12-24T13:00:50Z,,269,202,471
prometheus/prometheus,17737,2025-12-24T12:36:07Z,2025-12-31T14:23:03Z,91,7,98
prometheus/prometheus,17736,2025-12-24T12:30:04Z,2026-01-08T13:06:33Z,504,200,704
prometheus/prometheus,17735,2025-12-24T10:58:32Z,,42,1,43
prometheus/prometheus,17734,2025-12-23T15:17:37Z,,1713,23,1736
prometheus/prometheus,17733,2025-12-23T14:42:52Z,,7,4,11
prometheus/prometheus,17732,2025-12-23T11:25:34Z,,23,13,36
prometheus/prometheus,17731,2025-12-22T09:55:42Z,2025-12-22T15:28:08Z,80,1,81
prometheus/prometheus,17730,2025-12-22T05:19:17Z,2025-12-23T09:18:05Z,4,4,8
prometheus/prometheus,17729,2025-12-22T05:19:13Z,2025-12-23T09:17:55Z,9,8,17
prometheus/prometheus,17728,2025-12-22T04:51:34Z,2025-12-23T09:25:09Z,1,1,2
prometheus/prometheus,17727,2025-12-22T04:51:29Z,2025-12-23T09:36:59Z,3,3,6
prometheus/prometheus,17726,2025-12-22T00:46:51Z,2025-12-23T09:12:24Z,2,2,4
prometheus/prometheus,17725,2025-12-22T00:46:47Z,2025-12-23T09:20:38Z,1,1,2
prometheus/prometheus,17724,2025-12-21T12:46:25Z,,5,0,5
prometheus/prometheus,17723,2025-12-19T18:57:25Z,,13,4,17
prometheus/prometheus,17722,2025-12-19T18:01:00Z,,42,20,62
prometheus/prometheus,17721,2025-12-19T15:03:02Z,,1,0,1
prometheus/prometheus,17720,2025-12-19T11:09:54Z,,2,0,2
prometheus/prometheus,17718,2025-12-19T09:18:27Z,2025-12-19T10:20:10Z,92,11,103
prometheus/prometheus,17717,2025-12-19T09:11:43Z,,98,1,99
prometheus/prometheus,17716,2025-12-18T18:03:30Z,2025-12-23T11:56:39Z,51,17,68
prometheus/prometheus,17715,2025-12-18T16:36:32Z,,10,2,12
prometheus/prometheus,17714,2025-12-18T15:02:17Z,2025-12-18T21:53:22Z,27,0,27
prometheus/prometheus,17713,2025-12-18T11:50:29Z,2025-12-29T09:50:23Z,2295,902,3197
prometheus/prometheus,17712,2025-12-18T10:49:41Z,2025-12-19T11:42:55Z,10,5,15
prometheus/prometheus,17711,2025-12-17T14:48:59Z,2025-12-18T17:14:14Z,821,689,1510
prometheus/prometheus,17709,2025-12-17T11:53:02Z,2025-12-17T15:13:49Z,3,1,4
prometheus/prometheus,17708,2025-12-17T09:47:45Z,2025-12-17T10:47:17Z,74,2,76
prometheus/prometheus,17707,2025-12-17T04:18:41Z,2026-01-08T10:20:23Z,102,10,112
prometheus/prometheus,17706,2025-12-16T23:11:38Z,2025-12-16T23:30:39Z,1,1,2
prometheus/prometheus,17705,2025-12-16T17:42:50Z,2025-12-16T18:01:14Z,14,18,32
prometheus/prometheus,17704,2025-12-16T15:12:08Z,2025-12-16T17:30:42Z,2,1,3
prometheus/prometheus,17703,2025-12-16T13:52:21Z,2025-12-17T09:43:35Z,37,8,45
prometheus/prometheus,17702,2025-12-16T12:46:50Z,,2887,0,2887
prometheus/prometheus,17701,2025-12-16T10:52:52Z,,18,3,21
prometheus/prometheus,17699,2025-12-16T08:46:47Z,,0,0,0
prometheus/prometheus,17698,2025-12-16T05:26:48Z,,401885,1646217,2048102
prometheus/prometheus,17697,2025-12-16T02:57:42Z,,435,0,435
prometheus/prometheus,17696,2025-12-15T18:47:47Z,,0,0,0
prometheus/prometheus,17695,2025-12-15T16:10:59Z,2025-12-15T20:41:23Z,2,2,4
prometheus/prometheus,17694,2025-12-15T15:44:02Z,2025-12-16T08:21:17Z,16,12,28
prometheus/prometheus,17690,2025-12-15T09:02:15Z,2025-12-15T11:46:58Z,48,48,96
prometheus/prometheus,17689,2025-12-15T09:01:33Z,2025-12-19T15:04:41Z,6,6,12
prometheus/prometheus,17687,2025-12-14T20:27:19Z,2025-12-28T11:08:07Z,75,3,78
prometheus/prometheus,17686,2025-12-14T16:53:32Z,,61,106,167
prometheus/prometheus,17685,2025-12-14T16:04:26Z,,5,0,5
prometheus/prometheus,17684,2025-12-14T15:43:48Z,,19,6,25
prometheus/prometheus,17683,2025-12-12T23:01:21Z,2025-12-15T15:22:19Z,84,6,90
prometheus/prometheus,17682,2025-12-12T18:45:33Z,2025-12-14T17:41:19Z,39,7,46
prometheus/prometheus,17680,2025-12-12T16:15:18Z,,61,0,61
prometheus/prometheus,17679,2025-12-12T15:27:38Z,2025-12-12T16:52:10Z,0,98,98
prometheus/prometheus,17678,2025-12-12T13:52:33Z,2025-12-15T11:32:08Z,81,5,86
prometheus/prometheus,17677,2025-12-12T13:45:47Z,2025-12-17T14:27:51Z,1547,178,1725
prometheus/prometheus,17676,2025-12-12T11:27:59Z,2026-01-08T11:58:05Z,45,51,96
prometheus/prometheus,17675,2025-12-12T10:49:34Z,,3718,5323,9041
prometheus/prometheus,17671,2025-12-10T19:07:53Z,,3400,2682,6082
prometheus/prometheus,17670,2025-12-10T15:24:39Z,2025-12-26T15:31:18Z,730,485,1215
prometheus/prometheus,17669,2025-12-10T14:54:23Z,2025-12-18T10:19:06Z,150,20,170
prometheus/prometheus,17668,2025-12-10T10:32:45Z,2025-12-10T14:06:05Z,27,4,31
prometheus/prometheus,17667,2025-12-09T23:30:37Z,2025-12-11T08:11:42Z,1,1,2
prometheus/prometheus,17665,2025-12-09T12:56:27Z,2026-01-13T17:07:28Z,17,0,17
prometheus/prometheus,17664,2025-12-09T12:38:33Z,2025-12-16T11:40:45Z,24,14,38
prometheus/prometheus,17663,2025-12-09T10:49:04Z,2025-12-11T07:57:39Z,1,1,2
prometheus/prometheus,17662,2025-12-08T18:55:39Z,,1219,1067,2286
prometheus/prometheus,17661,2025-12-08T17:55:39Z,2025-12-11T08:14:35Z,59,55,114
prometheus/prometheus,17660,2025-12-08T08:44:50Z,,33,7,40
prometheus/prometheus,17658,2025-12-07T09:41:15Z,,1,0,1
prometheus/prometheus,17657,2025-12-06T19:50:07Z,2025-12-08T18:09:28Z,0,2,2
prometheus/prometheus,17655,2025-12-05T15:56:28Z,2026-01-13T10:41:57Z,1,1,2
prometheus/prometheus,17653,2025-12-04T20:45:32Z,,61,3,64
prometheus/prometheus,17648,2025-12-04T12:33:07Z,,269,144,413
prometheus/prometheus,17647,2025-12-04T10:22:21Z,2025-12-09T15:06:10Z,17,1,18
prometheus/prometheus,17646,2025-12-04T09:00:59Z,,1,1,2
prometheus/prometheus,17645,2025-12-03T20:39:45Z,2025-12-16T21:50:51Z,44,7,51
prometheus/prometheus,17644,2025-12-03T18:04:17Z,2026-01-19T19:05:52Z,2239,743,2982
prometheus/prometheus,17643,2025-12-03T13:18:47Z,2025-12-03T14:43:05Z,85,25,110
prometheus/prometheus,17641,2025-12-03T08:46:18Z,,31,0,31
prometheus/prometheus,17640,2025-12-03T08:19:53Z,2025-12-05T08:29:10Z,49,46,95
prometheus/prometheus,17639,2025-12-02T21:46:12Z,2025-12-18T12:41:37Z,41,1,42
prometheus/prometheus,17638,2025-12-02T21:00:29Z,2025-12-03T07:55:48Z,257,576,833
prometheus/prometheus,17637,2025-12-02T19:58:54Z,,147,134,281
prometheus/prometheus,17636,2025-12-02T15:52:32Z,2025-12-04T09:47:24Z,174,14,188
prometheus/prometheus,17635,2025-12-02T12:54:12Z,,5,0,5
prometheus/prometheus,17634,2025-12-02T11:51:42Z,2025-12-03T20:26:45Z,472,26,498
prometheus/prometheus,17633,2025-12-02T03:11:35Z,,87,81,168
prometheus/prometheus,17631,2025-12-01T12:33:49Z,2025-12-22T09:38:48Z,2200,2045,4245
prometheus/prometheus,17630,2025-12-01T11:16:06Z,2025-12-02T15:23:48Z,1,1,2
prometheus/prometheus,17629,2025-12-01T09:39:00Z,2025-12-09T11:41:00Z,13464,179,13643
prometheus/prometheus,17628,2025-11-30T13:44:58Z,,17,14,31
prometheus/prometheus,17627,2025-11-30T10:07:42Z,,117,3,120
prometheus/prometheus,17626,2025-11-30T08:07:54Z,2026-01-22T14:03:20Z,65,15,80
prometheus/prometheus,17623,2025-11-28T08:14:45Z,2025-12-02T08:53:55Z,16,19,35
prometheus/prometheus,17622,2025-11-27T14:22:38Z,,33,0,33
prometheus/prometheus,17621,2025-11-27T10:43:45Z,,2,0,2
prometheus/prometheus,17620,2025-11-27T09:55:39Z,2025-11-28T09:41:00Z,12,4,16
prometheus/prometheus,17618,2025-11-25T22:50:07Z,,85,23,108
prometheus/prometheus,17614,2025-11-25T17:09:33Z,,145,55,200
prometheus/prometheus,17612,2025-11-25T13:57:32Z,,29,1,30
prometheus/prometheus,17611,2025-11-25T13:45:43Z,,1,1,2
prometheus/prometheus,17610,2025-11-25T13:00:16Z,,9679,4849,14528
prometheus/prometheus,17609,2025-11-25T12:55:54Z,2025-11-25T14:33:36Z,3,2,5
prometheus/prometheus,17608,2025-11-25T08:33:33Z,2025-11-26T17:18:02Z,16,0,16
prometheus/prometheus,17607,2025-11-25T07:52:36Z,2025-11-25T09:06:30Z,1,1,2
prometheus/prometheus,17606,2025-11-24T21:40:04Z,2026-01-06T12:00:49Z,226,13,239
prometheus/prometheus,17605,2025-11-24T18:00:44Z,2025-11-27T19:34:24Z,91,2,93
prometheus/prometheus,17602,2025-11-24T09:36:08Z,2025-11-24T10:37:38Z,13,1,14
prometheus/prometheus,17601,2025-11-22T15:25:45Z,,144,12,156
prometheus/prometheus,17600,2025-11-22T14:34:14Z,,1678,13,1691
prometheus/prometheus,17599,2025-11-21T22:34:41Z,2025-12-28T01:58:57Z,765,46,811
prometheus/prometheus,17598,2025-11-21T22:16:33Z,,244,42,286
prometheus/prometheus,17596,2025-11-21T15:27:43Z,2025-11-24T19:17:55Z,18,17,35
prometheus/prometheus,17594,2025-11-21T14:44:14Z,2025-11-21T15:10:49Z,3,3,6
prometheus/prometheus,17593,2025-11-21T10:35:49Z,2025-11-21T10:49:15Z,18,6,24
prometheus/prometheus,17592,2025-11-21T09:27:15Z,2025-11-21T10:17:19Z,3,3,6
prometheus/prometheus,17591,2025-11-21T08:38:28Z,2025-11-21T10:34:19Z,18,6,24
prometheus/prometheus,17590,2025-11-21T05:29:43Z,2025-11-24T08:31:28Z,28,36,64
prometheus/prometheus,17589,2025-11-20T14:49:50Z,,101,83,184
prometheus/prometheus,17588,2025-11-20T14:49:39Z,,32,32,64
prometheus/prometheus,17587,2025-11-20T14:49:37Z,,215,216,431
prometheus/prometheus,17586,2025-11-20T14:49:25Z,,3,3,6
prometheus/prometheus,17585,2025-11-20T14:48:24Z,,20,20,40
prometheus/prometheus,17584,2025-11-20T14:48:20Z,,3,3,6
prometheus/prometheus,17583,2025-11-20T14:48:16Z,,11,12,23
prometheus/prometheus,17582,2025-11-20T14:48:12Z,,3,3,6
prometheus/prometheus,17581,2025-11-20T14:48:06Z,,3,3,6
prometheus/prometheus,17580,2025-11-20T14:47:55Z,,18,18,36
prometheus/prometheus,17579,2025-11-20T14:47:45Z,,3,3,6
prometheus/prometheus,17578,2025-11-20T14:47:41Z,,134,130,264
prometheus/prometheus,17577,2025-11-20T14:47:09Z,,73,71,144
prometheus/prometheus,17576,2025-11-20T14:46:54Z,,24,28,52
prometheus/prometheus,17575,2025-11-20T14:46:36Z,,84,78,162
prometheus/prometheus,17574,2025-11-20T14:37:51Z,2025-12-21T08:31:32Z,1,1,2
prometheus/prometheus,17573,2025-11-20T14:37:49Z,2025-12-21T08:30:58Z,1,1,2
prometheus/prometheus,17572,2025-11-20T14:37:47Z,2025-12-21T08:29:37Z,1,1,2
prometheus/prometheus,17571,2025-11-20T14:37:44Z,2025-12-19T15:04:58Z,4,4,8
prometheus/prometheus,17570,2025-11-20T14:37:28Z,2025-12-21T08:29:02Z,3,3,6
prometheus/prometheus,17569,2025-11-20T14:37:24Z,2025-12-21T08:28:30Z,3,3,6
prometheus/prometheus,17568,2025-11-20T14:37:20Z,2025-12-21T08:27:46Z,21,21,42
prometheus/prometheus,17567,2025-11-20T14:37:08Z,,8,8,16
prometheus/prometheus,17565,2025-11-20T10:41:22Z,2025-11-20T13:28:18Z,68,0,68
prometheus/prometheus,17564,2025-11-20T08:43:07Z,2025-11-20T16:31:59Z,267,197,464
prometheus/prometheus,17563,2025-11-20T08:00:02Z,2025-11-20T14:36:22Z,6,0,6
prometheus/prometheus,17561,2025-11-19T23:52:37Z,2025-11-20T23:22:24Z,394,114,508
prometheus/prometheus,17560,2025-11-19T19:17:54Z,2025-11-19T19:45:43Z,8,8,16
prometheus/prometheus,17559,2025-11-19T16:35:55Z,2025-11-20T13:07:49Z,393,41,434
prometheus/prometheus,17557,2025-11-19T13:00:34Z,2025-11-20T07:56:39Z,2,2,4
prometheus/prometheus,17556,2025-11-19T12:12:15Z,,3,3,6
prometheus/prometheus,17555,2025-11-19T11:06:25Z,2025-11-19T15:04:50Z,8,8,16
prometheus/prometheus,17554,2025-11-19T06:50:23Z,2025-12-12T13:01:57Z,48,2,50
prometheus/prometheus,17552,2025-11-18T16:31:56Z,2025-11-18T16:49:22Z,8,8,16
prometheus/prometheus,17550,2025-11-18T10:57:17Z,2025-11-18T11:45:33Z,8,8,16
prometheus/prometheus,17549,2025-11-18T10:19:34Z,2025-11-18T15:24:21Z,32,12,44
prometheus/prometheus,17548,2025-11-18T10:09:25Z,,23,11,34
prometheus/prometheus,17547,2025-11-17T19:48:44Z,,148,180,328
prometheus/prometheus,17546,2025-11-17T18:30:40Z,2025-11-18T09:37:09Z,103,1,104
prometheus/prometheus,17545,2025-11-17T17:56:50Z,,29,40,69
prometheus/prometheus,17544,2025-11-17T16:07:09Z,,832,618,1450
prometheus/prometheus,17543,2025-11-17T13:16:40Z,2025-11-17T15:00:12Z,1,0,1
prometheus/prometheus,17542,2025-11-17T09:14:39Z,2025-11-17T09:37:56Z,0,8,8
prometheus/prometheus,17540,2025-11-15T06:20:57Z,,2,0,2
prometheus/prometheus,17539,2025-11-15T05:58:26Z,,2,0,2
prometheus/prometheus,17538,2025-11-14T22:06:10Z,,173,34,207
prometheus/prometheus,17537,2025-11-14T21:34:28Z,2025-11-15T18:02:15Z,7,7,14
prometheus/prometheus,17534,2025-11-14T07:48:19Z,2025-11-14T08:42:20Z,1,0,1
prometheus/prometheus,17533,2025-11-13T23:45:35Z,2025-11-15T20:09:01Z,19,1,20
prometheus/prometheus,17532,2025-11-13T22:11:17Z,,32,10,42
prometheus/prometheus,17531,2025-11-13T18:34:25Z,,17,21,38
prometheus/prometheus,17530,2025-11-13T18:21:17Z,2025-12-16T10:40:17Z,2,6,8
prometheus/prometheus,17529,2025-11-13T17:43:05Z,,349,2,351
prometheus/prometheus,17528,2025-11-13T17:26:28Z,2025-11-19T09:42:04Z,13,30,43
prometheus/prometheus,17527,2025-11-13T15:20:34Z,2025-11-16T10:28:50Z,9,8,17
prometheus/prometheus,17526,2025-11-13T15:02:29Z,2025-11-13T15:59:14Z,4,2,6
prometheus/prometheus,17525,2025-11-13T11:46:57Z,,5,24,29
prometheus/prometheus,17524,2025-11-13T09:37:17Z,2025-11-13T13:34:28Z,1,1,2
prometheus/prometheus,17523,2025-11-13T09:07:04Z,2025-11-13T14:17:52Z,635,628,1263
prometheus/prometheus,17522,2025-11-13T08:44:57Z,,68,14,82
prometheus/prometheus,17521,2025-11-13T05:07:58Z,,44,21,65
prometheus/prometheus,17520,2025-11-12T20:52:53Z,2025-11-27T18:30:19Z,1,1,2
prometheus/prometheus,17519,2025-11-12T12:07:59Z,2025-11-12T13:20:54Z,5,6,11
prometheus/prometheus,17516,2025-11-12T01:18:00Z,2025-11-18T14:44:41Z,37,6,43
prometheus/prometheus,17515,2025-11-11T09:17:13Z,2025-11-11T10:42:59Z,10,0,10
prometheus/prometheus,17514,2025-11-10T14:39:34Z,,34,31,65
prometheus/prometheus,17511,2025-11-10T09:53:01Z,,10,0,10
prometheus/prometheus,17510,2025-11-10T08:26:23Z,,98,40,138
prometheus/prometheus,17509,2025-11-10T00:56:58Z,2025-11-10T09:22:21Z,1,1,2
prometheus/prometheus,17508,2025-11-08T12:13:29Z,,2,1,3
prometheus/prometheus,17507,2025-11-07T15:45:38Z,,527,0,527
prometheus/prometheus,17506,2025-11-07T14:01:40Z,2025-11-14T15:16:44Z,47,15,62
prometheus/prometheus,17505,2025-11-07T11:14:52Z,,91,72,163
prometheus/prometheus,17504,2025-11-07T11:14:42Z,,29,29,58
prometheus/prometheus,17503,2025-11-07T11:14:36Z,,3,3,6
prometheus/prometheus,17502,2025-11-07T11:14:28Z,,3,3,6
prometheus/prometheus,17501,2025-11-07T11:14:23Z,,3,3,6
prometheus/prometheus,17500,2025-11-07T11:14:15Z,,3,3,6
prometheus/prometheus,17499,2025-11-07T11:13:02Z,,3,3,6
prometheus/prometheus,17498,2025-11-07T11:12:51Z,2025-11-07T13:20:01Z,3,3,6
prometheus/prometheus,17497,2025-11-07T11:12:47Z,,74,44,118
prometheus/prometheus,17496,2025-11-07T11:12:40Z,,3,3,6
prometheus/prometheus,17495,2025-11-07T11:12:28Z,,9,9,18
prometheus/prometheus,17494,2025-11-07T10:19:20Z,,73,4,77
prometheus/prometheus,17492,2025-11-07T04:15:28Z,,18,0,18
prometheus/prometheus,17491,2025-11-06T19:07:50Z,2025-11-06T20:24:07Z,371,463,834
prometheus/prometheus,17490,2025-11-06T18:14:46Z,2025-11-25T21:30:43Z,43,15,58
prometheus/prometheus,17488,2025-11-06T15:54:27Z,,6505,63,6568
prometheus/prometheus,17487,2025-11-06T12:46:50Z,,6985,4,6989
prometheus/prometheus,17486,2025-11-06T11:30:45Z,2025-11-06T14:39:43Z,82,72,154
prometheus/prometheus,17485,2025-11-06T10:20:45Z,2025-11-06T17:28:35Z,1113,9,1122
prometheus/prometheus,17484,2025-11-06T07:16:15Z,,117,0,117
prometheus/prometheus,17483,2025-11-05T15:52:13Z,2025-12-02T11:45:23Z,134,4,138
prometheus/prometheus,17481,2025-11-05T12:55:52Z,,1,0,1
prometheus/prometheus,17479,2025-11-05T11:01:16Z,2025-11-10T10:43:06Z,16,8,24
prometheus/prometheus,17478,2025-11-05T08:27:17Z,2025-11-05T12:47:34Z,280,268,548
prometheus/prometheus,17477,2025-11-05T06:59:46Z,2025-11-11T10:07:08Z,2,0,2
prometheus/prometheus,17476,2025-11-05T01:47:37Z,,33,21,54
prometheus/prometheus,17475,2025-11-04T21:35:45Z,,6452,195,6647
prometheus/prometheus,17474,2025-11-04T14:00:07Z,,158,109,267
prometheus/prometheus,17473,2025-11-04T12:40:39Z,,30,0,30
prometheus/prometheus,17472,2025-11-04T08:58:26Z,2025-11-13T08:53:12Z,221,107,328
prometheus/prometheus,17471,2025-11-03T21:03:45Z,2025-11-04T05:13:49Z,147,193,340
prometheus/prometheus,17470,2025-11-03T14:13:39Z,2025-11-04T08:16:58Z,70,22,92
prometheus/prometheus,17469,2025-11-03T12:21:06Z,2026-01-07T12:25:50Z,1011,129,1140
prometheus/prometheus,17467,2025-11-02T18:35:20Z,2025-11-03T09:22:47Z,123,95,218
prometheus/prometheus,17466,2025-11-02T14:54:13Z,2025-12-21T09:15:35Z,7,2,9
prometheus/prometheus,17465,2025-11-02T12:55:34Z,,199,0,199
prometheus/prometheus,17464,2025-11-01T23:27:40Z,,204,210,414
prometheus/prometheus,17463,2025-11-01T23:27:00Z,2025-11-06T10:25:37Z,39,39,78
prometheus/prometheus,17462,2025-11-01T23:25:51Z,2025-11-06T16:25:14Z,25,25,50
prometheus/prometheus,17461,2025-11-01T23:25:15Z,2025-11-06T12:01:01Z,3,3,6
prometheus/prometheus,17460,2025-11-01T23:24:04Z,,3,3,6
prometheus/prometheus,17459,2025-11-01T23:24:00Z,2025-11-06T15:47:53Z,3,3,6
prometheus/prometheus,17458,2025-11-01T23:23:56Z,2025-11-06T12:01:40Z,3,3,6
prometheus/prometheus,17457,2025-11-01T23:23:49Z,,3,3,6
prometheus/prometheus,17456,2025-11-01T23:23:46Z,,21,21,42
prometheus/prometheus,17455,2025-11-01T23:22:37Z,,3,3,6
prometheus/prometheus,17454,2025-11-01T23:22:32Z,2025-11-06T15:48:37Z,3,3,6
prometheus/prometheus,17453,2025-11-01T23:22:24Z,,9,9,18
prometheus/prometheus,17452,2025-11-01T23:21:13Z,2025-11-06T12:02:29Z,3,3,6
prometheus/prometheus,17451,2025-11-01T23:21:07Z,2025-11-06T10:28:57Z,3,3,6
prometheus/prometheus,17450,2025-11-01T23:21:03Z,2025-11-06T12:41:16Z,3,3,6
prometheus/prometheus,17449,2025-11-01T23:19:54Z,,9,9,18
prometheus/prometheus,17448,2025-11-01T23:19:41Z,,6,6,12
prometheus/prometheus,17447,2025-11-01T23:18:34Z,2025-11-06T10:30:11Z,3,3,6
prometheus/prometheus,17446,2025-11-01T23:18:28Z,,33,33,66
prometheus/prometheus,17445,2025-11-01T23:17:19Z,2025-11-06T15:09:00Z,94,109,203
prometheus/prometheus,17444,2025-11-01T23:16:40Z,2025-11-06T10:31:30Z,1,1,2
prometheus/prometheus,17443,2025-11-01T23:16:36Z,2025-11-06T10:31:59Z,2,2,4
prometheus/prometheus,17442,2025-11-01T23:16:30Z,2025-11-06T10:32:27Z,4,4,8
prometheus/prometheus,17441,2025-10-31T21:25:58Z,2025-11-13T14:07:11Z,219,168,387
prometheus/prometheus,17439,2025-10-31T16:44:45Z,2025-11-14T17:36:34Z,69,68,137
prometheus/prometheus,17436,2025-10-31T12:43:54Z,,357,22,379
prometheus/prometheus,17435,2025-10-31T11:51:18Z,2025-12-02T10:39:45Z,230,3,233
prometheus/prometheus,17433,2025-10-31T03:28:45Z,2025-12-27T12:50:19Z,15,16,31
prometheus/prometheus,17432,2025-10-31T02:31:10Z,,184,11,195
prometheus/prometheus,17431,2025-10-30T11:00:34Z,2025-11-04T12:24:06Z,130,3,133
prometheus/prometheus,17430,2025-10-30T08:22:04Z,2025-10-30T10:34:53Z,157,35,192
prometheus/prometheus,17428,2025-10-29T15:18:12Z,2025-10-30T07:21:26Z,21,14,35
prometheus/prometheus,17427,2025-10-29T14:47:06Z,2025-12-10T09:14:04Z,830,6,836
prometheus/prometheus,17426,2025-10-29T13:35:22Z,2025-10-29T14:02:02Z,7,2,9
prometheus/prometheus,17425,2025-10-29T09:01:38Z,2025-10-30T08:07:49Z,32,36,68
prometheus/prometheus,17424,2025-10-29T07:57:21Z,2025-11-13T10:17:51Z,410,1,411
prometheus/prometheus,17423,2025-10-29T06:42:55Z,2025-10-30T15:56:48Z,5,5,10
prometheus/prometheus,17422,2025-10-28T16:42:27Z,2025-10-28T17:23:32Z,4,2,6
prometheus/prometheus,17420,2025-10-28T15:35:25Z,,26,36,62
prometheus/prometheus,17418,2025-10-28T14:15:17Z,2025-10-28T16:40:34Z,30,27,57
prometheus/prometheus,17417,2025-10-28T13:49:49Z,2025-10-31T11:38:41Z,85,30,115
prometheus/prometheus,17415,2025-10-28T12:27:53Z,2025-11-04T13:59:49Z,10,0,10
prometheus/prometheus,17414,2025-10-28T12:11:04Z,2025-10-28T13:34:52Z,10,5,15
prometheus/prometheus,17413,2025-10-28T11:48:11Z,2025-10-28T12:32:41Z,2,1,3
prometheus/prometheus,17412,2025-10-28T11:03:06Z,2025-10-29T14:04:09Z,136,22,158
prometheus/prometheus,17411,2025-10-28T10:54:41Z,2025-11-17T14:59:40Z,260,194,454
prometheus/prometheus,17410,2025-10-28T10:53:46Z,2025-10-28T12:57:21Z,3,3,6
prometheus/prometheus,17409,2025-10-28T10:39:07Z,2025-10-28T11:06:32Z,6,6,12
prometheus/prometheus,17408,2025-10-28T09:59:55Z,,80,135,215
prometheus/prometheus,17407,2025-10-28T02:28:43Z,,133,16,149
prometheus/prometheus,17406,2025-10-27T18:44:09Z,2025-11-07T09:23:05Z,2245,0,2245
prometheus/prometheus,17404,2025-10-27T09:43:23Z,2025-10-27T12:41:23Z,4,0,4
prometheus/prometheus,17402,2025-10-26T20:12:55Z,2025-11-06T08:38:27Z,493,532,1025
prometheus/prometheus,17401,2025-10-24T17:20:52Z,,91,23,114
prometheus/prometheus,17400,2025-10-24T15:13:22Z,2025-10-28T14:13:43Z,133,2,135
prometheus/prometheus,17399,2025-10-24T13:13:27Z,2025-10-28T12:07:10Z,5,5,10
prometheus/prometheus,17394,2025-10-24T07:44:11Z,,4,0,4
prometheus/prometheus,17393,2025-10-23T15:53:57Z,2026-01-13T09:38:17Z,463,19,482
prometheus/prometheus,17392,2025-10-23T12:54:21Z,2025-10-23T13:03:02Z,0,33,33
prometheus/prometheus,17391,2025-10-23T12:40:59Z,2025-10-23T13:13:33Z,1,1,2
prometheus/prometheus,17390,2025-10-23T12:04:43Z,2025-10-24T10:07:07Z,56,1,57
prometheus/prometheus,17389,2025-10-23T07:48:53Z,2025-10-23T08:08:27Z,2,2,4
prometheus/prometheus,17388,2025-10-22T16:03:22Z,2025-10-23T09:21:06Z,109,34,143
prometheus/prometheus,17387,2025-10-22T11:46:18Z,2025-10-31T08:59:04Z,154,10,164
prometheus/prometheus,17385,2025-10-22T10:12:52Z,2025-10-22T12:31:56Z,22,14,36
prometheus/prometheus,17383,2025-10-22T09:07:13Z,2025-10-22T09:23:23Z,41,8,49
prometheus/prometheus,17382,2025-10-22T07:21:08Z,2025-10-22T09:00:22Z,490,427,917
prometheus/prometheus,17380,2025-10-21T14:52:10Z,2025-10-27T15:21:14Z,12,0,12
prometheus/prometheus,17379,2025-10-21T10:17:55Z,2025-10-23T07:42:19Z,17,3,20
prometheus/prometheus,17377,2025-10-21T06:21:31Z,,19,0,19
prometheus/prometheus,17376,2025-10-21T02:48:44Z,2025-10-22T09:02:56Z,29,3,32
prometheus/prometheus,17374,2025-10-20T19:21:22Z,2025-11-27T17:45:35Z,135,36,171
prometheus/prometheus,17373,2025-10-20T14:06:16Z,,593,171,764
prometheus/prometheus,17372,2025-10-20T11:57:08Z,2025-10-22T09:01:20Z,23,1,24
prometheus/prometheus,17371,2025-10-20T10:49:10Z,2025-10-23T09:35:16Z,4,4,8
prometheus/prometheus,17369,2025-10-19T19:59:57Z,,12,4,16
prometheus/prometheus,17368,2025-10-19T19:10:00Z,2025-10-20T04:29:26Z,1,1,2
prometheus/prometheus,17366,2025-10-19T03:16:42Z,,240,275,515
prometheus/prometheus,17365,2025-10-18T22:42:25Z,2025-10-19T11:14:20Z,14,1,15
prometheus/prometheus,17364,2025-10-18T22:11:38Z,,13,8,21
prometheus/prometheus,17361,2025-10-18T19:10:09Z,,4588,1227,5815
prometheus/prometheus,17360,2025-10-18T19:09:58Z,2025-10-20T17:59:13Z,1,2,3
prometheus/prometheus,17359,2025-10-18T18:54:51Z,,1,1,2
prometheus/prometheus,17358,2025-10-17T18:43:40Z,,217,164,381
prometheus/prometheus,17357,2025-10-17T13:37:17Z,2025-10-17T15:17:48Z,1,0,1
prometheus/prometheus,17356,2025-10-17T12:32:26Z,,4,2,6
prometheus/prometheus,17355,2025-10-17T12:19:26Z,2025-10-22T06:46:27Z,34,15,49
prometheus/prometheus,17354,2025-10-17T10:23:45Z,2025-10-17T11:36:24Z,41,8,49
prometheus/prometheus,17353,2025-10-17T10:13:24Z,2025-10-17T10:33:03Z,490,427,917
prometheus/prometheus,17351,2025-10-17T09:35:41Z,2025-11-07T13:39:51Z,25,52,77
prometheus/prometheus,17350,2025-10-17T08:46:34Z,2025-10-17T09:47:00Z,195,28,223
prometheus/prometheus,17349,2025-10-16T22:30:54Z,,52,0,52
prometheus/prometheus,17348,2025-10-16T20:33:05Z,,29,0,29
prometheus/prometheus,17347,2025-10-16T20:20:41Z,,561,267,828
prometheus/prometheus,17346,2025-10-16T15:30:00Z,2025-10-17T06:20:21Z,18,14,32
prometheus/prometheus,17345,2025-10-16T15:09:17Z,2025-10-22T06:27:35Z,94,23,117
prometheus/prometheus,17344,2025-10-16T13:48:25Z,2025-10-17T06:19:45Z,177,14,191
prometheus/prometheus,17339,2025-10-15T16:21:32Z,2025-10-23T09:48:36Z,3,3,6
prometheus/prometheus,17338,2025-10-15T14:09:21Z,,19,0,19
prometheus/prometheus,17337,2025-10-15T13:27:16Z,2025-11-02T12:51:55Z,439,14,453
prometheus/prometheus,17335,2025-10-15T11:18:52Z,2025-10-15T13:04:46Z,56,15,71
prometheus/prometheus,17334,2025-10-15T09:58:19Z,2025-10-27T13:11:36Z,255,5,260
prometheus/prometheus,17331,2025-10-13T23:01:25Z,2025-10-14T09:22:18Z,23,6,29
prometheus/prometheus,17330,2025-10-13T09:08:55Z,2025-10-15T10:08:05Z,23,21,44
prometheus/prometheus,17329,2025-10-12T17:54:06Z,2025-10-15T17:19:41Z,182,21,203
prometheus/prometheus,17328,2025-10-12T15:51:15Z,,119,5,124
prometheus/prometheus,17327,2025-10-12T10:59:37Z,2025-10-14T11:03:17Z,0,1,1
prometheus/prometheus,17326,2025-10-12T10:10:18Z,2025-10-14T11:08:25Z,32,0,32
prometheus/prometheus,17325,2025-10-12T09:36:16Z,,4,0,4
prometheus/prometheus,17324,2025-10-11T18:22:29Z,,21,6,27
prometheus/prometheus,17323,2025-10-11T17:44:44Z,,69,24,93
prometheus/prometheus,17321,2025-10-11T00:35:32Z,,579,10,589
prometheus/prometheus,17320,2025-10-10T21:12:58Z,2025-10-12T14:10:17Z,8,2,10
prometheus/prometheus,17316,2025-10-09T21:34:51Z,2025-10-10T08:16:34Z,4,1,5
prometheus/prometheus,17315,2025-10-09T16:08:25Z,2025-10-15T13:30:52Z,1875,368,2243
prometheus/prometheus,17313,2025-10-09T03:23:20Z,,118,12,130
prometheus/prometheus,17312,2025-10-09T00:23:03Z,2025-10-10T05:25:01Z,307,123,430
prometheus/prometheus,17311,2025-10-08T23:04:46Z,,172,4,176
prometheus/prometheus,17310,2025-10-08T22:02:10Z,2025-12-21T19:55:03Z,4,3,7
prometheus/prometheus,17309,2025-10-08T12:36:51Z,,205,2,207
prometheus/prometheus,17307,2025-10-08T09:32:09Z,2025-10-23T09:47:42Z,127,155,282
prometheus/prometheus,17306,2025-10-08T05:35:17Z,2025-10-08T13:31:21Z,4,4,8
prometheus/prometheus,17305,2025-10-08T03:05:27Z,2025-10-13T08:50:53Z,111,5,116
prometheus/prometheus,17304,2025-10-07T20:27:45Z,2025-11-07T13:38:53Z,10,0,10
prometheus/prometheus,17303,2025-10-07T16:27:28Z,,43,23,66
prometheus/prometheus,17302,2025-10-07T15:39:44Z,2025-10-07T16:40:08Z,1,1,2
prometheus/prometheus,17300,2025-10-07T14:38:18Z,2025-10-07T15:38:56Z,1,1,2
prometheus/prometheus,17299,2025-10-07T13:54:53Z,2025-10-07T14:30:32Z,6,6,12
prometheus/prometheus,17298,2025-10-07T13:49:57Z,2025-10-07T14:23:36Z,54,11,65
prometheus/prometheus,17297,2025-10-07T13:28:18Z,,85,0,85
prometheus/prometheus,17296,2025-10-07T13:03:40Z,2025-10-07T13:24:58Z,32,8,40
prometheus/prometheus,17295,2025-10-07T12:59:34Z,2025-10-07T13:22:53Z,0,1,1
prometheus/prometheus,17294,2025-10-07T12:36:36Z,,432,47,479
prometheus/prometheus,17293,2025-10-07T11:21:55Z,,2160,26,2186
prometheus/prometheus,17292,2025-10-07T07:27:46Z,,2,0,2
prometheus/prometheus,17291,2025-10-07T06:33:47Z,2025-10-07T07:30:33Z,22,2,24
prometheus/prometheus,17290,2025-10-06T19:46:15Z,2025-10-07T06:29:29Z,22,2,24
prometheus/prometheus,17289,2025-10-06T17:21:20Z,,2,0,2
prometheus/prometheus,17288,2025-10-06T15:38:19Z,,2,0,2
prometheus/prometheus,17287,2025-10-06T13:41:26Z,2025-10-06T16:11:03Z,26,0,26
prometheus/prometheus,17286,2025-10-06T13:35:02Z,,2,0,2
prometheus/prometheus,17285,2025-10-06T13:12:08Z,,226,4,230
prometheus/prometheus,17284,2025-10-05T19:29:33Z,2025-10-07T13:38:59Z,97,13,110
prometheus/prometheus,17282,2025-10-05T11:50:37Z,2025-10-17T09:17:31Z,33,6,39
prometheus/prometheus,17281,2025-10-05T11:45:43Z,,34,6,40
prometheus/prometheus,17280,2025-10-04T12:50:55Z,2025-10-27T13:56:49Z,151,48,199
prometheus/prometheus,17279,2025-10-04T10:32:04Z,,371,0,371
prometheus/prometheus,17278,2025-10-03T13:19:13Z,2025-10-17T23:03:52Z,763,204,967
prometheus/prometheus,17275,2025-10-02T11:12:18Z,,5,13,18
prometheus/prometheus,17274,2025-10-02T11:04:20Z,2025-10-08T10:15:46Z,55,19,74
prometheus/prometheus,17272,2025-10-02T09:31:27Z,,59,3,62
prometheus/prometheus,17271,2025-10-02T07:49:53Z,2025-10-02T10:38:54Z,1,2,3
prometheus/prometheus,17270,2025-10-02T05:31:15Z,,46,1,47
prometheus/prometheus,17269,2025-10-01T23:35:31Z,,8,41,49
prometheus/prometheus,17268,2025-10-01T23:29:01Z,2025-10-22T08:38:19Z,176,228,404
prometheus/prometheus,17267,2025-10-01T23:28:46Z,2025-10-22T09:33:32Z,3,3,6
prometheus/prometheus,17266,2025-10-01T23:28:21Z,2025-10-24T14:50:53Z,18,15,33
prometheus/prometheus,17265,2025-10-01T23:27:52Z,,275,273,548
prometheus/prometheus,17264,2025-10-01T23:27:38Z,2025-10-22T08:27:27Z,12,12,24
prometheus/prometheus,17263,2025-10-01T23:27:21Z,,6,6,12
prometheus/prometheus,17262,2025-10-01T23:15:54Z,2025-10-22T08:27:57Z,1,1,2
prometheus/prometheus,17261,2025-10-01T23:15:48Z,2025-10-22T09:33:44Z,1,1,2
prometheus/prometheus,17260,2025-10-01T23:15:45Z,2025-10-22T08:28:45Z,1,1,2
prometheus/prometheus,17259,2025-10-01T23:15:41Z,2025-10-22T09:34:20Z,3,3,6
prometheus/prometheus,17258,2025-10-01T23:15:36Z,2025-10-22T08:29:26Z,4,4,8
prometheus/prometheus,17257,2025-10-01T23:15:23Z,2025-10-22T08:36:52Z,1,1,2
prometheus/prometheus,17256,2025-10-01T12:44:02Z,2025-10-22T07:22:49Z,1,0,1
prometheus/prometheus,17253,2025-10-01T08:36:47Z,2025-10-01T08:54:09Z,40,14,54
prometheus/prometheus,17252,2025-10-01T08:32:34Z,2025-11-12T10:53:32Z,5,3,8
prometheus/prometheus,17251,2025-10-01T08:25:26Z,,1308,6,1314
prometheus/prometheus,17250,2025-10-01T08:10:23Z,2025-10-06T11:53:44Z,22,0,22
prometheus/prometheus,17249,2025-09-30T17:33:32Z,2025-10-01T14:58:28Z,10,0,10
prometheus/prometheus,17248,2025-09-30T17:06:37Z,2025-10-01T16:05:14Z,102,0,102
prometheus/prometheus,17246,2025-09-30T13:42:53Z,,170,29,199
prometheus/prometheus,17245,2025-09-30T13:37:08Z,2025-10-01T08:54:11Z,276,20,296
prometheus/prometheus,17244,2025-09-30T13:31:59Z,2025-10-01T09:31:08Z,1012,865,1877
prometheus/prometheus,17243,2025-09-30T11:38:35Z,2025-09-30T13:19:32Z,347,343,690
prometheus/prometheus,17242,2025-09-30T09:50:25Z,2025-09-30T13:58:59Z,3,0,3
prometheus/prometheus,17241,2025-09-29T21:41:53Z,2025-09-30T16:49:54Z,96,0,96
prometheus/prometheus,17240,2025-09-29T13:00:11Z,2025-09-30T16:15:39Z,2,2,4
prometheus/prometheus,17239,2025-09-29T12:14:48Z,2025-10-15T13:46:32Z,80,4,84
prometheus/prometheus,17234,2025-09-28T14:04:49Z,2025-09-30T11:16:33Z,6,6,12
prometheus/prometheus,17233,2025-09-26T23:17:18Z,2025-09-30T11:20:24Z,15,16,31
prometheus/prometheus,17232,2025-09-26T14:37:15Z,2025-10-24T10:49:46Z,80,65,145
prometheus/prometheus,17231,2025-09-26T09:28:35Z,2025-09-26T14:33:09Z,4,2,6
prometheus/prometheus,17230,2025-09-26T08:55:23Z,,3,1,4
prometheus/prometheus,17227,2025-09-25T12:48:58Z,2025-09-25T13:04:32Z,2,1,3
prometheus/prometheus,17226,2025-09-25T12:13:31Z,,96,313,409
prometheus/prometheus,17223,2025-09-24T13:49:10Z,,3194,221,3415
prometheus/prometheus,17221,2025-09-23T20:17:10Z,,154,28,182
prometheus/prometheus,17217,2025-09-22T09:22:58Z,2025-09-23T11:03:14Z,10,4,14
prometheus/prometheus,17215,2025-09-18T23:29:02Z,2025-09-25T17:31:37Z,158,39,197
prometheus/prometheus,17214,2025-09-18T12:03:50Z,2025-09-24T12:59:18Z,191,22,213
prometheus/prometheus,17213,2025-09-18T11:14:20Z,2025-09-24T09:28:35Z,179,17,196
prometheus/prometheus,17212,2025-09-18T10:22:31Z,2025-10-02T09:51:05Z,7,2,9
prometheus/prometheus,17210,2025-09-18T07:03:14Z,2025-09-23T05:24:46Z,139,21,160
prometheus/prometheus,17208,2025-09-17T15:00:13Z,,264,25,289
prometheus/prometheus,17207,2025-09-17T14:14:52Z,,14,6,20
prometheus/prometheus,17205,2025-09-17T11:19:12Z,,269,40,309
prometheus/prometheus,17204,2025-09-17T07:38:14Z,2025-09-30T11:22:22Z,5,1,6
prometheus/prometheus,17203,2025-09-17T07:22:44Z,2025-09-17T19:05:30Z,16,19,35
prometheus/prometheus,17202,2025-09-17T07:06:00Z,2025-09-17T08:52:09Z,15,8,23
prometheus/prometheus,17201,2025-09-17T06:43:08Z,2025-09-18T11:37:51Z,78,5,83
prometheus/prometheus,17200,2025-09-17T04:23:36Z,2025-09-26T11:21:28Z,139,132,271
prometheus/prometheus,17199,2025-09-16T13:00:16Z,2025-10-23T15:39:23Z,40,13,53
prometheus/prometheus,17197,2025-09-16T08:02:50Z,2025-10-24T09:31:34Z,207,328,535
prometheus/prometheus,17196,2025-09-15T23:04:56Z,,95,0,95
prometheus/prometheus,17195,2025-09-15T15:26:22Z,2025-09-16T11:11:36Z,2,2,4
prometheus/prometheus,17194,2025-09-15T14:47:11Z,2025-11-04T14:26:15Z,113,96,209
prometheus/prometheus,17189,2025-09-13T14:55:35Z,2025-09-24T09:27:26Z,310,25,335
prometheus/prometheus,17187,2025-09-13T09:44:49Z,,232,123,355
prometheus/prometheus,17183,2025-09-12T15:39:47Z,,1,1,2
prometheus/prometheus,17182,2025-09-12T14:13:56Z,,2,1,3
prometheus/prometheus,17180,2025-09-12T06:26:36Z,,28,0,28
prometheus/prometheus,17178,2025-09-11T20:36:32Z,,15,16,31
prometheus/prometheus,17176,2025-09-11T11:51:34Z,,24,0,24
prometheus/prometheus,17175,2025-09-11T08:24:11Z,,28,40,68
prometheus/prometheus,17173,2025-09-10T15:14:38Z,,56,6,62
prometheus/prometheus,17171,2025-09-10T10:54:23Z,,18,2,20
prometheus/prometheus,17168,2025-09-09T13:25:28Z,2025-09-10T13:30:52Z,17,15,32
prometheus/prometheus,17167,2025-09-09T11:27:03Z,,1,0,1
prometheus/prometheus,17166,2025-09-09T11:13:14Z,2025-10-30T07:44:26Z,522,44,566
prometheus/prometheus,17164,2025-09-09T06:54:37Z,,14,4,18
prometheus/prometheus,17163,2025-09-09T05:27:31Z,,10,4,14
prometheus/prometheus,17161,2025-09-08T17:10:34Z,2025-11-15T20:07:36Z,44,1,45
prometheus/prometheus,17160,2025-09-08T12:38:32Z,2025-09-08T20:04:55Z,79,17,96
prometheus/prometheus,17159,2025-09-08T06:51:03Z,,79,35,114
prometheus/prometheus,17158,2025-09-07T15:54:54Z,2025-09-29T17:59:37Z,103,55,158
prometheus/prometheus,17156,2025-09-06T19:01:51Z,2025-09-08T15:26:42Z,1391,90,1481
prometheus/prometheus,17155,2025-09-06T11:46:13Z,2025-09-11T09:49:42Z,60,27,87
prometheus/prometheus,17153,2025-09-06T07:59:02Z,2025-09-06T09:45:44Z,42,35,77
prometheus/prometheus,17152,2025-09-06T06:17:43Z,,200,118,318
prometheus/prometheus,17151,2025-09-05T14:53:57Z,2025-09-06T11:04:24Z,362,303,665
prometheus/prometheus,17150,2025-09-05T14:07:28Z,2025-10-07T11:06:49Z,338,54,392
prometheus/prometheus,17148,2025-09-05T09:18:12Z,,181,104,285
prometheus/prometheus,17146,2025-09-05T06:56:24Z,2025-09-05T07:32:37Z,163,0,163
prometheus/prometheus,17145,2025-09-05T03:41:38Z,,160,350,510
prometheus/prometheus,17144,2025-09-04T17:24:08Z,,33,8,41
prometheus/prometheus,17142,2025-09-04T10:03:02Z,,63,43,106
prometheus/prometheus,17141,2025-09-03T17:28:35Z,2025-09-09T14:45:06Z,26,1,27
prometheus/prometheus,17139,2025-09-03T14:17:05Z,2025-09-03T15:20:04Z,43,37,80
prometheus/prometheus,17138,2025-09-03T14:02:50Z,2025-11-13T13:51:39Z,307,176,483
prometheus/prometheus,17136,2025-09-03T10:53:22Z,,154,1,155
prometheus/prometheus,17135,2025-09-03T09:21:43Z,2025-09-05T12:46:57Z,23,7,30
prometheus/prometheus,17133,2025-09-03T08:53:34Z,,277,351,628
prometheus/prometheus,17132,2025-09-03T08:09:22Z,,48,21,69
prometheus/prometheus,17131,2025-09-03T06:52:29Z,2025-11-12T10:43:05Z,86,72,158
prometheus/prometheus,17130,2025-09-03T06:37:28Z,2025-10-24T12:08:01Z,117,0,117
prometheus/prometheus,17128,2025-09-02T23:00:40Z,,101,8,109
prometheus/prometheus,17127,2025-09-02T23:00:37Z,2025-09-09T13:52:49Z,176,190,366
prometheus/prometheus,17126,2025-09-02T20:42:45Z,,3,3,6
prometheus/prometheus,17125,2025-09-02T20:38:24Z,,1,1,2
prometheus/prometheus,17124,2025-09-02T20:04:44Z,,1,1,2
prometheus/prometheus,17123,2025-09-02T19:00:46Z,,21,21,42
prometheus/prometheus,17122,2025-09-02T18:57:39Z,,4,4,8
prometheus/prometheus,17121,2025-09-02T18:54:39Z,,31,29,60
prometheus/prometheus,17120,2025-09-02T18:36:42Z,,6,6,12
prometheus/prometheus,17119,2025-09-02T18:32:16Z,,3,3,6
prometheus/prometheus,17118,2025-09-02T18:31:21Z,,24,24,48
prometheus/prometheus,17117,2025-09-02T18:24:47Z,,164,216,380
prometheus/prometheus,17116,2025-09-02T18:14:05Z,,78,76,154
prometheus/prometheus,17115,2025-09-02T17:01:15Z,,119,108,227
prometheus/prometheus,17114,2025-09-02T14:23:39Z,2025-11-14T17:32:27Z,20,26,46
prometheus/prometheus,17113,2025-09-02T10:28:51Z,2025-11-07T13:36:14Z,3,3,6
prometheus/prometheus,17112,2025-09-02T08:45:36Z,2025-09-02T11:37:14Z,43,80,123
prometheus/prometheus,17110,2025-09-01T14:55:54Z,,1,0,1
prometheus/prometheus,17108,2025-08-30T23:45:49Z,,23,1,24
prometheus/prometheus,17107,2025-08-30T17:45:48Z,,50,3,53
prometheus/prometheus,17106,2025-08-30T14:11:54Z,,1922,785,2707
prometheus/prometheus,17105,2025-08-29T21:23:36Z,,2316,0,2316
prometheus/prometheus,17104,2025-08-29T09:53:43Z,,575,1,576
prometheus/prometheus,17103,2025-08-29T07:38:40Z,2025-08-29T09:43:59Z,4,0,4
prometheus/prometheus,17101,2025-08-28T16:25:41Z,,1,1,2
prometheus/prometheus,17099,2025-08-28T07:58:42Z,,27,0,27
prometheus/prometheus,17098,2025-08-28T07:32:33Z,,63,108,171
prometheus/prometheus,17096,2025-08-27T18:00:50Z,,5,5,10
prometheus/prometheus,17095,2025-08-27T17:02:27Z,2025-09-02T15:05:21Z,32,33,65
prometheus/prometheus,17094,2025-08-27T16:48:01Z,2025-09-04T11:55:42Z,182,154,336
prometheus/prometheus,17093,2025-08-27T15:03:26Z,2025-08-27T15:26:43Z,0,30,30
prometheus/prometheus,17092,2025-08-27T12:42:05Z,2025-08-27T22:42:33Z,749,833,1582
prometheus/prometheus,17091,2025-08-27T06:21:19Z,,9,37,46
prometheus/prometheus,17090,2025-08-26T16:17:12Z,2025-09-01T11:05:29Z,38,0,38
prometheus/prometheus,17089,2025-08-26T13:48:40Z,2025-09-09T13:17:47Z,239,5,244
prometheus/prometheus,17082,2025-08-25T15:44:18Z,2025-08-26T18:54:14Z,30,40,70
prometheus/prometheus,17081,2025-08-25T15:40:03Z,2025-09-02T11:37:51Z,2,5,7
prometheus/prometheus,17080,2025-08-25T11:05:47Z,2025-09-09T12:31:18Z,18,16,34
prometheus/prometheus,17078,2025-08-24T11:07:40Z,,381,55,436
prometheus/prometheus,17077,2025-08-23T16:05:36Z,2025-09-02T11:44:14Z,3,3,6
prometheus/prometheus,17076,2025-08-22T20:01:46Z,,30,41,71
prometheus/prometheus,17074,2025-08-22T15:06:01Z,2025-09-02T11:55:13Z,5,1,6
prometheus/prometheus,17071,2025-08-21T23:21:58Z,2025-09-18T11:55:32Z,568,305,873
prometheus/prometheus,17069,2025-08-21T13:26:47Z,,22,5,27
prometheus/prometheus,17068,2025-08-21T12:41:56Z,,13,0,13
prometheus/prometheus,17067,2025-08-21T10:54:34Z,2025-09-04T12:41:21Z,126,56,182
prometheus/prometheus,17066,2025-08-21T05:39:30Z,2025-09-16T11:22:14Z,3,3,6
prometheus/prometheus,17065,2025-08-20T21:37:26Z,2025-09-01T18:12:19Z,157,78,235
prometheus/prometheus,17064,2025-08-20T17:15:17Z,2025-08-21T14:57:57Z,193,99,292
prometheus/prometheus,17063,2025-08-20T09:55:40Z,2025-08-27T09:13:00Z,97,1,98
prometheus/prometheus,17061,2025-08-19T17:05:16Z,2025-08-20T08:03:45Z,1,1,2
prometheus/prometheus,17056,2025-08-18T13:22:03Z,,68,6,74
prometheus/prometheus,17055,2025-08-18T04:36:48Z,2025-09-16T11:28:19Z,355,108,463
prometheus/prometheus,17054,2025-08-16T12:14:30Z,,3,3,6
prometheus/prometheus,17053,2025-08-15T17:54:06Z,,122,26,148
prometheus/prometheus,17052,2025-08-15T08:57:47Z,2025-08-17T08:35:20Z,1,1,2
prometheus/prometheus,17051,2025-08-14T17:04:13Z,2025-08-20T15:24:12Z,362,176,538
prometheus/prometheus,17050,2025-08-14T13:26:55Z,2025-08-17T15:18:48Z,57,10,67
prometheus/prometheus,17049,2025-08-13T17:34:30Z,2025-08-15T09:19:51Z,59,32,91
prometheus/prometheus,17048,2025-08-13T16:56:30Z,2025-08-14T14:04:16Z,1732,1487,3219
prometheus/prometheus,17047,2025-08-13T13:52:07Z,2025-08-13T17:44:38Z,1,1,2
prometheus/prometheus,17046,2025-08-13T13:40:52Z,2025-08-13T14:57:09Z,6,0,6
prometheus/prometheus,17044,2025-08-13T13:20:45Z,,1,1,2
prometheus/prometheus,17043,2025-08-13T10:32:16Z,2025-09-30T11:11:12Z,131,33,164
prometheus/prometheus,17042,2025-08-12T16:14:33Z,,28,0,28
prometheus/prometheus,17041,2025-08-12T15:36:41Z,2025-08-18T16:06:39Z,1,44,45
prometheus/prometheus,17039,2025-08-12T10:51:03Z,2025-08-12T14:45:18Z,1,1,2
prometheus/prometheus,17037,2025-08-11T19:50:55Z,2025-10-06T11:55:08Z,50,6,56
prometheus/prometheus,17036,2025-08-11T11:01:25Z,,237,177,414
prometheus/prometheus,17034,2025-08-11T03:05:10Z,2025-08-22T17:33:52Z,69,35,104
prometheus/prometheus,17033,2025-08-10T11:48:43Z,2025-08-29T04:10:01Z,195,56,251
prometheus/prometheus,17031,2025-08-09T07:54:03Z,2025-08-13T13:52:52Z,93,11,104
prometheus/prometheus,17029,2025-08-08T18:06:43Z,2025-08-20T10:15:10Z,337,79,416
prometheus/prometheus,17028,2025-08-08T17:46:52Z,2025-08-08T19:30:45Z,3,3,6
prometheus/prometheus,17027,2025-08-08T08:54:00Z,2025-08-08T09:43:41Z,29,17,46
prometheus/prometheus,17026,2025-08-08T07:38:37Z,2025-10-27T14:51:33Z,156,8,164
prometheus/prometheus,17024,2025-08-07T19:12:12Z,,175,9,184
prometheus/prometheus,17023,2025-08-07T16:45:17Z,2025-08-07T17:04:21Z,7,2,9
prometheus/prometheus,17022,2025-08-07T14:26:21Z,,593,16,609
prometheus/prometheus,17021,2025-08-07T01:46:52Z,2025-09-02T12:56:00Z,192,16,208
prometheus/prometheus,17020,2025-08-06T20:26:11Z,,54,0,54
prometheus/prometheus,17019,2025-08-06T17:41:47Z,2025-08-12T12:12:16Z,6,0,6
prometheus/prometheus,17018,2025-08-06T17:14:17Z,2025-08-12T12:12:27Z,11,0,11
prometheus/prometheus,17017,2025-08-06T16:46:21Z,2025-08-12T12:12:42Z,37,0,37
prometheus/prometheus,17016,2025-08-06T16:34:10Z,,495,489,984
prometheus/prometheus,17015,2025-08-06T14:30:22Z,2025-09-16T12:02:08Z,3,6,9
prometheus/prometheus,17014,2025-08-06T14:27:50Z,2025-08-06T17:05:47Z,8,111,119
prometheus/prometheus,17013,2025-08-06T12:35:57Z,2025-08-12T12:12:48Z,15,0,15
prometheus/prometheus,17012,2025-08-06T12:04:14Z,2025-08-27T08:47:39Z,6,0,6
prometheus/prometheus,17011,2025-08-06T09:04:51Z,2025-08-21T21:26:01Z,8,2,10
prometheus/prometheus,17006,2025-08-05T17:12:30Z,2025-08-06T09:40:02Z,4,0,4
prometheus/prometheus,17004,2025-08-05T15:40:32Z,2025-08-13T13:25:06Z,198,55,253
prometheus/prometheus,17002,2025-08-05T13:36:10Z,2025-08-06T11:07:49Z,0,2,2
prometheus/prometheus,17000,2025-08-05T12:10:51Z,2025-08-06T11:07:10Z,16,19,35
prometheus/prometheus,16999,2025-08-04T16:09:25Z,2025-08-06T09:43:42Z,2,1,3
prometheus/prometheus,16998,2025-08-04T15:59:20Z,2025-08-06T09:44:44Z,10,7,17
prometheus/prometheus,16997,2025-08-04T13:49:43Z,2025-08-07T17:01:03Z,1,0,1
prometheus/prometheus,16996,2025-08-04T13:44:12Z,2025-08-05T08:48:08Z,10,61,71
prometheus/prometheus,16995,2025-08-04T09:46:56Z,2025-08-21T13:28:03Z,38,15,53
prometheus/prometheus,16994,2025-08-04T06:24:36Z,2025-08-06T09:46:28Z,570,569,1139
prometheus/prometheus,16993,2025-08-03T10:47:14Z,,2,0,2
prometheus/prometheus,16992,2025-08-02T08:51:54Z,,235,185,420
prometheus/prometheus,16991,2025-08-01T23:30:59Z,,154,206,360
prometheus/prometheus,16990,2025-08-01T23:30:47Z,,6,6,12
prometheus/prometheus,16989,2025-08-01T23:30:35Z,,24,24,48
prometheus/prometheus,16988,2025-08-01T23:30:26Z,,3,3,6
prometheus/prometheus,16987,2025-08-01T23:30:18Z,,3,3,6
prometheus/prometheus,16986,2025-08-01T23:30:14Z,,41,41,82
prometheus/prometheus,16985,2025-08-01T23:30:05Z,,6,6,12
prometheus/prometheus,16984,2025-08-01T23:30:02Z,,6,6,12
prometheus/prometheus,16983,2025-08-01T23:29:56Z,,3,3,6
prometheus/prometheus,16982,2025-08-01T23:29:45Z,,3,3,6
prometheus/prometheus,16981,2025-08-01T23:29:40Z,,121,117,238
prometheus/prometheus,16980,2025-08-01T23:29:09Z,,3,3,6
prometheus/prometheus,16979,2025-08-01T23:29:06Z,,21,21,42
prometheus/prometheus,16978,2025-08-01T23:29:01Z,,21,21,42
prometheus/prometheus,16977,2025-08-01T23:28:53Z,,3,3,6
prometheus/prometheus,16976,2025-08-01T23:28:49Z,,3,3,6
prometheus/prometheus,16975,2025-08-01T23:28:42Z,,9,9,18
prometheus/prometheus,16974,2025-08-01T23:28:38Z,,3,3,6
prometheus/prometheus,16973,2025-08-01T23:28:35Z,,231,207,438
prometheus/prometheus,16972,2025-08-01T23:22:27Z,,4,4,8
prometheus/prometheus,16971,2025-08-01T21:17:30Z,,357,85,442
prometheus/prometheus,16970,2025-08-01T20:29:13Z,2025-08-01T21:46:52Z,1,0,1
prometheus/prometheus,16969,2025-08-01T13:19:48Z,,1,0,1
prometheus/prometheus,16968,2025-08-01T10:56:44Z,2025-08-05T22:12:45Z,1,186,187
prometheus/prometheus,16961,2025-07-31T17:45:49Z,2025-08-04T16:02:16Z,104,112,216
prometheus/prometheus,16960,2025-07-31T15:51:08Z,,3,1,4
prometheus/prometheus,16959,2025-07-31T15:35:44Z,,2,0,2
prometheus/prometheus,16957,2025-07-31T12:36:08Z,,234,90,324
prometheus/prometheus,16953,2025-07-30T12:30:22Z,,103,0,103
prometheus/prometheus,16951,2025-07-30T07:21:21Z,2025-09-08T12:34:25Z,3062,1896,4958
prometheus/prometheus,16950,2025-07-30T03:13:14Z,2025-08-08T02:34:55Z,184,188,372
prometheus/prometheus,16947,2025-07-29T15:43:16Z,2025-07-29T16:23:59Z,2,1,3
prometheus/prometheus,16946,2025-07-29T15:15:08Z,2025-07-30T12:16:59Z,86,7,93
prometheus/prometheus,16941,2025-07-29T10:44:19Z,2025-07-29T13:25:12Z,2,2,4
prometheus/prometheus,16935,2025-07-28T07:50:30Z,,944,398,1342
prometheus/prometheus,16932,2025-07-27T15:14:51Z,,50,16,66
prometheus/prometheus,16931,2025-07-27T01:33:57Z,,2620,157,2777
prometheus/prometheus,16930,2025-07-26T16:35:13Z,,70,0,70
prometheus/prometheus,16929,2025-07-25T23:31:50Z,2026-01-24T23:18:17Z,751,19,770
prometheus/prometheus,16928,2025-07-25T16:28:39Z,2025-08-18T08:09:00Z,619,341,960
prometheus/prometheus,16927,2025-07-25T13:37:40Z,2025-07-28T13:54:32Z,6,5,11
prometheus/prometheus,16926,2025-07-25T09:08:51Z,,4,7,11
prometheus/prometheus,16925,2025-07-25T01:51:28Z,2025-08-19T22:35:19Z,237,5,242
prometheus/prometheus,16923,2025-07-24T19:17:20Z,2025-08-04T17:53:50Z,49,16,65
prometheus/prometheus,16922,2025-07-24T16:41:17Z,2025-08-27T16:11:09Z,9,11,20
prometheus/prometheus,16921,2025-07-24T15:51:26Z,2025-07-28T16:35:51Z,3,0,3
prometheus/prometheus,16915,2025-07-23T17:52:32Z,2025-07-24T17:11:37Z,22,4,26
prometheus/prometheus,16914,2025-07-23T16:51:08Z,2025-07-30T17:21:01Z,4,6,10
prometheus/prometheus,16910,2025-07-23T11:17:14Z,2025-07-24T11:54:58Z,51,18,69
prometheus/prometheus,16908,2025-07-23T04:39:39Z,,1939,2994,4933
prometheus/prometheus,16905,2025-07-22T07:22:39Z,2025-07-22T12:50:21Z,1,1,2
prometheus/prometheus,16904,2025-07-22T07:15:52Z,2025-08-13T13:34:36Z,76,6,82
prometheus/prometheus,16901,2025-07-21T11:05:02Z,2025-07-21T12:24:54Z,87,40,127
prometheus/prometheus,16899,2025-07-21T05:20:55Z,,336,116,452
prometheus/prometheus,16896,2025-07-19T15:37:00Z,2025-08-13T13:17:30Z,97,103,200
prometheus/prometheus,16895,2025-07-19T14:26:09Z,2025-07-28T14:55:19Z,3,0,3
prometheus/prometheus,16893,2025-07-18T14:03:55Z,2025-07-24T16:01:02Z,569,301,870
prometheus/prometheus,16890,2025-07-17T11:11:21Z,,122,2081,2203
prometheus/prometheus,16887,2025-07-17T03:37:21Z,,233,17,250
prometheus/prometheus,16886,2025-07-16T17:23:23Z,,371,0,371
prometheus/prometheus,16885,2025-07-16T16:54:49Z,2025-07-16T18:32:15Z,6,6,12
prometheus/prometheus,16884,2025-07-16T13:20:29Z,,96,1878,1974
prometheus/prometheus,16882,2025-07-16T08:13:35Z,2025-07-16T10:24:43Z,3,3,6
prometheus/prometheus,16881,2025-07-16T05:26:00Z,,21,0,21
prometheus/prometheus,16879,2025-07-16T03:32:46Z,2025-07-21T06:54:55Z,52,2,54
prometheus/prometheus,16878,2025-07-16T00:29:07Z,2025-07-18T16:44:06Z,829,56,885
prometheus/prometheus,16877,2025-07-15T23:35:33Z,,4,0,4
prometheus/prometheus,16875,2025-07-15T15:39:37Z,,354,2,356
prometheus/prometheus,16871,2025-07-14T19:43:20Z,,207,52,259
prometheus/prometheus,16870,2025-07-14T14:24:29Z,2025-07-15T13:30:30Z,115,826,941
prometheus/prometheus,16868,2025-07-14T00:02:00Z,2025-07-17T09:32:15Z,43,0,43
prometheus/prometheus,16866,2025-07-12T18:16:56Z,,7,3,10
prometheus/prometheus,16865,2025-07-11T16:37:37Z,,12,0,12
prometheus/prometheus,16864,2025-07-11T13:34:53Z,2025-07-22T14:30:05Z,3,5,8
prometheus/prometheus,16863,2025-07-11T09:29:55Z,2025-07-11T10:07:54Z,12,2,14
prometheus/prometheus,16862,2025-07-11T09:16:13Z,2025-07-11T10:09:53Z,2,2,4
prometheus/prometheus,16861,2025-07-11T08:09:09Z,2025-07-11T09:53:32Z,5,3,8
prometheus/prometheus,16860,2025-07-11T00:52:42Z,,59,3,62
prometheus/prometheus,16857,2025-07-10T20:14:34Z,,2,2,4
prometheus/prometheus,16856,2025-07-10T14:29:21Z,,1103,25,1128
prometheus/prometheus,16855,2025-07-10T13:41:33Z,,1578,1849,3427
prometheus/prometheus,16854,2025-07-10T13:15:43Z,2025-07-10T13:44:03Z,13,0,13
prometheus/prometheus,16853,2025-07-10T12:41:33Z,,51,0,51
prometheus/prometheus,16852,2025-07-10T11:07:54Z,,16,8,24
prometheus/prometheus,16851,2025-07-10T06:46:08Z,2025-09-30T11:54:48Z,3,3,6
prometheus/prometheus,16850,2025-07-09T23:43:17Z,,39,9,48
prometheus/prometheus,16849,2025-07-09T18:27:23Z,2025-07-10T15:27:23Z,88,20,108
prometheus/prometheus,16848,2025-07-09T13:54:07Z,2025-07-09T14:24:46Z,35,10,45
prometheus/prometheus,16847,2025-07-09T11:39:07Z,2025-07-10T09:16:12Z,22,4,26
prometheus/prometheus,16846,2025-07-09T10:20:08Z,2025-07-09T11:00:14Z,5,5,10
prometheus/prometheus,16845,2025-07-08T16:15:52Z,2025-07-09T11:07:27Z,20,14,34
prometheus/prometheus,16842,2025-07-07T21:57:04Z,2025-07-08T10:37:19Z,59,814,873
prometheus/prometheus,16841,2025-07-07T17:25:30Z,,276,3,279
prometheus/prometheus,16839,2025-07-07T09:49:39Z,2025-07-08T16:38:34Z,1,1,2
prometheus/prometheus,16838,2025-07-07T05:39:24Z,2025-07-07T07:23:34Z,43,4,47
prometheus/prometheus,16837,2025-07-07T01:50:43Z,2025-07-10T13:34:57Z,143,74,217
prometheus/prometheus,16836,2025-07-05T15:30:52Z,,250,54,304
prometheus/prometheus,16835,2025-07-04T19:21:45Z,,519,39,558
prometheus/prometheus,16834,2025-07-04T18:52:15Z,2025-11-19T13:03:33Z,0,11,11
prometheus/prometheus,16833,2025-07-04T11:00:06Z,2025-07-07T07:42:31Z,3,3,6
prometheus/prometheus,16832,2025-07-04T10:44:48Z,2025-07-15T10:52:44Z,17,2,19
prometheus/prometheus,16831,2025-07-03T17:52:47Z,2025-07-17T09:30:27Z,1178,193,1371
prometheus/prometheus,16829,2025-07-03T16:02:44Z,,106,13,119
prometheus/prometheus,16828,2025-07-03T14:51:53Z,2025-07-10T11:26:15Z,27,14,41
prometheus/prometheus,16827,2025-07-03T13:43:20Z,,1146,0,1146
prometheus/prometheus,16826,2025-07-03T12:55:57Z,,184,169,353
prometheus/prometheus,16825,2025-07-03T12:09:05Z,2025-07-08T14:42:56Z,35,0,35
prometheus/prometheus,16824,2025-07-03T03:01:34Z,2025-07-08T18:16:13Z,21,5,26
prometheus/prometheus,16823,2025-07-02T21:24:55Z,,401,450,851
prometheus/prometheus,16822,2025-07-02T17:59:09Z,2025-07-03T11:40:31Z,9,16,25
prometheus/prometheus,16820,2025-07-02T16:03:15Z,2025-07-03T08:52:59Z,71,4,75
prometheus/prometheus,16819,2025-07-02T13:41:44Z,2025-07-03T09:16:05Z,1,0,1
prometheus/prometheus,16818,2025-07-01T23:43:14Z,2025-07-11T20:08:42Z,42,42,84
prometheus/prometheus,16817,2025-07-01T23:42:52Z,2025-07-11T09:20:31Z,3,3,6
prometheus/prometheus,16816,2025-07-01T23:42:45Z,2025-07-11T09:58:00Z,3,3,6
prometheus/prometheus,16815,2025-07-01T23:42:34Z,2025-07-03T08:09:11Z,3,3,6
prometheus/prometheus,16814,2025-07-01T23:42:29Z,2025-07-11T17:16:49Z,3,3,6
prometheus/prometheus,16813,2025-07-01T23:42:25Z,2025-07-11T09:19:59Z,3,3,6
prometheus/prometheus,16812,2025-07-01T23:42:17Z,2025-07-11T10:01:47Z,63,63,126
prometheus/prometheus,16811,2025-07-01T23:41:41Z,2025-07-11T09:57:34Z,3,3,6
prometheus/prometheus,16810,2025-07-01T23:20:22Z,2025-07-11T09:55:29Z,4,4,8
prometheus/prometheus,16809,2025-07-01T20:48:41Z,,19,5,24
prometheus/prometheus,16807,2025-07-01T10:46:58Z,2025-07-02T17:44:10Z,95,29,124
prometheus/prometheus,16806,2025-07-01T09:07:48Z,2025-07-03T13:37:46Z,72,101,173
prometheus/prometheus,16804,2025-06-30T20:41:03Z,2025-07-02T13:31:03Z,0,2,2
prometheus/prometheus,16803,2025-06-30T15:02:24Z,,10,6,16
prometheus/prometheus,16801,2025-06-30T14:16:16Z,2025-06-30T15:05:03Z,2,2,4
prometheus/prometheus,16800,2025-06-30T11:13:50Z,2025-06-30T11:37:57Z,6,1,7
prometheus/prometheus,16798,2025-06-29T14:51:04Z,,29,7,36
prometheus/prometheus,16797,2025-06-29T08:35:20Z,2025-07-23T16:30:03Z,228,232,460
prometheus/prometheus,16796,2025-06-29T00:53:54Z,,2596,3,2599
prometheus/prometheus,16794,2025-06-28T04:22:10Z,2025-08-13T16:06:48Z,106,90,196
prometheus/prometheus,16793,2025-06-27T15:29:59Z,,4,2,6
prometheus/prometheus,16792,2025-06-27T13:43:15Z,,992,469,1461
prometheus/prometheus,16791,2025-06-27T13:21:53Z,,96,14,110
prometheus/prometheus,16790,2025-06-27T08:15:13Z,2025-06-30T09:38:19Z,1947,1130,3077
prometheus/prometheus,16789,2025-06-27T07:35:12Z,2025-06-27T21:17:46Z,2,2,4
prometheus/prometheus,16788,2025-06-26T21:55:15Z,2025-08-26T06:14:48Z,176,24,200
prometheus/prometheus,16787,2025-06-26T20:55:12Z,2025-06-27T03:28:42Z,15,15,30
prometheus/prometheus,16786,2025-06-26T20:50:38Z,,15,15,30
prometheus/prometheus,16784,2025-06-26T14:15:53Z,,1120,1272,2392
prometheus/prometheus,16783,2025-06-26T11:02:38Z,2025-06-27T11:34:08Z,11,1,12
prometheus/prometheus,16780,2025-06-25T19:11:34Z,,118,42,160
prometheus/prometheus,16778,2025-06-25T15:53:11Z,2025-06-30T13:19:45Z,56,15,71
prometheus/prometheus,16777,2025-06-25T15:40:20Z,2025-07-02T12:27:45Z,1223,488,1711
prometheus/prometheus,16776,2025-06-25T12:53:00Z,2025-06-25T16:18:45Z,351,69,420
prometheus/prometheus,16774,2025-06-24T17:18:21Z,,59,17,76
prometheus/prometheus,16773,2025-06-24T14:09:48Z,2025-06-27T12:57:12Z,218,64,282
prometheus/prometheus,16772,2025-06-24T11:22:32Z,,44,44,88
prometheus/prometheus,16771,2025-06-24T08:46:04Z,,584,70,654
prometheus/prometheus,16770,2025-06-23T20:27:19Z,,190,50,240
prometheus/prometheus,16769,2025-06-23T20:22:34Z,,32,29,61
prometheus/prometheus,16768,2025-06-23T20:09:14Z,,66,62,128
prometheus/prometheus,16765,2025-06-23T14:08:34Z,2025-06-24T11:20:07Z,278,237,515
prometheus/prometheus,16764,2025-06-23T13:17:31Z,2025-07-09T12:14:05Z,2,2,4
prometheus/prometheus,16763,2025-06-21T12:59:50Z,,61,1,62
prometheus/prometheus,16762,2025-06-20T14:36:33Z,2025-06-25T08:11:26Z,16,12,28
prometheus/prometheus,16760,2025-06-20T12:24:38Z,2025-06-20T13:09:02Z,86,86,172
prometheus/prometheus,16759,2025-06-20T11:48:12Z,2025-06-21T07:49:07Z,27,13,40
prometheus/prometheus,16757,2025-06-19T22:37:08Z,2025-06-24T19:52:55Z,8,2,10
prometheus/prometheus,16754,2025-06-19T13:18:56Z,2025-06-20T11:53:59Z,10,0,10
prometheus/prometheus,16753,2025-06-19T10:05:29Z,2025-06-19T12:05:35Z,21,3,24
prometheus/prometheus,16751,2025-06-18T15:58:48Z,2025-06-25T15:14:13Z,92,66,158
prometheus/prometheus,16745,2025-06-17T21:09:57Z,,72,4,76
prometheus/prometheus,16744,2025-06-17T17:50:45Z,2025-06-22T22:56:08Z,10,1,11
prometheus/prometheus,16743,2025-06-17T16:33:56Z,2025-06-23T15:42:38Z,121,0,121
prometheus/prometheus,16742,2025-06-17T16:05:07Z,2025-08-14T13:00:07Z,798,38,836
prometheus/prometheus,16740,2025-06-17T14:23:39Z,,17397,8578,25975
prometheus/prometheus,16739,2025-06-17T14:23:28Z,2025-06-17T14:38:33Z,1,1,2
prometheus/prometheus,16737,2025-06-17T09:25:10Z,2025-07-04T14:38:17Z,169,25,194
prometheus/prometheus,16735,2025-06-16T22:11:17Z,,145,20,165
prometheus/prometheus,16734,2025-06-16T19:58:16Z,2025-06-17T12:24:30Z,4,4,8
prometheus/prometheus,16733,2025-06-16T13:01:42Z,2025-06-17T07:18:31Z,9,1,10
prometheus/prometheus,16732,2025-06-16T09:54:34Z,,82,40,122
prometheus/prometheus,16731,2025-06-16T09:49:34Z,2025-07-28T14:34:55Z,2,1,3
prometheus/prometheus,16730,2025-06-16T07:33:28Z,2025-06-18T07:13:51Z,842,84,926
prometheus/prometheus,16728,2025-06-14T08:31:29Z,2025-12-15T08:31:17Z,57,1,58
prometheus/prometheus,16725,2025-06-13T09:19:54Z,2025-07-08T17:42:20Z,24,11,35
prometheus/prometheus,16724,2025-06-13T07:38:52Z,2025-06-25T11:37:43Z,167,29,196
prometheus/prometheus,16723,2025-06-12T13:55:44Z,2025-06-12T14:16:41Z,66,7,73
prometheus/prometheus,16722,2025-06-12T10:51:16Z,2025-06-12T17:40:18Z,151,3,154
prometheus/prometheus,16721,2025-06-12T03:46:09Z,2025-07-29T13:18:21Z,72,4,76
prometheus/prometheus,16720,2025-06-11T18:07:57Z,2025-06-12T13:52:36Z,173,19,192
prometheus/prometheus,16719,2025-06-11T17:25:37Z,,1826,1,1827
prometheus/prometheus,16718,2025-06-11T12:28:19Z,2025-06-11T13:09:57Z,75,3,78
prometheus/prometheus,16717,2025-06-11T07:35:26Z,2025-07-04T14:09:01Z,72,0,72
prometheus/prometheus,16716,2025-06-11T03:39:03Z,2025-07-02T08:02:17Z,66,41,107
prometheus/prometheus,16715,2025-06-10T19:47:00Z,2025-06-10T23:03:33Z,13,8,21
prometheus/prometheus,16713,2025-06-10T14:57:26Z,2025-06-16T09:13:35Z,482,204,686
prometheus/prometheus,16710,2025-06-10T09:50:31Z,2025-07-09T16:10:14Z,0,24,24
prometheus/prometheus,16709,2025-06-10T00:09:47Z,2025-06-11T20:06:46Z,21,17,38
prometheus/prometheus,16706,2025-06-08T19:53:24Z,,154,101,255
prometheus/prometheus,16705,2025-06-07T06:12:05Z,,532,2,534
prometheus/prometheus,16703,2025-06-06T19:51:43Z,,20,0,20
prometheus/prometheus,16702,2025-06-06T13:56:11Z,2025-06-18T11:02:55Z,2,8,10
prometheus/prometheus,16701,2025-06-06T12:59:42Z,,193,25,218
prometheus/prometheus,16699,2025-06-06T12:34:35Z,2025-06-06T15:04:53Z,27,0,27
prometheus/prometheus,16698,2025-06-06T09:53:57Z,,182,123,305
prometheus/prometheus,16697,2025-06-06T07:30:44Z,2025-06-10T13:05:23Z,6,6,12
prometheus/prometheus,16696,2025-06-05T22:01:48Z,,11,0,11
prometheus/prometheus,16695,2025-06-05T17:53:41Z,2025-07-31T16:15:49Z,151,2,153
prometheus/prometheus,16694,2025-06-05T03:21:36Z,,18,0,18
prometheus/prometheus,16693,2025-06-04T17:08:17Z,2025-06-04T20:52:39Z,27,0,27
prometheus/prometheus,16692,2025-06-04T15:27:50Z,2025-10-14T11:29:23Z,3,2,5
prometheus/prometheus,16691,2025-06-04T14:29:11Z,,4,0,4
prometheus/prometheus,16687,2025-06-04T07:28:38Z,2025-07-23T20:51:07Z,50,24,74
prometheus/prometheus,16686,2025-06-04T04:16:42Z,2025-06-18T21:53:47Z,103,48,151
prometheus/prometheus,16684,2025-06-03T18:47:04Z,2025-06-06T09:56:28Z,4,0,4
prometheus/prometheus,16683,2025-06-02T18:42:55Z,2025-06-03T10:39:21Z,5,5,10
prometheus/prometheus,16682,2025-06-02T13:20:29Z,2025-06-04T12:40:26Z,153,10,163
prometheus/prometheus,16680,2025-06-02T00:17:37Z,2025-07-11T09:53:55Z,1,1,2
prometheus/prometheus,16679,2025-06-02T00:17:36Z,2025-07-11T09:54:27Z,1,1,2
prometheus/prometheus,16678,2025-06-02T00:17:33Z,2025-07-11T09:56:37Z,3,3,6
prometheus/prometheus,16677,2025-06-02T00:17:31Z,2025-07-11T09:57:05Z,1,1,2
prometheus/prometheus,16676,2025-06-02T00:17:28Z,2025-07-11T09:56:20Z,1,1,2
prometheus/prometheus,16675,2025-06-02T00:17:26Z,,4,4,8
prometheus/prometheus,16674,2025-06-02T00:17:18Z,2025-07-11T09:55:00Z,1,1,2
prometheus/prometheus,16673,2025-06-01T23:19:16Z,,25,25,50
prometheus/prometheus,16672,2025-06-01T23:19:13Z,,66,27,93
prometheus/prometheus,16671,2025-06-01T23:19:08Z,,3,3,6
prometheus/prometheus,16670,2025-06-01T23:19:03Z,,3,3,6
prometheus/prometheus,16669,2025-06-01T23:18:58Z,,26,26,52
prometheus/prometheus,16668,2025-06-01T23:18:54Z,,23,23,46
prometheus/prometheus,16667,2025-06-01T23:18:45Z,,3,3,6
prometheus/prometheus,16666,2025-06-01T23:18:40Z,,41,39,80
prometheus/prometheus,16665,2025-06-01T23:18:32Z,,24,24,48
prometheus/prometheus,16664,2025-06-01T23:18:28Z,,3,3,6
prometheus/prometheus,16663,2025-06-01T23:18:25Z,,3,3,6
prometheus/prometheus,16662,2025-06-01T23:18:21Z,,81,78,159
prometheus/prometheus,16661,2025-06-01T23:17:50Z,,3,3,6
prometheus/prometheus,16660,2025-06-01T23:17:46Z,,9,3,12
prometheus/prometheus,16659,2025-06-01T23:17:35Z,,3,3,6
prometheus/prometheus,16658,2025-06-01T23:17:30Z,,3,3,6
prometheus/prometheus,16657,2025-06-01T23:17:27Z,,7,7,14
prometheus/prometheus,16656,2025-06-01T23:17:20Z,,6,6,12
prometheus/prometheus,16655,2025-06-01T23:17:17Z,,147,145,292
prometheus/prometheus,16654,2025-06-01T12:46:33Z,2025-10-23T07:56:44Z,62,0,62
prometheus/prometheus,16653,2025-05-31T10:50:54Z,2025-06-04T16:06:12Z,19,15,34
prometheus/prometheus,16652,2025-05-30T22:24:17Z,2025-05-31T06:41:19Z,18,14,32
prometheus/prometheus,16648,2025-05-29T07:36:55Z,2025-05-30T08:28:37Z,8,6,14
prometheus/prometheus,16643,2025-05-28T19:38:53Z,2025-06-02T11:40:03Z,39,88,127
prometheus/prometheus,16642,2025-05-28T15:48:40Z,2025-06-04T16:04:32Z,7,6,13
prometheus/prometheus,16640,2025-05-27T15:15:24Z,2025-05-27T15:32:00Z,3,3,6
prometheus/prometheus,16637,2025-05-27T09:13:20Z,2025-11-11T12:47:37Z,33,7,40
prometheus/prometheus,16635,2025-05-27T06:25:29Z,2025-05-28T16:21:59Z,39,1,40
prometheus/prometheus,16633,2025-05-27T03:56:23Z,2025-05-27T14:21:17Z,124,8,132
prometheus/prometheus,16632,2025-05-26T23:11:38Z,2025-06-06T13:01:21Z,108,7,115
prometheus/prometheus,16630,2025-05-25T12:33:53Z,2025-07-25T11:53:13Z,257,65,322
prometheus/prometheus,16629,2025-05-23T03:59:58Z,,668,0,668
prometheus/prometheus,16628,2025-05-22T19:59:05Z,,182,0,182
prometheus/prometheus,16626,2025-05-22T14:41:56Z,2025-05-29T12:24:02Z,44,12,56
prometheus/prometheus,16625,2025-05-22T07:56:30Z,2025-05-24T12:25:39Z,2,2,4
prometheus/prometheus,16623,2025-05-21T21:57:36Z,2025-05-27T03:24:48Z,95,6,101
prometheus/prometheus,16619,2025-05-20T16:56:58Z,2025-07-09T22:33:20Z,49,5,54
prometheus/prometheus,16617,2025-05-20T06:37:05Z,2025-05-27T12:42:50Z,13,48,61
prometheus/prometheus,16616,2025-05-19T14:45:48Z,2025-07-17T08:28:30Z,0,0,0
prometheus/prometheus,16614,2025-05-19T09:57:19Z,,1,1,2
prometheus/prometheus,16613,2025-05-19T05:20:37Z,,2044,1261,3305
prometheus/prometheus,16611,2025-05-17T11:39:42Z,,175,148,323
prometheus/prometheus,16609,2025-05-17T06:49:47Z,2025-05-17T08:04:22Z,29,16,45
prometheus/prometheus,16608,2025-05-16T22:55:25Z,2025-05-17T08:35:27Z,2,4,6
prometheus/prometheus,16607,2025-05-16T19:05:22Z,2025-05-19T08:55:42Z,1,1,2
prometheus/prometheus,16605,2025-05-16T15:51:47Z,2025-05-19T21:22:25Z,234,99,333
prometheus/prometheus,16604,2025-05-16T09:11:36Z,2025-05-16T12:17:18Z,28,19,47
prometheus/prometheus,16603,2025-05-16T08:45:56Z,2025-05-16T09:03:07Z,2,2,4
prometheus/prometheus,16602,2025-05-16T08:10:19Z,2025-05-16T09:05:36Z,11,3,14
prometheus/prometheus,16601,2025-05-15T23:29:30Z,2025-05-26T16:29:34Z,59,0,59
prometheus/prometheus,16600,2025-05-15T18:55:51Z,2025-05-17T06:40:29Z,13,13,26
prometheus/prometheus,16597,2025-05-13T13:39:59Z,2025-05-13T15:05:14Z,228,145,373
prometheus/prometheus,16595,2025-05-13T10:52:05Z,2025-06-09T14:01:35Z,38,20,58
prometheus/prometheus,16594,2025-05-12T11:37:51Z,,2,0,2
prometheus/prometheus,16593,2025-05-11T11:35:32Z,2025-08-21T08:14:41Z,75,53,128
prometheus/prometheus,16590,2025-05-10T12:32:21Z,2025-05-12T10:17:19Z,7,7,14
prometheus/prometheus,16589,2025-05-10T12:21:22Z,2025-05-12T08:39:58Z,267,258,525
prometheus/prometheus,16588,2025-05-09T15:48:27Z,,1316,739,2055
prometheus/prometheus,16587,2025-05-09T14:49:02Z,2025-05-19T09:09:49Z,4,4,8
prometheus/prometheus,16585,2025-05-08T15:45:38Z,2025-07-10T13:45:38Z,663,215,878
prometheus/prometheus,16569,2025-05-07T14:01:52Z,2025-06-06T22:16:20Z,113,87,200
prometheus/prometheus,16567,2025-05-07T13:30:25Z,2025-05-31T14:53:58Z,15,3,18
prometheus/prometheus,16566,2025-05-07T12:54:21Z,2025-06-05T14:45:38Z,36,42,78
prometheus/prometheus,16565,2025-05-07T12:30:22Z,2025-05-20T07:13:12Z,120,41,161
prometheus/prometheus,16563,2025-05-07T10:43:32Z,2025-05-19T14:31:57Z,1,1,2
prometheus/prometheus,16562,2025-05-07T05:21:38Z,2025-06-18T21:57:40Z,641,0,641
prometheus/prometheus,16561,2025-05-06T15:47:15Z,2025-05-21T14:16:06Z,80,44,124
prometheus/prometheus,16560,2025-05-06T11:40:17Z,2025-05-06T18:09:43Z,5,5,10
prometheus/prometheus,16559,2025-05-05T21:16:19Z,,551,111,662
prometheus/prometheus,16558,2025-05-05T20:58:33Z,2025-05-13T21:34:08Z,15,17,32
prometheus/prometheus,16556,2025-05-05T17:58:51Z,2025-05-06T11:35:28Z,7,7,14
prometheus/prometheus,16554,2025-05-05T12:27:50Z,2025-05-06T05:50:06Z,1,1,2
prometheus/prometheus,16552,2025-05-05T06:24:03Z,2025-05-08T07:28:14Z,32,1,33
prometheus/prometheus,16550,2025-05-04T20:10:06Z,,380,0,380
prometheus/prometheus,16547,2025-05-04T07:33:58Z,,3,5,8
prometheus/prometheus,16546,2025-05-03T18:54:50Z,,197,98,295
prometheus/prometheus,16545,2025-05-03T18:18:25Z,2025-05-04T09:17:22Z,4,12,16
prometheus/prometheus,16544,2025-05-02T20:23:15Z,2025-05-06T13:45:16Z,177,0,177
prometheus/prometheus,16540,2025-05-02T00:16:08Z,2025-05-04T09:21:22Z,33,33,66
prometheus/prometheus,16539,2025-05-02T00:15:03Z,2025-05-04T09:29:19Z,9,9,18
prometheus/prometheus,16538,2025-05-02T00:14:49Z,2025-05-04T09:19:37Z,3,3,6
prometheus/prometheus,16537,2025-05-02T00:14:28Z,2025-05-04T08:32:56Z,65,65,130
prometheus/prometheus,16536,2025-05-02T00:14:14Z,2025-05-04T09:19:08Z,3,3,6
prometheus/prometheus,16535,2025-05-02T00:14:06Z,2025-05-04T09:21:46Z,4,4,8
prometheus/prometheus,16534,2025-05-02T00:13:46Z,,96,86,182
prometheus/prometheus,16533,2025-05-02T00:13:06Z,2025-05-04T09:50:04Z,1,1,2
prometheus/prometheus,16532,2025-05-01T20:32:22Z,2025-05-11T13:16:15Z,72,134,206
prometheus/prometheus,16530,2025-05-01T15:18:30Z,2025-05-26T15:38:09Z,53,3,56
prometheus/prometheus,16529,2025-05-01T15:14:39Z,2025-05-02T07:08:32Z,1,0,1
prometheus/prometheus,16528,2025-04-30T19:34:28Z,,53,13,66
prometheus/prometheus,16526,2025-04-30T09:31:23Z,2025-04-30T18:46:26Z,8,8,16
prometheus/prometheus,16523,2025-04-30T02:44:32Z,2025-05-09T06:27:10Z,22,48,70
prometheus/prometheus,16522,2025-04-29T21:14:40Z,2025-07-06T22:00:51Z,199,10,209
prometheus/prometheus,16521,2025-04-29T17:01:16Z,2025-06-24T14:02:17Z,10,5,15
prometheus/prometheus,16520,2025-04-29T15:47:49Z,,21,19,40
prometheus/prometheus,16519,2025-04-29T15:22:24Z,2025-04-30T10:29:34Z,2,1,3
prometheus/prometheus,16517,2025-04-29T10:58:31Z,2025-05-02T17:25:54Z,29,16,45
prometheus/prometheus,16516,2025-04-29T10:07:51Z,2025-04-29T10:12:34Z,0,2,2
prometheus/prometheus,16512,2025-04-28T15:09:57Z,2025-04-30T10:01:31Z,18,6,24
prometheus/prometheus,16509,2025-04-27T21:21:41Z,,161,198,359
prometheus/prometheus,16508,2025-04-27T21:21:31Z,2025-04-28T21:58:22Z,6,6,12
prometheus/prometheus,16507,2025-04-27T21:21:28Z,2025-04-28T21:30:54Z,3,3,6
prometheus/prometheus,16506,2025-04-27T21:21:21Z,2025-04-28T08:26:18Z,3,3,6
prometheus/prometheus,16505,2025-04-27T21:21:17Z,2025-04-28T21:54:09Z,6,6,12
prometheus/prometheus,16504,2025-04-27T21:21:13Z,,9,9,18
prometheus/prometheus,16503,2025-04-27T21:21:07Z,2025-04-28T08:27:33Z,3,3,6
prometheus/prometheus,16502,2025-04-27T21:20:59Z,2025-04-28T21:53:52Z,9,9,18
prometheus/prometheus,16501,2025-04-27T21:20:52Z,2025-04-28T08:28:39Z,3,3,6
prometheus/prometheus,16500,2025-04-27T21:20:49Z,2025-04-28T20:27:01Z,3,3,6
prometheus/prometheus,16499,2025-04-27T21:20:44Z,2025-04-28T21:52:38Z,3,3,6
prometheus/prometheus,16498,2025-04-27T21:20:39Z,2025-04-28T08:34:07Z,16,16,32
prometheus/prometheus,16497,2025-04-27T21:20:28Z,2025-04-28T08:32:00Z,8,3,11
prometheus/prometheus,16496,2025-04-27T21:20:18Z,2025-04-28T08:32:34Z,3,3,6
prometheus/prometheus,16495,2025-04-27T21:20:07Z,,51,51,102
prometheus/prometheus,16494,2025-04-27T20:52:27Z,2025-04-27T21:15:16Z,3,3,6
prometheus/prometheus,16493,2025-04-27T20:46:16Z,2025-04-29T15:19:23Z,815,803,1618
prometheus/prometheus,16491,2025-04-27T15:55:44Z,2025-05-01T07:35:25Z,33,27,60
prometheus/prometheus,16488,2025-04-25T20:13:21Z,,44,0,44
prometheus/prometheus,16487,2025-04-25T18:32:09Z,2025-04-27T13:59:33Z,3,2,5
prometheus/prometheus,16484,2025-04-25T15:34:59Z,,202,10,212
prometheus/prometheus,16483,2025-04-25T14:14:35Z,2025-10-15T07:34:06Z,8,1,9
prometheus/prometheus,16481,2025-04-24T23:50:27Z,2025-04-25T07:27:22Z,1,1,2
prometheus/prometheus,16480,2025-04-24T21:52:47Z,2025-04-25T07:27:58Z,1,1,2
prometheus/prometheus,16478,2025-04-24T06:40:41Z,2025-05-08T10:02:10Z,102,10,112
prometheus/prometheus,16477,2025-04-23T15:54:42Z,,94,23,117
prometheus/prometheus,16476,2025-04-23T10:07:54Z,,8,0,8
prometheus/prometheus,16472,2025-04-23T07:25:35Z,2025-04-23T09:18:33Z,48,14,62
prometheus/prometheus,16470,2025-04-22T18:09:40Z,2025-04-23T14:15:18Z,10,0,10
prometheus/prometheus,16467,2025-04-22T14:20:06Z,,16,0,16
prometheus/prometheus,16465,2025-04-22T08:45:20Z,,16,0,16
prometheus/prometheus,16463,2025-04-22T06:09:33Z,,35,21,56
prometheus/prometheus,16462,2025-04-21T21:14:17Z,,96,0,96
prometheus/prometheus,16461,2025-04-20T23:14:05Z,,174,7,181
prometheus/prometheus,16460,2025-04-19T14:36:02Z,2025-04-22T13:57:16Z,1,0,1
prometheus/prometheus,16457,2025-04-18T10:42:37Z,2025-09-25T09:34:59Z,1689,589,2278
prometheus/prometheus,16452,2025-04-17T20:09:59Z,2025-05-06T07:29:31Z,145,35,180
prometheus/prometheus,16451,2025-04-17T19:26:21Z,2025-04-20T09:17:03Z,25,69,94
prometheus/prometheus,16449,2025-04-17T18:08:37Z,2025-04-17T23:12:17Z,3,3,6
prometheus/prometheus,16447,2025-04-17T11:29:40Z,2025-04-17T13:40:13Z,4,4,8
prometheus/prometheus,16444,2025-04-17T09:32:41Z,2025-04-24T12:48:58Z,22,12,34
prometheus/prometheus,16443,2025-04-17T05:29:31Z,2025-04-17T09:29:45Z,32,6,38
prometheus/prometheus,16441,2025-04-16T18:56:17Z,2025-04-22T16:13:31Z,186,16,202
prometheus/prometheus,16440,2025-04-16T17:14:26Z,2025-04-22T14:59:03Z,27,21,48
prometheus/prometheus,16438,2025-04-16T14:54:01Z,2025-04-17T09:07:10Z,8,7,15
prometheus/prometheus,16437,2025-04-15T20:03:17Z,2025-04-22T12:59:54Z,15,1,16
prometheus/prometheus,16436,2025-04-15T16:54:28Z,2025-05-02T09:49:28Z,25,26,51
prometheus/prometheus,16435,2025-04-15T15:27:55Z,,70,0,70
prometheus/prometheus,16434,2025-04-15T14:13:55Z,2025-05-02T14:58:25Z,99,49,148
prometheus/prometheus,16433,2025-04-15T12:46:43Z,2025-04-16T14:43:30Z,2,1,3
prometheus/prometheus,16432,2025-04-15T12:44:38Z,2025-04-15T15:35:45Z,0,4,4
prometheus/prometheus,16431,2025-04-15T10:44:35Z,2025-04-15T13:25:17Z,21,25,46
prometheus/prometheus,16429,2025-04-14T15:32:02Z,2025-09-02T09:41:07Z,326,21,347
prometheus/prometheus,16426,2025-04-13T09:30:24Z,2025-05-26T16:15:01Z,251,22,273
prometheus/prometheus,16425,2025-04-12T13:37:58Z,2025-07-15T07:37:24Z,78,4,82
prometheus/prometheus,16423,2025-04-11T10:17:09Z,2025-07-06T10:57:19Z,13,0,13
prometheus/prometheus,16421,2025-04-10T17:24:31Z,2025-05-24T13:01:49Z,23,13,36
prometheus/prometheus,16420,2025-04-10T17:16:33Z,,32,13,45
prometheus/prometheus,16417,2025-04-09T14:59:43Z,2025-06-18T18:11:24Z,554,0,554
prometheus/prometheus,16416,2025-04-09T13:28:51Z,2025-04-09T14:46:33Z,17,14,31
prometheus/prometheus,16413,2025-04-09T03:47:41Z,2025-04-09T09:25:54Z,94,418,512
prometheus/prometheus,16410,2025-04-08T17:39:13Z,,2,2,4
prometheus/prometheus,16409,2025-04-08T13:46:46Z,2025-04-09T10:39:18Z,79,18,97
prometheus/prometheus,16408,2025-04-07T18:20:58Z,2025-04-11T08:17:45Z,6,1,7
prometheus/prometheus,16407,2025-04-07T18:11:59Z,2025-04-08T08:04:23Z,6,0,6
prometheus/prometheus,16404,2025-04-05T19:22:07Z,2025-05-11T13:40:31Z,186,53,239
prometheus/prometheus,16403,2025-04-05T18:09:19Z,2025-04-09T15:29:03Z,62,2,64
prometheus/prometheus,16402,2025-04-05T17:27:46Z,,193,81,274
prometheus/prometheus,16401,2025-04-05T09:59:57Z,2025-06-17T13:41:14Z,907,1,908
prometheus/prometheus,16398,2025-04-03T06:53:56Z,2025-04-04T07:45:53Z,541,391,932
prometheus/prometheus,16397,2025-04-03T06:35:22Z,,27,1,28
prometheus/prometheus,16395,2025-04-02T15:36:59Z,2025-05-01T07:58:12Z,114,10,124
prometheus/prometheus,16394,2025-04-02T11:45:49Z,,163,117,280
prometheus/prometheus,16393,2025-04-02T11:43:57Z,,58,29,87
prometheus/prometheus,16392,2025-04-02T11:14:11Z,,15,20,35
prometheus/prometheus,16391,2025-04-02T10:41:36Z,2025-04-03T09:52:14Z,93,91,184
prometheus/prometheus,16390,2025-04-02T10:15:13Z,2025-04-02T15:48:34Z,25,16,41
prometheus/prometheus,16388,2025-04-02T08:21:24Z,2025-04-02T08:44:47Z,1,0,1
prometheus/prometheus,16386,2025-04-02T00:05:22Z,,1,1,2
prometheus/prometheus,16385,2025-04-02T00:05:19Z,,1,1,2
prometheus/prometheus,16384,2025-04-02T00:05:17Z,2025-04-17T11:05:31Z,4,4,8
prometheus/prometheus,16383,2025-04-01T23:31:19Z,2025-04-17T11:05:53Z,34,32,66
prometheus/prometheus,16382,2025-04-01T23:31:08Z,2025-04-17T12:49:48Z,3,3,6
prometheus/prometheus,16381,2025-04-01T23:31:03Z,2025-04-17T15:12:20Z,3,3,6
prometheus/prometheus,16380,2025-04-01T23:30:59Z,2025-04-17T18:06:06Z,51,51,102
prometheus/prometheus,16379,2025-04-01T23:30:38Z,,3,3,6
prometheus/prometheus,16378,2025-04-01T23:30:35Z,2025-04-17T17:14:53Z,3,3,6
prometheus/prometheus,16377,2025-04-01T23:30:31Z,2025-04-17T15:12:03Z,3,3,6
prometheus/prometheus,16376,2025-04-01T23:30:20Z,2025-04-17T18:06:28Z,3,3,6
prometheus/prometheus,16375,2025-04-01T23:30:14Z,2025-04-17T15:11:40Z,3,3,6
prometheus/prometheus,16374,2025-04-01T23:30:13Z,2025-04-17T15:13:20Z,3,3,6
prometheus/prometheus,16373,2025-04-01T23:30:06Z,2025-04-17T23:35:41Z,15,15,30
prometheus/prometheus,16372,2025-04-01T23:29:59Z,2025-04-17T17:14:09Z,61,52,113
prometheus/prometheus,16370,2025-04-01T14:16:25Z,2025-04-01T14:38:21Z,3,3,6
prometheus/prometheus,16369,2025-04-01T14:16:18Z,2025-04-01T14:36:55Z,7,7,14
prometheus/prometheus,16368,2025-04-01T14:07:44Z,2025-05-03T17:05:13Z,178,208,386
prometheus/prometheus,16366,2025-04-01T08:38:49Z,,1,0,1
prometheus/prometheus,16365,2025-04-01T08:03:58Z,2025-05-20T18:33:25Z,40,29,69
prometheus/prometheus,16362,2025-03-31T15:46:57Z,2025-03-31T17:20:29Z,1,0,1
prometheus/prometheus,16361,2025-03-31T15:41:42Z,2025-03-31T17:19:46Z,1,1,2
prometheus/prometheus,16360,2025-03-31T15:38:41Z,2025-04-23T12:58:02Z,615,52,667
prometheus/prometheus,16359,2025-03-31T15:36:44Z,2025-03-31T17:19:03Z,11,5,16
prometheus/prometheus,16356,2025-03-31T06:03:41Z,2025-04-02T11:05:31Z,174,143,317
prometheus/prometheus,16355,2025-03-31T03:10:54Z,2026-01-20T09:33:08Z,1174,435,1609
prometheus/prometheus,16354,2025-03-30T23:20:36Z,,13,22,35
prometheus/prometheus,16353,2025-03-30T21:19:20Z,,2876,91,2967
prometheus/prometheus,16352,2025-03-30T19:28:21Z,2025-04-15T23:00:19Z,12,0,12
prometheus/prometheus,16351,2025-03-30T16:16:56Z,,56,3,59
prometheus/prometheus,16350,2025-03-30T10:03:14Z,2025-04-01T14:14:07Z,3,3,6
prometheus/prometheus,16348,2025-03-29T11:50:41Z,2025-03-29T14:16:58Z,25,21,46
prometheus/prometheus,16347,2025-03-29T11:20:17Z,2025-03-29T11:46:47Z,3,3,6
prometheus/prometheus,16346,2025-03-29T11:20:14Z,2025-03-29T11:43:04Z,7,7,14
prometheus/prometheus,16345,2025-03-29T02:51:30Z,2025-03-29T11:18:46Z,3,3,6
prometheus/prometheus,16343,2025-03-28T16:34:49Z,2025-03-28T17:51:05Z,34,23,57
prometheus/prometheus,16342,2025-03-28T15:42:39Z,2025-03-28T16:49:05Z,9,4,13
prometheus/prometheus,16341,2025-03-28T15:42:37Z,2025-03-28T16:55:38Z,7,8,15
prometheus/prometheus,16340,2025-03-28T14:37:54Z,2025-04-07T14:41:42Z,169,144,313
prometheus/prometheus,16339,2025-03-28T14:35:07Z,,273,9,282
prometheus/prometheus,16336,2025-03-27T14:06:56Z,2025-03-31T04:05:14Z,2,1,3
prometheus/prometheus,16335,2025-03-27T11:56:45Z,2025-03-27T20:04:30Z,17,10,27
prometheus/prometheus,16333,2025-03-27T10:08:03Z,2025-04-17T11:15:12Z,159,65,224
prometheus/prometheus,16332,2025-03-27T09:15:43Z,2025-07-09T13:37:56Z,53,0,53
prometheus/prometheus,16330,2025-03-26T22:56:56Z,,1033,613,1646
prometheus/prometheus,16329,2025-03-26T16:57:15Z,2025-04-17T11:06:08Z,24,2,26
prometheus/prometheus,16328,2025-03-26T14:53:46Z,2025-03-27T11:21:00Z,5,15,20
prometheus/prometheus,16327,2025-03-26T14:16:24Z,,0,0,0
prometheus/prometheus,16326,2025-03-26T12:50:34Z,,74,0,74
prometheus/prometheus,16324,2025-03-26T07:55:07Z,,119,0,119
prometheus/prometheus,16323,2025-03-25T19:09:32Z,2025-03-26T11:29:36Z,0,4,4
prometheus/prometheus,16322,2025-03-25T15:47:49Z,2025-03-26T10:19:47Z,2,2,4
prometheus/prometheus,16320,2025-03-25T14:36:41Z,2025-03-25T14:40:06Z,7,23,30
prometheus/prometheus,16319,2025-03-25T13:56:23Z,2025-03-25T14:22:36Z,3,1,4
prometheus/prometheus,16313,2025-03-24T09:56:39Z,2025-03-27T20:49:11Z,3,3,6
prometheus/prometheus,16312,2025-03-24T09:56:12Z,2025-03-27T21:06:20Z,1,1,2
prometheus/prometheus,16311,2025-03-24T09:56:10Z,2025-03-27T20:49:23Z,1,1,2
prometheus/prometheus,16310,2025-03-24T09:56:07Z,2025-03-27T20:49:29Z,2,2,4
prometheus/prometheus,16309,2025-03-24T09:56:03Z,2025-03-27T21:27:20Z,3,3,6
prometheus/prometheus,16307,2025-03-23T13:16:23Z,2025-03-24T09:55:01Z,0,20,20
prometheus/prometheus,16306,2025-03-22T13:08:39Z,2025-03-23T10:16:21Z,5,5,10
prometheus/prometheus,16305,2025-03-22T13:07:57Z,2025-03-23T10:16:31Z,6,5,11
prometheus/prometheus,16304,2025-03-22T13:07:39Z,2025-03-23T11:49:51Z,8,7,15
prometheus/prometheus,16303,2025-03-22T13:07:13Z,2025-03-22T16:52:43Z,3,3,6
prometheus/prometheus,16302,2025-03-22T13:07:10Z,2025-03-22T15:45:21Z,3,3,6
prometheus/prometheus,16301,2025-03-22T13:07:08Z,2025-03-22T15:50:21Z,3,3,6
prometheus/prometheus,16300,2025-03-22T13:07:06Z,2025-03-22T15:43:23Z,3,3,6
prometheus/prometheus,16299,2025-03-22T13:06:58Z,2025-03-22T15:43:31Z,3,3,6
prometheus/prometheus,16298,2025-03-22T13:06:53Z,2025-03-22T15:43:38Z,3,3,6
prometheus/prometheus,16297,2025-03-22T13:06:48Z,2025-03-23T12:07:35Z,8,7,15
prometheus/prometheus,16296,2025-03-22T13:06:48Z,2025-03-22T16:26:42Z,6,6,12
prometheus/prometheus,16295,2025-03-22T13:06:41Z,2025-03-22T15:44:03Z,6,6,12
prometheus/prometheus,16294,2025-03-22T13:06:40Z,2025-03-23T10:17:37Z,6,5,11
prometheus/prometheus,16293,2025-03-22T13:06:37Z,2025-03-22T15:44:25Z,15,15,30
prometheus/prometheus,16292,2025-03-22T13:06:30Z,2025-03-22T16:30:25Z,3,3,6
prometheus/prometheus,16291,2025-03-22T13:06:27Z,2025-03-22T17:56:43Z,33,23,56
prometheus/prometheus,16290,2025-03-22T13:06:07Z,2025-03-23T10:18:11Z,6,6,12
prometheus/prometheus,16289,2025-03-22T13:05:58Z,,3,3,6
prometheus/prometheus,16288,2025-03-22T13:05:56Z,2025-03-23T10:17:48Z,6,5,11
prometheus/prometheus,16287,2025-03-22T13:05:54Z,,3,3,6
prometheus/prometheus,16286,2025-03-22T13:05:50Z,2025-03-22T15:45:36Z,3,3,6
prometheus/prometheus,16285,2025-03-22T13:05:47Z,2025-03-22T16:45:04Z,3,3,6
prometheus/prometheus,16284,2025-03-22T13:05:46Z,2025-03-23T11:30:40Z,6,5,11
prometheus/prometheus,16283,2025-03-22T13:05:41Z,2025-03-22T15:44:45Z,118,108,226
prometheus/prometheus,16282,2025-03-22T13:05:39Z,2025-03-23T10:58:24Z,6,5,11
prometheus/prometheus,16281,2025-03-22T13:05:37Z,2025-03-23T10:18:31Z,5,5,10
prometheus/prometheus,16280,2025-03-22T13:05:32Z,2025-03-23T10:18:48Z,6,5,11
prometheus/prometheus,16279,2025-03-22T13:05:25Z,2025-03-23T12:12:04Z,141,383,524
prometheus/prometheus,16278,2025-03-22T13:05:24Z,2025-03-23T10:20:33Z,5,5,10
prometheus/prometheus,16277,2025-03-22T13:05:17Z,2025-03-23T12:07:40Z,13,11,24
prometheus/prometheus,16276,2025-03-22T13:05:13Z,2025-03-23T10:20:48Z,5,5,10
prometheus/prometheus,16275,2025-03-22T13:05:08Z,2025-03-23T10:20:55Z,11,9,20
prometheus/prometheus,16274,2025-03-22T13:05:00Z,2025-03-23T10:21:03Z,8,7,15
prometheus/prometheus,16273,2025-03-22T13:04:53Z,2025-03-23T10:21:09Z,6,5,11
prometheus/prometheus,16272,2025-03-22T13:04:50Z,2025-03-23T10:21:16Z,6,5,11
prometheus/prometheus,16271,2025-03-22T13:04:46Z,2025-03-23T11:49:06Z,5,5,10
prometheus/prometheus,16270,2025-03-22T13:04:42Z,2025-03-23T11:36:48Z,5,5,10
prometheus/prometheus,16269,2025-03-22T13:04:37Z,2025-03-23T11:30:22Z,18,12,30
prometheus/prometheus,16268,2025-03-22T13:04:37Z,2025-03-22T16:47:40Z,46,42,88
prometheus/prometheus,16267,2025-03-22T13:04:30Z,2025-03-23T10:22:14Z,6,5,11
prometheus/prometheus,16266,2025-03-22T13:04:27Z,2025-03-23T10:22:29Z,5,5,10
prometheus/prometheus,16265,2025-03-22T13:04:24Z,2025-03-22T16:50:04Z,1,1,2
prometheus/prometheus,16264,2025-03-22T13:04:21Z,,60,93,153
prometheus/prometheus,16263,2025-03-22T13:04:19Z,2025-03-23T10:39:30Z,7,6,13
prometheus/prometheus,16262,2025-03-22T13:04:14Z,2025-03-22T17:40:11Z,8,8,16
prometheus/prometheus,16261,2025-03-22T13:04:10Z,2025-03-22T16:50:18Z,1,1,2
prometheus/prometheus,16260,2025-03-22T13:04:08Z,2025-03-22T17:40:03Z,4,4,8
prometheus/prometheus,16259,2025-03-22T13:04:00Z,2025-03-22T16:50:29Z,1,1,2
prometheus/prometheus,16258,2025-03-22T13:03:59Z,2025-03-22T17:39:25Z,1,1,2
prometheus/prometheus,16257,2025-03-21T19:35:04Z,2025-08-19T15:43:47Z,93,36,129
prometheus/prometheus,16256,2025-03-21T16:22:09Z,,80,141,221
prometheus/prometheus,16254,2025-03-21T12:56:53Z,2025-03-24T14:22:19Z,20,3,23
prometheus/prometheus,16253,2025-03-21T07:33:26Z,2025-03-27T11:17:35Z,1,9,10
prometheus/prometheus,16252,2025-03-20T20:43:21Z,2025-03-20T22:58:32Z,7,7,14
prometheus/prometheus,16251,2025-03-20T16:45:58Z,,4,0,4
prometheus/prometheus,16250,2025-03-20T16:09:11Z,2025-03-20T17:43:22Z,60,57,117
prometheus/prometheus,16249,2025-03-20T12:33:27Z,2025-04-22T08:17:41Z,1888,529,2417
prometheus/prometheus,16246,2025-03-20T07:33:44Z,2025-03-22T12:55:31Z,1,1,2
prometheus/prometheus,16245,2025-03-20T06:25:03Z,2025-03-22T15:46:14Z,81,142,223
prometheus/prometheus,16242,2025-03-19T20:27:52Z,2025-03-20T14:09:01Z,3,4,7
prometheus/prometheus,16241,2025-03-19T17:58:10Z,2025-03-22T13:03:17Z,14,17,31
prometheus/prometheus,16240,2025-03-19T17:33:32Z,2025-03-20T15:13:26Z,29,835,864
prometheus/prometheus,16239,2025-03-19T17:08:48Z,2025-03-19T21:19:09Z,453,34,487
prometheus/prometheus,16237,2025-03-19T12:32:07Z,2025-03-19T15:28:34Z,4,4,8
prometheus/prometheus,16236,2025-03-18T21:44:58Z,2025-03-19T15:27:25Z,12,72,84
prometheus/prometheus,16234,2025-03-18T17:35:50Z,2025-03-18T17:52:50Z,16,3,19
prometheus/prometheus,16233,2025-03-18T16:09:39Z,,2,1,3
prometheus/prometheus,16232,2025-03-18T16:00:37Z,2025-03-19T07:58:08Z,5,0,5
prometheus/prometheus,16231,2025-03-18T15:41:35Z,2025-03-19T20:15:51Z,46,3,49
prometheus/prometheus,16230,2025-03-18T15:40:16Z,,113194,39274,152468
prometheus/prometheus,16229,2025-03-18T13:31:22Z,2025-03-18T14:26:06Z,19,14,33
prometheus/prometheus,16228,2025-03-18T12:23:12Z,2025-05-17T09:37:25Z,2384,597,2981
prometheus/prometheus,16226,2025-03-17T22:54:16Z,2025-04-01T08:35:03Z,582,479,1061
prometheus/prometheus,16225,2025-03-17T21:30:51Z,2025-03-18T15:34:44Z,1,0,1
prometheus/prometheus,16224,2025-03-17T21:16:12Z,2025-03-18T17:49:27Z,11,6,17
prometheus/prometheus,16221,2025-03-17T19:31:45Z,2025-03-18T18:23:56Z,3,0,3
prometheus/prometheus,16220,2025-03-17T18:12:31Z,2025-03-18T13:15:27Z,44,7,51
prometheus/prometheus,16219,2025-03-17T17:14:54Z,,35,792,827
prometheus/prometheus,16218,2025-03-17T13:08:20Z,2025-03-17T14:57:56Z,178,4,182
prometheus/prometheus,16216,2025-03-17T08:12:14Z,,24,22,46
prometheus/prometheus,16215,2025-03-16T18:31:39Z,,22,13,35
prometheus/prometheus,16214,2025-03-15T14:21:05Z,2025-03-28T18:15:59Z,2,1,3
prometheus/prometheus,16213,2025-03-14T11:06:17Z,2025-03-14T17:33:13Z,13,0,13
prometheus/prometheus,16211,2025-03-13T23:20:57Z,2025-03-18T11:43:44Z,1,1,2
prometheus/prometheus,16210,2025-03-13T18:43:27Z,2025-03-13T19:42:43Z,13,8,21
prometheus/prometheus,16207,2025-03-12T16:10:05Z,2025-03-18T10:59:03Z,18,110,128
prometheus/prometheus,16205,2025-03-12T10:03:09Z,2025-03-12T14:25:50Z,0,3,3
prometheus/prometheus,16204,2025-03-12T08:34:20Z,2025-03-12T11:22:34Z,2,1,3
prometheus/prometheus,16202,2025-03-12T07:18:42Z,,9,13,22
prometheus/prometheus,16200,2025-03-12T01:34:09Z,2025-05-27T12:40:09Z,3,1,4
prometheus/prometheus,16199,2025-03-12T00:08:54Z,2025-03-13T14:06:17Z,11,2,13
prometheus/prometheus,16198,2025-03-11T06:18:55Z,,4,4,8
prometheus/prometheus,16197,2025-03-10T17:54:09Z,2025-03-11T10:49:52Z,8,7,15
prometheus/prometheus,16196,2025-03-10T15:17:21Z,2025-03-12T15:10:54Z,1,1,2
prometheus/prometheus,16195,2025-03-10T14:24:58Z,2025-03-18T16:40:27Z,68,30,98
prometheus/prometheus,16194,2025-03-10T13:34:58Z,2025-03-26T12:44:25Z,44,15,59
prometheus/prometheus,16192,2025-03-08T18:08:03Z,,90,3,93
prometheus/prometheus,16190,2025-03-08T11:29:30Z,2025-03-10T14:25:22Z,2,6,8
prometheus/prometheus,16189,2025-03-08T11:05:04Z,2025-03-23T11:41:48Z,1,1,2
prometheus/prometheus,16188,2025-03-07T15:36:13Z,,6,5,11
prometheus/prometheus,16187,2025-03-07T13:09:00Z,2025-03-23T10:58:58Z,11,9,20
prometheus/prometheus,16186,2025-03-07T13:00:42Z,2025-03-07T14:30:07Z,253,192,445
prometheus/prometheus,16185,2025-03-07T13:00:25Z,,8,7,15
prometheus/prometheus,16184,2025-03-07T13:00:19Z,2025-03-07T13:34:04Z,3,3,6
prometheus/prometheus,16183,2025-03-07T13:00:19Z,2025-03-07T14:04:20Z,63,63,126
prometheus/prometheus,16182,2025-03-07T09:03:58Z,,643,922,1565
prometheus/prometheus,16181,2025-03-07T07:32:29Z,2025-03-07T17:05:32Z,106,96,202
prometheus/prometheus,16180,2025-03-07T07:20:25Z,2025-03-07T10:28:29Z,16,17,33
prometheus/prometheus,16179,2025-03-07T07:09:02Z,2025-03-07T08:03:28Z,3,3,6
prometheus/prometheus,16177,2025-03-06T13:45:29Z,,3442,59,3501
prometheus/prometheus,16174,2025-03-05T17:17:52Z,2025-03-08T18:45:37Z,39,2,41
prometheus/prometheus,16173,2025-03-05T15:05:56Z,,59,52,111
prometheus/prometheus,16172,2025-03-05T14:07:24Z,,221,217,438
prometheus/prometheus,16171,2025-03-05T13:03:10Z,,19,20,39
prometheus/prometheus,16170,2025-03-05T11:12:12Z,2025-03-05T13:10:46Z,17,0,17
prometheus/prometheus,16168,2025-03-05T09:56:21Z,2025-03-05T15:03:26Z,16,12,28
prometheus/prometheus,16167,2025-03-05T09:29:35Z,2025-03-05T11:16:42Z,4,1,5
prometheus/prometheus,16166,2025-03-05T00:47:40Z,2025-03-17T20:12:47Z,251,148,399
prometheus/prometheus,16165,2025-03-04T23:31:54Z,2025-03-05T09:18:10Z,29,12,41
prometheus/prometheus,16164,2025-03-04T22:58:18Z,2025-03-05T09:17:15Z,11,6,17
prometheus/prometheus,16163,2025-03-04T22:37:58Z,2025-03-05T09:22:55Z,2,2,4
prometheus/prometheus,16161,2025-03-03T19:54:25Z,2025-03-07T12:43:57Z,11,9,20
prometheus/prometheus,16159,2025-03-03T18:55:25Z,2025-03-03T19:52:46Z,35,14,49
prometheus/prometheus,16158,2025-03-03T18:04:55Z,2025-05-06T17:54:49Z,79,52,131
prometheus/prometheus,16157,2025-03-03T16:45:45Z,2025-03-18T07:42:29Z,14,2,16
prometheus/prometheus,16156,2025-03-03T14:57:55Z,2025-03-10T10:36:26Z,896,511,1407
prometheus/prometheus,16155,2025-03-03T14:51:15Z,,9,2,11
prometheus/prometheus,16154,2025-03-03T13:48:57Z,,1306,42,1348
prometheus/prometheus,16153,2025-03-03T13:07:01Z,,1328,42,1370
prometheus/prometheus,16151,2025-03-02T00:50:49Z,2025-03-07T15:49:50Z,6,5,11
prometheus/prometheus,16150,2025-03-02T00:50:39Z,2025-03-07T15:30:44Z,12,10,22
prometheus/prometheus,16149,2025-03-02T00:50:20Z,,60,93,153
prometheus/prometheus,16148,2025-03-02T00:50:05Z,2025-03-07T16:30:57Z,5,5,10
prometheus/prometheus,16147,2025-03-02T00:49:57Z,2025-03-07T15:49:37Z,9,9,18
prometheus/prometheus,16146,2025-03-02T00:49:44Z,2025-03-07T14:49:23Z,6,5,11
prometheus/prometheus,16145,2025-03-02T00:49:15Z,,6,5,11
prometheus/prometheus,16144,2025-03-02T00:49:06Z,2025-03-07T14:49:07Z,6,5,11
prometheus/prometheus,16143,2025-03-02T00:48:55Z,2025-03-07T15:50:00Z,5,5,10
prometheus/prometheus,16142,2025-03-02T00:48:45Z,2025-03-07T14:48:56Z,5,5,10
prometheus/prometheus,16141,2025-03-02T00:48:34Z,2025-03-07T14:51:25Z,5,5,10
prometheus/prometheus,16140,2025-03-02T00:48:25Z,2025-03-07T14:44:50Z,6,5,11
prometheus/prometheus,16139,2025-03-02T00:48:19Z,2025-03-07T07:05:26Z,6,6,12
prometheus/prometheus,16138,2025-03-01T23:48:49Z,2025-03-07T07:05:43Z,3,3,6
prometheus/prometheus,16137,2025-03-01T23:48:45Z,2025-03-07T07:06:00Z,3,3,6
prometheus/prometheus,16136,2025-03-01T23:48:42Z,2025-03-07T07:18:22Z,3,3,6
prometheus/prometheus,16135,2025-03-01T23:48:42Z,2025-03-07T07:06:26Z,3,3,6
prometheus/prometheus,16134,2025-03-01T23:48:40Z,2025-03-07T12:34:22Z,1,1,2
prometheus/prometheus,16133,2025-03-01T23:48:39Z,2025-03-07T07:16:22Z,3,3,6
prometheus/prometheus,16132,2025-03-01T23:48:32Z,2025-03-07T11:30:33Z,25,25,50
prometheus/prometheus,16131,2025-03-01T23:48:23Z,,86,80,166
prometheus/prometheus,16130,2025-03-01T23:48:13Z,2025-03-07T12:36:43Z,1,1,2
prometheus/prometheus,16129,2025-03-01T23:48:10Z,2025-03-07T14:05:03Z,2,2,4
prometheus/prometheus,16128,2025-03-01T23:48:05Z,2025-03-07T12:36:53Z,1,1,2
prometheus/prometheus,16127,2025-03-01T23:48:03Z,2025-03-07T07:15:56Z,24,24,48
prometheus/prometheus,16126,2025-03-01T23:48:02Z,2025-03-07T12:36:06Z,4,4,8
prometheus/prometheus,16125,2025-03-01T23:48:00Z,2025-03-07T12:28:37Z,6,6,12
prometheus/prometheus,16124,2025-03-01T23:47:54Z,2025-03-07T12:38:20Z,1,1,2
prometheus/prometheus,16123,2025-03-01T23:47:52Z,2025-03-07T12:01:49Z,6,6,12
prometheus/prometheus,16122,2025-03-01T23:47:50Z,,0,0,0
prometheus/prometheus,16121,2025-03-01T23:47:46Z,2025-03-07T12:05:58Z,3,3,6
prometheus/prometheus,16120,2025-03-01T23:47:44Z,2025-03-07T08:15:31Z,8,8,16
prometheus/prometheus,16119,2025-03-01T23:47:39Z,2025-03-07T07:17:24Z,3,3,6
prometheus/prometheus,16118,2025-03-01T23:47:35Z,2025-03-07T14:40:29Z,4,5,9
prometheus/prometheus,16117,2025-03-01T23:47:30Z,,18,18,36
prometheus/prometheus,16116,2025-03-01T23:47:24Z,2025-03-07T08:07:52Z,3,3,6
prometheus/prometheus,16115,2025-03-01T23:47:17Z,,37,37,74
prometheus/prometheus,16114,2025-03-01T23:47:07Z,2025-03-07T13:14:39Z,25,28,53
prometheus/prometheus,16113,2025-03-01T23:06:54Z,,17,14,31
prometheus/prometheus,16112,2025-03-01T23:06:32Z,,17,14,31
prometheus/prometheus,16111,2025-03-01T23:06:24Z,,6,5,11
prometheus/prometheus,16110,2025-03-01T23:06:17Z,2025-03-23T10:58:45Z,71,7,78
prometheus/prometheus,16109,2025-03-01T23:05:55Z,,11,9,20
prometheus/prometheus,16108,2025-03-01T23:05:47Z,,6,5,11
prometheus/prometheus,16107,2025-03-01T23:05:23Z,2025-03-07T14:49:49Z,117,1093,1210
prometheus/prometheus,16106,2025-03-01T23:05:09Z,,6,6,12
prometheus/prometheus,16105,2025-03-01T23:05:01Z,,22,18,40
prometheus/prometheus,16104,2025-03-01T23:04:39Z,2025-03-07T14:45:12Z,16,5,21
prometheus/prometheus,16103,2025-03-01T23:04:07Z,2025-03-23T11:17:34Z,7,7,14
prometheus/prometheus,16102,2025-03-01T23:03:52Z,2025-03-07T15:49:18Z,5,5,10
prometheus/prometheus,16101,2025-03-01T23:03:45Z,,11,9,20
prometheus/prometheus,16100,2025-03-01T23:03:20Z,,11,9,20
prometheus/prometheus,16099,2025-03-01T23:03:11Z,2025-03-07T14:45:25Z,118,14,132
prometheus/prometheus,16098,2025-03-01T23:02:45Z,,5,5,10
prometheus/prometheus,16097,2025-03-01T23:02:37Z,2025-03-07T14:48:27Z,5,5,10
prometheus/prometheus,16096,2025-03-01T23:02:18Z,,253,192,445
prometheus/prometheus,16095,2025-03-01T09:28:19Z,2025-04-22T22:28:31Z,209,66,275
prometheus/prometheus,16090,2025-02-28T15:37:01Z,2025-03-11T08:41:30Z,11,10,21
prometheus/prometheus,16089,2025-02-28T12:54:08Z,,81,730,811
prometheus/prometheus,16088,2025-02-27T17:14:42Z,,132,32,164
prometheus/prometheus,16086,2025-02-27T09:55:55Z,,260,396,656
prometheus/prometheus,16085,2025-02-27T09:14:08Z,2025-02-27T20:52:41Z,9,3,12
prometheus/prometheus,16084,2025-02-27T09:03:56Z,2025-02-27T14:08:31Z,17,18,35
prometheus/prometheus,16083,2025-02-27T00:23:00Z,2025-03-03T09:03:45Z,5,1,6
prometheus/prometheus,16082,2025-02-26T17:01:37Z,2025-02-26T17:20:42Z,2,2,4
prometheus/prometheus,16081,2025-02-26T17:01:21Z,2025-02-27T10:13:35Z,2,1,3
prometheus/prometheus,16080,2025-02-26T15:57:28Z,2025-03-13T18:21:09Z,39,188,227
prometheus/prometheus,16078,2025-02-26T08:19:00Z,,9,4,13
prometheus/prometheus,16076,2025-02-26T02:55:14Z,2025-02-28T00:24:26Z,14,14,28
prometheus/prometheus,16075,2025-02-25T19:13:35Z,2025-02-26T09:10:59Z,58,24,82
prometheus/prometheus,16073,2025-02-25T01:46:39Z,2025-03-07T10:33:04Z,1,1,2
prometheus/prometheus,16072,2025-02-24T14:47:07Z,2025-03-07T12:43:13Z,180,107,287
prometheus/prometheus,16070,2025-02-23T16:54:04Z,2025-02-24T12:25:57Z,1,1,2
prometheus/prometheus,16069,2025-02-23T15:33:32Z,2025-04-30T09:53:48Z,38,55,93
prometheus/prometheus,16068,2025-02-22T20:33:36Z,2025-02-22T21:47:41Z,1,1,2
prometheus/prometheus,16066,2025-02-21T18:27:23Z,2025-03-26T22:27:28Z,900,558,1458
prometheus/prometheus,16061,2025-02-20T11:33:45Z,2025-02-20T15:52:12Z,41,10,51
prometheus/prometheus,16060,2025-02-20T06:35:05Z,2025-03-05T18:45:08Z,143,45,188
prometheus/prometheus,16059,2025-02-19T23:48:57Z,,115,2,117
prometheus/prometheus,16057,2025-02-19T19:32:45Z,2025-02-20T11:48:25Z,12,1,13
prometheus/prometheus,16055,2025-02-19T06:40:50Z,,5,0,5
prometheus/prometheus,16054,2025-02-19T06:05:08Z,2025-02-20T23:37:04Z,5,1,6
prometheus/prometheus,16052,2025-02-18T12:51:26Z,2025-02-27T10:25:52Z,2,1,3
prometheus/prometheus,16051,2025-02-18T07:40:06Z,,18,18,36
prometheus/prometheus,16050,2025-02-18T03:01:42Z,,7,0,7
prometheus/prometheus,16046,2025-02-17T13:30:33Z,,1294,407,1701
prometheus/prometheus,16044,2025-02-15T14:01:39Z,2025-04-24T15:44:37Z,5,4,9
prometheus/prometheus,16043,2025-02-15T11:50:52Z,2025-06-12T08:23:04Z,10,20,30
prometheus/prometheus,16041,2025-02-14T18:15:04Z,2025-05-22T07:32:17Z,118,8,126
prometheus/prometheus,16040,2025-02-14T16:51:14Z,2025-02-17T18:05:29Z,17,15,32
prometheus/prometheus,16039,2025-02-14T14:35:37Z,2025-02-17T11:19:16Z,37,20,57
prometheus/prometheus,16038,2025-02-13T23:16:43Z,,38,11,49
prometheus/prometheus,16037,2025-02-13T19:34:12Z,,10,10,20
prometheus/prometheus,16035,2025-02-13T17:19:43Z,2025-02-26T15:05:06Z,2,2,4
prometheus/prometheus,16033,2025-02-13T15:05:10Z,,119,73,192
prometheus/prometheus,16031,2025-02-13T11:48:30Z,,79,45,124
prometheus/prometheus,16030,2025-02-13T10:12:38Z,2025-02-13T12:16:34Z,26,33,59
prometheus/prometheus,16028,2025-02-13T01:10:47Z,2025-02-20T22:14:33Z,1,1,2
prometheus/prometheus,16026,2025-02-12T19:20:21Z,,5160,3156,8316
prometheus/prometheus,16025,2025-02-12T15:01:29Z,,94,82,176
prometheus/prometheus,16024,2025-02-12T14:51:52Z,2025-02-12T15:08:45Z,1,1,2
prometheus/prometheus,16021,2025-02-12T13:23:51Z,2025-02-12T17:14:06Z,8,6,14
prometheus/prometheus,16020,2025-02-12T12:00:57Z,,1406,317,1723
prometheus/prometheus,16018,2025-02-12T05:50:46Z,2025-02-20T21:49:30Z,1,1,2
prometheus/prometheus,16017,2025-02-12T05:22:24Z,,534,32,566
prometheus/prometheus,16016,2025-02-12T05:09:46Z,,206,1,207
prometheus/prometheus,16014,2025-02-11T21:10:18Z,,120,9,129
prometheus/prometheus,16013,2025-02-11T16:37:48Z,2025-02-11T18:09:21Z,8,8,16
prometheus/prometheus,16012,2025-02-11T16:24:50Z,2025-02-12T15:47:57Z,22,35,57
prometheus/prometheus,16011,2025-02-11T15:57:05Z,2025-02-13T02:03:31Z,86,3,89
prometheus/prometheus,16009,2025-02-11T03:56:45Z,2025-02-13T12:53:51Z,9,2,11
prometheus/prometheus,16008,2025-02-10T20:50:51Z,2025-05-19T19:53:11Z,21,3,24
prometheus/prometheus,16007,2025-02-10T20:40:10Z,2025-02-11T19:31:34Z,41,41,82
prometheus/prometheus,16006,2025-02-10T20:17:06Z,2025-02-21T12:56:04Z,350,351,701
prometheus/prometheus,16005,2025-02-10T19:08:41Z,,59,4,63
prometheus/prometheus,16001,2025-02-10T15:06:30Z,2025-02-11T13:14:55Z,22,2,24
prometheus/prometheus,16000,2025-02-10T12:45:21Z,2025-02-12T14:56:00Z,25,48,73
prometheus/prometheus,15999,2025-02-10T11:53:44Z,2025-02-10T12:19:56Z,32,1,33
prometheus/prometheus,15998,2025-02-10T09:02:44Z,2025-02-10T12:26:19Z,4420,1083,5503
prometheus/prometheus,15997,2025-02-10T06:25:58Z,,1,1,2
prometheus/prometheus,15996,2025-02-09T20:10:35Z,,72,10,82
prometheus/prometheus,15995,2025-02-07T21:17:11Z,2025-04-01T10:12:24Z,560,43,603
prometheus/prometheus,15994,2025-02-07T18:40:38Z,2025-03-07T08:11:21Z,3,3,6
prometheus/prometheus,15993,2025-02-07T14:55:17Z,2025-02-07T15:46:55Z,10,2,12
prometheus/prometheus,15992,2025-02-07T12:25:22Z,,3,9,12
prometheus/prometheus,15991,2025-02-07T11:35:25Z,2025-02-13T13:25:51Z,16,12,28
prometheus/prometheus,15990,2025-02-06T22:04:44Z,,3,3,6
prometheus/prometheus,15988,2025-02-06T15:52:35Z,,400,40,440
prometheus/prometheus,15987,2025-02-06T14:13:29Z,2025-02-11T19:41:20Z,38,0,38
prometheus/prometheus,15982,2025-02-06T13:08:55Z,,9,3,12
prometheus/prometheus,15981,2025-02-06T11:12:08Z,,2,1,3
prometheus/prometheus,15979,2025-02-05T23:02:09Z,2025-02-28T08:54:55Z,74,18,92
prometheus/prometheus,15975,2025-02-05T12:01:23Z,2025-02-05T15:40:24Z,8,0,8
prometheus/prometheus,15974,2025-02-05T11:24:45Z,2025-02-05T19:49:36Z,2,2,4
prometheus/prometheus,15973,2025-02-05T10:15:02Z,,26,10,36
prometheus/prometheus,15972,2025-02-05T09:36:23Z,,1,1,2
prometheus/prometheus,15970,2025-02-05T00:50:01Z,2025-02-05T15:26:14Z,27,0,27
prometheus/prometheus,15968,2025-02-04T11:15:57Z,2025-02-04T12:18:08Z,10,10,20
prometheus/prometheus,15967,2025-02-04T07:55:11Z,2025-02-12T16:51:40Z,30,0,30
prometheus/prometheus,15966,2025-02-03T09:40:36Z,2025-02-03T14:46:39Z,97,42,139
prometheus/prometheus,15964,2025-02-02T12:31:02Z,2025-02-06T15:02:04Z,52,23,75
prometheus/prometheus,15963,2025-02-02T00:48:06Z,2025-02-04T07:21:32Z,6,6,12
prometheus/prometheus,15962,2025-02-02T00:46:57Z,2025-02-07T18:11:47Z,2,2,4
prometheus/prometheus,15961,2025-02-02T00:46:53Z,2025-02-07T18:12:04Z,2,2,4
prometheus/prometheus,15960,2025-02-02T00:46:52Z,2025-02-07T18:12:24Z,4,4,8
prometheus/prometheus,15959,2025-02-02T00:46:43Z,2025-02-07T18:12:51Z,1,1,2
prometheus/prometheus,15958,2025-02-02T00:46:41Z,2025-02-07T18:13:23Z,1,1,2
prometheus/prometheus,15957,2025-02-02T00:46:39Z,2025-02-07T19:10:17Z,3,3,6
prometheus/prometheus,15956,2025-02-02T00:45:21Z,2025-02-07T18:14:11Z,1,1,2
prometheus/prometheus,15955,2025-02-02T00:45:18Z,2025-02-07T18:14:06Z,1,1,2
prometheus/prometheus,15954,2025-02-01T23:29:42Z,,16,5,21
prometheus/prometheus,15953,2025-02-01T23:29:33Z,,5,5,10
prometheus/prometheus,15952,2025-02-01T23:29:26Z,,6,5,11
prometheus/prometheus,15951,2025-02-01T23:29:17Z,,8,7,15
prometheus/prometheus,15950,2025-02-01T23:29:05Z,,11,9,20
prometheus/prometheus,15949,2025-02-01T23:28:58Z,,115,11,126
prometheus/prometheus,15948,2025-02-01T23:28:46Z,,6,6,12
prometheus/prometheus,15947,2025-02-01T23:28:39Z,,22,18,40
prometheus/prometheus,15946,2025-02-01T23:28:30Z,,5,5,10
prometheus/prometheus,15945,2025-02-01T23:28:22Z,,11,9,20
prometheus/prometheus,15944,2025-02-01T23:28:16Z,,6,5,11
prometheus/prometheus,15943,2025-02-01T23:28:07Z,,124,1100,1224
prometheus/prometheus,15942,2025-02-01T23:27:52Z,,6,6,12
prometheus/prometheus,15941,2025-02-01T23:27:44Z,,71,7,78
prometheus/prometheus,15940,2025-02-01T23:27:36Z,,7,7,14
prometheus/prometheus,15939,2025-02-01T23:27:28Z,,17,14,31
prometheus/prometheus,15938,2025-02-01T23:27:17Z,2025-03-07T14:47:28Z,5,5,10
prometheus/prometheus,15937,2025-02-01T23:27:09Z,2025-03-07T14:47:05Z,5,5,10
prometheus/prometheus,15936,2025-02-01T23:27:07Z,2025-03-07T14:46:37Z,5,5,10
prometheus/prometheus,15935,2025-02-01T23:27:00Z,,17,14,31
prometheus/prometheus,15934,2025-02-01T23:26:53Z,,11,9,20
prometheus/prometheus,15933,2025-02-01T23:26:50Z,,6,6,12
prometheus/prometheus,15932,2025-02-01T23:26:41Z,,6,5,11
prometheus/prometheus,15931,2025-02-01T23:26:27Z,,60,93,153
prometheus/prometheus,15930,2025-02-01T23:26:07Z,,6,5,11
prometheus/prometheus,15929,2025-02-01T23:25:55Z,,12,10,22
prometheus/prometheus,15928,2025-02-01T23:25:39Z,,5,5,10
prometheus/prometheus,15927,2025-02-01T23:25:30Z,2025-03-07T14:46:32Z,5,5,10
prometheus/prometheus,15926,2025-02-01T23:25:21Z,,6,5,11
prometheus/prometheus,15925,2025-02-01T23:25:11Z,2025-03-07T14:45:36Z,5,5,10
prometheus/prometheus,15924,2025-02-01T23:08:32Z,2025-02-07T18:15:52Z,13,13,26
prometheus/prometheus,15923,2025-02-01T23:08:10Z,2025-02-07T18:16:24Z,3,3,6
prometheus/prometheus,15922,2025-02-01T23:08:00Z,2025-02-07T18:16:54Z,3,3,6
prometheus/prometheus,15921,2025-02-01T23:07:55Z,2025-02-07T18:16:49Z,3,3,6
prometheus/prometheus,15920,2025-02-01T23:07:45Z,2025-02-07T20:40:03Z,3,3,6
prometheus/prometheus,15919,2025-02-01T23:07:43Z,2025-02-07T18:17:38Z,6,6,12
prometheus/prometheus,15918,2025-02-01T23:07:37Z,2025-02-07T18:17:30Z,3,3,6
prometheus/prometheus,15917,2025-02-01T10:53:21Z,,10,9,19
prometheus/prometheus,15916,2025-01-31T20:18:09Z,,4103,4119,8222
prometheus/prometheus,15915,2025-01-31T15:06:58Z,,33,42,75
prometheus/prometheus,15914,2025-01-31T12:39:52Z,,1,1,2
prometheus/prometheus,15910,2025-01-31T09:04:49Z,,39,13,52
prometheus/prometheus,15907,2025-01-30T10:19:52Z,,1,1,2
prometheus/prometheus,15905,2025-01-30T05:49:37Z,,178,48,226
prometheus/prometheus,15903,2025-01-29T14:46:25Z,2025-01-29T17:43:38Z,3,3,6
prometheus/prometheus,15902,2025-01-29T14:43:53Z,2025-02-05T21:10:46Z,76,28,104
prometheus/prometheus,15901,2025-01-29T14:39:02Z,2025-02-04T09:29:22Z,25,9,34
prometheus/prometheus,15899,2025-01-29T10:34:48Z,,865,459,1324
prometheus/prometheus,15898,2025-01-29T10:10:58Z,,37,97,134
prometheus/prometheus,15897,2025-01-28T21:42:31Z,,10,2,12
prometheus/prometheus,15895,2025-01-28T21:13:56Z,2025-02-01T21:57:30Z,16,5,21
prometheus/prometheus,15894,2025-01-28T16:39:36Z,2025-01-29T09:11:06Z,26,23,49
prometheus/prometheus,15893,2025-01-28T14:00:55Z,,60,93,153
prometheus/prometheus,15891,2025-01-28T12:49:34Z,2025-01-28T16:34:27Z,3,19,22
prometheus/prometheus,15890,2025-01-28T12:49:31Z,2025-01-28T15:59:38Z,3,3,6
prometheus/prometheus,15889,2025-01-28T12:49:28Z,,3,3,6
prometheus/prometheus,15888,2025-01-28T12:49:24Z,2025-01-28T14:11:02Z,18,18,36
prometheus/prometheus,15887,2025-01-28T12:49:19Z,,3,3,6
prometheus/prometheus,15886,2025-01-28T12:49:17Z,,15,15,30
prometheus/prometheus,15885,2025-01-28T12:49:11Z,2025-01-28T16:32:19Z,12,12,24
prometheus/prometheus,15884,2025-01-28T12:49:06Z,2025-01-28T16:33:10Z,3,3,6
prometheus/prometheus,15883,2025-01-28T12:48:57Z,2025-01-28T16:32:46Z,6,6,12
prometheus/prometheus,15882,2025-01-28T12:48:54Z,2025-01-28T14:12:02Z,25,25,50
prometheus/prometheus,15881,2025-01-28T12:48:47Z,2025-01-28T16:35:02Z,3,3,6
prometheus/prometheus,15880,2025-01-28T12:48:38Z,2025-01-28T16:33:38Z,3,3,6
prometheus/prometheus,15879,2025-01-28T12:48:30Z,2025-01-28T17:55:14Z,3,3,6
prometheus/prometheus,15878,2025-01-28T12:48:24Z,2025-01-28T19:11:23Z,27,40,67
prometheus/prometheus,15877,2025-01-28T12:48:18Z,2025-01-28T14:12:50Z,18,18,36
prometheus/prometheus,15876,2025-01-28T12:48:11Z,2025-01-28T17:55:39Z,3,3,6
prometheus/prometheus,15875,2025-01-28T12:48:06Z,2025-01-28T14:00:30Z,91,91,182
prometheus/prometheus,15874,2025-01-28T12:48:05Z,2025-01-28T17:54:41Z,3,3,6
prometheus/prometheus,15873,2025-01-28T12:47:20Z,,25,29,54
prometheus/prometheus,15870,2025-01-27T20:37:29Z,2025-01-28T14:52:09Z,23,1,24
prometheus/prometheus,15867,2025-01-24T14:05:07Z,,12,6,18
prometheus/prometheus,15866,2025-01-24T13:33:16Z,2025-01-27T10:00:56Z,1,2,3
prometheus/prometheus,15864,2025-01-23T23:39:38Z,2025-11-11T11:43:04Z,63,0,63
prometheus/prometheus,15861,2025-01-23T12:57:39Z,,48,11,59
prometheus/prometheus,15860,2025-01-23T09:15:45Z,2025-01-31T14:32:20Z,2,6,8
prometheus/prometheus,15859,2025-01-23T08:44:01Z,2025-01-24T23:33:38Z,62,1,63
prometheus/prometheus,15856,2025-01-22T14:06:08Z,,964,159,1123
prometheus/prometheus,15854,2025-01-22T13:07:05Z,2025-01-23T12:04:19Z,13,1,14
prometheus/prometheus,15853,2025-01-21T21:45:53Z,2025-01-31T22:11:04Z,141,16,157
prometheus/prometheus,15851,2025-01-21T18:10:17Z,2025-01-27T15:52:03Z,153,37,190
prometheus/prometheus,15850,2025-01-21T15:56:33Z,2025-03-20T16:18:52Z,814,127,941
prometheus/prometheus,15849,2025-01-21T12:14:26Z,2025-01-23T14:03:01Z,6,5,11
prometheus/prometheus,15846,2025-01-19T14:27:13Z,,48,2,50
prometheus/prometheus,15845,2025-01-17T18:10:05Z,2025-02-07T23:24:29Z,401,319,720
prometheus/prometheus,15844,2025-01-17T16:44:13Z,2025-01-17T17:24:27Z,3,4,7
prometheus/prometheus,15843,2025-01-17T16:16:28Z,2025-01-17T16:34:27Z,126,136,262
prometheus/prometheus,15842,2025-01-17T16:07:36Z,2025-01-17T16:25:24Z,3,3,6
prometheus/prometheus,15841,2025-01-17T16:07:15Z,2025-01-17T16:57:29Z,3,3,6
prometheus/prometheus,15840,2025-01-17T16:06:50Z,2025-01-17T16:29:16Z,3,3,6
prometheus/prometheus,15837,2025-01-16T19:50:41Z,2025-01-17T09:28:21Z,121,28,149
prometheus/prometheus,15836,2025-01-16T16:15:26Z,,156,70,226
prometheus/prometheus,15835,2025-01-16T14:02:13Z,2025-01-18T12:21:51Z,2,2,4
prometheus/prometheus,15833,2025-01-15T23:04:06Z,,18,13,31
prometheus/prometheus,15832,2025-01-15T14:30:44Z,2025-01-16T14:06:40Z,444,259,703
prometheus/prometheus,15829,2025-01-15T11:43:33Z,2025-01-16T08:14:48Z,6,1,7
prometheus/prometheus,15828,2025-01-15T11:29:05Z,2025-01-22T13:35:43Z,87,7,94
prometheus/prometheus,15827,2025-01-15T07:39:59Z,2025-01-17T20:26:08Z,2,2,4
prometheus/prometheus,15826,2025-01-15T00:09:20Z,2025-02-10T11:29:27Z,68,68,136
prometheus/prometheus,15825,2025-01-14T17:44:39Z,2025-01-15T07:24:12Z,1,1,2
prometheus/prometheus,15824,2025-01-14T16:34:50Z,2025-01-17T17:00:31Z,57,30,87
prometheus/prometheus,15823,2025-01-14T00:22:07Z,2025-01-17T09:27:08Z,10,2,12
prometheus/prometheus,15822,2025-01-13T22:32:56Z,,4,4,8
prometheus/prometheus,15821,2025-01-13T20:57:56Z,2025-01-17T18:16:30Z,133,210,343
prometheus/prometheus,15820,2025-01-13T19:28:27Z,2025-01-13T20:57:52Z,9,11,20
prometheus/prometheus,15819,2025-01-13T19:12:08Z,2025-01-13T20:57:29Z,49,59,108
prometheus/prometheus,15818,2025-01-13T19:12:03Z,2025-01-13T20:56:56Z,53,64,117
prometheus/prometheus,15817,2025-01-13T19:02:33Z,,29,54,83
prometheus/prometheus,15816,2025-01-13T18:58:46Z,2025-01-13T22:13:12Z,7,8,15
prometheus/prometheus,15815,2025-01-13T18:58:43Z,,301,60,361
prometheus/prometheus,15814,2025-01-13T18:58:29Z,2025-01-13T20:55:14Z,21,62,83
prometheus/prometheus,15813,2025-01-13T18:28:27Z,2025-01-17T16:17:11Z,45,0,45
prometheus/prometheus,15812,2025-01-13T18:11:09Z,2025-01-13T18:46:39Z,21,21,42
prometheus/prometheus,15811,2025-01-13T18:10:43Z,2025-01-13T19:23:36Z,3,3,6
prometheus/prometheus,15810,2025-01-13T15:26:53Z,2025-01-13T17:23:06Z,28,28,56
prometheus/prometheus,15809,2025-01-13T11:02:28Z,,885,142,1027
prometheus/prometheus,15807,2025-01-10T22:34:04Z,2025-01-20T14:26:13Z,10,10,20
prometheus/prometheus,15806,2025-01-10T20:20:54Z,2025-01-14T15:21:55Z,10,8,18
prometheus/prometheus,15805,2025-01-10T20:01:52Z,,33,6,39
prometheus/prometheus,15804,2025-01-10T17:55:44Z,2025-01-20T20:26:58Z,16,2,18
prometheus/prometheus,15803,2025-01-10T17:10:29Z,,70,31,101
prometheus/prometheus,15802,2025-01-10T05:16:21Z,2025-01-28T13:33:24Z,160,146,306
prometheus/prometheus,15801,2025-01-09T20:42:00Z,2025-01-09T23:14:21Z,35,26,61
prometheus/prometheus,15800,2025-01-09T18:40:48Z,,2,0,2
prometheus/prometheus,15799,2025-01-09T05:43:06Z,2025-01-14T18:22:22Z,8,5,13
prometheus/prometheus,15798,2025-01-08T18:20:50Z,,101,25,126
prometheus/prometheus,15797,2025-01-08T15:48:06Z,2025-01-08T16:32:49Z,35,0,35
prometheus/prometheus,15796,2025-01-08T14:53:54Z,,36,23,59
prometheus/prometheus,15795,2025-01-08T13:03:32Z,2025-01-08T15:04:14Z,78,29,107
prometheus/prometheus,15789,2025-01-07T16:55:46Z,2025-01-07T18:39:08Z,1,1,2
prometheus/prometheus,15788,2025-01-06T15:52:42Z,,376,41,417
prometheus/prometheus,15787,2025-01-06T11:24:39Z,2025-01-09T09:29:57Z,33,0,33
prometheus/prometheus,15786,2025-01-06T09:53:59Z,2025-01-06T14:13:17Z,2,0,2
prometheus/prometheus,15785,2025-01-06T08:13:48Z,2025-01-13T09:31:41Z,6,23,29
prometheus/prometheus,15784,2025-01-05T18:21:33Z,2025-01-07T12:36:53Z,17,0,17
prometheus/prometheus,15783,2025-01-05T05:27:26Z,,82,0,82
prometheus/prometheus,15781,2025-01-03T14:30:34Z,2025-01-13T18:06:49Z,124,133,257
prometheus/prometheus,15780,2025-01-03T14:30:26Z,,90,124,214
prometheus/prometheus,15778,2025-01-02T17:31:14Z,2025-02-17T11:48:17Z,72,59,131
prometheus/prometheus,15776,2025-01-02T12:25:27Z,2025-01-02T14:51:52Z,46,44,90
prometheus/prometheus,15775,2025-01-02T11:40:07Z,2025-01-03T14:28:52Z,63,19,82
prometheus/prometheus,15774,2025-01-02T10:51:16Z,2025-01-02T11:32:14Z,17,19,36
prometheus/prometheus,15773,2025-01-01T23:52:01Z,2025-01-17T16:51:12Z,3,3,6
prometheus/prometheus,15772,2025-01-01T23:51:54Z,,3,3,6
prometheus/prometheus,15771,2025-01-01T23:51:53Z,,6,7,13
prometheus/prometheus,15770,2025-01-01T23:51:53Z,2025-01-13T18:11:53Z,6,6,12
prometheus/prometheus,15769,2025-01-01T23:51:49Z,,6,6,12
prometheus/prometheus,15768,2025-01-01T23:51:46Z,2025-01-13T18:12:25Z,5,6,11
prometheus/prometheus,15767,2025-01-01T23:51:41Z,2025-01-13T18:08:03Z,3,3,6
prometheus/prometheus,15766,2025-01-01T23:51:38Z,2025-01-17T16:59:06Z,3,3,6
prometheus/prometheus,15765,2025-01-01T23:51:31Z,,14,8,22
prometheus/prometheus,15764,2025-01-01T23:51:30Z,2025-01-13T18:07:30Z,3,3,6
prometheus/prometheus,15763,2025-01-01T23:51:21Z,,29,91,120
prometheus/prometheus,15762,2025-01-01T23:51:08Z,2025-01-13T18:14:43Z,5,6,11
prometheus/prometheus,15761,2025-01-01T23:50:54Z,2025-01-13T18:54:17Z,5,6,11
prometheus/prometheus,15760,2025-01-01T23:50:39Z,2025-01-13T20:56:24Z,5,12,17
prometheus/prometheus,15759,2025-01-01T23:50:39Z,2025-01-13T18:13:13Z,4,4,8
prometheus/prometheus,15758,2025-01-01T23:50:30Z,2025-01-13T20:55:46Z,5,6,11
prometheus/prometheus,15757,2025-01-01T23:50:30Z,2025-01-13T18:13:29Z,2,2,4
prometheus/prometheus,15756,2025-01-01T23:50:27Z,2025-01-13T18:13:47Z,2,2,4
prometheus/prometheus,15755,2025-01-01T23:50:20Z,2025-01-28T15:19:10Z,15,21,36
prometheus/prometheus,15754,2025-01-01T23:50:07Z,2025-01-13T18:56:42Z,5,6,11
prometheus/prometheus,15753,2025-01-01T23:09:43Z,2025-01-13T18:55:03Z,14,5,19
prometheus/prometheus,15752,2025-01-01T23:09:34Z,2025-01-13T18:55:49Z,9,9,18
prometheus/prometheus,15751,2025-01-01T23:09:26Z,2025-01-13T18:56:14Z,5,5,10
prometheus/prometheus,15750,2025-01-01T23:09:19Z,2025-01-13T20:54:39Z,7,14,21
prometheus/prometheus,15749,2025-01-01T23:09:12Z,2025-01-13T18:57:14Z,36,34,70
prometheus/prometheus,15748,2025-01-01T23:09:03Z,,7,8,15
prometheus/prometheus,15747,2025-01-01T23:08:56Z,,124,133,257
prometheus/prometheus,15746,2025-01-01T23:08:43Z,,36,34,70
prometheus/prometheus,15745,2025-01-01T23:08:32Z,,9,11,20
prometheus/prometheus,15744,2025-01-01T23:08:23Z,,110,18,128
prometheus/prometheus,15743,2025-01-01T23:08:12Z,2025-01-13T18:58:17Z,12,18,30
prometheus/prometheus,15742,2025-01-01T23:08:00Z,2025-01-13T22:14:05Z,7,7,14
prometheus/prometheus,15741,2025-01-01T23:07:54Z,,267,62,329
prometheus/prometheus,15740,2025-01-01T23:07:42Z,2025-01-13T18:59:32Z,5,5,10
prometheus/prometheus,15739,2025-01-01T23:07:33Z,2025-01-13T20:54:09Z,5,5,10
prometheus/prometheus,15738,2025-01-01T23:07:23Z,,40,39,79
prometheus/prometheus,15737,2025-01-01T23:07:06Z,2025-01-13T18:58:55Z,9,11,20
prometheus/prometheus,15736,2025-01-01T23:06:57Z,,12,45,57
prometheus/prometheus,15735,2024-12-30T21:39:50Z,,208,159,367
prometheus/prometheus,15734,2024-12-30T21:01:03Z,,32,3,35
prometheus/prometheus,15733,2024-12-30T17:56:30Z,2024-12-31T10:12:21Z,6,5,11
prometheus/prometheus,15732,2024-12-30T17:53:52Z,2025-01-28T10:35:04Z,6,0,6
prometheus/prometheus,15731,2024-12-30T17:52:38Z,2025-02-13T10:38:35Z,1183,200,1383
prometheus/prometheus,15730,2024-12-30T12:02:31Z,2024-12-30T12:37:37Z,16,14,30
prometheus/prometheus,15729,2024-12-30T12:01:56Z,,2515,4504,7019
prometheus/prometheus,15728,2024-12-30T11:38:41Z,2024-12-30T11:55:34Z,15,5,20
prometheus/prometheus,15726,2024-12-30T10:12:01Z,,1445,3984,5429
prometheus/prometheus,15724,2024-12-30T04:29:26Z,2024-12-30T11:17:47Z,2,9,11
prometheus/prometheus,15723,2024-12-30T04:26:02Z,2024-12-30T11:16:21Z,2,9,11
prometheus/prometheus,15722,2024-12-29T16:34:35Z,2025-01-09T16:51:26Z,16,17,33
prometheus/prometheus,15721,2024-12-29T16:31:29Z,2025-01-03T16:58:02Z,4,2,6
prometheus/prometheus,15720,2024-12-29T15:17:44Z,2025-01-14T14:15:37Z,79,38,117
prometheus/prometheus,15719,2024-12-29T12:13:35Z,2025-01-15T07:45:05Z,167,58,225
prometheus/prometheus,15715,2024-12-27T12:56:09Z,,213,155,368
prometheus/prometheus,15713,2024-12-27T02:27:23Z,,89,15,104
prometheus/prometheus,15712,2024-12-23T17:24:44Z,,4,0,4
prometheus/prometheus,15711,2024-12-23T04:24:56Z,2025-01-09T15:38:43Z,111,42,153
prometheus/prometheus,15710,2024-12-21T17:21:13Z,2024-12-23T13:11:09Z,14,5,19
prometheus/prometheus,15709,2024-12-21T16:55:58Z,2024-12-21T17:51:40Z,0,92,92
prometheus/prometheus,15708,2024-12-20T22:43:41Z,,234,23,257
prometheus/prometheus,15707,2024-12-20T16:04:54Z,,2,2,4
prometheus/prometheus,15706,2024-12-20T13:01:07Z,2025-01-15T10:49:37Z,140,66,206
prometheus/prometheus,15705,2024-12-20T10:49:41Z,2024-12-20T11:36:38Z,15,15,30
prometheus/prometheus,15703,2024-12-20T02:13:24Z,,5,3,8
prometheus/prometheus,15702,2024-12-19T22:57:20Z,2024-12-20T10:19:59Z,6,3,9
prometheus/prometheus,15701,2024-12-19T22:43:28Z,,28,1,29
prometheus/prometheus,15700,2024-12-19T15:43:33Z,2024-12-19T16:03:51Z,5,2,7
prometheus/prometheus,15699,2024-12-18T16:20:58Z,2024-12-19T18:39:57Z,61,18,79
prometheus/prometheus,15698,2024-12-18T14:46:47Z,,94,128,222
prometheus/prometheus,15697,2024-12-18T14:38:22Z,,28,31,59
prometheus/prometheus,15696,2024-12-18T14:26:26Z,2024-12-18T14:44:50Z,25,17,42
prometheus/prometheus,15695,2024-12-18T14:12:30Z,2024-12-19T17:20:54Z,0,61,61
prometheus/prometheus,15694,2024-12-18T11:48:11Z,2024-12-18T14:36:34Z,131,155,286
prometheus/prometheus,15693,2024-12-18T11:26:10Z,,15,44,59
prometheus/prometheus,15692,2024-12-18T11:25:12Z,,3,3,6
prometheus/prometheus,15691,2024-12-18T04:48:27Z,2024-12-18T09:05:43Z,3,3,6
prometheus/prometheus,15690,2024-12-18T04:40:12Z,,3,3,6
prometheus/prometheus,15689,2024-12-18T04:09:49Z,2025-01-06T20:48:38Z,178,66,244
prometheus/prometheus,15688,2024-12-17T20:48:19Z,2024-12-17T21:11:56Z,120,123,243
prometheus/prometheus,15687,2024-12-17T17:37:48Z,,1340,172,1512
prometheus/prometheus,15686,2024-12-17T17:35:20Z,2024-12-19T22:50:28Z,75,10,85
prometheus/prometheus,15684,2024-12-17T16:01:38Z,2024-12-17T16:34:24Z,10,1,11
prometheus/prometheus,15683,2024-12-17T15:31:12Z,,980,914,1894
prometheus/prometheus,15682,2024-12-17T10:54:19Z,2024-12-17T14:20:53Z,2,0,2
prometheus/prometheus,15681,2024-12-17T01:08:50Z,2025-01-06T18:51:19Z,253,47,300
prometheus/prometheus,15680,2024-12-16T17:41:24Z,,108,0,108
prometheus/prometheus,15679,2024-12-16T16:21:04Z,2024-12-17T18:41:56Z,1,1,2
prometheus/prometheus,15678,2024-12-15T22:38:57Z,2025-01-07T16:58:27Z,27,0,27
prometheus/prometheus,15677,2024-12-14T21:41:55Z,2024-12-18T07:13:25Z,491,325,816
prometheus/prometheus,15676,2024-12-13T21:32:54Z,2024-12-14T18:18:24Z,7,7,14
prometheus/prometheus,15675,2024-12-13T18:39:39Z,,20,2,22
prometheus/prometheus,15674,2024-12-13T16:41:08Z,2024-12-19T22:52:26Z,14,0,14
prometheus/prometheus,15672,2024-12-13T16:11:08Z,2024-12-13T21:42:47Z,56,17,73
prometheus/prometheus,15670,2024-12-13T06:01:55Z,,2,2,4
prometheus/prometheus,15669,2024-12-13T02:44:35Z,2025-01-17T14:37:07Z,164,13,177
prometheus/prometheus,15668,2024-12-12T22:12:30Z,2024-12-13T09:20:46Z,24,10,34
prometheus/prometheus,15667,2024-12-12T17:06:13Z,2024-12-13T12:34:55Z,29,0,29
prometheus/prometheus,15666,2024-12-12T07:28:17Z,,5584,8,5592
prometheus/prometheus,15665,2024-12-12T03:25:03Z,,29,91,120
prometheus/prometheus,15664,2024-12-11T23:21:52Z,2025-01-06T14:30:39Z,391,404,795
prometheus/prometheus,15663,2024-12-11T20:45:40Z,2024-12-12T00:08:34Z,12,10,22
prometheus/prometheus,15662,2024-12-11T20:45:29Z,,22,16,38
prometheus/prometheus,15661,2024-12-11T20:45:19Z,2025-01-17T18:57:39Z,29,54,83
prometheus/prometheus,15660,2024-12-11T20:45:12Z,2024-12-11T22:34:49Z,6,5,11
prometheus/prometheus,15659,2024-12-11T20:45:01Z,2024-12-11T22:36:04Z,7,12,19
prometheus/prometheus,15658,2024-12-11T20:45:00Z,2024-12-11T22:35:21Z,16,14,30
prometheus/prometheus,15657,2024-12-11T20:44:50Z,,15,7,22
prometheus/prometheus,15656,2024-12-11T20:44:45Z,2024-12-12T00:09:10Z,8,7,15
prometheus/prometheus,15655,2024-12-11T20:44:43Z,,8,7,15
prometheus/prometheus,15654,2024-12-11T20:44:38Z,2024-12-11T22:46:34Z,11,9,20
prometheus/prometheus,15653,2024-12-11T20:44:30Z,2024-12-12T03:55:57Z,14,14,28
prometheus/prometheus,15652,2024-12-11T20:44:23Z,2024-12-11T22:38:51Z,18,12,30
prometheus/prometheus,15651,2024-12-11T20:44:13Z,2024-12-11T22:38:32Z,10,9,19
prometheus/prometheus,15650,2024-12-11T20:44:08Z,2024-12-11T22:37:16Z,6,5,11
prometheus/prometheus,15649,2024-12-11T20:44:02Z,2024-12-11T22:37:01Z,5,5,10
prometheus/prometheus,15648,2024-12-11T20:43:56Z,,117,18,135
prometheus/prometheus,15647,2024-12-11T20:43:53Z,2024-12-12T03:23:07Z,6,6,12
prometheus/prometheus,15646,2024-12-11T20:43:43Z,2024-12-12T00:09:44Z,16,36,52
prometheus/prometheus,15645,2024-12-11T20:43:42Z,2024-12-12T00:11:43Z,16,16,32
prometheus/prometheus,15644,2024-12-11T20:43:35Z,,41,11,52
prometheus/prometheus,15643,2024-12-11T20:43:31Z,2024-12-11T22:32:13Z,10,9,19
prometheus/prometheus,15642,2024-12-11T20:43:20Z,2024-12-11T22:25:20Z,5,5,10
prometheus/prometheus,15641,2024-12-11T20:43:18Z,2024-12-11T22:14:29Z,6,5,11
prometheus/prometheus,15640,2024-12-11T20:43:13Z,2024-12-12T00:10:58Z,11,9,20
prometheus/prometheus,15639,2024-12-11T20:43:09Z,,7,7,14
prometheus/prometheus,15638,2024-12-11T20:43:00Z,,58,7,65
prometheus/prometheus,15637,2024-12-11T13:19:44Z,2024-12-12T13:38:24Z,134,132,266
prometheus/prometheus,15636,2024-12-11T11:12:26Z,2024-12-29T16:54:46Z,6,5,11
prometheus/prometheus,15635,2024-12-11T11:04:30Z,2024-12-11T15:24:37Z,8,5,13
prometheus/prometheus,15634,2024-12-11T11:01:57Z,,18,15,33
prometheus/prometheus,15633,2024-12-11T09:27:24Z,,8,0,8
prometheus/prometheus,15632,2024-12-11T08:17:06Z,2024-12-11T16:07:39Z,6,5,11
prometheus/prometheus,15631,2024-12-11T08:16:59Z,2024-12-11T14:24:57Z,6,5,11
prometheus/prometheus,15630,2024-12-11T08:16:54Z,2024-12-11T14:26:22Z,17,14,31
prometheus/prometheus,15629,2024-12-11T08:16:49Z,2024-12-11T20:30:29Z,12,5,17
prometheus/prometheus,15628,2024-12-11T08:16:42Z,2024-12-11T14:30:44Z,140,78,218
prometheus/prometheus,15627,2024-12-11T08:16:40Z,2024-12-11T19:40:09Z,5,5,10
prometheus/prometheus,15626,2024-12-11T08:16:33Z,2024-12-11T20:31:35Z,6,5,11
prometheus/prometheus,15625,2024-12-11T08:16:32Z,,22,12,34
prometheus/prometheus,15624,2024-12-11T08:16:24Z,,17,8,25
prometheus/prometheus,15623,2024-12-11T08:16:23Z,2024-12-11T19:39:46Z,6,5,11
prometheus/prometheus,15622,2024-12-11T08:16:14Z,2024-12-11T14:35:43Z,5,5,10
prometheus/prometheus,15621,2024-12-11T08:16:13Z,2024-12-11T14:33:03Z,5,5,10
prometheus/prometheus,15620,2024-12-11T08:16:07Z,2024-12-11T14:38:50Z,5,5,10
prometheus/prometheus,15619,2024-12-11T08:16:03Z,,60,93,153
prometheus/prometheus,15618,2024-12-11T08:15:58Z,2024-12-11T19:40:45Z,6,6,12
prometheus/prometheus,15617,2024-12-11T08:15:51Z,2024-12-11T20:30:52Z,365,10,375
prometheus/prometheus,15616,2024-12-11T08:15:50Z,2024-12-11T14:39:23Z,7,6,13
prometheus/prometheus,15615,2024-12-11T08:15:39Z,,11,9,20
prometheus/prometheus,15614,2024-12-11T08:15:38Z,,15,5,20
prometheus/prometheus,15613,2024-12-11T08:15:31Z,2024-12-11T14:40:19Z,26,16,42
prometheus/prometheus,15612,2024-12-11T08:15:30Z,2024-12-11T19:41:21Z,5,5,10
prometheus/prometheus,15611,2024-12-11T08:15:24Z,2024-12-11T19:39:33Z,1228,215,1443
prometheus/prometheus,15610,2024-12-11T08:15:22Z,2024-12-11T20:32:43Z,24,26,50
prometheus/prometheus,15609,2024-12-11T08:15:13Z,2024-12-11T14:23:14Z,19,9,28
prometheus/prometheus,15608,2024-12-11T08:15:10Z,,3,3,6
prometheus/prometheus,15607,2024-12-11T08:15:08Z,,207,182,389
prometheus/prometheus,15606,2024-12-11T08:15:06Z,2024-12-18T11:23:23Z,3,3,6
prometheus/prometheus,15605,2024-12-11T08:15:04Z,2025-01-28T13:58:56Z,81,20,101
prometheus/prometheus,15604,2024-12-11T08:14:55Z,2024-12-12T10:15:14Z,3,3,6
prometheus/prometheus,15603,2024-12-11T08:14:54Z,,71,93,164
prometheus/prometheus,15602,2024-12-11T08:14:52Z,2024-12-11T14:32:32Z,7,6,13
prometheus/prometheus,15601,2024-12-11T08:14:51Z,,6,6,12
prometheus/prometheus,15600,2024-12-11T08:14:48Z,,15,44,59
prometheus/prometheus,15599,2024-12-11T08:14:45Z,2024-12-11T14:31:56Z,13,20,33
prometheus/prometheus,15598,2024-12-11T08:14:45Z,,6,5,11
prometheus/prometheus,15597,2024-12-11T08:14:38Z,,3,3,6
prometheus/prometheus,15596,2024-12-11T08:14:36Z,2024-12-11T14:40:47Z,6,5,11
prometheus/prometheus,15595,2024-12-11T08:14:36Z,,3,3,6
prometheus/prometheus,15594,2024-12-11T08:14:36Z,,70,49,119
prometheus/prometheus,15593,2024-12-11T08:14:34Z,2024-12-12T04:04:57Z,21,21,42
prometheus/prometheus,15592,2024-12-11T08:14:30Z,2024-12-18T11:24:29Z,6,6,12
prometheus/prometheus,15591,2024-12-11T08:14:27Z,2024-12-11T14:41:17Z,125,97,222
prometheus/prometheus,15590,2024-12-11T08:14:20Z,2024-12-11T19:35:25Z,5,5,10
prometheus/prometheus,15589,2024-12-11T08:14:18Z,,9,9,18
prometheus/prometheus,15588,2024-12-11T08:14:13Z,2024-12-11T19:40:30Z,9,9,18
prometheus/prometheus,15587,2024-12-11T08:14:11Z,,15,7,22
prometheus/prometheus,15586,2024-12-11T08:14:04Z,2024-12-11T14:34:42Z,5,5,10
prometheus/prometheus,15585,2024-12-11T08:14:03Z,,25,25,50
prometheus/prometheus,15584,2024-12-11T08:14:02Z,2024-12-11T14:33:39Z,47,43,90
prometheus/prometheus,15583,2024-12-11T08:14:00Z,2024-12-29T16:50:09Z,1,1,2
prometheus/prometheus,15582,2024-12-11T08:13:56Z,2024-12-29T16:49:51Z,4,4,8
prometheus/prometheus,15581,2024-12-11T08:13:49Z,2024-12-29T17:08:18Z,3,3,6
prometheus/prometheus,15580,2024-12-11T08:13:48Z,2024-12-29T16:50:30Z,1,1,2
prometheus/prometheus,15579,2024-12-11T08:09:41Z,2025-01-28T11:11:59Z,9,3,12
prometheus/prometheus,15578,2024-12-11T07:00:22Z,,302,72,374
prometheus/prometheus,15577,2024-12-11T06:54:40Z,,174,30,204
prometheus/prometheus,15576,2024-12-10T23:46:37Z,2024-12-11T00:32:32Z,6,6,12
prometheus/prometheus,15575,2024-12-10T23:43:05Z,,58,17,75
prometheus/prometheus,15573,2024-12-10T17:15:35Z,2024-12-11T14:12:53Z,18,11,29
prometheus/prometheus,15571,2024-12-10T16:12:28Z,2024-12-11T08:12:57Z,15,0,15
prometheus/prometheus,15570,2024-12-10T16:02:36Z,,267,62,329
prometheus/prometheus,15569,2024-12-10T16:02:26Z,2024-12-10T17:00:33Z,13,6,19
prometheus/prometheus,15568,2024-12-10T15:51:09Z,2024-12-11T00:33:42Z,5,6,11
prometheus/prometheus,15567,2024-12-10T15:37:48Z,2024-12-17T07:40:54Z,8,5,13
prometheus/prometheus,15565,2024-12-10T13:19:55Z,,1517,1201,2718
prometheus/prometheus,15563,2024-12-10T08:25:18Z,2024-12-10T15:33:56Z,42,0,42
prometheus/prometheus,15562,2024-12-10T07:49:06Z,2024-12-10T08:27:24Z,28,1,29
prometheus/prometheus,15561,2024-12-10T04:45:22Z,,218,15,233
prometheus/prometheus,15560,2024-12-10T04:01:50Z,2024-12-13T16:48:30Z,191,0,191
prometheus/prometheus,15558,2024-12-09T16:36:40Z,2025-01-28T16:08:06Z,30,37,67
prometheus/prometheus,15556,2024-12-09T13:08:09Z,2024-12-09T13:25:31Z,2,2,4
prometheus/prometheus,15555,2024-12-09T12:27:42Z,,1081,496,1577
prometheus/prometheus,15554,2024-12-09T11:47:37Z,2024-12-09T12:35:50Z,123,13,136
prometheus/prometheus,15552,2024-12-08T20:54:52Z,2025-01-09T16:27:39Z,280,3,283
prometheus/prometheus,15549,2024-12-06T19:39:25Z,2024-12-12T12:57:09Z,7,0,7
prometheus/prometheus,15548,2024-12-06T18:24:04Z,2024-12-18T14:49:30Z,71,71,142
prometheus/prometheus,15542,2024-12-05T15:41:58Z,2024-12-10T10:52:55Z,9,55,64
prometheus/prometheus,15541,2024-12-05T12:39:52Z,2025-01-16T14:25:46Z,10,10,20
prometheus/prometheus,15540,2024-12-05T05:50:27Z,2025-01-28T12:10:48Z,32,42,74
prometheus/prometheus,15539,2024-12-04T23:44:24Z,2025-01-28T13:10:06Z,904,4,908
prometheus/prometheus,15537,2024-12-04T15:44:07Z,2024-12-05T09:32:48Z,26,23,49
prometheus/prometheus,15533,2024-12-04T10:53:22Z,,83,0,83
prometheus/prometheus,15532,2024-12-03T18:44:25Z,2024-12-04T12:47:28Z,30,11,41
prometheus/prometheus,15531,2024-12-03T18:33:37Z,2024-12-10T16:45:10Z,295,191,486
prometheus/prometheus,15529,2024-12-03T17:10:57Z,2024-12-05T00:26:02Z,74,0,74
prometheus/prometheus,15527,2024-12-03T13:38:48Z,2024-12-03T21:43:08Z,52,36,88
prometheus/prometheus,15526,2024-12-03T13:38:11Z,2024-12-03T19:27:32Z,6,3,9
prometheus/prometheus,15525,2024-12-02T23:40:59Z,,1,1,2
prometheus/prometheus,15523,2024-12-02T14:09:56Z,,42,0,42
prometheus/prometheus,15522,2024-12-01T23:46:59Z,2024-12-10T15:49:28Z,5,5,10
prometheus/prometheus,15521,2024-12-01T23:46:17Z,2024-12-10T15:50:21Z,9,9,18
prometheus/prometheus,15520,2024-12-01T23:45:52Z,,281,61,342
prometheus/prometheus,15519,2024-12-01T23:45:37Z,2024-12-10T15:52:11Z,7,8,15
prometheus/prometheus,15518,2024-12-01T23:44:59Z,2024-12-10T15:52:58Z,14,5,19
prometheus/prometheus,15517,2024-12-01T23:44:45Z,2024-12-10T16:02:10Z,125,264,389
prometheus/prometheus,15516,2024-12-01T23:44:33Z,,13,6,19
prometheus/prometheus,15515,2024-12-01T23:43:14Z,2024-12-10T16:03:38Z,50,68,118
prometheus/prometheus,15514,2024-12-01T23:42:59Z,2024-12-10T16:02:48Z,47,24,71
prometheus/prometheus,15513,2024-12-01T23:41:35Z,2024-12-10T17:01:02Z,5,6,11
prometheus/prometheus,15512,2024-12-01T23:40:49Z,,5,6,11
prometheus/prometheus,15511,2024-12-01T23:34:55Z,2024-12-03T11:35:32Z,3,3,6
prometheus/prometheus,15510,2024-12-01T23:34:48Z,2024-12-03T12:00:09Z,4,4,8
prometheus/prometheus,15509,2024-12-01T23:34:31Z,2024-12-03T11:36:58Z,1,1,2
prometheus/prometheus,15508,2024-12-01T23:34:25Z,2024-12-03T11:37:50Z,2,2,4
prometheus/prometheus,15507,2024-12-01T23:25:23Z,,6,6,12
prometheus/prometheus,15506,2024-12-01T23:25:13Z,2024-12-03T13:37:41Z,3,3,6
prometheus/prometheus,15505,2024-12-01T23:25:01Z,,3,3,6
prometheus/prometheus,15504,2024-12-01T23:24:57Z,,6,7,13
prometheus/prometheus,15503,2024-12-01T23:24:48Z,2024-12-03T12:57:55Z,3,3,6
prometheus/prometheus,15502,2024-12-01T23:24:44Z,2024-12-03T11:39:38Z,3,3,6
prometheus/prometheus,15501,2024-12-01T23:24:35Z,2024-12-10T23:41:01Z,18,18,36
prometheus/prometheus,15500,2024-12-01T23:24:17Z,,3,3,6
prometheus/prometheus,15499,2024-12-01T23:24:10Z,2024-12-03T11:41:23Z,3,3,6
prometheus/prometheus,15498,2024-12-01T23:24:09Z,2024-12-03T11:34:21Z,3,3,6
prometheus/prometheus,15497,2024-12-01T23:23:55Z,2024-12-10T23:41:49Z,3,3,6
prometheus/prometheus,15496,2024-12-01T23:23:44Z,2024-12-03T11:34:00Z,12,44,56
prometheus/prometheus,15495,2024-12-01T23:23:34Z,2024-12-03T11:42:41Z,3,2,5
prometheus/prometheus,15494,2024-12-01T23:23:27Z,2024-12-03T12:55:16Z,18,18,36
prometheus/prometheus,15493,2024-12-01T23:23:12Z,2024-12-03T13:28:15Z,42,42,84
prometheus/prometheus,15492,2024-12-01T23:21:08Z,2024-12-03T13:04:24Z,9,9,18
prometheus/prometheus,15491,2024-12-01T23:05:33Z,2024-12-03T11:43:37Z,3,3,6
prometheus/prometheus,15490,2024-12-01T23:05:29Z,2024-12-03T11:54:44Z,3,3,6
prometheus/prometheus,15489,2024-12-01T06:28:43Z,2024-12-04T13:03:21Z,4,0,4
prometheus/prometheus,15488,2024-11-30T16:12:29Z,2024-12-04T12:11:05Z,26,0,26
prometheus/prometheus,15487,2024-11-29T14:59:17Z,,1,1,2
prometheus/prometheus,15482,2024-11-29T05:30:38Z,2024-11-29T10:46:53Z,158,4,162
prometheus/prometheus,15480,2024-11-27T22:57:25Z,2024-11-28T09:40:31Z,616,438,1054
prometheus/prometheus,15479,2024-11-27T20:31:37Z,2024-11-28T23:26:52Z,24,0,24
prometheus/prometheus,15478,2024-11-27T20:17:33Z,2024-11-28T17:12:32Z,25,17,42
prometheus/prometheus,15477,2024-11-27T18:11:16Z,,35,33715,33750
prometheus/prometheus,15475,2024-11-27T12:11:43Z,2024-11-27T18:41:39Z,19,0,19
prometheus/prometheus,15474,2024-11-27T11:08:19Z,2024-11-27T11:33:21Z,14,1,15
prometheus/prometheus,15473,2024-11-27T04:20:39Z,,84,0,84
prometheus/prometheus,15472,2024-11-27T03:25:47Z,2025-01-27T19:17:46Z,172,114,286
prometheus/prometheus,15469,2024-11-26T18:47:36Z,2024-11-27T20:05:09Z,61,10,71
prometheus/prometheus,15468,2024-11-26T17:07:44Z,2024-11-26T18:34:33Z,1,1,2
prometheus/prometheus,15467,2024-11-26T16:43:19Z,2025-01-03T21:33:21Z,1153,127,1280
prometheus/prometheus,15466,2024-11-26T15:53:15Z,2024-11-26T16:12:16Z,3,3,6
prometheus/prometheus,15465,2024-11-26T14:48:28Z,2024-11-26T15:03:45Z,5,1,6
prometheus/prometheus,15463,2024-11-26T05:41:19Z,,3,3,6
prometheus/prometheus,15462,2024-11-26T05:20:23Z,2024-11-26T06:37:30Z,11,11,22
prometheus/prometheus,15461,2024-11-26T05:20:17Z,2024-11-26T07:00:25Z,3,3,6
prometheus/prometheus,15460,2024-11-26T05:20:12Z,2024-11-26T06:26:06Z,57,45,102
prometheus/prometheus,15459,2024-11-26T05:20:10Z,2024-11-26T13:07:57Z,100,96,196
prometheus/prometheus,15458,2024-11-26T05:20:04Z,,58,17,75
prometheus/prometheus,15457,2024-11-26T05:19:56Z,2024-11-26T06:25:28Z,7,7,14
prometheus/prometheus,15456,2024-11-25T18:36:58Z,2024-11-26T17:20:56Z,0,24,24
prometheus/prometheus,15455,2024-11-25T16:54:37Z,2024-11-26T21:47:21Z,21,39,60
prometheus/prometheus,15453,2024-11-25T14:39:20Z,2024-11-26T16:02:43Z,55,40,95
prometheus/prometheus,15451,2024-11-25T10:42:50Z,,7,0,7
prometheus/prometheus,15449,2024-11-25T09:33:24Z,2024-11-27T18:42:22Z,2,2,4
prometheus/prometheus,15448,2024-11-25T09:05:34Z,2024-12-02T16:33:48Z,147,39,186
prometheus/prometheus,15447,2024-11-25T04:42:52Z,2024-12-30T08:46:17Z,1,1,2
prometheus/prometheus,15445,2024-11-24T21:04:51Z,2024-11-27T19:52:29Z,11,11,22
prometheus/prometheus,15441,2024-11-22T14:18:34Z,2024-11-24T16:08:59Z,11,35,46
prometheus/prometheus,15440,2024-11-22T14:11:44Z,,29,40,69
prometheus/prometheus,15438,2024-11-22T00:30:32Z,2024-11-24T16:30:20Z,4,1,5
prometheus/prometheus,15436,2024-11-21T14:55:17Z,2024-11-24T16:13:19Z,1,1,2
prometheus/prometheus,15434,2024-11-21T06:13:32Z,2024-11-24T16:54:13Z,22,60,82
prometheus/prometheus,15432,2024-11-20T21:31:03Z,2024-11-26T18:12:36Z,161,46,207
prometheus/prometheus,15431,2024-11-20T17:20:40Z,2024-11-21T13:50:23Z,149,16,165
prometheus/prometheus,15429,2024-11-20T13:00:28Z,2024-11-21T13:20:39Z,403,397,800
prometheus/prometheus,15428,2024-11-20T12:04:09Z,2024-11-26T16:39:00Z,7,6,13
prometheus/prometheus,15427,2024-11-20T10:42:47Z,2024-11-20T16:52:20Z,4,2,6
prometheus/prometheus,15426,2024-11-20T08:52:04Z,2024-11-29T11:52:56Z,104,65,169
prometheus/prometheus,15425,2024-11-20T08:21:48Z,2024-11-20T09:29:19Z,47,0,47
prometheus/prometheus,15424,2024-11-20T08:12:16Z,2024-11-20T16:22:20Z,28,31,59
prometheus/prometheus,15422,2024-11-19T20:41:09Z,2024-11-20T10:27:33Z,17,7,24
prometheus/prometheus,15421,2024-11-19T18:34:40Z,,9,9,18
prometheus/prometheus,15419,2024-11-19T15:25:48Z,2024-11-20T10:41:36Z,20,448,468
prometheus/prometheus,15417,2024-11-19T04:02:26Z,2024-11-20T13:36:47Z,3,3,6
prometheus/prometheus,15416,2024-11-18T17:16:26Z,2024-11-20T10:13:04Z,60,36,96
prometheus/prometheus,15415,2024-11-18T14:54:45Z,2024-11-19T18:33:33Z,230,145,375
prometheus/prometheus,15414,2024-11-18T05:29:03Z,2024-11-19T07:17:49Z,3,2,5
prometheus/prometheus,15413,2024-11-18T04:56:05Z,2024-11-19T08:13:34Z,302,0,302
prometheus/prometheus,15410,2024-11-17T22:07:45Z,,8,0,8
prometheus/prometheus,15409,2024-11-17T14:33:29Z,,5,29,34
prometheus/prometheus,15408,2024-11-16T10:55:27Z,,7,2,9
prometheus/prometheus,15407,2024-11-15T20:50:43Z,2024-11-20T14:25:04Z,2,0,2
prometheus/prometheus,15405,2024-11-15T16:35:15Z,,277,2,279
prometheus/prometheus,15404,2024-11-15T13:37:51Z,,83,0,83
prometheus/prometheus,15403,2024-11-15T11:20:15Z,2024-11-25T17:31:24Z,13,9,22
prometheus/prometheus,15400,2024-11-14T16:26:35Z,2024-11-24T16:28:21Z,9,1,10
prometheus/prometheus,15399,2024-11-14T15:53:27Z,2024-11-27T19:13:42Z,445,362,807
prometheus/prometheus,15398,2024-11-14T08:21:16Z,2024-11-19T09:33:22Z,1,0,1
prometheus/prometheus,15397,2024-11-14T08:18:36Z,2024-11-19T09:58:01Z,1,0,1
prometheus/prometheus,15395,2024-11-13T17:35:44Z,,5,5,10
prometheus/prometheus,15393,2024-11-13T12:33:24Z,2024-11-14T16:19:49Z,48,53,101
prometheus/prometheus,15391,2024-11-12T19:27:11Z,,26,19,45
prometheus/prometheus,15389,2024-11-12T13:56:13Z,2024-11-12T14:12:37Z,4,4,8
prometheus/prometheus,15388,2024-11-12T10:57:02Z,2024-11-12T13:59:56Z,234,6,240
prometheus/prometheus,15386,2024-11-12T10:06:03Z,2024-11-12T11:03:15Z,1,1,2
prometheus/prometheus,15384,2024-11-11T21:46:26Z,2024-11-11T22:19:21Z,408,117,525
prometheus/prometheus,15383,2024-11-11T21:02:14Z,2024-11-24T18:46:24Z,60,7,67
prometheus/prometheus,15382,2024-11-11T19:33:04Z,2024-11-11T21:09:29Z,10,4,14
prometheus/prometheus,15381,2024-11-11T19:14:49Z,,1,1,2
prometheus/prometheus,15380,2024-11-11T18:45:32Z,2024-11-25T17:31:49Z,15,30,45
prometheus/prometheus,15379,2024-11-11T18:41:42Z,2024-11-12T11:51:09Z,27,29,56
prometheus/prometheus,15378,2024-11-11T17:27:57Z,2024-11-12T12:27:01Z,5,11,16
prometheus/prometheus,15377,2024-11-11T17:21:44Z,,1,0,1
prometheus/prometheus,15376,2024-11-11T16:57:48Z,2024-11-11T17:24:59Z,5,11,16
prometheus/prometheus,15375,2024-11-11T16:49:00Z,2024-11-11T23:35:50Z,31,17,48
prometheus/prometheus,15374,2024-11-11T16:36:25Z,,303,48,351
prometheus/prometheus,15373,2024-11-11T13:49:47Z,2024-11-11T16:29:33Z,10,17,27
prometheus/prometheus,15372,2024-11-11T13:09:58Z,2024-11-11T17:26:38Z,10,17,27
prometheus/prometheus,15371,2024-11-11T11:01:22Z,2024-11-24T17:55:10Z,6,4,10
prometheus/prometheus,15369,2024-11-11T07:02:45Z,2024-11-12T12:27:39Z,2,2,4
prometheus/prometheus,15367,2024-11-09T20:14:34Z,,16,0,16
prometheus/prometheus,15366,2024-11-08T18:10:14Z,,2,0,2
prometheus/prometheus,15365,2024-11-08T17:07:26Z,2025-05-21T12:42:30Z,819,29,848
prometheus/prometheus,15364,2024-11-08T15:00:53Z,,939,894,1833
prometheus/prometheus,15363,2024-11-08T14:31:30Z,2024-11-08T15:56:43Z,2,2,4
prometheus/prometheus,15361,2024-11-07T20:05:22Z,2024-11-20T15:46:11Z,14,3,17
prometheus/prometheus,15360,2024-11-07T19:58:02Z,,184,37,221
prometheus/prometheus,15357,2024-11-07T11:33:16Z,2024-11-08T18:43:13Z,110,59,169
prometheus/prometheus,15356,2024-11-07T11:05:10Z,2024-11-21T15:53:06Z,20,7,27
prometheus/prometheus,15355,2024-11-07T09:08:48Z,2024-11-07T10:28:13Z,4,4,8
prometheus/prometheus,15354,2024-11-07T07:40:43Z,2025-04-09T09:23:40Z,8,0,8
prometheus/prometheus,15353,2024-11-06T16:23:23Z,2024-11-07T09:42:32Z,23,23,46
prometheus/prometheus,15352,2024-11-06T15:31:15Z,,109,59,168
prometheus/prometheus,15351,2024-11-06T14:00:19Z,2024-11-06T14:38:47Z,1,1,2
prometheus/prometheus,15349,2024-11-06T11:10:51Z,,318,150,468
prometheus/prometheus,15348,2024-11-06T10:48:17Z,2024-11-12T11:20:29Z,6,271,277
prometheus/prometheus,15347,2024-11-06T09:37:11Z,2024-12-29T17:03:06Z,0,3,3
prometheus/prometheus,15343,2024-11-05T19:16:31Z,2024-11-12T14:14:07Z,490,107,597
prometheus/prometheus,15342,2024-11-05T17:30:43Z,,175,118,293
prometheus/prometheus,15341,2024-11-05T15:30:10Z,2024-11-05T18:06:45Z,15,1,16
prometheus/prometheus,15340,2024-11-05T15:15:24Z,2024-11-05T15:48:46Z,15,1,16
prometheus/prometheus,15339,2024-11-05T14:10:25Z,2024-11-20T13:34:37Z,2,0,2
prometheus/prometheus,15338,2024-11-05T11:04:44Z,2024-11-05T12:03:05Z,0,1,1
prometheus/prometheus,15336,2024-11-05T10:48:56Z,2024-11-07T09:07:15Z,4,4,8
prometheus/prometheus,15334,2024-11-05T08:39:32Z,2025-01-09T14:54:05Z,790,412,1202
prometheus/prometheus,15333,2024-11-05T01:33:53Z,,1733,1056,2789
prometheus/prometheus,15332,2024-11-04T20:43:32Z,,40,50,90
prometheus/prometheus,15331,2024-11-04T20:18:28Z,2024-11-15T14:09:50Z,8,2,10
prometheus/prometheus,15330,2024-11-04T20:02:10Z,2024-11-05T12:15:36Z,18,14,32
prometheus/prometheus,15329,2024-11-04T16:15:28Z,2024-11-15T15:41:50Z,237,1,238
prometheus/prometheus,15328,2024-11-04T15:06:41Z,2024-11-06T16:20:53Z,0,12,12
prometheus/prometheus,15327,2024-11-04T13:02:03Z,2024-11-06T10:11:30Z,73,0,73
prometheus/prometheus,15326,2024-11-04T13:00:24Z,2024-11-04T14:26:23Z,18,14,32
prometheus/prometheus,15325,2024-11-04T12:13:16Z,2024-11-04T13:09:12Z,19179,8579,27758
prometheus/prometheus,15323,2024-11-04T11:38:57Z,2024-11-06T10:27:54Z,1,1,2
prometheus/prometheus,15322,2024-11-04T11:35:18Z,2024-11-06T15:51:40Z,4,4,8
prometheus/prometheus,15321,2024-11-04T11:03:42Z,,21,3,24
prometheus/prometheus,15320,2024-11-04T04:39:54Z,,3,2,5
prometheus/prometheus,15319,2024-11-04T04:00:54Z,,43,48,91
prometheus/prometheus,15318,2024-11-03T18:46:56Z,2024-11-06T15:50:36Z,164,149,313
prometheus/prometheus,15316,2024-11-03T12:00:22Z,2024-11-03T14:49:27Z,12,78,90
prometheus/prometheus,15315,2024-11-03T09:19:37Z,,62613,63961,126574
prometheus/prometheus,15314,2024-11-02T16:18:12Z,2024-11-03T12:56:55Z,63,55,118
prometheus/prometheus,15312,2024-11-02T13:51:46Z,2024-11-02T14:38:51Z,2,2,4
prometheus/prometheus,15311,2024-11-02T11:25:09Z,2024-11-03T12:30:02Z,7,9,16
prometheus/prometheus,15310,2024-11-02T10:33:46Z,,85,18,103
prometheus/prometheus,15309,2024-11-01T23:47:44Z,2024-11-05T10:43:39Z,3,3,6
prometheus/prometheus,15308,2024-11-01T23:47:40Z,2024-11-05T10:01:30Z,3,3,6
prometheus/prometheus,15307,2024-11-01T23:47:36Z,2024-11-05T14:56:43Z,3,3,6
prometheus/prometheus,15306,2024-11-01T23:39:49Z,2024-11-05T15:09:02Z,1,1,2
prometheus/prometheus,15305,2024-11-01T23:39:47Z,2024-11-08T14:08:02Z,1,1,2
prometheus/prometheus,15304,2024-11-01T23:39:40Z,2024-11-05T15:07:07Z,1,1,2
prometheus/prometheus,15303,2024-11-01T23:27:58Z,2024-11-08T14:09:53Z,3,3,6
prometheus/prometheus,15302,2024-11-01T23:27:52Z,,3,3,6
prometheus/prometheus,15301,2024-11-01T23:27:49Z,2024-11-05T09:58:33Z,13,3,16
prometheus/prometheus,15300,2024-11-01T23:27:35Z,2024-11-24T17:40:58Z,3,3,6
prometheus/prometheus,15299,2024-11-01T23:27:31Z,2024-11-05T09:58:11Z,3,3,6
prometheus/prometheus,15298,2024-11-01T23:27:25Z,2024-11-05T10:19:45Z,3,3,6
prometheus/prometheus,15297,2024-11-01T23:27:19Z,2024-11-05T10:35:01Z,3,3,6
prometheus/prometheus,15296,2024-11-01T23:27:15Z,2024-11-05T14:55:14Z,3,5,8
prometheus/prometheus,15295,2024-11-01T23:27:03Z,2024-11-05T15:37:25Z,3,3,6
prometheus/prometheus,15294,2024-11-01T23:26:57Z,2024-11-05T10:31:54Z,3,3,6
prometheus/prometheus,15293,2024-11-01T23:26:54Z,,3,3,6
prometheus/prometheus,15292,2024-11-01T23:26:53Z,2024-11-05T14:56:08Z,3,3,6
prometheus/prometheus,15291,2024-11-01T23:26:48Z,2024-11-05T14:58:10Z,21,21,42
prometheus/prometheus,15290,2024-11-01T23:26:36Z,2024-11-05T10:35:13Z,3,3,6
prometheus/prometheus,15289,2024-11-01T23:26:28Z,2024-11-08T08:49:34Z,1,1,2
prometheus/prometheus,15288,2024-11-01T23:26:27Z,2024-11-08T13:34:06Z,20,20,40
prometheus/prometheus,15287,2024-11-01T23:26:23Z,2024-11-05T10:35:45Z,8,8,16
prometheus/prometheus,15286,2024-11-01T23:26:20Z,2024-11-05T14:57:47Z,1,1,2
prometheus/prometheus,15285,2024-11-01T23:26:16Z,2024-11-08T08:49:09Z,20,20,40
prometheus/prometheus,15284,2024-11-01T23:26:09Z,2024-11-08T14:08:30Z,2,2,4
prometheus/prometheus,15283,2024-11-01T23:25:51Z,2024-11-24T16:39:52Z,9,9,18
prometheus/prometheus,15282,2024-11-01T23:21:21Z,,14,14,28
prometheus/prometheus,15281,2024-11-01T23:20:59Z,2024-12-10T23:37:59Z,9,9,18
prometheus/prometheus,15280,2024-11-01T23:20:46Z,,7,8,15
prometheus/prometheus,15279,2024-11-01T23:20:36Z,,305,56,361
prometheus/prometheus,15278,2024-11-01T23:20:20Z,2024-12-10T23:37:42Z,7,8,15
prometheus/prometheus,15277,2024-11-01T23:20:11Z,2024-12-10T23:37:21Z,5,6,11
prometheus/prometheus,15276,2024-11-01T23:20:00Z,2024-12-10T23:32:36Z,5,6,11
prometheus/prometheus,15275,2024-11-01T23:19:47Z,2024-12-10T16:59:43Z,5,5,10
prometheus/prometheus,15274,2024-11-01T23:19:40Z,,13,6,19
prometheus/prometheus,15273,2024-11-01T23:19:27Z,,14,5,19
prometheus/prometheus,15272,2024-11-01T23:19:16Z,,8,9,17
prometheus/prometheus,15271,2024-11-01T23:19:04Z,,5,6,11
prometheus/prometheus,15270,2024-11-01T23:18:52Z,2024-12-11T14:34:15Z,5,36,41
prometheus/prometheus,15269,2024-11-01T23:18:41Z,,14,14,28
prometheus/prometheus,15268,2024-11-01T23:18:28Z,2024-12-10T17:17:22Z,5,6,11
prometheus/prometheus,15267,2024-11-01T23:18:16Z,,5,5,10
prometheus/prometheus,15266,2024-11-01T23:18:05Z,,5,6,11
prometheus/prometheus,15265,2024-11-01T23:17:54Z,2024-12-10T16:58:40Z,5,5,10
prometheus/prometheus,15264,2024-11-01T23:17:44Z,,5,6,11
prometheus/prometheus,15263,2024-11-01T23:17:33Z,,9,9,18
prometheus/prometheus,15261,2024-11-01T18:29:55Z,2024-12-21T13:33:08Z,162,135,297
prometheus/prometheus,15260,2024-11-01T16:26:33Z,2024-11-26T09:52:17Z,102,50,152
prometheus/prometheus,15258,2024-11-01T14:02:55Z,2024-11-08T13:02:48Z,399,117,516
prometheus/prometheus,15256,2024-10-31T20:03:16Z,2024-11-04T19:39:35Z,19,17,36
prometheus/prometheus,15255,2024-10-31T19:17:56Z,,327,307,634
prometheus/prometheus,15254,2024-10-31T19:17:00Z,,212,66,278
prometheus/prometheus,15253,2024-10-31T17:47:00Z,,150,0,150
prometheus/prometheus,15252,2024-10-31T16:51:01Z,2024-10-31T17:33:06Z,7,5,12
prometheus/prometheus,15251,2024-10-31T13:02:28Z,2024-11-03T12:15:49Z,3,3,6
prometheus/prometheus,15250,2024-10-31T07:36:40Z,2024-11-02T12:08:13Z,69,0,69
prometheus/prometheus,15249,2024-10-30T21:12:05Z,2024-10-31T22:05:38Z,51,3,54
prometheus/prometheus,15248,2024-10-30T16:52:42Z,,74,46,120
prometheus/prometheus,15246,2024-10-30T02:17:49Z,,125,30,155
prometheus/prometheus,15245,2024-10-29T18:58:11Z,2024-11-12T14:37:06Z,173,67,240
prometheus/prometheus,15244,2024-10-29T18:44:55Z,2024-11-04T11:13:41Z,242,41,283
prometheus/prometheus,15242,2024-10-29T16:50:53Z,2024-11-05T11:59:57Z,23,0,23
prometheus/prometheus,15240,2024-10-29T16:22:28Z,,5,5,10
prometheus/prometheus,15239,2024-10-29T16:06:03Z,2024-10-29T16:27:44Z,44,123,167
prometheus/prometheus,15238,2024-10-29T15:45:16Z,2025-05-06T13:51:25Z,131,5,136
prometheus/prometheus,15237,2024-10-29T15:34:38Z,,86,31,117
prometheus/prometheus,15233,2024-10-29T09:04:00Z,,992,21,1013
prometheus/prometheus,15231,2024-10-28T14:41:19Z,2024-10-29T09:40:47Z,49,11,60
prometheus/prometheus,15230,2024-10-28T11:58:59Z,2024-10-28T21:53:13Z,31,23,54
prometheus/prometheus,15228,2024-10-28T09:07:19Z,2024-10-29T11:13:00Z,1,1,2
prometheus/prometheus,15227,2024-10-27T15:34:51Z,2024-12-05T09:48:27Z,58,0,58
prometheus/prometheus,15226,2024-10-27T15:04:30Z,2024-11-12T11:40:31Z,39,0,39
prometheus/prometheus,15225,2024-10-27T09:18:26Z,2024-10-28T09:40:49Z,1,1,2
prometheus/prometheus,15224,2024-10-25T18:30:07Z,,28,100,128
prometheus/prometheus,15223,2024-10-25T14:55:16Z,2024-10-31T19:33:37Z,1011,118,1129
prometheus/prometheus,15222,2024-10-25T14:51:00Z,2024-11-01T13:26:16Z,22,14,36
prometheus/prometheus,15221,2024-10-25T13:02:50Z,,310,20,330
prometheus/prometheus,15220,2024-10-25T08:56:16Z,2024-11-08T18:02:48Z,451,141,592
prometheus/prometheus,15219,2024-10-25T07:45:34Z,2024-10-25T09:07:56Z,10,3,13
prometheus/prometheus,15218,2024-10-25T07:19:13Z,2024-10-28T07:31:43Z,190,113,303
prometheus/prometheus,15217,2024-10-25T05:15:48Z,2024-10-25T16:29:35Z,44,1,45
prometheus/prometheus,15216,2024-10-24T16:28:57Z,2024-11-01T14:15:39Z,1,1,2
prometheus/prometheus,15215,2024-10-24T15:18:28Z,2024-10-24T16:18:22Z,0,2,2
prometheus/prometheus,15214,2024-10-24T14:19:45Z,,29,14,43
prometheus/prometheus,15213,2024-10-24T13:11:24Z,,8,1,9
prometheus/prometheus,15212,2024-10-24T12:01:53Z,,2164,0,2164
prometheus/prometheus,15210,2024-10-24T08:54:00Z,2024-11-12T11:46:08Z,42,17,59
prometheus/prometheus,15209,2024-10-24T08:39:19Z,2024-10-24T16:14:05Z,286,104,390
prometheus/prometheus,15207,2024-10-24T07:18:32Z,,2164,0,2164
prometheus/prometheus,15206,2024-10-24T06:59:27Z,2024-10-28T21:53:55Z,12,10,22
prometheus/prometheus,15205,2024-10-24T05:38:10Z,2024-10-25T09:11:46Z,16,36,52
prometheus/prometheus,15201,2024-10-23T12:10:30Z,,157,2,159
prometheus/prometheus,15198,2024-10-23T06:54:58Z,2024-10-24T05:38:58Z,88,44,132
prometheus/prometheus,15197,2024-10-22T13:22:03Z,2024-10-22T13:35:37Z,8,0,8
prometheus/prometheus,15196,2024-10-22T12:26:44Z,2024-10-22T13:24:37Z,46,10,56
prometheus/prometheus,15195,2024-10-22T08:44:07Z,,1,0,1
prometheus/prometheus,15194,2024-10-22T08:31:46Z,2024-10-22T10:53:53Z,16,19,35
prometheus/prometheus,15193,2024-10-22T07:24:17Z,2024-10-22T16:49:25Z,37,38,75
prometheus/prometheus,15192,2024-10-22T03:34:28Z,,18294,13704,31998
prometheus/prometheus,15191,2024-10-21T08:17:42Z,,323,5,328
prometheus/prometheus,15190,2024-10-21T04:18:55Z,2024-11-27T12:20:23Z,196,178,374
prometheus/prometheus,15188,2024-10-20T16:46:18Z,,27,23,50
prometheus/prometheus,15187,2024-10-20T01:32:10Z,,1,0,1
prometheus/prometheus,15184,2024-10-18T12:03:21Z,,523,514,1037
prometheus/prometheus,15183,2024-10-18T11:12:20Z,,3,0,3
prometheus/prometheus,15182,2024-10-18T10:31:39Z,,296,92,388
prometheus/prometheus,15180,2024-10-18T06:55:49Z,2024-10-18T08:49:03Z,92,13,105
prometheus/prometheus,15179,2024-10-17T16:28:20Z,2024-10-25T19:40:15Z,2,3,5
prometheus/prometheus,15178,2024-10-17T13:05:29Z,2024-10-18T07:32:15Z,23,23,46
prometheus/prometheus,15176,2024-10-17T04:40:10Z,2024-10-22T17:14:16Z,13,0,13
prometheus/prometheus,15173,2024-10-16T13:11:06Z,2024-10-18T09:28:20Z,56,57,113
prometheus/prometheus,15172,2024-10-16T13:02:49Z,2024-10-16T13:26:41Z,3,3,6
prometheus/prometheus,15170,2024-10-16T06:21:25Z,2024-10-18T15:33:08Z,43,7,50
prometheus/prometheus,15169,2024-10-16T04:09:46Z,2024-11-12T13:56:13Z,28,0,28
prometheus/prometheus,15168,2024-10-15T15:55:15Z,2024-10-16T12:19:36Z,46,29,75
prometheus/prometheus,15167,2024-10-15T15:31:55Z,2024-10-18T13:35:21Z,182,4,186
prometheus/prometheus,15166,2024-10-15T14:40:00Z,2024-10-16T11:52:25Z,3,3,6
prometheus/prometheus,15165,2024-10-15T14:28:23Z,2025-01-14T14:33:32Z,586,34,620
prometheus/prometheus,15164,2024-10-15T14:25:29Z,2024-10-19T19:13:04Z,73,61,134
prometheus/prometheus,15163,2024-10-15T14:03:37Z,2024-10-15T14:33:32Z,67,50,117
prometheus/prometheus,15162,2024-10-15T13:24:19Z,2024-10-15T13:52:07Z,2,2,4
prometheus/prometheus,15161,2024-10-15T09:23:04Z,2024-10-28T16:05:11Z,1,0,1
prometheus/prometheus,15159,2024-10-14T14:40:28Z,2024-10-16T08:25:18Z,11,22,33
prometheus/prometheus,15156,2024-10-14T09:38:12Z,2024-10-14T12:23:11Z,206,79,285
prometheus/prometheus,15150,2024-10-11T16:42:57Z,2024-10-14T09:18:15Z,3,4,7
prometheus/prometheus,15148,2024-10-11T12:11:31Z,2024-11-26T11:15:01Z,2,1,3
prometheus/prometheus,15142,2024-10-10T11:22:41Z,2024-10-14T06:13:39Z,106,58,164
prometheus/prometheus,15141,2024-10-10T10:38:13Z,2024-10-11T13:21:16Z,78,12,90
prometheus/prometheus,15140,2024-10-10T10:26:47Z,,55,0,55
prometheus/prometheus,15136,2024-10-09T13:48:28Z,2024-10-18T15:12:31Z,280,42,322
prometheus/prometheus,15135,2024-10-09T12:19:55Z,2024-10-10T10:00:52Z,43,8,51
prometheus/prometheus,15132,2024-10-08T14:31:28Z,,76,0,76
prometheus/prometheus,15128,2024-10-08T09:54:19Z,2024-11-05T14:34:24Z,1,0,1
prometheus/prometheus,15127,2024-10-08T09:23:44Z,2024-10-08T09:37:21Z,21,0,21
prometheus/prometheus,15125,2024-10-07T23:08:09Z,,27,0,27
prometheus/prometheus,15124,2024-10-07T22:03:30Z,2024-10-27T00:06:34Z,395,22,417
prometheus/prometheus,15120,2024-10-07T12:51:32Z,2024-10-15T09:27:38Z,2,2,4
prometheus/prometheus,15119,2024-10-07T12:48:08Z,2024-10-11T11:10:34Z,174,1468,1642
prometheus/prometheus,15118,2024-10-07T10:48:24Z,2024-10-07T13:50:06Z,66,0,66
prometheus/prometheus,15117,2024-10-07T09:45:24Z,2024-10-07T10:00:28Z,18,18,36
prometheus/prometheus,15115,2024-10-07T05:46:38Z,,542,116,658
prometheus/prometheus,15113,2024-10-06T00:07:31Z,2024-10-07T09:17:24Z,3,0,3
prometheus/prometheus,15112,2024-10-05T20:06:27Z,2024-10-29T12:34:02Z,370,233,603
prometheus/prometheus,15111,2024-10-05T18:34:23Z,2024-10-08T10:49:40Z,61,54,115
prometheus/prometheus,15106,2024-10-05T11:50:29Z,,18,0,18
prometheus/prometheus,15103,2024-10-04T20:28:47Z,,81,9,90
prometheus/prometheus,15099,2024-10-04T14:41:38Z,2024-10-25T10:30:14Z,173,169,342
prometheus/prometheus,15098,2024-10-04T14:29:58Z,,9,8,17
prometheus/prometheus,15097,2024-10-04T14:15:46Z,2024-10-10T11:01:13Z,165,82,247
prometheus/prometheus,15096,2024-10-04T12:15:05Z,2024-10-04T14:01:03Z,121,63,184
prometheus/prometheus,15095,2024-10-04T12:02:49Z,2024-10-07T11:17:44Z,382,477,859
prometheus/prometheus,15094,2024-10-04T10:26:17Z,2024-10-06T16:35:29Z,45,81,126
prometheus/prometheus,15093,2024-10-04T10:19:28Z,2025-03-25T12:47:22Z,23,7,30
prometheus/prometheus,15092,2024-10-04T10:11:52Z,2024-10-09T11:07:59Z,6,1,7
prometheus/prometheus,15090,2024-10-04T09:20:33Z,2024-10-04T12:57:24Z,52,3,55
prometheus/prometheus,15086,2024-10-03T19:23:19Z,2024-10-08T12:34:33Z,52,0,52
prometheus/prometheus,15084,2024-10-03T12:15:50Z,2024-10-08T12:59:08Z,3,2,5
prometheus/prometheus,15083,2024-10-03T09:50:50Z,2024-10-07T08:55:26Z,180,236,416
prometheus/prometheus,15082,2024-10-03T08:27:01Z,2024-10-04T11:40:03Z,19,14,33
prometheus/prometheus,15074,2024-10-02T11:40:03Z,2024-10-02T14:02:42Z,38,3,41
prometheus/prometheus,15073,2024-10-02T10:25:00Z,2024-10-02T10:40:32Z,1,0,1
prometheus/prometheus,15069,2024-10-02T04:34:42Z,2024-10-02T13:19:18Z,1,1,2
prometheus/prometheus,15068,2024-10-01T23:46:20Z,2024-10-02T04:55:48Z,2,2,4
prometheus/prometheus,15067,2024-10-01T23:46:15Z,2024-10-02T04:45:43Z,4,4,8
prometheus/prometheus,15066,2024-10-01T23:46:13Z,2024-10-02T04:39:59Z,1,1,2
prometheus/prometheus,15065,2024-10-01T23:46:04Z,2024-10-02T05:29:50Z,1,1,2
prometheus/prometheus,15064,2024-10-01T23:46:00Z,2024-10-06T18:01:58Z,20,20,40
prometheus/prometheus,15063,2024-10-01T23:21:45Z,2024-10-02T05:06:12Z,5,6,11
prometheus/prometheus,15062,2024-10-01T23:21:31Z,2024-10-02T05:05:53Z,14,6,20
prometheus/prometheus,15061,2024-10-01T23:21:20Z,2024-10-02T06:24:42Z,13,16,29
prometheus/prometheus,15060,2024-10-01T23:21:08Z,2024-10-02T05:05:29Z,7,8,15
prometheus/prometheus,15059,2024-10-01T23:20:54Z,2024-10-02T05:06:39Z,8,9,17
prometheus/prometheus,15058,2024-10-01T23:20:40Z,2024-10-02T06:19:24Z,12,15,27
prometheus/prometheus,15057,2024-10-01T23:20:26Z,2024-10-02T05:54:37Z,7,8,15
prometheus/prometheus,15056,2024-10-01T23:20:16Z,2024-10-02T05:54:55Z,100,109,209
prometheus/prometheus,15055,2024-10-01T23:20:02Z,2024-10-02T06:24:24Z,17,19,36
prometheus/prometheus,15054,2024-10-01T23:19:53Z,2024-10-02T05:05:05Z,9,11,20
prometheus/prometheus,15053,2024-10-01T23:19:38Z,2024-10-02T05:04:38Z,11,13,24
prometheus/prometheus,15052,2024-10-01T23:19:24Z,2024-10-02T04:47:02Z,9,11,20
prometheus/prometheus,15051,2024-10-01T23:19:12Z,2024-10-02T04:08:21Z,5,6,11
prometheus/prometheus,15050,2024-10-01T23:19:01Z,2024-10-02T04:12:06Z,5,6,11
prometheus/prometheus,15049,2024-10-01T23:18:51Z,,305,56,361
prometheus/prometheus,15048,2024-10-01T23:18:38Z,2024-10-02T04:02:29Z,14,17,31
prometheus/prometheus,15047,2024-10-01T23:18:23Z,2024-10-02T04:23:40Z,7,8,15
prometheus/prometheus,15046,2024-10-01T23:18:22Z,2024-10-04T13:12:17Z,12,12,24
prometheus/prometheus,15045,2024-10-01T23:18:15Z,2024-10-08T09:25:59Z,3,3,6
prometheus/prometheus,15044,2024-10-01T23:18:12Z,2024-10-02T04:02:47Z,14,17,31
prometheus/prometheus,15043,2024-10-01T23:18:08Z,2024-10-07T09:44:26Z,6,6,12
prometheus/prometheus,15042,2024-10-01T23:18:02Z,2024-10-07T08:50:26Z,3,3,6
prometheus/prometheus,15041,2024-10-01T23:17:57Z,2024-10-02T04:03:18Z,86,219,305
prometheus/prometheus,15040,2024-10-01T23:17:57Z,2024-10-08T09:25:38Z,3,3,6
prometheus/prometheus,15039,2024-10-01T23:17:48Z,2024-10-07T09:44:07Z,3,3,6
prometheus/prometheus,15038,2024-10-01T23:17:43Z,2024-10-07T10:24:09Z,3,3,6
prometheus/prometheus,15037,2024-10-01T23:17:43Z,2024-10-02T04:49:36Z,34,71,105
prometheus/prometheus,15036,2024-10-01T23:17:39Z,,3,3,6
prometheus/prometheus,15035,2024-10-01T23:17:34Z,2024-10-04T09:23:46Z,18,18,36
prometheus/prometheus,15034,2024-10-01T23:17:21Z,,3,3,6
prometheus/prometheus,15033,2024-10-01T23:17:17Z,2024-10-12T08:38:58Z,3,3,6
prometheus/prometheus,15032,2024-10-01T23:17:11Z,2024-10-04T07:43:03Z,45,45,90
prometheus/prometheus,15031,2024-10-01T23:16:19Z,,3,3,6
prometheus/prometheus,15030,2024-10-01T23:16:17Z,2024-10-12T08:40:23Z,9,9,18
prometheus/prometheus,15029,2024-10-01T23:16:15Z,2024-10-04T07:44:52Z,25,25,50
prometheus/prometheus,15027,2024-10-01T15:08:49Z,,106,8,114
prometheus/prometheus,15026,2024-10-01T14:35:47Z,2024-10-10T10:55:28Z,1,1,2
prometheus/prometheus,15025,2024-10-01T13:53:21Z,2024-10-02T12:17:56Z,234,53,287
prometheus/prometheus,15024,2024-10-01T12:43:16Z,2024-10-01T13:15:21Z,1,1,2
prometheus/prometheus,15020,2024-09-30T21:11:09Z,2024-10-07T12:20:23Z,2,384,386
prometheus/prometheus,15017,2024-09-30T14:13:33Z,,164,4,168
prometheus/prometheus,15016,2024-09-30T14:10:49Z,,165,4,169
prometheus/prometheus,15015,2024-09-30T14:09:41Z,,232,10,242
prometheus/prometheus,15011,2024-09-30T10:58:22Z,2024-11-12T10:55:22Z,234,6,240
prometheus/prometheus,15009,2024-09-30T10:12:39Z,,2,4,6
prometheus/prometheus,15008,2024-09-30T09:22:35Z,,51,0,51
prometheus/prometheus,15007,2024-09-30T08:53:11Z,2024-10-16T16:46:06Z,19,15,34
prometheus/prometheus,15005,2024-09-30T01:07:56Z,2024-09-30T13:44:42Z,0,1,1
prometheus/prometheus,14997,2024-09-27T18:01:18Z,2024-10-09T11:29:02Z,53,5,58
prometheus/prometheus,14996,2024-09-27T15:27:24Z,2024-09-27T16:13:52Z,6,2,8
prometheus/prometheus,14994,2024-09-27T11:55:21Z,2024-09-30T08:17:34Z,140,64,204
prometheus/prometheus,14993,2024-09-27T11:36:22Z,2024-09-30T10:33:07Z,38,2,40
prometheus/prometheus,14992,2024-09-27T10:27:10Z,2024-09-30T19:10:22Z,2,12,14
prometheus/prometheus,14989,2024-09-26T19:43:24Z,2024-10-02T14:53:24Z,12,7,19
prometheus/prometheus,14988,2024-09-26T14:51:51Z,2024-09-27T06:45:49Z,0,1,1
prometheus/prometheus,14987,2024-09-26T12:59:50Z,2024-10-10T19:14:35Z,137,0,137
prometheus/prometheus,14986,2024-09-26T11:19:26Z,2024-10-01T16:03:46Z,12,2,14
prometheus/prometheus,14985,2024-09-26T10:11:10Z,2024-09-30T08:06:25Z,9,27,36
prometheus/prometheus,14983,2024-09-25T18:04:54Z,2024-10-25T16:34:51Z,40,3,43
prometheus/prometheus,14982,2024-09-25T16:27:58Z,2024-09-26T18:39:45Z,0,2,2
prometheus/prometheus,14981,2024-09-25T16:27:56Z,2024-09-30T12:22:40Z,31,31,62
prometheus/prometheus,14980,2024-09-25T12:53:58Z,,4,1,5
prometheus/prometheus,14979,2024-09-25T12:33:41Z,,81,29,110
prometheus/prometheus,14978,2024-09-25T11:40:34Z,2024-10-22T05:55:58Z,1625,2,1627
prometheus/prometheus,14976,2024-09-25T09:53:42Z,2024-10-14T15:44:41Z,39,14,53
prometheus/prometheus,14975,2024-09-25T08:42:50Z,2024-09-29T06:58:42Z,123,44,167
prometheus/prometheus,14974,2024-09-24T23:41:54Z,,340,107,447
prometheus/prometheus,14972,2024-09-24T13:30:02Z,2024-09-24T15:38:22Z,1,0,1
prometheus/prometheus,14970,2024-09-24T13:00:06Z,2024-09-24T14:30:15Z,32,25,57
prometheus/prometheus,14965,2024-09-23T13:15:52Z,2024-10-04T12:11:02Z,184,181,365
prometheus/prometheus,14963,2024-09-23T09:24:24Z,2024-09-23T11:46:51Z,3,3,6
prometheus/prometheus,14960,2024-09-23T06:26:01Z,,7,0,7
prometheus/prometheus,14959,2024-09-22T16:49:13Z,2024-09-23T17:39:38Z,60,47,107
prometheus/prometheus,14958,2024-09-22T16:09:45Z,,53,93,146
prometheus/prometheus,14957,2024-09-21T21:38:33Z,2025-02-13T09:48:34Z,139,44,183
prometheus/prometheus,14953,2024-09-21T14:33:42Z,,217805,194,217999
prometheus/prometheus,14951,2024-09-20T16:49:28Z,2024-09-20T17:42:51Z,25,20,45
prometheus/prometheus,14950,2024-09-20T16:31:17Z,2024-09-21T08:22:17Z,0,4,4
prometheus/prometheus,14949,2024-09-20T16:27:13Z,2024-09-20T16:41:06Z,5,5,10
prometheus/prometheus,14948,2024-09-20T14:42:22Z,2024-09-20T16:40:17Z,23,18,41
prometheus/prometheus,14947,2024-09-20T11:42:39Z,2024-09-23T08:03:23Z,1,3,4
prometheus/prometheus,14946,2024-09-20T11:30:35Z,2024-09-27T13:50:43Z,668,69,737
prometheus/prometheus,14945,2024-09-20T10:02:34Z,2024-09-20T19:27:16Z,9,0,9
prometheus/prometheus,14944,2024-09-20T09:36:27Z,2024-09-20T19:28:09Z,0,355,355
prometheus/prometheus,14943,2024-09-19T19:00:47Z,,402,357,759
prometheus/prometheus,14941,2024-09-19T11:22:54Z,2024-10-16T13:00:46Z,169,1,170
prometheus/prometheus,14940,2024-09-19T09:52:07Z,2024-09-19T10:20:37Z,5,4,9
prometheus/prometheus,14939,2024-09-19T09:30:10Z,2024-09-19T13:05:48Z,16,12,28
prometheus/prometheus,14936,2024-09-19T05:23:43Z,2024-11-26T11:48:18Z,9,1,10
prometheus/prometheus,14935,2024-09-18T18:00:02Z,2024-09-19T22:38:26Z,16,12,28
prometheus/prometheus,14934,2024-09-18T14:30:19Z,2024-09-18T18:09:40Z,16,12,28
prometheus/prometheus,14933,2024-09-18T12:39:16Z,2024-10-02T06:48:27Z,109,1,110
prometheus/prometheus,14932,2024-09-18T12:26:02Z,2024-09-20T16:53:54Z,32,27,59
prometheus/prometheus,14931,2024-09-18T09:54:19Z,2024-09-19T16:12:59Z,74,6,80
prometheus/prometheus,14930,2024-09-18T09:32:29Z,2024-09-19T15:52:40Z,123,102,225
prometheus/prometheus,14929,2024-09-18T08:56:27Z,2024-10-01T08:26:58Z,350,4,354
prometheus/prometheus,14925,2024-09-17T21:38:29Z,2024-09-18T06:04:10Z,27,36,63
prometheus/prometheus,14924,2024-09-17T18:30:34Z,,5,5,10
prometheus/prometheus,14923,2024-09-17T16:58:52Z,2025-07-11T10:42:01Z,12,7,19
prometheus/prometheus,14922,2024-09-17T16:21:35Z,,0,24,24
prometheus/prometheus,14921,2024-09-17T16:16:47Z,,5,8,13
prometheus/prometheus,14920,2024-09-17T16:05:17Z,2024-09-20T14:53:10Z,270,110,380
prometheus/prometheus,14919,2024-09-17T15:19:44Z,2024-11-04T07:26:26Z,50,13,63
prometheus/prometheus,14916,2024-09-16T19:53:07Z,,6,7,13
prometheus/prometheus,14915,2024-09-16T19:41:09Z,2024-09-17T10:01:03Z,5,6,11
prometheus/prometheus,14914,2024-09-16T17:52:32Z,2024-09-17T06:36:29Z,147,63,210
prometheus/prometheus,14913,2024-09-16T16:02:31Z,2024-09-16T17:25:11Z,1113,337,1450
prometheus/prometheus,14912,2024-09-16T15:37:23Z,2024-09-17T17:40:14Z,71,31,102
prometheus/prometheus,14911,2024-09-16T15:29:42Z,2024-09-17T09:52:13Z,13,13,26
prometheus/prometheus,14910,2024-09-16T12:03:01Z,2024-09-18T10:21:25Z,79,3,82
prometheus/prometheus,14909,2024-09-16T10:19:04Z,2024-09-16T13:46:28Z,2,2,4
prometheus/prometheus,14908,2024-09-16T09:43:23Z,2024-09-16T10:20:49Z,6,1,7
prometheus/prometheus,14907,2024-09-16T06:46:54Z,2024-09-16T07:00:38Z,284,248,532
prometheus/prometheus,14906,2024-09-15T15:44:38Z,2024-10-07T20:25:17Z,1534,1691,3225
prometheus/prometheus,14904,2024-09-14T14:56:42Z,,18294,13704,31998
prometheus/prometheus,14903,2024-09-14T12:05:00Z,2024-09-14T13:02:11Z,0,10,10
prometheus/prometheus,14902,2024-09-13T19:11:20Z,,284,6,290
prometheus/prometheus,14901,2024-09-12T10:23:29Z,2024-09-16T08:12:31Z,41,9,50
prometheus/prometheus,14900,2024-09-11T12:08:18Z,2024-09-24T10:03:56Z,67,50,117
prometheus/prometheus,14899,2024-09-11T09:16:57Z,2024-09-13T07:05:00Z,0,30,30
prometheus/prometheus,14898,2024-09-11T08:31:18Z,2024-09-13T07:21:54Z,1,1,2
prometheus/prometheus,14897,2024-09-10T20:17:01Z,2024-09-11T09:47:12Z,3,3,6
prometheus/prometheus,14896,2024-09-10T18:57:13Z,2024-09-10T19:39:52Z,1113,42025,43138
prometheus/prometheus,14895,2024-09-10T15:10:40Z,2024-09-10T16:05:51Z,33,9,42
prometheus/prometheus,14894,2024-09-10T14:55:12Z,2024-10-01T12:36:53Z,9,16,25
prometheus/prometheus,14893,2024-09-10T13:53:36Z,2024-09-10T15:02:39Z,30,4,34
prometheus/prometheus,14892,2024-09-10T13:18:33Z,2024-09-10T15:13:43Z,2,0,2
prometheus/prometheus,14891,2024-09-10T10:40:40Z,2024-09-10T11:19:00Z,17,5,22
prometheus/prometheus,14888,2024-09-10T09:27:54Z,2024-09-10T10:39:13Z,1,1,2
prometheus/prometheus,14887,2024-09-10T09:12:50Z,,47,0,47
prometheus/prometheus,14886,2024-09-10T08:08:59Z,,127,77,204
prometheus/prometheus,14885,2024-09-10T06:31:47Z,2024-09-10T13:48:43Z,8,12,20
prometheus/prometheus,14884,2024-09-10T05:18:42Z,2024-09-10T07:06:52Z,6,6,12
prometheus/prometheus,14882,2024-09-09T16:56:53Z,2024-09-10T10:54:00Z,24,12,36
prometheus/prometheus,14881,2024-09-09T15:25:14Z,2024-09-10T09:00:15Z,1,2,3
prometheus/prometheus,14880,2024-09-09T14:48:22Z,2024-09-10T12:17:44Z,63,23,86
prometheus/prometheus,14879,2024-09-09T13:46:58Z,2024-09-09T22:45:02Z,53534,16504,70038
prometheus/prometheus,14878,2024-09-09T13:30:33Z,,4,3,7
prometheus/prometheus,14877,2024-09-09T13:27:07Z,,3,36,39
prometheus/prometheus,14876,2024-09-09T13:07:56Z,,184,77,261
prometheus/prometheus,14875,2024-09-09T12:33:26Z,2024-09-09T12:58:46Z,7,7,14
prometheus/prometheus,14874,2024-09-09T10:44:37Z,2024-09-09T11:41:08Z,61,12,73
prometheus/prometheus,14873,2024-09-09T10:35:43Z,2024-09-10T07:05:21Z,3,4,7
prometheus/prometheus,14872,2024-09-09T10:05:11Z,2024-09-09T10:34:25Z,51750,16247,67997
prometheus/prometheus,14871,2024-09-09T08:43:56Z,,8,12,20
prometheus/prometheus,14868,2024-09-09T07:24:09Z,2024-09-10T20:32:03Z,98,98,196
prometheus/prometheus,14865,2024-09-08T22:23:44Z,,2,1,3
prometheus/prometheus,14864,2024-09-08T22:03:46Z,,2,1,3
prometheus/prometheus,14863,2024-09-08T16:59:18Z,,2,1,3
prometheus/prometheus,14862,2024-09-08T16:30:12Z,2024-09-08T18:04:46Z,4,0,4
prometheus/prometheus,14861,2024-09-08T11:24:56Z,2024-09-08T12:39:13Z,27,0,27
prometheus/prometheus,14854,2024-09-06T20:08:37Z,2024-09-17T14:28:33Z,6,6,12
prometheus/prometheus,14853,2024-09-06T17:05:59Z,2024-09-10T18:13:23Z,46,27,73
prometheus/prometheus,14852,2024-09-06T12:05:36Z,2024-09-09T14:04:26Z,17,2,19
prometheus/prometheus,14851,2024-09-06T09:13:38Z,2024-09-06T10:40:57Z,3,3,6
prometheus/prometheus,14850,2024-09-06T07:19:06Z,2024-09-11T22:55:39Z,3,3,6
prometheus/prometheus,14849,2024-09-06T00:36:34Z,2024-09-17T06:55:02Z,60,1,61
prometheus/prometheus,14848,2024-09-05T22:46:16Z,2024-09-06T12:50:10Z,17,16,33
prometheus/prometheus,14846,2024-09-05T13:11:13Z,2024-09-06T09:11:16Z,3,3,6
prometheus/prometheus,14845,2024-09-05T13:11:02Z,2024-09-06T09:11:56Z,3,3,6
prometheus/prometheus,14844,2024-09-05T13:10:58Z,2024-09-05T13:46:49Z,3,3,6
prometheus/prometheus,14843,2024-09-05T13:10:51Z,2024-09-06T09:11:43Z,3,3,6
prometheus/prometheus,14842,2024-09-05T13:10:43Z,2024-09-06T11:17:13Z,3,3,6
prometheus/prometheus,14841,2024-09-05T13:10:37Z,2024-09-06T10:02:21Z,9,3,12
prometheus/prometheus,14840,2024-09-05T13:10:29Z,2024-09-06T09:12:08Z,6,6,12
prometheus/prometheus,14839,2024-09-05T13:10:24Z,2024-09-06T09:12:35Z,3,3,6
prometheus/prometheus,14838,2024-09-05T10:27:34Z,,2,0,2
prometheus/prometheus,14837,2024-09-05T10:22:05Z,2024-09-06T11:17:52Z,21,21,42
prometheus/prometheus,14836,2024-09-05T09:00:04Z,2024-09-05T11:50:20Z,2,1,3
prometheus/prometheus,14834,2024-09-05T08:45:26Z,2024-09-05T10:19:00Z,33,32,65
prometheus/prometheus,14833,2024-09-05T08:45:24Z,2024-09-05T09:08:18Z,3,3,6
prometheus/prometheus,14832,2024-09-05T08:45:24Z,2024-09-06T11:18:29Z,3,3,6
prometheus/prometheus,14831,2024-09-05T06:42:05Z,2024-09-05T16:17:42Z,102,1,103
prometheus/prometheus,14829,2024-09-04T15:24:51Z,,2821,314,3135
prometheus/prometheus,14826,2024-09-04T12:59:09Z,2024-12-04T13:20:57Z,7,8,15
prometheus/prometheus,14825,2024-09-04T11:41:13Z,,52,5,57
prometheus/prometheus,14821,2024-09-04T06:25:13Z,2024-09-10T13:23:00Z,223,93,316
prometheus/prometheus,14820,2024-09-04T05:50:21Z,2024-09-20T14:47:08Z,40,7,47
prometheus/prometheus,14819,2024-09-03T20:11:09Z,2024-09-05T10:21:03Z,12,4,16
prometheus/prometheus,14817,2024-09-03T09:20:12Z,2024-09-05T08:43:36Z,325,22,347
prometheus/prometheus,14816,2024-09-02T20:38:21Z,2024-09-04T13:32:23Z,101,65,166
prometheus/prometheus,14815,2024-09-02T20:20:17Z,2024-09-03T06:33:44Z,8,6,14
prometheus/prometheus,14814,2024-09-02T20:18:21Z,,8,6,14
prometheus/prometheus,14813,2024-09-02T20:15:08Z,,6,8,14
prometheus/prometheus,14812,2024-09-02T18:55:00Z,2024-09-02T20:30:37Z,36,45,81
prometheus/prometheus,14811,2024-09-02T17:20:23Z,,5,1,6
prometheus/prometheus,14810,2024-09-02T15:45:34Z,2024-09-03T13:05:59Z,213,25,238
prometheus/prometheus,14809,2024-09-02T13:12:18Z,2024-09-02T17:09:46Z,8,6,14
prometheus/prometheus,14807,2024-09-02T12:01:53Z,2024-09-05T08:44:12Z,3,38767,38770
prometheus/prometheus,14806,2024-09-02T09:30:15Z,2024-09-04T20:44:25Z,5949,1447,7396
prometheus/prometheus,14805,2024-09-01T23:50:13Z,2024-09-02T12:04:52Z,3,3,6
prometheus/prometheus,14804,2024-09-01T23:50:04Z,2024-09-06T11:19:00Z,3,3,6
prometheus/prometheus,14803,2024-09-01T23:49:58Z,2024-09-06T15:57:33Z,3,3,6
prometheus/prometheus,14802,2024-09-01T23:49:49Z,2024-09-02T12:05:08Z,3,3,6
prometheus/prometheus,14801,2024-09-01T23:49:39Z,2024-09-05T09:05:28Z,9,6,15
prometheus/prometheus,14800,2024-09-01T23:49:33Z,2024-09-03T11:26:35Z,3,3,6
prometheus/prometheus,14799,2024-09-01T23:49:28Z,2024-09-03T11:27:19Z,3,3,6
prometheus/prometheus,14798,2024-09-01T23:49:25Z,,3,3,6
prometheus/prometheus,14797,2024-09-01T23:49:22Z,2024-09-05T09:05:13Z,3,3,6
prometheus/prometheus,14796,2024-09-01T23:49:17Z,,6,6,12
prometheus/prometheus,14795,2024-09-01T23:49:12Z,2024-09-05T10:19:32Z,3,3,6
prometheus/prometheus,14794,2024-09-01T23:49:11Z,,39,40,79
prometheus/prometheus,14793,2024-09-01T23:49:02Z,,3,3,6
prometheus/prometheus,14792,2024-09-01T23:48:59Z,,3,3,6
prometheus/prometheus,14791,2024-09-01T23:48:54Z,2024-09-06T12:21:18Z,3,3,6
prometheus/prometheus,14790,2024-09-01T23:48:49Z,2024-09-03T11:28:06Z,3,3,6
prometheus/prometheus,14789,2024-09-01T23:48:41Z,2024-09-03T11:27:34Z,3,3,6
prometheus/prometheus,14788,2024-09-01T23:48:31Z,2024-09-06T14:16:02Z,33,27,60
prometheus/prometheus,14787,2024-09-01T23:48:29Z,,36,35,71
prometheus/prometheus,14786,2024-09-01T23:16:04Z,2024-09-06T09:13:25Z,3,3,6
prometheus/prometheus,14785,2024-09-01T23:16:01Z,2024-09-05T09:05:56Z,3,3,6
prometheus/prometheus,14784,2024-09-01T23:15:52Z,2024-09-03T11:18:25Z,20,20,40
prometheus/prometheus,14783,2024-09-01T23:14:04Z,,9,8,17
prometheus/prometheus,14782,2024-09-01T23:10:13Z,,19,17,36
prometheus/prometheus,14781,2024-09-01T23:09:36Z,,28,78,106
prometheus/prometheus,14780,2024-09-01T23:08:59Z,,10,4,14
prometheus/prometheus,14779,2024-09-01T23:08:03Z,2024-09-03T11:35:22Z,1,1,2
prometheus/prometheus,14778,2024-09-01T23:07:58Z,2024-09-03T11:13:15Z,2,2,4
prometheus/prometheus,14777,2024-09-01T23:07:54Z,2024-09-03T11:14:01Z,8,8,16
prometheus/prometheus,14776,2024-09-01T23:07:52Z,2024-09-03T11:14:14Z,4,4,8
prometheus/prometheus,14775,2024-09-01T23:07:40Z,2024-09-10T20:14:29Z,2,2,4
prometheus/prometheus,14773,2024-08-31T01:52:01Z,,8,0,8
prometheus/prometheus,14772,2024-08-30T14:44:52Z,2024-09-03T14:55:26Z,38,1,39
prometheus/prometheus,14771,2024-08-30T14:06:43Z,2024-09-04T10:07:16Z,189,2,191
prometheus/prometheus,14770,2024-08-30T11:58:02Z,2024-09-05T17:41:24Z,13,1846,1859
prometheus/prometheus,14769,2024-08-30T11:29:52Z,2024-09-05T08:47:08Z,382,2,384
prometheus/prometheus,14768,2024-08-30T09:16:12Z,2024-09-02T08:33:30Z,53,3,56
prometheus/prometheus,14767,2024-08-30T08:40:36Z,2024-09-09T11:52:36Z,3,2,5
prometheus/prometheus,14766,2024-08-29T23:20:55Z,2024-08-30T07:14:20Z,1,1,2
prometheus/prometheus,14765,2024-08-29T18:24:11Z,2024-08-30T09:49:23Z,1,1,2
prometheus/prometheus,14764,2024-08-29T15:47:08Z,2024-08-30T09:30:57Z,1309,0,1309
prometheus/prometheus,14760,2024-08-29T11:00:23Z,2024-08-29T20:39:44Z,20,2,22
prometheus/prometheus,14759,2024-08-29T08:58:26Z,,116,66,182
prometheus/prometheus,14758,2024-08-29T07:29:38Z,,18,8,26
prometheus/prometheus,14757,2024-08-29T07:27:28Z,2024-09-02T16:20:10Z,26,0,26
prometheus/prometheus,14756,2024-08-28T20:41:38Z,2024-08-29T07:40:17Z,26,33,59
prometheus/prometheus,14755,2024-08-28T20:29:25Z,2024-12-27T11:44:54Z,188,50,238
prometheus/prometheus,14754,2024-08-28T18:58:16Z,,174,339,513
prometheus/prometheus,14753,2024-08-28T10:15:45Z,,0,73,73
prometheus/prometheus,14752,2024-08-28T05:44:39Z,,139,41,180
prometheus/prometheus,14751,2024-08-28T04:12:43Z,2024-08-28T14:38:39Z,5,5,10
prometheus/prometheus,14750,2024-08-28T03:25:13Z,,90,24,114
prometheus/prometheus,14748,2024-08-27T19:27:06Z,,82,23,105
prometheus/prometheus,14747,2024-08-27T18:40:33Z,2024-09-02T10:17:18Z,9,9,18
prometheus/prometheus,14746,2024-08-27T16:59:36Z,,5,5,10
prometheus/prometheus,14745,2024-08-27T16:59:36Z,,15,17,32
prometheus/prometheus,14741,2024-08-27T11:07:24Z,2024-08-27T16:58:17Z,235,47,282
prometheus/prometheus,14740,2024-08-27T09:18:17Z,2024-08-27T10:43:40Z,13,5,18
prometheus/prometheus,14739,2024-08-27T09:15:01Z,2024-08-27T10:44:01Z,22,14,36
prometheus/prometheus,14738,2024-08-26T21:06:22Z,2024-10-02T10:52:03Z,224,163,387
prometheus/prometheus,14737,2024-08-26T14:42:10Z,,207,151,358
prometheus/prometheus,14736,2024-08-26T13:53:31Z,2024-08-28T15:15:42Z,146,15,161
prometheus/prometheus,14734,2024-08-26T12:49:45Z,2024-09-06T09:16:50Z,363,26,389
prometheus/prometheus,14731,2024-08-26T06:52:27Z,2024-08-28T14:14:44Z,17,82,99
prometheus/prometheus,14729,2024-08-24T18:49:31Z,2024-08-29T13:11:45Z,166,288,454
prometheus/prometheus,14727,2024-08-23T18:15:12Z,2024-08-26T16:57:26Z,67,1,68
prometheus/prometheus,14726,2024-08-23T17:31:59Z,2024-10-15T12:44:36Z,83,22,105
prometheus/prometheus,14724,2024-08-23T12:43:04Z,2024-09-17T11:11:05Z,45,26,71
prometheus/prometheus,14722,2024-08-23T08:36:37Z,2024-08-23T14:34:49Z,62,83,145
prometheus/prometheus,14721,2024-08-23T08:31:13Z,2024-09-25T09:47:55Z,10,1,11
prometheus/prometheus,14719,2024-08-23T06:20:56Z,2024-08-23T08:32:59Z,1,1,2
prometheus/prometheus,14718,2024-08-23T04:21:12Z,,64547,60842,125389
prometheus/prometheus,14716,2024-08-22T23:23:22Z,2024-08-23T22:15:28Z,34,2,36
prometheus/prometheus,14715,2024-08-22T15:00:15Z,2024-08-22T15:56:41Z,93,64,157
prometheus/prometheus,14714,2024-08-22T09:46:59Z,2024-08-23T14:29:07Z,321,85,406
prometheus/prometheus,14710,2024-08-21T20:43:35Z,2024-10-23T15:34:28Z,388,10,398
prometheus/prometheus,14708,2024-08-21T18:49:11Z,,67,19,86
prometheus/prometheus,14707,2024-08-21T16:59:22Z,2024-08-22T08:58:43Z,4,4,8
prometheus/prometheus,14706,2024-08-21T14:39:30Z,2024-08-21T16:07:45Z,67,14,81
prometheus/prometheus,14705,2024-08-21T14:01:58Z,2024-09-06T15:24:37Z,69,33,102
prometheus/prometheus,14704,2024-08-21T11:47:28Z,,116,4,120
prometheus/prometheus,14703,2024-08-21T10:38:01Z,2024-08-21T11:54:22Z,3313,1303,4616
prometheus/prometheus,14702,2024-08-21T10:15:43Z,2024-08-22T11:53:45Z,1,1,2
prometheus/prometheus,14700,2024-08-21T03:44:42Z,2024-09-02T16:59:28Z,2,2,4
prometheus/prometheus,14699,2024-08-20T14:27:20Z,2024-08-20T17:41:02Z,116,0,116
prometheus/prometheus,14697,2024-08-20T12:22:44Z,2024-09-05T10:48:13Z,16,13,29
prometheus/prometheus,14696,2024-08-20T11:53:39Z,2024-08-20T15:09:07Z,18,18,36
prometheus/prometheus,14694,2024-08-19T12:33:08Z,2024-09-26T15:48:46Z,524,28,552
prometheus/prometheus,14693,2024-08-19T09:06:33Z,2024-08-21T13:24:20Z,35,28,63
prometheus/prometheus,14691,2024-08-18T09:56:43Z,2024-08-19T11:51:29Z,138,144,282
prometheus/prometheus,14690,2024-08-18T07:47:32Z,2024-08-20T11:06:51Z,8,8,16
prometheus/prometheus,14689,2024-08-18T07:23:12Z,,8,5,13
prometheus/prometheus,14688,2024-08-17T18:31:02Z,2024-08-29T14:42:36Z,79,166,245
prometheus/prometheus,14685,2024-08-16T12:37:43Z,2024-08-19T09:58:35Z,13,5,18
prometheus/prometheus,14683,2024-08-16T10:52:35Z,,19,10,29
prometheus/prometheus,14682,2024-08-16T09:49:25Z,,1,1,2
prometheus/prometheus,14681,2024-08-16T08:18:05Z,,55,8,63
prometheus/prometheus,14680,2024-08-16T03:39:35Z,2024-09-03T08:38:04Z,55,6,61
prometheus/prometheus,14677,2024-08-15T12:51:02Z,2024-09-19T16:08:59Z,342,94,436
prometheus/prometheus,14676,2024-08-15T11:42:42Z,2024-08-23T16:10:59Z,1318,656,1974
prometheus/prometheus,14673,2024-08-14T17:12:10Z,2024-08-22T10:31:46Z,8,4,12
prometheus/prometheus,14671,2024-08-14T09:14:11Z,2024-08-14T10:02:37Z,7,7,14
prometheus/prometheus,14667,2024-08-13T16:03:40Z,,172,0,172
prometheus/prometheus,14666,2024-08-13T14:29:45Z,2024-08-20T12:12:54Z,46,6,52
prometheus/prometheus,14665,2024-08-13T12:37:08Z,2024-08-26T08:31:23Z,419,93,512
prometheus/prometheus,14664,2024-08-13T09:22:23Z,,27,11,38
prometheus/prometheus,14663,2024-08-13T06:56:31Z,2024-08-13T07:11:41Z,1,1,2
prometheus/prometheus,14661,2024-08-12T13:53:43Z,2024-08-20T12:37:16Z,1,1,2
prometheus/prometheus,14660,2024-08-12T13:34:34Z,2024-09-03T08:19:01Z,12,1,13
prometheus/prometheus,14658,2024-08-12T08:39:23Z,2024-08-13T14:05:43Z,70,0,70
prometheus/prometheus,14657,2024-08-12T08:36:04Z,2024-10-17T08:25:05Z,56,70,126
prometheus/prometheus,14655,2024-08-11T14:50:41Z,2024-08-21T10:28:56Z,32,22,54
prometheus/prometheus,14654,2024-08-11T07:40:50Z,2024-08-19T15:11:48Z,198,27,225
prometheus/prometheus,14653,2024-08-10T13:29:45Z,,359,337,696
prometheus/prometheus,14650,2024-08-09T17:29:40Z,2024-09-01T15:52:36Z,32,57,89
prometheus/prometheus,14649,2024-08-09T12:55:24Z,2024-08-16T10:57:55Z,2,1,3
prometheus/prometheus,14645,2024-08-09T11:33:26Z,2024-08-09T13:46:33Z,20,15,35
prometheus/prometheus,14644,2024-08-09T11:08:09Z,2024-08-09T11:34:14Z,16,20,36
prometheus/prometheus,14643,2024-08-09T11:03:54Z,2024-08-16T14:13:37Z,8,57,65
prometheus/prometheus,14642,2024-08-09T10:57:32Z,,2,2,4
prometheus/prometheus,14640,2024-08-09T10:52:22Z,2024-08-16T09:00:49Z,0,12,12
prometheus/prometheus,14639,2024-08-09T10:11:35Z,,1660,0,1660
prometheus/prometheus,14638,2024-08-09T09:16:39Z,2024-12-03T11:41:37Z,34,11,45
prometheus/prometheus,14637,2024-08-09T08:49:59Z,2024-12-03T11:44:43Z,6,7,13
prometheus/prometheus,14636,2024-08-09T08:46:16Z,,81327,46095,127422
prometheus/prometheus,14635,2024-08-09T07:42:20Z,2025-07-08T12:05:25Z,2,2,4
prometheus/prometheus,14634,2024-08-09T05:54:38Z,,1425,69,1494
prometheus/prometheus,14631,2024-08-08T20:46:04Z,,190,1,191
prometheus/prometheus,14630,2024-08-08T19:01:54Z,2024-08-14T11:22:12Z,3,3,6
prometheus/prometheus,14629,2024-08-08T13:07:08Z,2024-08-08T18:00:31Z,149,9,158
prometheus/prometheus,14628,2024-08-08T12:39:46Z,2024-08-08T13:00:04Z,3,2,5
prometheus/prometheus,14626,2024-08-08T07:22:29Z,2024-08-15T09:46:21Z,4,4,8
prometheus/prometheus,14625,2024-08-08T07:14:19Z,2024-08-19T15:14:07Z,64,0,64
prometheus/prometheus,14624,2024-08-08T07:09:37Z,2024-08-14T14:19:46Z,14,6,20
prometheus/prometheus,14623,2024-08-08T07:03:43Z,2024-08-14T14:02:35Z,117,51,168
prometheus/prometheus,14622,2024-08-07T23:37:16Z,,11,6,17
prometheus/prometheus,14621,2024-08-07T23:13:37Z,2024-08-13T21:02:44Z,1,1,2
prometheus/prometheus,14618,2024-08-07T17:21:51Z,2024-10-20T17:19:52Z,122,64,186
prometheus/prometheus,14617,2024-08-07T14:59:35Z,2024-09-05T13:25:33Z,90,19,109
prometheus/prometheus,14614,2024-08-07T13:22:48Z,,11,168,179
prometheus/prometheus,14613,2024-08-07T10:05:27Z,2024-08-07T13:03:00Z,87,3,90
prometheus/prometheus,14612,2024-08-07T07:22:14Z,2024-09-08T15:13:40Z,239,30,269
prometheus/prometheus,14611,2024-08-07T05:34:22Z,2024-08-14T11:56:48Z,85,11,96
prometheus/prometheus,14610,2024-08-07T04:46:53Z,,125,34,159
prometheus/prometheus,14609,2024-08-07T04:43:04Z,2024-08-08T12:03:41Z,45,14,59
prometheus/prometheus,14608,2024-08-07T02:42:34Z,,1,1,2
prometheus/prometheus,14606,2024-08-06T21:03:28Z,,930,520,1450
prometheus/prometheus,14605,2024-08-06T18:20:16Z,2024-08-07T19:02:08Z,64,0,64
prometheus/prometheus,14599,2024-08-06T10:46:16Z,2024-10-16T13:16:55Z,116,0,116
prometheus/prometheus,14598,2024-08-06T08:52:48Z,2024-08-07T15:14:15Z,185,14,199
prometheus/prometheus,14597,2024-08-06T08:20:55Z,2024-08-06T09:13:09Z,115,45,160
prometheus/prometheus,14596,2024-08-06T06:06:04Z,,1,1,2
prometheus/prometheus,14594,2024-08-05T16:58:36Z,,27,3,30
prometheus/prometheus,14593,2024-08-05T15:44:07Z,2024-08-06T05:58:58Z,19,14,33
prometheus/prometheus,14590,2024-08-04T16:52:22Z,2024-08-04T17:09:47Z,8,12,20
prometheus/prometheus,14589,2024-08-04T16:00:37Z,2024-08-04T16:15:22Z,41,27,68
prometheus/prometheus,14588,2024-08-04T15:58:57Z,2024-08-04T16:13:55Z,3,2,5
prometheus/prometheus,14587,2024-08-04T15:58:51Z,2024-08-04T16:33:50Z,3,2,5
prometheus/prometheus,14586,2024-08-04T07:39:03Z,2024-10-13T08:24:52Z,400,43,443
prometheus/prometheus,14585,2024-08-04T00:41:44Z,2024-08-28T15:21:32Z,164,214,378
prometheus/prometheus,14584,2024-08-03T22:38:40Z,2024-08-05T15:04:27Z,55,26,81
prometheus/prometheus,14583,2024-08-03T13:20:30Z,2024-08-03T13:35:22Z,11,7,18
prometheus/prometheus,14582,2024-08-03T13:09:03Z,,6,5,11
prometheus/prometheus,14581,2024-08-03T05:41:15Z,2024-08-08T10:09:39Z,5,2,7
prometheus/prometheus,14579,2024-08-02T12:51:54Z,2024-08-06T12:39:22Z,3,3,6
prometheus/prometheus,14576,2024-08-02T06:54:47Z,,48,21,69
prometheus/prometheus,14575,2024-08-02T03:31:21Z,2024-08-06T08:10:40Z,23,2,25
prometheus/prometheus,14573,2024-08-01T23:54:23Z,2024-08-09T10:06:05Z,1,1,2
prometheus/prometheus,14572,2024-08-01T23:54:18Z,2024-08-06T12:45:13Z,1,1,2
prometheus/prometheus,14571,2024-08-01T23:46:49Z,2024-08-09T10:05:37Z,2,2,4
prometheus/prometheus,14570,2024-08-01T23:46:45Z,2024-08-08T12:45:43Z,1,1,2
prometheus/prometheus,14569,2024-08-01T23:46:42Z,2024-08-06T12:46:48Z,4,4,8
prometheus/prometheus,14568,2024-08-01T23:46:34Z,2024-08-09T10:05:24Z,2,2,4
prometheus/prometheus,14567,2024-08-01T23:46:30Z,2024-08-08T12:44:46Z,1,1,2
prometheus/prometheus,14566,2024-08-01T23:46:28Z,2024-08-08T12:43:55Z,3,3,6
prometheus/prometheus,14565,2024-08-01T23:40:29Z,,7,6,13
prometheus/prometheus,14564,2024-08-01T23:39:09Z,2024-08-02T08:06:52Z,7,7,14
prometheus/prometheus,14563,2024-08-01T23:38:54Z,,6,6,12
prometheus/prometheus,14562,2024-08-01T23:38:38Z,,28,78,106
prometheus/prometheus,14561,2024-08-01T23:38:17Z,,9,8,17
prometheus/prometheus,14560,2024-08-01T23:38:06Z,2024-08-02T09:47:04Z,9,9,18
prometheus/prometheus,14559,2024-08-01T23:37:49Z,,5,5,10
prometheus/prometheus,14558,2024-08-01T23:37:25Z,,5,5,10
prometheus/prometheus,14557,2024-08-01T23:37:10Z,,14,7,21
prometheus/prometheus,14556,2024-08-01T23:36:49Z,,11,5,16
prometheus/prometheus,14555,2024-08-01T23:20:58Z,2024-08-06T12:56:33Z,18,18,36
prometheus/prometheus,14554,2024-08-01T23:20:41Z,2024-08-06T12:56:59Z,3,3,6
prometheus/prometheus,14553,2024-08-01T23:20:29Z,2024-08-09T10:06:37Z,3,3,6
prometheus/prometheus,14552,2024-08-01T23:14:37Z,,3,3,6
prometheus/prometheus,14549,2024-08-01T19:41:13Z,2024-08-02T09:41:09Z,2,12,14
prometheus/prometheus,14548,2024-08-01T18:09:33Z,,231,31,262
prometheus/prometheus,14546,2024-08-01T14:00:38Z,2024-09-17T09:19:06Z,2242,347,2589
prometheus/prometheus,14544,2024-08-01T10:31:46Z,,1,0,1
prometheus/prometheus,14543,2024-08-01T10:14:45Z,2024-08-13T13:54:13Z,3113,1388,4501
prometheus/prometheus,14541,2024-07-31T12:21:51Z,,1,0,1
prometheus/prometheus,14540,2024-07-31T10:39:22Z,,28,5,33
prometheus/prometheus,14539,2024-07-31T09:47:11Z,,99,24,123
prometheus/prometheus,14538,2024-07-31T09:19:35Z,2024-07-31T09:34:54Z,14,6,20
prometheus/prometheus,14537,2024-07-31T05:06:50Z,2024-07-31T07:53:05Z,522,408,930
prometheus/prometheus,14536,2024-07-30T15:45:54Z,2024-07-31T10:40:10Z,15,15,30
prometheus/prometheus,14535,2024-07-30T15:45:42Z,2024-07-31T11:29:48Z,3,3,6
prometheus/prometheus,14534,2024-07-30T15:45:32Z,2024-07-31T10:40:51Z,3,3,6
prometheus/prometheus,14533,2024-07-30T15:45:29Z,,3,3,6
prometheus/prometheus,14532,2024-07-30T15:45:13Z,2024-08-06T15:00:13Z,3,3,6
prometheus/prometheus,14531,2024-07-30T15:45:05Z,2024-09-16T12:30:42Z,3,3,6
prometheus/prometheus,14530,2024-07-30T15:44:58Z,2024-07-31T10:41:25Z,3,3,6
prometheus/prometheus,14529,2024-07-30T15:44:52Z,2024-07-31T10:41:53Z,3,3,6
prometheus/prometheus,14528,2024-07-30T15:44:46Z,,3,3,6
prometheus/prometheus,14527,2024-07-30T15:44:35Z,,13,14,27
prometheus/prometheus,14526,2024-07-30T14:01:18Z,2024-08-20T17:30:46Z,2,13,15
prometheus/prometheus,14525,2024-07-30T08:30:13Z,2024-07-31T06:39:38Z,82,17,99
prometheus/prometheus,14524,2024-07-29T17:45:21Z,2024-07-30T09:11:16Z,21,32,53
prometheus/prometheus,14523,2024-07-29T17:45:17Z,2024-07-31T11:16:11Z,21,32,53
prometheus/prometheus,14519,2024-07-27T13:52:06Z,2025-11-07T13:33:54Z,43,0,43
prometheus/prometheus,14518,2024-07-26T19:59:03Z,2025-01-02T10:43:45Z,58,56,114
prometheus/prometheus,14517,2024-07-26T12:40:27Z,2024-07-26T12:55:39Z,17,0,17
prometheus/prometheus,14516,2024-07-26T12:33:53Z,2024-08-07T17:01:03Z,5,40,45
prometheus/prometheus,14515,2024-07-26T08:53:11Z,2024-07-29T17:39:19Z,21,32,53
prometheus/prometheus,14514,2024-07-26T08:08:41Z,2024-07-30T06:43:06Z,117,51,168
prometheus/prometheus,14513,2024-07-26T08:00:09Z,2024-08-01T07:22:32Z,852,215,1067
prometheus/prometheus,14512,2024-07-25T15:27:20Z,,752,2,754
prometheus/prometheus,14510,2024-07-24T16:18:57Z,2024-08-09T16:21:16Z,272,18,290
prometheus/prometheus,14509,2024-07-24T16:18:07Z,2024-07-29T13:41:10Z,202,162,364
prometheus/prometheus,14507,2024-07-24T13:13:24Z,,372,4,376
prometheus/prometheus,14506,2024-07-24T12:18:49Z,2024-07-29T11:28:09Z,243,10,253
prometheus/prometheus,14505,2024-07-24T12:00:51Z,2024-09-18T08:54:16Z,156,64,220
prometheus/prometheus,14499,2024-07-22T22:07:53Z,2024-07-29T17:47:11Z,4,3,7
prometheus/prometheus,14498,2024-07-22T20:05:18Z,2024-07-25T16:51:29Z,53,18,71
prometheus/prometheus,14497,2024-07-22T15:33:21Z,2024-07-22T18:50:45Z,10,6,16
prometheus/prometheus,14496,2024-07-22T14:44:29Z,2024-07-24T09:15:39Z,202,162,364
prometheus/prometheus,14495,2024-07-22T07:14:10Z,2024-10-16T12:52:11Z,993,21,1014
prometheus/prometheus,14494,2024-07-21T23:12:11Z,,32,18,50
prometheus/prometheus,14492,2024-07-21T14:10:27Z,,6,3,9
prometheus/prometheus,14491,2024-07-19T14:34:23Z,2024-07-22T13:11:19Z,20,46,66
prometheus/prometheus,14490,2024-07-18T18:22:17Z,2024-08-16T21:23:42Z,103,14,117
prometheus/prometheus,14489,2024-07-18T17:54:23Z,2024-11-19T16:32:17Z,123,57,180
prometheus/prometheus,14488,2024-07-18T14:05:04Z,2024-07-23T14:59:36Z,2320,1147,3467
prometheus/prometheus,14487,2024-07-18T14:01:31Z,,166,0,166
prometheus/prometheus,14484,2024-07-18T12:30:23Z,,444,434,878
prometheus/prometheus,14483,2024-07-18T10:35:14Z,2024-07-18T12:31:24Z,5,3,8
prometheus/prometheus,14482,2024-07-17T18:11:47Z,2024-08-06T17:43:39Z,463,384,847
prometheus/prometheus,14481,2024-07-17T15:17:51Z,2024-07-19T10:34:28Z,146,145,291
prometheus/prometheus,14479,2024-07-16T12:53:11Z,,452,314,766
prometheus/prometheus,14478,2024-07-16T06:46:59Z,,487,5,492
prometheus/prometheus,14477,2024-07-15T19:26:13Z,2024-08-29T13:50:39Z,309,80,389
prometheus/prometheus,14476,2024-07-15T16:31:10Z,2024-07-17T14:36:28Z,12,0,12
prometheus/prometheus,14475,2024-07-15T16:19:48Z,,7,7,14
prometheus/prometheus,14474,2024-07-15T15:12:07Z,2024-07-18T11:15:58Z,1,2,3
prometheus/prometheus,14473,2024-07-15T12:53:59Z,,12,10,22
prometheus/prometheus,14472,2024-07-15T11:15:11Z,,15,10,25
prometheus/prometheus,14471,2024-07-15T09:18:26Z,,86,8,94
prometheus/prometheus,14470,2024-07-15T08:55:44Z,2024-07-24T12:54:59Z,37,36,73
prometheus/prometheus,14469,2024-07-15T04:13:03Z,2024-07-16T07:43:47Z,11,4,15
prometheus/prometheus,14468,2024-07-14T16:12:26Z,2024-07-14T16:39:03Z,5,5,10
prometheus/prometheus,14467,2024-07-14T12:04:28Z,2024-07-15T09:01:10Z,7,7,14
prometheus/prometheus,14466,2024-07-13T22:45:39Z,,3,2,5
prometheus/prometheus,14465,2024-07-12T10:25:33Z,2025-07-11T16:15:01Z,12,4,16
prometheus/prometheus,14464,2024-07-11T22:50:37Z,2024-07-17T12:57:46Z,181,10,191
prometheus/prometheus,14463,2024-07-11T12:19:01Z,2024-07-15T09:04:42Z,6,1,7
prometheus/prometheus,14462,2024-07-11T09:41:18Z,,3,4,7
prometheus/prometheus,14461,2024-07-10T15:46:05Z,,0,0,0
prometheus/prometheus,14460,2024-07-10T15:35:16Z,,118,18,136
prometheus/prometheus,14459,2024-07-10T15:35:16Z,2024-07-14T16:11:16Z,6,5,11
prometheus/prometheus,14458,2024-07-10T15:35:15Z,2024-07-14T16:12:14Z,7,7,14
prometheus/prometheus,14456,2024-07-10T15:11:47Z,,517,19,536
prometheus/prometheus,14455,2024-07-10T10:19:07Z,2024-07-10T15:34:01Z,87,80,167
prometheus/prometheus,14454,2024-07-10T09:56:44Z,2024-07-10T11:07:45Z,9,0,9
prometheus/prometheus,14453,2024-07-10T09:16:13Z,2024-07-10T09:42:26Z,2,1,3
prometheus/prometheus,14452,2024-07-10T09:12:24Z,2024-07-10T10:14:07Z,22,14,36
prometheus/prometheus,14451,2024-07-10T04:47:26Z,2024-07-11T15:05:23Z,20,19,39
prometheus/prometheus,14450,2024-07-09T22:50:23Z,2024-07-30T21:08:29Z,11,8,19
prometheus/prometheus,14448,2024-07-09T21:25:34Z,2024-07-10T11:16:15Z,14,32,46
prometheus/prometheus,14447,2024-07-09T17:58:37Z,2024-09-26T16:35:15Z,6,4,10
prometheus/prometheus,14446,2024-07-09T15:26:23Z,2024-07-10T09:00:31Z,65,66,131
prometheus/prometheus,14445,2024-07-09T15:19:44Z,2024-07-10T10:56:45Z,9935,2472,12407
prometheus/prometheus,14444,2024-07-09T09:35:24Z,2024-07-19T17:53:40Z,276,127,403
prometheus/prometheus,14440,2024-07-09T00:03:14Z,,416,1,417
prometheus/prometheus,14439,2024-07-08T18:06:20Z,,46,65,111
prometheus/prometheus,14438,2024-07-08T17:26:57Z,2024-07-16T18:12:23Z,200,91,291
prometheus/prometheus,14437,2024-07-08T17:07:38Z,2024-07-11T14:43:58Z,3,9,12
prometheus/prometheus,14436,2024-07-08T10:17:30Z,2024-08-05T11:40:23Z,18,74,92
prometheus/prometheus,14435,2024-07-08T10:13:46Z,,20,5,25
prometheus/prometheus,14434,2024-07-08T08:00:48Z,,7,0,7
prometheus/prometheus,14433,2024-07-08T01:14:19Z,,2724,10347,13071
prometheus/prometheus,14431,2024-07-07T11:28:13Z,2024-07-09T20:51:38Z,668,4,672
prometheus/prometheus,14430,2024-07-07T09:56:25Z,2024-07-07T10:27:13Z,0,64,64
prometheus/prometheus,14429,2024-07-06T21:51:28Z,2024-07-06T22:24:34Z,11,7,18
prometheus/prometheus,14427,2024-07-05T15:09:54Z,2024-07-12T07:11:39Z,617,404,1021
prometheus/prometheus,14426,2024-07-05T14:46:41Z,,421,101,522
prometheus/prometheus,14425,2024-07-05T14:19:04Z,2024-09-21T10:19:22Z,8,13,21
prometheus/prometheus,14424,2024-07-05T13:27:36Z,2024-07-09T22:56:32Z,2,2,4
prometheus/prometheus,14423,2024-07-05T11:41:04Z,,15,16,31
prometheus/prometheus,14420,2024-07-05T10:06:03Z,2024-07-15T10:53:41Z,2,2,4
prometheus/prometheus,14419,2024-07-05T09:31:37Z,,0,0,0
prometheus/prometheus,14417,2024-07-05T07:37:05Z,2024-07-31T13:31:42Z,67,57,124
prometheus/prometheus,14416,2024-07-05T06:50:05Z,2024-07-09T06:54:49Z,35,16,51
prometheus/prometheus,14413,2024-07-04T13:32:50Z,2024-08-06T17:56:32Z,99,32,131
prometheus/prometheus,14406,2024-07-03T23:48:07Z,,203,18,221
prometheus/prometheus,14403,2024-07-03T19:45:26Z,2024-08-28T02:12:24Z,71,9,80
prometheus/prometheus,14401,2024-07-03T17:11:45Z,,339,329,668
prometheus/prometheus,14399,2024-07-03T13:48:05Z,,50,1,51
prometheus/prometheus,14396,2024-07-02T17:22:44Z,2024-07-03T14:08:07Z,35,340,375
prometheus/prometheus,14395,2024-07-02T15:12:50Z,2024-07-04T21:29:20Z,7280,1103,8383
prometheus/prometheus,14394,2024-07-02T15:11:35Z,,0,0,0
prometheus/prometheus,14393,2024-07-02T11:18:08Z,2024-07-02T13:51:05Z,1,3,4
prometheus/prometheus,14392,2024-07-02T11:16:07Z,,4177,1089,5266
prometheus/prometheus,14390,2024-07-01T23:43:05Z,2024-07-14T16:15:51Z,1,1,2
prometheus/prometheus,14389,2024-07-01T23:29:41Z,,90,97,187
prometheus/prometheus,14388,2024-07-01T23:29:21Z,2024-07-02T10:30:50Z,29,28,57
prometheus/prometheus,14387,2024-07-01T23:28:10Z,,20,20,40
prometheus/prometheus,14386,2024-07-01T23:28:04Z,2024-07-14T16:16:19Z,2,2,4
prometheus/prometheus,14385,2024-07-01T23:27:44Z,2024-07-14T17:30:15Z,4,4,8
prometheus/prometheus,14384,2024-07-01T23:18:47Z,2024-07-14T17:23:36Z,15,13,28
prometheus/prometheus,14383,2024-07-01T23:05:42Z,2024-07-15T09:42:41Z,7,7,14
prometheus/prometheus,14382,2024-07-01T23:05:24Z,2024-07-30T11:30:49Z,5,5,10
prometheus/prometheus,14381,2024-07-01T23:05:07Z,,6,5,11
prometheus/prometheus,14380,2024-07-01T23:04:50Z,,118,18,136
prometheus/prometheus,14379,2024-07-01T23:04:28Z,2024-07-15T07:52:55Z,7,7,14
prometheus/prometheus,14378,2024-07-01T23:03:30Z,,5,5,10
prometheus/prometheus,14377,2024-07-01T23:03:16Z,,7,7,14
prometheus/prometheus,14376,2024-07-01T23:03:03Z,,28,78,106
prometheus/prometheus,14375,2024-07-01T23:02:46Z,2024-07-14T17:31:30Z,5,5,10
prometheus/prometheus,14374,2024-07-01T23:02:27Z,2024-07-14T17:32:10Z,5,5,10
prometheus/prometheus,14373,2024-07-01T14:44:51Z,,13,13,26
prometheus/prometheus,14372,2024-07-01T12:40:38Z,,345,84,429
prometheus/prometheus,14371,2024-07-01T11:39:21Z,2024-07-01T12:06:08Z,22,11,33
prometheus/prometheus,14369,2024-07-01T09:12:51Z,2024-07-03T11:33:08Z,5479,1201,6680
prometheus/prometheus,14368,2024-07-01T08:22:59Z,2024-07-01T08:59:52Z,63,33,96
prometheus/prometheus,14367,2024-06-30T19:45:14Z,2025-01-21T10:40:15Z,442,105,547
prometheus/prometheus,14366,2024-06-28T23:39:13Z,2024-06-29T19:42:54Z,25,0,25
prometheus/prometheus,14365,2024-06-28T14:06:35Z,2024-08-09T10:48:54Z,62,843,905
prometheus/prometheus,14364,2024-06-28T12:46:37Z,2024-10-16T12:36:37Z,437,2,439
prometheus/prometheus,14362,2024-06-28T01:24:12Z,2024-07-03T05:05:04Z,118,4,122
prometheus/prometheus,14361,2024-06-27T16:24:53Z,2024-06-28T07:07:06Z,9731,5317,15048
prometheus/prometheus,14358,2024-06-27T14:22:46Z,,15,7,22
prometheus/prometheus,14356,2024-06-27T13:56:05Z,2024-08-08T11:35:35Z,503,35,538
prometheus/prometheus,14354,2024-06-27T10:26:12Z,2024-08-14T13:39:30Z,416,309,725
prometheus/prometheus,14352,2024-06-26T17:05:35Z,2024-06-27T14:56:40Z,1,1,2
prometheus/prometheus,14351,2024-06-26T15:27:45Z,,178,91,269
prometheus/prometheus,14348,2024-06-26T11:27:33Z,,891,757,1648
prometheus/prometheus,14347,2024-06-26T10:29:17Z,2024-07-02T13:01:56Z,781,790,1571
prometheus/prometheus,14346,2024-06-25T17:53:00Z,2024-07-30T15:25:19Z,110,19,129
prometheus/prometheus,14345,2024-06-25T14:35:44Z,2024-06-25T15:34:45Z,6,7,13
prometheus/prometheus,14343,2024-06-25T07:18:04Z,2024-07-22T07:09:39Z,12,0,12
prometheus/prometheus,14341,2024-06-25T04:26:30Z,2024-06-25T08:23:54Z,3,0,3
prometheus/prometheus,14340,2024-06-24T23:15:19Z,2024-06-25T16:01:25Z,10,6,16
prometheus/prometheus,14339,2024-06-24T15:54:36Z,,87,30,117
prometheus/prometheus,14338,2024-06-24T14:22:04Z,,1969,2066,4035
prometheus/prometheus,14337,2024-06-24T11:15:31Z,,88,41,129
prometheus/prometheus,14335,2024-06-24T06:49:44Z,2024-06-25T06:15:28Z,167,63,230
prometheus/prometheus,14334,2024-06-22T07:10:48Z,,149,157,306
prometheus/prometheus,14333,2024-06-21T18:25:43Z,2024-06-30T11:26:48Z,148,51,199
prometheus/prometheus,14332,2024-06-21T17:23:58Z,,238,52,290
prometheus/prometheus,14330,2024-06-21T12:17:05Z,2024-06-21T19:38:56Z,172,68,240
prometheus/prometheus,14329,2024-06-21T11:27:20Z,2024-06-26T10:20:01Z,1010,1086,2096
prometheus/prometheus,14328,2024-06-21T10:37:54Z,2024-07-05T10:46:31Z,105,7,112
prometheus/prometheus,14327,2024-06-20T14:53:28Z,2024-07-06T09:05:00Z,51,19,70
prometheus/prometheus,14326,2024-06-20T13:36:11Z,2024-06-20T23:45:13Z,11,6,17
prometheus/prometheus,14325,2024-06-20T12:12:10Z,,34,24,58
prometheus/prometheus,14324,2024-06-20T11:49:49Z,2024-06-20T17:25:45Z,1,1,2
prometheus/prometheus,14322,2024-06-20T10:47:51Z,2024-07-05T09:11:32Z,76,21,97
prometheus/prometheus,14318,2024-06-19T23:03:53Z,,14,14,28
prometheus/prometheus,14317,2024-06-19T18:10:22Z,2025-12-16T11:35:44Z,7,3,10
prometheus/prometheus,14316,2024-06-19T15:33:04Z,2024-06-20T06:53:17Z,22,20,42
prometheus/prometheus,14315,2024-06-19T08:24:16Z,,35,11,46
prometheus/prometheus,14314,2024-06-19T08:24:09Z,,7,6,13
prometheus/prometheus,14313,2024-06-19T07:41:49Z,2024-06-19T08:23:02Z,30,21,51
prometheus/prometheus,14312,2024-06-18T22:35:15Z,2024-06-30T17:18:18Z,37,23,60
prometheus/prometheus,14311,2024-06-18T18:42:11Z,2024-06-19T10:02:41Z,2,1,3
prometheus/prometheus,14309,2024-06-18T12:15:28Z,2024-06-21T13:46:06Z,41,37,78
prometheus/prometheus,14308,2024-06-18T11:46:16Z,2024-06-19T15:51:57Z,14,0,14
prometheus/prometheus,14307,2024-06-17T11:30:02Z,2024-06-18T10:28:56Z,136,112,248
prometheus/prometheus,14306,2024-06-17T08:45:56Z,2024-06-18T09:23:08Z,4,3,7
prometheus/prometheus,14305,2024-06-17T06:58:07Z,2024-06-18T15:27:55Z,81,202,283
prometheus/prometheus,14304,2024-06-16T11:32:28Z,2024-06-25T11:25:40Z,161,53,214
prometheus/prometheus,14303,2024-06-16T08:24:31Z,2024-06-18T13:08:14Z,17,24,41
prometheus/prometheus,14302,2024-06-15T18:44:06Z,2024-06-17T06:36:57Z,30,2,32
prometheus/prometheus,14300,2024-06-14T12:11:24Z,2024-06-14T13:02:47Z,21,21,42
prometheus/prometheus,14299,2024-06-14T07:30:16Z,2024-06-18T09:57:37Z,18,35,53
prometheus/prometheus,14297,2024-06-13T20:22:49Z,2024-06-19T05:46:13Z,5,2,7
prometheus/prometheus,14296,2024-06-13T16:48:17Z,2024-06-19T10:28:54Z,8,1,9
prometheus/prometheus,14293,2024-06-12T17:56:53Z,,44,1,45
prometheus/prometheus,14292,2024-06-12T16:12:23Z,2024-06-20T15:06:28Z,1175,814,1989
prometheus/prometheus,14290,2024-06-12T06:50:31Z,2024-06-26T10:32:04Z,277,36,313
prometheus/prometheus,14288,2024-06-11T09:19:28Z,2024-06-11T09:58:11Z,6,2,8
prometheus/prometheus,14287,2024-06-11T09:08:52Z,2024-06-18T14:50:30Z,6,2,8
prometheus/prometheus,14286,2024-06-10T07:58:46Z,2024-06-10T12:24:17Z,73,19,92
prometheus/prometheus,14285,2024-06-10T07:35:37Z,2024-06-11T09:14:50Z,2,2,4
prometheus/prometheus,14284,2024-06-10T06:44:20Z,2024-06-11T12:01:40Z,18,15,33
prometheus/prometheus,14282,2024-06-08T15:00:16Z,2024-06-11T08:12:42Z,2,2,4
prometheus/prometheus,14280,2024-06-07T16:32:48Z,2024-06-11T13:36:46Z,31,29,60
prometheus/prometheus,14279,2024-06-07T14:21:16Z,2024-06-10T22:06:20Z,3,1,4
prometheus/prometheus,14277,2024-06-07T13:12:14Z,2024-06-11T08:55:02Z,3921,2547,6468
prometheus/prometheus,14276,2024-06-07T08:22:04Z,2024-06-07T08:40:32Z,103,1,104
prometheus/prometheus,14273,2024-06-06T16:39:16Z,2024-06-06T17:47:36Z,102,0,102
prometheus/prometheus,14272,2024-06-06T16:38:44Z,2024-06-06T17:11:38Z,5,4,9
prometheus/prometheus,14271,2024-06-06T16:37:29Z,2024-06-06T17:11:07Z,7,6,13
prometheus/prometheus,14270,2024-06-06T16:37:11Z,2024-06-06T17:12:15Z,5,4,9
prometheus/prometheus,14269,2024-06-06T15:49:56Z,2024-06-08T14:59:47Z,17,0,17
prometheus/prometheus,14267,2024-06-06T11:29:41Z,,118,18,136
prometheus/prometheus,14266,2024-06-06T11:29:06Z,2024-06-06T13:54:07Z,5,4,9
prometheus/prometheus,14265,2024-06-06T11:28:26Z,2024-06-06T13:56:52Z,31,16,47
prometheus/prometheus,14264,2024-06-06T11:27:50Z,2024-06-06T13:55:51Z,6,5,11
prometheus/prometheus,14263,2024-06-06T11:27:22Z,2024-06-06T13:54:45Z,15,12,27
prometheus/prometheus,14262,2024-06-06T11:26:56Z,2024-06-06T15:59:45Z,5,4,9
prometheus/prometheus,14261,2024-06-06T11:26:16Z,2024-06-06T12:13:09Z,13,4,17
prometheus/prometheus,14260,2024-06-06T11:25:46Z,2024-06-06T13:57:29Z,5,4,9
prometheus/prometheus,14259,2024-06-06T11:24:58Z,2024-06-06T12:13:47Z,7,6,13
prometheus/prometheus,14258,2024-06-06T11:24:38Z,,35,11,46
prometheus/prometheus,14257,2024-06-06T11:24:12Z,2024-06-06T13:56:08Z,5,4,9
prometheus/prometheus,14256,2024-06-06T08:27:10Z,2024-06-06T11:20:34Z,3,2,5
prometheus/prometheus,14255,2024-06-06T07:58:13Z,2024-06-07T06:35:10Z,28,19,47
prometheus/prometheus,14252,2024-06-05T15:22:00Z,,7,6,13
prometheus/prometheus,14251,2024-06-05T15:18:32Z,2024-06-06T07:55:55Z,7,6,13
prometheus/prometheus,14250,2024-06-05T15:18:07Z,2024-06-06T07:59:07Z,63,36,99
prometheus/prometheus,14249,2024-06-05T15:17:49Z,2024-06-06T07:59:39Z,5,4,9
prometheus/prometheus,14248,2024-06-05T15:17:21Z,2024-06-06T08:08:29Z,5,4,9
prometheus/prometheus,14247,2024-06-05T15:17:05Z,,21,12,33
prometheus/prometheus,14246,2024-06-05T15:16:39Z,2024-06-06T08:09:30Z,5,4,9
prometheus/prometheus,14245,2024-06-05T15:16:28Z,,37,9,46
prometheus/prometheus,14244,2024-06-05T15:16:06Z,2024-06-06T17:15:58Z,44,27,71
prometheus/prometheus,14243,2024-06-05T15:15:50Z,2024-06-06T11:21:04Z,10,8,18
prometheus/prometheus,14242,2024-06-05T15:15:29Z,2024-06-05T16:12:57Z,3,3,6
prometheus/prometheus,14241,2024-06-05T15:15:28Z,2024-06-06T08:10:53Z,10,5,15
prometheus/prometheus,14240,2024-06-05T15:15:11Z,2024-06-05T18:28:39Z,9,9,18
prometheus/prometheus,14239,2024-06-05T15:15:11Z,2024-06-06T08:24:02Z,9,8,17
prometheus/prometheus,14238,2024-06-05T15:14:56Z,2024-06-05T16:16:31Z,3,3,6
prometheus/prometheus,14237,2024-06-05T15:14:53Z,2024-06-06T08:11:42Z,7,6,13
prometheus/prometheus,14236,2024-06-05T15:14:45Z,2024-06-05T17:45:32Z,6,6,12
prometheus/prometheus,14235,2024-06-05T15:14:36Z,,9,8,17
prometheus/prometheus,14234,2024-06-05T15:14:34Z,2024-06-06T11:22:16Z,15,5,20
prometheus/prometheus,14233,2024-06-05T15:14:17Z,2024-06-06T13:55:11Z,9,16,25
prometheus/prometheus,14232,2024-06-05T15:14:01Z,,5,4,9
prometheus/prometheus,14231,2024-06-05T15:13:51Z,,310,289,599
prometheus/prometheus,14230,2024-06-05T15:13:51Z,2024-06-06T08:12:06Z,4,4,8
prometheus/prometheus,14228,2024-06-05T14:58:33Z,2025-02-11T16:21:29Z,299,25,324
prometheus/prometheus,14227,2024-06-05T14:20:12Z,2024-06-05T15:13:10Z,2,0,2
prometheus/prometheus,14226,2024-06-05T14:18:03Z,,3,3,6
prometheus/prometheus,14225,2024-06-05T14:17:58Z,,3,3,6
prometheus/prometheus,14224,2024-06-05T14:17:56Z,2024-06-05T15:38:37Z,15,11,26
prometheus/prometheus,14223,2024-06-05T14:17:50Z,,13,11,24
prometheus/prometheus,14222,2024-06-05T14:17:42Z,,9,8,17
prometheus/prometheus,14221,2024-06-05T13:43:29Z,2024-06-05T17:02:50Z,6,0,6
prometheus/prometheus,14216,2024-06-05T08:56:10Z,2024-06-05T15:35:53Z,1,1,2
prometheus/prometheus,14215,2024-06-05T08:41:28Z,,2,2,4
prometheus/prometheus,14213,2024-06-05T04:15:35Z,2024-06-25T08:21:48Z,79,11,90
prometheus/prometheus,14212,2024-06-04T15:46:00Z,2024-06-05T15:06:51Z,86,87,173
prometheus/prometheus,14211,2024-06-04T14:29:02Z,2024-06-04T15:51:26Z,1,2,3
prometheus/prometheus,14210,2024-06-04T13:27:58Z,2024-06-04T14:52:36Z,54,6,60
prometheus/prometheus,14209,2024-06-04T12:55:21Z,2024-06-10T22:09:11Z,2,2,4
prometheus/prometheus,14203,2024-06-04T04:02:09Z,,4,0,4
prometheus/prometheus,14202,2024-06-03T21:43:42Z,2024-06-10T18:40:11Z,6,48,54
prometheus/prometheus,14200,2024-06-03T16:02:45Z,2024-07-21T11:27:24Z,290,28,318
prometheus/prometheus,14199,2024-06-03T15:35:54Z,2024-06-03T17:33:18Z,1,1,2
prometheus/prometheus,14197,2024-06-03T14:02:13Z,2024-06-03T14:37:46Z,80,70,150
prometheus/prometheus,14194,2024-06-02T23:11:00Z,2024-06-10T18:16:03Z,10,2,12
prometheus/prometheus,14191,2024-06-01T23:44:11Z,2024-06-04T14:00:53Z,1,1,2
prometheus/prometheus,14190,2024-06-01T23:37:20Z,2024-06-04T15:25:37Z,3,3,6
prometheus/prometheus,14189,2024-06-01T23:36:39Z,2024-06-04T15:05:55Z,57,57,114
prometheus/prometheus,14188,2024-06-01T23:36:24Z,2024-06-03T11:57:13Z,6,6,12
prometheus/prometheus,14187,2024-06-01T23:36:03Z,,14,13,27
prometheus/prometheus,14186,2024-06-01T23:35:56Z,2024-06-03T11:56:50Z,21,20,41
prometheus/prometheus,14185,2024-06-01T23:27:10Z,,28,78,106
prometheus/prometheus,14184,2024-06-01T23:21:41Z,,7,6,13
prometheus/prometheus,14183,2024-06-01T23:16:01Z,2024-06-04T14:15:54Z,3,3,6
prometheus/prometheus,14182,2024-06-01T23:15:57Z,2024-06-04T15:19:39Z,4,4,8
prometheus/prometheus,14181,2024-06-01T23:15:46Z,2024-06-03T11:56:25Z,1,1,2
prometheus/prometheus,14180,2024-06-01T23:15:41Z,2024-06-04T14:24:20Z,2,2,4
prometheus/prometheus,14179,2024-06-01T23:15:36Z,2024-06-03T11:56:09Z,19,19,38
prometheus/prometheus,14178,2024-06-01T23:07:23Z,2024-06-04T13:55:08Z,3,3,6
prometheus/prometheus,14177,2024-06-01T23:07:04Z,2024-06-04T14:21:32Z,113,131,244
prometheus/prometheus,14176,2024-06-01T20:45:01Z,2024-06-05T15:43:40Z,75,0,75
prometheus/prometheus,14175,2024-05-31T16:43:53Z,,10,1,11
prometheus/prometheus,14174,2024-05-31T14:54:12Z,2024-06-19T07:43:52Z,169,118,287
prometheus/prometheus,14173,2024-05-31T14:11:31Z,2024-06-06T16:59:23Z,70,33,103
prometheus/prometheus,14171,2024-05-31T12:37:39Z,2024-06-03T13:36:00Z,33,24,57
prometheus/prometheus,14170,2024-05-30T23:38:02Z,2024-06-10T22:31:41Z,105,4,109
prometheus/prometheus,14166,2024-05-29T21:50:11Z,,107,9,116
prometheus/prometheus,14164,2024-05-29T13:42:47Z,2024-05-30T14:37:20Z,18,14,32
prometheus/prometheus,14160,2024-05-28T21:48:47Z,2024-09-26T16:45:57Z,32,100,132
prometheus/prometheus,14157,2024-05-28T09:56:51Z,,146,15,161
prometheus/prometheus,14156,2024-05-28T09:32:37Z,2024-06-20T13:36:20Z,40,22,62
prometheus/prometheus,14154,2024-05-28T03:24:25Z,2024-05-28T08:06:08Z,6,6,12
prometheus/prometheus,14153,2024-05-27T19:59:08Z,2024-05-28T05:57:56Z,17,15,32
prometheus/prometheus,14152,2024-05-27T16:55:32Z,,54,21,75
prometheus/prometheus,14151,2024-05-27T15:20:15Z,,3,3,6
prometheus/prometheus,14149,2024-05-27T13:38:08Z,2024-05-27T16:25:02Z,2,2,4
prometheus/prometheus,14148,2024-05-27T12:45:14Z,2024-05-28T09:35:42Z,13,0,13
prometheus/prometheus,14145,2024-05-26T07:55:35Z,,74,42,116
prometheus/prometheus,14144,2024-05-25T07:29:50Z,2024-11-19T15:49:02Z,137,35,172
prometheus/prometheus,14143,2024-05-24T23:04:35Z,2024-06-12T21:31:25Z,141,99,240
prometheus/prometheus,14142,2024-05-24T14:04:54Z,,360,82,442
prometheus/prometheus,14141,2024-05-24T13:32:54Z,2024-05-29T13:36:38Z,16,7,23
prometheus/prometheus,14140,2024-05-24T04:39:32Z,,34,0,34
prometheus/prometheus,14136,2024-05-22T12:43:56Z,2024-06-20T08:01:59Z,57,29,86
prometheus/prometheus,14133,2024-05-22T08:39:53Z,,1,1,2
prometheus/prometheus,14130,2024-05-21T15:57:22Z,2024-05-24T13:35:51Z,25,7,32
prometheus/prometheus,14129,2024-05-21T12:54:35Z,2024-05-23T11:37:42Z,5,2,7
prometheus/prometheus,14124,2024-05-20T02:46:22Z,,7,0,7
prometheus/prometheus,14121,2024-05-18T11:53:22Z,2024-05-18T14:12:33Z,6,4,10
prometheus/prometheus,14120,2024-05-18T11:28:51Z,2024-05-21T15:49:33Z,2,2,4
prometheus/prometheus,14119,2024-05-17T17:55:58Z,,44,0,44
prometheus/prometheus,14118,2024-05-17T15:32:29Z,2024-05-21T09:30:43Z,55,1,56
prometheus/prometheus,14116,2024-05-17T13:04:23Z,2024-05-21T17:07:29Z,41,6,47
prometheus/prometheus,14114,2024-05-16T23:30:25Z,2024-06-25T07:47:06Z,116,13,129
prometheus/prometheus,14113,2024-05-16T21:42:58Z,2024-06-04T23:11:36Z,46,5,51
prometheus/prometheus,14112,2024-05-15T21:53:31Z,,0,0,0
prometheus/prometheus,14109,2024-05-15T20:09:10Z,2024-07-12T09:27:52Z,103,54,157
prometheus/prometheus,14108,2024-05-15T19:03:31Z,,149,33,182
prometheus/prometheus,14106,2024-05-15T15:50:38Z,2024-05-21T17:08:35Z,1,1,2
prometheus/prometheus,14103,2024-05-15T12:03:03Z,2024-05-15T12:37:12Z,1,0,1
prometheus/prometheus,14100,2024-05-14T16:47:04Z,2024-05-16T10:04:42Z,1,1,2
prometheus/prometheus,14099,2024-05-14T15:15:00Z,,77,0,77
prometheus/prometheus,14098,2024-05-14T08:21:57Z,2024-05-14T13:34:24Z,1157,746,1903
prometheus/prometheus,14097,2024-05-14T07:24:05Z,2024-06-06T15:17:13Z,327,4,331
prometheus/prometheus,14096,2024-05-14T05:47:53Z,2024-05-15T04:26:19Z,177,1,178
prometheus/prometheus,14095,2024-05-13T18:10:14Z,,298,29,327
prometheus/prometheus,14094,2024-05-13T16:49:54Z,2024-06-12T14:07:43Z,104,17,121
prometheus/prometheus,14092,2024-05-13T15:57:17Z,,327,298,625
prometheus/prometheus,14091,2024-05-13T15:36:47Z,2024-05-15T15:43:43Z,126,103,229
prometheus/prometheus,14090,2024-05-13T13:45:18Z,2024-05-16T08:28:53Z,98,34,132
prometheus/prometheus,14088,2024-05-13T11:14:57Z,,62,44,106
prometheus/prometheus,14086,2024-05-13T07:45:05Z,,10,2,12
prometheus/prometheus,14083,2024-05-13T00:52:53Z,2024-05-31T16:25:20Z,94,2,96
prometheus/prometheus,14082,2024-05-12T10:46:07Z,,0,0,0
prometheus/prometheus,14081,2024-05-11T17:42:10Z,,1219,770,1989
prometheus/prometheus,14080,2024-05-11T16:52:51Z,2024-05-30T22:02:55Z,52,49,101
prometheus/prometheus,14079,2024-05-10T21:57:04Z,2024-05-25T02:43:21Z,89,23,112
prometheus/prometheus,14078,2024-05-10T21:41:03Z,2024-06-21T21:19:58Z,176,18,194
prometheus/prometheus,14077,2024-05-10T15:28:33Z,,127,126,253
prometheus/prometheus,14076,2024-05-10T08:43:23Z,,36,36,72
prometheus/prometheus,14075,2024-05-10T04:45:42Z,2024-05-29T15:03:33Z,9,2,11
prometheus/prometheus,14074,2024-05-09T13:32:52Z,2024-06-24T10:13:27Z,21,4,25
prometheus/prometheus,14073,2024-05-09T11:25:06Z,,12,9,21
prometheus/prometheus,14071,2024-05-09T09:31:01Z,2024-05-16T09:51:46Z,69,149,218
prometheus/prometheus,14068,2024-05-08T15:12:46Z,2024-05-14T15:18:59Z,161,2,163
prometheus/prometheus,14067,2024-05-08T11:14:40Z,2024-05-08T11:56:06Z,1874,959,2833
prometheus/prometheus,14064,2024-05-08T06:10:49Z,2024-09-04T10:07:35Z,167,108,275
prometheus/prometheus,14063,2024-05-07T18:44:15Z,2024-05-08T21:34:42Z,15,19,34
prometheus/prometheus,14062,2024-05-07T18:32:27Z,2024-05-15T19:17:03Z,69,17,86
prometheus/prometheus,14061,2024-05-07T16:43:00Z,2024-05-30T10:49:50Z,458,367,825
prometheus/prometheus,14059,2024-05-07T13:25:21Z,2024-05-07T14:33:37Z,24,3,27
prometheus/prometheus,14054,2024-05-04T06:51:45Z,,1,1,2
prometheus/prometheus,14053,2024-05-04T05:36:58Z,,338202,1253562,1591764
prometheus/prometheus,14051,2024-05-03T17:36:01Z,2024-05-03T17:53:57Z,60,16,76
prometheus/prometheus,14050,2024-05-03T17:14:15Z,2024-05-03T17:31:50Z,18,14,32
prometheus/prometheus,14048,2024-05-03T12:32:25Z,2024-05-03T13:23:46Z,8,1,9
prometheus/prometheus,14047,2024-05-03T12:24:33Z,2024-05-03T17:07:49Z,42,2,44
prometheus/prometheus,14046,2024-05-03T11:27:30Z,,883,86,969
prometheus/prometheus,14045,2024-05-03T10:01:37Z,2025-02-04T11:34:59Z,1,1,2
prometheus/prometheus,14043,2024-05-03T09:09:41Z,2024-05-08T13:03:18Z,149,43,192
prometheus/prometheus,14042,2024-05-03T08:57:45Z,2024-08-16T10:00:50Z,10,8,18
prometheus/prometheus,14041,2024-05-03T08:00:43Z,2024-05-08T15:57:10Z,38,38,76
prometheus/prometheus,14039,2024-05-02T13:55:23Z,2024-05-02T14:47:39Z,120,53,173
prometheus/prometheus,14038,2024-05-02T02:48:52Z,2024-06-06T15:56:25Z,277,3,280
prometheus/prometheus,14037,2024-05-01T23:31:25Z,2024-05-02T09:12:02Z,15,15,30
prometheus/prometheus,14036,2024-05-01T23:31:14Z,,3,3,6
prometheus/prometheus,14035,2024-05-01T23:31:06Z,2024-05-02T09:14:54Z,3,3,6
prometheus/prometheus,14034,2024-05-01T23:31:01Z,,39,39,78
prometheus/prometheus,14033,2024-05-01T23:30:05Z,,14,13,27
prometheus/prometheus,14032,2024-05-01T23:29:57Z,,30,67,97
prometheus/prometheus,14031,2024-05-01T23:21:28Z,2024-05-02T09:12:22Z,3,3,6
prometheus/prometheus,14030,2024-05-01T23:06:01Z,,2,2,4
prometheus/prometheus,14029,2024-05-01T23:05:59Z,2024-05-02T09:15:24Z,2,2,4
prometheus/prometheus,14028,2024-05-01T23:05:54Z,,4,4,8
prometheus/prometheus,14027,2024-05-01T23:05:45Z,2024-05-02T09:13:04Z,20,20,40
prometheus/prometheus,14026,2024-05-01T23:05:39Z,,1,1,2
prometheus/prometheus,14025,2024-05-01T23:03:48Z,,1,1,2
prometheus/prometheus,14024,2024-05-01T23:03:45Z,2024-05-02T09:14:19Z,1,1,2
prometheus/prometheus,14023,2024-05-01T22:10:21Z,2024-05-02T14:32:12Z,1,1,2
prometheus/prometheus,14022,2024-05-01T21:25:36Z,,2,2,4
prometheus/prometheus,14021,2024-05-01T14:50:46Z,2024-05-08T09:39:44Z,17,21,38
prometheus/prometheus,14020,2024-05-01T10:43:57Z,2024-05-08T13:03:57Z,43,21,64
prometheus/prometheus,14019,2024-04-30T21:51:13Z,2024-06-18T11:51:47Z,10,1,11
prometheus/prometheus,14018,2024-04-30T20:21:23Z,,753,53,806
prometheus/prometheus,14017,2024-04-30T17:44:00Z,2024-10-21T23:04:40Z,291,2,293
prometheus/prometheus,14016,2024-04-30T17:32:11Z,2024-05-02T14:47:41Z,118,52,170
prometheus/prometheus,14015,2024-04-30T16:52:42Z,2024-05-06T09:51:08Z,15,2,17
prometheus/prometheus,14014,2024-04-30T15:24:01Z,2024-04-30T16:44:27Z,2,0,2
prometheus/prometheus,14012,2024-04-30T14:22:36Z,2024-05-01T14:35:22Z,36,4,40
prometheus/prometheus,14010,2024-04-30T13:10:44Z,,1296,25,1321
prometheus/prometheus,14009,2024-04-30T10:37:57Z,2024-05-08T11:58:24Z,441,364,805
prometheus/prometheus,14008,2024-04-30T10:36:00Z,,989,79,1068
prometheus/prometheus,14006,2024-04-30T09:41:45Z,2024-04-30T11:30:45Z,158,43,201
prometheus/prometheus,14005,2024-04-30T09:03:52Z,2024-05-02T08:51:25Z,125,29,154
prometheus/prometheus,14004,2024-04-30T09:03:32Z,2024-06-27T10:13:14Z,54,0,54
prometheus/prometheus,14000,2024-04-29T14:19:35Z,2024-05-27T19:45:07Z,59,19,78
prometheus/prometheus,13999,2024-04-29T12:32:57Z,2024-05-09T12:23:12Z,643,543,1186
prometheus/prometheus,13997,2024-04-28T19:43:09Z,2024-04-29T18:26:01Z,77,38,115
prometheus/prometheus,13994,2024-04-25T19:53:10Z,2024-05-03T12:42:39Z,1,59,60
prometheus/prometheus,13993,2024-04-25T19:00:33Z,,18,3,21
prometheus/prometheus,13992,2024-04-25T17:35:29Z,2024-04-29T09:18:49Z,8,10,18
prometheus/prometheus,13991,2024-04-25T12:51:30Z,2024-04-30T09:29:52Z,592,494,1086
prometheus/prometheus,13990,2024-04-24T22:28:43Z,2024-04-25T12:18:50Z,11,2,13
prometheus/prometheus,13989,2024-04-24T17:31:53Z,,0,1783,1783
prometheus/prometheus,13987,2024-04-24T14:02:38Z,2024-04-25T13:56:41Z,57,38,95
prometheus/prometheus,13986,2024-04-24T11:59:16Z,2024-04-24T12:37:09Z,4,0,4
prometheus/prometheus,13985,2024-04-24T09:08:10Z,2024-04-24T09:35:17Z,2435,1353,3788
prometheus/prometheus,13983,2024-04-24T01:16:52Z,,155,18,173
prometheus/prometheus,13982,2024-04-23T21:31:51Z,2024-04-29T18:33:27Z,4,2,6
prometheus/prometheus,13980,2024-04-23T18:47:28Z,2024-04-30T14:29:21Z,159,129,288
prometheus/prometheus,13976,2024-04-23T18:13:31Z,2024-04-24T01:35:34Z,4,0,4
prometheus/prometheus,13974,2024-04-23T08:56:57Z,2024-04-24T15:04:30Z,27,12,39
prometheus/prometheus,13973,2024-04-23T08:10:50Z,2024-05-08T07:08:00Z,200,202,402
prometheus/prometheus,13971,2024-04-23T06:09:27Z,2025-08-05T11:22:54Z,16,4,20
prometheus/prometheus,13970,2024-04-23T01:59:44Z,2024-05-16T10:19:06Z,1,0,1
prometheus/prometheus,13969,2024-04-22T15:34:51Z,2024-04-30T12:18:30Z,41,14,55
prometheus/prometheus,13968,2024-04-22T13:50:52Z,,356,182,538
prometheus/prometheus,13966,2024-04-21T14:36:48Z,2024-04-30T09:50:52Z,6,13,19
prometheus/prometheus,13965,2024-04-21T09:22:38Z,,359,13,372
prometheus/prometheus,13962,2024-04-20T10:23:04Z,2024-04-22T12:26:07Z,3,3,6
prometheus/prometheus,13961,2024-04-20T10:23:01Z,2024-04-22T12:25:47Z,3,3,6
prometheus/prometheus,13958,2024-04-19T02:46:28Z,2024-04-24T14:41:33Z,2,2,4
prometheus/prometheus,13956,2024-04-18T20:22:17Z,,4990,51,5041
prometheus/prometheus,13955,2024-04-18T20:18:20Z,,3315,51,3366
prometheus/prometheus,13954,2024-04-18T19:20:50Z,2024-04-20T10:21:42Z,163,162,325
prometheus/prometheus,13952,2024-04-18T14:27:34Z,2024-04-18T17:58:43Z,3,3,6
prometheus/prometheus,13951,2024-04-18T12:43:04Z,,3,3,6
prometheus/prometheus,13949,2024-04-18T10:35:27Z,2024-06-19T09:35:52Z,0,1683,1683
prometheus/prometheus,13948,2024-04-18T09:42:41Z,2024-04-30T08:47:10Z,3,4,7
prometheus/prometheus,13946,2024-04-18T07:36:52Z,2024-04-18T09:09:14Z,9436,5114,14550
prometheus/prometheus,13945,2024-04-17T14:16:28Z,,1,1,2
prometheus/prometheus,13941,2024-04-16T18:09:10Z,2024-04-27T14:01:30Z,173,5,178
prometheus/prometheus,13938,2024-04-16T15:42:54Z,,1410,1410,2820
prometheus/prometheus,13935,2024-04-16T07:20:45Z,2024-04-19T08:31:16Z,80,4,84
prometheus/prometheus,13932,2024-04-15T15:45:49Z,2024-05-10T08:41:21Z,2,23,25
prometheus/prometheus,13924,2024-04-12T08:02:49Z,,140,2,142
prometheus/prometheus,13923,2024-04-11T15:08:27Z,2024-04-13T10:59:55Z,39,39,78
prometheus/prometheus,13922,2024-04-11T14:46:18Z,,149,41,190
prometheus/prometheus,13921,2024-04-11T13:49:42Z,2024-04-17T13:41:04Z,36,35,71
prometheus/prometheus,13919,2024-04-11T08:40:58Z,2024-04-18T19:44:03Z,33,1,34
prometheus/prometheus,13918,2024-04-11T08:40:11Z,,5,6,11
prometheus/prometheus,13916,2024-04-10T19:54:53Z,2024-04-11T10:53:28Z,39,4,43
prometheus/prometheus,13914,2024-04-10T15:03:56Z,2024-12-02T17:09:25Z,44,7,51
prometheus/prometheus,13913,2024-04-10T14:05:16Z,2024-04-11T08:38:24Z,92,42,134
prometheus/prometheus,13909,2024-04-09T11:39:35Z,2024-09-26T14:32:18Z,12,0,12
prometheus/prometheus,13907,2024-04-09T10:09:07Z,2024-04-10T10:08:16Z,20,14,34
prometheus/prometheus,13906,2024-04-08T19:27:03Z,2024-04-10T10:14:55Z,35,33,68
prometheus/prometheus,13905,2024-04-08T18:59:21Z,2024-04-11T08:27:54Z,1,33,34
prometheus/prometheus,13904,2024-04-08T16:58:06Z,2024-06-20T14:45:32Z,420,358,778
prometheus/prometheus,13901,2024-04-08T04:56:56Z,,123,9,132
prometheus/prometheus,13898,2024-04-06T11:49:08Z,2024-04-10T10:52:12Z,1,1,2
prometheus/prometheus,13897,2024-04-05T16:03:37Z,2024-04-05T17:44:32Z,46,1,47
prometheus/prometheus,13896,2024-04-05T13:05:23Z,2024-04-05T14:19:08Z,39,2,41
prometheus/prometheus,13895,2024-04-05T10:26:58Z,2024-04-07T17:33:33Z,1,1,2
prometheus/prometheus,13894,2024-04-05T01:36:36Z,2024-04-08T15:34:14Z,11,16,27
prometheus/prometheus,13893,2024-04-04T20:55:04Z,2024-11-10T17:17:21Z,9,7,16
prometheus/prometheus,13891,2024-04-04T18:49:53Z,2024-04-16T12:15:07Z,10,0,10
prometheus/prometheus,13890,2024-04-04T14:17:11Z,,127,795,922
prometheus/prometheus,13889,2024-04-03T18:13:48Z,2024-04-06T09:23:19Z,0,28,28
prometheus/prometheus,13888,2024-04-03T16:56:27Z,2024-04-04T12:26:13Z,1,0,1
prometheus/prometheus,13886,2024-04-03T13:16:39Z,,208,61,269
prometheus/prometheus,13885,2024-04-03T09:12:38Z,2024-04-03T15:55:14Z,18,2,20
prometheus/prometheus,13883,2024-04-02T22:59:07Z,2024-10-18T13:23:14Z,29,29,58
prometheus/prometheus,13882,2024-04-02T22:17:57Z,2024-04-05T09:22:46Z,2,2,4
prometheus/prometheus,13881,2024-04-02T21:14:06Z,2024-04-03T08:14:34Z,4,4,8
prometheus/prometheus,13880,2024-04-02T18:58:29Z,2024-12-16T09:42:52Z,24,6,30
prometheus/prometheus,13877,2024-04-02T08:32:50Z,2024-04-02T16:45:47Z,0,2,2
prometheus/prometheus,13876,2024-04-02T07:02:19Z,,1,0,1
prometheus/prometheus,13875,2024-04-01T23:47:25Z,2024-06-06T08:16:43Z,5,4,9
prometheus/prometheus,13874,2024-04-01T23:44:18Z,2024-04-20T11:14:15Z,2,2,4
prometheus/prometheus,13873,2024-04-01T23:44:14Z,2024-04-20T11:13:56Z,2,2,4
prometheus/prometheus,13872,2024-04-01T23:37:56Z,,3,3,6
prometheus/prometheus,13871,2024-04-01T23:37:20Z,,3,3,6
prometheus/prometheus,13870,2024-04-01T23:37:14Z,,3,3,6
prometheus/prometheus,13869,2024-04-01T23:37:05Z,2024-04-05T12:59:36Z,9,9,18
prometheus/prometheus,13868,2024-04-01T23:33:46Z,,3,3,6
prometheus/prometheus,13867,2024-04-01T23:33:17Z,2024-04-18T12:40:51Z,82,84,166
prometheus/prometheus,13865,2024-04-01T19:37:45Z,,136,5,141
prometheus/prometheus,13864,2024-04-01T02:26:22Z,2024-04-05T09:24:41Z,3,2,5
prometheus/prometheus,13862,2024-03-29T23:32:28Z,2024-03-29T23:51:38Z,7,7,14
prometheus/prometheus,13861,2024-03-29T13:42:36Z,2024-03-29T19:37:51Z,72,28,100
prometheus/prometheus,13859,2024-03-28T17:35:31Z,2024-03-28T22:09:57Z,2,0,2
prometheus/prometheus,13858,2024-03-28T15:22:54Z,,111,35,146
prometheus/prometheus,13856,2024-03-28T10:06:56Z,2024-04-01T12:30:11Z,2,2,4
prometheus/prometheus,13855,2024-03-28T09:59:15Z,2024-04-01T19:54:20Z,22,14,36
prometheus/prometheus,13854,2024-03-27T18:04:43Z,2024-03-28T12:47:28Z,2,6,8
prometheus/prometheus,13853,2024-03-27T17:37:09Z,2024-03-28T09:23:45Z,22,14,36
prometheus/prometheus,13852,2024-03-27T16:15:21Z,2024-03-27T16:58:03Z,45,1,46
prometheus/prometheus,13851,2024-03-27T15:44:26Z,2024-03-27T17:09:54Z,137,0,137
prometheus/prometheus,13850,2024-03-27T15:31:42Z,2024-03-27T17:06:44Z,26,2,28
prometheus/prometheus,13847,2024-03-27T04:46:55Z,2024-04-03T08:57:08Z,22,9,31
prometheus/prometheus,13846,2024-03-27T01:56:46Z,2024-03-27T15:32:38Z,137,0,137
prometheus/prometheus,13845,2024-03-26T16:26:46Z,2024-03-27T10:35:18Z,26,2,28
prometheus/prometheus,13844,2024-03-26T14:22:20Z,2024-03-26T16:41:43Z,66,15,81
prometheus/prometheus,13843,2024-03-26T14:18:38Z,2024-07-03T17:45:36Z,319,81,400
prometheus/prometheus,13841,2024-03-26T13:54:58Z,2024-03-27T17:19:14Z,21,21,42
prometheus/prometheus,13838,2024-03-25T17:08:37Z,2024-03-26T11:16:27Z,9,2,11
prometheus/prometheus,13835,2024-03-25T04:19:27Z,2024-03-25T13:54:20Z,0,3,3
prometheus/prometheus,13834,2024-03-23T18:53:10Z,2024-03-25T13:58:44Z,6,7,13
prometheus/prometheus,13833,2024-03-23T18:00:20Z,,12,8,20
prometheus/prometheus,13831,2024-03-23T08:06:59Z,2024-03-26T11:17:11Z,3,0,3
prometheus/prometheus,13830,2024-03-23T05:39:43Z,2024-03-25T13:55:22Z,1,1,2
prometheus/prometheus,13828,2024-03-22T14:27:59Z,2024-03-27T17:40:59Z,20,29,49
prometheus/prometheus,13827,2024-03-22T14:18:55Z,,338,95,433
prometheus/prometheus,13826,2024-03-22T06:45:08Z,2024-03-22T12:03:21Z,4,4,8
prometheus/prometheus,13825,2024-03-22T03:09:18Z,2024-03-26T11:22:22Z,672,92,764
prometheus/prometheus,13824,2024-03-21T19:51:38Z,,45,1,46
prometheus/prometheus,13823,2024-03-21T16:05:20Z,2024-03-22T11:09:39Z,3,3,6
prometheus/prometheus,13822,2024-03-21T11:09:20Z,2024-03-23T08:42:34Z,45,20,65
prometheus/prometheus,13820,2024-03-21T08:21:36Z,,30,67,97
prometheus/prometheus,13819,2024-03-21T08:18:01Z,,6,5,11
prometheus/prometheus,13818,2024-03-21T08:16:14Z,,3,3,6
prometheus/prometheus,13817,2024-03-21T08:15:53Z,2024-04-18T12:40:20Z,3,3,6
prometheus/prometheus,13816,2024-03-21T08:15:22Z,,3,3,6
prometheus/prometheus,13815,2024-03-21T08:15:18Z,2024-03-22T11:17:25Z,5,5,10
prometheus/prometheus,13814,2024-03-21T08:15:05Z,2024-03-22T11:18:07Z,15,15,30
prometheus/prometheus,13813,2024-03-21T08:14:49Z,,82,84,166
prometheus/prometheus,13812,2024-03-21T08:14:43Z,2024-04-18T14:26:15Z,1,1,2
prometheus/prometheus,13811,2024-03-21T08:14:36Z,2024-04-18T14:25:41Z,1,1,2
prometheus/prometheus,13810,2024-03-21T08:14:33Z,2024-04-18T14:25:21Z,19,19,38
prometheus/prometheus,13809,2024-03-21T08:14:25Z,2024-03-22T06:29:06Z,2,2,4
prometheus/prometheus,13808,2024-03-21T08:14:19Z,2024-03-22T06:29:58Z,1,1,2
prometheus/prometheus,13807,2024-03-21T08:14:13Z,2024-03-22T06:30:53Z,1,1,2
prometheus/prometheus,13806,2024-03-21T06:48:48Z,,23,24,47
prometheus/prometheus,13805,2024-03-21T03:22:12Z,,3,3,6
prometheus/prometheus,13804,2024-03-21T03:03:12Z,,25,24,49
prometheus/prometheus,13803,2024-03-20T19:02:51Z,2024-03-23T08:02:11Z,3,0,3
prometheus/prometheus,13799,2024-03-20T13:10:14Z,2024-03-25T14:03:56Z,2,1,3
prometheus/prometheus,13798,2024-03-20T09:33:28Z,,682,2445,3127
prometheus/prometheus,13795,2024-03-19T17:25:54Z,2024-03-20T12:19:10Z,1,0,1
prometheus/prometheus,13794,2024-03-19T16:07:30Z,2024-04-24T07:36:05Z,423,116,539
prometheus/prometheus,13793,2024-03-19T13:52:35Z,2024-03-20T13:26:35Z,17,17,34
prometheus/prometheus,13791,2024-03-19T10:55:33Z,2024-03-19T18:15:25Z,44,14,58
prometheus/prometheus,13790,2024-03-19T08:18:37Z,2024-03-26T11:26:32Z,55,51,106
prometheus/prometheus,13789,2024-03-19T05:54:20Z,2024-03-19T11:00:17Z,2,5,7
prometheus/prometheus,13787,2024-03-18T17:28:13Z,2024-03-19T10:49:40Z,16,16,32
prometheus/prometheus,13786,2024-03-18T13:05:40Z,,67,0,67
prometheus/prometheus,13783,2024-03-18T07:22:21Z,2024-03-18T10:58:15Z,1,1,2
prometheus/prometheus,13782,2024-03-17T16:09:57Z,2024-03-19T17:29:32Z,14,6,20
prometheus/prometheus,13781,2024-03-17T11:27:45Z,2024-03-19T17:41:02Z,2,1,3
prometheus/prometheus,13779,2024-03-15T13:54:25Z,2024-03-18T10:20:09Z,49,34,83
prometheus/prometheus,13778,2024-03-15T13:51:20Z,,49,34,83
prometheus/prometheus,13777,2024-03-15T13:03:38Z,2024-03-15T13:42:30Z,32,21,53
prometheus/prometheus,13776,2024-03-15T09:25:39Z,2024-03-26T11:33:48Z,5,3,8
prometheus/prometheus,13774,2024-03-14T21:27:13Z,2024-04-05T08:31:59Z,982,558,1540
prometheus/prometheus,13773,2024-03-14T17:42:39Z,2024-03-15T16:45:57Z,11,63,74
prometheus/prometheus,13772,2024-03-14T17:42:25Z,2024-03-14T18:34:37Z,2,2,4
prometheus/prometheus,13771,2024-03-14T16:57:24Z,2024-03-15T16:47:14Z,5,2,7
prometheus/prometheus,13770,2024-03-14T08:21:58Z,2024-03-14T11:11:42Z,15,2,17
prometheus/prometheus,13769,2024-03-14T03:33:31Z,,176,25,201
prometheus/prometheus,13768,2024-03-14T02:44:29Z,2024-03-18T07:17:40Z,2,0,2
prometheus/prometheus,13766,2024-03-13T22:20:36Z,2024-03-19T17:37:43Z,6,0,6
prometheus/prometheus,13764,2024-03-13T15:58:09Z,2024-03-17T09:34:57Z,17,1895,1912
prometheus/prometheus,13763,2024-03-13T15:52:34Z,2024-03-14T10:15:17Z,0,9,9
prometheus/prometheus,13762,2024-03-13T14:38:57Z,,25,19,44
prometheus/prometheus,13761,2024-03-13T13:28:53Z,2024-03-14T07:42:16Z,6,6,12
prometheus/prometheus,13759,2024-03-13T09:35:26Z,2024-03-15T08:40:27Z,5,6,11
prometheus/prometheus,13758,2024-03-13T09:29:33Z,2024-05-14T11:28:19Z,2,1,3
prometheus/prometheus,13755,2024-03-12T20:58:15Z,2024-03-26T11:17:38Z,35,8,43
prometheus/prometheus,13754,2024-03-12T15:10:46Z,2024-04-07T17:28:28Z,68,0,68
prometheus/prometheus,13753,2024-03-12T13:29:24Z,2024-03-19T18:24:38Z,3,3,6
prometheus/prometheus,13752,2024-03-12T13:14:28Z,2024-03-13T11:57:22Z,57,0,57
prometheus/prometheus,13751,2024-03-12T09:20:10Z,2024-03-12T10:41:34Z,17,18,35
prometheus/prometheus,13749,2024-03-12T07:13:33Z,,112,5,117
prometheus/prometheus,13746,2024-03-09T22:22:20Z,,1,1,2
prometheus/prometheus,13745,2024-03-09T16:55:59Z,,29,4,33
prometheus/prometheus,13744,2024-03-09T13:07:22Z,2024-04-05T15:34:57Z,404,240,644
prometheus/prometheus,13743,2024-03-09T09:53:38Z,2024-03-12T10:50:26Z,2,2,4
prometheus/prometheus,13742,2024-03-08T20:44:08Z,2024-03-12T11:24:28Z,3,18,21
prometheus/prometheus,13741,2024-03-08T15:16:13Z,2024-03-27T10:36:17Z,238,102,340
prometheus/prometheus,13740,2024-03-08T10:56:18Z,,9,0,9
prometheus/prometheus,13739,2024-03-08T10:38:57Z,2024-03-11T12:55:19Z,2,1,3
prometheus/prometheus,13738,2024-03-08T10:33:36Z,,4,0,4
prometheus/prometheus,13737,2024-03-08T10:19:14Z,2024-03-08T12:28:04Z,2,4,6
prometheus/prometheus,13735,2024-03-08T09:26:04Z,2024-03-08T12:29:36Z,10,8,18
prometheus/prometheus,13731,2024-03-07T18:05:02Z,2024-04-11T11:24:26Z,101,10,111
prometheus/prometheus,13729,2024-03-07T14:12:11Z,2024-03-11T13:35:44Z,51,27,78
prometheus/prometheus,13728,2024-03-07T12:07:07Z,2024-03-12T19:07:04Z,20,20,40
prometheus/prometheus,13725,2024-03-07T00:23:00Z,2024-03-07T11:36:17Z,39,25,64
prometheus/prometheus,13722,2024-03-06T19:07:58Z,2024-03-07T10:09:13Z,12,2,14
prometheus/prometheus,13721,2024-03-06T18:29:22Z,2024-03-07T10:09:53Z,1,4,5
prometheus/prometheus,13719,2024-03-06T13:25:39Z,,11,10,21
prometheus/prometheus,13718,2024-03-06T12:55:56Z,2024-03-06T13:17:07Z,2,2,4
prometheus/prometheus,13717,2024-03-06T12:12:09Z,2024-03-06T18:38:44Z,12,11,23
prometheus/prometheus,13716,2024-03-06T11:09:36Z,2024-03-07T12:05:58Z,271,270,541
prometheus/prometheus,13715,2024-03-06T11:09:01Z,2024-03-06T18:15:17Z,2,3,5
prometheus/prometheus,13714,2024-03-06T10:21:59Z,2024-03-06T11:43:29Z,11,14,25
prometheus/prometheus,13713,2024-03-06T04:00:22Z,2024-03-13T13:45:42Z,9,12,21
prometheus/prometheus,13712,2024-03-05T20:07:07Z,2024-03-06T12:36:34Z,6,0,6
prometheus/prometheus,13707,2024-03-05T10:32:09Z,2024-03-06T13:08:59Z,7,3,10
prometheus/prometheus,13706,2024-03-05T09:00:06Z,2024-03-22T13:36:40Z,953,331,1284
prometheus/prometheus,13704,2024-03-04T19:16:07Z,2024-03-05T20:02:40Z,1,1,2
prometheus/prometheus,13702,2024-03-04T11:49:49Z,2024-03-08T15:19:39Z,7,13,20
prometheus/prometheus,13701,2024-03-04T09:49:30Z,2024-03-04T11:06:34Z,5,5,10
prometheus/prometheus,13699,2024-03-03T19:48:26Z,2024-07-03T16:50:29Z,670,353,1023
prometheus/prometheus,13698,2024-03-03T10:06:54Z,,1,1,2
prometheus/prometheus,13696,2024-03-01T23:49:04Z,2024-03-04T15:32:34Z,5,5,10
prometheus/prometheus,13695,2024-03-01T23:48:59Z,,150,139,289
prometheus/prometheus,13694,2024-03-01T23:48:17Z,2024-03-04T09:55:24Z,12,12,24
prometheus/prometheus,13693,2024-03-01T23:48:02Z,,23,23,46
prometheus/prometheus,13692,2024-03-01T23:47:51Z,,6,6,12
prometheus/prometheus,13691,2024-03-01T23:44:43Z,2024-03-04T14:27:27Z,1,1,2
prometheus/prometheus,13690,2024-03-01T23:44:43Z,2024-03-04T09:53:55Z,26,118,144
prometheus/prometheus,13689,2024-03-01T23:44:31Z,,3,3,6
prometheus/prometheus,13688,2024-03-01T23:44:25Z,2024-03-04T09:58:44Z,2,2,4
prometheus/prometheus,13687,2024-03-01T23:44:19Z,2024-03-04T09:56:18Z,3,3,6
prometheus/prometheus,13686,2024-03-01T23:44:12Z,2024-03-04T15:19:17Z,42,42,84
prometheus/prometheus,13685,2024-03-01T23:20:32Z,2024-03-04T09:59:26Z,1,1,2
prometheus/prometheus,13684,2024-03-01T23:18:08Z,,30,67,97
prometheus/prometheus,13683,2024-03-01T23:16:17Z,,7,6,13
prometheus/prometheus,13682,2024-03-01T14:03:38Z,2024-03-05T22:16:52Z,72,3,75
prometheus/prometheus,13681,2024-03-01T13:05:59Z,2024-03-07T19:46:43Z,43,22,65
prometheus/prometheus,13680,2024-03-01T12:15:55Z,2024-07-04T12:01:09Z,427,53,480
prometheus/prometheus,13679,2024-03-01T07:27:05Z,,42,13,55
prometheus/prometheus,13677,2024-02-29T17:49:28Z,,138,11,149
prometheus/prometheus,13675,2024-02-29T15:45:55Z,2024-03-04T15:19:53Z,6,6,12
prometheus/prometheus,13674,2024-02-29T15:24:01Z,2024-02-29T16:49:15Z,44,13,57
prometheus/prometheus,13673,2024-02-29T12:45:38Z,2024-03-12T11:34:04Z,24,27,51
prometheus/prometheus,13670,2024-02-29T09:20:18Z,,10,1,11
prometheus/prometheus,13669,2024-02-29T01:34:32Z,2024-05-14T11:54:00Z,2,1,3
prometheus/prometheus,13667,2024-02-28T17:13:11Z,2024-03-12T15:17:12Z,115,36,151
prometheus/prometheus,13666,2024-02-28T15:47:43Z,,2,1,3
prometheus/prometheus,13665,2024-02-28T15:39:32Z,,2,1,3
prometheus/prometheus,13663,2024-02-28T13:51:51Z,,2,1,3
prometheus/prometheus,13662,2024-02-28T13:08:05Z,2024-06-27T19:44:20Z,3653,910,4563
prometheus/prometheus,13661,2024-02-28T09:33:25Z,,1,1,2
prometheus/prometheus,13659,2024-02-28T09:21:38Z,,128,12,140
prometheus/prometheus,13658,2024-02-28T05:06:40Z,2024-02-29T13:21:15Z,318,60,378
prometheus/prometheus,13656,2024-02-27T20:49:26Z,2024-02-27T22:16:43Z,28,0,28
prometheus/prometheus,13655,2024-02-27T17:14:41Z,2024-02-28T17:03:34Z,1,1,2
prometheus/prometheus,13654,2024-02-27T11:19:08Z,2024-03-04T16:18:59Z,21,21,42
prometheus/prometheus,13652,2024-02-26T16:01:09Z,2024-02-26T17:38:01Z,3,3,6
prometheus/prometheus,13651,2024-02-26T15:04:45Z,2024-02-27T11:17:46Z,15,15,30
prometheus/prometheus,13650,2024-02-26T15:04:23Z,2024-02-27T11:18:17Z,3,3,6
prometheus/prometheus,13649,2024-02-26T15:03:54Z,2024-02-27T11:17:56Z,3,3,6
prometheus/prometheus,13648,2024-02-26T15:03:42Z,2024-02-27T11:18:06Z,13,13,26
prometheus/prometheus,13646,2024-02-26T12:24:19Z,,66,40,106
prometheus/prometheus,13645,2024-02-26T12:00:09Z,2024-02-26T13:10:43Z,18,14,32
prometheus/prometheus,13644,2024-02-26T11:53:43Z,,70,40,110
prometheus/prometheus,13642,2024-02-26T10:26:40Z,,205,104,309
prometheus/prometheus,13641,2024-02-26T10:04:55Z,2024-02-26T11:31:35Z,39,18,57
prometheus/prometheus,13638,2024-02-25T19:59:58Z,2024-05-19T17:35:36Z,445,1072,1517
prometheus/prometheus,13637,2024-02-25T19:57:19Z,2024-02-28T12:52:30Z,29,6,35
prometheus/prometheus,13635,2024-02-23T23:35:00Z,,163,18,181
prometheus/prometheus,13634,2024-02-23T17:04:11Z,2024-02-26T18:14:00Z,38,183,221
prometheus/prometheus,13633,2024-02-23T15:32:24Z,2024-02-26T09:53:39Z,21,4,25
prometheus/prometheus,13632,2024-02-23T13:46:18Z,,9,10,19
prometheus/prometheus,13631,2024-02-23T05:53:03Z,2024-02-23T10:31:39Z,25,6,31
prometheus/prometheus,13629,2024-02-22T09:53:17Z,2024-02-22T10:07:52Z,157,16,173
prometheus/prometheus,13628,2024-02-22T09:39:48Z,2024-02-23T12:39:17Z,11,26,37
prometheus/prometheus,13627,2024-02-22T08:24:38Z,2024-02-22T17:04:19Z,145,70,215
prometheus/prometheus,13624,2024-02-21T14:11:11Z,2024-03-04T15:37:01Z,6,2,8
prometheus/prometheus,13623,2024-02-21T13:54:17Z,2024-02-21T14:36:10Z,3081,2109,5190
prometheus/prometheus,13622,2024-02-21T13:37:11Z,2024-08-30T12:39:31Z,18,12,30
prometheus/prometheus,13621,2024-02-21T11:55:32Z,2024-02-27T11:28:16Z,3,3,6
prometheus/prometheus,13620,2024-02-21T09:47:42Z,2024-05-09T09:55:31Z,278,75,353
prometheus/prometheus,13615,2024-02-20T19:45:49Z,,200,49,249
prometheus/prometheus,13613,2024-02-20T10:10:50Z,2025-04-15T11:29:21Z,6,1,7
prometheus/prometheus,13612,2024-02-20T10:02:16Z,2024-02-22T09:21:59Z,16,19,35
prometheus/prometheus,13610,2024-02-19T22:00:24Z,,135,76,211
prometheus/prometheus,13607,2024-02-19T15:23:24Z,2024-02-23T08:41:45Z,43,33,76
prometheus/prometheus,13606,2024-02-19T13:47:35Z,2024-02-22T09:23:27Z,1,1,2
prometheus/prometheus,13604,2024-02-19T11:44:27Z,2024-02-26T15:02:12Z,112,11,123
prometheus/prometheus,13602,2024-02-19T10:52:25Z,2024-02-19T13:15:03Z,18,14,32
prometheus/prometheus,13599,2024-02-18T13:29:08Z,,206,161,367
prometheus/prometheus,13598,2024-02-18T10:18:07Z,,0,4,4
prometheus/prometheus,13597,2024-02-18T09:41:46Z,,1,1,2
prometheus/prometheus,13593,2024-02-16T13:22:47Z,2024-02-27T09:48:38Z,51,4,55
prometheus/prometheus,13592,2024-02-16T12:18:56Z,2024-02-28T12:54:49Z,2027,262,2289
prometheus/prometheus,13590,2024-02-15T18:22:06Z,2024-04-29T09:14:01Z,396,51,447
prometheus/prometheus,13589,2024-02-15T14:23:52Z,2024-02-19T09:34:04Z,33,33,66
prometheus/prometheus,13587,2024-02-15T12:42:03Z,2024-06-04T11:43:18Z,1,1,2
prometheus/prometheus,13585,2024-02-15T11:13:12Z,2024-02-15T14:08:18Z,1,1,2
prometheus/prometheus,13583,2024-02-15T01:24:23Z,2024-02-22T01:09:07Z,128,13,141
prometheus/prometheus,13581,2024-02-14T15:36:54Z,,39,6,45
prometheus/prometheus,13580,2024-02-14T09:34:39Z,,64,1,65
prometheus/prometheus,13578,2024-02-14T05:42:49Z,2024-02-14T16:59:01Z,115,2,117
prometheus/prometheus,13576,2024-02-13T16:00:11Z,,50,2,52
prometheus/prometheus,13568,2024-02-11T08:49:00Z,,8,1,9
prometheus/prometheus,13567,2024-02-11T07:33:07Z,2024-11-11T06:59:24Z,87,68,155
prometheus/prometheus,13566,2024-02-11T02:18:59Z,,2,1,3
prometheus/prometheus,13565,2024-02-09T08:17:20Z,,23,8,31
prometheus/prometheus,13562,2024-02-08T16:14:56Z,2024-02-28T22:28:39Z,132,11,143
prometheus/prometheus,13559,2024-02-07T17:29:58Z,2024-02-12T13:34:33Z,14,9,23
prometheus/prometheus,13558,2024-02-07T16:44:18Z,2024-03-14T13:47:25Z,268,114,382
prometheus/prometheus,13554,2024-02-07T11:40:54Z,2024-04-04T09:43:45Z,90,14,104
prometheus/prometheus,13553,2024-02-07T10:28:49Z,,61,4,65
prometheus/prometheus,13550,2024-02-06T23:33:29Z,,32,13,45
prometheus/prometheus,13549,2024-02-06T19:25:10Z,,20,4,24
prometheus/prometheus,13548,2024-02-06T19:03:36Z,,0,0,0
prometheus/prometheus,13546,2024-02-06T09:58:38Z,2024-02-06T12:53:37Z,2,1,3
prometheus/prometheus,13545,2024-02-06T09:53:07Z,2024-02-06T10:26:48Z,2,2,4
prometheus/prometheus,13543,2024-02-06T08:38:19Z,2024-02-06T12:53:01Z,5,5,10
prometheus/prometheus,13536,2024-02-04T10:25:46Z,2024-02-29T16:03:00Z,57,84,141
prometheus/prometheus,13527,2024-02-02T09:11:28Z,2024-02-02T16:40:03Z,298,18,316
prometheus/prometheus,13526,2024-02-02T08:25:18Z,,3,3,6
prometheus/prometheus,13524,2024-02-01T23:58:18Z,,30,67,97
prometheus/prometheus,13523,2024-02-01T23:53:35Z,,3,3,6
prometheus/prometheus,13522,2024-02-01T23:53:22Z,,3,3,6
prometheus/prometheus,13521,2024-02-01T23:53:11Z,,3,3,6
prometheus/prometheus,13520,2024-02-01T23:53:01Z,,3,3,6
prometheus/prometheus,13519,2024-02-01T23:49:13Z,,11,11,22
prometheus/prometheus,13518,2024-02-01T23:45:23Z,,58,80,138
prometheus/prometheus,13517,2024-02-01T23:41:21Z,,7,6,13
prometheus/prometheus,13516,2024-02-01T23:04:39Z,,1,1,2
prometheus/prometheus,13515,2024-02-01T23:04:36Z,,2,2,4
prometheus/prometheus,13514,2024-02-01T23:04:33Z,2024-03-04T09:58:11Z,3,3,6
prometheus/prometheus,13513,2024-02-01T23:04:30Z,,2,2,4
prometheus/prometheus,13511,2024-02-01T18:51:06Z,,11,0,11
prometheus/prometheus,13510,2024-02-01T18:26:15Z,2024-02-02T18:38:50Z,9819,21047,30866
prometheus/prometheus,13509,2024-02-01T14:51:50Z,2024-02-02T09:00:39Z,16,16,32
prometheus/prometheus,13506,2024-01-31T23:19:41Z,,287,41,328
prometheus/prometheus,13505,2024-01-31T14:09:32Z,2024-02-03T11:53:19Z,1,1,2
prometheus/prometheus,13504,2024-01-31T13:38:32Z,,23,4,27
prometheus/prometheus,13503,2024-01-31T12:26:49Z,2024-07-30T11:44:03Z,0,1,1
prometheus/prometheus,13502,2024-01-31T12:02:16Z,2024-02-22T02:56:02Z,240,116,356
prometheus/prometheus,13499,2024-01-30T16:48:54Z,2024-01-31T12:02:12Z,2,1,3
prometheus/prometheus,13498,2024-01-30T14:26:18Z,2024-04-04T14:16:30Z,795,127,922
prometheus/prometheus,13497,2024-01-30T14:25:36Z,2024-02-04T13:46:14Z,6,6,12
prometheus/prometheus,13496,2024-01-30T14:16:35Z,,7264,546,7810
prometheus/prometheus,13493,2024-01-30T05:20:04Z,,11,2,13
prometheus/prometheus,13492,2024-01-29T19:07:34Z,2024-02-06T16:15:10Z,2,4,6
prometheus/prometheus,13491,2024-01-29T19:05:23Z,2024-02-06T16:16:32Z,91,46,137
prometheus/prometheus,13488,2024-01-29T05:28:07Z,2024-02-14T16:24:40Z,266,20,286
prometheus/prometheus,13484,2024-01-27T10:59:06Z,2024-01-29T10:20:21Z,26,26,52
prometheus/prometheus,13478,2024-01-26T22:53:37Z,2024-02-02T23:10:40Z,88,84,172
prometheus/prometheus,13477,2024-01-26T22:30:23Z,2024-01-27T00:10:57Z,12,1,13
prometheus/prometheus,13476,2024-01-26T17:58:22Z,,982,45,1027
prometheus/prometheus,13474,2024-01-26T14:02:53Z,2024-01-26T22:28:58Z,12,1,13
prometheus/prometheus,13473,2024-01-26T11:07:56Z,2024-01-30T09:57:08Z,5,5,10
prometheus/prometheus,13472,2024-01-26T09:05:51Z,,12,1,13
prometheus/prometheus,13470,2024-01-25T18:43:11Z,,12,0,12
prometheus/prometheus,13469,2024-01-25T17:18:01Z,2024-01-29T10:19:03Z,16,28,44
prometheus/prometheus,13467,2024-01-25T14:32:31Z,2024-02-01T17:28:42Z,106,8,114
prometheus/prometheus,13466,2024-01-25T14:26:02Z,2024-01-26T15:52:15Z,3,0,3
prometheus/prometheus,13465,2024-01-25T13:23:48Z,2024-02-13T09:21:24Z,41,14,55
prometheus/prometheus,13464,2024-01-25T12:56:43Z,2024-01-26T12:22:50Z,7,2,9
prometheus/prometheus,13463,2024-01-25T12:31:58Z,2024-01-25T12:47:54Z,16,17,33
prometheus/prometheus,13462,2024-01-25T10:58:32Z,2024-01-25T13:18:47Z,13,114,127
prometheus/prometheus,13461,2024-01-25T10:09:58Z,2024-03-25T12:49:29Z,1976,215,2191
prometheus/prometheus,13460,2024-01-25T09:49:15Z,2024-01-26T08:25:23Z,2,1,3
prometheus/prometheus,13458,2024-01-25T06:42:43Z,2024-07-31T10:10:38Z,50,1,51
prometheus/prometheus,13456,2024-01-24T17:22:34Z,2024-06-25T14:01:00Z,0,4,4
prometheus/prometheus,13455,2024-01-24T17:15:07Z,,2,6,8
prometheus/prometheus,13454,2024-01-24T15:54:51Z,2024-01-25T09:20:14Z,13,13,26
prometheus/prometheus,13453,2024-01-24T15:54:50Z,2024-01-25T09:20:36Z,3,3,6
prometheus/prometheus,13452,2024-01-24T10:00:25Z,2024-02-12T14:40:08Z,169,96,265
prometheus/prometheus,13450,2024-01-24T09:40:49Z,2024-01-24T14:27:18Z,34,31,65
prometheus/prometheus,13449,2024-01-24T06:13:09Z,2024-01-25T20:34:18Z,136,67,203
prometheus/prometheus,13448,2024-01-23T20:49:16Z,2024-02-01T16:22:39Z,53,4,57
prometheus/prometheus,13447,2024-01-23T19:29:18Z,2024-01-26T14:40:15Z,1,1,2
prometheus/prometheus,13446,2024-01-23T18:24:24Z,2024-01-25T10:48:50Z,58,37,95
prometheus/prometheus,13442,2024-01-23T04:51:25Z,,1,1,2
prometheus/prometheus,13440,2024-01-22T12:29:33Z,2024-01-23T16:05:34Z,6,1,7
prometheus/prometheus,13439,2024-01-22T11:48:43Z,,99,8,107
prometheus/prometheus,13438,2024-01-22T08:52:08Z,2024-01-24T15:53:33Z,292,193,485
prometheus/prometheus,13437,2024-01-21T22:25:33Z,2024-01-22T17:33:21Z,6,0,6
prometheus/prometheus,13436,2024-01-20T10:03:05Z,,156,7,163
prometheus/prometheus,13435,2024-01-20T07:16:21Z,,1402,654,2056
prometheus/prometheus,13434,2024-01-19T21:28:52Z,2024-06-25T16:47:09Z,27,21,48
prometheus/prometheus,13433,2024-01-19T19:31:10Z,2024-01-23T15:08:22Z,1,1,2
prometheus/prometheus,13432,2024-01-19T16:06:40Z,2024-01-19T22:37:12Z,2,2,4
prometheus/prometheus,13427,2024-01-18T17:54:43Z,2024-01-22T14:20:13Z,6,1,7
prometheus/prometheus,13426,2024-01-18T15:35:35Z,2024-01-23T10:40:21Z,30,8,38
prometheus/prometheus,13423,2024-01-18T12:56:20Z,,8,2,10
prometheus/prometheus,13422,2024-01-18T10:58:50Z,2024-01-18T11:05:47Z,3,3,6
prometheus/prometheus,13421,2024-01-18T10:33:50Z,2024-01-24T12:47:59Z,268,67,335
prometheus/prometheus,13417,2024-01-17T15:44:42Z,2024-01-18T10:56:51Z,18,18,36
prometheus/prometheus,13416,2024-01-17T14:51:24Z,2024-01-17T17:12:21Z,0,34,34
prometheus/prometheus,13415,2024-01-17T11:56:20Z,2024-01-18T10:57:13Z,15,0,15
prometheus/prometheus,13414,2024-01-17T11:49:50Z,2024-01-24T09:47:56Z,26,9,35
prometheus/prometheus,13411,2024-01-16T18:13:05Z,2024-01-17T00:34:09Z,56,15,71
prometheus/prometheus,13409,2024-01-16T12:47:02Z,2025-12-16T11:51:06Z,88,36,124
prometheus/prometheus,13408,2024-01-16T11:11:37Z,2024-01-18T11:07:08Z,32,28,60
prometheus/prometheus,13407,2024-01-16T11:02:14Z,2024-01-16T13:19:31Z,4,4,8
prometheus/prometheus,13405,2024-01-15T18:01:27Z,2024-03-06T18:12:58Z,15,16,31
prometheus/prometheus,13404,2024-01-15T16:45:14Z,2024-01-15T16:56:27Z,13,13,26
prometheus/prometheus,13403,2024-01-15T16:33:57Z,2024-02-28T14:31:18Z,37,41,78
prometheus/prometheus,13402,2024-01-15T16:19:13Z,2024-01-15T16:42:58Z,6,2,8
prometheus/prometheus,13400,2024-01-15T15:10:48Z,,30,67,97
prometheus/prometheus,13399,2024-01-15T11:35:00Z,2024-01-15T15:09:24Z,1908,19094,21002
prometheus/prometheus,13398,2024-01-15T11:27:30Z,2024-01-15T15:42:40Z,27,14,41
prometheus/prometheus,13397,2024-01-15T09:56:12Z,2024-01-15T10:48:43Z,1859,19102,20961
prometheus/prometheus,13396,2024-01-14T06:47:45Z,2024-02-29T15:31:13Z,84,2,86
prometheus/prometheus,13395,2024-01-13T20:04:15Z,2024-01-23T14:22:04Z,62,3,65
prometheus/prometheus,13394,2024-01-12T23:23:32Z,2024-01-25T21:25:05Z,387,161,548
prometheus/prometheus,13393,2024-01-12T07:58:41Z,2024-01-15T08:37:25Z,29,19,48
prometheus/prometheus,13392,2024-01-12T07:53:07Z,2024-01-17T16:06:35Z,29,3,32
prometheus/prometheus,13391,2024-01-11T10:08:29Z,2024-01-15T08:43:07Z,2,2,4
prometheus/prometheus,13389,2024-01-10T22:38:34Z,2024-01-16T11:06:58Z,1,1,2
prometheus/prometheus,13386,2024-01-10T09:52:58Z,2024-03-21T08:13:32Z,28,27,55
prometheus/prometheus,13383,2024-01-08T15:31:49Z,2024-01-08T16:01:24Z,2,1,3
prometheus/prometheus,13382,2024-01-08T09:50:44Z,2024-01-08T10:19:59Z,95,22,117
prometheus/prometheus,13380,2024-01-07T20:35:09Z,2024-01-18T14:11:01Z,2,1,3
docker/cli,6763,2026-01-26T11:32:53Z,,423,399,822
docker/cli,6762,2026-01-26T10:33:44Z,2026-01-26T11:28:35Z,58,17,75
docker/cli,6761,2026-01-26T10:23:08Z,2026-01-26T11:07:38Z,4,4,8
docker/cli,6760,2026-01-26T08:41:44Z,,7,10,17
docker/cli,6759,2026-01-26T08:39:48Z,2026-01-26T10:25:52Z,22,30,52
docker/cli,6758,2026-01-26T08:03:44Z,2026-01-26T10:25:28Z,28,13,41
docker/cli,6757,2026-01-25T20:48:32Z,,4,0,4
docker/cli,6756,2026-01-25T18:08:58Z,,0,0,0
docker/cli,6755,2026-01-23T09:48:34Z,,24,12,36
docker/cli,6754,2026-01-23T02:52:13Z,,12,23,35
docker/cli,6753,2026-01-22T09:34:03Z,2026-01-26T10:06:16Z,3,3,6
docker/cli,6750,2026-01-16T08:47:32Z,2026-01-16T09:00:51Z,8,8,16
docker/cli,6747,2026-01-15T11:50:33Z,2026-01-15T13:20:51Z,1,1,2
docker/cli,6746,2026-01-15T10:45:43Z,2026-01-15T17:07:26Z,208,156,364
docker/cli,6745,2026-01-14T23:46:57Z,2026-01-16T11:33:02Z,1,5,6
docker/cli,6744,2026-01-14T23:00:23Z,2026-01-16T11:33:23Z,5,16,21
docker/cli,6742,2026-01-14T12:26:45Z,2026-01-14T22:56:08Z,118,33,151
docker/cli,6741,2026-01-13T14:44:56Z,2026-01-13T15:27:02Z,7,7,14
docker/cli,6740,2026-01-13T14:32:46Z,2026-01-14T08:46:57Z,33,0,33
docker/cli,6739,2026-01-13T13:48:54Z,2026-01-13T15:18:58Z,3,4,7
docker/cli,6738,2026-01-13T13:47:46Z,2026-01-13T15:27:36Z,1,0,1
docker/cli,6737,2026-01-12T12:01:10Z,,0,44,44
docker/cli,6736,2026-01-08T17:35:25Z,2026-01-19T12:00:26Z,203,24,227
docker/cli,6735,2026-01-08T17:06:37Z,2026-01-12T15:09:58Z,4,4,8
docker/cli,6732,2026-01-06T12:39:05Z,,5,0,5
docker/cli,6728,2026-01-02T20:35:47Z,,12,0,12
docker/cli,6726,2025-12-25T12:37:13Z,,5,0,5
docker/cli,6725,2025-12-24T11:49:43Z,2026-01-07T09:27:46Z,4,1,5
docker/cli,6724,2025-12-23T21:56:22Z,2026-01-07T10:08:15Z,206,37,243
docker/cli,6723,2025-12-23T17:12:11Z,2026-01-07T10:09:40Z,5,45,50
docker/cli,6722,2025-12-23T15:16:41Z,2026-01-07T09:26:58Z,30,30,60
docker/cli,6721,2025-12-23T15:15:21Z,2025-12-23T17:42:00Z,56,51,107
docker/cli,6720,2025-12-23T11:28:14Z,2025-12-23T12:15:26Z,3,0,3
docker/cli,6719,2025-12-19T20:22:55Z,,13,6,19
docker/cli,6718,2025-12-19T17:40:31Z,2025-12-19T18:51:49Z,1,1,2
docker/cli,6717,2025-12-18T21:50:38Z,2025-12-19T14:49:08Z,5,5,10
docker/cli,6716,2025-12-18T16:38:47Z,2025-12-18T16:48:48Z,1,1,2
docker/cli,6715,2025-12-18T11:55:39Z,2025-12-18T12:41:02Z,3,1,4
docker/cli,6714,2025-12-18T11:24:04Z,2025-12-18T12:54:22Z,2,2,4
docker/cli,6713,2025-12-18T09:25:00Z,2025-12-18T12:53:55Z,0,1,1
docker/cli,6711,2025-12-17T15:46:13Z,2025-12-17T16:01:14Z,14,10,24
docker/cli,6710,2025-12-16T12:17:52Z,2025-12-16T15:33:41Z,88,27,115
docker/cli,6709,2025-12-16T11:28:09Z,2025-12-16T11:58:57Z,7,4,11
docker/cli,6706,2025-12-15T08:05:22Z,2025-12-15T13:08:04Z,1,1,2
docker/cli,6705,2025-12-12T14:38:04Z,2025-12-12T14:45:38Z,94,3,97
docker/cli,6704,2025-12-12T11:41:41Z,2025-12-12T12:25:44Z,233,4,237
docker/cli,6703,2025-12-11T19:21:48Z,,17,7,24
docker/cli,6702,2025-12-11T18:58:42Z,2025-12-11T19:50:58Z,152,178,330
docker/cli,6701,2025-12-11T16:31:03Z,2025-12-11T18:14:45Z,9,7,16
docker/cli,6700,2025-12-11T15:30:25Z,2025-12-11T17:12:13Z,16,2,18
docker/cli,6698,2025-12-11T13:15:58Z,2025-12-16T15:33:03Z,19,24,43
docker/cli,6697,2025-12-09T11:43:20Z,2025-12-09T15:07:34Z,449,338,787
docker/cli,6693,2025-12-04T13:19:21Z,,214,229,443
docker/cli,6692,2025-12-03T23:19:26Z,2025-12-04T12:36:06Z,0,79,79
docker/cli,6690,2025-12-03T10:39:25Z,2025-12-03T10:47:52Z,6,1,7
docker/cli,6688,2025-12-02T17:04:01Z,2025-12-02T18:58:46Z,8,8,16
docker/cli,6687,2025-12-01T12:02:52Z,2025-12-01T13:08:30Z,20,14,34
docker/cli,6685,2025-11-28T14:00:51Z,2025-12-05T10:06:55Z,13,7,20
docker/cli,6682,2025-11-27T13:41:00Z,2025-11-27T14:38:49Z,77,75,152
docker/cli,6681,2025-11-27T13:30:40Z,2025-11-27T14:38:16Z,747,81,828
docker/cli,6680,2025-11-27T10:21:49Z,2025-11-27T16:36:38Z,289,142,431
docker/cli,6679,2025-11-27T10:06:28Z,,27,40,67
docker/cli,6675,2025-11-24T15:18:24Z,2025-11-24T21:35:38Z,53,20,73
docker/cli,6671,2025-11-21T08:04:56Z,2025-11-27T09:42:17Z,7,7,14
docker/cli,6669,2025-11-20T16:26:27Z,2025-11-28T11:26:44Z,3,3,6
docker/cli,6668,2025-11-20T16:02:30Z,2025-11-20T16:21:40Z,4,4,8
docker/cli,6667,2025-11-20T15:46:47Z,2025-11-20T16:31:08Z,10,10,20
docker/cli,6662,2025-11-17T10:00:31Z,2025-11-17T10:19:51Z,2,2,4
docker/cli,6659,2025-11-13T20:22:22Z,2025-11-13T21:27:39Z,2,0,2
docker/cli,6658,2025-11-13T19:28:52Z,2025-11-13T19:53:27Z,1,1,2
docker/cli,6657,2025-11-13T11:48:26Z,2025-11-13T12:20:46Z,7,0,7
docker/cli,6656,2025-11-13T11:15:36Z,2025-11-13T12:19:30Z,24,25,49
docker/cli,6655,2025-11-13T11:04:34Z,,26,2,28
docker/cli,6654,2025-11-13T10:46:27Z,2025-11-13T14:10:10Z,46,15,61
docker/cli,6648,2025-11-12T13:07:59Z,2025-11-12T17:09:53Z,85,36,121
docker/cli,6644,2025-11-10T21:38:20Z,2025-11-10T21:42:38Z,0,2,2
docker/cli,6643,2025-11-10T18:19:41Z,2025-11-10T21:04:44Z,10,17,27
docker/cli,6642,2025-11-10T16:47:13Z,2025-11-10T18:09:49Z,10,722,732
docker/cli,6641,2025-11-10T15:15:17Z,2025-11-10T16:03:44Z,146,155,301
docker/cli,6638,2025-11-07T14:53:56Z,,10,10,20
docker/cli,6636,2025-11-07T00:21:39Z,2025-11-07T00:34:15Z,3,0,3
docker/cli,6635,2025-11-07T00:14:21Z,2025-11-07T00:31:11Z,161,200,361
docker/cli,6634,2025-11-06T23:33:45Z,2025-11-06T23:55:53Z,2,5,7
docker/cli,6633,2025-11-06T13:40:52Z,2025-11-06T23:34:43Z,1,1,2
docker/cli,6632,2025-11-06T13:24:17Z,2025-11-06T16:13:16Z,8,8,16
docker/cli,6631,2025-11-06T11:40:41Z,2025-11-06T14:24:18Z,3,3,6
docker/cli,6629,2025-11-05T22:01:22Z,2025-11-06T10:22:49Z,1652,1034,2686
docker/cli,6628,2025-11-05T12:41:56Z,2025-11-05T16:32:31Z,21,21,42
docker/cli,6627,2025-11-05T10:11:20Z,2025-11-05T11:45:13Z,157,491,648
docker/cli,6626,2025-11-05T08:24:28Z,2025-11-05T11:23:06Z,30,21,51
docker/cli,6625,2025-11-05T07:56:37Z,2025-11-05T11:40:19Z,3,3,6
docker/cli,6624,2025-11-05T07:28:40Z,2025-11-05T10:47:27Z,86,84,170
docker/cli,6623,2025-11-05T07:06:29Z,2025-11-05T11:22:43Z,4,4,8
docker/cli,6622,2025-11-05T06:52:49Z,2025-11-05T11:22:30Z,33,25,58
docker/cli,6621,2025-11-05T06:36:26Z,2025-11-05T10:32:32Z,32,5,37
docker/cli,6620,2025-11-04T23:51:35Z,2025-11-06T23:20:19Z,951,645,1596
docker/cli,6619,2025-11-04T15:51:56Z,2025-11-07T00:03:26Z,784,16,800
docker/cli,6618,2025-11-04T13:44:45Z,2025-11-05T06:31:44Z,1,1,2
docker/cli,6617,2025-11-04T13:34:59Z,2025-11-05T11:22:09Z,76,92,168
docker/cli,6616,2025-11-04T13:29:03Z,2025-11-05T11:21:51Z,1980,2018,3998
docker/cli,6615,2025-11-04T12:58:38Z,2025-11-04T13:26:45Z,5,5,10
docker/cli,6614,2025-11-04T12:12:26Z,2025-11-04T13:02:28Z,143,9,152
docker/cli,6613,2025-11-04T10:12:00Z,2025-11-04T12:45:14Z,9,9,18
docker/cli,6612,2025-11-04T08:49:52Z,2025-11-05T12:27:15Z,1,1,2
docker/cli,6611,2025-11-03T13:01:41Z,2025-11-03T14:34:01Z,2,5,7
docker/cli,6610,2025-11-03T12:19:02Z,2025-11-04T13:23:51Z,66,30,96
docker/cli,6609,2025-11-03T11:46:26Z,2025-11-03T17:39:06Z,3,2,5
docker/cli,6608,2025-11-03T11:42:06Z,2025-11-03T14:41:43Z,2,2,4
docker/cli,6607,2025-11-03T11:34:03Z,2025-11-03T14:33:29Z,4,4,8
docker/cli,6606,2025-11-03T10:19:16Z,2025-11-07T00:12:41Z,1,8,9
docker/cli,6605,2025-11-03T08:53:29Z,2025-11-03T15:58:58Z,30,0,30
docker/cli,6603,2025-10-31T21:29:50Z,2025-11-04T13:05:39Z,132,550,682
docker/cli,6602,2025-10-31T21:19:47Z,2026-01-12T12:01:59Z,1,2,3
docker/cli,6601,2025-10-31T18:30:56Z,2025-10-31T18:36:13Z,8,8,16
docker/cli,6600,2025-10-31T16:46:39Z,2025-10-31T16:56:23Z,7,1457,1464
docker/cli,6599,2025-10-31T16:31:54Z,2025-10-31T16:50:19Z,74,125,199
docker/cli,6598,2025-10-31T15:56:14Z,2025-10-31T16:40:42Z,21,0,21
docker/cli,6597,2025-10-31T14:00:08Z,2025-10-31T16:29:13Z,20,12,32
docker/cli,6596,2025-10-31T13:58:27Z,2025-10-31T16:42:33Z,1,1,2
docker/cli,6595,2025-10-31T10:33:51Z,2025-10-31T15:55:07Z,24,3,27
docker/cli,6594,2025-10-30T19:23:39Z,2025-10-31T01:13:01Z,10,2,12
docker/cli,6593,2025-10-30T17:39:02Z,2025-10-31T03:45:41Z,370,205,575
docker/cli,6591,2025-10-29T23:03:33Z,2025-10-29T23:32:58Z,86,108,194
docker/cli,6590,2025-10-29T08:38:05Z,,444,251,695
docker/cli,6589,2025-10-29T08:01:01Z,,64,2,66
docker/cli,6588,2025-10-29T07:55:25Z,,40,3,43
docker/cli,6586,2025-10-28T20:25:08Z,2025-10-29T22:53:04Z,1009,683,1692
docker/cli,6585,2025-10-28T19:32:47Z,,240,2,242
docker/cli,6584,2025-10-28T14:06:16Z,2025-10-28T18:26:27Z,406,249,655
docker/cli,6583,2025-10-28T13:15:14Z,2025-10-28T14:17:20Z,39,51,90
docker/cli,6582,2025-10-28T11:20:13Z,2025-10-28T13:12:17Z,90,57,147
docker/cli,6581,2025-10-27T20:33:57Z,2025-10-28T02:43:53Z,3,8,11
docker/cli,6580,2025-10-27T19:53:13Z,2025-10-28T02:42:29Z,20,36,56
docker/cli,6579,2025-10-27T13:47:27Z,2025-11-27T16:35:32Z,4,4,8
docker/cli,6578,2025-10-27T10:48:25Z,2025-11-10T21:04:29Z,23446,20055,43501
docker/cli,6577,2025-10-27T08:31:00Z,2025-10-31T02:02:23Z,1,1,2
docker/cli,6576,2025-10-26T16:47:32Z,2025-10-27T19:35:49Z,164,120,284
docker/cli,6575,2025-10-24T22:11:29Z,2025-10-26T16:40:20Z,673,587,1260
docker/cli,6574,2025-10-24T18:23:24Z,2025-10-29T23:24:29Z,33,24,57
docker/cli,6573,2025-10-24T06:49:29Z,,42,1,43
docker/cli,6571,2025-10-22T16:23:48Z,2025-10-24T14:43:53Z,4457,3363,7820
docker/cli,6570,2025-10-20T22:36:33Z,,208,71,279
docker/cli,6569,2025-10-20T20:17:59Z,2025-10-27T20:17:09Z,16,2,18
docker/cli,6567,2025-10-17T01:06:04Z,2025-10-20T14:52:25Z,261,208,469
docker/cli,6566,2025-10-15T12:26:16Z,2025-10-31T17:22:07Z,112,72,184
docker/cli,6565,2025-10-15T00:13:27Z,2025-10-31T17:16:17Z,5,1,6
docker/cli,6564,2025-10-14T12:35:15Z,2025-10-14T13:00:57Z,6,4,10
docker/cli,6563,2025-10-14T08:44:39Z,2025-10-14T09:35:31Z,28,47,75
docker/cli,6562,2025-10-14T07:12:35Z,2025-10-14T08:28:33Z,9,9,18
docker/cli,6561,2025-10-13T13:44:03Z,2025-10-14T08:27:53Z,66,30,96
docker/cli,6560,2025-10-13T12:35:58Z,2025-11-04T13:12:50Z,67,64,131
docker/cli,6559,2025-10-13T10:11:29Z,2025-10-13T10:31:46Z,27,24,51
docker/cli,6558,2025-10-13T09:49:07Z,2025-10-13T09:59:30Z,8,11,19
docker/cli,6557,2025-10-13T08:17:42Z,2025-10-13T10:02:35Z,3,2,5
docker/cli,6556,2025-10-13T07:47:14Z,2025-10-13T10:52:23Z,9,9,18
docker/cli,6555,2025-10-10T22:41:19Z,2025-10-13T10:02:01Z,0,7,7
docker/cli,6554,2025-10-10T22:13:55Z,2025-10-13T10:00:35Z,8,3,11
docker/cli,6553,2025-10-10T22:02:54Z,2025-10-13T09:52:47Z,3,3,6
docker/cli,6552,2025-10-10T21:56:41Z,2025-10-13T10:00:02Z,2,2,4
docker/cli,6551,2025-10-10T17:16:16Z,2025-10-10T20:53:02Z,150,540,690
docker/cli,6550,2025-10-10T15:27:16Z,2025-10-10T20:46:27Z,55,38,93
docker/cli,6549,2025-10-09T15:23:00Z,,1051,727,1778
docker/cli,6548,2025-10-09T15:20:32Z,2025-10-09T19:57:56Z,1,1,2
docker/cli,6547,2025-10-09T11:48:36Z,2025-10-09T14:13:35Z,5,16,21
docker/cli,6546,2025-10-09T10:34:22Z,2025-10-09T10:46:00Z,79,61,140
docker/cli,6545,2025-10-08T22:36:13Z,2025-10-10T17:45:23Z,1514,1830,3344
docker/cli,6544,2025-10-08T14:19:27Z,2025-10-09T08:11:07Z,30,7,37
docker/cli,6543,2025-10-08T08:04:24Z,2025-10-08T14:22:13Z,3,3,6
docker/cli,6541,2025-10-07T19:53:51Z,2025-10-08T02:50:32Z,9,9,18
docker/cli,6540,2025-10-07T19:48:28Z,2025-10-08T02:47:18Z,9,9,18
docker/cli,6538,2025-10-07T10:34:37Z,,984,592,1576
docker/cli,6537,2025-10-06T20:49:46Z,2025-10-07T13:31:30Z,16,16,32
docker/cli,6536,2025-10-06T19:21:56Z,2025-10-06T20:21:32Z,8,19,27
docker/cli,6535,2025-10-06T19:17:02Z,2025-10-06T20:10:37Z,0,31,31
docker/cli,6534,2025-10-06T19:13:54Z,,1232,777,2009
docker/cli,6533,2025-10-05T19:04:34Z,,82,8,90
docker/cli,6532,2025-10-02T20:29:45Z,2025-10-03T14:03:00Z,4,4,8
docker/cli,6531,2025-10-01T10:06:18Z,2025-10-02T14:35:37Z,3,2,5
docker/cli,6530,2025-10-01T10:01:15Z,2025-10-03T14:04:10Z,3,2,5
docker/cli,6529,2025-10-01T09:51:15Z,2025-10-01T14:33:50Z,10,3,13
docker/cli,6528,2025-10-01T09:48:51Z,2025-10-01T13:25:05Z,10,3,13
docker/cli,6527,2025-10-01T08:17:09Z,2025-10-03T14:02:37Z,3,3,6
docker/cli,6526,2025-09-30T22:02:00Z,2025-10-03T14:02:16Z,2,12,14
docker/cli,6525,2025-09-30T16:19:41Z,2025-10-03T09:58:04Z,0,86,86
docker/cli,6524,2025-09-30T14:34:00Z,2025-10-01T10:09:26Z,64,112,176
docker/cli,6523,2025-09-30T11:00:09Z,2025-09-30T12:36:35Z,0,7,7
docker/cli,6522,2025-09-30T09:46:46Z,2025-10-02T14:36:11Z,32,35,67
docker/cli,6521,2025-09-30T08:43:54Z,2025-09-30T12:35:31Z,14,17,31
docker/cli,6520,2025-09-29T15:39:07Z,2025-09-30T07:31:05Z,107,37,144
docker/cli,6519,2025-09-29T11:16:37Z,2025-09-29T22:55:27Z,95,15,110
docker/cli,6518,2025-09-29T11:10:09Z,2025-09-29T22:13:55Z,8,4,12
docker/cli,6517,2025-09-29T11:08:17Z,2025-09-29T22:13:24Z,8,4,12
docker/cli,6516,2025-09-29T09:56:37Z,2025-09-29T22:49:23Z,93,13,106
docker/cli,6515,2025-09-29T08:41:34Z,2025-09-29T23:00:22Z,0,5,5
docker/cli,6514,2025-09-26T21:36:45Z,2025-09-29T22:11:41Z,15,26,41
docker/cli,6513,2025-09-26T21:33:18Z,2025-09-29T22:11:13Z,15,26,41
docker/cli,6512,2025-09-26T17:05:08Z,2025-09-29T22:02:31Z,63,66,129
docker/cli,6510,2025-09-26T09:33:17Z,2025-09-26T15:14:49Z,24,20,44
docker/cli,6509,2025-09-26T09:10:56Z,2025-09-26T15:13:54Z,9,0,9
docker/cli,6508,2025-09-26T08:54:38Z,2025-09-26T09:16:46Z,8,0,8
docker/cli,6507,2025-09-26T08:11:46Z,2025-09-26T09:24:32Z,15,11,26
docker/cli,6506,2025-09-25T17:47:44Z,2025-09-26T09:22:38Z,783,508,1291
docker/cli,6505,2025-09-25T17:45:17Z,2025-09-26T09:31:18Z,10,4,14
docker/cli,6504,2025-09-25T17:42:27Z,2025-09-26T09:22:29Z,608,278,886
docker/cli,6503,2025-09-25T16:04:48Z,2025-09-25T16:43:28Z,8,28,36
docker/cli,6502,2025-09-25T15:52:58Z,2025-09-25T16:42:48Z,0,77,77
docker/cli,6501,2025-09-25T13:51:23Z,2025-09-25T15:33:09Z,4,27,31
docker/cli,6500,2025-09-25T13:14:24Z,2025-09-25T16:42:17Z,7,5,12
docker/cli,6499,2025-09-25T13:08:12Z,2025-09-25T16:41:51Z,521,306,827
docker/cli,6498,2025-09-25T12:58:44Z,2025-09-25T16:41:17Z,300,200,500
docker/cli,6497,2025-09-25T11:31:32Z,2025-09-25T12:29:31Z,2,0,2
docker/cli,6496,2025-09-25T11:29:44Z,2025-09-25T12:29:19Z,2,0,2
docker/cli,6495,2025-09-25T08:47:30Z,2025-09-25T11:24:29Z,39,27,66
docker/cli,6494,2025-09-25T08:33:01Z,2025-09-25T11:24:06Z,34,24,58
docker/cli,6493,2025-09-25T07:48:34Z,2025-09-25T09:41:45Z,2,2,4
docker/cli,6492,2025-09-25T07:45:54Z,2025-09-25T09:39:53Z,2,2,4
docker/cli,6491,2025-09-25T07:36:58Z,2025-09-25T11:25:04Z,2,1,3
docker/cli,6490,2025-09-25T07:33:43Z,2025-09-25T09:31:28Z,2,1,3
docker/cli,6489,2025-09-25T07:23:54Z,2025-09-25T11:23:41Z,13,4,17
docker/cli,6488,2025-09-25T07:21:26Z,2025-09-25T09:31:56Z,13,4,17
docker/cli,6487,2025-09-25T06:52:46Z,,34,2,36
docker/cli,6485,2025-09-25T06:38:14Z,,3,3,6
docker/cli,6483,2025-09-24T16:40:48Z,2025-09-24T17:19:30Z,4,35,39
docker/cli,6482,2025-09-24T15:52:25Z,2025-09-24T17:09:27Z,51,5,56
docker/cli,6481,2025-09-24T14:26:03Z,2025-09-24T17:10:18Z,5,4,9
docker/cli,6480,2025-09-24T14:22:11Z,2025-09-24T16:06:20Z,76,27,103
docker/cli,6479,2025-09-24T14:17:53Z,2025-09-24T17:25:44Z,51,5,56
docker/cli,6478,2025-09-24T13:18:45Z,2025-09-24T14:13:18Z,10,7,17
docker/cli,6477,2025-09-24T13:07:36Z,2025-09-24T17:36:10Z,43,5,48
docker/cli,6476,2025-09-24T12:37:08Z,2025-09-24T14:18:05Z,14,7,21
docker/cli,6475,2025-09-24T12:19:05Z,2025-09-24T14:15:25Z,5,4,9
docker/cli,6474,2025-09-24T12:02:37Z,2025-09-24T14:20:43Z,224,231,455
docker/cli,6473,2025-09-24T11:39:52Z,2025-09-24T11:54:43Z,10,5,15
docker/cli,6472,2025-09-24T11:36:16Z,2025-09-24T11:56:46Z,6,36,42
docker/cli,6471,2025-09-24T11:31:54Z,2025-09-24T11:50:26Z,171,29,200
docker/cli,6470,2025-09-24T11:27:53Z,2025-09-24T11:50:10Z,3,4,7
docker/cli,6469,2025-09-24T11:15:56Z,2025-09-24T11:44:06Z,8,7,15
docker/cli,6468,2025-09-24T11:00:08Z,2025-09-24T11:17:39Z,10,7,17
docker/cli,6467,2025-09-24T10:12:33Z,2025-09-24T11:17:52Z,4,2,6
docker/cli,6466,2025-09-24T08:30:05Z,2025-09-24T11:17:24Z,1,1,2
docker/cli,6465,2025-09-24T08:13:23Z,2025-09-24T11:15:27Z,1,2,3
docker/cli,6464,2025-09-23T19:45:25Z,2025-09-24T11:15:54Z,0,3,3
docker/cli,6463,2025-09-23T19:38:27Z,2025-09-24T11:43:42Z,1,87,88
docker/cli,6462,2025-09-23T19:23:22Z,2025-09-24T11:18:59Z,0,21,21
docker/cli,6461,2025-09-23T08:44:08Z,2025-09-24T11:17:14Z,4,1,5
docker/cli,6460,2025-09-22T13:33:05Z,2025-09-23T10:54:15Z,32,6,38
docker/cli,6459,2025-09-22T00:55:53Z,,59,27,86
docker/cli,6458,2025-09-19T14:33:20Z,2025-09-24T11:16:40Z,292,464,756
docker/cli,6455,2025-09-16T12:21:02Z,2025-09-16T17:40:56Z,19,40,59
docker/cli,6453,2025-09-11T18:01:57Z,2025-09-24T17:40:45Z,0,8,8
docker/cli,6452,2025-09-11T14:33:52Z,2025-09-19T08:57:16Z,36,0,36
docker/cli,6451,2025-09-11T11:03:25Z,2025-09-11T15:27:50Z,171,29,200
docker/cli,6450,2025-09-10T10:21:39Z,,26,0,26
docker/cli,6449,2025-09-10T10:17:04Z,2025-09-10T13:05:44Z,53,77,130
docker/cli,6448,2025-09-10T10:14:05Z,2025-09-10T13:08:19Z,39,33,72
docker/cli,6447,2025-09-10T09:58:55Z,2025-09-10T13:07:03Z,12,88,100
docker/cli,6446,2025-09-10T09:48:04Z,2025-09-10T12:30:06Z,44,29,73
docker/cli,6445,2025-09-10T09:43:29Z,2025-09-10T13:04:44Z,54,1,55
docker/cli,6444,2025-09-09T22:30:08Z,2025-09-10T09:36:23Z,121,1,122
docker/cli,6441,2025-09-08T18:45:02Z,2025-09-10T08:20:22Z,225,953,1178
docker/cli,6440,2025-09-08T18:32:02Z,2025-09-09T08:47:24Z,11,19,30
docker/cli,6439,2025-09-08T18:29:51Z,2025-09-09T09:59:52Z,0,16,16
docker/cli,6438,2025-09-08T13:26:01Z,2025-09-08T15:31:29Z,454,745,1199
docker/cli,6436,2025-09-08T11:03:10Z,,27,45,72
docker/cli,6435,2025-09-08T10:07:24Z,2025-09-08T15:30:37Z,14,12,26
docker/cli,6434,2025-09-05T22:07:54Z,2025-09-05T22:18:08Z,18,5,23
docker/cli,6433,2025-09-05T19:48:39Z,2025-09-05T20:27:10Z,4,4,8
docker/cli,6432,2025-09-05T11:35:49Z,2025-09-05T16:51:01Z,0,11,11
docker/cli,6430,2025-09-04T22:37:34Z,2025-09-05T14:28:53Z,6,3,9
docker/cli,6429,2025-09-04T21:14:57Z,2025-09-04T22:46:36Z,794,81,875
docker/cli,6428,2025-09-04T17:05:03Z,2025-09-04T22:46:09Z,71,70,141
docker/cli,6427,2025-09-04T16:59:55Z,2025-09-04T22:45:00Z,71,70,141
docker/cli,6426,2025-09-04T11:32:38Z,2025-09-04T19:27:52Z,2,2,4
docker/cli,6425,2025-09-03T22:23:11Z,2025-09-03T23:01:14Z,4,4,8
docker/cli,6424,2025-09-03T20:33:28Z,2025-09-03T20:52:20Z,4,4,8
docker/cli,6423,2025-09-03T18:58:59Z,2025-09-03T19:04:36Z,4,4,8
docker/cli,6422,2025-09-03T18:44:25Z,2025-09-03T19:28:57Z,9,9,18
docker/cli,6421,2025-09-03T18:43:20Z,2025-09-03T19:28:53Z,9,9,18
docker/cli,6420,2025-09-03T13:44:12Z,2025-09-03T15:35:07Z,3,1,4
docker/cli,6419,2025-09-03T13:41:05Z,2025-09-03T15:34:50Z,3,1,4
docker/cli,6417,2025-09-02T10:36:01Z,2025-09-02T23:45:21Z,33,7,40
docker/cli,6416,2025-09-02T10:28:49Z,2025-09-02T10:37:24Z,4,4,8
docker/cli,6415,2025-09-02T10:18:12Z,2025-09-02T23:48:11Z,26,6,32
docker/cli,6414,2025-09-02T09:46:52Z,2025-09-02T10:17:31Z,0,88,88
docker/cli,6413,2025-09-01T15:48:45Z,2025-09-01T16:05:08Z,7,2,9
docker/cli,6412,2025-09-01T15:45:46Z,2025-09-01T15:57:32Z,7,2,9
docker/cli,6411,2025-09-01T15:38:40Z,2025-09-01T15:57:49Z,2,0,2
docker/cli,6410,2025-09-01T15:36:52Z,2025-09-01T15:56:43Z,2,0,2
docker/cli,6409,2025-09-01T09:25:19Z,2025-09-01T11:14:46Z,51,19,70
docker/cli,6408,2025-09-01T08:28:55Z,2025-09-01T10:58:20Z,0,7,7
docker/cli,6407,2025-09-01T08:25:24Z,2025-09-01T10:58:49Z,0,99,99
docker/cli,6406,2025-09-01T07:44:21Z,2025-09-01T11:55:09Z,76,112,188
docker/cli,6405,2025-08-30T10:27:30Z,2025-09-01T07:13:54Z,54,97,151
docker/cli,6404,2025-08-30T09:58:42Z,2025-09-01T07:13:19Z,54,97,151
docker/cli,6403,2025-08-29T23:53:55Z,2025-09-01T07:12:27Z,238,152,390
docker/cli,6402,2025-08-29T23:30:32Z,2025-09-01T07:11:29Z,238,152,390
docker/cli,6401,2025-08-29T21:05:38Z,2025-09-01T11:55:57Z,434,257,691
docker/cli,6400,2025-08-29T17:00:05Z,,2,0,2
docker/cli,6399,2025-08-29T14:00:36Z,2025-08-29T14:34:50Z,83,0,83
docker/cli,6398,2025-08-29T12:55:12Z,2025-08-29T16:23:29Z,105,159,264
docker/cli,6397,2025-08-29T12:52:02Z,2025-09-01T07:10:43Z,22,20,42
docker/cli,6396,2025-08-29T07:48:02Z,,2,0,2
docker/cli,6395,2025-08-28T17:37:03Z,2025-09-05T21:39:17Z,1038,775,1813
docker/cli,6394,2025-08-28T13:54:05Z,2025-08-28T14:37:58Z,1,1,2
docker/cli,6393,2025-08-28T13:47:39Z,2025-08-29T09:22:11Z,66,72,138
docker/cli,6392,2025-08-28T11:23:43Z,2025-08-28T11:52:44Z,30,66,96
docker/cli,6391,2025-08-28T10:10:12Z,2025-08-28T11:55:57Z,84,19,103
docker/cli,6390,2025-08-28T09:38:42Z,2025-08-28T10:03:34Z,180,186,366
docker/cli,6389,2025-08-28T08:21:04Z,2025-08-28T11:55:47Z,79,14,93
docker/cli,6388,2025-08-27T17:34:36Z,,1,0,1
docker/cli,6387,2025-08-27T15:09:43Z,2025-08-27T15:38:15Z,96,85,181
docker/cli,6386,2025-08-27T13:56:35Z,2025-08-27T18:14:42Z,61,5,66
docker/cli,6385,2025-08-27T13:52:36Z,2025-08-27T18:14:04Z,61,5,66
docker/cli,6384,2025-08-27T13:49:08Z,2025-08-27T18:18:09Z,13,11,24
docker/cli,6382,2025-08-27T13:05:12Z,2025-08-27T19:25:54Z,0,14,14
docker/cli,6381,2025-08-27T13:01:42Z,2025-08-27T19:26:39Z,34,17,51
docker/cli,6380,2025-08-27T12:59:04Z,2025-08-27T18:17:14Z,5,5,10
docker/cli,6379,2025-08-27T12:54:57Z,2025-08-27T19:22:49Z,17,23,40
docker/cli,6378,2025-08-27T12:44:53Z,2025-08-27T19:21:41Z,9,12,21
docker/cli,6377,2025-08-27T12:41:46Z,2025-08-27T19:31:53Z,2,2,4
docker/cli,6376,2025-08-27T11:47:19Z,2025-08-27T12:45:44Z,8,11,19
docker/cli,6375,2025-08-27T07:58:45Z,2025-08-27T10:14:47Z,274,273,547
docker/cli,6374,2025-08-26T21:48:54Z,2025-08-27T11:47:39Z,6,9,15
docker/cli,6373,2025-08-26T15:48:14Z,2025-08-26T17:27:22Z,0,7,7
docker/cli,6372,2025-08-26T14:50:20Z,2025-08-26T15:32:23Z,2,8,10
docker/cli,6371,2025-08-26T13:23:47Z,2025-08-29T13:59:25Z,83,0,83
docker/cli,6370,2025-08-25T17:29:18Z,2025-08-26T14:35:24Z,0,76,76
docker/cli,6369,2025-08-25T16:49:50Z,2025-08-26T11:19:00Z,112,45,157
docker/cli,6368,2025-08-25T16:24:47Z,2025-08-26T11:17:13Z,112,45,157
docker/cli,6367,2025-08-25T14:19:06Z,,131,1,132
docker/cli,6366,2025-08-25T13:40:10Z,2025-08-26T15:25:03Z,30,66,96
docker/cli,6365,2025-08-25T07:55:24Z,2025-08-25T11:33:13Z,2,2,4
docker/cli,6364,2025-08-25T07:02:34Z,,51,5,56
docker/cli,6363,2025-08-24T17:39:38Z,2025-08-25T09:47:21Z,9,9,18
docker/cli,6362,2025-08-24T17:33:26Z,2025-08-25T14:22:07Z,63,20,83
docker/cli,6361,2025-08-24T17:29:07Z,2025-08-25T14:20:57Z,16,21,37
docker/cli,6360,2025-08-23T06:16:56Z,2025-08-23T12:14:59Z,1,1,2
docker/cli,6359,2025-08-23T06:11:29Z,2025-08-23T12:14:25Z,2,2,4
docker/cli,6358,2025-08-23T01:53:23Z,2025-08-25T14:20:31Z,0,8,8
docker/cli,6357,2025-08-23T01:50:15Z,2025-08-25T14:20:09Z,28,16,44
docker/cli,6356,2025-08-23T01:46:32Z,2025-08-25T14:19:45Z,28,16,44
docker/cli,6355,2025-08-23T01:38:51Z,2025-08-25T14:00:39Z,0,8,8
docker/cli,6354,2025-08-23T00:21:37Z,2025-08-25T13:52:28Z,2,4,6
docker/cli,6353,2025-08-23T00:18:13Z,2025-08-25T13:52:09Z,2,4,6
docker/cli,6352,2025-08-23T00:08:02Z,,53,64,117
docker/cli,6351,2025-08-22T23:44:17Z,2025-08-23T09:56:49Z,180,186,366
docker/cli,6349,2025-08-22T22:49:21Z,2025-08-25T09:00:31Z,0,28,28
docker/cli,6348,2025-08-22T19:16:37Z,2025-08-26T15:26:12Z,36,93,129
docker/cli,6345,2025-08-22T12:27:23Z,2025-08-22T19:05:55Z,36,93,129
docker/cli,6344,2025-08-22T10:28:57Z,2025-08-22T10:41:15Z,0,7,7
docker/cli,6343,2025-08-22T10:24:40Z,2025-08-22T10:35:25Z,12,5,17
docker/cli,6342,2025-08-22T10:21:01Z,2025-08-22T10:35:09Z,12,5,17
docker/cli,6341,2025-08-22T08:05:09Z,2025-08-22T10:10:03Z,396,187,583
docker/cli,6340,2025-08-22T07:56:12Z,2025-08-22T09:31:07Z,124,105,229
docker/cli,6339,2025-08-22T07:47:21Z,2025-08-22T10:10:27Z,0,218,218
docker/cli,6338,2025-08-22T07:20:22Z,2025-08-22T10:25:14Z,187,164,351
docker/cli,6337,2025-08-22T07:17:09Z,2025-08-22T09:31:33Z,85,82,167
docker/cli,6336,2025-08-21T13:36:55Z,2025-08-22T06:29:16Z,365,171,536
docker/cli,6335,2025-08-21T09:14:06Z,2025-08-21T11:13:19Z,40,436,476
docker/cli,6334,2025-08-21T08:49:50Z,2025-08-21T11:11:17Z,14,24,38
docker/cli,6333,2025-08-20T20:02:37Z,2025-08-20T22:29:47Z,5,1,6
docker/cli,6332,2025-08-20T15:53:41Z,2025-08-20T18:55:06Z,9,0,9
docker/cli,6331,2025-08-20T14:57:30Z,2025-08-20T15:27:05Z,100,72,172
docker/cli,6330,2025-08-20T13:06:43Z,2025-08-21T11:35:40Z,34,17,51
docker/cli,6329,2025-08-20T12:48:08Z,2025-08-21T07:23:30Z,162,159,321
docker/cli,6328,2025-08-20T12:09:07Z,2025-08-20T12:18:16Z,14,7,21
docker/cli,6327,2025-08-20T12:06:24Z,2025-08-20T13:04:16Z,5,12,17
docker/cli,6326,2025-08-20T12:04:47Z,2025-08-20T12:13:19Z,20,12,32
docker/cli,6325,2025-08-20T12:01:46Z,2025-08-20T12:08:41Z,18,10,28
docker/cli,6324,2025-08-20T11:39:16Z,2025-08-20T11:43:43Z,29,5,34
docker/cli,6323,2025-08-20T11:28:53Z,2025-08-20T11:36:41Z,17,9,26
docker/cli,6322,2025-08-20T11:24:47Z,2025-08-20T11:40:09Z,19,11,30
docker/cli,6321,2025-08-20T10:58:38Z,2025-08-20T11:18:36Z,33,18,51
docker/cli,6320,2025-08-20T10:53:57Z,2025-08-20T10:57:33Z,19,11,30
docker/cli,6319,2025-08-20T10:46:59Z,2025-08-20T10:49:06Z,13,6,19
docker/cli,6318,2025-08-20T10:42:31Z,2025-08-20T10:51:14Z,15,7,22
docker/cli,6317,2025-08-20T10:35:57Z,2025-08-20T10:43:51Z,17,9,26
docker/cli,6316,2025-08-20T10:30:27Z,2025-08-20T10:42:58Z,28,13,41
docker/cli,6315,2025-08-19T21:33:37Z,2025-08-20T09:58:27Z,16,23,39
docker/cli,6314,2025-08-19T21:31:08Z,2025-08-20T09:57:34Z,16,23,39
docker/cli,6313,2025-08-19T20:39:26Z,2025-08-20T09:58:05Z,29,8,37
docker/cli,6312,2025-08-19T19:03:05Z,2025-08-20T13:55:43Z,797,333,1130
docker/cli,6311,2025-08-19T16:20:07Z,2025-08-20T10:04:45Z,42,33,75
docker/cli,6310,2025-08-19T16:13:45Z,2025-08-19T18:30:51Z,2,2,4
docker/cli,6309,2025-08-19T16:09:59Z,2025-08-19T18:19:42Z,182,130,312
docker/cli,6308,2025-08-19T14:45:33Z,2025-08-19T15:06:35Z,21,0,21
docker/cli,6307,2025-08-19T14:33:16Z,2025-08-19T15:03:23Z,7,7,14
docker/cli,6306,2025-08-19T13:17:09Z,2025-08-19T18:36:23Z,11,43,54
docker/cli,6305,2025-08-19T13:16:59Z,2025-08-19T13:27:16Z,60,20,80
docker/cli,6304,2025-08-19T12:59:17Z,2025-08-19T13:26:10Z,29,8,37
docker/cli,6303,2025-08-19T12:29:11Z,2025-08-19T13:23:39Z,167,135,302
docker/cli,6301,2025-08-19T12:17:15Z,2025-08-19T12:37:12Z,160,62,222
docker/cli,6300,2025-08-19T10:41:25Z,2025-08-19T10:48:51Z,2,2,4
docker/cli,6299,2025-08-19T09:23:00Z,2025-08-19T11:03:55Z,292,118,410
docker/cli,6298,2025-08-18T19:55:31Z,2025-08-19T10:50:08Z,10,0,10
docker/cli,6297,2025-08-18T19:52:15Z,2025-08-19T03:30:02Z,10,0,10
docker/cli,6296,2025-08-18T19:39:07Z,2025-08-20T09:42:45Z,0,25,25
docker/cli,6295,2025-08-18T17:48:50Z,2026-01-15T11:10:19Z,10,12,22
docker/cli,6294,2025-08-18T17:19:03Z,2025-08-19T11:04:32Z,9,14,23
docker/cli,6293,2025-08-18T16:53:06Z,2025-08-19T19:03:59Z,0,210,210
docker/cli,6292,2025-08-18T16:22:06Z,2025-08-19T10:50:58Z,14,0,14
docker/cli,6291,2025-08-18T16:19:27Z,2025-08-18T16:35:07Z,34,0,34
docker/cli,6290,2025-08-18T16:01:53Z,2025-08-18T16:16:56Z,34,0,34
docker/cli,6289,2025-08-18T15:14:13Z,2025-08-18T16:28:25Z,41,7,48
docker/cli,6288,2025-08-18T15:06:24Z,2025-08-18T16:20:05Z,14,0,14
docker/cli,6287,2025-08-18T13:22:43Z,2025-08-18T15:07:33Z,9,17,26
docker/cli,6286,2025-08-18T11:07:31Z,2025-08-19T08:28:52Z,13,6,19
docker/cli,6285,2025-08-18T11:03:41Z,2025-08-19T08:27:49Z,12,5,17
docker/cli,6284,2025-08-18T10:16:03Z,2025-08-19T08:26:26Z,18,4,22
docker/cli,6283,2025-08-18T10:07:50Z,2025-08-18T15:02:16Z,49,0,49
docker/cli,6281,2025-08-15T21:42:00Z,2025-08-18T09:24:11Z,41,7,48
docker/cli,6280,2025-08-15T20:20:14Z,2025-08-16T14:21:56Z,1,1,2
docker/cli,6279,2025-08-15T20:18:00Z,2025-08-16T14:21:40Z,1,1,2
docker/cli,6278,2025-08-15T17:18:11Z,2025-08-15T20:06:03Z,9,9,18
docker/cli,6277,2025-08-15T17:15:13Z,2025-08-16T14:20:24Z,2,1,3
docker/cli,6276,2025-08-15T17:12:38Z,2025-08-18T09:41:11Z,121,60,181
docker/cli,6275,2025-08-15T17:09:11Z,2025-08-15T20:20:06Z,37,3,40
docker/cli,6274,2025-08-15T17:01:01Z,2025-08-15T20:19:27Z,37,3,40
docker/cli,6273,2025-08-15T14:09:12Z,2025-08-18T09:40:47Z,121,60,181
docker/cli,6272,2025-08-15T11:37:57Z,2025-08-16T22:34:43Z,58,57,115
docker/cli,6270,2025-08-15T10:56:25Z,2025-08-16T14:20:14Z,2,1,3
docker/cli,6269,2025-08-15T10:14:14Z,2025-08-18T09:24:42Z,105,48,153
docker/cli,6267,2025-08-14T22:10:58Z,,3569,2073,5642
docker/cli,6266,2025-08-14T21:27:46Z,2025-08-28T14:38:20Z,194,1054,1248
docker/cli,6265,2025-08-14T18:03:10Z,2025-08-15T12:51:05Z,503,42,545
docker/cli,6264,2025-08-14T15:48:53Z,2025-08-14T16:42:32Z,260,505,765
docker/cli,6263,2025-08-14T13:36:07Z,2025-08-19T13:01:19Z,20,0,20
docker/cli,6262,2025-08-14T12:59:33Z,2025-08-14T19:49:42Z,46,143,189
docker/cli,6261,2025-08-14T11:02:28Z,2025-08-14T12:17:43Z,2,4,6
docker/cli,6260,2025-08-14T08:34:42Z,2025-08-14T09:25:41Z,9,2,11
docker/cli,6259,2025-08-13T16:08:02Z,2025-08-14T08:51:34Z,0,5,5
docker/cli,6258,2025-08-13T16:04:10Z,2025-08-14T08:22:59Z,0,7,7
docker/cli,6257,2025-08-13T15:55:44Z,2025-08-14T08:22:07Z,0,31,31
docker/cli,6256,2025-08-13T15:41:31Z,2025-08-14T12:43:15Z,10,31,41
docker/cli,6255,2025-08-12T22:43:23Z,2025-08-26T20:37:06Z,808,850,1658
docker/cli,6254,2025-08-12T22:13:09Z,2025-08-13T09:22:30Z,30,30,60
docker/cli,6253,2025-08-12T16:52:06Z,2025-08-12T22:14:50Z,7,7,14
docker/cli,6252,2025-08-11T13:58:58Z,2025-08-12T05:44:17Z,260,259,519
docker/cli,6250,2025-08-08T20:48:58Z,2025-08-11T13:56:03Z,224,231,455
docker/cli,6249,2025-08-08T17:08:10Z,2025-08-11T13:06:57Z,2,0,2
docker/cli,6247,2025-08-08T13:38:21Z,2025-08-08T17:56:53Z,9,9,18
docker/cli,6246,2025-08-08T11:44:03Z,2025-09-10T09:38:15Z,1,0,1
docker/cli,6245,2025-08-06T21:55:23Z,2025-08-07T11:52:04Z,0,5,5
docker/cli,6244,2025-08-06T15:00:06Z,2025-08-06T17:37:36Z,39,30,69
docker/cli,6243,2025-08-06T08:54:06Z,2025-08-06T10:30:31Z,0,39,39
docker/cli,6242,2025-08-05T23:17:05Z,2025-08-06T07:33:22Z,13,11,24
docker/cli,6241,2025-08-05T21:25:15Z,2025-08-06T08:48:58Z,24,40,64
docker/cli,6240,2025-08-05T19:24:41Z,2025-08-06T08:08:33Z,0,31,31
docker/cli,6239,2025-08-05T14:27:48Z,2025-08-05T14:57:54Z,46,2883,2929
docker/cli,6238,2025-08-05T08:32:51Z,2025-08-06T10:30:08Z,22,19,41
docker/cli,6237,2025-08-04T09:35:57Z,2025-08-04T12:00:21Z,105,48,153
docker/cli,6236,2025-08-03T20:13:37Z,2025-08-05T21:25:51Z,348,75,423
docker/cli,6235,2025-08-03T16:01:00Z,2025-08-06T07:50:28Z,76,27,103
docker/cli,6234,2025-08-03T13:50:35Z,2025-08-04T13:21:50Z,62,63,125
docker/cli,6233,2025-08-02T20:58:00Z,2025-08-06T12:04:01Z,33,141,174
docker/cli,6232,2025-08-02T20:53:34Z,2025-08-05T20:42:19Z,590,422,1012
docker/cli,6230,2025-07-31T14:25:35Z,2025-07-31T16:27:03Z,4,0,4
docker/cli,6229,2025-07-31T12:59:20Z,,3,3,6
docker/cli,6228,2025-07-31T12:33:59Z,2025-07-31T16:28:28Z,1,1,2
docker/cli,6227,2025-07-31T12:01:35Z,2025-07-31T16:28:08Z,15,18,33
docker/cli,6226,2025-07-31T11:10:05Z,2025-07-31T16:10:08Z,424,322,746
docker/cli,6221,2025-07-29T20:25:32Z,2025-08-16T15:05:00Z,1101,1801,2902
docker/cli,6219,2025-07-29T17:58:31Z,2025-08-06T08:09:26Z,38,14,52
docker/cli,6218,2025-07-29T16:27:27Z,2025-07-29T18:17:56Z,23,11,34
docker/cli,6217,2025-07-28T12:58:15Z,2025-07-28T18:12:40Z,58,57,115
docker/cli,6216,2025-07-28T12:42:18Z,2025-07-29T17:51:52Z,147,946,1093
docker/cli,6215,2025-07-28T06:39:32Z,2025-07-29T16:41:19Z,12,16,28
docker/cli,6214,2025-07-28T06:37:18Z,2025-07-28T09:26:37Z,8,7,15
docker/cli,6213,2025-07-26T14:06:01Z,2025-07-28T06:49:01Z,124,105,229
docker/cli,6212,2025-07-25T18:33:02Z,2025-07-29T18:17:38Z,28,0,28
docker/cli,6211,2025-07-25T15:14:52Z,2025-07-28T12:25:36Z,274,263,537
docker/cli,6210,2025-07-25T14:37:44Z,,1284,87,1371
docker/cli,6209,2025-07-24T16:16:17Z,2025-07-25T10:58:38Z,20,3,23
docker/cli,6208,2025-07-24T15:33:39Z,2025-07-24T17:45:06Z,49,54,103
docker/cli,6207,2025-07-24T00:50:35Z,2025-07-25T10:57:48Z,695,1165,1860
docker/cli,6206,2025-07-23T23:35:55Z,2025-07-24T09:35:04Z,0,7,7
docker/cli,6205,2025-07-23T21:21:39Z,,100,72,172
docker/cli,6204,2025-07-23T19:10:54Z,2025-07-24T15:25:48Z,124,154,278
docker/cli,6202,2025-07-23T07:44:29Z,2025-07-25T15:08:54Z,100,72,172
docker/cli,6201,2025-07-23T07:39:07Z,2025-07-23T11:40:13Z,190,109,299
docker/cli,6200,2025-07-22T20:14:35Z,2025-07-22T21:01:29Z,36,8,44
docker/cli,6199,2025-07-22T12:12:36Z,,11175,1567,12742
docker/cli,6198,2025-07-22T08:55:01Z,,24,1,25
docker/cli,6197,2025-07-22T08:16:20Z,,11,1,12
docker/cli,6196,2025-07-21T18:22:29Z,,1413,14954,16367
docker/cli,6195,2025-07-21T16:45:03Z,2025-07-21T20:03:46Z,2,222,224
docker/cli,6194,2025-07-18T09:56:12Z,,37,0,37
docker/cli,6193,2025-07-17T16:12:18Z,2025-07-22T07:19:14Z,1423,15053,16476
docker/cli,6192,2025-07-17T12:30:13Z,2025-07-17T13:59:07Z,5,2,7
docker/cli,6191,2025-07-16T17:32:10Z,2025-07-17T09:52:35Z,33,6,39
docker/cli,6190,2025-07-16T14:02:11Z,2025-07-16T23:34:56Z,433,7,440
docker/cli,6189,2025-07-16T13:17:58Z,2025-07-16T13:57:59Z,71,36,107
docker/cli,6187,2025-07-16T11:53:44Z,2025-07-17T15:09:50Z,30,15,45
docker/cli,6186,2025-07-16T11:25:58Z,2025-07-17T15:18:15Z,143,134,277
docker/cli,6185,2025-07-16T07:55:49Z,2025-07-16T10:06:17Z,18,0,18
docker/cli,6184,2025-07-16T07:04:35Z,2025-07-16T11:26:12Z,2,0,2
docker/cli,6183,2025-07-14T23:09:36Z,2025-07-16T10:32:48Z,4,29,33
docker/cli,6182,2025-07-14T20:34:49Z,2025-07-16T10:18:07Z,46,46,92
docker/cli,6181,2025-07-14T20:12:20Z,2025-07-16T10:19:15Z,41,293,334
docker/cli,6180,2025-07-14T18:12:18Z,2025-07-15T12:03:18Z,124,118,242
docker/cli,6179,2025-07-13T15:51:44Z,2025-07-16T10:07:17Z,7,2,9
docker/cli,6178,2025-07-13T15:46:15Z,2025-07-16T10:07:47Z,7,3,10
docker/cli,6177,2025-07-13T15:15:20Z,2025-07-16T10:17:23Z,12,12,24
docker/cli,6176,2025-07-13T11:51:05Z,2025-07-14T21:17:35Z,1,2,3
docker/cli,6174,2025-07-11T12:24:40Z,2025-07-16T10:48:25Z,8,31,39
docker/cli,6173,2025-07-11T08:45:30Z,2025-07-11T13:27:47Z,1,1,2
docker/cli,6172,2025-07-10T15:03:20Z,,313,59,372
docker/cli,6171,2025-07-09T14:49:09Z,,235,18,253
docker/cli,6170,2025-07-09T11:33:39Z,2025-07-09T12:04:02Z,1,1,2
docker/cli,6169,2025-07-09T10:50:38Z,,6,5,11
docker/cli,6167,2025-07-08T17:24:43Z,2025-07-08T23:23:29Z,9,9,18
docker/cli,6166,2025-07-08T08:54:54Z,,74,30,104
docker/cli,6165,2025-07-07T14:23:55Z,2025-07-07T15:53:31Z,4,4,8
docker/cli,6163,2025-07-04T12:07:53Z,2025-07-08T13:33:08Z,63,7,70
docker/cli,6162,2025-07-03T08:41:29Z,2025-07-07T15:53:48Z,25,19,44
docker/cli,6160,2025-07-02T10:01:05Z,2025-07-02T15:41:27Z,3,0,3
docker/cli,6159,2025-07-01T14:21:53Z,2025-07-02T15:42:11Z,0,0,0
docker/cli,6158,2025-07-01T08:13:44Z,2025-07-02T15:42:44Z,6,10,16
docker/cli,6157,2025-06-30T10:07:59Z,2025-07-01T15:00:25Z,4,5,9
docker/cli,6155,2025-06-30T07:56:53Z,2025-07-16T10:47:49Z,5,5,10
docker/cli,6154,2025-06-30T07:56:13Z,2025-07-02T15:41:49Z,4,4,8
docker/cli,6149,2025-06-24T21:36:02Z,2025-06-25T14:35:11Z,2,0,2
docker/cli,6148,2025-06-24T14:36:12Z,2025-06-24T15:37:19Z,4,4,8
docker/cli,6147,2025-06-24T14:10:54Z,2025-06-25T15:21:13Z,610,15,625
docker/cli,6146,2025-06-20T15:48:26Z,2025-06-20T16:33:21Z,13,6,19
docker/cli,6144,2025-06-19T13:46:09Z,2025-06-19T21:14:16Z,13,5,18
docker/cli,6143,2025-06-19T05:02:53Z,,1,1,2
docker/cli,6141,2025-06-18T22:05:25Z,2025-06-20T10:40:37Z,25,6,31
docker/cli,6140,2025-06-18T18:20:50Z,2025-06-18T20:13:04Z,7,1,8
docker/cli,6138,2025-06-17T11:27:23Z,2025-06-17T12:21:47Z,4,4,8
docker/cli,6137,2025-06-17T10:55:38Z,2025-06-17T12:22:29Z,13,15,28
docker/cli,6135,2025-06-16T10:16:05Z,2025-06-16T12:35:56Z,2,2,4
docker/cli,6134,2025-06-13T19:56:13Z,,2,0,2
docker/cli,6132,2025-06-13T16:12:44Z,2025-06-13T16:23:08Z,4,4,8
docker/cli,6131,2025-06-13T16:02:03Z,2025-06-13T16:29:11Z,209,201,410
docker/cli,6130,2025-06-13T12:12:47Z,2025-06-13T13:42:57Z,1,1,2
docker/cli,6129,2025-06-13T11:30:26Z,2025-06-13T12:10:48Z,29,1,30
docker/cli,6127,2025-06-12T12:19:12Z,2025-06-12T13:20:31Z,14256,3932,18188
docker/cli,6126,2025-06-10T23:30:04Z,2025-07-24T09:48:11Z,78,31,109
docker/cli,6124,2025-06-09T14:22:55Z,2025-06-10T13:12:26Z,9,9,18
docker/cli,6123,2025-06-06T16:31:41Z,2025-06-10T13:12:07Z,8,6,14
docker/cli,6121,2025-06-02T15:31:12Z,2025-11-06T19:29:59Z,1360,25245,26605
docker/cli,6120,2025-05-30T16:22:01Z,2025-06-02T11:02:40Z,1,1,2
docker/cli,6119,2025-05-30T15:38:59Z,2025-06-02T08:15:52Z,4,4,8
docker/cli,6117,2025-05-30T10:01:02Z,2025-05-30T15:42:23Z,0,1,1
docker/cli,6116,2025-05-30T09:16:08Z,2025-05-30T09:39:09Z,4,4,8
docker/cli,6114,2025-05-28T08:09:06Z,2025-05-28T12:28:53Z,9,11,20
docker/cli,6113,2025-05-28T07:54:59Z,2025-05-28T12:08:37Z,2,1,3
docker/cli,6112,2025-05-27T20:51:01Z,2025-05-28T07:09:24Z,3,3,6
docker/cli,6111,2025-05-27T14:16:46Z,2025-05-27T14:57:53Z,8,7,15
docker/cli,6110,2025-05-27T13:55:57Z,2025-05-28T13:17:56Z,4,4,8
docker/cli,6109,2025-05-26T17:53:54Z,2025-05-27T10:11:26Z,103,16,119
docker/cli,6108,2025-05-26T12:07:46Z,2025-05-26T13:17:15Z,4,4,8
docker/cli,6104,2025-05-22T20:33:41Z,,7,1,8
docker/cli,6101,2025-05-22T11:48:54Z,2025-05-22T12:09:35Z,9,7,16
docker/cli,6100,2025-05-22T11:30:23Z,2025-05-22T12:09:25Z,2,2,4
docker/cli,6099,2025-05-22T10:20:09Z,2025-05-27T08:49:43Z,77,672,749
docker/cli,6098,2025-05-22T09:49:22Z,2025-05-22T09:54:11Z,5,5,10
docker/cli,6097,2025-05-22T09:39:16Z,2025-05-22T09:48:20Z,4,4,8
docker/cli,6096,2025-05-22T09:31:54Z,2025-05-22T09:49:54Z,6,12,18
docker/cli,6095,2025-05-21T23:12:09Z,2025-05-22T06:06:46Z,6,11,17
docker/cli,6094,2025-05-21T22:35:42Z,2025-05-22T05:58:54Z,1,1,2
docker/cli,6093,2025-05-21T17:46:03Z,2025-05-21T17:51:04Z,376,6,382
docker/cli,6092,2025-05-21T15:35:32Z,2025-05-22T08:02:11Z,3,6,9
docker/cli,6091,2025-05-21T14:47:28Z,2025-05-21T15:43:37Z,6,27,33
docker/cli,6089,2025-05-20T14:46:26Z,2026-01-14T23:26:43Z,189,144,333
docker/cli,6087,2025-05-19T20:41:52Z,2025-05-20T08:57:15Z,4,4,8
docker/cli,6086,2025-05-19T17:38:00Z,2025-05-22T05:57:54Z,90,74,164
docker/cli,6085,2025-05-19T15:45:09Z,2025-05-20T07:30:29Z,51,32,83
docker/cli,6084,2025-05-19T15:07:15Z,2025-05-20T08:57:13Z,356,344,700
docker/cli,6083,2025-05-19T12:08:50Z,2025-05-19T12:27:29Z,326,265,591
docker/cli,6081,2025-05-16T21:40:43Z,2025-05-19T09:28:12Z,20,14,34
docker/cli,6080,2025-05-16T19:13:14Z,2025-05-16T19:22:18Z,10,12,22
docker/cli,6079,2025-05-16T18:20:27Z,2025-05-16T19:06:21Z,202,96,298
docker/cli,6078,2025-05-16T17:23:11Z,2025-05-16T17:59:08Z,227,135,362
docker/cli,6077,2025-05-16T16:48:12Z,,145,135,280
docker/cli,6076,2025-05-16T14:45:32Z,,106,52,158
docker/cli,6075,2025-05-16T14:00:11Z,2025-05-16T15:27:38Z,103,40,143
docker/cli,6074,2025-05-16T13:26:24Z,2025-05-16T16:11:27Z,843,42,885
docker/cli,6073,2025-05-16T12:17:47Z,2025-05-16T13:01:38Z,108,69,177
docker/cli,6072,2025-05-16T11:01:44Z,2025-05-16T11:44:29Z,1,1,2
docker/cli,6071,2025-05-16T10:59:10Z,2025-05-16T11:44:13Z,42,2,44
docker/cli,6070,2025-05-16T10:28:23Z,2025-05-16T13:07:31Z,37,21,58
docker/cli,6069,2025-05-15T23:29:05Z,2025-05-16T09:46:34Z,1,1,2
docker/cli,6067,2025-05-15T16:48:01Z,,898,133,1031
docker/cli,6066,2025-05-15T10:54:44Z,2025-05-16T08:37:11Z,90,43,133
docker/cli,6063,2025-05-12T20:43:32Z,2025-05-16T10:03:19Z,1,1,2
docker/cli,6061,2025-05-12T15:37:20Z,2025-05-13T07:51:58Z,98,50,148
docker/cli,6060,2025-05-12T11:26:30Z,2025-05-12T15:15:19Z,9,9,18
docker/cli,6058,2025-05-09T13:29:02Z,2025-05-12T08:35:20Z,18,4,22
docker/cli,6054,2025-05-06T18:10:12Z,2025-05-12T08:32:41Z,18,18,36
docker/cli,6053,2025-05-06T17:29:59Z,2025-05-08T10:53:30Z,93,21,114
docker/cli,6052,2025-05-06T13:56:47Z,2025-05-06T18:29:54Z,113,22,135
docker/cli,6051,2025-05-06T11:33:19Z,2025-05-06T18:29:27Z,2,2,4
docker/cli,6050,2025-05-06T10:58:29Z,2025-05-06T13:22:33Z,1,1,2
docker/cli,6049,2025-05-05T19:45:47Z,,0,0,0
docker/cli,6048,2025-05-05T00:52:02Z,,45,11,56
docker/cli,6046,2025-05-01T18:04:08Z,,69,6,75
docker/cli,6045,2025-05-01T09:52:02Z,2025-05-15T23:24:16Z,2,0,2
docker/cli,6042,2025-04-28T17:12:32Z,2025-05-21T12:28:57Z,70,4,74
docker/cli,6041,2025-04-26T14:30:53Z,2025-04-29T14:41:25Z,4,4,8
docker/cli,6040,2025-04-26T14:28:40Z,2025-04-29T14:40:07Z,39,15,54
docker/cli,6039,2025-04-25T20:17:28Z,,29,21,50
docker/cli,6038,2025-04-25T19:05:32Z,,37,30,67
docker/cli,6037,2025-04-25T18:42:17Z,2025-04-28T19:20:23Z,6,6,12
docker/cli,6036,2025-04-25T15:13:46Z,2025-04-30T17:09:18Z,86,5,91
docker/cli,6035,2025-04-24T13:59:53Z,,35,9,44
docker/cli,6034,2025-04-23T11:46:40Z,2025-04-23T14:00:08Z,22,12,34
docker/cli,6033,2025-04-23T10:49:30Z,2025-04-23T11:27:48Z,1,1,2
docker/cli,6032,2025-04-23T10:36:29Z,2025-04-23T13:56:38Z,2,0,2
docker/cli,6031,2025-04-23T10:29:37Z,2025-04-23T12:31:29Z,71,71,142
docker/cli,6030,2025-04-23T10:14:52Z,2025-04-23T11:51:11Z,16,4,20
docker/cli,6029,2025-04-22T14:24:43Z,2025-04-23T11:32:36Z,12,0,12
docker/cli,6028,2025-04-21T21:28:53Z,2025-04-24T16:37:35Z,150,164,314
docker/cli,6026,2025-04-18T11:47:03Z,2025-04-18T19:46:44Z,5,5,10
docker/cli,6025,2025-04-17T22:05:28Z,2025-04-18T09:44:47Z,1,1,2
docker/cli,6024,2025-04-17T22:00:22Z,2025-04-23T11:26:47Z,4,4,8
docker/cli,6022,2025-04-17T19:47:27Z,2025-04-23T11:37:27Z,124,34,158
docker/cli,6020,2025-04-17T14:14:06Z,2025-04-17T15:02:29Z,4,4,8
docker/cli,6019,2025-04-17T10:18:46Z,2025-05-16T09:57:49Z,57,11,68
docker/cli,6018,2025-04-17T09:34:43Z,2025-04-17T09:52:28Z,7,6,13
docker/cli,6017,2025-04-17T08:36:29Z,2025-04-17T08:58:07Z,4,4,8
docker/cli,6016,2025-04-16T15:58:48Z,2025-04-17T08:41:48Z,147,13,160
docker/cli,6015,2025-04-16T15:19:13Z,2025-04-16T16:15:47Z,6,3,9
docker/cli,6013,2025-04-16T12:22:53Z,2025-04-16T12:28:42Z,6,10,16
docker/cli,6012,2025-04-16T11:20:58Z,2025-04-16T11:39:33Z,3,3,6
docker/cli,6011,2025-04-16T10:53:05Z,2025-04-16T11:39:56Z,573,469,1042
docker/cli,6010,2025-04-16T09:34:23Z,2025-04-16T09:44:32Z,0,3,3
docker/cli,6009,2025-04-16T06:53:24Z,2025-04-16T11:28:57Z,1,1,2
docker/cli,6008,2025-04-15T05:37:18Z,2025-06-18T18:07:07Z,467,2,469
docker/cli,6007,2025-04-14T04:33:35Z,,9,1,10
docker/cli,6006,2025-04-12T06:23:06Z,2025-04-15T15:01:40Z,4,4,8
docker/cli,6002,2025-04-11T11:53:39Z,2025-04-11T13:47:59Z,8,4,12
docker/cli,6001,2025-04-11T11:43:40Z,2025-04-11T14:53:29Z,22,3,25
docker/cli,6000,2025-04-11T11:34:52Z,2025-04-11T11:45:35Z,2,1,3
docker/cli,5999,2025-04-10T11:37:42Z,2025-04-11T10:09:28Z,52,78,130
docker/cli,5998,2025-04-10T10:24:11Z,2025-04-11T10:29:54Z,184,34,218
docker/cli,5997,2025-04-10T08:50:16Z,2025-04-10T09:24:07Z,9,4,13
docker/cli,5996,2025-04-09T22:03:42Z,2025-04-10T09:23:18Z,1140,536,1676
docker/cli,5995,2025-04-09T14:53:32Z,2025-05-21T16:31:14Z,48,16,64
docker/cli,5994,2025-04-08T11:37:56Z,2025-04-11T15:00:43Z,36,28,64
docker/cli,5992,2025-04-07T14:07:18Z,2025-04-10T07:10:41Z,249,251,500
docker/cli,5991,2025-04-07T11:59:31Z,2025-04-07T14:02:14Z,5,5,10
docker/cli,5990,2025-04-05T14:41:02Z,2025-04-07T07:36:52Z,239,224,463
docker/cli,5989,2025-04-05T14:39:43Z,2025-04-07T07:36:33Z,65,26,91
docker/cli,5988,2025-04-04T20:39:30Z,2025-04-07T07:37:14Z,301,4,305
docker/cli,5986,2025-04-03T10:35:53Z,2025-04-03T11:24:41Z,9,9,18
docker/cli,5985,2025-04-02T14:47:14Z,2025-04-04T16:21:24Z,18,17,35
docker/cli,5984,2025-04-01T21:44:44Z,2025-04-04T16:18:46Z,1,1,2
docker/cli,5983,2025-04-01T21:25:17Z,2025-04-11T10:46:15Z,28,5,33
docker/cli,5982,2025-04-01T20:10:43Z,2025-04-04T16:14:52Z,9,9,18
docker/cli,5981,2025-04-01T17:53:04Z,2025-04-11T14:21:27Z,5,51,56
docker/cli,5980,2025-04-01T12:54:43Z,2025-04-01T14:24:05Z,19,17,36
docker/cli,5979,2025-04-01T12:49:20Z,2025-04-01T13:47:13Z,1,1,2
docker/cli,5978,2025-04-01T11:10:18Z,2025-04-01T13:46:32Z,6,7,13
docker/cli,5977,2025-04-01T10:45:56Z,2025-04-10T12:36:12Z,3,1,4
docker/cli,5976,2025-04-01T10:33:35Z,2025-04-02T12:47:32Z,26,42,68
docker/cli,5975,2025-03-31T17:22:44Z,2025-04-01T13:14:17Z,20,12,32
docker/cli,5974,2025-03-31T16:14:36Z,2025-03-31T17:04:12Z,4,4,8
docker/cli,5973,2025-03-31T16:02:24Z,2025-03-31T17:02:59Z,0,1,1
docker/cli,5972,2025-03-31T07:54:13Z,,80,11,91
docker/cli,5970,2025-03-27T09:12:34Z,2025-03-31T11:39:37Z,42,49,91
docker/cli,5969,2025-03-26T13:47:48Z,2025-03-27T12:24:11Z,143,10,153
docker/cli,5968,2025-03-25T21:57:48Z,2025-03-26T16:41:50Z,17,3,20
docker/cli,5966,2025-03-25T16:11:05Z,2025-03-27T20:01:51Z,47,51,98
docker/cli,5964,2025-03-25T14:38:49Z,2025-03-25T14:52:46Z,10,31,41
docker/cli,5962,2025-03-25T13:38:59Z,2025-03-25T15:03:35Z,5,5,10
docker/cli,5961,2025-03-25T10:49:29Z,2025-03-31T11:40:14Z,2,3,5
docker/cli,5960,2025-03-25T09:31:17Z,2025-03-25T09:55:04Z,69,8,77
docker/cli,5959,2025-03-25T08:46:27Z,2025-03-27T17:46:39Z,26,15,41
docker/cli,5958,2025-03-24T17:22:41Z,2025-03-31T12:46:18Z,2,2,4
docker/cli,5957,2025-03-24T14:50:17Z,2025-03-24T16:14:50Z,69,4,73
docker/cli,5953,2025-03-22T15:05:02Z,2025-04-11T14:13:10Z,0,18,18
docker/cli,5952,2025-03-22T13:59:33Z,2025-04-11T14:11:13Z,366,269,635
docker/cli,5950,2025-03-21T19:42:55Z,2025-03-26T18:17:43Z,1,1,2
docker/cli,5948,2025-03-21T13:35:06Z,,304,26,330
docker/cli,5947,2025-03-21T12:34:40Z,2025-04-11T14:44:08Z,56,0,56
docker/cli,5946,2025-03-21T12:32:47Z,2025-04-04T16:19:45Z,21,12,33
docker/cli,5945,2025-03-20T14:59:35Z,2025-03-21T12:49:19Z,1,0,1
docker/cli,5944,2025-03-19T17:28:14Z,2025-03-20T11:58:58Z,4,4,8
docker/cli,5943,2025-03-19T15:13:21Z,,694,7,701
docker/cli,5942,2025-03-19T14:38:55Z,2025-03-20T10:10:47Z,31,10,41
docker/cli,5941,2025-03-19T13:02:23Z,2025-03-25T10:01:35Z,2,2,4
docker/cli,5939,2025-03-19T12:09:45Z,2025-03-20T14:20:21Z,13,16,29
docker/cli,5938,2025-03-19T09:51:53Z,2025-03-19T11:49:12Z,5,5,10
docker/cli,5936,2025-03-18T10:56:45Z,2025-03-19T15:13:13Z,28,34,62
docker/cli,5934,2025-03-17T13:05:23Z,2025-04-11T14:08:46Z,29,3,32
docker/cli,5932,2025-03-14T11:30:09Z,2025-03-19T12:19:18Z,17,2,19
docker/cli,5929,2025-03-13T17:17:41Z,2025-03-19T13:13:31Z,370,268,638
docker/cli,5927,2025-03-12T13:36:11Z,,9,12,21
docker/cli,5926,2025-03-12T11:53:35Z,2025-03-19T15:10:49Z,6,8,14
docker/cli,5925,2025-03-12T07:29:19Z,,8,1,9
docker/cli,5924,2025-03-12T06:54:14Z,2025-04-11T13:14:59Z,15,0,15
docker/cli,5922,2025-03-11T10:30:40Z,2025-09-24T13:10:23Z,14,7,21
docker/cli,5921,2025-03-10T20:12:45Z,2025-04-09T11:12:32Z,501,284,785
docker/cli,5920,2025-03-10T17:31:52Z,2025-03-10T19:03:12Z,2,2,4
docker/cli,5919,2025-03-10T16:33:47Z,2025-03-10T17:18:06Z,3,0,3
docker/cli,5918,2025-03-10T12:47:52Z,2025-04-10T08:31:06Z,33,16,49
docker/cli,5917,2025-03-09T21:31:38Z,2025-03-10T12:33:01Z,5,3,8
docker/cli,5916,2025-03-09T21:21:07Z,2025-03-10T12:35:04Z,40,42,82
docker/cli,5915,2025-03-09T20:37:54Z,2025-03-10T12:37:31Z,69,61,130
docker/cli,5914,2025-03-09T20:28:12Z,2025-04-11T10:10:46Z,52,62,114
docker/cli,5913,2025-03-09T13:44:35Z,2025-03-10T11:54:30Z,10,7,17
docker/cli,5912,2025-03-09T13:35:09Z,2025-03-18T14:52:36Z,113,42,155
docker/cli,5911,2025-03-08T21:49:42Z,2025-03-10T15:12:24Z,17,17,34
docker/cli,5910,2025-03-08T21:32:08Z,2025-03-10T15:14:23Z,11,13,24
docker/cli,5909,2025-03-08T20:38:36Z,2025-03-10T15:30:38Z,17,17,34
docker/cli,5908,2025-03-08T18:27:25Z,2025-03-11T09:07:32Z,15,13,28
docker/cli,5907,2025-03-08T17:35:14Z,2025-03-10T17:03:49Z,115,70,185
docker/cli,5906,2025-03-08T14:41:12Z,2025-03-10T15:03:39Z,29,51,80
docker/cli,5905,2025-03-08T11:57:58Z,,35,18,53
docker/cli,5904,2025-03-08T11:42:43Z,2025-03-10T10:41:58Z,1,5,6
docker/cli,5903,2025-03-07T18:15:05Z,2025-03-10T17:02:59Z,13,18,31
docker/cli,5902,2025-03-07T13:47:06Z,2025-03-07T18:13:03Z,174,103,277
docker/cli,5901,2025-03-07T06:48:28Z,2025-03-07T19:42:38Z,2,2,4
docker/cli,5896,2025-03-06T06:29:00Z,,95,33832,33927
docker/cli,5894,2025-03-05T17:17:01Z,2025-03-06T17:10:21Z,201,128,329
docker/cli,5893,2025-03-05T10:54:12Z,2025-03-05T11:59:04Z,6,6,12
docker/cli,5892,2025-03-05T09:33:23Z,2025-03-05T12:18:58Z,33,22,55
docker/cli,5890,2025-03-04T22:04:20Z,2025-03-05T11:56:31Z,9,9,18
docker/cli,5889,2025-03-04T17:09:35Z,2025-03-04T19:31:55Z,89,35,124
docker/cli,5888,2025-03-04T17:01:32Z,2025-03-04T19:30:54Z,7,8,15
docker/cli,5887,2025-03-04T16:05:23Z,2025-03-04T16:39:16Z,3,3,6
docker/cli,5885,2025-03-04T13:38:19Z,2025-03-04T16:48:18Z,54,15,69
docker/cli,5882,2025-03-03T14:52:03Z,2025-03-04T13:00:55Z,14,29,43
docker/cli,5881,2025-03-03T13:29:27Z,2025-03-04T17:14:50Z,134,113,247
docker/cli,5880,2025-03-03T11:23:20Z,2025-03-03T11:49:55Z,3,5,8
docker/cli,5879,2025-03-03T10:42:51Z,2025-03-03T11:18:19Z,5,3,8
docker/cli,5878,2025-03-02T13:29:25Z,2025-03-03T11:18:47Z,87,137,224
docker/cli,5877,2025-03-01T14:42:12Z,2025-03-03T10:36:16Z,8,32,40
docker/cli,5876,2025-03-01T00:36:45Z,2025-03-21T08:31:23Z,0,88,88
docker/cli,5875,2025-02-27T23:41:36Z,2025-03-05T23:34:34Z,19,16,35
docker/cli,5872,2025-02-26T14:33:49Z,2025-02-26T14:40:13Z,4,4,8
docker/cli,5871,2025-02-25T17:29:09Z,,26,21,47
docker/cli,5870,2025-02-25T15:59:09Z,2025-02-25T17:52:55Z,20,0,20
docker/cli,5869,2025-02-25T12:30:05Z,2025-03-11T09:10:04Z,401,24,425
docker/cli,5868,2025-02-25T12:00:12Z,2025-04-17T09:20:56Z,74,74,148
docker/cli,5867,2025-02-25T10:58:10Z,2025-02-25T13:03:21Z,23,35,58
docker/cli,5865,2025-02-24T15:27:28Z,2025-02-24T18:14:40Z,14,14,28
docker/cli,5864,2025-02-24T13:54:42Z,2025-02-24T16:39:28Z,6,7,13
docker/cli,5863,2025-02-24T13:30:15Z,2025-03-10T12:32:13Z,7,20,27
docker/cli,5859,2025-02-21T22:59:15Z,2025-02-24T11:05:35Z,28,26,54
docker/cli,5858,2025-02-21T22:47:48Z,2025-04-16T08:49:27Z,146,13,159
docker/cli,5856,2025-02-21T18:13:11Z,,1860,887046,888906
docker/cli,5855,2025-02-21T13:51:20Z,,19,0,19
docker/cli,5854,2025-02-21T10:29:55Z,2025-02-21T12:20:31Z,9,13,22
docker/cli,5852,2025-02-20T18:55:30Z,,4,1,5
docker/cli,5851,2025-02-20T17:13:45Z,2025-02-26T15:23:36Z,22,8,30
docker/cli,5850,2025-02-20T16:52:00Z,2025-02-20T17:37:04Z,55,3,58
docker/cli,5848,2025-02-20T11:33:24Z,2025-02-20T19:24:31Z,174,9,183
docker/cli,5845,2025-02-19T21:56:45Z,2025-02-19T22:05:48Z,4,4,8
docker/cli,5843,2025-02-19T12:49:16Z,2025-02-19T16:08:39Z,4,4,8
docker/cli,5842,2025-02-18T22:08:19Z,2025-02-28T09:45:17Z,105,10,115
docker/cli,5841,2025-02-18T19:49:35Z,2025-02-19T16:08:09Z,18,18,36
docker/cli,5840,2025-02-18T14:57:03Z,2025-02-18T22:17:29Z,369,423,792
docker/cli,5839,2025-02-18T12:43:28Z,,44,0,44
docker/cli,5838,2025-02-18T12:43:07Z,2025-02-18T12:55:16Z,4,4,8
docker/cli,5836,2025-02-18T08:38:04Z,2025-02-18T12:15:29Z,15,9,24
docker/cli,5835,2025-02-17T22:02:59Z,2025-02-18T12:15:06Z,27,15,42
docker/cli,5834,2025-02-17T14:22:18Z,2025-02-18T12:14:22Z,214,180,394
docker/cli,5833,2025-02-17T11:41:05Z,2025-02-17T11:54:24Z,3,1,4
docker/cli,5832,2025-02-17T11:37:58Z,2025-02-17T11:53:35Z,4,4,8
docker/cli,5831,2025-02-17T10:58:09Z,2025-02-17T11:04:40Z,4,4,8
docker/cli,5830,2025-02-17T08:04:15Z,2025-02-17T11:18:52Z,2,6,8
docker/cli,5829,2025-02-16T18:11:24Z,2025-03-21T19:42:08Z,536,181,717
docker/cli,5828,2025-02-16T16:37:23Z,,1,1,2
docker/cli,5825,2025-02-14T16:25:52Z,2025-02-14T18:40:38Z,583,402,985
docker/cli,5822,2025-02-12T13:55:04Z,2025-02-13T12:55:00Z,25,11,36
docker/cli,5820,2025-02-11T15:23:20Z,2025-02-12T10:53:31Z,290,171,461
docker/cli,5819,2025-02-11T14:57:49Z,2025-02-11T15:06:16Z,1515,1112,2627
docker/cli,5818,2025-02-11T13:11:32Z,2025-02-13T12:54:08Z,13,10,23
docker/cli,5817,2025-02-11T11:22:49Z,2025-02-11T11:50:51Z,177,259,436
docker/cli,5816,2025-02-10T20:42:55Z,2025-02-11T11:00:41Z,16,6,22
docker/cli,5815,2025-02-10T09:11:05Z,2025-02-10T10:36:10Z,9,2,11
docker/cli,5813,2025-02-09T16:08:54Z,2025-02-11T15:06:49Z,1,1,2
docker/cli,5812,2025-02-09T16:05:12Z,2025-02-11T15:07:47Z,1,1,2
docker/cli,5811,2025-02-09T16:03:24Z,,1,1,2
docker/cli,5810,2025-02-09T15:37:04Z,2025-02-10T08:37:22Z,2,2,4
docker/cli,5809,2025-02-09T15:31:27Z,2025-02-10T09:47:36Z,1,1,2
docker/cli,5808,2025-02-09T12:41:46Z,2025-02-10T09:49:09Z,105,45,150
docker/cli,5805,2025-02-07T00:39:26Z,2025-02-10T10:32:17Z,4,4,8
docker/cli,5804,2025-02-06T21:14:12Z,,187,67,254
docker/cli,5803,2025-02-06T18:52:30Z,2025-02-06T18:59:01Z,18,0,18
docker/cli,5800,2025-02-06T00:45:56Z,2025-02-06T13:30:16Z,1,1,2
docker/cli,5796,2025-02-04T19:37:50Z,2025-02-05T18:24:30Z,8,8,16
docker/cli,5795,2025-02-04T19:35:56Z,2025-02-05T18:23:43Z,9,9,18
docker/cli,5794,2025-02-04T17:18:53Z,,4,2,6
docker/cli,5791,2025-02-03T18:48:54Z,2025-02-04T11:23:11Z,204,274,478
docker/cli,5790,2025-02-03T18:09:43Z,2025-02-04T12:30:31Z,47,49,96
docker/cli,5788,2025-02-03T15:20:27Z,2025-02-03T17:24:52Z,18,19,37
docker/cli,5787,2025-02-03T15:18:01Z,2025-02-03T16:45:07Z,3,3,6
docker/cli,5785,2025-02-03T10:07:00Z,2025-02-03T17:25:31Z,36,22,58
docker/cli,5784,2025-02-01T18:52:22Z,2025-03-19T12:09:16Z,2,2,4
docker/cli,5783,2025-02-01T18:30:57Z,2025-02-03T12:04:01Z,382,367,749
docker/cli,5782,2025-02-01T14:57:01Z,2025-02-03T12:24:53Z,81,50,131
docker/cli,5781,2025-02-01T14:54:41Z,2025-02-03T09:56:31Z,219,217,436
docker/cli,5780,2025-02-01T11:44:59Z,2025-02-03T15:09:28Z,1,6,7
docker/cli,5779,2025-02-01T11:26:59Z,2025-02-03T17:24:27Z,8,6,14
docker/cli,5778,2025-01-29T16:16:48Z,2025-02-06T14:20:38Z,16,7,23
docker/cli,5774,2025-01-27T11:18:46Z,2025-02-05T12:06:54Z,61,37,98
docker/cli,5773,2025-01-25T00:13:16Z,2025-01-27T14:20:30Z,0,515,515
docker/cli,5772,2025-01-24T16:33:24Z,,31,0,31
docker/cli,5771,2025-01-24T15:48:15Z,,24,0,24
docker/cli,5770,2025-01-23T15:27:49Z,2025-01-24T13:41:41Z,46,8,54
docker/cli,5768,2025-01-22T13:30:11Z,,4,4,8
docker/cli,5767,2025-01-21T17:19:09Z,2025-01-22T12:49:24Z,5,5,10
docker/cli,5766,2025-01-21T10:14:12Z,2025-01-21T10:31:12Z,2,2,4
docker/cli,5765,2025-01-21T08:54:02Z,2025-01-21T09:34:33Z,2,2,4
docker/cli,5764,2025-01-20T17:25:56Z,2025-01-20T21:12:08Z,4,0,4
docker/cli,5763,2025-01-20T15:37:03Z,2025-01-20T17:21:19Z,4,0,4
docker/cli,5762,2025-01-20T15:09:41Z,2025-01-21T10:31:55Z,8,8,16
docker/cli,5761,2025-01-20T15:07:49Z,2025-01-21T10:31:58Z,9,9,18
docker/cli,5760,2025-01-20T11:02:39Z,2025-02-05T11:16:23Z,86,2,88
docker/cli,5759,2025-01-20T10:03:32Z,2025-01-21T23:46:21Z,4,4,8
docker/cli,5758,2025-01-17T13:35:35Z,2025-01-20T09:24:00Z,1,1,2
docker/cli,5757,2025-01-17T13:31:12Z,2025-01-20T13:16:20Z,16,4,20
docker/cli,5756,2025-01-16T10:24:13Z,2025-01-20T11:00:13Z,2,2,4
docker/cli,5755,2025-01-15T21:42:53Z,2025-02-13T13:09:13Z,79,0,79
docker/cli,5754,2025-01-15T14:22:46Z,2025-02-06T18:26:54Z,1258,287,1545
docker/cli,5752,2025-01-14T22:10:43Z,2025-01-15T14:24:01Z,2760,1299,4059
docker/cli,5751,2025-01-14T18:39:16Z,2025-01-14T19:41:41Z,1,6869,6870
docker/cli,5750,2025-01-14T18:10:10Z,2025-01-14T18:35:53Z,2424,10779,13203
docker/cli,5749,2025-01-14T15:00:05Z,,2,3004,3006
docker/cli,5748,2025-01-14T14:19:31Z,2025-01-14T15:24:58Z,171,160,331
docker/cli,5747,2025-01-14T13:29:54Z,2025-01-14T14:13:43Z,186,154,340
docker/cli,5746,2025-01-14T12:42:49Z,2025-01-14T13:17:12Z,150,10,160
docker/cli,5745,2025-01-14T12:32:32Z,2025-01-14T14:07:58Z,941,141,1082
docker/cli,5744,2025-01-14T12:23:50Z,2025-02-04T09:23:24Z,374,107,481
docker/cli,5743,2025-01-14T03:27:05Z,,108,7,115
docker/cli,5742,2025-01-13T20:54:00Z,2025-02-25T14:59:10Z,1,1,2
docker/cli,5741,2025-01-13T18:01:18Z,2025-01-14T18:36:27Z,8,8,16
docker/cli,5740,2025-01-13T17:44:39Z,2025-01-13T18:28:07Z,4,3,7
docker/cli,5739,2025-01-13T14:44:28Z,2025-01-28T11:15:16Z,71,8,79
docker/cli,5738,2025-01-13T13:20:22Z,,128,79,207
docker/cli,5737,2025-01-10T15:46:59Z,2025-01-10T19:26:52Z,15,29,44
docker/cli,5736,2025-01-10T15:07:07Z,2025-01-10T16:13:58Z,28,9,37
docker/cli,5735,2025-01-10T13:34:45Z,2025-01-10T13:52:41Z,1,0,1
docker/cli,5734,2025-01-10T13:33:57Z,2025-01-10T13:51:50Z,1,0,1
docker/cli,5732,2025-01-10T09:15:44Z,2025-01-10T14:59:11Z,4,4,8
docker/cli,5731,2025-01-10T08:57:12Z,,5,5,10
docker/cli,5730,2025-01-08T16:11:52Z,2025-02-10T18:02:56Z,1,4,5
docker/cli,5729,2025-01-08T11:54:16Z,2025-01-08T17:57:12Z,5,11,16
docker/cli,5728,2025-01-06T17:36:40Z,2025-01-08T17:56:53Z,222,474,696
docker/cli,5727,2025-01-03T21:39:42Z,2025-01-04T01:22:39Z,14,22,36
docker/cli,5726,2025-01-03T21:03:13Z,2025-01-07T15:33:21Z,4,4,8
docker/cli,5725,2025-01-03T20:28:12Z,2025-01-04T13:01:52Z,0,3,3
docker/cli,5724,2025-01-03T19:52:52Z,2025-01-05T13:39:35Z,40,49,89
docker/cli,5723,2025-01-03T19:25:48Z,2025-01-03T21:42:20Z,0,4,4
docker/cli,5722,2025-01-03T19:23:53Z,2025-01-03T21:42:03Z,0,4,4
docker/cli,5721,2025-01-03T17:43:08Z,2025-01-03T18:31:21Z,0,6,6
docker/cli,5720,2025-01-03T12:57:52Z,2025-01-03T13:48:35Z,4,3,7
docker/cli,5719,2025-01-03T01:26:22Z,2025-01-03T12:51:50Z,1,140,141
docker/cli,5718,2025-01-02T11:17:17Z,2025-01-03T13:48:52Z,0,6,6
docker/cli,5716,2024-12-28T17:10:05Z,2025-01-02T11:32:32Z,131,95,226
docker/cli,5715,2024-12-27T00:31:08Z,2024-12-27T14:33:39Z,4,3,7
docker/cli,5712,2024-12-23T14:31:00Z,2024-12-23T14:39:06Z,4,4,8
docker/cli,5711,2024-12-23T12:41:18Z,2024-12-23T13:05:49Z,8,416,424
docker/cli,5710,2024-12-23T12:24:28Z,2024-12-23T12:30:38Z,1,1,2
docker/cli,5709,2024-12-21T14:12:51Z,2024-12-23T12:07:30Z,9,1,10
docker/cli,5708,2024-12-21T14:11:00Z,2025-01-13T12:47:16Z,44,323,367
docker/cli,5707,2024-12-20T18:22:29Z,2024-12-20T18:35:23Z,31442,6446,37888
docker/cli,5706,2024-12-20T18:18:31Z,2024-12-20T18:54:59Z,10,6,16
docker/cli,5705,2024-12-20T16:15:11Z,2024-12-20T16:58:03Z,4,4,8
docker/cli,5704,2024-12-18T12:14:42Z,,31,13,44
docker/cli,5703,2024-12-16T22:11:00Z,2024-12-20T17:48:35Z,427,599,1026
docker/cli,5702,2024-12-16T22:03:25Z,2024-12-17T12:02:23Z,441,96,537
docker/cli,5701,2024-12-16T21:39:35Z,2024-12-18T12:23:53Z,31,13,44
docker/cli,5700,2024-12-16T21:21:05Z,2024-12-16T21:43:44Z,5,9,14
docker/cli,5699,2024-12-16T16:57:49Z,2024-12-16T17:37:44Z,15,4,19
docker/cli,5698,2024-12-16T15:16:58Z,,273,6,279
docker/cli,5697,2024-12-16T09:24:56Z,2024-12-16T16:46:28Z,15,4,19
docker/cli,5696,2024-12-14T14:30:39Z,2024-12-16T15:25:02Z,5,9,14
docker/cli,5695,2024-12-14T12:48:50Z,2024-12-17T12:02:53Z,12,10,22
docker/cli,5693,2024-12-13T16:55:09Z,,121,89,210
docker/cli,5692,2024-12-13T09:33:33Z,2024-12-13T12:12:33Z,1,5,6
docker/cli,5691,2024-12-13T09:31:46Z,2024-12-13T12:11:15Z,1,5,6
docker/cli,5690,2024-12-13T00:26:17Z,2024-12-13T12:13:23Z,2,2,4
docker/cli,5689,2024-12-13T00:24:10Z,2024-12-13T01:01:08Z,2,2,4
docker/cli,5688,2024-12-13T00:13:03Z,2024-12-18T10:25:21Z,1,1,2
docker/cli,5687,2024-12-13T00:12:55Z,2024-12-18T10:25:18Z,1,1,2
docker/cli,5686,2024-12-13T00:12:44Z,2024-12-18T10:25:14Z,1,1,2
docker/cli,5685,2024-12-13T00:12:38Z,2024-12-13T13:38:53Z,1,1,2
docker/cli,5684,2024-12-11T11:17:46Z,2024-12-18T12:41:08Z,1,1,2
docker/cli,5683,2024-12-10T09:14:07Z,2024-12-13T13:38:36Z,1,1,2
docker/cli,5682,2024-12-09T21:35:19Z,2024-12-18T10:23:34Z,1,1,2
docker/cli,5681,2024-12-09T16:03:35Z,2024-12-09T16:20:01Z,4,4,8
docker/cli,5680,2024-12-07T16:28:25Z,2024-12-08T16:40:34Z,8,8,16
docker/cli,5679,2024-12-07T11:27:27Z,2024-12-09T11:05:54Z,0,2,2
docker/cli,5678,2024-12-07T07:19:41Z,2024-12-07T09:17:19Z,2,1,3
docker/cli,5677,2024-12-07T07:00:49Z,2024-12-07T09:15:42Z,2,1,3
docker/cli,5676,2024-12-07T06:57:37Z,2024-12-07T09:18:51Z,2,1,3
docker/cli,5675,2024-12-07T06:48:52Z,2024-12-07T09:38:00Z,8,8,16
docker/cli,5674,2024-12-06T22:07:35Z,2024-12-10T11:28:12Z,17,24,41
docker/cli,5673,2024-12-06T21:48:51Z,2024-12-09T16:43:27Z,28,19,47
docker/cli,5672,2024-12-06T21:46:51Z,2024-12-09T11:11:31Z,176,29,205
docker/cli,5671,2024-12-06T21:45:01Z,2024-12-09T10:49:05Z,1065,104,1169
docker/cli,5670,2024-12-04T18:25:07Z,2024-12-05T09:37:00Z,6,4,10
docker/cli,5669,2024-12-04T09:37:48Z,2024-12-04T12:15:37Z,8,8,16
docker/cli,5668,2024-12-04T09:34:47Z,2024-12-04T12:14:52Z,9,9,18
docker/cli,5667,2024-12-04T09:27:40Z,2024-12-06T13:42:23Z,74,64,138
docker/cli,5666,2024-12-03T13:09:01Z,,231,77,308
docker/cli,5664,2024-12-02T17:08:26Z,2024-12-06T21:20:57Z,63,48,111
docker/cli,5663,2024-12-02T14:39:40Z,2025-01-21T10:22:40Z,184,53,237
docker/cli,5662,2024-12-02T13:41:49Z,2024-12-09T17:01:45Z,60,17,77
docker/cli,5661,2024-11-30T13:48:58Z,2024-12-02T15:15:46Z,0,1,1
docker/cli,5660,2024-11-30T13:46:15Z,2024-12-02T12:51:48Z,0,1,1
docker/cli,5658,2024-11-29T13:52:07Z,2024-11-29T14:54:18Z,2,2,4
docker/cli,5657,2024-11-29T13:50:25Z,,28483,7664,36147
docker/cli,5655,2024-11-29T12:28:13Z,2024-11-29T12:39:02Z,6,1,7
docker/cli,5654,2024-11-29T11:44:35Z,2024-11-29T13:47:53Z,92,9,101
docker/cli,5653,2024-11-28T14:03:48Z,2024-11-28T16:16:11Z,2,2,4
docker/cli,5652,2024-11-28T13:38:38Z,2024-11-29T14:54:54Z,33,29,62
docker/cli,5651,2024-11-28T13:27:48Z,2024-11-29T14:24:54Z,33,29,62
docker/cli,5650,2024-11-27T16:48:36Z,2024-11-27T17:35:15Z,4,4,8
docker/cli,5649,2024-11-26T16:45:26Z,2024-12-02T08:22:21Z,4,4,8
docker/cli,5648,2024-11-26T08:31:14Z,2024-11-26T12:09:48Z,35,3,38
docker/cli,5645,2024-11-25T11:24:31Z,2024-11-29T11:08:52Z,93,9,102
docker/cli,5644,2024-11-23T07:09:22Z,,23,0,23
docker/cli,5642,2024-11-22T01:24:56Z,2024-11-22T10:04:59Z,8,8,16
docker/cli,5641,2024-11-22T01:19:38Z,2024-11-22T10:04:57Z,8,8,16
docker/cli,5640,2024-11-22T01:13:20Z,2024-11-22T17:25:07Z,1,1,2
docker/cli,5638,2024-11-20T14:55:31Z,2024-11-21T08:54:53Z,182,66,248
docker/cli,5637,2024-11-19T20:52:56Z,2024-11-21T16:53:16Z,32,4,36
docker/cli,5636,2024-11-19T12:54:22Z,2024-11-21T16:52:41Z,6,6,12
docker/cli,5635,2024-11-19T11:51:05Z,2024-11-19T12:58:27Z,13,3,16
docker/cli,5634,2024-11-19T10:50:07Z,2024-11-21T16:52:22Z,134,37,171
docker/cli,5633,2024-11-19T10:38:22Z,2024-11-21T16:51:57Z,191,56,247
docker/cli,5632,2024-11-19T10:06:15Z,2024-11-21T16:51:22Z,1,1,2
docker/cli,5631,2024-11-18T23:43:58Z,2024-11-19T08:55:34Z,6,6,12
docker/cli,5630,2024-11-18T23:36:57Z,2024-11-21T16:50:46Z,1,1,2
docker/cli,5629,2024-11-18T18:10:15Z,,2546,1082,3628
docker/cli,5627,2024-11-16T21:04:04Z,,48,1,49
docker/cli,5625,2024-11-16T15:33:39Z,2024-11-19T11:48:27Z,13,3,16
docker/cli,5623,2024-11-15T15:05:34Z,2024-11-20T10:57:03Z,4,4,8
docker/cli,5622,2024-11-15T10:12:58Z,2024-11-15T10:25:12Z,69,65,134
docker/cli,5621,2024-11-15T10:08:33Z,2024-11-15T10:24:51Z,4,0,4
docker/cli,5620,2024-11-15T08:41:55Z,,3,3,6
docker/cli,5619,2024-11-14T22:15:46Z,2024-11-15T09:25:00Z,4,4,8
docker/cli,5618,2024-11-14T16:02:25Z,2024-11-14T17:25:35Z,378,20,398
docker/cli,5616,2024-11-14T09:38:57Z,2024-11-14T13:42:31Z,2,2,4
docker/cli,5615,2024-11-14T09:37:00Z,2024-11-14T13:42:05Z,2,2,4
docker/cli,5614,2024-11-13T22:44:31Z,2024-11-14T15:42:28Z,464,8,472
docker/cli,5613,2024-11-13T22:41:50Z,2024-11-14T15:48:41Z,21,31,52
docker/cli,5612,2024-11-13T22:38:52Z,2024-11-14T09:42:14Z,80,80,160
docker/cli,5611,2024-11-13T22:34:37Z,2024-11-14T13:51:17Z,46,28,74
docker/cli,5610,2024-11-13T22:16:56Z,2024-11-14T09:27:53Z,1679,2228,3907
docker/cli,5608,2024-11-12T11:34:40Z,2024-11-12T13:12:00Z,65,65,130
docker/cli,5607,2024-11-11T12:01:43Z,2024-11-29T22:03:49Z,28,9,37
docker/cli,5606,2024-11-11T11:49:04Z,,3564,1739,5303
docker/cli,5605,2024-11-08T19:27:35Z,,33,10,43
docker/cli,5603,2024-11-07T12:29:31Z,2024-11-07T12:57:54Z,1,1,2
docker/cli,5602,2024-11-07T10:03:11Z,2024-11-07T12:54:26Z,8,8,16
docker/cli,5601,2024-11-07T10:01:11Z,2024-11-07T13:42:18Z,9,9,18
docker/cli,5600,2024-11-07T09:42:23Z,2024-11-07T12:56:47Z,1,1,2
docker/cli,5599,2024-11-06T18:49:07Z,2024-12-12T15:10:48Z,96,25,121
docker/cli,5598,2024-11-06T14:51:31Z,2024-11-29T12:40:24Z,14,3,17
docker/cli,5597,2024-11-06T14:44:21Z,2024-11-27T23:08:53Z,3,1,4
docker/cli,5596,2024-11-05T11:21:08Z,2024-11-05T14:29:00Z,555,307,862
docker/cli,5595,2024-11-05T10:26:05Z,2024-11-06T14:52:12Z,72,72,144
docker/cli,5594,2024-11-05T09:18:11Z,2024-11-05T10:24:45Z,56,207,263
docker/cli,5591,2024-11-04T00:20:59Z,2024-11-04T16:27:25Z,1,1,2
docker/cli,5590,2024-11-01T13:12:57Z,2024-11-05T09:21:26Z,33792,9155,42947
docker/cli,5588,2024-10-31T13:29:55Z,2024-10-31T21:07:21Z,18,8,26
docker/cli,5586,2024-10-30T20:51:58Z,2024-10-31T13:29:09Z,18,8,26
docker/cli,5585,2024-10-30T14:56:30Z,2024-10-31T12:03:00Z,20,30,50
docker/cli,5583,2024-10-30T13:15:09Z,2024-10-31T13:10:28Z,8,8,16
docker/cli,5581,2024-10-29T12:08:22Z,,29,29,58
docker/cli,5580,2024-10-28T22:50:39Z,2024-11-14T15:58:55Z,377,20,397
docker/cli,5579,2024-10-28T22:15:20Z,2024-10-30T09:50:35Z,1,6,7
docker/cli,5578,2024-10-28T12:51:58Z,,148,0,148
docker/cli,5574,2024-10-25T15:57:17Z,,593,475,1068
docker/cli,5573,2024-10-24T16:35:47Z,2024-10-25T15:38:47Z,13,2,15
docker/cli,5572,2024-10-24T13:53:10Z,,328,275,603
docker/cli,5570,2024-10-22T10:14:12Z,2024-10-22T14:36:58Z,101,27,128
docker/cli,5569,2024-10-21T22:23:42Z,2024-10-22T15:18:18Z,111,28,139
docker/cli,5568,2024-10-21T20:48:14Z,,147,28,175
docker/cli,5567,2024-10-21T16:16:36Z,2024-10-22T12:05:45Z,12,1,13
docker/cli,5566,2024-10-21T16:07:52Z,2024-10-21T20:02:31Z,34,0,34
docker/cli,5565,2024-10-21T16:05:28Z,2024-10-21T20:03:05Z,34,0,34
docker/cli,5564,2024-10-21T15:55:11Z,2024-10-21T21:21:51Z,33,7,40
docker/cli,5563,2024-10-21T09:12:56Z,2024-10-21T09:37:57Z,1,1,2
docker/cli,5561,2024-10-20T21:58:57Z,,38,7,45
docker/cli,5557,2024-10-20T15:53:30Z,2024-10-21T16:00:40Z,5,5,10
docker/cli,5556,2024-10-19T17:43:58Z,,24,6,30
docker/cli,5554,2024-10-19T15:49:30Z,2024-10-19T15:55:12Z,1,1,2
docker/cli,5553,2024-10-19T12:07:35Z,2024-10-21T13:23:26Z,10,1,11
docker/cli,5552,2024-10-19T11:12:15Z,2024-10-21T15:42:49Z,2,1,3
docker/cli,5551,2024-10-19T11:09:51Z,2024-10-21T12:28:44Z,2,1,3
docker/cli,5550,2024-10-19T10:55:36Z,2024-10-21T21:23:06Z,46,28,74
docker/cli,5549,2024-10-19T09:03:27Z,2024-10-22T10:35:43Z,0,20,20
docker/cli,5548,2024-10-19T08:56:05Z,2024-10-22T08:42:38Z,7,8,15
docker/cli,5547,2024-10-19T08:35:58Z,2024-10-22T08:42:26Z,7,8,15
docker/cli,5546,2024-10-18T22:49:31Z,2024-10-21T16:08:28Z,55,1,56
docker/cli,5545,2024-10-18T16:15:57Z,2024-11-14T17:25:03Z,36,14,50
docker/cli,5544,2024-10-18T15:37:58Z,2024-10-21T11:28:35Z,155,65,220
docker/cli,5543,2024-10-18T09:41:34Z,2024-10-18T09:50:01Z,4,4,8
docker/cli,5542,2024-10-18T09:25:11Z,2024-10-18T10:07:02Z,61,12,73
docker/cli,5541,2024-10-17T23:01:24Z,2024-10-18T09:42:00Z,52,0,52
docker/cli,5540,2024-10-17T21:17:43Z,2024-10-18T08:48:48Z,1955,58,2013
docker/cli,5539,2024-10-17T21:02:08Z,2024-10-18T08:44:41Z,4,4,8
docker/cli,5538,2024-10-17T13:01:50Z,2024-10-29T16:58:16Z,464,8,472
docker/cli,5537,2024-10-16T10:22:26Z,2024-10-17T09:26:09Z,2,2,4
docker/cli,5536,2024-10-15T11:16:04Z,,197,0,197
docker/cli,5535,2024-10-14T14:17:59Z,2024-10-17T10:46:46Z,44,32,76
docker/cli,5534,2024-10-13T16:54:37Z,2024-10-16T21:08:23Z,33,7,40
docker/cli,5533,2024-10-13T16:41:43Z,2024-10-14T15:38:02Z,336,1,337
docker/cli,5532,2024-10-12T20:10:59Z,2024-10-14T15:18:24Z,2,1,3
docker/cli,5531,2024-10-12T20:03:15Z,2024-10-14T11:29:42Z,4,4,8
docker/cli,5530,2024-10-12T19:58:18Z,2024-10-14T12:36:53Z,6595,4577,11172
docker/cli,5529,2024-10-12T19:54:43Z,2024-10-14T11:29:16Z,6595,4577,11172
docker/cli,5528,2024-10-11T08:24:19Z,,115,4,119
docker/cli,5527,2024-10-10T21:27:04Z,2024-10-11T20:35:25Z,3,1,4
docker/cli,5525,2024-10-09T22:15:07Z,,879,736,1615
docker/cli,5524,2024-10-09T09:55:32Z,2024-10-10T12:34:10Z,119,4,123
docker/cli,5521,2024-10-08T18:27:52Z,2024-10-08T18:49:29Z,4,0,4
docker/cli,5520,2024-10-08T17:42:47Z,2024-10-08T17:57:11Z,4,6,10
docker/cli,5519,2024-10-08T14:04:03Z,2024-10-08T15:09:05Z,1,1,2
docker/cli,5518,2024-10-08T13:40:34Z,2024-10-08T15:08:38Z,8,8,16
docker/cli,5516,2024-10-08T11:18:15Z,2024-10-08T13:26:50Z,70,0,70
docker/cli,5514,2024-10-08T04:18:27Z,2024-10-08T08:39:38Z,8,8,16
docker/cli,5513,2024-10-08T04:11:15Z,2024-10-08T13:02:53Z,8,8,16
docker/cli,5512,2024-10-08T03:56:24Z,2024-10-08T08:38:46Z,8,8,16
docker/cli,5511,2024-10-07T16:44:58Z,2024-10-08T08:49:37Z,23,1,24
docker/cli,5510,2024-10-07T16:43:33Z,2024-10-08T08:48:35Z,23,1,24
docker/cli,5509,2024-10-07T16:39:30Z,2024-10-07T17:29:48Z,6,6,12
docker/cli,5508,2024-10-07T11:08:22Z,2024-10-07T14:34:23Z,6,6,12
docker/cli,5507,2024-10-07T08:51:36Z,2024-10-10T16:04:19Z,7,7,14
docker/cli,5506,2024-10-06T16:56:00Z,2024-10-08T14:15:26Z,227,0,227
docker/cli,5504,2024-10-04T20:20:40Z,2024-10-07T18:27:44Z,8,8,16
docker/cli,5503,2024-10-04T20:11:26Z,2024-10-08T14:57:37Z,283,167,450
docker/cli,5502,2024-10-04T10:17:21Z,2024-10-04T11:46:09Z,283,161,444
docker/cli,5501,2024-10-04T08:08:00Z,,22,2,24
docker/cli,5500,2024-10-04T08:03:11Z,,22,2,24
docker/cli,5499,2024-10-04T06:15:57Z,2024-10-04T11:03:16Z,27,72,99
docker/cli,5498,2024-10-04T06:10:19Z,2024-10-04T10:46:42Z,1,1,2
docker/cli,5497,2024-10-04T06:05:50Z,2024-10-04T10:47:43Z,70,9,79
docker/cli,5496,2024-10-03T20:19:27Z,2024-10-04T10:12:09Z,33,30,63
docker/cli,5495,2024-10-03T15:24:28Z,2024-10-03T15:52:56Z,2,11,13
docker/cli,5494,2024-10-03T12:12:16Z,2024-10-03T13:36:50Z,27,72,99
docker/cli,5492,2024-10-02T08:40:53Z,2024-10-02T14:52:14Z,15,0,15
docker/cli,5491,2024-10-02T07:26:22Z,,38,4,42
docker/cli,5490,2024-10-01T15:52:17Z,,41,0,41
docker/cli,5488,2024-10-01T09:47:03Z,2024-10-01T11:05:56Z,66,10,76
docker/cli,5485,2024-09-27T14:37:17Z,2024-09-30T11:06:30Z,79,32,111
docker/cli,5484,2024-09-26T20:44:27Z,2024-09-27T10:24:24Z,70,9,79
docker/cli,5483,2024-09-26T19:29:52Z,2024-09-26T20:49:12Z,12,0,12
docker/cli,5482,2024-09-26T16:59:02Z,2024-09-26T18:06:48Z,189,0,189
docker/cli,5481,2024-09-26T13:33:34Z,2024-09-26T13:39:20Z,1,1,2
docker/cli,5480,2024-09-26T11:40:01Z,2024-10-01T13:08:46Z,1529,56,1585
docker/cli,5474,2024-09-23T18:28:33Z,2024-09-24T08:37:17Z,8,8,16
docker/cli,5473,2024-09-23T13:38:33Z,2024-09-23T19:02:51Z,1,1,2
docker/cli,5472,2024-09-23T11:54:21Z,2024-09-23T13:16:53Z,1,1,2
docker/cli,5471,2024-09-23T11:49:18Z,2024-09-23T13:16:42Z,1,1,2
docker/cli,5470,2024-09-23T11:41:38Z,2024-10-04T11:06:17Z,1,1,2
docker/cli,5469,2024-09-23T11:39:58Z,2024-10-04T11:05:52Z,1,1,2
docker/cli,5468,2024-09-23T10:26:01Z,2024-09-23T13:31:02Z,61,2,63
docker/cli,5467,2024-09-21T17:17:54Z,2024-10-04T11:49:32Z,188,0,188
docker/cli,5462,2024-09-20T10:43:03Z,2024-09-20T11:01:47Z,1,1,2
docker/cli,5461,2024-09-20T10:40:04Z,2024-09-20T10:48:13Z,1,1,2
docker/cli,5460,2024-09-20T10:38:05Z,2024-09-20T10:48:05Z,1,1,2
docker/cli,5459,2024-09-20T10:17:55Z,2024-09-20T10:38:14Z,1,1,2
docker/cli,5458,2024-09-20T10:14:38Z,2024-09-20T10:23:45Z,4,4,8
docker/cli,5457,2024-09-20T00:37:55Z,2024-09-20T00:49:46Z,5,3,8
docker/cli,5456,2024-09-20T00:34:25Z,2024-09-20T00:41:45Z,5,3,8
docker/cli,5454,2024-09-19T09:12:30Z,2024-09-24T11:03:11Z,9,14,23
docker/cli,5452,2024-09-18T15:31:43Z,2024-09-18T15:59:19Z,4,4,8
docker/cli,5451,2024-09-18T14:37:28Z,,20,0,20
docker/cli,5450,2024-09-18T10:42:31Z,,4,4,8
docker/cli,5449,2024-09-18T10:06:44Z,2024-09-18T10:16:32Z,42,14,56
docker/cli,5448,2024-09-18T09:45:12Z,2024-09-18T10:20:41Z,7,2,9
docker/cli,5447,2024-09-17T19:59:23Z,2024-09-18T10:04:09Z,1,1,2
docker/cli,5446,2024-09-17T19:42:34Z,2024-09-18T10:04:32Z,1,1,2
docker/cli,5445,2024-09-17T15:53:47Z,2024-09-18T10:15:45Z,42,14,56
docker/cli,5444,2024-09-17T15:49:25Z,2024-09-18T09:39:55Z,7,2,9
docker/cli,5443,2024-09-16T13:32:38Z,2024-09-16T13:49:02Z,1,1,2
docker/cli,5442,2024-09-16T13:07:53Z,2024-09-16T13:27:43Z,3,3,6
docker/cli,5441,2024-09-16T13:04:21Z,2024-09-16T13:15:09Z,3,3,6
docker/cli,5440,2024-09-16T12:29:11Z,2024-09-16T12:41:37Z,4,4,8
docker/cli,5439,2024-09-16T11:56:47Z,2024-09-16T12:24:39Z,78,1,79
docker/cli,5438,2024-09-16T11:18:52Z,2024-09-16T11:44:19Z,34,0,34
docker/cli,5437,2024-09-16T10:23:48Z,2024-09-16T12:42:01Z,5,11,16
docker/cli,5436,2024-09-16T09:33:45Z,2024-09-16T11:43:57Z,44,1,45
docker/cli,5435,2024-09-14T00:49:49Z,2024-09-16T13:17:07Z,1,1,2
docker/cli,5434,2024-09-13T18:10:06Z,,33,7,40
docker/cli,5432,2024-09-12T22:37:23Z,2024-09-13T08:54:32Z,141,8,149
docker/cli,5431,2024-09-12T22:15:20Z,2024-09-12T22:34:35Z,42,31,73
docker/cli,5430,2024-09-12T21:58:37Z,2024-09-12T22:21:32Z,1515,2667,4182
docker/cli,5429,2024-09-12T20:17:27Z,2024-09-12T20:42:14Z,4,4,8
docker/cli,5428,2024-09-12T17:20:35Z,2024-09-24T14:53:30Z,241,107,348
docker/cli,5427,2024-09-12T16:56:18Z,2024-09-12T17:07:02Z,1384,2552,3936
docker/cli,5426,2024-09-11T11:14:35Z,2024-09-11T14:24:41Z,23,1,24
docker/cli,5425,2024-09-11T09:25:19Z,2024-09-11T10:35:51Z,0,1,1
docker/cli,5424,2024-09-10T14:50:00Z,2024-09-12T22:33:14Z,141,8,149
docker/cli,5423,2024-09-10T14:43:09Z,2024-09-10T17:51:58Z,3,15,18
docker/cli,5422,2024-09-10T11:46:23Z,2024-09-10T17:43:51Z,3,15,18
docker/cli,5420,2024-09-09T12:38:43Z,2024-09-09T18:46:31Z,23,1,24
docker/cli,5419,2024-09-09T08:34:09Z,2024-09-09T09:05:09Z,116,114,230
docker/cli,5417,2024-09-08T17:56:50Z,2024-10-08T22:34:18Z,3,3,6
docker/cli,5415,2024-09-08T06:23:58Z,2024-09-09T10:19:53Z,3,1,4
docker/cli,5414,2024-09-06T11:49:16Z,2024-09-06T12:01:30Z,8,7,15
docker/cli,5411,2024-09-05T15:53:39Z,2024-09-06T08:28:04Z,7,7,14
docker/cli,5410,2024-09-05T15:52:56Z,2024-09-06T08:27:27Z,7,7,14
docker/cli,5409,2024-09-05T12:48:03Z,2024-09-05T13:02:52Z,4,4,8
docker/cli,5408,2024-09-05T12:42:02Z,2024-09-05T12:53:18Z,1,1,2
docker/cli,5407,2024-09-05T12:39:38Z,2024-09-05T12:47:37Z,1,1,2
docker/cli,5406,2024-09-05T01:53:14Z,2024-09-10T14:59:25Z,7,7,14
docker/cli,5405,2024-09-04T23:48:45Z,2024-09-09T18:55:54Z,7,7,14
docker/cli,5404,2024-09-04T20:24:30Z,2024-09-05T18:13:25Z,530,542,1072
docker/cli,5403,2024-09-04T09:21:44Z,2024-09-09T09:04:09Z,116,114,230
docker/cli,5402,2024-09-03T14:40:22Z,2024-09-03T14:45:27Z,150,11,161
docker/cli,5401,2024-09-03T13:24:50Z,2024-09-03T14:36:14Z,150,11,161
docker/cli,5400,2024-09-03T11:52:57Z,2024-09-03T12:04:04Z,7,7,14
docker/cli,5399,2024-09-03T11:22:33Z,2024-09-03T12:02:04Z,38,5,43
docker/cli,5398,2024-09-03T11:03:13Z,,0,0,0
docker/cli,5397,2024-09-03T11:03:08Z,2024-09-10T14:37:58Z,7,1,8
docker/cli,5396,2024-09-03T11:03:02Z,2024-09-05T13:42:59Z,7,1,8
docker/cli,5395,2024-09-03T11:02:57Z,2024-09-03T11:25:44Z,7,1,8
docker/cli,5394,2024-09-03T10:23:50Z,2024-09-03T10:55:20Z,131,62,193
docker/cli,5393,2024-09-03T09:48:49Z,2024-09-03T10:28:21Z,7,1,8
docker/cli,5392,2024-09-02T18:58:42Z,2024-09-02T20:29:25Z,2,2,4
docker/cli,5391,2024-09-02T18:56:11Z,2024-09-02T20:27:57Z,1,1,2
docker/cli,5389,2024-09-02T14:49:42Z,2024-09-02T18:55:06Z,1,1,2
docker/cli,5388,2024-09-02T13:52:51Z,,3,1,4
docker/cli,5387,2024-09-02T13:51:20Z,2024-09-03T11:25:16Z,7,7,14
docker/cli,5386,2024-09-02T10:04:02Z,2024-09-03T10:15:08Z,131,62,193
docker/cli,5385,2024-09-02T09:43:45Z,2024-09-02T09:57:52Z,191,67,258
docker/cli,5383,2024-08-30T09:19:12Z,2024-09-02T09:43:07Z,191,67,258
docker/cli,5381,2024-08-29T16:42:02Z,2024-09-09T06:51:54Z,11,2,13
docker/cli,5380,2024-08-29T11:24:39Z,2024-08-29T11:33:58Z,1,3,4
docker/cli,5379,2024-08-29T11:20:34Z,2024-08-29T11:33:12Z,1,3,4
docker/cli,5376,2024-08-28T13:20:42Z,2024-09-03T11:14:54Z,38,5,43
docker/cli,5374,2024-08-27T11:12:53Z,2024-08-27T14:08:12Z,4,4,8
docker/cli,5372,2024-08-26T12:44:26Z,2024-08-26T15:06:00Z,22,22,44
docker/cli,5371,2024-08-26T12:02:24Z,2024-08-26T12:33:00Z,4,4,8
docker/cli,5370,2024-08-26T11:57:52Z,2024-08-26T12:38:08Z,22,22,44
docker/cli,5368,2024-08-22T13:19:56Z,2024-08-22T16:01:29Z,1,1,2
docker/cli,5366,2024-08-21T09:42:26Z,2024-08-21T13:22:02Z,101,193,294
docker/cli,5365,2024-08-21T09:08:13Z,2024-08-22T12:23:11Z,13,1,14
docker/cli,5363,2024-08-20T15:39:06Z,2024-08-20T15:51:15Z,13,1,14
docker/cli,5362,2024-08-20T11:53:02Z,2024-08-20T14:11:01Z,133,1,134
docker/cli,5361,2024-08-20T10:51:29Z,2024-08-20T11:31:07Z,133,1,134
docker/cli,5360,2024-08-20T10:35:53Z,2024-08-22T13:17:46Z,1,1,2
docker/cli,5359,2024-08-19T15:40:39Z,,8,0,8
docker/cli,5358,2024-08-19T11:28:29Z,2024-08-19T11:47:05Z,24,7,31
docker/cli,5357,2024-08-19T10:28:30Z,,13,0,13
docker/cli,5356,2024-08-19T10:22:42Z,2024-08-19T10:46:08Z,24,7,31
docker/cli,5354,2024-08-16T17:00:46Z,2024-08-16T17:39:57Z,266,23,289
docker/cli,5353,2024-08-16T15:33:56Z,2024-08-16T17:51:04Z,404,0,404
docker/cli,5352,2024-08-16T14:38:12Z,2024-08-16T14:56:09Z,10,4,14
docker/cli,5351,2024-08-16T13:12:26Z,2024-08-16T16:12:10Z,46,0,46
docker/cli,5350,2024-08-16T09:05:03Z,2024-08-21T09:39:45Z,101,193,294
docker/cli,5349,2024-08-15T22:39:21Z,2024-08-16T16:13:24Z,11898,72,11970
docker/cli,5348,2024-08-13T10:18:46Z,2024-08-19T15:48:56Z,1,1,2
docker/cli,5347,2024-08-13T09:49:07Z,2024-08-19T11:13:32Z,1,1,2
docker/cli,5345,2024-08-12T15:30:07Z,2024-08-13T09:38:44Z,2,2,4
docker/cli,5344,2024-08-12T09:19:25Z,2024-08-15T07:29:45Z,11889,60,11949
docker/cli,5343,2024-08-11T15:03:42Z,2024-08-12T08:11:43Z,21,21,42
docker/cli,5342,2024-08-11T14:44:27Z,2024-08-12T08:10:05Z,21,21,42
docker/cli,5341,2024-08-09T17:53:45Z,2024-08-12T09:58:10Z,1,1,2
docker/cli,5340,2024-08-09T17:53:38Z,2024-08-12T09:58:07Z,1,1,2
docker/cli,5339,2024-08-09T17:53:31Z,2024-08-12T09:57:36Z,1,1,2
docker/cli,5338,2024-08-09T16:21:09Z,2024-08-09T17:11:04Z,1,1,2
docker/cli,5337,2024-08-09T08:48:55Z,2024-08-09T18:03:37Z,15,0,15
docker/cli,5336,2024-08-09T08:46:14Z,2024-08-09T18:02:39Z,54,0,54
docker/cli,5335,2024-08-09T08:45:15Z,2024-08-09T08:54:36Z,54,0,54
docker/cli,5334,2024-08-09T08:42:56Z,2024-08-09T08:48:38Z,106,114,220
docker/cli,5333,2024-08-08T12:13:19Z,2024-08-12T11:34:32Z,270,131,401
docker/cli,5332,2024-08-08T11:40:14Z,2024-08-09T07:45:24Z,218,11,229
docker/cli,5331,2024-08-08T11:22:13Z,2024-10-10T15:33:08Z,262,30,292
docker/cli,5330,2024-08-08T09:45:05Z,2024-08-08T10:09:30Z,279,18,297
docker/cli,5327,2024-08-07T13:07:31Z,2024-08-07T15:16:00Z,15,0,15
docker/cli,5326,2024-08-07T10:05:52Z,2024-08-07T11:31:41Z,103,14,117
docker/cli,5325,2024-08-07T09:50:45Z,2024-08-08T11:27:04Z,7,7,14
docker/cli,5324,2024-08-07T09:50:16Z,2024-08-07T10:01:32Z,7,7,14
docker/cli,5323,2024-08-07T02:54:21Z,2024-08-09T17:46:24Z,1,1,2
docker/cli,5320,2024-08-06T23:30:43Z,2024-08-12T14:59:47Z,46,0,46
docker/cli,5316,2024-08-05T09:59:46Z,2024-08-08T09:48:43Z,44,0,44
docker/cli,5314,2024-08-02T14:13:07Z,,82,23,105
docker/cli,5313,2024-08-01T20:57:26Z,,185,38,223
docker/cli,5312,2024-08-01T10:59:43Z,,20,18,38
docker/cli,5311,2024-07-31T20:30:11Z,2024-08-02T10:25:21Z,4,4,8
docker/cli,5310,2024-07-31T12:20:51Z,2024-08-02T10:26:07Z,54,0,54
docker/cli,5307,2024-07-30T11:07:05Z,,94,0,94
docker/cli,5303,2024-07-26T14:07:53Z,2024-07-29T12:43:32Z,103,14,117
docker/cli,5302,2024-07-26T13:13:15Z,2024-07-26T15:21:35Z,18,9,27
docker/cli,5298,2024-07-25T11:25:33Z,2024-07-25T11:37:19Z,1,2,3
docker/cli,5297,2024-07-25T09:02:49Z,2024-07-26T13:11:01Z,19,17,36
docker/cli,5296,2024-07-25T07:51:53Z,2024-07-25T07:59:38Z,39,1,40
docker/cli,5295,2024-07-24T23:46:36Z,2024-07-25T00:00:26Z,39,1,40
docker/cli,5293,2024-07-24T11:20:30Z,2024-07-24T11:38:49Z,3,3,6
docker/cli,5292,2024-07-24T11:17:17Z,2024-07-24T11:26:41Z,3,3,6
docker/cli,5291,2024-07-24T10:55:16Z,2024-07-24T11:03:56Z,2,2,4
docker/cli,5290,2024-07-24T09:35:58Z,2024-07-24T10:03:24Z,1,1,2
docker/cli,5289,2024-07-24T07:48:28Z,2024-07-24T11:11:35Z,106,114,220
docker/cli,5288,2024-07-23T22:54:16Z,2024-07-23T22:59:43Z,1,1,2
docker/cli,5284,2024-07-23T16:00:18Z,,21,22,43
docker/cli,5283,2024-07-23T15:18:18Z,2024-07-23T23:07:56Z,13,0,13
docker/cli,5282,2024-07-23T14:12:36Z,2025-05-22T12:08:40Z,36,2,38
docker/cli,5279,2024-07-22T17:08:20Z,2024-07-23T11:28:38Z,1700,320,2020
docker/cli,5278,2024-07-22T15:15:59Z,2024-07-22T16:04:35Z,67,1,68
docker/cli,5277,2024-07-22T15:07:42Z,2024-07-22T15:49:10Z,12,0,12
docker/cli,5276,2024-07-22T14:58:00Z,2024-07-22T15:19:40Z,12,12,24
docker/cli,5274,2024-07-19T17:09:33Z,2024-07-19T17:35:01Z,17,0,17
docker/cli,5273,2024-07-19T17:03:59Z,2024-07-23T12:59:24Z,14,14,28
docker/cli,5271,2024-07-19T12:24:24Z,2024-07-19T14:44:14Z,153,5,158
docker/cli,5270,2024-07-19T11:38:34Z,2024-07-19T13:09:56Z,677,373,1050
docker/cli,5269,2024-07-19T11:23:02Z,2024-07-19T11:43:25Z,2,1,3
docker/cli,5268,2024-07-19T11:07:03Z,2024-07-19T11:29:35Z,2,1,3
docker/cli,5267,2024-07-19T01:19:40Z,2024-07-24T08:50:40Z,20,27,47
docker/cli,5266,2024-07-19T01:17:38Z,2024-07-19T08:46:07Z,9796,4654,14450
docker/cli,5265,2024-07-19T00:47:12Z,2024-07-19T10:55:55Z,3,3,6
docker/cli,5264,2024-07-19T00:45:07Z,2024-07-19T08:22:33Z,3,3,6
docker/cli,5263,2024-07-19T00:24:33Z,2024-07-19T11:25:58Z,11,5,16
docker/cli,5262,2024-07-19T00:23:00Z,2024-07-19T10:48:42Z,11,5,16
docker/cli,5261,2024-07-18T23:59:27Z,2024-07-19T10:05:33Z,203,45,248
docker/cli,5260,2024-07-18T23:48:46Z,2024-07-19T10:05:16Z,160,34,194
docker/cli,5259,2024-07-18T16:27:25Z,2024-07-22T16:59:14Z,23,29,52
docker/cli,5258,2024-07-18T16:20:31Z,2024-07-18T23:41:36Z,13,22,35
docker/cli,5255,2024-07-17T13:27:00Z,2024-07-17T13:59:18Z,7,7,14
docker/cli,5252,2024-07-16T20:51:19Z,2024-07-26T14:25:11Z,379,431,810
docker/cli,5251,2024-07-16T19:57:03Z,2024-07-16T22:20:13Z,513,217,730
docker/cli,5250,2024-07-12T13:06:32Z,2024-07-12T13:59:14Z,31,0,31
docker/cli,5249,2024-07-11T11:45:38Z,,2344,8,2352
docker/cli,5248,2024-07-11T10:06:22Z,2024-07-11T10:27:18Z,39,21,60
docker/cli,5247,2024-07-08T15:47:18Z,2024-07-12T12:44:11Z,31,0,31
docker/cli,5246,2024-07-08T13:01:02Z,2024-07-11T10:05:26Z,39,21,60
docker/cli,5245,2024-07-08T12:52:30Z,,11752,6,11758
docker/cli,5244,2024-07-08T12:43:15Z,,12464,61,12525
docker/cli,5240,2024-07-06T20:23:45Z,,2494,138,2632
docker/cli,5238,2024-07-05T14:44:04Z,2024-07-17T13:35:14Z,184,44,228
docker/cli,5237,2024-07-05T13:23:05Z,2024-07-05T17:55:31Z,719,732,1451
docker/cli,5236,2024-07-05T10:56:48Z,2024-07-22T15:56:16Z,70,48,118
docker/cli,5234,2024-07-04T23:09:36Z,2024-07-16T23:22:03Z,91,84,175
docker/cli,5233,2024-07-04T21:49:48Z,2024-07-17T12:00:52Z,2,6,8
docker/cli,5232,2024-07-04T19:20:58Z,2024-07-08T17:21:15Z,13,1,14
docker/cli,5231,2024-07-04T17:07:42Z,2024-07-05T08:50:46Z,10,4,14
docker/cli,5230,2024-07-04T13:47:12Z,2024-07-05T08:41:36Z,7,3,10
docker/cli,5229,2024-07-04T13:41:16Z,2024-07-05T09:47:30Z,82,70,152
docker/cli,5228,2024-07-04T07:42:28Z,2024-07-04T09:10:05Z,9281,4435,13716
docker/cli,5227,2024-07-04T07:20:23Z,2024-07-04T09:20:47Z,394,655,1049
docker/cli,5226,2024-07-03T23:57:49Z,2024-07-04T13:36:04Z,601,703,1304
docker/cli,5225,2024-07-03T23:40:23Z,2024-07-04T10:05:47Z,67,64,131
docker/cli,5224,2024-07-03T23:36:33Z,2024-07-04T10:14:00Z,677,373,1050
docker/cli,5223,2024-07-03T15:59:46Z,2024-07-04T10:15:23Z,6,0,6
docker/cli,5222,2024-07-03T15:11:23Z,2024-07-03T15:38:18Z,284,193,477
docker/cli,5221,2024-07-03T10:28:48Z,,11366,12,11378
docker/cli,5220,2024-07-03T10:17:40Z,2024-07-03T10:29:49Z,7,7,14
docker/cli,5219,2024-07-03T10:17:16Z,2024-07-03T10:29:38Z,7,7,14
docker/cli,5218,2024-07-03T09:01:03Z,2024-07-03T10:03:40Z,7,7,14
docker/cli,5216,2024-07-02T10:03:45Z,2024-07-04T00:09:34Z,2,6,8
docker/cli,5214,2024-07-01T11:49:25Z,,15,15,30
docker/cli,5213,2024-07-01T11:22:45Z,2024-07-01T15:20:24Z,15,11,26
docker/cli,5212,2024-07-01T11:21:40Z,2024-07-01T13:08:04Z,1,2,3
docker/cli,5208,2024-06-28T22:34:53Z,2024-07-03T10:22:57Z,26,33,59
docker/cli,5207,2024-06-28T22:21:26Z,2024-07-01T11:41:34Z,26,33,59
docker/cli,5206,2024-06-28T07:11:45Z,2024-06-28T14:56:30Z,4,4,8
docker/cli,5205,2024-06-28T07:11:16Z,2024-06-28T14:56:18Z,21,19,40
docker/cli,5203,2024-06-26T18:37:05Z,,21,19,40
docker/cli,5202,2024-06-26T18:35:28Z,2024-06-26T18:39:48Z,19,17,36
docker/cli,5201,2024-06-26T17:21:38Z,2024-06-26T17:58:04Z,6,6,12
docker/cli,5200,2024-06-26T13:37:45Z,,2,3,5
docker/cli,5199,2024-06-26T13:37:24Z,2024-06-26T13:45:12Z,2,3,5
docker/cli,5198,2024-06-26T13:08:03Z,2024-06-26T13:19:52Z,40,1,41
docker/cli,5197,2024-06-26T12:14:37Z,2024-06-26T13:04:51Z,21,1,22
docker/cli,5196,2024-06-26T11:24:12Z,2024-06-26T13:09:11Z,40,1,41
docker/cli,5195,2024-06-25T22:29:33Z,2024-06-26T11:42:05Z,21,1,22
docker/cli,5192,2024-06-25T12:45:33Z,2024-06-26T11:43:56Z,1,1,2
docker/cli,5191,2024-06-25T12:44:32Z,2024-06-26T13:36:10Z,2,3,5
docker/cli,5190,2024-06-25T10:13:44Z,2024-06-25T12:48:44Z,4,4,8
docker/cli,5189,2024-06-24T14:44:32Z,2024-06-25T12:44:52Z,1,1,2
docker/cli,5188,2024-06-24T12:51:48Z,2024-06-24T14:00:57Z,35,3,38
docker/cli,5187,2024-06-24T09:43:09Z,2024-06-24T12:02:47Z,29,2,31
docker/cli,5186,2024-06-21T12:54:24Z,2024-06-21T13:42:10Z,1,1,2
docker/cli,5185,2024-06-21T10:54:55Z,2024-06-21T13:20:51Z,10,3,13
docker/cli,5184,2024-06-21T10:30:19Z,2024-06-21T13:41:48Z,9,12,21
docker/cli,5183,2024-06-20T21:54:37Z,2024-06-21T11:44:37Z,4,4,8
docker/cli,5182,2024-06-20T15:07:19Z,,100,0,100
docker/cli,5181,2024-06-20T13:03:03Z,,21,21,42
docker/cli,5180,2024-06-20T12:08:25Z,2024-06-20T13:17:23Z,39,16,55
docker/cli,5179,2024-06-20T11:23:23Z,2024-06-20T11:51:31Z,30,0,30
docker/cli,5178,2024-06-19T22:49:44Z,2024-06-20T16:46:41Z,27,8,35
docker/cli,5177,2024-06-19T22:03:03Z,2024-06-20T09:30:05Z,34,2,36
docker/cli,5176,2024-06-18T21:17:31Z,,2,2,4
docker/cli,5175,2024-06-18T19:55:21Z,2024-06-20T09:29:39Z,129,97,226
docker/cli,5174,2024-06-18T19:48:57Z,2024-06-20T09:29:22Z,2,2,4
docker/cli,5173,2024-06-18T19:34:36Z,2024-06-20T09:29:05Z,2,2,4
docker/cli,5172,2024-06-18T14:47:19Z,2024-06-18T15:14:00Z,18,402,420
docker/cli,5171,2024-06-18T13:46:20Z,2024-06-20T15:49:07Z,24,0,24
docker/cli,5170,2024-06-18T13:35:29Z,2024-06-20T11:41:56Z,230,149,379
docker/cli,5169,2024-06-18T12:34:28Z,2024-06-18T13:04:39Z,212,163,375
docker/cli,5168,2024-06-18T12:26:58Z,2024-07-03T13:20:12Z,160,34,194
docker/cli,5167,2024-06-18T12:04:22Z,2024-06-18T12:59:38Z,4,4,8
docker/cli,5165,2024-06-18T11:33:49Z,2024-06-18T12:59:58Z,1,0,1
docker/cli,5164,2024-06-18T11:30:45Z,2024-06-18T11:59:34Z,1,1,2
docker/cli,5163,2024-06-18T10:18:45Z,2024-06-18T11:24:00Z,63,63,126
docker/cli,5162,2024-06-18T10:01:58Z,2024-06-18T10:15:24Z,3,0,3
docker/cli,5161,2024-06-18T08:07:29Z,2024-06-18T08:48:02Z,5,5,10
docker/cli,5160,2024-06-17T15:09:10Z,2024-06-17T15:42:00Z,208,86,294
docker/cli,5158,2024-06-17T08:19:03Z,2024-06-17T08:29:38Z,34,6,40
docker/cli,5157,2024-06-16T09:58:42Z,,27,4,31
docker/cli,5156,2024-06-15T19:05:30Z,,21,2,23
docker/cli,5155,2024-06-14T19:44:54Z,2024-06-14T20:36:49Z,4,4,8
docker/cli,5154,2024-06-13T21:54:05Z,2024-06-17T08:21:02Z,3,0,3
docker/cli,5153,2024-06-13T16:21:03Z,2024-06-13T21:41:10Z,248,26,274
docker/cli,5152,2024-06-12T21:48:33Z,2024-06-13T09:02:51Z,4,4,8
docker/cli,5151,2024-06-12T12:31:50Z,2024-06-12T12:52:01Z,4,4,8
docker/cli,5150,2024-06-12T11:44:06Z,2024-06-12T11:58:10Z,2,2,4
docker/cli,5149,2024-06-12T00:00:57Z,,102,100,202
docker/cli,5148,2024-06-11T23:24:34Z,2024-06-12T10:55:51Z,0,51,51
docker/cli,5147,2024-06-11T22:59:09Z,2024-06-12T07:48:00Z,89,215,304
docker/cli,5146,2024-06-11T20:32:28Z,2024-06-12T13:00:55Z,13,0,13
docker/cli,5145,2024-06-11T16:55:07Z,2024-07-19T17:09:28Z,17,0,17
docker/cli,5144,2024-06-11T16:36:13Z,2024-06-12T00:15:12Z,1,1,2
docker/cli,5143,2024-06-11T15:48:14Z,2024-06-12T00:24:48Z,25,24,49
docker/cli,5142,2024-06-11T15:10:12Z,2024-06-12T11:53:39Z,35,0,35
docker/cli,5141,2024-06-11T14:47:36Z,2024-06-11T20:01:50Z,58,57,115
docker/cli,5139,2024-06-11T10:58:00Z,2024-06-11T13:11:16Z,19,12,31
docker/cli,5137,2024-06-10T19:20:21Z,2024-06-11T08:43:41Z,142,160,302
docker/cli,5134,2024-06-09T11:58:07Z,2024-06-10T16:03:46Z,904,575,1479
docker/cli,5133,2024-06-08T21:21:55Z,2024-06-09T21:45:19Z,70,43,113
docker/cli,5131,2024-06-07T15:31:17Z,2024-06-07T23:21:13Z,3,0,3
docker/cli,5130,2024-06-07T14:11:49Z,2024-06-07T14:39:04Z,123,97,220
docker/cli,5128,2024-06-07T08:24:21Z,2024-06-07T09:40:45Z,55,0,55
docker/cli,5127,2024-06-07T04:24:54Z,,21,0,21
docker/cli,5126,2024-06-06T19:22:08Z,2024-06-07T08:09:03Z,15,9,24
docker/cli,5125,2024-06-06T18:44:44Z,2024-06-07T10:23:07Z,719,13,732
docker/cli,5123,2024-06-06T02:19:38Z,2024-06-06T17:29:57Z,2,2,4
docker/cli,5122,2024-06-05T14:29:28Z,2024-06-05T21:46:56Z,133,159,292
docker/cli,5121,2024-06-05T09:04:48Z,2024-06-05T09:56:13Z,4,4,8
docker/cli,5118,2024-06-04T21:46:26Z,2024-06-04T22:11:37Z,12,12,24
docker/cli,5117,2024-06-04T21:40:29Z,2024-06-04T22:11:23Z,7,7,14
docker/cli,5116,2024-06-04T20:32:48Z,2024-06-05T10:47:13Z,208,106,314
docker/cli,5115,2024-06-04T20:20:04Z,2024-06-04T20:38:33Z,9,9,18
docker/cli,5112,2024-06-04T10:07:30Z,,130,1,131
docker/cli,5111,2024-06-04T08:59:52Z,2024-06-04T11:42:03Z,35,24,59
docker/cli,5110,2024-06-04T07:55:54Z,2024-06-04T08:34:15Z,60,53,113
docker/cli,5109,2024-06-04T03:13:38Z,2024-06-04T08:33:42Z,8,8,16
docker/cli,5108,2024-06-03T15:47:16Z,2024-06-03T16:04:54Z,369,453,822
docker/cli,5107,2024-06-03T13:02:52Z,2024-06-03T14:48:35Z,3,3,6
docker/cli,5106,2024-06-03T12:58:21Z,2024-06-03T14:47:48Z,3,3,6
docker/cli,5105,2024-06-03T12:56:21Z,2024-06-03T14:47:35Z,3,3,6
docker/cli,5104,2024-06-03T12:07:14Z,2024-06-03T13:08:10Z,4,4,8
docker/cli,5103,2024-06-03T11:33:34Z,2024-06-03T14:55:36Z,374,16081,16455
docker/cli,5102,2024-06-03T11:29:53Z,2024-06-03T15:31:45Z,16,14,30
docker/cli,5101,2024-05-31T18:29:32Z,2024-06-01T11:32:03Z,3,4,7
docker/cli,5100,2024-05-31T15:30:37Z,2024-05-31T20:00:08Z,401,235,636
docker/cli,5099,2024-05-31T13:51:44Z,2024-05-31T14:09:30Z,374,16081,16455
docker/cli,5098,2024-05-31T12:26:13Z,2024-07-19T14:43:56Z,153,5,158
docker/cli,5097,2024-05-31T09:15:42Z,2024-05-31T10:24:31Z,102,36,138
docker/cli,5096,2024-05-30T13:54:22Z,2024-06-03T14:40:47Z,3,3,6
docker/cli,5095,2024-05-30T13:50:44Z,2024-05-31T20:01:29Z,148,36,184
docker/cli,5094,2024-05-30T12:37:55Z,2024-05-31T12:40:13Z,51,5,56
docker/cli,5092,2024-05-26T09:52:14Z,2024-05-27T12:37:39Z,369,453,822
docker/cli,5091,2024-05-26T09:45:30Z,2024-05-27T06:55:23Z,1,8,9
docker/cli,5090,2024-05-26T09:42:29Z,2024-05-27T15:52:03Z,5,5,10
docker/cli,5089,2024-05-26T09:27:51Z,2024-05-27T12:27:22Z,2,2,4
docker/cli,5086,2024-05-23T17:15:23Z,2024-05-27T12:26:42Z,4,4,8
docker/cli,5085,2024-05-22T08:55:56Z,2024-05-28T21:45:54Z,21,0,21
docker/cli,5084,2024-05-21T11:53:32Z,2024-05-21T14:26:12Z,5,5,10
docker/cli,5083,2024-05-20T15:59:07Z,2024-05-31T20:08:59Z,59,1,60
docker/cli,5082,2024-05-19T10:29:33Z,,25,11,36
docker/cli,5081,2024-05-18T12:56:01Z,,0,0,0
docker/cli,5080,2024-05-17T12:35:08Z,2024-05-20T09:57:27Z,37,23,60
docker/cli,5079,2024-05-17T09:41:46Z,2024-05-17T13:22:49Z,1,1,2
docker/cli,5078,2024-05-17T09:02:51Z,2024-05-20T15:57:52Z,59,1,60
docker/cli,5077,2024-05-16T15:49:52Z,2024-05-22T12:39:50Z,86,18,104
docker/cli,5076,2024-05-16T11:02:57Z,2024-05-16T11:57:35Z,4,4,8
docker/cli,5074,2024-05-15T12:50:53Z,2024-05-15T12:57:01Z,476,416,892
docker/cli,5073,2024-05-15T11:02:56Z,2024-05-16T07:47:24Z,4,4,8
docker/cli,5071,2024-05-15T01:01:26Z,2024-05-15T09:24:12Z,50,13,63
docker/cli,5070,2024-05-14T15:34:59Z,2024-05-14T15:52:23Z,44,23,67
docker/cli,5068,2024-05-13T17:01:58Z,2024-05-13T18:48:38Z,6,0,6
docker/cli,5067,2024-05-13T12:01:11Z,2024-05-14T15:28:55Z,44,23,67
docker/cli,5066,2024-05-08T09:05:55Z,2024-05-08T09:31:07Z,4,4,8
docker/cli,5065,2024-05-08T07:52:33Z,2024-05-08T09:30:55Z,7,7,14
docker/cli,5064,2024-05-08T07:51:42Z,2024-05-08T09:30:46Z,7,7,14
docker/cli,5062,2024-05-07T11:06:56Z,2024-05-07T11:35:09Z,23,1,24
docker/cli,5060,2024-05-05T22:21:34Z,2024-05-07T10:51:30Z,23,1,24
docker/cli,5059,2024-05-05T20:05:02Z,,6,1,7
docker/cli,5056,2024-05-04T05:32:34Z,,208,208,416
docker/cli,5055,2024-05-03T20:50:25Z,,11,0,11
docker/cli,5054,2024-05-03T16:34:16Z,2024-05-08T10:39:06Z,1,1,2
docker/cli,5052,2024-05-02T12:53:18Z,,17,5,22
docker/cli,5051,2024-05-02T02:24:59Z,2024-05-15T00:59:20Z,50,13,63
docker/cli,5049,2024-04-30T17:58:20Z,2024-05-01T07:35:47Z,11,11,22
docker/cli,5048,2024-04-30T13:23:21Z,,1767,0,1767
docker/cli,5047,2024-04-30T11:03:32Z,2024-04-30T11:40:04Z,1,2,3
docker/cli,5046,2024-04-30T10:11:46Z,,125,18,143
docker/cli,5045,2024-04-30T09:56:23Z,2024-04-30T11:12:54Z,4,4,8
docker/cli,5044,2024-04-29T15:00:37Z,2024-04-29T15:46:55Z,6,0,6
docker/cli,5043,2024-04-29T14:50:37Z,2024-04-29T15:32:06Z,6,0,6
docker/cli,5041,2024-04-29T07:23:30Z,,2,2,4
docker/cli,5040,2024-04-26T18:29:42Z,,268,268,536
docker/cli,5039,2024-04-26T11:23:06Z,2024-04-29T12:57:48Z,21,12,33
docker/cli,5038,2024-04-25T17:28:55Z,2024-04-29T12:23:32Z,1,2,3
docker/cli,5036,2024-04-23T21:38:55Z,,14,0,14
docker/cli,5035,2024-04-23T08:46:50Z,2024-04-23T14:32:47Z,4,4,8
docker/cli,5034,2024-04-22T16:54:22Z,2024-04-22T17:00:04Z,4,4,8
docker/cli,5033,2024-04-22T16:18:31Z,2024-04-22T16:49:19Z,21,15,36
docker/cli,5031,2024-04-19T13:04:53Z,2024-04-19T13:06:46Z,4,4,8
docker/cli,5030,2024-04-19T11:57:53Z,2024-04-22T15:22:08Z,137,31,168
docker/cli,5029,2024-04-19T04:26:31Z,2024-05-17T08:11:20Z,2,2,4
docker/cli,5028,2024-04-18T15:57:16Z,2024-04-18T16:05:06Z,4,4,8
docker/cli,5027,2024-04-17T16:13:17Z,2024-04-18T09:19:42Z,5,1,6
docker/cli,5026,2024-04-17T15:55:19Z,2024-05-02T08:28:47Z,90,0,90
docker/cli,5025,2024-04-17T14:36:08Z,2024-04-17T16:05:44Z,12,16,28
docker/cli,5024,2024-04-17T14:31:53Z,2024-04-18T00:05:52Z,1,4,5
docker/cli,5021,2024-04-15T22:06:52Z,2024-05-17T13:06:45Z,15,13,28
docker/cli,5019,2024-04-15T10:51:55Z,2024-04-15T12:55:33Z,18,13,31
docker/cli,5018,2024-04-15T09:56:48Z,2024-05-16T13:02:40Z,0,2,2
docker/cli,5010,2024-04-12T09:56:17Z,2024-07-05T13:19:26Z,719,732,1451
docker/cli,5008,2024-04-11T10:22:51Z,,1,2,3
docker/cli,5007,2024-04-11T09:55:56Z,2024-04-11T10:45:30Z,4,4,8
docker/cli,5006,2024-04-11T09:36:17Z,2024-04-11T10:01:10Z,7,1,8
docker/cli,5005,2024-04-10T16:50:47Z,2024-04-11T09:35:27Z,7,1,8
docker/cli,5004,2024-04-10T15:07:58Z,,2,5,7
docker/cli,5003,2024-04-10T13:41:44Z,2024-04-10T15:37:31Z,36,12,48
docker/cli,5002,2024-04-10T12:29:18Z,2024-07-04T07:06:57Z,394,655,1049
docker/cli,4999,2024-04-10T07:43:14Z,2024-04-10T09:41:52Z,1040,168,1208
docker/cli,4998,2024-04-09T12:55:31Z,2024-04-09T14:24:15Z,1040,168,1208
docker/cli,4997,2024-04-09T10:59:51Z,2024-05-13T16:54:43Z,6,0,6
docker/cli,4996,2024-04-08T12:43:39Z,2024-05-21T12:25:30Z,12,2,14
docker/cli,4995,2024-04-08T11:17:24Z,,0,0,0
docker/cli,4994,2024-04-08T08:37:46Z,2024-05-29T09:03:28Z,124,27,151
docker/cli,4993,2024-04-08T08:16:46Z,2024-06-10T11:44:24Z,160,49,209
docker/cli,4989,2024-04-05T14:00:04Z,2024-04-12T12:53:35Z,1,0,1
docker/cli,4988,2024-04-05T10:45:51Z,2024-04-05T14:48:30Z,7,7,14
docker/cli,4987,2024-04-05T10:44:29Z,2024-04-05T14:48:43Z,7,7,14
docker/cli,4986,2024-04-05T10:42:52Z,2024-04-05T14:35:47Z,7,7,14
docker/cli,4985,2024-04-04T18:16:38Z,2024-04-05T09:21:52Z,4,5,9
docker/cli,4984,2024-04-04T15:16:39Z,2024-06-11T15:23:28Z,201,33,234
docker/cli,4983,2024-04-04T15:02:55Z,,1741,3,1744
docker/cli,4982,2024-04-04T14:29:36Z,2024-08-16T13:27:15Z,398,0,398
docker/cli,4981,2024-04-04T13:32:11Z,2024-04-19T17:24:56Z,67,1,68
docker/cli,4978,2024-04-02T10:18:11Z,2024-04-04T12:09:48Z,119,14,133
docker/cli,4975,2024-04-01T14:53:47Z,2024-04-04T02:56:41Z,18,1,19
docker/cli,4973,2024-03-28T19:00:49Z,2024-04-01T15:08:16Z,3,0,3
docker/cli,4972,2024-03-28T08:39:50Z,2024-03-28T20:25:54Z,1,1,2
docker/cli,4967,2024-03-26T16:58:42Z,2024-04-19T11:42:15Z,9,0,9
docker/cli,4966,2024-03-26T12:42:23Z,2025-05-22T06:38:06Z,14,3,17
docker/cli,4965,2024-03-25T12:16:16Z,,77,0,77
docker/cli,4963,2024-03-22T14:59:59Z,2024-03-22T16:19:25Z,16,34,50
docker/cli,4962,2024-03-22T10:44:42Z,2024-03-22T16:14:55Z,4,4,8
docker/cli,4961,2024-03-22T10:43:18Z,2024-03-22T16:15:02Z,4,4,8
docker/cli,4960,2024-03-22T04:42:14Z,2024-03-22T14:54:26Z,41,22,63
docker/cli,4957,2024-03-21T09:55:48Z,2024-03-26T13:03:02Z,35,104,139
docker/cli,4956,2024-03-20T13:53:28Z,2024-03-20T15:08:50Z,4,4,8
docker/cli,4951,2024-03-19T14:45:06Z,2024-03-19T14:51:11Z,4,4,8
docker/cli,4950,2024-03-19T12:55:47Z,2024-03-19T13:40:12Z,4,4,8
docker/cli,4949,2024-03-18T09:48:34Z,2024-03-20T15:05:02Z,2,2,4
docker/cli,4947,2024-03-17T13:16:03Z,2024-03-18T11:07:08Z,12,0,12
docker/cli,4946,2024-03-17T12:49:14Z,2024-03-18T11:24:27Z,2,4,6
docker/cli,4945,2024-03-16T15:45:17Z,2024-03-18T11:29:42Z,1,1,2
docker/cli,4944,2024-03-16T15:36:22Z,2024-03-19T10:00:32Z,3826,1140,4966
docker/cli,4943,2024-03-15T16:00:16Z,2024-03-16T14:30:43Z,10,6,16
docker/cli,4940,2024-03-13T14:40:04Z,2024-03-28T17:21:00Z,278,6,284
docker/cli,4939,2024-03-12T11:51:55Z,2024-04-02T17:09:12Z,425,165,590
docker/cli,4938,2024-03-11T16:32:11Z,2024-03-14T11:20:17Z,27,7,34
docker/cli,4937,2024-03-11T13:25:07Z,2024-03-12T15:19:19Z,1,1,2
docker/cli,4936,2024-03-11T11:32:19Z,2024-03-11T13:21:19Z,38,5,43
docker/cli,4934,2024-03-11T10:36:07Z,2024-03-11T11:59:47Z,6,9,15
docker/cli,4933,2024-03-11T06:03:34Z,2024-03-25T11:04:11Z,1,1,2
docker/cli,4931,2024-03-08T17:18:01Z,2024-03-11T11:41:29Z,8,1,9
docker/cli,4930,2024-03-08T16:10:53Z,2024-03-11T11:39:14Z,4,4,8
docker/cli,4929,2024-03-08T15:19:57Z,2024-03-20T15:10:03Z,42,12,54
docker/cli,4928,2024-03-08T13:52:32Z,2024-03-14T11:29:42Z,28,0,28
docker/cli,4926,2024-03-07T17:59:41Z,2024-03-07T18:35:09Z,103,62,165
docker/cli,4925,2024-03-07T16:01:28Z,,280,98,378
docker/cli,4924,2024-03-06T15:48:43Z,2024-03-06T16:08:42Z,2,1,3
docker/cli,4923,2024-03-06T15:46:51Z,2024-03-06T16:08:20Z,2,1,3
docker/cli,4921,2024-03-06T11:19:30Z,2024-03-06T14:33:35Z,4,4,8
docker/cli,4920,2024-03-05T21:17:14Z,2024-03-05T21:25:25Z,4,4,8
docker/cli,4919,2024-03-05T21:09:45Z,2024-03-05T21:24:46Z,7,7,14
docker/cli,4918,2024-03-05T21:09:07Z,2024-03-05T21:24:30Z,7,7,14
docker/cli,4916,2024-03-05T14:08:35Z,2024-03-14T12:20:39Z,21,6,27
docker/cli,4915,2024-03-04T11:34:44Z,2024-03-05T12:01:56Z,61,26,87
docker/cli,4914,2024-03-04T11:32:42Z,2024-03-04T11:50:24Z,1,1,2
docker/cli,4913,2024-03-04T11:24:00Z,2024-03-04T11:49:50Z,14,7,21
docker/cli,4912,2024-03-04T11:16:03Z,2024-03-04T11:20:29Z,7,7,14
docker/cli,4911,2024-03-04T11:13:31Z,2024-03-04T11:19:52Z,1,0,1
docker/cli,4910,2024-03-04T11:02:15Z,2024-03-04T11:19:05Z,53,12,65
docker/cli,4909,2024-03-04T10:36:31Z,2024-03-04T10:55:42Z,22,2,24
docker/cli,4908,2024-03-04T10:32:22Z,2024-03-05T16:13:10Z,105,48,153
docker/cli,4906,2024-03-01T15:27:32Z,2024-03-01T17:33:58Z,19,11,30
docker/cli,4905,2024-02-29T21:36:23Z,2024-03-22T03:52:30Z,244,139,383
docker/cli,4904,2024-02-29T13:33:49Z,,19,8,27
docker/cli,4903,2024-02-29T12:18:20Z,2025-03-21T17:49:27Z,11183,149,11332
docker/cli,4901,2024-02-29T10:00:21Z,2024-02-29T13:53:02Z,3,3,6
docker/cli,4897,2024-02-26T16:55:48Z,2024-02-26T18:24:28Z,3452,1441,4893
docker/cli,4896,2024-02-26T14:33:35Z,2024-02-29T14:32:20Z,3,3,6
docker/cli,4894,2024-02-22T17:11:54Z,2024-02-22T22:20:49Z,3,0,3
docker/cli,4893,2024-02-22T16:01:47Z,2024-03-18T11:14:11Z,14,0,14
docker/cli,4892,2024-02-22T11:16:53Z,,13,0,13
docker/cli,4891,2024-02-21T20:30:48Z,2024-03-21T15:05:28Z,301,0,301
docker/cli,4889,2024-02-21T15:50:55Z,2024-03-25T16:47:06Z,42128,1505,43633
docker/cli,4888,2024-02-21T15:47:33Z,2024-03-04T14:56:38Z,735,59,794
docker/cli,4887,2024-02-21T11:29:50Z,2024-02-28T17:00:18Z,3,3,6
docker/cli,4886,2024-02-21T11:09:28Z,,223,1,224
docker/cli,4885,2024-02-21T10:35:30Z,2024-02-21T10:58:13Z,40,40,80
docker/cli,4884,2024-02-21T08:52:59Z,2024-02-21T10:33:23Z,40,40,80
docker/cli,4883,2024-02-21T08:23:52Z,2024-02-21T08:32:16Z,91,92,183
docker/cli,4881,2024-02-19T13:15:06Z,2024-02-19T14:18:52Z,7,7,14
docker/cli,4879,2024-02-16T10:21:15Z,2024-02-16T17:27:24Z,1,1,2
docker/cli,4878,2024-02-15T10:12:39Z,,61,59,120
docker/cli,4876,2024-02-14T05:25:39Z,2024-02-19T10:50:49Z,1,0,1
docker/cli,4875,2024-02-13T21:53:55Z,2024-02-28T21:02:22Z,68,10,78
docker/cli,4873,2024-02-12T15:30:42Z,2024-02-13T12:50:35Z,11,0,11
docker/cli,4872,2024-02-12T12:31:25Z,2024-02-14T09:33:46Z,11,3,14
docker/cli,4869,2024-02-10T13:01:36Z,2024-02-12T06:46:14Z,12,26,38
docker/cli,4868,2024-02-10T12:56:37Z,2024-02-12T08:36:04Z,212,6,218
docker/cli,4867,2024-02-09T13:58:40Z,2024-02-12T13:40:22Z,14,7,21
docker/cli,4866,2024-02-09T12:44:16Z,2024-02-21T08:18:53Z,91,92,183
docker/cli,4863,2024-02-08T17:06:48Z,,26093,7854,33947
docker/cli,4862,2024-02-08T14:25:22Z,2024-02-12T12:53:34Z,22,2,24
docker/cli,4860,2024-02-07T16:57:34Z,2024-02-08T16:08:47Z,53,12,65
docker/cli,4858,2024-02-07T01:21:43Z,2024-02-07T09:47:40Z,52,27,79
docker/cli,4857,2024-02-06T20:36:01Z,2024-02-06T20:42:40Z,3,3,6
docker/cli,4856,2024-02-06T20:33:36Z,2024-02-06T20:42:20Z,494,1,495
docker/cli,4855,2024-02-06T17:22:04Z,,78,33,111
docker/cli,4854,2024-02-06T10:48:52Z,2024-02-06T18:45:51Z,18,8,26
docker/cli,4853,2024-02-05T14:38:23Z,,1,1,2
docker/cli,4849,2024-02-03T17:11:22Z,2024-02-05T15:25:52Z,73,13,86
docker/cli,4848,2024-02-03T10:56:43Z,2024-02-07T09:47:03Z,4,4,8
docker/cli,4845,2024-02-02T13:18:28Z,,72,0,72
docker/cli,4843,2024-02-01T08:57:33Z,2024-02-01T14:47:14Z,3,3,6
docker/cli,4841,2024-02-01T03:14:52Z,2024-02-01T15:32:18Z,28,12,40
docker/cli,4840,2024-01-31T20:32:13Z,2024-01-31T20:53:14Z,4,4,8
docker/cli,4839,2024-01-31T18:36:30Z,2024-02-15T13:09:43Z,50,26,76
docker/cli,4838,2024-01-31T14:50:08Z,2024-01-31T20:07:26Z,52,27,79
docker/cli,4837,2024-01-31T12:09:45Z,2024-02-01T03:15:42Z,1,0,1
docker/cli,4836,2024-01-30T16:30:12Z,2024-01-30T16:46:04Z,0,19,19
docker/cli,4835,2024-01-30T14:50:05Z,2024-02-07T09:47:21Z,67,47,114
docker/cli,4834,2024-01-29T10:17:40Z,2024-01-29T11:26:09Z,10,10,20
docker/cli,4832,2024-01-26T12:47:08Z,2024-01-26T15:45:59Z,11,12,23
docker/cli,4831,2024-01-26T10:07:38Z,2024-01-26T15:19:38Z,1,1,2
docker/cli,4829,2024-01-25T13:36:20Z,2024-01-25T14:19:29Z,180,0,180
docker/cli,4828,2024-01-25T13:03:19Z,2024-01-29T13:46:25Z,494,1,495
docker/cli,4827,2024-01-25T09:53:38Z,2024-01-25T10:40:57Z,8,8,16
docker/cli,4826,2024-01-24T15:10:44Z,2024-01-24T15:52:20Z,7,7,14
docker/cli,4825,2024-01-24T15:10:38Z,2024-01-25T10:40:42Z,39,47,86
docker/cli,4824,2024-01-24T14:47:33Z,2024-01-24T15:52:01Z,9,3,12
docker/cli,4823,2024-01-24T14:47:25Z,2024-01-24T15:52:38Z,9,3,12
docker/cli,4822,2024-01-24T14:16:38Z,,3,5,8
docker/cli,4821,2024-01-24T13:32:58Z,2024-01-24T14:06:06Z,167,310,477
docker/cli,4820,2024-01-23T19:22:29Z,2024-01-24T13:57:12Z,28,12,40
docker/cli,4819,2024-01-23T15:06:04Z,2024-01-23T15:11:10Z,5,1,6
docker/cli,4818,2024-01-23T13:13:05Z,2024-01-23T14:55:03Z,5,1,6
docker/cli,4815,2024-01-23T09:35:04Z,2024-01-23T10:04:43Z,1,1,2
docker/cli,4814,2024-01-23T09:33:36Z,2024-01-23T10:04:32Z,1,1,2
docker/cli,4811,2024-01-20T20:50:12Z,2024-01-23T17:22:04Z,0,7,7
docker/cli,4810,2024-01-20T20:41:44Z,2024-01-23T17:22:28Z,3,11,14
docker/cli,4809,2024-01-20T20:25:04Z,2024-01-24T11:36:19Z,4,35,39
docker/cli,4808,2024-01-20T19:47:27Z,2024-01-23T17:22:58Z,0,63,63
docker/cli,4806,2024-01-20T13:05:40Z,2024-01-22T13:10:02Z,1,0,1
docker/cli,4805,2024-01-20T01:12:21Z,2024-01-20T12:44:45Z,1,0,1
docker/cli,4804,2024-01-19T14:11:22Z,2024-01-19T14:18:55Z,106,126,232
docker/cli,4803,2024-01-19T14:08:31Z,2024-01-19T14:31:35Z,4,4,8
docker/cli,4802,2024-01-19T14:05:29Z,2024-01-19T14:31:23Z,4,4,8
docker/cli,4801,2024-01-19T13:58:51Z,2024-01-19T14:05:59Z,97,27,124
docker/cli,4800,2024-01-19T13:07:55Z,2024-01-19T14:06:33Z,106,126,232
docker/cli,4799,2024-01-18T12:26:00Z,2024-01-19T13:15:01Z,97,27,124
docker/cli,4798,2024-01-18T06:17:23Z,,9,0,9
docker/cli,4797,2024-01-16T19:20:18Z,2024-01-16T19:34:03Z,11,0,11
docker/cli,4796,2024-01-16T15:33:19Z,2024-01-16T18:42:14Z,54,0,54
docker/cli,4795,2024-01-16T12:07:51Z,2024-01-18T09:33:39Z,4,4,8
docker/cli,4794,2024-01-15T14:24:26Z,2024-01-15T14:31:39Z,1,1,2
docker/cli,4793,2024-01-15T14:04:01Z,,10,10,20
docker/cli,4792,2024-01-15T13:24:52Z,2024-01-16T17:28:38Z,14,33,47
docker/cli,4791,2024-01-15T11:04:04Z,2024-01-15T12:11:14Z,74,0,74
docker/cli,4790,2024-01-15T11:02:53Z,2024-01-15T11:40:06Z,89,34,123
docker/cli,4785,2024-01-12T21:43:11Z,2024-01-12T21:46:31Z,1,71,72
docker/cli,4784,2024-01-12T18:31:59Z,2024-01-12T20:14:36Z,4,4,8
docker/cli,4783,2024-01-12T16:26:04Z,2024-01-12T20:40:07Z,119,62,181
docker/cli,4782,2024-01-12T13:41:32Z,2024-01-12T14:29:34Z,1,1,2
docker/cli,4781,2024-01-12T13:23:49Z,2024-01-12T17:32:48Z,2,2,4
docker/cli,4778,2024-01-11T21:32:27Z,2024-01-11T21:50:48Z,13,6,19
docker/cli,4777,2024-01-11T21:30:43Z,2024-01-11T21:50:31Z,8,7,15
docker/cli,4776,2024-01-11T21:27:59Z,2024-01-11T21:50:12Z,4,4,8
docker/cli,4775,2024-01-11T21:22:24Z,2024-01-11T21:49:49Z,25,25,50
docker/cli,4774,2024-01-11T21:09:15Z,2024-04-25T14:37:15Z,34,12,46
docker/cli,4773,2024-01-11T12:58:47Z,2024-01-11T14:31:57Z,6,3,9
docker/cli,4772,2024-01-10T21:36:16Z,2024-01-10T22:00:54Z,16,20,36
docker/cli,4771,2024-01-10T17:46:37Z,2024-01-15T10:03:41Z,10,4,14
docker/cli,4769,2024-01-10T13:51:44Z,2024-01-12T21:06:23Z,25,1,26
docker/cli,4768,2024-01-10T13:22:23Z,2024-01-10T14:10:39Z,5,5,10
docker/cli,4767,2024-01-10T09:39:44Z,2024-01-17T13:28:58Z,266,340,606
docker/cli,4766,2024-01-10T08:44:37Z,2024-01-10T16:59:42Z,7,7,14
docker/cli,4765,2024-01-09T14:43:17Z,,41,32,73
docker/cli,4764,2024-01-09T05:13:55Z,,4,0,4
docker/cli,4760,2024-01-08T13:17:14Z,2024-01-08T15:59:17Z,2,2,4
docker/cli,4759,2024-01-08T12:38:07Z,,39,1,40
docker/cli,4758,2024-01-08T10:04:51Z,2024-01-08T11:39:50Z,2251,1411,3662
tektoncd/pipeline,9305,2026-01-26T15:21:14Z,,4,4,8
tektoncd/pipeline,9304,2026-01-26T14:55:39Z,,412,35,447
tektoncd/pipeline,9303,2026-01-26T14:55:15Z,,412,35,447
tektoncd/pipeline,9302,2026-01-26T14:55:14Z,,412,35,447
tektoncd/pipeline,9299,2026-01-19T20:00:06Z,2026-01-19T22:31:06Z,3,3,6
tektoncd/pipeline,9298,2026-01-19T20:00:02Z,2026-01-19T22:29:07Z,3,3,6
tektoncd/pipeline,9297,2026-01-19T19:59:52Z,2026-01-19T22:27:06Z,10,10,20
tektoncd/pipeline,9296,2026-01-19T19:59:38Z,2026-01-19T22:25:07Z,1,1,2
tektoncd/pipeline,9295,2026-01-18T03:45:48Z,2026-01-21T21:17:08Z,15,3,18
tektoncd/pipeline,9294,2026-01-14T18:23:26Z,,14337,2915,17252
tektoncd/pipeline,9293,2026-01-13T18:23:22Z,2026-01-14T11:03:04Z,6,6,12
tektoncd/pipeline,9291,2026-01-12T22:33:54Z,2026-01-13T08:21:04Z,3,3,6
tektoncd/pipeline,9290,2026-01-12T22:33:42Z,2026-01-13T08:19:04Z,3,3,6
tektoncd/pipeline,9289,2026-01-12T22:33:29Z,,3,3,6
tektoncd/pipeline,9288,2026-01-12T22:32:27Z,2026-01-13T08:17:04Z,91,63,154
tektoncd/pipeline,9286,2026-01-08T18:31:38Z,2026-01-12T09:13:04Z,8,8,16
tektoncd/pipeline,9282,2026-01-07T01:09:24Z,,35,82,117
tektoncd/pipeline,9281,2026-01-05T18:19:17Z,2026-01-07T09:11:02Z,3,3,6
tektoncd/pipeline,9280,2026-01-05T15:18:48Z,,405,194,599
tektoncd/pipeline,9279,2026-01-02T00:09:56Z,,281,0,281
tektoncd/pipeline,9278,2026-01-01T21:17:19Z,,57,12,69
tektoncd/pipeline,9277,2026-01-01T19:15:54Z,,1,1,2
tektoncd/pipeline,9271,2025-12-31T11:08:32Z,2026-01-08T16:07:03Z,687,74,761
tektoncd/pipeline,9269,2025-12-30T18:05:59Z,,21361,0,21361
tektoncd/pipeline,9268,2025-12-29T18:07:08Z,2026-01-05T14:17:01Z,5,5,10
tektoncd/pipeline,9267,2025-12-29T17:53:14Z,,27,27,54
tektoncd/pipeline,9266,2025-12-23T12:10:54Z,2025-12-23T15:46:55Z,4,1,5
tektoncd/pipeline,9264,2025-12-22T18:07:13Z,2025-12-23T09:30:57Z,1,1,2
tektoncd/pipeline,9263,2025-12-22T18:05:24Z,2026-01-08T16:31:02Z,1,1,2
tektoncd/pipeline,9262,2025-12-22T18:05:11Z,,4393,1062,5455
tektoncd/pipeline,9261,2025-12-22T18:05:01Z,2026-01-08T16:39:02Z,1262,2005,3267
tektoncd/pipeline,9260,2025-12-19T20:59:48Z,,54,0,54
tektoncd/pipeline,9259,2025-12-19T18:26:34Z,2025-12-22T14:16:54Z,651,438,1089
tektoncd/pipeline,9258,2025-12-19T18:26:25Z,2025-12-22T14:54:55Z,4,4,8
tektoncd/pipeline,9257,2025-12-19T15:45:48Z,2025-12-19T21:28:53Z,54,0,54
tektoncd/pipeline,9256,2025-12-18T18:04:20Z,2025-12-19T16:30:54Z,11,9,20
tektoncd/pipeline,9255,2025-12-18T18:04:10Z,,4169,1523,5692
tektoncd/pipeline,9254,2025-12-18T18:03:59Z,2025-12-19T16:20:54Z,162,84,246
tektoncd/pipeline,9253,2025-12-18T16:06:12Z,2026-01-07T09:05:02Z,340,5,345
tektoncd/pipeline,9252,2025-12-18T15:11:52Z,2025-12-19T11:54:54Z,875,1483,2358
tektoncd/pipeline,9251,2025-12-18T15:00:40Z,2025-12-19T14:22:54Z,46,46,92
tektoncd/pipeline,9250,2025-12-18T14:59:34Z,2025-12-19T19:54:54Z,101,81,182
tektoncd/pipeline,9249,2025-12-18T11:04:34Z,,38,0,38
tektoncd/pipeline,9248,2025-12-18T09:12:26Z,2025-12-19T11:50:54Z,2,2,4
tektoncd/pipeline,9247,2025-12-18T08:45:20Z,2025-12-22T14:56:55Z,3,3,6
tektoncd/pipeline,9246,2025-12-18T08:44:44Z,2025-12-19T16:24:54Z,2,2,4
tektoncd/pipeline,9245,2025-12-17T18:07:00Z,2025-12-18T10:36:55Z,1199,247,1446
tektoncd/pipeline,9244,2025-12-17T18:04:27Z,2025-12-18T09:18:56Z,4,4,8
tektoncd/pipeline,9242,2025-12-17T09:28:19Z,2025-12-17T11:20:53Z,10,3,13
tektoncd/pipeline,9241,2025-12-17T08:31:51Z,2025-12-17T11:54:55Z,10,3,13
tektoncd/pipeline,9240,2025-12-16T17:38:11Z,2025-12-17T15:36:53Z,11,3,14
tektoncd/pipeline,9239,2025-12-16T07:42:14Z,2025-12-16T16:54:53Z,3,2,5
tektoncd/pipeline,9238,2025-12-16T05:50:23Z,2025-12-16T13:48:53Z,19,4,23
tektoncd/pipeline,9237,2025-12-15T22:14:09Z,2025-12-16T08:31:07Z,0,8,8
tektoncd/pipeline,9236,2025-12-15T18:15:08Z,2025-12-15T20:50:53Z,5,5,10
tektoncd/pipeline,9235,2025-12-15T18:09:38Z,2025-12-16T09:10:54Z,5,5,10
tektoncd/pipeline,9234,2025-12-15T18:09:28Z,2025-12-15T20:08:53Z,3,3,6
tektoncd/pipeline,9233,2025-12-15T18:09:09Z,2025-12-15T20:06:55Z,1,1,2
tektoncd/pipeline,9232,2025-12-15T18:09:06Z,2025-12-22T15:06:56Z,1,1,2
tektoncd/pipeline,9231,2025-12-15T18:08:52Z,2025-12-16T09:08:53Z,4,4,8
tektoncd/pipeline,9230,2025-12-15T14:37:46Z,2025-12-16T09:34:53Z,1,0,1
tektoncd/pipeline,9229,2025-12-13T10:12:59Z,2025-12-18T23:12:54Z,1,1,2
tektoncd/pipeline,9227,2025-12-11T19:30:02Z,2025-12-18T23:04:53Z,188,6,194
tektoncd/pipeline,9226,2025-12-11T08:33:19Z,2025-12-11T11:02:53Z,12,12,24
tektoncd/pipeline,9225,2025-12-10T09:01:59Z,2025-12-10T09:44:49Z,5,0,5
tektoncd/pipeline,9224,2025-12-09T14:09:59Z,2025-12-19T12:06:55Z,897,5,902
tektoncd/pipeline,9222,2025-12-09T10:50:27Z,2025-12-09T13:00:50Z,4,232,236
tektoncd/pipeline,9221,2025-12-09T10:37:17Z,2025-12-10T09:30:50Z,2,1,3
tektoncd/pipeline,9220,2025-12-08T18:11:08Z,2025-12-08T20:50:49Z,5,5,10
tektoncd/pipeline,9219,2025-12-08T18:08:15Z,2025-12-11T15:28:51Z,15,15,30
tektoncd/pipeline,9218,2025-12-08T18:08:02Z,2025-12-09T09:40:50Z,1,1,2
tektoncd/pipeline,9217,2025-12-08T18:07:58Z,2025-12-09T11:44:49Z,1,1,2
tektoncd/pipeline,9216,2025-12-08T18:07:54Z,2025-12-08T20:48:49Z,5,5,10
tektoncd/pipeline,9215,2025-12-08T18:07:47Z,2025-12-09T09:42:49Z,3,3,6
tektoncd/pipeline,9214,2025-12-04T10:40:32Z,2025-12-04T15:02:04Z,17,3,20
tektoncd/pipeline,9213,2025-12-04T08:37:36Z,,54,0,54
tektoncd/pipeline,9212,2025-12-04T08:37:35Z,2025-12-04T10:38:47Z,54,0,54
tektoncd/pipeline,9211,2025-12-04T08:37:33Z,,54,0,54
tektoncd/pipeline,9210,2025-12-03T20:34:34Z,2025-12-04T10:44:38Z,24,71,95
tektoncd/pipeline,9209,2025-12-03T18:07:31Z,,232,259,491
tektoncd/pipeline,9208,2025-12-03T14:42:04Z,2025-12-17T18:24:03Z,0,2,2
tektoncd/pipeline,9207,2025-12-03T13:21:34Z,,25,7,32
tektoncd/pipeline,9206,2025-12-03T13:11:35Z,,25,7,32
tektoncd/pipeline,9205,2025-12-03T11:29:18Z,2025-12-03T11:51:35Z,12,0,12
tektoncd/pipeline,9203,2025-12-03T10:51:54Z,2025-12-03T13:52:21Z,2,2,4
tektoncd/pipeline,9202,2025-12-03T10:23:47Z,2025-12-23T08:54:55Z,412,35,447
tektoncd/pipeline,9200,2025-12-03T10:17:22Z,2025-12-05T07:58:48Z,1,1,2
tektoncd/pipeline,9199,2025-12-03T06:49:51Z,,3,3,6
tektoncd/pipeline,9198,2025-12-02T20:30:24Z,2025-12-03T11:16:47Z,1,0,1
tektoncd/pipeline,9197,2025-12-02T13:42:02Z,2025-12-22T16:28:55Z,259,69,328
tektoncd/pipeline,9196,2025-12-01T21:07:16Z,2025-12-03T08:34:47Z,1,1,2
tektoncd/pipeline,9195,2025-12-01T21:06:52Z,2025-12-05T08:34:48Z,3,3,6
tektoncd/pipeline,9194,2025-12-01T21:06:45Z,2025-12-05T08:30:48Z,3,3,6
tektoncd/pipeline,9193,2025-12-01T20:37:34Z,,1,1,2
tektoncd/pipeline,9192,2025-12-01T14:18:24Z,2025-12-09T13:02:49Z,7,65,72
tektoncd/pipeline,9190,2025-12-01T10:00:01Z,,80,0,80
tektoncd/pipeline,9189,2025-12-01T09:18:33Z,2025-12-03T10:07:25Z,112,57,169
tektoncd/pipeline,9188,2025-11-28T13:07:40Z,,1051,83,1134
tektoncd/pipeline,9187,2025-11-28T11:31:51Z,2025-12-02T15:52:47Z,3,5,8
tektoncd/pipeline,9186,2025-11-28T11:19:17Z,,144,28,172
tektoncd/pipeline,9185,2025-11-28T10:16:59Z,2025-12-01T11:08:46Z,2,2,4
tektoncd/pipeline,9184,2025-11-27T18:45:09Z,2025-11-28T10:58:45Z,159,0,159
tektoncd/pipeline,9183,2025-11-26T14:49:04Z,2025-12-17T12:50:53Z,3490,1325,4815
tektoncd/pipeline,9182,2025-11-26T14:36:23Z,2025-11-28T11:34:44Z,3,3,6
tektoncd/pipeline,9181,2025-11-26T14:35:14Z,2025-11-26T15:50:44Z,3010,6336,9346
tektoncd/pipeline,9180,2025-11-26T11:59:45Z,2025-11-28T10:22:44Z,15,15,30
tektoncd/pipeline,9179,2025-11-26T11:59:34Z,2025-11-28T11:38:45Z,1,1,2
tektoncd/pipeline,9178,2025-11-26T11:59:29Z,,1,1,2
tektoncd/pipeline,9177,2025-11-26T11:58:05Z,2025-12-18T09:16:54Z,7334,2239,9573
tektoncd/pipeline,9176,2025-11-26T11:00:02Z,,2,2,4
tektoncd/pipeline,9175,2025-11-26T10:00:50Z,,1,1,2
tektoncd/pipeline,9173,2025-11-25T09:09:20Z,2025-11-26T11:56:44Z,13,0,13
tektoncd/pipeline,9172,2025-11-25T09:05:08Z,2025-11-27T09:40:44Z,272,3,275
tektoncd/pipeline,9171,2025-11-25T06:54:30Z,2026-01-07T09:13:03Z,316,6,322
tektoncd/pipeline,9170,2025-11-24T19:08:50Z,2025-11-28T13:54:44Z,5,5,10
tektoncd/pipeline,9169,2025-11-24T18:36:10Z,2025-11-27T19:26:44Z,1,1,2
tektoncd/pipeline,9168,2025-11-24T18:36:06Z,2025-11-25T21:40:44Z,10,10,20
tektoncd/pipeline,9167,2025-11-24T18:35:59Z,2025-11-25T08:50:43Z,1,1,2
tektoncd/pipeline,9166,2025-11-24T18:35:46Z,2025-11-25T21:38:44Z,3,3,6
tektoncd/pipeline,9165,2025-11-24T18:35:39Z,2025-11-27T19:24:45Z,3,3,6
tektoncd/pipeline,9164,2025-11-24T15:25:03Z,,103,34,137
tektoncd/pipeline,9161,2025-11-21T22:49:25Z,2025-11-26T11:38:44Z,1,1,2
tektoncd/pipeline,9160,2025-11-20T23:07:03Z,2025-11-21T08:54:42Z,1,1,2
tektoncd/pipeline,9158,2025-11-20T13:14:06Z,2025-12-01T10:14:46Z,43,43,86
tektoncd/pipeline,9157,2025-11-20T12:22:31Z,2025-11-20T14:12:42Z,1,1,2
tektoncd/pipeline,9145,2025-11-18T08:25:08Z,,103,2,105
tektoncd/pipeline,9143,2025-11-17T19:48:11Z,,86,1,87
tektoncd/pipeline,9142,2025-11-15T14:12:20Z,2025-11-17T12:22:33Z,49,75,124
tektoncd/pipeline,9141,2025-11-13T11:02:07Z,,3,3,6
tektoncd/pipeline,9139,2025-11-12T09:56:27Z,2025-11-13T11:38:31Z,1,1,2
tektoncd/pipeline,9137,2025-11-12T03:40:59Z,2025-11-26T13:02:44Z,4,2,6
tektoncd/pipeline,9135,2025-11-11T07:14:34Z,2025-12-03T09:02:47Z,54,0,54
tektoncd/pipeline,9134,2025-11-10T19:09:30Z,2025-11-18T10:00:33Z,5,5,10
tektoncd/pipeline,9133,2025-11-10T18:31:34Z,2025-11-18T06:52:33Z,2,2,4
tektoncd/pipeline,9132,2025-11-10T18:31:27Z,2025-11-18T20:20:33Z,1,1,2
tektoncd/pipeline,9131,2025-11-10T18:31:14Z,2025-11-18T10:32:35Z,5,5,10
tektoncd/pipeline,9130,2025-11-10T18:31:05Z,2025-11-18T06:46:33Z,1,1,2
tektoncd/pipeline,9129,2025-11-07T14:43:11Z,2025-11-11T10:58:31Z,1,1,2
tektoncd/pipeline,9128,2025-11-07T01:15:16Z,2025-11-21T13:32:42Z,279,31,310
tektoncd/pipeline,9127,2025-11-06T08:51:12Z,2025-11-18T06:16:10Z,36,30,66
tektoncd/pipeline,9126,2025-11-05T18:14:23Z,2025-11-06T08:04:27Z,15,20,35
tektoncd/pipeline,9124,2025-11-03T18:52:23Z,2025-11-04T21:12:27Z,5,5,10
tektoncd/pipeline,9123,2025-11-03T18:25:05Z,,3,3,6
tektoncd/pipeline,9122,2025-11-03T18:24:52Z,2025-11-04T21:04:28Z,1,1,2
tektoncd/pipeline,9121,2025-11-03T04:01:59Z,2025-11-04T20:38:27Z,81,48,129
tektoncd/pipeline,9120,2025-10-31T18:05:32Z,,232,259,491
tektoncd/pipeline,9119,2025-10-30T21:22:53Z,2025-10-31T10:44:25Z,2,2,4
tektoncd/pipeline,9118,2025-10-30T21:16:49Z,2025-11-04T07:32:26Z,0,56,56
tektoncd/pipeline,9117,2025-10-30T13:40:23Z,,1,0,1
tektoncd/pipeline,9116,2025-10-29T18:34:43Z,,132,0,132
tektoncd/pipeline,9115,2025-10-29T18:07:35Z,2025-11-07T08:50:20Z,33,32,65
tektoncd/pipeline,9114,2025-10-29T14:19:13Z,2025-11-27T08:56:45Z,1,2,3
tektoncd/pipeline,9111,2025-10-28T18:04:50Z,,420,84,504
tektoncd/pipeline,9110,2025-10-28T15:57:20Z,2025-10-29T11:30:26Z,13,35,48
tektoncd/pipeline,9109,2025-10-28T14:23:55Z,2025-11-19T06:36:33Z,201,54,255
tektoncd/pipeline,9108,2025-10-28T14:00:56Z,,32,5,37
tektoncd/pipeline,9107,2025-10-28T13:53:59Z,,84,0,84
tektoncd/pipeline,9106,2025-10-27T18:43:31Z,2025-10-28T09:42:25Z,8,8,16
tektoncd/pipeline,9105,2025-10-27T18:36:56Z,2025-10-28T14:40:25Z,5,5,10
tektoncd/pipeline,9104,2025-10-27T18:31:32Z,2025-10-28T14:36:25Z,2,2,4
tektoncd/pipeline,9103,2025-10-27T18:30:58Z,2025-10-28T16:30:24Z,3,3,6
tektoncd/pipeline,9102,2025-10-27T18:24:42Z,2025-10-28T09:34:24Z,3,3,6
tektoncd/pipeline,9101,2025-10-27T18:17:57Z,2025-10-28T16:32:25Z,1,1,2
tektoncd/pipeline,9099,2025-10-27T15:33:43Z,2025-10-28T13:58:25Z,123,14,137
tektoncd/pipeline,9098,2025-10-24T18:05:35Z,,649,325,974
tektoncd/pipeline,9097,2025-10-24T18:04:37Z,2025-10-27T09:16:24Z,138,33,171
tektoncd/pipeline,9096,2025-10-24T15:01:59Z,2025-10-24T16:36:22Z,2,1,3
tektoncd/pipeline,9095,2025-10-23T23:58:10Z,2025-10-30T17:04:25Z,404,0,404
tektoncd/pipeline,9093,2025-10-22T13:29:33Z,,82,0,82
tektoncd/pipeline,9092,2025-10-21T11:23:53Z,,2,2,4
tektoncd/pipeline,9091,2025-10-21T10:22:50Z,2025-10-22T03:58:22Z,17,10,27
tektoncd/pipeline,9090,2025-10-21T10:00:27Z,2025-10-28T09:04:24Z,35,33,68
tektoncd/pipeline,9089,2025-10-21T09:44:59Z,2025-10-21T12:34:22Z,2,2,4
tektoncd/pipeline,9088,2025-10-20T18:12:40Z,2025-10-22T13:52:23Z,3,3,6
tektoncd/pipeline,9087,2025-10-20T18:11:07Z,2025-10-21T08:52:22Z,1,1,2
tektoncd/pipeline,9086,2025-10-20T18:10:36Z,2025-10-21T13:44:22Z,1,1,2
tektoncd/pipeline,9085,2025-10-17T18:04:10Z,2025-10-24T15:38:22Z,2282,1859,4141
tektoncd/pipeline,9082,2025-10-16T20:48:35Z,2025-10-24T15:10:23Z,36,17,53
tektoncd/pipeline,9081,2025-10-13T18:21:32Z,2025-10-22T13:16:23Z,3,3,6
tektoncd/pipeline,9080,2025-10-13T18:09:14Z,,3,3,6
tektoncd/pipeline,9079,2025-10-13T18:09:04Z,2025-10-20T12:52:22Z,1,1,2
tektoncd/pipeline,9078,2025-10-13T18:09:02Z,2025-10-24T15:44:22Z,1,1,2
tektoncd/pipeline,9077,2025-10-13T18:09:01Z,2025-10-14T14:08:20Z,2,2,4
tektoncd/pipeline,9076,2025-10-13T18:08:59Z,2025-10-14T13:34:20Z,1,1,2
tektoncd/pipeline,9075,2025-10-10T11:15:55Z,2025-10-27T11:54:23Z,198,2,200
tektoncd/pipeline,9074,2025-10-10T09:21:43Z,,0,0,0
tektoncd/pipeline,9073,2025-10-09T08:30:38Z,2025-10-09T10:16:16Z,2,2,4
tektoncd/pipeline,9072,2025-10-09T08:02:25Z,2025-10-09T10:12:17Z,20,16,36
tektoncd/pipeline,9070,2025-10-08T14:28:36Z,,3,3,6
tektoncd/pipeline,9068,2025-10-08T09:41:21Z,2025-10-09T09:08:17Z,48,22,70
tektoncd/pipeline,9067,2025-10-08T08:50:15Z,2025-10-08T14:32:17Z,15,16,31
tektoncd/pipeline,9061,2025-10-07T22:49:01Z,2025-10-08T14:44:17Z,12,12,24
tektoncd/pipeline,9060,2025-10-07T13:21:14Z,,0,0,0
tektoncd/pipeline,9058,2025-10-06T18:07:56Z,2025-10-07T14:10:17Z,1,1,2
tektoncd/pipeline,9057,2025-10-06T18:07:25Z,2025-10-07T19:36:16Z,1,1,2
tektoncd/pipeline,9056,2025-10-03T18:18:09Z,,232,259,491
tektoncd/pipeline,9055,2025-10-03T12:10:25Z,2025-10-20T12:56:21Z,65,0,65
tektoncd/pipeline,9054,2025-10-02T20:54:45Z,2025-10-03T08:22:14Z,9,0,9
tektoncd/pipeline,9051,2025-09-30T14:11:32Z,2025-10-30T10:34:25Z,3880,323,4203
tektoncd/pipeline,9050,2025-09-30T13:41:04Z,2025-10-02T13:30:14Z,33,0,33
tektoncd/pipeline,9049,2025-09-30T05:36:40Z,,77,0,77
tektoncd/pipeline,9048,2025-09-30T01:51:13Z,,1,1,2
tektoncd/pipeline,9047,2025-09-29T22:09:33Z,2025-10-09T12:52:16Z,1,1,2
tektoncd/pipeline,9046,2025-09-29T21:26:43Z,,1,1,2
tektoncd/pipeline,9045,2025-09-29T21:06:55Z,,227,17,244
tektoncd/pipeline,9043,2025-09-29T10:32:21Z,,137068,79179,216247
tektoncd/pipeline,9042,2025-09-24T19:28:00Z,,3,1,4
tektoncd/pipeline,9041,2025-09-22T18:23:03Z,,1,1,2
tektoncd/pipeline,9040,2025-09-22T18:22:00Z,,1,1,2
tektoncd/pipeline,9039,2025-09-19T12:04:25Z,2025-10-28T09:46:25Z,411,45,456
tektoncd/pipeline,9038,2025-09-17T18:26:56Z,2025-10-10T09:28:17Z,85,2,87
tektoncd/pipeline,9036,2025-09-15T18:31:27Z,2025-10-09T11:58:16Z,4,4,8
tektoncd/pipeline,9035,2025-09-15T18:22:43Z,,1,1,2
tektoncd/pipeline,9034,2025-09-15T18:22:35Z,,1,1,2
tektoncd/pipeline,9033,2025-09-15T08:21:37Z,2025-10-14T14:44:19Z,208,0,208
tektoncd/pipeline,9031,2025-09-08T19:29:49Z,,3487,1325,4812
tektoncd/pipeline,9030,2025-09-08T18:49:21Z,2025-09-10T23:16:04Z,3,3,6
tektoncd/pipeline,9029,2025-09-08T18:49:11Z,,1,1,2
tektoncd/pipeline,9028,2025-09-08T18:49:08Z,,1,1,2
tektoncd/pipeline,9027,2025-09-08T18:48:55Z,2025-10-07T19:34:16Z,8,8,16
tektoncd/pipeline,9026,2025-09-08T11:09:51Z,2025-09-15T17:14:06Z,2,1,3
tektoncd/pipeline,9025,2025-09-08T07:15:29Z,2025-09-09T10:42:04Z,534,37,571
tektoncd/pipeline,9024,2025-09-08T07:03:36Z,2025-09-08T13:46:03Z,546,49,595
tektoncd/pipeline,9023,2025-09-06T15:38:02Z,2025-10-03T08:46:14Z,0,2,2
tektoncd/pipeline,9022,2025-09-05T21:23:37Z,2025-09-10T23:14:04Z,7,4,11
tektoncd/pipeline,9021,2025-09-05T17:07:18Z,,200,8,208
tektoncd/pipeline,9020,2025-09-05T12:01:31Z,2025-09-08T09:32:03Z,14,0,14
tektoncd/pipeline,9019,2025-09-04T18:05:55Z,,232,259,491
tektoncd/pipeline,9017,2025-09-04T17:32:51Z,2025-09-04T18:08:02Z,408,376,784
tektoncd/pipeline,9016,2025-09-04T16:08:06Z,2025-09-10T22:38:04Z,3,0,3
tektoncd/pipeline,9014,2025-09-04T00:14:35Z,2025-09-04T07:42:01Z,408,323,731
tektoncd/pipeline,9013,2025-09-03T20:28:52Z,,453,34,487
tektoncd/pipeline,9012,2025-09-03T16:44:06Z,2025-09-03T23:34:01Z,408,377,785
tektoncd/pipeline,9011,2025-09-02T19:14:37Z,2025-09-04T16:12:02Z,531,36,567
tektoncd/pipeline,9010,2025-09-02T11:56:36Z,,3,3,6
tektoncd/pipeline,9009,2025-09-02T11:12:01Z,,2,2,4
tektoncd/pipeline,9008,2025-09-02T09:47:01Z,,1,1,2
tektoncd/pipeline,9007,2025-09-02T09:44:22Z,,266,468,734
tektoncd/pipeline,9006,2025-09-02T09:42:57Z,,1,1,2
tektoncd/pipeline,9005,2025-09-02T09:25:43Z,,16774,407,17181
tektoncd/pipeline,9004,2025-09-02T07:40:10Z,,207,5,212
tektoncd/pipeline,9003,2025-09-02T07:06:48Z,2025-10-11T11:26:16Z,12,12,24
tektoncd/pipeline,9000,2025-09-01T07:23:37Z,2025-09-04T21:39:00Z,213,42,255
tektoncd/pipeline,8999,2025-09-01T07:05:24Z,,60,40,100
tektoncd/pipeline,8997,2025-08-29T17:19:20Z,2025-09-04T15:39:30Z,249,0,249
tektoncd/pipeline,8996,2025-08-29T13:23:01Z,,38,3,41
tektoncd/pipeline,8995,2025-08-28T18:13:09Z,,55,28,83
tektoncd/pipeline,8994,2025-08-28T18:10:32Z,,372,181,553
tektoncd/pipeline,8993,2025-08-28T07:56:32Z,,43,0,43
tektoncd/pipeline,8992,2025-08-26T09:39:26Z,,1,1,2
tektoncd/pipeline,8991,2025-08-26T09:37:04Z,,3,3,6
tektoncd/pipeline,8990,2025-08-26T09:30:02Z,2025-10-09T13:52:18Z,4,4,8
tektoncd/pipeline,8989,2025-08-26T07:29:04Z,2025-08-26T09:47:20Z,1,1,2
tektoncd/pipeline,8988,2025-08-22T18:21:22Z,2025-10-16T20:08:20Z,456,1441,1897
tektoncd/pipeline,8986,2025-08-21T15:53:35Z,2025-08-29T15:45:59Z,249,0,249
tektoncd/pipeline,8985,2025-08-20T18:18:25Z,2025-08-26T08:57:20Z,19,9,28
tektoncd/pipeline,8984,2025-08-20T18:18:16Z,2025-08-21T14:25:46Z,324,153,477
tektoncd/pipeline,8980,2025-08-20T05:50:39Z,2025-08-20T06:45:43Z,16,8,24
tektoncd/pipeline,8979,2025-08-20T05:49:05Z,2025-08-20T06:51:43Z,16,8,24
tektoncd/pipeline,8978,2025-08-19T03:09:54Z,2025-08-20T06:19:43Z,4,4,8
tektoncd/pipeline,8977,2025-08-19T02:05:49Z,2025-08-20T06:23:44Z,3,3,6
tektoncd/pipeline,8976,2025-08-19T01:56:07Z,2025-08-19T10:51:43Z,1,1,2
tektoncd/pipeline,8975,2025-08-19T01:34:07Z,2025-08-20T06:21:44Z,1,1,2
tektoncd/pipeline,8974,2025-08-19T01:11:01Z,2025-08-19T10:49:43Z,1,1,2
tektoncd/pipeline,8973,2025-08-14T18:40:59Z,2025-08-19T12:05:43Z,20,20,40
tektoncd/pipeline,8972,2025-08-14T18:40:47Z,,8,8,16
tektoncd/pipeline,8971,2025-08-14T18:40:37Z,,12,12,24
tektoncd/pipeline,8970,2025-08-14T18:40:28Z,,4,4,8
tektoncd/pipeline,8967,2025-08-14T11:09:05Z,2025-08-22T02:03:45Z,12,12,24
tektoncd/pipeline,8965,2025-08-14T08:33:48Z,2025-09-30T19:34:12Z,860,14,874
tektoncd/pipeline,8964,2025-08-12T01:38:31Z,2025-08-14T11:14:05Z,1,1,2
tektoncd/pipeline,8963,2025-08-12T00:06:16Z,2025-08-14T11:10:05Z,3,3,6
tektoncd/pipeline,8962,2025-08-12T00:05:01Z,2025-08-12T07:36:03Z,12,12,24
tektoncd/pipeline,8961,2025-08-12T00:03:43Z,2025-08-14T11:18:05Z,4,4,8
tektoncd/pipeline,8960,2025-08-11T23:46:18Z,2025-08-12T08:56:06Z,1,1,2
tektoncd/pipeline,8959,2025-08-11T23:39:39Z,2025-08-12T09:00:06Z,1,1,2
tektoncd/pipeline,8957,2025-08-10T14:17:40Z,,1179,1023,2202
tektoncd/pipeline,8956,2025-08-08T18:13:26Z,2025-08-14T10:36:06Z,586,268,854
tektoncd/pipeline,8955,2025-08-07T18:35:31Z,,224,253,477
tektoncd/pipeline,8954,2025-08-07T18:33:43Z,2025-08-11T12:24:04Z,632,156,788
tektoncd/pipeline,8953,2025-08-07T18:33:25Z,,2871,1068,3939
tektoncd/pipeline,8952,2025-08-06T14:59:51Z,2025-08-14T10:38:05Z,25,7,32
tektoncd/pipeline,8951,2025-08-06T10:47:41Z,2025-08-19T10:41:43Z,16,8,24
tektoncd/pipeline,8950,2025-08-06T07:53:40Z,2025-08-06T09:22:27Z,2,1,3
tektoncd/pipeline,8948,2025-08-05T13:21:06Z,2025-08-05T14:24:27Z,4,4,8
tektoncd/pipeline,8947,2025-08-05T13:11:25Z,2025-08-05T14:28:27Z,74,19,93
tektoncd/pipeline,8946,2025-08-05T11:29:59Z,,74,19,93
tektoncd/pipeline,8945,2025-08-05T00:25:43Z,,224,253,477
tektoncd/pipeline,8944,2025-08-04T19:11:54Z,2025-08-05T13:20:27Z,4,4,8
tektoncd/pipeline,8943,2025-08-04T09:24:09Z,,1,1,2
tektoncd/pipeline,8942,2025-08-04T08:56:47Z,,223,202,425
tektoncd/pipeline,8941,2025-08-04T07:25:22Z,,74,19,93
tektoncd/pipeline,8939,2025-08-01T05:47:05Z,2025-08-01T08:19:22Z,5,6,11
tektoncd/pipeline,8937,2025-07-31T20:27:24Z,2025-08-04T07:24:26Z,74,19,93
tektoncd/pipeline,8936,2025-07-31T18:10:47Z,,2866,1064,3930
tektoncd/pipeline,8935,2025-07-30T18:50:17Z,2025-07-30T20:55:21Z,9,7,16
tektoncd/pipeline,8933,2025-07-30T11:33:57Z,,82272,20230,102502
tektoncd/pipeline,8932,2025-07-30T08:36:02Z,2025-07-30T09:11:21Z,121,9,130
tektoncd/pipeline,8931,2025-07-30T03:40:26Z,2025-07-30T08:35:21Z,121,9,130
tektoncd/pipeline,8930,2025-07-29T19:59:45Z,2025-07-29T21:23:21Z,11,3,14
tektoncd/pipeline,8929,2025-07-29T19:49:36Z,,65,49,114
tektoncd/pipeline,8928,2025-07-29T18:40:47Z,,11,3,14
tektoncd/pipeline,8926,2025-07-29T06:14:44Z,2025-07-30T08:41:23Z,417,15,432
tektoncd/pipeline,8925,2025-07-28T15:46:49Z,2025-08-26T10:25:20Z,566,151,717
tektoncd/pipeline,8924,2025-07-28T15:23:47Z,2025-08-22T02:07:44Z,18,17,35
tektoncd/pipeline,8923,2025-07-28T12:37:02Z,2025-07-29T20:31:21Z,11,3,14
tektoncd/pipeline,8922,2025-07-25T18:17:50Z,2025-07-30T08:45:21Z,4,4,8
tektoncd/pipeline,8920,2025-07-25T10:19:01Z,2025-07-28T20:15:19Z,121,172,293
tektoncd/pipeline,8919,2025-07-25T07:44:34Z,2025-07-25T08:42:12Z,65,49,114
tektoncd/pipeline,8918,2025-07-25T07:44:25Z,2025-07-25T08:42:12Z,65,49,114
tektoncd/pipeline,8917,2025-07-25T06:14:56Z,,11,3,14
tektoncd/pipeline,8916,2025-07-25T06:14:45Z,,11,3,14
tektoncd/pipeline,8915,2025-07-25T06:14:36Z,,11,3,14
tektoncd/pipeline,8914,2025-07-24T22:13:04Z,,308,54,362
tektoncd/pipeline,8913,2025-07-24T22:00:46Z,2025-08-14T10:36:05Z,243,5,248
tektoncd/pipeline,8912,2025-07-24T21:47:35Z,,13146,871,14017
tektoncd/pipeline,8911,2025-07-24T21:41:35Z,,12464,165,12629
tektoncd/pipeline,8910,2025-07-23T23:45:30Z,,207,5,212
tektoncd/pipeline,8909,2025-07-23T23:24:07Z,2025-07-24T09:02:12Z,48,12,60
tektoncd/pipeline,8908,2025-07-23T22:44:03Z,2025-07-24T08:16:12Z,11,3,14
tektoncd/pipeline,8907,2025-07-23T18:45:44Z,2025-07-24T09:06:12Z,191,121,312
tektoncd/pipeline,8903,2025-07-22T10:47:42Z,2025-08-20T16:37:43Z,213,42,255
tektoncd/pipeline,8902,2025-07-22T00:09:02Z,2025-07-28T11:37:20Z,959,45,1004
tektoncd/pipeline,8901,2025-07-21T22:43:05Z,2025-07-23T13:20:11Z,207,5,212
tektoncd/pipeline,8900,2025-07-21T21:16:21Z,2025-07-22T10:56:11Z,4,4,8
tektoncd/pipeline,8899,2025-07-21T21:01:50Z,2025-07-22T11:24:12Z,3,3,6
tektoncd/pipeline,8898,2025-07-21T20:51:09Z,2025-07-22T10:54:11Z,4,4,8
tektoncd/pipeline,8897,2025-07-21T20:17:06Z,2025-07-31T21:33:22Z,357,59,416
tektoncd/pipeline,8896,2025-07-18T18:04:17Z,2025-07-21T07:44:11Z,4,4,8
tektoncd/pipeline,8895,2025-07-18T14:28:46Z,2025-07-29T18:25:20Z,9,3,12
tektoncd/pipeline,8894,2025-07-17T18:46:11Z,2025-08-12T08:28:10Z,8,8,16
tektoncd/pipeline,8893,2025-07-17T18:45:56Z,2025-07-18T09:50:09Z,4,4,8
tektoncd/pipeline,8892,2025-07-17T18:45:47Z,2025-07-18T09:48:10Z,278,205,483
tektoncd/pipeline,8890,2025-07-17T08:49:41Z,2025-07-24T16:50:12Z,20,0,20
tektoncd/pipeline,8888,2025-07-16T18:44:23Z,2025-07-17T12:58:09Z,8,8,16
tektoncd/pipeline,8887,2025-07-16T18:43:27Z,,4,4,8
tektoncd/pipeline,8885,2025-07-15T09:23:38Z,2025-07-17T10:22:10Z,65,49,114
tektoncd/pipeline,8884,2025-07-14T23:40:36Z,2025-07-17T12:56:09Z,19,4,23
tektoncd/pipeline,8883,2025-07-14T22:31:46Z,2025-07-17T12:52:09Z,1,1,2
tektoncd/pipeline,8882,2025-07-14T21:11:08Z,2025-07-17T12:50:10Z,5,5,10
tektoncd/pipeline,8881,2025-07-12T16:52:50Z,2025-07-22T11:16:11Z,99,1,100
tektoncd/pipeline,8880,2025-07-12T14:04:46Z,2025-07-22T20:26:11Z,1,0,1
tektoncd/pipeline,8879,2025-07-12T13:39:55Z,2025-10-30T16:52:25Z,1336,51,1387
tektoncd/pipeline,8878,2025-07-12T10:37:43Z,2025-10-28T09:38:25Z,672,124,796
tektoncd/pipeline,8877,2025-07-11T18:54:42Z,,19,4,23
tektoncd/pipeline,8875,2025-07-11T15:11:18Z,2025-07-17T13:14:09Z,3,132,135
tektoncd/pipeline,8874,2025-07-11T13:59:19Z,,13,209,222
tektoncd/pipeline,8873,2025-07-11T13:57:32Z,2025-10-07T10:34:15Z,627,59,686
tektoncd/pipeline,8872,2025-07-10T18:32:33Z,,466,49,515
tektoncd/pipeline,8871,2025-07-10T18:32:21Z,2025-07-17T12:48:09Z,35,91,126
tektoncd/pipeline,8869,2025-07-08T07:47:50Z,,35,15,50
tektoncd/pipeline,8867,2025-07-07T21:40:45Z,2025-07-08T08:52:01Z,1,1,2
tektoncd/pipeline,8866,2025-07-07T21:25:33Z,2025-07-08T08:48:02Z,5,5,10
tektoncd/pipeline,8865,2025-07-07T20:54:58Z,2025-07-08T08:46:03Z,12,6,18
tektoncd/pipeline,8864,2025-07-07T15:22:59Z,2025-07-28T12:39:19Z,19,0,19
tektoncd/pipeline,8863,2025-07-06T22:56:55Z,2025-07-07T11:40:00Z,225,61,286
tektoncd/pipeline,8861,2025-07-03T12:50:46Z,2025-07-22T11:02:11Z,2,3,5
tektoncd/pipeline,8860,2025-07-02T18:28:16Z,2025-07-07T07:34:00Z,4,4,8
tektoncd/pipeline,8859,2025-07-01T18:43:23Z,,218,253,471
tektoncd/pipeline,8857,2025-07-01T09:12:31Z,2025-07-22T11:10:11Z,24,0,24
tektoncd/pipeline,8856,2025-06-30T22:46:46Z,2025-07-01T14:17:58Z,4,4,8
tektoncd/pipeline,8855,2025-06-30T22:29:26Z,2025-07-01T13:53:58Z,3,3,6
tektoncd/pipeline,8854,2025-06-30T22:19:15Z,2025-07-01T14:15:58Z,1,1,2
tektoncd/pipeline,8853,2025-06-30T22:10:40Z,2025-07-01T13:51:58Z,5,5,10
tektoncd/pipeline,8852,2025-06-30T21:48:49Z,2025-07-01T13:49:57Z,320,210,530
tektoncd/pipeline,8851,2025-06-30T06:02:11Z,2025-07-23T08:26:12Z,1,1,2
tektoncd/pipeline,8850,2025-06-27T14:59:36Z,2025-06-30T12:03:57Z,354,323,677
tektoncd/pipeline,8849,2025-06-25T18:26:31Z,,14020,48,14068
tektoncd/pipeline,8848,2025-06-25T18:26:22Z,2025-06-30T06:27:58Z,14049,78,14127
tektoncd/pipeline,8847,2025-06-25T18:26:15Z,,14006,35,14041
tektoncd/pipeline,8846,2025-06-25T13:50:42Z,2025-06-27T17:19:56Z,15,4,19
tektoncd/pipeline,8844,2025-06-23T20:45:39Z,2025-06-24T07:35:55Z,5,5,10
tektoncd/pipeline,8843,2025-06-23T20:10:46Z,,1,1,2
tektoncd/pipeline,8842,2025-06-20T18:27:17Z,2025-06-24T07:33:57Z,4,4,8
tektoncd/pipeline,8840,2025-06-19T18:45:16Z,2025-06-23T14:01:54Z,8,8,16
tektoncd/pipeline,8839,2025-06-19T18:45:04Z,,4,4,8
tektoncd/pipeline,8838,2025-06-19T18:44:56Z,,8,8,16
tektoncd/pipeline,8837,2025-06-19T18:44:46Z,2025-06-20T12:11:53Z,12,12,24
tektoncd/pipeline,8836,2025-06-16T20:35:44Z,2025-06-20T12:09:53Z,29,18,47
tektoncd/pipeline,8835,2025-06-16T20:33:39Z,2025-06-17T08:29:46Z,950,585,1535
tektoncd/pipeline,8834,2025-06-16T20:14:26Z,2025-06-17T08:25:47Z,5,5,10
tektoncd/pipeline,8833,2025-06-16T19:38:50Z,2025-06-17T08:21:47Z,4,4,8
tektoncd/pipeline,8832,2025-06-16T19:36:28Z,2025-06-17T08:19:49Z,3,3,6
tektoncd/pipeline,8831,2025-06-16T19:34:16Z,2025-06-17T08:17:47Z,1,1,2
tektoncd/pipeline,8829,2025-06-16T11:47:52Z,2025-06-17T06:33:47Z,204,7,211
tektoncd/pipeline,8828,2025-06-16T11:45:22Z,2025-06-16T12:57:46Z,204,7,211
tektoncd/pipeline,8826,2025-06-12T18:37:04Z,2025-06-13T05:29:01Z,15,5,20
tektoncd/pipeline,8825,2025-06-12T17:48:37Z,,4969,259,5228
tektoncd/pipeline,8823,2025-06-11T18:11:53Z,2025-06-12T15:01:00Z,35,6,41
tektoncd/pipeline,8822,2025-06-11T18:11:47Z,2025-06-12T15:35:00Z,6,6,12
tektoncd/pipeline,8821,2025-06-11T18:11:39Z,2025-06-12T12:59:01Z,96,90,186
tektoncd/pipeline,8820,2025-06-11T18:11:32Z,2025-06-12T14:25:01Z,26,19,45
tektoncd/pipeline,8819,2025-06-09T19:19:27Z,2025-06-10T09:17:00Z,3,3,6
tektoncd/pipeline,8818,2025-06-09T19:13:13Z,2025-06-10T09:15:01Z,1,1,2
tektoncd/pipeline,8817,2025-06-05T18:55:31Z,2025-06-10T09:11:00Z,8,9,17
tektoncd/pipeline,8816,2025-06-05T18:55:23Z,2025-06-10T09:09:00Z,819,789,1608
tektoncd/pipeline,8815,2025-06-05T18:54:55Z,,209,237,446
tektoncd/pipeline,8814,2025-06-04T21:39:04Z,2025-06-10T12:42:59Z,49,30,79
tektoncd/pipeline,8812,2025-06-03T11:27:09Z,2025-06-11T12:55:00Z,1,1,2
tektoncd/pipeline,8811,2025-06-03T10:05:38Z,2025-06-11T12:57:00Z,10,0,10
tektoncd/pipeline,8810,2025-06-02T19:00:40Z,2025-06-11T17:41:00Z,693,762,1455
tektoncd/pipeline,8809,2025-06-02T18:59:38Z,,1,1,2
tektoncd/pipeline,8808,2025-06-02T18:56:15Z,2025-06-12T13:25:00Z,1,1,2
tektoncd/pipeline,8807,2025-06-02T18:52:04Z,2025-06-10T09:05:03Z,5,5,10
tektoncd/pipeline,8806,2025-06-02T14:22:07Z,2025-06-11T14:27:00Z,105,61,166
tektoncd/pipeline,8803,2025-06-02T12:18:09Z,,3,0,3
tektoncd/pipeline,8802,2025-05-28T20:34:17Z,2025-06-11T14:25:00Z,0,48,48
tektoncd/pipeline,8801,2025-05-27T18:54:49Z,2025-05-28T15:54:50Z,37,22,59
tektoncd/pipeline,8800,2025-05-26T18:25:01Z,2025-05-27T06:42:49Z,5,5,10
tektoncd/pipeline,8799,2025-05-26T18:17:42Z,2025-05-27T06:46:49Z,1,1,2
tektoncd/pipeline,8798,2025-05-23T18:44:22Z,2025-05-27T06:44:49Z,615,465,1080
tektoncd/pipeline,8796,2025-05-22T18:36:33Z,2025-05-23T09:15:59Z,18729,18009,36738
tektoncd/pipeline,8795,2025-05-21T18:35:17Z,,18729,18009,36738
tektoncd/pipeline,8794,2025-05-21T18:35:08Z,2025-05-27T18:12:50Z,38,28,66
tektoncd/pipeline,8793,2025-05-21T18:35:00Z,2025-05-27T20:52:50Z,895,123,1018
tektoncd/pipeline,8792,2025-05-21T18:34:52Z,,615,465,1080
tektoncd/pipeline,8791,2025-05-21T04:35:57Z,2025-06-11T13:09:00Z,59,65,124
tektoncd/pipeline,8790,2025-05-20T23:56:34Z,2025-05-21T09:01:58Z,8,8,16
tektoncd/pipeline,8789,2025-05-20T19:10:39Z,2025-05-21T07:17:58Z,4,4,8
tektoncd/pipeline,8788,2025-05-20T04:26:02Z,2025-06-11T14:21:00Z,60,28,88
tektoncd/pipeline,8787,2025-05-19T18:52:01Z,2025-05-20T11:33:58Z,5,5,10
tektoncd/pipeline,8786,2025-05-19T18:34:40Z,2025-05-20T11:27:58Z,1,1,2
tektoncd/pipeline,8785,2025-05-19T18:32:52Z,2025-05-20T11:29:58Z,3,3,6
tektoncd/pipeline,8784,2025-05-19T12:18:01Z,,18,9,27
tektoncd/pipeline,8783,2025-05-16T18:14:17Z,2025-05-20T12:49:57Z,4,4,8
tektoncd/pipeline,8782,2025-05-16T18:14:08Z,,4,4,8
tektoncd/pipeline,8781,2025-05-16T18:14:01Z,2025-05-21T08:27:58Z,8,8,16
tektoncd/pipeline,8780,2025-05-16T18:13:49Z,2025-05-20T11:25:59Z,8,8,16
tektoncd/pipeline,8779,2025-05-15T13:33:45Z,2025-06-12T19:03:00Z,37,0,37
tektoncd/pipeline,8778,2025-05-15T13:25:06Z,2025-06-10T14:02:59Z,136,114,250
tektoncd/pipeline,8777,2025-05-15T13:09:51Z,2025-06-12T16:25:00Z,198,203,401
tektoncd/pipeline,8774,2025-05-15T11:09:43Z,2025-05-29T01:14:50Z,2,3,5
tektoncd/pipeline,8773,2025-05-15T10:57:34Z,2025-06-12T15:29:00Z,142,99,241
tektoncd/pipeline,8772,2025-05-15T10:48:10Z,2025-06-12T14:27:00Z,139,143,282
tektoncd/pipeline,8771,2025-05-14T18:48:28Z,2025-05-20T11:24:00Z,126,66,192
tektoncd/pipeline,8769,2025-05-14T13:05:43Z,2025-06-12T12:57:00Z,204,218,422
tektoncd/pipeline,8768,2025-05-14T07:15:48Z,2025-11-04T10:22:27Z,39,3,42
tektoncd/pipeline,8767,2025-05-14T05:53:28Z,2025-05-21T08:17:58Z,3,3,6
tektoncd/pipeline,8766,2025-05-12T18:49:05Z,2025-05-13T04:45:54Z,8,8,16
tektoncd/pipeline,8765,2025-05-12T18:49:01Z,2025-05-13T05:07:55Z,1,1,2
tektoncd/pipeline,8764,2025-05-12T18:48:57Z,2025-05-13T04:43:54Z,1,1,2
tektoncd/pipeline,8763,2025-05-12T18:35:45Z,2025-05-13T04:39:54Z,5,5,10
tektoncd/pipeline,8762,2025-05-12T18:16:49Z,2025-05-13T05:01:55Z,4,4,8
tektoncd/pipeline,8761,2025-05-12T14:27:58Z,2025-05-12T17:45:54Z,14,5,19
tektoncd/pipeline,8758,2025-05-12T09:41:41Z,2025-07-18T13:58:10Z,27,23,50
tektoncd/pipeline,8754,2025-05-07T18:12:21Z,2025-05-12T07:41:54Z,11,23,34
tektoncd/pipeline,8753,2025-05-07T18:12:11Z,2025-05-12T08:17:54Z,9,9,18
tektoncd/pipeline,8752,2025-05-07T18:12:01Z,2025-05-12T07:39:54Z,5,5,10
tektoncd/pipeline,8751,2025-05-07T18:11:49Z,2025-05-12T07:37:54Z,2100,538,2638
tektoncd/pipeline,8749,2025-05-06T18:15:28Z,2025-05-07T07:25:51Z,422,185,607
tektoncd/pipeline,8748,2025-05-06T18:15:21Z,2025-05-07T07:23:51Z,1486,205,1691
tektoncd/pipeline,8747,2025-05-06T18:15:11Z,2025-05-07T07:21:51Z,93,22,115
tektoncd/pipeline,8746,2025-05-06T14:54:58Z,2025-05-12T08:37:54Z,79,35,114
tektoncd/pipeline,8745,2025-05-06T11:48:00Z,2025-05-12T09:57:54Z,223,202,425
tektoncd/pipeline,8744,2025-05-06T08:42:48Z,2025-05-13T06:15:54Z,3,3,6
tektoncd/pipeline,8743,2025-05-06T08:00:28Z,2025-05-06T14:17:51Z,1,0,1
tektoncd/pipeline,8742,2025-05-05T19:02:33Z,2025-05-06T04:55:51Z,5,5,10
tektoncd/pipeline,8741,2025-05-05T18:39:01Z,2025-05-06T04:51:51Z,3,3,6
tektoncd/pipeline,8740,2025-05-05T18:36:11Z,,1,1,2
tektoncd/pipeline,8739,2025-05-05T18:21:55Z,2025-05-06T04:49:52Z,1,1,2
tektoncd/pipeline,8738,2025-05-01T18:28:30Z,,208,236,444
tektoncd/pipeline,8737,2025-04-30T18:57:45Z,2025-05-06T04:45:51Z,173,22,195
tektoncd/pipeline,8736,2025-04-30T18:57:35Z,2025-05-07T13:27:51Z,3756,2516,6272
tektoncd/pipeline,8735,2025-04-30T18:57:20Z,2025-05-06T04:43:53Z,18,14,32
tektoncd/pipeline,8734,2025-04-30T18:57:12Z,2025-05-06T04:41:52Z,33,18,51
tektoncd/pipeline,8733,2025-04-29T18:31:52Z,2025-04-30T16:16:45Z,293,76,369
tektoncd/pipeline,8732,2025-04-28T21:56:19Z,2025-04-30T14:42:45Z,16,8,24
tektoncd/pipeline,8731,2025-04-28T20:04:01Z,2025-04-30T16:48:44Z,82,68,150
tektoncd/pipeline,8730,2025-04-28T19:24:34Z,2025-04-30T14:40:44Z,1,1,2
tektoncd/pipeline,8729,2025-04-28T19:24:10Z,2025-04-28T22:04:43Z,3,3,6
tektoncd/pipeline,8728,2025-04-28T19:23:45Z,2025-04-28T22:02:42Z,4,4,8
tektoncd/pipeline,8727,2025-04-28T19:22:23Z,2025-04-28T21:58:43Z,5,5,10
tektoncd/pipeline,8726,2025-04-27T17:59:48Z,2025-06-11T14:35:00Z,218,349,567
tektoncd/pipeline,8725,2025-04-25T18:21:57Z,2025-04-30T14:38:46Z,2070,1222,3292
tektoncd/pipeline,8724,2025-04-25T18:21:09Z,2025-04-28T21:56:43Z,790,480,1270
tektoncd/pipeline,8723,2025-04-25T18:20:26Z,2025-04-28T21:54:43Z,4,4,8
tektoncd/pipeline,8722,2025-04-21T18:47:42Z,2025-04-23T10:52:43Z,2,2,4
tektoncd/pipeline,8721,2025-04-21T18:29:59Z,2025-04-23T12:12:41Z,1,1,2
tektoncd/pipeline,8719,2025-04-18T18:02:11Z,2025-04-30T12:48:44Z,5,98,103
tektoncd/pipeline,8717,2025-04-18T09:30:37Z,2025-05-20T11:19:57Z,46,16,62
tektoncd/pipeline,8715,2025-04-17T14:40:47Z,,2,0,2
tektoncd/pipeline,8714,2025-04-17T12:59:52Z,2025-05-13T11:31:54Z,97,6,103
tektoncd/pipeline,8712,2025-04-16T18:44:53Z,,444,118,562
tektoncd/pipeline,8710,2025-04-15T13:31:10Z,2025-05-12T16:53:54Z,122,104,226
tektoncd/pipeline,8709,2025-04-15T10:50:56Z,2025-05-20T13:17:58Z,5,1,6
tektoncd/pipeline,8708,2025-04-14T22:42:32Z,2025-05-06T04:39:52Z,18,18,36
tektoncd/pipeline,8707,2025-04-14T22:14:05Z,,502,49,551
tektoncd/pipeline,8706,2025-04-14T22:13:40Z,2025-04-30T16:18:44Z,16,15,31
tektoncd/pipeline,8705,2025-04-14T18:40:45Z,2025-04-14T22:10:58Z,3,3,6
tektoncd/pipeline,8704,2025-04-14T18:40:39Z,2025-04-14T22:44:58Z,1,1,2
tektoncd/pipeline,8703,2025-04-14T18:40:32Z,2025-04-14T22:42:58Z,2,2,4
tektoncd/pipeline,8702,2025-04-14T18:38:54Z,2025-04-14T22:40:58Z,5,5,10
tektoncd/pipeline,8699,2025-04-12T23:00:31Z,2025-04-14T22:38:58Z,17,8,25
tektoncd/pipeline,8698,2025-04-11T18:26:25Z,,2892,1873,4765
tektoncd/pipeline,8696,2025-04-10T09:02:22Z,2025-06-11T13:45:00Z,7,5,12
tektoncd/pipeline,8695,2025-04-09T19:03:29Z,,790,340,1130
tektoncd/pipeline,8694,2025-04-09T19:03:11Z,,2594,1510,4104
tektoncd/pipeline,8693,2025-04-09T15:31:18Z,2025-04-30T16:14:44Z,8,0,8
tektoncd/pipeline,8692,2025-04-08T19:03:15Z,,3547,3453,7000
tektoncd/pipeline,8691,2025-04-08T19:02:35Z,,2163,1805,3968
tektoncd/pipeline,8690,2025-04-07T20:00:58Z,2025-04-08T07:36:55Z,3,3,6
tektoncd/pipeline,8689,2025-04-07T19:58:18Z,2025-04-08T07:34:56Z,1,1,2
tektoncd/pipeline,8688,2025-04-07T19:53:48Z,2025-04-08T07:32:56Z,1,1,2
tektoncd/pipeline,8687,2025-04-07T19:50:35Z,2025-04-08T07:30:56Z,4,4,8
tektoncd/pipeline,8686,2025-04-07T19:27:45Z,2025-04-08T07:28:58Z,3,3,6
tektoncd/pipeline,8685,2025-04-05T17:36:29Z,2025-05-07T10:01:52Z,319,320,639
tektoncd/pipeline,8683,2025-04-01T10:10:27Z,2025-04-22T16:06:41Z,156,0,156
tektoncd/pipeline,8682,2025-03-31T19:32:25Z,,1,1,2
tektoncd/pipeline,8680,2025-03-28T22:53:14Z,2025-04-14T12:42:58Z,13,25,38
tektoncd/pipeline,8679,2025-03-28T22:52:52Z,,1245,985,2230
tektoncd/pipeline,8678,2025-03-28T22:52:39Z,2025-04-01T15:20:52Z,48,18,66
tektoncd/pipeline,8677,2025-03-28T20:12:15Z,2025-04-28T16:40:43Z,565,92405,92970
tektoncd/pipeline,8676,2025-03-28T18:14:40Z,2025-04-01T15:48:52Z,2334,126,2460
tektoncd/pipeline,8675,2025-03-28T18:13:47Z,,3258,350,3608
tektoncd/pipeline,8674,2025-03-27T18:01:52Z,2025-04-09T12:20:56Z,7,7,14
tektoncd/pipeline,8672,2025-03-25T19:02:11Z,2025-04-01T13:20:52Z,103,103,206
tektoncd/pipeline,8670,2025-03-25T11:33:55Z,2025-03-25T12:06:49Z,38,8,46
tektoncd/pipeline,8669,2025-03-25T10:44:34Z,,126340,188271,314611
tektoncd/pipeline,8668,2025-03-24T19:44:07Z,2025-03-25T11:30:48Z,3,3,6
tektoncd/pipeline,8667,2025-03-24T19:20:42Z,2025-03-25T11:26:49Z,8,8,16
tektoncd/pipeline,8666,2025-03-24T19:19:55Z,2025-03-25T11:24:49Z,1,1,2
tektoncd/pipeline,8665,2025-03-24T19:19:30Z,2025-03-25T11:22:49Z,3,3,6
tektoncd/pipeline,8664,2025-03-24T19:19:25Z,2025-03-25T11:20:50Z,1,1,2
tektoncd/pipeline,8663,2025-03-24T19:17:06Z,,1,1,2
tektoncd/pipeline,8662,2025-03-24T14:41:43Z,2025-03-25T14:12:49Z,11,4,15
tektoncd/pipeline,8661,2025-03-24T11:00:55Z,2025-03-24T12:10:48Z,8,3,11
tektoncd/pipeline,8658,2025-03-20T19:11:54Z,,236,3287,3523
tektoncd/pipeline,8657,2025-03-19T18:50:58Z,2025-07-07T10:08:00Z,4,5,9
tektoncd/pipeline,8656,2025-03-18T08:47:00Z,,46,12,58
tektoncd/pipeline,8655,2025-03-17T19:24:00Z,,1,1,2
tektoncd/pipeline,8654,2025-03-17T19:21:46Z,2025-03-18T16:22:46Z,1,1,2
tektoncd/pipeline,8653,2025-03-17T19:04:08Z,2025-03-18T16:20:46Z,3,3,6
tektoncd/pipeline,8651,2025-03-17T09:50:02Z,2025-03-18T16:46:45Z,181,13,194
tektoncd/pipeline,8650,2025-03-14T20:59:17Z,2025-04-09T02:32:55Z,2,2,4
tektoncd/pipeline,8649,2025-03-14T10:48:50Z,2025-03-14T16:06:11Z,181,13,194
tektoncd/pipeline,8648,2025-03-14T10:48:21Z,2025-03-14T15:40:11Z,181,13,194
tektoncd/pipeline,8646,2025-03-14T03:45:24Z,2025-03-14T10:46:11Z,181,13,194
tektoncd/pipeline,8645,2025-03-13T18:18:30Z,2025-03-28T15:18:50Z,8,8,16
tektoncd/pipeline,8644,2025-03-13T06:17:35Z,2025-03-13T16:40:11Z,56,1,57
tektoncd/pipeline,8642,2025-03-12T22:54:12Z,,2064,59,2123
tektoncd/pipeline,8641,2025-03-12T20:22:11Z,2025-03-13T16:42:11Z,181,13,194
tektoncd/pipeline,8640,2025-03-11T18:21:07Z,,1335,424,1759
tektoncd/pipeline,8639,2025-03-11T18:20:40Z,,2506,1523,4029
tektoncd/pipeline,8638,2025-03-11T17:57:51Z,,312,51,363
tektoncd/pipeline,8636,2025-03-11T14:47:47Z,2025-08-15T14:58:06Z,859,35,894
tektoncd/pipeline,8635,2025-03-11T13:22:08Z,2025-04-01T15:34:52Z,31,6,37
tektoncd/pipeline,8633,2025-03-10T18:32:20Z,2025-03-12T14:39:06Z,3,3,6
tektoncd/pipeline,8632,2025-03-10T18:17:42Z,2025-03-12T14:37:07Z,3,3,6
tektoncd/pipeline,8631,2025-03-07T18:18:37Z,,3258,350,3608
tektoncd/pipeline,8630,2025-03-07T18:09:53Z,2025-03-12T12:15:06Z,15,0,15
tektoncd/pipeline,8629,2025-03-07T15:21:40Z,2025-07-07T10:04:00Z,294,23,317
tektoncd/pipeline,8626,2025-03-06T18:59:21Z,,2493,1485,3978
tektoncd/pipeline,8625,2025-03-06T18:59:12Z,,1185,424,1609
tektoncd/pipeline,8624,2025-03-06T17:38:17Z,2025-08-14T15:00:06Z,9,3,12
tektoncd/pipeline,8620,2025-03-04T20:09:13Z,,72,5,77
tektoncd/pipeline,8619,2025-03-04T18:43:34Z,2025-03-06T08:57:03Z,65,26,91
tektoncd/pipeline,8618,2025-03-04T18:43:29Z,2025-03-06T09:21:03Z,4,4,8
tektoncd/pipeline,8617,2025-03-04T18:43:19Z,,1213,447,1660
tektoncd/pipeline,8616,2025-03-04T01:12:03Z,,2,2,4
tektoncd/pipeline,8615,2025-03-03T18:49:04Z,2025-03-04T11:45:02Z,4,5,9
tektoncd/pipeline,8614,2025-03-03T18:48:56Z,2025-03-13T11:18:11Z,1936,321,2257
tektoncd/pipeline,8613,2025-03-03T18:48:49Z,2025-03-04T11:43:02Z,48,22,70
tektoncd/pipeline,8612,2025-03-03T18:48:39Z,2025-03-04T11:39:03Z,10,9,19
tektoncd/pipeline,8611,2025-03-03T18:16:03Z,2025-03-04T11:41:03Z,3,3,6
tektoncd/pipeline,8610,2025-03-03T18:14:53Z,2025-03-04T11:37:03Z,1,1,2
tektoncd/pipeline,8609,2025-03-03T18:14:50Z,2025-03-04T11:35:03Z,1,1,2
tektoncd/pipeline,8608,2025-03-03T18:14:44Z,2025-03-13T10:52:12Z,1,1,2
tektoncd/pipeline,8606,2025-03-03T14:51:33Z,2025-03-03T15:27:02Z,5,0,5
tektoncd/pipeline,8605,2025-03-03T10:40:02Z,2025-04-01T15:32:52Z,26,2,28
tektoncd/pipeline,8604,2025-03-03T10:22:03Z,2025-03-03T15:25:02Z,1,0,1
tektoncd/pipeline,8603,2025-03-01T07:04:48Z,2025-03-28T16:44:50Z,40,194,234
tektoncd/pipeline,8601,2025-02-27T17:33:32Z,2025-04-22T15:44:42Z,105,7188,7293
tektoncd/pipeline,8600,2025-02-27T15:59:07Z,2025-04-07T10:24:54Z,153,54,207
tektoncd/pipeline,8599,2025-02-26T16:55:57Z,2025-07-30T20:57:21Z,2185,2,2187
tektoncd/pipeline,8598,2025-02-25T18:08:58Z,2025-03-03T14:25:02Z,412,215,627
tektoncd/pipeline,8597,2025-02-25T18:08:48Z,2025-03-03T14:23:02Z,4,4,8
tektoncd/pipeline,8596,2025-02-25T18:08:43Z,2025-03-03T11:39:01Z,92,74,166
tektoncd/pipeline,8595,2025-02-25T18:08:34Z,2025-03-03T11:37:02Z,2673,12,2685
tektoncd/pipeline,8594,2025-02-24T19:47:16Z,2025-03-03T14:17:02Z,251,1544,1795
tektoncd/pipeline,8593,2025-02-24T19:47:13Z,2025-02-25T10:05:02Z,4,4,8
tektoncd/pipeline,8592,2025-02-24T19:47:09Z,2025-03-03T12:09:01Z,3,3,6
tektoncd/pipeline,8591,2025-02-24T19:47:02Z,2025-02-25T10:03:02Z,7,7,14
tektoncd/pipeline,8590,2025-02-24T19:46:58Z,2025-02-25T10:01:03Z,1,1,2
tektoncd/pipeline,8589,2025-02-24T19:26:44Z,2025-03-03T12:05:01Z,3,3,6
tektoncd/pipeline,8588,2025-02-24T18:41:42Z,2025-05-12T08:45:53Z,100,3124,3224
tektoncd/pipeline,8585,2025-02-19T18:58:07Z,2025-02-25T09:59:02Z,725,157,882
tektoncd/pipeline,8584,2025-02-19T18:57:24Z,2025-02-25T09:57:03Z,8,8,16
tektoncd/pipeline,8583,2025-02-19T12:34:24Z,2025-02-19T14:28:56Z,122,47,169
tektoncd/pipeline,8582,2025-02-19T12:32:41Z,2025-02-19T14:48:56Z,122,22,144
tektoncd/pipeline,8581,2025-02-19T12:31:08Z,2025-02-19T14:26:55Z,122,47,169
tektoncd/pipeline,8580,2025-02-19T12:27:50Z,2025-02-19T20:34:56Z,122,22,144
tektoncd/pipeline,8579,2025-02-19T10:43:54Z,2025-02-20T10:50:56Z,225,2694,2919
tektoncd/pipeline,8578,2025-02-18T18:57:04Z,,592,99,691
tektoncd/pipeline,8577,2025-02-18T12:29:42Z,2025-02-19T12:22:55Z,122,47,169
tektoncd/pipeline,8576,2025-02-18T09:28:47Z,2025-02-25T09:55:03Z,1200,120,1320
tektoncd/pipeline,8574,2025-02-17T20:36:33Z,2025-03-28T17:24:50Z,147,6,153
tektoncd/pipeline,8573,2025-02-17T18:18:03Z,2025-02-18T08:22:56Z,3,3,6
tektoncd/pipeline,8570,2025-02-17T15:57:10Z,2025-02-17T22:22:55Z,1,1,2
tektoncd/pipeline,8569,2025-02-17T14:06:40Z,2025-02-20T10:47:01Z,10,14,24
tektoncd/pipeline,8568,2025-02-14T18:58:42Z,2025-02-18T11:12:57Z,116,126,242
tektoncd/pipeline,8567,2025-02-13T18:20:10Z,2025-02-18T09:26:55Z,12,12,24
tektoncd/pipeline,8566,2025-02-13T18:20:01Z,,8,8,16
tektoncd/pipeline,8565,2025-02-13T18:07:48Z,,110,119,229
tektoncd/pipeline,8563,2025-02-12T18:42:12Z,,101,110,211
tektoncd/pipeline,8562,2025-02-11T08:47:47Z,2025-02-13T21:40:53Z,20,5,25
tektoncd/pipeline,8560,2025-02-10T18:49:41Z,2025-02-11T16:12:56Z,3,3,6
tektoncd/pipeline,8559,2025-02-07T10:59:17Z,2025-02-07T14:15:43Z,21,15,36
tektoncd/pipeline,8557,2025-02-06T18:40:41Z,2025-02-08T12:57:43Z,29,384,413
tektoncd/pipeline,8555,2025-02-05T18:17:11Z,,18063,1600,19663
tektoncd/pipeline,8554,2025-02-04T18:09:13Z,2025-02-06T07:01:34Z,5,4,9
tektoncd/pipeline,8553,2025-02-04T18:08:56Z,,18004,1600,19604
tektoncd/pipeline,8552,2025-02-03T18:37:07Z,2025-02-04T14:03:32Z,3,3,6
tektoncd/pipeline,8551,2025-02-03T18:24:41Z,2025-02-25T09:53:04Z,142,125,267
tektoncd/pipeline,8550,2025-02-03T18:24:19Z,2025-02-07T11:05:43Z,7,7,14
tektoncd/pipeline,8549,2025-02-03T18:09:52Z,2025-02-06T01:45:33Z,3,3,6
tektoncd/pipeline,8548,2025-02-03T09:34:33Z,2025-03-03T16:35:02Z,193,23,216
tektoncd/pipeline,8547,2025-01-31T18:35:02Z,,3139,209,3348
tektoncd/pipeline,8546,2025-01-31T16:47:14Z,2025-04-28T23:06:43Z,146,811,957
tektoncd/pipeline,8545,2025-01-31T10:20:42Z,2025-01-31T10:59:40Z,2,1,3
tektoncd/pipeline,8544,2025-01-31T05:23:50Z,2025-03-19T13:28:52Z,724,101,825
tektoncd/pipeline,8542,2025-01-30T10:35:57Z,2025-03-20T10:10:46Z,360,167,527
tektoncd/pipeline,8541,2025-01-29T18:37:46Z,2025-01-30T12:39:39Z,2522,1834,4356
tektoncd/pipeline,8540,2025-01-29T09:21:30Z,2025-01-30T10:47:39Z,1,2,3
tektoncd/pipeline,8538,2025-01-28T16:09:25Z,2025-02-18T22:38:56Z,141212,51551,192763
tektoncd/pipeline,8537,2025-01-28T16:01:33Z,2025-04-01T16:30:52Z,199,68,267
tektoncd/pipeline,8536,2025-01-28T12:59:09Z,2025-01-30T14:31:39Z,562,19,581
tektoncd/pipeline,8534,2025-01-27T18:44:56Z,2025-01-27T22:03:40Z,3,3,6
tektoncd/pipeline,8533,2025-01-27T18:29:57Z,2025-01-30T11:57:46Z,3,3,6
tektoncd/pipeline,8532,2025-01-27T18:12:17Z,,2522,1835,4357
tektoncd/pipeline,8530,2025-01-24T18:34:54Z,2025-01-27T17:09:38Z,80,63,143
tektoncd/pipeline,8528,2025-01-24T08:24:29Z,2025-01-28T12:11:38Z,217,17,234
tektoncd/pipeline,8527,2025-01-23T18:34:52Z,2025-01-27T17:53:38Z,2067,147,2214
tektoncd/pipeline,8526,2025-01-23T18:34:41Z,,624,323,947
tektoncd/pipeline,8525,2025-01-23T18:34:19Z,2025-01-27T22:39:38Z,152,40,192
tektoncd/pipeline,8524,2025-01-23T16:20:11Z,2025-02-20T11:18:56Z,3,3,6
tektoncd/pipeline,8522,2025-01-23T01:42:49Z,,29,1,30
tektoncd/pipeline,8521,2025-01-22T18:46:06Z,,5,5,10
tektoncd/pipeline,8520,2025-01-22T18:46:00Z,2025-01-23T14:59:44Z,820,458,1278
tektoncd/pipeline,8519,2025-01-22T18:45:52Z,2025-01-23T14:59:36Z,5,10,15
tektoncd/pipeline,8518,2025-01-22T18:45:46Z,2025-01-23T14:05:36Z,6438,9054,15492
tektoncd/pipeline,8517,2025-01-22T17:53:51Z,2025-04-25T13:34:42Z,28,0,28
tektoncd/pipeline,8516,2025-01-22T17:53:47Z,2025-01-22T18:39:36Z,28,0,28
tektoncd/pipeline,8515,2025-01-22T17:53:44Z,2025-01-22T18:39:36Z,28,0,28
tektoncd/pipeline,8513,2025-01-22T15:57:53Z,,238,22,260
tektoncd/pipeline,8512,2025-01-22T13:49:43Z,,20,13,33
tektoncd/pipeline,8511,2025-01-21T13:47:39Z,,949,308,1257
tektoncd/pipeline,8510,2025-01-20T20:49:51Z,2025-01-24T11:11:36Z,4,0,4
tektoncd/pipeline,8509,2025-01-20T18:55:47Z,2025-01-22T12:29:58Z,3,3,6
tektoncd/pipeline,8508,2025-01-20T18:55:40Z,2025-01-23T15:41:36Z,1,1,2
tektoncd/pipeline,8507,2025-01-20T18:55:38Z,2025-01-22T12:29:51Z,4,4,8
tektoncd/pipeline,8506,2025-01-20T18:34:33Z,2025-01-22T12:29:44Z,3,3,6
tektoncd/pipeline,8505,2025-01-20T18:23:44Z,2025-01-22T13:01:36Z,37,30,67
tektoncd/pipeline,8504,2025-01-20T18:23:36Z,2025-01-22T12:29:37Z,4,4,8
tektoncd/pipeline,8503,2025-01-20T18:23:27Z,2025-01-22T11:53:37Z,4,4,8
tektoncd/pipeline,8502,2025-01-17T18:26:15Z,2025-01-20T13:07:34Z,63,657,720
tektoncd/pipeline,8501,2025-01-17T18:26:03Z,,37,30,67
tektoncd/pipeline,8500,2025-01-17T18:25:56Z,2025-01-20T12:27:35Z,2464,1544,4008
tektoncd/pipeline,8499,2025-01-16T18:35:46Z,2025-01-20T14:57:35Z,4,4,8
tektoncd/pipeline,8498,2025-01-16T18:35:00Z,2025-01-17T13:04:17Z,209,134,343
tektoncd/pipeline,8497,2025-01-16T18:34:52Z,2025-01-17T13:04:10Z,95,153,248
tektoncd/pipeline,8496,2025-01-16T18:34:47Z,2025-01-17T12:28:03Z,15,15,30
tektoncd/pipeline,8494,2025-01-15T18:32:02Z,2025-01-16T12:52:04Z,20,13,33
tektoncd/pipeline,8493,2025-01-15T18:31:55Z,2025-01-16T13:28:03Z,167,50,217
tektoncd/pipeline,8492,2025-01-15T18:31:50Z,,4,4,8
tektoncd/pipeline,8491,2025-01-15T18:31:42Z,2025-01-16T12:18:03Z,1966,13,1979
tektoncd/pipeline,8490,2025-01-15T16:09:17Z,2025-03-11T15:45:09Z,29251,523,29774
tektoncd/pipeline,8489,2025-01-15T15:07:55Z,2025-01-16T16:48:04Z,1,1,2
tektoncd/pipeline,8488,2025-01-14T18:21:01Z,2025-01-15T11:46:02Z,3066,310,3376
tektoncd/pipeline,8487,2025-01-14T15:40:20Z,2025-04-01T04:12:51Z,204,7,211
tektoncd/pipeline,8484,2025-01-14T09:29:03Z,2025-01-14T13:26:08Z,18,4,22
tektoncd/pipeline,8482,2025-01-13T18:13:09Z,2025-04-25T15:22:42Z,66168,51253,117421
tektoncd/pipeline,8481,2025-01-13T18:09:20Z,2025-01-14T13:26:01Z,3,3,6
tektoncd/pipeline,8480,2025-01-13T15:11:41Z,2025-01-13T23:02:01Z,25,15,40
tektoncd/pipeline,8478,2025-01-09T18:51:17Z,2025-01-14T19:08:08Z,7999,815,8814
tektoncd/pipeline,8477,2025-01-09T18:50:31Z,2025-01-15T10:38:02Z,1316,768,2084
tektoncd/pipeline,8476,2025-01-09T18:49:56Z,2025-01-14T19:08:01Z,14191,8485,22676
tektoncd/pipeline,8475,2025-01-09T18:48:48Z,2025-01-14T12:24:04Z,1902,12749,14651
tektoncd/pipeline,8474,2025-01-08T16:16:52Z,2025-01-14T18:08:01Z,8117,1343,9460
tektoncd/pipeline,8472,2025-01-06T18:43:20Z,2025-01-17T13:04:03Z,155,127,282
tektoncd/pipeline,8471,2025-01-06T18:42:41Z,2025-01-09T09:34:04Z,3,3,6
tektoncd/pipeline,8470,2025-01-06T18:24:45Z,2025-01-09T08:54:03Z,1,1,2
tektoncd/pipeline,8469,2025-01-03T18:57:10Z,,18003,1599,19602
tektoncd/pipeline,8468,2025-01-03T18:10:16Z,,155,127,282
tektoncd/pipeline,8466,2025-01-02T18:29:51Z,,155,127,282
tektoncd/pipeline,8465,2025-01-02T09:28:45Z,2025-01-03T20:08:49Z,28,0,28
tektoncd/pipeline,8463,2025-01-01T18:44:24Z,,155,124,279
tektoncd/pipeline,8462,2024-12-30T18:36:38Z,,17978,1600,19578
tektoncd/pipeline,8461,2024-12-30T12:15:56Z,2025-01-09T19:00:05Z,2,1,3
tektoncd/pipeline,8460,2024-12-24T18:45:43Z,,17863,1586,19449
tektoncd/pipeline,8459,2024-12-23T19:01:28Z,2025-01-02T17:16:49Z,3,3,6
tektoncd/pipeline,8458,2024-12-23T18:39:12Z,2025-01-02T16:34:49Z,3,3,6
tektoncd/pipeline,8455,2024-12-20T10:50:57Z,,915,295,1210
tektoncd/pipeline,8454,2024-12-20T07:35:53Z,2025-01-13T12:48:00Z,2,4,6
tektoncd/pipeline,8453,2024-12-20T07:21:08Z,2025-01-09T10:20:04Z,558,0,558
tektoncd/pipeline,8452,2024-12-20T07:20:56Z,2025-01-09T10:20:04Z,558,0,558
tektoncd/pipeline,8451,2024-12-20T07:20:45Z,2025-01-08T18:08:53Z,330,4,334
tektoncd/pipeline,8450,2024-12-20T07:20:34Z,2025-01-09T10:20:04Z,587,0,587
tektoncd/pipeline,8449,2024-12-19T18:06:51Z,,17791,1579,19370
tektoncd/pipeline,8447,2024-12-18T12:12:08Z,2025-01-03T20:56:49Z,88,15,103
tektoncd/pipeline,8444,2024-12-17T23:14:51Z,2025-02-18T08:58:55Z,1,1,2
tektoncd/pipeline,8443,2024-12-17T07:12:47Z,,38886,11476,50362
tektoncd/pipeline,8442,2024-12-17T07:09:53Z,,57605,24220,81825
tektoncd/pipeline,8441,2024-12-17T07:06:07Z,2025-01-14T16:26:02Z,30403,7696,38099
tektoncd/pipeline,8440,2024-12-16T18:51:12Z,2024-12-17T08:10:32Z,3,3,6
tektoncd/pipeline,8439,2024-12-16T18:20:45Z,2024-12-17T07:30:32Z,3,3,6
tektoncd/pipeline,8438,2024-12-16T11:24:43Z,2024-12-16T12:34:32Z,23235,5063,28298
tektoncd/pipeline,8437,2024-12-15T05:55:29Z,2024-12-20T08:12:43Z,1,1,2
tektoncd/pipeline,8435,2024-12-13T19:03:47Z,,10156,17490,27646
tektoncd/pipeline,8434,2024-12-13T19:03:09Z,,10236,13605,23841
tektoncd/pipeline,8433,2024-12-13T19:02:51Z,,1764,12633,14397
tektoncd/pipeline,8432,2024-12-13T19:02:39Z,,3530,13549,17079
tektoncd/pipeline,8431,2024-12-12T14:12:58Z,2024-12-13T11:36:30Z,24,24,48
tektoncd/pipeline,8430,2024-12-12T14:12:54Z,2024-12-12T16:18:29Z,23235,5063,28298
tektoncd/pipeline,8429,2024-12-10T07:58:47Z,2024-12-17T19:24:32Z,1,12,13
tektoncd/pipeline,8428,2024-12-09T18:55:33Z,2024-12-12T09:44:44Z,1,1,2
tektoncd/pipeline,8427,2024-12-09T18:42:42Z,,17782,1578,19360
tektoncd/pipeline,8426,2024-12-09T18:15:43Z,2024-12-12T09:44:37Z,1,1,2
tektoncd/pipeline,8425,2024-12-09T18:15:39Z,2024-12-12T09:44:30Z,1,1,2
tektoncd/pipeline,8424,2024-12-09T18:15:35Z,2024-12-11T09:05:24Z,3,3,6
tektoncd/pipeline,8423,2024-12-09T15:33:32Z,2024-12-10T14:42:32Z,19,8,27
tektoncd/pipeline,8421,2024-12-06T09:31:07Z,2024-12-06T14:36:29Z,5,2,7
tektoncd/pipeline,8420,2024-12-05T21:55:02Z,2024-12-06T07:30:29Z,1,1,2
tektoncd/pipeline,8419,2024-12-05T18:31:54Z,2024-12-05T21:02:29Z,11,1,12
tektoncd/pipeline,8418,2024-12-05T18:00:37Z,,1886,208,2094
tektoncd/pipeline,8417,2024-12-05T12:54:47Z,2024-12-05T15:16:29Z,109,0,109
tektoncd/pipeline,8415,2024-12-05T11:35:34Z,2024-12-05T13:24:29Z,3,3,6
tektoncd/pipeline,8414,2024-12-04T22:23:02Z,2024-12-05T10:58:28Z,12,0,12
tektoncd/pipeline,8412,2024-12-04T12:31:00Z,2024-12-04T19:50:28Z,1,3,4
tektoncd/pipeline,8411,2024-12-03T23:28:44Z,2024-12-05T12:42:36Z,433,1,434
tektoncd/pipeline,8410,2024-12-03T18:25:47Z,,1886,208,2094
tektoncd/pipeline,8409,2024-12-03T11:10:45Z,2024-12-03T13:18:27Z,6,12,18
tektoncd/pipeline,8408,2024-12-02T19:13:03Z,2024-12-03T10:38:28Z,3,3,6
tektoncd/pipeline,8406,2024-11-25T19:48:44Z,2024-11-26T08:14:30Z,3,3,6
tektoncd/pipeline,8405,2024-11-25T19:42:19Z,2024-11-26T08:14:24Z,27,27,54
tektoncd/pipeline,8404,2024-11-25T18:58:22Z,2024-11-26T09:00:24Z,1,1,2
tektoncd/pipeline,8403,2024-11-25T18:58:18Z,2024-12-03T11:42:27Z,3,3,6
tektoncd/pipeline,8402,2024-11-25T18:58:12Z,2024-11-26T07:10:24Z,4,4,8
tektoncd/pipeline,8401,2024-11-25T11:14:43Z,2024-11-27T13:38:25Z,6,12,18
tektoncd/pipeline,8400,2024-11-25T09:17:12Z,2024-11-25T14:42:23Z,1,1,2
tektoncd/pipeline,8399,2024-11-22T10:49:27Z,2025-01-30T11:57:39Z,60,14,74
tektoncd/pipeline,8397,2024-11-21T07:56:32Z,2024-11-25T09:16:23Z,1,1,2
tektoncd/pipeline,8396,2024-11-19T18:31:22Z,,1886,208,2094
tektoncd/pipeline,8395,2024-11-18T18:43:25Z,2024-11-19T09:44:21Z,3,3,6
tektoncd/pipeline,8394,2024-11-18T18:18:38Z,2024-11-18T18:50:20Z,3,3,6
tektoncd/pipeline,8393,2024-11-18T16:08:43Z,,1,1,2
tektoncd/pipeline,8392,2024-11-18T16:08:37Z,2024-11-18T16:40:20Z,1,1,2
tektoncd/pipeline,8391,2024-11-18T16:08:33Z,2024-11-18T16:50:20Z,1,1,2
tektoncd/pipeline,8390,2024-11-18T16:08:30Z,2024-11-18T16:44:21Z,1,1,2
tektoncd/pipeline,8389,2024-11-18T14:57:54Z,2024-11-18T15:42:20Z,1,1,2
tektoncd/pipeline,8387,2024-11-12T08:51:42Z,2024-11-12T09:32:17Z,75,7,82
tektoncd/pipeline,8386,2024-11-11T18:54:36Z,2024-11-12T11:46:17Z,136,203,339
tektoncd/pipeline,8385,2024-11-11T18:53:07Z,2024-11-12T09:16:26Z,3,3,6
tektoncd/pipeline,8384,2024-11-11T18:53:05Z,2024-11-12T09:16:19Z,4,4,8
tektoncd/pipeline,8383,2024-11-11T18:53:02Z,2024-11-12T08:34:18Z,1,1,2
tektoncd/pipeline,8382,2024-11-11T13:14:25Z,2024-11-11T16:50:18Z,75,7,82
tektoncd/pipeline,8377,2024-11-06T18:52:30Z,,1886,208,2094
tektoncd/pipeline,8376,2024-11-06T13:36:21Z,2024-11-06T14:50:31Z,122,1,123
tektoncd/pipeline,8375,2024-11-06T09:03:03Z,2024-12-05T12:42:29Z,3,3,6
tektoncd/pipeline,8374,2024-11-05T18:19:09Z,2024-11-05T19:40:31Z,15,4,19
tektoncd/pipeline,8373,2024-11-05T18:18:30Z,2024-11-05T19:40:31Z,15,4,19
tektoncd/pipeline,8372,2024-11-05T18:17:53Z,2024-11-05T19:40:31Z,15,4,19
tektoncd/pipeline,8371,2024-11-05T18:17:15Z,2024-11-05T19:40:31Z,15,4,19
tektoncd/pipeline,8370,2024-11-05T10:16:54Z,2024-11-05T11:02:31Z,192,40,232
tektoncd/pipeline,8369,2024-11-05T10:16:49Z,2024-11-05T11:00:31Z,192,40,232
tektoncd/pipeline,8368,2024-11-05T10:16:42Z,2024-11-05T11:02:31Z,192,40,232
tektoncd/pipeline,8367,2024-11-05T10:16:38Z,2024-11-05T11:06:30Z,192,40,232
tektoncd/pipeline,8366,2024-11-05T09:41:04Z,2025-01-14T11:34:01Z,1541,27,1568
tektoncd/pipeline,8365,2024-11-05T09:10:30Z,2024-11-05T09:58:30Z,20,1,21
tektoncd/pipeline,8364,2024-11-05T09:10:27Z,2024-11-05T09:54:31Z,20,1,21
tektoncd/pipeline,8363,2024-11-04T19:05:22Z,2024-11-05T10:00:32Z,5,5,10
tektoncd/pipeline,8362,2024-11-02T21:50:10Z,,1,0,1
tektoncd/pipeline,8361,2024-11-01T18:53:07Z,,17776,1574,19350
tektoncd/pipeline,8360,2024-11-01T02:46:14Z,,8,3,11
tektoncd/pipeline,8356,2024-10-30T10:19:33Z,2024-11-05T18:16:30Z,15,4,19
tektoncd/pipeline,8355,2024-10-29T11:03:23Z,2024-11-06T10:52:31Z,20,15,35
tektoncd/pipeline,8354,2024-10-28T18:54:18Z,2024-10-29T11:46:43Z,5,5,10
tektoncd/pipeline,8353,2024-10-28T18:48:22Z,2024-10-29T11:46:37Z,1,1,2
tektoncd/pipeline,8352,2024-10-28T18:48:20Z,,1,1,2
tektoncd/pipeline,8351,2024-10-28T18:48:17Z,2024-10-29T11:46:30Z,1,1,2
tektoncd/pipeline,8350,2024-10-28T18:48:14Z,2024-11-12T09:54:17Z,4,4,8
tektoncd/pipeline,8349,2024-10-28T18:48:11Z,2024-10-29T11:04:27Z,3,3,6
tektoncd/pipeline,8348,2024-10-28T18:09:20Z,,1886,208,2094
tektoncd/pipeline,8344,2024-10-24T01:32:24Z,2024-11-04T17:08:30Z,20,1,21
tektoncd/pipeline,8343,2024-10-23T05:35:03Z,2025-04-24T22:22:42Z,20,2,22
tektoncd/pipeline,8342,2024-10-21T18:35:52Z,2024-10-24T09:02:52Z,5,5,10
tektoncd/pipeline,8340,2024-10-17T11:26:57Z,2025-03-12T12:31:06Z,102,174,276
tektoncd/pipeline,8339,2024-10-15T18:30:30Z,,23449,17440,40889
tektoncd/pipeline,8338,2024-10-15T18:30:11Z,,24472,17915,42387
tektoncd/pipeline,8337,2024-10-15T18:30:04Z,,30366,18038,48404
tektoncd/pipeline,8336,2024-10-15T18:29:32Z,,30621,22103,52724
tektoncd/pipeline,8335,2024-10-15T13:12:44Z,2024-10-16T09:16:30Z,184,35,219
tektoncd/pipeline,8334,2024-10-15T13:12:27Z,2024-10-16T09:16:30Z,173,31,204
tektoncd/pipeline,8333,2024-10-15T13:12:20Z,2024-10-16T09:16:30Z,101,25,126
tektoncd/pipeline,8332,2024-10-15T13:05:52Z,2024-10-16T09:16:30Z,101,25,126
tektoncd/pipeline,8331,2024-10-14T18:50:37Z,2024-10-15T14:20:36Z,5,5,10
tektoncd/pipeline,8330,2024-10-14T18:28:22Z,2024-10-15T13:38:30Z,3,3,6
tektoncd/pipeline,8329,2024-10-14T18:28:14Z,2024-10-15T14:20:30Z,1,1,2
tektoncd/pipeline,8328,2024-10-14T18:28:13Z,2024-10-15T15:08:29Z,1,1,2
tektoncd/pipeline,8327,2024-10-14T09:52:05Z,,3,1,4
tektoncd/pipeline,8326,2024-10-13T08:12:29Z,2024-10-19T16:15:06Z,1,0,1
tektoncd/pipeline,8325,2024-10-11T18:09:54Z,,17410,1571,18981
tektoncd/pipeline,8323,2024-10-10T15:21:02Z,2024-10-16T10:36:30Z,7,0,7
tektoncd/pipeline,8321,2024-10-07T18:42:01Z,2024-10-08T14:42:22Z,1,1,2
tektoncd/pipeline,8320,2024-10-07T18:41:58Z,2024-10-08T15:30:15Z,1,1,2
tektoncd/pipeline,8319,2024-10-07T18:41:55Z,2024-10-08T14:42:16Z,1,1,2
tektoncd/pipeline,8318,2024-10-07T18:41:53Z,2024-10-08T14:42:09Z,3,3,6
tektoncd/pipeline,8317,2024-10-07T18:41:46Z,2024-10-08T13:44:10Z,4,4,8
tektoncd/pipeline,8316,2024-10-07T18:22:40Z,2024-10-10T11:36:09Z,5,5,10
tektoncd/pipeline,8314,2024-10-07T13:52:11Z,2024-10-29T12:26:28Z,192,40,232
tektoncd/pipeline,8312,2024-10-02T07:57:04Z,2025-01-09T15:46:04Z,67,8,75
tektoncd/pipeline,8311,2024-10-01T19:49:12Z,2024-10-02T11:22:06Z,6,5,11
tektoncd/pipeline,8310,2024-09-30T19:05:09Z,,5,5,10
tektoncd/pipeline,8309,2024-09-30T18:29:31Z,2024-10-01T09:10:20Z,1,1,2
tektoncd/pipeline,8308,2024-09-30T18:29:27Z,2024-10-01T09:10:13Z,3,3,6
tektoncd/pipeline,8307,2024-09-30T18:29:22Z,2024-10-01T09:10:05Z,4,4,8
tektoncd/pipeline,8306,2024-09-30T16:52:50Z,2025-01-14T03:00:00Z,1167,446,1613
tektoncd/pipeline,8305,2024-09-27T18:34:09Z,,1886,208,2094
tektoncd/pipeline,8304,2024-09-27T10:27:16Z,2024-10-02T12:08:05Z,14,5,19
tektoncd/pipeline,8302,2024-09-27T09:17:21Z,2024-10-10T14:10:09Z,12,7,19
tektoncd/pipeline,8301,2024-09-27T05:13:18Z,,0,78,78
tektoncd/pipeline,8300,2024-09-25T14:20:13Z,2024-09-25T15:08:02Z,5,5,10
tektoncd/pipeline,8299,2024-09-25T14:17:31Z,2024-09-26T09:58:03Z,15,6,21
tektoncd/pipeline,8298,2024-09-25T14:07:16Z,,6,1,7
tektoncd/pipeline,8297,2024-09-25T13:57:45Z,2024-09-26T09:58:03Z,6,1,7
tektoncd/pipeline,8296,2024-09-25T13:57:32Z,2024-09-26T10:28:03Z,6,1,7
tektoncd/pipeline,8295,2024-09-25T13:57:22Z,2024-09-26T10:00:03Z,6,1,7
tektoncd/pipeline,8294,2024-09-25T12:50:05Z,2024-09-25T13:52:03Z,6,1,7
tektoncd/pipeline,8292,2024-09-24T16:32:55Z,2024-10-30T07:32:28Z,119,3,122
tektoncd/pipeline,8291,2024-09-24T15:40:11Z,2024-09-25T11:00:03Z,1,1,2
tektoncd/pipeline,8290,2024-09-23T19:35:51Z,2024-09-26T08:44:03Z,11,1,12
tektoncd/pipeline,8289,2024-09-23T18:33:35Z,2024-09-24T08:48:02Z,3,3,6
tektoncd/pipeline,8288,2024-09-23T18:31:45Z,,4,4,8
tektoncd/pipeline,8287,2024-09-23T14:17:23Z,2024-09-25T12:40:02Z,1,1,2
tektoncd/pipeline,8286,2024-09-23T13:17:14Z,2024-10-08T15:30:09Z,142,24,166
tektoncd/pipeline,8285,2024-09-23T12:50:45Z,2024-09-23T13:34:01Z,1,1,2
tektoncd/pipeline,8281,2024-09-20T18:45:01Z,2024-09-26T10:46:03Z,10572,4052,14624
tektoncd/pipeline,8280,2024-09-19T06:23:22Z,2024-10-17T11:21:05Z,350,18,368
tektoncd/pipeline,8279,2024-09-19T02:18:12Z,,22,3,25
tektoncd/pipeline,8278,2024-09-18T12:31:58Z,2024-09-19T08:45:27Z,8,7,15
tektoncd/pipeline,8277,2024-09-18T09:53:15Z,2024-10-01T09:08:06Z,50,1,51
tektoncd/pipeline,8276,2024-09-18T09:49:45Z,2024-10-01T09:12:06Z,53,1,54
tektoncd/pipeline,8275,2024-09-18T09:46:31Z,2024-10-01T09:04:06Z,53,1,54
tektoncd/pipeline,8274,2024-09-18T09:42:05Z,2024-09-23T08:44:01Z,54,1,55
tektoncd/pipeline,8273,2024-09-18T07:23:02Z,2024-09-18T08:55:26Z,54,1,55
tektoncd/pipeline,8272,2024-09-17T12:25:53Z,2024-09-18T07:21:26Z,54,1,55
tektoncd/pipeline,8270,2024-09-17T02:58:26Z,2024-09-26T14:30:03Z,69,9,78
tektoncd/pipeline,8269,2024-09-16T18:44:34Z,2024-09-17T09:57:20Z,4,4,8
tektoncd/pipeline,8268,2024-09-16T18:44:31Z,2024-09-17T10:51:21Z,1,1,2
tektoncd/pipeline,8267,2024-09-16T18:44:27Z,2024-09-17T08:41:21Z,3,3,6
tektoncd/pipeline,8266,2024-09-16T18:12:35Z,2024-09-16T21:05:21Z,5,5,10
tektoncd/pipeline,8264,2024-09-16T14:24:31Z,,85,36,121
tektoncd/pipeline,8263,2024-09-15T19:56:23Z,2024-09-30T21:08:04Z,828,63,891
tektoncd/pipeline,8262,2024-09-12T18:23:05Z,,3168,1700,4868
tektoncd/pipeline,8261,2024-09-12T09:48:38Z,2024-09-12T19:55:19Z,16,1,17
tektoncd/pipeline,8260,2024-09-11T16:55:10Z,2024-09-11T17:39:18Z,18,3,21
tektoncd/pipeline,8259,2024-09-11T08:15:55Z,2024-09-11T16:45:18Z,7,5,12
tektoncd/pipeline,8257,2024-09-10T18:42:57Z,,3167,1700,4867
tektoncd/pipeline,8256,2024-09-10T14:58:54Z,2024-09-10T21:37:18Z,1,1,2
tektoncd/pipeline,8254,2024-09-09T19:02:40Z,2024-10-24T10:28:51Z,70,73,143
tektoncd/pipeline,8253,2024-09-09T18:42:20Z,2024-09-10T11:21:17Z,5,5,10
tektoncd/pipeline,8252,2024-09-09T11:23:47Z,2024-09-12T10:37:19Z,7,0,7
tektoncd/pipeline,8251,2024-09-09T10:45:32Z,2024-09-10T08:23:18Z,20,6,26
tektoncd/pipeline,8250,2024-09-09T10:13:38Z,2024-09-30T10:30:05Z,18,9,27
tektoncd/pipeline,8248,2024-09-06T18:44:58Z,,3167,1700,4867
tektoncd/pipeline,8247,2024-09-06T13:58:19Z,2024-09-09T14:51:29Z,5,1,6
tektoncd/pipeline,8246,2024-09-06T12:28:21Z,2024-09-09T14:51:22Z,5,2,7
tektoncd/pipeline,8245,2024-09-06T08:56:14Z,2024-09-09T12:25:29Z,549,933,1482
tektoncd/pipeline,8244,2024-09-06T08:56:10Z,2024-09-27T08:38:03Z,814,183,997
tektoncd/pipeline,8243,2024-09-06T08:55:55Z,2024-09-06T09:41:21Z,31,11,42
tektoncd/pipeline,8242,2024-09-05T11:32:41Z,,0,0,0
tektoncd/pipeline,8241,2024-09-05T09:24:17Z,,56,4,60
tektoncd/pipeline,8240,2024-09-04T18:52:35Z,,14811,14445,29256
tektoncd/pipeline,8239,2024-09-04T18:51:35Z,,2023,12660,14683
tektoncd/pipeline,8238,2024-09-04T18:51:27Z,,4374,12873,17247
tektoncd/pipeline,8237,2024-09-04T18:50:19Z,,1748,12621,14369
tektoncd/pipeline,8236,2024-09-03T02:48:41Z,2024-09-24T16:32:02Z,119,3,122
tektoncd/pipeline,8235,2024-09-02T18:44:06Z,2024-09-04T14:17:20Z,5,5,10
tektoncd/pipeline,8234,2024-09-02T18:30:31Z,,1847,207,2054
tektoncd/pipeline,8233,2024-09-02T18:13:47Z,2024-09-09T12:25:22Z,1,1,2
tektoncd/pipeline,8232,2024-09-02T18:13:43Z,2024-09-03T13:43:19Z,3,3,6
tektoncd/pipeline,8231,2024-09-02T18:13:38Z,2024-10-02T20:34:06Z,1,1,2
tektoncd/pipeline,8229,2024-08-30T19:07:34Z,2024-09-05T10:45:20Z,36,11,47
tektoncd/pipeline,8228,2024-08-30T09:55:52Z,2024-09-02T20:31:18Z,301,190,491
tektoncd/pipeline,8227,2024-08-29T10:11:16Z,2024-08-29T12:03:17Z,548,472,1020
tektoncd/pipeline,8226,2024-08-28T16:17:37Z,2024-08-30T09:35:17Z,184,118,302
tektoncd/pipeline,8223,2024-08-26T18:20:02Z,2024-08-28T21:09:17Z,1,1,2
tektoncd/pipeline,8222,2024-08-26T18:19:58Z,,3,3,6
tektoncd/pipeline,8221,2024-08-26T18:06:50Z,,5,5,10
tektoncd/pipeline,8220,2024-08-23T18:53:05Z,,1845,207,2052
tektoncd/pipeline,8219,2024-08-23T18:43:44Z,2024-08-26T18:29:15Z,536,435,971
tektoncd/pipeline,8218,2024-08-23T10:16:07Z,2024-08-23T19:02:12Z,4,4,8
tektoncd/pipeline,8217,2024-08-21T18:45:17Z,,105,111,216
tektoncd/pipeline,8216,2024-08-21T09:14:41Z,2024-08-22T14:58:12Z,82,1,83
tektoncd/pipeline,8213,2024-08-20T01:59:03Z,2024-08-20T08:20:11Z,17,1,18
tektoncd/pipeline,8212,2024-08-19T18:10:05Z,2024-08-20T10:08:11Z,5,5,10
tektoncd/pipeline,8211,2024-08-19T18:09:54Z,2024-08-20T08:26:12Z,3,3,6
tektoncd/pipeline,8210,2024-08-19T03:33:16Z,,380,5,385
tektoncd/pipeline,8208,2024-08-14T18:39:28Z,,72,80,152
tektoncd/pipeline,8206,2024-08-13T18:06:58Z,,72,80,152
tektoncd/pipeline,8204,2024-08-12T18:57:42Z,2024-08-13T09:50:36Z,5,5,10
tektoncd/pipeline,8203,2024-08-12T18:50:58Z,2024-08-13T09:08:36Z,1,1,2
tektoncd/pipeline,8202,2024-08-12T18:50:56Z,2024-08-13T10:34:34Z,4,4,8
tektoncd/pipeline,8201,2024-08-12T18:50:53Z,2024-08-13T08:22:34Z,3,3,6
tektoncd/pipeline,8200,2024-08-12T11:49:10Z,2024-08-14T18:26:34Z,17,1,18
tektoncd/pipeline,8199,2024-08-09T09:47:43Z,2024-08-13T23:46:34Z,59,0,59
tektoncd/pipeline,8198,2024-08-09T08:05:27Z,2024-08-09T16:25:14Z,56,25,81
tektoncd/pipeline,8197,2024-08-09T04:35:15Z,2024-08-22T15:40:33Z,548,472,1020
tektoncd/pipeline,8195,2024-08-07T18:46:21Z,,2130,11455,13585
tektoncd/pipeline,8194,2024-08-07T18:46:10Z,,4453,11654,16107
tektoncd/pipeline,8193,2024-08-07T18:45:36Z,,5517,13702,19219
tektoncd/pipeline,8192,2024-08-07T18:45:09Z,,3286,12197,15483
tektoncd/pipeline,8191,2024-08-07T16:06:14Z,2024-08-07T20:13:14Z,1,2,3
tektoncd/pipeline,8190,2024-08-07T16:06:10Z,2024-08-07T20:43:13Z,1,2,3
tektoncd/pipeline,8189,2024-08-07T16:06:05Z,2024-08-07T20:15:13Z,1,2,3
tektoncd/pipeline,8188,2024-08-07T16:06:00Z,2024-08-07T20:15:13Z,1,2,3
tektoncd/pipeline,8187,2024-08-07T15:04:02Z,2024-08-08T15:33:14Z,56,25,81
tektoncd/pipeline,8186,2024-08-07T07:31:35Z,2025-02-24T15:54:58Z,435,203,638
tektoncd/pipeline,8185,2024-08-06T18:23:13Z,,1845,207,2052
tektoncd/pipeline,8184,2024-08-06T14:17:27Z,2024-08-07T15:53:13Z,1,2,3
tektoncd/pipeline,8182,2024-08-06T09:58:23Z,2024-09-18T10:43:33Z,185,44,229
tektoncd/pipeline,8180,2024-08-05T18:35:29Z,2024-08-06T09:33:19Z,2,2,4
tektoncd/pipeline,8179,2024-08-05T18:28:36Z,2024-08-06T08:31:13Z,1,1,2
tektoncd/pipeline,8178,2024-08-05T18:28:33Z,2024-08-06T09:33:13Z,1,1,2
tektoncd/pipeline,8176,2024-08-05T08:25:45Z,2024-08-22T15:40:26Z,101,19,120
tektoncd/pipeline,8174,2024-08-03T10:20:07Z,2024-09-05T17:43:20Z,26,3,29
tektoncd/pipeline,8173,2024-08-03T04:57:05Z,2024-08-22T15:40:19Z,136,0,136
tektoncd/pipeline,8171,2024-08-02T05:52:46Z,2024-08-24T10:12:13Z,7,3,10
tektoncd/pipeline,8169,2024-07-31T14:48:56Z,2024-08-01T08:31:15Z,54,1,55
tektoncd/pipeline,8168,2024-07-31T14:20:42Z,2024-07-31T14:53:15Z,54,1,55
tektoncd/pipeline,8167,2024-07-31T14:20:39Z,2024-07-31T15:09:15Z,54,1,55
tektoncd/pipeline,8166,2024-07-31T12:31:44Z,2024-08-27T15:01:17Z,58,22,80
tektoncd/pipeline,8164,2024-07-30T18:18:50Z,,17045,1557,18602
tektoncd/pipeline,8162,2024-07-29T18:58:22Z,2024-07-30T09:25:22Z,3,3,6
tektoncd/pipeline,8161,2024-07-29T18:58:15Z,2024-07-30T09:25:15Z,1,1,2
tektoncd/pipeline,8160,2024-07-29T18:26:29Z,2024-07-30T08:45:16Z,5,5,10
tektoncd/pipeline,8159,2024-07-29T13:23:33Z,,22,11,33
tektoncd/pipeline,8158,2024-07-29T12:57:17Z,2024-07-31T13:39:15Z,54,1,55
tektoncd/pipeline,8156,2024-07-26T18:53:24Z,,1845,207,2052
tektoncd/pipeline,8155,2024-07-25T18:09:44Z,,4340,11637,15977
tektoncd/pipeline,8154,2024-07-25T18:09:29Z,2024-07-30T10:05:15Z,3767,3433,7200
tektoncd/pipeline,8149,2024-07-24T08:30:22Z,2024-07-25T12:49:47Z,415,0,415
tektoncd/pipeline,8147,2024-07-24T07:15:56Z,2024-07-25T12:49:41Z,358,0,358
tektoncd/pipeline,8146,2024-07-22T19:08:00Z,2024-07-24T21:29:40Z,533,533,1066
tektoncd/pipeline,8145,2024-07-22T18:22:10Z,,1,1,2
tektoncd/pipeline,8144,2024-07-22T18:22:04Z,2024-07-25T00:41:47Z,3,3,6
tektoncd/pipeline,8143,2024-07-22T18:21:58Z,2024-07-25T01:33:53Z,4,4,8
tektoncd/pipeline,8142,2024-07-22T18:21:36Z,2024-07-25T00:41:41Z,2,2,4
tektoncd/pipeline,8141,2024-07-22T14:20:42Z,,79,17,96
tektoncd/pipeline,8139,2024-07-19T18:32:20Z,2024-07-25T01:33:47Z,531,347,878
tektoncd/pipeline,8138,2024-07-18T19:02:26Z,2024-07-25T02:23:47Z,3,5,8
tektoncd/pipeline,8137,2024-07-18T18:41:23Z,2024-07-25T01:33:40Z,4,5,9
tektoncd/pipeline,8136,2024-07-18T18:41:16Z,,8,8,16
tektoncd/pipeline,8135,2024-07-18T13:56:20Z,2024-07-19T17:26:53Z,1,1,2
tektoncd/pipeline,8134,2024-07-18T01:54:47Z,2024-07-18T13:54:54Z,5,5,10
tektoncd/pipeline,8133,2024-07-18T00:27:21Z,2024-07-18T01:50:53Z,266,266,532
tektoncd/pipeline,8132,2024-07-17T19:01:44Z,2024-07-18T17:42:53Z,6,4,10
tektoncd/pipeline,8131,2024-07-17T18:32:39Z,2024-07-18T14:52:53Z,5,6,11
tektoncd/pipeline,8130,2024-07-17T18:31:23Z,,9,10,19
tektoncd/pipeline,8127,2024-07-16T03:48:34Z,2024-07-18T10:08:53Z,315,13,328
tektoncd/pipeline,8126,2024-07-15T19:06:08Z,,5,5,10
tektoncd/pipeline,8125,2024-07-15T18:08:44Z,2024-07-15T18:56:51Z,1,1,2
tektoncd/pipeline,8124,2024-07-15T18:08:38Z,2024-07-16T16:24:52Z,3,3,6
tektoncd/pipeline,8123,2024-07-15T12:24:09Z,2024-07-15T15:12:52Z,1,1,2
tektoncd/pipeline,8122,2024-07-15T10:07:59Z,2024-07-15T12:12:51Z,1,1,2
tektoncd/pipeline,8121,2024-07-13T21:05:56Z,2024-07-15T15:12:52Z,127,0,127
tektoncd/pipeline,8120,2024-07-13T20:57:38Z,2024-07-15T15:12:52Z,127,0,127
tektoncd/pipeline,8119,2024-07-13T20:50:02Z,2024-07-15T15:12:52Z,127,0,127
tektoncd/pipeline,8118,2024-07-12T19:01:11Z,,3217,12173,15390
tektoncd/pipeline,8117,2024-07-12T19:00:57Z,,3755,12705,16460
tektoncd/pipeline,8116,2024-07-12T19:00:39Z,,2115,11436,13551
tektoncd/pipeline,8113,2024-07-11T19:03:06Z,,4,4,8
tektoncd/pipeline,8111,2024-07-10T23:29:08Z,2024-07-15T17:02:51Z,15,14,29
tektoncd/pipeline,8109,2024-07-10T19:28:13Z,2024-07-11T05:56:17Z,0,2,2
tektoncd/pipeline,8108,2024-07-09T19:20:50Z,2024-07-18T04:24:53Z,126,73,199
tektoncd/pipeline,8107,2024-07-09T18:45:39Z,,1837,208,2045
tektoncd/pipeline,8106,2024-07-09T15:37:59Z,2024-07-19T16:38:53Z,645,21,666
tektoncd/pipeline,8105,2024-07-09T12:27:32Z,2024-07-09T13:54:18Z,46,1,47
tektoncd/pipeline,8104,2024-07-08T18:07:20Z,2024-07-25T02:23:40Z,1,1,2
tektoncd/pipeline,8103,2024-07-08T15:59:06Z,2024-07-24T23:11:41Z,156,28,184
tektoncd/pipeline,8102,2024-07-06T11:34:43Z,2024-07-08T15:02:16Z,141,3,144
tektoncd/pipeline,8101,2024-07-05T03:33:12Z,,127,0,127
tektoncd/pipeline,8100,2024-07-05T03:33:07Z,,127,0,127
tektoncd/pipeline,8099,2024-07-05T03:29:29Z,,127,0,127
tektoncd/pipeline,8098,2024-07-04T23:46:39Z,2024-07-05T09:43:29Z,8,2,10
tektoncd/pipeline,8097,2024-07-04T19:09:15Z,2024-07-04T20:03:28Z,164,9,173
tektoncd/pipeline,8096,2024-07-04T18:10:32Z,,3169,11160,14329
tektoncd/pipeline,8095,2024-07-04T06:41:56Z,2024-07-04T07:39:28Z,46,1,47
tektoncd/pipeline,8094,2024-07-04T06:41:50Z,2024-07-04T07:37:28Z,46,1,47
tektoncd/pipeline,8093,2024-07-04T06:38:16Z,2024-07-04T07:23:28Z,46,1,47
tektoncd/pipeline,8092,2024-07-03T18:26:32Z,2024-07-04T09:09:29Z,278,150,428
tektoncd/pipeline,8090,2024-07-03T15:17:01Z,2024-07-04T15:27:28Z,15,33,48
tektoncd/pipeline,8089,2024-07-03T07:22:39Z,2024-07-04T20:39:28Z,127,0,127
tektoncd/pipeline,8088,2024-07-01T19:04:29Z,,102,2,104
tektoncd/pipeline,8087,2024-07-01T19:01:30Z,2024-07-04T21:31:28Z,5,5,10
tektoncd/pipeline,8085,2024-07-01T18:52:07Z,2024-07-04T08:07:28Z,3,3,6
tektoncd/pipeline,8084,2024-06-28T02:21:10Z,2024-07-03T15:23:28Z,46,1,47
tektoncd/pipeline,8082,2024-06-27T18:43:52Z,,3047,10777,13824
tektoncd/pipeline,8081,2024-06-27T18:42:57Z,,1945,10040,11985
tektoncd/pipeline,8080,2024-06-26T18:15:38Z,,1837,208,2045
tektoncd/pipeline,8078,2024-06-26T13:39:49Z,2024-07-03T14:15:27Z,6,6,12
tektoncd/pipeline,8077,2024-06-25T22:51:51Z,2024-07-04T10:23:28Z,15,5,20
tektoncd/pipeline,8076,2024-06-25T18:18:01Z,,2530,10674,13204
tektoncd/pipeline,8075,2024-06-24T19:05:56Z,2024-06-27T12:45:44Z,5,5,10
tektoncd/pipeline,8074,2024-06-24T19:03:14Z,2024-06-27T13:39:43Z,1,1,2
tektoncd/pipeline,8073,2024-06-24T18:55:49Z,2024-06-27T11:43:43Z,4,4,8
tektoncd/pipeline,8072,2024-06-22T19:09:24Z,2024-07-04T19:59:35Z,21,5,26
tektoncd/pipeline,8070,2024-06-19T15:04:45Z,2024-07-02T17:29:27Z,539,539,1078
tektoncd/pipeline,8069,2024-06-18T18:23:51Z,,4,4,8
tektoncd/pipeline,8068,2024-06-18T18:23:43Z,,8,8,16
tektoncd/pipeline,8067,2024-06-18T18:23:33Z,2024-06-19T10:39:19Z,4,4,8
tektoncd/pipeline,8066,2024-06-18T18:23:23Z,2024-06-19T09:49:19Z,12,12,24
tektoncd/pipeline,8065,2024-06-18T09:26:18Z,2024-06-24T14:37:21Z,17,1,18
tektoncd/pipeline,8064,2024-06-18T09:19:35Z,2024-06-24T14:39:21Z,20,1,21
tektoncd/pipeline,8063,2024-06-18T08:59:46Z,2024-06-24T14:39:21Z,22,1,23
tektoncd/pipeline,8061,2024-06-17T18:54:19Z,2024-06-18T08:02:58Z,3,3,6
tektoncd/pipeline,8060,2024-06-17T18:54:11Z,2024-06-18T05:48:38Z,4,4,8
tektoncd/pipeline,8059,2024-06-17T18:29:54Z,2024-06-18T06:50:46Z,27,21,48
tektoncd/pipeline,8058,2024-06-17T18:29:45Z,2024-06-18T06:50:40Z,194,35,229
tektoncd/pipeline,8057,2024-06-17T18:26:20Z,2024-06-18T08:02:52Z,5,5,10
tektoncd/pipeline,8056,2024-06-17T13:11:46Z,2024-07-31T16:19:15Z,104,30,134
tektoncd/pipeline,8054,2024-06-16T09:41:29Z,,4332,19,4351
tektoncd/pipeline,8053,2024-06-13T15:34:44Z,2024-06-17T10:38:37Z,10,0,10
tektoncd/pipeline,8052,2024-06-13T13:57:04Z,2024-07-17T00:08:52Z,454,9,463
tektoncd/pipeline,8051,2024-06-13T12:24:37Z,2024-06-18T08:02:45Z,23,1,24
tektoncd/pipeline,8050,2024-06-12T18:16:27Z,,2,0,2
tektoncd/pipeline,8049,2024-06-12T18:15:59Z,2024-06-18T11:07:18Z,6,7,13
tektoncd/pipeline,8048,2024-06-12T18:15:29Z,2024-06-13T14:00:36Z,3,2,5
tektoncd/pipeline,8047,2024-06-12T12:01:48Z,2024-06-18T08:02:39Z,2,6,8
tektoncd/pipeline,8046,2024-06-11T18:25:46Z,2024-06-11T19:28:35Z,775,667,1442
tektoncd/pipeline,8044,2024-06-10T19:30:50Z,2024-06-11T02:06:34Z,9,2,11
tektoncd/pipeline,8043,2024-06-10T18:58:48Z,2024-06-17T16:38:38Z,5,4,9
tektoncd/pipeline,8042,2024-06-10T18:45:12Z,,1662,203,1865
tektoncd/pipeline,8041,2024-06-10T18:42:22Z,2024-06-12T16:06:36Z,232,32,264
tektoncd/pipeline,8040,2024-06-10T18:36:11Z,2024-06-11T14:27:09Z,5,5,10
tektoncd/pipeline,8039,2024-06-10T18:22:10Z,2024-06-11T14:27:02Z,1,1,2
tektoncd/pipeline,8038,2024-06-10T18:22:06Z,2024-06-11T14:26:56Z,3,3,6
tektoncd/pipeline,8037,2024-06-10T18:21:58Z,2024-06-11T14:26:49Z,4,4,8
tektoncd/pipeline,8036,2024-06-10T18:11:17Z,2024-06-11T14:26:41Z,34,34,68
tektoncd/pipeline,8035,2024-06-10T10:10:20Z,2024-06-18T09:14:39Z,739,2298,3037
tektoncd/pipeline,8033,2024-06-07T05:53:13Z,2025-04-01T12:30:52Z,8,0,8
tektoncd/pipeline,8032,2024-06-06T18:24:50Z,2024-07-02T19:05:28Z,17,13,30
tektoncd/pipeline,8030,2024-06-06T08:56:02Z,2024-06-11T13:04:35Z,2,1,3
tektoncd/pipeline,8029,2024-06-06T08:51:31Z,2024-06-14T11:08:37Z,164,9,173
tektoncd/pipeline,8027,2024-06-06T07:42:11Z,2024-07-04T19:59:28Z,1,1,2
tektoncd/pipeline,8026,2024-06-05T18:58:52Z,2024-06-06T09:45:13Z,218,159,377
tektoncd/pipeline,8025,2024-06-05T18:58:37Z,,12,586,598
tektoncd/pipeline,8024,2024-06-05T14:49:36Z,2024-08-22T15:40:13Z,67,1,68
tektoncd/pipeline,8023,2024-06-05T09:23:21Z,2024-06-24T14:41:21Z,89,1,90
tektoncd/pipeline,8021,2024-06-04T22:18:59Z,2024-06-04T23:23:12Z,119,0,119
tektoncd/pipeline,8020,2024-06-04T19:27:29Z,2024-06-05T12:47:13Z,95,0,95
tektoncd/pipeline,8019,2024-06-04T18:14:43Z,,119,0,119
tektoncd/pipeline,8018,2024-06-04T18:14:35Z,2024-06-04T19:11:12Z,119,0,119
tektoncd/pipeline,8017,2024-06-04T18:13:12Z,2024-06-04T19:11:12Z,119,0,119
tektoncd/pipeline,8016,2024-06-04T15:56:07Z,2024-06-04T18:09:12Z,119,0,119
tektoncd/pipeline,8014,2024-06-03T18:53:57Z,2024-06-04T11:37:26Z,1,1,2
tektoncd/pipeline,8013,2024-06-03T18:53:50Z,2024-06-04T11:37:19Z,1,1,2
tektoncd/pipeline,8012,2024-06-03T18:53:46Z,2024-06-04T12:31:13Z,1,1,2
tektoncd/pipeline,8011,2024-06-03T18:53:42Z,2024-06-04T11:37:13Z,3,3,6
tektoncd/pipeline,8010,2024-06-03T18:53:35Z,2024-06-04T13:31:12Z,1,1,2
tektoncd/pipeline,8009,2024-06-03T18:33:53Z,,5,5,10
tektoncd/pipeline,8007,2024-05-29T19:03:13Z,2024-06-03T15:07:12Z,300,125,425
tektoncd/pipeline,8006,2024-05-29T17:31:19Z,2024-06-27T14:31:43Z,33,63,96
tektoncd/pipeline,8004,2024-05-29T17:03:38Z,2024-06-03T19:13:12Z,1,1,2
tektoncd/pipeline,8002,2024-05-28T18:43:39Z,,1662,203,1865
tektoncd/pipeline,8001,2024-05-28T18:25:19Z,2024-06-03T11:21:12Z,21125,271,21396
tektoncd/pipeline,8000,2024-05-28T18:24:58Z,2024-05-29T14:58:41Z,5,5,10
tektoncd/pipeline,7999,2024-05-28T18:24:45Z,2024-06-03T12:21:12Z,403,107,510
tektoncd/pipeline,7998,2024-05-28T18:24:18Z,2024-06-03T10:15:12Z,8283,4065,12348
tektoncd/pipeline,7997,2024-05-28T18:15:23Z,2024-05-28T19:20:41Z,8,5,13
tektoncd/pipeline,7996,2024-05-27T19:35:27Z,2024-05-27T21:18:40Z,30,16,46
tektoncd/pipeline,7995,2024-05-27T18:37:43Z,2024-05-27T20:45:01Z,5,5,10
tektoncd/pipeline,7994,2024-05-27T18:25:37Z,2024-05-27T19:36:42Z,27,4,31
tektoncd/pipeline,7993,2024-05-27T18:13:45Z,2024-05-27T20:44:54Z,3,3,6
tektoncd/pipeline,7992,2024-05-27T18:13:41Z,2024-05-27T20:44:47Z,1,1,2
tektoncd/pipeline,7991,2024-05-27T18:08:10Z,2024-05-27T20:44:41Z,22,22,44
tektoncd/pipeline,7990,2024-05-27T17:48:28Z,2024-05-27T19:34:47Z,30,16,46
tektoncd/pipeline,7989,2024-05-27T11:33:28Z,2024-05-28T15:46:41Z,42109,26000,68109
tektoncd/pipeline,7987,2024-05-26T10:43:47Z,,250,10,260
tektoncd/pipeline,7985,2024-05-24T18:37:04Z,2024-05-28T13:02:41Z,73,13,86
tektoncd/pipeline,7984,2024-05-24T16:44:38Z,2024-05-27T18:24:40Z,27,4,31
tektoncd/pipeline,7983,2024-05-24T16:28:50Z,,114,40,154
tektoncd/pipeline,7982,2024-05-23T23:00:07Z,2024-06-03T16:35:12Z,173,5,178
tektoncd/pipeline,7979,2024-05-23T18:45:00Z,,1662,203,1865
tektoncd/pipeline,7978,2024-05-23T14:38:13Z,2024-07-05T15:55:28Z,1799,246,2045
tektoncd/pipeline,7976,2024-05-22T20:16:41Z,2024-05-23T00:18:38Z,8,0,8
tektoncd/pipeline,7975,2024-05-21T18:46:34Z,2024-05-22T08:36:39Z,386,55,441
tektoncd/pipeline,7974,2024-05-21T18:46:17Z,,386,55,441
tektoncd/pipeline,7973,2024-05-21T18:45:56Z,,14890,9545,24435
tektoncd/pipeline,7972,2024-05-21T18:45:32Z,2024-05-22T14:10:38Z,15187,9981,25168
tektoncd/pipeline,7970,2024-05-21T10:18:49Z,2024-05-28T12:08:48Z,13,4,17
tektoncd/pipeline,7969,2024-05-21T06:18:09Z,2024-06-11T14:26:35Z,232,46,278
tektoncd/pipeline,7968,2024-05-20T19:01:11Z,2024-05-21T13:28:44Z,3,3,6
tektoncd/pipeline,7967,2024-05-20T19:01:03Z,2024-05-21T12:12:38Z,3,3,6
tektoncd/pipeline,7966,2024-05-20T18:57:23Z,2024-05-21T10:12:38Z,27,27,54
tektoncd/pipeline,7965,2024-05-20T18:44:37Z,,5,5,10
tektoncd/pipeline,7964,2024-05-20T14:48:02Z,,203,72,275
tektoncd/pipeline,7962,2024-05-19T08:00:11Z,,80,48,128
tektoncd/pipeline,7961,2024-05-17T18:25:35Z,2024-05-21T13:28:37Z,383,13310,13693
tektoncd/pipeline,7960,2024-05-17T18:25:19Z,,5,5,10
tektoncd/pipeline,7958,2024-05-17T09:37:59Z,2024-07-11T23:38:24Z,3,0,3
tektoncd/pipeline,7957,2024-05-17T09:27:11Z,2024-05-17T15:46:33Z,207,13,220
tektoncd/pipeline,7956,2024-05-17T09:27:07Z,2024-05-17T16:14:32Z,207,13,220
tektoncd/pipeline,7955,2024-05-17T09:27:04Z,2024-05-17T15:46:33Z,207,13,220
tektoncd/pipeline,7953,2024-05-17T08:17:36Z,2024-08-22T16:28:12Z,4,4,8
tektoncd/pipeline,7952,2024-05-16T20:10:05Z,2024-05-17T12:18:33Z,74,1,75
tektoncd/pipeline,7950,2024-05-16T16:36:28Z,2024-05-16T22:34:32Z,16,0,16
tektoncd/pipeline,7949,2024-05-15T19:00:59Z,2024-05-16T13:14:33Z,3,5,8
tektoncd/pipeline,7948,2024-05-15T19:00:47Z,2024-05-16T10:34:46Z,6,4,10
tektoncd/pipeline,7947,2024-05-15T18:32:22Z,2024-05-16T10:34:39Z,598,557,1155
tektoncd/pipeline,7946,2024-05-15T18:32:04Z,2024-05-16T10:34:32Z,444,271,715
tektoncd/pipeline,7945,2024-05-15T14:26:11Z,2024-05-15T15:54:31Z,34,6,40
tektoncd/pipeline,7944,2024-05-13T18:34:41Z,2024-05-15T04:42:39Z,4,4,8
tektoncd/pipeline,7943,2024-05-13T18:27:56Z,2024-05-15T04:42:32Z,1,1,2
tektoncd/pipeline,7942,2024-05-13T18:27:50Z,2024-05-15T05:42:31Z,3,3,6
tektoncd/pipeline,7941,2024-05-13T18:27:32Z,2024-05-15T03:46:31Z,1,1,2
tektoncd/pipeline,7937,2024-05-09T10:33:43Z,2024-05-16T11:52:45Z,5,4,9
tektoncd/pipeline,7936,2024-05-08T19:03:15Z,2024-05-10T00:46:54Z,16,16,32
tektoncd/pipeline,7934,2024-05-06T18:38:48Z,2024-05-10T00:46:48Z,3,3,6
tektoncd/pipeline,7933,2024-05-06T18:38:44Z,2024-05-10T00:46:42Z,3,3,6
tektoncd/pipeline,7932,2024-05-06T18:36:22Z,2024-05-10T00:46:36Z,5,5,10
tektoncd/pipeline,7931,2024-05-06T18:30:02Z,2024-05-10T00:46:29Z,492,258,750
tektoncd/pipeline,7930,2024-05-06T15:47:29Z,2024-05-16T20:28:32Z,378,8,386
tektoncd/pipeline,7928,2024-05-03T18:34:21Z,2024-05-06T15:50:28Z,65,12186,12251
tektoncd/pipeline,7927,2024-05-03T18:12:12Z,2024-05-06T14:42:28Z,94,82,176
tektoncd/pipeline,7926,2024-04-30T18:12:47Z,2024-05-02T15:08:00Z,539,372,911
tektoncd/pipeline,7925,2024-04-29T18:56:37Z,2024-04-30T19:40:11Z,2,2,4
tektoncd/pipeline,7924,2024-04-29T18:46:52Z,2024-04-30T19:40:05Z,3,3,6
tektoncd/pipeline,7923,2024-04-29T18:46:47Z,2024-04-30T19:39:58Z,3,3,6
tektoncd/pipeline,7921,2024-04-29T09:34:17Z,2024-05-15T18:20:32Z,6400,1849,8249
tektoncd/pipeline,7920,2024-04-26T23:18:05Z,2024-05-15T02:38:31Z,4076,98,4174
tektoncd/pipeline,7919,2024-04-26T18:05:53Z,,1631,193,1824
tektoncd/pipeline,7918,2024-04-26T09:39:39Z,2025-08-14T10:54:05Z,3,0,3
tektoncd/pipeline,7917,2024-04-25T22:30:08Z,2024-04-26T23:11:56Z,22,13,35
tektoncd/pipeline,7915,2024-04-25T18:43:12Z,,4,4,8
tektoncd/pipeline,7914,2024-04-25T18:37:54Z,2024-04-30T17:23:58Z,3,2,5
tektoncd/pipeline,7913,2024-04-25T16:39:06Z,2024-05-29T09:26:41Z,1441,0,1441
tektoncd/pipeline,7912,2024-04-25T10:41:42Z,2024-04-25T15:13:41Z,1,1,2
tektoncd/pipeline,7911,2024-04-24T21:07:45Z,2024-04-24T21:43:58Z,1,1,2
tektoncd/pipeline,7910,2024-04-24T19:23:38Z,2024-05-14T18:18:31Z,6784,781,7565
tektoncd/pipeline,7908,2024-04-24T18:09:29Z,2024-04-25T17:17:55Z,128,49,177
tektoncd/pipeline,7907,2024-04-24T18:09:19Z,,260,55,315
tektoncd/pipeline,7906,2024-04-24T18:09:08Z,,260,55,315
tektoncd/pipeline,7905,2024-04-24T18:09:01Z,2024-04-25T15:13:35Z,265,60,325
tektoncd/pipeline,7904,2024-04-24T14:35:37Z,,1,0,1
tektoncd/pipeline,7903,2024-04-23T15:12:44Z,2024-04-24T03:14:12Z,2,2,4
tektoncd/pipeline,7900,2024-04-22T18:24:14Z,2024-04-24T03:14:05Z,5,5,10
tektoncd/pipeline,7899,2024-04-22T18:23:17Z,2024-04-24T03:13:59Z,1,1,2
tektoncd/pipeline,7898,2024-04-22T18:23:08Z,2024-04-24T10:31:58Z,3,3,6
tektoncd/pipeline,7897,2024-04-22T18:23:03Z,2024-04-24T04:58:05Z,1,1,2
tektoncd/pipeline,7896,2024-04-22T18:22:58Z,2024-04-24T02:29:58Z,3,3,6
tektoncd/pipeline,7894,2024-04-18T17:46:54Z,2024-05-16T14:56:32Z,242,49,291
tektoncd/pipeline,7893,2024-04-18T08:54:27Z,,36,30,66
tektoncd/pipeline,7892,2024-04-17T18:53:26Z,,2,0,2
tektoncd/pipeline,7891,2024-04-17T18:53:04Z,2024-04-24T04:57:58Z,3,5,8
tektoncd/pipeline,7890,2024-04-17T18:52:36Z,2024-04-22T03:10:06Z,17,9,26
tektoncd/pipeline,7889,2024-04-17T18:28:16Z,2024-04-22T02:31:57Z,103,16,119
tektoncd/pipeline,7887,2024-04-16T12:57:30Z,2024-04-25T16:37:55Z,300,71,371
tektoncd/pipeline,7885,2024-04-15T19:14:09Z,2024-04-22T03:09:59Z,5,5,10
tektoncd/pipeline,7884,2024-04-15T18:32:41Z,2024-04-22T03:53:57Z,3,3,6
tektoncd/pipeline,7883,2024-04-15T17:43:05Z,2024-05-09T23:40:29Z,1189,202,1391
tektoncd/pipeline,7882,2024-04-14T12:59:39Z,2024-04-15T19:08:01Z,22,6,28
tektoncd/pipeline,7879,2024-04-12T12:06:44Z,2024-05-10T18:10:30Z,151,32,183
tektoncd/pipeline,7877,2024-04-12T11:22:27Z,,300,204,504
tektoncd/pipeline,7875,2024-04-12T09:44:13Z,2024-04-12T10:17:52Z,64,29,93
tektoncd/pipeline,7874,2024-04-11T15:04:12Z,2024-04-12T09:02:26Z,1,0,1
tektoncd/pipeline,7873,2024-04-11T14:54:45Z,2024-05-16T11:52:38Z,8,8,16
tektoncd/pipeline,7872,2024-04-10T17:25:14Z,2024-04-12T09:42:00Z,307,4,311
tektoncd/pipeline,7868,2024-04-10T14:32:40Z,2024-04-12T09:02:19Z,5,5,10
tektoncd/pipeline,7867,2024-04-10T14:32:19Z,2024-04-12T09:02:12Z,1,1,2
tektoncd/pipeline,7866,2024-04-09T18:14:27Z,2024-04-12T09:02:06Z,17,20,37
tektoncd/pipeline,7864,2024-04-09T13:38:14Z,2024-04-10T13:07:53Z,0,1,1
tektoncd/pipeline,7863,2024-04-09T13:00:43Z,,11,5,16
tektoncd/pipeline,7862,2024-04-08T18:57:12Z,2024-04-12T09:01:59Z,4,4,8
tektoncd/pipeline,7861,2024-04-08T18:06:15Z,2024-04-12T09:01:52Z,3,3,6
tektoncd/pipeline,7860,2024-04-08T16:57:53Z,2024-04-10T13:53:58Z,2,2,4
tektoncd/pipeline,7859,2024-04-08T14:30:31Z,2024-04-08T19:57:50Z,490,165,655
tektoncd/pipeline,7858,2024-04-08T14:28:24Z,2024-04-08T19:57:50Z,421,964,1385
tektoncd/pipeline,7857,2024-04-08T14:22:15Z,2024-04-08T15:23:50Z,421,964,1385
tektoncd/pipeline,7856,2024-04-08T14:19:27Z,2024-04-08T15:07:50Z,402,9936,10338
tektoncd/pipeline,7855,2024-04-08T13:18:43Z,2024-04-08T14:37:50Z,67,0,67
tektoncd/pipeline,7853,2024-04-08T03:32:27Z,2024-04-08T18:39:50Z,6,6,12
tektoncd/pipeline,7851,2024-04-06T14:13:23Z,,404,2,406
tektoncd/pipeline,7850,2024-04-05T18:05:25Z,,1578,1873,3451
tektoncd/pipeline,7849,2024-04-05T18:05:14Z,2024-04-08T01:27:58Z,4,4,8
tektoncd/pipeline,7848,2024-04-05T18:05:01Z,2024-04-08T01:27:51Z,2345,2218,4563
tektoncd/pipeline,7847,2024-04-05T18:04:45Z,2024-04-08T02:05:50Z,4,4,8
tektoncd/pipeline,7846,2024-04-05T15:40:40Z,2024-05-28T12:08:41Z,29,0,29
tektoncd/pipeline,7845,2024-04-05T15:28:16Z,2024-05-15T21:12:33Z,1196,307,1503
tektoncd/pipeline,7844,2024-04-05T14:53:33Z,2024-04-24T11:35:58Z,503,17,520
tektoncd/pipeline,7843,2024-04-05T14:14:10Z,2024-04-05T16:45:49Z,15,3,18
tektoncd/pipeline,7842,2024-04-05T11:19:56Z,2024-04-05T15:55:49Z,55,52,107
tektoncd/pipeline,7841,2024-04-05T11:11:01Z,2024-04-08T16:23:51Z,420,134,554
tektoncd/pipeline,7840,2024-04-05T10:50:06Z,2024-04-05T22:09:50Z,34328,21252,55580
tektoncd/pipeline,7839,2024-04-05T10:48:01Z,2024-04-05T22:09:50Z,32561,20519,53080
tektoncd/pipeline,7838,2024-04-05T10:46:15Z,2024-04-05T14:49:49Z,24544,17081,41625
tektoncd/pipeline,7837,2024-04-05T10:42:37Z,2024-04-05T15:35:49Z,22778,15927,38705
tektoncd/pipeline,7836,2024-04-05T10:14:26Z,2024-04-10T13:53:51Z,24,1,25
tektoncd/pipeline,7835,2024-04-04T18:13:08Z,2024-04-05T12:01:49Z,37,13,50
tektoncd/pipeline,7834,2024-04-04T18:12:59Z,2024-04-05T11:23:49Z,2062,2154,4216
tektoncd/pipeline,7833,2024-04-04T12:59:27Z,,547,183,730
tektoncd/pipeline,7832,2024-04-04T11:46:30Z,2024-04-05T22:45:49Z,5950,5642,11592
tektoncd/pipeline,7831,2024-04-03T19:03:36Z,2024-04-03T20:41:48Z,41,0,41
tektoncd/pipeline,7830,2024-04-03T18:55:54Z,2024-04-12T09:41:53Z,64,29,93
tektoncd/pipeline,7829,2024-04-03T18:39:08Z,2024-04-12T18:31:52Z,4,4,8
tektoncd/pipeline,7827,2024-04-03T16:13:13Z,,3,3,6
tektoncd/pipeline,7826,2024-04-03T16:03:23Z,2024-04-12T17:14:00Z,205,1,206
tektoncd/pipeline,7825,2024-04-02T18:15:28Z,2024-04-03T16:43:48Z,296,97,393
tektoncd/pipeline,7824,2024-04-02T18:14:58Z,2024-04-03T15:21:55Z,10341,44,10385
tektoncd/pipeline,7823,2024-04-02T18:14:40Z,2024-04-03T14:15:48Z,113,26,139
tektoncd/pipeline,7821,2024-04-01T19:07:41Z,2024-04-02T18:07:49Z,438,6,444
tektoncd/pipeline,7820,2024-04-01T19:06:27Z,2024-04-02T14:33:47Z,823,281,1104
tektoncd/pipeline,7819,2024-04-01T19:05:54Z,2024-04-02T18:47:48Z,1295,822,2117
tektoncd/pipeline,7818,2024-04-01T19:04:32Z,2024-04-02T15:28:02Z,296,179,475
tektoncd/pipeline,7817,2024-04-01T18:57:44Z,2024-04-02T15:27:55Z,1,1,2
tektoncd/pipeline,7816,2024-03-29T18:42:18Z,2024-04-02T16:17:47Z,21,21,42
tektoncd/pipeline,7815,2024-03-28T18:14:54Z,2024-04-02T15:27:47Z,169,22,191
tektoncd/pipeline,7814,2024-03-28T15:09:23Z,2024-03-28T17:06:40Z,33,1,34
tektoncd/pipeline,7813,2024-03-28T13:10:14Z,2024-03-28T15:08:39Z,33,1,34
tektoncd/pipeline,7812,2024-03-28T02:29:23Z,2024-05-15T12:20:32Z,19,12,31
tektoncd/pipeline,7810,2024-03-27T23:04:49Z,2024-04-03T15:21:48Z,144,18,162
tektoncd/pipeline,7809,2024-03-27T06:56:58Z,2024-03-27T12:18:38Z,26,1,27
tektoncd/pipeline,7808,2024-03-27T00:30:28Z,2024-04-02T13:27:48Z,63058,31541,94599
tektoncd/pipeline,7806,2024-03-26T18:06:25Z,2024-03-26T23:48:38Z,274,4,278
tektoncd/pipeline,7803,2024-03-25T18:20:53Z,2024-03-25T23:22:39Z,1,1,2
tektoncd/pipeline,7802,2024-03-25T18:20:47Z,2024-03-25T22:32:38Z,4,4,8
tektoncd/pipeline,7801,2024-03-25T15:45:16Z,2024-03-25T22:52:29Z,0,5,5
tektoncd/pipeline,7800,2024-03-25T14:37:41Z,2024-03-25T16:32:38Z,0,8,8
tektoncd/pipeline,7799,2024-03-25T14:36:56Z,2024-03-25T16:34:37Z,0,8,8
tektoncd/pipeline,7798,2024-03-25T14:36:01Z,2024-03-25T15:18:38Z,0,8,8
tektoncd/pipeline,7797,2024-03-25T14:35:24Z,2024-03-25T15:36:38Z,0,8,8
tektoncd/pipeline,7796,2024-03-25T13:17:28Z,2024-03-25T14:34:38Z,0,8,8
tektoncd/pipeline,7795,2024-03-25T12:30:06Z,2024-03-25T15:44:38Z,0,5,5
tektoncd/pipeline,7792,2024-03-21T18:55:30Z,,1372,118,1490
tektoncd/pipeline,7790,2024-03-21T12:49:33Z,2024-03-26T01:56:38Z,2,2,4
tektoncd/pipeline,7789,2024-03-21T10:49:03Z,2024-05-27T19:34:41Z,851,1771,2622
tektoncd/pipeline,7788,2024-03-21T07:09:46Z,2024-07-11T23:38:17Z,39,1,40
tektoncd/pipeline,7786,2024-03-20T21:47:19Z,2024-04-11T19:51:52Z,34,17,51
tektoncd/pipeline,7785,2024-03-20T18:45:06Z,2024-03-21T04:24:35Z,98,110,208
tektoncd/pipeline,7784,2024-03-20T18:21:42Z,2024-03-21T05:08:43Z,4,4,8
tektoncd/pipeline,7783,2024-03-20T18:21:33Z,2024-03-21T05:54:36Z,43,30,73
tektoncd/pipeline,7782,2024-03-20T18:21:24Z,2024-03-21T05:08:37Z,8,5,13
tektoncd/pipeline,7781,2024-03-20T18:21:15Z,2024-03-21T11:30:36Z,4,4,8
tektoncd/pipeline,7780,2024-03-20T17:10:11Z,2024-04-06T01:33:49Z,4,3,7
tektoncd/pipeline,7776,2024-03-19T07:17:31Z,2024-04-25T11:23:59Z,75,15,90
tektoncd/pipeline,7774,2024-03-18T18:25:27Z,2024-03-20T07:16:34Z,60,30,90
tektoncd/pipeline,7773,2024-03-18T18:25:16Z,2024-03-20T05:34:49Z,1450,773,2223
tektoncd/pipeline,7772,2024-03-18T18:25:09Z,2024-03-20T05:34:42Z,324,195,519
tektoncd/pipeline,7771,2024-03-18T18:24:58Z,2024-03-19T00:32:40Z,1,1,2
tektoncd/pipeline,7770,2024-03-18T18:24:57Z,2024-03-20T06:22:35Z,5,5,10
tektoncd/pipeline,7769,2024-03-18T18:24:55Z,2024-03-19T00:32:33Z,4,4,8
tektoncd/pipeline,7768,2024-03-18T18:24:49Z,2024-03-20T05:34:34Z,3,3,6
tektoncd/pipeline,7767,2024-03-18T18:15:04Z,2024-03-18T22:56:34Z,10,6,16
tektoncd/pipeline,7766,2024-03-18T18:14:57Z,,7,4,11
tektoncd/pipeline,7765,2024-03-18T18:14:48Z,,3,5,8
tektoncd/pipeline,7763,2024-03-17T15:18:55Z,2024-04-25T15:13:28Z,15,30,45
tektoncd/pipeline,7761,2024-03-17T14:59:34Z,2024-04-25T15:59:27Z,78,3,81
tektoncd/pipeline,7758,2024-03-16T13:53:49Z,,38,0,38
tektoncd/pipeline,7757,2024-03-15T15:53:04Z,2024-03-26T01:04:38Z,26,1,27
tektoncd/pipeline,7755,2024-03-14T08:40:34Z,2024-03-27T01:30:44Z,131,18,149
tektoncd/pipeline,7750,2024-03-12T17:14:33Z,2024-04-08T11:41:50Z,22,9799,9821
tektoncd/pipeline,7748,2024-03-12T07:06:50Z,,6076,24035,30111
tektoncd/pipeline,7747,2024-03-11T18:09:05Z,2024-03-18T12:34:48Z,1,1,2
tektoncd/pipeline,7746,2024-03-11T17:49:32Z,2024-07-03T13:19:28Z,1910,344,2254
tektoncd/pipeline,7744,2024-03-07T17:35:54Z,2025-06-05T10:05:48Z,54,11,65
tektoncd/pipeline,7742,2024-03-07T03:23:26Z,2024-03-19T11:50:34Z,40,2,42
tektoncd/pipeline,7741,2024-03-06T18:12:48Z,2024-03-27T01:30:38Z,12,25,37
tektoncd/pipeline,7736,2024-03-05T08:58:33Z,,2,2,4
tektoncd/pipeline,7735,2024-03-04T18:25:56Z,2024-03-05T08:33:30Z,4,4,8
tektoncd/pipeline,7734,2024-03-04T16:12:53Z,2024-03-04T17:01:30Z,34,2,36
tektoncd/pipeline,7733,2024-03-04T16:12:15Z,2024-03-04T16:53:30Z,34,2,36
tektoncd/pipeline,7732,2024-03-01T10:02:44Z,2024-05-14T16:46:31Z,134,2,136
tektoncd/pipeline,7731,2024-03-01T02:31:35Z,2024-05-16T11:52:32Z,207,13,220
tektoncd/pipeline,7729,2024-02-29T21:12:30Z,,105,0,105
tektoncd/pipeline,7728,2024-02-29T17:13:57Z,2024-03-28T13:28:39Z,15,5,20
tektoncd/pipeline,7727,2024-02-28T18:06:54Z,2024-03-18T12:34:42Z,12532,2641,15173
tektoncd/pipeline,7726,2024-02-28T18:06:40Z,,12532,2641,15173
tektoncd/pipeline,7725,2024-02-28T18:06:27Z,,419,4,423
tektoncd/pipeline,7724,2024-02-28T18:06:15Z,,12532,2641,15173
tektoncd/pipeline,7723,2024-02-28T18:05:59Z,2024-03-18T12:34:34Z,12532,2641,15173
tektoncd/pipeline,7722,2024-02-28T05:11:23Z,2024-03-04T16:11:30Z,34,2,36
tektoncd/pipeline,7721,2024-02-27T22:19:03Z,,6613,84,6697
tektoncd/pipeline,7719,2024-02-26T19:00:22Z,2024-02-27T10:57:27Z,4,4,8
tektoncd/pipeline,7718,2024-02-26T19:00:13Z,2024-02-27T10:09:35Z,1,1,2
tektoncd/pipeline,7715,2024-02-25T15:03:52Z,,76,0,76
tektoncd/pipeline,7714,2024-02-25T15:03:01Z,2024-04-11T14:57:52Z,2690,3,2693
tektoncd/pipeline,7712,2024-02-23T18:10:27Z,2024-02-26T17:01:33Z,4,4,8
tektoncd/pipeline,7711,2024-02-23T18:09:59Z,,67,32,99
tektoncd/pipeline,7710,2024-02-23T18:09:26Z,2024-02-27T09:23:28Z,225,80,305
tektoncd/pipeline,7709,2024-02-23T18:08:43Z,2024-02-26T17:01:26Z,67,32,99
tektoncd/pipeline,7705,2024-02-22T20:38:03Z,2024-02-29T16:25:28Z,61,2,63
tektoncd/pipeline,7703,2024-02-22T18:31:06Z,2024-03-11T15:59:33Z,792,12,804
tektoncd/pipeline,7702,2024-02-22T18:26:20Z,2024-02-27T10:09:28Z,404,1296,1700
tektoncd/pipeline,7701,2024-02-22T16:02:07Z,2024-02-26T16:05:27Z,27,27,54
tektoncd/pipeline,7697,2024-02-22T10:22:21Z,2024-03-02T17:25:29Z,3,0,3
tektoncd/pipeline,7696,2024-02-21T18:27:55Z,2024-02-22T10:11:24Z,212,85,297
tektoncd/pipeline,7695,2024-02-21T18:27:44Z,2024-02-22T09:31:25Z,105,98,203
tektoncd/pipeline,7694,2024-02-21T18:09:22Z,,1147,94,1241
tektoncd/pipeline,7692,2024-02-21T14:54:25Z,2024-02-21T18:55:25Z,1,1,2
tektoncd/pipeline,7689,2024-02-21T06:42:59Z,2024-02-21T09:01:24Z,1,1,2
tektoncd/pipeline,7688,2024-02-20T22:06:08Z,2024-09-18T10:43:26Z,1,1,2
tektoncd/pipeline,7687,2024-02-20T21:32:51Z,2024-02-21T10:15:24Z,14,3,17
tektoncd/pipeline,7686,2024-02-19T18:34:43Z,2024-02-20T16:55:24Z,12,1,13
tektoncd/pipeline,7685,2024-02-19T18:10:37Z,2024-02-20T09:39:24Z,4,4,8
tektoncd/pipeline,7684,2024-02-19T18:10:34Z,2024-02-20T08:55:23Z,1,1,2
tektoncd/pipeline,7683,2024-02-16T23:54:44Z,2024-03-15T13:36:32Z,753,23,776
tektoncd/pipeline,7682,2024-02-16T18:19:24Z,2024-02-19T10:19:23Z,5,5,10
tektoncd/pipeline,7681,2024-02-16T18:18:49Z,2024-02-19T09:33:30Z,104,11,115
tektoncd/pipeline,7679,2024-02-16T01:57:39Z,2024-04-12T17:13:53Z,14,13,27
tektoncd/pipeline,7678,2024-02-15T19:00:32Z,2024-02-26T16:11:27Z,247,22,269
tektoncd/pipeline,7677,2024-02-15T18:58:37Z,2024-02-26T16:11:27Z,245,22,267
tektoncd/pipeline,7676,2024-02-15T18:22:06Z,2024-02-26T17:45:28Z,34,33,67
tektoncd/pipeline,7675,2024-02-15T18:13:33Z,,21,13,34
tektoncd/pipeline,7674,2024-02-15T18:13:20Z,,18,9,27
tektoncd/pipeline,7673,2024-02-15T18:13:06Z,2024-02-19T09:33:23Z,24,19,43
tektoncd/pipeline,7671,2024-02-15T06:43:00Z,2024-02-26T18:33:27Z,393,122,515
tektoncd/pipeline,7670,2024-02-14T18:10:51Z,2024-02-15T15:57:21Z,34,12,46
tektoncd/pipeline,7666,2024-02-14T00:04:55Z,2024-02-15T18:11:21Z,247,22,269
tektoncd/pipeline,7665,2024-02-13T19:45:47Z,2024-02-15T17:17:21Z,4,1,5
tektoncd/pipeline,7664,2024-02-13T18:56:48Z,,1128,84,1212
tektoncd/pipeline,7663,2024-02-13T16:42:03Z,2024-02-13T18:11:20Z,1,1,2
tektoncd/pipeline,7662,2024-02-13T15:47:13Z,2024-02-21T16:31:25Z,4,0,4
tektoncd/pipeline,7661,2024-02-12T20:53:56Z,2024-02-13T08:27:20Z,178,3,181
tektoncd/pipeline,7660,2024-02-12T18:33:57Z,2024-02-12T20:13:20Z,94,2,96
tektoncd/pipeline,7659,2024-02-12T18:16:14Z,2024-02-13T14:25:27Z,84,36,120
tektoncd/pipeline,7658,2024-02-12T18:15:12Z,2024-02-13T14:25:20Z,1,1,2
tektoncd/pipeline,7657,2024-02-12T13:47:46Z,2024-02-16T18:57:21Z,5,0,5
tektoncd/pipeline,7656,2024-02-12T12:07:46Z,2024-02-12T12:47:20Z,15,1,16
tektoncd/pipeline,7655,2024-02-12T12:05:19Z,2024-02-12T12:49:20Z,15,1,16
tektoncd/pipeline,7654,2024-02-12T12:02:58Z,2024-02-12T12:47:20Z,15,1,16
tektoncd/pipeline,7653,2024-02-12T12:02:19Z,2024-02-12T13:35:19Z,45,8,53
tektoncd/pipeline,7652,2024-02-12T03:32:41Z,2024-02-12T18:33:27Z,4,4,8
tektoncd/pipeline,7651,2024-02-10T14:05:42Z,2024-02-12T18:33:21Z,94,2,96
tektoncd/pipeline,7648,2024-02-10T12:54:59Z,2024-02-16T17:29:22Z,4,4,8
tektoncd/pipeline,7646,2024-02-08T18:51:38Z,2024-02-12T12:45:28Z,136,187,323
tektoncd/pipeline,7645,2024-02-08T18:31:32Z,2024-02-12T12:45:21Z,83,26,109
tektoncd/pipeline,7644,2024-02-08T18:31:17Z,,83,26,109
tektoncd/pipeline,7643,2024-02-07T18:32:48Z,,133,184,317
tektoncd/pipeline,7642,2024-02-06T19:43:03Z,2024-02-08T10:01:31Z,45,8,53
tektoncd/pipeline,7641,2024-02-06T18:19:10Z,,76,26,102
tektoncd/pipeline,7638,2024-02-06T11:50:12Z,2024-02-06T16:19:17Z,199,3,202
tektoncd/pipeline,7637,2024-02-06T09:25:28Z,2024-02-12T20:53:20Z,178,3,181
tektoncd/pipeline,7635,2024-02-05T18:55:43Z,2024-02-08T10:01:25Z,44,30,74
tektoncd/pipeline,7634,2024-02-05T18:27:37Z,2024-02-08T10:01:18Z,4,4,8
tektoncd/pipeline,7633,2024-02-05T16:03:31Z,2024-02-12T19:53:21Z,73,18,91
tektoncd/pipeline,7632,2024-02-05T15:37:59Z,,709,38,747
tektoncd/pipeline,7630,2024-02-02T09:51:21Z,,193,17,210
tektoncd/pipeline,7628,2024-02-01T18:45:05Z,2024-02-13T09:43:26Z,1191,199,1390
tektoncd/pipeline,7627,2024-01-31T15:08:42Z,2024-02-09T15:05:20Z,531,16,547
tektoncd/pipeline,7624,2024-01-30T18:44:38Z,2024-02-12T17:45:27Z,26,15,41
tektoncd/pipeline,7622,2024-01-29T19:07:34Z,2024-02-13T09:43:20Z,1,1,2
tektoncd/pipeline,7621,2024-01-29T19:07:28Z,,4,4,8
tektoncd/pipeline,7620,2024-01-29T19:07:24Z,2024-02-12T17:45:20Z,1,1,2
tektoncd/pipeline,7616,2024-01-25T18:28:56Z,2024-01-26T10:47:03Z,4,4,8
tektoncd/pipeline,7615,2024-01-25T18:28:43Z,,0,0,0
tektoncd/pipeline,7614,2024-01-25T18:28:08Z,,1191,199,1390
tektoncd/pipeline,7613,2024-01-25T14:01:44Z,2024-01-25T19:03:03Z,7,7,14
tektoncd/pipeline,7612,2024-01-24T18:23:12Z,2024-01-25T14:17:11Z,264,152,416
tektoncd/pipeline,7611,2024-01-24T18:22:56Z,2024-01-25T14:17:04Z,57,9,66
tektoncd/pipeline,7610,2024-01-24T18:22:43Z,2024-01-25T18:09:03Z,199,1191,1390
tektoncd/pipeline,7609,2024-01-24T18:22:01Z,2024-01-25T14:59:03Z,1191,199,1390
tektoncd/pipeline,7606,2024-01-23T18:31:56Z,2024-01-24T09:55:10Z,8589,12,8601
tektoncd/pipeline,7605,2024-01-23T18:31:35Z,2024-01-24T09:55:03Z,158,231,389
tektoncd/pipeline,7604,2024-01-23T18:31:15Z,2024-01-24T11:29:03Z,235,1231,1466
tektoncd/pipeline,7603,2024-01-23T11:37:04Z,2024-02-09T17:31:18Z,105,15,120
tektoncd/pipeline,7602,2024-01-23T10:15:57Z,2024-02-12T01:11:19Z,15,1,16
tektoncd/pipeline,7600,2024-01-23T05:55:48Z,,1,1,2
tektoncd/pipeline,7598,2024-01-22T19:00:01Z,2024-03-11T13:05:33Z,90,1,91
tektoncd/pipeline,7597,2024-01-22T18:49:29Z,2024-01-23T17:53:29Z,167,28,195
tektoncd/pipeline,7596,2024-01-22T18:49:17Z,2024-01-23T17:53:22Z,4,4,8
tektoncd/pipeline,7595,2024-01-22T18:49:00Z,,105,98,203
tektoncd/pipeline,7594,2024-01-22T18:48:49Z,2024-01-23T17:53:15Z,7973,5820,13793
tektoncd/pipeline,7593,2024-01-22T18:48:21Z,2024-01-23T19:01:02Z,1,1,2
tektoncd/pipeline,7592,2024-01-22T18:48:14Z,2024-01-23T17:53:08Z,4,4,8
tektoncd/pipeline,7591,2024-01-22T18:48:05Z,2024-01-23T17:53:01Z,1,1,2
tektoncd/pipeline,7590,2024-01-22T18:44:08Z,,1133,85,1218
tektoncd/pipeline,7589,2024-01-19T21:44:08Z,2024-02-06T11:49:17Z,199,3,202
tektoncd/pipeline,7587,2024-01-19T21:14:54Z,2024-01-22T14:19:01Z,16,7,23
tektoncd/pipeline,7586,2024-01-19T18:40:56Z,2024-01-22T15:27:08Z,1479,328,1807
tektoncd/pipeline,7585,2024-01-19T18:40:43Z,2024-01-22T17:13:01Z,996,581,1577
tektoncd/pipeline,7584,2024-01-19T18:40:32Z,2024-01-23T09:39:02Z,27,22,49
tektoncd/pipeline,7583,2024-01-19T18:40:21Z,2024-01-22T15:27:01Z,4,4,8
tektoncd/pipeline,7582,2024-01-19T18:40:11Z,2024-01-22T16:21:01Z,992,577,1569
tektoncd/pipeline,7581,2024-01-18T18:32:43Z,,18,9,27
tektoncd/pipeline,7580,2024-01-18T18:32:29Z,,21,13,34
tektoncd/pipeline,7579,2024-01-18T18:32:17Z,,24,19,43
tektoncd/pipeline,7578,2024-01-18T18:30:07Z,,4009,1393,5402
tektoncd/pipeline,7577,2024-01-17T18:34:01Z,,4009,1393,5402
tektoncd/pipeline,7576,2024-01-17T18:31:53Z,,4009,1393,5402
tektoncd/pipeline,7575,2024-01-17T18:28:35Z,2024-01-19T10:42:59Z,4013,1397,5410
tektoncd/pipeline,7574,2024-01-17T18:26:11Z,,4009,1393,5402
tektoncd/pipeline,7572,2024-01-16T23:17:17Z,2024-01-24T16:17:03Z,4,4,8
tektoncd/pipeline,7571,2024-01-16T18:58:32Z,,23923,11595,35518
tektoncd/pipeline,7570,2024-01-16T18:58:10Z,2024-01-17T19:35:05Z,24474,11721,36195
tektoncd/pipeline,7569,2024-01-16T18:56:36Z,2024-01-17T19:34:58Z,62,10,72
tektoncd/pipeline,7567,2024-01-15T18:35:08Z,2024-01-15T20:16:57Z,1,1,2
tektoncd/pipeline,7566,2024-01-15T18:35:03Z,2024-01-15T19:24:57Z,1,1,2
tektoncd/pipeline,7565,2024-01-15T16:15:55Z,2024-02-07T19:55:17Z,795,41,836
tektoncd/pipeline,7563,2024-01-12T23:18:24Z,2024-01-25T04:45:03Z,18,8,26
tektoncd/pipeline,7558,2024-01-10T21:19:52Z,2024-02-26T14:41:27Z,23,8,31
tektoncd/pipeline,7557,2024-01-10T16:58:08Z,2024-01-29T16:07:04Z,30,1,31
tektoncd/pipeline,7554,2024-01-10T08:03:53Z,2024-02-26T12:51:27Z,5,9,14
tektoncd/pipeline,7552,2024-01-09T13:53:43Z,2024-01-16T21:43:05Z,225,13,238
tektoncd/pipeline,7549,2024-01-08T19:21:49Z,2024-01-16T21:42:58Z,49,31,80
tektoncd/pipeline,7548,2024-01-08T18:10:39Z,2024-01-09T09:56:54Z,4,4,8
tektoncd/pipeline,7547,2024-01-08T04:39:29Z,2024-03-12T07:51:34Z,6076,24035,30111
