repo_full,pr_number,created_at_dt,first_review_dt,done_at_dt,review_duration_hours
prometheus/prometheus,17938,2026-01-26 14:54:09+00:00,,,
prometheus/prometheus,17937,2026-01-26 10:20:06+00:00,2026-01-26 12:18:09+00:00,,
prometheus/prometheus,17936,2026-01-26 09:49:15+00:00,,,
prometheus/prometheus,17935,2026-01-25 21:29:48+00:00,,,
prometheus/prometheus,17934,2026-01-25 18:12:20+00:00,2026-01-26 09:53:58+00:00,,
prometheus/prometheus,17933,2026-01-25 18:02:17+00:00,,,
prometheus/prometheus,17932,2026-01-25 16:50:56+00:00,,,
prometheus/prometheus,17930,2026-01-25 15:18:36+00:00,,,
prometheus/prometheus,17929,2026-01-25 12:12:52+00:00,,,
prometheus/prometheus,17928,2026-01-25 00:37:57+00:00,,,
prometheus/prometheus,17927,2026-01-25 00:36:27+00:00,,,
prometheus/prometheus,17926,2026-01-23 17:53:01+00:00,,,
prometheus/prometheus,17923,2026-01-23 08:45:53+00:00,,,
prometheus/prometheus,17921,2026-01-22 22:31:28+00:00,,,
prometheus/prometheus,17919,2026-01-22 17:25:41+00:00,,,
prometheus/prometheus,17918,2026-01-22 16:34:39+00:00,2026-01-22 17:06:17+00:00,2026-01-22 21:23:15+00:00,4.282777777777778
prometheus/prometheus,17917,2026-01-22 14:55:08+00:00,2026-01-23 22:07:30+00:00,2026-01-24 15:44:08+00:00,17.610555555555557
prometheus/prometheus,17916,2026-01-22 14:54:10+00:00,,,
prometheus/prometheus,17915,2026-01-22 12:25:35+00:00,2026-01-22 12:36:07+00:00,2026-01-22 21:22:44+00:00,8.776944444444444
prometheus/prometheus,17913,2026-01-22 10:06:09+00:00,2026-01-22 12:28:04+00:00,2026-01-22 15:36:30+00:00,3.1405555555555558
prometheus/prometheus,17912,2026-01-22 09:32:34+00:00,2026-01-22 10:16:18+00:00,2026-01-22 15:36:54+00:00,5.343333333333334
prometheus/prometheus,17911,2026-01-21 22:20:00+00:00,2026-01-22 14:24:30+00:00,2026-01-22 14:24:41+00:00,0.0030555555555555557
prometheus/prometheus,17909,2026-01-21 15:55:35+00:00,,,
prometheus/prometheus,17908,2026-01-21 14:06:40+00:00,2026-01-22 11:37:05+00:00,2026-01-23 09:00:24+00:00,21.38861111111111
prometheus/prometheus,17907,2026-01-21 13:35:30+00:00,,,
prometheus/prometheus,17906,2026-01-21 13:15:34+00:00,2026-01-26 09:20:34+00:00,,
prometheus/prometheus,17905,2026-01-21 13:05:47+00:00,2026-01-21 13:09:05+00:00,2026-01-21 15:25:31+00:00,2.273888888888889
prometheus/prometheus,17904,2026-01-21 12:47:01+00:00,2026-01-22 14:20:06+00:00,,
prometheus/prometheus,17903,2026-01-21 12:17:16+00:00,2026-01-21 12:27:33+00:00,2026-01-21 13:02:59+00:00,0.5905555555555555
prometheus/prometheus,17902,2026-01-21 12:02:25+00:00,2026-01-22 16:23:20+00:00,2026-01-23 08:41:35+00:00,16.304166666666667
prometheus/prometheus,17901,2026-01-21 11:02:02+00:00,,,
prometheus/prometheus,17899,2026-01-20 13:22:40+00:00,2026-01-20 13:27:24+00:00,2026-01-22 11:24:35+00:00,45.95305555555556
prometheus/prometheus,17898,2026-01-20 12:49:43+00:00,2026-01-20 15:53:00+00:00,2026-01-20 15:53:28+00:00,0.0077777777777777776
prometheus/prometheus,17897,2026-01-20 12:16:24+00:00,2026-01-20 12:52:54+00:00,2026-01-20 12:53:41+00:00,0.013055555555555556
prometheus/prometheus,17896,2026-01-20 11:21:39+00:00,2026-01-20 11:45:21+00:00,2026-01-20 11:47:34+00:00,0.036944444444444446
prometheus/prometheus,17895,2026-01-20 11:17:57+00:00,,,
prometheus/prometheus,17894,2026-01-20 08:47:21+00:00,2026-01-20 08:49:07+00:00,2026-01-20 09:13:40+00:00,0.4091666666666667
prometheus/prometheus,17893,2026-01-19 14:59:30+00:00,2026-01-19 15:00:02+00:00,2026-01-20 10:07:05+00:00,19.1175
prometheus/prometheus,17892,2026-01-19 14:47:39+00:00,2026-01-22 10:19:17+00:00,2026-01-22 10:50:58+00:00,0.5280555555555555
prometheus/prometheus,17891,2026-01-19 12:18:37+00:00,2026-01-19 14:06:43+00:00,,
prometheus/prometheus,17890,2026-01-19 08:56:53+00:00,2026-01-19 10:49:07+00:00,2026-01-19 11:57:06+00:00,1.1330555555555555
prometheus/prometheus,17889,2026-01-19 07:00:00+00:00,2026-01-20 11:10:27+00:00,2026-01-20 21:22:32+00:00,10.20138888888889
prometheus/prometheus,17887,2026-01-18 19:00:13+00:00,2026-01-19 10:49:50+00:00,2026-01-21 07:03:52+00:00,44.23388888888889
prometheus/prometheus,17886,2026-01-18 16:18:02+00:00,2026-01-20 12:47:35+00:00,,
prometheus/prometheus,17885,2026-01-18 15:36:14+00:00,2026-01-18 15:36:39+00:00,2026-01-18 16:16:04+00:00,0.6569444444444444
prometheus/prometheus,17884,2026-01-18 15:25:10+00:00,2026-01-18 15:25:37+00:00,2026-01-18 15:30:29+00:00,0.0811111111111111
prometheus/prometheus,17883,2026-01-18 15:10:10+00:00,2026-01-18 15:10:36+00:00,2026-01-18 15:17:00+00:00,0.10666666666666667
prometheus/prometheus,17882,2026-01-18 11:41:52+00:00,2026-01-18 11:45:50+00:00,,
prometheus/prometheus,17881,2026-01-17 16:52:57+00:00,2026-01-20 11:59:00+00:00,2026-01-20 11:59:15+00:00,0.004166666666666667
prometheus/prometheus,17880,2026-01-17 16:30:00+00:00,,,
prometheus/prometheus,17879,2026-01-17 13:29:01+00:00,2026-01-19 09:54:41+00:00,2026-01-19 11:14:31+00:00,1.3305555555555555
prometheus/prometheus,17878,2026-01-17 08:52:11+00:00,2026-01-20 11:13:51+00:00,2026-01-20 11:14:02+00:00,0.0030555555555555557
prometheus/prometheus,17877,2026-01-16 16:49:56+00:00,,,
prometheus/prometheus,17876,2026-01-16 14:29:18+00:00,2026-01-16 14:29:50+00:00,2026-01-19 14:09:59+00:00,71.66916666666667
prometheus/prometheus,17875,2026-01-16 13:46:59+00:00,,2026-01-16 13:47:12+00:00,
prometheus/prometheus,17873,2026-01-16 11:56:35+00:00,,,
prometheus/prometheus,17872,2026-01-16 11:53:18+00:00,2026-01-16 12:04:30+00:00,2026-01-23 09:04:06+00:00,164.99333333333334
prometheus/prometheus,17871,2026-01-16 11:07:56+00:00,2026-01-16 11:51:31+00:00,2026-01-16 11:54:31+00:00,0.05
prometheus/prometheus,17870,2026-01-16 09:20:47+00:00,2026-01-20 11:15:03+00:00,2026-01-20 11:15:43+00:00,0.011111111111111112
prometheus/prometheus,17869,2026-01-16 09:18:35+00:00,2026-01-16 09:37:04+00:00,2026-01-16 09:50:39+00:00,0.2263888888888889
prometheus/prometheus,17868,2026-01-15 22:12:03+00:00,2026-01-15 22:12:36+00:00,,
prometheus/prometheus,17867,2026-01-15 11:56:19+00:00,2026-01-15 12:20:04+00:00,2026-01-21 08:21:56+00:00,140.0311111111111
prometheus/prometheus,17866,2026-01-15 07:47:46+00:00,2026-01-15 08:21:30+00:00,2026-01-15 08:33:16+00:00,0.19611111111111112
prometheus/prometheus,17865,2026-01-14 22:53:31+00:00,2026-01-15 07:48:04+00:00,2026-01-15 07:49:38+00:00,0.026111111111111113
prometheus/prometheus,17864,2026-01-14 20:45:09+00:00,2026-01-20 11:28:24+00:00,,
prometheus/prometheus,17863,2026-01-14 14:45:25+00:00,2026-01-14 14:49:26+00:00,2026-01-14 15:44:51+00:00,0.9236111111111112
prometheus/prometheus,17860,2026-01-14 12:39:52+00:00,2026-01-14 17:29:30+00:00,2026-01-16 10:30:05+00:00,41.00972222222222
prometheus/prometheus,17859,2026-01-14 11:04:36+00:00,,,
prometheus/prometheus,17858,2026-01-14 09:54:22+00:00,,2026-01-16 20:54:10+00:00,
prometheus/prometheus,17856,2026-01-14 09:18:27+00:00,2026-01-18 03:42:54+00:00,,
prometheus/prometheus,17855,2026-01-14 07:18:06+00:00,,,
prometheus/prometheus,17854,2026-01-14 03:36:26+00:00,,,
prometheus/prometheus,17853,2026-01-14 03:31:20+00:00,,2026-01-14 03:33:09+00:00,
prometheus/prometheus,17852,2026-01-14 01:58:37+00:00,,,
prometheus/prometheus,17851,2026-01-13 17:45:49+00:00,,,
prometheus/prometheus,17850,2026-01-13 14:21:58+00:00,,,
prometheus/prometheus,17848,2026-01-13 10:50:14+00:00,2026-01-13 11:23:15+00:00,,
prometheus/prometheus,17847,2026-01-13 09:20:15+00:00,2026-01-13 13:38:43+00:00,2026-01-13 13:38:58+00:00,0.004166666666666667
prometheus/prometheus,17846,2026-01-13 08:59:59+00:00,2026-01-13 09:08:58+00:00,2026-01-13 09:21:33+00:00,0.20972222222222223
prometheus/prometheus,17844,2026-01-13 07:43:47+00:00,2026-01-13 08:13:53+00:00,2026-01-13 08:53:50+00:00,0.6658333333333334
prometheus/prometheus,17843,2026-01-12 18:47:42+00:00,2026-01-13 06:31:56+00:00,2026-01-13 06:32:12+00:00,0.0044444444444444444
prometheus/prometheus,17842,2026-01-12 16:28:10+00:00,2026-01-12 20:45:44+00:00,2026-01-13 06:35:11+00:00,9.824166666666667
prometheus/prometheus,17840,2026-01-12 12:15:16+00:00,2026-01-12 12:54:41+00:00,2026-01-16 09:32:53+00:00,92.63666666666667
prometheus/prometheus,17839,2026-01-12 12:03:53+00:00,,,
prometheus/prometheus,17838,2026-01-12 11:44:07+00:00,2026-01-14 08:44:21+00:00,,
prometheus/prometheus,17837,2026-01-12 10:08:14+00:00,,2026-01-16 08:57:22+00:00,
prometheus/prometheus,17835,2026-01-12 09:08:55+00:00,2026-01-13 16:59:22+00:00,2026-01-16 13:04:14+00:00,68.08111111111111
prometheus/prometheus,17834,2026-01-12 08:21:07+00:00,2026-01-12 12:48:45+00:00,2026-01-14 13:48:33+00:00,48.99666666666667
prometheus/prometheus,17832,2026-01-10 15:57:48+00:00,,,
prometheus/prometheus,17830,2026-01-10 10:50:17+00:00,2026-01-12 15:20:30+00:00,2026-01-20 11:43:41+00:00,188.3863888888889
prometheus/prometheus,17829,2026-01-09 23:12:52+00:00,2026-01-22 10:35:11+00:00,,
prometheus/prometheus,17828,2026-01-09 20:27:33+00:00,2026-01-11 21:44:33+00:00,2026-01-12 15:51:45+00:00,18.12
prometheus/prometheus,17827,2026-01-09 20:02:42+00:00,,2026-01-09 20:05:55+00:00,
prometheus/prometheus,17826,2026-01-09 16:53:46+00:00,2026-01-20 11:44:54+00:00,2026-01-20 11:50:26+00:00,0.09222222222222222
prometheus/prometheus,17825,2026-01-09 14:27:57+00:00,2026-01-20 08:18:18+00:00,,
prometheus/prometheus,17822,2026-01-09 00:58:57+00:00,2026-01-09 09:26:07+00:00,2026-01-09 15:00:53+00:00,5.579444444444444
prometheus/prometheus,17821,2026-01-08 22:14:13+00:00,2026-01-20 11:48:35+00:00,2026-01-20 11:48:57+00:00,0.006111111111111111
prometheus/prometheus,17820,2026-01-08 15:40:46+00:00,,,
prometheus/prometheus,17819,2026-01-08 15:04:29+00:00,,,
prometheus/prometheus,17817,2026-01-08 14:11:34+00:00,2026-01-09 09:02:52+00:00,2026-01-09 09:04:37+00:00,0.029166666666666667
prometheus/prometheus,17816,2026-01-08 12:41:57+00:00,,2026-01-20 14:00:37+00:00,
prometheus/prometheus,17815,2026-01-08 12:37:57+00:00,,2026-01-08 12:39:03+00:00,
prometheus/prometheus,17814,2026-01-08 11:54:09+00:00,,2026-01-20 13:38:24+00:00,
prometheus/prometheus,17808,2026-01-07 19:30:09+00:00,2026-01-09 20:11:15+00:00,,
prometheus/prometheus,17807,2026-01-07 15:22:58+00:00,2026-01-07 15:27:17+00:00,2026-01-07 15:43:28+00:00,0.2697222222222222
prometheus/prometheus,17806,2026-01-07 14:32:39+00:00,2026-01-07 15:36:52+00:00,2026-01-07 15:38:40+00:00,0.03
prometheus/prometheus,17805,2026-01-07 14:17:08+00:00,,2026-01-07 15:27:31+00:00,
prometheus/prometheus,17804,2026-01-07 14:13:59+00:00,2026-01-07 14:31:10+00:00,2026-01-07 16:05:27+00:00,1.571388888888889
prometheus/prometheus,17802,2026-01-07 12:17:26+00:00,2026-01-07 12:59:11+00:00,2026-01-07 14:01:02+00:00,1.0308333333333333
prometheus/prometheus,17798,2026-01-06 16:57:40+00:00,2026-01-07 16:07:01+00:00,2026-01-08 10:43:54+00:00,18.614722222222223
prometheus/prometheus,17797,2026-01-06 16:51:02+00:00,2026-01-20 17:39:12+00:00,2026-01-21 13:28:00+00:00,19.813333333333333
prometheus/prometheus,17796,2026-01-06 15:16:30+00:00,2026-01-06 15:50:44+00:00,2026-01-06 16:30:06+00:00,0.6561111111111111
prometheus/prometheus,17795,2026-01-06 12:28:12+00:00,2026-01-20 11:59:00+00:00,2026-01-20 11:59:22+00:00,0.006111111111111111
prometheus/prometheus,17794,2026-01-06 10:20:12+00:00,2026-01-06 13:38:51+00:00,2026-01-07 07:44:57+00:00,18.101666666666667
prometheus/prometheus,17793,2026-01-06 08:55:19+00:00,2026-01-06 10:31:50+00:00,2026-01-06 13:34:30+00:00,3.0444444444444443
prometheus/prometheus,17788,2026-01-05 15:12:15+00:00,2026-01-06 07:28:35+00:00,2026-01-06 10:24:52+00:00,2.9380555555555556
prometheus/prometheus,17786,2026-01-05 14:07:08+00:00,2026-01-06 17:35:55+00:00,,
prometheus/prometheus,17785,2026-01-05 10:28:42+00:00,2026-01-05 10:32:02+00:00,2026-01-05 12:46:21+00:00,2.238611111111111
prometheus/prometheus,17784,2026-01-05 10:01:28+00:00,2026-01-05 10:23:34+00:00,2026-01-05 11:11:28+00:00,0.7983333333333333
prometheus/prometheus,17783,2026-01-05 06:57:20+00:00,2026-01-06 13:39:51+00:00,2026-01-06 13:52:10+00:00,0.20527777777777778
prometheus/prometheus,17782,2026-01-05 06:57:15+00:00,2026-01-06 13:41:14+00:00,2026-01-06 13:44:23+00:00,0.0525
prometheus/prometheus,17781,2026-01-05 00:41:51+00:00,2026-01-06 13:41:27+00:00,2026-01-06 13:46:47+00:00,0.08888888888888889
prometheus/prometheus,17780,2026-01-05 00:41:38+00:00,2026-01-06 13:41:33+00:00,2026-01-06 14:53:09+00:00,1.1933333333333334
prometheus/prometheus,17779,2026-01-04 18:26:56+00:00,,,
prometheus/prometheus,17777,2026-01-04 14:40:34+00:00,2026-01-04 14:49:00+00:00,2026-01-05 16:59:37+00:00,26.176944444444445
prometheus/prometheus,17776,2026-01-04 14:15:17+00:00,2026-01-04 21:45:00+00:00,2026-01-05 17:00:08+00:00,19.252222222222223
prometheus/prometheus,17775,2026-01-03 20:02:27+00:00,2026-01-08 10:36:54+00:00,,
prometheus/prometheus,17774,2026-01-02 22:44:25+00:00,,,
prometheus/prometheus,17773,2026-01-02 20:59:21+00:00,2026-01-04 15:07:10+00:00,2026-01-06 13:07:23+00:00,46.00361111111111
prometheus/prometheus,17772,2026-01-02 17:04:42+00:00,2026-01-04 14:19:18+00:00,2026-01-05 09:40:07+00:00,19.346944444444443
prometheus/prometheus,17771,2026-01-02 16:37:51+00:00,2026-01-04 14:48:08+00:00,2026-01-05 11:13:25+00:00,20.421388888888888
prometheus/prometheus,17769,2026-01-02 11:31:03+00:00,2026-01-22 09:25:10+00:00,2026-01-22 10:34:01+00:00,1.1475
prometheus/prometheus,17768,2026-01-02 10:32:29+00:00,2026-01-05 17:18:21+00:00,,
prometheus/prometheus,17767,2026-01-02 08:38:29+00:00,2026-01-04 14:18:28+00:00,2026-01-04 14:18:48+00:00,0.005555555555555556
prometheus/prometheus,17765,2026-01-02 00:02:23+00:00,2026-01-02 17:07:28+00:00,,
prometheus/prometheus,17764,2026-01-01 23:18:58+00:00,2026-01-04 14:43:19+00:00,2026-01-04 14:50:55+00:00,0.12666666666666668
prometheus/prometheus,17763,2026-01-01 23:18:37+00:00,2026-01-04 14:44:28+00:00,2026-01-04 14:44:42+00:00,0.0038888888888888888
prometheus/prometheus,17762,2026-01-01 23:18:25+00:00,2026-01-04 14:44:54+00:00,2026-01-07 12:21:56+00:00,69.61722222222222
prometheus/prometheus,17761,2026-01-01 23:18:19+00:00,2026-01-04 14:45:00+00:00,2026-01-04 15:47:59+00:00,1.0497222222222222
prometheus/prometheus,17760,2026-01-01 23:17:45+00:00,2026-01-04 14:45:06+00:00,2026-01-04 14:45:28+00:00,0.006111111111111111
prometheus/prometheus,17759,2026-01-01 23:15:14+00:00,2026-01-04 14:44:26+00:00,2026-01-04 14:53:47+00:00,0.15583333333333332
prometheus/prometheus,17758,2026-01-01 23:15:10+00:00,2026-01-02 08:16:09+00:00,2026-01-02 08:16:21+00:00,0.0033333333333333335
prometheus/prometheus,17757,2026-01-01 23:15:03+00:00,2026-01-04 14:51:18+00:00,2026-01-04 15:46:03+00:00,0.9125
prometheus/prometheus,17756,2026-01-01 23:14:59+00:00,2026-01-02 08:41:12+00:00,2026-01-02 09:15:43+00:00,0.5752777777777778
prometheus/prometheus,17755,2026-01-01 23:14:56+00:00,2026-01-02 08:17:33+00:00,2026-01-02 08:17:39+00:00,0.0016666666666666668
prometheus/prometheus,17754,2026-01-01 23:14:52+00:00,2026-01-02 08:39:26+00:00,2026-01-02 08:40:03+00:00,0.010277777777777778
prometheus/prometheus,17753,2026-01-01 21:40:11+00:00,2026-01-06 08:54:57+00:00,2026-01-06 08:55:03+00:00,0.0016666666666666668
prometheus/prometheus,17749,2025-12-29 08:02:51+00:00,2025-12-31 10:57:28+00:00,2025-12-31 11:08:46+00:00,0.18833333333333332
prometheus/prometheus,17748,2025-12-29 08:02:46+00:00,2025-12-31 11:11:25+00:00,2025-12-31 11:12:22+00:00,0.015833333333333335
prometheus/prometheus,17747,2025-12-29 05:15:54+00:00,2025-12-31 11:06:12+00:00,2025-12-31 11:06:53+00:00,0.01138888888888889
prometheus/prometheus,17746,2025-12-29 05:15:21+00:00,2025-12-31 11:00:31+00:00,2025-12-31 11:00:37+00:00,0.0016666666666666668
prometheus/prometheus,17745,2025-12-29 00:50:21+00:00,2025-12-31 11:01:20+00:00,2025-12-31 11:22:01+00:00,0.3447222222222222
prometheus/prometheus,17744,2025-12-29 00:49:19+00:00,,2026-01-13 09:43:26+00:00,
prometheus/prometheus,17743,2025-12-26 18:27:06+00:00,2026-01-05 18:58:35+00:00,2026-01-09 11:40:00+00:00,88.69027777777778
prometheus/prometheus,17741,2025-12-26 11:07:16+00:00,2025-12-29 07:57:10+00:00,2025-12-29 07:57:19+00:00,0.0025
prometheus/prometheus,17740,2025-12-25 14:56:02+00:00,2026-01-09 12:04:33+00:00,,
prometheus/prometheus,17739,2025-12-25 09:38:43+00:00,,,
prometheus/prometheus,17738,2025-12-24 13:00:50+00:00,,,
prometheus/prometheus,17737,2025-12-24 12:36:07+00:00,2025-12-31 14:22:55+00:00,2025-12-31 14:23:03+00:00,0.0022222222222222222
prometheus/prometheus,17736,2025-12-24 12:30:04+00:00,2025-12-30 09:41:21+00:00,2026-01-08 13:06:33+00:00,219.42
prometheus/prometheus,17735,2025-12-24 10:58:32+00:00,,,
prometheus/prometheus,17734,2025-12-23 15:17:37+00:00,,,
prometheus/prometheus,17733,2025-12-23 14:42:52+00:00,,2026-01-22 14:16:35+00:00,
prometheus/prometheus,17732,2025-12-23 11:25:34+00:00,,,
prometheus/prometheus,17731,2025-12-22 09:55:42+00:00,2025-12-22 12:07:57+00:00,2025-12-22 15:28:08+00:00,3.336388888888889
prometheus/prometheus,17730,2025-12-22 05:19:17+00:00,2025-12-23 09:13:51+00:00,2025-12-23 09:18:05+00:00,0.07055555555555555
prometheus/prometheus,17729,2025-12-22 05:19:13+00:00,2025-12-23 09:17:19+00:00,2025-12-23 09:17:55+00:00,0.01
prometheus/prometheus,17728,2025-12-22 04:51:34+00:00,2025-12-23 09:13:04+00:00,2025-12-23 09:25:09+00:00,0.2013888888888889
prometheus/prometheus,17727,2025-12-22 04:51:29+00:00,2025-12-23 09:36:58+00:00,2025-12-23 09:36:59+00:00,0.0002777777777777778
prometheus/prometheus,17726,2025-12-22 00:46:51+00:00,2025-12-23 09:11:24+00:00,2025-12-23 09:12:24+00:00,0.016666666666666666
prometheus/prometheus,17725,2025-12-22 00:46:47+00:00,2025-12-23 09:01:37+00:00,2025-12-23 09:20:38+00:00,0.3169444444444444
prometheus/prometheus,17724,2025-12-21 12:46:25+00:00,2025-12-23 08:58:52+00:00,2025-12-23 08:59:15+00:00,0.006388888888888889
prometheus/prometheus,17723,2025-12-19 18:57:25+00:00,,,
prometheus/prometheus,17722,2025-12-19 18:01:00+00:00,,,
prometheus/prometheus,17721,2025-12-19 15:03:02+00:00,2025-12-19 15:36:36+00:00,,
prometheus/prometheus,17720,2025-12-19 11:09:54+00:00,,,
prometheus/prometheus,17718,2025-12-19 09:18:27+00:00,2025-12-19 09:27:53+00:00,2025-12-19 10:20:10+00:00,0.8713888888888889
prometheus/prometheus,17717,2025-12-19 09:11:43+00:00,2025-12-22 18:59:22+00:00,,
prometheus/prometheus,17716,2025-12-18 18:03:30+00:00,2025-12-18 20:33:40+00:00,2025-12-23 11:56:39+00:00,111.38305555555556
prometheus/prometheus,17715,2025-12-18 16:36:32+00:00,,2025-12-18 16:41:37+00:00,
prometheus/prometheus,17714,2025-12-18 15:02:17+00:00,2025-12-18 21:52:51+00:00,2025-12-18 21:53:22+00:00,0.008611111111111111
prometheus/prometheus,17713,2025-12-18 11:50:29+00:00,2025-12-18 12:03:33+00:00,2025-12-29 09:50:23+00:00,261.78055555555557
prometheus/prometheus,17712,2025-12-18 10:49:41+00:00,2025-12-18 20:32:50+00:00,2025-12-19 11:42:55+00:00,15.168055555555556
prometheus/prometheus,17711,2025-12-17 14:48:59+00:00,2025-12-18 13:39:17+00:00,2025-12-18 17:14:14+00:00,3.5825
prometheus/prometheus,17709,2025-12-17 11:53:02+00:00,2025-12-17 15:13:48+00:00,2025-12-17 15:13:49+00:00,0.0002777777777777778
prometheus/prometheus,17708,2025-12-17 09:47:45+00:00,2025-12-17 10:21:23+00:00,2025-12-17 10:47:17+00:00,0.43166666666666664
prometheus/prometheus,17707,2025-12-17 04:18:41+00:00,2026-01-07 16:33:20+00:00,2026-01-08 10:20:23+00:00,17.784166666666668
prometheus/prometheus,17706,2025-12-16 23:11:38+00:00,2025-12-16 23:27:27+00:00,2025-12-16 23:30:39+00:00,0.05333333333333334
prometheus/prometheus,17705,2025-12-16 17:42:50+00:00,2025-12-16 17:46:02+00:00,2025-12-16 18:01:14+00:00,0.25333333333333335
prometheus/prometheus,17704,2025-12-16 15:12:08+00:00,2025-12-16 15:15:02+00:00,2025-12-16 17:30:42+00:00,2.261111111111111
prometheus/prometheus,17703,2025-12-16 13:52:21+00:00,2025-12-16 21:27:50+00:00,2025-12-17 09:43:35+00:00,12.2625
prometheus/prometheus,17702,2025-12-16 12:46:50+00:00,,,
prometheus/prometheus,17701,2025-12-16 10:52:52+00:00,,,
prometheus/prometheus,17699,2025-12-16 08:46:47+00:00,,2025-12-16 08:53:53+00:00,
prometheus/prometheus,17698,2025-12-16 05:26:48+00:00,2025-12-16 05:32:05+00:00,2025-12-16 08:43:00+00:00,3.1819444444444445
prometheus/prometheus,17697,2025-12-16 02:57:42+00:00,,2025-12-18 21:34:22+00:00,
prometheus/prometheus,17696,2025-12-15 18:47:47+00:00,,2025-12-16 04:56:49+00:00,
prometheus/prometheus,17695,2025-12-15 16:10:59+00:00,2025-12-15 20:41:09+00:00,2025-12-15 20:41:23+00:00,0.0038888888888888888
prometheus/prometheus,17694,2025-12-15 15:44:02+00:00,2025-12-15 16:07:13+00:00,2025-12-16 08:21:17+00:00,16.234444444444446
prometheus/prometheus,17690,2025-12-15 09:02:15+00:00,2025-12-15 11:46:06+00:00,2025-12-15 11:46:58+00:00,0.014444444444444444
prometheus/prometheus,17689,2025-12-15 09:01:33+00:00,2025-12-19 15:04:33+00:00,2025-12-19 15:04:41+00:00,0.0022222222222222222
prometheus/prometheus,17687,2025-12-14 20:27:19+00:00,2025-12-15 07:58:12+00:00,2025-12-28 11:08:07+00:00,315.16527777777776
prometheus/prometheus,17686,2025-12-14 16:53:32+00:00,2025-12-16 17:53:59+00:00,,
prometheus/prometheus,17685,2025-12-14 16:04:26+00:00,,,
prometheus/prometheus,17684,2025-12-14 15:43:48+00:00,2025-12-17 13:48:48+00:00,,
prometheus/prometheus,17683,2025-12-12 23:01:21+00:00,2025-12-13 04:24:05+00:00,2025-12-15 15:22:19+00:00,58.970555555555556
prometheus/prometheus,17682,2025-12-12 18:45:33+00:00,2025-12-14 10:33:19+00:00,2025-12-14 17:41:19+00:00,7.133333333333334
prometheus/prometheus,17680,2025-12-12 16:15:18+00:00,2025-12-12 16:15:59+00:00,2026-01-19 14:10:01+00:00,909.9005555555556
prometheus/prometheus,17679,2025-12-12 15:27:38+00:00,2025-12-12 16:51:46+00:00,2025-12-12 16:52:10+00:00,0.006666666666666667
prometheus/prometheus,17678,2025-12-12 13:52:33+00:00,2025-12-12 14:09:51+00:00,2025-12-15 11:32:08+00:00,69.37138888888889
prometheus/prometheus,17677,2025-12-12 13:45:47+00:00,2025-12-12 15:18:06+00:00,2025-12-17 14:27:51+00:00,119.1625
prometheus/prometheus,17676,2025-12-12 11:27:59+00:00,2025-12-12 11:34:17+00:00,2026-01-08 11:58:05+00:00,648.3966666666666
prometheus/prometheus,17675,2025-12-12 10:49:34+00:00,2025-12-15 11:54:08+00:00,2026-01-12 09:14:27+00:00,669.3386111111112
prometheus/prometheus,17671,2025-12-10 19:07:53+00:00,2026-01-09 16:06:44+00:00,,
prometheus/prometheus,17670,2025-12-10 15:24:39+00:00,2025-12-18 21:55:14+00:00,2025-12-26 15:31:18+00:00,185.60111111111112
prometheus/prometheus,17669,2025-12-10 14:54:23+00:00,2025-12-11 08:13:41+00:00,2025-12-18 10:19:06+00:00,170.09027777777777
prometheus/prometheus,17668,2025-12-10 10:32:45+00:00,2025-12-10 14:02:40+00:00,2025-12-10 14:06:05+00:00,0.05694444444444444
prometheus/prometheus,17667,2025-12-09 23:30:37+00:00,2025-12-11 08:11:29+00:00,2025-12-11 08:11:42+00:00,0.003611111111111111
prometheus/prometheus,17665,2025-12-09 12:56:27+00:00,2025-12-09 13:20:33+00:00,2026-01-13 17:07:28+00:00,843.7819444444444
prometheus/prometheus,17664,2025-12-09 12:38:33+00:00,2025-12-09 12:40:59+00:00,2025-12-16 11:40:45+00:00,166.9961111111111
prometheus/prometheus,17663,2025-12-09 10:49:04+00:00,2025-12-10 18:38:13+00:00,2025-12-11 07:57:39+00:00,13.323888888888888
prometheus/prometheus,17662,2025-12-08 18:55:39+00:00,,2025-12-09 14:08:52+00:00,
prometheus/prometheus,17661,2025-12-08 17:55:39+00:00,2025-12-08 19:29:26+00:00,2025-12-11 08:14:35+00:00,60.7525
prometheus/prometheus,17660,2025-12-08 08:44:50+00:00,,,
prometheus/prometheus,17658,2025-12-07 09:41:15+00:00,2025-12-08 19:27:36+00:00,2025-12-12 03:30:56+00:00,80.05555555555556
prometheus/prometheus,17657,2025-12-06 19:50:07+00:00,2025-12-08 07:14:27+00:00,2025-12-08 18:09:28+00:00,10.916944444444445
prometheus/prometheus,17655,2025-12-05 15:56:28+00:00,2025-12-10 19:22:12+00:00,2026-01-13 10:41:57+00:00,807.3291666666667
prometheus/prometheus,17653,2025-12-04 20:45:32+00:00,2025-12-09 22:04:51+00:00,,
prometheus/prometheus,17648,2025-12-04 12:33:07+00:00,2025-12-08 14:27:36+00:00,,
prometheus/prometheus,17647,2025-12-04 10:22:21+00:00,2025-12-04 15:08:22+00:00,2025-12-09 15:06:10+00:00,119.96333333333334
prometheus/prometheus,17646,2025-12-04 09:00:59+00:00,,2026-01-14 03:23:14+00:00,
prometheus/prometheus,17645,2025-12-03 20:39:45+00:00,2025-12-16 21:50:43+00:00,2025-12-16 21:50:51+00:00,0.0022222222222222222
prometheus/prometheus,17644,2025-12-03 18:04:17+00:00,2025-12-05 14:34:23+00:00,2026-01-19 19:05:52+00:00,1084.5247222222222
prometheus/prometheus,17643,2025-12-03 13:18:47+00:00,2025-12-03 14:40:49+00:00,2025-12-03 14:43:05+00:00,0.03777777777777778
prometheus/prometheus,17641,2025-12-03 08:46:18+00:00,2025-12-03 08:46:43+00:00,2025-12-15 11:57:25+00:00,291.17833333333334
prometheus/prometheus,17640,2025-12-03 08:19:53+00:00,2025-12-03 09:41:58+00:00,2025-12-05 08:29:10+00:00,46.78666666666667
prometheus/prometheus,17639,2025-12-02 21:46:12+00:00,2025-12-04 13:29:17+00:00,2025-12-18 12:41:37+00:00,335.2055555555556
prometheus/prometheus,17638,2025-12-02 21:00:29+00:00,2025-12-03 07:34:08+00:00,2025-12-03 07:55:48+00:00,0.3611111111111111
prometheus/prometheus,17637,2025-12-02 19:58:54+00:00,,2025-12-02 20:02:05+00:00,
prometheus/prometheus,17636,2025-12-02 15:52:32+00:00,2025-12-03 09:47:42+00:00,2025-12-04 09:47:24+00:00,23.995
prometheus/prometheus,17635,2025-12-02 12:54:12+00:00,2025-12-02 12:55:31+00:00,,
prometheus/prometheus,17634,2025-12-02 11:51:42+00:00,2025-12-02 12:20:14+00:00,2025-12-03 20:26:45+00:00,32.10861111111111
prometheus/prometheus,17633,2025-12-02 03:11:35+00:00,,2025-12-18 17:48:13+00:00,
prometheus/prometheus,17631,2025-12-01 12:33:49+00:00,2025-12-11 10:50:10+00:00,2025-12-22 09:38:48+00:00,262.81055555555554
prometheus/prometheus,17630,2025-12-01 11:16:06+00:00,2025-12-02 15:23:41+00:00,2025-12-02 15:23:48+00:00,0.0019444444444444444
prometheus/prometheus,17629,2025-12-01 09:39:00+00:00,2025-12-01 12:30:38+00:00,2025-12-09 11:41:00+00:00,191.17277777777778
prometheus/prometheus,17628,2025-11-30 13:44:58+00:00,,,
prometheus/prometheus,17627,2025-11-30 10:07:42+00:00,,,
prometheus/prometheus,17626,2025-11-30 08:07:54+00:00,2026-01-22 14:02:07+00:00,2026-01-22 14:03:20+00:00,0.020277777777777777
prometheus/prometheus,17623,2025-11-28 08:14:45+00:00,2025-11-28 09:31:18+00:00,2025-12-02 08:53:55+00:00,95.37694444444445
prometheus/prometheus,17622,2025-11-27 14:22:38+00:00,,2025-12-10 08:31:52+00:00,
prometheus/prometheus,17621,2025-11-27 10:43:45+00:00,,2026-01-06 10:21:14+00:00,
prometheus/prometheus,17620,2025-11-27 09:55:39+00:00,2025-11-28 09:40:49+00:00,2025-11-28 09:41:00+00:00,0.0030555555555555557
prometheus/prometheus,17618,2025-11-25 22:50:07+00:00,,2025-12-05 16:46:02+00:00,
prometheus/prometheus,17614,2025-11-25 17:09:33+00:00,,,
prometheus/prometheus,17612,2025-11-25 13:57:32+00:00,,2026-01-11 17:15:38+00:00,
prometheus/prometheus,17611,2025-11-25 13:45:43+00:00,,,
prometheus/prometheus,17610,2025-11-25 13:00:16+00:00,2025-11-25 13:11:26+00:00,,
prometheus/prometheus,17609,2025-11-25 12:55:54+00:00,2025-11-25 13:16:12+00:00,2025-11-25 14:33:36+00:00,1.29
prometheus/prometheus,17608,2025-11-25 08:33:33+00:00,2025-11-25 17:56:26+00:00,2025-11-26 17:18:02+00:00,23.36
prometheus/prometheus,17607,2025-11-25 07:52:36+00:00,2025-11-25 07:59:22+00:00,2025-11-25 09:06:30+00:00,1.1188888888888888
prometheus/prometheus,17606,2025-11-24 21:40:04+00:00,2025-12-11 18:42:03+00:00,2026-01-06 12:00:49+00:00,617.3127777777778
prometheus/prometheus,17605,2025-11-24 18:00:44+00:00,2025-11-25 10:18:25+00:00,2025-11-27 19:34:24+00:00,57.26638888888889
prometheus/prometheus,17602,2025-11-24 09:36:08+00:00,2025-11-24 10:37:32+00:00,2025-11-24 10:37:38+00:00,0.0016666666666666668
prometheus/prometheus,17601,2025-11-22 15:25:45+00:00,2026-01-03 20:37:46+00:00,,
prometheus/prometheus,17600,2025-11-22 14:34:14+00:00,2025-11-25 15:44:12+00:00,,
prometheus/prometheus,17599,2025-11-21 22:34:41+00:00,2025-12-28 01:58:31+00:00,2025-12-28 01:58:57+00:00,0.007222222222222222
prometheus/prometheus,17598,2025-11-21 22:16:33+00:00,2025-12-02 14:07:50+00:00,,
prometheus/prometheus,17596,2025-11-21 15:27:43+00:00,2025-11-21 15:30:26+00:00,2025-11-24 19:17:55+00:00,75.79138888888889
prometheus/prometheus,17594,2025-11-21 14:44:14+00:00,2025-11-21 15:10:03+00:00,2025-11-21 15:10:49+00:00,0.012777777777777779
prometheus/prometheus,17593,2025-11-21 10:35:49+00:00,2025-11-21 10:43:56+00:00,2025-11-21 10:49:15+00:00,0.08861111111111111
prometheus/prometheus,17592,2025-11-21 09:27:15+00:00,2025-11-21 09:37:02+00:00,2025-11-21 10:17:19+00:00,0.6713888888888889
prometheus/prometheus,17591,2025-11-21 08:38:28+00:00,2025-11-21 09:44:34+00:00,2025-11-21 10:34:19+00:00,0.8291666666666667
prometheus/prometheus,17590,2025-11-21 05:29:43+00:00,2025-11-21 06:44:46+00:00,2025-11-24 08:31:28+00:00,73.77833333333334
prometheus/prometheus,17589,2025-11-20 14:49:50+00:00,,2025-12-18 17:47:46+00:00,
prometheus/prometheus,17588,2025-11-20 14:49:39+00:00,,2025-12-18 17:47:45+00:00,
prometheus/prometheus,17587,2025-11-20 14:49:37+00:00,,2025-12-18 17:47:45+00:00,
prometheus/prometheus,17586,2025-11-20 14:49:25+00:00,,2025-12-18 17:47:44+00:00,
prometheus/prometheus,17585,2025-11-20 14:48:24+00:00,,2025-12-18 17:47:38+00:00,
prometheus/prometheus,17584,2025-11-20 14:48:20+00:00,,2025-12-18 17:47:42+00:00,
prometheus/prometheus,17583,2025-11-20 14:48:16+00:00,,2025-12-18 17:47:39+00:00,
prometheus/prometheus,17582,2025-11-20 14:48:12+00:00,,2025-12-18 17:47:39+00:00,
prometheus/prometheus,17581,2025-11-20 14:48:06+00:00,,2025-12-18 17:47:42+00:00,
prometheus/prometheus,17580,2025-11-20 14:47:55+00:00,,2025-12-18 17:47:41+00:00,
prometheus/prometheus,17579,2025-11-20 14:47:45+00:00,,2025-12-03 20:27:51+00:00,
prometheus/prometheus,17578,2025-11-20 14:47:41+00:00,,2025-12-18 17:48:07+00:00,
prometheus/prometheus,17577,2025-11-20 14:47:09+00:00,,,
prometheus/prometheus,17576,2025-11-20 14:46:54+00:00,,2025-12-18 17:48:06+00:00,
prometheus/prometheus,17575,2025-11-20 14:46:36+00:00,,2025-12-02 03:02:52+00:00,
prometheus/prometheus,17574,2025-11-20 14:37:51+00:00,2025-12-21 08:31:23+00:00,2025-12-21 08:31:32+00:00,0.0025
prometheus/prometheus,17573,2025-11-20 14:37:49+00:00,2025-12-21 08:30:51+00:00,2025-12-21 08:30:58+00:00,0.0019444444444444444
prometheus/prometheus,17572,2025-11-20 14:37:47+00:00,2025-12-21 08:29:33+00:00,2025-12-21 08:29:37+00:00,0.0011111111111111111
prometheus/prometheus,17571,2025-11-20 14:37:44+00:00,2025-12-19 15:04:50+00:00,2025-12-19 15:04:58+00:00,0.0022222222222222222
prometheus/prometheus,17570,2025-11-20 14:37:28+00:00,2025-11-20 14:39:47+00:00,2025-12-21 08:29:02+00:00,737.8208333333333
prometheus/prometheus,17569,2025-11-20 14:37:24+00:00,2025-11-20 14:40:11+00:00,2025-12-21 08:28:30+00:00,737.8052777777777
prometheus/prometheus,17568,2025-11-20 14:37:20+00:00,2025-11-20 14:39:30+00:00,2025-12-21 08:27:46+00:00,737.8044444444445
prometheus/prometheus,17567,2025-11-20 14:37:08+00:00,2025-11-20 14:38:26+00:00,2025-12-03 20:27:39+00:00,317.8202777777778
prometheus/prometheus,17565,2025-11-20 10:41:22+00:00,2025-11-20 13:27:28+00:00,2025-11-20 13:28:18+00:00,0.013888888888888888
prometheus/prometheus,17564,2025-11-20 08:43:07+00:00,2025-11-20 11:55:40+00:00,2025-11-20 16:31:59+00:00,4.605277777777777
prometheus/prometheus,17563,2025-11-20 08:00:02+00:00,2025-11-20 14:13:32+00:00,2025-11-20 14:36:22+00:00,0.38055555555555554
prometheus/prometheus,17561,2025-11-19 23:52:37+00:00,2025-11-20 11:55:56+00:00,2025-11-20 23:22:24+00:00,11.44111111111111
prometheus/prometheus,17560,2025-11-19 19:17:54+00:00,2025-11-19 19:45:42+00:00,2025-11-19 19:45:43+00:00,0.0002777777777777778
prometheus/prometheus,17559,2025-11-19 16:35:55+00:00,2025-11-20 11:41:49+00:00,2025-11-20 13:07:49+00:00,1.4333333333333333
prometheus/prometheus,17557,2025-11-19 13:00:34+00:00,2025-11-19 13:47:41+00:00,2025-11-20 07:56:39+00:00,18.149444444444445
prometheus/prometheus,17556,2025-11-19 12:12:15+00:00,2025-11-20 07:55:58+00:00,2025-12-02 21:50:16+00:00,301.905
prometheus/prometheus,17555,2025-11-19 11:06:25+00:00,2025-11-19 15:04:49+00:00,2025-11-19 15:04:50+00:00,0.0002777777777777778
prometheus/prometheus,17554,2025-11-19 06:50:23+00:00,2025-12-12 13:01:16+00:00,2025-12-12 13:01:57+00:00,0.01138888888888889
prometheus/prometheus,17552,2025-11-18 16:31:56+00:00,2025-11-18 16:34:14+00:00,2025-11-18 16:49:22+00:00,0.25222222222222224
prometheus/prometheus,17550,2025-11-18 10:57:17+00:00,2025-11-18 11:44:44+00:00,2025-11-18 11:45:33+00:00,0.01361111111111111
prometheus/prometheus,17549,2025-11-18 10:19:34+00:00,2025-11-18 15:24:13+00:00,2025-11-18 15:24:21+00:00,0.0022222222222222222
prometheus/prometheus,17548,2025-11-18 10:09:25+00:00,2025-11-18 18:19:09+00:00,,
prometheus/prometheus,17547,2025-11-17 19:48:44+00:00,2025-11-18 09:32:47+00:00,,
prometheus/prometheus,17546,2025-11-17 18:30:40+00:00,2025-11-17 19:11:30+00:00,2025-11-18 09:37:09+00:00,14.4275
prometheus/prometheus,17545,2025-11-17 17:56:50+00:00,2025-12-08 18:30:50+00:00,,
prometheus/prometheus,17544,2025-11-17 16:07:09+00:00,2025-12-09 13:34:07+00:00,2026-01-25 21:46:15+00:00,1136.2022222222222
prometheus/prometheus,17543,2025-11-17 13:16:40+00:00,2025-11-17 15:00:07+00:00,2025-11-17 15:00:12+00:00,0.001388888888888889
prometheus/prometheus,17542,2025-11-17 09:14:39+00:00,2025-11-17 09:37:50+00:00,2025-11-17 09:37:56+00:00,0.0016666666666666668
prometheus/prometheus,17540,2025-11-15 06:20:57+00:00,,2025-11-15 08:31:08+00:00,
prometheus/prometheus,17539,2025-11-15 05:58:26+00:00,,2025-11-15 06:20:11+00:00,
prometheus/prometheus,17538,2025-11-14 22:06:10+00:00,,,
prometheus/prometheus,17537,2025-11-14 21:34:28+00:00,2025-11-15 08:59:03+00:00,2025-11-15 18:02:15+00:00,9.053333333333333
prometheus/prometheus,17534,2025-11-14 07:48:19+00:00,2025-11-14 08:10:41+00:00,2025-11-14 08:42:20+00:00,0.5275
prometheus/prometheus,17533,2025-11-13 23:45:35+00:00,2025-11-15 16:54:13+00:00,2025-11-15 20:09:01+00:00,3.2466666666666666
prometheus/prometheus,17532,2025-11-13 22:11:17+00:00,,,
prometheus/prometheus,17531,2025-11-13 18:34:25+00:00,,,
prometheus/prometheus,17530,2025-11-13 18:21:17+00:00,2025-12-11 20:02:22+00:00,2025-12-16 10:40:17+00:00,110.63194444444444
prometheus/prometheus,17529,2025-11-13 17:43:05+00:00,,,
prometheus/prometheus,17528,2025-11-13 17:26:28+00:00,2025-11-19 08:40:23+00:00,2025-11-19 09:42:04+00:00,1.0280555555555555
prometheus/prometheus,17527,2025-11-13 15:20:34+00:00,2025-11-13 16:29:58+00:00,2025-11-16 10:28:50+00:00,65.9811111111111
prometheus/prometheus,17526,2025-11-13 15:02:29+00:00,2025-11-13 15:10:00+00:00,2025-11-13 15:59:14+00:00,0.8205555555555556
prometheus/prometheus,17525,2025-11-13 11:46:57+00:00,2025-11-13 18:11:13+00:00,,
prometheus/prometheus,17524,2025-11-13 09:37:17+00:00,2025-11-13 10:29:42+00:00,2025-11-13 13:34:28+00:00,3.0794444444444444
prometheus/prometheus,17523,2025-11-13 09:07:04+00:00,2025-11-13 13:24:55+00:00,2025-11-13 14:17:52+00:00,0.8825
prometheus/prometheus,17522,2025-11-13 08:44:57+00:00,,2025-11-14 07:03:35+00:00,
prometheus/prometheus,17521,2025-11-13 05:07:58+00:00,,,
prometheus/prometheus,17520,2025-11-12 20:52:53+00:00,2025-11-27 18:30:01+00:00,2025-11-27 18:30:19+00:00,0.005
prometheus/prometheus,17519,2025-11-12 12:07:59+00:00,2025-11-12 13:03:12+00:00,2025-11-12 13:20:54+00:00,0.295
prometheus/prometheus,17516,2025-11-12 01:18:00+00:00,2025-11-12 12:47:50+00:00,2025-11-18 14:44:41+00:00,145.9475
prometheus/prometheus,17515,2025-11-11 09:17:13+00:00,2025-11-11 10:33:50+00:00,2025-11-11 10:42:59+00:00,0.1525
prometheus/prometheus,17514,2025-11-10 14:39:34+00:00,,2025-11-10 14:51:07+00:00,
prometheus/prometheus,17511,2025-11-10 09:53:01+00:00,,2025-11-20 16:38:35+00:00,
prometheus/prometheus,17510,2025-11-10 08:26:23+00:00,2025-11-10 09:48:16+00:00,2025-11-14 15:22:43+00:00,101.57416666666667
prometheus/prometheus,17509,2025-11-10 00:56:58+00:00,2025-11-10 09:21:09+00:00,2025-11-10 09:22:21+00:00,0.02
prometheus/prometheus,17508,2025-11-08 12:13:29+00:00,2025-12-21 08:59:39+00:00,,
prometheus/prometheus,17507,2025-11-07 15:45:38+00:00,2025-11-10 08:52:14+00:00,,
prometheus/prometheus,17506,2025-11-07 14:01:40+00:00,2025-11-07 14:26:06+00:00,2025-11-14 15:16:44+00:00,168.8438888888889
prometheus/prometheus,17505,2025-11-07 11:14:52+00:00,,2025-11-20 14:49:54+00:00,
prometheus/prometheus,17504,2025-11-07 11:14:42+00:00,,2025-11-20 14:49:44+00:00,
prometheus/prometheus,17503,2025-11-07 11:14:36+00:00,,2025-12-21 08:37:55+00:00,
prometheus/prometheus,17502,2025-11-07 11:14:28+00:00,,2025-11-20 14:49:29+00:00,
prometheus/prometheus,17501,2025-11-07 11:14:23+00:00,,2025-11-20 14:47:00+00:00,
prometheus/prometheus,17500,2025-11-07 11:14:15+00:00,,2025-11-20 14:46:40+00:00,
prometheus/prometheus,17499,2025-11-07 11:13:02+00:00,,2025-12-21 08:36:10+00:00,
prometheus/prometheus,17498,2025-11-07 11:12:51+00:00,2025-11-07 11:49:27+00:00,2025-11-07 13:20:01+00:00,1.5094444444444444
prometheus/prometheus,17497,2025-11-07 11:12:47+00:00,,2025-12-21 08:31:10+00:00,
prometheus/prometheus,17496,2025-11-07 11:12:40+00:00,,2025-11-20 14:46:58+00:00,
prometheus/prometheus,17495,2025-11-07 11:12:28+00:00,,2025-11-20 14:47:59+00:00,
prometheus/prometheus,17494,2025-11-07 10:19:20+00:00,,,
prometheus/prometheus,17492,2025-11-07 04:15:28+00:00,,,
prometheus/prometheus,17491,2025-11-06 19:07:50+00:00,2025-11-06 20:24:06+00:00,2025-11-06 20:24:07+00:00,0.0002777777777777778
prometheus/prometheus,17490,2025-11-06 18:14:46+00:00,2025-11-25 21:30:35+00:00,2025-11-25 21:30:43+00:00,0.0022222222222222222
prometheus/prometheus,17488,2025-11-06 15:54:27+00:00,,2026-01-14 08:51:46+00:00,
prometheus/prometheus,17487,2025-11-06 12:46:50+00:00,,,
prometheus/prometheus,17486,2025-11-06 11:30:45+00:00,2025-11-06 14:39:01+00:00,2025-11-06 14:39:43+00:00,0.011666666666666667
prometheus/prometheus,17485,2025-11-06 10:20:45+00:00,2025-11-06 13:48:15+00:00,2025-11-06 17:28:35+00:00,3.672222222222222
prometheus/prometheus,17484,2025-11-06 07:16:15+00:00,,,
prometheus/prometheus,17483,2025-11-05 15:52:13+00:00,2025-12-02 11:43:59+00:00,2025-12-02 11:45:23+00:00,0.023333333333333334
prometheus/prometheus,17481,2025-11-05 12:55:52+00:00,2025-11-11 11:16:49+00:00,,
prometheus/prometheus,17479,2025-11-05 11:01:16+00:00,2025-11-10 10:29:37+00:00,2025-11-10 10:43:06+00:00,0.2247222222222222
prometheus/prometheus,17478,2025-11-05 08:27:17+00:00,2025-11-05 08:59:53+00:00,2025-11-05 12:47:34+00:00,3.794722222222222
prometheus/prometheus,17477,2025-11-05 06:59:46+00:00,2025-11-10 10:45:14+00:00,2025-11-11 10:07:08+00:00,23.365
prometheus/prometheus,17476,2025-11-05 01:47:37+00:00,,,
prometheus/prometheus,17475,2025-11-04 21:35:45+00:00,2025-11-10 10:55:35+00:00,,
prometheus/prometheus,17474,2025-11-04 14:00:07+00:00,,2025-11-04 20:55:43+00:00,
prometheus/prometheus,17473,2025-11-04 12:40:39+00:00,,2025-11-04 12:40:56+00:00,
prometheus/prometheus,17472,2025-11-04 08:58:26+00:00,2025-11-04 08:58:49+00:00,2025-11-13 08:53:12+00:00,215.9063888888889
prometheus/prometheus,17471,2025-11-03 21:03:45+00:00,2025-11-03 21:06:57+00:00,2025-11-04 05:13:49+00:00,8.114444444444445
prometheus/prometheus,17470,2025-11-03 14:13:39+00:00,2025-11-04 05:51:33+00:00,2025-11-04 08:16:58+00:00,2.423611111111111
prometheus/prometheus,17469,2025-11-03 12:21:06+00:00,2025-11-17 10:32:05+00:00,2026-01-07 12:25:50+00:00,1225.8958333333333
prometheus/prometheus,17467,2025-11-02 18:35:20+00:00,2025-11-03 09:22:24+00:00,2025-11-03 09:22:47+00:00,0.006388888888888889
prometheus/prometheus,17466,2025-11-02 14:54:13+00:00,2025-12-21 09:15:10+00:00,2025-12-21 09:15:35+00:00,0.006944444444444444
prometheus/prometheus,17465,2025-11-02 12:55:34+00:00,2025-11-03 08:01:39+00:00,2025-11-14 09:45:44+00:00,265.7347222222222
prometheus/prometheus,17464,2025-11-01 23:27:40+00:00,,2025-11-20 14:49:41+00:00,
prometheus/prometheus,17463,2025-11-01 23:27:00+00:00,2025-11-06 10:25:23+00:00,2025-11-06 10:25:37+00:00,0.0038888888888888888
prometheus/prometheus,17462,2025-11-01 23:25:51+00:00,2025-11-06 16:25:03+00:00,2025-11-06 16:25:14+00:00,0.0030555555555555557
prometheus/prometheus,17461,2025-11-01 23:25:15+00:00,2025-11-06 12:00:51+00:00,2025-11-06 12:01:01+00:00,0.002777777777777778
prometheus/prometheus,17460,2025-11-01 23:24:04+00:00,,2025-11-06 15:10:03+00:00,
prometheus/prometheus,17459,2025-11-01 23:24:00+00:00,2025-11-06 15:47:46+00:00,2025-11-06 15:47:53+00:00,0.0019444444444444444
prometheus/prometheus,17458,2025-11-01 23:23:56+00:00,2025-11-06 12:01:24+00:00,2025-11-06 12:01:40+00:00,0.0044444444444444444
prometheus/prometheus,17457,2025-11-01 23:23:49+00:00,,2025-12-21 08:45:54+00:00,
prometheus/prometheus,17456,2025-11-01 23:23:46+00:00,,2025-11-06 10:26:39+00:00,
prometheus/prometheus,17455,2025-11-01 23:22:37+00:00,,2025-11-06 10:26:40+00:00,
prometheus/prometheus,17454,2025-11-01 23:22:32+00:00,2025-11-06 12:02:01+00:00,2025-11-06 15:48:37+00:00,3.776666666666667
prometheus/prometheus,17453,2025-11-01 23:22:24+00:00,,2025-11-06 10:26:40+00:00,
prometheus/prometheus,17452,2025-11-01 23:21:13+00:00,2025-11-06 12:02:20+00:00,2025-11-06 12:02:29+00:00,0.0025
prometheus/prometheus,17451,2025-11-01 23:21:07+00:00,2025-11-06 10:28:46+00:00,2025-11-06 10:28:57+00:00,0.0030555555555555557
prometheus/prometheus,17450,2025-11-01 23:21:03+00:00,2025-11-06 12:02:43+00:00,2025-11-06 12:41:16+00:00,0.6425
prometheus/prometheus,17449,2025-11-01 23:19:54+00:00,,,
prometheus/prometheus,17448,2025-11-01 23:19:41+00:00,,2025-11-06 10:26:49+00:00,
prometheus/prometheus,17447,2025-11-01 23:18:34+00:00,2025-11-06 10:30:03+00:00,2025-11-06 10:30:11+00:00,0.0022222222222222222
prometheus/prometheus,17446,2025-11-01 23:18:28+00:00,,2025-11-06 10:26:37+00:00,
prometheus/prometheus,17445,2025-11-01 23:17:19+00:00,2025-11-06 12:06:17+00:00,2025-11-06 15:09:00+00:00,3.0452777777777778
prometheus/prometheus,17444,2025-11-01 23:16:40+00:00,2025-11-06 10:31:24+00:00,2025-11-06 10:31:30+00:00,0.0016666666666666668
prometheus/prometheus,17443,2025-11-01 23:16:36+00:00,2025-11-06 10:31:53+00:00,2025-11-06 10:31:59+00:00,0.0016666666666666668
prometheus/prometheus,17442,2025-11-01 23:16:30+00:00,2025-11-06 10:32:21+00:00,2025-11-06 10:32:27+00:00,0.0016666666666666668
prometheus/prometheus,17441,2025-10-31 21:25:58+00:00,2025-11-03 09:45:11+00:00,2025-11-13 14:07:11+00:00,244.36666666666667
prometheus/prometheus,17439,2025-10-31 16:44:45+00:00,2025-11-12 10:23:11+00:00,2025-11-14 17:36:34+00:00,55.223055555555554
prometheus/prometheus,17436,2025-10-31 12:43:54+00:00,2025-11-03 09:52:31+00:00,,
prometheus/prometheus,17435,2025-10-31 11:51:18+00:00,2025-11-17 15:51:50+00:00,2025-12-02 10:39:45+00:00,354.7986111111111
prometheus/prometheus,17433,2025-10-31 03:28:45+00:00,2025-12-21 09:22:36+00:00,2025-12-27 12:50:19+00:00,147.46194444444444
prometheus/prometheus,17432,2025-10-31 02:31:10+00:00,2025-12-21 10:05:41+00:00,,
prometheus/prometheus,17431,2025-10-30 11:00:34+00:00,2025-10-30 13:26:04+00:00,2025-11-04 12:24:06+00:00,118.96722222222222
prometheus/prometheus,17430,2025-10-30 08:22:04+00:00,2025-10-30 09:02:49+00:00,2025-10-30 10:34:53+00:00,1.5344444444444445
prometheus/prometheus,17428,2025-10-29 15:18:12+00:00,2025-10-29 15:20:01+00:00,2025-10-30 07:21:26+00:00,16.023611111111112
prometheus/prometheus,17427,2025-10-29 14:47:06+00:00,2025-11-28 11:55:37+00:00,2025-12-10 09:14:04+00:00,285.3075
prometheus/prometheus,17426,2025-10-29 13:35:22+00:00,2025-10-29 13:38:13+00:00,2025-10-29 14:02:02+00:00,0.39694444444444443
prometheus/prometheus,17425,2025-10-29 09:01:38+00:00,2025-10-29 09:20:40+00:00,2025-10-30 08:07:49+00:00,22.785833333333333
prometheus/prometheus,17424,2025-10-29 07:57:21+00:00,2025-10-31 07:27:16+00:00,2025-11-13 10:17:51+00:00,314.84305555555557
prometheus/prometheus,17423,2025-10-29 06:42:55+00:00,2025-10-30 15:56:36+00:00,2025-10-30 15:56:48+00:00,0.0033333333333333335
prometheus/prometheus,17422,2025-10-28 16:42:27+00:00,2025-10-28 17:23:01+00:00,2025-10-28 17:23:32+00:00,0.008611111111111111
prometheus/prometheus,17420,2025-10-28 15:35:25+00:00,,2025-10-28 16:26:03+00:00,
prometheus/prometheus,17418,2025-10-28 14:15:17+00:00,2025-10-28 14:20:41+00:00,2025-10-28 16:40:34+00:00,2.3313888888888887
prometheus/prometheus,17417,2025-10-28 13:49:49+00:00,2025-10-29 09:16:03+00:00,2025-10-31 11:38:41+00:00,50.37722222222222
prometheus/prometheus,17415,2025-10-28 12:27:53+00:00,2025-10-28 21:08:28+00:00,2025-11-04 13:59:49+00:00,160.85583333333332
prometheus/prometheus,17414,2025-10-28 12:11:04+00:00,2025-10-28 13:19:23+00:00,2025-10-28 13:34:52+00:00,0.25805555555555554
prometheus/prometheus,17413,2025-10-28 11:48:11+00:00,2025-10-28 11:51:15+00:00,2025-10-28 12:32:41+00:00,0.6905555555555556
prometheus/prometheus,17412,2025-10-28 11:03:06+00:00,2025-10-29 08:46:36+00:00,2025-10-29 14:04:09+00:00,5.2925
prometheus/prometheus,17411,2025-10-28 10:54:41+00:00,2025-11-03 16:12:09+00:00,2025-11-17 14:59:40+00:00,334.7919444444444
prometheus/prometheus,17410,2025-10-28 10:53:46+00:00,2025-10-28 12:56:33+00:00,2025-10-28 12:57:21+00:00,0.013333333333333334
prometheus/prometheus,17409,2025-10-28 10:39:07+00:00,2025-10-28 10:47:25+00:00,2025-10-28 11:06:32+00:00,0.3186111111111111
prometheus/prometheus,17408,2025-10-28 09:59:55+00:00,,2025-10-28 10:02:51+00:00,
prometheus/prometheus,17407,2025-10-28 02:28:43+00:00,,,
prometheus/prometheus,17406,2025-10-27 18:44:09+00:00,2025-10-27 18:50:26+00:00,2025-11-07 09:23:05+00:00,254.54416666666665
prometheus/prometheus,17404,2025-10-27 09:43:23+00:00,2025-10-27 12:41:11+00:00,2025-10-27 12:41:23+00:00,0.0033333333333333335
prometheus/prometheus,17402,2025-10-26 20:12:55+00:00,2025-11-06 08:29:58+00:00,2025-11-06 08:38:27+00:00,0.1413888888888889
prometheus/prometheus,17401,2025-10-24 17:20:52+00:00,2025-10-27 08:11:27+00:00,2025-10-27 09:48:13+00:00,1.6127777777777779
prometheus/prometheus,17400,2025-10-24 15:13:22+00:00,2025-10-28 08:34:48+00:00,2025-10-28 14:13:43+00:00,5.648611111111111
prometheus/prometheus,17399,2025-10-24 13:13:27+00:00,2025-10-28 12:05:17+00:00,2025-10-28 12:07:10+00:00,0.03138888888888889
prometheus/prometheus,17394,2025-10-24 07:44:11+00:00,,,
prometheus/prometheus,17393,2025-10-23 15:53:57+00:00,2025-10-30 16:15:42+00:00,2026-01-13 09:38:17+00:00,1793.3763888888889
prometheus/prometheus,17392,2025-10-23 12:54:21+00:00,,2025-10-23 13:03:02+00:00,
prometheus/prometheus,17391,2025-10-23 12:40:59+00:00,2025-10-23 13:13:26+00:00,2025-10-23 13:13:33+00:00,0.0019444444444444444
prometheus/prometheus,17390,2025-10-23 12:04:43+00:00,2025-10-24 08:58:00+00:00,2025-10-24 10:07:07+00:00,1.1519444444444444
prometheus/prometheus,17389,2025-10-23 07:48:53+00:00,2025-10-23 08:04:45+00:00,2025-10-23 08:08:27+00:00,0.06166666666666667
prometheus/prometheus,17388,2025-10-22 16:03:22+00:00,,2025-10-23 09:21:06+00:00,
prometheus/prometheus,17387,2025-10-22 11:46:18+00:00,2025-10-27 09:43:36+00:00,2025-10-31 08:59:04+00:00,95.25777777777778
prometheus/prometheus,17385,2025-10-22 10:12:52+00:00,2025-10-22 10:15:33+00:00,2025-10-22 12:31:56+00:00,2.2730555555555556
prometheus/prometheus,17383,2025-10-22 09:07:13+00:00,2025-10-22 09:09:31+00:00,2025-10-22 09:23:23+00:00,0.2311111111111111
prometheus/prometheus,17382,2025-10-22 07:21:08+00:00,2025-10-22 08:11:27+00:00,2025-10-22 09:00:22+00:00,0.8152777777777778
prometheus/prometheus,17380,2025-10-21 14:52:10+00:00,2025-10-27 15:21:08+00:00,2025-10-27 15:21:14+00:00,0.0016666666666666668
prometheus/prometheus,17379,2025-10-21 10:17:55+00:00,2025-10-23 07:42:14+00:00,2025-10-23 07:42:19+00:00,0.001388888888888889
prometheus/prometheus,17377,2025-10-21 06:21:31+00:00,,,
prometheus/prometheus,17376,2025-10-21 02:48:44+00:00,2025-10-22 08:16:44+00:00,2025-10-22 09:02:56+00:00,0.77
prometheus/prometheus,17374,2025-10-20 19:21:22+00:00,2025-10-20 19:21:58+00:00,2025-11-27 17:45:35+00:00,910.3936111111111
prometheus/prometheus,17373,2025-10-20 14:06:16+00:00,2025-10-24 10:37:54+00:00,,
prometheus/prometheus,17372,2025-10-20 11:57:08+00:00,2025-10-21 15:45:55+00:00,2025-10-22 09:01:20+00:00,17.256944444444443
prometheus/prometheus,17371,2025-10-20 10:49:10+00:00,2025-10-23 09:35:11+00:00,2025-10-23 09:35:16+00:00,0.001388888888888889
prometheus/prometheus,17369,2025-10-19 19:59:57+00:00,,2025-10-27 14:55:20+00:00,
prometheus/prometheus,17368,2025-10-19 19:10:00+00:00,2025-10-20 04:19:57+00:00,2025-10-20 04:29:26+00:00,0.15805555555555556
prometheus/prometheus,17366,2025-10-19 03:16:42+00:00,,,
prometheus/prometheus,17365,2025-10-18 22:42:25+00:00,2025-10-19 11:14:14+00:00,2025-10-19 11:14:20+00:00,0.0016666666666666668
prometheus/prometheus,17364,2025-10-18 22:11:38+00:00,,,
prometheus/prometheus,17361,2025-10-18 19:10:09+00:00,,2025-10-20 07:25:20+00:00,
prometheus/prometheus,17360,2025-10-18 19:09:58+00:00,2025-10-20 04:45:19+00:00,2025-10-20 17:59:13+00:00,13.231666666666667
prometheus/prometheus,17359,2025-10-18 18:54:51+00:00,,,
prometheus/prometheus,17358,2025-10-17 18:43:40+00:00,2025-10-18 10:49:25+00:00,,
prometheus/prometheus,17357,2025-10-17 13:37:17+00:00,2025-10-17 15:17:38+00:00,2025-10-17 15:17:48+00:00,0.002777777777777778
prometheus/prometheus,17356,2025-10-17 12:32:26+00:00,2025-12-21 13:21:08+00:00,,
prometheus/prometheus,17355,2025-10-17 12:19:26+00:00,2025-10-17 12:44:05+00:00,2025-10-22 06:46:27+00:00,114.03944444444444
prometheus/prometheus,17354,2025-10-17 10:23:45+00:00,2025-10-17 10:25:09+00:00,2025-10-17 11:36:24+00:00,1.1875
prometheus/prometheus,17353,2025-10-17 10:13:24+00:00,2025-10-17 10:32:58+00:00,2025-10-17 10:33:03+00:00,0.001388888888888889
prometheus/prometheus,17351,2025-10-17 09:35:41+00:00,2025-10-17 13:56:39+00:00,2025-11-07 13:39:51+00:00,503.72
prometheus/prometheus,17350,2025-10-17 08:46:34+00:00,2025-10-17 08:51:03+00:00,2025-10-17 09:47:00+00:00,0.9325
prometheus/prometheus,17349,2025-10-16 22:30:54+00:00,,,
prometheus/prometheus,17348,2025-10-16 20:33:05+00:00,,,
prometheus/prometheus,17347,2025-10-16 20:20:41+00:00,2025-10-16 21:45:26+00:00,,
prometheus/prometheus,17346,2025-10-16 15:30:00+00:00,2025-10-16 15:31:32+00:00,2025-10-17 06:20:21+00:00,14.813611111111111
prometheus/prometheus,17345,2025-10-16 15:09:17+00:00,2025-10-20 10:30:34+00:00,2025-10-22 06:27:35+00:00,43.95027777777778
prometheus/prometheus,17344,2025-10-16 13:48:25+00:00,2025-10-16 13:56:02+00:00,2025-10-17 06:19:45+00:00,16.39527777777778
prometheus/prometheus,17339,2025-10-15 16:21:32+00:00,2025-10-23 09:36:14+00:00,2025-10-23 09:48:36+00:00,0.2061111111111111
prometheus/prometheus,17338,2025-10-15 14:09:21+00:00,2025-10-15 14:10:20+00:00,,
prometheus/prometheus,17337,2025-10-15 13:27:16+00:00,2025-10-21 12:45:41+00:00,2025-11-02 12:51:55+00:00,288.1038888888889
prometheus/prometheus,17335,2025-10-15 11:18:52+00:00,2025-10-15 11:30:09+00:00,2025-10-15 13:04:46+00:00,1.5769444444444445
prometheus/prometheus,17334,2025-10-15 09:58:19+00:00,2025-10-17 09:23:03+00:00,2025-10-27 13:11:36+00:00,243.80916666666667
prometheus/prometheus,17331,2025-10-13 23:01:25+00:00,2025-10-13 23:31:45+00:00,2025-10-14 09:22:18+00:00,9.8425
prometheus/prometheus,17330,2025-10-13 09:08:55+00:00,2025-10-13 12:49:32+00:00,2025-10-15 10:08:05+00:00,45.30916666666667
prometheus/prometheus,17329,2025-10-12 17:54:06+00:00,2025-10-12 18:43:11+00:00,2025-10-15 17:19:41+00:00,70.60833333333333
prometheus/prometheus,17328,2025-10-12 15:51:15+00:00,2025-10-12 15:51:31+00:00,2025-10-12 15:51:31+00:00,0.0
prometheus/prometheus,17327,2025-10-12 10:59:37+00:00,2025-10-14 11:03:06+00:00,2025-10-14 11:03:17+00:00,0.0030555555555555557
prometheus/prometheus,17326,2025-10-12 10:10:18+00:00,2025-10-12 10:10:28+00:00,2025-10-14 11:08:25+00:00,48.965833333333336
prometheus/prometheus,17325,2025-10-12 09:36:16+00:00,2025-10-12 09:36:23+00:00,,
prometheus/prometheus,17324,2025-10-11 18:22:29+00:00,2025-10-11 18:22:37+00:00,,
prometheus/prometheus,17323,2025-10-11 17:44:44+00:00,2025-10-11 17:45:15+00:00,,
prometheus/prometheus,17321,2025-10-11 00:35:32+00:00,,,
prometheus/prometheus,17320,2025-10-10 21:12:58+00:00,2025-10-11 07:56:54+00:00,2025-10-12 14:10:17+00:00,30.223055555555554
prometheus/prometheus,17316,2025-10-09 21:34:51+00:00,2025-10-10 08:16:27+00:00,2025-10-10 08:16:34+00:00,0.0019444444444444444
prometheus/prometheus,17315,2025-10-09 16:08:25+00:00,2025-10-12 18:03:38+00:00,2025-10-15 13:30:52+00:00,67.45388888888888
prometheus/prometheus,17313,2025-10-09 03:23:20+00:00,2025-10-09 09:42:56+00:00,,
prometheus/prometheus,17312,2025-10-09 00:23:03+00:00,2025-10-09 11:33:56+00:00,2025-10-10 05:25:01+00:00,17.851388888888888
prometheus/prometheus,17311,2025-10-08 23:04:46+00:00,2025-12-21 13:39:37+00:00,,
prometheus/prometheus,17310,2025-10-08 22:02:10+00:00,2025-12-21 19:53:48+00:00,2025-12-21 19:55:03+00:00,0.020833333333333332
prometheus/prometheus,17309,2025-10-08 12:36:51+00:00,2025-10-13 15:45:22+00:00,,
prometheus/prometheus,17307,2025-10-08 09:32:09+00:00,2025-10-08 17:17:55+00:00,2025-10-23 09:47:42+00:00,352.4963888888889
prometheus/prometheus,17306,2025-10-08 05:35:17+00:00,2025-10-08 12:13:47+00:00,2025-10-08 13:31:21+00:00,1.2927777777777778
prometheus/prometheus,17305,2025-10-08 03:05:27+00:00,2025-10-08 03:05:35+00:00,2025-10-13 08:50:53+00:00,125.755
prometheus/prometheus,17304,2025-10-07 20:27:45+00:00,2025-10-21 10:34:55+00:00,2025-11-07 13:38:53+00:00,411.0661111111111
prometheus/prometheus,17303,2025-10-07 16:27:28+00:00,,,
prometheus/prometheus,17302,2025-10-07 15:39:44+00:00,2025-10-07 16:11:10+00:00,2025-10-07 16:40:08+00:00,0.48277777777777775
prometheus/prometheus,17300,2025-10-07 14:38:18+00:00,2025-10-07 14:40:29+00:00,2025-10-07 15:38:56+00:00,0.9741666666666666
prometheus/prometheus,17299,2025-10-07 13:54:53+00:00,2025-10-07 14:23:32+00:00,2025-10-07 14:30:32+00:00,0.11666666666666667
prometheus/prometheus,17298,2025-10-07 13:49:57+00:00,2025-10-07 14:18:11+00:00,2025-10-07 14:23:36+00:00,0.09027777777777778
prometheus/prometheus,17297,2025-10-07 13:28:18+00:00,2025-10-07 13:28:38+00:00,,
prometheus/prometheus,17296,2025-10-07 13:03:40+00:00,2025-10-07 13:18:17+00:00,2025-10-07 13:24:58+00:00,0.11138888888888888
prometheus/prometheus,17295,2025-10-07 12:59:34+00:00,2025-10-07 13:01:09+00:00,2025-10-07 13:22:53+00:00,0.3622222222222222
prometheus/prometheus,17294,2025-10-07 12:36:36+00:00,2025-10-07 12:37:16+00:00,2025-10-12 09:31:26+00:00,116.90277777777777
prometheus/prometheus,17293,2025-10-07 11:21:55+00:00,,,
prometheus/prometheus,17292,2025-10-07 07:27:46+00:00,,2025-10-11 08:25:34+00:00,
prometheus/prometheus,17291,2025-10-07 06:33:47+00:00,2025-10-07 07:23:25+00:00,2025-10-07 07:30:33+00:00,0.11888888888888889
prometheus/prometheus,17290,2025-10-06 19:46:15+00:00,2025-10-06 23:31:45+00:00,2025-10-07 06:29:29+00:00,6.9622222222222225
prometheus/prometheus,17289,2025-10-06 17:21:20+00:00,,2025-10-07 07:08:53+00:00,
prometheus/prometheus,17288,2025-10-06 15:38:19+00:00,,2025-10-06 17:18:38+00:00,
prometheus/prometheus,17287,2025-10-06 13:41:26+00:00,2025-10-06 13:43:21+00:00,2025-10-06 16:11:03+00:00,2.4616666666666664
prometheus/prometheus,17286,2025-10-06 13:35:02+00:00,,2025-10-06 15:33:18+00:00,
prometheus/prometheus,17285,2025-10-06 13:12:08+00:00,2025-10-06 14:09:12+00:00,,
prometheus/prometheus,17284,2025-10-05 19:29:33+00:00,2025-10-06 16:22:39+00:00,2025-10-07 13:38:59+00:00,21.272222222222222
prometheus/prometheus,17282,2025-10-05 11:50:37+00:00,2025-10-08 09:34:48+00:00,2025-10-17 09:17:31+00:00,215.71194444444444
prometheus/prometheus,17281,2025-10-05 11:45:43+00:00,2025-12-19 06:30:12+00:00,2025-12-22 05:16:12+00:00,70.76666666666667
prometheus/prometheus,17280,2025-10-04 12:50:55+00:00,2025-10-04 12:53:57+00:00,2025-10-27 13:56:49+00:00,553.0477777777778
prometheus/prometheus,17279,2025-10-04 10:32:04+00:00,,,
prometheus/prometheus,17278,2025-10-03 13:19:13+00:00,2025-10-03 13:21:18+00:00,2025-10-17 23:03:52+00:00,345.70944444444444
prometheus/prometheus,17275,2025-10-02 11:12:18+00:00,,2025-11-26 10:50:41+00:00,
prometheus/prometheus,17274,2025-10-02 11:04:20+00:00,2025-10-02 11:37:25+00:00,2025-10-08 10:15:46+00:00,142.63916666666665
prometheus/prometheus,17272,2025-10-02 09:31:27+00:00,,,
prometheus/prometheus,17271,2025-10-02 07:49:53+00:00,2025-10-02 08:27:10+00:00,2025-10-02 10:38:54+00:00,2.1955555555555555
prometheus/prometheus,17270,2025-10-02 05:31:15+00:00,,,
prometheus/prometheus,17269,2025-10-01 23:35:31+00:00,2025-10-06 12:46:58+00:00,,
prometheus/prometheus,17268,2025-10-01 23:29:01+00:00,2025-10-22 08:37:46+00:00,2025-10-22 08:38:19+00:00,0.009166666666666667
prometheus/prometheus,17267,2025-10-01 23:28:46+00:00,2025-10-22 08:38:58+00:00,2025-10-22 09:33:32+00:00,0.9094444444444445
prometheus/prometheus,17266,2025-10-01 23:28:21+00:00,2025-10-22 08:39:38+00:00,2025-10-24 14:50:53+00:00,54.1875
prometheus/prometheus,17265,2025-10-01 23:27:52+00:00,,2025-11-01 23:27:44+00:00,
prometheus/prometheus,17264,2025-10-01 23:27:38+00:00,2025-10-22 06:17:04+00:00,2025-10-22 08:27:27+00:00,2.1730555555555555
prometheus/prometheus,17263,2025-10-01 23:27:21+00:00,,2025-11-01 23:19:58+00:00,
prometheus/prometheus,17262,2025-10-01 23:15:54+00:00,2025-10-22 06:17:53+00:00,2025-10-22 08:27:57+00:00,2.167777777777778
prometheus/prometheus,17261,2025-10-01 23:15:48+00:00,2025-10-22 08:30:07+00:00,2025-10-22 09:33:44+00:00,1.0602777777777779
prometheus/prometheus,17260,2025-10-01 23:15:45+00:00,2025-10-22 08:28:33+00:00,2025-10-22 08:28:45+00:00,0.0033333333333333335
prometheus/prometheus,17259,2025-10-01 23:15:41+00:00,2025-10-22 06:17:43+00:00,2025-10-22 09:34:20+00:00,3.2769444444444447
prometheus/prometheus,17258,2025-10-01 23:15:36+00:00,2025-10-22 08:29:15+00:00,2025-10-22 08:29:26+00:00,0.0030555555555555557
prometheus/prometheus,17257,2025-10-01 23:15:23+00:00,2025-10-22 08:36:42+00:00,2025-10-22 08:36:52+00:00,0.002777777777777778
prometheus/prometheus,17256,2025-10-01 12:44:02+00:00,2025-10-22 07:22:41+00:00,2025-10-22 07:22:49+00:00,0.0022222222222222222
prometheus/prometheus,17253,2025-10-01 08:36:47+00:00,2025-10-01 08:44:25+00:00,2025-10-01 08:54:09+00:00,0.1622222222222222
prometheus/prometheus,17252,2025-10-01 08:32:34+00:00,2025-11-12 10:29:26+00:00,2025-11-12 10:53:32+00:00,0.40166666666666667
prometheus/prometheus,17251,2025-10-01 08:25:26+00:00,2025-10-01 11:27:34+00:00,,
prometheus/prometheus,17250,2025-10-01 08:10:23+00:00,2025-10-06 11:51:37+00:00,2025-10-06 11:53:44+00:00,0.035277777777777776
prometheus/prometheus,17249,2025-09-30 17:33:32+00:00,2025-10-01 14:23:13+00:00,2025-10-01 14:58:28+00:00,0.5875
prometheus/prometheus,17248,2025-09-30 17:06:37+00:00,2025-10-01 14:20:26+00:00,2025-10-01 16:05:14+00:00,1.7466666666666666
prometheus/prometheus,17246,2025-09-30 13:42:53+00:00,2025-09-30 16:02:15+00:00,2025-12-11 18:48:26+00:00,1730.7697222222223
prometheus/prometheus,17245,2025-09-30 13:37:08+00:00,,2025-10-01 08:54:11+00:00,
prometheus/prometheus,17244,2025-09-30 13:31:59+00:00,2025-10-01 09:11:39+00:00,2025-10-01 09:31:08+00:00,0.32472222222222225
prometheus/prometheus,17243,2025-09-30 11:38:35+00:00,2025-09-30 12:04:46+00:00,2025-09-30 13:19:32+00:00,1.2461111111111112
prometheus/prometheus,17242,2025-09-30 09:50:25+00:00,2025-09-30 11:54:04+00:00,2025-09-30 13:58:59+00:00,2.0819444444444444
prometheus/prometheus,17241,2025-09-29 21:41:53+00:00,2025-09-30 06:21:36+00:00,2025-09-30 16:49:54+00:00,10.471666666666666
prometheus/prometheus,17240,2025-09-29 13:00:11+00:00,2025-09-30 16:15:33+00:00,2025-09-30 16:15:39+00:00,0.0016666666666666668
prometheus/prometheus,17239,2025-09-29 12:14:48+00:00,2025-09-29 13:59:20+00:00,2025-10-15 13:46:32+00:00,383.7866666666667
prometheus/prometheus,17234,2025-09-28 14:04:49+00:00,2025-09-30 11:15:18+00:00,2025-09-30 11:16:33+00:00,0.020833333333333332
prometheus/prometheus,17233,2025-09-26 23:17:18+00:00,2025-09-30 11:18:44+00:00,2025-09-30 11:20:24+00:00,0.027777777777777776
prometheus/prometheus,17232,2025-09-26 14:37:15+00:00,2025-09-29 12:07:31+00:00,2025-10-24 10:49:46+00:00,598.7041666666667
prometheus/prometheus,17231,2025-09-26 09:28:35+00:00,2025-09-26 11:51:19+00:00,2025-09-26 14:33:09+00:00,2.6972222222222224
prometheus/prometheus,17230,2025-09-26 08:55:23+00:00,2025-09-26 11:09:55+00:00,2025-11-13 06:21:15+00:00,1147.1888888888889
prometheus/prometheus,17227,2025-09-25 12:48:58+00:00,2025-09-25 12:51:21+00:00,2025-09-25 13:04:32+00:00,0.21972222222222224
prometheus/prometheus,17226,2025-09-25 12:13:31+00:00,2025-09-25 16:20:48+00:00,2025-09-26 09:17:00+00:00,16.936666666666667
prometheus/prometheus,17223,2025-09-24 13:49:10+00:00,,2025-12-16 12:47:06+00:00,
prometheus/prometheus,17221,2025-09-23 20:17:10+00:00,,,
prometheus/prometheus,17217,2025-09-22 09:22:58+00:00,2025-09-22 11:39:16+00:00,2025-09-23 11:03:14+00:00,23.399444444444445
prometheus/prometheus,17215,2025-09-18 23:29:02+00:00,2025-09-25 06:40:51+00:00,2025-09-25 17:31:37+00:00,10.846111111111112
prometheus/prometheus,17214,2025-09-18 12:03:50+00:00,2025-09-18 14:28:34+00:00,2025-09-24 12:59:18+00:00,142.51222222222222
prometheus/prometheus,17213,2025-09-18 11:14:20+00:00,2025-09-18 13:12:11+00:00,2025-09-24 09:28:35+00:00,140.27333333333334
prometheus/prometheus,17212,2025-09-18 10:22:31+00:00,2025-10-01 15:47:13+00:00,2025-10-02 09:51:05+00:00,18.064444444444444
prometheus/prometheus,17210,2025-09-18 07:03:14+00:00,2025-09-19 12:08:07+00:00,2025-09-23 05:24:46+00:00,89.2775
prometheus/prometheus,17208,2025-09-17 15:00:13+00:00,2025-09-17 17:08:21+00:00,2025-10-16 13:51:27+00:00,692.7183333333334
prometheus/prometheus,17207,2025-09-17 14:14:52+00:00,,,
prometheus/prometheus,17205,2025-09-17 11:19:12+00:00,2025-09-19 13:43:59+00:00,,
prometheus/prometheus,17204,2025-09-17 07:38:14+00:00,2025-09-30 11:22:12+00:00,2025-09-30 11:22:22+00:00,0.002777777777777778
prometheus/prometheus,17203,2025-09-17 07:22:44+00:00,2025-09-17 13:00:59+00:00,2025-09-17 19:05:30+00:00,6.075277777777778
prometheus/prometheus,17202,2025-09-17 07:06:00+00:00,2025-09-17 07:07:25+00:00,2025-09-17 08:52:09+00:00,1.7455555555555555
prometheus/prometheus,17201,2025-09-17 06:43:08+00:00,2025-09-17 06:58:00+00:00,2025-09-18 11:37:51+00:00,28.664166666666667
prometheus/prometheus,17200,2025-09-17 04:23:36+00:00,2025-09-17 10:59:12+00:00,2025-09-26 11:21:28+00:00,216.3711111111111
prometheus/prometheus,17199,2025-09-16 13:00:16+00:00,2025-10-23 08:28:44+00:00,2025-10-23 15:39:23+00:00,7.1775
prometheus/prometheus,17197,2025-09-16 08:02:50+00:00,2025-09-22 08:31:35+00:00,2025-10-24 09:31:34+00:00,768.9997222222222
prometheus/prometheus,17196,2025-09-15 23:04:56+00:00,2025-09-17 11:45:28+00:00,,
prometheus/prometheus,17195,2025-09-15 15:26:22+00:00,2025-09-16 11:10:19+00:00,2025-09-16 11:11:36+00:00,0.021388888888888888
prometheus/prometheus,17194,2025-09-15 14:47:11+00:00,2025-10-27 15:27:37+00:00,2025-11-04 14:26:15+00:00,190.97722222222222
prometheus/prometheus,17189,2025-09-13 14:55:35+00:00,2025-09-18 12:17:12+00:00,2025-09-24 09:27:26+00:00,141.17055555555555
prometheus/prometheus,17187,2025-09-13 09:44:49+00:00,,,
prometheus/prometheus,17183,2025-09-12 15:39:47+00:00,2025-09-12 20:33:29+00:00,2025-09-16 11:17:10+00:00,86.72805555555556
prometheus/prometheus,17182,2025-09-12 14:13:56+00:00,,2025-09-16 11:17:03+00:00,
prometheus/prometheus,17180,2025-09-12 06:26:36+00:00,,,
prometheus/prometheus,17178,2025-09-11 20:36:32+00:00,,2025-09-26 23:07:34+00:00,
prometheus/prometheus,17176,2025-09-11 11:51:34+00:00,,2025-11-03 14:53:44+00:00,
prometheus/prometheus,17175,2025-09-11 08:24:11+00:00,,2025-09-11 11:28:13+00:00,
prometheus/prometheus,17173,2025-09-10 15:14:38+00:00,2025-09-12 08:26:10+00:00,,
prometheus/prometheus,17171,2025-09-10 10:54:23+00:00,,,
prometheus/prometheus,17168,2025-09-09 13:25:28+00:00,2025-09-10 12:02:14+00:00,2025-09-10 13:30:52+00:00,1.4772222222222222
prometheus/prometheus,17167,2025-09-09 11:27:03+00:00,,2025-10-28 11:54:49+00:00,
prometheus/prometheus,17166,2025-09-09 11:13:14+00:00,2025-09-10 11:38:31+00:00,2025-10-30 07:44:26+00:00,1196.098611111111
prometheus/prometheus,17164,2025-09-09 06:54:37+00:00,,2025-09-17 15:06:20+00:00,
prometheus/prometheus,17163,2025-09-09 05:27:31+00:00,2025-10-15 08:22:45+00:00,2025-10-18 07:01:37+00:00,70.64777777777778
prometheus/prometheus,17161,2025-09-08 17:10:34+00:00,2025-09-09 02:36:33+00:00,2025-11-15 20:07:36+00:00,1625.5175
prometheus/prometheus,17160,2025-09-08 12:38:32+00:00,2025-09-08 13:29:14+00:00,2025-09-08 20:04:55+00:00,6.594722222222222
prometheus/prometheus,17159,2025-09-08 06:51:03+00:00,,,
prometheus/prometheus,17158,2025-09-07 15:54:54+00:00,2025-09-29 13:47:22+00:00,2025-09-29 17:59:37+00:00,4.204166666666667
prometheus/prometheus,17156,2025-09-06 19:01:51+00:00,2025-09-06 19:05:04+00:00,2025-09-08 15:26:42+00:00,44.36055555555556
prometheus/prometheus,17155,2025-09-06 11:46:13+00:00,2025-09-06 11:51:50+00:00,2025-09-11 09:49:42+00:00,117.96444444444444
prometheus/prometheus,17153,2025-09-06 07:59:02+00:00,2025-09-06 08:48:28+00:00,2025-09-06 09:45:44+00:00,0.9544444444444444
prometheus/prometheus,17152,2025-09-06 06:17:43+00:00,,,
prometheus/prometheus,17151,2025-09-05 14:53:57+00:00,2025-09-06 10:38:06+00:00,2025-09-06 11:04:24+00:00,0.43833333333333335
prometheus/prometheus,17150,2025-09-05 14:07:28+00:00,2025-09-08 13:05:05+00:00,2025-10-07 11:06:49+00:00,694.0288888888889
prometheus/prometheus,17148,2025-09-05 09:18:12+00:00,2025-10-27 17:23:42+00:00,,
prometheus/prometheus,17146,2025-09-05 06:56:24+00:00,2025-09-05 07:32:17+00:00,2025-09-05 07:32:37+00:00,0.005555555555555556
prometheus/prometheus,17145,2025-09-05 03:41:38+00:00,2025-09-05 03:42:31+00:00,2025-09-05 03:42:26+00:00,-0.001388888888888889
prometheus/prometheus,17144,2025-09-04 17:24:08+00:00,,2025-09-18 10:23:20+00:00,
prometheus/prometheus,17142,2025-09-04 10:03:02+00:00,,,
prometheus/prometheus,17141,2025-09-03 17:28:35+00:00,2025-09-04 10:22:07+00:00,2025-09-09 14:45:06+00:00,124.38305555555556
prometheus/prometheus,17139,2025-09-03 14:17:05+00:00,2025-09-03 15:11:47+00:00,2025-09-03 15:20:04+00:00,0.13805555555555554
prometheus/prometheus,17138,2025-09-03 14:02:50+00:00,2025-09-30 16:54:41+00:00,2025-11-13 13:51:39+00:00,1052.9494444444445
prometheus/prometheus,17136,2025-09-03 10:53:22+00:00,2025-09-24 19:43:23+00:00,,
prometheus/prometheus,17135,2025-09-03 09:21:43+00:00,2025-09-05 09:47:34+00:00,2025-09-05 12:46:57+00:00,2.9897222222222224
prometheus/prometheus,17133,2025-09-03 08:53:34+00:00,2025-09-03 08:54:28+00:00,2025-09-04 18:38:47+00:00,33.73861111111111
prometheus/prometheus,17132,2025-09-03 08:09:22+00:00,2025-09-03 08:10:37+00:00,,
prometheus/prometheus,17131,2025-09-03 06:52:29+00:00,2025-09-04 17:20:02+00:00,2025-11-12 10:43:05+00:00,1649.3841666666667
prometheus/prometheus,17130,2025-09-03 06:37:28+00:00,2025-10-23 12:45:51+00:00,2025-10-24 12:08:01+00:00,23.369444444444444
prometheus/prometheus,17128,2025-09-02 23:00:40+00:00,2025-09-03 09:05:28+00:00,,
prometheus/prometheus,17127,2025-09-02 23:00:37+00:00,2025-09-03 08:52:32+00:00,2025-09-09 13:52:49+00:00,149.00472222222223
prometheus/prometheus,17126,2025-09-02 20:42:45+00:00,,2025-09-03 15:21:18+00:00,
prometheus/prometheus,17125,2025-09-02 20:38:24+00:00,,2025-10-01 09:55:45+00:00,
prometheus/prometheus,17124,2025-09-02 20:04:44+00:00,,2025-10-01 09:55:44+00:00,
prometheus/prometheus,17123,2025-09-02 19:00:46+00:00,,2025-10-01 09:55:44+00:00,
prometheus/prometheus,17122,2025-09-02 18:57:39+00:00,,2025-10-01 09:55:43+00:00,
prometheus/prometheus,17121,2025-09-02 18:54:39+00:00,,2025-09-30 13:20:46+00:00,
prometheus/prometheus,17120,2025-09-02 18:36:42+00:00,,2025-09-30 13:20:48+00:00,
prometheus/prometheus,17119,2025-09-02 18:32:16+00:00,,2025-09-30 13:20:46+00:00,
prometheus/prometheus,17118,2025-09-02 18:31:21+00:00,,2025-09-03 15:21:16+00:00,
prometheus/prometheus,17117,2025-09-02 18:24:47+00:00,,2025-10-01 09:55:43+00:00,
prometheus/prometheus,17116,2025-09-02 18:14:05+00:00,,2025-09-30 13:20:48+00:00,
prometheus/prometheus,17115,2025-09-02 17:01:15+00:00,,2025-09-30 13:20:46+00:00,
prometheus/prometheus,17114,2025-09-02 14:23:39+00:00,2025-11-12 10:34:16+00:00,2025-11-14 17:32:27+00:00,54.969722222222224
prometheus/prometheus,17113,2025-09-02 10:28:51+00:00,2025-10-15 09:58:00+00:00,2025-11-07 13:36:14+00:00,555.6372222222222
prometheus/prometheus,17112,2025-09-02 08:45:36+00:00,2025-09-02 09:14:13+00:00,2025-09-02 11:37:14+00:00,2.383611111111111
prometheus/prometheus,17110,2025-09-01 14:55:54+00:00,,2025-09-11 17:56:20+00:00,
prometheus/prometheus,17108,2025-08-30 23:45:49+00:00,,2025-09-05 06:38:48+00:00,
prometheus/prometheus,17107,2025-08-30 17:45:48+00:00,,2025-10-27 15:40:44+00:00,
prometheus/prometheus,17106,2025-08-30 14:11:54+00:00,2025-09-02 08:12:48+00:00,,
prometheus/prometheus,17105,2025-08-29 21:23:36+00:00,2025-09-29 19:14:19+00:00,2025-10-27 18:26:48+00:00,671.2080555555556
prometheus/prometheus,17104,2025-08-29 09:53:43+00:00,2025-09-05 12:55:30+00:00,2025-11-25 14:04:20+00:00,1945.1472222222221
prometheus/prometheus,17103,2025-08-29 07:38:40+00:00,2025-08-29 09:19:18+00:00,2025-08-29 09:43:59+00:00,0.4113888888888889
prometheus/prometheus,17101,2025-08-28 16:25:41+00:00,,2025-09-01 14:53:37+00:00,
prometheus/prometheus,17099,2025-08-28 07:58:42+00:00,2025-09-02 11:25:51+00:00,2025-12-22 04:45:52+00:00,2657.333611111111
prometheus/prometheus,17098,2025-08-28 07:32:33+00:00,,,
prometheus/prometheus,17096,2025-08-27 18:00:50+00:00,,,
prometheus/prometheus,17095,2025-08-27 17:02:27+00:00,2025-09-01 11:41:04+00:00,2025-09-02 15:05:21+00:00,27.404722222222222
prometheus/prometheus,17094,2025-08-27 16:48:01+00:00,2025-09-02 23:10:31+00:00,2025-09-04 11:55:42+00:00,36.753055555555555
prometheus/prometheus,17093,2025-08-27 15:03:26+00:00,2025-08-27 15:26:29+00:00,2025-08-27 15:26:43+00:00,0.0038888888888888888
prometheus/prometheus,17092,2025-08-27 12:42:05+00:00,2025-08-27 18:16:06+00:00,2025-08-27 22:42:33+00:00,4.440833333333333
prometheus/prometheus,17091,2025-08-27 06:21:19+00:00,,2025-08-27 12:57:38+00:00,
prometheus/prometheus,17090,2025-08-26 16:17:12+00:00,2025-08-28 11:45:34+00:00,2025-09-01 11:05:29+00:00,95.33194444444445
prometheus/prometheus,17089,2025-08-26 13:48:40+00:00,2025-08-26 16:00:32+00:00,2025-09-09 13:17:47+00:00,333.2875
prometheus/prometheus,17082,2025-08-25 15:44:18+00:00,2025-08-26 18:43:04+00:00,2025-08-26 18:54:14+00:00,0.18611111111111112
prometheus/prometheus,17081,2025-08-25 15:40:03+00:00,2025-08-27 17:05:16+00:00,2025-09-02 11:37:51+00:00,138.54305555555555
prometheus/prometheus,17080,2025-08-25 11:05:47+00:00,2025-09-02 13:31:18+00:00,2025-09-09 12:31:18+00:00,167.0
prometheus/prometheus,17078,2025-08-24 11:07:40+00:00,,,
prometheus/prometheus,17077,2025-08-23 16:05:36+00:00,2025-09-02 11:43:52+00:00,2025-09-02 11:44:14+00:00,0.006111111111111111
prometheus/prometheus,17076,2025-08-22 20:01:46+00:00,,2025-08-25 15:23:29+00:00,
prometheus/prometheus,17074,2025-08-22 15:06:01+00:00,2025-08-22 18:19:01+00:00,2025-09-02 11:55:13+00:00,257.60333333333335
prometheus/prometheus,17071,2025-08-21 23:21:58+00:00,2025-08-22 10:32:07+00:00,2025-09-18 11:55:32+00:00,649.3902777777778
prometheus/prometheus,17069,2025-08-21 13:26:47+00:00,,2025-09-03 14:03:27+00:00,
prometheus/prometheus,17068,2025-08-21 12:41:56+00:00,,2025-08-21 12:42:38+00:00,
prometheus/prometheus,17067,2025-08-21 10:54:34+00:00,2025-09-03 15:56:40+00:00,2025-09-04 12:41:21+00:00,20.744722222222222
prometheus/prometheus,17066,2025-08-21 05:39:30+00:00,2025-09-16 11:21:33+00:00,2025-09-16 11:22:14+00:00,0.01138888888888889
prometheus/prometheus,17065,2025-08-20 21:37:26+00:00,2025-08-20 21:42:05+00:00,2025-09-01 18:12:19+00:00,284.50388888888887
prometheus/prometheus,17064,2025-08-20 17:15:17+00:00,2025-08-20 17:16:11+00:00,2025-08-21 14:57:57+00:00,21.69611111111111
prometheus/prometheus,17063,2025-08-20 09:55:40+00:00,2025-08-26 15:00:42+00:00,2025-08-27 09:13:00+00:00,18.205
prometheus/prometheus,17061,2025-08-19 17:05:16+00:00,2025-08-19 18:44:49+00:00,2025-08-20 08:03:45+00:00,13.315555555555555
prometheus/prometheus,17056,2025-08-18 13:22:03+00:00,2025-08-22 06:13:14+00:00,,
prometheus/prometheus,17055,2025-08-18 04:36:48+00:00,2025-08-18 05:41:44+00:00,2025-09-16 11:28:19+00:00,701.7763888888888
prometheus/prometheus,17054,2025-08-16 12:14:30+00:00,,2025-08-27 12:53:34+00:00,
prometheus/prometheus,17053,2025-08-15 17:54:06+00:00,,,
prometheus/prometheus,17052,2025-08-15 08:57:47+00:00,2025-08-17 08:35:07+00:00,2025-08-17 08:35:20+00:00,0.003611111111111111
prometheus/prometheus,17051,2025-08-14 17:04:13+00:00,2025-08-14 17:05:18+00:00,2025-08-20 15:24:12+00:00,142.315
prometheus/prometheus,17050,2025-08-14 13:26:55+00:00,2025-08-14 13:29:40+00:00,2025-08-17 15:18:48+00:00,73.81888888888889
prometheus/prometheus,17049,2025-08-13 17:34:30+00:00,2025-08-15 07:58:31+00:00,2025-08-15 09:19:51+00:00,1.3555555555555556
prometheus/prometheus,17048,2025-08-13 16:56:30+00:00,2025-08-14 14:03:51+00:00,2025-08-14 14:04:16+00:00,0.006944444444444444
prometheus/prometheus,17047,2025-08-13 13:52:07+00:00,2025-08-13 17:41:48+00:00,2025-08-13 17:44:38+00:00,0.04722222222222222
prometheus/prometheus,17046,2025-08-13 13:40:52+00:00,2025-08-13 14:43:46+00:00,2025-08-13 14:57:09+00:00,0.22305555555555556
prometheus/prometheus,17044,2025-08-13 13:20:45+00:00,,2025-08-13 13:45:55+00:00,
prometheus/prometheus,17043,2025-08-13 10:32:16+00:00,2025-09-16 21:24:18+00:00,2025-09-30 11:11:12+00:00,325.7816666666667
prometheus/prometheus,17042,2025-08-12 16:14:33+00:00,2025-08-12 16:16:10+00:00,,
prometheus/prometheus,17041,2025-08-12 15:36:41+00:00,2025-08-18 14:50:40+00:00,2025-08-18 16:06:39+00:00,1.2663888888888888
prometheus/prometheus,17039,2025-08-12 10:51:03+00:00,2025-08-12 11:36:05+00:00,2025-08-12 14:45:18+00:00,3.153611111111111
prometheus/prometheus,17037,2025-08-11 19:50:55+00:00,2025-08-13 17:52:51+00:00,2025-10-06 11:55:08+00:00,1290.0380555555555
prometheus/prometheus,17036,2025-08-11 11:01:25+00:00,2025-08-11 15:51:34+00:00,2025-10-28 10:56:04+00:00,1867.075
prometheus/prometheus,17034,2025-08-11 03:05:10+00:00,2025-08-11 15:14:17+00:00,2025-08-22 17:33:52+00:00,266.3263888888889
prometheus/prometheus,17033,2025-08-10 11:48:43+00:00,2025-08-10 11:58:41+00:00,2025-08-29 04:10:01+00:00,448.18888888888887
prometheus/prometheus,17031,2025-08-09 07:54:03+00:00,2025-08-11 12:00:26+00:00,2025-08-13 13:52:52+00:00,49.87388888888889
prometheus/prometheus,17029,2025-08-08 18:06:43+00:00,2025-08-19 10:47:11+00:00,2025-08-20 10:15:10+00:00,23.46638888888889
prometheus/prometheus,17028,2025-08-08 17:46:52+00:00,2025-08-08 17:53:17+00:00,2025-08-08 19:30:45+00:00,1.6244444444444444
prometheus/prometheus,17027,2025-08-08 08:54:00+00:00,2025-08-08 09:34:57+00:00,2025-08-08 09:43:41+00:00,0.14555555555555555
prometheus/prometheus,17026,2025-08-08 07:38:37+00:00,2025-09-26 01:14:32+00:00,2025-10-27 14:51:33+00:00,757.6169444444445
prometheus/prometheus,17024,2025-08-07 19:12:12+00:00,2025-10-24 09:20:08+00:00,,
prometheus/prometheus,17023,2025-08-07 16:45:17+00:00,2025-08-07 16:47:52+00:00,2025-08-07 17:04:21+00:00,0.2747222222222222
prometheus/prometheus,17022,2025-08-07 14:26:21+00:00,2025-08-14 06:28:43+00:00,,
prometheus/prometheus,17021,2025-08-07 01:46:52+00:00,2025-08-19 13:58:46+00:00,2025-09-02 12:56:00+00:00,334.9538888888889
prometheus/prometheus,17020,2025-08-06 20:26:11+00:00,2025-08-11 08:15:25+00:00,2025-08-27 00:09:29+00:00,375.9011111111111
prometheus/prometheus,17019,2025-08-06 17:41:47+00:00,2025-08-12 12:11:50+00:00,2025-08-12 12:12:16+00:00,0.007222222222222222
prometheus/prometheus,17018,2025-08-06 17:14:17+00:00,2025-08-12 12:11:28+00:00,2025-08-12 12:12:27+00:00,0.01638888888888889
prometheus/prometheus,17017,2025-08-06 16:46:21+00:00,2025-08-12 12:10:44+00:00,2025-08-12 12:12:42+00:00,0.03277777777777778
prometheus/prometheus,17016,2025-08-06 16:34:10+00:00,,2025-09-16 12:28:09+00:00,
prometheus/prometheus,17015,2025-08-06 14:30:22+00:00,2025-09-16 12:00:23+00:00,2025-09-16 12:02:08+00:00,0.029166666666666667
prometheus/prometheus,17014,2025-08-06 14:27:50+00:00,2025-08-06 14:29:32+00:00,2025-08-06 17:05:47+00:00,2.6041666666666665
prometheus/prometheus,17013,2025-08-06 12:35:57+00:00,2025-08-12 12:09:51+00:00,2025-08-12 12:12:48+00:00,0.049166666666666664
prometheus/prometheus,17012,2025-08-06 12:04:14+00:00,2025-08-09 08:37:53+00:00,2025-08-27 08:47:39+00:00,432.16277777777776
prometheus/prometheus,17011,2025-08-06 09:04:51+00:00,2025-08-19 20:39:16+00:00,2025-08-21 21:26:01+00:00,48.77916666666667
prometheus/prometheus,17006,2025-08-05 17:12:30+00:00,2025-08-06 09:39:56+00:00,2025-08-06 09:40:02+00:00,0.0016666666666666668
prometheus/prometheus,17004,2025-08-05 15:40:32+00:00,2025-08-05 17:05:02+00:00,2025-08-13 13:25:06+00:00,188.33444444444444
prometheus/prometheus,17002,2025-08-05 13:36:10+00:00,2025-08-06 09:40:58+00:00,2025-08-06 11:07:49+00:00,1.4475
prometheus/prometheus,17000,2025-08-05 12:10:51+00:00,2025-08-06 09:42:20+00:00,2025-08-06 11:07:10+00:00,1.413888888888889
prometheus/prometheus,16999,2025-08-04 16:09:25+00:00,2025-08-06 09:43:35+00:00,2025-08-06 09:43:42+00:00,0.0019444444444444444
prometheus/prometheus,16998,2025-08-04 15:59:20+00:00,2025-08-06 09:44:23+00:00,2025-08-06 09:44:44+00:00,0.005833333333333334
prometheus/prometheus,16997,2025-08-04 13:49:43+00:00,2025-08-07 09:40:54+00:00,2025-08-07 17:01:03+00:00,7.335833333333333
prometheus/prometheus,16996,2025-08-04 13:44:12+00:00,2025-08-04 14:09:24+00:00,2025-08-05 08:48:08+00:00,18.645555555555557
prometheus/prometheus,16995,2025-08-04 09:46:56+00:00,2025-08-13 08:24:19+00:00,2025-08-21 13:28:03+00:00,197.06222222222223
prometheus/prometheus,16994,2025-08-04 06:24:36+00:00,2025-08-06 09:46:19+00:00,2025-08-06 09:46:28+00:00,0.0025
prometheus/prometheus,16993,2025-08-03 10:47:14+00:00,2025-08-05 13:18:09+00:00,2025-08-06 06:10:50+00:00,16.878055555555555
prometheus/prometheus,16992,2025-08-02 08:51:54+00:00,2025-08-06 09:50:56+00:00,,
prometheus/prometheus,16991,2025-08-01 23:30:59+00:00,,2025-09-02 18:24:51+00:00,
prometheus/prometheus,16990,2025-08-01 23:30:47+00:00,,2025-10-01 09:55:42+00:00,
prometheus/prometheus,16989,2025-08-01 23:30:35+00:00,,2025-09-02 18:36:47+00:00,
prometheus/prometheus,16988,2025-08-01 23:30:26+00:00,,2025-10-01 09:55:41+00:00,
prometheus/prometheus,16987,2025-08-01 23:30:18+00:00,2025-09-30 11:36:17+00:00,2025-10-01 09:55:40+00:00,22.323055555555555
prometheus/prometheus,16986,2025-08-01 23:30:14+00:00,,2025-09-02 18:14:09+00:00,
prometheus/prometheus,16985,2025-08-01 23:30:05+00:00,,2025-09-02 18:31:33+00:00,
prometheus/prometheus,16984,2025-08-01 23:30:02+00:00,,2025-10-01 09:55:39+00:00,
prometheus/prometheus,16983,2025-08-01 23:29:56+00:00,,2025-08-08 02:36:19+00:00,
prometheus/prometheus,16982,2025-08-01 23:29:45+00:00,,2025-09-02 20:42:49+00:00,
prometheus/prometheus,16981,2025-08-01 23:29:40+00:00,,2025-09-02 17:01:19+00:00,
prometheus/prometheus,16980,2025-08-01 23:29:09+00:00,,2025-09-02 18:32:20+00:00,
prometheus/prometheus,16979,2025-08-01 23:29:06+00:00,,2025-10-01 09:55:38+00:00,
prometheus/prometheus,16978,2025-08-01 23:29:01+00:00,,2025-10-01 09:55:37+00:00,
prometheus/prometheus,16977,2025-08-01 23:28:53+00:00,,2025-10-01 09:55:36+00:00,
prometheus/prometheus,16976,2025-08-01 23:28:49+00:00,,2025-10-01 09:55:35+00:00,
prometheus/prometheus,16975,2025-08-01 23:28:42+00:00,,2025-09-02 18:54:43+00:00,
prometheus/prometheus,16974,2025-08-01 23:28:38+00:00,,2025-10-01 09:55:35+00:00,
prometheus/prometheus,16973,2025-08-01 23:28:35+00:00,,2025-10-01 23:20:50+00:00,
prometheus/prometheus,16972,2025-08-01 23:22:27+00:00,,2025-09-02 18:57:43+00:00,
prometheus/prometheus,16971,2025-08-01 21:17:30+00:00,2025-08-04 21:03:02+00:00,,
prometheus/prometheus,16970,2025-08-01 20:29:13+00:00,2025-08-01 21:33:39+00:00,2025-08-01 21:46:52+00:00,0.22027777777777777
prometheus/prometheus,16969,2025-08-01 13:19:48+00:00,,2025-09-18 08:43:34+00:00,
prometheus/prometheus,16968,2025-08-01 10:56:44+00:00,2025-08-05 22:10:52+00:00,2025-08-05 22:12:45+00:00,0.03138888888888889
prometheus/prometheus,16961,2025-07-31 17:45:49+00:00,2025-07-31 21:25:11+00:00,2025-08-04 16:02:16+00:00,90.61805555555556
prometheus/prometheus,16960,2025-07-31 15:51:08+00:00,,2025-09-02 15:29:55+00:00,
prometheus/prometheus,16959,2025-07-31 15:35:44+00:00,,2025-09-02 15:30:04+00:00,
prometheus/prometheus,16957,2025-07-31 12:36:08+00:00,2025-08-01 09:52:34+00:00,2025-09-15 10:46:01+00:00,1080.8908333333334
prometheus/prometheus,16953,2025-07-30 12:30:22+00:00,2025-07-30 23:37:07+00:00,2025-08-17 08:12:55+00:00,416.5966666666667
prometheus/prometheus,16951,2025-07-30 07:21:21+00:00,2025-07-31 08:02:46+00:00,2025-09-08 12:34:25+00:00,940.5275
prometheus/prometheus,16950,2025-07-30 03:13:14+00:00,2025-07-30 12:08:10+00:00,2025-08-08 02:34:55+00:00,206.44583333333333
prometheus/prometheus,16947,2025-07-29 15:43:16+00:00,2025-07-29 15:49:16+00:00,2025-07-29 16:23:59+00:00,0.5786111111111111
prometheus/prometheus,16946,2025-07-29 15:15:08+00:00,2025-07-30 12:14:45+00:00,2025-07-30 12:16:59+00:00,0.03722222222222222
prometheus/prometheus,16941,2025-07-29 10:44:19+00:00,2025-07-29 13:25:07+00:00,2025-07-29 13:25:12+00:00,0.001388888888888889
prometheus/prometheus,16935,2025-07-28 07:50:30+00:00,,,
prometheus/prometheus,16932,2025-07-27 15:14:51+00:00,2025-07-28 07:49:15+00:00,2025-12-07 10:56:58+00:00,3171.1286111111112
prometheus/prometheus,16931,2025-07-27 01:33:57+00:00,,2025-07-27 13:04:14+00:00,
prometheus/prometheus,16930,2025-07-26 16:35:13+00:00,2025-07-26 19:51:45+00:00,,
prometheus/prometheus,16929,2025-07-25 23:31:50+00:00,2025-10-15 23:34:54+00:00,2026-01-24 23:18:17+00:00,2423.7230555555557
prometheus/prometheus,16928,2025-07-25 16:28:39+00:00,2025-07-28 15:25:31+00:00,2025-08-18 08:09:00+00:00,496.7247222222222
prometheus/prometheus,16927,2025-07-25 13:37:40+00:00,2025-07-28 13:31:28+00:00,2025-07-28 13:54:32+00:00,0.3844444444444444
prometheus/prometheus,16926,2025-07-25 09:08:51+00:00,2025-09-30 14:12:55+00:00,,
prometheus/prometheus,16925,2025-07-25 01:51:28+00:00,2025-08-12 05:06:34+00:00,2025-08-19 22:35:19+00:00,185.47916666666666
prometheus/prometheus,16923,2025-07-24 19:17:20+00:00,2025-07-30 11:50:19+00:00,2025-08-04 17:53:50+00:00,126.0586111111111
prometheus/prometheus,16922,2025-07-24 16:41:17+00:00,2025-08-21 12:31:55+00:00,2025-08-27 16:11:09+00:00,147.6538888888889
prometheus/prometheus,16921,2025-07-24 15:51:26+00:00,2025-07-28 13:34:47+00:00,2025-07-28 16:35:51+00:00,3.017777777777778
prometheus/prometheus,16915,2025-07-23 17:52:32+00:00,2025-07-23 20:38:10+00:00,2025-07-24 17:11:37+00:00,20.5575
prometheus/prometheus,16914,2025-07-23 16:51:08+00:00,2025-07-24 12:28:39+00:00,2025-07-30 17:21:01+00:00,148.87277777777777
prometheus/prometheus,16910,2025-07-23 11:17:14+00:00,2025-07-24 11:54:52+00:00,2025-07-24 11:54:58+00:00,0.0016666666666666668
prometheus/prometheus,16908,2025-07-23 04:39:39+00:00,,2025-07-26 20:28:36+00:00,
prometheus/prometheus,16905,2025-07-22 07:22:39+00:00,2025-07-22 12:50:07+00:00,2025-07-22 12:50:21+00:00,0.0038888888888888888
prometheus/prometheus,16904,2025-07-22 07:15:52+00:00,2025-07-22 07:58:13+00:00,2025-08-13 13:34:36+00:00,533.6063888888889
prometheus/prometheus,16901,2025-07-21 11:05:02+00:00,2025-07-21 11:41:50+00:00,2025-07-21 12:24:54+00:00,0.7177777777777777
prometheus/prometheus,16899,2025-07-21 05:20:55+00:00,2025-07-25 10:57:26+00:00,2025-08-18 04:54:34+00:00,569.9522222222222
prometheus/prometheus,16896,2025-07-19 15:37:00+00:00,2025-07-20 07:18:10+00:00,2025-08-13 13:17:30+00:00,581.9888888888889
prometheus/prometheus,16895,2025-07-19 14:26:09+00:00,2025-07-28 14:46:19+00:00,2025-07-28 14:55:19+00:00,0.15
prometheus/prometheus,16893,2025-07-18 14:03:55+00:00,2025-07-19 10:24:57+00:00,2025-07-24 16:01:02+00:00,125.60138888888889
prometheus/prometheus,16890,2025-07-17 11:11:21+00:00,,2025-09-25 07:00:01+00:00,
prometheus/prometheus,16887,2025-07-17 03:37:21+00:00,2025-07-21 12:17:36+00:00,2025-07-23 05:38:15+00:00,41.344166666666666
prometheus/prometheus,16886,2025-07-16 17:23:23+00:00,2025-07-16 17:23:54+00:00,,
prometheus/prometheus,16885,2025-07-16 16:54:49+00:00,2025-07-16 17:26:20+00:00,2025-07-16 18:32:15+00:00,1.0986111111111112
prometheus/prometheus,16884,2025-07-16 13:20:29+00:00,,2025-07-17 11:10:22+00:00,
prometheus/prometheus,16882,2025-07-16 08:13:35+00:00,2025-07-16 10:24:25+00:00,2025-07-16 10:24:43+00:00,0.005
prometheus/prometheus,16881,2025-07-16 05:26:00+00:00,2025-07-17 12:08:45+00:00,2025-07-21 00:25:06+00:00,84.2725
prometheus/prometheus,16879,2025-07-16 03:32:46+00:00,2025-07-21 06:54:03+00:00,2025-07-21 06:54:55+00:00,0.014444444444444444
prometheus/prometheus,16878,2025-07-16 00:29:07+00:00,2025-07-16 13:51:44+00:00,2025-07-18 16:44:06+00:00,50.87277777777778
prometheus/prometheus,16877,2025-07-15 23:35:33+00:00,,,
prometheus/prometheus,16875,2025-07-15 15:39:37+00:00,2025-07-18 10:52:03+00:00,2025-08-05 19:32:44+00:00,440.67805555555555
prometheus/prometheus,16871,2025-07-14 19:43:20+00:00,,2025-12-09 15:10:51+00:00,
prometheus/prometheus,16870,2025-07-14 14:24:29+00:00,2025-07-15 10:56:30+00:00,2025-07-15 13:30:30+00:00,2.566666666666667
prometheus/prometheus,16868,2025-07-14 00:02:00+00:00,2025-07-17 07:33:44+00:00,2025-07-17 09:32:15+00:00,1.9752777777777777
prometheus/prometheus,16866,2025-07-12 18:16:56+00:00,,,
prometheus/prometheus,16865,2025-07-11 16:37:37+00:00,,,
prometheus/prometheus,16864,2025-07-11 13:34:53+00:00,2025-07-22 14:28:46+00:00,2025-07-22 14:30:05+00:00,0.021944444444444444
prometheus/prometheus,16863,2025-07-11 09:29:55+00:00,2025-07-11 09:44:24+00:00,2025-07-11 10:07:54+00:00,0.39166666666666666
prometheus/prometheus,16862,2025-07-11 09:16:13+00:00,2025-07-11 10:08:33+00:00,2025-07-11 10:09:53+00:00,0.022222222222222223
prometheus/prometheus,16861,2025-07-11 08:09:09+00:00,2025-07-11 09:21:34+00:00,2025-07-11 09:53:32+00:00,0.5327777777777778
prometheus/prometheus,16860,2025-07-11 00:52:42+00:00,2025-07-11 13:41:13+00:00,,
prometheus/prometheus,16857,2025-07-10 20:14:34+00:00,2025-07-10 20:52:42+00:00,2025-07-24 14:16:38+00:00,329.3988888888889
prometheus/prometheus,16856,2025-07-10 14:29:21+00:00,,,
prometheus/prometheus,16855,2025-07-10 13:41:33+00:00,2025-07-10 15:13:00+00:00,2025-07-30 07:23:33+00:00,472.17583333333334
prometheus/prometheus,16854,2025-07-10 13:15:43+00:00,2025-07-10 13:43:56+00:00,2025-07-10 13:44:03+00:00,0.0019444444444444444
prometheus/prometheus,16853,2025-07-10 12:41:33+00:00,2025-07-11 10:38:36+00:00,2025-09-10 07:58:26+00:00,1461.3305555555555
prometheus/prometheus,16852,2025-07-10 11:07:54+00:00,,2025-07-11 08:56:08+00:00,
prometheus/prometheus,16851,2025-07-10 06:46:08+00:00,2025-09-30 11:54:40+00:00,2025-09-30 11:54:48+00:00,0.0022222222222222222
prometheus/prometheus,16850,2025-07-09 23:43:17+00:00,2025-07-28 10:48:32+00:00,2025-11-03 13:26:01+00:00,2354.6247222222223
prometheus/prometheus,16849,2025-07-09 18:27:23+00:00,2025-07-09 19:01:05+00:00,2025-07-10 15:27:23+00:00,20.438333333333333
prometheus/prometheus,16848,2025-07-09 13:54:07+00:00,2025-07-09 13:56:59+00:00,2025-07-09 14:24:46+00:00,0.46305555555555555
prometheus/prometheus,16847,2025-07-09 11:39:07+00:00,2025-07-10 02:23:42+00:00,2025-07-10 09:16:12+00:00,6.875
prometheus/prometheus,16846,2025-07-09 10:20:08+00:00,2025-07-09 10:46:48+00:00,2025-07-09 11:00:14+00:00,0.2238888888888889
prometheus/prometheus,16845,2025-07-08 16:15:52+00:00,2025-07-09 10:50:07+00:00,2025-07-09 11:07:27+00:00,0.28888888888888886
prometheus/prometheus,16842,2025-07-07 21:57:04+00:00,2025-07-08 06:23:00+00:00,2025-07-08 10:37:19+00:00,4.238611111111111
prometheus/prometheus,16841,2025-07-07 17:25:30+00:00,2025-07-08 15:19:37+00:00,,
prometheus/prometheus,16839,2025-07-07 09:49:39+00:00,2025-07-08 08:20:51+00:00,2025-07-08 16:38:34+00:00,8.295277777777779
prometheus/prometheus,16838,2025-07-07 05:39:24+00:00,2025-07-07 06:30:19+00:00,2025-07-07 07:23:34+00:00,0.8875
prometheus/prometheus,16837,2025-07-07 01:50:43+00:00,2025-07-09 11:06:47+00:00,2025-07-10 13:34:57+00:00,26.469444444444445
prometheus/prometheus,16836,2025-07-05 15:30:52+00:00,2025-10-21 11:20:14+00:00,,
prometheus/prometheus,16835,2025-07-04 19:21:45+00:00,2025-07-11 10:56:15+00:00,2025-12-09 15:08:54+00:00,3628.2108333333335
prometheus/prometheus,16834,2025-07-04 18:52:15+00:00,2025-11-19 13:02:53+00:00,2025-11-19 13:03:33+00:00,0.011111111111111112
prometheus/prometheus,16833,2025-07-04 11:00:06+00:00,2025-07-04 12:48:26+00:00,2025-07-07 07:42:31+00:00,66.90138888888889
prometheus/prometheus,16832,2025-07-04 10:44:48+00:00,2025-07-15 10:33:28+00:00,2025-07-15 10:52:44+00:00,0.3211111111111111
prometheus/prometheus,16831,2025-07-03 17:52:47+00:00,2025-07-16 18:38:36+00:00,2025-07-17 09:30:27+00:00,14.864166666666666
prometheus/prometheus,16829,2025-07-03 16:02:44+00:00,,2025-07-08 14:42:31+00:00,
prometheus/prometheus,16828,2025-07-03 14:51:53+00:00,2025-07-10 10:21:50+00:00,2025-07-10 11:26:15+00:00,1.073611111111111
prometheus/prometheus,16827,2025-07-03 13:43:20+00:00,,2025-07-28 13:33:13+00:00,
prometheus/prometheus,16826,2025-07-03 12:55:57+00:00,,2025-07-03 14:42:11+00:00,
prometheus/prometheus,16825,2025-07-03 12:09:05+00:00,2025-07-06 10:03:00+00:00,2025-07-08 14:42:56+00:00,52.66555555555556
prometheus/prometheus,16824,2025-07-03 03:01:34+00:00,2025-07-03 17:36:54+00:00,2025-07-08 18:16:13+00:00,120.65527777777778
prometheus/prometheus,16823,2025-07-02 21:24:55+00:00,,2025-09-23 10:06:57+00:00,
prometheus/prometheus,16822,2025-07-02 17:59:09+00:00,2025-07-03 06:15:51+00:00,2025-07-03 11:40:31+00:00,5.411111111111111
prometheus/prometheus,16820,2025-07-02 16:03:15+00:00,2025-07-03 08:52:42+00:00,2025-07-03 08:52:59+00:00,0.004722222222222222
prometheus/prometheus,16819,2025-07-02 13:41:44+00:00,2025-07-03 09:15:59+00:00,2025-07-03 09:16:05+00:00,0.0016666666666666668
prometheus/prometheus,16818,2025-07-01 23:43:14+00:00,2025-07-11 20:08:39+00:00,2025-07-11 20:08:42+00:00,0.0008333333333333334
prometheus/prometheus,16817,2025-07-01 23:42:52+00:00,2025-07-11 09:20:28+00:00,2025-07-11 09:20:31+00:00,0.0008333333333333334
prometheus/prometheus,16816,2025-07-01 23:42:45+00:00,2025-07-11 09:57:57+00:00,2025-07-11 09:58:00+00:00,0.0008333333333333334
prometheus/prometheus,16815,2025-07-01 23:42:34+00:00,2025-07-03 08:09:08+00:00,2025-07-03 08:09:11+00:00,0.0008333333333333334
prometheus/prometheus,16814,2025-07-01 23:42:29+00:00,2025-07-11 17:16:47+00:00,2025-07-11 17:16:49+00:00,0.0005555555555555556
prometheus/prometheus,16813,2025-07-01 23:42:25+00:00,2025-07-11 09:19:57+00:00,2025-07-11 09:19:59+00:00,0.0005555555555555556
prometheus/prometheus,16812,2025-07-01 23:42:17+00:00,2025-07-11 10:01:46+00:00,2025-07-11 10:01:47+00:00,0.0002777777777777778
prometheus/prometheus,16811,2025-07-01 23:41:41+00:00,2025-07-11 09:57:32+00:00,2025-07-11 09:57:34+00:00,0.0005555555555555556
prometheus/prometheus,16810,2025-07-01 23:20:22+00:00,2025-07-11 09:55:26+00:00,2025-07-11 09:55:29+00:00,0.0008333333333333334
prometheus/prometheus,16809,2025-07-01 20:48:41+00:00,,2025-07-01 23:11:35+00:00,
prometheus/prometheus,16807,2025-07-01 10:46:58+00:00,2025-07-01 13:05:26+00:00,2025-07-02 17:44:10+00:00,28.645555555555557
prometheus/prometheus,16806,2025-07-01 09:07:48+00:00,2025-07-01 10:28:52+00:00,2025-07-03 13:37:46+00:00,51.14833333333333
prometheus/prometheus,16804,2025-06-30 20:41:03+00:00,2025-07-02 13:30:51+00:00,2025-07-02 13:31:03+00:00,0.0033333333333333335
prometheus/prometheus,16803,2025-06-30 15:02:24+00:00,2025-06-30 15:14:55+00:00,2025-07-01 09:53:59+00:00,18.65111111111111
prometheus/prometheus,16801,2025-06-30 14:16:16+00:00,2025-06-30 14:16:40+00:00,2025-06-30 15:05:03+00:00,0.8063888888888889
prometheus/prometheus,16800,2025-06-30 11:13:50+00:00,2025-06-30 11:36:14+00:00,2025-06-30 11:37:57+00:00,0.02861111111111111
prometheus/prometheus,16798,2025-06-29 14:51:04+00:00,,,
prometheus/prometheus,16797,2025-06-29 08:35:20+00:00,2025-07-02 14:02:28+00:00,2025-07-23 16:30:03+00:00,506.45972222222224
prometheus/prometheus,16796,2025-06-29 00:53:54+00:00,2025-06-30 08:37:04+00:00,2025-07-20 08:31:55+00:00,479.9141666666667
prometheus/prometheus,16794,2025-06-28 04:22:10+00:00,2025-07-06 22:15:00+00:00,2025-08-13 16:06:48+00:00,905.8633333333333
prometheus/prometheus,16793,2025-06-27 15:29:59+00:00,,2025-06-27 23:47:23+00:00,
prometheus/prometheus,16792,2025-06-27 13:43:15+00:00,,2025-06-30 14:37:29+00:00,
prometheus/prometheus,16791,2025-06-27 13:21:53+00:00,2025-07-02 14:35:53+00:00,2025-07-08 14:41:27+00:00,144.09277777777777
prometheus/prometheus,16790,2025-06-27 08:15:13+00:00,2025-06-27 10:23:56+00:00,2025-06-30 09:38:19+00:00,71.23972222222223
prometheus/prometheus,16789,2025-06-27 07:35:12+00:00,2025-06-27 21:09:44+00:00,2025-06-27 21:17:46+00:00,0.1338888888888889
prometheus/prometheus,16788,2025-06-26 21:55:15+00:00,2025-07-31 11:17:49+00:00,2025-08-26 06:14:48+00:00,618.9497222222222
prometheus/prometheus,16787,2025-06-26 20:55:12+00:00,2025-06-27 03:28:41+00:00,2025-06-27 03:28:42+00:00,0.0002777777777777778
prometheus/prometheus,16786,2025-06-26 20:50:38+00:00,,2025-06-26 20:51:35+00:00,
prometheus/prometheus,16784,2025-06-26 14:15:53+00:00,2025-06-27 08:53:56+00:00,2025-07-30 17:20:47+00:00,800.4475
prometheus/prometheus,16783,2025-06-26 11:02:38+00:00,2025-06-26 12:03:28+00:00,2025-06-27 11:34:08+00:00,23.511111111111113
prometheus/prometheus,16780,2025-06-25 19:11:34+00:00,2025-06-27 14:40:30+00:00,2025-07-08 17:25:28+00:00,266.74944444444446
prometheus/prometheus,16778,2025-06-25 15:53:11+00:00,2025-06-27 03:35:20+00:00,2025-06-30 13:19:45+00:00,81.74027777777778
prometheus/prometheus,16777,2025-06-25 15:40:20+00:00,2025-06-26 13:38:59+00:00,2025-07-02 12:27:45+00:00,142.81277777777777
prometheus/prometheus,16776,2025-06-25 12:53:00+00:00,2025-06-25 12:55:06+00:00,2025-06-25 16:18:45+00:00,3.3941666666666666
prometheus/prometheus,16774,2025-06-24 17:18:21+00:00,2025-06-24 17:21:31+00:00,2025-07-07 19:07:47+00:00,313.7711111111111
prometheus/prometheus,16773,2025-06-24 14:09:48+00:00,2025-06-25 11:31:32+00:00,2025-06-27 12:57:12+00:00,49.42777777777778
prometheus/prometheus,16772,2025-06-24 11:22:32+00:00,,2025-07-01 23:41:22+00:00,
prometheus/prometheus,16771,2025-06-24 08:46:04+00:00,2025-06-26 21:15:03+00:00,,
prometheus/prometheus,16770,2025-06-23 20:27:19+00:00,2025-06-24 00:41:37+00:00,2025-06-24 14:27:02+00:00,13.756944444444445
prometheus/prometheus,16769,2025-06-23 20:22:34+00:00,,2025-06-23 20:43:04+00:00,
prometheus/prometheus,16768,2025-06-23 20:09:14+00:00,2025-06-23 20:10:14+00:00,2025-09-30 15:12:04+00:00,2371.0305555555556
prometheus/prometheus,16765,2025-06-23 14:08:34+00:00,2025-06-23 14:14:49+00:00,2025-06-24 11:20:07+00:00,21.088333333333335
prometheus/prometheus,16764,2025-06-23 13:17:31+00:00,2025-07-01 10:11:43+00:00,2025-07-09 12:14:05+00:00,194.03944444444446
prometheus/prometheus,16763,2025-06-21 12:59:50+00:00,2025-06-23 06:59:02+00:00,2025-10-24 20:33:19+00:00,2965.571388888889
prometheus/prometheus,16762,2025-06-20 14:36:33+00:00,2025-06-25 08:00:00+00:00,2025-06-25 08:11:26+00:00,0.19055555555555556
prometheus/prometheus,16760,2025-06-20 12:24:38+00:00,2025-06-20 12:25:36+00:00,2025-06-20 13:09:02+00:00,0.7238888888888889
prometheus/prometheus,16759,2025-06-20 11:48:12+00:00,2025-06-21 07:49:02+00:00,2025-06-21 07:49:07+00:00,0.001388888888888889
prometheus/prometheus,16757,2025-06-19 22:37:08+00:00,2025-06-20 11:48:06+00:00,2025-06-24 19:52:55+00:00,104.08027777777778
prometheus/prometheus,16754,2025-06-19 13:18:56+00:00,2025-06-20 11:53:54+00:00,2025-06-20 11:53:59+00:00,0.001388888888888889
prometheus/prometheus,16753,2025-06-19 10:05:29+00:00,2025-06-19 10:17:29+00:00,2025-06-19 12:05:35+00:00,1.8016666666666667
prometheus/prometheus,16751,2025-06-18 15:58:48+00:00,2025-06-18 17:17:52+00:00,2025-06-25 15:14:13+00:00,165.93916666666667
prometheus/prometheus,16745,2025-06-17 21:09:57+00:00,,2025-06-18 15:16:20+00:00,
prometheus/prometheus,16744,2025-06-17 17:50:45+00:00,2025-06-20 17:06:13+00:00,2025-06-22 22:56:08+00:00,53.831944444444446
prometheus/prometheus,16743,2025-06-17 16:33:56+00:00,2025-06-23 15:42:18+00:00,2025-06-23 15:42:38+00:00,0.005555555555555556
prometheus/prometheus,16742,2025-06-17 16:05:07+00:00,2025-07-28 03:21:55+00:00,2025-08-14 13:00:07+00:00,417.63666666666666
prometheus/prometheus,16740,2025-06-17 14:23:39+00:00,2025-06-17 14:38:49+00:00,2025-06-18 06:55:44+00:00,16.281944444444445
prometheus/prometheus,16739,2025-06-17 14:23:28+00:00,2025-06-17 14:29:55+00:00,2025-06-17 14:38:33+00:00,0.1438888888888889
prometheus/prometheus,16737,2025-06-17 09:25:10+00:00,2025-06-20 10:10:59+00:00,2025-07-04 14:38:17+00:00,340.455
prometheus/prometheus,16735,2025-06-16 22:11:17+00:00,,2025-06-27 21:47:16+00:00,
prometheus/prometheus,16734,2025-06-16 19:58:16+00:00,2025-06-17 10:46:45+00:00,2025-06-17 12:24:30+00:00,1.6291666666666667
prometheus/prometheus,16733,2025-06-16 13:01:42+00:00,2025-06-16 13:18:38+00:00,2025-06-17 07:18:31+00:00,17.998055555555556
prometheus/prometheus,16732,2025-06-16 09:54:34+00:00,2025-06-16 14:14:59+00:00,,
prometheus/prometheus,16731,2025-06-16 09:49:34+00:00,2025-06-17 10:47:23+00:00,2025-07-28 14:34:55+00:00,987.7922222222222
prometheus/prometheus,16730,2025-06-16 07:33:28+00:00,2025-06-16 09:17:30+00:00,2025-06-18 07:13:51+00:00,45.939166666666665
prometheus/prometheus,16728,2025-06-14 08:31:29+00:00,2025-10-07 11:25:39+00:00,2025-12-15 08:31:17+00:00,1653.0938888888888
prometheus/prometheus,16725,2025-06-13 09:19:54+00:00,2025-06-16 06:44:49+00:00,2025-07-08 17:42:20+00:00,538.9586111111112
prometheus/prometheus,16724,2025-06-13 07:38:52+00:00,2025-06-15 01:40:34+00:00,2025-06-25 11:37:43+00:00,249.9525
prometheus/prometheus,16723,2025-06-12 13:55:44+00:00,2025-06-12 14:09:21+00:00,2025-06-12 14:16:41+00:00,0.12222222222222222
prometheus/prometheus,16722,2025-06-12 10:51:16+00:00,2025-06-12 11:08:08+00:00,2025-06-12 17:40:18+00:00,6.536111111111111
prometheus/prometheus,16721,2025-06-12 03:46:09+00:00,2025-06-17 10:48:29+00:00,2025-07-29 13:18:21+00:00,1010.4977777777777
prometheus/prometheus,16720,2025-06-11 18:07:57+00:00,2025-06-12 10:15:14+00:00,2025-06-12 13:52:36+00:00,3.622777777777778
prometheus/prometheus,16719,2025-06-11 17:25:37+00:00,,,
prometheus/prometheus,16718,2025-06-11 12:28:19+00:00,2025-06-11 13:09:03+00:00,2025-06-11 13:09:57+00:00,0.015
prometheus/prometheus,16717,2025-06-11 07:35:26+00:00,2025-06-13 06:43:55+00:00,2025-07-04 14:09:01+00:00,511.41833333333335
prometheus/prometheus,16716,2025-06-11 03:39:03+00:00,2025-06-30 11:46:42+00:00,2025-07-02 08:02:17+00:00,44.25972222222222
prometheus/prometheus,16715,2025-06-10 19:47:00+00:00,2025-06-10 19:53:40+00:00,2025-06-10 23:03:33+00:00,3.164722222222222
prometheus/prometheus,16713,2025-06-10 14:57:26+00:00,2025-06-15 09:31:34+00:00,2025-06-16 09:13:35+00:00,23.700277777777778
prometheus/prometheus,16710,2025-06-10 09:50:31+00:00,2025-07-09 12:15:01+00:00,2025-07-09 16:10:14+00:00,3.9202777777777778
prometheus/prometheus,16709,2025-06-10 00:09:47+00:00,2025-06-11 20:06:06+00:00,2025-06-11 20:06:46+00:00,0.011111111111111112
prometheus/prometheus,16706,2025-06-08 19:53:24+00:00,2025-10-07 11:39:47+00:00,,
prometheus/prometheus,16705,2025-06-07 06:12:05+00:00,2025-10-07 11:46:19+00:00,,
prometheus/prometheus,16703,2025-06-06 19:51:43+00:00,2025-10-07 12:01:18+00:00,,
prometheus/prometheus,16702,2025-06-06 13:56:11+00:00,2025-06-10 06:08:01+00:00,2025-06-18 11:02:55+00:00,196.915
prometheus/prometheus,16701,2025-06-06 12:59:42+00:00,2025-08-12 15:20:20+00:00,,
prometheus/prometheus,16699,2025-06-06 12:34:35+00:00,2025-06-06 15:04:13+00:00,2025-06-06 15:04:53+00:00,0.011111111111111112
prometheus/prometheus,16698,2025-06-06 09:53:57+00:00,,,
prometheus/prometheus,16697,2025-06-06 07:30:44+00:00,2025-06-10 13:05:13+00:00,2025-06-10 13:05:23+00:00,0.002777777777777778
prometheus/prometheus,16696,2025-06-05 22:01:48+00:00,2025-06-27 07:52:42+00:00,2025-08-13 17:55:33+00:00,1138.0475
prometheus/prometheus,16695,2025-06-05 17:53:41+00:00,2025-06-16 08:03:45+00:00,2025-07-31 16:15:49+00:00,1088.201111111111
prometheus/prometheus,16694,2025-06-05 03:21:36+00:00,,2025-06-27 22:10:49+00:00,
prometheus/prometheus,16693,2025-06-04 17:08:17+00:00,2025-06-04 17:49:38+00:00,2025-06-04 20:52:39+00:00,3.0502777777777776
prometheus/prometheus,16692,2025-06-04 15:27:50+00:00,2025-10-14 11:28:05+00:00,2025-10-14 11:29:23+00:00,0.021666666666666667
prometheus/prometheus,16691,2025-06-04 14:29:11+00:00,2025-06-04 15:16:53+00:00,2025-06-23 10:23:59+00:00,451.11833333333334
prometheus/prometheus,16687,2025-06-04 07:28:38+00:00,2025-06-11 20:12:40+00:00,2025-07-23 20:51:07+00:00,1008.6408333333334
prometheus/prometheus,16686,2025-06-04 04:16:42+00:00,2025-06-05 19:33:33+00:00,2025-06-18 21:53:47+00:00,314.33722222222224
prometheus/prometheus,16684,2025-06-03 18:47:04+00:00,2025-06-05 13:47:21+00:00,2025-06-06 09:56:28+00:00,20.151944444444446
prometheus/prometheus,16683,2025-06-02 18:42:55+00:00,2025-06-02 18:48:14+00:00,2025-06-03 10:39:21+00:00,15.851944444444445
prometheus/prometheus,16682,2025-06-02 13:20:29+00:00,2025-06-04 11:53:47+00:00,2025-06-04 12:40:26+00:00,0.7775
prometheus/prometheus,16680,2025-06-02 00:17:37+00:00,2025-07-11 09:53:52+00:00,2025-07-11 09:53:55+00:00,0.0008333333333333334
prometheus/prometheus,16679,2025-06-02 00:17:36+00:00,2025-07-11 09:54:17+00:00,2025-07-11 09:54:27+00:00,0.002777777777777778
prometheus/prometheus,16678,2025-06-02 00:17:33+00:00,2025-07-11 09:55:49+00:00,2025-07-11 09:56:37+00:00,0.013333333333333334
prometheus/prometheus,16677,2025-06-02 00:17:31+00:00,2025-07-11 09:56:55+00:00,2025-07-11 09:57:05+00:00,0.002777777777777778
prometheus/prometheus,16676,2025-06-02 00:17:28+00:00,2025-07-11 09:56:19+00:00,2025-07-11 09:56:20+00:00,0.0002777777777777778
prometheus/prometheus,16675,2025-06-02 00:17:26+00:00,,2025-07-01 23:20:26+00:00,
prometheus/prometheus,16674,2025-06-02 00:17:18+00:00,2025-07-11 09:54:48+00:00,2025-07-11 09:55:00+00:00,0.0033333333333333335
prometheus/prometheus,16673,2025-06-01 23:19:16+00:00,,2025-06-24 11:21:41+00:00,
prometheus/prometheus,16672,2025-06-01 23:19:13+00:00,,2025-06-24 11:21:41+00:00,
prometheus/prometheus,16671,2025-06-01 23:19:08+00:00,,2025-06-24 11:21:40+00:00,
prometheus/prometheus,16670,2025-06-01 23:19:03+00:00,,2025-06-24 11:21:37+00:00,
prometheus/prometheus,16669,2025-06-01 23:18:58+00:00,,2025-06-24 11:21:32+00:00,
prometheus/prometheus,16668,2025-06-01 23:18:54+00:00,,2025-06-24 11:21:41+00:00,
prometheus/prometheus,16667,2025-06-01 23:18:45+00:00,,2025-06-24 11:21:32+00:00,
prometheus/prometheus,16666,2025-06-01 23:18:40+00:00,,2025-06-24 11:21:33+00:00,
prometheus/prometheus,16665,2025-06-01 23:18:32+00:00,,2025-06-24 11:21:32+00:00,
prometheus/prometheus,16664,2025-06-01 23:18:28+00:00,,2025-06-24 11:21:41+00:00,
prometheus/prometheus,16663,2025-06-01 23:18:25+00:00,,2025-06-24 11:21:30+00:00,
prometheus/prometheus,16662,2025-06-01 23:18:21+00:00,,2025-06-24 11:21:31+00:00,
prometheus/prometheus,16661,2025-06-01 23:17:50+00:00,,2025-07-01 23:42:49+00:00,
prometheus/prometheus,16660,2025-06-01 23:17:46+00:00,,2025-06-24 11:21:28+00:00,
prometheus/prometheus,16659,2025-06-01 23:17:35+00:00,,2025-06-24 11:21:26+00:00,
prometheus/prometheus,16658,2025-06-01 23:17:30+00:00,,2025-06-24 11:21:25+00:00,
prometheus/prometheus,16657,2025-06-01 23:17:27+00:00,,2025-10-01 09:55:34+00:00,
prometheus/prometheus,16656,2025-06-01 23:17:20+00:00,,2025-06-24 11:21:24+00:00,
prometheus/prometheus,16655,2025-06-01 23:17:17+00:00,,2025-06-24 11:21:55+00:00,
prometheus/prometheus,16654,2025-06-01 12:46:33+00:00,2025-06-01 12:46:46+00:00,2025-10-23 07:56:44+00:00,3451.166111111111
prometheus/prometheus,16653,2025-05-31 10:50:54+00:00,2025-06-04 16:05:46+00:00,2025-06-04 16:06:12+00:00,0.007222222222222222
prometheus/prometheus,16652,2025-05-30 22:24:17+00:00,,2025-05-31 06:41:19+00:00,
prometheus/prometheus,16648,2025-05-29 07:36:55+00:00,2025-05-29 07:37:12+00:00,2025-05-30 08:28:37+00:00,24.856944444444444
prometheus/prometheus,16643,2025-05-28 19:38:53+00:00,2025-06-02 11:38:13+00:00,2025-06-02 11:40:03+00:00,0.030555555555555555
prometheus/prometheus,16642,2025-05-28 15:48:40+00:00,2025-05-30 19:40:58+00:00,2025-06-04 16:04:32+00:00,116.39277777777778
prometheus/prometheus,16640,2025-05-27 15:15:24+00:00,2025-05-27 15:22:26+00:00,2025-05-27 15:32:00+00:00,0.15944444444444444
prometheus/prometheus,16637,2025-05-27 09:13:20+00:00,2025-10-14 13:25:01+00:00,2025-11-11 12:47:37+00:00,671.3766666666667
prometheus/prometheus,16635,2025-05-27 06:25:29+00:00,2025-05-28 06:19:36+00:00,2025-05-28 16:21:59+00:00,10.039722222222222
prometheus/prometheus,16633,2025-05-27 03:56:23+00:00,2025-05-27 03:57:08+00:00,2025-05-27 14:21:17+00:00,10.4025
prometheus/prometheus,16632,2025-05-26 23:11:38+00:00,2025-05-27 18:21:28+00:00,2025-06-06 13:01:21+00:00,234.66472222222222
prometheus/prometheus,16630,2025-05-25 12:33:53+00:00,2025-05-26 15:17:45+00:00,2025-07-25 11:53:13+00:00,1436.591111111111
prometheus/prometheus,16629,2025-05-23 03:59:58+00:00,,2025-05-23 04:00:33+00:00,
prometheus/prometheus,16628,2025-05-22 19:59:05+00:00,2025-05-23 08:20:46+00:00,,
prometheus/prometheus,16626,2025-05-22 14:41:56+00:00,2025-05-27 17:59:30+00:00,2025-05-29 12:24:02+00:00,42.40888888888889
prometheus/prometheus,16625,2025-05-22 07:56:30+00:00,2025-05-24 12:25:30+00:00,2025-05-24 12:25:39+00:00,0.0025
prometheus/prometheus,16623,2025-05-21 21:57:36+00:00,2025-05-21 21:57:51+00:00,2025-05-27 03:24:48+00:00,125.44916666666667
prometheus/prometheus,16619,2025-05-20 16:56:58+00:00,2025-06-04 15:05:56+00:00,2025-07-09 22:33:20+00:00,847.4566666666667
prometheus/prometheus,16617,2025-05-20 06:37:05+00:00,2025-05-21 14:06:34+00:00,2025-05-27 12:42:50+00:00,142.60444444444445
prometheus/prometheus,16616,2025-05-19 14:45:48+00:00,2025-07-17 08:27:24+00:00,2025-07-17 08:28:30+00:00,0.018333333333333333
prometheus/prometheus,16614,2025-05-19 09:57:19+00:00,,2025-05-21 07:51:19+00:00,
prometheus/prometheus,16613,2025-05-19 05:20:37+00:00,2025-05-19 18:52:14+00:00,2025-05-22 07:58:39+00:00,61.106944444444444
prometheus/prometheus,16611,2025-05-17 11:39:42+00:00,,2025-08-05 10:14:44+00:00,
prometheus/prometheus,16609,2025-05-17 06:49:47+00:00,,2025-05-17 08:04:22+00:00,
prometheus/prometheus,16608,2025-05-16 22:55:25+00:00,2025-05-17 05:55:59+00:00,2025-05-17 08:35:27+00:00,2.6577777777777776
prometheus/prometheus,16607,2025-05-16 19:05:22+00:00,2025-05-19 08:55:29+00:00,2025-05-19 08:55:42+00:00,0.003611111111111111
prometheus/prometheus,16605,2025-05-16 15:51:47+00:00,2025-05-16 15:52:29+00:00,2025-05-19 21:22:25+00:00,77.49888888888889
prometheus/prometheus,16604,2025-05-16 09:11:36+00:00,2025-05-16 09:32:02+00:00,2025-05-16 12:17:18+00:00,2.7544444444444443
prometheus/prometheus,16603,2025-05-16 08:45:56+00:00,2025-05-16 08:59:23+00:00,2025-05-16 09:03:07+00:00,0.06222222222222222
prometheus/prometheus,16602,2025-05-16 08:10:19+00:00,2025-05-16 08:26:12+00:00,2025-05-16 09:05:36+00:00,0.6566666666666666
prometheus/prometheus,16601,2025-05-15 23:29:30+00:00,2025-05-21 06:06:07+00:00,2025-05-26 16:29:34+00:00,130.39083333333335
prometheus/prometheus,16600,2025-05-15 18:55:51+00:00,,2025-05-17 06:40:29+00:00,
prometheus/prometheus,16597,2025-05-13 13:39:59+00:00,2025-05-13 14:05:50+00:00,2025-05-13 15:05:14+00:00,0.99
prometheus/prometheus,16595,2025-05-13 10:52:05+00:00,2025-05-14 15:40:41+00:00,2025-06-09 14:01:35+00:00,622.3483333333334
prometheus/prometheus,16594,2025-05-12 11:37:51+00:00,,2025-05-19 14:37:31+00:00,
prometheus/prometheus,16593,2025-05-11 11:35:32+00:00,2025-06-10 02:08:21+00:00,2025-08-21 08:14:41+00:00,1734.1055555555556
prometheus/prometheus,16590,2025-05-10 12:32:21+00:00,2025-05-12 10:17:14+00:00,2025-05-12 10:17:19+00:00,0.001388888888888889
prometheus/prometheus,16589,2025-05-10 12:21:22+00:00,2025-05-12 08:39:51+00:00,2025-05-12 08:39:58+00:00,0.0019444444444444444
prometheus/prometheus,16588,2025-05-09 15:48:27+00:00,,,
prometheus/prometheus,16587,2025-05-09 14:49:02+00:00,2025-05-15 15:37:17+00:00,2025-05-19 09:09:49+00:00,89.54222222222222
prometheus/prometheus,16585,2025-05-08 15:45:38+00:00,2025-06-25 21:51:32+00:00,2025-07-10 13:45:38+00:00,351.90166666666664
prometheus/prometheus,16569,2025-05-07 14:01:52+00:00,2025-05-31 16:18:34+00:00,2025-06-06 22:16:20+00:00,149.96277777777777
prometheus/prometheus,16567,2025-05-07 13:30:25+00:00,2025-05-31 14:53:53+00:00,2025-05-31 14:53:58+00:00,0.001388888888888889
prometheus/prometheus,16566,2025-05-07 12:54:21+00:00,2025-05-20 10:42:40+00:00,2025-06-05 14:45:38+00:00,388.0494444444444
prometheus/prometheus,16565,2025-05-07 12:30:22+00:00,2025-05-12 09:01:10+00:00,2025-05-20 07:13:12+00:00,190.20055555555555
prometheus/prometheus,16563,2025-05-07 10:43:32+00:00,2025-05-07 13:41:01+00:00,2025-05-19 14:31:57+00:00,288.8488888888889
prometheus/prometheus,16562,2025-05-07 05:21:38+00:00,2025-05-07 11:31:53+00:00,2025-06-18 21:57:40+00:00,1018.4297222222223
prometheus/prometheus,16561,2025-05-06 15:47:15+00:00,2025-05-21 09:55:53+00:00,2025-05-21 14:16:06+00:00,4.336944444444445
prometheus/prometheus,16560,2025-05-06 11:40:17+00:00,2025-05-06 18:08:59+00:00,2025-05-06 18:09:43+00:00,0.012222222222222223
prometheus/prometheus,16559,2025-05-05 21:16:19+00:00,2025-05-06 05:36:45+00:00,2025-10-07 11:48:01+00:00,3702.1877777777777
prometheus/prometheus,16558,2025-05-05 20:58:33+00:00,2025-05-06 13:21:53+00:00,2025-05-13 21:34:08+00:00,176.20416666666668
prometheus/prometheus,16556,2025-05-05 17:58:51+00:00,2025-05-06 00:35:11+00:00,2025-05-06 11:35:28+00:00,11.004722222222222
prometheus/prometheus,16554,2025-05-05 12:27:50+00:00,2025-05-05 13:04:55+00:00,2025-05-06 05:50:06+00:00,16.753055555555555
prometheus/prometheus,16552,2025-05-05 06:24:03+00:00,2025-05-08 07:27:56+00:00,2025-05-08 07:28:14+00:00,0.005
prometheus/prometheus,16550,2025-05-04 20:10:06+00:00,2025-05-04 20:10:22+00:00,,
prometheus/prometheus,16547,2025-05-04 07:33:58+00:00,2025-05-04 07:34:13+00:00,2025-05-04 09:14:36+00:00,1.6730555555555555
prometheus/prometheus,16546,2025-05-03 18:54:50+00:00,,2025-05-03 19:23:55+00:00,
prometheus/prometheus,16545,2025-05-03 18:18:25+00:00,2025-05-04 09:17:16+00:00,2025-05-04 09:17:22+00:00,0.0016666666666666668
prometheus/prometheus,16544,2025-05-02 20:23:15+00:00,2025-05-03 16:17:57+00:00,2025-05-06 13:45:16+00:00,69.45527777777778
prometheus/prometheus,16540,2025-05-02 00:16:08+00:00,2025-05-04 09:21:21+00:00,2025-05-04 09:21:22+00:00,0.0002777777777777778
prometheus/prometheus,16539,2025-05-02 00:15:03+00:00,2025-05-04 09:19:58+00:00,2025-05-04 09:29:19+00:00,0.15583333333333332
prometheus/prometheus,16538,2025-05-02 00:14:49+00:00,2025-05-04 09:19:36+00:00,2025-05-04 09:19:37+00:00,0.0002777777777777778
prometheus/prometheus,16537,2025-05-02 00:14:28+00:00,2025-05-04 08:22:52+00:00,2025-05-04 08:32:56+00:00,0.16777777777777778
prometheus/prometheus,16536,2025-05-02 00:14:14+00:00,2025-05-04 09:19:07+00:00,2025-05-04 09:19:08+00:00,0.0002777777777777778
prometheus/prometheus,16535,2025-05-02 00:14:06+00:00,2025-05-04 09:21:44+00:00,2025-05-04 09:21:46+00:00,0.0005555555555555556
prometheus/prometheus,16534,2025-05-02 00:13:46+00:00,,2025-10-01 09:55:33+00:00,
prometheus/prometheus,16533,2025-05-02 00:13:06+00:00,2025-05-04 09:22:05+00:00,2025-05-04 09:50:04+00:00,0.4663888888888889
prometheus/prometheus,16532,2025-05-01 20:32:22+00:00,2025-05-09 19:55:42+00:00,2025-05-11 13:16:15+00:00,41.3425
prometheus/prometheus,16530,2025-05-01 15:18:30+00:00,2025-05-01 16:51:07+00:00,2025-05-26 15:38:09+00:00,598.7838888888889
prometheus/prometheus,16529,2025-05-01 15:14:39+00:00,2025-05-01 15:17:37+00:00,2025-05-02 07:08:32+00:00,15.848611111111111
prometheus/prometheus,16528,2025-04-30 19:34:28+00:00,,2025-04-30 19:35:18+00:00,
prometheus/prometheus,16526,2025-04-30 09:31:23+00:00,2025-04-30 10:25:35+00:00,2025-04-30 18:46:26+00:00,8.3475
prometheus/prometheus,16523,2025-04-30 02:44:32+00:00,2025-04-30 09:58:27+00:00,2025-05-09 06:27:10+00:00,212.47861111111112
prometheus/prometheus,16522,2025-04-29 21:14:40+00:00,2025-06-11 14:53:47+00:00,2025-07-06 22:00:51+00:00,607.1177777777777
prometheus/prometheus,16521,2025-04-29 17:01:16+00:00,2025-05-04 10:06:14+00:00,2025-06-24 14:02:17+00:00,1227.9341666666667
prometheus/prometheus,16520,2025-04-29 15:47:49+00:00,,2025-10-14 11:49:37+00:00,
prometheus/prometheus,16519,2025-04-29 15:22:24+00:00,2025-04-29 23:21:50+00:00,2025-04-30 10:29:34+00:00,11.12888888888889
prometheus/prometheus,16517,2025-04-29 10:58:31+00:00,2025-04-29 14:10:04+00:00,2025-05-02 17:25:54+00:00,75.26388888888889
prometheus/prometheus,16516,2025-04-29 10:07:51+00:00,,2025-04-29 10:12:34+00:00,
prometheus/prometheus,16512,2025-04-28 15:09:57+00:00,2025-04-29 14:47:27+00:00,2025-04-30 10:01:31+00:00,19.234444444444446
prometheus/prometheus,16509,2025-04-27 21:21:41+00:00,2025-04-28 08:50:52+00:00,2025-08-01 23:31:03+00:00,2294.6697222222224
prometheus/prometheus,16508,2025-04-27 21:21:31+00:00,2025-04-28 21:58:20+00:00,2025-04-28 21:58:22+00:00,0.0005555555555555556
prometheus/prometheus,16507,2025-04-27 21:21:28+00:00,2025-04-28 21:30:53+00:00,2025-04-28 21:30:54+00:00,0.0002777777777777778
prometheus/prometheus,16506,2025-04-27 21:21:21+00:00,2025-04-28 08:26:17+00:00,2025-04-28 08:26:18+00:00,0.0002777777777777778
prometheus/prometheus,16505,2025-04-27 21:21:17+00:00,2025-04-28 21:54:08+00:00,2025-04-28 21:54:09+00:00,0.0002777777777777778
prometheus/prometheus,16504,2025-04-27 21:21:13+00:00,,2025-04-28 08:41:41+00:00,
prometheus/prometheus,16503,2025-04-27 21:21:07+00:00,2025-04-28 08:27:31+00:00,2025-04-28 08:27:33+00:00,0.0005555555555555556
prometheus/prometheus,16502,2025-04-27 21:20:59+00:00,2025-04-28 21:53:51+00:00,2025-04-28 21:53:52+00:00,0.0002777777777777778
prometheus/prometheus,16501,2025-04-27 21:20:52+00:00,2025-04-28 08:28:36+00:00,2025-04-28 08:28:39+00:00,0.0008333333333333334
prometheus/prometheus,16500,2025-04-27 21:20:49+00:00,2025-04-28 20:27:00+00:00,2025-04-28 20:27:01+00:00,0.0002777777777777778
prometheus/prometheus,16499,2025-04-27 21:20:44+00:00,2025-04-28 21:52:37+00:00,2025-04-28 21:52:38+00:00,0.0002777777777777778
prometheus/prometheus,16498,2025-04-27 21:20:39+00:00,2025-04-28 08:34:05+00:00,2025-04-28 08:34:07+00:00,0.0005555555555555556
prometheus/prometheus,16497,2025-04-27 21:20:28+00:00,2025-04-28 08:31:58+00:00,2025-04-28 08:32:00+00:00,0.0005555555555555556
prometheus/prometheus,16496,2025-04-27 21:20:18+00:00,2025-04-28 08:32:31+00:00,2025-04-28 08:32:34+00:00,0.0008333333333333334
prometheus/prometheus,16495,2025-04-27 21:20:07+00:00,2025-04-28 09:01:14+00:00,2025-04-29 10:10:30+00:00,25.154444444444444
prometheus/prometheus,16494,2025-04-27 20:52:27+00:00,2025-04-27 21:15:14+00:00,2025-04-27 21:15:16+00:00,0.0005555555555555556
prometheus/prometheus,16493,2025-04-27 20:46:16+00:00,2025-04-29 15:13:19+00:00,2025-04-29 15:19:23+00:00,0.10111111111111111
prometheus/prometheus,16491,2025-04-27 15:55:44+00:00,2025-04-29 10:48:20+00:00,2025-05-01 07:35:25+00:00,44.78472222222222
prometheus/prometheus,16488,2025-04-25 20:13:21+00:00,2025-04-29 19:35:57+00:00,2025-08-26 16:18:17+00:00,2852.7055555555557
prometheus/prometheus,16487,2025-04-25 18:32:09+00:00,2025-04-27 13:54:01+00:00,2025-04-27 13:59:33+00:00,0.09222222222222222
prometheus/prometheus,16484,2025-04-25 15:34:59+00:00,,2025-04-25 15:35:22+00:00,
prometheus/prometheus,16483,2025-04-25 14:14:35+00:00,2025-10-15 07:33:53+00:00,2025-10-15 07:34:06+00:00,0.003611111111111111
prometheus/prometheus,16481,2025-04-24 23:50:27+00:00,2025-04-25 07:27:13+00:00,2025-04-25 07:27:22+00:00,0.0025
prometheus/prometheus,16480,2025-04-24 21:52:47+00:00,2025-04-25 07:27:54+00:00,2025-04-25 07:27:58+00:00,0.0011111111111111111
prometheus/prometheus,16478,2025-04-24 06:40:41+00:00,2025-04-25 07:29:20+00:00,2025-05-08 10:02:10+00:00,314.5472222222222
prometheus/prometheus,16477,2025-04-23 15:54:42+00:00,,2025-04-23 17:09:49+00:00,
prometheus/prometheus,16476,2025-04-23 10:07:54+00:00,,2025-04-23 10:11:46+00:00,
prometheus/prometheus,16472,2025-04-23 07:25:35+00:00,2025-04-23 08:54:15+00:00,2025-04-23 09:18:33+00:00,0.405
prometheus/prometheus,16470,2025-04-22 18:09:40+00:00,2025-04-23 13:43:12+00:00,2025-04-23 14:15:18+00:00,0.535
prometheus/prometheus,16467,2025-04-22 14:20:06+00:00,,2025-04-22 14:20:16+00:00,
prometheus/prometheus,16465,2025-04-22 08:45:20+00:00,,2025-04-23 08:38:29+00:00,
prometheus/prometheus,16463,2025-04-22 06:09:33+00:00,2025-04-22 07:48:58+00:00,,
prometheus/prometheus,16462,2025-04-21 21:14:17+00:00,2025-04-24 06:22:13+00:00,2025-05-16 20:07:05+00:00,541.7477777777777
prometheus/prometheus,16461,2025-04-20 23:14:05+00:00,,2025-04-21 22:02:19+00:00,
prometheus/prometheus,16460,2025-04-19 14:36:02+00:00,2025-04-22 12:58:55+00:00,2025-04-22 13:57:16+00:00,0.9725
prometheus/prometheus,16457,2025-04-18 10:42:37+00:00,2025-08-20 12:44:22+00:00,2025-09-25 09:34:59+00:00,860.8436111111112
prometheus/prometheus,16452,2025-04-17 20:09:59+00:00,2025-04-22 06:48:40+00:00,2025-05-06 07:29:31+00:00,336.68083333333334
prometheus/prometheus,16451,2025-04-17 19:26:21+00:00,2025-04-18 07:28:02+00:00,2025-04-20 09:17:03+00:00,49.816944444444445
prometheus/prometheus,16449,2025-04-17 18:08:37+00:00,2025-04-17 23:12:15+00:00,2025-04-17 23:12:17+00:00,0.0005555555555555556
prometheus/prometheus,16447,2025-04-17 11:29:40+00:00,2025-04-17 12:27:56+00:00,2025-04-17 13:40:13+00:00,1.2047222222222222
prometheus/prometheus,16444,2025-04-17 09:32:41+00:00,2025-04-17 15:02:29+00:00,2025-04-24 12:48:58+00:00,165.7747222222222
prometheus/prometheus,16443,2025-04-17 05:29:31+00:00,2025-04-17 09:29:39+00:00,2025-04-17 09:29:45+00:00,0.0016666666666666668
prometheus/prometheus,16441,2025-04-16 18:56:17+00:00,2025-04-16 19:07:21+00:00,2025-04-22 16:13:31+00:00,141.1027777777778
prometheus/prometheus,16440,2025-04-16 17:14:26+00:00,2025-04-17 14:02:32+00:00,2025-04-22 14:59:03+00:00,120.94194444444445
prometheus/prometheus,16438,2025-04-16 14:54:01+00:00,2025-04-16 17:03:59+00:00,2025-04-17 09:07:10+00:00,16.053055555555556
prometheus/prometheus,16437,2025-04-15 20:03:17+00:00,2025-04-16 09:58:02+00:00,2025-04-22 12:59:54+00:00,147.0311111111111
prometheus/prometheus,16436,2025-04-15 16:54:28+00:00,2025-04-16 15:16:27+00:00,2025-05-02 09:49:28+00:00,378.55027777777775
prometheus/prometheus,16435,2025-04-15 15:27:55+00:00,,2025-04-22 22:25:12+00:00,
prometheus/prometheus,16434,2025-04-15 14:13:55+00:00,2025-04-30 11:55:44+00:00,2025-05-02 14:58:25+00:00,51.04472222222222
prometheus/prometheus,16433,2025-04-15 12:46:43+00:00,2025-04-15 13:49:42+00:00,2025-04-16 14:43:30+00:00,24.89666666666667
prometheus/prometheus,16432,2025-04-15 12:44:38+00:00,2025-04-15 15:28:07+00:00,2025-04-15 15:35:45+00:00,0.1272222222222222
prometheus/prometheus,16431,2025-04-15 10:44:35+00:00,2025-04-15 11:11:09+00:00,2025-04-15 13:25:17+00:00,2.2355555555555555
prometheus/prometheus,16429,2025-04-14 15:32:02+00:00,2025-04-28 12:53:55+00:00,2025-09-02 09:41:07+00:00,3044.786666666667
prometheus/prometheus,16426,2025-04-13 09:30:24+00:00,2025-04-14 15:46:43+00:00,2025-05-26 16:15:01+00:00,1008.4716666666667
prometheus/prometheus,16425,2025-04-12 13:37:58+00:00,2025-04-24 06:29:47+00:00,2025-07-15 07:37:24+00:00,1969.1269444444445
prometheus/prometheus,16423,2025-04-11 10:17:09+00:00,2025-04-11 10:24:34+00:00,2025-07-06 10:57:19+00:00,2064.545833333333
prometheus/prometheus,16421,2025-04-10 17:24:31+00:00,2025-05-24 13:00:49+00:00,2025-05-24 13:01:49+00:00,0.016666666666666666
prometheus/prometheus,16420,2025-04-10 17:16:33+00:00,,2025-04-10 17:23:39+00:00,
prometheus/prometheus,16417,2025-04-09 14:59:43+00:00,2025-06-18 18:11:10+00:00,2025-06-18 18:11:24+00:00,0.0038888888888888888
prometheus/prometheus,16416,2025-04-09 13:28:51+00:00,2025-04-09 13:52:50+00:00,2025-04-09 14:46:33+00:00,0.8952777777777777
prometheus/prometheus,16413,2025-04-09 03:47:41+00:00,2025-04-09 09:25:17+00:00,2025-04-09 09:25:54+00:00,0.010277777777777778
prometheus/prometheus,16410,2025-04-08 17:39:13+00:00,,2025-04-08 18:13:34+00:00,
prometheus/prometheus,16409,2025-04-08 13:46:46+00:00,2025-04-08 14:00:44+00:00,2025-04-09 10:39:18+00:00,20.642777777777777
prometheus/prometheus,16408,2025-04-07 18:20:58+00:00,2025-04-08 08:01:14+00:00,2025-04-11 08:17:45+00:00,72.27527777777777
prometheus/prometheus,16407,2025-04-07 18:11:59+00:00,2025-04-08 08:04:16+00:00,2025-04-08 08:04:23+00:00,0.0019444444444444444
prometheus/prometheus,16404,2025-04-05 19:22:07+00:00,2025-04-10 11:15:17+00:00,2025-05-11 13:40:31+00:00,746.4205555555556
prometheus/prometheus,16403,2025-04-05 18:09:19+00:00,2025-04-09 15:28:53+00:00,2025-04-09 15:29:03+00:00,0.002777777777777778
prometheus/prometheus,16402,2025-04-05 17:27:46+00:00,2025-04-09 09:27:18+00:00,2025-11-13 15:01:03+00:00,5237.5625
prometheus/prometheus,16401,2025-04-05 09:59:57+00:00,2025-04-08 11:47:23+00:00,2025-06-17 13:41:14+00:00,1681.8975
prometheus/prometheus,16398,2025-04-03 06:53:56+00:00,2025-04-04 07:45:41+00:00,2025-04-04 07:45:53+00:00,0.0033333333333333335
prometheus/prometheus,16397,2025-04-03 06:35:22+00:00,,2025-04-03 06:35:29+00:00,
prometheus/prometheus,16395,2025-04-02 15:36:59+00:00,2025-05-01 07:56:16+00:00,2025-05-01 07:58:12+00:00,0.03222222222222222
prometheus/prometheus,16394,2025-04-02 11:45:49+00:00,2025-04-02 16:30:54+00:00,2025-10-14 11:58:11+00:00,4675.454722222222
prometheus/prometheus,16393,2025-04-02 11:43:57+00:00,2025-04-05 20:16:56+00:00,2025-05-07 12:13:12+00:00,759.9377777777778
prometheus/prometheus,16392,2025-04-02 11:14:11+00:00,,2025-07-01 11:44:43+00:00,
prometheus/prometheus,16391,2025-04-02 10:41:36+00:00,2025-04-03 06:50:30+00:00,2025-04-03 09:52:14+00:00,3.028888888888889
prometheus/prometheus,16390,2025-04-02 10:15:13+00:00,2025-04-02 15:48:29+00:00,2025-04-02 15:48:34+00:00,0.001388888888888889
prometheus/prometheus,16388,2025-04-02 08:21:24+00:00,2025-04-02 08:44:41+00:00,2025-04-02 08:44:47+00:00,0.0016666666666666668
prometheus/prometheus,16386,2025-04-02 00:05:22+00:00,,2025-04-02 11:06:36+00:00,
prometheus/prometheus,16385,2025-04-02 00:05:19+00:00,,2025-04-02 11:06:42+00:00,
prometheus/prometheus,16384,2025-04-02 00:05:17+00:00,2025-04-17 11:05:28+00:00,2025-04-17 11:05:31+00:00,0.0008333333333333334
prometheus/prometheus,16383,2025-04-01 23:31:19+00:00,2025-04-17 11:05:51+00:00,2025-04-17 11:05:53+00:00,0.0005555555555555556
prometheus/prometheus,16382,2025-04-01 23:31:08+00:00,2025-04-17 11:07:54+00:00,2025-04-17 12:49:48+00:00,1.6983333333333333
prometheus/prometheus,16381,2025-04-01 23:31:03+00:00,2025-04-17 15:12:18+00:00,2025-04-17 15:12:20+00:00,0.0005555555555555556
prometheus/prometheus,16380,2025-04-01 23:30:59+00:00,2025-04-17 18:06:05+00:00,2025-04-17 18:06:06+00:00,0.0002777777777777778
prometheus/prometheus,16379,2025-04-01 23:30:38+00:00,,2025-04-17 17:15:14+00:00,
prometheus/prometheus,16378,2025-04-01 23:30:35+00:00,2025-04-17 17:14:51+00:00,2025-04-17 17:14:53+00:00,0.0005555555555555556
prometheus/prometheus,16377,2025-04-01 23:30:31+00:00,2025-04-17 15:12:02+00:00,2025-04-17 15:12:03+00:00,0.0002777777777777778
prometheus/prometheus,16376,2025-04-01 23:30:20+00:00,2025-04-17 18:06:27+00:00,2025-04-17 18:06:28+00:00,0.0002777777777777778
prometheus/prometheus,16375,2025-04-01 23:30:14+00:00,2025-04-17 15:11:39+00:00,2025-04-17 15:11:40+00:00,0.0002777777777777778
prometheus/prometheus,16374,2025-04-01 23:30:13+00:00,2025-04-17 15:13:18+00:00,2025-04-17 15:13:20+00:00,0.0005555555555555556
prometheus/prometheus,16373,2025-04-01 23:30:06+00:00,2025-04-17 23:35:39+00:00,2025-04-17 23:35:41+00:00,0.0005555555555555556
prometheus/prometheus,16372,2025-04-01 23:29:59+00:00,2025-04-17 17:13:56+00:00,2025-04-17 17:14:09+00:00,0.003611111111111111
prometheus/prometheus,16370,2025-04-01 14:16:25+00:00,2025-04-01 14:17:05+00:00,2025-04-01 14:38:21+00:00,0.35444444444444445
prometheus/prometheus,16369,2025-04-01 14:16:18+00:00,2025-04-01 14:19:26+00:00,2025-04-01 14:36:55+00:00,0.29138888888888886
prometheus/prometheus,16368,2025-04-01 14:07:44+00:00,2025-04-01 14:08:05+00:00,2025-05-03 17:05:13+00:00,770.9522222222222
prometheus/prometheus,16366,2025-04-01 08:38:49+00:00,,2025-06-17 10:53:20+00:00,
prometheus/prometheus,16365,2025-04-01 08:03:58+00:00,2025-04-08 21:18:26+00:00,2025-05-20 18:33:25+00:00,1005.2497222222222
prometheus/prometheus,16362,2025-03-31 15:46:57+00:00,2025-03-31 17:20:13+00:00,2025-03-31 17:20:29+00:00,0.0044444444444444444
prometheus/prometheus,16361,2025-03-31 15:41:42+00:00,2025-03-31 17:19:40+00:00,2025-03-31 17:19:46+00:00,0.0016666666666666668
prometheus/prometheus,16360,2025-03-31 15:38:41+00:00,2025-03-31 21:48:17+00:00,2025-04-23 12:58:02+00:00,543.1625
prometheus/prometheus,16359,2025-03-31 15:36:44+00:00,2025-03-31 17:18:58+00:00,2025-03-31 17:19:03+00:00,0.001388888888888889
prometheus/prometheus,16356,2025-03-31 06:03:41+00:00,2025-04-01 13:35:18+00:00,2025-04-02 11:05:31+00:00,21.503611111111113
prometheus/prometheus,16355,2025-03-31 03:10:54+00:00,2025-03-31 09:18:37+00:00,2026-01-20 09:33:08+00:00,7080.241944444444
prometheus/prometheus,16354,2025-03-30 23:20:36+00:00,,2025-06-01 07:05:37+00:00,
prometheus/prometheus,16353,2025-03-30 21:19:20+00:00,2025-05-10 14:56:57+00:00,2025-11-03 14:23:03+00:00,4247.435
prometheus/prometheus,16352,2025-03-30 19:28:21+00:00,2025-04-15 23:00:11+00:00,2025-04-15 23:00:19+00:00,0.0022222222222222222
prometheus/prometheus,16351,2025-03-30 16:16:56+00:00,2025-04-01 11:56:23+00:00,,
prometheus/prometheus,16350,2025-03-30 10:03:14+00:00,2025-04-01 13:31:43+00:00,2025-04-01 14:14:07+00:00,0.7066666666666667
prometheus/prometheus,16348,2025-03-29 11:50:41+00:00,2025-03-29 14:16:48+00:00,2025-03-29 14:16:58+00:00,0.002777777777777778
prometheus/prometheus,16347,2025-03-29 11:20:17+00:00,2025-03-29 11:23:54+00:00,2025-03-29 11:46:47+00:00,0.3813888888888889
prometheus/prometheus,16346,2025-03-29 11:20:14+00:00,2025-03-29 11:21:10+00:00,2025-03-29 11:43:04+00:00,0.365
prometheus/prometheus,16345,2025-03-29 02:51:30+00:00,2025-03-29 11:18:25+00:00,2025-03-29 11:18:46+00:00,0.005833333333333334
prometheus/prometheus,16343,2025-03-28 16:34:49+00:00,2025-03-28 16:56:40+00:00,2025-03-28 17:51:05+00:00,0.9069444444444444
prometheus/prometheus,16342,2025-03-28 15:42:39+00:00,2025-03-28 16:48:55+00:00,2025-03-28 16:49:05+00:00,0.002777777777777778
prometheus/prometheus,16341,2025-03-28 15:42:37+00:00,2025-03-28 16:55:32+00:00,2025-03-28 16:55:38+00:00,0.0016666666666666668
prometheus/prometheus,16340,2025-03-28 14:37:54+00:00,2025-04-02 09:33:12+00:00,2025-04-07 14:41:42+00:00,125.14166666666667
prometheus/prometheus,16339,2025-03-28 14:35:07+00:00,2025-03-28 17:09:08+00:00,,
prometheus/prometheus,16336,2025-03-27 14:06:56+00:00,2025-03-27 20:02:28+00:00,2025-03-31 04:05:14+00:00,80.04611111111112
prometheus/prometheus,16335,2025-03-27 11:56:45+00:00,2025-03-27 11:59:00+00:00,2025-03-27 20:04:30+00:00,8.091666666666667
prometheus/prometheus,16333,2025-03-27 10:08:03+00:00,2025-03-27 15:07:00+00:00,2025-04-17 11:15:12+00:00,500.13666666666666
prometheus/prometheus,16332,2025-03-27 09:15:43+00:00,2025-03-27 10:11:05+00:00,2025-07-09 13:37:56+00:00,2499.4475
prometheus/prometheus,16330,2025-03-26 22:56:56+00:00,2025-04-09 18:32:47+00:00,2026-01-21 14:26:44+00:00,6883.899166666667
prometheus/prometheus,16329,2025-03-26 16:57:15+00:00,2025-04-17 10:33:53+00:00,2025-04-17 11:06:08+00:00,0.5375
prometheus/prometheus,16328,2025-03-26 14:53:46+00:00,2025-03-26 20:56:14+00:00,2025-03-27 11:21:00+00:00,14.412777777777778
prometheus/prometheus,16327,2025-03-26 14:16:24+00:00,2025-03-26 18:27:08+00:00,2025-04-08 14:57:21+00:00,308.5036111111111
prometheus/prometheus,16326,2025-03-26 12:50:34+00:00,,,
prometheus/prometheus,16324,2025-03-26 07:55:07+00:00,,2025-04-09 07:43:58+00:00,
prometheus/prometheus,16323,2025-03-25 19:09:32+00:00,2025-03-26 08:07:05+00:00,2025-03-26 11:29:36+00:00,3.375277777777778
prometheus/prometheus,16322,2025-03-25 15:47:49+00:00,2025-03-26 10:19:02+00:00,2025-03-26 10:19:47+00:00,0.0125
prometheus/prometheus,16320,2025-03-25 14:36:41+00:00,2025-03-25 14:37:10+00:00,2025-03-25 14:40:06+00:00,0.04888888888888889
prometheus/prometheus,16319,2025-03-25 13:56:23+00:00,2025-03-25 14:01:14+00:00,2025-03-25 14:22:36+00:00,0.3561111111111111
prometheus/prometheus,16313,2025-03-24 09:56:39+00:00,2025-03-27 20:49:09+00:00,2025-03-27 20:49:11+00:00,0.0005555555555555556
prometheus/prometheus,16312,2025-03-24 09:56:12+00:00,2025-03-27 20:49:15+00:00,2025-03-27 21:06:20+00:00,0.2847222222222222
prometheus/prometheus,16311,2025-03-24 09:56:10+00:00,2025-03-27 20:49:21+00:00,2025-03-27 20:49:23+00:00,0.0005555555555555556
prometheus/prometheus,16310,2025-03-24 09:56:07+00:00,2025-03-27 20:49:27+00:00,2025-03-27 20:49:29+00:00,0.0005555555555555556
prometheus/prometheus,16309,2025-03-24 09:56:03+00:00,2025-03-27 20:49:34+00:00,2025-03-27 21:27:20+00:00,0.6294444444444445
prometheus/prometheus,16307,2025-03-23 13:16:23+00:00,2025-03-24 09:42:20+00:00,2025-03-24 09:55:01+00:00,0.21138888888888888
prometheus/prometheus,16306,2025-03-22 13:08:39+00:00,2025-03-23 10:16:20+00:00,2025-03-23 10:16:21+00:00,0.0002777777777777778
prometheus/prometheus,16305,2025-03-22 13:07:57+00:00,2025-03-23 10:16:30+00:00,2025-03-23 10:16:31+00:00,0.0002777777777777778
prometheus/prometheus,16304,2025-03-22 13:07:39+00:00,2025-03-23 10:17:23+00:00,2025-03-23 11:49:51+00:00,1.541111111111111
prometheus/prometheus,16303,2025-03-22 13:07:13+00:00,2025-03-22 15:42:22+00:00,2025-03-22 16:52:43+00:00,1.1725
prometheus/prometheus,16302,2025-03-22 13:07:10+00:00,2025-03-22 15:45:20+00:00,2025-03-22 15:45:21+00:00,0.0002777777777777778
prometheus/prometheus,16301,2025-03-22 13:07:08+00:00,2025-03-22 15:41:37+00:00,2025-03-22 15:50:21+00:00,0.14555555555555555
prometheus/prometheus,16300,2025-03-22 13:07:06+00:00,2025-03-22 15:43:22+00:00,2025-03-22 15:43:23+00:00,0.0002777777777777778
prometheus/prometheus,16299,2025-03-22 13:06:58+00:00,2025-03-22 15:43:30+00:00,2025-03-22 15:43:31+00:00,0.0002777777777777778
prometheus/prometheus,16298,2025-03-22 13:06:53+00:00,2025-03-22 15:43:37+00:00,2025-03-22 15:43:38+00:00,0.0002777777777777778
prometheus/prometheus,16297,2025-03-22 13:06:48+00:00,2025-03-23 10:20:07+00:00,2025-03-23 12:07:35+00:00,1.791111111111111
prometheus/prometheus,16296,2025-03-22 13:06:48+00:00,2025-03-22 15:43:46+00:00,2025-03-22 16:26:42+00:00,0.7155555555555555
prometheus/prometheus,16295,2025-03-22 13:06:41+00:00,2025-03-22 15:44:02+00:00,2025-03-22 15:44:03+00:00,0.0002777777777777778
prometheus/prometheus,16294,2025-03-22 13:06:40+00:00,2025-03-23 10:17:36+00:00,2025-03-23 10:17:37+00:00,0.0002777777777777778
prometheus/prometheus,16293,2025-03-22 13:06:37+00:00,2025-03-22 15:44:08+00:00,2025-03-22 15:44:25+00:00,0.004722222222222222
prometheus/prometheus,16292,2025-03-22 13:06:30+00:00,2025-03-22 15:53:33+00:00,2025-03-22 16:30:25+00:00,0.6144444444444445
prometheus/prometheus,16291,2025-03-22 13:06:27+00:00,2025-03-22 15:54:22+00:00,2025-03-22 17:56:43+00:00,2.0391666666666666
prometheus/prometheus,16290,2025-03-22 13:06:07+00:00,2025-03-23 10:17:41+00:00,2025-03-23 10:18:11+00:00,0.008333333333333333
prometheus/prometheus,16289,2025-03-22 13:05:58+00:00,2025-03-22 15:54:37+00:00,2025-03-22 16:31:12+00:00,0.6097222222222223
prometheus/prometheus,16288,2025-03-22 13:05:56+00:00,2025-03-23 10:17:47+00:00,2025-03-23 10:17:48+00:00,0.0002777777777777778
prometheus/prometheus,16287,2025-03-22 13:05:54+00:00,2025-03-22 15:44:29+00:00,2025-03-22 15:45:20+00:00,0.014166666666666666
prometheus/prometheus,16286,2025-03-22 13:05:50+00:00,2025-03-22 15:44:37+00:00,2025-03-22 15:45:36+00:00,0.01638888888888889
prometheus/prometheus,16285,2025-03-22 13:05:47+00:00,2025-03-22 15:54:53+00:00,2025-03-22 16:45:04+00:00,0.8363888888888888
prometheus/prometheus,16284,2025-03-22 13:05:46+00:00,2025-03-23 10:18:02+00:00,2025-03-23 11:30:40+00:00,1.2105555555555556
prometheus/prometheus,16283,2025-03-22 13:05:41+00:00,2025-03-22 15:44:44+00:00,2025-03-22 15:44:45+00:00,0.0002777777777777778
prometheus/prometheus,16282,2025-03-22 13:05:39+00:00,2025-03-23 10:18:23+00:00,2025-03-23 10:58:24+00:00,0.6669444444444445
prometheus/prometheus,16281,2025-03-22 13:05:37+00:00,2025-03-23 10:18:29+00:00,2025-03-23 10:18:31+00:00,0.0005555555555555556
prometheus/prometheus,16280,2025-03-22 13:05:32+00:00,2025-03-23 10:18:35+00:00,2025-03-23 10:18:48+00:00,0.003611111111111111
prometheus/prometheus,16279,2025-03-22 13:05:25+00:00,2025-03-23 10:20:23+00:00,2025-03-23 12:12:04+00:00,1.861388888888889
prometheus/prometheus,16278,2025-03-22 13:05:24+00:00,2025-03-23 10:20:31+00:00,2025-03-23 10:20:33+00:00,0.0005555555555555556
prometheus/prometheus,16277,2025-03-22 13:05:17+00:00,2025-03-23 10:20:39+00:00,2025-03-23 12:07:40+00:00,1.783611111111111
prometheus/prometheus,16276,2025-03-22 13:05:13+00:00,2025-03-23 10:20:46+00:00,2025-03-23 10:20:48+00:00,0.0005555555555555556
prometheus/prometheus,16275,2025-03-22 13:05:08+00:00,2025-03-23 10:20:54+00:00,2025-03-23 10:20:55+00:00,0.0002777777777777778
prometheus/prometheus,16274,2025-03-22 13:05:00+00:00,2025-03-23 10:21:02+00:00,2025-03-23 10:21:03+00:00,0.0002777777777777778
prometheus/prometheus,16273,2025-03-22 13:04:53+00:00,2025-03-23 10:21:08+00:00,2025-03-23 10:21:09+00:00,0.0002777777777777778
prometheus/prometheus,16272,2025-03-22 13:04:50+00:00,2025-03-23 10:21:15+00:00,2025-03-23 10:21:16+00:00,0.0002777777777777778
prometheus/prometheus,16271,2025-03-22 13:04:46+00:00,2025-03-23 10:21:23+00:00,2025-03-23 11:49:06+00:00,1.4619444444444445
prometheus/prometheus,16270,2025-03-22 13:04:42+00:00,2025-03-23 10:21:30+00:00,2025-03-23 11:36:48+00:00,1.255
prometheus/prometheus,16269,2025-03-22 13:04:37+00:00,2025-03-23 10:21:47+00:00,2025-03-23 11:30:22+00:00,1.1430555555555555
prometheus/prometheus,16268,2025-03-22 13:04:37+00:00,2025-03-22 15:44:49+00:00,2025-03-22 16:47:40+00:00,1.0475
prometheus/prometheus,16267,2025-03-22 13:04:30+00:00,2025-03-23 10:21:56+00:00,2025-03-23 10:22:14+00:00,0.005
prometheus/prometheus,16266,2025-03-22 13:04:27+00:00,2025-03-23 10:22:15+00:00,2025-03-23 10:22:29+00:00,0.0038888888888888888
prometheus/prometheus,16265,2025-03-22 13:04:24+00:00,2025-03-22 16:50:02+00:00,2025-03-22 16:50:04+00:00,0.0005555555555555556
prometheus/prometheus,16264,2025-03-22 13:04:21+00:00,,2025-03-23 13:12:14+00:00,
prometheus/prometheus,16263,2025-03-22 13:04:19+00:00,2025-03-23 10:22:35+00:00,2025-03-23 10:39:30+00:00,0.28194444444444444
prometheus/prometheus,16262,2025-03-22 13:04:14+00:00,2025-03-22 16:50:09+00:00,2025-03-22 17:40:11+00:00,0.8338888888888889
prometheus/prometheus,16261,2025-03-22 13:04:10+00:00,2025-03-22 16:50:16+00:00,2025-03-22 16:50:18+00:00,0.0005555555555555556
prometheus/prometheus,16260,2025-03-22 13:04:08+00:00,2025-03-22 16:50:21+00:00,2025-03-22 17:40:03+00:00,0.8283333333333334
prometheus/prometheus,16259,2025-03-22 13:04:00+00:00,2025-03-22 16:50:27+00:00,2025-03-22 16:50:29+00:00,0.0005555555555555556
prometheus/prometheus,16258,2025-03-22 13:03:59+00:00,2025-03-22 17:39:23+00:00,2025-03-22 17:39:25+00:00,0.0005555555555555556
prometheus/prometheus,16257,2025-03-21 19:35:04+00:00,2025-05-21 09:45:37+00:00,2025-08-19 15:43:47+00:00,2165.9694444444444
prometheus/prometheus,16256,2025-03-21 16:22:09+00:00,,2025-03-23 10:19:44+00:00,
prometheus/prometheus,16254,2025-03-21 12:56:53+00:00,2025-03-21 22:14:01+00:00,2025-03-24 14:22:19+00:00,64.13833333333334
prometheus/prometheus,16253,2025-03-21 07:33:26+00:00,2025-03-26 20:58:47+00:00,2025-03-27 11:17:35+00:00,14.313333333333333
prometheus/prometheus,16252,2025-03-20 20:43:21+00:00,2025-03-20 22:58:27+00:00,2025-03-20 22:58:32+00:00,0.001388888888888889
prometheus/prometheus,16251,2025-03-20 16:45:58+00:00,2025-03-23 11:39:27+00:00,2025-04-18 09:41:12+00:00,622.0291666666667
prometheus/prometheus,16250,2025-03-20 16:09:11+00:00,2025-03-20 17:29:16+00:00,2025-03-20 17:43:22+00:00,0.235
prometheus/prometheus,16249,2025-03-20 12:33:27+00:00,2025-03-21 07:41:07+00:00,2025-04-22 08:17:41+00:00,768.6094444444444
prometheus/prometheus,16246,2025-03-20 07:33:44+00:00,2025-03-22 12:55:25+00:00,2025-03-22 12:55:31+00:00,0.0016666666666666668
prometheus/prometheus,16245,2025-03-20 06:25:03+00:00,2025-03-20 06:42:01+00:00,2025-03-22 15:46:14+00:00,57.070277777777775
prometheus/prometheus,16242,2025-03-19 20:27:52+00:00,2025-03-20 14:08:39+00:00,2025-03-20 14:09:01+00:00,0.006111111111111111
prometheus/prometheus,16241,2025-03-19 17:58:10+00:00,2025-03-22 13:03:11+00:00,2025-03-22 13:03:17+00:00,0.0016666666666666668
prometheus/prometheus,16240,2025-03-19 17:33:32+00:00,2025-03-20 09:33:44+00:00,2025-03-20 15:13:26+00:00,5.661666666666667
prometheus/prometheus,16239,2025-03-19 17:08:48+00:00,2025-03-19 21:19:01+00:00,2025-03-19 21:19:09+00:00,0.0022222222222222222
prometheus/prometheus,16237,2025-03-19 12:32:07+00:00,2025-03-19 15:28:05+00:00,2025-03-19 15:28:34+00:00,0.008055555555555555
prometheus/prometheus,16236,2025-03-18 21:44:58+00:00,2025-03-19 06:41:28+00:00,2025-03-19 15:27:25+00:00,8.765833333333333
prometheus/prometheus,16234,2025-03-18 17:35:50+00:00,2025-03-18 17:52:12+00:00,2025-03-18 17:52:50+00:00,0.010555555555555556
prometheus/prometheus,16233,2025-03-18 16:09:39+00:00,,2026-01-06 16:40:00+00:00,
prometheus/prometheus,16232,2025-03-18 16:00:37+00:00,2025-03-18 16:07:56+00:00,2025-03-19 07:58:08+00:00,15.836666666666666
prometheus/prometheus,16231,2025-03-18 15:41:35+00:00,2025-03-19 20:15:43+00:00,2025-03-19 20:15:51+00:00,0.0022222222222222222
prometheus/prometheus,16230,2025-03-18 15:40:16+00:00,,2025-03-18 15:40:58+00:00,
prometheus/prometheus,16229,2025-03-18 13:31:22+00:00,2025-03-18 13:35:56+00:00,2025-03-18 14:26:06+00:00,0.8361111111111111
prometheus/prometheus,16228,2025-03-18 12:23:12+00:00,2025-03-20 22:06:46+00:00,2025-05-17 09:37:25+00:00,1379.5108333333333
prometheus/prometheus,16226,2025-03-17 22:54:16+00:00,2025-03-18 18:03:42+00:00,2025-04-01 08:35:03+00:00,326.5225
prometheus/prometheus,16225,2025-03-17 21:30:51+00:00,2025-03-18 15:34:29+00:00,2025-03-18 15:34:44+00:00,0.004166666666666667
prometheus/prometheus,16224,2025-03-17 21:16:12+00:00,2025-03-18 17:49:00+00:00,2025-03-18 17:49:27+00:00,0.0075
prometheus/prometheus,16221,2025-03-17 19:31:45+00:00,2025-03-18 17:53:48+00:00,2025-03-18 18:23:56+00:00,0.5022222222222222
prometheus/prometheus,16220,2025-03-17 18:12:31+00:00,2025-03-18 13:14:20+00:00,2025-03-18 13:15:27+00:00,0.01861111111111111
prometheus/prometheus,16219,2025-03-17 17:14:54+00:00,,2025-03-20 16:17:55+00:00,
prometheus/prometheus,16218,2025-03-17 13:08:20+00:00,2025-03-17 14:10:28+00:00,2025-03-17 14:57:56+00:00,0.7911111111111111
prometheus/prometheus,16216,2025-03-17 08:12:14+00:00,,2025-07-04 11:04:03+00:00,
prometheus/prometheus,16215,2025-03-16 18:31:39+00:00,2025-03-17 18:50:59+00:00,,
prometheus/prometheus,16214,2025-03-15 14:21:05+00:00,2025-03-26 16:24:53+00:00,2025-03-28 18:15:59+00:00,49.85166666666667
prometheus/prometheus,16213,2025-03-14 11:06:17+00:00,2025-03-14 14:16:48+00:00,2025-03-14 17:33:13+00:00,3.2736111111111112
prometheus/prometheus,16211,2025-03-13 23:20:57+00:00,2025-03-17 21:57:47+00:00,2025-03-18 11:43:44+00:00,13.765833333333333
prometheus/prometheus,16210,2025-03-13 18:43:27+00:00,2025-03-13 19:42:37+00:00,2025-03-13 19:42:43+00:00,0.0016666666666666668
prometheus/prometheus,16207,2025-03-12 16:10:05+00:00,2025-03-12 16:55:04+00:00,2025-03-18 10:59:03+00:00,138.0663888888889
prometheus/prometheus,16205,2025-03-12 10:03:09+00:00,2025-03-12 14:25:14+00:00,2025-03-12 14:25:50+00:00,0.01
prometheus/prometheus,16204,2025-03-12 08:34:20+00:00,2025-03-12 11:22:32+00:00,2025-03-12 11:22:34+00:00,0.0005555555555555556
prometheus/prometheus,16202,2025-03-12 07:18:42+00:00,2025-03-12 08:29:21+00:00,2025-09-13 10:04:56+00:00,4441.593055555555
prometheus/prometheus,16200,2025-03-12 01:34:09+00:00,2025-03-26 21:04:33+00:00,2025-05-27 12:40:09+00:00,1479.5933333333332
prometheus/prometheus,16199,2025-03-12 00:08:54+00:00,2025-03-12 13:53:47+00:00,2025-03-13 14:06:17+00:00,24.208333333333332
prometheus/prometheus,16198,2025-03-11 06:18:55+00:00,,2025-10-28 11:33:04+00:00,
prometheus/prometheus,16197,2025-03-10 17:54:09+00:00,2025-03-11 10:49:46+00:00,2025-03-11 10:49:52+00:00,0.0016666666666666668
prometheus/prometheus,16196,2025-03-10 15:17:21+00:00,2025-03-12 15:10:02+00:00,2025-03-12 15:10:54+00:00,0.014444444444444444
prometheus/prometheus,16195,2025-03-10 14:24:58+00:00,2025-03-13 17:21:28+00:00,2025-03-18 16:40:27+00:00,119.3163888888889
prometheus/prometheus,16194,2025-03-10 13:34:58+00:00,2025-03-24 08:45:42+00:00,2025-03-26 12:44:25+00:00,51.978611111111114
prometheus/prometheus,16192,2025-03-08 18:08:03+00:00,2025-03-13 14:50:56+00:00,2025-07-03 16:06:27+00:00,2689.258611111111
prometheus/prometheus,16190,2025-03-08 11:29:30+00:00,2025-03-10 14:24:47+00:00,2025-03-10 14:25:22+00:00,0.009722222222222222
prometheus/prometheus,16189,2025-03-08 11:05:04+00:00,2025-03-10 17:53:37+00:00,2025-03-23 11:41:48+00:00,305.80305555555555
prometheus/prometheus,16188,2025-03-07 15:36:13+00:00,,2025-03-22 13:05:59+00:00,
prometheus/prometheus,16187,2025-03-07 13:09:00+00:00,2025-03-23 10:58:29+00:00,2025-03-23 10:58:58+00:00,0.008055555555555555
prometheus/prometheus,16186,2025-03-07 13:00:42+00:00,2025-03-07 14:06:29+00:00,2025-03-07 14:30:07+00:00,0.3938888888888889
prometheus/prometheus,16185,2025-03-07 13:00:25+00:00,,2025-03-07 13:00:46+00:00,
prometheus/prometheus,16184,2025-03-07 13:00:19+00:00,2025-03-07 13:21:54+00:00,2025-03-07 13:34:04+00:00,0.20277777777777778
prometheus/prometheus,16183,2025-03-07 13:00:19+00:00,2025-03-07 14:04:19+00:00,2025-03-07 14:04:20+00:00,0.0002777777777777778
prometheus/prometheus,16182,2025-03-07 09:03:58+00:00,2025-03-10 09:27:13+00:00,,
prometheus/prometheus,16181,2025-03-07 07:32:29+00:00,2025-03-07 07:34:40+00:00,2025-03-07 17:05:32+00:00,9.514444444444445
prometheus/prometheus,16180,2025-03-07 07:20:25+00:00,2025-03-07 07:42:34+00:00,2025-03-07 10:28:29+00:00,2.765277777777778
prometheus/prometheus,16179,2025-03-07 07:09:02+00:00,2025-03-07 07:27:49+00:00,2025-03-07 08:03:28+00:00,0.5941666666666666
prometheus/prometheus,16177,2025-03-06 13:45:29+00:00,,2025-03-06 13:45:35+00:00,
prometheus/prometheus,16174,2025-03-05 17:17:52+00:00,2025-03-06 10:09:43+00:00,2025-03-08 18:45:37+00:00,56.598333333333336
prometheus/prometheus,16173,2025-03-05 15:05:56+00:00,,2025-03-07 17:06:56+00:00,
prometheus/prometheus,16172,2025-03-05 14:07:24+00:00,,2025-03-11 17:11:55+00:00,
prometheus/prometheus,16171,2025-03-05 13:03:10+00:00,,2025-03-07 10:28:03+00:00,
prometheus/prometheus,16170,2025-03-05 11:12:12+00:00,2025-03-05 12:38:07+00:00,2025-03-05 13:10:46+00:00,0.5441666666666667
prometheus/prometheus,16168,2025-03-05 09:56:21+00:00,2025-03-05 15:01:04+00:00,2025-03-05 15:03:26+00:00,0.03944444444444444
prometheus/prometheus,16167,2025-03-05 09:29:35+00:00,2025-03-05 09:52:09+00:00,2025-03-05 11:16:42+00:00,1.4091666666666667
prometheus/prometheus,16166,2025-03-05 00:47:40+00:00,2025-03-11 11:36:17+00:00,2025-03-17 20:12:47+00:00,152.60833333333332
prometheus/prometheus,16165,2025-03-04 23:31:54+00:00,2025-03-05 09:18:04+00:00,2025-03-05 09:18:10+00:00,0.0016666666666666668
prometheus/prometheus,16164,2025-03-04 22:58:18+00:00,2025-03-05 09:17:10+00:00,2025-03-05 09:17:15+00:00,0.001388888888888889
prometheus/prometheus,16163,2025-03-04 22:37:58+00:00,2025-03-05 09:14:02+00:00,2025-03-05 09:22:55+00:00,0.14805555555555555
prometheus/prometheus,16161,2025-03-03 19:54:25+00:00,2025-03-07 12:43:56+00:00,2025-03-07 12:43:57+00:00,0.0002777777777777778
prometheus/prometheus,16159,2025-03-03 18:55:25+00:00,2025-03-03 19:28:15+00:00,2025-03-03 19:52:46+00:00,0.4086111111111111
prometheus/prometheus,16158,2025-03-03 18:04:55+00:00,2025-03-11 11:41:57+00:00,2025-05-06 17:54:49+00:00,1350.2144444444446
prometheus/prometheus,16157,2025-03-03 16:45:45+00:00,2025-03-11 11:16:23+00:00,2025-03-18 07:42:29+00:00,164.435
prometheus/prometheus,16156,2025-03-03 14:57:55+00:00,2025-03-06 21:14:43+00:00,2025-03-10 10:36:26+00:00,85.36194444444445
prometheus/prometheus,16155,2025-03-03 14:51:15+00:00,,,
prometheus/prometheus,16154,2025-03-03 13:48:57+00:00,,2025-03-03 13:49:13+00:00,
prometheus/prometheus,16153,2025-03-03 13:07:01+00:00,,2025-03-03 13:07:14+00:00,
prometheus/prometheus,16151,2025-03-02 00:50:49+00:00,2025-03-07 14:49:43+00:00,2025-03-07 15:49:50+00:00,1.0019444444444445
prometheus/prometheus,16150,2025-03-02 00:50:39+00:00,2025-03-07 14:49:39+00:00,2025-03-07 15:30:44+00:00,0.6847222222222222
prometheus/prometheus,16149,2025-03-02 00:50:20+00:00,,2025-03-22 13:04:25+00:00,
prometheus/prometheus,16148,2025-03-02 00:50:05+00:00,2025-03-07 14:49:27+00:00,2025-03-07 16:30:57+00:00,1.6916666666666667
prometheus/prometheus,16147,2025-03-02 00:49:57+00:00,2025-03-07 14:49:33+00:00,2025-03-07 15:49:37+00:00,1.001111111111111
prometheus/prometheus,16146,2025-03-02 00:49:44+00:00,2025-03-07 14:49:22+00:00,2025-03-07 14:49:23+00:00,0.0002777777777777778
prometheus/prometheus,16145,2025-03-02 00:49:15+00:00,2025-03-07 14:49:11+00:00,2025-03-07 15:36:18+00:00,0.7852777777777777
prometheus/prometheus,16144,2025-03-02 00:49:06+00:00,2025-03-07 14:49:06+00:00,2025-03-07 14:49:07+00:00,0.0002777777777777778
prometheus/prometheus,16143,2025-03-02 00:48:55+00:00,2025-03-07 15:17:07+00:00,2025-03-07 15:50:00+00:00,0.5480555555555555
prometheus/prometheus,16142,2025-03-02 00:48:45+00:00,2025-03-07 14:48:55+00:00,2025-03-07 14:48:56+00:00,0.0002777777777777778
prometheus/prometheus,16141,2025-03-02 00:48:34+00:00,2025-03-07 14:51:24+00:00,2025-03-07 14:51:25+00:00,0.0002777777777777778
prometheus/prometheus,16140,2025-03-02 00:48:25+00:00,2025-03-07 14:44:48+00:00,2025-03-07 14:44:50+00:00,0.0005555555555555556
prometheus/prometheus,16139,2025-03-02 00:48:19+00:00,2025-03-07 07:05:25+00:00,2025-03-07 07:05:26+00:00,0.0002777777777777778
prometheus/prometheus,16138,2025-03-01 23:48:49+00:00,2025-03-07 07:05:41+00:00,2025-03-07 07:05:43+00:00,0.0005555555555555556
prometheus/prometheus,16137,2025-03-01 23:48:45+00:00,2025-03-07 07:05:59+00:00,2025-03-07 07:06:00+00:00,0.0002777777777777778
prometheus/prometheus,16136,2025-03-01 23:48:42+00:00,2025-03-07 07:06:48+00:00,2025-03-07 07:18:22+00:00,0.19277777777777777
prometheus/prometheus,16135,2025-03-01 23:48:42+00:00,2025-03-07 07:06:25+00:00,2025-03-07 07:06:26+00:00,0.0002777777777777778
prometheus/prometheus,16134,2025-03-01 23:48:40+00:00,2025-03-07 12:34:10+00:00,2025-03-07 12:34:22+00:00,0.0033333333333333335
prometheus/prometheus,16133,2025-03-01 23:48:39+00:00,2025-03-07 07:16:21+00:00,2025-03-07 07:16:22+00:00,0.0002777777777777778
prometheus/prometheus,16132,2025-03-01 23:48:32+00:00,2025-03-07 07:27:35+00:00,2025-03-07 11:30:33+00:00,4.049444444444444
prometheus/prometheus,16131,2025-03-01 23:48:23+00:00,,2025-03-05 15:06:03+00:00,
prometheus/prometheus,16130,2025-03-01 23:48:13+00:00,2025-03-07 12:35:37+00:00,2025-03-07 12:36:43+00:00,0.018333333333333333
prometheus/prometheus,16129,2025-03-01 23:48:10+00:00,2025-03-07 12:35:45+00:00,2025-03-07 14:05:03+00:00,1.4883333333333333
prometheus/prometheus,16128,2025-03-01 23:48:05+00:00,2025-03-07 12:35:50+00:00,2025-03-07 12:36:53+00:00,0.0175
prometheus/prometheus,16127,2025-03-01 23:48:03+00:00,2025-03-07 07:15:55+00:00,2025-03-07 07:15:56+00:00,0.0002777777777777778
prometheus/prometheus,16126,2025-03-01 23:48:02+00:00,2025-03-07 12:35:55+00:00,2025-03-07 12:36:06+00:00,0.0030555555555555557
prometheus/prometheus,16125,2025-03-01 23:48:00+00:00,2025-03-07 07:18:59+00:00,2025-03-07 12:28:37+00:00,5.160555555555556
prometheus/prometheus,16124,2025-03-01 23:47:54+00:00,2025-03-07 12:37:27+00:00,2025-03-07 12:38:20+00:00,0.014722222222222222
prometheus/prometheus,16123,2025-03-01 23:47:52+00:00,2025-03-07 07:27:12+00:00,2025-03-07 12:01:49+00:00,4.576944444444444
prometheus/prometheus,16122,2025-03-01 23:47:50+00:00,2025-03-07 10:32:18+00:00,2025-03-07 11:39:03+00:00,1.1125
prometheus/prometheus,16121,2025-03-01 23:47:46+00:00,2025-03-07 07:33:17+00:00,2025-03-07 12:05:58+00:00,4.544722222222222
prometheus/prometheus,16120,2025-03-01 23:47:44+00:00,2025-03-07 07:26:42+00:00,2025-03-07 08:15:31+00:00,0.8136111111111111
prometheus/prometheus,16119,2025-03-01 23:47:39+00:00,2025-03-07 07:17:23+00:00,2025-03-07 07:17:24+00:00,0.0002777777777777778
prometheus/prometheus,16118,2025-03-01 23:47:35+00:00,2025-03-07 14:06:13+00:00,2025-03-07 14:40:29+00:00,0.5711111111111111
prometheus/prometheus,16117,2025-03-01 23:47:30+00:00,,2025-03-07 07:09:07+00:00,
prometheus/prometheus,16116,2025-03-01 23:47:24+00:00,2025-03-07 08:07:50+00:00,2025-03-07 08:07:52+00:00,0.0005555555555555556
prometheus/prometheus,16115,2025-03-01 23:47:17+00:00,2025-03-07 07:31:03+00:00,2025-03-07 07:31:40+00:00,0.010277777777777778
prometheus/prometheus,16114,2025-03-01 23:47:07+00:00,2025-03-07 07:58:03+00:00,2025-03-07 13:14:39+00:00,5.276666666666666
prometheus/prometheus,16113,2025-03-01 23:06:54+00:00,,2025-03-22 13:06:52+00:00,
prometheus/prometheus,16112,2025-03-01 23:06:32+00:00,,2025-03-22 13:07:42+00:00,
prometheus/prometheus,16111,2025-03-01 23:06:24+00:00,,2025-03-22 13:08:00+00:00,
prometheus/prometheus,16110,2025-03-01 23:06:17+00:00,2025-03-23 10:58:40+00:00,2025-03-23 10:58:45+00:00,0.001388888888888889
prometheus/prometheus,16109,2025-03-01 23:05:55+00:00,,2025-03-07 13:09:04+00:00,
prometheus/prometheus,16108,2025-03-01 23:05:47+00:00,,2025-03-22 13:06:44+00:00,
prometheus/prometheus,16107,2025-03-01 23:05:23+00:00,2025-03-07 14:44:58+00:00,2025-03-07 14:49:49+00:00,0.08083333333333333
prometheus/prometheus,16106,2025-03-01 23:05:09+00:00,,2025-03-07 14:31:36+00:00,
prometheus/prometheus,16105,2025-03-01 23:05:01+00:00,,2025-03-22 13:05:21+00:00,
prometheus/prometheus,16104,2025-03-01 23:04:39+00:00,2025-03-07 14:45:10+00:00,2025-03-07 14:45:12+00:00,0.0005555555555555556
prometheus/prometheus,16103,2025-03-01 23:04:07+00:00,2025-03-23 11:17:32+00:00,2025-03-23 11:17:34+00:00,0.0005555555555555556
prometheus/prometheus,16102,2025-03-01 23:03:52+00:00,2025-03-07 14:45:18+00:00,2025-03-07 15:49:18+00:00,1.0666666666666667
prometheus/prometheus,16101,2025-03-01 23:03:45+00:00,,2025-03-22 13:04:23+00:00,
prometheus/prometheus,16100,2025-03-01 23:03:20+00:00,,2025-03-03 19:54:29+00:00,
prometheus/prometheus,16099,2025-03-01 23:03:11+00:00,2025-03-07 14:45:23+00:00,2025-03-07 14:45:25+00:00,0.0005555555555555556
prometheus/prometheus,16098,2025-03-01 23:02:45+00:00,,2025-03-22 13:08:43+00:00,
prometheus/prometheus,16097,2025-03-01 23:02:37+00:00,2025-03-07 14:48:26+00:00,2025-03-07 14:48:27+00:00,0.0002777777777777778
prometheus/prometheus,16096,2025-03-01 23:02:18+00:00,,2025-03-07 14:31:27+00:00,
prometheus/prometheus,16095,2025-03-01 09:28:19+00:00,2025-03-13 16:10:29+00:00,2025-04-22 22:28:31+00:00,966.3005555555555
prometheus/prometheus,16090,2025-02-28 15:37:01+00:00,2025-03-11 07:39:45+00:00,2025-03-11 08:41:30+00:00,1.0291666666666666
prometheus/prometheus,16089,2025-02-28 12:54:08+00:00,2025-02-28 15:34:44+00:00,2025-03-20 22:45:49+00:00,487.1847222222222
prometheus/prometheus,16088,2025-02-27 17:14:42+00:00,2025-03-11 11:54:05+00:00,,
prometheus/prometheus,16086,2025-02-27 09:55:55+00:00,2025-02-27 11:57:59+00:00,2025-09-22 06:44:18+00:00,4962.771944444445
prometheus/prometheus,16085,2025-02-27 09:14:08+00:00,2025-02-27 09:26:18+00:00,2025-02-27 20:52:41+00:00,11.439722222222223
prometheus/prometheus,16084,2025-02-27 09:03:56+00:00,2025-02-27 09:43:58+00:00,2025-02-27 14:08:31+00:00,4.409166666666667
prometheus/prometheus,16083,2025-02-27 00:23:00+00:00,2025-03-03 09:03:40+00:00,2025-03-03 09:03:45+00:00,0.001388888888888889
prometheus/prometheus,16082,2025-02-26 17:01:37+00:00,2025-02-26 17:02:15+00:00,2025-02-26 17:20:42+00:00,0.3075
prometheus/prometheus,16081,2025-02-26 17:01:21+00:00,2025-02-26 17:02:33+00:00,2025-02-27 10:13:35+00:00,17.183888888888887
prometheus/prometheus,16080,2025-02-26 15:57:28+00:00,2025-02-26 16:01:19+00:00,2025-03-13 18:21:09+00:00,362.3305555555556
prometheus/prometheus,16078,2025-02-26 08:19:00+00:00,,2025-02-27 10:03:38+00:00,
prometheus/prometheus,16076,2025-02-26 02:55:14+00:00,2025-02-27 14:29:09+00:00,2025-02-28 00:24:26+00:00,9.921388888888888
prometheus/prometheus,16075,2025-02-25 19:13:35+00:00,2025-02-25 19:28:24+00:00,2025-02-26 09:10:59+00:00,13.709722222222222
prometheus/prometheus,16073,2025-02-25 01:46:39+00:00,2025-02-28 08:19:17+00:00,2025-03-07 10:33:04+00:00,170.22972222222222
prometheus/prometheus,16072,2025-02-24 14:47:07+00:00,2025-02-24 17:52:25+00:00,2025-03-07 12:43:13+00:00,258.8466666666667
prometheus/prometheus,16070,2025-02-23 16:54:04+00:00,2025-02-24 12:25:52+00:00,2025-02-24 12:25:57+00:00,0.001388888888888889
prometheus/prometheus,16069,2025-02-23 15:33:32+00:00,2025-02-24 02:15:03+00:00,2025-04-30 09:53:48+00:00,1567.6458333333333
prometheus/prometheus,16068,2025-02-22 20:33:36+00:00,2025-02-22 20:39:42+00:00,2025-02-22 21:47:41+00:00,1.1330555555555555
prometheus/prometheus,16066,2025-02-21 18:27:23+00:00,2025-02-24 09:59:47+00:00,2025-03-26 22:27:28+00:00,732.4613888888889
prometheus/prometheus,16061,2025-02-20 11:33:45+00:00,2025-02-20 14:45:51+00:00,2025-02-20 15:52:12+00:00,1.1058333333333332
prometheus/prometheus,16060,2025-02-20 06:35:05+00:00,2025-02-20 09:49:13+00:00,2025-03-05 18:45:08+00:00,320.93194444444447
prometheus/prometheus,16059,2025-02-19 23:48:57+00:00,,2025-03-05 20:41:58+00:00,
prometheus/prometheus,16057,2025-02-19 19:32:45+00:00,2025-02-20 10:13:29+00:00,2025-02-20 11:48:25+00:00,1.5822222222222222
prometheus/prometheus,16055,2025-02-19 06:40:50+00:00,2025-12-23 10:11:18+00:00,,
prometheus/prometheus,16054,2025-02-19 06:05:08+00:00,2025-02-20 21:22:43+00:00,2025-02-20 23:37:04+00:00,2.2391666666666667
prometheus/prometheus,16052,2025-02-18 12:51:26+00:00,2025-02-21 16:06:15+00:00,2025-02-27 10:25:52+00:00,138.32694444444445
prometheus/prometheus,16051,2025-02-18 07:40:06+00:00,,2025-03-07 10:41:05+00:00,
prometheus/prometheus,16050,2025-02-18 03:01:42+00:00,2025-02-19 15:40:06+00:00,2025-02-28 23:30:22+00:00,223.83777777777777
prometheus/prometheus,16046,2025-02-17 13:30:33+00:00,,,
prometheus/prometheus,16044,2025-02-15 14:01:39+00:00,2025-02-17 09:08:30+00:00,2025-04-24 15:44:37+00:00,1590.6019444444444
prometheus/prometheus,16043,2025-02-15 11:50:52+00:00,2025-04-24 15:01:39+00:00,2025-06-12 08:23:04+00:00,1169.3569444444445
prometheus/prometheus,16041,2025-02-14 18:15:04+00:00,2025-05-22 07:31:50+00:00,2025-05-22 07:32:17+00:00,0.0075
prometheus/prometheus,16040,2025-02-14 16:51:14+00:00,2025-02-17 09:50:21+00:00,2025-02-17 18:05:29+00:00,8.252222222222223
prometheus/prometheus,16039,2025-02-14 14:35:37+00:00,2025-02-17 11:19:04+00:00,2025-02-17 11:19:16+00:00,0.0033333333333333335
prometheus/prometheus,16038,2025-02-13 23:16:43+00:00,2025-03-02 18:04:44+00:00,2025-10-28 11:42:10+00:00,5753.623888888889
prometheus/prometheus,16037,2025-02-13 19:34:12+00:00,,2025-02-14 16:13:33+00:00,
prometheus/prometheus,16035,2025-02-13 17:19:43+00:00,2025-02-25 15:57:31+00:00,2025-02-26 15:05:06+00:00,23.12638888888889
prometheus/prometheus,16033,2025-02-13 15:05:10+00:00,2025-02-17 11:43:50+00:00,,
prometheus/prometheus,16031,2025-02-13 11:48:30+00:00,,2025-04-22 11:26:58+00:00,
prometheus/prometheus,16030,2025-02-13 10:12:38+00:00,2025-02-13 11:57:59+00:00,2025-02-13 12:16:34+00:00,0.30972222222222223
prometheus/prometheus,16028,2025-02-13 01:10:47+00:00,2025-02-20 21:51:00+00:00,2025-02-20 22:14:33+00:00,0.3925
prometheus/prometheus,16026,2025-02-12 19:20:21+00:00,,2025-11-10 18:04:09+00:00,
prometheus/prometheus,16025,2025-02-12 15:01:29+00:00,,2025-03-18 13:47:18+00:00,
prometheus/prometheus,16024,2025-02-12 14:51:52+00:00,2025-02-12 14:53:24+00:00,2025-02-12 15:08:45+00:00,0.25583333333333336
prometheus/prometheus,16021,2025-02-12 13:23:51+00:00,2025-02-12 14:16:26+00:00,2025-02-12 17:14:06+00:00,2.9611111111111112
prometheus/prometheus,16020,2025-02-12 12:00:57+00:00,,2025-02-13 10:28:24+00:00,
prometheus/prometheus,16018,2025-02-12 05:50:46+00:00,2025-02-20 21:49:04+00:00,2025-02-20 21:49:30+00:00,0.007222222222222222
prometheus/prometheus,16017,2025-02-12 05:22:24+00:00,,,
prometheus/prometheus,16016,2025-02-12 05:09:46+00:00,,2025-02-12 05:22:38+00:00,
prometheus/prometheus,16014,2025-02-11 21:10:18+00:00,2025-02-12 13:36:41+00:00,2025-04-02 18:53:21+00:00,1181.2777777777778
prometheus/prometheus,16013,2025-02-11 16:37:48+00:00,2025-02-11 17:35:31+00:00,2025-02-11 18:09:21+00:00,0.5638888888888889
prometheus/prometheus,16012,2025-02-11 16:24:50+00:00,2025-02-12 15:05:31+00:00,2025-02-12 15:47:57+00:00,0.7072222222222222
prometheus/prometheus,16011,2025-02-11 15:57:05+00:00,2025-02-12 10:14:10+00:00,2025-02-13 02:03:31+00:00,15.8225
prometheus/prometheus,16009,2025-02-11 03:56:45+00:00,2025-02-11 19:28:54+00:00,2025-02-13 12:53:51+00:00,41.41583333333333
prometheus/prometheus,16008,2025-02-10 20:50:51+00:00,2025-05-19 08:03:17+00:00,2025-05-19 19:53:11+00:00,11.831666666666667
prometheus/prometheus,16007,2025-02-10 20:40:10+00:00,2025-02-11 19:31:23+00:00,2025-02-11 19:31:34+00:00,0.0030555555555555557
prometheus/prometheus,16006,2025-02-10 20:17:06+00:00,2025-02-11 19:34:11+00:00,2025-02-21 12:56:04+00:00,233.3647222222222
prometheus/prometheus,16005,2025-02-10 19:08:41+00:00,,2025-02-10 19:38:02+00:00,
prometheus/prometheus,16001,2025-02-10 15:06:30+00:00,2025-02-11 12:11:17+00:00,2025-02-11 13:14:55+00:00,1.0605555555555555
prometheus/prometheus,16000,2025-02-10 12:45:21+00:00,2025-02-12 14:55:54+00:00,2025-02-12 14:56:00+00:00,0.0016666666666666668
prometheus/prometheus,15999,2025-02-10 11:53:44+00:00,2025-02-10 12:19:50+00:00,2025-02-10 12:19:56+00:00,0.0016666666666666668
prometheus/prometheus,15998,2025-02-10 09:02:44+00:00,2025-02-10 11:58:30+00:00,2025-02-10 12:26:19+00:00,0.4636111111111111
prometheus/prometheus,15997,2025-02-10 06:25:58+00:00,2025-02-11 19:45:28+00:00,2025-02-20 21:24:15+00:00,217.64638888888888
prometheus/prometheus,15996,2025-02-09 20:10:35+00:00,,,
prometheus/prometheus,15995,2025-02-07 21:17:11+00:00,2025-02-11 07:57:06+00:00,2025-04-01 10:12:24+00:00,1178.255
prometheus/prometheus,15994,2025-02-07 18:40:38+00:00,2025-03-07 07:28:09+00:00,2025-03-07 08:11:21+00:00,0.72
prometheus/prometheus,15993,2025-02-07 14:55:17+00:00,2025-02-07 14:59:56+00:00,2025-02-07 15:46:55+00:00,0.7830555555555555
prometheus/prometheus,15992,2025-02-07 12:25:22+00:00,,2025-02-07 12:25:31+00:00,
prometheus/prometheus,15991,2025-02-07 11:35:25+00:00,2025-02-12 12:42:07+00:00,2025-02-13 13:25:51+00:00,24.72888888888889
prometheus/prometheus,15990,2025-02-06 22:04:44+00:00,,2025-02-10 14:47:23+00:00,
prometheus/prometheus,15988,2025-02-06 15:52:35+00:00,2025-02-12 11:29:24+00:00,2025-05-09 15:48:58+00:00,2068.326111111111
prometheus/prometheus,15987,2025-02-06 14:13:29+00:00,2025-02-11 14:41:29+00:00,2025-02-11 19:41:20+00:00,4.9975
prometheus/prometheus,15982,2025-02-06 13:08:55+00:00,,2025-02-07 15:47:40+00:00,
prometheus/prometheus,15981,2025-02-06 11:12:08+00:00,,2025-02-06 11:31:14+00:00,
prometheus/prometheus,15979,2025-02-05 23:02:09+00:00,2025-02-25 16:32:53+00:00,2025-02-28 08:54:55+00:00,64.36722222222222
prometheus/prometheus,15975,2025-02-05 12:01:23+00:00,2025-02-05 15:06:28+00:00,2025-02-05 15:40:24+00:00,0.5655555555555556
prometheus/prometheus,15974,2025-02-05 11:24:45+00:00,2025-02-05 14:58:52+00:00,2025-02-05 19:49:36+00:00,4.845555555555555
prometheus/prometheus,15973,2025-02-05 10:15:02+00:00,,2025-02-05 16:16:12+00:00,
prometheus/prometheus,15972,2025-02-05 09:36:23+00:00,,2025-02-05 10:22:07+00:00,
prometheus/prometheus,15970,2025-02-05 00:50:01+00:00,2025-02-05 15:25:51+00:00,2025-02-05 15:26:14+00:00,0.006388888888888889
prometheus/prometheus,15968,2025-02-04 11:15:57+00:00,2025-02-04 11:30:35+00:00,2025-02-04 12:18:08+00:00,0.7925
prometheus/prometheus,15967,2025-02-04 07:55:11+00:00,2025-02-04 07:55:58+00:00,2025-02-12 16:51:40+00:00,200.92833333333334
prometheus/prometheus,15966,2025-02-03 09:40:36+00:00,2025-02-03 13:48:42+00:00,2025-02-03 14:46:39+00:00,0.9658333333333333
prometheus/prometheus,15964,2025-02-02 12:31:02+00:00,2025-02-05 21:14:15+00:00,2025-02-06 15:02:04+00:00,17.796944444444446
prometheus/prometheus,15963,2025-02-02 00:48:06+00:00,2025-02-04 07:21:28+00:00,2025-02-04 07:21:32+00:00,0.0011111111111111111
prometheus/prometheus,15962,2025-02-02 00:46:57+00:00,2025-02-07 18:11:23+00:00,2025-02-07 18:11:47+00:00,0.006666666666666667
prometheus/prometheus,15961,2025-02-02 00:46:53+00:00,2025-02-07 18:11:58+00:00,2025-02-07 18:12:04+00:00,0.0016666666666666668
prometheus/prometheus,15960,2025-02-02 00:46:52+00:00,2025-02-07 18:12:19+00:00,2025-02-07 18:12:24+00:00,0.001388888888888889
prometheus/prometheus,15959,2025-02-02 00:46:43+00:00,2025-02-07 18:12:36+00:00,2025-02-07 18:12:51+00:00,0.004166666666666667
prometheus/prometheus,15958,2025-02-02 00:46:41+00:00,2025-02-07 18:12:55+00:00,2025-02-07 18:13:23+00:00,0.0077777777777777776
prometheus/prometheus,15957,2025-02-02 00:46:39+00:00,2025-02-07 18:13:18+00:00,2025-02-07 19:10:17+00:00,0.9497222222222222
prometheus/prometheus,15956,2025-02-02 00:45:21+00:00,2025-02-07 18:13:54+00:00,2025-02-07 18:14:11+00:00,0.004722222222222222
prometheus/prometheus,15955,2025-02-02 00:45:18+00:00,2025-02-07 18:13:59+00:00,2025-02-07 18:14:06+00:00,0.0019444444444444444
prometheus/prometheus,15954,2025-02-01 23:29:42+00:00,,2025-03-01 23:04:42+00:00,
prometheus/prometheus,15953,2025-02-01 23:29:33+00:00,,2025-03-01 23:02:48+00:00,
prometheus/prometheus,15952,2025-02-01 23:29:26+00:00,,2025-03-01 23:05:50+00:00,
prometheus/prometheus,15951,2025-02-01 23:29:17+00:00,,2025-03-01 23:02:22+00:00,
prometheus/prometheus,15950,2025-02-01 23:29:05+00:00,,2025-03-01 23:05:58+00:00,
prometheus/prometheus,15949,2025-02-01 23:28:58+00:00,,2025-03-01 23:03:14+00:00,
prometheus/prometheus,15948,2025-02-01 23:28:46+00:00,,2025-03-01 23:03:55+00:00,
prometheus/prometheus,15947,2025-02-01 23:28:39+00:00,,2025-03-01 23:05:05+00:00,
prometheus/prometheus,15946,2025-02-01 23:28:30+00:00,,2025-03-01 23:02:41+00:00,
prometheus/prometheus,15945,2025-02-01 23:28:22+00:00,,2025-03-01 23:03:48+00:00,
prometheus/prometheus,15944,2025-02-01 23:28:16+00:00,,2025-03-01 23:06:28+00:00,
prometheus/prometheus,15943,2025-02-01 23:28:07+00:00,,2025-03-01 23:05:27+00:00,
prometheus/prometheus,15942,2025-02-01 23:27:52+00:00,,2025-03-01 23:05:12+00:00,
prometheus/prometheus,15941,2025-02-01 23:27:44+00:00,,2025-03-01 23:06:21+00:00,
prometheus/prometheus,15940,2025-02-01 23:27:36+00:00,,2025-03-01 23:04:11+00:00,
prometheus/prometheus,15939,2025-02-01 23:27:28+00:00,,2025-03-01 23:06:57+00:00,
prometheus/prometheus,15938,2025-02-01 23:27:17+00:00,2025-03-07 14:47:23+00:00,2025-03-07 14:47:28+00:00,0.001388888888888889
prometheus/prometheus,15937,2025-02-01 23:27:09+00:00,2025-03-07 14:47:00+00:00,2025-03-07 14:47:05+00:00,0.001388888888888889
prometheus/prometheus,15936,2025-02-01 23:27:07+00:00,2025-03-07 14:46:22+00:00,2025-03-07 14:46:37+00:00,0.004166666666666667
prometheus/prometheus,15935,2025-02-01 23:27:00+00:00,,2025-03-01 23:06:35+00:00,
prometheus/prometheus,15934,2025-02-01 23:26:53+00:00,,2025-03-01 23:03:23+00:00,
prometheus/prometheus,15933,2025-02-01 23:26:50+00:00,,2025-03-02 00:48:59+00:00,
prometheus/prometheus,15932,2025-02-01 23:26:41+00:00,,2025-03-02 00:49:18+00:00,
prometheus/prometheus,15931,2025-02-01 23:26:27+00:00,,2025-03-02 00:50:24+00:00,
prometheus/prometheus,15930,2025-02-01 23:26:07+00:00,,2025-03-02 00:49:09+00:00,
prometheus/prometheus,15929,2025-02-01 23:25:55+00:00,,2025-03-02 00:50:42+00:00,
prometheus/prometheus,15928,2025-02-01 23:25:39+00:00,,2025-03-02 00:50:08+00:00,
prometheus/prometheus,15927,2025-02-01 23:25:30+00:00,2025-03-07 14:46:28+00:00,2025-03-07 14:46:32+00:00,0.0011111111111111111
prometheus/prometheus,15926,2025-02-01 23:25:21+00:00,,2025-03-02 00:49:48+00:00,
prometheus/prometheus,15925,2025-02-01 23:25:11+00:00,2025-03-07 14:45:30+00:00,2025-03-07 14:45:36+00:00,0.0016666666666666668
prometheus/prometheus,15924,2025-02-01 23:08:32+00:00,2025-02-07 18:15:41+00:00,2025-02-07 18:15:52+00:00,0.0030555555555555557
prometheus/prometheus,15923,2025-02-01 23:08:10+00:00,2025-02-07 18:15:49+00:00,2025-02-07 18:16:24+00:00,0.009722222222222222
prometheus/prometheus,15922,2025-02-01 23:08:00+00:00,2025-02-07 18:16:36+00:00,2025-02-07 18:16:54+00:00,0.005
prometheus/prometheus,15921,2025-02-01 23:07:55+00:00,2025-02-07 18:16:42+00:00,2025-02-07 18:16:49+00:00,0.0019444444444444444
prometheus/prometheus,15920,2025-02-01 23:07:45+00:00,2025-02-07 18:17:02+00:00,2025-02-07 20:40:03+00:00,2.383611111111111
prometheus/prometheus,15919,2025-02-01 23:07:43+00:00,2025-02-07 18:17:16+00:00,2025-02-07 18:17:38+00:00,0.006111111111111111
prometheus/prometheus,15918,2025-02-01 23:07:37+00:00,2025-02-07 18:17:23+00:00,2025-02-07 18:17:30+00:00,0.0019444444444444444
prometheus/prometheus,15917,2025-02-01 10:53:21+00:00,,2025-02-01 11:23:05+00:00,
prometheus/prometheus,15916,2025-01-31 20:18:09+00:00,,2025-03-25 20:22:40+00:00,
prometheus/prometheus,15915,2025-01-31 15:06:58+00:00,2025-02-03 07:56:37+00:00,,
prometheus/prometheus,15914,2025-01-31 12:39:52+00:00,,2025-01-31 13:37:55+00:00,
prometheus/prometheus,15910,2025-01-31 09:04:49+00:00,,2025-08-12 11:45:47+00:00,
prometheus/prometheus,15907,2025-01-30 10:19:52+00:00,,2025-01-31 09:40:29+00:00,
prometheus/prometheus,15905,2025-01-30 05:49:37+00:00,,2025-10-28 22:15:33+00:00,
prometheus/prometheus,15903,2025-01-29 14:46:25+00:00,,2025-01-29 17:43:38+00:00,
prometheus/prometheus,15902,2025-01-29 14:43:53+00:00,,2025-02-05 21:10:46+00:00,
prometheus/prometheus,15901,2025-01-29 14:39:02+00:00,2025-01-29 15:24:43+00:00,2025-02-04 09:29:22+00:00,138.0775
prometheus/prometheus,15899,2025-01-29 10:34:48+00:00,2025-02-06 17:52:22+00:00,2025-03-25 14:50:43+00:00,1124.9725
prometheus/prometheus,15898,2025-01-29 10:10:58+00:00,,2025-01-29 14:57:32+00:00,
prometheus/prometheus,15897,2025-01-28 21:42:31+00:00,,2025-02-05 20:27:01+00:00,
prometheus/prometheus,15895,2025-01-28 21:13:56+00:00,2025-01-28 23:58:26+00:00,2025-02-01 21:57:30+00:00,93.98444444444445
prometheus/prometheus,15894,2025-01-28 16:39:36+00:00,2025-01-29 09:10:57+00:00,2025-01-29 09:11:06+00:00,0.0025
prometheus/prometheus,15893,2025-01-28 14:00:55+00:00,,2025-02-01 23:26:30+00:00,
prometheus/prometheus,15891,2025-01-28 12:49:34+00:00,2025-01-28 16:34:20+00:00,2025-01-28 16:34:27+00:00,0.0019444444444444444
prometheus/prometheus,15890,2025-01-28 12:49:31+00:00,2025-01-28 15:59:29+00:00,2025-01-28 15:59:38+00:00,0.0025
prometheus/prometheus,15889,2025-01-28 12:49:28+00:00,,2025-02-07 18:40:42+00:00,
prometheus/prometheus,15888,2025-01-28 12:49:24+00:00,2025-01-28 14:10:57+00:00,2025-01-28 14:11:02+00:00,0.001388888888888889
prometheus/prometheus,15887,2025-01-28 12:49:19+00:00,,2025-01-28 14:03:34+00:00,
prometheus/prometheus,15886,2025-01-28 12:49:17+00:00,,2025-01-28 14:39:51+00:00,
prometheus/prometheus,15885,2025-01-28 12:49:11+00:00,2025-01-28 16:32:11+00:00,2025-01-28 16:32:19+00:00,0.0022222222222222222
prometheus/prometheus,15884,2025-01-28 12:49:06+00:00,2025-01-28 16:33:05+00:00,2025-01-28 16:33:10+00:00,0.001388888888888889
prometheus/prometheus,15883,2025-01-28 12:48:57+00:00,2025-01-28 16:32:38+00:00,2025-01-28 16:32:46+00:00,0.0022222222222222222
prometheus/prometheus,15882,2025-01-28 12:48:54+00:00,2025-01-28 14:11:57+00:00,2025-01-28 14:12:02+00:00,0.001388888888888889
prometheus/prometheus,15881,2025-01-28 12:48:47+00:00,2025-01-28 16:34:47+00:00,2025-01-28 16:35:02+00:00,0.004166666666666667
prometheus/prometheus,15880,2025-01-28 12:48:38+00:00,2025-01-28 16:33:33+00:00,2025-01-28 16:33:38+00:00,0.001388888888888889
prometheus/prometheus,15879,2025-01-28 12:48:30+00:00,2025-01-28 17:55:00+00:00,2025-01-28 17:55:14+00:00,0.0038888888888888888
prometheus/prometheus,15878,2025-01-28 12:48:24+00:00,2025-01-28 19:11:06+00:00,2025-01-28 19:11:23+00:00,0.004722222222222222
prometheus/prometheus,15877,2025-01-28 12:48:18+00:00,2025-01-28 14:12:43+00:00,2025-01-28 14:12:50+00:00,0.0019444444444444444
prometheus/prometheus,15876,2025-01-28 12:48:11+00:00,2025-01-28 17:55:34+00:00,2025-01-28 17:55:39+00:00,0.001388888888888889
prometheus/prometheus,15875,2025-01-28 12:48:06+00:00,2025-01-28 14:00:06+00:00,2025-01-28 14:00:30+00:00,0.006666666666666667
prometheus/prometheus,15874,2025-01-28 12:48:05+00:00,2025-01-28 17:54:36+00:00,2025-01-28 17:54:41+00:00,0.001388888888888889
prometheus/prometheus,15873,2025-01-28 12:47:20+00:00,,2025-03-01 23:47:11+00:00,
prometheus/prometheus,15870,2025-01-27 20:37:29+00:00,2025-01-28 13:43:17+00:00,2025-01-28 14:52:09+00:00,1.1477777777777778
prometheus/prometheus,15867,2025-01-24 14:05:07+00:00,,2025-01-24 14:22:42+00:00,
prometheus/prometheus,15866,2025-01-24 13:33:16+00:00,2025-01-27 10:00:52+00:00,2025-01-27 10:00:56+00:00,0.0011111111111111111
prometheus/prometheus,15864,2025-01-23 23:39:38+00:00,2025-03-10 13:35:54+00:00,2025-11-11 11:43:04+00:00,5902.1194444444445
prometheus/prometheus,15861,2025-01-23 12:57:39+00:00,2025-01-27 10:56:53+00:00,,
prometheus/prometheus,15860,2025-01-23 09:15:45+00:00,2025-01-30 02:46:23+00:00,2025-01-31 14:32:20+00:00,35.76583333333333
prometheus/prometheus,15859,2025-01-23 08:44:01+00:00,2025-01-23 08:54:24+00:00,2025-01-24 23:33:38+00:00,38.653888888888886
prometheus/prometheus,15856,2025-01-22 14:06:08+00:00,,2025-08-30 12:00:29+00:00,
prometheus/prometheus,15854,2025-01-22 13:07:05+00:00,2025-01-23 12:04:14+00:00,2025-01-23 12:04:19+00:00,0.001388888888888889
prometheus/prometheus,15853,2025-01-21 21:45:53+00:00,2025-01-23 14:23:26+00:00,2025-01-31 22:11:04+00:00,199.7938888888889
prometheus/prometheus,15851,2025-01-21 18:10:17+00:00,2025-01-21 22:23:45+00:00,2025-01-27 15:52:03+00:00,137.47166666666666
prometheus/prometheus,15850,2025-01-21 15:56:33+00:00,2025-03-10 08:17:30+00:00,2025-03-20 16:18:52+00:00,248.02277777777778
prometheus/prometheus,15849,2025-01-21 12:14:26+00:00,2025-01-22 16:05:27+00:00,2025-01-23 14:03:01+00:00,21.959444444444443
prometheus/prometheus,15846,2025-01-19 14:27:13+00:00,2025-01-27 21:49:03+00:00,2025-11-13 12:56:42+00:00,6951.1275
prometheus/prometheus,15845,2025-01-17 18:10:05+00:00,2025-01-20 12:13:22+00:00,2025-02-07 23:24:29+00:00,443.1852777777778
prometheus/prometheus,15844,2025-01-17 16:44:13+00:00,2025-01-17 16:44:39+00:00,2025-01-17 17:24:27+00:00,0.6633333333333333
prometheus/prometheus,15843,2025-01-17 16:16:28+00:00,2025-01-17 16:31:53+00:00,2025-01-17 16:34:27+00:00,0.042777777777777776
prometheus/prometheus,15842,2025-01-17 16:07:36+00:00,2025-01-17 16:15:47+00:00,2025-01-17 16:25:24+00:00,0.16027777777777777
prometheus/prometheus,15841,2025-01-17 16:07:15+00:00,2025-01-17 16:14:13+00:00,2025-01-17 16:57:29+00:00,0.7211111111111111
prometheus/prometheus,15840,2025-01-17 16:06:50+00:00,2025-01-17 16:07:04+00:00,2025-01-17 16:29:16+00:00,0.37
prometheus/prometheus,15837,2025-01-16 19:50:41+00:00,2025-01-16 20:16:00+00:00,2025-01-17 09:28:21+00:00,13.205833333333333
prometheus/prometheus,15836,2025-01-16 16:15:26+00:00,2025-01-17 09:18:07+00:00,,
prometheus/prometheus,15835,2025-01-16 14:02:13+00:00,2025-01-18 12:21:22+00:00,2025-01-18 12:21:51+00:00,0.008055555555555555
prometheus/prometheus,15833,2025-01-15 23:04:06+00:00,2025-01-17 09:32:22+00:00,2025-11-13 12:57:16+00:00,7203.415
prometheus/prometheus,15832,2025-01-15 14:30:44+00:00,2025-01-16 08:10:39+00:00,2025-01-16 14:06:40+00:00,5.933611111111111
prometheus/prometheus,15829,2025-01-15 11:43:33+00:00,2025-01-15 15:24:37+00:00,2025-01-16 08:14:48+00:00,16.836388888888887
prometheus/prometheus,15828,2025-01-15 11:29:05+00:00,2025-01-22 12:19:30+00:00,2025-01-22 13:35:43+00:00,1.2702777777777778
prometheus/prometheus,15827,2025-01-15 07:39:59+00:00,2025-01-17 20:25:58+00:00,2025-01-17 20:26:08+00:00,0.002777777777777778
prometheus/prometheus,15826,2025-01-15 00:09:20+00:00,2025-02-10 11:29:19+00:00,2025-02-10 11:29:27+00:00,0.0022222222222222222
prometheus/prometheus,15825,2025-01-14 17:44:39+00:00,2025-01-14 18:19:24+00:00,2025-01-15 07:24:12+00:00,13.08
prometheus/prometheus,15824,2025-01-14 16:34:50+00:00,2025-01-14 23:44:32+00:00,2025-01-17 17:00:31+00:00,65.26638888888888
prometheus/prometheus,15823,2025-01-14 00:22:07+00:00,2025-01-14 16:13:58+00:00,2025-01-17 09:27:08+00:00,65.21944444444445
prometheus/prometheus,15822,2025-01-13 22:32:56+00:00,2025-01-14 18:31:56+00:00,2025-01-14 18:32:04+00:00,0.0022222222222222222
prometheus/prometheus,15821,2025-01-13 20:57:56+00:00,2025-01-17 17:47:12+00:00,2025-01-17 18:16:30+00:00,0.48833333333333334
prometheus/prometheus,15820,2025-01-13 19:28:27+00:00,2025-01-13 20:57:46+00:00,2025-01-13 20:57:52+00:00,0.0016666666666666668
prometheus/prometheus,15819,2025-01-13 19:12:08+00:00,2025-01-13 20:57:21+00:00,2025-01-13 20:57:29+00:00,0.0022222222222222222
prometheus/prometheus,15818,2025-01-13 19:12:03+00:00,2025-01-13 20:56:50+00:00,2025-01-13 20:56:56+00:00,0.0016666666666666668
prometheus/prometheus,15817,2025-01-13 19:02:33+00:00,2025-01-17 17:47:53+00:00,2025-01-17 18:37:03+00:00,0.8194444444444444
prometheus/prometheus,15816,2025-01-13 18:58:46+00:00,2025-01-13 22:13:06+00:00,2025-01-13 22:13:12+00:00,0.0016666666666666668
prometheus/prometheus,15815,2025-01-13 18:58:43+00:00,,2025-01-17 18:17:57+00:00,
prometheus/prometheus,15814,2025-01-13 18:58:29+00:00,2025-01-13 20:55:07+00:00,2025-01-13 20:55:14+00:00,0.0019444444444444444
prometheus/prometheus,15813,2025-01-13 18:28:27+00:00,2025-01-16 11:51:41+00:00,2025-01-17 16:17:11+00:00,28.425
prometheus/prometheus,15812,2025-01-13 18:11:09+00:00,2025-01-13 18:46:33+00:00,2025-01-13 18:46:39+00:00,0.0016666666666666668
prometheus/prometheus,15811,2025-01-13 18:10:43+00:00,2025-01-13 18:47:00+00:00,2025-01-13 19:23:36+00:00,0.61
prometheus/prometheus,15810,2025-01-13 15:26:53+00:00,2025-01-13 16:11:46+00:00,2025-01-13 17:23:06+00:00,1.1888888888888889
prometheus/prometheus,15809,2025-01-13 11:02:28+00:00,2025-01-16 16:51:03+00:00,,
prometheus/prometheus,15807,2025-01-10 22:34:04+00:00,2025-01-13 15:21:42+00:00,2025-01-20 14:26:13+00:00,167.07527777777779
prometheus/prometheus,15806,2025-01-10 20:20:54+00:00,2025-01-10 20:31:29+00:00,2025-01-14 15:21:55+00:00,90.84055555555555
prometheus/prometheus,15805,2025-01-10 20:01:52+00:00,,2025-01-10 20:31:46+00:00,
prometheus/prometheus,15804,2025-01-10 17:55:44+00:00,2025-01-13 09:22:44+00:00,2025-01-20 20:26:58+00:00,179.07055555555556
prometheus/prometheus,15803,2025-01-10 17:10:29+00:00,,2025-01-20 12:12:27+00:00,
prometheus/prometheus,15802,2025-01-10 05:16:21+00:00,2025-01-28 13:02:07+00:00,2025-01-28 13:33:24+00:00,0.5213888888888889
prometheus/prometheus,15801,2025-01-09 20:42:00+00:00,2025-01-09 21:40:02+00:00,2025-01-09 23:14:21+00:00,1.5719444444444444
prometheus/prometheus,15800,2025-01-09 18:40:48+00:00,,,
prometheus/prometheus,15799,2025-01-09 05:43:06+00:00,2025-01-09 15:42:34+00:00,2025-01-14 18:22:22+00:00,122.66333333333333
prometheus/prometheus,15798,2025-01-08 18:20:50+00:00,,,
prometheus/prometheus,15797,2025-01-08 15:48:06+00:00,2025-01-08 16:05:06+00:00,2025-01-08 16:32:49+00:00,0.46194444444444444
prometheus/prometheus,15796,2025-01-08 14:53:54+00:00,,2025-01-09 23:25:24+00:00,
prometheus/prometheus,15795,2025-01-08 13:03:32+00:00,2025-01-08 14:42:01+00:00,2025-01-08 15:04:14+00:00,0.37027777777777776
prometheus/prometheus,15789,2025-01-07 16:55:46+00:00,2025-01-07 18:05:00+00:00,2025-01-07 18:39:08+00:00,0.5688888888888889
prometheus/prometheus,15788,2025-01-06 15:52:42+00:00,,2025-01-09 23:25:39+00:00,
prometheus/prometheus,15787,2025-01-06 11:24:39+00:00,2025-01-07 13:01:51+00:00,2025-01-09 09:29:57+00:00,44.468333333333334
prometheus/prometheus,15786,2025-01-06 09:53:59+00:00,2025-01-06 14:05:47+00:00,2025-01-06 14:13:17+00:00,0.125
prometheus/prometheus,15785,2025-01-06 08:13:48+00:00,2025-01-09 15:47:23+00:00,2025-01-13 09:31:41+00:00,89.73833333333333
prometheus/prometheus,15784,2025-01-05 18:21:33+00:00,2025-01-05 22:46:57+00:00,2025-01-07 12:36:53+00:00,37.83222222222222
prometheus/prometheus,15783,2025-01-05 05:27:26+00:00,2025-01-08 04:22:38+00:00,2025-05-06 11:59:00+00:00,2839.606111111111
prometheus/prometheus,15781,2025-01-03 14:30:34+00:00,2025-01-13 18:06:43+00:00,2025-01-13 18:06:49+00:00,0.0016666666666666668
prometheus/prometheus,15780,2025-01-03 14:30:26+00:00,,2025-01-13 19:02:37+00:00,
prometheus/prometheus,15778,2025-01-02 17:31:14+00:00,2025-01-04 20:57:18+00:00,2025-02-17 11:48:17+00:00,1046.8497222222222
prometheus/prometheus,15776,2025-01-02 12:25:27+00:00,2025-01-02 14:21:16+00:00,2025-01-02 14:51:52+00:00,0.51
prometheus/prometheus,15775,2025-01-02 11:40:07+00:00,2025-01-03 07:49:29+00:00,2025-01-03 14:28:52+00:00,6.6563888888888885
prometheus/prometheus,15774,2025-01-02 10:51:16+00:00,2025-01-02 11:03:27+00:00,2025-01-02 11:32:14+00:00,0.4797222222222222
prometheus/prometheus,15773,2025-01-01 23:52:01+00:00,2025-01-17 16:28:34+00:00,2025-01-17 16:51:12+00:00,0.37722222222222224
prometheus/prometheus,15772,2025-01-01 23:51:54+00:00,2025-01-13 18:08:29+00:00,2025-01-13 18:10:46+00:00,0.03805555555555556
prometheus/prometheus,15771,2025-01-01 23:51:53+00:00,,2025-03-23 10:23:57+00:00,
prometheus/prometheus,15770,2025-01-01 23:51:53+00:00,2025-01-13 18:11:46+00:00,2025-01-13 18:11:53+00:00,0.0019444444444444444
prometheus/prometheus,15769,2025-01-01 23:51:49+00:00,,2025-01-13 18:11:12+00:00,
prometheus/prometheus,15768,2025-01-01 23:51:46+00:00,2025-01-13 18:12:18+00:00,2025-01-13 18:12:25+00:00,0.0019444444444444444
prometheus/prometheus,15767,2025-01-01 23:51:41+00:00,2025-01-13 18:07:58+00:00,2025-01-13 18:08:03+00:00,0.001388888888888889
prometheus/prometheus,15766,2025-01-01 23:51:38+00:00,2025-01-17 16:35:35+00:00,2025-01-17 16:59:06+00:00,0.39194444444444443
prometheus/prometheus,15765,2025-01-01 23:51:31+00:00,,2025-01-28 15:29:58+00:00,
prometheus/prometheus,15764,2025-01-01 23:51:30+00:00,2025-01-13 18:07:24+00:00,2025-01-13 18:07:30+00:00,0.0016666666666666668
prometheus/prometheus,15763,2025-01-01 23:51:21+00:00,,2025-01-28 14:01:00+00:00,
prometheus/prometheus,15762,2025-01-01 23:51:08+00:00,2025-01-13 18:14:33+00:00,2025-01-13 18:14:43+00:00,0.002777777777777778
prometheus/prometheus,15761,2025-01-01 23:50:54+00:00,2025-01-13 18:54:10+00:00,2025-01-13 18:54:17+00:00,0.0019444444444444444
prometheus/prometheus,15760,2025-01-01 23:50:39+00:00,2025-01-13 20:56:17+00:00,2025-01-13 20:56:24+00:00,0.0019444444444444444
prometheus/prometheus,15759,2025-01-01 23:50:39+00:00,2025-01-13 18:13:07+00:00,2025-01-13 18:13:13+00:00,0.0016666666666666668
prometheus/prometheus,15758,2025-01-01 23:50:30+00:00,2025-01-13 20:55:40+00:00,2025-01-13 20:55:46+00:00,0.0016666666666666668
prometheus/prometheus,15757,2025-01-01 23:50:30+00:00,2025-01-13 18:13:23+00:00,2025-01-13 18:13:29+00:00,0.0016666666666666668
prometheus/prometheus,15756,2025-01-01 23:50:27+00:00,2025-01-13 18:13:42+00:00,2025-01-13 18:13:47+00:00,0.001388888888888889
prometheus/prometheus,15755,2025-01-01 23:50:20+00:00,2025-01-28 14:40:47+00:00,2025-01-28 15:19:10+00:00,0.6397222222222222
prometheus/prometheus,15754,2025-01-01 23:50:07+00:00,2025-01-13 18:56:34+00:00,2025-01-13 18:56:42+00:00,0.0022222222222222222
prometheus/prometheus,15753,2025-01-01 23:09:43+00:00,2025-01-13 18:54:45+00:00,2025-01-13 18:55:03+00:00,0.005
prometheus/prometheus,15752,2025-01-01 23:09:34+00:00,2025-01-13 18:55:43+00:00,2025-01-13 18:55:49+00:00,0.0016666666666666668
prometheus/prometheus,15751,2025-01-01 23:09:26+00:00,2025-01-13 18:56:07+00:00,2025-01-13 18:56:14+00:00,0.0019444444444444444
prometheus/prometheus,15750,2025-01-01 23:09:19+00:00,2025-01-13 20:54:33+00:00,2025-01-13 20:54:39+00:00,0.0016666666666666668
prometheus/prometheus,15749,2025-01-01 23:09:12+00:00,2025-01-13 18:57:08+00:00,2025-01-13 18:57:14+00:00,0.0016666666666666668
prometheus/prometheus,15748,2025-01-01 23:09:03+00:00,,2025-01-13 18:58:50+00:00,
prometheus/prometheus,15747,2025-01-01 23:08:56+00:00,,2025-01-03 14:30:38+00:00,
prometheus/prometheus,15746,2025-01-01 23:08:43+00:00,,2025-01-13 19:12:12+00:00,
prometheus/prometheus,15745,2025-01-01 23:08:32+00:00,2025-01-13 19:24:10+00:00,2025-01-13 19:28:32+00:00,0.07277777777777777
prometheus/prometheus,15744,2025-01-01 23:08:23+00:00,,2025-01-13 20:58:00+00:00,
prometheus/prometheus,15743,2025-01-01 23:08:12+00:00,2025-01-13 18:58:10+00:00,2025-01-13 18:58:17+00:00,0.0019444444444444444
prometheus/prometheus,15742,2025-01-01 23:08:00+00:00,2025-01-13 22:14:00+00:00,2025-01-13 22:14:05+00:00,0.001388888888888889
prometheus/prometheus,15741,2025-01-01 23:07:54+00:00,,2025-01-13 18:58:47+00:00,
prometheus/prometheus,15740,2025-01-01 23:07:42+00:00,2025-01-13 18:59:25+00:00,2025-01-13 18:59:32+00:00,0.0019444444444444444
prometheus/prometheus,15739,2025-01-01 23:07:33+00:00,2025-01-13 20:54:03+00:00,2025-01-13 20:54:09+00:00,0.0016666666666666668
prometheus/prometheus,15738,2025-01-01 23:07:23+00:00,,2025-01-13 19:12:07+00:00,
prometheus/prometheus,15737,2025-01-01 23:07:06+00:00,2025-01-13 18:58:49+00:00,2025-01-13 18:58:55+00:00,0.0016666666666666668
prometheus/prometheus,15736,2025-01-01 23:06:57+00:00,,2025-01-13 18:58:37+00:00,
prometheus/prometheus,15735,2024-12-30 21:39:50+00:00,,2025-09-11 17:59:53+00:00,
prometheus/prometheus,15734,2024-12-30 21:01:03+00:00,,2025-08-27 09:44:30+00:00,
prometheus/prometheus,15733,2024-12-30 17:56:30+00:00,2024-12-30 18:22:57+00:00,2024-12-31 10:12:21+00:00,15.823333333333334
prometheus/prometheus,15732,2024-12-30 17:53:52+00:00,2025-01-03 15:28:51+00:00,2025-01-28 10:35:04+00:00,595.1036111111111
prometheus/prometheus,15731,2024-12-30 17:52:38+00:00,2024-12-31 13:05:19+00:00,2025-02-13 10:38:35+00:00,1053.5544444444445
prometheus/prometheus,15730,2024-12-30 12:02:31+00:00,,2024-12-30 12:37:37+00:00,
prometheus/prometheus,15729,2024-12-30 12:01:56+00:00,,2024-12-30 15:41:28+00:00,
prometheus/prometheus,15728,2024-12-30 11:38:41+00:00,2024-12-30 11:40:50+00:00,2024-12-30 11:55:34+00:00,0.24555555555555555
prometheus/prometheus,15726,2024-12-30 10:12:01+00:00,,2024-12-30 11:53:33+00:00,
prometheus/prometheus,15724,2024-12-30 04:29:26+00:00,2024-12-30 11:16:41+00:00,2024-12-30 11:17:47+00:00,0.018333333333333333
prometheus/prometheus,15723,2024-12-30 04:26:02+00:00,2024-12-30 04:26:15+00:00,2024-12-30 11:16:21+00:00,6.835
prometheus/prometheus,15722,2024-12-29 16:34:35+00:00,2025-01-09 15:14:38+00:00,2025-01-09 16:51:26+00:00,1.6133333333333333
prometheus/prometheus,15721,2024-12-29 16:31:29+00:00,2025-01-03 15:50:58+00:00,2025-01-03 16:58:02+00:00,1.1177777777777778
prometheus/prometheus,15720,2024-12-29 15:17:44+00:00,2025-01-06 14:36:59+00:00,2025-01-14 14:15:37+00:00,191.64388888888888
prometheus/prometheus,15719,2024-12-29 12:13:35+00:00,2025-01-02 03:36:51+00:00,2025-01-15 07:45:05+00:00,316.13722222222225
prometheus/prometheus,15715,2024-12-27 12:56:09+00:00,,2025-01-31 10:44:42+00:00,
prometheus/prometheus,15713,2024-12-27 02:27:23+00:00,,2025-01-16 15:50:16+00:00,
prometheus/prometheus,15712,2024-12-23 17:24:44+00:00,2024-12-23 17:36:18+00:00,2025-11-11 11:57:19+00:00,7746.350277777778
prometheus/prometheus,15711,2024-12-23 04:24:56+00:00,2025-01-09 11:50:35+00:00,2025-01-09 15:38:43+00:00,3.8022222222222224
prometheus/prometheus,15710,2024-12-21 17:21:13+00:00,2024-12-23 12:29:44+00:00,2024-12-23 13:11:09+00:00,0.6902777777777778
prometheus/prometheus,15709,2024-12-21 16:55:58+00:00,2024-12-21 17:42:22+00:00,2024-12-21 17:51:40+00:00,0.155
prometheus/prometheus,15708,2024-12-20 22:43:41+00:00,,,
prometheus/prometheus,15707,2024-12-20 16:04:54+00:00,,2025-03-13 10:14:39+00:00,
prometheus/prometheus,15706,2024-12-20 13:01:07+00:00,2024-12-27 12:59:59+00:00,2025-01-15 10:49:37+00:00,453.82722222222225
prometheus/prometheus,15705,2024-12-20 10:49:41+00:00,,2024-12-20 11:36:38+00:00,
prometheus/prometheus,15703,2024-12-20 02:13:24+00:00,2024-12-20 08:35:49+00:00,2025-02-26 09:39:34+00:00,1633.0625
prometheus/prometheus,15702,2024-12-19 22:57:20+00:00,2024-12-20 08:37:02+00:00,2024-12-20 10:19:59+00:00,1.7158333333333333
prometheus/prometheus,15701,2024-12-19 22:43:28+00:00,2024-12-20 10:41:00+00:00,2024-12-28 04:17:50+00:00,185.61388888888888
prometheus/prometheus,15700,2024-12-19 15:43:33+00:00,2024-12-19 15:45:29+00:00,2024-12-19 16:03:51+00:00,0.3061111111111111
prometheus/prometheus,15699,2024-12-18 16:20:58+00:00,2024-12-19 14:26:43+00:00,2024-12-19 18:39:57+00:00,4.220555555555555
prometheus/prometheus,15698,2024-12-18 14:46:47+00:00,,2025-01-03 14:30:30+00:00,
prometheus/prometheus,15697,2024-12-18 14:38:22+00:00,2025-01-28 13:25:44+00:00,2025-03-07 13:24:43+00:00,911.9830555555556
prometheus/prometheus,15696,2024-12-18 14:26:26+00:00,2024-12-18 14:43:09+00:00,2024-12-18 14:44:50+00:00,0.028055555555555556
prometheus/prometheus,15695,2024-12-18 14:12:30+00:00,2024-12-19 10:51:18+00:00,2024-12-19 17:20:54+00:00,6.493333333333333
prometheus/prometheus,15694,2024-12-18 11:48:11+00:00,2024-12-18 14:03:34+00:00,2024-12-18 14:36:34+00:00,0.55
prometheus/prometheus,15693,2024-12-18 11:26:10+00:00,,2024-12-18 14:38:05+00:00,
prometheus/prometheus,15692,2024-12-18 11:25:12+00:00,,2024-12-18 14:38:04+00:00,
prometheus/prometheus,15691,2024-12-18 04:48:27+00:00,2024-12-18 09:04:59+00:00,2024-12-18 09:05:43+00:00,0.012222222222222223
prometheus/prometheus,15690,2024-12-18 04:40:12+00:00,,2024-12-18 04:47:20+00:00,
prometheus/prometheus,15689,2024-12-18 04:09:49+00:00,2025-01-06 18:50:34+00:00,2025-01-06 20:48:38+00:00,1.9677777777777778
prometheus/prometheus,15688,2024-12-17 20:48:19+00:00,2024-12-17 21:11:49+00:00,2024-12-17 21:11:56+00:00,0.0019444444444444444
prometheus/prometheus,15687,2024-12-17 17:37:48+00:00,2025-01-22 16:20:44+00:00,,
prometheus/prometheus,15686,2024-12-17 17:35:20+00:00,2024-12-18 13:59:00+00:00,2024-12-19 22:50:28+00:00,32.85777777777778
prometheus/prometheus,15684,2024-12-17 16:01:38+00:00,2024-12-17 16:09:46+00:00,2024-12-17 16:34:24+00:00,0.41055555555555556
prometheus/prometheus,15683,2024-12-17 15:31:12+00:00,,2025-06-02 20:30:15+00:00,
prometheus/prometheus,15682,2024-12-17 10:54:19+00:00,2024-12-17 12:24:28+00:00,2024-12-17 14:20:53+00:00,1.9402777777777778
prometheus/prometheus,15681,2024-12-17 01:08:50+00:00,2024-12-17 01:10:12+00:00,2025-01-06 18:51:19+00:00,497.6852777777778
prometheus/prometheus,15680,2024-12-16 17:41:24+00:00,,2024-12-17 08:21:36+00:00,
prometheus/prometheus,15679,2024-12-16 16:21:04+00:00,2024-12-17 18:41:47+00:00,2024-12-17 18:41:56+00:00,0.0025
prometheus/prometheus,15678,2024-12-15 22:38:57+00:00,2024-12-17 18:45:29+00:00,2025-01-07 16:58:27+00:00,502.2161111111111
prometheus/prometheus,15677,2024-12-14 21:41:55+00:00,2024-12-17 10:31:26+00:00,2024-12-18 07:13:25+00:00,20.69972222222222
prometheus/prometheus,15676,2024-12-13 21:32:54+00:00,2024-12-14 18:18:17+00:00,2024-12-14 18:18:24+00:00,0.0019444444444444444
prometheus/prometheus,15675,2024-12-13 18:39:39+00:00,2024-12-20 12:10:12+00:00,2025-04-07 15:18:35+00:00,2595.139722222222
prometheus/prometheus,15674,2024-12-13 16:41:08+00:00,2024-12-18 13:50:52+00:00,2024-12-19 22:52:26+00:00,33.02611111111111
prometheus/prometheus,15672,2024-12-13 16:11:08+00:00,2024-12-13 19:11:39+00:00,2024-12-13 21:42:47+00:00,2.5188888888888887
prometheus/prometheus,15670,2024-12-13 06:01:55+00:00,,2024-12-29 06:24:56+00:00,
prometheus/prometheus,15669,2024-12-13 02:44:35+00:00,2025-01-17 14:37:01+00:00,2025-01-17 14:37:07+00:00,0.0016666666666666668
prometheus/prometheus,15668,2024-12-12 22:12:30+00:00,2024-12-13 09:20:40+00:00,2024-12-13 09:20:46+00:00,0.0016666666666666668
prometheus/prometheus,15667,2024-12-12 17:06:13+00:00,2024-12-12 18:00:58+00:00,2024-12-13 12:34:55+00:00,18.565833333333334
prometheus/prometheus,15666,2024-12-12 07:28:17+00:00,,2024-12-13 08:01:47+00:00,
prometheus/prometheus,15665,2024-12-12 03:25:03+00:00,,2025-01-01 23:51:25+00:00,
prometheus/prometheus,15664,2024-12-11 23:21:52+00:00,2024-12-12 12:56:00+00:00,2025-01-06 14:30:39+00:00,601.5775
prometheus/prometheus,15663,2024-12-11 20:45:40+00:00,2024-12-12 00:08:25+00:00,2024-12-12 00:08:34+00:00,0.0025
prometheus/prometheus,15662,2024-12-11 20:45:29+00:00,,2024-12-12 03:24:49+00:00,
prometheus/prometheus,15661,2024-12-11 20:45:19+00:00,2025-01-17 18:40:25+00:00,2025-01-17 18:57:39+00:00,0.2872222222222222
prometheus/prometheus,15660,2024-12-11 20:45:12+00:00,2024-12-11 22:30:35+00:00,2024-12-11 22:34:49+00:00,0.07055555555555555
prometheus/prometheus,15659,2024-12-11 20:45:01+00:00,2024-12-11 22:30:43+00:00,2024-12-11 22:36:04+00:00,0.08916666666666667
prometheus/prometheus,15658,2024-12-11 20:45:00+00:00,2024-12-11 22:30:48+00:00,2024-12-11 22:35:21+00:00,0.07583333333333334
prometheus/prometheus,15657,2024-12-11 20:44:50+00:00,,2025-01-01 23:50:23+00:00,
prometheus/prometheus,15656,2024-12-11 20:44:45+00:00,2024-12-12 00:09:03+00:00,2024-12-12 00:09:10+00:00,0.0019444444444444444
prometheus/prometheus,15655,2024-12-11 20:44:43+00:00,,2025-01-01 23:51:57+00:00,
prometheus/prometheus,15654,2024-12-11 20:44:38+00:00,2024-12-11 22:30:54+00:00,2024-12-11 22:46:34+00:00,0.2611111111111111
prometheus/prometheus,15653,2024-12-11 20:44:30+00:00,2024-12-11 22:30:59+00:00,2024-12-12 03:55:57+00:00,5.416111111111111
prometheus/prometheus,15652,2024-12-11 20:44:23+00:00,2024-12-11 22:31:04+00:00,2024-12-11 22:38:51+00:00,0.1297222222222222
prometheus/prometheus,15651,2024-12-11 20:44:13+00:00,2024-12-11 22:31:09+00:00,2024-12-11 22:38:32+00:00,0.12305555555555556
prometheus/prometheus,15650,2024-12-11 20:44:08+00:00,2024-12-11 22:31:15+00:00,2024-12-11 22:37:16+00:00,0.10027777777777777
prometheus/prometheus,15649,2024-12-11 20:44:02+00:00,2024-12-11 22:31:20+00:00,2024-12-11 22:37:01+00:00,0.09472222222222222
prometheus/prometheus,15648,2024-12-11 20:43:56+00:00,,2025-01-01 23:08:26+00:00,
prometheus/prometheus,15647,2024-12-11 20:43:53+00:00,2024-12-12 03:22:57+00:00,2024-12-12 03:23:07+00:00,0.002777777777777778
prometheus/prometheus,15646,2024-12-11 20:43:43+00:00,2024-12-12 00:09:31+00:00,2024-12-12 00:09:44+00:00,0.003611111111111111
prometheus/prometheus,15645,2024-12-11 20:43:42+00:00,2024-12-12 00:11:31+00:00,2024-12-12 00:11:43+00:00,0.0033333333333333335
prometheus/prometheus,15644,2024-12-11 20:43:35+00:00,,2025-03-23 10:23:51+00:00,
prometheus/prometheus,15643,2024-12-11 20:43:31+00:00,2024-12-11 22:29:13+00:00,2024-12-11 22:32:13+00:00,0.05
prometheus/prometheus,15642,2024-12-11 20:43:20+00:00,2024-12-11 22:24:21+00:00,2024-12-11 22:25:20+00:00,0.01638888888888889
prometheus/prometheus,15641,2024-12-11 20:43:18+00:00,2024-12-11 21:29:56+00:00,2024-12-11 22:14:29+00:00,0.7425
prometheus/prometheus,15640,2024-12-11 20:43:13+00:00,2024-12-12 00:10:49+00:00,2024-12-12 00:10:58+00:00,0.0025
prometheus/prometheus,15639,2024-12-11 20:43:09+00:00,,2025-01-28 14:00:25+00:00,
prometheus/prometheus,15638,2024-12-11 20:43:00+00:00,,2025-03-23 12:39:21+00:00,
prometheus/prometheus,15637,2024-12-11 13:19:44+00:00,2024-12-11 16:30:01+00:00,2024-12-12 13:38:24+00:00,21.139722222222222
prometheus/prometheus,15636,2024-12-11 11:12:26+00:00,2024-12-17 18:55:38+00:00,2024-12-29 16:54:46+00:00,285.98555555555555
prometheus/prometheus,15635,2024-12-11 11:04:30+00:00,2024-12-11 15:15:02+00:00,2024-12-11 15:24:37+00:00,0.1597222222222222
prometheus/prometheus,15634,2024-12-11 11:01:57+00:00,2024-12-11 11:02:48+00:00,2024-12-11 11:53:36+00:00,0.8466666666666667
prometheus/prometheus,15633,2024-12-11 09:27:24+00:00,,2024-12-11 23:31:42+00:00,
prometheus/prometheus,15632,2024-12-11 08:17:06+00:00,2024-12-11 09:21:25+00:00,2024-12-11 16:07:39+00:00,6.770555555555555
prometheus/prometheus,15631,2024-12-11 08:16:59+00:00,2024-12-11 14:24:52+00:00,2024-12-11 14:24:57+00:00,0.001388888888888889
prometheus/prometheus,15630,2024-12-11 08:16:54+00:00,2024-12-11 14:26:00+00:00,2024-12-11 14:26:22+00:00,0.006111111111111111
prometheus/prometheus,15629,2024-12-11 08:16:49+00:00,2024-12-11 14:25:35+00:00,2024-12-11 20:30:29+00:00,6.081666666666667
prometheus/prometheus,15628,2024-12-11 08:16:42+00:00,2024-12-11 14:30:37+00:00,2024-12-11 14:30:44+00:00,0.0019444444444444444
prometheus/prometheus,15627,2024-12-11 08:16:40+00:00,2024-12-11 19:39:02+00:00,2024-12-11 19:40:09+00:00,0.01861111111111111
prometheus/prometheus,15626,2024-12-11 08:16:33+00:00,2024-12-11 19:39:03+00:00,2024-12-11 20:31:35+00:00,0.8755555555555555
prometheus/prometheus,15625,2024-12-11 08:16:32+00:00,,2024-12-11 14:42:10+00:00,
prometheus/prometheus,15624,2024-12-11 08:16:24+00:00,,2024-12-11 14:42:26+00:00,
prometheus/prometheus,15623,2024-12-11 08:16:23+00:00,2024-12-11 14:50:28+00:00,2024-12-11 19:39:46+00:00,4.821666666666666
prometheus/prometheus,15622,2024-12-11 08:16:14+00:00,2024-12-11 14:35:36+00:00,2024-12-11 14:35:43+00:00,0.0019444444444444444
prometheus/prometheus,15621,2024-12-11 08:16:13+00:00,2024-12-11 14:32:56+00:00,2024-12-11 14:33:03+00:00,0.0019444444444444444
prometheus/prometheus,15620,2024-12-11 08:16:07+00:00,2024-12-11 14:38:44+00:00,2024-12-11 14:38:50+00:00,0.0016666666666666668
prometheus/prometheus,15619,2024-12-11 08:16:03+00:00,2024-12-11 19:39:05+00:00,2024-12-12 03:25:08+00:00,7.7675
prometheus/prometheus,15618,2024-12-11 08:15:58+00:00,2024-12-11 19:39:07+00:00,2024-12-11 19:40:45+00:00,0.02722222222222222
prometheus/prometheus,15617,2024-12-11 08:15:51+00:00,2024-12-11 19:39:09+00:00,2024-12-11 20:30:52+00:00,0.8619444444444444
prometheus/prometheus,15616,2024-12-11 08:15:50+00:00,2024-12-11 14:39:13+00:00,2024-12-11 14:39:23+00:00,0.002777777777777778
prometheus/prometheus,15615,2024-12-11 08:15:39+00:00,2024-12-11 14:39:44+00:00,2024-12-11 14:42:05+00:00,0.03916666666666667
prometheus/prometheus,15614,2024-12-11 08:15:38+00:00,,2024-12-11 14:24:59+00:00,
prometheus/prometheus,15613,2024-12-11 08:15:31+00:00,2024-12-11 14:40:12+00:00,2024-12-11 14:40:19+00:00,0.0019444444444444444
prometheus/prometheus,15612,2024-12-11 08:15:30+00:00,2024-12-11 19:39:11+00:00,2024-12-11 19:41:21+00:00,0.03611111111111111
prometheus/prometheus,15611,2024-12-11 08:15:24+00:00,2024-12-11 19:39:12+00:00,2024-12-11 19:39:33+00:00,0.005833333333333334
prometheus/prometheus,15610,2024-12-11 08:15:22+00:00,2024-12-11 19:39:14+00:00,2024-12-11 20:32:43+00:00,0.8913888888888889
prometheus/prometheus,15609,2024-12-11 08:15:13+00:00,2024-12-11 14:23:09+00:00,2024-12-11 14:23:14+00:00,0.001388888888888889
prometheus/prometheus,15608,2024-12-11 08:15:10+00:00,2024-12-11 19:39:16+00:00,2024-12-18 11:25:17+00:00,159.76694444444445
prometheus/prometheus,15607,2024-12-11 08:15:08+00:00,2024-12-11 19:39:18+00:00,2024-12-18 14:46:30+00:00,163.12
prometheus/prometheus,15606,2024-12-11 08:15:06+00:00,2024-12-11 19:39:19+00:00,2024-12-18 11:23:23+00:00,159.73444444444445
prometheus/prometheus,15605,2024-12-11 08:15:04+00:00,2024-12-11 19:39:21+00:00,2025-01-28 13:58:56+00:00,1146.326388888889
prometheus/prometheus,15604,2024-12-11 08:14:55+00:00,2024-12-11 19:39:23+00:00,2024-12-12 10:15:14+00:00,14.5975
prometheus/prometheus,15603,2024-12-11 08:14:54+00:00,2024-12-11 19:39:25+00:00,2025-03-23 10:23:20+00:00,2438.7319444444443
prometheus/prometheus,15602,2024-12-11 08:14:52+00:00,2024-12-11 14:32:19+00:00,2024-12-11 14:32:32+00:00,0.003611111111111111
prometheus/prometheus,15601,2024-12-11 08:14:51+00:00,2024-12-11 19:39:27+00:00,2024-12-12 04:06:19+00:00,8.447777777777778
prometheus/prometheus,15600,2024-12-11 08:14:48+00:00,2024-12-11 19:39:29+00:00,2024-12-18 11:26:15+00:00,159.77944444444444
prometheus/prometheus,15599,2024-12-11 08:14:45+00:00,2024-12-11 14:31:47+00:00,2024-12-11 14:31:56+00:00,0.0025
prometheus/prometheus,15598,2024-12-11 08:14:45+00:00,,2024-12-11 14:41:21+00:00,
prometheus/prometheus,15597,2024-12-11 08:14:38+00:00,2024-12-11 19:39:31+00:00,2024-12-12 04:06:13+00:00,8.445
prometheus/prometheus,15596,2024-12-11 08:14:36+00:00,2024-12-11 14:40:39+00:00,2024-12-11 14:40:47+00:00,0.0022222222222222222
prometheus/prometheus,15595,2024-12-11 08:14:36+00:00,2024-12-11 19:39:33+00:00,2024-12-12 04:06:16+00:00,8.445277777777777
prometheus/prometheus,15594,2024-12-11 08:14:36+00:00,2024-12-11 19:39:34+00:00,2024-12-12 03:24:31+00:00,7.7491666666666665
prometheus/prometheus,15593,2024-12-11 08:14:34+00:00,2024-12-11 19:39:36+00:00,2024-12-12 04:04:57+00:00,8.4225
prometheus/prometheus,15592,2024-12-11 08:14:30+00:00,2024-12-11 19:39:38+00:00,2024-12-18 11:24:29+00:00,159.7475
prometheus/prometheus,15591,2024-12-11 08:14:27+00:00,2024-12-11 14:41:11+00:00,2024-12-11 14:41:17+00:00,0.0016666666666666668
prometheus/prometheus,15590,2024-12-11 08:14:20+00:00,2024-12-11 19:35:20+00:00,2024-12-11 19:35:25+00:00,0.001388888888888889
prometheus/prometheus,15589,2024-12-11 08:14:18+00:00,2024-12-11 19:39:40+00:00,2024-12-18 14:38:27+00:00,162.97972222222222
prometheus/prometheus,15588,2024-12-11 08:14:13+00:00,2024-12-11 19:39:42+00:00,2024-12-11 19:40:30+00:00,0.013333333333333334
prometheus/prometheus,15587,2024-12-11 08:14:11+00:00,2024-12-11 19:39:44+00:00,2025-01-01 23:51:34+00:00,508.1972222222222
prometheus/prometheus,15586,2024-12-11 08:14:04+00:00,2024-12-11 14:34:34+00:00,2024-12-11 14:34:42+00:00,0.0022222222222222222
prometheus/prometheus,15585,2024-12-11 08:14:03+00:00,2024-12-11 19:39:46+00:00,2024-12-18 14:37:50+00:00,162.96777777777777
prometheus/prometheus,15584,2024-12-11 08:14:02+00:00,2024-12-11 14:33:32+00:00,2024-12-11 14:33:39+00:00,0.0019444444444444444
prometheus/prometheus,15583,2024-12-11 08:14:00+00:00,2024-12-11 19:39:48+00:00,2024-12-29 16:50:09+00:00,429.1725
prometheus/prometheus,15582,2024-12-11 08:13:56+00:00,2024-12-11 19:39:49+00:00,2024-12-29 16:49:51+00:00,429.1672222222222
prometheus/prometheus,15581,2024-12-11 08:13:49+00:00,2024-12-11 19:39:51+00:00,2024-12-29 17:08:18+00:00,429.4741666666667
prometheus/prometheus,15580,2024-12-11 08:13:48+00:00,2024-12-11 19:39:53+00:00,2024-12-29 16:50:30+00:00,429.1769444444444
prometheus/prometheus,15579,2024-12-11 08:09:41+00:00,2024-12-12 11:24:46+00:00,2025-01-28 11:11:59+00:00,1127.7869444444445
prometheus/prometheus,15578,2024-12-11 07:00:22+00:00,,,
prometheus/prometheus,15577,2024-12-11 06:54:40+00:00,2024-12-18 16:18:11+00:00,,
prometheus/prometheus,15576,2024-12-10 23:46:37+00:00,2024-12-11 00:32:26+00:00,2024-12-11 00:32:32+00:00,0.0016666666666666668
prometheus/prometheus,15575,2024-12-10 23:43:05+00:00,2024-12-11 19:39:55+00:00,2024-12-13 07:38:26+00:00,35.97527777777778
prometheus/prometheus,15573,2024-12-10 17:15:35+00:00,2024-12-11 13:10:36+00:00,2024-12-11 14:12:53+00:00,1.0380555555555555
prometheus/prometheus,15571,2024-12-10 16:12:28+00:00,2024-12-11 08:12:52+00:00,2024-12-11 08:12:57+00:00,0.001388888888888889
prometheus/prometheus,15570,2024-12-10 16:02:36+00:00,2024-12-11 19:39:57+00:00,2025-01-01 23:07:58+00:00,507.46694444444444
prometheus/prometheus,15569,2024-12-10 16:02:26+00:00,2024-12-10 17:00:15+00:00,2024-12-10 17:00:33+00:00,0.005
prometheus/prometheus,15568,2024-12-10 15:51:09+00:00,2024-12-11 00:32:56+00:00,2024-12-11 00:33:42+00:00,0.012777777777777779
prometheus/prometheus,15567,2024-12-10 15:37:48+00:00,2024-12-16 21:32:49+00:00,2024-12-17 07:40:54+00:00,10.134722222222223
prometheus/prometheus,15565,2024-12-10 13:19:55+00:00,,2025-11-03 14:21:39+00:00,
prometheus/prometheus,15563,2024-12-10 08:25:18+00:00,2024-12-10 10:54:53+00:00,2024-12-10 15:33:56+00:00,4.650833333333333
prometheus/prometheus,15562,2024-12-10 07:49:06+00:00,2024-12-10 08:27:19+00:00,2024-12-10 08:27:24+00:00,0.001388888888888889
prometheus/prometheus,15561,2024-12-10 04:45:22+00:00,,2024-12-13 18:27:42+00:00,
prometheus/prometheus,15560,2024-12-10 04:01:50+00:00,2024-12-13 16:30:38+00:00,2024-12-13 16:48:30+00:00,0.29777777777777775
prometheus/prometheus,15558,2024-12-09 16:36:40+00:00,2025-01-28 16:07:55+00:00,2025-01-28 16:08:06+00:00,0.0030555555555555557
prometheus/prometheus,15556,2024-12-09 13:08:09+00:00,2024-12-09 13:25:07+00:00,2024-12-09 13:25:31+00:00,0.006666666666666667
prometheus/prometheus,15555,2024-12-09 12:27:42+00:00,2024-12-09 14:51:45+00:00,,
prometheus/prometheus,15554,2024-12-09 11:47:37+00:00,2024-12-09 12:33:18+00:00,2024-12-09 12:35:50+00:00,0.042222222222222223
prometheus/prometheus,15552,2024-12-08 20:54:52+00:00,2024-12-12 13:32:29+00:00,2025-01-09 16:27:39+00:00,674.9194444444445
prometheus/prometheus,15549,2024-12-06 19:39:25+00:00,2024-12-10 15:12:33+00:00,2024-12-12 12:57:09+00:00,45.74333333333333
prometheus/prometheus,15548,2024-12-06 18:24:04+00:00,2024-12-10 14:27:39+00:00,2024-12-18 14:49:30+00:00,192.36416666666668
prometheus/prometheus,15542,2024-12-05 15:41:58+00:00,2024-12-09 17:27:04+00:00,2024-12-10 10:52:55+00:00,17.430833333333332
prometheus/prometheus,15541,2024-12-05 12:39:52+00:00,2024-12-06 14:47:55+00:00,2025-01-16 14:25:46+00:00,983.6308333333334
prometheus/prometheus,15540,2024-12-05 05:50:27+00:00,2025-01-15 18:09:02+00:00,2025-01-28 12:10:48+00:00,306.02944444444444
prometheus/prometheus,15539,2024-12-04 23:44:24+00:00,2025-01-28 13:09:55+00:00,2025-01-28 13:10:06+00:00,0.0030555555555555557
prometheus/prometheus,15537,2024-12-04 15:44:07+00:00,2024-12-05 09:32:39+00:00,2024-12-05 09:32:48+00:00,0.0025
prometheus/prometheus,15533,2024-12-04 10:53:22+00:00,2024-12-04 16:06:38+00:00,2025-01-02 10:32:06+00:00,690.4244444444445
prometheus/prometheus,15532,2024-12-03 18:44:25+00:00,2024-12-04 12:46:22+00:00,2024-12-04 12:47:28+00:00,0.018333333333333333
prometheus/prometheus,15531,2024-12-03 18:33:37+00:00,2024-12-03 19:13:14+00:00,2024-12-10 16:45:10+00:00,165.53222222222223
prometheus/prometheus,15529,2024-12-03 17:10:57+00:00,2024-12-03 17:31:16+00:00,2024-12-05 00:26:02+00:00,30.912777777777777
prometheus/prometheus,15527,2024-12-03 13:38:48+00:00,2024-12-03 21:42:59+00:00,2024-12-03 21:43:08+00:00,0.0025
prometheus/prometheus,15526,2024-12-03 13:38:11+00:00,2024-12-03 16:25:55+00:00,2024-12-03 19:27:32+00:00,3.0269444444444447
prometheus/prometheus,15525,2024-12-02 23:40:59+00:00,,2025-02-25 01:11:54+00:00,
prometheus/prometheus,15523,2024-12-02 14:09:56+00:00,2024-12-04 13:23:10+00:00,2024-12-10 08:23:04+00:00,138.99833333333333
prometheus/prometheus,15522,2024-12-01 23:46:59+00:00,2024-12-10 15:49:21+00:00,2024-12-10 15:49:28+00:00,0.0019444444444444444
prometheus/prometheus,15521,2024-12-01 23:46:17+00:00,2024-12-10 15:50:02+00:00,2024-12-10 15:50:21+00:00,0.005277777777777778
prometheus/prometheus,15520,2024-12-01 23:45:52+00:00,,2024-12-10 16:02:43+00:00,
prometheus/prometheus,15519,2024-12-01 23:45:37+00:00,2024-12-10 15:50:39+00:00,2024-12-10 15:52:11+00:00,0.025555555555555557
prometheus/prometheus,15518,2024-12-01 23:44:59+00:00,2024-12-10 15:52:41+00:00,2024-12-10 15:52:58+00:00,0.004722222222222222
prometheus/prometheus,15517,2024-12-01 23:44:45+00:00,2024-12-10 16:01:56+00:00,2024-12-10 16:02:10+00:00,0.0038888888888888888
prometheus/prometheus,15516,2024-12-01 23:44:33+00:00,,2024-12-10 16:02:31+00:00,
prometheus/prometheus,15515,2024-12-01 23:43:14+00:00,2024-12-10 16:03:02+00:00,2024-12-10 16:03:38+00:00,0.01
prometheus/prometheus,15514,2024-12-01 23:42:59+00:00,2024-12-10 16:02:35+00:00,2024-12-10 16:02:48+00:00,0.003611111111111111
prometheus/prometheus,15513,2024-12-01 23:41:35+00:00,2024-12-10 17:00:54+00:00,2024-12-10 17:01:02+00:00,0.0022222222222222222
prometheus/prometheus,15512,2024-12-01 23:40:49+00:00,,2024-12-10 15:51:14+00:00,
prometheus/prometheus,15511,2024-12-01 23:34:55+00:00,2024-12-03 11:35:28+00:00,2024-12-03 11:35:32+00:00,0.0011111111111111111
prometheus/prometheus,15510,2024-12-01 23:34:48+00:00,2024-12-03 11:36:19+00:00,2024-12-03 12:00:09+00:00,0.3972222222222222
prometheus/prometheus,15509,2024-12-01 23:34:31+00:00,2024-12-03 11:36:34+00:00,2024-12-03 11:36:58+00:00,0.006666666666666667
prometheus/prometheus,15508,2024-12-01 23:34:25+00:00,2024-12-03 11:37:45+00:00,2024-12-03 11:37:50+00:00,0.001388888888888889
prometheus/prometheus,15507,2024-12-01 23:25:23+00:00,,2024-12-03 11:35:20+00:00,
prometheus/prometheus,15506,2024-12-01 23:25:13+00:00,2024-12-03 11:38:07+00:00,2024-12-03 13:37:41+00:00,1.9927777777777778
prometheus/prometheus,15505,2024-12-01 23:25:01+00:00,,2024-12-03 11:35:17+00:00,
prometheus/prometheus,15504,2024-12-01 23:24:57+00:00,,2024-12-10 23:46:40+00:00,
prometheus/prometheus,15503,2024-12-01 23:24:48+00:00,2024-12-03 11:39:02+00:00,2024-12-03 12:57:55+00:00,1.3147222222222221
prometheus/prometheus,15502,2024-12-01 23:24:44+00:00,2024-12-03 11:39:29+00:00,2024-12-03 11:39:38+00:00,0.0025
prometheus/prometheus,15501,2024-12-01 23:24:35+00:00,2024-12-03 11:39:54+00:00,2024-12-10 23:41:01+00:00,180.0186111111111
prometheus/prometheus,15500,2024-12-01 23:24:17+00:00,2024-12-03 11:40:54+00:00,2024-12-18 14:37:46+00:00,362.9477777777778
prometheus/prometheus,15499,2024-12-01 23:24:10+00:00,2024-12-03 11:41:07+00:00,2024-12-03 11:41:23+00:00,0.0044444444444444444
prometheus/prometheus,15498,2024-12-01 23:24:09+00:00,2024-12-03 11:34:16+00:00,2024-12-03 11:34:21+00:00,0.001388888888888889
prometheus/prometheus,15497,2024-12-01 23:23:55+00:00,2024-12-10 23:41:44+00:00,2024-12-10 23:41:49+00:00,0.001388888888888889
prometheus/prometheus,15496,2024-12-01 23:23:44+00:00,2024-12-03 11:33:56+00:00,2024-12-03 11:34:00+00:00,0.0011111111111111111
prometheus/prometheus,15495,2024-12-01 23:23:34+00:00,2024-12-03 11:42:15+00:00,2024-12-03 11:42:41+00:00,0.007222222222222222
prometheus/prometheus,15494,2024-12-01 23:23:27+00:00,2024-12-03 11:43:07+00:00,2024-12-03 12:55:16+00:00,1.2025
prometheus/prometheus,15493,2024-12-01 23:23:12+00:00,2024-12-03 13:03:29+00:00,2024-12-03 13:28:15+00:00,0.4127777777777778
prometheus/prometheus,15492,2024-12-01 23:21:08+00:00,2024-12-03 11:43:25+00:00,2024-12-03 13:04:24+00:00,1.3497222222222223
prometheus/prometheus,15491,2024-12-01 23:05:33+00:00,2024-12-03 11:43:33+00:00,2024-12-03 11:43:37+00:00,0.0011111111111111111
prometheus/prometheus,15490,2024-12-01 23:05:29+00:00,2024-12-03 11:54:40+00:00,2024-12-03 11:54:44+00:00,0.0011111111111111111
prometheus/prometheus,15489,2024-12-01 06:28:43+00:00,2024-12-02 07:27:37+00:00,2024-12-04 13:03:21+00:00,53.595555555555556
prometheus/prometheus,15488,2024-11-30 16:12:29+00:00,2024-12-03 19:30:34+00:00,2024-12-04 12:11:05+00:00,16.67527777777778
prometheus/prometheus,15487,2024-11-29 14:59:17+00:00,,2024-12-20 11:30:43+00:00,
prometheus/prometheus,15482,2024-11-29 05:30:38+00:00,2024-11-29 06:26:33+00:00,2024-11-29 10:46:53+00:00,4.338888888888889
prometheus/prometheus,15480,2024-11-27 22:57:25+00:00,2024-11-28 09:40:09+00:00,2024-11-28 09:40:31+00:00,0.006111111111111111
prometheus/prometheus,15479,2024-11-27 20:31:37+00:00,2024-11-28 23:24:50+00:00,2024-11-28 23:26:52+00:00,0.03388888888888889
prometheus/prometheus,15478,2024-11-27 20:17:33+00:00,2024-11-27 23:52:49+00:00,2024-11-28 17:12:32+00:00,17.328611111111112
prometheus/prometheus,15477,2024-11-27 18:11:16+00:00,,2024-12-30 11:19:45+00:00,
prometheus/prometheus,15475,2024-11-27 12:11:43+00:00,2024-11-27 13:36:31+00:00,2024-11-27 18:41:39+00:00,5.085555555555556
prometheus/prometheus,15474,2024-11-27 11:08:19+00:00,2024-11-27 11:30:21+00:00,2024-11-27 11:33:21+00:00,0.05
prometheus/prometheus,15473,2024-11-27 04:20:39+00:00,,2024-12-03 23:28:27+00:00,
prometheus/prometheus,15472,2024-11-27 03:25:47+00:00,2024-11-27 04:41:11+00:00,2025-01-27 19:17:46+00:00,1478.6097222222222
prometheus/prometheus,15469,2024-11-26 18:47:36+00:00,2024-11-27 12:47:07+00:00,2024-11-27 20:05:09+00:00,7.3005555555555555
prometheus/prometheus,15468,2024-11-26 17:07:44+00:00,2024-11-26 18:34:27+00:00,2024-11-26 18:34:33+00:00,0.0016666666666666668
prometheus/prometheus,15467,2024-11-26 16:43:19+00:00,2024-11-26 16:48:02+00:00,2025-01-03 21:33:21+00:00,916.7552777777778
prometheus/prometheus,15466,2024-11-26 15:53:15+00:00,2024-11-26 15:55:07+00:00,2024-11-26 16:12:16+00:00,0.28583333333333333
prometheus/prometheus,15465,2024-11-26 14:48:28+00:00,2024-11-26 15:03:39+00:00,2024-11-26 15:03:45+00:00,0.0016666666666666668
prometheus/prometheus,15463,2024-11-26 05:41:19+00:00,,2024-11-26 08:56:57+00:00,
prometheus/prometheus,15462,2024-11-26 05:20:23+00:00,2024-11-26 05:34:00+00:00,2024-11-26 06:37:30+00:00,1.0583333333333333
prometheus/prometheus,15461,2024-11-26 05:20:17+00:00,2024-11-26 05:35:39+00:00,2024-11-26 07:00:25+00:00,1.4127777777777777
prometheus/prometheus,15460,2024-11-26 05:20:12+00:00,2024-11-26 05:32:38+00:00,2024-11-26 06:26:06+00:00,0.8911111111111111
prometheus/prometheus,15459,2024-11-26 05:20:10+00:00,2024-11-26 13:07:52+00:00,2024-11-26 13:07:57+00:00,0.001388888888888889
prometheus/prometheus,15458,2024-11-26 05:20:04+00:00,,2024-12-10 23:43:09+00:00,
prometheus/prometheus,15457,2024-11-26 05:19:56+00:00,2024-11-26 06:24:56+00:00,2024-11-26 06:25:28+00:00,0.008888888888888889
prometheus/prometheus,15456,2024-11-25 18:36:58+00:00,2024-11-26 01:21:28+00:00,2024-11-26 17:20:56+00:00,15.991111111111111
prometheus/prometheus,15455,2024-11-25 16:54:37+00:00,2024-11-26 21:44:51+00:00,2024-11-26 21:47:21+00:00,0.041666666666666664
prometheus/prometheus,15453,2024-11-25 14:39:20+00:00,2024-11-26 10:11:01+00:00,2024-11-26 16:02:43+00:00,5.861666666666666
prometheus/prometheus,15451,2024-11-25 10:42:50+00:00,2024-11-25 12:03:39+00:00,2024-11-27 07:47:27+00:00,43.73
prometheus/prometheus,15449,2024-11-25 09:33:24+00:00,2024-11-27 08:51:39+00:00,2024-11-27 18:42:22+00:00,9.845277777777778
prometheus/prometheus,15448,2024-11-25 09:05:34+00:00,2024-11-25 12:56:53+00:00,2024-12-02 16:33:48+00:00,171.61527777777778
prometheus/prometheus,15447,2024-11-25 04:42:52+00:00,2024-12-29 17:03:38+00:00,2024-12-30 08:46:17+00:00,15.710833333333333
prometheus/prometheus,15445,2024-11-24 21:04:51+00:00,2024-11-27 19:52:22+00:00,2024-11-27 19:52:29+00:00,0.0019444444444444444
prometheus/prometheus,15441,2024-11-22 14:18:34+00:00,2024-11-24 16:08:54+00:00,2024-11-24 16:08:59+00:00,0.001388888888888889
prometheus/prometheus,15440,2024-11-22 14:11:44+00:00,2024-11-24 15:40:30+00:00,2024-12-17 17:48:39+00:00,554.1358333333334
prometheus/prometheus,15438,2024-11-22 00:30:32+00:00,2024-11-24 16:30:00+00:00,2024-11-24 16:30:20+00:00,0.005555555555555556
prometheus/prometheus,15436,2024-11-21 14:55:17+00:00,2024-11-24 16:13:14+00:00,2024-11-24 16:13:19+00:00,0.001388888888888889
prometheus/prometheus,15434,2024-11-21 06:13:32+00:00,2024-11-21 16:55:50+00:00,2024-11-24 16:54:13+00:00,71.97305555555556
prometheus/prometheus,15432,2024-11-20 21:31:03+00:00,2024-11-21 17:17:12+00:00,2024-11-26 18:12:36+00:00,120.92333333333333
prometheus/prometheus,15431,2024-11-20 17:20:40+00:00,2024-11-21 13:31:59+00:00,2024-11-21 13:50:23+00:00,0.30666666666666664
prometheus/prometheus,15429,2024-11-20 13:00:28+00:00,2024-11-21 07:54:10+00:00,2024-11-21 13:20:39+00:00,5.441388888888889
prometheus/prometheus,15428,2024-11-20 12:04:09+00:00,2024-11-24 16:22:34+00:00,2024-11-26 16:39:00+00:00,48.27388888888889
prometheus/prometheus,15427,2024-11-20 10:42:47+00:00,2024-11-20 11:14:47+00:00,2024-11-20 16:52:20+00:00,5.6258333333333335
prometheus/prometheus,15426,2024-11-20 08:52:04+00:00,2024-11-20 09:49:27+00:00,2024-11-29 11:52:56+00:00,218.05805555555557
prometheus/prometheus,15425,2024-11-20 08:21:48+00:00,2024-11-20 08:28:07+00:00,2024-11-20 09:29:19+00:00,1.02
prometheus/prometheus,15424,2024-11-20 08:12:16+00:00,2024-11-20 13:18:35+00:00,2024-11-20 16:22:20+00:00,3.0625
prometheus/prometheus,15422,2024-11-19 20:41:09+00:00,2024-11-20 10:27:12+00:00,2024-11-20 10:27:33+00:00,0.005833333333333334
prometheus/prometheus,15421,2024-11-19 18:34:40+00:00,,2024-12-01 23:46:21+00:00,
prometheus/prometheus,15419,2024-11-19 15:25:48+00:00,2024-11-20 10:39:35+00:00,2024-11-20 10:41:36+00:00,0.03361111111111111
prometheus/prometheus,15417,2024-11-19 04:02:26+00:00,2024-11-20 13:36:30+00:00,2024-11-20 13:36:47+00:00,0.004722222222222222
prometheus/prometheus,15416,2024-11-18 17:16:26+00:00,2024-11-18 17:26:03+00:00,2024-11-20 10:13:04+00:00,40.783611111111114
prometheus/prometheus,15415,2024-11-18 14:54:45+00:00,2024-11-19 16:29:58+00:00,2024-11-19 18:33:33+00:00,2.0597222222222222
prometheus/prometheus,15414,2024-11-18 05:29:03+00:00,2024-11-19 07:17:45+00:00,2024-11-19 07:17:49+00:00,0.0011111111111111111
prometheus/prometheus,15413,2024-11-18 04:56:05+00:00,2024-11-18 09:20:58+00:00,2024-11-19 08:13:34+00:00,22.876666666666665
prometheus/prometheus,15410,2024-11-17 22:07:45+00:00,,2024-11-19 08:16:27+00:00,
prometheus/prometheus,15409,2024-11-17 14:33:29+00:00,2024-11-18 02:24:08+00:00,2024-11-18 09:26:00+00:00,7.0311111111111115
prometheus/prometheus,15408,2024-11-16 10:55:27+00:00,2024-11-24 16:46:41+00:00,2024-12-12 19:54:13+00:00,435.12555555555554
prometheus/prometheus,15407,2024-11-15 20:50:43+00:00,2024-11-20 14:24:35+00:00,2024-11-20 14:25:04+00:00,0.008055555555555555
prometheus/prometheus,15405,2024-11-15 16:35:15+00:00,2025-06-24 11:54:08+00:00,,
prometheus/prometheus,15404,2024-11-15 13:37:51+00:00,,,
prometheus/prometheus,15403,2024-11-15 11:20:15+00:00,2024-11-20 14:26:37+00:00,2024-11-25 17:31:24+00:00,123.07972222222222
prometheus/prometheus,15400,2024-11-14 16:26:35+00:00,2024-11-14 16:33:07+00:00,2024-11-24 16:28:21+00:00,239.92055555555555
prometheus/prometheus,15399,2024-11-14 15:53:27+00:00,2024-11-18 02:47:56+00:00,2024-11-27 19:13:42+00:00,232.42944444444444
prometheus/prometheus,15398,2024-11-14 08:21:16+00:00,2024-11-19 09:32:46+00:00,2024-11-19 09:33:22+00:00,0.01
prometheus/prometheus,15397,2024-11-14 08:18:36+00:00,2024-11-19 09:33:37+00:00,2024-11-19 09:58:01+00:00,0.4066666666666667
prometheus/prometheus,15395,2024-11-13 17:35:44+00:00,2024-11-13 18:09:32+00:00,2024-11-15 08:50:44+00:00,38.68666666666667
prometheus/prometheus,15393,2024-11-13 12:33:24+00:00,2024-11-13 12:46:53+00:00,2024-11-14 16:19:49+00:00,27.54888888888889
prometheus/prometheus,15391,2024-11-12 19:27:11+00:00,,2024-11-20 14:30:05+00:00,
prometheus/prometheus,15389,2024-11-12 13:56:13+00:00,2024-11-12 14:12:29+00:00,2024-11-12 14:12:37+00:00,0.0022222222222222222
prometheus/prometheus,15388,2024-11-12 10:57:02+00:00,2024-11-12 11:55:38+00:00,2024-11-12 13:59:56+00:00,2.0716666666666668
prometheus/prometheus,15386,2024-11-12 10:06:03+00:00,2024-11-12 11:03:06+00:00,2024-11-12 11:03:15+00:00,0.0025
prometheus/prometheus,15384,2024-11-11 21:46:26+00:00,2024-11-11 21:47:30+00:00,2024-11-11 22:19:21+00:00,0.5308333333333334
prometheus/prometheus,15383,2024-11-11 21:02:14+00:00,2024-11-12 11:13:04+00:00,2024-11-24 18:46:24+00:00,295.55555555555554
prometheus/prometheus,15382,2024-11-11 19:33:04+00:00,2024-11-11 21:04:56+00:00,2024-11-11 21:09:29+00:00,0.07583333333333334
prometheus/prometheus,15381,2024-11-11 19:14:49+00:00,,2024-11-12 19:59:52+00:00,
prometheus/prometheus,15380,2024-11-11 18:45:32+00:00,2024-11-12 20:01:18+00:00,2024-11-25 17:31:49+00:00,309.5086111111111
prometheus/prometheus,15379,2024-11-11 18:41:42+00:00,2024-11-11 19:07:15+00:00,2024-11-12 11:51:09+00:00,16.731666666666666
prometheus/prometheus,15378,2024-11-11 17:27:57+00:00,2024-11-12 11:19:29+00:00,2024-11-12 12:27:01+00:00,1.1255555555555556
prometheus/prometheus,15377,2024-11-11 17:21:44+00:00,,2024-11-12 17:14:44+00:00,
prometheus/prometheus,15376,2024-11-11 16:57:48+00:00,2024-11-11 17:00:29+00:00,2024-11-11 17:24:59+00:00,0.4083333333333333
prometheus/prometheus,15375,2024-11-11 16:49:00+00:00,2024-11-11 17:33:55+00:00,2024-11-11 23:35:50+00:00,6.031944444444444
prometheus/prometheus,15374,2024-11-11 16:36:25+00:00,2024-11-12 14:15:02+00:00,2024-11-18 10:40:24+00:00,140.42277777777778
prometheus/prometheus,15373,2024-11-11 13:49:47+00:00,2024-11-11 15:25:57+00:00,2024-11-11 16:29:33+00:00,1.06
prometheus/prometheus,15372,2024-11-11 13:09:58+00:00,2024-11-11 13:39:57+00:00,2024-11-11 17:26:38+00:00,3.7780555555555555
prometheus/prometheus,15371,2024-11-11 11:01:22+00:00,2024-11-11 13:25:15+00:00,2024-11-24 17:55:10+00:00,316.49861111111113
prometheus/prometheus,15369,2024-11-11 07:02:45+00:00,2024-11-12 11:18:12+00:00,2024-11-12 12:27:39+00:00,1.1575
prometheus/prometheus,15367,2024-11-09 20:14:34+00:00,,2024-11-13 15:50:48+00:00,
prometheus/prometheus,15366,2024-11-08 18:10:14+00:00,,2024-11-12 19:58:57+00:00,
prometheus/prometheus,15365,2024-11-08 17:07:26+00:00,2024-11-08 17:10:17+00:00,2025-05-21 12:42:30+00:00,4651.536944444444
prometheus/prometheus,15364,2024-11-08 15:00:53+00:00,2024-11-24 17:48:20+00:00,2025-01-08 15:08:32+00:00,1077.3366666666666
prometheus/prometheus,15363,2024-11-08 14:31:30+00:00,2024-11-08 15:28:32+00:00,2024-11-08 15:56:43+00:00,0.4697222222222222
prometheus/prometheus,15361,2024-11-07 20:05:22+00:00,2024-11-11 16:46:24+00:00,2024-11-20 15:46:11+00:00,214.9963888888889
prometheus/prometheus,15360,2024-11-07 19:58:02+00:00,2024-11-12 18:18:20+00:00,2025-11-26 05:11:07+00:00,9082.879722222222
prometheus/prometheus,15357,2024-11-07 11:33:16+00:00,2024-11-08 13:34:29+00:00,2024-11-08 18:43:13+00:00,5.145555555555555
prometheus/prometheus,15356,2024-11-07 11:05:10+00:00,2024-11-21 13:19:37+00:00,2024-11-21 15:53:06+00:00,2.5580555555555557
prometheus/prometheus,15355,2024-11-07 09:08:48+00:00,2024-11-07 10:27:47+00:00,2024-11-07 10:28:13+00:00,0.007222222222222222
prometheus/prometheus,15354,2024-11-07 07:40:43+00:00,2025-02-11 20:05:16+00:00,2025-04-09 09:23:40+00:00,1357.3066666666666
prometheus/prometheus,15353,2024-11-06 16:23:23+00:00,2024-11-06 19:15:10+00:00,2024-11-07 09:42:32+00:00,14.456111111111111
prometheus/prometheus,15352,2024-11-06 15:31:15+00:00,2024-11-06 15:47:56+00:00,2024-11-19 14:24:03+00:00,310.6019444444444
prometheus/prometheus,15351,2024-11-06 14:00:19+00:00,2024-11-06 14:34:07+00:00,2024-11-06 14:38:47+00:00,0.07777777777777778
prometheus/prometheus,15349,2024-11-06 11:10:51+00:00,2024-12-30 18:26:28+00:00,2025-03-04 11:41:01+00:00,1529.2425
prometheus/prometheus,15348,2024-11-06 10:48:17+00:00,,2024-11-12 11:20:29+00:00,
prometheus/prometheus,15347,2024-11-06 09:37:11+00:00,2024-12-29 17:02:30+00:00,2024-12-29 17:03:06+00:00,0.01
prometheus/prometheus,15343,2024-11-05 19:16:31+00:00,2024-11-05 19:29:36+00:00,2024-11-12 14:14:07+00:00,162.74194444444444
prometheus/prometheus,15342,2024-11-05 17:30:43+00:00,,2024-11-07 19:34:46+00:00,
prometheus/prometheus,15341,2024-11-05 15:30:10+00:00,2024-11-05 15:31:29+00:00,2024-11-05 18:06:45+00:00,2.5877777777777777
prometheus/prometheus,15340,2024-11-05 15:15:24+00:00,2024-11-05 15:16:14+00:00,2024-11-05 15:48:46+00:00,0.5422222222222223
prometheus/prometheus,15339,2024-11-05 14:10:25+00:00,2024-11-06 08:32:26+00:00,2024-11-20 13:34:37+00:00,341.0363888888889
prometheus/prometheus,15338,2024-11-05 11:04:44+00:00,2024-11-05 11:05:49+00:00,2024-11-05 12:03:05+00:00,0.9544444444444444
prometheus/prometheus,15336,2024-11-05 10:48:56+00:00,2024-11-05 19:08:01+00:00,2024-11-07 09:07:15+00:00,37.98722222222222
prometheus/prometheus,15334,2024-11-05 08:39:32+00:00,2024-11-07 08:41:42+00:00,2025-01-09 14:54:05+00:00,1518.2063888888888
prometheus/prometheus,15333,2024-11-05 01:33:53+00:00,,2024-11-20 13:29:13+00:00,
prometheus/prometheus,15332,2024-11-04 20:43:32+00:00,,2024-11-04 20:45:57+00:00,
prometheus/prometheus,15331,2024-11-04 20:18:28+00:00,2024-11-15 14:09:00+00:00,2024-11-15 14:09:50+00:00,0.013888888888888888
prometheus/prometheus,15330,2024-11-04 20:02:10+00:00,2024-11-05 09:57:30+00:00,2024-11-05 12:15:36+00:00,2.3016666666666667
prometheus/prometheus,15329,2024-11-04 16:15:28+00:00,2024-11-05 17:09:44+00:00,2024-11-15 15:41:50+00:00,238.535
prometheus/prometheus,15328,2024-11-04 15:06:41+00:00,2024-11-06 15:49:27+00:00,2024-11-06 16:20:53+00:00,0.5238888888888888
prometheus/prometheus,15327,2024-11-04 13:02:03+00:00,2024-11-04 14:50:01+00:00,2024-11-06 10:11:30+00:00,43.35805555555555
prometheus/prometheus,15326,2024-11-04 13:00:24+00:00,2024-11-04 13:19:06+00:00,2024-11-04 14:26:23+00:00,1.121388888888889
prometheus/prometheus,15325,2024-11-04 12:13:16+00:00,2024-11-04 13:08:27+00:00,2024-11-04 13:09:12+00:00,0.0125
prometheus/prometheus,15323,2024-11-04 11:38:57+00:00,2024-11-04 13:12:49+00:00,2024-11-06 10:27:54+00:00,45.25138888888889
prometheus/prometheus,15322,2024-11-04 11:35:18+00:00,2024-11-04 12:07:41+00:00,2024-11-06 15:51:40+00:00,51.73305555555555
prometheus/prometheus,15321,2024-11-04 11:03:42+00:00,,2024-11-11 17:14:12+00:00,
prometheus/prometheus,15320,2024-11-04 04:39:54+00:00,,,
prometheus/prometheus,15319,2024-11-04 04:00:54+00:00,,2024-11-04 04:22:23+00:00,
prometheus/prometheus,15318,2024-11-03 18:46:56+00:00,2024-11-04 12:38:23+00:00,2024-11-06 15:50:36+00:00,51.20361111111111
prometheus/prometheus,15316,2024-11-03 12:00:22+00:00,2024-11-03 12:27:57+00:00,2024-11-03 14:49:27+00:00,2.3583333333333334
prometheus/prometheus,15315,2024-11-03 09:19:37+00:00,,2024-11-03 12:03:24+00:00,
prometheus/prometheus,15314,2024-11-02 16:18:12+00:00,2024-11-03 11:59:29+00:00,2024-11-03 12:56:55+00:00,0.9572222222222222
prometheus/prometheus,15312,2024-11-02 13:51:46+00:00,2024-11-02 14:38:47+00:00,2024-11-02 14:38:51+00:00,0.0011111111111111111
prometheus/prometheus,15311,2024-11-02 11:25:09+00:00,2024-11-03 12:29:40+00:00,2024-11-03 12:30:02+00:00,0.006111111111111111
prometheus/prometheus,15310,2024-11-02 10:33:46+00:00,2024-11-04 08:12:26+00:00,2024-11-11 17:16:12+00:00,177.06277777777777
prometheus/prometheus,15309,2024-11-01 23:47:44+00:00,2024-11-05 10:43:38+00:00,2024-11-05 10:43:39+00:00,0.0002777777777777778
prometheus/prometheus,15308,2024-11-01 23:47:40+00:00,,2024-11-05 10:01:30+00:00,
prometheus/prometheus,15307,2024-11-01 23:47:36+00:00,,2024-11-05 14:56:43+00:00,
prometheus/prometheus,15306,2024-11-01 23:39:49+00:00,,2024-11-05 15:09:02+00:00,
prometheus/prometheus,15305,2024-11-01 23:39:47+00:00,2024-11-08 14:07:54+00:00,2024-11-08 14:08:02+00:00,0.0022222222222222222
prometheus/prometheus,15304,2024-11-01 23:39:40+00:00,,2024-11-05 15:07:07+00:00,
prometheus/prometheus,15303,2024-11-01 23:27:58+00:00,2024-11-08 14:09:45+00:00,2024-11-08 14:09:53+00:00,0.0022222222222222222
prometheus/prometheus,15302,2024-11-01 23:27:52+00:00,,2024-11-07 09:08:24+00:00,
prometheus/prometheus,15301,2024-11-01 23:27:49+00:00,,2024-11-05 09:58:33+00:00,
prometheus/prometheus,15300,2024-11-01 23:27:35+00:00,2024-11-24 17:40:54+00:00,2024-11-24 17:40:58+00:00,0.0011111111111111111
prometheus/prometheus,15299,2024-11-01 23:27:31+00:00,,2024-11-05 09:58:11+00:00,
prometheus/prometheus,15298,2024-11-01 23:27:25+00:00,,2024-11-05 10:19:45+00:00,
prometheus/prometheus,15297,2024-11-01 23:27:19+00:00,2024-11-05 10:20:45+00:00,2024-11-05 10:35:01+00:00,0.23777777777777778
prometheus/prometheus,15296,2024-11-01 23:27:15+00:00,,2024-11-05 14:55:14+00:00,
prometheus/prometheus,15295,2024-11-01 23:27:03+00:00,2024-11-05 15:00:30+00:00,2024-11-05 15:37:25+00:00,0.6152777777777778
prometheus/prometheus,15294,2024-11-01 23:26:57+00:00,,2024-11-05 10:31:54+00:00,
prometheus/prometheus,15293,2024-11-01 23:26:54+00:00,,2024-11-05 14:59:20+00:00,
prometheus/prometheus,15292,2024-11-01 23:26:53+00:00,,2024-11-05 14:56:08+00:00,
prometheus/prometheus,15291,2024-11-01 23:26:48+00:00,,2024-11-05 14:58:10+00:00,
prometheus/prometheus,15290,2024-11-01 23:26:36+00:00,,2024-11-05 10:35:13+00:00,
prometheus/prometheus,15289,2024-11-01 23:26:28+00:00,2024-11-08 08:49:28+00:00,2024-11-08 08:49:34+00:00,0.0016666666666666668
prometheus/prometheus,15288,2024-11-01 23:26:27+00:00,,2024-11-08 13:34:06+00:00,
prometheus/prometheus,15287,2024-11-01 23:26:23+00:00,,2024-11-05 10:35:45+00:00,
prometheus/prometheus,15286,2024-11-01 23:26:20+00:00,,2024-11-05 14:57:47+00:00,
prometheus/prometheus,15285,2024-11-01 23:26:16+00:00,2024-11-08 08:48:52+00:00,2024-11-08 08:49:09+00:00,0.004722222222222222
prometheus/prometheus,15284,2024-11-01 23:26:09+00:00,2024-11-08 14:08:23+00:00,2024-11-08 14:08:30+00:00,0.0019444444444444444
prometheus/prometheus,15283,2024-11-01 23:25:51+00:00,2024-11-24 16:39:46+00:00,2024-11-24 16:39:52+00:00,0.0016666666666666668
prometheus/prometheus,15282,2024-11-01 23:21:21+00:00,,2024-12-01 23:43:03+00:00,
prometheus/prometheus,15281,2024-11-01 23:20:59+00:00,2024-12-10 23:37:53+00:00,2024-12-10 23:37:59+00:00,0.0016666666666666668
prometheus/prometheus,15280,2024-11-01 23:20:46+00:00,,2024-12-01 23:45:40+00:00,
prometheus/prometheus,15279,2024-11-01 23:20:36+00:00,,2024-12-01 23:45:56+00:00,
prometheus/prometheus,15278,2024-11-01 23:20:20+00:00,2024-12-10 23:37:35+00:00,2024-12-10 23:37:42+00:00,0.0019444444444444444
prometheus/prometheus,15277,2024-11-01 23:20:11+00:00,2024-12-10 23:36:59+00:00,2024-12-10 23:37:21+00:00,0.006111111111111111
prometheus/prometheus,15276,2024-11-01 23:20:00+00:00,2024-12-10 23:32:07+00:00,2024-12-10 23:32:36+00:00,0.008055555555555555
prometheus/prometheus,15275,2024-11-01 23:19:47+00:00,2024-12-10 16:59:35+00:00,2024-12-10 16:59:43+00:00,0.0022222222222222222
prometheus/prometheus,15274,2024-11-01 23:19:40+00:00,,2024-12-01 23:44:36+00:00,
prometheus/prometheus,15273,2024-11-01 23:19:27+00:00,,2024-12-01 23:45:03+00:00,
prometheus/prometheus,15272,2024-11-01 23:19:16+00:00,,2024-12-01 23:44:48+00:00,
prometheus/prometheus,15271,2024-11-01 23:19:04+00:00,,2024-12-01 23:41:39+00:00,
prometheus/prometheus,15270,2024-11-01 23:18:52+00:00,2024-12-11 14:34:02+00:00,2024-12-11 14:34:15+00:00,0.003611111111111111
prometheus/prometheus,15269,2024-11-01 23:18:41+00:00,,2024-12-01 23:43:18+00:00,
prometheus/prometheus,15268,2024-11-01 23:18:28+00:00,2024-12-10 17:17:14+00:00,2024-12-10 17:17:22+00:00,0.0022222222222222222
prometheus/prometheus,15267,2024-11-01 23:18:16+00:00,,2024-12-01 23:47:03+00:00,
prometheus/prometheus,15266,2024-11-01 23:18:05+00:00,,2024-12-10 16:18:43+00:00,
prometheus/prometheus,15265,2024-11-01 23:17:54+00:00,2024-12-10 16:58:32+00:00,2024-12-10 16:58:40+00:00,0.0022222222222222222
prometheus/prometheus,15264,2024-11-01 23:17:44+00:00,,2024-12-01 23:40:52+00:00,
prometheus/prometheus,15263,2024-11-01 23:17:33+00:00,,2024-11-19 18:34:44+00:00,
prometheus/prometheus,15261,2024-11-01 18:29:55+00:00,2024-11-22 11:58:01+00:00,2024-12-21 13:33:08+00:00,697.5852777777778
prometheus/prometheus,15260,2024-11-01 16:26:33+00:00,2024-11-12 11:34:23+00:00,2024-11-26 09:52:17+00:00,334.29833333333335
prometheus/prometheus,15258,2024-11-01 14:02:55+00:00,2024-11-01 14:07:25+00:00,2024-11-08 13:02:48+00:00,166.92305555555555
prometheus/prometheus,15256,2024-10-31 20:03:16+00:00,2024-11-04 08:13:21+00:00,2024-11-04 19:39:35+00:00,11.437222222222223
prometheus/prometheus,15255,2024-10-31 19:17:56+00:00,,2025-02-17 13:31:24+00:00,
prometheus/prometheus,15254,2024-10-31 19:17:00+00:00,2024-10-31 19:41:43+00:00,2025-02-17 13:31:09+00:00,2609.823888888889
prometheus/prometheus,15253,2024-10-31 17:47:00+00:00,2024-11-04 15:20:44+00:00,2024-11-07 19:32:06+00:00,76.18944444444445
prometheus/prometheus,15252,2024-10-31 16:51:01+00:00,2024-10-31 17:32:40+00:00,2024-10-31 17:33:06+00:00,0.007222222222222222
prometheus/prometheus,15251,2024-10-31 13:02:28+00:00,2024-11-03 12:08:23+00:00,2024-11-03 12:15:49+00:00,0.1238888888888889
prometheus/prometheus,15250,2024-10-31 07:36:40+00:00,2024-10-31 08:47:21+00:00,2024-11-02 12:08:13+00:00,51.34777777777778
prometheus/prometheus,15249,2024-10-30 21:12:05+00:00,2024-10-31 20:17:30+00:00,2024-10-31 22:05:38+00:00,1.8022222222222222
prometheus/prometheus,15248,2024-10-30 16:52:42+00:00,2024-11-04 07:59:16+00:00,2025-12-02 11:08:11+00:00,9435.148611111112
prometheus/prometheus,15246,2024-10-30 02:17:49+00:00,2024-11-04 09:13:00+00:00,2025-11-25 11:32:16+00:00,9266.32111111111
prometheus/prometheus,15245,2024-10-29 18:58:11+00:00,2024-11-02 13:58:21+00:00,2024-11-12 14:37:06+00:00,240.64583333333334
prometheus/prometheus,15244,2024-10-29 18:44:55+00:00,2024-10-30 13:51:07+00:00,2024-11-04 11:13:41+00:00,117.37611111111111
prometheus/prometheus,15242,2024-10-29 16:50:53+00:00,2024-10-29 16:56:25+00:00,2024-11-05 11:59:57+00:00,163.0588888888889
prometheus/prometheus,15240,2024-10-29 16:22:28+00:00,2024-11-05 21:03:40+00:00,,
prometheus/prometheus,15239,2024-10-29 16:06:03+00:00,2024-10-29 16:11:54+00:00,2024-10-29 16:27:44+00:00,0.2638888888888889
prometheus/prometheus,15238,2024-10-29 15:45:16+00:00,2024-10-29 15:59:35+00:00,2025-05-06 13:51:25+00:00,4533.863888888889
prometheus/prometheus,15237,2024-10-29 15:34:38+00:00,2024-11-14 15:05:28+00:00,2025-11-25 11:34:30+00:00,9020.483888888888
prometheus/prometheus,15233,2024-10-29 09:04:00+00:00,,2024-10-29 09:41:44+00:00,
prometheus/prometheus,15231,2024-10-28 14:41:19+00:00,2024-10-28 21:45:09+00:00,2024-10-29 09:40:47+00:00,11.927222222222222
prometheus/prometheus,15230,2024-10-28 11:58:59+00:00,2024-10-28 12:49:40+00:00,2024-10-28 21:53:13+00:00,9.059166666666666
prometheus/prometheus,15228,2024-10-28 09:07:19+00:00,2024-10-28 09:35:31+00:00,2024-10-29 11:13:00+00:00,25.62472222222222
prometheus/prometheus,15227,2024-10-27 15:34:51+00:00,2024-10-28 09:39:17+00:00,2024-12-05 09:48:27+00:00,912.1527777777778
prometheus/prometheus,15226,2024-10-27 15:04:30+00:00,2024-10-29 22:40:16+00:00,2024-11-12 11:40:31+00:00,325.00416666666666
prometheus/prometheus,15225,2024-10-27 09:18:26+00:00,2024-10-28 09:40:17+00:00,2024-10-28 09:40:49+00:00,0.008888888888888889
prometheus/prometheus,15224,2024-10-25 18:30:07+00:00,,2024-10-25 18:33:44+00:00,
prometheus/prometheus,15223,2024-10-25 14:55:16+00:00,2024-10-29 09:37:43+00:00,2024-10-31 19:33:37+00:00,57.931666666666665
prometheus/prometheus,15222,2024-10-25 14:51:00+00:00,2024-10-31 09:34:47+00:00,2024-11-01 13:26:16+00:00,27.858055555555556
prometheus/prometheus,15221,2024-10-25 13:02:50+00:00,2024-10-28 17:14:30+00:00,2024-11-06 08:38:01+00:00,207.39194444444445
prometheus/prometheus,15220,2024-10-25 08:56:16+00:00,2024-11-08 18:02:42+00:00,2024-11-08 18:02:48+00:00,0.0016666666666666668
prometheus/prometheus,15219,2024-10-25 07:45:34+00:00,2024-10-25 08:30:08+00:00,2024-10-25 09:07:56+00:00,0.63
prometheus/prometheus,15218,2024-10-25 07:19:13+00:00,2024-10-27 19:19:55+00:00,2024-10-28 07:31:43+00:00,12.196666666666667
prometheus/prometheus,15217,2024-10-25 05:15:48+00:00,2024-10-25 12:28:05+00:00,2024-10-25 16:29:35+00:00,4.025
prometheus/prometheus,15216,2024-10-24 16:28:57+00:00,2024-10-28 09:49:48+00:00,2024-11-01 14:15:39+00:00,100.43083333333334
prometheus/prometheus,15215,2024-10-24 15:18:28+00:00,2024-10-24 16:18:20+00:00,2024-10-24 16:18:22+00:00,0.0005555555555555556
prometheus/prometheus,15214,2024-10-24 14:19:45+00:00,,2025-11-25 11:37:27+00:00,
prometheus/prometheus,15213,2024-10-24 13:11:24+00:00,2024-10-24 14:04:46+00:00,2024-10-25 09:12:25+00:00,19.1275
prometheus/prometheus,15212,2024-10-24 12:01:53+00:00,2025-11-25 11:41:18+00:00,,
prometheus/prometheus,15210,2024-10-24 08:54:00+00:00,2024-11-05 21:28:27+00:00,2024-11-12 11:46:08+00:00,158.29472222222222
prometheus/prometheus,15209,2024-10-24 08:39:19+00:00,2024-10-24 09:35:42+00:00,2024-10-24 16:14:05+00:00,6.639722222222222
prometheus/prometheus,15207,2024-10-24 07:18:32+00:00,,2024-10-24 12:29:18+00:00,
prometheus/prometheus,15206,2024-10-24 06:59:27+00:00,2024-10-28 13:05:42+00:00,2024-10-28 21:53:55+00:00,8.803611111111111
prometheus/prometheus,15205,2024-10-24 05:38:10+00:00,2024-10-25 05:33:07+00:00,2024-10-25 09:11:46+00:00,3.6441666666666666
prometheus/prometheus,15201,2024-10-23 12:10:30+00:00,2024-11-27 10:16:34+00:00,2025-11-25 11:44:18+00:00,8713.462222222222
prometheus/prometheus,15198,2024-10-23 06:54:58+00:00,2024-10-23 08:38:40+00:00,2024-10-24 05:38:58+00:00,21.005
prometheus/prometheus,15197,2024-10-22 13:22:03+00:00,2024-10-22 13:33:34+00:00,2024-10-22 13:35:37+00:00,0.034166666666666665
prometheus/prometheus,15196,2024-10-22 12:26:44+00:00,2024-10-22 12:56:44+00:00,2024-10-22 13:24:37+00:00,0.4647222222222222
prometheus/prometheus,15195,2024-10-22 08:44:07+00:00,,2025-06-27 08:51:09+00:00,
prometheus/prometheus,15194,2024-10-22 08:31:46+00:00,,2024-10-22 10:53:53+00:00,
prometheus/prometheus,15193,2024-10-22 07:24:17+00:00,2024-10-22 16:49:17+00:00,2024-10-22 16:49:25+00:00,0.0022222222222222222
prometheus/prometheus,15192,2024-10-22 03:34:28+00:00,,2024-10-22 03:35:10+00:00,
prometheus/prometheus,15191,2024-10-21 08:17:42+00:00,2024-10-21 08:18:43+00:00,,
prometheus/prometheus,15190,2024-10-21 04:18:55+00:00,2024-10-21 19:48:14+00:00,2024-11-27 12:20:23+00:00,880.5358333333334
prometheus/prometheus,15188,2024-10-20 16:46:18+00:00,2024-10-20 17:21:44+00:00,,
prometheus/prometheus,15187,2024-10-20 01:32:10+00:00,,2024-10-20 01:32:38+00:00,
prometheus/prometheus,15184,2024-10-18 12:03:21+00:00,2024-10-22 09:44:22+00:00,2024-10-23 08:27:33+00:00,22.719722222222224
prometheus/prometheus,15183,2024-10-18 11:12:20+00:00,2024-10-18 12:45:38+00:00,,
prometheus/prometheus,15182,2024-10-18 10:31:39+00:00,2024-10-28 13:22:08+00:00,2024-11-04 14:59:37+00:00,169.62472222222223
prometheus/prometheus,15180,2024-10-18 06:55:49+00:00,2024-10-18 08:28:49+00:00,2024-10-18 08:49:03+00:00,0.3372222222222222
prometheus/prometheus,15179,2024-10-17 16:28:20+00:00,2024-10-22 17:09:01+00:00,2024-10-25 19:40:15+00:00,74.52055555555556
prometheus/prometheus,15178,2024-10-17 13:05:29+00:00,2024-10-17 16:06:35+00:00,2024-10-18 07:32:15+00:00,15.427777777777777
prometheus/prometheus,15176,2024-10-17 04:40:10+00:00,2024-10-18 08:51:57+00:00,2024-10-22 17:14:16+00:00,104.37194444444444
prometheus/prometheus,15173,2024-10-16 13:11:06+00:00,2024-10-17 09:18:07+00:00,2024-10-18 09:28:20+00:00,24.170277777777777
prometheus/prometheus,15172,2024-10-16 13:02:49+00:00,2024-10-16 13:24:00+00:00,2024-10-16 13:26:41+00:00,0.04472222222222222
prometheus/prometheus,15170,2024-10-16 06:21:25+00:00,2024-10-16 06:37:23+00:00,2024-10-18 15:33:08+00:00,56.92916666666667
prometheus/prometheus,15169,2024-10-16 04:09:46+00:00,2024-10-19 06:16:17+00:00,2024-11-12 13:56:13+00:00,583.6655555555556
prometheus/prometheus,15168,2024-10-15 15:55:15+00:00,2024-10-16 12:19:25+00:00,2024-10-16 12:19:36+00:00,0.0030555555555555557
prometheus/prometheus,15167,2024-10-15 15:31:55+00:00,2024-10-15 16:16:04+00:00,2024-10-18 13:35:21+00:00,69.32138888888889
prometheus/prometheus,15166,2024-10-15 14:40:00+00:00,2024-10-16 11:52:09+00:00,2024-10-16 11:52:25+00:00,0.0044444444444444444
prometheus/prometheus,15165,2024-10-15 14:28:23+00:00,2024-10-15 14:38:50+00:00,2025-01-14 14:33:32+00:00,2183.911666666667
prometheus/prometheus,15164,2024-10-15 14:25:29+00:00,2024-10-15 14:26:04+00:00,2024-10-19 19:13:04+00:00,100.78333333333333
prometheus/prometheus,15163,2024-10-15 14:03:37+00:00,2024-10-15 14:22:32+00:00,2024-10-15 14:33:32+00:00,0.18333333333333332
prometheus/prometheus,15162,2024-10-15 13:24:19+00:00,,2024-10-15 13:52:07+00:00,
prometheus/prometheus,15161,2024-10-15 09:23:04+00:00,2024-10-28 16:05:09+00:00,2024-10-28 16:05:11+00:00,0.0005555555555555556
prometheus/prometheus,15159,2024-10-14 14:40:28+00:00,2024-10-16 08:03:59+00:00,2024-10-16 08:25:18+00:00,0.3552777777777778
prometheus/prometheus,15156,2024-10-14 09:38:12+00:00,2024-10-14 11:45:45+00:00,2024-10-14 12:23:11+00:00,0.6238888888888889
prometheus/prometheus,15150,2024-10-11 16:42:57+00:00,2024-10-11 17:44:50+00:00,2024-10-14 09:18:15+00:00,63.55694444444445
prometheus/prometheus,15148,2024-10-11 12:11:31+00:00,2024-10-15 06:23:35+00:00,2024-11-26 11:15:01+00:00,1012.8572222222223
prometheus/prometheus,15142,2024-10-10 11:22:41+00:00,2024-10-10 17:11:37+00:00,2024-10-14 06:13:39+00:00,85.0338888888889
prometheus/prometheus,15141,2024-10-10 10:38:13+00:00,2024-10-10 11:33:32+00:00,2024-10-11 13:21:16+00:00,25.795555555555556
prometheus/prometheus,15140,2024-10-10 10:26:47+00:00,,2024-10-10 10:36:11+00:00,
prometheus/prometheus,15136,2024-10-09 13:48:28+00:00,2024-10-16 16:17:51+00:00,2024-10-18 15:12:31+00:00,46.91111111111111
prometheus/prometheus,15135,2024-10-09 12:19:55+00:00,2024-10-10 06:42:32+00:00,2024-10-10 10:00:52+00:00,3.3055555555555554
prometheus/prometheus,15132,2024-10-08 14:31:28+00:00,2024-10-14 12:32:26+00:00,2024-10-14 14:14:20+00:00,1.6983333333333333
prometheus/prometheus,15128,2024-10-08 09:54:19+00:00,2024-10-08 11:40:33+00:00,2024-11-05 14:34:24+00:00,674.8975
prometheus/prometheus,15127,2024-10-08 09:23:44+00:00,2024-10-08 09:26:28+00:00,2024-10-08 09:37:21+00:00,0.18138888888888888
prometheus/prometheus,15125,2024-10-07 23:08:09+00:00,2024-10-07 23:16:59+00:00,2025-12-04 09:48:37+00:00,10138.527222222223
prometheus/prometheus,15124,2024-10-07 22:03:30+00:00,2024-10-07 22:08:19+00:00,2024-10-27 00:06:34+00:00,457.97083333333336
prometheus/prometheus,15120,2024-10-07 12:51:32+00:00,2024-10-15 09:24:45+00:00,2024-10-15 09:27:38+00:00,0.04805555555555555
prometheus/prometheus,15119,2024-10-07 12:48:08+00:00,2024-10-09 11:06:13+00:00,2024-10-11 11:10:34+00:00,48.0725
prometheus/prometheus,15118,2024-10-07 10:48:24+00:00,2024-10-07 13:50:01+00:00,2024-10-07 13:50:06+00:00,0.001388888888888889
prometheus/prometheus,15117,2024-10-07 09:45:24+00:00,2024-10-07 09:48:18+00:00,2024-10-07 10:00:28+00:00,0.20277777777777778
prometheus/prometheus,15115,2024-10-07 05:46:38+00:00,2024-10-07 08:52:47+00:00,2024-10-29 14:44:48+00:00,533.8669444444445
prometheus/prometheus,15113,2024-10-06 00:07:31+00:00,2024-10-07 08:59:11+00:00,2024-10-07 09:17:24+00:00,0.3036111111111111
prometheus/prometheus,15112,2024-10-05 20:06:27+00:00,2024-10-08 09:01:55+00:00,2024-10-29 12:34:02+00:00,507.53527777777776
prometheus/prometheus,15111,2024-10-05 18:34:23+00:00,2024-10-07 09:35:09+00:00,2024-10-08 10:49:40+00:00,25.241944444444446
prometheus/prometheus,15106,2024-10-05 11:50:29+00:00,2024-10-09 17:13:22+00:00,2025-07-04 10:45:22+00:00,6425.533333333334
prometheus/prometheus,15103,2024-10-04 20:28:47+00:00,2024-10-04 21:04:09+00:00,,
prometheus/prometheus,15099,2024-10-04 14:41:38+00:00,2024-10-06 23:05:07+00:00,2024-10-25 10:30:14+00:00,443.4186111111111
prometheus/prometheus,15098,2024-10-04 14:29:58+00:00,,2024-10-04 15:05:03+00:00,
prometheus/prometheus,15097,2024-10-04 14:15:46+00:00,2024-10-07 22:18:13+00:00,2024-10-10 11:01:13+00:00,60.71666666666667
prometheus/prometheus,15096,2024-10-04 12:15:05+00:00,2024-10-04 12:57:08+00:00,2024-10-04 14:01:03+00:00,1.0652777777777778
prometheus/prometheus,15095,2024-10-04 12:02:49+00:00,2024-10-04 12:15:23+00:00,2024-10-07 11:17:44+00:00,71.03916666666667
prometheus/prometheus,15094,2024-10-04 10:26:17+00:00,2024-10-06 09:56:03+00:00,2024-10-06 16:35:29+00:00,6.657222222222222
prometheus/prometheus,15093,2024-10-04 10:19:28+00:00,2024-11-26 11:22:44+00:00,2025-03-25 12:47:22+00:00,2857.4105555555557
prometheus/prometheus,15092,2024-10-04 10:11:52+00:00,2024-10-04 11:35:45+00:00,2024-10-09 11:07:59+00:00,119.53722222222223
prometheus/prometheus,15090,2024-10-04 09:20:33+00:00,2024-10-04 12:18:20+00:00,2024-10-04 12:57:24+00:00,0.6511111111111111
prometheus/prometheus,15086,2024-10-03 19:23:19+00:00,2024-10-04 10:31:59+00:00,2024-10-08 12:34:33+00:00,98.04277777777777
prometheus/prometheus,15084,2024-10-03 12:15:50+00:00,2024-10-08 12:59:03+00:00,2024-10-08 12:59:08+00:00,0.001388888888888889
prometheus/prometheus,15083,2024-10-03 09:50:50+00:00,2024-10-07 06:00:06+00:00,2024-10-07 08:55:26+00:00,2.922222222222222
prometheus/prometheus,15082,2024-10-03 08:27:01+00:00,2024-10-04 11:02:02+00:00,2024-10-04 11:40:03+00:00,0.6336111111111111
prometheus/prometheus,15074,2024-10-02 11:40:03+00:00,2024-10-02 13:21:17+00:00,2024-10-02 14:02:42+00:00,0.6902777777777778
prometheus/prometheus,15073,2024-10-02 10:25:00+00:00,2024-10-02 10:35:08+00:00,2024-10-02 10:40:32+00:00,0.09
prometheus/prometheus,15069,2024-10-02 04:34:42+00:00,2024-10-02 05:35:42+00:00,2024-10-02 13:19:18+00:00,7.726666666666667
prometheus/prometheus,15068,2024-10-01 23:46:20+00:00,2024-10-02 04:39:13+00:00,2024-10-02 04:55:48+00:00,0.2763888888888889
prometheus/prometheus,15067,2024-10-01 23:46:15+00:00,2024-10-02 04:38:45+00:00,2024-10-02 04:45:43+00:00,0.11611111111111111
prometheus/prometheus,15066,2024-10-01 23:46:13+00:00,2024-10-02 04:39:54+00:00,2024-10-02 04:39:59+00:00,0.001388888888888889
prometheus/prometheus,15065,2024-10-01 23:46:04+00:00,2024-10-02 05:02:45+00:00,2024-10-02 05:29:50+00:00,0.4513888888888889
prometheus/prometheus,15064,2024-10-01 23:46:00+00:00,2024-10-06 18:01:52+00:00,2024-10-06 18:01:58+00:00,0.0016666666666666668
prometheus/prometheus,15063,2024-10-01 23:21:45+00:00,2024-10-02 05:06:07+00:00,2024-10-02 05:06:12+00:00,0.001388888888888889
prometheus/prometheus,15062,2024-10-01 23:21:31+00:00,2024-10-02 05:05:49+00:00,2024-10-02 05:05:53+00:00,0.0011111111111111111
prometheus/prometheus,15061,2024-10-01 23:21:20+00:00,2024-10-02 06:24:13+00:00,2024-10-02 06:24:42+00:00,0.008055555555555555
prometheus/prometheus,15060,2024-10-01 23:21:08+00:00,2024-10-02 05:05:24+00:00,2024-10-02 05:05:29+00:00,0.001388888888888889
prometheus/prometheus,15059,2024-10-01 23:20:54+00:00,2024-10-02 05:06:34+00:00,2024-10-02 05:06:39+00:00,0.001388888888888889
prometheus/prometheus,15058,2024-10-01 23:20:40+00:00,2024-10-02 05:03:06+00:00,2024-10-02 06:19:24+00:00,1.2716666666666667
prometheus/prometheus,15057,2024-10-01 23:20:26+00:00,2024-10-02 05:54:32+00:00,2024-10-02 05:54:37+00:00,0.001388888888888889
prometheus/prometheus,15056,2024-10-01 23:20:16+00:00,2024-10-02 05:54:50+00:00,2024-10-02 05:54:55+00:00,0.001388888888888889
prometheus/prometheus,15055,2024-10-01 23:20:02+00:00,2024-10-02 04:14:28+00:00,2024-10-02 06:24:24+00:00,2.1655555555555557
prometheus/prometheus,15054,2024-10-01 23:19:53+00:00,2024-10-02 05:05:01+00:00,2024-10-02 05:05:05+00:00,0.0011111111111111111
prometheus/prometheus,15053,2024-10-01 23:19:38+00:00,2024-10-02 05:04:32+00:00,2024-10-02 05:04:38+00:00,0.0016666666666666668
prometheus/prometheus,15052,2024-10-01 23:19:24+00:00,2024-10-02 04:09:35+00:00,2024-10-02 04:47:02+00:00,0.6241666666666666
prometheus/prometheus,15051,2024-10-01 23:19:12+00:00,2024-10-02 04:08:16+00:00,2024-10-02 04:08:21+00:00,0.001388888888888889
prometheus/prometheus,15050,2024-10-01 23:19:01+00:00,2024-10-02 04:12:00+00:00,2024-10-02 04:12:06+00:00,0.0016666666666666668
prometheus/prometheus,15049,2024-10-01 23:18:51+00:00,,2024-11-01 23:20:39+00:00,
prometheus/prometheus,15048,2024-10-01 23:18:38+00:00,2024-10-02 04:02:23+00:00,2024-10-02 04:02:29+00:00,0.0016666666666666668
prometheus/prometheus,15047,2024-10-01 23:18:23+00:00,2024-10-02 04:10:55+00:00,2024-10-02 04:23:40+00:00,0.2125
prometheus/prometheus,15046,2024-10-01 23:18:22+00:00,,2024-10-04 13:12:17+00:00,
prometheus/prometheus,15045,2024-10-01 23:18:15+00:00,,2024-10-08 09:25:59+00:00,
prometheus/prometheus,15044,2024-10-01 23:18:12+00:00,2024-10-02 04:02:41+00:00,2024-10-02 04:02:47+00:00,0.0016666666666666668
prometheus/prometheus,15043,2024-10-01 23:18:08+00:00,,2024-10-07 09:44:26+00:00,
prometheus/prometheus,15042,2024-10-01 23:18:02+00:00,,2024-10-07 08:50:26+00:00,
prometheus/prometheus,15041,2024-10-01 23:17:57+00:00,2024-10-02 04:03:13+00:00,2024-10-02 04:03:18+00:00,0.001388888888888889
prometheus/prometheus,15040,2024-10-01 23:17:57+00:00,,2024-10-08 09:25:38+00:00,
prometheus/prometheus,15039,2024-10-01 23:17:48+00:00,,2024-10-07 09:44:07+00:00,
prometheus/prometheus,15038,2024-10-01 23:17:43+00:00,,2024-10-07 10:24:09+00:00,
prometheus/prometheus,15037,2024-10-01 23:17:43+00:00,2024-10-02 04:10:09+00:00,2024-10-02 04:49:36+00:00,0.6575
prometheus/prometheus,15036,2024-10-01 23:17:39+00:00,,2024-10-07 20:26:25+00:00,
prometheus/prometheus,15035,2024-10-01 23:17:34+00:00,,2024-10-04 09:23:46+00:00,
prometheus/prometheus,15034,2024-10-01 23:17:21+00:00,,2024-10-07 20:26:23+00:00,
prometheus/prometheus,15033,2024-10-01 23:17:17+00:00,2024-10-12 08:38:52+00:00,2024-10-12 08:38:58+00:00,0.0016666666666666668
prometheus/prometheus,15032,2024-10-01 23:17:11+00:00,,2024-10-04 07:43:03+00:00,
prometheus/prometheus,15031,2024-10-01 23:16:19+00:00,,2024-10-04 07:45:31+00:00,
prometheus/prometheus,15030,2024-10-01 23:16:17+00:00,2024-10-12 08:40:17+00:00,2024-10-12 08:40:23+00:00,0.0016666666666666668
prometheus/prometheus,15029,2024-10-01 23:16:15+00:00,,2024-10-04 07:44:52+00:00,
prometheus/prometheus,15027,2024-10-01 15:08:49+00:00,,2025-03-27 11:16:11+00:00,
prometheus/prometheus,15026,2024-10-01 14:35:47+00:00,2024-10-03 05:55:39+00:00,2024-10-10 10:55:28+00:00,172.99694444444444
prometheus/prometheus,15025,2024-10-01 13:53:21+00:00,2024-10-01 16:42:21+00:00,2024-10-02 12:17:56+00:00,19.593055555555555
prometheus/prometheus,15024,2024-10-01 12:43:16+00:00,2024-10-01 13:02:09+00:00,2024-10-01 13:15:21+00:00,0.22
prometheus/prometheus,15020,2024-09-30 21:11:09+00:00,2024-10-01 13:03:20+00:00,2024-10-07 12:20:23+00:00,143.28416666666666
prometheus/prometheus,15017,2024-09-30 14:13:33+00:00,,2024-10-01 13:02:55+00:00,
prometheus/prometheus,15016,2024-09-30 14:10:49+00:00,,2024-10-01 13:02:52+00:00,
prometheus/prometheus,15015,2024-09-30 14:09:41+00:00,,2024-09-30 14:10:11+00:00,
prometheus/prometheus,15011,2024-09-30 10:58:22+00:00,2024-10-05 09:57:41+00:00,2024-11-12 10:55:22+00:00,912.9613888888889
prometheus/prometheus,15009,2024-09-30 10:12:39+00:00,,2024-10-01 13:03:41+00:00,
prometheus/prometheus,15008,2024-09-30 09:22:35+00:00,2024-09-30 10:44:07+00:00,2024-10-07 12:15:32+00:00,169.5236111111111
prometheus/prometheus,15007,2024-09-30 08:53:11+00:00,2024-10-16 13:00:28+00:00,2024-10-16 16:46:06+00:00,3.7605555555555554
prometheus/prometheus,15005,2024-09-30 01:07:56+00:00,2024-09-30 08:05:23+00:00,2024-09-30 13:44:42+00:00,5.655277777777778
prometheus/prometheus,14997,2024-09-27 18:01:18+00:00,2024-09-27 18:02:10+00:00,2024-10-09 11:29:02+00:00,281.4477777777778
prometheus/prometheus,14996,2024-09-27 15:27:24+00:00,2024-09-27 15:28:01+00:00,2024-09-27 16:13:52+00:00,0.7641666666666667
prometheus/prometheus,14994,2024-09-27 11:55:21+00:00,2024-09-27 16:16:56+00:00,2024-09-30 08:17:34+00:00,64.01055555555556
prometheus/prometheus,14993,2024-09-27 11:36:22+00:00,2024-09-30 09:57:28+00:00,2024-09-30 10:33:07+00:00,0.5941666666666666
prometheus/prometheus,14992,2024-09-27 10:27:10+00:00,2024-09-27 11:04:42+00:00,2024-09-30 19:10:22+00:00,80.09444444444445
prometheus/prometheus,14989,2024-09-26 19:43:24+00:00,2024-10-02 14:53:18+00:00,2024-10-02 14:53:24+00:00,0.0016666666666666668
prometheus/prometheus,14988,2024-09-26 14:51:51+00:00,2024-09-26 16:24:05+00:00,2024-09-27 06:45:49+00:00,14.362222222222222
prometheus/prometheus,14987,2024-09-26 12:59:50+00:00,2024-10-03 09:08:43+00:00,2024-10-10 19:14:35+00:00,178.09777777777776
prometheus/prometheus,14986,2024-09-26 11:19:26+00:00,2024-09-27 07:56:15+00:00,2024-10-01 16:03:46+00:00,104.12527777777778
prometheus/prometheus,14985,2024-09-26 10:11:10+00:00,2024-09-26 11:41:23+00:00,2024-09-30 08:06:25+00:00,92.41722222222222
prometheus/prometheus,14983,2024-09-25 18:04:54+00:00,2024-09-25 18:05:41+00:00,2024-10-25 16:34:51+00:00,718.4861111111111
prometheus/prometheus,14982,2024-09-25 16:27:58+00:00,2024-09-26 10:00:50+00:00,2024-09-26 18:39:45+00:00,8.64861111111111
prometheus/prometheus,14981,2024-09-25 16:27:56+00:00,2024-09-30 11:29:45+00:00,2024-09-30 12:22:40+00:00,0.8819444444444444
prometheus/prometheus,14980,2024-09-25 12:53:58+00:00,2024-09-25 14:45:24+00:00,2024-09-25 16:12:28+00:00,1.451111111111111
prometheus/prometheus,14979,2024-09-25 12:33:41+00:00,2024-09-26 10:05:15+00:00,2025-01-08 14:15:49+00:00,2500.176111111111
prometheus/prometheus,14978,2024-09-25 11:40:34+00:00,2024-10-10 10:46:11+00:00,2024-10-22 05:55:58+00:00,283.16305555555556
prometheus/prometheus,14976,2024-09-25 09:53:42+00:00,2024-10-01 14:00:32+00:00,2024-10-14 15:44:41+00:00,313.73583333333335
prometheus/prometheus,14975,2024-09-25 08:42:50+00:00,2024-09-26 10:35:52+00:00,2024-09-29 06:58:42+00:00,68.38055555555556
prometheus/prometheus,14974,2024-09-24 23:41:54+00:00,2024-09-25 19:03:21+00:00,2024-10-31 22:05:41+00:00,867.0388888888889
prometheus/prometheus,14972,2024-09-24 13:30:02+00:00,2024-09-24 15:38:16+00:00,2024-09-24 15:38:22+00:00,0.0016666666666666668
prometheus/prometheus,14970,2024-09-24 13:00:06+00:00,2024-09-24 13:06:27+00:00,2024-09-24 14:30:15+00:00,1.3966666666666667
prometheus/prometheus,14965,2024-09-23 13:15:52+00:00,2024-09-24 12:18:06+00:00,2024-10-04 12:11:02+00:00,239.88222222222223
prometheus/prometheus,14963,2024-09-23 09:24:24+00:00,2024-09-23 10:29:44+00:00,2024-09-23 11:46:51+00:00,1.2852777777777777
prometheus/prometheus,14960,2024-09-23 06:26:01+00:00,,2025-07-08 11:07:23+00:00,
prometheus/prometheus,14959,2024-09-22 16:49:13+00:00,2024-09-23 07:38:44+00:00,2024-09-23 17:39:38+00:00,10.015
prometheus/prometheus,14958,2024-09-22 16:09:45+00:00,,2024-09-25 12:30:54+00:00,
prometheus/prometheus,14957,2024-09-21 21:38:33+00:00,2025-02-13 04:56:17+00:00,2025-02-13 09:48:34+00:00,4.871388888888889
prometheus/prometheus,14953,2024-09-21 14:33:42+00:00,2024-09-25 18:38:19+00:00,2025-07-08 11:08:58+00:00,6856.510833333334
prometheus/prometheus,14951,2024-09-20 16:49:28+00:00,2024-09-20 16:51:51+00:00,2024-09-20 17:42:51+00:00,0.85
prometheus/prometheus,14950,2024-09-20 16:31:17+00:00,2024-09-20 16:32:56+00:00,2024-09-21 08:22:17+00:00,15.8225
prometheus/prometheus,14949,2024-09-20 16:27:13+00:00,2024-09-20 16:28:03+00:00,2024-09-20 16:41:06+00:00,0.2175
prometheus/prometheus,14948,2024-09-20 14:42:22+00:00,2024-09-20 15:54:06+00:00,2024-09-20 16:40:17+00:00,0.7697222222222222
prometheus/prometheus,14947,2024-09-20 11:42:39+00:00,2024-09-20 12:23:00+00:00,2024-09-23 08:03:23+00:00,67.67305555555555
prometheus/prometheus,14946,2024-09-20 11:30:35+00:00,2024-09-20 18:03:37+00:00,2024-09-27 13:50:43+00:00,163.785
prometheus/prometheus,14945,2024-09-20 10:02:34+00:00,2024-09-20 19:27:11+00:00,2024-09-20 19:27:16+00:00,0.001388888888888889
prometheus/prometheus,14944,2024-09-20 09:36:27+00:00,2024-09-20 19:28:05+00:00,2024-09-20 19:28:09+00:00,0.0011111111111111111
prometheus/prometheus,14943,2024-09-19 19:00:47+00:00,2024-09-20 17:40:52+00:00,2024-11-14 19:00:47+00:00,1321.3319444444444
prometheus/prometheus,14941,2024-09-19 11:22:54+00:00,2024-10-02 15:29:20+00:00,2024-10-16 13:00:46+00:00,333.5238888888889
prometheus/prometheus,14940,2024-09-19 09:52:07+00:00,2024-09-19 10:20:31+00:00,2024-09-19 10:20:37+00:00,0.0016666666666666668
prometheus/prometheus,14939,2024-09-19 09:30:10+00:00,2024-09-19 12:21:29+00:00,2024-09-19 13:05:48+00:00,0.7386111111111111
prometheus/prometheus,14936,2024-09-19 05:23:43+00:00,2024-09-22 17:11:52+00:00,2024-11-26 11:48:18+00:00,1554.6072222222222
prometheus/prometheus,14935,2024-09-18 18:00:02+00:00,2024-09-19 20:10:51+00:00,2024-09-19 22:38:26+00:00,2.459722222222222
prometheus/prometheus,14934,2024-09-18 14:30:19+00:00,2024-09-18 14:41:32+00:00,2024-09-18 18:09:40+00:00,3.468888888888889
prometheus/prometheus,14933,2024-09-18 12:39:16+00:00,2024-09-20 10:28:22+00:00,2024-10-02 06:48:27+00:00,284.33472222222224
prometheus/prometheus,14932,2024-09-18 12:26:02+00:00,2024-09-18 13:13:12+00:00,2024-09-20 16:53:54+00:00,51.678333333333335
prometheus/prometheus,14931,2024-09-18 09:54:19+00:00,2024-09-18 18:09:17+00:00,2024-09-19 16:12:59+00:00,22.061666666666667
prometheus/prometheus,14930,2024-09-18 09:32:29+00:00,2024-09-18 12:20:25+00:00,2024-09-19 15:52:40+00:00,27.5375
prometheus/prometheus,14929,2024-09-18 08:56:27+00:00,2024-09-18 19:35:11+00:00,2024-10-01 08:26:58+00:00,300.86305555555555
prometheus/prometheus,14925,2024-09-17 21:38:29+00:00,2024-09-18 06:04:05+00:00,2024-09-18 06:04:10+00:00,0.001388888888888889
prometheus/prometheus,14924,2024-09-17 18:30:34+00:00,,2024-09-18 18:21:00+00:00,
prometheus/prometheus,14923,2024-09-17 16:58:52+00:00,2025-07-11 08:00:13+00:00,2025-07-11 10:42:01+00:00,2.6966666666666668
prometheus/prometheus,14922,2024-09-17 16:21:35+00:00,2024-09-21 08:28:55+00:00,2024-09-22 16:50:07+00:00,32.35333333333333
prometheus/prometheus,14921,2024-09-17 16:16:47+00:00,2024-09-18 19:09:45+00:00,2024-11-18 09:15:49+00:00,1454.101111111111
prometheus/prometheus,14920,2024-09-17 16:05:17+00:00,2024-09-17 16:05:44+00:00,2024-09-20 14:53:10+00:00,70.79055555555556
prometheus/prometheus,14919,2024-09-17 15:19:44+00:00,2024-10-14 07:59:51+00:00,2024-11-04 07:26:26+00:00,503.44305555555553
prometheus/prometheus,14916,2024-09-16 19:53:07+00:00,,2024-09-17 14:48:18+00:00,
prometheus/prometheus,14915,2024-09-16 19:41:09+00:00,2024-09-17 10:00:58+00:00,2024-09-17 10:01:03+00:00,0.001388888888888889
prometheus/prometheus,14914,2024-09-16 17:52:32+00:00,2024-09-16 18:48:59+00:00,2024-09-17 06:36:29+00:00,11.791666666666666
prometheus/prometheus,14913,2024-09-16 16:02:31+00:00,2024-09-16 16:27:25+00:00,2024-09-16 17:25:11+00:00,0.9627777777777777
prometheus/prometheus,14912,2024-09-16 15:37:23+00:00,2024-09-16 16:09:21+00:00,2024-09-17 17:40:14+00:00,25.514722222222222
prometheus/prometheus,14911,2024-09-16 15:29:42+00:00,2024-09-17 07:42:45+00:00,2024-09-17 09:52:13+00:00,2.1577777777777776
prometheus/prometheus,14910,2024-09-16 12:03:01+00:00,2024-09-16 19:15:32+00:00,2024-09-18 10:21:25+00:00,39.098055555555554
prometheus/prometheus,14909,2024-09-16 10:19:04+00:00,2024-09-16 12:43:14+00:00,2024-09-16 13:46:28+00:00,1.0538888888888889
prometheus/prometheus,14908,2024-09-16 09:43:23+00:00,2024-09-16 10:20:32+00:00,2024-09-16 10:20:49+00:00,0.004722222222222222
prometheus/prometheus,14907,2024-09-16 06:46:54+00:00,2024-09-16 06:55:10+00:00,2024-09-16 07:00:38+00:00,0.09111111111111111
prometheus/prometheus,14906,2024-09-15 15:44:38+00:00,2024-09-22 17:15:00+00:00,2024-10-07 20:25:17+00:00,363.1713888888889
prometheus/prometheus,14904,2024-09-14 14:56:42+00:00,2024-09-28 16:02:59+00:00,,
prometheus/prometheus,14903,2024-09-14 12:05:00+00:00,2024-09-14 12:25:28+00:00,2024-09-14 13:02:11+00:00,0.6119444444444444
prometheus/prometheus,14902,2024-09-13 19:11:20+00:00,2024-09-25 15:24:46+00:00,,
prometheus/prometheus,14901,2024-09-12 10:23:29+00:00,2024-09-13 07:21:20+00:00,2024-09-16 08:12:31+00:00,72.85305555555556
prometheus/prometheus,14900,2024-09-11 12:08:18+00:00,2024-09-12 06:19:24+00:00,2024-09-24 10:03:56+00:00,291.7422222222222
prometheus/prometheus,14899,2024-09-11 09:16:57+00:00,2024-09-13 07:04:54+00:00,2024-09-13 07:05:00+00:00,0.0016666666666666668
prometheus/prometheus,14898,2024-09-11 08:31:18+00:00,2024-09-11 09:25:39+00:00,2024-09-13 07:21:54+00:00,45.9375
prometheus/prometheus,14897,2024-09-10 20:17:01+00:00,2024-09-11 08:23:36+00:00,2024-09-11 09:47:12+00:00,1.3933333333333333
prometheus/prometheus,14896,2024-09-10 18:57:13+00:00,2024-09-10 19:38:17+00:00,2024-09-10 19:39:52+00:00,0.02638888888888889
prometheus/prometheus,14895,2024-09-10 15:10:40+00:00,2024-09-10 15:55:30+00:00,2024-09-10 16:05:51+00:00,0.1725
prometheus/prometheus,14894,2024-09-10 14:55:12+00:00,2024-09-10 15:29:06+00:00,2024-10-01 12:36:53+00:00,501.1297222222222
prometheus/prometheus,14893,2024-09-10 13:53:36+00:00,2024-09-10 14:09:57+00:00,2024-09-10 15:02:39+00:00,0.8783333333333333
prometheus/prometheus,14892,2024-09-10 13:18:33+00:00,2024-09-10 14:42:22+00:00,2024-09-10 15:13:43+00:00,0.5225
prometheus/prometheus,14891,2024-09-10 10:40:40+00:00,2024-09-10 10:51:51+00:00,2024-09-10 11:19:00+00:00,0.4525
prometheus/prometheus,14888,2024-09-10 09:27:54+00:00,2024-09-10 10:39:06+00:00,2024-09-10 10:39:13+00:00,0.0019444444444444444
prometheus/prometheus,14887,2024-09-10 09:12:50+00:00,,2025-11-20 10:45:02+00:00,
prometheus/prometheus,14886,2024-09-10 08:08:59+00:00,,2025-12-02 11:35:26+00:00,
prometheus/prometheus,14885,2024-09-10 06:31:47+00:00,,2024-09-10 13:48:43+00:00,
prometheus/prometheus,14884,2024-09-10 05:18:42+00:00,2024-09-10 07:06:50+00:00,2024-09-10 07:06:52+00:00,0.0005555555555555556
prometheus/prometheus,14882,2024-09-09 16:56:53+00:00,2024-09-10 09:03:07+00:00,2024-09-10 10:54:00+00:00,1.8480555555555556
prometheus/prometheus,14881,2024-09-09 15:25:14+00:00,2024-09-10 08:59:45+00:00,2024-09-10 09:00:15+00:00,0.008333333333333333
prometheus/prometheus,14880,2024-09-09 14:48:22+00:00,2024-09-09 17:25:44+00:00,2024-09-10 12:17:44+00:00,18.866666666666667
prometheus/prometheus,14879,2024-09-09 13:46:58+00:00,2024-09-09 22:44:37+00:00,2024-09-09 22:45:02+00:00,0.006944444444444444
prometheus/prometheus,14878,2024-09-09 13:30:33+00:00,,2024-09-10 11:12:05+00:00,
prometheus/prometheus,14877,2024-09-09 13:27:07+00:00,,2024-09-09 15:32:33+00:00,
prometheus/prometheus,14876,2024-09-09 13:07:56+00:00,,2024-09-09 13:25:23+00:00,
prometheus/prometheus,14875,2024-09-09 12:33:26+00:00,2024-09-09 12:54:56+00:00,2024-09-09 12:58:46+00:00,0.06388888888888888
prometheus/prometheus,14874,2024-09-09 10:44:37+00:00,2024-09-09 10:53:21+00:00,2024-09-09 11:41:08+00:00,0.7963888888888889
prometheus/prometheus,14873,2024-09-09 10:35:43+00:00,2024-09-10 07:05:04+00:00,2024-09-10 07:05:21+00:00,0.004722222222222222
prometheus/prometheus,14872,2024-09-09 10:05:11+00:00,2024-09-09 10:18:35+00:00,2024-09-09 10:34:25+00:00,0.2638888888888889
prometheus/prometheus,14871,2024-09-09 08:43:56+00:00,2024-09-09 09:11:18+00:00,2024-09-10 13:36:46+00:00,28.424444444444443
prometheus/prometheus,14868,2024-09-09 07:24:09+00:00,2024-09-09 07:58:56+00:00,2024-09-10 20:32:03+00:00,36.551944444444445
prometheus/prometheus,14865,2024-09-08 22:23:44+00:00,,,
prometheus/prometheus,14864,2024-09-08 22:03:46+00:00,,2024-09-08 22:18:38+00:00,
prometheus/prometheus,14863,2024-09-08 16:59:18+00:00,,2024-09-08 21:59:54+00:00,
prometheus/prometheus,14862,2024-09-08 16:30:12+00:00,2024-09-08 16:33:26+00:00,2024-09-08 18:04:46+00:00,1.5222222222222221
prometheus/prometheus,14861,2024-09-08 11:24:56+00:00,2024-09-08 12:39:08+00:00,2024-09-08 12:39:13+00:00,0.001388888888888889
prometheus/prometheus,14854,2024-09-06 20:08:37+00:00,2024-09-11 14:49:36+00:00,2024-09-17 14:28:33+00:00,143.64916666666667
prometheus/prometheus,14853,2024-09-06 17:05:59+00:00,2024-09-06 20:43:29+00:00,2024-09-10 18:13:23+00:00,93.49833333333333
prometheus/prometheus,14852,2024-09-06 12:05:36+00:00,2024-09-09 09:35:14+00:00,2024-09-09 14:04:26+00:00,4.486666666666666
prometheus/prometheus,14851,2024-09-06 09:13:38+00:00,,2024-09-06 10:40:57+00:00,
prometheus/prometheus,14850,2024-09-06 07:19:06+00:00,2024-09-06 07:33:04+00:00,2024-09-11 22:55:39+00:00,135.3763888888889
prometheus/prometheus,14849,2024-09-06 00:36:34+00:00,2024-09-11 14:58:56+00:00,2024-09-17 06:55:02+00:00,135.935
prometheus/prometheus,14848,2024-09-05 22:46:16+00:00,2024-09-06 09:16:01+00:00,2024-09-06 12:50:10+00:00,3.569166666666667
prometheus/prometheus,14846,2024-09-05 13:11:13+00:00,,2024-09-06 09:11:16+00:00,
prometheus/prometheus,14845,2024-09-05 13:11:02+00:00,,2024-09-06 09:11:56+00:00,
prometheus/prometheus,14844,2024-09-05 13:10:58+00:00,2024-09-05 13:11:29+00:00,2024-09-05 13:46:49+00:00,0.5888888888888889
prometheus/prometheus,14843,2024-09-05 13:10:51+00:00,,2024-09-06 09:11:43+00:00,
prometheus/prometheus,14842,2024-09-05 13:10:43+00:00,,2024-09-06 11:17:13+00:00,
prometheus/prometheus,14841,2024-09-05 13:10:37+00:00,,2024-09-06 10:02:21+00:00,
prometheus/prometheus,14840,2024-09-05 13:10:29+00:00,,2024-09-06 09:12:08+00:00,
prometheus/prometheus,14839,2024-09-05 13:10:24+00:00,,2024-09-06 09:12:35+00:00,
prometheus/prometheus,14838,2024-09-05 10:27:34+00:00,2024-09-05 15:42:44+00:00,2024-09-19 08:33:48+00:00,328.8511111111111
prometheus/prometheus,14837,2024-09-05 10:22:05+00:00,,2024-09-06 11:17:52+00:00,
prometheus/prometheus,14836,2024-09-05 09:00:04+00:00,2024-09-05 11:50:13+00:00,2024-09-05 11:50:20+00:00,0.0019444444444444444
prometheus/prometheus,14834,2024-09-05 08:45:26+00:00,,2024-09-05 10:19:00+00:00,
prometheus/prometheus,14833,2024-09-05 08:45:24+00:00,,2024-09-05 09:08:18+00:00,
prometheus/prometheus,14832,2024-09-05 08:45:24+00:00,,2024-09-06 11:18:29+00:00,
prometheus/prometheus,14831,2024-09-05 06:42:05+00:00,2024-09-05 11:16:41+00:00,2024-09-05 16:17:42+00:00,5.016944444444444
prometheus/prometheus,14829,2024-09-04 15:24:51+00:00,2024-09-04 15:27:15+00:00,,
prometheus/prometheus,14826,2024-09-04 12:59:09+00:00,2024-09-22 18:56:02+00:00,2024-12-04 13:20:57+00:00,1746.4152777777779
prometheus/prometheus,14825,2024-09-04 11:41:13+00:00,2024-09-22 17:42:47+00:00,2024-12-03 11:14:11+00:00,1721.5233333333333
prometheus/prometheus,14821,2024-09-04 06:25:13+00:00,2024-09-10 13:22:19+00:00,2024-09-10 13:23:00+00:00,0.01138888888888889
prometheus/prometheus,14820,2024-09-04 05:50:21+00:00,2024-09-18 16:21:16+00:00,2024-09-20 14:47:08+00:00,46.431111111111115
prometheus/prometheus,14819,2024-09-03 20:11:09+00:00,2024-09-05 09:01:04+00:00,2024-09-05 10:21:03+00:00,1.3330555555555557
prometheus/prometheus,14817,2024-09-03 09:20:12+00:00,2024-09-04 09:37:10+00:00,2024-09-05 08:43:36+00:00,23.107222222222223
prometheus/prometheus,14816,2024-09-02 20:38:21+00:00,2024-09-03 06:48:25+00:00,2024-09-04 13:32:23+00:00,30.732777777777777
prometheus/prometheus,14815,2024-09-02 20:20:17+00:00,2024-09-02 23:21:36+00:00,2024-09-03 06:33:44+00:00,7.202222222222222
prometheus/prometheus,14814,2024-09-02 20:18:21+00:00,,2024-09-02 20:21:20+00:00,
prometheus/prometheus,14813,2024-09-02 20:15:08+00:00,,2024-09-02 20:21:33+00:00,
prometheus/prometheus,14812,2024-09-02 18:55:00+00:00,2024-09-02 20:30:31+00:00,2024-09-02 20:30:37+00:00,0.0016666666666666668
prometheus/prometheus,14811,2024-09-02 17:20:23+00:00,2024-09-02 17:21:18+00:00,2024-09-02 19:24:19+00:00,2.0502777777777776
prometheus/prometheus,14810,2024-09-02 15:45:34+00:00,2024-09-03 07:23:54+00:00,2024-09-03 13:05:59+00:00,5.701388888888889
prometheus/prometheus,14809,2024-09-02 13:12:18+00:00,2024-09-02 13:14:24+00:00,2024-09-02 17:09:46+00:00,3.9227777777777777
prometheus/prometheus,14807,2024-09-02 12:01:53+00:00,,2024-09-05 08:44:12+00:00,
prometheus/prometheus,14806,2024-09-02 09:30:15+00:00,2024-09-02 09:34:36+00:00,2024-09-04 20:44:25+00:00,59.16361111111111
prometheus/prometheus,14805,2024-09-01 23:50:13+00:00,,2024-09-02 12:04:52+00:00,
prometheus/prometheus,14804,2024-09-01 23:50:04+00:00,,2024-09-06 11:19:00+00:00,
prometheus/prometheus,14803,2024-09-01 23:49:58+00:00,,2024-09-06 15:57:33+00:00,
prometheus/prometheus,14802,2024-09-01 23:49:49+00:00,,2024-09-02 12:05:08+00:00,
prometheus/prometheus,14801,2024-09-01 23:49:39+00:00,,2024-09-05 09:05:28+00:00,
prometheus/prometheus,14800,2024-09-01 23:49:33+00:00,,2024-09-03 11:26:35+00:00,
prometheus/prometheus,14799,2024-09-01 23:49:28+00:00,,2024-09-03 11:27:19+00:00,
prometheus/prometheus,14798,2024-09-01 23:49:25+00:00,,2024-09-03 11:18:08+00:00,
prometheus/prometheus,14797,2024-09-01 23:49:22+00:00,,2024-09-05 09:05:13+00:00,
prometheus/prometheus,14796,2024-09-01 23:49:17+00:00,,2024-09-05 08:45:28+00:00,
prometheus/prometheus,14795,2024-09-01 23:49:12+00:00,,2024-09-05 10:19:32+00:00,
prometheus/prometheus,14794,2024-09-01 23:49:11+00:00,,2024-09-05 10:21:15+00:00,
prometheus/prometheus,14793,2024-09-01 23:49:02+00:00,,2024-09-05 08:45:29+00:00,
prometheus/prometheus,14792,2024-09-01 23:48:59+00:00,,2024-09-05 08:44:41+00:00,
prometheus/prometheus,14791,2024-09-01 23:48:54+00:00,,2024-09-06 12:21:18+00:00,
prometheus/prometheus,14790,2024-09-01 23:48:49+00:00,,2024-09-03 11:28:06+00:00,
prometheus/prometheus,14789,2024-09-01 23:48:41+00:00,,2024-09-03 11:27:34+00:00,
prometheus/prometheus,14788,2024-09-01 23:48:31+00:00,2024-09-06 13:53:15+00:00,2024-09-06 14:16:02+00:00,0.37972222222222224
prometheus/prometheus,14787,2024-09-01 23:48:29+00:00,,2024-09-05 08:45:30+00:00,
prometheus/prometheus,14786,2024-09-01 23:16:04+00:00,,2024-09-06 09:13:25+00:00,
prometheus/prometheus,14785,2024-09-01 23:16:01+00:00,,2024-09-05 09:05:56+00:00,
prometheus/prometheus,14784,2024-09-01 23:15:52+00:00,,2024-09-03 11:18:25+00:00,
prometheus/prometheus,14783,2024-09-01 23:14:04+00:00,,2024-09-09 10:35:46+00:00,
prometheus/prometheus,14782,2024-09-01 23:10:13+00:00,,2024-09-09 10:35:23+00:00,
prometheus/prometheus,14781,2024-09-01 23:09:36+00:00,,2024-09-09 10:35:21+00:00,
prometheus/prometheus,14780,2024-09-01 23:08:59+00:00,,2024-09-09 10:35:21+00:00,
prometheus/prometheus,14779,2024-09-01 23:08:03+00:00,,2024-09-03 11:35:22+00:00,
prometheus/prometheus,14778,2024-09-01 23:07:58+00:00,,2024-09-03 11:13:15+00:00,
prometheus/prometheus,14777,2024-09-01 23:07:54+00:00,,2024-09-03 11:14:01+00:00,
prometheus/prometheus,14776,2024-09-01 23:07:52+00:00,,2024-09-03 11:14:14+00:00,
prometheus/prometheus,14775,2024-09-01 23:07:40+00:00,2024-09-10 20:14:22+00:00,2024-09-10 20:14:29+00:00,0.0019444444444444444
prometheus/prometheus,14773,2024-08-31 01:52:01+00:00,,2024-12-03 11:17:39+00:00,
prometheus/prometheus,14772,2024-08-30 14:44:52+00:00,2024-09-02 14:23:27+00:00,2024-09-03 14:55:26+00:00,24.533055555555556
prometheus/prometheus,14771,2024-08-30 14:06:43+00:00,2024-09-01 23:09:34+00:00,2024-09-04 10:07:16+00:00,58.961666666666666
prometheus/prometheus,14770,2024-08-30 11:58:02+00:00,2024-08-30 12:00:27+00:00,2024-09-05 17:41:24+00:00,149.6825
prometheus/prometheus,14769,2024-08-30 11:29:52+00:00,2024-09-02 15:16:41+00:00,2024-09-05 08:47:08+00:00,65.5075
prometheus/prometheus,14768,2024-08-30 09:16:12+00:00,2024-08-30 09:26:28+00:00,2024-09-02 08:33:30+00:00,71.11722222222222
prometheus/prometheus,14767,2024-08-30 08:40:36+00:00,2024-08-30 09:27:29+00:00,2024-09-09 11:52:36+00:00,242.41861111111112
prometheus/prometheus,14766,2024-08-29 23:20:55+00:00,2024-08-30 07:14:13+00:00,2024-08-30 07:14:20+00:00,0.0019444444444444444
prometheus/prometheus,14765,2024-08-29 18:24:11+00:00,2024-08-30 09:49:17+00:00,2024-08-30 09:49:23+00:00,0.0016666666666666668
prometheus/prometheus,14764,2024-08-29 15:47:08+00:00,2024-08-30 09:22:16+00:00,2024-08-30 09:30:57+00:00,0.14472222222222222
prometheus/prometheus,14760,2024-08-29 11:00:23+00:00,2024-08-29 11:04:30+00:00,2024-08-29 20:39:44+00:00,9.587222222222222
prometheus/prometheus,14759,2024-08-29 08:58:26+00:00,2024-08-29 10:30:47+00:00,2025-12-02 11:40:06+00:00,11041.155277777778
prometheus/prometheus,14758,2024-08-29 07:29:38+00:00,,2024-10-08 07:35:51+00:00,
prometheus/prometheus,14757,2024-08-29 07:27:28+00:00,2024-08-29 08:24:02+00:00,2024-09-02 16:20:10+00:00,103.93555555555555
prometheus/prometheus,14756,2024-08-28 20:41:38+00:00,2024-08-29 07:40:12+00:00,2024-08-29 07:40:17+00:00,0.001388888888888889
prometheus/prometheus,14755,2024-08-28 20:29:25+00:00,2024-08-30 08:06:10+00:00,2024-12-27 11:44:54+00:00,2859.6455555555553
prometheus/prometheus,14754,2024-08-28 18:58:16+00:00,,2024-08-29 09:07:18+00:00,
prometheus/prometheus,14753,2024-08-28 10:15:45+00:00,,,
prometheus/prometheus,14752,2024-08-28 05:44:39+00:00,,,
prometheus/prometheus,14751,2024-08-28 04:12:43+00:00,2024-08-28 14:38:29+00:00,2024-08-28 14:38:39+00:00,0.002777777777777778
prometheus/prometheus,14750,2024-08-28 03:25:13+00:00,2024-08-30 01:09:00+00:00,2024-12-03 11:27:06+00:00,2290.3016666666667
prometheus/prometheus,14748,2024-08-27 19:27:06+00:00,,2025-07-08 16:55:56+00:00,
prometheus/prometheus,14747,2024-08-27 18:40:33+00:00,2024-08-30 09:51:46+00:00,2024-09-02 10:17:18+00:00,72.42555555555556
prometheus/prometheus,14746,2024-08-27 16:59:36+00:00,,2024-09-09 10:35:17+00:00,
prometheus/prometheus,14745,2024-08-27 16:59:36+00:00,,2024-09-09 10:35:18+00:00,
prometheus/prometheus,14741,2024-08-27 11:07:24+00:00,2024-08-27 16:52:32+00:00,2024-08-27 16:58:17+00:00,0.09583333333333334
prometheus/prometheus,14740,2024-08-27 09:18:17+00:00,2024-08-27 10:09:22+00:00,2024-08-27 10:43:40+00:00,0.5716666666666667
prometheus/prometheus,14739,2024-08-27 09:15:01+00:00,2024-08-27 10:42:32+00:00,2024-08-27 10:44:01+00:00,0.024722222222222222
prometheus/prometheus,14738,2024-08-26 21:06:22+00:00,2024-08-27 06:42:27+00:00,2024-10-02 10:52:03+00:00,868.16
prometheus/prometheus,14737,2024-08-26 14:42:10+00:00,2024-09-18 14:12:58+00:00,2025-08-13 22:11:57+00:00,7903.983055555555
prometheus/prometheus,14736,2024-08-26 13:53:31+00:00,2024-08-28 15:14:28+00:00,2024-08-28 15:15:42+00:00,0.020555555555555556
prometheus/prometheus,14734,2024-08-26 12:49:45+00:00,2024-09-02 16:25:46+00:00,2024-09-06 09:16:50+00:00,88.85111111111111
prometheus/prometheus,14731,2024-08-26 06:52:27+00:00,2024-08-26 07:13:19+00:00,2024-08-28 14:14:44+00:00,55.02361111111111
prometheus/prometheus,14729,2024-08-24 18:49:31+00:00,2024-08-26 12:38:02+00:00,2024-08-29 13:11:45+00:00,72.56194444444445
prometheus/prometheus,14727,2024-08-23 18:15:12+00:00,2024-08-23 18:33:14+00:00,2024-08-26 16:57:26+00:00,70.40333333333334
prometheus/prometheus,14726,2024-08-23 17:31:59+00:00,2024-09-02 17:08:54+00:00,2024-10-15 12:44:36+00:00,1027.595
prometheus/prometheus,14724,2024-08-23 12:43:04+00:00,2024-08-23 13:11:04+00:00,2024-09-17 11:11:05+00:00,598.0002777777778
prometheus/prometheus,14722,2024-08-23 08:36:37+00:00,2024-08-23 14:34:38+00:00,2024-08-23 14:34:49+00:00,0.0030555555555555557
prometheus/prometheus,14721,2024-08-23 08:31:13+00:00,2024-09-02 17:06:46+00:00,2024-09-25 09:47:55+00:00,544.6858333333333
prometheus/prometheus,14719,2024-08-23 06:20:56+00:00,2024-08-23 08:32:12+00:00,2024-08-23 08:32:59+00:00,0.013055555555555556
prometheus/prometheus,14718,2024-08-23 04:21:12+00:00,,2024-09-25 12:51:21+00:00,
prometheus/prometheus,14716,2024-08-22 23:23:22+00:00,2024-08-22 23:27:38+00:00,2024-08-23 22:15:28+00:00,22.79722222222222
prometheus/prometheus,14715,2024-08-22 15:00:15+00:00,2024-08-22 15:20:38+00:00,2024-08-22 15:56:41+00:00,0.6008333333333333
prometheus/prometheus,14714,2024-08-22 09:46:59+00:00,2024-08-23 13:18:56+00:00,2024-08-23 14:29:07+00:00,1.1697222222222223
prometheus/prometheus,14710,2024-08-21 20:43:35+00:00,2024-10-02 12:48:53+00:00,2024-10-23 15:34:28+00:00,506.7597222222222
prometheus/prometheus,14708,2024-08-21 18:49:11+00:00,,2025-07-08 11:40:29+00:00,
prometheus/prometheus,14707,2024-08-21 16:59:22+00:00,2024-08-22 08:41:55+00:00,2024-08-22 08:58:43+00:00,0.28
prometheus/prometheus,14706,2024-08-21 14:39:30+00:00,2024-08-21 15:04:35+00:00,2024-08-21 16:07:45+00:00,1.0527777777777778
prometheus/prometheus,14705,2024-08-21 14:01:58+00:00,2024-08-23 16:24:22+00:00,2024-09-06 15:24:37+00:00,335.00416666666666
prometheus/prometheus,14704,2024-08-21 11:47:28+00:00,2024-08-21 11:58:50+00:00,2025-03-30 20:45:39+00:00,5312.780277777778
prometheus/prometheus,14703,2024-08-21 10:38:01+00:00,2024-08-21 11:54:09+00:00,2024-08-21 11:54:22+00:00,0.003611111111111111
prometheus/prometheus,14702,2024-08-21 10:15:43+00:00,2024-08-21 16:43:24+00:00,2024-08-22 11:53:45+00:00,19.1725
prometheus/prometheus,14700,2024-08-21 03:44:42+00:00,2024-08-21 16:44:14+00:00,2024-09-02 16:59:28+00:00,288.25388888888887
prometheus/prometheus,14699,2024-08-20 14:27:20+00:00,2024-08-20 17:35:03+00:00,2024-08-20 17:41:02+00:00,0.09972222222222223
prometheus/prometheus,14697,2024-08-20 12:22:44+00:00,2024-08-20 12:33:18+00:00,2024-09-05 10:48:13+00:00,382.24861111111113
prometheus/prometheus,14696,2024-08-20 11:53:39+00:00,2024-08-20 15:09:02+00:00,2024-08-20 15:09:07+00:00,0.001388888888888889
prometheus/prometheus,14694,2024-08-19 12:33:08+00:00,2024-08-21 14:00:21+00:00,2024-09-26 15:48:46+00:00,865.8069444444444
prometheus/prometheus,14693,2024-08-19 09:06:33+00:00,2024-08-19 10:38:06+00:00,2024-08-21 13:24:20+00:00,50.77055555555555
prometheus/prometheus,14691,2024-08-18 09:56:43+00:00,2024-08-19 07:49:53+00:00,2024-08-19 11:51:29+00:00,4.026666666666666
prometheus/prometheus,14690,2024-08-18 07:47:32+00:00,,2024-08-20 11:06:51+00:00,
prometheus/prometheus,14689,2024-08-18 07:23:12+00:00,2024-08-21 16:45:24+00:00,2025-09-15 16:46:10+00:00,9360.012777777778
prometheus/prometheus,14688,2024-08-17 18:31:02+00:00,2024-08-21 14:23:36+00:00,2024-08-29 14:42:36+00:00,192.31666666666666
prometheus/prometheus,14685,2024-08-16 12:37:43+00:00,2024-08-16 13:03:47+00:00,2024-08-19 09:58:35+00:00,68.91333333333333
prometheus/prometheus,14683,2024-08-16 10:52:35+00:00,2024-08-16 11:46:12+00:00,2024-08-19 09:56:15+00:00,70.1675
prometheus/prometheus,14682,2024-08-16 09:49:25+00:00,,2024-08-16 10:46:34+00:00,
prometheus/prometheus,14681,2024-08-16 08:18:05+00:00,2024-08-16 10:51:47+00:00,2024-08-21 11:47:37+00:00,120.93055555555556
prometheus/prometheus,14680,2024-08-16 03:39:35+00:00,2024-09-02 17:19:38+00:00,2024-09-03 08:38:04+00:00,15.307222222222222
prometheus/prometheus,14677,2024-08-15 12:51:02+00:00,2024-08-26 10:45:20+00:00,2024-09-19 16:08:59+00:00,581.3941666666667
prometheus/prometheus,14676,2024-08-15 11:42:42+00:00,,2024-08-23 16:10:59+00:00,
prometheus/prometheus,14673,2024-08-14 17:12:10+00:00,2024-08-16 10:17:54+00:00,2024-08-22 10:31:46+00:00,144.23111111111112
prometheus/prometheus,14671,2024-08-14 09:14:11+00:00,2024-08-14 10:01:55+00:00,2024-08-14 10:02:37+00:00,0.011666666666666667
prometheus/prometheus,14667,2024-08-13 16:03:40+00:00,,,
prometheus/prometheus,14666,2024-08-13 14:29:45+00:00,2024-08-13 15:54:58+00:00,2024-08-20 12:12:54+00:00,164.29888888888888
prometheus/prometheus,14665,2024-08-13 12:37:08+00:00,2024-08-14 09:59:27+00:00,2024-08-26 08:31:23+00:00,286.53222222222223
prometheus/prometheus,14664,2024-08-13 09:22:23+00:00,,2024-08-13 15:40:17+00:00,
prometheus/prometheus,14663,2024-08-13 06:56:31+00:00,2024-08-13 06:56:55+00:00,2024-08-13 07:11:41+00:00,0.2461111111111111
prometheus/prometheus,14661,2024-08-12 13:53:43+00:00,2024-08-20 12:37:10+00:00,2024-08-20 12:37:16+00:00,0.0016666666666666668
prometheus/prometheus,14660,2024-08-12 13:34:34+00:00,2024-08-21 16:46:35+00:00,2024-09-03 08:19:01+00:00,303.54055555555556
prometheus/prometheus,14658,2024-08-12 08:39:23+00:00,2024-08-13 09:28:01+00:00,2024-08-13 14:05:43+00:00,4.628333333333333
prometheus/prometheus,14657,2024-08-12 08:36:04+00:00,2024-09-27 11:05:39+00:00,2024-10-17 08:25:05+00:00,477.3238888888889
prometheus/prometheus,14655,2024-08-11 14:50:41+00:00,2024-08-14 15:27:12+00:00,2024-08-21 10:28:56+00:00,163.0288888888889
prometheus/prometheus,14654,2024-08-11 07:40:50+00:00,2024-08-13 10:49:30+00:00,2024-08-19 15:11:48+00:00,148.37166666666667
prometheus/prometheus,14653,2024-08-10 13:29:45+00:00,2024-08-11 18:32:04+00:00,2024-10-23 09:41:52+00:00,1743.1633333333334
prometheus/prometheus,14650,2024-08-09 17:29:40+00:00,2024-08-09 17:30:28+00:00,2024-09-01 15:52:36+00:00,550.3688888888889
prometheus/prometheus,14649,2024-08-09 12:55:24+00:00,2024-08-16 10:18:29+00:00,2024-08-16 10:57:55+00:00,0.6572222222222223
prometheus/prometheus,14645,2024-08-09 11:33:26+00:00,2024-08-09 13:05:45+00:00,2024-08-09 13:46:33+00:00,0.68
prometheus/prometheus,14644,2024-08-09 11:08:09+00:00,2024-08-09 11:16:04+00:00,2024-08-09 11:34:14+00:00,0.30277777777777776
prometheus/prometheus,14643,2024-08-09 11:03:54+00:00,2024-08-13 20:59:23+00:00,2024-08-16 14:13:37+00:00,65.23722222222223
prometheus/prometheus,14642,2024-08-09 10:57:32+00:00,2024-08-13 20:59:52+00:00,2024-12-05 12:44:59+00:00,2727.7519444444442
prometheus/prometheus,14640,2024-08-09 10:52:22+00:00,2024-08-13 20:58:52+00:00,2024-08-16 09:00:49+00:00,60.0325
prometheus/prometheus,14639,2024-08-09 10:11:35+00:00,,2024-08-09 10:12:10+00:00,
prometheus/prometheus,14638,2024-08-09 09:16:39+00:00,2024-08-14 02:49:40+00:00,2024-12-03 11:41:37+00:00,2672.8658333333333
prometheus/prometheus,14637,2024-08-09 08:49:59+00:00,2024-12-03 11:44:36+00:00,2024-12-03 11:44:43+00:00,0.0019444444444444444
prometheus/prometheus,14636,2024-08-09 08:46:16+00:00,,2024-08-09 08:48:17+00:00,
prometheus/prometheus,14635,2024-08-09 07:42:20+00:00,2025-07-08 11:43:55+00:00,2025-07-08 12:05:25+00:00,0.35833333333333334
prometheus/prometheus,14634,2024-08-09 05:54:38+00:00,,2024-10-16 14:13:50+00:00,
prometheus/prometheus,14631,2024-08-08 20:46:04+00:00,,2024-08-08 20:46:22+00:00,
prometheus/prometheus,14630,2024-08-08 19:01:54+00:00,2024-08-14 11:22:05+00:00,2024-08-14 11:22:12+00:00,0.0019444444444444444
prometheus/prometheus,14629,2024-08-08 13:07:08+00:00,2024-08-08 13:19:14+00:00,2024-08-08 18:00:31+00:00,4.688055555555556
prometheus/prometheus,14628,2024-08-08 12:39:46+00:00,2024-08-08 12:40:58+00:00,2024-08-08 13:00:04+00:00,0.31833333333333336
prometheus/prometheus,14626,2024-08-08 07:22:29+00:00,2024-08-13 21:04:27+00:00,2024-08-15 09:46:21+00:00,36.69833333333333
prometheus/prometheus,14625,2024-08-08 07:14:19+00:00,2024-08-19 15:13:52+00:00,2024-08-19 15:14:07+00:00,0.004166666666666667
prometheus/prometheus,14624,2024-08-08 07:09:37+00:00,2024-08-14 14:19:39+00:00,2024-08-14 14:19:46+00:00,0.0019444444444444444
prometheus/prometheus,14623,2024-08-08 07:03:43+00:00,,2024-08-14 14:02:35+00:00,
prometheus/prometheus,14622,2024-08-07 23:37:16+00:00,2024-08-08 00:51:39+00:00,2024-08-30 18:19:38+00:00,545.4663888888889
prometheus/prometheus,14621,2024-08-07 23:13:37+00:00,2024-08-13 21:02:35+00:00,2024-08-13 21:02:44+00:00,0.0025
prometheus/prometheus,14618,2024-08-07 17:21:51+00:00,2024-08-07 17:23:22+00:00,2024-10-20 17:19:52+00:00,1775.9416666666666
prometheus/prometheus,14617,2024-08-07 14:59:35+00:00,2024-08-12 16:14:26+00:00,2024-09-05 13:25:33+00:00,573.1852777777777
prometheus/prometheus,14614,2024-08-07 13:22:48+00:00,,2024-08-08 11:18:37+00:00,
prometheus/prometheus,14613,2024-08-07 10:05:27+00:00,2024-08-07 12:45:38+00:00,2024-08-07 13:03:00+00:00,0.28944444444444445
prometheus/prometheus,14612,2024-08-07 07:22:14+00:00,2024-09-03 08:53:37+00:00,2024-09-08 15:13:40+00:00,126.33416666666666
prometheus/prometheus,14611,2024-08-07 05:34:22+00:00,2024-08-08 11:41:03+00:00,2024-08-14 11:56:48+00:00,144.2625
prometheus/prometheus,14610,2024-08-07 04:46:53+00:00,,,
prometheus/prometheus,14609,2024-08-07 04:43:04+00:00,2024-08-08 12:03:19+00:00,2024-08-08 12:03:41+00:00,0.006111111111111111
prometheus/prometheus,14608,2024-08-07 02:42:34+00:00,,2024-08-08 12:46:31+00:00,
prometheus/prometheus,14606,2024-08-06 21:03:28+00:00,,2025-07-08 12:27:11+00:00,
prometheus/prometheus,14605,2024-08-06 18:20:16+00:00,2024-08-06 19:17:06+00:00,2024-08-07 19:02:08+00:00,23.750555555555554
prometheus/prometheus,14599,2024-08-06 10:46:16+00:00,2024-08-06 10:46:42+00:00,2024-10-16 13:16:55+00:00,1706.503611111111
prometheus/prometheus,14598,2024-08-06 08:52:48+00:00,2024-08-07 08:35:39+00:00,2024-08-07 15:14:15+00:00,6.6433333333333335
prometheus/prometheus,14597,2024-08-06 08:20:55+00:00,2024-08-06 08:48:09+00:00,2024-08-06 09:13:09+00:00,0.4166666666666667
prometheus/prometheus,14596,2024-08-06 06:06:04+00:00,,2024-08-06 06:09:52+00:00,
prometheus/prometheus,14594,2024-08-05 16:58:36+00:00,,2024-08-05 21:28:50+00:00,
prometheus/prometheus,14593,2024-08-05 15:44:07+00:00,,2024-08-06 05:58:58+00:00,
prometheus/prometheus,14590,2024-08-04 16:52:22+00:00,2024-08-04 16:53:42+00:00,2024-08-04 17:09:47+00:00,0.26805555555555555
prometheus/prometheus,14589,2024-08-04 16:00:37+00:00,2024-08-04 16:10:04+00:00,2024-08-04 16:15:22+00:00,0.08833333333333333
prometheus/prometheus,14588,2024-08-04 15:58:57+00:00,2024-08-04 16:07:09+00:00,2024-08-04 16:13:55+00:00,0.11277777777777778
prometheus/prometheus,14587,2024-08-04 15:58:51+00:00,2024-08-04 16:27:15+00:00,2024-08-04 16:33:50+00:00,0.10972222222222222
prometheus/prometheus,14586,2024-08-04 07:39:03+00:00,2024-08-06 13:31:19+00:00,2024-10-13 08:24:52+00:00,1626.8925
prometheus/prometheus,14585,2024-08-04 00:41:44+00:00,2024-08-21 12:42:59+00:00,2024-08-28 15:21:32+00:00,170.6425
prometheus/prometheus,14584,2024-08-03 22:38:40+00:00,2024-08-05 14:56:47+00:00,2024-08-05 15:04:27+00:00,0.12777777777777777
prometheus/prometheus,14583,2024-08-03 13:20:30+00:00,2024-08-03 13:25:51+00:00,2024-08-03 13:35:22+00:00,0.15861111111111112
prometheus/prometheus,14582,2024-08-03 13:09:03+00:00,,2024-09-16 19:41:13+00:00,
prometheus/prometheus,14581,2024-08-03 05:41:15+00:00,2024-08-06 08:06:57+00:00,2024-08-08 10:09:39+00:00,50.045
prometheus/prometheus,14579,2024-08-02 12:51:54+00:00,2024-08-05 10:10:58+00:00,2024-08-06 12:39:22+00:00,26.473333333333333
prometheus/prometheus,14576,2024-08-02 06:54:47+00:00,2024-08-06 06:27:22+00:00,2024-09-20 06:26:54+00:00,1079.9922222222222
prometheus/prometheus,14575,2024-08-02 03:31:21+00:00,2024-08-02 16:03:46+00:00,2024-08-06 08:10:40+00:00,88.115
prometheus/prometheus,14573,2024-08-01 23:54:23+00:00,,2024-08-09 10:06:05+00:00,
prometheus/prometheus,14572,2024-08-01 23:54:18+00:00,,2024-08-06 12:45:13+00:00,
prometheus/prometheus,14571,2024-08-01 23:46:49+00:00,,2024-08-09 10:05:37+00:00,
prometheus/prometheus,14570,2024-08-01 23:46:45+00:00,,2024-08-08 12:45:43+00:00,
prometheus/prometheus,14569,2024-08-01 23:46:42+00:00,,2024-08-06 12:46:48+00:00,
prometheus/prometheus,14568,2024-08-01 23:46:34+00:00,,2024-08-09 10:05:24+00:00,
prometheus/prometheus,14567,2024-08-01 23:46:30+00:00,,2024-08-08 12:44:46+00:00,
prometheus/prometheus,14566,2024-08-01 23:46:28+00:00,,2024-08-08 12:43:55+00:00,
prometheus/prometheus,14565,2024-08-01 23:40:29+00:00,,2024-09-16 19:51:56+00:00,
prometheus/prometheus,14564,2024-08-01 23:39:09+00:00,2024-08-02 08:06:51+00:00,2024-08-02 08:06:52+00:00,0.0002777777777777778
prometheus/prometheus,14563,2024-08-01 23:38:54+00:00,,2024-08-27 16:59:40+00:00,
prometheus/prometheus,14562,2024-08-01 23:38:38+00:00,,2024-09-01 23:09:39+00:00,
prometheus/prometheus,14561,2024-08-01 23:38:17+00:00,,2024-09-01 23:14:07+00:00,
prometheus/prometheus,14560,2024-08-01 23:38:06+00:00,2024-08-02 08:07:23+00:00,2024-08-02 09:47:04+00:00,1.6613888888888888
prometheus/prometheus,14559,2024-08-01 23:37:49+00:00,,2024-08-27 16:59:40+00:00,
prometheus/prometheus,14558,2024-08-01 23:37:25+00:00,,2024-09-16 19:52:02+00:00,
prometheus/prometheus,14557,2024-08-01 23:37:10+00:00,,2024-09-16 19:52:51+00:00,
prometheus/prometheus,14556,2024-08-01 23:36:49+00:00,,2024-09-16 19:52:46+00:00,
prometheus/prometheus,14555,2024-08-01 23:20:58+00:00,,2024-08-06 12:56:33+00:00,
prometheus/prometheus,14554,2024-08-01 23:20:41+00:00,,2024-08-06 12:56:59+00:00,
prometheus/prometheus,14553,2024-08-01 23:20:29+00:00,,2024-08-09 10:06:37+00:00,
prometheus/prometheus,14552,2024-08-01 23:14:37+00:00,,2024-09-01 23:48:30+00:00,
prometheus/prometheus,14549,2024-08-01 19:41:13+00:00,2024-08-02 09:41:05+00:00,2024-08-02 09:41:09+00:00,0.0011111111111111111
prometheus/prometheus,14548,2024-08-01 18:09:33+00:00,2024-12-03 11:58:19+00:00,,
prometheus/prometheus,14546,2024-08-01 14:00:38+00:00,2024-08-13 14:14:57+00:00,2024-09-17 09:19:06+00:00,835.0691666666667
prometheus/prometheus,14544,2024-08-01 10:31:46+00:00,,2024-08-01 10:52:13+00:00,
prometheus/prometheus,14543,2024-08-01 10:14:45+00:00,2024-08-05 10:09:35+00:00,2024-08-13 13:54:13+00:00,195.74388888888888
prometheus/prometheus,14541,2024-07-31 12:21:51+00:00,,2024-12-10 11:21:53+00:00,
prometheus/prometheus,14540,2024-07-31 10:39:22+00:00,2024-07-31 11:15:41+00:00,2024-08-09 11:36:36+00:00,216.3486111111111
prometheus/prometheus,14539,2024-07-31 09:47:11+00:00,2024-07-31 10:26:36+00:00,2024-10-08 07:39:44+00:00,1653.2188888888888
prometheus/prometheus,14538,2024-07-31 09:19:35+00:00,2024-07-31 09:34:11+00:00,2024-07-31 09:34:54+00:00,0.011944444444444445
prometheus/prometheus,14537,2024-07-31 05:06:50+00:00,2024-07-31 06:29:44+00:00,2024-07-31 07:53:05+00:00,1.3891666666666667
prometheus/prometheus,14536,2024-07-30 15:45:54+00:00,2024-07-31 10:40:04+00:00,2024-07-31 10:40:10+00:00,0.0016666666666666668
prometheus/prometheus,14535,2024-07-30 15:45:42+00:00,2024-07-31 11:29:34+00:00,2024-07-31 11:29:48+00:00,0.0038888888888888888
prometheus/prometheus,14534,2024-07-30 15:45:32+00:00,2024-07-31 10:40:36+00:00,2024-07-31 10:40:51+00:00,0.004166666666666667
prometheus/prometheus,14533,2024-07-30 15:45:29+00:00,,2024-08-01 23:20:32+00:00,
prometheus/prometheus,14532,2024-07-30 15:45:13+00:00,2024-08-06 14:59:47+00:00,2024-08-06 15:00:13+00:00,0.007222222222222222
prometheus/prometheus,14531,2024-07-30 15:45:05+00:00,,2024-09-16 12:30:42+00:00,
prometheus/prometheus,14530,2024-07-30 15:44:58+00:00,2024-07-31 10:41:21+00:00,2024-07-31 10:41:25+00:00,0.0011111111111111111
prometheus/prometheus,14529,2024-07-30 15:44:52+00:00,2024-07-31 10:41:49+00:00,2024-07-31 10:41:53+00:00,0.0011111111111111111
prometheus/prometheus,14528,2024-07-30 15:44:46+00:00,,2024-08-01 23:14:41+00:00,
prometheus/prometheus,14527,2024-07-30 15:44:35+00:00,,2024-09-01 23:48:34+00:00,
prometheus/prometheus,14526,2024-07-30 14:01:18+00:00,2024-07-31 06:35:13+00:00,2024-08-20 17:30:46+00:00,490.92583333333334
prometheus/prometheus,14525,2024-07-30 08:30:13+00:00,2024-07-30 09:27:20+00:00,2024-07-31 06:39:38+00:00,21.205
prometheus/prometheus,14524,2024-07-29 17:45:21+00:00,,2024-07-30 09:11:16+00:00,
prometheus/prometheus,14523,2024-07-29 17:45:17+00:00,2024-07-30 09:58:35+00:00,2024-07-31 11:16:11+00:00,25.293333333333333
prometheus/prometheus,14519,2024-07-27 13:52:06+00:00,2024-12-10 11:26:18+00:00,2025-11-07 13:33:54+00:00,7970.126666666667
prometheus/prometheus,14518,2024-07-26 19:59:03+00:00,2024-12-21 15:14:46+00:00,2025-01-02 10:43:45+00:00,283.48305555555555
prometheus/prometheus,14517,2024-07-26 12:40:27+00:00,2024-07-26 12:42:57+00:00,2024-07-26 12:55:39+00:00,0.21166666666666667
prometheus/prometheus,14516,2024-07-26 12:33:53+00:00,2024-07-26 12:37:59+00:00,2024-08-07 17:01:03+00:00,292.38444444444445
prometheus/prometheus,14515,2024-07-26 08:53:11+00:00,2024-07-29 13:22:24+00:00,2024-07-29 17:39:19+00:00,4.281944444444444
prometheus/prometheus,14514,2024-07-26 08:08:41+00:00,2024-07-29 12:14:24+00:00,2024-07-30 06:43:06+00:00,18.47833333333333
prometheus/prometheus,14513,2024-07-26 08:00:09+00:00,2024-07-30 13:37:04+00:00,2024-08-01 07:22:32+00:00,41.757777777777775
prometheus/prometheus,14512,2024-07-25 15:27:20+00:00,,2024-07-25 15:30:17+00:00,
prometheus/prometheus,14510,2024-07-24 16:18:57+00:00,2024-07-25 21:10:12+00:00,2024-08-09 16:21:16+00:00,355.18444444444447
prometheus/prometheus,14509,2024-07-24 16:18:07+00:00,2024-07-29 13:14:01+00:00,2024-07-29 13:41:10+00:00,0.4525
prometheus/prometheus,14507,2024-07-24 13:13:24+00:00,,2024-10-08 16:12:36+00:00,
prometheus/prometheus,14506,2024-07-24 12:18:49+00:00,2024-07-24 12:25:25+00:00,2024-07-29 11:28:09+00:00,119.04555555555555
prometheus/prometheus,14505,2024-07-24 12:00:51+00:00,2024-07-24 16:02:20+00:00,2024-09-18 08:54:16+00:00,1336.8655555555556
prometheus/prometheus,14499,2024-07-22 22:07:53+00:00,2024-07-23 09:38:35+00:00,2024-07-29 17:47:11+00:00,152.14333333333335
prometheus/prometheus,14498,2024-07-22 20:05:18+00:00,2024-07-23 15:35:26+00:00,2024-07-25 16:51:29+00:00,49.2675
prometheus/prometheus,14497,2024-07-22 15:33:21+00:00,2024-07-22 17:53:44+00:00,2024-07-22 18:50:45+00:00,0.9502777777777778
prometheus/prometheus,14496,2024-07-22 14:44:29+00:00,2024-07-23 06:31:05+00:00,2024-07-24 09:15:39+00:00,26.74277777777778
prometheus/prometheus,14495,2024-07-22 07:14:10+00:00,2024-08-23 08:28:22+00:00,2024-10-16 12:52:11+00:00,1300.3969444444444
prometheus/prometheus,14494,2024-07-21 23:12:11+00:00,2024-07-31 16:49:40+00:00,,
prometheus/prometheus,14492,2024-07-21 14:10:27+00:00,,2025-07-08 11:53:46+00:00,
prometheus/prometheus,14491,2024-07-19 14:34:23+00:00,2024-07-19 14:37:09+00:00,2024-07-22 13:11:19+00:00,70.56944444444444
prometheus/prometheus,14490,2024-07-18 18:22:17+00:00,2024-07-18 18:58:09+00:00,2024-08-16 21:23:42+00:00,698.4258333333333
prometheus/prometheus,14489,2024-07-18 17:54:23+00:00,2024-08-19 15:47:40+00:00,2024-11-19 16:32:17+00:00,2208.743611111111
prometheus/prometheus,14488,2024-07-18 14:05:04+00:00,2024-07-23 14:59:22+00:00,2024-07-23 14:59:36+00:00,0.0038888888888888888
prometheus/prometheus,14487,2024-07-18 14:01:31+00:00,2024-07-24 16:07:01+00:00,2025-01-02 07:23:59+00:00,3879.282777777778
prometheus/prometheus,14484,2024-07-18 12:30:23+00:00,2024-07-18 12:51:53+00:00,2025-07-08 12:17:55+00:00,8519.433888888889
prometheus/prometheus,14483,2024-07-18 10:35:14+00:00,2024-07-18 11:15:31+00:00,2024-07-18 12:31:24+00:00,1.2647222222222223
prometheus/prometheus,14482,2024-07-17 18:11:47+00:00,2024-07-17 20:34:41+00:00,2024-08-06 17:43:39+00:00,477.14944444444444
prometheus/prometheus,14481,2024-07-17 15:17:51+00:00,2024-07-19 10:32:59+00:00,2024-07-19 10:34:28+00:00,0.024722222222222222
prometheus/prometheus,14479,2024-07-16 12:53:11+00:00,2024-08-12 08:00:26+00:00,2024-11-20 16:56:19+00:00,2408.9313888888887
prometheus/prometheus,14478,2024-07-16 06:46:59+00:00,2024-07-18 17:23:37+00:00,,
prometheus/prometheus,14477,2024-07-15 19:26:13+00:00,2024-08-21 12:01:43+00:00,2024-08-29 13:50:39+00:00,193.81555555555556
prometheus/prometheus,14476,2024-07-15 16:31:10+00:00,2024-07-16 16:01:57+00:00,2024-07-17 14:36:28+00:00,22.575277777777778
prometheus/prometheus,14475,2024-07-15 16:19:48+00:00,,2025-12-02 15:33:23+00:00,
prometheus/prometheus,14474,2024-07-15 15:12:07+00:00,2024-07-18 10:31:52+00:00,2024-07-18 11:15:58+00:00,0.735
prometheus/prometheus,14473,2024-07-15 12:53:59+00:00,,2024-07-29 12:48:51+00:00,
prometheus/prometheus,14472,2024-07-15 11:15:11+00:00,,2024-07-29 12:43:18+00:00,
prometheus/prometheus,14471,2024-07-15 09:18:26+00:00,2024-07-15 15:16:38+00:00,2024-12-10 11:25:27+00:00,3548.1469444444447
prometheus/prometheus,14470,2024-07-15 08:55:44+00:00,2024-07-24 12:52:20+00:00,2024-07-24 12:54:59+00:00,0.04416666666666667
prometheus/prometheus,14469,2024-07-15 04:13:03+00:00,2024-07-15 08:59:41+00:00,2024-07-16 07:43:47+00:00,22.735
prometheus/prometheus,14468,2024-07-14 16:12:26+00:00,2024-07-14 16:14:27+00:00,2024-07-14 16:39:03+00:00,0.41
prometheus/prometheus,14467,2024-07-14 12:04:28+00:00,2024-07-15 09:00:59+00:00,2024-07-15 09:01:10+00:00,0.0030555555555555557
prometheus/prometheus,14466,2024-07-13 22:45:39+00:00,,2024-07-24 12:54:20+00:00,
prometheus/prometheus,14465,2024-07-12 10:25:33+00:00,2025-01-07 11:09:47+00:00,2025-07-11 16:15:01+00:00,4445.087222222222
prometheus/prometheus,14464,2024-07-11 22:50:37+00:00,2024-07-16 03:08:21+00:00,2024-07-17 12:57:46+00:00,33.82361111111111
prometheus/prometheus,14463,2024-07-11 12:19:01+00:00,2024-07-12 20:24:04+00:00,2024-07-15 09:04:42+00:00,60.67722222222222
prometheus/prometheus,14462,2024-07-11 09:41:18+00:00,,2024-08-01 11:27:04+00:00,
prometheus/prometheus,14461,2024-07-10 15:46:05+00:00,2024-07-16 06:19:38+00:00,2024-07-23 20:09:07+00:00,181.82472222222222
prometheus/prometheus,14460,2024-07-10 15:35:16+00:00,,2024-09-16 19:53:14+00:00,
prometheus/prometheus,14459,2024-07-10 15:35:16+00:00,2024-07-14 16:11:11+00:00,2024-07-14 16:11:16+00:00,0.001388888888888889
prometheus/prometheus,14458,2024-07-10 15:35:15+00:00,2024-07-14 16:10:34+00:00,2024-07-14 16:12:14+00:00,0.027777777777777776
prometheus/prometheus,14456,2024-07-10 15:11:47+00:00,,2024-07-10 15:11:57+00:00,
prometheus/prometheus,14455,2024-07-10 10:19:07+00:00,2024-07-10 15:21:50+00:00,2024-07-10 15:34:01+00:00,0.20305555555555554
prometheus/prometheus,14454,2024-07-10 09:56:44+00:00,2024-07-10 10:50:14+00:00,2024-07-10 11:07:45+00:00,0.29194444444444445
prometheus/prometheus,14453,2024-07-10 09:16:13+00:00,2024-07-10 09:22:42+00:00,2024-07-10 09:42:26+00:00,0.3288888888888889
prometheus/prometheus,14452,2024-07-10 09:12:24+00:00,2024-07-10 09:18:03+00:00,2024-07-10 10:14:07+00:00,0.9344444444444444
prometheus/prometheus,14451,2024-07-10 04:47:26+00:00,2024-07-10 16:12:29+00:00,2024-07-11 15:05:23+00:00,22.881666666666668
prometheus/prometheus,14450,2024-07-09 22:50:23+00:00,2024-07-10 20:15:00+00:00,2024-07-30 21:08:29+00:00,480.8913888888889
prometheus/prometheus,14448,2024-07-09 21:25:34+00:00,2024-07-10 03:51:58+00:00,2024-07-10 11:16:15+00:00,7.404722222222222
prometheus/prometheus,14447,2024-07-09 17:58:37+00:00,2024-07-10 15:30:35+00:00,2024-09-26 16:35:15+00:00,1873.0777777777778
prometheus/prometheus,14446,2024-07-09 15:26:23+00:00,2024-07-09 16:45:57+00:00,2024-07-10 09:00:31+00:00,16.24277777777778
prometheus/prometheus,14445,2024-07-09 15:19:44+00:00,2024-07-10 10:56:14+00:00,2024-07-10 10:56:45+00:00,0.008611111111111111
prometheus/prometheus,14444,2024-07-09 09:35:24+00:00,2024-07-09 23:47:02+00:00,2024-07-19 17:53:40+00:00,234.11055555555555
prometheus/prometheus,14440,2024-07-09 00:03:14+00:00,2024-08-08 13:12:36+00:00,,
prometheus/prometheus,14439,2024-07-08 18:06:20+00:00,2024-07-09 00:03:07+00:00,2025-12-16 11:25:42+00:00,12611.37638888889
prometheus/prometheus,14438,2024-07-08 17:26:57+00:00,2024-07-09 09:32:06+00:00,2024-07-16 18:12:23+00:00,176.67138888888888
prometheus/prometheus,14437,2024-07-08 17:07:38+00:00,2024-07-10 14:19:58+00:00,2024-07-11 14:43:58+00:00,24.4
prometheus/prometheus,14436,2024-07-08 10:17:30+00:00,2024-07-11 23:25:09+00:00,2024-08-05 11:40:23+00:00,588.2538888888889
prometheus/prometheus,14435,2024-07-08 10:13:46+00:00,,2024-10-29 15:05:49+00:00,
prometheus/prometheus,14434,2024-07-08 08:00:48+00:00,,2024-07-10 13:59:55+00:00,
prometheus/prometheus,14433,2024-07-08 01:14:19+00:00,,2024-07-08 01:15:34+00:00,
prometheus/prometheus,14431,2024-07-07 11:28:13+00:00,2024-07-07 15:30:00+00:00,2024-07-09 20:51:38+00:00,53.36055555555556
prometheus/prometheus,14430,2024-07-07 09:56:25+00:00,2024-07-07 10:27:09+00:00,2024-07-07 10:27:13+00:00,0.0011111111111111111
prometheus/prometheus,14429,2024-07-06 21:51:28+00:00,2024-07-06 22:24:22+00:00,2024-07-06 22:24:34+00:00,0.0033333333333333335
prometheus/prometheus,14427,2024-07-05 15:09:54+00:00,2024-07-05 16:17:00+00:00,2024-07-12 07:11:39+00:00,158.91083333333333
prometheus/prometheus,14426,2024-07-05 14:46:41+00:00,2024-07-08 15:25:35+00:00,2024-07-11 10:33:13+00:00,67.12722222222222
prometheus/prometheus,14425,2024-07-05 14:19:04+00:00,2024-07-05 14:26:35+00:00,2024-09-21 10:19:22+00:00,1867.8797222222222
prometheus/prometheus,14424,2024-07-05 13:27:36+00:00,2024-07-09 22:56:23+00:00,2024-07-09 22:56:32+00:00,0.0025
prometheus/prometheus,14423,2024-07-05 11:41:04+00:00,2024-07-23 09:20:18+00:00,2024-10-01 08:25:46+00:00,1679.091111111111
prometheus/prometheus,14420,2024-07-05 10:06:03+00:00,2024-07-14 16:46:02+00:00,2024-07-15 10:53:41+00:00,18.1275
prometheus/prometheus,14419,2024-07-05 09:31:37+00:00,,2024-07-05 10:01:16+00:00,
prometheus/prometheus,14417,2024-07-05 07:37:05+00:00,2024-07-18 07:20:35+00:00,2024-07-31 13:31:42+00:00,318.1852777777778
prometheus/prometheus,14416,2024-07-05 06:50:05+00:00,2024-07-09 06:39:28+00:00,2024-07-09 06:54:49+00:00,0.25583333333333336
prometheus/prometheus,14413,2024-07-04 13:32:50+00:00,2024-07-04 17:41:53+00:00,2024-08-06 17:56:32+00:00,792.2441666666666
prometheus/prometheus,14406,2024-07-03 23:48:07+00:00,,2024-07-03 23:49:04+00:00,
prometheus/prometheus,14403,2024-07-03 19:45:26+00:00,2024-07-09 13:56:41+00:00,2024-08-28 02:12:24+00:00,1188.2619444444445
prometheus/prometheus,14401,2024-07-03 17:11:45+00:00,2024-07-11 08:29:11+00:00,2024-07-16 14:03:51+00:00,125.57777777777778
prometheus/prometheus,14399,2024-07-03 13:48:05+00:00,,2024-07-03 13:48:46+00:00,
prometheus/prometheus,14396,2024-07-02 17:22:44+00:00,2024-07-03 09:30:03+00:00,2024-07-03 14:08:07+00:00,4.634444444444444
prometheus/prometheus,14395,2024-07-02 15:12:50+00:00,2024-07-02 15:15:52+00:00,2024-07-04 21:29:20+00:00,54.224444444444444
prometheus/prometheus,14394,2024-07-02 15:11:35+00:00,,2024-07-22 05:52:00+00:00,
prometheus/prometheus,14393,2024-07-02 11:18:08+00:00,2024-07-02 13:22:17+00:00,2024-07-02 13:51:05+00:00,0.48
prometheus/prometheus,14392,2024-07-02 11:16:07+00:00,2024-07-03 11:32:39+00:00,2024-07-02 15:20:32+00:00,-20.201944444444443
prometheus/prometheus,14390,2024-07-01 23:43:05+00:00,2024-07-14 16:15:45+00:00,2024-07-14 16:15:51+00:00,0.0016666666666666668
prometheus/prometheus,14389,2024-07-01 23:29:41+00:00,,2024-07-02 10:31:03+00:00,
prometheus/prometheus,14388,2024-07-01 23:29:21+00:00,2024-07-02 10:30:45+00:00,2024-07-02 10:30:50+00:00,0.001388888888888889
prometheus/prometheus,14387,2024-07-01 23:28:10+00:00,,2024-07-01 23:43:08+00:00,
prometheus/prometheus,14386,2024-07-01 23:28:04+00:00,2024-07-14 16:16:15+00:00,2024-07-14 16:16:19+00:00,0.0011111111111111111
prometheus/prometheus,14385,2024-07-01 23:27:44+00:00,2024-07-14 17:30:10+00:00,2024-07-14 17:30:15+00:00,0.001388888888888889
prometheus/prometheus,14384,2024-07-01 23:18:47+00:00,2024-07-14 16:19:06+00:00,2024-07-14 17:23:36+00:00,1.075
prometheus/prometheus,14383,2024-07-01 23:05:42+00:00,2024-07-15 09:42:36+00:00,2024-07-15 09:42:41+00:00,0.001388888888888889
prometheus/prometheus,14382,2024-07-01 23:05:24+00:00,2024-07-30 11:30:44+00:00,2024-07-30 11:30:49+00:00,0.001388888888888889
prometheus/prometheus,14381,2024-07-01 23:05:07+00:00,,2024-08-03 13:09:07+00:00,
prometheus/prometheus,14380,2024-07-01 23:04:50+00:00,,2024-09-16 19:53:13+00:00,
prometheus/prometheus,14379,2024-07-01 23:04:28+00:00,2024-07-15 07:52:48+00:00,2024-07-15 07:52:55+00:00,0.0019444444444444444
prometheus/prometheus,14378,2024-07-01 23:03:30+00:00,,2024-07-14 16:39:54+00:00,
prometheus/prometheus,14377,2024-07-01 23:03:16+00:00,,2024-07-14 16:12:41+00:00,
prometheus/prometheus,14376,2024-07-01 23:03:03+00:00,,2024-08-01 23:38:45+00:00,
prometheus/prometheus,14375,2024-07-01 23:02:46+00:00,2024-07-14 17:31:24+00:00,2024-07-14 17:31:30+00:00,0.0016666666666666668
prometheus/prometheus,14374,2024-07-01 23:02:27+00:00,2024-07-14 17:31:59+00:00,2024-07-14 17:32:10+00:00,0.0030555555555555557
prometheus/prometheus,14373,2024-07-01 14:44:51+00:00,,2024-10-01 08:25:29+00:00,
prometheus/prometheus,14372,2024-07-01 12:40:38+00:00,,2024-07-01 13:03:08+00:00,
prometheus/prometheus,14371,2024-07-01 11:39:21+00:00,2024-07-01 11:46:59+00:00,2024-07-01 12:06:08+00:00,0.31916666666666665
prometheus/prometheus,14369,2024-07-01 09:12:51+00:00,2024-07-02 08:48:52+00:00,2024-07-03 11:33:08+00:00,26.73777777777778
prometheus/prometheus,14368,2024-07-01 08:22:59+00:00,2024-07-01 08:47:59+00:00,2024-07-01 08:59:52+00:00,0.19805555555555557
prometheus/prometheus,14367,2024-06-30 19:45:14+00:00,2024-08-14 13:40:25+00:00,2025-01-21 10:40:15+00:00,3836.9972222222223
prometheus/prometheus,14366,2024-06-28 23:39:13+00:00,2024-06-29 19:42:47+00:00,2024-06-29 19:42:54+00:00,0.0019444444444444444
prometheus/prometheus,14365,2024-06-28 14:06:35+00:00,2024-08-09 10:48:37+00:00,2024-08-09 10:48:54+00:00,0.004722222222222222
prometheus/prometheus,14364,2024-06-28 12:46:37+00:00,2024-07-10 15:17:07+00:00,2024-10-16 12:36:37+00:00,2349.325
prometheus/prometheus,14362,2024-06-28 01:24:12+00:00,2024-06-30 14:58:43+00:00,2024-07-03 05:05:04+00:00,62.10583333333334
prometheus/prometheus,14361,2024-06-27 16:24:53+00:00,2024-06-27 19:41:00+00:00,2024-06-28 07:07:06+00:00,11.435
prometheus/prometheus,14358,2024-06-27 14:22:46+00:00,2024-06-27 14:24:16+00:00,2024-09-16 13:40:34+00:00,1943.2716666666668
prometheus/prometheus,14356,2024-06-27 13:56:05+00:00,2024-06-27 15:08:54+00:00,2024-08-08 11:35:35+00:00,1004.4447222222223
prometheus/prometheus,14354,2024-06-27 10:26:12+00:00,2024-07-10 12:06:17+00:00,2024-08-14 13:39:30+00:00,841.5536111111111
prometheus/prometheus,14352,2024-06-26 17:05:35+00:00,2024-06-26 17:13:05+00:00,2024-06-27 14:56:40+00:00,21.726388888888888
prometheus/prometheus,14351,2024-06-26 15:27:45+00:00,,2025-04-21 07:53:22+00:00,
prometheus/prometheus,14348,2024-06-26 11:27:33+00:00,,2024-06-27 07:17:15+00:00,
prometheus/prometheus,14347,2024-06-26 10:29:17+00:00,2024-06-26 11:34:12+00:00,2024-07-02 13:01:56+00:00,145.4622222222222
prometheus/prometheus,14346,2024-06-25 17:53:00+00:00,2024-06-26 06:40:52+00:00,2024-07-30 15:25:19+00:00,824.7408333333333
prometheus/prometheus,14345,2024-06-25 14:35:44+00:00,2024-06-25 14:55:35+00:00,2024-06-25 15:34:45+00:00,0.6527777777777778
prometheus/prometheus,14343,2024-06-25 07:18:04+00:00,2024-07-11 09:59:08+00:00,2024-07-22 07:09:39+00:00,261.17527777777775
prometheus/prometheus,14341,2024-06-25 04:26:30+00:00,2024-06-25 08:23:18+00:00,2024-06-25 08:23:54+00:00,0.01
prometheus/prometheus,14340,2024-06-24 23:15:19+00:00,2024-06-25 15:29:46+00:00,2024-06-25 16:01:25+00:00,0.5275
prometheus/prometheus,14339,2024-06-24 15:54:36+00:00,2024-06-25 08:32:54+00:00,2024-12-11 07:01:46+00:00,4054.481111111111
prometheus/prometheus,14338,2024-06-24 14:22:04+00:00,2024-06-26 04:43:23+00:00,2024-06-26 10:29:47+00:00,5.773333333333333
prometheus/prometheus,14337,2024-06-24 11:15:31+00:00,,2024-06-24 11:28:16+00:00,
prometheus/prometheus,14335,2024-06-24 06:49:44+00:00,2024-06-25 04:24:48+00:00,2024-06-25 06:15:28+00:00,1.8444444444444446
prometheus/prometheus,14334,2024-06-22 07:10:48+00:00,2024-06-22 08:16:04+00:00,2025-01-06 19:29:22+00:00,4763.221666666666
prometheus/prometheus,14333,2024-06-21 18:25:43+00:00,2024-06-27 14:51:02+00:00,2024-06-30 11:26:48+00:00,68.59611111111111
prometheus/prometheus,14332,2024-06-21 17:23:58+00:00,2024-06-21 17:37:10+00:00,2024-09-03 09:29:09+00:00,1767.8663888888889
prometheus/prometheus,14330,2024-06-21 12:17:05+00:00,2024-06-21 12:41:42+00:00,2024-06-21 19:38:56+00:00,6.953888888888889
prometheus/prometheus,14329,2024-06-21 11:27:20+00:00,2024-06-25 12:02:34+00:00,2024-06-26 10:20:01+00:00,22.29083333333333
prometheus/prometheus,14328,2024-06-21 10:37:54+00:00,2024-06-27 09:39:19+00:00,2024-07-05 10:46:31+00:00,193.12
prometheus/prometheus,14327,2024-06-20 14:53:28+00:00,2024-06-20 17:06:02+00:00,2024-07-06 09:05:00+00:00,375.98277777777776
prometheus/prometheus,14326,2024-06-20 13:36:11+00:00,2024-06-20 23:45:08+00:00,2024-06-20 23:45:13+00:00,0.001388888888888889
prometheus/prometheus,14325,2024-06-20 12:12:10+00:00,2024-07-03 16:02:21+00:00,2024-07-23 13:22:32+00:00,477.3363888888889
prometheus/prometheus,14324,2024-06-20 11:49:49+00:00,2024-06-20 17:25:19+00:00,2024-06-20 17:25:45+00:00,0.007222222222222222
prometheus/prometheus,14322,2024-06-20 10:47:51+00:00,2024-06-27 13:07:46+00:00,2024-07-05 09:11:32+00:00,188.06277777777777
prometheus/prometheus,14318,2024-06-19 23:03:53+00:00,2025-01-07 11:23:43+00:00,,
prometheus/prometheus,14317,2024-06-19 18:10:22+00:00,2024-06-19 18:51:02+00:00,2025-12-16 11:35:44+00:00,13072.745
prometheus/prometheus,14316,2024-06-19 15:33:04+00:00,2024-06-19 16:40:04+00:00,2024-06-20 06:53:17+00:00,14.220277777777778
prometheus/prometheus,14315,2024-06-19 08:24:16+00:00,,2024-09-16 19:52:56+00:00,
prometheus/prometheus,14314,2024-06-19 08:24:09+00:00,,2024-08-01 23:40:34+00:00,
prometheus/prometheus,14313,2024-06-19 07:41:49+00:00,2024-06-19 07:42:26+00:00,2024-06-19 08:23:02+00:00,0.6766666666666666
prometheus/prometheus,14312,2024-06-18 22:35:15+00:00,2024-06-21 09:08:20+00:00,2024-06-30 17:18:18+00:00,224.16611111111112
prometheus/prometheus,14311,2024-06-18 18:42:11+00:00,2024-06-19 09:47:24+00:00,2024-06-19 10:02:41+00:00,0.25472222222222224
prometheus/prometheus,14309,2024-06-18 12:15:28+00:00,2024-06-18 12:16:21+00:00,2024-06-21 13:46:06+00:00,73.49583333333334
prometheus/prometheus,14308,2024-06-18 11:46:16+00:00,2024-06-18 11:46:34+00:00,2024-06-19 15:51:57+00:00,28.08972222222222
prometheus/prometheus,14307,2024-06-17 11:30:02+00:00,2024-06-18 10:05:22+00:00,2024-06-18 10:28:56+00:00,0.3927777777777778
prometheus/prometheus,14306,2024-06-17 08:45:56+00:00,2024-06-17 08:52:05+00:00,2024-06-18 09:23:08+00:00,24.5175
prometheus/prometheus,14305,2024-06-17 06:58:07+00:00,2024-06-18 15:11:47+00:00,2024-06-18 15:27:55+00:00,0.2688888888888889
prometheus/prometheus,14304,2024-06-16 11:32:28+00:00,2024-06-16 11:36:41+00:00,2024-06-25 11:25:40+00:00,215.8163888888889
prometheus/prometheus,14303,2024-06-16 08:24:31+00:00,2024-06-17 20:47:57+00:00,2024-06-18 13:08:14+00:00,16.338055555555556
prometheus/prometheus,14302,2024-06-15 18:44:06+00:00,2024-06-16 08:26:38+00:00,2024-06-17 06:36:57+00:00,22.171944444444446
prometheus/prometheus,14300,2024-06-14 12:11:24+00:00,2024-06-14 13:02:40+00:00,2024-06-14 13:02:47+00:00,0.0019444444444444444
prometheus/prometheus,14299,2024-06-14 07:30:16+00:00,2024-06-16 07:03:32+00:00,2024-06-18 09:57:37+00:00,50.90138888888889
prometheus/prometheus,14297,2024-06-13 20:22:49+00:00,2024-06-14 12:34:05+00:00,2024-06-19 05:46:13+00:00,113.20222222222222
prometheus/prometheus,14296,2024-06-13 16:48:17+00:00,2024-06-18 09:18:46+00:00,2024-06-19 10:28:54+00:00,25.16888888888889
prometheus/prometheus,14293,2024-06-12 17:56:53+00:00,,2024-06-26 13:24:24+00:00,
prometheus/prometheus,14292,2024-06-12 16:12:23+00:00,2024-06-20 14:58:18+00:00,2024-06-20 15:06:28+00:00,0.1361111111111111
prometheus/prometheus,14290,2024-06-12 06:50:31+00:00,2024-06-12 08:42:24+00:00,2024-06-26 10:32:04+00:00,337.8277777777778
prometheus/prometheus,14288,2024-06-11 09:19:28+00:00,2024-06-11 09:24:08+00:00,2024-06-11 09:58:11+00:00,0.5675
prometheus/prometheus,14287,2024-06-11 09:08:52+00:00,2024-06-12 17:49:51+00:00,2024-06-18 14:50:30+00:00,141.01083333333332
prometheus/prometheus,14286,2024-06-10 07:58:46+00:00,2024-06-10 09:27:23+00:00,2024-06-10 12:24:17+00:00,2.9483333333333333
prometheus/prometheus,14285,2024-06-10 07:35:37+00:00,2024-06-11 09:10:57+00:00,2024-06-11 09:14:50+00:00,0.06472222222222222
prometheus/prometheus,14284,2024-06-10 06:44:20+00:00,2024-06-10 23:00:48+00:00,2024-06-11 12:01:40+00:00,13.014444444444445
prometheus/prometheus,14282,2024-06-08 15:00:16+00:00,,2024-06-11 08:12:42+00:00,
prometheus/prometheus,14280,2024-06-07 16:32:48+00:00,2024-06-10 21:58:30+00:00,2024-06-11 13:36:46+00:00,15.637777777777778
prometheus/prometheus,14279,2024-06-07 14:21:16+00:00,2024-06-10 22:05:40+00:00,2024-06-10 22:06:20+00:00,0.011111111111111112
prometheus/prometheus,14277,2024-06-07 13:12:14+00:00,2024-06-11 08:54:42+00:00,2024-06-11 08:55:02+00:00,0.005555555555555556
prometheus/prometheus,14276,2024-06-07 08:22:04+00:00,2024-06-07 08:22:50+00:00,2024-06-07 08:40:32+00:00,0.295
prometheus/prometheus,14273,2024-06-06 16:39:16+00:00,2024-06-06 17:47:30+00:00,2024-06-06 17:47:36+00:00,0.0016666666666666668
prometheus/prometheus,14272,2024-06-06 16:38:44+00:00,,2024-06-06 17:11:38+00:00,
prometheus/prometheus,14271,2024-06-06 16:37:29+00:00,,2024-06-06 17:11:07+00:00,
prometheus/prometheus,14270,2024-06-06 16:37:11+00:00,,2024-06-06 17:12:15+00:00,
prometheus/prometheus,14269,2024-06-06 15:49:56+00:00,2024-06-07 05:48:52+00:00,2024-06-08 14:59:47+00:00,33.18194444444445
prometheus/prometheus,14267,2024-06-06 11:29:41+00:00,,2024-09-16 19:53:11+00:00,
prometheus/prometheus,14266,2024-06-06 11:29:06+00:00,,2024-06-06 13:54:07+00:00,
prometheus/prometheus,14265,2024-06-06 11:28:26+00:00,,2024-06-06 13:56:52+00:00,
prometheus/prometheus,14264,2024-06-06 11:27:50+00:00,,2024-06-06 13:55:51+00:00,
prometheus/prometheus,14263,2024-06-06 11:27:22+00:00,,2024-06-06 13:54:45+00:00,
prometheus/prometheus,14262,2024-06-06 11:26:56+00:00,,2024-06-06 15:59:45+00:00,
prometheus/prometheus,14261,2024-06-06 11:26:16+00:00,,2024-06-06 12:13:09+00:00,
prometheus/prometheus,14260,2024-06-06 11:25:46+00:00,,2024-06-06 13:57:29+00:00,
prometheus/prometheus,14259,2024-06-06 11:24:58+00:00,,2024-06-06 12:13:47+00:00,
prometheus/prometheus,14258,2024-06-06 11:24:38+00:00,,2024-06-19 08:24:20+00:00,
prometheus/prometheus,14257,2024-06-06 11:24:12+00:00,,2024-06-06 13:56:08+00:00,
prometheus/prometheus,14256,2024-06-06 08:27:10+00:00,,2024-06-06 11:20:34+00:00,
prometheus/prometheus,14255,2024-06-06 07:58:13+00:00,2024-06-06 14:05:07+00:00,2024-06-07 06:35:10+00:00,16.500833333333333
prometheus/prometheus,14252,2024-06-05 15:22:00+00:00,2024-06-14 20:57:31+00:00,2024-06-19 08:24:13+00:00,107.445
prometheus/prometheus,14251,2024-06-05 15:18:32+00:00,,2024-06-06 07:55:55+00:00,
prometheus/prometheus,14250,2024-06-05 15:18:07+00:00,,2024-06-06 07:59:07+00:00,
prometheus/prometheus,14249,2024-06-05 15:17:49+00:00,,2024-06-06 07:59:39+00:00,
prometheus/prometheus,14248,2024-06-05 15:17:21+00:00,,2024-06-06 08:08:29+00:00,
prometheus/prometheus,14247,2024-06-05 15:17:05+00:00,,2024-09-16 19:53:05+00:00,
prometheus/prometheus,14246,2024-06-05 15:16:39+00:00,,2024-06-06 08:09:30+00:00,
prometheus/prometheus,14245,2024-06-05 15:16:28+00:00,,2024-09-16 19:51:32+00:00,
prometheus/prometheus,14244,2024-06-05 15:16:06+00:00,,2024-06-06 17:15:58+00:00,
prometheus/prometheus,14243,2024-06-05 15:15:50+00:00,,2024-06-06 11:21:04+00:00,
prometheus/prometheus,14242,2024-06-05 15:15:29+00:00,2024-06-05 15:59:17+00:00,2024-06-05 16:12:57+00:00,0.22777777777777777
prometheus/prometheus,14241,2024-06-05 15:15:28+00:00,,2024-06-06 08:10:53+00:00,
prometheus/prometheus,14240,2024-06-05 15:15:11+00:00,2024-06-05 15:59:43+00:00,2024-06-05 18:28:39+00:00,2.482222222222222
prometheus/prometheus,14239,2024-06-05 15:15:11+00:00,,2024-06-06 08:24:02+00:00,
prometheus/prometheus,14238,2024-06-05 15:14:56+00:00,,2024-06-05 16:16:31+00:00,
prometheus/prometheus,14237,2024-06-05 15:14:53+00:00,,2024-06-06 08:11:42+00:00,
prometheus/prometheus,14236,2024-06-05 15:14:45+00:00,2024-06-05 15:40:07+00:00,2024-06-05 17:45:32+00:00,2.0902777777777777
prometheus/prometheus,14235,2024-06-05 15:14:36+00:00,,2024-07-01 23:18:50+00:00,
prometheus/prometheus,14234,2024-06-05 15:14:34+00:00,,2024-06-06 11:22:16+00:00,
prometheus/prometheus,14233,2024-06-05 15:14:17+00:00,,2024-06-06 13:55:11+00:00,
prometheus/prometheus,14232,2024-06-05 15:14:01+00:00,,2024-09-16 19:46:15+00:00,
prometheus/prometheus,14231,2024-06-05 15:13:51+00:00,,2024-06-05 15:23:20+00:00,
prometheus/prometheus,14230,2024-06-05 15:13:51+00:00,,2024-06-06 08:12:06+00:00,
prometheus/prometheus,14228,2024-06-05 14:58:33+00:00,2024-06-06 13:47:51+00:00,2025-02-11 16:21:29+00:00,6002.560555555556
prometheus/prometheus,14227,2024-06-05 14:20:12+00:00,2024-06-05 14:23:20+00:00,2024-06-05 15:13:10+00:00,0.8305555555555556
prometheus/prometheus,14226,2024-06-05 14:18:03+00:00,,2024-06-05 15:07:43+00:00,
prometheus/prometheus,14225,2024-06-05 14:17:58+00:00,,2024-06-05 15:07:42+00:00,
prometheus/prometheus,14224,2024-06-05 14:17:56+00:00,,2024-06-05 15:38:37+00:00,
prometheus/prometheus,14223,2024-06-05 14:17:50+00:00,,2024-06-05 15:07:37+00:00,
prometheus/prometheus,14222,2024-06-05 14:17:42+00:00,,2024-06-05 15:13:15+00:00,
prometheus/prometheus,14221,2024-06-05 13:43:29+00:00,2024-06-05 14:03:51+00:00,2024-06-05 17:02:50+00:00,2.9830555555555556
prometheus/prometheus,14216,2024-06-05 08:56:10+00:00,2024-06-05 15:33:27+00:00,2024-06-05 15:35:53+00:00,0.04055555555555555
prometheus/prometheus,14215,2024-06-05 08:41:28+00:00,,2024-06-05 09:11:53+00:00,
prometheus/prometheus,14213,2024-06-05 04:15:35+00:00,2024-06-10 22:26:53+00:00,2024-06-25 08:21:48+00:00,345.91527777777776
prometheus/prometheus,14212,2024-06-04 15:46:00+00:00,2024-06-05 12:14:10+00:00,2024-06-05 15:06:51+00:00,2.8780555555555556
prometheus/prometheus,14211,2024-06-04 14:29:02+00:00,2024-06-04 15:21:55+00:00,2024-06-04 15:51:26+00:00,0.49194444444444446
prometheus/prometheus,14210,2024-06-04 13:27:58+00:00,2024-06-04 13:34:26+00:00,2024-06-04 14:52:36+00:00,1.3027777777777778
prometheus/prometheus,14209,2024-06-04 12:55:21+00:00,2024-06-04 13:20:52+00:00,2024-06-10 22:09:11+00:00,152.80527777777777
prometheus/prometheus,14203,2024-06-04 04:02:09+00:00,2024-06-10 22:07:54+00:00,2025-01-07 11:40:29+00:00,5053.543055555556
prometheus/prometheus,14202,2024-06-03 21:43:42+00:00,2024-06-04 10:31:51+00:00,2024-06-10 18:40:11+00:00,152.13888888888889
prometheus/prometheus,14200,2024-06-03 16:02:45+00:00,2024-07-16 10:28:27+00:00,2024-07-21 11:27:24+00:00,120.9825
prometheus/prometheus,14199,2024-06-03 15:35:54+00:00,2024-06-03 17:22:20+00:00,2024-06-03 17:33:18+00:00,0.1827777777777778
prometheus/prometheus,14197,2024-06-03 14:02:13+00:00,2024-06-03 14:06:58+00:00,2024-06-03 14:37:46+00:00,0.5133333333333333
prometheus/prometheus,14194,2024-06-02 23:11:00+00:00,2024-06-04 10:48:07+00:00,2024-06-10 18:16:03+00:00,151.46555555555557
prometheus/prometheus,14191,2024-06-01 23:44:11+00:00,2024-06-04 14:00:46+00:00,2024-06-04 14:00:53+00:00,0.0019444444444444444
prometheus/prometheus,14190,2024-06-01 23:37:20+00:00,2024-06-04 15:25:29+00:00,2024-06-04 15:25:37+00:00,0.0022222222222222222
prometheus/prometheus,14189,2024-06-01 23:36:39+00:00,2024-06-04 14:45:27+00:00,2024-06-04 15:05:55+00:00,0.3411111111111111
prometheus/prometheus,14188,2024-06-01 23:36:24+00:00,,2024-06-03 11:57:13+00:00,
prometheus/prometheus,14187,2024-06-01 23:36:03+00:00,,2024-06-05 15:13:15+00:00,
prometheus/prometheus,14186,2024-06-01 23:35:56+00:00,,2024-06-03 11:56:50+00:00,
prometheus/prometheus,14185,2024-06-01 23:27:10+00:00,,2024-08-01 23:38:42+00:00,
prometheus/prometheus,14184,2024-06-01 23:21:41+00:00,,2024-06-05 15:22:04+00:00,
prometheus/prometheus,14183,2024-06-01 23:16:01+00:00,2024-06-04 14:15:39+00:00,2024-06-04 14:15:54+00:00,0.004166666666666667
prometheus/prometheus,14182,2024-06-01 23:15:57+00:00,2024-06-04 14:58:16+00:00,2024-06-04 15:19:39+00:00,0.35638888888888887
prometheus/prometheus,14181,2024-06-01 23:15:46+00:00,,2024-06-03 11:56:25+00:00,
prometheus/prometheus,14180,2024-06-01 23:15:41+00:00,2024-06-04 14:24:14+00:00,2024-06-04 14:24:20+00:00,0.0016666666666666668
prometheus/prometheus,14179,2024-06-01 23:15:36+00:00,,2024-06-03 11:56:09+00:00,
prometheus/prometheus,14178,2024-06-01 23:07:23+00:00,2024-06-04 13:54:11+00:00,2024-06-04 13:55:08+00:00,0.015833333333333335
prometheus/prometheus,14177,2024-06-01 23:07:04+00:00,2024-06-04 14:21:25+00:00,2024-06-04 14:21:32+00:00,0.0019444444444444444
prometheus/prometheus,14176,2024-06-01 20:45:01+00:00,2024-06-03 09:33:25+00:00,2024-06-05 15:43:40+00:00,54.170833333333334
prometheus/prometheus,14175,2024-05-31 16:43:53+00:00,,2025-01-07 11:43:12+00:00,
prometheus/prometheus,14174,2024-05-31 14:54:12+00:00,2024-05-31 15:04:57+00:00,2024-06-19 07:43:52+00:00,448.6486111111111
prometheus/prometheus,14173,2024-05-31 14:11:31+00:00,2024-06-05 10:39:43+00:00,2024-06-06 16:59:23+00:00,30.32777777777778
prometheus/prometheus,14171,2024-05-31 12:37:39+00:00,2024-06-03 11:51:45+00:00,2024-06-03 13:36:00+00:00,1.7375
prometheus/prometheus,14170,2024-05-30 23:38:02+00:00,2024-05-31 07:30:16+00:00,2024-06-10 22:31:41+00:00,255.0236111111111
prometheus/prometheus,14166,2024-05-29 21:50:11+00:00,2024-06-13 14:55:50+00:00,2025-07-22 11:49:59+00:00,9692.9025
prometheus/prometheus,14164,2024-05-29 13:42:47+00:00,2024-05-29 16:07:03+00:00,2024-05-30 14:37:20+00:00,22.504722222222224
prometheus/prometheus,14160,2024-05-28 21:48:47+00:00,2024-06-20 15:12:17+00:00,2024-09-26 16:45:57+00:00,2353.561111111111
prometheus/prometheus,14157,2024-05-28 09:56:51+00:00,2024-06-12 11:48:03+00:00,2024-06-18 11:40:08+00:00,143.86805555555554
prometheus/prometheus,14156,2024-05-28 09:32:37+00:00,2024-06-06 08:48:21+00:00,2024-06-20 13:36:20+00:00,340.7997222222222
prometheus/prometheus,14154,2024-05-28 03:24:25+00:00,2024-05-28 04:43:23+00:00,2024-05-28 08:06:08+00:00,3.379166666666667
prometheus/prometheus,14153,2024-05-27 19:59:08+00:00,2024-05-28 05:48:36+00:00,2024-05-28 05:57:56+00:00,0.15555555555555556
prometheus/prometheus,14152,2024-05-27 16:55:32+00:00,,2024-05-27 19:09:08+00:00,
prometheus/prometheus,14151,2024-05-27 15:20:15+00:00,2024-06-20 17:31:00+00:00,2024-06-26 17:21:41+00:00,143.84472222222223
prometheus/prometheus,14149,2024-05-27 13:38:08+00:00,2024-05-27 13:49:46+00:00,2024-05-27 16:25:02+00:00,2.5877777777777777
prometheus/prometheus,14148,2024-05-27 12:45:14+00:00,2024-05-27 15:14:10+00:00,2024-05-28 09:35:42+00:00,18.358888888888888
prometheus/prometheus,14145,2024-05-26 07:55:35+00:00,,2024-09-19 06:25:01+00:00,
prometheus/prometheus,14144,2024-05-25 07:29:50+00:00,2024-09-18 15:29:51+00:00,2024-11-19 15:49:02+00:00,1488.3197222222223
prometheus/prometheus,14143,2024-05-24 23:04:35+00:00,2024-05-24 23:21:52+00:00,2024-06-12 21:31:25+00:00,454.1591666666667
prometheus/prometheus,14142,2024-05-24 14:04:54+00:00,2024-06-01 00:39:01+00:00,2024-07-09 13:48:46+00:00,925.1625
prometheus/prometheus,14141,2024-05-24 13:32:54+00:00,2024-05-27 15:29:04+00:00,2024-05-29 13:36:38+00:00,46.12611111111111
prometheus/prometheus,14140,2024-05-24 04:39:32+00:00,2024-05-24 04:40:25+00:00,2024-05-29 22:56:19+00:00,138.265
prometheus/prometheus,14136,2024-05-22 12:43:56+00:00,2024-06-19 18:59:33+00:00,2024-06-20 08:01:59+00:00,13.040555555555555
prometheus/prometheus,14133,2024-05-22 08:39:53+00:00,,2024-05-22 11:52:05+00:00,
prometheus/prometheus,14130,2024-05-21 15:57:22+00:00,2024-05-24 13:35:46+00:00,2024-05-24 13:35:51+00:00,0.001388888888888889
prometheus/prometheus,14129,2024-05-21 12:54:35+00:00,2024-05-23 11:17:34+00:00,2024-05-23 11:37:42+00:00,0.33555555555555555
prometheus/prometheus,14124,2024-05-20 02:46:22+00:00,,2024-05-28 02:50:50+00:00,
prometheus/prometheus,14121,2024-05-18 11:53:22+00:00,2024-05-18 12:45:38+00:00,2024-05-18 14:12:33+00:00,1.448611111111111
prometheus/prometheus,14120,2024-05-18 11:28:51+00:00,2024-05-21 10:59:19+00:00,2024-05-21 15:49:33+00:00,4.8372222222222225
prometheus/prometheus,14119,2024-05-17 17:55:58+00:00,,2025-01-07 11:48:19+00:00,
prometheus/prometheus,14118,2024-05-17 15:32:29+00:00,2024-05-21 03:12:56+00:00,2024-05-21 09:30:43+00:00,6.296388888888889
prometheus/prometheus,14116,2024-05-17 13:04:23+00:00,2024-05-17 19:13:10+00:00,2024-05-21 17:07:29+00:00,93.90527777777778
prometheus/prometheus,14114,2024-05-16 23:30:25+00:00,2024-05-26 03:36:56+00:00,2024-06-25 07:47:06+00:00,724.1694444444445
prometheus/prometheus,14113,2024-05-16 21:42:58+00:00,2024-05-25 07:08:36+00:00,2024-06-04 23:11:36+00:00,256.05
prometheus/prometheus,14112,2024-05-15 21:53:31+00:00,,2024-05-29 21:42:20+00:00,
prometheus/prometheus,14109,2024-05-15 20:09:10+00:00,2024-05-17 20:21:14+00:00,2024-07-12 09:27:52+00:00,1333.1105555555555
prometheus/prometheus,14108,2024-05-15 19:03:31+00:00,2024-05-16 09:56:49+00:00,,
prometheus/prometheus,14106,2024-05-15 15:50:38+00:00,2024-05-15 16:21:31+00:00,2024-05-21 17:08:35+00:00,144.78444444444443
prometheus/prometheus,14103,2024-05-15 12:03:03+00:00,2024-05-15 12:15:10+00:00,2024-05-15 12:37:12+00:00,0.3672222222222222
prometheus/prometheus,14100,2024-05-14 16:47:04+00:00,2024-05-15 17:07:53+00:00,2024-05-16 10:04:42+00:00,16.946944444444444
prometheus/prometheus,14099,2024-05-14 15:15:00+00:00,,2025-05-08 11:21:53+00:00,
prometheus/prometheus,14098,2024-05-14 08:21:57+00:00,2024-05-14 13:34:10+00:00,2024-05-14 13:34:24+00:00,0.0038888888888888888
prometheus/prometheus,14097,2024-05-14 07:24:05+00:00,2024-05-16 13:37:33+00:00,2024-06-06 15:17:13+00:00,505.6611111111111
prometheus/prometheus,14096,2024-05-14 05:47:53+00:00,2024-05-14 07:21:49+00:00,2024-05-15 04:26:19+00:00,21.075
prometheus/prometheus,14095,2024-05-13 18:10:14+00:00,2024-09-22 13:03:22+00:00,,
prometheus/prometheus,14094,2024-05-13 16:49:54+00:00,2024-05-23 22:59:20+00:00,2024-06-12 14:07:43+00:00,471.13972222222225
prometheus/prometheus,14092,2024-05-13 15:57:17+00:00,,2024-05-15 12:30:31+00:00,
prometheus/prometheus,14091,2024-05-13 15:36:47+00:00,2024-05-15 12:32:07+00:00,2024-05-15 15:43:43+00:00,3.1933333333333334
prometheus/prometheus,14090,2024-05-13 13:45:18+00:00,2024-05-13 14:43:12+00:00,2024-05-16 08:28:53+00:00,65.76138888888889
prometheus/prometheus,14088,2024-05-13 11:14:57+00:00,2024-05-13 12:07:04+00:00,,
prometheus/prometheus,14086,2024-05-13 07:45:05+00:00,,2024-07-29 17:49:31+00:00,
prometheus/prometheus,14083,2024-05-13 00:52:53+00:00,2024-05-13 06:15:17+00:00,2024-05-31 16:25:20+00:00,442.1675
prometheus/prometheus,14082,2024-05-12 10:46:07+00:00,,2024-05-12 10:47:54+00:00,
prometheus/prometheus,14081,2024-05-11 17:42:10+00:00,2024-05-11 22:15:50+00:00,2024-05-13 06:05:25+00:00,31.82638888888889
prometheus/prometheus,14080,2024-05-11 16:52:51+00:00,2024-05-15 13:21:38+00:00,2024-05-30 22:02:55+00:00,368.68805555555554
prometheus/prometheus,14079,2024-05-10 21:57:04+00:00,2024-05-11 05:41:59+00:00,2024-05-25 02:43:21+00:00,333.0227777777778
prometheus/prometheus,14078,2024-05-10 21:41:03+00:00,2024-05-27 09:57:13+00:00,2024-06-21 21:19:58+00:00,611.3791666666667
prometheus/prometheus,14077,2024-05-10 15:28:33+00:00,,2024-05-16 09:40:11+00:00,
prometheus/prometheus,14076,2024-05-10 08:43:23+00:00,,2024-06-01 23:36:42+00:00,
prometheus/prometheus,14075,2024-05-10 04:45:42+00:00,2024-05-15 14:39:40+00:00,2024-05-29 15:03:33+00:00,336.3980555555556
prometheus/prometheus,14074,2024-05-09 13:32:52+00:00,2024-05-15 14:49:24+00:00,2024-06-24 10:13:27+00:00,955.4008333333334
prometheus/prometheus,14073,2024-05-09 11:25:06+00:00,2024-05-09 16:21:12+00:00,2025-07-23 11:18:33+00:00,10554.955833333333
prometheus/prometheus,14071,2024-05-09 09:31:01+00:00,2024-05-15 14:57:49+00:00,2024-05-16 09:51:46+00:00,18.899166666666666
prometheus/prometheus,14068,2024-05-08 15:12:46+00:00,2024-05-08 16:07:28+00:00,2024-05-14 15:18:59+00:00,143.19194444444443
prometheus/prometheus,14067,2024-05-08 11:14:40+00:00,2024-05-08 11:19:52+00:00,2024-05-08 11:56:06+00:00,0.6038888888888889
prometheus/prometheus,14064,2024-05-08 06:10:49+00:00,2024-06-20 19:29:55+00:00,2024-09-04 10:07:35+00:00,1814.6277777777777
prometheus/prometheus,14063,2024-05-07 18:44:15+00:00,2024-05-08 13:06:48+00:00,2024-05-08 21:34:42+00:00,8.465
prometheus/prometheus,14062,2024-05-07 18:32:27+00:00,2024-05-15 19:16:07+00:00,2024-05-15 19:17:03+00:00,0.015555555555555555
prometheus/prometheus,14061,2024-05-07 16:43:00+00:00,2024-05-09 08:33:12+00:00,2024-05-30 10:49:50+00:00,506.27722222222224
prometheus/prometheus,14059,2024-05-07 13:25:21+00:00,2024-05-07 13:31:52+00:00,2024-05-07 14:33:37+00:00,1.0291666666666666
prometheus/prometheus,14054,2024-05-04 06:51:45+00:00,2024-05-04 12:31:15+00:00,2024-08-05 20:37:05+00:00,2240.097222222222
prometheus/prometheus,14053,2024-05-04 05:36:58+00:00,,2024-05-04 05:37:08+00:00,
prometheus/prometheus,14051,2024-05-03 17:36:01+00:00,2024-05-03 17:37:54+00:00,2024-05-03 17:53:57+00:00,0.2675
prometheus/prometheus,14050,2024-05-03 17:14:15+00:00,2024-05-03 17:15:57+00:00,2024-05-03 17:31:50+00:00,0.26472222222222225
prometheus/prometheus,14048,2024-05-03 12:32:25+00:00,2024-05-03 12:48:59+00:00,2024-05-03 13:23:46+00:00,0.5797222222222222
prometheus/prometheus,14047,2024-05-03 12:24:33+00:00,2024-05-03 15:03:31+00:00,2024-05-03 17:07:49+00:00,2.0716666666666668
prometheus/prometheus,14046,2024-05-03 11:27:30+00:00,,2024-05-03 11:28:03+00:00,
prometheus/prometheus,14045,2024-05-03 10:01:37+00:00,2024-05-08 16:56:46+00:00,2025-02-04 11:34:59+00:00,6522.636944444444
prometheus/prometheus,14043,2024-05-03 09:09:41+00:00,2024-05-08 13:03:08+00:00,2024-05-08 13:03:18+00:00,0.002777777777777778
prometheus/prometheus,14042,2024-05-03 08:57:45+00:00,2024-05-07 16:24:57+00:00,2024-08-16 10:00:50+00:00,2417.5980555555557
prometheus/prometheus,14041,2024-05-03 08:00:43+00:00,2024-05-05 17:26:49+00:00,2024-05-08 15:57:10+00:00,70.50583333333333
prometheus/prometheus,14039,2024-05-02 13:55:23+00:00,2024-05-02 14:09:05+00:00,2024-05-02 14:47:39+00:00,0.6427777777777778
prometheus/prometheus,14038,2024-05-02 02:48:52+00:00,2024-05-07 13:43:40+00:00,2024-06-06 15:56:25+00:00,722.2125
prometheus/prometheus,14037,2024-05-01 23:31:25+00:00,,2024-05-02 09:12:02+00:00,
prometheus/prometheus,14036,2024-05-01 23:31:14+00:00,,2024-06-01 23:37:23+00:00,
prometheus/prometheus,14035,2024-05-01 23:31:06+00:00,,2024-05-02 09:14:54+00:00,
prometheus/prometheus,14034,2024-05-01 23:31:01+00:00,,2024-05-10 08:42:44+00:00,
prometheus/prometheus,14033,2024-05-01 23:30:05+00:00,,2024-06-01 23:36:06+00:00,
prometheus/prometheus,14032,2024-05-01 23:29:57+00:00,,2024-06-01 23:27:13+00:00,
prometheus/prometheus,14031,2024-05-01 23:21:28+00:00,,2024-05-02 09:12:22+00:00,
prometheus/prometheus,14030,2024-05-01 23:06:01+00:00,,2024-06-01 23:15:44+00:00,
prometheus/prometheus,14029,2024-05-01 23:05:59+00:00,,2024-05-02 09:15:24+00:00,
prometheus/prometheus,14028,2024-05-01 23:05:54+00:00,,2024-06-01 23:16:00+00:00,
prometheus/prometheus,14027,2024-05-01 23:05:45+00:00,,2024-05-02 09:13:04+00:00,
prometheus/prometheus,14026,2024-05-01 23:05:39+00:00,,2024-05-28 08:06:57+00:00,
prometheus/prometheus,14025,2024-05-01 23:03:48+00:00,,2024-05-28 08:06:52+00:00,
prometheus/prometheus,14024,2024-05-01 23:03:45+00:00,,2024-05-02 09:14:19+00:00,
prometheus/prometheus,14023,2024-05-01 22:10:21+00:00,2024-05-02 13:43:13+00:00,2024-05-02 14:32:12+00:00,0.8163888888888889
prometheus/prometheus,14022,2024-05-01 21:25:36+00:00,,2024-05-25 13:49:26+00:00,
prometheus/prometheus,14021,2024-05-01 14:50:46+00:00,2024-05-08 09:35:32+00:00,2024-05-08 09:39:44+00:00,0.07
prometheus/prometheus,14020,2024-05-01 10:43:57+00:00,2024-05-02 08:39:55+00:00,2024-05-08 13:03:57+00:00,148.40055555555554
prometheus/prometheus,14019,2024-04-30 21:51:13+00:00,2024-06-10 17:59:33+00:00,2024-06-18 11:51:47+00:00,185.87055555555557
prometheus/prometheus,14018,2024-04-30 20:21:23+00:00,,2024-06-05 15:56:18+00:00,
prometheus/prometheus,14017,2024-04-30 17:44:00+00:00,2024-06-01 09:52:29+00:00,2024-10-21 23:04:40+00:00,3421.2030555555557
prometheus/prometheus,14016,2024-04-30 17:32:11+00:00,,2024-05-02 14:47:41+00:00,
prometheus/prometheus,14015,2024-04-30 16:52:42+00:00,2024-05-06 09:50:36+00:00,2024-05-06 09:51:08+00:00,0.008888888888888889
prometheus/prometheus,14014,2024-04-30 15:24:01+00:00,2024-04-30 16:44:18+00:00,2024-04-30 16:44:27+00:00,0.0025
prometheus/prometheus,14012,2024-04-30 14:22:36+00:00,2024-04-30 16:06:56+00:00,2024-05-01 14:35:22+00:00,22.47388888888889
prometheus/prometheus,14010,2024-04-30 13:10:44+00:00,2024-04-30 13:45:56+00:00,2024-05-01 10:48:27+00:00,21.041944444444443
prometheus/prometheus,14009,2024-04-30 10:37:57+00:00,2024-04-30 13:48:03+00:00,2024-05-08 11:58:24+00:00,190.1725
prometheus/prometheus,14008,2024-04-30 10:36:00+00:00,2024-04-30 12:41:49+00:00,2024-09-25 11:45:05+00:00,3551.0544444444445
prometheus/prometheus,14006,2024-04-30 09:41:45+00:00,2024-04-30 11:16:57+00:00,2024-04-30 11:30:45+00:00,0.23
prometheus/prometheus,14005,2024-04-30 09:03:52+00:00,2024-04-30 10:08:21+00:00,2024-05-02 08:51:25+00:00,46.717777777777776
prometheus/prometheus,14004,2024-04-30 09:03:32+00:00,2024-04-30 16:01:36+00:00,2024-06-27 10:13:14+00:00,1386.193888888889
prometheus/prometheus,14000,2024-04-29 14:19:35+00:00,2024-05-15 16:16:09+00:00,2024-05-27 19:45:07+00:00,291.48277777777776
prometheus/prometheus,13999,2024-04-29 12:32:57+00:00,2024-05-02 17:08:55+00:00,2024-05-09 12:23:12+00:00,163.23805555555555
prometheus/prometheus,13997,2024-04-28 19:43:09+00:00,2024-04-29 18:13:10+00:00,2024-04-29 18:26:01+00:00,0.21416666666666667
prometheus/prometheus,13994,2024-04-25 19:53:10+00:00,2024-04-29 18:19:09+00:00,2024-05-03 12:42:39+00:00,90.39166666666667
prometheus/prometheus,13993,2024-04-25 19:00:33+00:00,2024-04-26 11:21:23+00:00,2024-04-29 18:38:18+00:00,79.28194444444445
prometheus/prometheus,13992,2024-04-25 17:35:29+00:00,2024-04-29 09:18:42+00:00,2024-04-29 09:18:49+00:00,0.0019444444444444444
prometheus/prometheus,13991,2024-04-25 12:51:30+00:00,2024-04-25 14:17:00+00:00,2024-04-30 09:29:52+00:00,115.21444444444444
prometheus/prometheus,13990,2024-04-24 22:28:43+00:00,2024-04-25 12:18:46+00:00,2024-04-25 12:18:50+00:00,0.0011111111111111111
prometheus/prometheus,13989,2024-04-24 17:31:53+00:00,2024-04-24 18:10:46+00:00,2024-04-25 20:08:16+00:00,25.958333333333332
prometheus/prometheus,13987,2024-04-24 14:02:38+00:00,2024-04-24 16:30:12+00:00,2024-04-25 13:56:41+00:00,21.441388888888888
prometheus/prometheus,13986,2024-04-24 11:59:16+00:00,2024-04-24 12:02:54+00:00,2024-04-24 12:37:09+00:00,0.5708333333333333
prometheus/prometheus,13985,2024-04-24 09:08:10+00:00,2024-04-24 09:33:48+00:00,2024-04-24 09:35:17+00:00,0.024722222222222222
prometheus/prometheus,13983,2024-04-24 01:16:52+00:00,2024-12-31 10:14:15+00:00,2025-01-07 15:45:35+00:00,173.5222222222222
prometheus/prometheus,13982,2024-04-23 21:31:51+00:00,2024-04-26 14:19:38+00:00,2024-04-29 18:33:27+00:00,76.23027777777777
prometheus/prometheus,13980,2024-04-23 18:47:28+00:00,2024-04-24 09:37:35+00:00,2024-04-30 14:29:21+00:00,148.86277777777778
prometheus/prometheus,13976,2024-04-23 18:13:31+00:00,,2024-04-24 01:35:34+00:00,
prometheus/prometheus,13974,2024-04-23 08:56:57+00:00,2024-04-23 17:08:20+00:00,2024-04-24 15:04:30+00:00,21.93611111111111
prometheus/prometheus,13973,2024-04-23 08:10:50+00:00,2024-05-07 10:37:06+00:00,2024-05-08 07:08:00+00:00,20.515
prometheus/prometheus,13971,2024-04-23 06:09:27+00:00,2024-04-23 09:55:05+00:00,2025-08-05 11:22:54+00:00,11257.46361111111
prometheus/prometheus,13970,2024-04-23 01:59:44+00:00,2024-04-26 14:13:47+00:00,2024-05-16 10:19:06+00:00,476.0886111111111
prometheus/prometheus,13969,2024-04-22 15:34:51+00:00,2024-04-22 15:49:54+00:00,2024-04-30 12:18:30+00:00,188.47666666666666
prometheus/prometheus,13968,2024-04-22 13:50:52+00:00,2024-04-23 23:59:18+00:00,2024-06-19 09:38:49+00:00,1353.6586111111112
prometheus/prometheus,13966,2024-04-21 14:36:48+00:00,2024-04-29 17:54:12+00:00,2024-04-30 09:50:52+00:00,15.944444444444445
prometheus/prometheus,13965,2024-04-21 09:22:38+00:00,2024-04-23 18:05:23+00:00,2024-05-18 11:31:24+00:00,593.4336111111111
prometheus/prometheus,13962,2024-04-20 10:23:04+00:00,,2024-04-22 12:26:07+00:00,
prometheus/prometheus,13961,2024-04-20 10:23:01+00:00,,2024-04-22 12:25:47+00:00,
prometheus/prometheus,13958,2024-04-19 02:46:28+00:00,2024-04-19 16:46:14+00:00,2024-04-24 14:41:33+00:00,117.92194444444445
prometheus/prometheus,13956,2024-04-18 20:22:17+00:00,,,
prometheus/prometheus,13955,2024-04-18 20:18:20+00:00,2024-04-22 15:22:43+00:00,,
prometheus/prometheus,13954,2024-04-18 19:20:50+00:00,2024-04-19 11:26:41+00:00,2024-04-20 10:21:42+00:00,22.916944444444443
prometheus/prometheus,13952,2024-04-18 14:27:34+00:00,,2024-04-18 17:58:43+00:00,
prometheus/prometheus,13951,2024-04-18 12:43:04+00:00,,2024-04-18 14:27:38+00:00,
prometheus/prometheus,13949,2024-04-18 10:35:27+00:00,2024-04-23 22:46:52+00:00,2024-06-19 09:35:52+00:00,1354.8166666666666
prometheus/prometheus,13948,2024-04-18 09:42:41+00:00,2024-04-18 10:23:08+00:00,2024-04-30 08:47:10+00:00,286.40055555555557
prometheus/prometheus,13946,2024-04-18 07:36:52+00:00,,2024-04-18 09:09:14+00:00,
prometheus/prometheus,13945,2024-04-17 14:16:28+00:00,,2024-08-21 14:38:34+00:00,
prometheus/prometheus,13941,2024-04-16 18:09:10+00:00,2024-04-16 21:35:17+00:00,2024-04-27 14:01:30+00:00,256.43694444444446
prometheus/prometheus,13938,2024-04-16 15:42:54+00:00,,2024-04-16 15:44:44+00:00,
prometheus/prometheus,13935,2024-04-16 07:20:45+00:00,2024-04-16 13:23:43+00:00,2024-04-19 08:31:16+00:00,67.12583333333333
prometheus/prometheus,13932,2024-04-15 15:45:49+00:00,2024-04-18 19:43:01+00:00,2024-05-10 08:41:21+00:00,516.9722222222222
prometheus/prometheus,13924,2024-04-12 08:02:49+00:00,,2024-10-04 23:54:03+00:00,
prometheus/prometheus,13923,2024-04-11 15:08:27+00:00,2024-04-13 10:59:46+00:00,2024-04-13 10:59:55+00:00,0.0025
prometheus/prometheus,13922,2024-04-11 14:46:18+00:00,,2024-06-19 09:38:16+00:00,
prometheus/prometheus,13921,2024-04-11 13:49:42+00:00,2024-04-17 13:40:49+00:00,2024-04-17 13:41:04+00:00,0.004166666666666667
prometheus/prometheus,13919,2024-04-11 08:40:58+00:00,2024-04-15 13:44:24+00:00,2024-04-18 19:44:03+00:00,77.99416666666667
prometheus/prometheus,13918,2024-04-11 08:40:11+00:00,,2024-09-16 19:55:23+00:00,
prometheus/prometheus,13916,2024-04-10 19:54:53+00:00,2024-04-11 10:45:56+00:00,2024-04-11 10:53:28+00:00,0.12555555555555556
prometheus/prometheus,13914,2024-04-10 15:03:56+00:00,2024-04-11 14:40:04+00:00,2024-12-02 17:09:25+00:00,5642.489166666666
prometheus/prometheus,13913,2024-04-10 14:05:16+00:00,2024-04-10 15:41:37+00:00,2024-04-11 08:38:24+00:00,16.94638888888889
prometheus/prometheus,13909,2024-04-09 11:39:35+00:00,2024-04-09 13:41:10+00:00,2024-09-26 14:32:18+00:00,4080.8522222222223
prometheus/prometheus,13907,2024-04-09 10:09:07+00:00,2024-04-09 12:54:50+00:00,2024-04-10 10:08:16+00:00,21.22388888888889
prometheus/prometheus,13906,2024-04-08 19:27:03+00:00,2024-04-09 16:00:46+00:00,2024-04-10 10:14:55+00:00,18.235833333333332
prometheus/prometheus,13905,2024-04-08 18:59:21+00:00,2024-04-09 11:11:35+00:00,2024-04-11 08:27:54+00:00,45.27194444444444
prometheus/prometheus,13904,2024-04-08 16:58:06+00:00,2024-04-09 16:02:22+00:00,2024-06-20 14:45:32+00:00,1726.7194444444444
prometheus/prometheus,13901,2024-04-08 04:56:56+00:00,2024-04-19 12:21:37+00:00,2025-02-04 11:44:00+00:00,6983.373055555556
prometheus/prometheus,13898,2024-04-06 11:49:08+00:00,2024-04-08 13:16:06+00:00,2024-04-10 10:52:12+00:00,45.60166666666667
prometheus/prometheus,13897,2024-04-05 16:03:37+00:00,2024-04-05 16:15:06+00:00,2024-04-05 17:44:32+00:00,1.4905555555555556
prometheus/prometheus,13896,2024-04-05 13:05:23+00:00,2024-04-05 13:30:57+00:00,2024-04-05 14:19:08+00:00,0.8030555555555555
prometheus/prometheus,13895,2024-04-05 10:26:58+00:00,2024-04-07 17:33:16+00:00,2024-04-07 17:33:33+00:00,0.004722222222222222
prometheus/prometheus,13894,2024-04-05 01:36:36+00:00,2024-04-05 14:12:22+00:00,2024-04-08 15:34:14+00:00,73.36444444444444
prometheus/prometheus,13893,2024-04-04 20:55:04+00:00,2024-10-07 15:33:25+00:00,2024-11-10 17:17:21+00:00,817.7322222222223
prometheus/prometheus,13891,2024-04-04 18:49:53+00:00,2024-04-04 22:27:12+00:00,2024-04-16 12:15:07+00:00,277.7986111111111
prometheus/prometheus,13890,2024-04-04 14:17:11+00:00,,2024-04-05 06:34:15+00:00,
prometheus/prometheus,13889,2024-04-03 18:13:48+00:00,2024-04-04 07:05:00+00:00,2024-04-06 09:23:19+00:00,50.305277777777775
prometheus/prometheus,13888,2024-04-03 16:56:27+00:00,2024-04-04 07:13:20+00:00,2024-04-04 12:26:13+00:00,5.214722222222222
prometheus/prometheus,13886,2024-04-03 13:16:39+00:00,,2024-07-10 15:01:20+00:00,
prometheus/prometheus,13885,2024-04-03 09:12:38+00:00,2024-04-03 09:47:11+00:00,2024-04-03 15:55:14+00:00,6.134166666666666
prometheus/prometheus,13883,2024-04-02 22:59:07+00:00,2024-09-23 10:05:49+00:00,2024-10-18 13:23:14+00:00,603.2902777777778
prometheus/prometheus,13882,2024-04-02 22:17:57+00:00,2024-04-03 09:11:30+00:00,2024-04-05 09:22:46+00:00,48.187777777777775
prometheus/prometheus,13881,2024-04-02 21:14:06+00:00,2024-04-03 08:14:26+00:00,2024-04-03 08:14:34+00:00,0.0022222222222222222
prometheus/prometheus,13880,2024-04-02 18:58:29+00:00,2024-04-04 11:27:45+00:00,2024-12-16 09:42:52+00:00,6142.251944444444
prometheus/prometheus,13877,2024-04-02 08:32:50+00:00,2024-04-02 16:13:48+00:00,2024-04-02 16:45:47+00:00,0.5330555555555555
prometheus/prometheus,13876,2024-04-02 07:02:19+00:00,,2024-04-05 12:57:37+00:00,
prometheus/prometheus,13875,2024-04-01 23:47:25+00:00,,2024-06-06 08:16:43+00:00,
prometheus/prometheus,13874,2024-04-01 23:44:18+00:00,2024-04-20 10:24:35+00:00,2024-04-20 11:14:15+00:00,0.8277777777777777
prometheus/prometheus,13873,2024-04-01 23:44:14+00:00,,2024-04-20 11:13:56+00:00,
prometheus/prometheus,13872,2024-04-01 23:37:56+00:00,,2024-04-20 10:23:07+00:00,
prometheus/prometheus,13871,2024-04-01 23:37:20+00:00,,2024-04-20 10:23:04+00:00,
prometheus/prometheus,13870,2024-04-01 23:37:14+00:00,,2024-04-20 10:22:19+00:00,
prometheus/prometheus,13869,2024-04-01 23:37:05+00:00,,2024-04-05 12:59:36+00:00,
prometheus/prometheus,13868,2024-04-01 23:33:46+00:00,,2024-04-18 12:43:08+00:00,
prometheus/prometheus,13867,2024-04-01 23:33:17+00:00,,2024-04-18 12:40:51+00:00,
prometheus/prometheus,13865,2024-04-01 19:37:45+00:00,,2024-10-10 14:56:43+00:00,
prometheus/prometheus,13864,2024-04-01 02:26:22+00:00,,2024-04-05 09:24:41+00:00,
prometheus/prometheus,13862,2024-03-29 23:32:28+00:00,2024-03-29 23:36:42+00:00,2024-03-29 23:51:38+00:00,0.24888888888888888
prometheus/prometheus,13861,2024-03-29 13:42:36+00:00,2024-03-29 14:02:41+00:00,2024-03-29 19:37:51+00:00,5.586111111111111
prometheus/prometheus,13859,2024-03-28 17:35:31+00:00,2024-03-28 17:45:44+00:00,2024-03-28 22:09:57+00:00,4.403611111111111
prometheus/prometheus,13858,2024-03-28 15:22:54+00:00,,2024-05-31 20:28:46+00:00,
prometheus/prometheus,13856,2024-03-28 10:06:56+00:00,2024-04-01 12:18:02+00:00,2024-04-01 12:30:11+00:00,0.2025
prometheus/prometheus,13855,2024-03-28 09:59:15+00:00,2024-03-28 10:00:06+00:00,2024-04-01 19:54:20+00:00,105.90388888888889
prometheus/prometheus,13854,2024-03-27 18:04:43+00:00,,2024-03-28 12:47:28+00:00,
prometheus/prometheus,13853,2024-03-27 17:37:09+00:00,2024-03-28 07:56:35+00:00,2024-03-28 09:23:45+00:00,1.4527777777777777
prometheus/prometheus,13852,2024-03-27 16:15:21+00:00,,2024-03-27 16:58:03+00:00,
prometheus/prometheus,13851,2024-03-27 15:44:26+00:00,2024-03-27 15:54:44+00:00,2024-03-27 17:09:54+00:00,1.2527777777777778
prometheus/prometheus,13850,2024-03-27 15:31:42+00:00,2024-03-27 15:54:09+00:00,2024-03-27 17:06:44+00:00,1.2097222222222221
prometheus/prometheus,13847,2024-03-27 04:46:55+00:00,2024-04-03 06:53:29+00:00,2024-04-03 08:57:08+00:00,2.0608333333333335
prometheus/prometheus,13846,2024-03-27 01:56:46+00:00,2024-03-27 15:24:26+00:00,2024-03-27 15:32:38+00:00,0.13666666666666666
prometheus/prometheus,13845,2024-03-26 16:26:46+00:00,2024-03-26 17:34:59+00:00,2024-03-27 10:35:18+00:00,17.005277777777778
prometheus/prometheus,13844,2024-03-26 14:22:20+00:00,2024-03-26 16:41:35+00:00,2024-03-26 16:41:43+00:00,0.0022222222222222222
prometheus/prometheus,13843,2024-03-26 14:18:38+00:00,2024-03-27 15:18:00+00:00,2024-07-03 17:45:36+00:00,2354.46
prometheus/prometheus,13841,2024-03-26 13:54:58+00:00,2024-03-26 16:51:05+00:00,2024-03-27 17:19:14+00:00,24.469166666666666
prometheus/prometheus,13838,2024-03-25 17:08:37+00:00,2024-03-26 11:14:54+00:00,2024-03-26 11:16:27+00:00,0.025833333333333333
prometheus/prometheus,13835,2024-03-25 04:19:27+00:00,2024-03-25 13:54:07+00:00,2024-03-25 13:54:20+00:00,0.003611111111111111
prometheus/prometheus,13834,2024-03-23 18:53:10+00:00,2024-03-25 13:57:06+00:00,2024-03-25 13:58:44+00:00,0.02722222222222222
prometheus/prometheus,13833,2024-03-23 18:00:20+00:00,2024-03-25 14:01:57+00:00,2024-03-25 14:04:08+00:00,0.03638888888888889
prometheus/prometheus,13831,2024-03-23 08:06:59+00:00,2024-03-26 11:16:57+00:00,2024-03-26 11:17:11+00:00,0.0038888888888888888
prometheus/prometheus,13830,2024-03-23 05:39:43+00:00,2024-03-23 08:23:13+00:00,2024-03-25 13:55:22+00:00,53.535833333333336
prometheus/prometheus,13828,2024-03-22 14:27:59+00:00,2024-03-27 16:49:37+00:00,2024-03-27 17:40:59+00:00,0.8561111111111112
prometheus/prometheus,13827,2024-03-22 14:18:55+00:00,,2024-03-27 18:38:47+00:00,
prometheus/prometheus,13826,2024-03-22 06:45:08+00:00,2024-03-22 11:39:23+00:00,2024-03-22 12:03:21+00:00,0.39944444444444444
prometheus/prometheus,13825,2024-03-22 03:09:18+00:00,2024-03-23 08:30:10+00:00,2024-03-26 11:22:22+00:00,74.87
prometheus/prometheus,13824,2024-03-21 19:51:38+00:00,2024-03-27 15:43:52+00:00,2024-03-27 16:16:06+00:00,0.5372222222222223
prometheus/prometheus,13823,2024-03-21 16:05:20+00:00,,2024-03-22 11:09:39+00:00,
prometheus/prometheus,13822,2024-03-21 11:09:20+00:00,2024-03-21 12:49:00+00:00,2024-03-23 08:42:34+00:00,43.89277777777778
prometheus/prometheus,13820,2024-03-21 08:21:36+00:00,,2024-05-01 23:30:00+00:00,
prometheus/prometheus,13819,2024-03-21 08:18:01+00:00,,2024-04-11 08:40:15+00:00,
prometheus/prometheus,13818,2024-03-21 08:16:14+00:00,,2024-04-01 23:38:00+00:00,
prometheus/prometheus,13817,2024-03-21 08:15:53+00:00,,2024-04-18 12:40:20+00:00,
prometheus/prometheus,13816,2024-03-21 08:15:22+00:00,,2024-03-22 11:18:48+00:00,
prometheus/prometheus,13815,2024-03-21 08:15:18+00:00,,2024-03-22 11:17:25+00:00,
prometheus/prometheus,13814,2024-03-21 08:15:05+00:00,,2024-03-22 11:18:07+00:00,
prometheus/prometheus,13813,2024-03-21 08:14:49+00:00,,2024-04-01 23:33:20+00:00,
prometheus/prometheus,13812,2024-03-21 08:14:43+00:00,,2024-04-18 14:26:15+00:00,
prometheus/prometheus,13811,2024-03-21 08:14:36+00:00,,2024-04-18 14:25:41+00:00,
prometheus/prometheus,13810,2024-03-21 08:14:33+00:00,,2024-04-18 14:25:21+00:00,
prometheus/prometheus,13809,2024-03-21 08:14:25+00:00,2024-03-21 08:15:37+00:00,2024-03-22 06:29:06+00:00,22.224722222222223
prometheus/prometheus,13808,2024-03-21 08:14:19+00:00,2024-03-22 06:29:51+00:00,2024-03-22 06:29:58+00:00,0.0019444444444444444
prometheus/prometheus,13807,2024-03-21 08:14:13+00:00,2024-03-22 06:30:45+00:00,2024-03-22 06:30:53+00:00,0.0022222222222222222
prometheus/prometheus,13806,2024-03-21 06:48:48+00:00,,2024-03-21 10:35:27+00:00,
prometheus/prometheus,13805,2024-03-21 03:22:12+00:00,,2024-03-21 10:36:18+00:00,
prometheus/prometheus,13804,2024-03-21 03:03:12+00:00,,2024-03-21 03:35:14+00:00,
prometheus/prometheus,13803,2024-03-20 19:02:51+00:00,2024-03-22 12:51:26+00:00,2024-03-23 08:02:11+00:00,19.179166666666667
prometheus/prometheus,13799,2024-03-20 13:10:14+00:00,2024-03-25 14:03:39+00:00,2024-03-25 14:03:56+00:00,0.004722222222222222
prometheus/prometheus,13798,2024-03-20 09:33:28+00:00,2024-03-25 14:09:11+00:00,2025-07-03 18:04:25+00:00,11163.920555555556
prometheus/prometheus,13795,2024-03-19 17:25:54+00:00,2024-03-20 11:37:07+00:00,2024-03-20 12:19:10+00:00,0.7008333333333333
prometheus/prometheus,13794,2024-03-19 16:07:30+00:00,2024-03-19 17:39:07+00:00,2024-04-24 07:36:05+00:00,853.9494444444445
prometheus/prometheus,13793,2024-03-19 13:52:35+00:00,2024-03-19 14:03:07+00:00,2024-03-20 13:26:35+00:00,23.391111111111112
prometheus/prometheus,13791,2024-03-19 10:55:33+00:00,2024-03-19 13:11:21+00:00,2024-03-19 18:15:25+00:00,5.067777777777778
prometheus/prometheus,13790,2024-03-19 08:18:37+00:00,2024-03-19 17:39:51+00:00,2024-03-26 11:26:32+00:00,161.77805555555557
prometheus/prometheus,13789,2024-03-19 05:54:20+00:00,2024-03-19 10:14:37+00:00,2024-03-19 11:00:17+00:00,0.7611111111111111
prometheus/prometheus,13787,2024-03-18 17:28:13+00:00,2024-03-18 20:48:37+00:00,2024-03-19 10:49:40+00:00,14.0175
prometheus/prometheus,13786,2024-03-18 13:05:40+00:00,2024-03-21 15:25:41+00:00,2025-02-04 11:48:34+00:00,7676.381388888889
prometheus/prometheus,13783,2024-03-18 07:22:21+00:00,,2024-03-18 10:58:15+00:00,
prometheus/prometheus,13782,2024-03-17 16:09:57+00:00,2024-03-19 15:48:51+00:00,2024-03-19 17:29:32+00:00,1.6780555555555556
prometheus/prometheus,13781,2024-03-17 11:27:45+00:00,2024-03-17 11:29:03+00:00,2024-03-19 17:41:02+00:00,54.19972222222222
prometheus/prometheus,13779,2024-03-15 13:54:25+00:00,2024-03-18 10:09:46+00:00,2024-03-18 10:20:09+00:00,0.17305555555555555
prometheus/prometheus,13778,2024-03-15 13:51:20+00:00,,2024-03-15 13:53:13+00:00,
prometheus/prometheus,13777,2024-03-15 13:03:38+00:00,2024-03-15 13:26:56+00:00,2024-03-15 13:42:30+00:00,0.2594444444444444
prometheus/prometheus,13776,2024-03-15 09:25:39+00:00,2024-03-19 18:13:14+00:00,2024-03-26 11:33:48+00:00,161.34277777777777
prometheus/prometheus,13774,2024-03-14 21:27:13+00:00,2024-03-14 22:50:53+00:00,2024-04-05 08:31:59+00:00,513.685
prometheus/prometheus,13773,2024-03-14 17:42:39+00:00,2024-03-15 11:48:53+00:00,2024-03-15 16:45:57+00:00,4.9511111111111115
prometheus/prometheus,13772,2024-03-14 17:42:25+00:00,2024-03-14 18:34:29+00:00,2024-03-14 18:34:37+00:00,0.0022222222222222222
prometheus/prometheus,13771,2024-03-14 16:57:24+00:00,2024-03-14 17:05:51+00:00,2024-03-15 16:47:14+00:00,23.689722222222223
prometheus/prometheus,13770,2024-03-14 08:21:58+00:00,2024-03-14 11:04:01+00:00,2024-03-14 11:11:42+00:00,0.12805555555555556
prometheus/prometheus,13769,2024-03-14 03:33:31+00:00,2024-04-03 21:44:43+00:00,2025-03-31 12:01:25+00:00,8678.278333333334
prometheus/prometheus,13768,2024-03-14 02:44:29+00:00,2024-03-15 08:44:30+00:00,2024-03-18 07:17:40+00:00,70.55277777777778
prometheus/prometheus,13766,2024-03-13 22:20:36+00:00,2024-03-13 23:09:34+00:00,2024-03-19 17:37:43+00:00,138.46916666666667
prometheus/prometheus,13764,2024-03-13 15:58:09+00:00,2024-03-16 18:51:05+00:00,2024-03-17 09:34:57+00:00,14.731111111111112
prometheus/prometheus,13763,2024-03-13 15:52:34+00:00,2024-03-14 10:15:11+00:00,2024-03-14 10:15:17+00:00,0.0016666666666666668
prometheus/prometheus,13762,2024-03-13 14:38:57+00:00,,2024-03-15 13:40:58+00:00,
prometheus/prometheus,13761,2024-03-13 13:28:53+00:00,2024-03-13 14:53:04+00:00,2024-03-14 07:42:16+00:00,16.82
prometheus/prometheus,13759,2024-03-13 09:35:26+00:00,2024-03-13 16:37:54+00:00,2024-03-15 08:40:27+00:00,40.0425
prometheus/prometheus,13758,2024-03-13 09:29:33+00:00,2024-03-26 11:46:12+00:00,2024-05-14 11:28:19+00:00,1175.7019444444445
prometheus/prometheus,13755,2024-03-12 20:58:15+00:00,2024-03-14 08:37:44+00:00,2024-03-26 11:17:38+00:00,290.665
prometheus/prometheus,13754,2024-03-12 15:10:46+00:00,2024-03-13 09:58:43+00:00,2024-04-07 17:28:28+00:00,607.4958333333333
prometheus/prometheus,13753,2024-03-12 13:29:24+00:00,2024-03-13 10:13:26+00:00,2024-03-19 18:24:38+00:00,152.18666666666667
prometheus/prometheus,13752,2024-03-12 13:14:28+00:00,2024-03-12 13:16:40+00:00,2024-03-13 11:57:22+00:00,22.678333333333335
prometheus/prometheus,13751,2024-03-12 09:20:10+00:00,,2024-03-12 10:41:34+00:00,
prometheus/prometheus,13749,2024-03-12 07:13:33+00:00,,2025-02-11 11:17:32+00:00,
prometheus/prometheus,13746,2024-03-09 22:22:20+00:00,,2024-03-09 22:23:17+00:00,
prometheus/prometheus,13745,2024-03-09 16:55:59+00:00,2024-05-14 11:37:21+00:00,2025-03-23 15:53:10+00:00,7516.2636111111115
prometheus/prometheus,13744,2024-03-09 13:07:22+00:00,2024-03-26 15:24:19+00:00,2024-04-05 15:34:57+00:00,240.1772222222222
prometheus/prometheus,13743,2024-03-09 09:53:38+00:00,2024-03-09 10:00:08+00:00,2024-03-12 10:50:26+00:00,72.83833333333334
prometheus/prometheus,13742,2024-03-08 20:44:08+00:00,2024-03-12 11:24:13+00:00,2024-03-12 11:24:28+00:00,0.004166666666666667
prometheus/prometheus,13741,2024-03-08 15:16:13+00:00,2024-03-12 11:39:19+00:00,2024-03-27 10:36:17+00:00,358.94944444444445
prometheus/prometheus,13740,2024-03-08 10:56:18+00:00,2024-03-09 11:17:38+00:00,2025-12-16 11:50:06+00:00,15528.541111111112
prometheus/prometheus,13739,2024-03-08 10:38:57+00:00,,2024-03-11 12:55:19+00:00,
prometheus/prometheus,13738,2024-03-08 10:33:36+00:00,,2025-02-11 11:35:14+00:00,
prometheus/prometheus,13737,2024-03-08 10:19:14+00:00,2024-03-08 12:21:38+00:00,2024-03-08 12:28:04+00:00,0.10722222222222222
prometheus/prometheus,13735,2024-03-08 09:26:04+00:00,2024-03-08 10:21:06+00:00,2024-03-08 12:29:36+00:00,2.1416666666666666
prometheus/prometheus,13731,2024-03-07 18:05:02+00:00,2024-04-11 11:24:13+00:00,2024-04-11 11:24:26+00:00,0.003611111111111111
prometheus/prometheus,13729,2024-03-07 14:12:11+00:00,2024-03-07 14:22:10+00:00,2024-03-11 13:35:44+00:00,95.22611111111111
prometheus/prometheus,13728,2024-03-07 12:07:07+00:00,,2024-03-12 19:07:04+00:00,
prometheus/prometheus,13725,2024-03-07 00:23:00+00:00,,2024-03-07 11:36:17+00:00,
prometheus/prometheus,13722,2024-03-06 19:07:58+00:00,2024-03-07 10:01:14+00:00,2024-03-07 10:09:13+00:00,0.13305555555555557
prometheus/prometheus,13721,2024-03-06 18:29:22+00:00,2024-03-07 09:58:41+00:00,2024-03-07 10:09:53+00:00,0.18666666666666668
prometheus/prometheus,13719,2024-03-06 13:25:39+00:00,,2024-03-06 13:26:54+00:00,
prometheus/prometheus,13718,2024-03-06 12:55:56+00:00,2024-03-06 13:06:40+00:00,2024-03-06 13:17:07+00:00,0.17416666666666666
prometheus/prometheus,13717,2024-03-06 12:12:09+00:00,2024-03-06 12:22:36+00:00,2024-03-06 18:38:44+00:00,6.268888888888889
prometheus/prometheus,13716,2024-03-06 11:09:36+00:00,2024-03-07 09:54:22+00:00,2024-03-07 12:05:58+00:00,2.1933333333333334
prometheus/prometheus,13715,2024-03-06 11:09:01+00:00,2024-03-06 12:26:07+00:00,2024-03-06 18:15:17+00:00,5.819444444444445
prometheus/prometheus,13714,2024-03-06 10:21:59+00:00,2024-03-06 11:29:21+00:00,2024-03-06 11:43:29+00:00,0.23555555555555555
prometheus/prometheus,13713,2024-03-06 04:00:22+00:00,2024-03-07 08:35:13+00:00,2024-03-13 13:45:42+00:00,149.17472222222221
prometheus/prometheus,13712,2024-03-05 20:07:07+00:00,2024-03-06 12:35:12+00:00,2024-03-06 12:36:34+00:00,0.02277777777777778
prometheus/prometheus,13707,2024-03-05 10:32:09+00:00,2024-03-05 10:33:51+00:00,2024-03-06 13:08:59+00:00,26.585555555555555
prometheus/prometheus,13706,2024-03-05 09:00:06+00:00,2024-03-20 11:51:31+00:00,2024-03-22 13:36:40+00:00,49.7525
prometheus/prometheus,13704,2024-03-04 19:16:07+00:00,2024-03-05 20:02:01+00:00,2024-03-05 20:02:40+00:00,0.010833333333333334
prometheus/prometheus,13702,2024-03-04 11:49:49+00:00,2024-03-05 11:35:38+00:00,2024-03-08 15:19:39+00:00,75.73361111111112
prometheus/prometheus,13701,2024-03-04 09:49:30+00:00,2024-03-04 10:38:56+00:00,2024-03-04 11:06:34+00:00,0.46055555555555555
prometheus/prometheus,13699,2024-03-03 19:48:26+00:00,2024-03-04 13:23:08+00:00,2024-07-03 16:50:29+00:00,2907.4558333333334
prometheus/prometheus,13698,2024-03-03 10:06:54+00:00,,2024-03-08 11:44:08+00:00,
prometheus/prometheus,13696,2024-03-01 23:49:04+00:00,,2024-03-04 15:32:34+00:00,
prometheus/prometheus,13695,2024-03-01 23:48:59+00:00,,2024-03-07 12:07:02+00:00,
prometheus/prometheus,13694,2024-03-01 23:48:17+00:00,2024-03-04 09:55:19+00:00,2024-03-04 09:55:24+00:00,0.001388888888888889
prometheus/prometheus,13693,2024-03-01 23:48:02+00:00,,2024-03-07 12:07:11+00:00,
prometheus/prometheus,13692,2024-03-01 23:47:51+00:00,,2024-03-07 12:06:39+00:00,
prometheus/prometheus,13691,2024-03-01 23:44:43+00:00,,2024-03-04 14:27:27+00:00,
prometheus/prometheus,13690,2024-03-01 23:44:43+00:00,2024-03-04 09:53:50+00:00,2024-03-04 09:53:55+00:00,0.001388888888888889
prometheus/prometheus,13689,2024-03-01 23:44:31+00:00,,2024-03-07 12:06:40+00:00,
prometheus/prometheus,13688,2024-03-01 23:44:25+00:00,2024-03-04 09:58:40+00:00,2024-03-04 09:58:44+00:00,0.0011111111111111111
prometheus/prometheus,13687,2024-03-01 23:44:19+00:00,2024-03-04 09:56:12+00:00,2024-03-04 09:56:18+00:00,0.0016666666666666668
prometheus/prometheus,13686,2024-03-01 23:44:12+00:00,2024-03-04 10:37:30+00:00,2024-03-04 15:19:17+00:00,4.6963888888888885
prometheus/prometheus,13685,2024-03-01 23:20:32+00:00,,2024-03-04 09:59:26+00:00,
prometheus/prometheus,13684,2024-03-01 23:18:08+00:00,,2024-03-21 08:21:40+00:00,
prometheus/prometheus,13683,2024-03-01 23:16:17+00:00,,2024-06-01 23:21:44+00:00,
prometheus/prometheus,13682,2024-03-01 14:03:38+00:00,2024-03-05 14:35:15+00:00,2024-03-05 22:16:52+00:00,7.693611111111111
prometheus/prometheus,13681,2024-03-01 13:05:59+00:00,2024-03-07 19:46:37+00:00,2024-03-07 19:46:43+00:00,0.0016666666666666668
prometheus/prometheus,13680,2024-03-01 12:15:55+00:00,2024-05-15 16:40:28+00:00,2024-07-04 12:01:09+00:00,1195.3447222222221
prometheus/prometheus,13679,2024-03-01 07:27:05+00:00,2024-03-14 17:54:03+00:00,2025-07-21 06:57:30+00:00,11845.0575
prometheus/prometheus,13677,2024-02-29 17:49:28+00:00,2024-03-12 11:52:30+00:00,2025-02-11 11:39:39+00:00,8063.785833333333
prometheus/prometheus,13675,2024-02-29 15:45:55+00:00,,2024-03-04 15:19:53+00:00,
prometheus/prometheus,13674,2024-02-29 15:24:01+00:00,2024-02-29 15:41:05+00:00,2024-02-29 16:49:15+00:00,1.136111111111111
prometheus/prometheus,13673,2024-02-29 12:45:38+00:00,2024-03-06 13:31:51+00:00,2024-03-12 11:34:04+00:00,142.03694444444446
prometheus/prometheus,13670,2024-02-29 09:20:18+00:00,2024-02-29 13:38:33+00:00,2024-04-05 13:07:58+00:00,863.4902777777778
prometheus/prometheus,13669,2024-02-29 01:34:32+00:00,2024-05-05 17:10:17+00:00,2024-05-14 11:54:00+00:00,210.72861111111112
prometheus/prometheus,13667,2024-02-28 17:13:11+00:00,2024-03-05 13:36:44+00:00,2024-03-12 15:17:12+00:00,169.67444444444445
prometheus/prometheus,13666,2024-02-28 15:47:43+00:00,,2024-02-29 01:29:01+00:00,
prometheus/prometheus,13665,2024-02-28 15:39:32+00:00,,2024-02-28 15:46:47+00:00,
prometheus/prometheus,13663,2024-02-28 13:51:51+00:00,,2024-02-28 15:40:38+00:00,
prometheus/prometheus,13662,2024-02-28 13:08:05+00:00,2024-05-10 01:31:35+00:00,2024-06-27 19:44:20+00:00,1170.2125
prometheus/prometheus,13661,2024-02-28 09:33:25+00:00,,2024-02-28 12:02:36+00:00,
prometheus/prometheus,13659,2024-02-28 09:21:38+00:00,2024-02-28 10:26:16+00:00,2024-02-29 08:21:41+00:00,21.92361111111111
prometheus/prometheus,13658,2024-02-28 05:06:40+00:00,2024-02-28 07:55:03+00:00,2024-02-29 13:21:15+00:00,29.436666666666667
prometheus/prometheus,13656,2024-02-27 20:49:26+00:00,2024-02-27 22:16:36+00:00,2024-02-27 22:16:43+00:00,0.0019444444444444444
prometheus/prometheus,13655,2024-02-27 17:14:41+00:00,2024-02-27 17:57:01+00:00,2024-02-28 17:03:34+00:00,23.109166666666667
prometheus/prometheus,13654,2024-02-27 11:19:08+00:00,,2024-03-04 16:18:59+00:00,
prometheus/prometheus,13652,2024-02-26 16:01:09+00:00,2024-02-26 16:33:34+00:00,2024-02-26 17:38:01+00:00,1.0741666666666667
prometheus/prometheus,13651,2024-02-26 15:04:45+00:00,,2024-02-27 11:17:46+00:00,
prometheus/prometheus,13650,2024-02-26 15:04:23+00:00,,2024-02-27 11:18:17+00:00,
prometheus/prometheus,13649,2024-02-26 15:03:54+00:00,,2024-02-27 11:17:56+00:00,
prometheus/prometheus,13648,2024-02-26 15:03:42+00:00,,2024-02-27 11:18:06+00:00,
prometheus/prometheus,13646,2024-02-26 12:24:19+00:00,,2024-03-04 16:05:00+00:00,
prometheus/prometheus,13645,2024-02-26 12:00:09+00:00,,2024-02-26 13:10:43+00:00,
prometheus/prometheus,13644,2024-02-26 11:53:43+00:00,,2024-03-04 16:04:54+00:00,
prometheus/prometheus,13642,2024-02-26 10:26:40+00:00,2024-04-18 10:28:59+00:00,2025-02-12 11:14:59+00:00,7200.766666666666
prometheus/prometheus,13641,2024-02-26 10:04:55+00:00,2024-02-26 10:22:36+00:00,2024-02-26 11:31:35+00:00,1.1497222222222223
prometheus/prometheus,13638,2024-02-25 19:59:58+00:00,2024-02-27 14:34:49+00:00,2024-05-19 17:35:36+00:00,1971.0130555555556
prometheus/prometheus,13637,2024-02-25 19:57:19+00:00,2024-02-26 13:12:04+00:00,2024-02-28 12:52:30+00:00,47.67388888888889
prometheus/prometheus,13635,2024-02-23 23:35:00+00:00,2024-02-24 02:11:59+00:00,2024-08-14 17:59:46+00:00,4143.796388888889
prometheus/prometheus,13634,2024-02-23 17:04:11+00:00,2024-02-26 15:00:15+00:00,2024-02-26 18:14:00+00:00,3.2291666666666665
prometheus/prometheus,13633,2024-02-23 15:32:24+00:00,2024-02-23 15:38:38+00:00,2024-02-26 09:53:39+00:00,66.25027777777778
prometheus/prometheus,13632,2024-02-23 13:46:18+00:00,2024-04-18 10:59:41+00:00,2025-02-12 11:15:42+00:00,7200.266944444445
prometheus/prometheus,13631,2024-02-23 05:53:03+00:00,,2024-02-23 10:31:39+00:00,
prometheus/prometheus,13629,2024-02-22 09:53:17+00:00,,2024-02-22 10:07:52+00:00,
prometheus/prometheus,13628,2024-02-22 09:39:48+00:00,2024-02-22 15:19:48+00:00,2024-02-23 12:39:17+00:00,21.32472222222222
prometheus/prometheus,13627,2024-02-22 08:24:38+00:00,2024-02-22 09:35:25+00:00,2024-02-22 17:04:19+00:00,7.4816666666666665
prometheus/prometheus,13624,2024-02-21 14:11:11+00:00,2024-02-28 13:12:14+00:00,2024-03-04 15:37:01+00:00,122.41305555555556
prometheus/prometheus,13623,2024-02-21 13:54:17+00:00,2024-02-21 14:31:35+00:00,2024-02-21 14:36:10+00:00,0.0763888888888889
prometheus/prometheus,13622,2024-02-21 13:37:11+00:00,2024-08-30 12:09:39+00:00,2024-08-30 12:39:31+00:00,0.49777777777777776
prometheus/prometheus,13621,2024-02-21 11:55:32+00:00,2024-02-23 21:28:42+00:00,2024-02-27 11:28:16+00:00,85.99277777777777
prometheus/prometheus,13620,2024-02-21 09:47:42+00:00,2024-02-21 14:28:12+00:00,2024-05-09 09:55:31+00:00,1867.4552777777778
prometheus/prometheus,13615,2024-02-20 19:45:49+00:00,2024-02-20 19:47:08+00:00,2024-08-22 14:31:57+00:00,4410.746944444444
prometheus/prometheus,13613,2024-02-20 10:10:50+00:00,2025-02-11 11:57:35+00:00,2025-04-15 11:29:21+00:00,1511.5294444444444
prometheus/prometheus,13612,2024-02-20 10:02:16+00:00,2024-02-21 13:14:01+00:00,2024-02-22 09:21:59+00:00,20.13277777777778
prometheus/prometheus,13610,2024-02-19 22:00:24+00:00,,2024-03-13 12:08:42+00:00,
prometheus/prometheus,13607,2024-02-19 15:23:24+00:00,2024-02-21 08:33:19+00:00,2024-02-23 08:41:45+00:00,48.14055555555556
prometheus/prometheus,13606,2024-02-19 13:47:35+00:00,2024-02-20 10:34:12+00:00,2024-02-22 09:23:27+00:00,46.82083333333333
prometheus/prometheus,13604,2024-02-19 11:44:27+00:00,2024-02-23 14:56:27+00:00,2024-02-26 15:02:12+00:00,72.09583333333333
prometheus/prometheus,13602,2024-02-19 10:52:25+00:00,2024-02-19 12:02:45+00:00,2024-02-19 13:15:03+00:00,1.205
prometheus/prometheus,13599,2024-02-18 13:29:08+00:00,,2025-02-18 11:09:30+00:00,
prometheus/prometheus,13598,2024-02-18 10:18:07+00:00,,2024-02-18 10:43:17+00:00,
prometheus/prometheus,13597,2024-02-18 09:41:46+00:00,,2024-06-04 11:41:02+00:00,
prometheus/prometheus,13593,2024-02-16 13:22:47+00:00,2024-02-26 10:10:35+00:00,2024-02-27 09:48:38+00:00,23.634166666666665
prometheus/prometheus,13592,2024-02-16 12:18:56+00:00,2024-02-16 13:04:36+00:00,2024-02-28 12:54:49+00:00,287.83694444444444
prometheus/prometheus,13590,2024-02-15 18:22:06+00:00,2024-02-16 14:52:53+00:00,2024-04-29 09:14:01+00:00,1746.3522222222223
prometheus/prometheus,13589,2024-02-15 14:23:52+00:00,2024-02-16 00:48:47+00:00,2024-02-19 09:34:04+00:00,80.75472222222223
prometheus/prometheus,13587,2024-02-15 12:42:03+00:00,2024-06-04 11:41:34+00:00,2024-06-04 11:43:18+00:00,0.028888888888888888
prometheus/prometheus,13585,2024-02-15 11:13:12+00:00,2024-02-15 14:07:47+00:00,2024-02-15 14:08:18+00:00,0.008611111111111111
prometheus/prometheus,13583,2024-02-15 01:24:23+00:00,2024-02-16 14:37:57+00:00,2024-02-22 01:09:07+00:00,130.51944444444445
prometheus/prometheus,13581,2024-02-14 15:36:54+00:00,,2025-02-18 11:11:46+00:00,
prometheus/prometheus,13580,2024-02-14 09:34:39+00:00,2024-02-19 13:24:50+00:00,2025-02-18 11:14:52+00:00,8757.833888888888
prometheus/prometheus,13578,2024-02-14 05:42:49+00:00,2024-02-14 15:28:36+00:00,2024-02-14 16:59:01+00:00,1.5069444444444444
prometheus/prometheus,13576,2024-02-13 16:00:11+00:00,2024-04-27 00:19:44+00:00,2025-04-08 15:06:38+00:00,8318.781666666666
prometheus/prometheus,13568,2024-02-11 08:49:00+00:00,2024-06-04 11:52:05+00:00,2025-02-18 11:17:44+00:00,6215.4275
prometheus/prometheus,13567,2024-02-11 07:33:07+00:00,2024-02-12 10:44:37+00:00,2024-11-11 06:59:24+00:00,6548.246388888889
prometheus/prometheus,13566,2024-02-11 02:18:59+00:00,2024-02-20 15:59:57+00:00,2024-07-30 11:08:52+00:00,3859.148611111111
prometheus/prometheus,13565,2024-02-09 08:17:20+00:00,2024-02-16 00:50:51+00:00,2024-11-20 10:20:46+00:00,6681.498611111111
prometheus/prometheus,13562,2024-02-08 16:14:56+00:00,2024-02-08 16:26:57+00:00,2024-02-28 22:28:39+00:00,486.0283333333333
prometheus/prometheus,13559,2024-02-07 17:29:58+00:00,2024-02-08 17:53:50+00:00,2024-02-12 13:34:33+00:00,91.67861111111111
prometheus/prometheus,13558,2024-02-07 16:44:18+00:00,2024-02-07 16:53:52+00:00,2024-03-14 13:47:25+00:00,860.8925
prometheus/prometheus,13554,2024-02-07 11:40:54+00:00,2024-02-07 20:31:52+00:00,2024-04-04 09:43:45+00:00,1357.1980555555556
prometheus/prometheus,13553,2024-02-07 10:28:49+00:00,,2024-05-13 17:48:10+00:00,
prometheus/prometheus,13550,2024-02-06 23:33:29+00:00,2024-08-22 17:17:47+00:00,2025-03-25 11:50:35+00:00,5154.546666666667
prometheus/prometheus,13549,2024-02-06 19:25:10+00:00,2024-02-07 15:30:17+00:00,2024-03-27 18:10:03+00:00,1178.6627777777778
prometheus/prometheus,13548,2024-02-06 19:03:36+00:00,,2024-02-20 19:37:32+00:00,
prometheus/prometheus,13546,2024-02-06 09:58:38+00:00,2024-02-06 12:26:36+00:00,2024-02-06 12:53:37+00:00,0.4502777777777778
prometheus/prometheus,13545,2024-02-06 09:53:07+00:00,2024-02-06 10:10:09+00:00,2024-02-06 10:26:48+00:00,0.2775
prometheus/prometheus,13543,2024-02-06 08:38:19+00:00,2024-02-06 12:52:52+00:00,2024-02-06 12:53:01+00:00,0.0025
prometheus/prometheus,13536,2024-02-04 10:25:46+00:00,2024-02-29 16:02:45+00:00,2024-02-29 16:03:00+00:00,0.004166666666666667
prometheus/prometheus,13527,2024-02-02 09:11:28+00:00,2024-02-02 16:38:33+00:00,2024-02-02 16:40:03+00:00,0.025
prometheus/prometheus,13526,2024-02-02 08:25:18+00:00,,2024-02-02 08:34:30+00:00,
prometheus/prometheus,13524,2024-02-01 23:58:18+00:00,,2024-03-01 23:18:11+00:00,
prometheus/prometheus,13523,2024-02-01 23:53:35+00:00,,2024-02-26 15:03:58+00:00,
prometheus/prometheus,13522,2024-02-01 23:53:22+00:00,,2024-02-27 11:19:12+00:00,
prometheus/prometheus,13521,2024-02-01 23:53:11+00:00,,2024-02-26 15:04:27+00:00,
prometheus/prometheus,13520,2024-02-01 23:53:01+00:00,,2024-02-26 15:04:49+00:00,
prometheus/prometheus,13519,2024-02-01 23:49:13+00:00,,2024-02-26 15:03:28+00:00,
prometheus/prometheus,13518,2024-02-01 23:45:23+00:00,,2024-09-16 19:47:52+00:00,
prometheus/prometheus,13517,2024-02-01 23:41:21+00:00,,2024-03-01 23:16:20+00:00,
prometheus/prometheus,13516,2024-02-01 23:04:39+00:00,,2024-03-01 23:44:46+00:00,
prometheus/prometheus,13515,2024-02-01 23:04:36+00:00,,2024-03-21 08:14:29+00:00,
prometheus/prometheus,13514,2024-02-01 23:04:33+00:00,2024-03-04 09:58:06+00:00,2024-03-04 09:58:11+00:00,0.001388888888888889
prometheus/prometheus,13513,2024-02-01 23:04:30+00:00,,2024-03-01 23:44:28+00:00,
prometheus/prometheus,13511,2024-02-01 18:51:06+00:00,2024-02-26 15:09:14+00:00,2025-02-18 11:25:05+00:00,8588.264166666666
prometheus/prometheus,13510,2024-02-01 18:26:15+00:00,2024-02-02 12:32:02+00:00,2024-02-02 18:38:50+00:00,6.113333333333333
prometheus/prometheus,13509,2024-02-01 14:51:50+00:00,2024-02-02 08:35:51+00:00,2024-02-02 09:00:39+00:00,0.41333333333333333
prometheus/prometheus,13506,2024-01-31 23:19:41+00:00,2024-02-07 15:11:40+00:00,2024-07-30 22:26:12+00:00,4183.242222222222
prometheus/prometheus,13505,2024-01-31 14:09:32+00:00,2024-02-03 11:53:06+00:00,2024-02-03 11:53:19+00:00,0.003611111111111111
prometheus/prometheus,13504,2024-01-31 13:38:32+00:00,2024-01-31 13:47:42+00:00,2024-02-07 17:32:10+00:00,171.7411111111111
prometheus/prometheus,13503,2024-01-31 12:26:49+00:00,2024-07-30 11:42:23+00:00,2024-07-30 11:44:03+00:00,0.027777777777777776
prometheus/prometheus,13502,2024-01-31 12:02:16+00:00,2024-01-31 12:14:44+00:00,2024-02-22 02:56:02+00:00,518.6883333333334
prometheus/prometheus,13499,2024-01-30 16:48:54+00:00,2024-01-30 18:20:14+00:00,2024-01-31 12:02:12+00:00,17.699444444444445
prometheus/prometheus,13498,2024-01-30 14:26:18+00:00,2024-01-30 20:54:01+00:00,2024-04-04 14:16:30+00:00,1553.3747222222223
prometheus/prometheus,13497,2024-01-30 14:25:36+00:00,2024-02-04 13:45:57+00:00,2024-02-04 13:46:14+00:00,0.004722222222222222
prometheus/prometheus,13496,2024-01-30 14:16:35+00:00,,2024-01-30 14:18:16+00:00,
prometheus/prometheus,13493,2024-01-30 05:20:04+00:00,,2024-02-08 23:59:17+00:00,
prometheus/prometheus,13492,2024-01-29 19:07:34+00:00,,2024-02-06 16:15:10+00:00,
prometheus/prometheus,13491,2024-01-29 19:05:23+00:00,2024-02-05 18:31:04+00:00,2024-02-06 16:16:32+00:00,21.75777777777778
prometheus/prometheus,13488,2024-01-29 05:28:07+00:00,2024-02-08 12:52:53+00:00,2024-02-14 16:24:40+00:00,147.52972222222223
prometheus/prometheus,13484,2024-01-27 10:59:06+00:00,2024-01-29 10:07:00+00:00,2024-01-29 10:20:21+00:00,0.2225
prometheus/prometheus,13478,2024-01-26 22:53:37+00:00,2024-01-29 09:15:12+00:00,2024-02-02 23:10:40+00:00,109.92444444444445
prometheus/prometheus,13477,2024-01-26 22:30:23+00:00,,2024-01-27 00:10:57+00:00,
prometheus/prometheus,13476,2024-01-26 17:58:22+00:00,2024-01-26 19:00:37+00:00,2024-01-27 06:58:34+00:00,11.965833333333334
prometheus/prometheus,13474,2024-01-26 14:02:53+00:00,2024-01-26 17:41:52+00:00,2024-01-26 22:28:58+00:00,4.785
prometheus/prometheus,13473,2024-01-26 11:07:56+00:00,2024-01-26 13:42:53+00:00,2024-01-30 09:57:08+00:00,92.2375
prometheus/prometheus,13472,2024-01-26 09:05:51+00:00,,2024-01-26 14:03:09+00:00,
prometheus/prometheus,13470,2024-01-25 18:43:11+00:00,,2024-01-26 09:07:09+00:00,
prometheus/prometheus,13469,2024-01-25 17:18:01+00:00,2024-01-26 22:32:02+00:00,2024-01-29 10:19:03+00:00,59.783611111111114
prometheus/prometheus,13467,2024-01-25 14:32:31+00:00,2024-01-30 11:53:13+00:00,2024-02-01 17:28:42+00:00,53.591388888888886
prometheus/prometheus,13466,2024-01-25 14:26:02+00:00,2024-01-25 14:55:26+00:00,2024-01-26 15:52:15+00:00,24.946944444444444
prometheus/prometheus,13465,2024-01-25 13:23:48+00:00,2024-01-25 13:55:55+00:00,2024-02-13 09:21:24+00:00,451.4247222222222
prometheus/prometheus,13464,2024-01-25 12:56:43+00:00,2024-01-26 12:21:02+00:00,2024-01-26 12:22:50+00:00,0.03
prometheus/prometheus,13463,2024-01-25 12:31:58+00:00,,2024-01-25 12:47:54+00:00,
prometheus/prometheus,13462,2024-01-25 10:58:32+00:00,2024-01-25 13:18:40+00:00,2024-01-25 13:18:47+00:00,0.0019444444444444444
prometheus/prometheus,13461,2024-01-25 10:09:58+00:00,2024-01-25 14:01:19+00:00,2024-03-25 12:49:29+00:00,1438.8027777777777
prometheus/prometheus,13460,2024-01-25 09:49:15+00:00,2024-01-26 08:25:10+00:00,2024-01-26 08:25:23+00:00,0.003611111111111111
prometheus/prometheus,13458,2024-01-25 06:42:43+00:00,2024-07-30 13:39:43+00:00,2024-07-31 10:10:38+00:00,20.51527777777778
prometheus/prometheus,13456,2024-01-24 17:22:34+00:00,2024-01-24 20:53:05+00:00,2024-06-25 14:01:00+00:00,3665.1319444444443
prometheus/prometheus,13455,2024-01-24 17:15:07+00:00,,2024-01-24 17:21:08+00:00,
prometheus/prometheus,13454,2024-01-24 15:54:51+00:00,,2024-01-25 09:20:14+00:00,
prometheus/prometheus,13453,2024-01-24 15:54:50+00:00,,2024-01-25 09:20:36+00:00,
prometheus/prometheus,13452,2024-01-24 10:00:25+00:00,2024-01-24 17:34:00+00:00,2024-02-12 14:40:08+00:00,453.1022222222222
prometheus/prometheus,13450,2024-01-24 09:40:49+00:00,2024-01-24 09:48:55+00:00,2024-01-24 14:27:18+00:00,4.639722222222222
prometheus/prometheus,13449,2024-01-24 06:13:09+00:00,2024-01-25 20:34:03+00:00,2024-01-25 20:34:18+00:00,0.004166666666666667
prometheus/prometheus,13448,2024-01-23 20:49:16+00:00,2024-01-24 11:22:09+00:00,2024-02-01 16:22:39+00:00,197.00833333333333
prometheus/prometheus,13447,2024-01-23 19:29:18+00:00,,2024-01-26 14:40:15+00:00,
prometheus/prometheus,13446,2024-01-23 18:24:24+00:00,2024-01-25 10:53:19+00:00,2024-01-25 10:48:50+00:00,-0.07472222222222222
prometheus/prometheus,13442,2024-01-23 04:51:25+00:00,,2024-07-30 11:51:30+00:00,
prometheus/prometheus,13440,2024-01-22 12:29:33+00:00,2024-01-23 15:00:33+00:00,2024-01-23 16:05:34+00:00,1.083611111111111
prometheus/prometheus,13439,2024-01-22 11:48:43+00:00,2024-01-23 15:05:08+00:00,2024-11-13 13:35:38+00:00,7078.508333333333
prometheus/prometheus,13438,2024-01-22 08:52:08+00:00,2024-01-24 14:04:31+00:00,2024-01-24 15:53:33+00:00,1.8172222222222223
prometheus/prometheus,13437,2024-01-21 22:25:33+00:00,2024-01-22 10:22:30+00:00,2024-01-22 17:33:21+00:00,7.180833333333333
prometheus/prometheus,13436,2024-01-20 10:03:05+00:00,,2025-02-18 11:31:29+00:00,
prometheus/prometheus,13435,2024-01-20 07:16:21+00:00,,2024-07-30 13:52:15+00:00,
prometheus/prometheus,13434,2024-01-19 21:28:52+00:00,2024-06-24 13:21:02+00:00,2024-06-25 16:47:09+00:00,27.435277777777777
prometheus/prometheus,13433,2024-01-19 19:31:10+00:00,2024-01-23 15:08:02+00:00,2024-01-23 15:08:22+00:00,0.005555555555555556
prometheus/prometheus,13432,2024-01-19 16:06:40+00:00,2024-01-19 17:25:38+00:00,2024-01-19 22:37:12+00:00,5.192777777777778
prometheus/prometheus,13427,2024-01-18 17:54:43+00:00,2024-01-22 14:06:04+00:00,2024-01-22 14:20:13+00:00,0.23583333333333334
prometheus/prometheus,13426,2024-01-18 15:35:35+00:00,2024-01-23 10:38:34+00:00,2024-01-23 10:40:21+00:00,0.029722222222222223
prometheus/prometheus,13423,2024-01-18 12:56:20+00:00,2024-05-17 14:56:16+00:00,2025-08-05 11:34:11+00:00,10676.631944444445
prometheus/prometheus,13422,2024-01-18 10:58:50+00:00,,2024-01-18 11:05:47+00:00,
prometheus/prometheus,13421,2024-01-18 10:33:50+00:00,2024-01-19 12:20:20+00:00,2024-01-24 12:47:59+00:00,120.46083333333333
prometheus/prometheus,13417,2024-01-17 15:44:42+00:00,,2024-01-18 10:56:51+00:00,
prometheus/prometheus,13416,2024-01-17 14:51:24+00:00,,2024-01-17 17:12:21+00:00,
prometheus/prometheus,13415,2024-01-17 11:56:20+00:00,,2024-01-18 10:57:13+00:00,
prometheus/prometheus,13414,2024-01-17 11:49:50+00:00,2024-01-24 09:47:51+00:00,2024-01-24 09:47:56+00:00,0.001388888888888889
prometheus/prometheus,13411,2024-01-16 18:13:05+00:00,2024-01-16 23:55:01+00:00,2024-01-17 00:34:09+00:00,0.6522222222222223
prometheus/prometheus,13409,2024-01-16 12:47:02+00:00,2024-08-19 16:38:06+00:00,2025-12-16 11:51:06+00:00,11611.216666666667
prometheus/prometheus,13408,2024-01-16 11:11:37+00:00,,2024-01-18 11:07:08+00:00,
prometheus/prometheus,13407,2024-01-16 11:02:14+00:00,2024-01-16 11:26:42+00:00,2024-01-16 13:19:31+00:00,1.8802777777777777
prometheus/prometheus,13405,2024-01-15 18:01:27+00:00,2024-01-22 14:47:33+00:00,2024-03-06 18:12:58+00:00,1059.423611111111
prometheus/prometheus,13404,2024-01-15 16:45:14+00:00,2024-01-15 16:46:26+00:00,2024-01-15 16:56:27+00:00,0.16694444444444445
prometheus/prometheus,13403,2024-01-15 16:33:57+00:00,2024-02-28 12:45:32+00:00,2024-02-28 14:31:18+00:00,1.7627777777777778
prometheus/prometheus,13402,2024-01-15 16:19:13+00:00,2024-01-15 16:34:00+00:00,2024-01-15 16:42:58+00:00,0.14944444444444444
prometheus/prometheus,13400,2024-01-15 15:10:48+00:00,,2024-02-01 23:58:21+00:00,
prometheus/prometheus,13399,2024-01-15 11:35:00+00:00,2024-01-15 11:42:50+00:00,2024-01-15 15:09:24+00:00,3.4427777777777777
prometheus/prometheus,13398,2024-01-15 11:27:30+00:00,2024-01-15 13:38:08+00:00,2024-01-15 15:42:40+00:00,2.0755555555555554
prometheus/prometheus,13397,2024-01-15 09:56:12+00:00,2024-01-15 10:05:56+00:00,2024-01-15 10:48:43+00:00,0.7130555555555556
prometheus/prometheus,13396,2024-01-14 06:47:45+00:00,2024-01-17 12:20:49+00:00,2024-02-29 15:31:13+00:00,1035.1733333333334
prometheus/prometheus,13395,2024-01-13 20:04:15+00:00,2024-01-14 21:24:15+00:00,2024-01-23 14:22:04+00:00,208.9636111111111
prometheus/prometheus,13394,2024-01-12 23:23:32+00:00,2024-01-15 20:11:25+00:00,2024-01-25 21:25:05+00:00,241.2277777777778
prometheus/prometheus,13393,2024-01-12 07:58:41+00:00,2024-01-12 08:40:31+00:00,2024-01-15 08:37:25+00:00,71.94833333333334
prometheus/prometheus,13392,2024-01-12 07:53:07+00:00,2024-01-16 10:48:20+00:00,2024-01-17 16:06:35+00:00,29.304166666666667
prometheus/prometheus,13391,2024-01-11 10:08:29+00:00,2024-01-11 16:06:09+00:00,2024-01-15 08:43:07+00:00,88.61611111111111
prometheus/prometheus,13389,2024-01-10 22:38:34+00:00,2024-01-11 11:25:28+00:00,2024-01-16 11:06:58+00:00,119.69166666666666
prometheus/prometheus,13386,2024-01-10 09:52:58+00:00,2024-03-21 08:13:12+00:00,2024-03-21 08:13:32+00:00,0.005555555555555556
prometheus/prometheus,13383,2024-01-08 15:31:49+00:00,2024-01-08 15:54:34+00:00,2024-01-08 16:01:24+00:00,0.11388888888888889
prometheus/prometheus,13382,2024-01-08 09:50:44+00:00,2024-01-08 09:58:14+00:00,2024-01-08 10:19:59+00:00,0.3625
prometheus/prometheus,13380,2024-01-07 20:35:09+00:00,2024-01-18 14:10:45+00:00,2024-01-18 14:11:01+00:00,0.0044444444444444444
docker/cli,6763,2026-01-26 11:32:53+00:00,,,
docker/cli,6762,2026-01-26 10:33:44+00:00,2026-01-26 10:36:18+00:00,2026-01-26 11:28:35+00:00,0.8713888888888889
docker/cli,6761,2026-01-26 10:23:08+00:00,2026-01-26 10:24:34+00:00,2026-01-26 11:07:38+00:00,0.7177777777777777
docker/cli,6760,2026-01-26 08:41:44+00:00,,,
docker/cli,6759,2026-01-26 08:39:48+00:00,2026-01-26 10:25:45+00:00,2026-01-26 10:25:52+00:00,0.0019444444444444444
docker/cli,6758,2026-01-26 08:03:44+00:00,2026-01-26 08:11:07+00:00,2026-01-26 10:25:28+00:00,2.2391666666666667
docker/cli,6757,2026-01-25 20:48:32+00:00,,,
docker/cli,6756,2026-01-25 18:08:58+00:00,,2026-01-25 18:59:20+00:00,
docker/cli,6755,2026-01-23 09:48:34+00:00,,,
docker/cli,6754,2026-01-23 02:52:13+00:00,,,
docker/cli,6753,2026-01-22 09:34:03+00:00,2026-01-26 10:06:06+00:00,2026-01-26 10:06:16+00:00,0.002777777777777778
docker/cli,6750,2026-01-16 08:47:32+00:00,2026-01-16 09:00:43+00:00,2026-01-16 09:00:51+00:00,0.0022222222222222222
docker/cli,6747,2026-01-15 11:50:33+00:00,2026-01-15 13:13:23+00:00,2026-01-15 13:20:51+00:00,0.12444444444444444
docker/cli,6746,2026-01-15 10:45:43+00:00,2026-01-15 11:02:26+00:00,2026-01-15 17:07:26+00:00,6.083333333333333
docker/cli,6745,2026-01-14 23:46:57+00:00,2026-01-16 11:32:56+00:00,2026-01-16 11:33:02+00:00,0.0016666666666666668
docker/cli,6744,2026-01-14 23:00:23+00:00,2026-01-16 11:33:17+00:00,2026-01-16 11:33:23+00:00,0.0016666666666666668
docker/cli,6742,2026-01-14 12:26:45+00:00,2026-01-14 13:54:25+00:00,2026-01-14 22:56:08+00:00,9.028611111111111
docker/cli,6741,2026-01-13 14:44:56+00:00,2026-01-13 15:08:25+00:00,2026-01-13 15:27:02+00:00,0.31027777777777776
docker/cli,6740,2026-01-13 14:32:46+00:00,2026-01-13 15:45:51+00:00,2026-01-14 08:46:57+00:00,17.018333333333334
docker/cli,6739,2026-01-13 13:48:54+00:00,2026-01-13 15:06:34+00:00,2026-01-13 15:18:58+00:00,0.20666666666666667
docker/cli,6738,2026-01-13 13:47:46+00:00,2026-01-13 15:07:41+00:00,2026-01-13 15:27:36+00:00,0.33194444444444443
docker/cli,6737,2026-01-12 12:01:10+00:00,,,
docker/cli,6736,2026-01-08 17:35:25+00:00,2026-01-19 11:57:10+00:00,2026-01-19 12:00:26+00:00,0.05444444444444444
docker/cli,6735,2026-01-08 17:06:37+00:00,2026-01-12 14:05:32+00:00,2026-01-12 15:09:58+00:00,1.073888888888889
docker/cli,6732,2026-01-06 12:39:05+00:00,,2026-01-07 08:35:50+00:00,
docker/cli,6728,2026-01-02 20:35:47+00:00,2026-01-07 09:32:41+00:00,,
docker/cli,6726,2025-12-25 12:37:13+00:00,,2026-01-07 08:35:30+00:00,
docker/cli,6725,2025-12-24 11:49:43+00:00,2026-01-07 09:27:38+00:00,2026-01-07 09:27:46+00:00,0.0022222222222222222
docker/cli,6724,2025-12-23 21:56:22+00:00,2026-01-07 09:28:04+00:00,2026-01-07 10:08:15+00:00,0.6697222222222222
docker/cli,6723,2025-12-23 17:12:11+00:00,2026-01-07 09:28:28+00:00,2026-01-07 10:09:40+00:00,0.6866666666666666
docker/cli,6722,2025-12-23 15:16:41+00:00,2026-01-07 09:26:52+00:00,2026-01-07 09:26:58+00:00,0.0016666666666666668
docker/cli,6721,2025-12-23 15:15:21+00:00,2025-12-23 17:29:12+00:00,2025-12-23 17:42:00+00:00,0.21333333333333335
docker/cli,6720,2025-12-23 11:28:14+00:00,2025-12-23 11:42:24+00:00,2025-12-23 12:15:26+00:00,0.5505555555555556
docker/cli,6719,2025-12-19 20:22:55+00:00,,,
docker/cli,6718,2025-12-19 17:40:31+00:00,2025-12-19 18:21:13+00:00,2025-12-19 18:51:49+00:00,0.51
docker/cli,6717,2025-12-18 21:50:38+00:00,2025-12-19 14:49:02+00:00,2025-12-19 14:49:08+00:00,0.0016666666666666668
docker/cli,6716,2025-12-18 16:38:47+00:00,2025-12-18 16:48:36+00:00,2025-12-18 16:48:48+00:00,0.0033333333333333335
docker/cli,6715,2025-12-18 11:55:39+00:00,2025-12-18 11:56:22+00:00,2025-12-18 12:41:02+00:00,0.7444444444444445
docker/cli,6714,2025-12-18 11:24:04+00:00,2025-12-18 12:53:26+00:00,2025-12-18 12:54:22+00:00,0.015555555555555555
docker/cli,6713,2025-12-18 09:25:00+00:00,2025-12-18 12:52:45+00:00,2025-12-18 12:53:55+00:00,0.019444444444444445
docker/cli,6711,2025-12-17 15:46:13+00:00,2025-12-17 16:01:06+00:00,2025-12-17 16:01:14+00:00,0.0022222222222222222
docker/cli,6710,2025-12-16 12:17:52+00:00,2025-12-16 12:53:19+00:00,2025-12-16 15:33:41+00:00,2.6727777777777777
docker/cli,6709,2025-12-16 11:28:09+00:00,2025-12-16 11:58:44+00:00,2025-12-16 11:58:57+00:00,0.003611111111111111
docker/cli,6706,2025-12-15 08:05:22+00:00,2025-12-15 12:58:16+00:00,2025-12-15 13:08:04+00:00,0.16333333333333333
docker/cli,6705,2025-12-12 14:38:04+00:00,2025-12-12 14:45:28+00:00,2025-12-12 14:45:38+00:00,0.002777777777777778
docker/cli,6704,2025-12-12 11:41:41+00:00,2025-12-12 12:25:32+00:00,2025-12-12 12:25:44+00:00,0.0033333333333333335
docker/cli,6703,2025-12-11 19:21:48+00:00,,,
docker/cli,6702,2025-12-11 18:58:42+00:00,2025-12-11 19:50:52+00:00,2025-12-11 19:50:58+00:00,0.0016666666666666668
docker/cli,6701,2025-12-11 16:31:03+00:00,2025-12-11 18:14:38+00:00,2025-12-11 18:14:45+00:00,0.0019444444444444444
docker/cli,6700,2025-12-11 15:30:25+00:00,2025-12-11 16:29:09+00:00,2025-12-11 17:12:13+00:00,0.7177777777777777
docker/cli,6698,2025-12-11 13:15:58+00:00,2025-12-16 14:18:24+00:00,2025-12-16 15:33:03+00:00,1.2441666666666666
docker/cli,6697,2025-12-09 11:43:20+00:00,2025-12-09 15:07:26+00:00,2025-12-09 15:07:34+00:00,0.0022222222222222222
docker/cli,6693,2025-12-04 13:19:21+00:00,,,
docker/cli,6692,2025-12-03 23:19:26+00:00,2025-12-04 12:25:15+00:00,2025-12-04 12:36:06+00:00,0.18083333333333335
docker/cli,6690,2025-12-03 10:39:25+00:00,2025-12-03 10:41:11+00:00,2025-12-03 10:47:52+00:00,0.11138888888888888
docker/cli,6688,2025-12-02 17:04:01+00:00,2025-12-02 17:15:59+00:00,2025-12-02 18:58:46+00:00,1.7130555555555556
docker/cli,6687,2025-12-01 12:02:52+00:00,2025-12-01 13:08:20+00:00,2025-12-01 13:08:30+00:00,0.002777777777777778
docker/cli,6685,2025-11-28 14:00:51+00:00,2025-12-05 09:17:42+00:00,2025-12-05 10:06:55+00:00,0.8202777777777778
docker/cli,6682,2025-11-27 13:41:00+00:00,2025-11-27 14:38:43+00:00,2025-11-27 14:38:49+00:00,0.0016666666666666668
docker/cli,6681,2025-11-27 13:30:40+00:00,2025-11-27 14:38:09+00:00,2025-11-27 14:38:16+00:00,0.0019444444444444444
docker/cli,6680,2025-11-27 10:21:49+00:00,2025-11-27 16:35:37+00:00,2025-11-27 16:36:38+00:00,0.016944444444444446
docker/cli,6679,2025-11-27 10:06:28+00:00,,2025-11-27 11:06:16+00:00,
docker/cli,6675,2025-11-24 15:18:24+00:00,2025-11-24 19:44:14+00:00,2025-11-24 21:35:38+00:00,1.8566666666666667
docker/cli,6671,2025-11-21 08:04:56+00:00,2025-11-27 09:42:07+00:00,2025-11-27 09:42:17+00:00,0.002777777777777778
docker/cli,6669,2025-11-20 16:26:27+00:00,2025-11-20 17:00:41+00:00,2025-11-28 11:26:44+00:00,186.43416666666667
docker/cli,6668,2025-11-20 16:02:30+00:00,2025-11-20 16:13:30+00:00,2025-11-20 16:21:40+00:00,0.1361111111111111
docker/cli,6667,2025-11-20 15:46:47+00:00,2025-11-20 16:27:31+00:00,2025-11-20 16:31:08+00:00,0.06027777777777778
docker/cli,6662,2025-11-17 10:00:31+00:00,2025-11-17 10:19:06+00:00,2025-11-17 10:19:51+00:00,0.0125
docker/cli,6659,2025-11-13 20:22:22+00:00,2025-11-13 20:40:46+00:00,2025-11-13 21:27:39+00:00,0.7813888888888889
docker/cli,6658,2025-11-13 19:28:52+00:00,2025-11-13 19:47:44+00:00,2025-11-13 19:53:27+00:00,0.09527777777777778
docker/cli,6657,2025-11-13 11:48:26+00:00,2025-11-13 12:20:34+00:00,2025-11-13 12:20:46+00:00,0.0033333333333333335
docker/cli,6656,2025-11-13 11:15:36+00:00,2025-11-13 11:48:41+00:00,2025-11-13 12:19:30+00:00,0.5136111111111111
docker/cli,6655,2025-11-13 11:04:34+00:00,,2025-11-13 11:08:02+00:00,
docker/cli,6654,2025-11-13 10:46:27+00:00,2025-11-13 11:57:00+00:00,2025-11-13 14:10:10+00:00,2.2194444444444446
docker/cli,6648,2025-11-12 13:07:59+00:00,2025-11-12 14:45:57+00:00,2025-11-12 17:09:53+00:00,2.398888888888889
docker/cli,6644,2025-11-10 21:38:20+00:00,2025-11-10 21:41:03+00:00,2025-11-10 21:42:38+00:00,0.02638888888888889
docker/cli,6643,2025-11-10 18:19:41+00:00,2025-11-10 21:04:35+00:00,2025-11-10 21:04:44+00:00,0.0025
docker/cli,6642,2025-11-10 16:47:13+00:00,2025-11-10 17:17:27+00:00,2025-11-10 18:09:49+00:00,0.8727777777777778
docker/cli,6641,2025-11-10 15:15:17+00:00,2025-11-10 16:03:38+00:00,2025-11-10 16:03:44+00:00,0.0016666666666666668
docker/cli,6638,2025-11-07 14:53:56+00:00,2025-11-07 15:27:02+00:00,,
docker/cli,6636,2025-11-07 00:21:39+00:00,2025-11-07 00:27:52+00:00,2025-11-07 00:34:15+00:00,0.1063888888888889
docker/cli,6635,2025-11-07 00:14:21+00:00,2025-11-07 00:30:44+00:00,2025-11-07 00:31:11+00:00,0.0075
docker/cli,6634,2025-11-06 23:33:45+00:00,2025-11-06 23:36:15+00:00,2025-11-06 23:55:53+00:00,0.32722222222222225
docker/cli,6633,2025-11-06 13:40:52+00:00,2025-11-06 23:18:09+00:00,2025-11-06 23:34:43+00:00,0.2761111111111111
docker/cli,6632,2025-11-06 13:24:17+00:00,2025-11-06 16:13:08+00:00,2025-11-06 16:13:16+00:00,0.0022222222222222222
docker/cli,6631,2025-11-06 11:40:41+00:00,2025-11-06 13:12:05+00:00,2025-11-06 14:24:18+00:00,1.2036111111111112
docker/cli,6629,2025-11-05 22:01:22+00:00,2025-11-06 10:22:38+00:00,2025-11-06 10:22:49+00:00,0.0030555555555555557
docker/cli,6628,2025-11-05 12:41:56+00:00,2025-11-05 16:23:24+00:00,2025-11-05 16:32:31+00:00,0.15194444444444444
docker/cli,6627,2025-11-05 10:11:20+00:00,2025-11-05 11:24:26+00:00,2025-11-05 11:45:13+00:00,0.3463888888888889
docker/cli,6626,2025-11-05 08:24:28+00:00,2025-11-05 11:23:01+00:00,2025-11-05 11:23:06+00:00,0.001388888888888889
docker/cli,6625,2025-11-05 07:56:37+00:00,2025-11-05 11:26:54+00:00,2025-11-05 11:40:19+00:00,0.22361111111111112
docker/cli,6624,2025-11-05 07:28:40+00:00,2025-11-05 10:28:47+00:00,2025-11-05 10:47:27+00:00,0.3111111111111111
docker/cli,6623,2025-11-05 07:06:29+00:00,2025-11-05 11:22:37+00:00,2025-11-05 11:22:43+00:00,0.0016666666666666668
docker/cli,6622,2025-11-05 06:52:49+00:00,2025-11-05 11:22:22+00:00,2025-11-05 11:22:30+00:00,0.0022222222222222222
docker/cli,6621,2025-11-05 06:36:26+00:00,2025-11-05 09:21:47+00:00,2025-11-05 10:32:32+00:00,1.1791666666666667
docker/cli,6620,2025-11-04 23:51:35+00:00,2025-11-05 07:54:44+00:00,2025-11-06 23:20:19+00:00,39.42638888888889
docker/cli,6619,2025-11-04 15:51:56+00:00,2025-11-05 11:19:44+00:00,2025-11-07 00:03:26+00:00,36.72833333333333
docker/cli,6618,2025-11-04 13:44:45+00:00,2025-11-04 17:36:45+00:00,2025-11-05 06:31:44+00:00,12.91638888888889
docker/cli,6617,2025-11-04 13:34:59+00:00,2025-11-05 11:21:59+00:00,2025-11-05 11:22:09+00:00,0.002777777777777778
docker/cli,6616,2025-11-04 13:29:03+00:00,2025-11-05 11:21:46+00:00,2025-11-05 11:21:51+00:00,0.001388888888888889
docker/cli,6615,2025-11-04 12:58:38+00:00,2025-11-04 13:24:23+00:00,2025-11-04 13:26:45+00:00,0.03944444444444444
docker/cli,6614,2025-11-04 12:12:26+00:00,2025-11-04 13:02:15+00:00,2025-11-04 13:02:28+00:00,0.003611111111111111
docker/cli,6613,2025-11-04 10:12:00+00:00,2025-11-04 12:45:08+00:00,2025-11-04 12:45:14+00:00,0.0016666666666666668
docker/cli,6612,2025-11-04 08:49:52+00:00,2025-11-05 12:27:07+00:00,2025-11-05 12:27:15+00:00,0.0022222222222222222
docker/cli,6611,2025-11-03 13:01:41+00:00,2025-11-03 14:17:09+00:00,2025-11-03 14:34:01+00:00,0.2811111111111111
docker/cli,6610,2025-11-03 12:19:02+00:00,2025-11-04 13:23:40+00:00,2025-11-04 13:23:51+00:00,0.0030555555555555557
docker/cli,6609,2025-11-03 11:46:26+00:00,2025-11-03 17:39:01+00:00,2025-11-03 17:39:06+00:00,0.001388888888888889
docker/cli,6608,2025-11-03 11:42:06+00:00,2025-11-03 14:24:23+00:00,2025-11-03 14:41:43+00:00,0.28888888888888886
docker/cli,6607,2025-11-03 11:34:03+00:00,2025-11-03 14:18:15+00:00,2025-11-03 14:33:29+00:00,0.2538888888888889
docker/cli,6606,2025-11-03 10:19:16+00:00,2025-11-03 10:49:32+00:00,2025-11-07 00:12:41+00:00,85.38583333333334
docker/cli,6605,2025-11-03 08:53:29+00:00,2025-11-03 08:54:01+00:00,2025-11-03 15:58:58+00:00,7.0825
docker/cli,6603,2025-10-31 21:29:50+00:00,2025-11-03 14:23:34+00:00,2025-11-04 13:05:39+00:00,22.70138888888889
docker/cli,6602,2025-10-31 21:19:47+00:00,2025-11-03 09:25:25+00:00,2026-01-12 12:01:59+00:00,1682.6094444444445
docker/cli,6601,2025-10-31 18:30:56+00:00,2025-10-31 18:31:57+00:00,2025-10-31 18:36:13+00:00,0.07111111111111111
docker/cli,6600,2025-10-31 16:46:39+00:00,2025-10-31 16:56:17+00:00,2025-10-31 16:56:23+00:00,0.0016666666666666668
docker/cli,6599,2025-10-31 16:31:54+00:00,2025-10-31 16:48:04+00:00,2025-10-31 16:50:19+00:00,0.0375
docker/cli,6598,2025-10-31 15:56:14+00:00,2025-10-31 16:08:12+00:00,2025-10-31 16:40:42+00:00,0.5416666666666666
docker/cli,6597,2025-10-31 14:00:08+00:00,2025-10-31 14:16:44+00:00,2025-10-31 16:29:13+00:00,2.2080555555555557
docker/cli,6596,2025-10-31 13:58:27+00:00,2025-10-31 16:42:26+00:00,2025-10-31 16:42:33+00:00,0.0019444444444444444
docker/cli,6595,2025-10-31 10:33:51+00:00,2025-10-31 10:46:38+00:00,2025-10-31 15:55:07+00:00,5.141388888888889
docker/cli,6594,2025-10-30 19:23:39+00:00,2025-10-31 00:49:42+00:00,2025-10-31 01:13:01+00:00,0.38861111111111113
docker/cli,6593,2025-10-30 17:39:02+00:00,2025-10-31 03:45:34+00:00,2025-10-31 03:45:41+00:00,0.0019444444444444444
docker/cli,6591,2025-10-29 23:03:33+00:00,2025-10-29 23:12:07+00:00,2025-10-29 23:32:58+00:00,0.3475
docker/cli,6590,2025-10-29 08:38:05+00:00,,2025-10-29 21:35:40+00:00,
docker/cli,6589,2025-10-29 08:01:01+00:00,,2025-10-29 08:35:48+00:00,
docker/cli,6588,2025-10-29 07:55:25+00:00,,2025-10-29 07:57:46+00:00,
docker/cli,6586,2025-10-28 20:25:08+00:00,2025-10-29 22:12:15+00:00,2025-10-29 22:53:04+00:00,0.6802777777777778
docker/cli,6585,2025-10-28 19:32:47+00:00,,2025-11-06 19:31:16+00:00,
docker/cli,6584,2025-10-28 14:06:16+00:00,2025-10-28 18:19:14+00:00,2025-10-28 18:26:27+00:00,0.12027777777777778
docker/cli,6583,2025-10-28 13:15:14+00:00,2025-10-28 14:15:16+00:00,2025-10-28 14:17:20+00:00,0.034444444444444444
docker/cli,6582,2025-10-28 11:20:13+00:00,2025-10-28 11:21:57+00:00,2025-10-28 13:12:17+00:00,1.8388888888888888
docker/cli,6581,2025-10-27 20:33:57+00:00,2025-10-27 20:44:09+00:00,2025-10-28 02:43:53+00:00,5.995555555555556
docker/cli,6580,2025-10-27 19:53:13+00:00,2025-10-27 20:30:51+00:00,2025-10-28 02:42:29+00:00,6.193888888888889
docker/cli,6579,2025-10-27 13:47:27+00:00,2025-10-27 14:04:34+00:00,2025-11-27 16:35:32+00:00,746.5161111111111
docker/cli,6578,2025-10-27 10:48:25+00:00,2025-11-07 00:55:03+00:00,2025-11-10 21:04:29+00:00,92.15722222222222
docker/cli,6577,2025-10-27 08:31:00+00:00,2025-10-31 02:02:14+00:00,2025-10-31 02:02:23+00:00,0.0025
docker/cli,6576,2025-10-26 16:47:32+00:00,2025-10-26 18:17:12+00:00,2025-10-27 19:35:49+00:00,25.310277777777777
docker/cli,6575,2025-10-24 22:11:29+00:00,2025-10-25 10:18:14+00:00,2025-10-26 16:40:20+00:00,30.368333333333332
docker/cli,6574,2025-10-24 18:23:24+00:00,2025-10-24 18:27:51+00:00,2025-10-29 23:24:29+00:00,124.94388888888889
docker/cli,6573,2025-10-24 06:49:29+00:00,,,
docker/cli,6571,2025-10-22 16:23:48+00:00,2025-10-24 12:01:51+00:00,2025-10-24 14:43:53+00:00,2.7005555555555554
docker/cli,6570,2025-10-20 22:36:33+00:00,2025-10-20 22:53:45+00:00,2025-10-31 02:04:01+00:00,243.17111111111112
docker/cli,6569,2025-10-20 20:17:59+00:00,2025-10-22 21:04:09+00:00,2025-10-27 20:17:09+00:00,119.21666666666667
docker/cli,6567,2025-10-17 01:06:04+00:00,2025-10-20 14:05:12+00:00,2025-10-20 14:52:25+00:00,0.7869444444444444
docker/cli,6566,2025-10-15 12:26:16+00:00,2025-10-31 17:19:41+00:00,2025-10-31 17:22:07+00:00,0.04055555555555555
docker/cli,6565,2025-10-15 00:13:27+00:00,2025-10-31 17:07:19+00:00,2025-10-31 17:16:17+00:00,0.14944444444444444
docker/cli,6564,2025-10-14 12:35:15+00:00,2025-10-14 12:42:02+00:00,2025-10-14 13:00:57+00:00,0.31527777777777777
docker/cli,6563,2025-10-14 08:44:39+00:00,2025-10-14 09:09:13+00:00,2025-10-14 09:35:31+00:00,0.43833333333333335
docker/cli,6562,2025-10-14 07:12:35+00:00,2025-10-14 07:15:55+00:00,2025-10-14 08:28:33+00:00,1.2105555555555556
docker/cli,6561,2025-10-13 13:44:03+00:00,2025-10-14 08:12:22+00:00,2025-10-14 08:27:53+00:00,0.2586111111111111
docker/cli,6560,2025-10-13 12:35:58+00:00,2025-11-03 20:37:01+00:00,2025-11-04 13:12:50+00:00,16.596944444444443
docker/cli,6559,2025-10-13 10:11:29+00:00,2025-10-13 10:29:39+00:00,2025-10-13 10:31:46+00:00,0.035277777777777776
docker/cli,6558,2025-10-13 09:49:07+00:00,2025-10-13 09:59:24+00:00,2025-10-13 09:59:30+00:00,0.0016666666666666668
docker/cli,6557,2025-10-13 08:17:42+00:00,2025-10-13 10:02:22+00:00,2025-10-13 10:02:35+00:00,0.003611111111111111
docker/cli,6556,2025-10-13 07:47:14+00:00,2025-10-13 10:16:24+00:00,2025-10-13 10:52:23+00:00,0.5997222222222223
docker/cli,6555,2025-10-10 22:41:19+00:00,2025-10-13 10:00:53+00:00,2025-10-13 10:02:01+00:00,0.01888888888888889
docker/cli,6554,2025-10-10 22:13:55+00:00,2025-10-13 10:00:26+00:00,2025-10-13 10:00:35+00:00,0.0025
docker/cli,6553,2025-10-10 22:02:54+00:00,2025-10-13 09:52:40+00:00,2025-10-13 09:52:47+00:00,0.0019444444444444444
docker/cli,6552,2025-10-10 21:56:41+00:00,2025-10-13 09:59:56+00:00,2025-10-13 10:00:02+00:00,0.0016666666666666668
docker/cli,6551,2025-10-10 17:16:16+00:00,2025-10-10 20:07:23+00:00,2025-10-10 20:53:02+00:00,0.7608333333333334
docker/cli,6550,2025-10-10 15:27:16+00:00,2025-10-10 20:10:29+00:00,2025-10-10 20:46:27+00:00,0.5994444444444444
docker/cli,6549,2025-10-09 15:23:00+00:00,,2025-10-09 16:33:16+00:00,
docker/cli,6548,2025-10-09 15:20:32+00:00,2025-10-09 19:57:44+00:00,2025-10-09 19:57:56+00:00,0.0033333333333333335
docker/cli,6547,2025-10-09 11:48:36+00:00,2025-10-09 14:13:28+00:00,2025-10-09 14:13:35+00:00,0.0019444444444444444
docker/cli,6546,2025-10-09 10:34:22+00:00,2025-10-09 10:44:48+00:00,2025-10-09 10:46:00+00:00,0.02
docker/cli,6545,2025-10-08 22:36:13+00:00,2025-10-08 23:57:45+00:00,2025-10-10 17:45:23+00:00,41.79388888888889
docker/cli,6544,2025-10-08 14:19:27+00:00,2025-10-09 08:11:00+00:00,2025-10-09 08:11:07+00:00,0.0019444444444444444
docker/cli,6543,2025-10-08 08:04:24+00:00,2025-10-08 14:22:05+00:00,2025-10-08 14:22:13+00:00,0.0022222222222222222
docker/cli,6541,2025-10-07 19:53:51+00:00,2025-10-08 02:50:02+00:00,2025-10-08 02:50:32+00:00,0.008333333333333333
docker/cli,6540,2025-10-07 19:48:28+00:00,2025-10-08 02:47:11+00:00,2025-10-08 02:47:18+00:00,0.0019444444444444444
docker/cli,6538,2025-10-07 10:34:37+00:00,,2025-10-10 17:45:24+00:00,
docker/cli,6537,2025-10-06 20:49:46+00:00,2025-10-07 11:53:43+00:00,2025-10-07 13:31:30+00:00,1.6297222222222223
docker/cli,6536,2025-10-06 19:21:56+00:00,2025-10-06 20:11:49+00:00,2025-10-06 20:21:32+00:00,0.16194444444444445
docker/cli,6535,2025-10-06 19:17:02+00:00,2025-10-06 20:09:59+00:00,2025-10-06 20:10:37+00:00,0.010555555555555556
docker/cli,6534,2025-10-06 19:13:54+00:00,,2025-10-10 17:45:25+00:00,
docker/cli,6533,2025-10-05 19:04:34+00:00,,2025-12-29 23:45:25+00:00,
docker/cli,6532,2025-10-02 20:29:45+00:00,2025-10-03 14:02:54+00:00,2025-10-03 14:03:00+00:00,0.0016666666666666668
docker/cli,6531,2025-10-01 10:06:18+00:00,2025-10-02 14:35:32+00:00,2025-10-02 14:35:37+00:00,0.001388888888888889
docker/cli,6530,2025-10-01 10:01:15+00:00,2025-10-03 14:04:03+00:00,2025-10-03 14:04:10+00:00,0.0019444444444444444
docker/cli,6529,2025-10-01 09:51:15+00:00,2025-10-01 13:25:14+00:00,2025-10-01 14:33:50+00:00,1.1433333333333333
docker/cli,6528,2025-10-01 09:48:51+00:00,2025-10-01 09:55:43+00:00,2025-10-01 13:25:05+00:00,3.4894444444444446
docker/cli,6527,2025-10-01 08:17:09+00:00,2025-10-03 14:02:32+00:00,2025-10-03 14:02:37+00:00,0.001388888888888889
docker/cli,6526,2025-09-30 22:02:00+00:00,2025-10-03 14:02:10+00:00,2025-10-03 14:02:16+00:00,0.0016666666666666668
docker/cli,6525,2025-09-30 16:19:41+00:00,2025-10-03 09:31:08+00:00,2025-10-03 09:58:04+00:00,0.4488888888888889
docker/cli,6524,2025-09-30 14:34:00+00:00,2025-10-01 09:24:27+00:00,2025-10-01 10:09:26+00:00,0.7497222222222222
docker/cli,6523,2025-09-30 11:00:09+00:00,2025-09-30 12:36:26+00:00,2025-09-30 12:36:35+00:00,0.0025
docker/cli,6522,2025-09-30 09:46:46+00:00,2025-10-02 14:36:05+00:00,2025-10-02 14:36:11+00:00,0.0016666666666666668
docker/cli,6521,2025-09-30 08:43:54+00:00,2025-09-30 12:35:24+00:00,2025-09-30 12:35:31+00:00,0.0019444444444444444
docker/cli,6520,2025-09-29 15:39:07+00:00,2025-09-29 23:03:35+00:00,2025-09-30 07:31:05+00:00,8.458333333333334
docker/cli,6519,2025-09-29 11:16:37+00:00,2025-09-29 22:55:22+00:00,2025-09-29 22:55:27+00:00,0.001388888888888889
docker/cli,6518,2025-09-29 11:10:09+00:00,2025-09-29 22:13:50+00:00,2025-09-29 22:13:55+00:00,0.001388888888888889
docker/cli,6517,2025-09-29 11:08:17+00:00,2025-09-29 22:13:15+00:00,2025-09-29 22:13:24+00:00,0.0025
docker/cli,6516,2025-09-29 09:56:37+00:00,2025-09-29 11:22:30+00:00,2025-09-29 22:49:23+00:00,11.448055555555555
docker/cli,6515,2025-09-29 08:41:34+00:00,2025-09-29 22:58:48+00:00,2025-09-29 23:00:22+00:00,0.026111111111111113
docker/cli,6514,2025-09-26 21:36:45+00:00,2025-09-29 22:11:36+00:00,2025-09-29 22:11:41+00:00,0.001388888888888889
docker/cli,6513,2025-09-26 21:33:18+00:00,2025-09-29 22:11:00+00:00,2025-09-29 22:11:13+00:00,0.003611111111111111
docker/cli,6512,2025-09-26 17:05:08+00:00,2025-09-29 22:02:11+00:00,2025-09-29 22:02:31+00:00,0.005555555555555556
docker/cli,6510,2025-09-26 09:33:17+00:00,2025-09-26 14:25:56+00:00,2025-09-26 15:14:49+00:00,0.8147222222222222
docker/cli,6509,2025-09-26 09:10:56+00:00,2025-09-26 09:15:14+00:00,2025-09-26 15:13:54+00:00,5.977777777777778
docker/cli,6508,2025-09-26 08:54:38+00:00,2025-09-26 09:12:35+00:00,2025-09-26 09:16:46+00:00,0.06972222222222223
docker/cli,6507,2025-09-26 08:11:46+00:00,2025-09-26 09:21:57+00:00,2025-09-26 09:24:32+00:00,0.043055555555555555
docker/cli,6506,2025-09-25 17:47:44+00:00,2025-09-26 09:22:21+00:00,2025-09-26 09:22:38+00:00,0.004722222222222222
docker/cli,6505,2025-09-25 17:45:17+00:00,2025-09-26 09:22:24+00:00,2025-09-26 09:31:18+00:00,0.14833333333333334
docker/cli,6504,2025-09-25 17:42:27+00:00,2025-09-26 09:22:10+00:00,2025-09-26 09:22:29+00:00,0.005277777777777778
docker/cli,6503,2025-09-25 16:04:48+00:00,2025-09-25 16:42:22+00:00,2025-09-25 16:43:28+00:00,0.018333333333333333
docker/cli,6502,2025-09-25 15:52:58+00:00,2025-09-25 16:39:58+00:00,2025-09-25 16:42:48+00:00,0.04722222222222222
docker/cli,6501,2025-09-25 13:51:23+00:00,2025-09-25 13:53:59+00:00,2025-09-25 15:33:09+00:00,1.6527777777777777
docker/cli,6500,2025-09-25 13:14:24+00:00,2025-09-25 16:38:13+00:00,2025-09-25 16:42:17+00:00,0.06777777777777778
docker/cli,6499,2025-09-25 13:08:12+00:00,2025-09-25 16:37:31+00:00,2025-09-25 16:41:51+00:00,0.07222222222222222
docker/cli,6498,2025-09-25 12:58:44+00:00,2025-09-25 16:37:02+00:00,2025-09-25 16:41:17+00:00,0.07083333333333333
docker/cli,6497,2025-09-25 11:31:32+00:00,2025-09-25 12:29:23+00:00,2025-09-25 12:29:31+00:00,0.0022222222222222222
docker/cli,6496,2025-09-25 11:29:44+00:00,2025-09-25 12:29:13+00:00,2025-09-25 12:29:19+00:00,0.0016666666666666668
docker/cli,6495,2025-09-25 08:47:30+00:00,2025-09-25 11:24:18+00:00,2025-09-25 11:24:29+00:00,0.0030555555555555557
docker/cli,6494,2025-09-25 08:33:01+00:00,2025-09-25 11:23:58+00:00,2025-09-25 11:24:06+00:00,0.0022222222222222222
docker/cli,6493,2025-09-25 07:48:34+00:00,2025-09-25 09:40:18+00:00,2025-09-25 09:41:45+00:00,0.024166666666666666
docker/cli,6492,2025-09-25 07:45:54+00:00,2025-09-25 09:29:48+00:00,2025-09-25 09:39:53+00:00,0.16805555555555557
docker/cli,6491,2025-09-25 07:36:58+00:00,2025-09-25 11:23:49+00:00,2025-09-25 11:25:04+00:00,0.020833333333333332
docker/cli,6490,2025-09-25 07:33:43+00:00,2025-09-25 09:31:21+00:00,2025-09-25 09:31:28+00:00,0.0019444444444444444
docker/cli,6489,2025-09-25 07:23:54+00:00,2025-09-25 11:23:36+00:00,2025-09-25 11:23:41+00:00,0.001388888888888889
docker/cli,6488,2025-09-25 07:21:26+00:00,2025-09-25 09:29:27+00:00,2025-09-25 09:31:56+00:00,0.04138888888888889
docker/cli,6487,2025-09-25 06:52:46+00:00,2025-09-26 09:20:45+00:00,,
docker/cli,6485,2025-09-25 06:38:14+00:00,,,
docker/cli,6483,2025-09-24 16:40:48+00:00,2025-09-24 17:08:45+00:00,2025-09-24 17:19:30+00:00,0.17916666666666667
docker/cli,6482,2025-09-24 15:52:25+00:00,2025-09-24 17:09:15+00:00,2025-09-24 17:09:27+00:00,0.0033333333333333335
docker/cli,6481,2025-09-24 14:26:03+00:00,2025-09-24 17:09:46+00:00,2025-09-24 17:10:18+00:00,0.008888888888888889
docker/cli,6480,2025-09-24 14:22:11+00:00,2025-09-24 15:56:47+00:00,2025-09-24 16:06:20+00:00,0.15916666666666668
docker/cli,6479,2025-09-24 14:17:53+00:00,2025-09-24 17:25:18+00:00,2025-09-24 17:25:44+00:00,0.007222222222222222
docker/cli,6478,2025-09-24 13:18:45+00:00,2025-09-24 14:01:12+00:00,2025-09-24 14:13:18+00:00,0.20166666666666666
docker/cli,6477,2025-09-24 13:07:36+00:00,2025-09-24 17:16:57+00:00,2025-09-24 17:36:10+00:00,0.3202777777777778
docker/cli,6476,2025-09-24 12:37:08+00:00,2025-09-24 14:00:22+00:00,2025-09-24 14:18:05+00:00,0.29527777777777775
docker/cli,6475,2025-09-24 12:19:05+00:00,2025-09-24 14:03:03+00:00,2025-09-24 14:15:25+00:00,0.2061111111111111
docker/cli,6474,2025-09-24 12:02:37+00:00,2025-09-24 14:20:37+00:00,2025-09-24 14:20:43+00:00,0.0016666666666666668
docker/cli,6473,2025-09-24 11:39:52+00:00,2025-09-24 11:54:30+00:00,2025-09-24 11:54:43+00:00,0.003611111111111111
docker/cli,6472,2025-09-24 11:36:16+00:00,2025-09-24 11:55:13+00:00,2025-09-24 11:56:46+00:00,0.025833333333333333
docker/cli,6471,2025-09-24 11:31:54+00:00,2025-09-24 11:34:09+00:00,2025-09-24 11:50:26+00:00,0.2713888888888889
docker/cli,6470,2025-09-24 11:27:53+00:00,2025-09-24 11:33:47+00:00,2025-09-24 11:50:10+00:00,0.27305555555555555
docker/cli,6469,2025-09-24 11:15:56+00:00,2025-09-24 11:18:52+00:00,2025-09-24 11:44:06+00:00,0.42055555555555557
docker/cli,6468,2025-09-24 11:00:08+00:00,2025-09-24 11:14:43+00:00,2025-09-24 11:17:39+00:00,0.04888888888888889
docker/cli,6467,2025-09-24 10:12:33+00:00,2025-09-24 11:14:01+00:00,2025-09-24 11:17:52+00:00,0.06416666666666666
docker/cli,6466,2025-09-24 08:30:05+00:00,2025-09-24 11:13:47+00:00,2025-09-24 11:17:24+00:00,0.06027777777777778
docker/cli,6465,2025-09-24 08:13:23+00:00,2025-09-24 11:15:22+00:00,2025-09-24 11:15:27+00:00,0.001388888888888889
docker/cli,6464,2025-09-23 19:45:25+00:00,2025-09-24 11:15:44+00:00,2025-09-24 11:15:54+00:00,0.002777777777777778
docker/cli,6463,2025-09-23 19:38:27+00:00,2025-09-24 11:16:20+00:00,2025-09-24 11:43:42+00:00,0.45611111111111113
docker/cli,6462,2025-09-23 19:23:22+00:00,2025-09-24 11:15:03+00:00,2025-09-24 11:18:59+00:00,0.06555555555555556
docker/cli,6461,2025-09-23 08:44:08+00:00,2025-09-24 11:13:43+00:00,2025-09-24 11:17:14+00:00,0.058611111111111114
docker/cli,6460,2025-09-22 13:33:05+00:00,2025-09-22 13:39:51+00:00,2025-09-23 10:54:15+00:00,21.24
docker/cli,6459,2025-09-22 00:55:53+00:00,,,
docker/cli,6458,2025-09-19 14:33:20+00:00,2025-09-24 11:16:34+00:00,2025-09-24 11:16:40+00:00,0.0016666666666666668
docker/cli,6455,2025-09-16 12:21:02+00:00,2025-09-16 15:42:52+00:00,2025-09-16 17:40:56+00:00,1.9677777777777778
docker/cli,6453,2025-09-11 18:01:57+00:00,2025-09-24 17:40:39+00:00,2025-09-24 17:40:45+00:00,0.0016666666666666668
docker/cli,6452,2025-09-11 14:33:52+00:00,2025-09-12 12:23:35+00:00,2025-09-19 08:57:16+00:00,164.5613888888889
docker/cli,6451,2025-09-11 11:03:25+00:00,2025-09-11 11:40:49+00:00,2025-09-11 15:27:50+00:00,3.783611111111111
docker/cli,6450,2025-09-10 10:21:39+00:00,2025-09-10 10:23:49+00:00,,
docker/cli,6449,2025-09-10 10:17:04+00:00,2025-09-10 13:02:50+00:00,2025-09-10 13:05:44+00:00,0.04833333333333333
docker/cli,6448,2025-09-10 10:14:05+00:00,2025-09-10 13:01:33+00:00,2025-09-10 13:08:19+00:00,0.11277777777777778
docker/cli,6447,2025-09-10 09:58:55+00:00,2025-09-10 13:00:08+00:00,2025-09-10 13:07:03+00:00,0.11527777777777778
docker/cli,6446,2025-09-10 09:48:04+00:00,2025-09-10 12:01:38+00:00,2025-09-10 12:30:06+00:00,0.47444444444444445
docker/cli,6445,2025-09-10 09:43:29+00:00,2025-09-10 12:56:10+00:00,2025-09-10 13:04:44+00:00,0.14277777777777778
docker/cli,6444,2025-09-09 22:30:08+00:00,2025-09-09 22:31:30+00:00,2025-09-10 09:36:23+00:00,11.081388888888888
docker/cli,6441,2025-09-08 18:45:02+00:00,2025-09-10 06:06:06+00:00,2025-09-10 08:20:22+00:00,2.2377777777777776
docker/cli,6440,2025-09-08 18:32:02+00:00,2025-09-09 06:23:18+00:00,2025-09-09 08:47:24+00:00,2.401666666666667
docker/cli,6439,2025-09-08 18:29:51+00:00,2025-09-09 09:14:15+00:00,2025-09-09 09:59:52+00:00,0.7602777777777778
docker/cli,6438,2025-09-08 13:26:01+00:00,2025-09-08 15:16:51+00:00,2025-09-08 15:31:29+00:00,0.24388888888888888
docker/cli,6436,2025-09-08 11:03:10+00:00,2025-09-08 12:33:51+00:00,,
docker/cli,6435,2025-09-08 10:07:24+00:00,2025-09-08 15:17:31+00:00,2025-09-08 15:30:37+00:00,0.21833333333333332
docker/cli,6434,2025-09-05 22:07:54+00:00,2025-09-05 22:12:57+00:00,2025-09-05 22:18:08+00:00,0.08638888888888889
docker/cli,6433,2025-09-05 19:48:39+00:00,2025-09-05 20:27:04+00:00,2025-09-05 20:27:10+00:00,0.0016666666666666668
docker/cli,6432,2025-09-05 11:35:49+00:00,2025-09-05 16:49:26+00:00,2025-09-05 16:51:01+00:00,0.02638888888888889
docker/cli,6430,2025-09-04 22:37:34+00:00,2025-09-05 14:28:44+00:00,2025-09-05 14:28:53+00:00,0.0025
docker/cli,6429,2025-09-04 21:14:57+00:00,2025-09-04 22:39:17+00:00,2025-09-04 22:46:36+00:00,0.12194444444444444
docker/cli,6428,2025-09-04 17:05:03+00:00,2025-09-04 22:46:02+00:00,2025-09-04 22:46:09+00:00,0.0019444444444444444
docker/cli,6427,2025-09-04 16:59:55+00:00,2025-09-04 22:44:49+00:00,2025-09-04 22:45:00+00:00,0.0030555555555555557
docker/cli,6426,2025-09-04 11:32:38+00:00,2025-09-04 17:07:41+00:00,2025-09-04 19:27:52+00:00,2.336388888888889
docker/cli,6425,2025-09-03 22:23:11+00:00,2025-09-03 23:01:07+00:00,2025-09-03 23:01:14+00:00,0.0019444444444444444
docker/cli,6424,2025-09-03 20:33:28+00:00,2025-09-03 20:39:10+00:00,2025-09-03 20:52:20+00:00,0.21944444444444444
docker/cli,6423,2025-09-03 18:58:59+00:00,2025-09-03 19:01:18+00:00,2025-09-03 19:04:36+00:00,0.055
docker/cli,6422,2025-09-03 18:44:25+00:00,2025-09-03 18:51:35+00:00,2025-09-03 19:28:57+00:00,0.6227777777777778
docker/cli,6421,2025-09-03 18:43:20+00:00,2025-09-03 18:52:03+00:00,2025-09-03 19:28:53+00:00,0.6138888888888889
docker/cli,6420,2025-09-03 13:44:12+00:00,2025-09-03 14:33:40+00:00,2025-09-03 15:35:07+00:00,1.0241666666666667
docker/cli,6419,2025-09-03 13:41:05+00:00,2025-09-03 14:33:21+00:00,2025-09-03 15:34:50+00:00,1.0247222222222223
docker/cli,6417,2025-09-02 10:36:01+00:00,2025-09-02 23:45:15+00:00,2025-09-02 23:45:21+00:00,0.0016666666666666668
docker/cli,6416,2025-09-02 10:28:49+00:00,2025-09-02 10:37:16+00:00,2025-09-02 10:37:24+00:00,0.0022222222222222222
docker/cli,6415,2025-09-02 10:18:12+00:00,2025-09-02 23:47:29+00:00,2025-09-02 23:48:11+00:00,0.011666666666666667
docker/cli,6414,2025-09-02 09:46:52+00:00,2025-09-02 10:14:14+00:00,2025-09-02 10:17:31+00:00,0.05472222222222222
docker/cli,6413,2025-09-01 15:48:45+00:00,2025-09-01 16:05:03+00:00,2025-09-01 16:05:08+00:00,0.001388888888888889
docker/cli,6412,2025-09-01 15:45:46+00:00,2025-09-01 15:57:08+00:00,2025-09-01 15:57:32+00:00,0.006666666666666667
docker/cli,6411,2025-09-01 15:38:40+00:00,2025-09-01 15:56:52+00:00,2025-09-01 15:57:49+00:00,0.015833333333333335
docker/cli,6410,2025-09-01 15:36:52+00:00,2025-09-01 15:56:29+00:00,2025-09-01 15:56:43+00:00,0.0038888888888888888
docker/cli,6409,2025-09-01 09:25:19+00:00,2025-09-01 11:14:41+00:00,2025-09-01 11:14:46+00:00,0.001388888888888889
docker/cli,6408,2025-09-01 08:28:55+00:00,2025-09-01 10:39:03+00:00,2025-09-01 10:58:20+00:00,0.3213888888888889
docker/cli,6407,2025-09-01 08:25:24+00:00,2025-09-01 10:39:40+00:00,2025-09-01 10:58:49+00:00,0.31916666666666665
docker/cli,6406,2025-09-01 07:44:21+00:00,2025-09-01 11:46:11+00:00,2025-09-01 11:55:09+00:00,0.14944444444444444
docker/cli,6405,2025-08-30 10:27:30+00:00,2025-09-01 06:02:54+00:00,2025-09-01 07:13:54+00:00,1.1833333333333333
docker/cli,6404,2025-08-30 09:58:42+00:00,2025-09-01 06:01:49+00:00,2025-09-01 07:13:19+00:00,1.1916666666666667
docker/cli,6403,2025-08-29 23:53:55+00:00,2025-09-01 06:00:29+00:00,2025-09-01 07:12:27+00:00,1.1994444444444445
docker/cli,6402,2025-08-29 23:30:32+00:00,2025-09-01 06:00:00+00:00,2025-09-01 07:11:29+00:00,1.1913888888888888
docker/cli,6401,2025-08-29 21:05:38+00:00,2025-09-01 11:44:47+00:00,2025-09-01 11:55:57+00:00,0.18611111111111112
docker/cli,6400,2025-08-29 17:00:05+00:00,2025-08-29 17:00:45+00:00,2025-08-29 17:01:45+00:00,0.016666666666666666
docker/cli,6399,2025-08-29 14:00:36+00:00,2025-08-29 14:10:32+00:00,2025-08-29 14:34:50+00:00,0.405
docker/cli,6398,2025-08-29 12:55:12+00:00,2025-08-29 15:04:32+00:00,2025-08-29 16:23:29+00:00,1.3158333333333334
docker/cli,6397,2025-08-29 12:52:02+00:00,2025-09-01 05:58:35+00:00,2025-09-01 07:10:43+00:00,1.2022222222222223
docker/cli,6396,2025-08-29 07:48:02+00:00,,2025-08-29 07:52:04+00:00,
docker/cli,6395,2025-08-28 17:37:03+00:00,2025-09-04 13:52:56+00:00,2025-09-05 21:39:17+00:00,31.7725
docker/cli,6394,2025-08-28 13:54:05+00:00,2025-08-28 14:37:53+00:00,2025-08-28 14:37:58+00:00,0.001388888888888889
docker/cli,6393,2025-08-28 13:47:39+00:00,2025-08-29 06:33:17+00:00,2025-08-29 09:22:11+00:00,2.815
docker/cli,6392,2025-08-28 11:23:43+00:00,2025-08-28 11:45:23+00:00,2025-08-28 11:52:44+00:00,0.1225
docker/cli,6391,2025-08-28 10:10:12+00:00,2025-08-28 10:11:44+00:00,2025-08-28 11:55:57+00:00,1.7369444444444444
docker/cli,6390,2025-08-28 09:38:42+00:00,2025-08-28 09:42:13+00:00,2025-08-28 10:03:34+00:00,0.35583333333333333
docker/cli,6389,2025-08-28 08:21:04+00:00,2025-08-28 11:54:59+00:00,2025-08-28 11:55:47+00:00,0.013333333333333334
docker/cli,6388,2025-08-27 17:34:36+00:00,2025-08-27 17:35:08+00:00,2025-08-27 17:38:12+00:00,0.051111111111111114
docker/cli,6387,2025-08-27 15:09:43+00:00,2025-08-27 15:34:04+00:00,2025-08-27 15:38:15+00:00,0.06972222222222223
docker/cli,6386,2025-08-27 13:56:35+00:00,2025-08-27 18:14:29+00:00,2025-08-27 18:14:42+00:00,0.003611111111111111
docker/cli,6385,2025-08-27 13:52:36+00:00,2025-08-27 18:13:58+00:00,2025-08-27 18:14:04+00:00,0.0016666666666666668
docker/cli,6384,2025-08-27 13:49:08+00:00,2025-08-27 18:18:04+00:00,2025-08-27 18:18:09+00:00,0.001388888888888889
docker/cli,6382,2025-08-27 13:05:12+00:00,2025-08-27 19:25:49+00:00,2025-08-27 19:25:54+00:00,0.001388888888888889
docker/cli,6381,2025-08-27 13:01:42+00:00,2025-08-27 19:26:33+00:00,2025-08-27 19:26:39+00:00,0.0016666666666666668
docker/cli,6380,2025-08-27 12:59:04+00:00,2025-08-27 13:01:55+00:00,2025-08-27 18:17:14+00:00,5.255277777777778
docker/cli,6379,2025-08-27 12:54:57+00:00,2025-08-27 19:22:44+00:00,2025-08-27 19:22:49+00:00,0.001388888888888889
docker/cli,6378,2025-08-27 12:44:53+00:00,2025-08-27 19:18:54+00:00,2025-08-27 19:21:41+00:00,0.04638888888888889
docker/cli,6377,2025-08-27 12:41:46+00:00,2025-08-27 19:24:40+00:00,2025-08-27 19:31:53+00:00,0.12027777777777778
docker/cli,6376,2025-08-27 11:47:19+00:00,2025-08-27 12:40:14+00:00,2025-08-27 12:45:44+00:00,0.09166666666666666
docker/cli,6375,2025-08-27 07:58:45+00:00,2025-08-27 09:58:03+00:00,2025-08-27 10:14:47+00:00,0.2788888888888889
docker/cli,6374,2025-08-26 21:48:54+00:00,2025-08-27 10:53:38+00:00,2025-08-27 11:47:39+00:00,0.9002777777777777
docker/cli,6373,2025-08-26 15:48:14+00:00,2025-08-26 17:06:11+00:00,2025-08-26 17:27:22+00:00,0.35305555555555557
docker/cli,6372,2025-08-26 14:50:20+00:00,2025-08-26 15:21:25+00:00,2025-08-26 15:32:23+00:00,0.1827777777777778
docker/cli,6371,2025-08-26 13:23:47+00:00,2025-08-27 11:36:03+00:00,2025-08-29 13:59:25+00:00,50.38944444444444
docker/cli,6370,2025-08-25 17:29:18+00:00,2025-08-26 00:31:52+00:00,2025-08-26 14:35:24+00:00,14.05888888888889
docker/cli,6369,2025-08-25 16:49:50+00:00,2025-08-26 00:30:30+00:00,2025-08-26 11:19:00+00:00,10.808333333333334
docker/cli,6368,2025-08-25 16:24:47+00:00,2025-08-26 00:29:14+00:00,2025-08-26 11:17:13+00:00,10.799722222222222
docker/cli,6367,2025-08-25 14:19:06+00:00,2025-08-25 14:26:45+00:00,,
docker/cli,6366,2025-08-25 13:40:10+00:00,2025-08-25 14:23:39+00:00,2025-08-26 15:25:03+00:00,25.023333333333333
docker/cli,6365,2025-08-25 07:55:24+00:00,2025-08-25 11:26:34+00:00,2025-08-25 11:33:13+00:00,0.11083333333333334
docker/cli,6364,2025-08-25 07:02:34+00:00,,,
docker/cli,6363,2025-08-24 17:39:38+00:00,2025-08-25 09:21:20+00:00,2025-08-25 09:47:21+00:00,0.4336111111111111
docker/cli,6362,2025-08-24 17:33:26+00:00,2025-08-25 14:19:06+00:00,2025-08-25 14:22:07+00:00,0.050277777777777775
docker/cli,6361,2025-08-24 17:29:07+00:00,2025-08-25 14:18:03+00:00,2025-08-25 14:20:57+00:00,0.04833333333333333
docker/cli,6360,2025-08-23 06:16:56+00:00,2025-08-23 12:14:51+00:00,2025-08-23 12:14:59+00:00,0.0022222222222222222
docker/cli,6359,2025-08-23 06:11:29+00:00,2025-08-23 12:14:16+00:00,2025-08-23 12:14:25+00:00,0.0025
docker/cli,6358,2025-08-23 01:53:23+00:00,2025-08-25 14:16:13+00:00,2025-08-25 14:20:31+00:00,0.07166666666666667
docker/cli,6357,2025-08-23 01:50:15+00:00,2025-08-25 14:15:51+00:00,2025-08-25 14:20:09+00:00,0.07166666666666667
docker/cli,6356,2025-08-23 01:46:32+00:00,2025-08-25 14:15:26+00:00,2025-08-25 14:19:45+00:00,0.07194444444444445
docker/cli,6355,2025-08-23 01:38:51+00:00,2025-08-25 13:34:49+00:00,2025-08-25 14:00:39+00:00,0.4305555555555556
docker/cli,6354,2025-08-23 00:21:37+00:00,2025-08-25 13:34:23+00:00,2025-08-25 13:52:28+00:00,0.3013888888888889
docker/cli,6353,2025-08-23 00:18:13+00:00,2025-08-25 13:33:56+00:00,2025-08-25 13:52:09+00:00,0.3036111111111111
docker/cli,6352,2025-08-23 00:08:02+00:00,,,
docker/cli,6351,2025-08-22 23:44:17+00:00,2025-08-23 09:56:28+00:00,2025-08-23 09:56:49+00:00,0.005833333333333334
docker/cli,6349,2025-08-22 22:49:21+00:00,2025-08-25 07:22:04+00:00,2025-08-25 09:00:31+00:00,1.6408333333333334
docker/cli,6348,2025-08-22 19:16:37+00:00,2025-08-26 15:25:43+00:00,2025-08-26 15:26:12+00:00,0.008055555555555555
docker/cli,6345,2025-08-22 12:27:23+00:00,2025-08-22 15:12:48+00:00,2025-08-22 19:05:55+00:00,3.8852777777777776
docker/cli,6344,2025-08-22 10:28:57+00:00,2025-08-22 10:33:07+00:00,2025-08-22 10:41:15+00:00,0.13555555555555557
docker/cli,6343,2025-08-22 10:24:40+00:00,2025-08-22 10:32:05+00:00,2025-08-22 10:35:25+00:00,0.05555555555555555
docker/cli,6342,2025-08-22 10:21:01+00:00,2025-08-22 10:31:48+00:00,2025-08-22 10:35:09+00:00,0.05583333333333333
docker/cli,6341,2025-08-22 08:05:09+00:00,2025-08-22 09:58:14+00:00,2025-08-22 10:10:03+00:00,0.19694444444444445
docker/cli,6340,2025-08-22 07:56:12+00:00,2025-08-22 09:25:32+00:00,2025-08-22 09:31:07+00:00,0.09305555555555556
docker/cli,6339,2025-08-22 07:47:21+00:00,2025-08-22 09:58:48+00:00,2025-08-22 10:10:27+00:00,0.19416666666666665
docker/cli,6338,2025-08-22 07:20:22+00:00,2025-08-22 10:22:46+00:00,2025-08-22 10:25:14+00:00,0.04111111111111111
docker/cli,6337,2025-08-22 07:17:09+00:00,2025-08-22 09:25:02+00:00,2025-08-22 09:31:33+00:00,0.10861111111111112
docker/cli,6336,2025-08-21 13:36:55+00:00,2025-08-22 06:20:47+00:00,2025-08-22 06:29:16+00:00,0.1413888888888889
docker/cli,6335,2025-08-21 09:14:06+00:00,2025-08-21 11:07:22+00:00,2025-08-21 11:13:19+00:00,0.09916666666666667
docker/cli,6334,2025-08-21 08:49:50+00:00,2025-08-21 11:09:09+00:00,2025-08-21 11:11:17+00:00,0.035555555555555556
docker/cli,6333,2025-08-20 20:02:37+00:00,2025-08-20 22:29:40+00:00,2025-08-20 22:29:47+00:00,0.0019444444444444444
docker/cli,6332,2025-08-20 15:53:41+00:00,2025-08-20 18:55:01+00:00,2025-08-20 18:55:06+00:00,0.001388888888888889
docker/cli,6331,2025-08-20 14:57:30+00:00,2025-08-20 15:25:29+00:00,2025-08-20 15:27:05+00:00,0.02666666666666667
docker/cli,6330,2025-08-20 13:06:43+00:00,2025-08-21 09:43:42+00:00,2025-08-21 11:35:40+00:00,1.866111111111111
docker/cli,6329,2025-08-20 12:48:08+00:00,2025-08-20 15:32:29+00:00,2025-08-21 07:23:30+00:00,15.850277777777778
docker/cli,6328,2025-08-20 12:09:07+00:00,2025-08-20 12:09:42+00:00,2025-08-20 12:18:16+00:00,0.14277777777777778
docker/cli,6327,2025-08-20 12:06:24+00:00,2025-08-20 12:59:46+00:00,2025-08-20 13:04:16+00:00,0.075
docker/cli,6326,2025-08-20 12:04:47+00:00,2025-08-20 12:08:59+00:00,2025-08-20 12:13:19+00:00,0.07222222222222222
docker/cli,6325,2025-08-20 12:01:46+00:00,2025-08-20 12:08:39+00:00,2025-08-20 12:08:41+00:00,0.0005555555555555556
docker/cli,6324,2025-08-20 11:39:16+00:00,2025-08-20 11:40:18+00:00,2025-08-20 11:43:43+00:00,0.05694444444444444
docker/cli,6323,2025-08-20 11:28:53+00:00,2025-08-20 11:36:38+00:00,2025-08-20 11:36:41+00:00,0.0008333333333333334
docker/cli,6322,2025-08-20 11:24:47+00:00,2025-08-20 11:26:01+00:00,2025-08-20 11:40:09+00:00,0.23555555555555555
docker/cli,6321,2025-08-20 10:58:38+00:00,2025-08-20 11:18:34+00:00,2025-08-20 11:18:36+00:00,0.0005555555555555556
docker/cli,6320,2025-08-20 10:53:57+00:00,2025-08-20 10:57:32+00:00,2025-08-20 10:57:33+00:00,0.0002777777777777778
docker/cli,6319,2025-08-20 10:46:59+00:00,2025-08-20 10:48:10+00:00,2025-08-20 10:49:06+00:00,0.015555555555555555
docker/cli,6318,2025-08-20 10:42:31+00:00,2025-08-20 10:44:47+00:00,2025-08-20 10:51:14+00:00,0.1075
docker/cli,6317,2025-08-20 10:35:57+00:00,2025-08-20 10:43:43+00:00,2025-08-20 10:43:51+00:00,0.0022222222222222222
docker/cli,6316,2025-08-20 10:30:27+00:00,2025-08-20 10:31:01+00:00,2025-08-20 10:42:58+00:00,0.19916666666666666
docker/cli,6315,2025-08-19 21:33:37+00:00,2025-08-20 09:56:31+00:00,2025-08-20 09:58:27+00:00,0.03222222222222222
docker/cli,6314,2025-08-19 21:31:08+00:00,2025-08-19 21:39:56+00:00,2025-08-20 09:57:34+00:00,12.293888888888889
docker/cli,6313,2025-08-19 20:39:26+00:00,2025-08-20 09:42:06+00:00,2025-08-20 09:58:05+00:00,0.2663888888888889
docker/cli,6312,2025-08-19 19:03:05+00:00,2025-08-20 12:48:34+00:00,2025-08-20 13:55:43+00:00,1.1191666666666666
docker/cli,6311,2025-08-19 16:20:07+00:00,2025-08-20 10:02:15+00:00,2025-08-20 10:04:45+00:00,0.041666666666666664
docker/cli,6310,2025-08-19 16:13:45+00:00,2025-08-19 18:30:46+00:00,2025-08-19 18:30:51+00:00,0.001388888888888889
docker/cli,6309,2025-08-19 16:09:59+00:00,2025-08-19 18:19:35+00:00,2025-08-19 18:19:42+00:00,0.0019444444444444444
docker/cli,6308,2025-08-19 14:45:33+00:00,2025-08-19 15:06:29+00:00,2025-08-19 15:06:35+00:00,0.0016666666666666668
docker/cli,6307,2025-08-19 14:33:16+00:00,2025-08-19 15:03:16+00:00,2025-08-19 15:03:23+00:00,0.0019444444444444444
docker/cli,6306,2025-08-19 13:17:09+00:00,2025-08-19 18:34:29+00:00,2025-08-19 18:36:23+00:00,0.03166666666666667
docker/cli,6305,2025-08-19 13:16:59+00:00,2025-08-19 13:18:20+00:00,2025-08-19 13:27:16+00:00,0.14888888888888888
docker/cli,6304,2025-08-19 12:59:17+00:00,2025-08-19 13:20:51+00:00,2025-08-19 13:26:10+00:00,0.08861111111111111
docker/cli,6303,2025-08-19 12:29:11+00:00,2025-08-19 13:21:34+00:00,2025-08-19 13:23:39+00:00,0.034722222222222224
docker/cli,6301,2025-08-19 12:17:15+00:00,2025-08-19 12:18:39+00:00,2025-08-19 12:37:12+00:00,0.30916666666666665
docker/cli,6300,2025-08-19 10:41:25+00:00,2025-08-19 10:43:36+00:00,2025-08-19 10:48:51+00:00,0.0875
docker/cli,6299,2025-08-19 09:23:00+00:00,2025-08-19 09:24:20+00:00,2025-08-19 11:03:55+00:00,1.6597222222222223
docker/cli,6298,2025-08-18 19:55:31+00:00,2025-08-19 10:41:59+00:00,2025-08-19 10:50:08+00:00,0.13583333333333333
docker/cli,6297,2025-08-18 19:52:15+00:00,2025-08-19 03:29:56+00:00,2025-08-19 03:30:02+00:00,0.0016666666666666668
docker/cli,6296,2025-08-18 19:39:07+00:00,2025-08-19 03:30:36+00:00,2025-08-20 09:42:45+00:00,30.2025
docker/cli,6295,2025-08-18 17:48:50+00:00,2026-01-15 11:09:14+00:00,2026-01-15 11:10:19+00:00,0.018055555555555554
docker/cli,6294,2025-08-18 17:19:03+00:00,2025-08-19 10:42:24+00:00,2025-08-19 11:04:32+00:00,0.3688888888888889
docker/cli,6293,2025-08-18 16:53:06+00:00,2025-08-19 18:35:27+00:00,2025-08-19 19:03:59+00:00,0.47555555555555556
docker/cli,6292,2025-08-18 16:22:06+00:00,2025-08-19 10:42:42+00:00,2025-08-19 10:50:58+00:00,0.13777777777777778
docker/cli,6291,2025-08-18 16:19:27+00:00,2025-08-18 16:28:29+00:00,2025-08-18 16:35:07+00:00,0.11055555555555556
docker/cli,6290,2025-08-18 16:01:53+00:00,2025-08-18 16:09:40+00:00,2025-08-18 16:16:56+00:00,0.12111111111111111
docker/cli,6289,2025-08-18 15:14:13+00:00,2025-08-18 16:28:09+00:00,2025-08-18 16:28:25+00:00,0.0044444444444444444
docker/cli,6288,2025-08-18 15:06:24+00:00,2025-08-18 16:09:58+00:00,2025-08-18 16:20:05+00:00,0.1686111111111111
docker/cli,6287,2025-08-18 13:22:43+00:00,2025-08-18 14:54:09+00:00,2025-08-18 15:07:33+00:00,0.22333333333333333
docker/cli,6286,2025-08-18 11:07:31+00:00,2025-08-18 16:32:31+00:00,2025-08-19 08:28:52+00:00,15.939166666666667
docker/cli,6285,2025-08-18 11:03:41+00:00,2025-08-19 08:27:32+00:00,2025-08-19 08:27:49+00:00,0.004722222222222222
docker/cli,6284,2025-08-18 10:16:03+00:00,2025-08-19 08:22:35+00:00,2025-08-19 08:26:26+00:00,0.06416666666666666
docker/cli,6283,2025-08-18 10:07:50+00:00,2025-08-18 10:50:22+00:00,2025-08-18 15:02:16+00:00,4.198333333333333
docker/cli,6281,2025-08-15 21:42:00+00:00,2025-08-18 08:00:43+00:00,2025-08-18 09:24:11+00:00,1.3911111111111112
docker/cli,6280,2025-08-15 20:20:14+00:00,2025-08-16 14:21:51+00:00,2025-08-16 14:21:56+00:00,0.001388888888888889
docker/cli,6279,2025-08-15 20:18:00+00:00,2025-08-16 14:21:35+00:00,2025-08-16 14:21:40+00:00,0.001388888888888889
docker/cli,6278,2025-08-15 17:18:11+00:00,2025-08-15 20:05:54+00:00,2025-08-15 20:06:03+00:00,0.0025
docker/cli,6277,2025-08-15 17:15:13+00:00,2025-08-15 19:23:57+00:00,2025-08-16 14:20:24+00:00,18.940833333333334
docker/cli,6276,2025-08-15 17:12:38+00:00,2025-08-18 09:38:57+00:00,2025-08-18 09:41:11+00:00,0.03722222222222222
docker/cli,6275,2025-08-15 17:09:11+00:00,2025-08-15 20:20:00+00:00,2025-08-15 20:20:06+00:00,0.0016666666666666668
docker/cli,6274,2025-08-15 17:01:01+00:00,2025-08-15 20:15:48+00:00,2025-08-15 20:19:27+00:00,0.060833333333333336
docker/cli,6273,2025-08-15 14:09:12+00:00,2025-08-15 14:44:53+00:00,2025-08-18 09:40:47+00:00,66.93166666666667
docker/cli,6272,2025-08-15 11:37:57+00:00,2025-08-16 22:28:25+00:00,2025-08-16 22:34:43+00:00,0.105
docker/cli,6270,2025-08-15 10:56:25+00:00,2025-08-15 19:23:13+00:00,2025-08-16 14:20:14+00:00,18.950277777777778
docker/cli,6269,2025-08-15 10:14:14+00:00,2025-08-18 07:53:38+00:00,2025-08-18 09:24:42+00:00,1.5177777777777777
docker/cli,6267,2025-08-14 22:10:58+00:00,,2025-08-27 11:27:54+00:00,
docker/cli,6266,2025-08-14 21:27:46+00:00,2025-08-28 14:38:14+00:00,2025-08-28 14:38:20+00:00,0.0016666666666666668
docker/cli,6265,2025-08-14 18:03:10+00:00,2025-08-15 12:50:58+00:00,2025-08-15 12:51:05+00:00,0.0019444444444444444
docker/cli,6264,2025-08-14 15:48:53+00:00,2025-08-14 15:57:09+00:00,2025-08-14 16:42:32+00:00,0.7563888888888889
docker/cli,6263,2025-08-14 13:36:07+00:00,2025-08-14 14:55:30+00:00,2025-08-19 13:01:19+00:00,118.09694444444445
docker/cli,6262,2025-08-14 12:59:33+00:00,2025-08-14 18:16:24+00:00,2025-08-14 19:49:42+00:00,1.555
docker/cli,6261,2025-08-14 11:02:28+00:00,2025-08-14 11:24:55+00:00,2025-08-14 12:17:43+00:00,0.88
docker/cli,6260,2025-08-14 08:34:42+00:00,2025-08-14 09:02:04+00:00,2025-08-14 09:25:41+00:00,0.39361111111111113
docker/cli,6259,2025-08-13 16:08:02+00:00,2025-08-14 08:51:27+00:00,2025-08-14 08:51:34+00:00,0.0019444444444444444
docker/cli,6258,2025-08-13 16:04:10+00:00,2025-08-14 07:04:37+00:00,2025-08-14 08:22:59+00:00,1.306111111111111
docker/cli,6257,2025-08-13 15:55:44+00:00,2025-08-14 07:04:08+00:00,2025-08-14 08:22:07+00:00,1.2997222222222222
docker/cli,6256,2025-08-13 15:41:31+00:00,2025-08-14 07:03:31+00:00,2025-08-14 12:43:15+00:00,5.662222222222222
docker/cli,6255,2025-08-12 22:43:23+00:00,2025-08-26 20:35:29+00:00,2025-08-26 20:37:06+00:00,0.026944444444444444
docker/cli,6254,2025-08-12 22:13:09+00:00,2025-08-12 22:13:52+00:00,2025-08-13 09:22:30+00:00,11.143888888888888
docker/cli,6253,2025-08-12 16:52:06+00:00,2025-08-12 22:14:36+00:00,2025-08-12 22:14:50+00:00,0.0038888888888888888
docker/cli,6252,2025-08-11 13:58:58+00:00,2025-08-11 16:55:53+00:00,2025-08-12 05:44:17+00:00,12.806666666666667
docker/cli,6250,2025-08-08 20:48:58+00:00,2025-08-08 21:26:43+00:00,2025-08-11 13:56:03+00:00,64.4888888888889
docker/cli,6249,2025-08-08 17:08:10+00:00,2025-08-11 12:38:31+00:00,2025-08-11 13:06:57+00:00,0.4738888888888889
docker/cli,6247,2025-08-08 13:38:21+00:00,2025-08-08 17:56:41+00:00,2025-08-08 17:56:53+00:00,0.0033333333333333335
docker/cli,6246,2025-08-08 11:44:03+00:00,2025-09-10 09:38:05+00:00,2025-09-10 09:38:15+00:00,0.002777777777777778
docker/cli,6245,2025-08-06 21:55:23+00:00,2025-08-07 11:38:52+00:00,2025-08-07 11:52:04+00:00,0.22
docker/cli,6244,2025-08-06 15:00:06+00:00,2025-08-06 17:32:25+00:00,2025-08-06 17:37:36+00:00,0.08638888888888889
docker/cli,6243,2025-08-06 08:54:06+00:00,2025-08-06 10:08:40+00:00,2025-08-06 10:30:31+00:00,0.3641666666666667
docker/cli,6242,2025-08-05 23:17:05+00:00,2025-08-06 07:33:16+00:00,2025-08-06 07:33:22+00:00,0.0016666666666666668
docker/cli,6241,2025-08-05 21:25:15+00:00,2025-08-06 07:35:24+00:00,2025-08-06 08:48:58+00:00,1.2261111111111112
docker/cli,6240,2025-08-05 19:24:41+00:00,2025-08-06 08:01:45+00:00,2025-08-06 08:08:33+00:00,0.11333333333333333
docker/cli,6239,2025-08-05 14:27:48+00:00,2025-08-05 14:29:43+00:00,2025-08-05 14:57:54+00:00,0.4697222222222222
docker/cli,6238,2025-08-05 08:32:51+00:00,2025-08-06 10:07:56+00:00,2025-08-06 10:30:08+00:00,0.37
docker/cli,6237,2025-08-04 09:35:57+00:00,2025-08-04 10:06:19+00:00,2025-08-04 12:00:21+00:00,1.9005555555555556
docker/cli,6236,2025-08-03 20:13:37+00:00,2025-08-03 21:11:36+00:00,2025-08-05 21:25:51+00:00,48.2375
docker/cli,6235,2025-08-03 16:01:00+00:00,2025-08-06 07:36:11+00:00,2025-08-06 07:50:28+00:00,0.23805555555555555
docker/cli,6234,2025-08-03 13:50:35+00:00,2025-08-04 12:18:43+00:00,2025-08-04 13:21:50+00:00,1.0519444444444443
docker/cli,6233,2025-08-02 20:58:00+00:00,2025-08-06 08:02:19+00:00,2025-08-06 12:04:01+00:00,4.028333333333333
docker/cli,6232,2025-08-02 20:53:34+00:00,2025-08-02 21:25:01+00:00,2025-08-05 20:42:19+00:00,71.28833333333333
docker/cli,6230,2025-07-31 14:25:35+00:00,2025-07-31 16:01:47+00:00,2025-07-31 16:27:03+00:00,0.4211111111111111
docker/cli,6229,2025-07-31 12:59:20+00:00,,2025-08-02 20:41:15+00:00,
docker/cli,6228,2025-07-31 12:33:59+00:00,2025-07-31 16:07:17+00:00,2025-07-31 16:28:28+00:00,0.35305555555555557
docker/cli,6227,2025-07-31 12:01:35+00:00,2025-07-31 16:08:58+00:00,2025-07-31 16:28:08+00:00,0.3194444444444444
docker/cli,6226,2025-07-31 11:10:05+00:00,2025-07-31 16:04:35+00:00,2025-07-31 16:10:08+00:00,0.0925
docker/cli,6221,2025-07-29 20:25:32+00:00,2025-08-16 15:04:54+00:00,2025-08-16 15:05:00+00:00,0.0016666666666666668
docker/cli,6219,2025-07-29 17:58:31+00:00,2025-07-29 17:59:08+00:00,2025-08-06 08:09:26+00:00,182.17166666666665
docker/cli,6218,2025-07-29 16:27:27+00:00,2025-07-29 18:05:02+00:00,2025-07-29 18:17:56+00:00,0.215
docker/cli,6217,2025-07-28 12:58:15+00:00,2025-07-28 14:24:03+00:00,2025-07-28 18:12:40+00:00,3.810277777777778
docker/cli,6216,2025-07-28 12:42:18+00:00,2025-07-29 17:29:29+00:00,2025-07-29 17:51:52+00:00,0.37305555555555553
docker/cli,6215,2025-07-28 06:39:32+00:00,2025-07-28 08:16:07+00:00,2025-07-29 16:41:19+00:00,32.42
docker/cli,6214,2025-07-28 06:37:18+00:00,2025-07-28 09:23:42+00:00,2025-07-28 09:26:37+00:00,0.04861111111111111
docker/cli,6213,2025-07-26 14:06:01+00:00,2025-07-28 06:47:54+00:00,2025-07-28 06:49:01+00:00,0.01861111111111111
docker/cli,6212,2025-07-25 18:33:02+00:00,2025-07-28 08:33:46+00:00,2025-07-29 18:17:38+00:00,33.73111111111111
docker/cli,6211,2025-07-25 15:14:52+00:00,2025-07-28 08:17:46+00:00,2025-07-28 12:25:36+00:00,4.1305555555555555
docker/cli,6210,2025-07-25 14:37:44+00:00,2025-07-28 04:54:10+00:00,,
docker/cli,6209,2025-07-24 16:16:17+00:00,2025-07-25 09:51:03+00:00,2025-07-25 10:58:38+00:00,1.1263888888888889
docker/cli,6208,2025-07-24 15:33:39+00:00,2025-07-24 15:38:55+00:00,2025-07-24 17:45:06+00:00,2.1030555555555557
docker/cli,6207,2025-07-24 00:50:35+00:00,2025-07-25 08:45:38+00:00,2025-07-25 10:57:48+00:00,2.202777777777778
docker/cli,6206,2025-07-23 23:35:55+00:00,2025-07-24 08:08:11+00:00,2025-07-24 09:35:04+00:00,1.4480555555555557
docker/cli,6205,2025-07-23 21:21:39+00:00,,2025-07-25 14:53:57+00:00,
docker/cli,6204,2025-07-23 19:10:54+00:00,2025-07-24 00:52:14+00:00,2025-07-24 15:25:48+00:00,14.559444444444445
docker/cli,6202,2025-07-23 07:44:29+00:00,2025-07-23 21:13:56+00:00,2025-07-25 15:08:54+00:00,41.916111111111114
docker/cli,6201,2025-07-23 07:39:07+00:00,2025-07-23 11:37:23+00:00,2025-07-23 11:40:13+00:00,0.04722222222222222
docker/cli,6200,2025-07-22 20:14:35+00:00,2025-07-22 20:59:46+00:00,2025-07-22 21:01:29+00:00,0.02861111111111111
docker/cli,6199,2025-07-22 12:12:36+00:00,,,
docker/cli,6198,2025-07-22 08:55:01+00:00,,2025-07-29 17:01:36+00:00,
docker/cli,6197,2025-07-22 08:16:20+00:00,,2025-07-22 08:16:26+00:00,
docker/cli,6196,2025-07-21 18:22:29+00:00,,2025-07-21 20:04:54+00:00,
docker/cli,6195,2025-07-21 16:45:03+00:00,2025-07-21 17:15:23+00:00,2025-07-21 20:03:46+00:00,2.806388888888889
docker/cli,6194,2025-07-18 09:56:12+00:00,2025-07-18 13:17:58+00:00,,
docker/cli,6193,2025-07-17 16:12:18+00:00,2025-07-21 21:27:54+00:00,2025-07-22 07:19:14+00:00,9.855555555555556
docker/cli,6192,2025-07-17 12:30:13+00:00,2025-07-17 13:55:53+00:00,2025-07-17 13:59:07+00:00,0.05388888888888889
docker/cli,6191,2025-07-16 17:32:10+00:00,2025-07-17 05:47:25+00:00,2025-07-17 09:52:35+00:00,4.086111111111111
docker/cli,6190,2025-07-16 14:02:11+00:00,2025-07-16 15:11:20+00:00,2025-07-16 23:34:56+00:00,8.393333333333333
docker/cli,6189,2025-07-16 13:17:58+00:00,2025-07-16 13:43:39+00:00,2025-07-16 13:57:59+00:00,0.2388888888888889
docker/cli,6187,2025-07-16 11:53:44+00:00,2025-07-17 14:38:40+00:00,2025-07-17 15:09:50+00:00,0.5194444444444445
docker/cli,6186,2025-07-16 11:25:58+00:00,2025-07-17 14:38:21+00:00,2025-07-17 15:18:15+00:00,0.665
docker/cli,6185,2025-07-16 07:55:49+00:00,2025-07-16 09:45:32+00:00,2025-07-16 10:06:17+00:00,0.3458333333333333
docker/cli,6184,2025-07-16 07:04:35+00:00,2025-07-16 07:59:12+00:00,2025-07-16 11:26:12+00:00,3.45
docker/cli,6183,2025-07-14 23:09:36+00:00,2025-07-16 10:25:16+00:00,2025-07-16 10:32:48+00:00,0.12555555555555556
docker/cli,6182,2025-07-14 20:34:49+00:00,2025-07-16 09:44:33+00:00,2025-07-16 10:18:07+00:00,0.5594444444444444
docker/cli,6181,2025-07-14 20:12:20+00:00,2025-07-16 09:43:18+00:00,2025-07-16 10:19:15+00:00,0.5991666666666666
docker/cli,6180,2025-07-14 18:12:18+00:00,2025-07-15 07:57:23+00:00,2025-07-15 12:03:18+00:00,4.098611111111111
docker/cli,6179,2025-07-13 15:51:44+00:00,2025-07-16 09:42:46+00:00,2025-07-16 10:07:17+00:00,0.4086111111111111
docker/cli,6178,2025-07-13 15:46:15+00:00,2025-07-16 09:42:35+00:00,2025-07-16 10:07:47+00:00,0.42
docker/cli,6177,2025-07-13 15:15:20+00:00,2025-07-16 09:43:47+00:00,2025-07-16 10:17:23+00:00,0.56
docker/cli,6176,2025-07-13 11:51:05+00:00,2025-07-14 10:28:02+00:00,2025-07-14 21:17:35+00:00,10.825833333333334
docker/cli,6174,2025-07-11 12:24:40+00:00,2025-07-11 12:26:20+00:00,2025-07-16 10:48:25+00:00,118.36805555555556
docker/cli,6173,2025-07-11 08:45:30+00:00,2025-07-11 12:41:36+00:00,2025-07-11 13:27:47+00:00,0.7697222222222222
docker/cli,6172,2025-07-10 15:03:20+00:00,,,
docker/cli,6171,2025-07-09 14:49:09+00:00,,,
docker/cli,6170,2025-07-09 11:33:39+00:00,2025-07-09 12:03:57+00:00,2025-07-09 12:04:02+00:00,0.001388888888888889
docker/cli,6169,2025-07-09 10:50:38+00:00,,2025-07-09 19:56:03+00:00,
docker/cli,6167,2025-07-08 17:24:43+00:00,2025-07-08 21:18:06+00:00,2025-07-08 23:23:29+00:00,2.089722222222222
docker/cli,6166,2025-07-08 08:54:54+00:00,,,
docker/cli,6165,2025-07-07 14:23:55+00:00,2025-07-07 15:44:22+00:00,2025-07-07 15:53:31+00:00,0.1525
docker/cli,6163,2025-07-04 12:07:53+00:00,2025-07-07 09:41:28+00:00,2025-07-08 13:33:08+00:00,27.86111111111111
docker/cli,6162,2025-07-03 08:41:29+00:00,2025-07-07 15:12:01+00:00,2025-07-07 15:53:48+00:00,0.6963888888888888
docker/cli,6160,2025-07-02 10:01:05+00:00,2025-07-02 15:39:30+00:00,2025-07-02 15:41:27+00:00,0.0325
docker/cli,6159,2025-07-01 14:21:53+00:00,2025-07-02 15:38:56+00:00,2025-07-02 15:42:11+00:00,0.05416666666666667
docker/cli,6158,2025-07-01 08:13:44+00:00,2025-07-02 15:41:29+00:00,2025-07-02 15:42:44+00:00,0.020833333333333332
docker/cli,6157,2025-06-30 10:07:59+00:00,2025-06-30 10:43:53+00:00,2025-07-01 15:00:25+00:00,28.275555555555556
docker/cli,6155,2025-06-30 07:56:53+00:00,2025-06-30 09:08:58+00:00,2025-07-16 10:47:49+00:00,385.6475
docker/cli,6154,2025-06-30 07:56:13+00:00,2025-07-02 15:38:32+00:00,2025-07-02 15:41:49+00:00,0.05472222222222222
docker/cli,6149,2025-06-24 21:36:02+00:00,2025-06-25 10:56:28+00:00,2025-06-25 14:35:11+00:00,3.645277777777778
docker/cli,6148,2025-06-24 14:36:12+00:00,2025-06-24 15:35:33+00:00,2025-06-24 15:37:19+00:00,0.029444444444444443
docker/cli,6147,2025-06-24 14:10:54+00:00,2025-06-24 14:12:59+00:00,2025-06-25 15:21:13+00:00,25.13722222222222
docker/cli,6146,2025-06-20 15:48:26+00:00,2025-06-20 16:27:23+00:00,2025-06-20 16:33:21+00:00,0.09944444444444445
docker/cli,6144,2025-06-19 13:46:09+00:00,2025-06-19 21:14:00+00:00,2025-06-19 21:14:16+00:00,0.0044444444444444444
docker/cli,6143,2025-06-19 05:02:53+00:00,,2025-06-19 21:14:17+00:00,
docker/cli,6141,2025-06-18 22:05:25+00:00,2025-06-20 10:32:09+00:00,2025-06-20 10:40:37+00:00,0.1411111111111111
docker/cli,6140,2025-06-18 18:20:50+00:00,2025-06-18 18:35:23+00:00,2025-06-18 20:13:04+00:00,1.6280555555555556
docker/cli,6138,2025-06-17 11:27:23+00:00,2025-06-17 12:11:36+00:00,2025-06-17 12:21:47+00:00,0.16972222222222222
docker/cli,6137,2025-06-17 10:55:38+00:00,2025-06-17 12:07:36+00:00,2025-06-17 12:22:29+00:00,0.24805555555555556
docker/cli,6135,2025-06-16 10:16:05+00:00,2025-06-16 11:52:36+00:00,2025-06-16 12:35:56+00:00,0.7222222222222222
docker/cli,6134,2025-06-13 19:56:13+00:00,,,
docker/cli,6132,2025-06-13 16:12:44+00:00,2025-06-13 16:23:02+00:00,2025-06-13 16:23:08+00:00,0.0016666666666666668
docker/cli,6131,2025-06-13 16:02:03+00:00,2025-06-13 16:13:10+00:00,2025-06-13 16:29:11+00:00,0.26694444444444443
docker/cli,6130,2025-06-13 12:12:47+00:00,2025-06-13 13:42:16+00:00,2025-06-13 13:42:57+00:00,0.01138888888888889
docker/cli,6129,2025-06-13 11:30:26+00:00,2025-06-13 11:44:10+00:00,2025-06-13 12:10:48+00:00,0.4438888888888889
docker/cli,6127,2025-06-12 12:19:12+00:00,2025-06-12 13:20:25+00:00,2025-06-12 13:20:31+00:00,0.0016666666666666668
docker/cli,6126,2025-06-10 23:30:04+00:00,2025-07-16 22:54:10+00:00,2025-07-24 09:48:11+00:00,178.90027777777777
docker/cli,6124,2025-06-09 14:22:55+00:00,2025-06-10 12:10:53+00:00,2025-06-10 13:12:26+00:00,1.0258333333333334
docker/cli,6123,2025-06-06 16:31:41+00:00,2025-06-09 14:17:53+00:00,2025-06-10 13:12:07+00:00,22.90388888888889
docker/cli,6121,2025-06-02 15:31:12+00:00,2025-11-04 13:16:38+00:00,2025-11-06 19:29:59+00:00,54.2225
docker/cli,6120,2025-05-30 16:22:01+00:00,2025-05-30 16:30:26+00:00,2025-06-02 11:02:40+00:00,66.53722222222223
docker/cli,6119,2025-05-30 15:38:59+00:00,2025-06-02 08:05:39+00:00,2025-06-02 08:15:52+00:00,0.17027777777777778
docker/cli,6117,2025-05-30 10:01:02+00:00,2025-05-30 15:42:14+00:00,2025-05-30 15:42:23+00:00,0.0025
docker/cli,6116,2025-05-30 09:16:08+00:00,2025-05-30 09:30:42+00:00,2025-05-30 09:39:09+00:00,0.14083333333333334
docker/cli,6114,2025-05-28 08:09:06+00:00,2025-05-28 12:10:23+00:00,2025-05-28 12:28:53+00:00,0.30833333333333335
docker/cli,6113,2025-05-28 07:54:59+00:00,2025-05-28 12:06:51+00:00,2025-05-28 12:08:37+00:00,0.029444444444444443
docker/cli,6112,2025-05-27 20:51:01+00:00,2025-05-28 06:58:48+00:00,2025-05-28 07:09:24+00:00,0.17666666666666667
docker/cli,6111,2025-05-27 14:16:46+00:00,2025-05-27 14:34:41+00:00,2025-05-27 14:57:53+00:00,0.38666666666666666
docker/cli,6110,2025-05-27 13:55:57+00:00,2025-05-28 13:07:07+00:00,2025-05-28 13:17:56+00:00,0.1802777777777778
docker/cli,6109,2025-05-26 17:53:54+00:00,2025-05-26 17:54:40+00:00,2025-05-27 10:11:26+00:00,16.279444444444444
docker/cli,6108,2025-05-26 12:07:46+00:00,2025-05-26 13:17:09+00:00,2025-05-26 13:17:15+00:00,0.0016666666666666668
docker/cli,6104,2025-05-22 20:33:41+00:00,2025-05-25 15:06:41+00:00,2025-11-25 12:06:44+00:00,4413.0008333333335
docker/cli,6101,2025-05-22 11:48:54+00:00,2025-05-22 11:49:38+00:00,2025-05-22 12:09:35+00:00,0.3325
docker/cli,6100,2025-05-22 11:30:23+00:00,2025-05-22 12:04:28+00:00,2025-05-22 12:09:25+00:00,0.0825
docker/cli,6099,2025-05-22 10:20:09+00:00,2025-05-27 08:15:44+00:00,2025-05-27 08:49:43+00:00,0.5663888888888889
docker/cli,6098,2025-05-22 09:49:22+00:00,2025-05-22 09:50:48+00:00,2025-05-22 09:54:11+00:00,0.05638888888888889
docker/cli,6097,2025-05-22 09:39:16+00:00,2025-05-22 09:46:23+00:00,2025-05-22 09:48:20+00:00,0.0325
docker/cli,6096,2025-05-22 09:31:54+00:00,2025-05-22 09:45:35+00:00,2025-05-22 09:49:54+00:00,0.07194444444444445
docker/cli,6095,2025-05-21 23:12:09+00:00,2025-05-22 05:57:51+00:00,2025-05-22 06:06:46+00:00,0.1486111111111111
docker/cli,6094,2025-05-21 22:35:42+00:00,2025-05-22 05:57:19+00:00,2025-05-22 05:58:54+00:00,0.02638888888888889
docker/cli,6093,2025-05-21 17:46:03+00:00,2025-05-21 17:51:02+00:00,2025-05-21 17:51:04+00:00,0.0005555555555555556
docker/cli,6092,2025-05-21 15:35:32+00:00,2025-05-22 07:03:33+00:00,2025-05-22 08:02:11+00:00,0.9772222222222222
docker/cli,6091,2025-05-21 14:47:28+00:00,2025-05-21 15:43:17+00:00,2025-05-21 15:43:37+00:00,0.005555555555555556
docker/cli,6089,2025-05-20 14:46:26+00:00,2025-08-20 10:04:42+00:00,2026-01-14 23:26:43+00:00,3541.3669444444445
docker/cli,6087,2025-05-19 20:41:52+00:00,,2025-05-20 08:57:15+00:00,
docker/cli,6086,2025-05-19 17:38:00+00:00,2025-05-22 05:37:20+00:00,2025-05-22 05:57:54+00:00,0.3427777777777778
docker/cli,6085,2025-05-19 15:45:09+00:00,2025-05-20 06:28:13+00:00,2025-05-20 07:30:29+00:00,1.0377777777777777
docker/cli,6084,2025-05-19 15:07:15+00:00,2025-05-20 06:30:03+00:00,2025-05-20 08:57:13+00:00,2.452777777777778
docker/cli,6083,2025-05-19 12:08:50+00:00,2025-05-19 12:25:23+00:00,2025-05-19 12:27:29+00:00,0.035
docker/cli,6081,2025-05-16 21:40:43+00:00,2025-05-19 09:07:59+00:00,2025-05-19 09:28:12+00:00,0.33694444444444444
docker/cli,6080,2025-05-16 19:13:14+00:00,2025-05-16 19:15:52+00:00,2025-05-16 19:22:18+00:00,0.10722222222222222
docker/cli,6079,2025-05-16 18:20:27+00:00,2025-05-16 19:01:23+00:00,2025-05-16 19:06:21+00:00,0.08277777777777778
docker/cli,6078,2025-05-16 17:23:11+00:00,2025-05-16 17:58:23+00:00,2025-05-16 17:59:08+00:00,0.0125
docker/cli,6077,2025-05-16 16:48:12+00:00,,2025-05-16 19:47:27+00:00,
docker/cli,6076,2025-05-16 14:45:32+00:00,,2025-05-16 19:48:26+00:00,
docker/cli,6075,2025-05-16 14:00:11+00:00,2025-05-16 15:25:23+00:00,2025-05-16 15:27:38+00:00,0.0375
docker/cli,6074,2025-05-16 13:26:24+00:00,2025-05-16 14:37:10+00:00,2025-05-16 16:11:27+00:00,1.571388888888889
docker/cli,6073,2025-05-16 12:17:47+00:00,2025-05-16 12:49:48+00:00,2025-05-16 13:01:38+00:00,0.19722222222222222
docker/cli,6072,2025-05-16 11:01:44+00:00,2025-05-16 11:41:49+00:00,2025-05-16 11:44:29+00:00,0.044444444444444446
docker/cli,6071,2025-05-16 10:59:10+00:00,2025-05-16 11:42:58+00:00,2025-05-16 11:44:13+00:00,0.020833333333333332
docker/cli,6070,2025-05-16 10:28:23+00:00,2025-05-16 13:04:30+00:00,2025-05-16 13:07:31+00:00,0.050277777777777775
docker/cli,6069,2025-05-15 23:29:05+00:00,2025-05-15 23:42:53+00:00,2025-05-16 09:46:34+00:00,10.061388888888889
docker/cli,6067,2025-05-15 16:48:01+00:00,,2025-05-16 16:51:57+00:00,
docker/cli,6066,2025-05-15 10:54:44+00:00,2025-05-16 08:36:58+00:00,2025-05-16 08:37:11+00:00,0.003611111111111111
docker/cli,6063,2025-05-12 20:43:32+00:00,2025-05-16 10:02:11+00:00,2025-05-16 10:03:19+00:00,0.01888888888888889
docker/cli,6061,2025-05-12 15:37:20+00:00,2025-05-13 07:51:53+00:00,2025-05-13 07:51:58+00:00,0.001388888888888889
docker/cli,6060,2025-05-12 11:26:30+00:00,2025-05-12 13:59:07+00:00,2025-05-12 15:15:19+00:00,1.27
docker/cli,6058,2025-05-09 13:29:02+00:00,2025-05-09 13:29:58+00:00,2025-05-12 08:35:20+00:00,67.08944444444444
docker/cli,6054,2025-05-06 18:10:12+00:00,2025-05-09 15:31:47+00:00,2025-05-12 08:32:41+00:00,65.015
docker/cli,6053,2025-05-06 17:29:59+00:00,2025-05-07 06:00:19+00:00,2025-05-08 10:53:30+00:00,28.886388888888888
docker/cli,6052,2025-05-06 13:56:47+00:00,2025-05-06 15:26:44+00:00,2025-05-06 18:29:54+00:00,3.0527777777777776
docker/cli,6051,2025-05-06 11:33:19+00:00,2025-05-06 15:28:02+00:00,2025-05-06 18:29:27+00:00,3.0236111111111112
docker/cli,6050,2025-05-06 10:58:29+00:00,2025-05-06 13:22:26+00:00,2025-05-06 13:22:33+00:00,0.0019444444444444444
docker/cli,6049,2025-05-05 19:45:47+00:00,,2025-05-06 10:54:38+00:00,
docker/cli,6048,2025-05-05 00:52:02+00:00,2025-05-06 10:59:22+00:00,,
docker/cli,6046,2025-05-01 18:04:08+00:00,,,
docker/cli,6045,2025-05-01 09:52:02+00:00,2025-05-03 17:27:59+00:00,2025-05-15 23:24:16+00:00,293.93805555555554
docker/cli,6042,2025-04-28 17:12:32+00:00,2025-05-13 13:30:26+00:00,2025-05-21 12:28:57+00:00,190.9752777777778
docker/cli,6041,2025-04-26 14:30:53+00:00,2025-04-29 14:21:45+00:00,2025-04-29 14:41:25+00:00,0.3277777777777778
docker/cli,6040,2025-04-26 14:28:40+00:00,2025-04-29 14:21:30+00:00,2025-04-29 14:40:07+00:00,0.31027777777777776
docker/cli,6039,2025-04-25 20:17:28+00:00,2025-04-25 21:48:03+00:00,,
docker/cli,6038,2025-04-25 19:05:32+00:00,,,
docker/cli,6037,2025-04-25 18:42:17+00:00,2025-04-28 09:17:13+00:00,2025-04-28 19:20:23+00:00,10.052777777777777
docker/cli,6036,2025-04-25 15:13:46+00:00,2025-04-29 14:56:03+00:00,2025-04-30 17:09:18+00:00,26.220833333333335
docker/cli,6035,2025-04-24 13:59:53+00:00,2025-04-24 14:58:47+00:00,,
docker/cli,6034,2025-04-23 11:46:40+00:00,2025-04-23 13:39:15+00:00,2025-04-23 14:00:08+00:00,0.34805555555555556
docker/cli,6033,2025-04-23 10:49:30+00:00,2025-04-23 11:21:59+00:00,2025-04-23 11:27:48+00:00,0.09694444444444444
docker/cli,6032,2025-04-23 10:36:29+00:00,2025-04-23 13:39:41+00:00,2025-04-23 13:56:38+00:00,0.2825
docker/cli,6031,2025-04-23 10:29:37+00:00,2025-04-23 11:53:59+00:00,2025-04-23 12:31:29+00:00,0.625
docker/cli,6030,2025-04-23 10:14:52+00:00,2025-04-23 11:20:31+00:00,2025-04-23 11:51:11+00:00,0.5111111111111111
docker/cli,6029,2025-04-22 14:24:43+00:00,2025-04-22 16:44:29+00:00,2025-04-23 11:32:36+00:00,18.801944444444445
docker/cli,6028,2025-04-21 21:28:53+00:00,2025-04-23 12:45:47+00:00,2025-04-24 16:37:35+00:00,27.863333333333333
docker/cli,6026,2025-04-18 11:47:03+00:00,2025-04-18 19:46:36+00:00,2025-04-18 19:46:44+00:00,0.0022222222222222222
docker/cli,6025,2025-04-17 22:05:28+00:00,2025-04-18 09:44:42+00:00,2025-04-18 09:44:47+00:00,0.001388888888888889
docker/cli,6024,2025-04-17 22:00:22+00:00,2025-04-23 11:08:50+00:00,2025-04-23 11:26:47+00:00,0.2991666666666667
docker/cli,6022,2025-04-17 19:47:27+00:00,2025-04-23 11:07:49+00:00,2025-04-23 11:37:27+00:00,0.4938888888888889
docker/cli,6020,2025-04-17 14:14:06+00:00,2025-04-17 14:29:31+00:00,2025-04-17 15:02:29+00:00,0.5494444444444444
docker/cli,6019,2025-04-17 10:18:46+00:00,2025-05-16 08:45:54+00:00,2025-05-16 09:57:49+00:00,1.198611111111111
docker/cli,6018,2025-04-17 09:34:43+00:00,2025-04-17 09:52:00+00:00,2025-04-17 09:52:28+00:00,0.0077777777777777776
docker/cli,6017,2025-04-17 08:36:29+00:00,2025-04-17 08:58:01+00:00,2025-04-17 08:58:07+00:00,0.0016666666666666668
docker/cli,6016,2025-04-16 15:58:48+00:00,2025-04-16 16:00:21+00:00,2025-04-17 08:41:48+00:00,16.690833333333334
docker/cli,6015,2025-04-16 15:19:13+00:00,2025-04-16 15:56:01+00:00,2025-04-16 16:15:47+00:00,0.32944444444444443
docker/cli,6013,2025-04-16 12:22:53+00:00,2025-04-16 12:28:28+00:00,2025-04-16 12:28:42+00:00,0.0038888888888888888
docker/cli,6012,2025-04-16 11:20:58+00:00,2025-04-16 11:36:13+00:00,2025-04-16 11:39:33+00:00,0.05555555555555555
docker/cli,6011,2025-04-16 10:53:05+00:00,2025-04-16 10:53:55+00:00,2025-04-16 11:39:56+00:00,0.7669444444444444
docker/cli,6010,2025-04-16 09:34:23+00:00,2025-04-16 09:44:26+00:00,2025-04-16 09:44:32+00:00,0.0016666666666666668
docker/cli,6009,2025-04-16 06:53:24+00:00,2025-04-16 11:09:09+00:00,2025-04-16 11:28:57+00:00,0.33
docker/cli,6008,2025-04-15 05:37:18+00:00,2025-04-15 05:37:41+00:00,2025-06-18 18:07:07+00:00,1548.4905555555556
docker/cli,6007,2025-04-14 04:33:35+00:00,2025-12-04 13:04:35+00:00,,
docker/cli,6006,2025-04-12 06:23:06+00:00,2025-04-15 15:00:20+00:00,2025-04-15 15:01:40+00:00,0.022222222222222223
docker/cli,6002,2025-04-11 11:53:39+00:00,2025-04-11 13:47:50+00:00,2025-04-11 13:47:59+00:00,0.0025
docker/cli,6001,2025-04-11 11:43:40+00:00,2025-04-11 14:47:57+00:00,2025-04-11 14:53:29+00:00,0.09222222222222222
docker/cli,6000,2025-04-11 11:34:52+00:00,2025-04-11 11:45:18+00:00,2025-04-11 11:45:35+00:00,0.004722222222222222
docker/cli,5999,2025-04-10 11:37:42+00:00,2025-04-11 09:59:35+00:00,2025-04-11 10:09:28+00:00,0.16472222222222221
docker/cli,5998,2025-04-10 10:24:11+00:00,2025-04-11 10:09:01+00:00,2025-04-11 10:29:54+00:00,0.34805555555555556
docker/cli,5997,2025-04-10 08:50:16+00:00,2025-04-10 09:24:00+00:00,2025-04-10 09:24:07+00:00,0.0019444444444444444
docker/cli,5996,2025-04-09 22:03:42+00:00,2025-04-10 09:23:09+00:00,2025-04-10 09:23:18+00:00,0.0025
docker/cli,5995,2025-04-09 14:53:32+00:00,2025-04-17 18:06:13+00:00,2025-05-21 16:31:14+00:00,814.4169444444444
docker/cli,5994,2025-04-08 11:37:56+00:00,2025-04-08 12:49:53+00:00,2025-04-11 15:00:43+00:00,74.18055555555556
docker/cli,5992,2025-04-07 14:07:18+00:00,2025-04-10 06:07:19+00:00,2025-04-10 07:10:41+00:00,1.056111111111111
docker/cli,5991,2025-04-07 11:59:31+00:00,2025-04-07 14:00:30+00:00,2025-04-07 14:02:14+00:00,0.028888888888888888
docker/cli,5990,2025-04-05 14:41:02+00:00,2025-04-07 07:35:29+00:00,2025-04-07 07:36:52+00:00,0.023055555555555555
docker/cli,5989,2025-04-05 14:39:43+00:00,2025-04-07 07:35:42+00:00,2025-04-07 07:36:33+00:00,0.014166666666666666
docker/cli,5988,2025-04-04 20:39:30+00:00,2025-04-07 07:36:29+00:00,2025-04-07 07:37:14+00:00,0.0125
docker/cli,5986,2025-04-03 10:35:53+00:00,2025-04-03 11:24:35+00:00,2025-04-03 11:24:41+00:00,0.0016666666666666668
docker/cli,5985,2025-04-02 14:47:14+00:00,2025-04-04 16:02:02+00:00,2025-04-04 16:21:24+00:00,0.3227777777777778
docker/cli,5984,2025-04-01 21:44:44+00:00,2025-04-04 15:57:14+00:00,2025-04-04 16:18:46+00:00,0.35888888888888887
docker/cli,5983,2025-04-01 21:25:17+00:00,2025-04-11 10:18:20+00:00,2025-04-11 10:46:15+00:00,0.4652777777777778
docker/cli,5982,2025-04-01 20:10:43+00:00,2025-04-04 15:54:19+00:00,2025-04-04 16:14:52+00:00,0.3425
docker/cli,5981,2025-04-01 17:53:04+00:00,2025-04-11 14:19:24+00:00,2025-04-11 14:21:27+00:00,0.034166666666666665
docker/cli,5980,2025-04-01 12:54:43+00:00,2025-04-01 14:23:21+00:00,2025-04-01 14:24:05+00:00,0.012222222222222223
docker/cli,5979,2025-04-01 12:49:20+00:00,2025-04-01 13:31:40+00:00,2025-04-01 13:47:13+00:00,0.25916666666666666
docker/cli,5978,2025-04-01 11:10:18+00:00,2025-04-01 13:31:04+00:00,2025-04-01 13:46:32+00:00,0.2577777777777778
docker/cli,5977,2025-04-01 10:45:56+00:00,2025-04-10 11:12:15+00:00,2025-04-10 12:36:12+00:00,1.3991666666666667
docker/cli,5976,2025-04-01 10:33:35+00:00,2025-04-02 12:47:25+00:00,2025-04-02 12:47:32+00:00,0.0019444444444444444
docker/cli,5975,2025-03-31 17:22:44+00:00,2025-04-01 07:31:01+00:00,2025-04-01 13:14:17+00:00,5.721111111111111
docker/cli,5974,2025-03-31 16:14:36+00:00,2025-03-31 17:04:07+00:00,2025-03-31 17:04:12+00:00,0.001388888888888889
docker/cli,5973,2025-03-31 16:02:24+00:00,2025-03-31 16:03:09+00:00,2025-03-31 17:02:59+00:00,0.9972222222222222
docker/cli,5972,2025-03-31 07:54:13+00:00,,,
docker/cli,5970,2025-03-27 09:12:34+00:00,2025-03-31 11:39:30+00:00,2025-03-31 11:39:37+00:00,0.0019444444444444444
docker/cli,5969,2025-03-26 13:47:48+00:00,2025-03-26 14:12:57+00:00,2025-03-27 12:24:11+00:00,22.18722222222222
docker/cli,5968,2025-03-25 21:57:48+00:00,2025-03-26 16:39:39+00:00,2025-03-26 16:41:50+00:00,0.03638888888888889
docker/cli,5966,2025-03-25 16:11:05+00:00,2025-03-27 14:24:24+00:00,2025-03-27 20:01:51+00:00,5.6241666666666665
docker/cli,5964,2025-03-25 14:38:49+00:00,2025-03-25 14:52:37+00:00,2025-03-25 14:52:46+00:00,0.0025
docker/cli,5962,2025-03-25 13:38:59+00:00,2025-03-25 13:39:52+00:00,2025-03-25 15:03:35+00:00,1.3952777777777778
docker/cli,5961,2025-03-25 10:49:29+00:00,2025-03-25 12:03:22+00:00,2025-03-31 11:40:14+00:00,143.61444444444444
docker/cli,5960,2025-03-25 09:31:17+00:00,2025-03-25 09:53:09+00:00,2025-03-25 09:55:04+00:00,0.03194444444444444
docker/cli,5959,2025-03-25 08:46:27+00:00,2025-03-25 11:52:13+00:00,2025-03-27 17:46:39+00:00,53.907222222222224
docker/cli,5958,2025-03-24 17:22:41+00:00,2025-03-25 15:09:18+00:00,2025-03-31 12:46:18+00:00,141.61666666666667
docker/cli,5957,2025-03-24 14:50:17+00:00,2025-03-24 15:38:35+00:00,2025-03-24 16:14:50+00:00,0.6041666666666666
docker/cli,5953,2025-03-22 15:05:02+00:00,2025-04-11 10:18:53+00:00,2025-04-11 14:13:10+00:00,3.9047222222222224
docker/cli,5952,2025-03-22 13:59:33+00:00,2025-03-22 14:20:24+00:00,2025-04-11 14:11:13+00:00,479.84694444444443
docker/cli,5950,2025-03-21 19:42:55+00:00,2025-03-26 16:52:29+00:00,2025-03-26 18:17:43+00:00,1.4205555555555556
docker/cli,5948,2025-03-21 13:35:06+00:00,,,
docker/cli,5947,2025-03-21 12:34:40+00:00,2025-03-21 12:44:01+00:00,2025-04-11 14:44:08+00:00,506.00194444444446
docker/cli,5946,2025-03-21 12:32:47+00:00,2025-04-04 16:01:04+00:00,2025-04-04 16:19:45+00:00,0.3113888888888889
docker/cli,5945,2025-03-20 14:59:35+00:00,2025-03-21 12:48:47+00:00,2025-03-21 12:49:19+00:00,0.008888888888888889
docker/cli,5944,2025-03-19 17:28:14+00:00,2025-03-20 11:58:53+00:00,2025-03-20 11:58:58+00:00,0.001388888888888889
docker/cli,5943,2025-03-19 15:13:21+00:00,2025-03-20 15:25:07+00:00,,
docker/cli,5942,2025-03-19 14:38:55+00:00,2025-03-20 08:20:39+00:00,2025-03-20 10:10:47+00:00,1.8355555555555556
docker/cli,5941,2025-03-19 13:02:23+00:00,2025-03-25 10:00:52+00:00,2025-03-25 10:01:35+00:00,0.011944444444444445
docker/cli,5939,2025-03-19 12:09:45+00:00,2025-03-20 13:33:56+00:00,2025-03-20 14:20:21+00:00,0.7736111111111111
docker/cli,5938,2025-03-19 09:51:53+00:00,2025-03-19 10:52:43+00:00,2025-03-19 11:49:12+00:00,0.9413888888888889
docker/cli,5936,2025-03-18 10:56:45+00:00,2025-03-19 10:51:59+00:00,2025-03-19 15:13:13+00:00,4.353888888888889
docker/cli,5934,2025-03-17 13:05:23+00:00,2025-04-11 13:49:36+00:00,2025-04-11 14:08:46+00:00,0.3194444444444444
docker/cli,5932,2025-03-14 11:30:09+00:00,2025-03-14 12:09:10+00:00,2025-03-19 12:19:18+00:00,120.16888888888889
docker/cli,5929,2025-03-13 17:17:41+00:00,2025-03-19 12:56:23+00:00,2025-03-19 13:13:31+00:00,0.28555555555555556
docker/cli,5927,2025-03-12 13:36:11+00:00,2025-03-13 10:05:14+00:00,2025-03-19 14:29:48+00:00,148.40944444444443
docker/cli,5926,2025-03-12 11:53:35+00:00,2025-03-13 10:06:01+00:00,2025-03-19 15:10:49+00:00,149.08
docker/cli,5925,2025-03-12 07:29:19+00:00,,,
docker/cli,5924,2025-03-12 06:54:14+00:00,2025-04-11 12:15:20+00:00,2025-04-11 13:14:59+00:00,0.9941666666666666
docker/cli,5922,2025-03-11 10:30:40+00:00,2025-09-01 19:05:32+00:00,2025-09-24 13:10:23+00:00,546.0808333333333
docker/cli,5921,2025-03-10 20:12:45+00:00,2025-04-09 10:35:10+00:00,2025-04-09 11:12:32+00:00,0.6227777777777778
docker/cli,5920,2025-03-10 17:31:52+00:00,2025-03-10 18:53:56+00:00,2025-03-10 19:03:12+00:00,0.15444444444444444
docker/cli,5919,2025-03-10 16:33:47+00:00,2025-03-10 17:17:30+00:00,2025-03-10 17:18:06+00:00,0.01
docker/cli,5918,2025-03-10 12:47:52+00:00,2025-03-10 14:59:19+00:00,2025-04-10 08:31:06+00:00,737.5297222222222
docker/cli,5917,2025-03-09 21:31:38+00:00,2025-03-10 11:46:12+00:00,2025-03-10 12:33:01+00:00,0.7802777777777777
docker/cli,5916,2025-03-09 21:21:07+00:00,2025-03-10 11:46:48+00:00,2025-03-10 12:35:04+00:00,0.8044444444444444
docker/cli,5915,2025-03-09 20:37:54+00:00,2025-03-10 11:47:46+00:00,2025-03-10 12:37:31+00:00,0.8291666666666667
docker/cli,5914,2025-03-09 20:28:12+00:00,2025-04-10 16:12:10+00:00,2025-04-11 10:10:46+00:00,17.976666666666667
docker/cli,5913,2025-03-09 13:44:35+00:00,2025-03-10 11:54:09+00:00,2025-03-10 11:54:30+00:00,0.005833333333333334
docker/cli,5912,2025-03-09 13:35:09+00:00,2025-03-11 10:28:27+00:00,2025-03-18 14:52:36+00:00,172.4025
docker/cli,5911,2025-03-08 21:49:42+00:00,2025-03-10 15:09:22+00:00,2025-03-10 15:12:24+00:00,0.050555555555555555
docker/cli,5910,2025-03-08 21:32:08+00:00,2025-03-10 15:08:24+00:00,2025-03-10 15:14:23+00:00,0.09972222222222223
docker/cli,5909,2025-03-08 20:38:36+00:00,2025-03-10 15:27:05+00:00,2025-03-10 15:30:38+00:00,0.059166666666666666
docker/cli,5908,2025-03-08 18:27:25+00:00,2025-03-08 18:27:47+00:00,2025-03-11 09:07:32+00:00,62.6625
docker/cli,5907,2025-03-08 17:35:14+00:00,2025-03-10 17:01:59+00:00,2025-03-10 17:03:49+00:00,0.030555555555555555
docker/cli,5906,2025-03-08 14:41:12+00:00,2025-03-10 14:45:13+00:00,2025-03-10 15:03:39+00:00,0.30722222222222223
docker/cli,5905,2025-03-08 11:57:58+00:00,2025-03-08 12:06:55+00:00,2026-01-13 14:46:37+00:00,7466.661666666667
docker/cli,5904,2025-03-08 11:42:43+00:00,2025-03-10 09:00:56+00:00,2025-03-10 10:41:58+00:00,1.683888888888889
docker/cli,5903,2025-03-07 18:15:05+00:00,2025-03-10 17:00:50+00:00,2025-03-10 17:02:59+00:00,0.035833333333333335
docker/cli,5902,2025-03-07 13:47:06+00:00,2025-03-07 14:12:59+00:00,2025-03-07 18:13:03+00:00,4.001111111111111
docker/cli,5901,2025-03-07 06:48:28+00:00,2025-03-07 19:42:31+00:00,2025-03-07 19:42:38+00:00,0.0019444444444444444
docker/cli,5896,2025-03-06 06:29:00+00:00,2025-03-08 17:54:53+00:00,2025-11-06 19:30:00+00:00,5833.585277777778
docker/cli,5894,2025-03-05 17:17:01+00:00,2025-03-05 21:06:54+00:00,2025-03-06 17:10:21+00:00,20.0575
docker/cli,5893,2025-03-05 10:54:12+00:00,2025-03-05 11:25:24+00:00,2025-03-05 11:59:04+00:00,0.5611111111111111
docker/cli,5892,2025-03-05 09:33:23+00:00,2025-03-05 10:51:35+00:00,2025-03-05 12:18:58+00:00,1.456388888888889
docker/cli,5890,2025-03-04 22:04:20+00:00,2025-03-05 11:56:22+00:00,2025-03-05 11:56:31+00:00,0.0025
docker/cli,5889,2025-03-04 17:09:35+00:00,2025-03-04 19:06:51+00:00,2025-03-04 19:31:55+00:00,0.4177777777777778
docker/cli,5888,2025-03-04 17:01:32+00:00,2025-03-04 18:18:06+00:00,2025-03-04 19:30:54+00:00,1.2133333333333334
docker/cli,5887,2025-03-04 16:05:23+00:00,2025-03-04 16:06:49+00:00,2025-03-04 16:39:16+00:00,0.5408333333333334
docker/cli,5885,2025-03-04 13:38:19+00:00,2025-03-04 16:00:54+00:00,2025-03-04 16:48:18+00:00,0.79
docker/cli,5882,2025-03-03 14:52:03+00:00,2025-03-04 12:53:53+00:00,2025-03-04 13:00:55+00:00,0.11722222222222223
docker/cli,5881,2025-03-03 13:29:27+00:00,2025-03-04 15:59:47+00:00,2025-03-04 17:14:50+00:00,1.2508333333333332
docker/cli,5880,2025-03-03 11:23:20+00:00,2025-03-03 11:30:55+00:00,2025-03-03 11:49:55+00:00,0.31666666666666665
docker/cli,5879,2025-03-03 10:42:51+00:00,2025-03-03 10:45:13+00:00,2025-03-03 11:18:19+00:00,0.5516666666666666
docker/cli,5878,2025-03-02 13:29:25+00:00,2025-03-03 10:31:20+00:00,2025-03-03 11:18:47+00:00,0.7908333333333334
docker/cli,5877,2025-03-01 14:42:12+00:00,2025-03-03 10:27:51+00:00,2025-03-03 10:36:16+00:00,0.14027777777777778
docker/cli,5876,2025-03-01 00:36:45+00:00,2025-03-04 22:55:29+00:00,2025-03-21 08:31:23+00:00,393.59833333333336
docker/cli,5875,2025-02-27 23:41:36+00:00,2025-02-28 10:53:43+00:00,2025-03-05 23:34:34+00:00,132.68083333333334
docker/cli,5872,2025-02-26 14:33:49+00:00,2025-02-26 14:38:26+00:00,2025-02-26 14:40:13+00:00,0.029722222222222223
docker/cli,5871,2025-02-25 17:29:09+00:00,2025-02-25 17:40:17+00:00,2025-09-12 12:32:55+00:00,4770.877222222222
docker/cli,5870,2025-02-25 15:59:09+00:00,2025-02-25 16:07:30+00:00,2025-02-25 17:52:55+00:00,1.7569444444444444
docker/cli,5869,2025-02-25 12:30:05+00:00,2025-02-25 12:30:51+00:00,2025-03-11 09:10:04+00:00,332.6536111111111
docker/cli,5868,2025-02-25 12:00:12+00:00,2025-02-25 13:23:05+00:00,2025-04-17 09:20:56+00:00,1219.9641666666666
docker/cli,5867,2025-02-25 10:58:10+00:00,2025-02-25 11:06:21+00:00,2025-02-25 13:03:21+00:00,1.95
docker/cli,5865,2025-02-24 15:27:28+00:00,2025-02-24 16:19:58+00:00,2025-02-24 18:14:40+00:00,1.9116666666666666
docker/cli,5864,2025-02-24 13:54:42+00:00,2025-02-24 14:16:16+00:00,2025-02-24 16:39:28+00:00,2.3866666666666667
docker/cli,5863,2025-02-24 13:30:15+00:00,2025-03-10 10:53:02+00:00,2025-03-10 12:32:13+00:00,1.6530555555555555
docker/cli,5859,2025-02-21 22:59:15+00:00,2025-02-21 23:21:48+00:00,2025-02-24 11:05:35+00:00,59.72972222222222
docker/cli,5858,2025-02-21 22:47:48+00:00,2025-03-25 17:49:38+00:00,2025-04-16 08:49:27+00:00,518.9969444444445
docker/cli,5856,2025-02-21 18:13:11+00:00,2025-02-21 18:15:48+00:00,2025-02-25 01:25:39+00:00,79.16416666666667
docker/cli,5855,2025-02-21 13:51:20+00:00,,2025-02-25 17:52:56+00:00,
docker/cli,5854,2025-02-21 10:29:55+00:00,2025-02-21 11:16:27+00:00,2025-02-21 12:20:31+00:00,1.0677777777777777
docker/cli,5852,2025-02-20 18:55:30+00:00,2025-02-20 19:36:55+00:00,2025-02-21 12:20:32+00:00,16.726944444444445
docker/cli,5851,2025-02-20 17:13:45+00:00,2025-02-20 17:16:34+00:00,2025-02-26 15:23:36+00:00,142.1172222222222
docker/cli,5850,2025-02-20 16:52:00+00:00,2025-02-20 16:52:58+00:00,2025-02-20 17:37:04+00:00,0.735
docker/cli,5848,2025-02-20 11:33:24+00:00,2025-02-20 12:43:43+00:00,2025-02-20 19:24:31+00:00,6.68
docker/cli,5845,2025-02-19 21:56:45+00:00,2025-02-19 22:04:29+00:00,2025-02-19 22:05:48+00:00,0.021944444444444444
docker/cli,5843,2025-02-19 12:49:16+00:00,2025-02-19 12:51:19+00:00,2025-02-19 16:08:39+00:00,3.2888888888888888
docker/cli,5842,2025-02-18 22:08:19+00:00,2025-02-19 15:30:28+00:00,2025-02-28 09:45:17+00:00,210.24694444444444
docker/cli,5841,2025-02-18 19:49:35+00:00,2025-02-18 19:52:54+00:00,2025-02-19 16:08:09+00:00,20.254166666666666
docker/cli,5840,2025-02-18 14:57:03+00:00,2025-02-18 15:37:07+00:00,2025-02-18 22:17:29+00:00,6.672777777777778
docker/cli,5839,2025-02-18 12:43:28+00:00,,,
docker/cli,5838,2025-02-18 12:43:07+00:00,2025-02-18 12:49:32+00:00,2025-02-18 12:55:16+00:00,0.09555555555555556
docker/cli,5836,2025-02-18 08:38:04+00:00,2025-02-18 09:55:25+00:00,2025-02-18 12:15:29+00:00,2.3344444444444443
docker/cli,5835,2025-02-17 22:02:59+00:00,2025-02-18 12:10:40+00:00,2025-02-18 12:15:06+00:00,0.07388888888888889
docker/cli,5834,2025-02-17 14:22:18+00:00,2025-02-17 15:55:42+00:00,2025-02-18 12:14:22+00:00,20.31111111111111
docker/cli,5833,2025-02-17 11:41:05+00:00,2025-02-17 11:54:15+00:00,2025-02-17 11:54:24+00:00,0.0025
docker/cli,5832,2025-02-17 11:37:58+00:00,2025-02-17 11:53:26+00:00,2025-02-17 11:53:35+00:00,0.0025
docker/cli,5831,2025-02-17 10:58:09+00:00,2025-02-17 10:59:09+00:00,2025-02-17 11:04:40+00:00,0.09194444444444444
docker/cli,5830,2025-02-17 08:04:15+00:00,2025-02-17 09:04:58+00:00,2025-02-17 11:18:52+00:00,2.2316666666666665
docker/cli,5829,2025-02-16 18:11:24+00:00,2025-03-21 16:17:55+00:00,2025-03-21 19:42:08+00:00,3.403611111111111
docker/cli,5828,2025-02-16 16:37:23+00:00,,2025-02-25 14:03:20+00:00,
docker/cli,5825,2025-02-14 16:25:52+00:00,2025-02-14 17:13:21+00:00,2025-02-14 18:40:38+00:00,1.4547222222222222
docker/cli,5822,2025-02-12 13:55:04+00:00,2025-02-13 12:54:48+00:00,2025-02-13 12:55:00+00:00,0.0033333333333333335
docker/cli,5820,2025-02-11 15:23:20+00:00,2025-02-12 10:53:25+00:00,2025-02-12 10:53:31+00:00,0.0016666666666666668
docker/cli,5819,2025-02-11 14:57:49+00:00,2025-02-11 15:03:37+00:00,2025-02-11 15:06:16+00:00,0.04416666666666667
docker/cli,5818,2025-02-11 13:11:32+00:00,2025-02-11 14:30:19+00:00,2025-02-13 12:54:08+00:00,46.39694444444444
docker/cli,5817,2025-02-11 11:22:49+00:00,2025-02-11 11:25:07+00:00,2025-02-11 11:50:51+00:00,0.4288888888888889
docker/cli,5816,2025-02-10 20:42:55+00:00,2025-02-10 20:45:15+00:00,2025-02-11 11:00:41+00:00,14.257222222222222
docker/cli,5815,2025-02-10 09:11:05+00:00,2025-02-10 09:30:27+00:00,2025-02-10 10:36:10+00:00,1.0952777777777778
docker/cli,5813,2025-02-09 16:08:54+00:00,2025-02-11 15:03:30+00:00,2025-02-11 15:06:49+00:00,0.05527777777777778
docker/cli,5812,2025-02-09 16:05:12+00:00,2025-02-11 15:03:27+00:00,2025-02-11 15:07:47+00:00,0.07222222222222222
docker/cli,5811,2025-02-09 16:03:24+00:00,,,
docker/cli,5810,2025-02-09 15:37:04+00:00,2025-02-09 21:04:36+00:00,2025-02-10 08:37:22+00:00,11.546111111111111
docker/cli,5809,2025-02-09 15:31:27+00:00,2025-02-09 21:05:46+00:00,2025-02-10 09:47:36+00:00,12.697222222222223
docker/cli,5808,2025-02-09 12:41:46+00:00,2025-02-09 21:04:08+00:00,2025-02-10 09:49:09+00:00,12.750277777777777
docker/cli,5805,2025-02-07 00:39:26+00:00,2025-02-10 10:32:10+00:00,2025-02-10 10:32:17+00:00,0.0019444444444444444
docker/cli,5804,2025-02-06 21:14:12+00:00,2025-02-14 10:48:56+00:00,2025-02-13 21:25:09+00:00,-13.39638888888889
docker/cli,5803,2025-02-06 18:52:30+00:00,2025-02-06 18:52:59+00:00,2025-02-06 18:59:01+00:00,0.10055555555555555
docker/cli,5800,2025-02-06 00:45:56+00:00,2025-02-06 13:30:10+00:00,2025-02-06 13:30:16+00:00,0.0016666666666666668
docker/cli,5796,2025-02-04 19:37:50+00:00,2025-02-05 18:24:21+00:00,2025-02-05 18:24:30+00:00,0.0025
docker/cli,5795,2025-02-04 19:35:56+00:00,2025-02-05 18:23:34+00:00,2025-02-05 18:23:43+00:00,0.0025
docker/cli,5794,2025-02-04 17:18:53+00:00,2025-02-05 09:16:49+00:00,2025-09-30 10:56:57+00:00,5689.668888888889
docker/cli,5791,2025-02-03 18:48:54+00:00,2025-02-04 10:53:41+00:00,2025-02-04 11:23:11+00:00,0.49166666666666664
docker/cli,5790,2025-02-03 18:09:43+00:00,2025-02-04 12:17:00+00:00,2025-02-04 12:30:31+00:00,0.22527777777777777
docker/cli,5788,2025-02-03 15:20:27+00:00,2025-02-03 17:09:32+00:00,2025-02-03 17:24:52+00:00,0.25555555555555554
docker/cli,5787,2025-02-03 15:18:01+00:00,2025-02-03 16:35:06+00:00,2025-02-03 16:45:07+00:00,0.16694444444444445
docker/cli,5785,2025-02-03 10:07:00+00:00,2025-02-03 17:08:26+00:00,2025-02-03 17:25:31+00:00,0.2847222222222222
docker/cli,5784,2025-02-01 18:52:22+00:00,2025-03-19 10:48:15+00:00,2025-03-19 12:09:16+00:00,1.3502777777777777
docker/cli,5783,2025-02-01 18:30:57+00:00,2025-02-03 11:05:04+00:00,2025-02-03 12:04:01+00:00,0.9825
docker/cli,5782,2025-02-01 14:57:01+00:00,2025-02-03 11:27:53+00:00,2025-02-03 12:24:53+00:00,0.95
docker/cli,5781,2025-02-01 14:54:41+00:00,2025-02-03 08:54:23+00:00,2025-02-03 09:56:31+00:00,1.0355555555555556
docker/cli,5780,2025-02-01 11:44:59+00:00,2025-02-03 15:09:21+00:00,2025-02-03 15:09:28+00:00,0.0019444444444444444
docker/cli,5779,2025-02-01 11:26:59+00:00,2025-02-03 17:08:09+00:00,2025-02-03 17:24:27+00:00,0.27166666666666667
docker/cli,5778,2025-01-29 16:16:48+00:00,2025-01-29 17:16:44+00:00,2025-02-06 14:20:38+00:00,189.065
docker/cli,5774,2025-01-27 11:18:46+00:00,2025-01-28 10:50:46+00:00,2025-02-05 12:06:54+00:00,193.26888888888888
docker/cli,5773,2025-01-25 00:13:16+00:00,2025-01-27 08:19:43+00:00,2025-01-27 14:20:30+00:00,6.013055555555556
docker/cli,5772,2025-01-24 16:33:24+00:00,2025-01-27 12:53:21+00:00,,
docker/cli,5771,2025-01-24 15:48:15+00:00,2025-02-04 10:19:41+00:00,,
docker/cli,5770,2025-01-23 15:27:49+00:00,2025-01-23 15:52:56+00:00,2025-01-24 13:41:41+00:00,21.8125
docker/cli,5768,2025-01-22 13:30:11+00:00,,2025-08-28 06:55:01+00:00,
docker/cli,5767,2025-01-21 17:19:09+00:00,2025-01-22 12:49:18+00:00,2025-01-22 12:49:24+00:00,0.0016666666666666668
docker/cli,5766,2025-01-21 10:14:12+00:00,2025-01-21 10:31:06+00:00,2025-01-21 10:31:12+00:00,0.0016666666666666668
docker/cli,5765,2025-01-21 08:54:02+00:00,2025-01-21 09:34:25+00:00,2025-01-21 09:34:33+00:00,0.0022222222222222222
docker/cli,5764,2025-01-20 17:25:56+00:00,2025-01-20 17:34:30+00:00,2025-01-20 21:12:08+00:00,3.627222222222222
docker/cli,5763,2025-01-20 15:37:03+00:00,2025-01-20 17:21:10+00:00,2025-01-20 17:21:19+00:00,0.0025
docker/cli,5762,2025-01-20 15:09:41+00:00,2025-01-21 10:31:46+00:00,2025-01-21 10:31:55+00:00,0.0025
docker/cli,5761,2025-01-20 15:07:49+00:00,2025-01-21 10:31:37+00:00,2025-01-21 10:31:58+00:00,0.005833333333333334
docker/cli,5760,2025-01-20 11:02:39+00:00,2025-01-21 10:40:07+00:00,2025-02-05 11:16:23+00:00,360.6044444444444
docker/cli,5759,2025-01-20 10:03:32+00:00,2025-01-21 21:59:46+00:00,2025-01-21 23:46:21+00:00,1.7763888888888888
docker/cli,5758,2025-01-17 13:35:35+00:00,2025-01-17 13:57:13+00:00,2025-01-20 09:24:00+00:00,67.44638888888889
docker/cli,5757,2025-01-17 13:31:12+00:00,2025-01-20 10:09:59+00:00,2025-01-20 13:16:20+00:00,3.1058333333333334
docker/cli,5756,2025-01-16 10:24:13+00:00,2025-01-16 16:12:34+00:00,2025-01-20 11:00:13+00:00,90.79416666666667
docker/cli,5755,2025-01-15 21:42:53+00:00,2025-02-13 11:22:22+00:00,2025-02-13 13:09:13+00:00,1.7808333333333333
docker/cli,5754,2025-01-15 14:22:46+00:00,2025-02-06 18:26:27+00:00,2025-02-06 18:26:54+00:00,0.0075
docker/cli,5752,2025-01-14 22:10:43+00:00,2025-01-15 09:53:00+00:00,2025-01-15 14:24:01+00:00,4.516944444444444
docker/cli,5751,2025-01-14 18:39:16+00:00,2025-01-14 18:48:20+00:00,2025-01-14 19:41:41+00:00,0.8891666666666667
docker/cli,5750,2025-01-14 18:10:10+00:00,2025-01-14 18:34:34+00:00,2025-01-14 18:35:53+00:00,0.021944444444444444
docker/cli,5749,2025-01-14 15:00:05+00:00,,2025-01-14 15:16:50+00:00,
docker/cli,5748,2025-01-14 14:19:31+00:00,2025-01-14 14:47:22+00:00,2025-01-14 15:24:58+00:00,0.6266666666666667
docker/cli,5747,2025-01-14 13:29:54+00:00,2025-01-14 13:43:07+00:00,2025-01-14 14:13:43+00:00,0.51
docker/cli,5746,2025-01-14 12:42:49+00:00,2025-01-14 13:07:33+00:00,2025-01-14 13:17:12+00:00,0.16083333333333333
docker/cli,5745,2025-01-14 12:32:32+00:00,2025-01-14 13:56:53+00:00,2025-01-14 14:07:58+00:00,0.18472222222222223
docker/cli,5744,2025-01-14 12:23:50+00:00,2025-01-28 14:23:25+00:00,2025-02-04 09:23:24+00:00,162.99972222222223
docker/cli,5743,2025-01-14 03:27:05+00:00,,,
docker/cli,5742,2025-01-13 20:54:00+00:00,2025-01-15 14:14:17+00:00,2025-02-25 14:59:10+00:00,984.7480555555555
docker/cli,5741,2025-01-13 18:01:18+00:00,2025-01-14 18:34:59+00:00,2025-01-14 18:36:27+00:00,0.024444444444444446
docker/cli,5740,2025-01-13 17:44:39+00:00,2025-01-13 18:27:28+00:00,2025-01-13 18:28:07+00:00,0.010833333333333334
docker/cli,5739,2025-01-13 14:44:28+00:00,2025-01-14 10:19:39+00:00,2025-01-28 11:15:16+00:00,336.9269444444444
docker/cli,5738,2025-01-13 13:20:22+00:00,,2025-01-20 11:06:02+00:00,
docker/cli,5737,2025-01-10 15:46:59+00:00,2025-01-10 16:13:09+00:00,2025-01-10 19:26:52+00:00,3.2286111111111113
docker/cli,5736,2025-01-10 15:07:07+00:00,2025-01-10 16:13:48+00:00,2025-01-10 16:13:58+00:00,0.002777777777777778
docker/cli,5735,2025-01-10 13:34:45+00:00,2025-01-10 13:52:34+00:00,2025-01-10 13:52:41+00:00,0.0019444444444444444
docker/cli,5734,2025-01-10 13:33:57+00:00,2025-01-10 13:51:41+00:00,2025-01-10 13:51:50+00:00,0.0025
docker/cli,5732,2025-01-10 09:15:44+00:00,2025-01-10 09:16:35+00:00,2025-01-10 14:59:11+00:00,5.71
docker/cli,5731,2025-01-10 08:57:12+00:00,,2025-01-10 19:26:53+00:00,
docker/cli,5730,2025-01-08 16:11:52+00:00,2025-02-10 09:53:51+00:00,2025-02-10 18:02:56+00:00,8.151388888888889
docker/cli,5729,2025-01-08 11:54:16+00:00,2025-01-08 17:46:30+00:00,2025-01-08 17:57:12+00:00,0.17833333333333334
docker/cli,5728,2025-01-06 17:36:40+00:00,2025-01-08 17:45:51+00:00,2025-01-08 17:56:53+00:00,0.18388888888888888
docker/cli,5727,2025-01-03 21:39:42+00:00,2025-01-03 21:43:49+00:00,2025-01-04 01:22:39+00:00,3.647222222222222
docker/cli,5726,2025-01-03 21:03:13+00:00,2025-01-07 15:33:09+00:00,2025-01-07 15:33:21+00:00,0.0033333333333333335
docker/cli,5725,2025-01-03 20:28:12+00:00,2025-01-03 21:43:08+00:00,2025-01-04 13:01:52+00:00,15.312222222222223
docker/cli,5724,2025-01-03 19:52:52+00:00,2025-01-03 21:42:49+00:00,2025-01-05 13:39:35+00:00,39.94611111111111
docker/cli,5723,2025-01-03 19:25:48+00:00,2025-01-03 21:41:12+00:00,2025-01-03 21:42:20+00:00,0.01888888888888889
docker/cli,5722,2025-01-03 19:23:53+00:00,2025-01-03 21:40:53+00:00,2025-01-03 21:42:03+00:00,0.019444444444444445
docker/cli,5721,2025-01-03 17:43:08+00:00,2025-01-03 18:22:54+00:00,2025-01-03 18:31:21+00:00,0.14083333333333334
docker/cli,5720,2025-01-03 12:57:52+00:00,2025-01-03 13:24:47+00:00,2025-01-03 13:48:35+00:00,0.39666666666666667
docker/cli,5719,2025-01-03 01:26:22+00:00,2025-01-03 12:29:54+00:00,2025-01-03 12:51:50+00:00,0.3655555555555556
docker/cli,5718,2025-01-02 11:17:17+00:00,2025-01-02 11:57:04+00:00,2025-01-03 13:48:52+00:00,25.863333333333333
docker/cli,5716,2024-12-28 17:10:05+00:00,2025-01-02 11:13:51+00:00,2025-01-02 11:32:32+00:00,0.3113888888888889
docker/cli,5715,2024-12-27 00:31:08+00:00,2024-12-27 14:33:31+00:00,2024-12-27 14:33:39+00:00,0.0022222222222222222
docker/cli,5712,2024-12-23 14:31:00+00:00,2024-12-23 14:32:10+00:00,2024-12-23 14:39:06+00:00,0.11555555555555555
docker/cli,5711,2024-12-23 12:41:18+00:00,2024-12-23 13:00:36+00:00,2024-12-23 13:05:49+00:00,0.08694444444444445
docker/cli,5710,2024-12-23 12:24:28+00:00,2024-12-23 12:30:31+00:00,2024-12-23 12:30:38+00:00,0.0019444444444444444
docker/cli,5709,2024-12-21 14:12:51+00:00,2024-12-23 12:07:24+00:00,2024-12-23 12:07:30+00:00,0.0016666666666666668
docker/cli,5708,2024-12-21 14:11:00+00:00,2025-01-13 12:41:54+00:00,2025-01-13 12:47:16+00:00,0.08944444444444444
docker/cli,5707,2024-12-20 18:22:29+00:00,2024-12-20 18:33:15+00:00,2024-12-20 18:35:23+00:00,0.035555555555555556
docker/cli,5706,2024-12-20 18:18:31+00:00,2024-12-20 18:33:33+00:00,2024-12-20 18:54:59+00:00,0.3572222222222222
docker/cli,5705,2024-12-20 16:15:11+00:00,2024-12-20 16:29:21+00:00,2024-12-20 16:58:03+00:00,0.47833333333333333
docker/cli,5704,2024-12-18 12:14:42+00:00,,2024-12-18 12:23:42+00:00,
docker/cli,5703,2024-12-16 22:11:00+00:00,2024-12-16 22:11:21+00:00,2024-12-20 17:48:35+00:00,91.62055555555555
docker/cli,5702,2024-12-16 22:03:25+00:00,2024-12-17 09:20:40+00:00,2024-12-17 12:02:23+00:00,2.6952777777777777
docker/cli,5701,2024-12-16 21:39:35+00:00,2024-12-18 12:23:38+00:00,2024-12-18 12:23:53+00:00,0.004166666666666667
docker/cli,5700,2024-12-16 21:21:05+00:00,2024-12-16 21:43:35+00:00,2024-12-16 21:43:44+00:00,0.0025
docker/cli,5699,2024-12-16 16:57:49+00:00,2024-12-16 17:17:27+00:00,2024-12-16 17:37:44+00:00,0.33805555555555555
docker/cli,5698,2024-12-16 15:16:58+00:00,2024-12-16 21:24:44+00:00,,
docker/cli,5697,2024-12-16 09:24:56+00:00,2024-12-16 09:29:10+00:00,2024-12-16 16:46:28+00:00,7.288333333333333
docker/cli,5696,2024-12-14 14:30:39+00:00,2024-12-16 15:24:33+00:00,2024-12-16 15:25:02+00:00,0.008055555555555555
docker/cli,5695,2024-12-14 12:48:50+00:00,2024-12-17 09:42:58+00:00,2024-12-17 12:02:53+00:00,2.3319444444444444
docker/cli,5693,2024-12-13 16:55:09+00:00,,,
docker/cli,5692,2024-12-13 09:33:33+00:00,2024-12-13 12:00:21+00:00,2024-12-13 12:12:33+00:00,0.20333333333333334
docker/cli,5691,2024-12-13 09:31:46+00:00,2024-12-13 12:00:47+00:00,2024-12-13 12:11:15+00:00,0.17444444444444446
docker/cli,5690,2024-12-13 00:26:17+00:00,2024-12-13 12:01:16+00:00,2024-12-13 12:13:23+00:00,0.20194444444444445
docker/cli,5689,2024-12-13 00:24:10+00:00,2024-12-13 00:49:40+00:00,2024-12-13 01:01:08+00:00,0.19111111111111112
docker/cli,5688,2024-12-13 00:13:03+00:00,2024-12-18 10:00:28+00:00,2024-12-18 10:25:21+00:00,0.4147222222222222
docker/cli,5687,2024-12-13 00:12:55+00:00,2024-12-18 10:00:15+00:00,2024-12-18 10:25:18+00:00,0.4175
docker/cli,5686,2024-12-13 00:12:44+00:00,2024-12-18 10:00:01+00:00,2024-12-18 10:25:14+00:00,0.42027777777777775
docker/cli,5685,2024-12-13 00:12:38+00:00,2024-12-13 12:01:33+00:00,2024-12-13 13:38:53+00:00,1.6222222222222222
docker/cli,5684,2024-12-11 11:17:46+00:00,2024-12-18 09:59:41+00:00,2024-12-18 12:41:08+00:00,2.6908333333333334
docker/cli,5683,2024-12-10 09:14:07+00:00,2024-12-13 12:29:09+00:00,2024-12-13 13:38:36+00:00,1.1575
docker/cli,5682,2024-12-09 21:35:19+00:00,2024-12-18 09:59:30+00:00,2024-12-18 10:23:34+00:00,0.4011111111111111
docker/cli,5681,2024-12-09 16:03:35+00:00,2024-12-09 16:16:30+00:00,2024-12-09 16:20:01+00:00,0.058611111111111114
docker/cli,5680,2024-12-07 16:28:25+00:00,2024-12-08 16:40:23+00:00,2024-12-08 16:40:34+00:00,0.0030555555555555557
docker/cli,5679,2024-12-07 11:27:27+00:00,2024-12-09 10:49:35+00:00,2024-12-09 11:05:54+00:00,0.27194444444444443
docker/cli,5678,2024-12-07 07:19:41+00:00,2024-12-07 09:17:13+00:00,2024-12-07 09:17:19+00:00,0.0016666666666666668
docker/cli,5677,2024-12-07 07:00:49+00:00,2024-12-07 09:15:36+00:00,2024-12-07 09:15:42+00:00,0.0016666666666666668
docker/cli,5676,2024-12-07 06:57:37+00:00,2024-12-07 09:18:43+00:00,2024-12-07 09:18:51+00:00,0.0022222222222222222
docker/cli,5675,2024-12-07 06:48:52+00:00,2024-12-07 09:21:22+00:00,2024-12-07 09:38:00+00:00,0.2772222222222222
docker/cli,5674,2024-12-06 22:07:35+00:00,2024-12-09 09:25:45+00:00,2024-12-10 11:28:12+00:00,26.04083333333333
docker/cli,5673,2024-12-06 21:48:51+00:00,2024-12-09 16:21:01+00:00,2024-12-09 16:43:27+00:00,0.3738888888888889
docker/cli,5672,2024-12-06 21:46:51+00:00,2024-12-07 07:08:55+00:00,2024-12-09 11:11:31+00:00,52.04333333333334
docker/cli,5671,2024-12-06 21:45:01+00:00,2024-12-07 07:11:09+00:00,2024-12-09 10:49:05+00:00,51.632222222222225
docker/cli,5670,2024-12-04 18:25:07+00:00,2024-12-05 09:16:19+00:00,2024-12-05 09:37:00+00:00,0.3447222222222222
docker/cli,5669,2024-12-04 09:37:48+00:00,2024-12-04 11:04:16+00:00,2024-12-04 12:15:37+00:00,1.1891666666666667
docker/cli,5668,2024-12-04 09:34:47+00:00,2024-12-04 11:04:03+00:00,2024-12-04 12:14:52+00:00,1.1802777777777778
docker/cli,5667,2024-12-04 09:27:40+00:00,2024-12-04 09:29:32+00:00,2024-12-06 13:42:23+00:00,52.214166666666664
docker/cli,5666,2024-12-03 13:09:01+00:00,2024-12-03 13:49:44+00:00,2025-01-31 12:51:58+00:00,1415.0372222222222
docker/cli,5664,2024-12-02 17:08:26+00:00,2024-12-02 17:10:45+00:00,2024-12-06 21:20:57+00:00,100.17
docker/cli,5663,2024-12-02 14:39:40+00:00,2025-01-15 12:49:55+00:00,2025-01-21 10:22:40+00:00,141.54583333333332
docker/cli,5662,2024-12-02 13:41:49+00:00,2024-12-02 14:35:46+00:00,2024-12-09 17:01:45+00:00,170.43305555555557
docker/cli,5661,2024-11-30 13:48:58+00:00,2024-12-02 12:08:01+00:00,2024-12-02 15:15:46+00:00,3.129166666666667
docker/cli,5660,2024-11-30 13:46:15+00:00,2024-12-02 12:07:54+00:00,2024-12-02 12:51:48+00:00,0.7316666666666667
docker/cli,5658,2024-11-29 13:52:07+00:00,2024-11-29 13:53:33+00:00,2024-11-29 14:54:18+00:00,1.0125
docker/cli,5657,2024-11-29 13:50:25+00:00,,,
docker/cli,5655,2024-11-29 12:28:13+00:00,2024-11-29 12:38:55+00:00,2024-11-29 12:39:02+00:00,0.0019444444444444444
docker/cli,5654,2024-11-29 11:44:35+00:00,2024-11-29 13:15:13+00:00,2024-11-29 13:47:53+00:00,0.5444444444444444
docker/cli,5653,2024-11-28 14:03:48+00:00,2024-11-28 14:48:15+00:00,2024-11-28 16:16:11+00:00,1.4655555555555555
docker/cli,5652,2024-11-28 13:38:38+00:00,2024-11-29 14:54:47+00:00,2024-11-29 14:54:54+00:00,0.0019444444444444444
docker/cli,5651,2024-11-28 13:27:48+00:00,2024-11-28 16:22:59+00:00,2024-11-29 14:24:54+00:00,22.031944444444445
docker/cli,5650,2024-11-27 16:48:36+00:00,2024-11-27 17:34:33+00:00,2024-11-27 17:35:15+00:00,0.011666666666666667
docker/cli,5649,2024-11-26 16:45:26+00:00,2024-12-02 08:15:03+00:00,2024-12-02 08:22:21+00:00,0.12166666666666667
docker/cli,5648,2024-11-26 08:31:14+00:00,2024-11-26 09:07:07+00:00,2024-11-26 12:09:48+00:00,3.044722222222222
docker/cli,5645,2024-11-25 11:24:31+00:00,2024-11-25 13:05:50+00:00,2024-11-29 11:08:52+00:00,94.05055555555556
docker/cli,5644,2024-11-23 07:09:22+00:00,,2024-12-01 02:21:13+00:00,
docker/cli,5642,2024-11-22 01:24:56+00:00,2024-11-22 10:04:45+00:00,2024-11-22 10:04:59+00:00,0.0038888888888888888
docker/cli,5641,2024-11-22 01:19:38+00:00,2024-11-22 10:04:21+00:00,2024-11-22 10:04:57+00:00,0.01
docker/cli,5640,2024-11-22 01:13:20+00:00,2024-11-22 12:35:29+00:00,2024-11-22 17:25:07+00:00,4.827222222222222
docker/cli,5638,2024-11-20 14:55:31+00:00,2024-11-20 14:56:36+00:00,2024-11-21 08:54:53+00:00,17.97138888888889
docker/cli,5637,2024-11-19 20:52:56+00:00,2024-11-21 16:32:16+00:00,2024-11-21 16:53:16+00:00,0.35
docker/cli,5636,2024-11-19 12:54:22+00:00,2024-11-19 12:56:19+00:00,2024-11-21 16:52:41+00:00,51.93944444444445
docker/cli,5635,2024-11-19 11:51:05+00:00,2024-11-19 12:49:05+00:00,2024-11-19 12:58:27+00:00,0.15611111111111112
docker/cli,5634,2024-11-19 10:50:07+00:00,2024-11-21 16:30:49+00:00,2024-11-21 16:52:22+00:00,0.3591666666666667
docker/cli,5633,2024-11-19 10:38:22+00:00,2024-11-21 16:30:21+00:00,2024-11-21 16:51:57+00:00,0.36
docker/cli,5632,2024-11-19 10:06:15+00:00,2024-11-21 16:29:53+00:00,2024-11-21 16:51:22+00:00,0.35805555555555557
docker/cli,5631,2024-11-18 23:43:58+00:00,2024-11-19 08:52:15+00:00,2024-11-19 08:55:34+00:00,0.05527777777777778
docker/cli,5630,2024-11-18 23:36:57+00:00,2024-11-19 08:23:17+00:00,2024-11-21 16:50:46+00:00,56.45805555555555
docker/cli,5629,2024-11-18 18:10:15+00:00,,2024-12-01 14:45:34+00:00,
docker/cli,5627,2024-11-16 21:04:04+00:00,2024-11-18 15:19:14+00:00,,
docker/cli,5625,2024-11-16 15:33:39+00:00,2024-11-18 15:08:17+00:00,2024-11-19 11:48:27+00:00,20.669444444444444
docker/cli,5623,2024-11-15 15:05:34+00:00,2024-11-20 10:56:57+00:00,2024-11-20 10:57:03+00:00,0.0016666666666666668
docker/cli,5622,2024-11-15 10:12:58+00:00,2024-11-15 10:21:52+00:00,2024-11-15 10:25:12+00:00,0.05555555555555555
docker/cli,5621,2024-11-15 10:08:33+00:00,2024-11-15 10:22:03+00:00,2024-11-15 10:24:51+00:00,0.04666666666666667
docker/cli,5620,2024-11-15 08:41:55+00:00,2024-11-15 10:23:59+00:00,2024-11-21 16:52:42+00:00,150.47861111111112
docker/cli,5619,2024-11-14 22:15:46+00:00,2024-11-15 09:08:42+00:00,2024-11-15 09:25:00+00:00,0.27166666666666667
docker/cli,5618,2024-11-14 16:02:25+00:00,2024-11-14 17:21:53+00:00,2024-11-14 17:25:35+00:00,0.06166666666666667
docker/cli,5616,2024-11-14 09:38:57+00:00,2024-11-14 13:39:25+00:00,2024-11-14 13:42:31+00:00,0.051666666666666666
docker/cli,5615,2024-11-14 09:37:00+00:00,2024-11-14 13:39:13+00:00,2024-11-14 13:42:05+00:00,0.04777777777777778
docker/cli,5614,2024-11-13 22:44:31+00:00,2024-11-14 15:41:45+00:00,2024-11-14 15:42:28+00:00,0.011944444444444445
docker/cli,5613,2024-11-13 22:41:50+00:00,2024-11-14 15:44:26+00:00,2024-11-14 15:48:41+00:00,0.07083333333333333
docker/cli,5612,2024-11-13 22:38:52+00:00,2024-11-14 09:19:39+00:00,2024-11-14 09:42:14+00:00,0.3763888888888889
docker/cli,5611,2024-11-13 22:34:37+00:00,2024-11-14 13:44:45+00:00,2024-11-14 13:51:17+00:00,0.10888888888888888
docker/cli,5610,2024-11-13 22:16:56+00:00,2024-11-14 09:23:19+00:00,2024-11-14 09:27:53+00:00,0.07611111111111112
docker/cli,5608,2024-11-12 11:34:40+00:00,2024-11-12 11:55:29+00:00,2024-11-12 13:12:00+00:00,1.2752777777777777
docker/cli,5607,2024-11-11 12:01:43+00:00,2024-11-29 12:43:50+00:00,2024-11-29 22:03:49+00:00,9.333055555555555
docker/cli,5606,2024-11-11 11:49:04+00:00,,,
docker/cli,5605,2024-11-08 19:27:35+00:00,,,
docker/cli,5603,2024-11-07 12:29:31+00:00,2024-11-07 12:57:46+00:00,2024-11-07 12:57:54+00:00,0.0022222222222222222
docker/cli,5602,2024-11-07 10:03:11+00:00,2024-11-07 12:49:30+00:00,2024-11-07 12:54:26+00:00,0.08222222222222222
docker/cli,5601,2024-11-07 10:01:11+00:00,2024-11-07 13:31:39+00:00,2024-11-07 13:42:18+00:00,0.1775
docker/cli,5600,2024-11-07 09:42:23+00:00,2024-11-07 11:36:04+00:00,2024-11-07 12:56:47+00:00,1.3452777777777778
docker/cli,5599,2024-11-06 18:49:07+00:00,2024-12-10 13:42:22+00:00,2024-12-12 15:10:48+00:00,49.47388888888889
docker/cli,5598,2024-11-06 14:51:31+00:00,2024-11-29 12:40:11+00:00,2024-11-29 12:40:24+00:00,0.003611111111111111
docker/cli,5597,2024-11-06 14:44:21+00:00,2024-11-27 23:08:22+00:00,2024-11-27 23:08:53+00:00,0.008611111111111111
docker/cli,5596,2024-11-05 11:21:08+00:00,2024-11-05 11:28:19+00:00,2024-11-05 14:29:00+00:00,3.011388888888889
docker/cli,5595,2024-11-05 10:26:05+00:00,2024-11-05 11:17:25+00:00,2024-11-06 14:52:12+00:00,27.579722222222223
docker/cli,5594,2024-11-05 09:18:11+00:00,2024-11-05 09:56:03+00:00,2024-11-05 10:24:45+00:00,0.47833333333333333
docker/cli,5591,2024-11-04 00:20:59+00:00,2024-11-04 16:27:18+00:00,2024-11-04 16:27:25+00:00,0.0019444444444444444
docker/cli,5590,2024-11-01 13:12:57+00:00,2024-11-05 09:14:57+00:00,2024-11-05 09:21:26+00:00,0.10805555555555556
docker/cli,5588,2024-10-31 13:29:55+00:00,2024-10-31 21:07:16+00:00,2024-10-31 21:07:21+00:00,0.001388888888888889
docker/cli,5586,2024-10-30 20:51:58+00:00,2024-10-31 09:45:50+00:00,2024-10-31 13:29:09+00:00,3.7219444444444445
docker/cli,5585,2024-10-30 14:56:30+00:00,2024-10-31 08:52:22+00:00,2024-10-31 12:03:00+00:00,3.1772222222222224
docker/cli,5583,2024-10-30 13:15:09+00:00,2024-10-31 12:24:08+00:00,2024-10-31 13:10:28+00:00,0.7722222222222223
docker/cli,5581,2024-10-29 12:08:22+00:00,,,
docker/cli,5580,2024-10-28 22:50:39+00:00,2024-10-29 10:06:32+00:00,2024-11-14 15:58:55+00:00,389.87305555555554
docker/cli,5579,2024-10-28 22:15:20+00:00,2024-10-29 11:02:40+00:00,2024-10-30 09:50:35+00:00,22.79861111111111
docker/cli,5578,2024-10-28 12:51:58+00:00,2024-10-28 12:54:39+00:00,,
docker/cli,5574,2024-10-25 15:57:17+00:00,,,
docker/cli,5573,2024-10-24 16:35:47+00:00,2024-10-25 09:32:20+00:00,2024-10-25 15:38:47+00:00,6.1075
docker/cli,5572,2024-10-24 13:53:10+00:00,2024-10-24 16:45:26+00:00,,
docker/cli,5570,2024-10-22 10:14:12+00:00,2024-10-22 10:22:32+00:00,2024-10-22 14:36:58+00:00,4.240555555555556
docker/cli,5569,2024-10-21 22:23:42+00:00,2024-10-22 15:18:07+00:00,2024-10-22 15:18:18+00:00,0.0030555555555555557
docker/cli,5568,2024-10-21 20:48:14+00:00,2024-10-28 15:36:41+00:00,,
docker/cli,5567,2024-10-21 16:16:36+00:00,2024-10-22 11:00:18+00:00,2024-10-22 12:05:45+00:00,1.0908333333333333
docker/cli,5566,2024-10-21 16:07:52+00:00,2024-10-21 16:09:35+00:00,2024-10-21 20:02:31+00:00,3.882222222222222
docker/cli,5565,2024-10-21 16:05:28+00:00,2024-10-21 16:07:20+00:00,2024-10-21 20:03:05+00:00,3.9291666666666667
docker/cli,5564,2024-10-21 15:55:11+00:00,2024-10-21 21:21:43+00:00,2024-10-21 21:21:51+00:00,0.0022222222222222222
docker/cli,5563,2024-10-21 09:12:56+00:00,2024-10-21 09:20:40+00:00,2024-10-21 09:37:57+00:00,0.28805555555555556
docker/cli,5561,2024-10-20 21:58:57+00:00,,,
docker/cli,5557,2024-10-20 15:53:30+00:00,2024-10-21 15:57:48+00:00,2024-10-21 16:00:40+00:00,0.04777777777777778
docker/cli,5556,2024-10-19 17:43:58+00:00,2024-10-21 13:22:28+00:00,,
docker/cli,5554,2024-10-19 15:49:30+00:00,2024-10-19 15:54:28+00:00,2024-10-19 15:55:12+00:00,0.012222222222222223
docker/cli,5553,2024-10-19 12:07:35+00:00,2024-10-21 12:06:13+00:00,2024-10-21 13:23:26+00:00,1.2869444444444444
docker/cli,5552,2024-10-19 11:12:15+00:00,2024-10-21 15:42:37+00:00,2024-10-21 15:42:49+00:00,0.0033333333333333335
docker/cli,5551,2024-10-19 11:09:51+00:00,2024-10-21 12:07:07+00:00,2024-10-21 12:28:44+00:00,0.36027777777777775
docker/cli,5550,2024-10-19 10:55:36+00:00,2024-10-19 11:13:40+00:00,2024-10-21 21:23:06+00:00,58.157222222222224
docker/cli,5549,2024-10-19 09:03:27+00:00,2024-10-22 09:20:54+00:00,2024-10-22 10:35:43+00:00,1.2469444444444444
docker/cli,5548,2024-10-19 08:56:05+00:00,2024-10-22 08:41:50+00:00,2024-10-22 08:42:38+00:00,0.013333333333333334
docker/cli,5547,2024-10-19 08:35:58+00:00,2024-10-22 08:39:09+00:00,2024-10-22 08:42:26+00:00,0.05472222222222222
docker/cli,5546,2024-10-18 22:49:31+00:00,2024-10-21 15:43:51+00:00,2024-10-21 16:08:28+00:00,0.4102777777777778
docker/cli,5545,2024-10-18 16:15:57+00:00,2024-11-14 17:20:42+00:00,2024-11-14 17:25:03+00:00,0.0725
docker/cli,5544,2024-10-18 15:37:58+00:00,2024-10-21 07:52:23+00:00,2024-10-21 11:28:35+00:00,3.6033333333333335
docker/cli,5543,2024-10-18 09:41:34+00:00,2024-10-18 09:43:06+00:00,2024-10-18 09:50:01+00:00,0.11527777777777778
docker/cli,5542,2024-10-18 09:25:11+00:00,2024-10-18 09:51:04+00:00,2024-10-18 10:07:02+00:00,0.26611111111111113
docker/cli,5541,2024-10-17 23:01:24+00:00,2024-10-18 07:09:30+00:00,2024-10-18 09:42:00+00:00,2.5416666666666665
docker/cli,5540,2024-10-17 21:17:43+00:00,2024-10-18 08:48:39+00:00,2024-10-18 08:48:48+00:00,0.0025
docker/cli,5539,2024-10-17 21:02:08+00:00,2024-10-18 08:44:37+00:00,2024-10-18 08:44:41+00:00,0.0011111111111111111
docker/cli,5538,2024-10-17 13:01:50+00:00,2024-10-17 15:55:07+00:00,2024-10-29 16:58:16+00:00,289.0525
docker/cli,5537,2024-10-16 10:22:26+00:00,2024-10-16 14:15:04+00:00,2024-10-17 09:26:09+00:00,19.184722222222224
docker/cli,5536,2024-10-15 11:16:04+00:00,,,
docker/cli,5535,2024-10-14 14:17:59+00:00,2024-10-14 15:10:12+00:00,2024-10-17 10:46:46+00:00,67.60944444444445
docker/cli,5534,2024-10-13 16:54:37+00:00,2024-10-16 07:36:17+00:00,2024-10-16 21:08:23+00:00,13.535
docker/cli,5533,2024-10-13 16:41:43+00:00,2024-10-14 14:04:03+00:00,2024-10-14 15:38:02+00:00,1.5663888888888888
docker/cli,5532,2024-10-12 20:10:59+00:00,2024-10-14 15:12:31+00:00,2024-10-14 15:18:24+00:00,0.09805555555555556
docker/cli,5531,2024-10-12 20:03:15+00:00,2024-10-14 07:08:08+00:00,2024-10-14 11:29:42+00:00,4.359444444444445
docker/cli,5530,2024-10-12 19:58:18+00:00,2024-10-14 12:32:30+00:00,2024-10-14 12:36:53+00:00,0.07305555555555555
docker/cli,5529,2024-10-12 19:54:43+00:00,2024-10-14 08:54:48+00:00,2024-10-14 11:29:16+00:00,2.5744444444444445
docker/cli,5528,2024-10-11 08:24:19+00:00,2024-10-11 13:18:41+00:00,,
docker/cli,5527,2024-10-10 21:27:04+00:00,2024-10-11 10:46:13+00:00,2024-10-11 20:35:25+00:00,9.82
docker/cli,5525,2024-10-09 22:15:07+00:00,,2025-09-10 08:20:23+00:00,
docker/cli,5524,2024-10-09 09:55:32+00:00,2024-10-10 11:10:12+00:00,2024-10-10 12:34:10+00:00,1.3994444444444445
docker/cli,5521,2024-10-08 18:27:52+00:00,2024-10-08 18:38:18+00:00,2024-10-08 18:49:29+00:00,0.18638888888888888
docker/cli,5520,2024-10-08 17:42:47+00:00,2024-10-08 17:52:51+00:00,2024-10-08 17:57:11+00:00,0.07222222222222222
docker/cli,5519,2024-10-08 14:04:03+00:00,2024-10-08 14:40:33+00:00,2024-10-08 15:09:05+00:00,0.47555555555555556
docker/cli,5518,2024-10-08 13:40:34+00:00,2024-10-08 14:41:26+00:00,2024-10-08 15:08:38+00:00,0.4533333333333333
docker/cli,5516,2024-10-08 11:18:15+00:00,2024-10-08 13:06:31+00:00,2024-10-08 13:26:50+00:00,0.3386111111111111
docker/cli,5514,2024-10-08 04:18:27+00:00,2024-10-08 08:39:33+00:00,2024-10-08 08:39:38+00:00,0.001388888888888889
docker/cli,5513,2024-10-08 04:11:15+00:00,2024-10-08 13:02:47+00:00,2024-10-08 13:02:53+00:00,0.0016666666666666668
docker/cli,5512,2024-10-08 03:56:24+00:00,2024-10-08 08:38:40+00:00,2024-10-08 08:38:46+00:00,0.0016666666666666668
docker/cli,5511,2024-10-07 16:44:58+00:00,2024-10-08 08:49:31+00:00,2024-10-08 08:49:37+00:00,0.0016666666666666668
docker/cli,5510,2024-10-07 16:43:33+00:00,2024-10-08 08:48:28+00:00,2024-10-08 08:48:35+00:00,0.0019444444444444444
docker/cli,5509,2024-10-07 16:39:30+00:00,2024-10-07 17:29:39+00:00,2024-10-07 17:29:48+00:00,0.0025
docker/cli,5508,2024-10-07 11:08:22+00:00,2024-10-07 14:34:15+00:00,2024-10-07 14:34:23+00:00,0.0022222222222222222
docker/cli,5507,2024-10-07 08:51:36+00:00,2024-10-08 08:29:31+00:00,2024-10-10 16:04:19+00:00,55.58
docker/cli,5506,2024-10-06 16:56:00+00:00,2024-10-08 14:15:12+00:00,2024-10-08 14:15:26+00:00,0.0038888888888888888
docker/cli,5504,2024-10-04 20:20:40+00:00,2024-10-07 18:27:36+00:00,2024-10-07 18:27:44+00:00,0.0022222222222222222
docker/cli,5503,2024-10-04 20:11:26+00:00,2024-10-08 08:59:56+00:00,2024-10-08 14:57:37+00:00,5.961388888888889
docker/cli,5502,2024-10-04 10:17:21+00:00,2024-10-04 10:32:22+00:00,2024-10-04 11:46:09+00:00,1.2297222222222222
docker/cli,5501,2024-10-04 08:08:00+00:00,,2024-10-08 14:17:30+00:00,
docker/cli,5500,2024-10-04 08:03:11+00:00,,2024-10-04 08:03:41+00:00,
docker/cli,5499,2024-10-04 06:15:57+00:00,2024-10-04 10:07:03+00:00,2024-10-04 11:03:16+00:00,0.9369444444444445
docker/cli,5498,2024-10-04 06:10:19+00:00,2024-10-04 10:40:18+00:00,2024-10-04 10:46:42+00:00,0.10666666666666667
docker/cli,5497,2024-10-04 06:05:50+00:00,2024-10-04 10:47:35+00:00,2024-10-04 10:47:43+00:00,0.0022222222222222222
docker/cli,5496,2024-10-03 20:19:27+00:00,2024-10-04 08:32:56+00:00,2024-10-04 10:12:09+00:00,1.6536111111111111
docker/cli,5495,2024-10-03 15:24:28+00:00,2024-10-03 15:37:48+00:00,2024-10-03 15:52:56+00:00,0.25222222222222224
docker/cli,5494,2024-10-03 12:12:16+00:00,2024-10-03 13:08:36+00:00,2024-10-03 13:36:50+00:00,0.47055555555555556
docker/cli,5492,2024-10-02 08:40:53+00:00,2024-10-02 14:52:01+00:00,2024-10-02 14:52:14+00:00,0.003611111111111111
docker/cli,5491,2024-10-02 07:26:22+00:00,2024-10-02 08:50:26+00:00,2024-10-04 11:46:10+00:00,50.92888888888889
docker/cli,5490,2024-10-01 15:52:17+00:00,,2024-10-02 22:47:14+00:00,
docker/cli,5488,2024-10-01 09:47:03+00:00,2024-10-01 10:49:45+00:00,2024-10-01 11:05:56+00:00,0.2697222222222222
docker/cli,5485,2024-09-27 14:37:17+00:00,2024-09-27 15:22:37+00:00,2024-09-30 11:06:30+00:00,67.73138888888889
docker/cli,5484,2024-09-26 20:44:27+00:00,2024-09-27 07:31:27+00:00,2024-09-27 10:24:24+00:00,2.8825
docker/cli,5483,2024-09-26 19:29:52+00:00,2024-09-26 20:49:05+00:00,2024-09-26 20:49:12+00:00,0.0019444444444444444
docker/cli,5482,2024-09-26 16:59:02+00:00,2024-09-26 17:46:37+00:00,2024-09-26 18:06:48+00:00,0.3363888888888889
docker/cli,5481,2024-09-26 13:33:34+00:00,2024-09-26 13:35:31+00:00,2024-09-26 13:39:20+00:00,0.0636111111111111
docker/cli,5480,2024-09-26 11:40:01+00:00,2024-09-27 12:40:23+00:00,2024-10-01 13:08:46+00:00,96.47305555555556
docker/cli,5474,2024-09-23 18:28:33+00:00,2024-09-24 07:36:55+00:00,2024-09-24 08:37:17+00:00,1.0061111111111112
docker/cli,5473,2024-09-23 13:38:33+00:00,2024-09-23 13:53:41+00:00,2024-09-23 19:02:51+00:00,5.152777777777778
docker/cli,5472,2024-09-23 11:54:21+00:00,2024-09-23 13:15:26+00:00,2024-09-23 13:16:53+00:00,0.024166666666666666
docker/cli,5471,2024-09-23 11:49:18+00:00,2024-09-23 13:15:15+00:00,2024-09-23 13:16:42+00:00,0.024166666666666666
docker/cli,5470,2024-09-23 11:41:38+00:00,2024-09-23 12:56:38+00:00,2024-10-04 11:06:17+00:00,262.16083333333336
docker/cli,5469,2024-09-23 11:39:58+00:00,2024-09-23 11:49:51+00:00,2024-10-04 11:05:52+00:00,263.26694444444445
docker/cli,5468,2024-09-23 10:26:01+00:00,2024-09-23 11:03:25+00:00,2024-09-23 13:31:02+00:00,2.460277777777778
docker/cli,5467,2024-09-21 17:17:54+00:00,2024-09-23 11:09:10+00:00,2024-10-04 11:49:32+00:00,264.67277777777775
docker/cli,5462,2024-09-20 10:43:03+00:00,2024-09-20 11:01:38+00:00,2024-09-20 11:01:47+00:00,0.0025
docker/cli,5461,2024-09-20 10:40:04+00:00,2024-09-20 10:45:02+00:00,2024-09-20 10:48:13+00:00,0.05305555555555556
docker/cli,5460,2024-09-20 10:38:05+00:00,2024-09-20 10:44:27+00:00,2024-09-20 10:48:05+00:00,0.06055555555555556
docker/cli,5459,2024-09-20 10:17:55+00:00,2024-09-20 10:29:25+00:00,2024-09-20 10:38:14+00:00,0.14694444444444443
docker/cli,5458,2024-09-20 10:14:38+00:00,2024-09-20 10:16:10+00:00,2024-09-20 10:23:45+00:00,0.12638888888888888
docker/cli,5457,2024-09-20 00:37:55+00:00,2024-09-20 00:40:59+00:00,2024-09-20 00:49:46+00:00,0.1463888888888889
docker/cli,5456,2024-09-20 00:34:25+00:00,2024-09-20 00:37:17+00:00,2024-09-20 00:41:45+00:00,0.07444444444444444
docker/cli,5454,2024-09-19 09:12:30+00:00,2024-09-19 09:35:33+00:00,2024-09-24 11:03:11+00:00,121.46055555555556
docker/cli,5452,2024-09-18 15:31:43+00:00,2024-09-18 15:58:23+00:00,2024-09-18 15:59:19+00:00,0.015555555555555555
docker/cli,5451,2024-09-18 14:37:28+00:00,,,
docker/cli,5450,2024-09-18 10:42:31+00:00,,2024-09-18 15:31:58+00:00,
docker/cli,5449,2024-09-18 10:06:44+00:00,2024-09-18 10:16:00+00:00,2024-09-18 10:16:32+00:00,0.008888888888888889
docker/cli,5448,2024-09-18 09:45:12+00:00,2024-09-18 10:20:34+00:00,2024-09-18 10:20:41+00:00,0.0019444444444444444
docker/cli,5447,2024-09-17 19:59:23+00:00,2024-09-18 10:04:01+00:00,2024-09-18 10:04:09+00:00,0.0022222222222222222
docker/cli,5446,2024-09-17 19:42:34+00:00,2024-09-18 10:04:23+00:00,2024-09-18 10:04:32+00:00,0.0025
docker/cli,5445,2024-09-17 15:53:47+00:00,2024-09-17 15:58:53+00:00,2024-09-18 10:15:45+00:00,18.281111111111112
docker/cli,5444,2024-09-17 15:49:25+00:00,2024-09-17 15:50:22+00:00,2024-09-18 09:39:55+00:00,17.825833333333332
docker/cli,5443,2024-09-16 13:32:38+00:00,2024-09-16 13:36:37+00:00,2024-09-16 13:49:02+00:00,0.20694444444444443
docker/cli,5442,2024-09-16 13:07:53+00:00,2024-09-16 13:27:38+00:00,2024-09-16 13:27:43+00:00,0.001388888888888889
docker/cli,5441,2024-09-16 13:04:21+00:00,2024-09-16 13:07:35+00:00,2024-09-16 13:15:09+00:00,0.12611111111111112
docker/cli,5440,2024-09-16 12:29:11+00:00,2024-09-16 12:41:29+00:00,2024-09-16 12:41:37+00:00,0.0022222222222222222
docker/cli,5439,2024-09-16 11:56:47+00:00,2024-09-16 12:11:50+00:00,2024-09-16 12:24:39+00:00,0.2136111111111111
docker/cli,5438,2024-09-16 11:18:52+00:00,2024-09-16 11:32:44+00:00,2024-09-16 11:44:19+00:00,0.19305555555555556
docker/cli,5437,2024-09-16 10:23:48+00:00,2024-09-16 12:15:58+00:00,2024-09-16 12:42:01+00:00,0.43416666666666665
docker/cli,5436,2024-09-16 09:33:45+00:00,2024-09-16 09:40:07+00:00,2024-09-16 11:43:57+00:00,2.063888888888889
docker/cli,5435,2024-09-14 00:49:49+00:00,2024-09-16 09:41:39+00:00,2024-09-16 13:17:07+00:00,3.591111111111111
docker/cli,5434,2024-09-13 18:10:06+00:00,,2024-09-16 10:22:57+00:00,
docker/cli,5432,2024-09-12 22:37:23+00:00,2024-09-12 23:19:07+00:00,2024-09-13 08:54:32+00:00,9.590277777777779
docker/cli,5431,2024-09-12 22:15:20+00:00,2024-09-12 22:20:29+00:00,2024-09-12 22:34:35+00:00,0.235
docker/cli,5430,2024-09-12 21:58:37+00:00,2024-09-12 22:18:28+00:00,2024-09-12 22:21:32+00:00,0.051111111111111114
docker/cli,5429,2024-09-12 20:17:27+00:00,2024-09-12 20:39:52+00:00,2024-09-12 20:42:14+00:00,0.03944444444444444
docker/cli,5428,2024-09-12 17:20:35+00:00,2024-09-24 14:53:24+00:00,2024-09-24 14:53:30+00:00,0.0016666666666666668
docker/cli,5427,2024-09-12 16:56:18+00:00,2024-09-12 17:06:27+00:00,2024-09-12 17:07:02+00:00,0.009722222222222222
docker/cli,5426,2024-09-11 11:14:35+00:00,2024-09-11 14:19:01+00:00,2024-09-11 14:24:41+00:00,0.09444444444444444
docker/cli,5425,2024-09-11 09:25:19+00:00,2024-09-11 09:30:43+00:00,2024-09-11 10:35:51+00:00,1.0855555555555556
docker/cli,5424,2024-09-10 14:50:00+00:00,2024-09-10 15:00:15+00:00,2024-09-12 22:33:14+00:00,55.54972222222222
docker/cli,5423,2024-09-10 14:43:09+00:00,2024-09-10 17:49:27+00:00,2024-09-10 17:51:58+00:00,0.041944444444444444
docker/cli,5422,2024-09-10 11:46:23+00:00,2024-09-10 17:40:24+00:00,2024-09-10 17:43:51+00:00,0.0575
docker/cli,5420,2024-09-09 12:38:43+00:00,2024-09-09 13:12:06+00:00,2024-09-09 18:46:31+00:00,5.573611111111111
docker/cli,5419,2024-09-09 08:34:09+00:00,2024-09-09 09:05:01+00:00,2024-09-09 09:05:09+00:00,0.0022222222222222222
docker/cli,5417,2024-09-08 17:56:50+00:00,2024-09-09 10:20:40+00:00,2024-10-08 22:34:18+00:00,708.2272222222222
docker/cli,5415,2024-09-08 06:23:58+00:00,2024-09-09 07:52:46+00:00,2024-09-09 10:19:53+00:00,2.4519444444444445
docker/cli,5414,2024-09-06 11:49:16+00:00,2024-09-06 12:00:29+00:00,2024-09-06 12:01:30+00:00,0.016944444444444446
docker/cli,5411,2024-09-05 15:53:39+00:00,2024-09-05 16:43:56+00:00,2024-09-06 08:28:04+00:00,15.735555555555555
docker/cli,5410,2024-09-05 15:52:56+00:00,2024-09-05 16:40:30+00:00,2024-09-06 08:27:27+00:00,15.7825
docker/cli,5409,2024-09-05 12:48:03+00:00,2024-09-05 12:55:34+00:00,2024-09-05 13:02:52+00:00,0.12166666666666667
docker/cli,5408,2024-09-05 12:42:02+00:00,2024-09-05 12:51:06+00:00,2024-09-05 12:53:18+00:00,0.03666666666666667
docker/cli,5407,2024-09-05 12:39:38+00:00,2024-09-05 12:47:02+00:00,2024-09-05 12:47:37+00:00,0.009722222222222222
docker/cli,5406,2024-09-05 01:53:14+00:00,2024-09-10 14:59:19+00:00,2024-09-10 14:59:25+00:00,0.0016666666666666668
docker/cli,5405,2024-09-04 23:48:45+00:00,2024-09-05 14:48:05+00:00,2024-09-09 18:55:54+00:00,100.13027777777778
docker/cli,5404,2024-09-04 20:24:30+00:00,2024-09-05 14:57:20+00:00,2024-09-05 18:13:25+00:00,3.2680555555555557
docker/cli,5403,2024-09-04 09:21:44+00:00,2024-09-04 12:43:15+00:00,2024-09-09 09:04:09+00:00,116.34833333333333
docker/cli,5402,2024-09-03 14:40:22+00:00,2024-09-03 14:41:52+00:00,2024-09-03 14:45:27+00:00,0.059722222222222225
docker/cli,5401,2024-09-03 13:24:50+00:00,2024-09-03 14:12:12+00:00,2024-09-03 14:36:14+00:00,0.40055555555555555
docker/cli,5400,2024-09-03 11:52:57+00:00,2024-09-03 12:03:57+00:00,2024-09-03 12:04:04+00:00,0.0019444444444444444
docker/cli,5399,2024-09-03 11:22:33+00:00,2024-09-03 12:01:35+00:00,2024-09-03 12:02:04+00:00,0.008055555555555555
docker/cli,5398,2024-09-03 11:03:13+00:00,,2024-12-17 18:25:07+00:00,
docker/cli,5397,2024-09-03 11:03:08+00:00,2024-09-04 23:28:47+00:00,2024-09-10 14:37:58+00:00,135.15305555555557
docker/cli,5396,2024-09-03 11:03:02+00:00,2024-09-04 23:28:33+00:00,2024-09-05 13:42:59+00:00,14.240555555555556
docker/cli,5395,2024-09-03 11:02:57+00:00,2024-09-03 11:21:40+00:00,2024-09-03 11:25:44+00:00,0.06777777777777778
docker/cli,5394,2024-09-03 10:23:50+00:00,2024-09-03 10:55:13+00:00,2024-09-03 10:55:20+00:00,0.0019444444444444444
docker/cli,5393,2024-09-03 09:48:49+00:00,2024-09-03 10:20:47+00:00,2024-09-03 10:28:21+00:00,0.12611111111111112
docker/cli,5392,2024-09-02 18:58:42+00:00,2024-09-02 20:29:14+00:00,2024-09-02 20:29:25+00:00,0.0030555555555555557
docker/cli,5391,2024-09-02 18:56:11+00:00,2024-09-02 20:27:51+00:00,2024-09-02 20:27:57+00:00,0.0016666666666666668
docker/cli,5389,2024-09-02 14:49:42+00:00,2024-09-02 15:05:27+00:00,2024-09-02 18:55:06+00:00,3.8275
docker/cli,5388,2024-09-02 13:52:51+00:00,2024-09-02 14:09:47+00:00,2026-01-13 14:51:52+00:00,11952.701388888889
docker/cli,5387,2024-09-02 13:51:20+00:00,2024-09-02 16:45:21+00:00,2024-09-03 11:25:16+00:00,18.665277777777778
docker/cli,5386,2024-09-02 10:04:02+00:00,2024-09-02 12:30:38+00:00,2024-09-03 10:15:08+00:00,21.741666666666667
docker/cli,5385,2024-09-02 09:43:45+00:00,2024-09-02 09:57:34+00:00,2024-09-02 09:57:52+00:00,0.005
docker/cli,5383,2024-08-30 09:19:12+00:00,2024-08-30 09:39:14+00:00,2024-09-02 09:43:07+00:00,72.06472222222222
docker/cli,5381,2024-08-29 16:42:02+00:00,2024-08-30 08:38:04+00:00,2024-09-09 06:51:54+00:00,238.23055555555555
docker/cli,5380,2024-08-29 11:24:39+00:00,2024-08-29 11:33:36+00:00,2024-08-29 11:33:58+00:00,0.006111111111111111
docker/cli,5379,2024-08-29 11:20:34+00:00,2024-08-29 11:32:51+00:00,2024-08-29 11:33:12+00:00,0.005833333333333334
docker/cli,5376,2024-08-28 13:20:42+00:00,2024-08-28 13:23:05+00:00,2024-09-03 11:14:54+00:00,141.8636111111111
docker/cli,5374,2024-08-27 11:12:53+00:00,2024-08-27 11:14:39+00:00,2024-08-27 14:08:12+00:00,2.8925
docker/cli,5372,2024-08-26 12:44:26+00:00,2024-08-26 13:19:18+00:00,2024-08-26 15:06:00+00:00,1.7783333333333333
docker/cli,5371,2024-08-26 12:02:24+00:00,2024-08-26 12:32:51+00:00,2024-08-26 12:33:00+00:00,0.0025
docker/cli,5370,2024-08-26 11:57:52+00:00,2024-08-26 12:34:16+00:00,2024-08-26 12:38:08+00:00,0.06444444444444444
docker/cli,5368,2024-08-22 13:19:56+00:00,2024-08-22 15:45:53+00:00,2024-08-22 16:01:29+00:00,0.26
docker/cli,5366,2024-08-21 09:42:26+00:00,2024-08-21 13:08:32+00:00,2024-08-21 13:22:02+00:00,0.225
docker/cli,5365,2024-08-21 09:08:13+00:00,2024-08-21 09:44:02+00:00,2024-08-22 12:23:11+00:00,26.6525
docker/cli,5363,2024-08-20 15:39:06+00:00,2024-08-20 15:47:17+00:00,2024-08-20 15:51:15+00:00,0.0661111111111111
docker/cli,5362,2024-08-20 11:53:02+00:00,2024-08-20 12:28:54+00:00,2024-08-20 14:11:01+00:00,1.7019444444444445
docker/cli,5361,2024-08-20 10:51:29+00:00,2024-08-20 11:08:50+00:00,2024-08-20 11:31:07+00:00,0.3713888888888889
docker/cli,5360,2024-08-20 10:35:53+00:00,2024-08-20 10:54:51+00:00,2024-08-22 13:17:46+00:00,50.38194444444444
docker/cli,5359,2024-08-19 15:40:39+00:00,2024-08-30 09:47:50+00:00,2024-09-11 10:34:30+00:00,288.77777777777777
docker/cli,5358,2024-08-19 11:28:29+00:00,2024-08-19 11:43:10+00:00,2024-08-19 11:47:05+00:00,0.06527777777777778
docker/cli,5357,2024-08-19 10:28:30+00:00,,2025-01-22 12:49:51+00:00,
docker/cli,5356,2024-08-19 10:22:42+00:00,2024-08-19 10:33:56+00:00,2024-08-19 10:46:08+00:00,0.20333333333333334
docker/cli,5354,2024-08-16 17:00:46+00:00,2024-08-16 17:39:50+00:00,2024-08-16 17:39:57+00:00,0.0019444444444444444
docker/cli,5353,2024-08-16 15:33:56+00:00,2024-08-16 17:44:33+00:00,2024-08-16 17:51:04+00:00,0.10861111111111112
docker/cli,5352,2024-08-16 14:38:12+00:00,2024-08-16 14:53:47+00:00,2024-08-16 14:56:09+00:00,0.03944444444444444
docker/cli,5351,2024-08-16 13:12:26+00:00,2024-08-16 14:56:26+00:00,2024-08-16 16:12:10+00:00,1.2622222222222221
docker/cli,5350,2024-08-16 09:05:03+00:00,2024-08-19 12:17:30+00:00,2024-08-21 09:39:45+00:00,45.37083333333333
docker/cli,5349,2024-08-15 22:39:21+00:00,2024-08-16 10:46:08+00:00,2024-08-16 16:13:24+00:00,5.454444444444444
docker/cli,5348,2024-08-13 10:18:46+00:00,2024-08-19 15:28:57+00:00,2024-08-19 15:48:56+00:00,0.33305555555555555
docker/cli,5347,2024-08-13 09:49:07+00:00,2024-08-13 14:58:19+00:00,2024-08-19 11:13:32+00:00,140.2536111111111
docker/cli,5345,2024-08-12 15:30:07+00:00,2024-08-13 09:36:56+00:00,2024-08-13 09:38:44+00:00,0.03
docker/cli,5344,2024-08-12 09:19:25+00:00,2024-08-12 09:27:07+00:00,2024-08-15 07:29:45+00:00,70.04388888888889
docker/cli,5343,2024-08-11 15:03:42+00:00,2024-08-12 08:08:26+00:00,2024-08-12 08:11:43+00:00,0.05472222222222222
docker/cli,5342,2024-08-11 14:44:27+00:00,2024-08-12 08:07:50+00:00,2024-08-12 08:10:05+00:00,0.0375
docker/cli,5341,2024-08-09 17:53:45+00:00,2024-08-12 09:57:56+00:00,2024-08-12 09:58:10+00:00,0.0038888888888888888
docker/cli,5340,2024-08-09 17:53:38+00:00,2024-08-12 09:58:01+00:00,2024-08-12 09:58:07+00:00,0.0016666666666666668
docker/cli,5339,2024-08-09 17:53:31+00:00,2024-08-12 09:57:25+00:00,2024-08-12 09:57:36+00:00,0.0030555555555555557
docker/cli,5338,2024-08-09 16:21:09+00:00,2024-08-09 16:29:45+00:00,2024-08-09 17:11:04+00:00,0.6886111111111111
docker/cli,5337,2024-08-09 08:48:55+00:00,2024-08-09 18:03:08+00:00,2024-08-09 18:03:37+00:00,0.008055555555555555
docker/cli,5336,2024-08-09 08:46:14+00:00,2024-08-09 18:02:33+00:00,2024-08-09 18:02:39+00:00,0.0016666666666666668
docker/cli,5335,2024-08-09 08:45:15+00:00,2024-08-09 08:54:30+00:00,2024-08-09 08:54:36+00:00,0.0016666666666666668
docker/cli,5334,2024-08-09 08:42:56+00:00,2024-08-09 08:48:31+00:00,2024-08-09 08:48:38+00:00,0.0019444444444444444
docker/cli,5333,2024-08-08 12:13:19+00:00,2024-08-12 11:19:57+00:00,2024-08-12 11:34:32+00:00,0.24305555555555555
docker/cli,5332,2024-08-08 11:40:14+00:00,2024-08-09 07:45:19+00:00,2024-08-09 07:45:24+00:00,0.001388888888888889
docker/cli,5331,2024-08-08 11:22:13+00:00,2024-09-24 13:01:23+00:00,2024-10-10 15:33:08+00:00,386.52916666666664
docker/cli,5330,2024-08-08 09:45:05+00:00,2024-08-08 10:05:45+00:00,2024-08-08 10:09:30+00:00,0.0625
docker/cli,5327,2024-08-07 13:07:31+00:00,2024-08-07 14:26:43+00:00,2024-08-07 15:16:00+00:00,0.8213888888888888
docker/cli,5326,2024-08-07 10:05:52+00:00,2024-08-07 11:19:12+00:00,2024-08-07 11:31:41+00:00,0.20805555555555555
docker/cli,5325,2024-08-07 09:50:45+00:00,2024-08-07 11:15:28+00:00,2024-08-08 11:27:04+00:00,24.19333333333333
docker/cli,5324,2024-08-07 09:50:16+00:00,2024-08-07 10:00:28+00:00,2024-08-07 10:01:32+00:00,0.017777777777777778
docker/cli,5323,2024-08-07 02:54:21+00:00,2024-08-09 17:45:56+00:00,2024-08-09 17:46:24+00:00,0.0077777777777777776
docker/cli,5320,2024-08-06 23:30:43+00:00,2024-08-12 11:49:32+00:00,2024-08-12 14:59:47+00:00,3.1708333333333334
docker/cli,5316,2024-08-05 09:59:46+00:00,2024-08-05 10:27:12+00:00,2024-08-08 09:48:43+00:00,71.35861111111112
docker/cli,5314,2024-08-02 14:13:07+00:00,,,
docker/cli,5313,2024-08-01 20:57:26+00:00,,2024-08-01 20:59:21+00:00,
docker/cli,5312,2024-08-01 10:59:43+00:00,2024-08-01 11:04:25+00:00,2025-02-09 21:05:26+00:00,4618.016944444445
docker/cli,5311,2024-07-31 20:30:11+00:00,2024-08-02 10:25:03+00:00,2024-08-02 10:25:21+00:00,0.005
docker/cli,5310,2024-07-31 12:20:51+00:00,2024-08-02 10:25:43+00:00,2024-08-02 10:26:07+00:00,0.006666666666666667
docker/cli,5307,2024-07-30 11:07:05+00:00,2024-07-31 08:23:06+00:00,,
docker/cli,5303,2024-07-26 14:07:53+00:00,2024-07-29 10:40:29+00:00,2024-07-29 12:43:32+00:00,2.0508333333333333
docker/cli,5302,2024-07-26 13:13:15+00:00,2024-07-26 15:19:35+00:00,2024-07-26 15:21:35+00:00,0.03333333333333333
docker/cli,5298,2024-07-25 11:25:33+00:00,2024-07-25 11:32:53+00:00,2024-07-25 11:37:19+00:00,0.07388888888888889
docker/cli,5297,2024-07-25 09:02:49+00:00,2024-07-26 11:24:50+00:00,2024-07-26 13:11:01+00:00,1.7697222222222222
docker/cli,5296,2024-07-25 07:51:53+00:00,2024-07-25 07:59:30+00:00,2024-07-25 07:59:38+00:00,0.0022222222222222222
docker/cli,5295,2024-07-24 23:46:36+00:00,2024-07-25 00:00:08+00:00,2024-07-25 00:00:26+00:00,0.005
docker/cli,5293,2024-07-24 11:20:30+00:00,2024-07-24 11:22:08+00:00,2024-07-24 11:38:49+00:00,0.27805555555555556
docker/cli,5292,2024-07-24 11:17:17+00:00,2024-07-24 11:21:37+00:00,2024-07-24 11:26:41+00:00,0.08444444444444445
docker/cli,5291,2024-07-24 10:55:16+00:00,2024-07-24 10:57:01+00:00,2024-07-24 11:03:56+00:00,0.11527777777777778
docker/cli,5290,2024-07-24 09:35:58+00:00,2024-07-24 09:45:50+00:00,2024-07-24 10:03:24+00:00,0.2927777777777778
docker/cli,5289,2024-07-24 07:48:28+00:00,2024-07-24 08:07:20+00:00,2024-07-24 11:11:35+00:00,3.0708333333333333
docker/cli,5288,2024-07-23 22:54:16+00:00,2024-07-23 22:59:37+00:00,2024-07-23 22:59:43+00:00,0.0016666666666666668
docker/cli,5284,2024-07-23 16:00:18+00:00,,2024-09-04 23:32:39+00:00,
docker/cli,5283,2024-07-23 15:18:18+00:00,2024-07-23 23:07:50+00:00,2024-07-23 23:07:56+00:00,0.0016666666666666668
docker/cli,5282,2024-07-23 14:12:36+00:00,2024-07-23 14:45:48+00:00,2025-05-22 12:08:40+00:00,7269.381111111111
docker/cli,5279,2024-07-22 17:08:20+00:00,2024-07-23 11:28:32+00:00,2024-07-23 11:28:38+00:00,0.0016666666666666668
docker/cli,5278,2024-07-22 15:15:59+00:00,2024-07-22 15:57:15+00:00,2024-07-22 16:04:35+00:00,0.12222222222222222
docker/cli,5277,2024-07-22 15:07:42+00:00,2024-07-22 15:49:04+00:00,2024-07-22 15:49:10+00:00,0.0016666666666666668
docker/cli,5276,2024-07-22 14:58:00+00:00,2024-07-22 15:19:33+00:00,2024-07-22 15:19:40+00:00,0.0019444444444444444
docker/cli,5274,2024-07-19 17:09:33+00:00,2024-07-19 17:25:30+00:00,2024-07-19 17:35:01+00:00,0.15861111111111112
docker/cli,5273,2024-07-19 17:03:59+00:00,2024-07-22 15:54:46+00:00,2024-07-23 12:59:24+00:00,21.077222222222222
docker/cli,5271,2024-07-19 12:24:24+00:00,2024-07-19 12:43:00+00:00,2024-07-19 14:44:14+00:00,2.0205555555555557
docker/cli,5270,2024-07-19 11:38:34+00:00,2024-07-19 13:08:07+00:00,2024-07-19 13:09:56+00:00,0.03027777777777778
docker/cli,5269,2024-07-19 11:23:02+00:00,2024-07-19 11:30:06+00:00,2024-07-19 11:43:25+00:00,0.22194444444444444
docker/cli,5268,2024-07-19 11:07:03+00:00,2024-07-19 11:29:01+00:00,2024-07-19 11:29:35+00:00,0.009444444444444445
docker/cli,5267,2024-07-19 01:19:40+00:00,2024-07-24 08:50:36+00:00,2024-07-24 08:50:40+00:00,0.0011111111111111111
docker/cli,5266,2024-07-19 01:17:38+00:00,2024-07-19 08:02:45+00:00,2024-07-19 08:46:07+00:00,0.7227777777777777
docker/cli,5265,2024-07-19 00:47:12+00:00,2024-07-19 10:32:31+00:00,2024-07-19 10:55:55+00:00,0.39
docker/cli,5264,2024-07-19 00:45:07+00:00,2024-07-19 08:11:46+00:00,2024-07-19 08:22:33+00:00,0.17972222222222223
docker/cli,5263,2024-07-19 00:24:33+00:00,2024-07-19 09:42:15+00:00,2024-07-19 11:25:58+00:00,1.728611111111111
docker/cli,5262,2024-07-19 00:23:00+00:00,2024-07-19 10:48:32+00:00,2024-07-19 10:48:42+00:00,0.002777777777777778
docker/cli,5261,2024-07-18 23:59:27+00:00,2024-07-19 09:02:23+00:00,2024-07-19 10:05:33+00:00,1.0527777777777778
docker/cli,5260,2024-07-18 23:48:46+00:00,2024-07-19 08:56:48+00:00,2024-07-19 10:05:16+00:00,1.1411111111111112
docker/cli,5259,2024-07-18 16:27:25+00:00,2024-07-20 19:12:07+00:00,2024-07-22 16:59:14+00:00,45.78527777777778
docker/cli,5258,2024-07-18 16:20:31+00:00,2024-07-18 17:08:59+00:00,2024-07-18 23:41:36+00:00,6.543611111111111
docker/cli,5255,2024-07-17 13:27:00+00:00,2024-07-17 13:31:11+00:00,2024-07-17 13:59:18+00:00,0.4686111111111111
docker/cli,5252,2024-07-16 20:51:19+00:00,2024-07-25 13:15:25+00:00,2024-07-26 14:25:11+00:00,25.162777777777777
docker/cli,5251,2024-07-16 19:57:03+00:00,2024-07-16 22:02:54+00:00,2024-07-16 22:20:13+00:00,0.2886111111111111
docker/cli,5250,2024-07-12 13:06:32+00:00,2024-07-12 13:59:09+00:00,2024-07-12 13:59:14+00:00,0.001388888888888889
docker/cli,5249,2024-07-11 11:45:38+00:00,,2025-01-22 12:50:09+00:00,
docker/cli,5248,2024-07-11 10:06:22+00:00,2024-07-11 10:08:20+00:00,2024-07-11 10:27:18+00:00,0.3161111111111111
docker/cli,5247,2024-07-08 15:47:18+00:00,2024-07-09 09:42:12+00:00,2024-07-12 12:44:11+00:00,75.03305555555555
docker/cli,5246,2024-07-08 13:01:02+00:00,2024-07-08 13:33:23+00:00,2024-07-11 10:05:26+00:00,68.53416666666666
docker/cli,5245,2024-07-08 12:52:30+00:00,,2024-07-17 22:43:31+00:00,
docker/cli,5244,2024-07-08 12:43:15+00:00,2024-07-10 09:19:48+00:00,2024-08-13 14:30:58+00:00,821.1861111111111
docker/cli,5240,2024-07-06 20:23:45+00:00,,,
docker/cli,5238,2024-07-05 14:44:04+00:00,2024-07-05 14:46:22+00:00,2024-07-17 13:35:14+00:00,286.81444444444446
docker/cli,5237,2024-07-05 13:23:05+00:00,2024-07-05 17:55:25+00:00,2024-07-05 17:55:31+00:00,0.0016666666666666668
docker/cli,5236,2024-07-05 10:56:48+00:00,2024-07-05 10:59:50+00:00,2024-07-22 15:56:16+00:00,412.94055555555553
docker/cli,5234,2024-07-04 23:09:36+00:00,2024-07-08 12:20:27+00:00,2024-07-16 23:22:03+00:00,203.02666666666667
docker/cli,5233,2024-07-04 21:49:48+00:00,2024-07-17 08:21:25+00:00,2024-07-17 12:00:52+00:00,3.6575
docker/cli,5232,2024-07-04 19:20:58+00:00,2024-07-05 11:48:01+00:00,2024-07-08 17:21:15+00:00,77.55388888888889
docker/cli,5231,2024-07-04 17:07:42+00:00,2024-07-05 08:44:12+00:00,2024-07-05 08:50:46+00:00,0.10944444444444444
docker/cli,5230,2024-07-04 13:47:12+00:00,2024-07-04 14:50:10+00:00,2024-07-05 08:41:36+00:00,17.857222222222223
docker/cli,5229,2024-07-04 13:41:16+00:00,2024-07-05 09:25:44+00:00,2024-07-05 09:47:30+00:00,0.36277777777777775
docker/cli,5228,2024-07-04 07:42:28+00:00,2024-07-04 09:09:52+00:00,2024-07-04 09:10:05+00:00,0.003611111111111111
docker/cli,5227,2024-07-04 07:20:23+00:00,2024-07-04 09:20:23+00:00,2024-07-04 09:20:47+00:00,0.006666666666666667
docker/cli,5226,2024-07-03 23:57:49+00:00,2024-07-04 09:11:08+00:00,2024-07-04 13:36:04+00:00,4.415555555555556
docker/cli,5225,2024-07-03 23:40:23+00:00,2024-07-04 10:05:38+00:00,2024-07-04 10:05:47+00:00,0.0025
docker/cli,5224,2024-07-03 23:36:33+00:00,2024-07-04 09:30:37+00:00,2024-07-04 10:14:00+00:00,0.7230555555555556
docker/cli,5223,2024-07-03 15:59:46+00:00,2024-07-04 09:09:25+00:00,2024-07-04 10:15:23+00:00,1.0994444444444444
docker/cli,5222,2024-07-03 15:11:23+00:00,2024-07-03 15:31:45+00:00,2024-07-03 15:38:18+00:00,0.10916666666666666
docker/cli,5221,2024-07-03 10:28:48+00:00,2024-07-03 12:36:27+00:00,2024-07-08 13:07:00+00:00,120.50916666666667
docker/cli,5220,2024-07-03 10:17:40+00:00,2024-07-03 10:18:45+00:00,2024-07-03 10:29:49+00:00,0.18444444444444444
docker/cli,5219,2024-07-03 10:17:16+00:00,2024-07-03 10:19:07+00:00,2024-07-03 10:29:38+00:00,0.17527777777777778
docker/cli,5218,2024-07-03 09:01:03+00:00,2024-07-03 10:03:16+00:00,2024-07-03 10:03:40+00:00,0.006666666666666667
docker/cli,5216,2024-07-02 10:03:45+00:00,2024-07-03 12:49:26+00:00,2024-07-04 00:09:34+00:00,11.335555555555555
docker/cli,5214,2024-07-01 11:49:25+00:00,2024-07-01 12:38:53+00:00,2024-12-13 11:01:49+00:00,3958.382222222222
docker/cli,5213,2024-07-01 11:22:45+00:00,2024-07-01 15:20:19+00:00,2024-07-01 15:20:24+00:00,0.001388888888888889
docker/cli,5212,2024-07-01 11:21:40+00:00,2024-07-01 12:56:35+00:00,2024-07-01 13:08:04+00:00,0.1913888888888889
docker/cli,5208,2024-06-28 22:34:53+00:00,2024-07-03 10:21:53+00:00,2024-07-03 10:22:57+00:00,0.017777777777777778
docker/cli,5207,2024-06-28 22:21:26+00:00,2024-07-01 11:41:30+00:00,2024-07-01 11:41:34+00:00,0.0011111111111111111
docker/cli,5206,2024-06-28 07:11:45+00:00,2024-06-28 14:54:05+00:00,2024-06-28 14:56:30+00:00,0.04027777777777778
docker/cli,5205,2024-06-28 07:11:16+00:00,2024-06-28 14:52:36+00:00,2024-06-28 14:56:18+00:00,0.06166666666666667
docker/cli,5203,2024-06-26 18:37:05+00:00,,2024-06-28 14:56:19+00:00,
docker/cli,5202,2024-06-26 18:35:28+00:00,2024-06-26 18:37:42+00:00,2024-06-26 18:39:48+00:00,0.035
docker/cli,5201,2024-06-26 17:21:38+00:00,2024-06-26 17:57:49+00:00,2024-06-26 17:58:04+00:00,0.004166666666666667
docker/cli,5200,2024-06-26 13:37:45+00:00,,2024-06-26 13:39:02+00:00,
docker/cli,5199,2024-06-26 13:37:24+00:00,2024-06-26 13:39:50+00:00,2024-06-26 13:45:12+00:00,0.08944444444444444
docker/cli,5198,2024-06-26 13:08:03+00:00,2024-06-26 13:11:18+00:00,2024-06-26 13:19:52+00:00,0.14277777777777778
docker/cli,5197,2024-06-26 12:14:37+00:00,2024-06-26 12:18:06+00:00,2024-06-26 13:04:51+00:00,0.7791666666666667
docker/cli,5196,2024-06-26 11:24:12+00:00,2024-06-26 11:59:09+00:00,2024-06-26 13:09:11+00:00,1.1672222222222222
docker/cli,5195,2024-06-25 22:29:33+00:00,2024-06-26 11:13:06+00:00,2024-06-26 11:42:05+00:00,0.48305555555555557
docker/cli,5192,2024-06-25 12:45:33+00:00,2024-06-26 08:39:15+00:00,2024-06-26 11:43:56+00:00,3.0780555555555558
docker/cli,5191,2024-06-25 12:44:32+00:00,2024-06-26 13:36:04+00:00,2024-06-26 13:36:10+00:00,0.0016666666666666668
docker/cli,5190,2024-06-25 10:13:44+00:00,2024-06-25 12:00:00+00:00,2024-06-25 12:48:44+00:00,0.8122222222222222
docker/cli,5189,2024-06-24 14:44:32+00:00,2024-06-25 12:44:47+00:00,2024-06-25 12:44:52+00:00,0.001388888888888889
docker/cli,5188,2024-06-24 12:51:48+00:00,2024-06-24 12:55:13+00:00,2024-06-24 14:00:57+00:00,1.0955555555555556
docker/cli,5187,2024-06-24 09:43:09+00:00,2024-06-24 11:34:46+00:00,2024-06-24 12:02:47+00:00,0.46694444444444444
docker/cli,5186,2024-06-21 12:54:24+00:00,2024-06-21 13:42:05+00:00,2024-06-21 13:42:10+00:00,0.001388888888888889
docker/cli,5185,2024-06-21 10:54:55+00:00,2024-06-21 11:03:11+00:00,2024-06-21 13:20:51+00:00,2.2944444444444443
docker/cli,5184,2024-06-21 10:30:19+00:00,2024-06-21 13:40:53+00:00,2024-06-21 13:41:48+00:00,0.015277777777777777
docker/cli,5183,2024-06-20 21:54:37+00:00,2024-06-21 11:01:31+00:00,2024-06-21 11:44:37+00:00,0.7183333333333334
docker/cli,5182,2024-06-20 15:07:19+00:00,,,
docker/cli,5181,2024-06-20 13:03:03+00:00,,,
docker/cli,5180,2024-06-20 12:08:25+00:00,2024-06-20 12:50:16+00:00,2024-06-20 13:17:23+00:00,0.4519444444444444
docker/cli,5179,2024-06-20 11:23:23+00:00,2024-06-20 11:51:25+00:00,2024-06-20 11:51:31+00:00,0.0016666666666666668
docker/cli,5178,2024-06-19 22:49:44+00:00,2024-06-20 08:10:34+00:00,2024-06-20 16:46:41+00:00,8.601944444444445
docker/cli,5177,2024-06-19 22:03:03+00:00,2024-06-20 08:46:29+00:00,2024-06-20 09:30:05+00:00,0.7266666666666667
docker/cli,5176,2024-06-18 21:17:31+00:00,,,
docker/cli,5175,2024-06-18 19:55:21+00:00,2024-06-20 08:44:01+00:00,2024-06-20 09:29:39+00:00,0.7605555555555555
docker/cli,5174,2024-06-18 19:48:57+00:00,2024-06-20 08:48:03+00:00,2024-06-20 09:29:22+00:00,0.6886111111111111
docker/cli,5173,2024-06-18 19:34:36+00:00,2024-06-20 08:48:38+00:00,2024-06-20 09:29:05+00:00,0.6741666666666667
docker/cli,5172,2024-06-18 14:47:19+00:00,2024-06-18 14:52:44+00:00,2024-06-18 15:14:00+00:00,0.35444444444444445
docker/cli,5171,2024-06-18 13:46:20+00:00,2024-06-19 10:22:20+00:00,2024-06-20 15:49:07+00:00,29.44638888888889
docker/cli,5170,2024-06-18 13:35:29+00:00,2024-06-20 09:42:38+00:00,2024-06-20 11:41:56+00:00,1.9883333333333333
docker/cli,5169,2024-06-18 12:34:28+00:00,2024-06-18 12:44:53+00:00,2024-06-18 13:04:39+00:00,0.32944444444444443
docker/cli,5168,2024-06-18 12:26:58+00:00,2024-06-18 12:40:05+00:00,2024-07-03 13:20:12+00:00,360.6686111111111
docker/cli,5167,2024-06-18 12:04:22+00:00,2024-06-18 12:46:33+00:00,2024-06-18 12:59:38+00:00,0.21805555555555556
docker/cli,5165,2024-06-18 11:33:49+00:00,2024-06-18 12:46:18+00:00,2024-06-18 12:59:58+00:00,0.22777777777777777
docker/cli,5164,2024-06-18 11:30:45+00:00,2024-06-18 11:32:12+00:00,2024-06-18 11:59:34+00:00,0.45611111111111113
docker/cli,5163,2024-06-18 10:18:45+00:00,2024-06-18 10:29:37+00:00,2024-06-18 11:24:00+00:00,0.9063888888888889
docker/cli,5162,2024-06-18 10:01:58+00:00,2024-06-18 10:02:53+00:00,2024-06-18 10:15:24+00:00,0.2086111111111111
docker/cli,5161,2024-06-18 08:07:29+00:00,2024-06-18 08:47:18+00:00,2024-06-18 08:48:02+00:00,0.012222222222222223
docker/cli,5160,2024-06-17 15:09:10+00:00,2024-06-17 15:41:37+00:00,2024-06-17 15:42:00+00:00,0.006388888888888889
docker/cli,5158,2024-06-17 08:19:03+00:00,2024-06-17 08:20:58+00:00,2024-06-17 08:29:38+00:00,0.14444444444444443
docker/cli,5157,2024-06-16 09:58:42+00:00,,2024-07-11 14:33:07+00:00,
docker/cli,5156,2024-06-15 19:05:30+00:00,2024-06-17 08:57:50+00:00,,
docker/cli,5155,2024-06-14 19:44:54+00:00,2024-06-14 20:36:37+00:00,2024-06-14 20:36:49+00:00,0.0033333333333333335
docker/cli,5154,2024-06-13 21:54:05+00:00,2024-06-17 08:20:56+00:00,2024-06-17 08:21:02+00:00,0.0016666666666666668
docker/cli,5153,2024-06-13 16:21:03+00:00,2024-06-13 21:40:33+00:00,2024-06-13 21:41:10+00:00,0.010277777777777778
docker/cli,5152,2024-06-12 21:48:33+00:00,2024-06-13 09:02:46+00:00,2024-06-13 09:02:51+00:00,0.001388888888888889
docker/cli,5151,2024-06-12 12:31:50+00:00,2024-06-12 12:32:39+00:00,2024-06-12 12:52:01+00:00,0.3227777777777778
docker/cli,5150,2024-06-12 11:44:06+00:00,2024-06-12 11:45:10+00:00,2024-06-12 11:58:10+00:00,0.21666666666666667
docker/cli,5149,2024-06-12 00:00:57+00:00,2024-06-12 00:07:28+00:00,,
docker/cli,5148,2024-06-11 23:24:34+00:00,2024-06-12 08:38:49+00:00,2024-06-12 10:55:51+00:00,2.283888888888889
docker/cli,5147,2024-06-11 22:59:09+00:00,2024-06-12 07:47:55+00:00,2024-06-12 07:48:00+00:00,0.001388888888888889
docker/cli,5146,2024-06-11 20:32:28+00:00,2024-06-11 22:05:36+00:00,2024-06-12 13:00:55+00:00,14.921944444444444
docker/cli,5145,2024-06-11 16:55:07+00:00,2024-06-18 11:36:55+00:00,2024-07-19 17:09:28+00:00,749.5425
docker/cli,5144,2024-06-11 16:36:13+00:00,2024-06-12 00:08:38+00:00,2024-06-12 00:15:12+00:00,0.10944444444444444
docker/cli,5143,2024-06-11 15:48:14+00:00,2024-06-11 16:31:33+00:00,2024-06-12 00:24:48+00:00,7.8875
docker/cli,5142,2024-06-11 15:10:12+00:00,2024-06-11 15:19:49+00:00,2024-06-12 11:53:39+00:00,20.56388888888889
docker/cli,5141,2024-06-11 14:47:36+00:00,2024-06-11 17:48:49+00:00,2024-06-11 20:01:50+00:00,2.2169444444444446
docker/cli,5139,2024-06-11 10:58:00+00:00,2024-06-11 11:07:13+00:00,2024-06-11 13:11:16+00:00,2.0675
docker/cli,5137,2024-06-10 19:20:21+00:00,2024-06-11 06:41:40+00:00,2024-06-11 08:43:41+00:00,2.033611111111111
docker/cli,5134,2024-06-09 11:58:07+00:00,2024-06-10 16:03:39+00:00,2024-06-10 16:03:46+00:00,0.0019444444444444444
docker/cli,5133,2024-06-08 21:21:55+00:00,2024-06-09 21:45:15+00:00,2024-06-09 21:45:19+00:00,0.0011111111111111111
docker/cli,5131,2024-06-07 15:31:17+00:00,2024-06-07 23:21:06+00:00,2024-06-07 23:21:13+00:00,0.0019444444444444444
docker/cli,5130,2024-06-07 14:11:49+00:00,2024-06-07 14:28:13+00:00,2024-06-07 14:39:04+00:00,0.18083333333333335
docker/cli,5128,2024-06-07 08:24:21+00:00,2024-06-07 09:32:28+00:00,2024-06-07 09:40:45+00:00,0.13805555555555554
docker/cli,5127,2024-06-07 04:24:54+00:00,,2024-06-07 09:05:21+00:00,
docker/cli,5126,2024-06-06 19:22:08+00:00,2024-06-07 00:15:36+00:00,2024-06-07 08:09:03+00:00,7.890833333333333
docker/cli,5125,2024-06-06 18:44:44+00:00,2024-06-06 18:49:35+00:00,2024-06-07 10:23:07+00:00,15.55888888888889
docker/cli,5123,2024-06-06 02:19:38+00:00,2024-06-06 17:28:25+00:00,2024-06-06 17:29:57+00:00,0.025555555555555557
docker/cli,5122,2024-06-05 14:29:28+00:00,2024-06-05 15:13:57+00:00,2024-06-05 21:46:56+00:00,6.549722222222222
docker/cli,5121,2024-06-05 09:04:48+00:00,2024-06-05 09:51:27+00:00,2024-06-05 09:56:13+00:00,0.07944444444444444
docker/cli,5118,2024-06-04 21:46:26+00:00,2024-06-04 22:06:43+00:00,2024-06-04 22:11:37+00:00,0.08166666666666667
docker/cli,5117,2024-06-04 21:40:29+00:00,2024-06-04 22:06:18+00:00,2024-06-04 22:11:23+00:00,0.08472222222222223
docker/cli,5116,2024-06-04 20:32:48+00:00,2024-06-05 10:46:05+00:00,2024-06-05 10:47:13+00:00,0.01888888888888889
docker/cli,5115,2024-06-04 20:20:04+00:00,2024-06-04 20:32:45+00:00,2024-06-04 20:38:33+00:00,0.09666666666666666
docker/cli,5112,2024-06-04 10:07:30+00:00,,2024-07-19 12:33:32+00:00,
docker/cli,5111,2024-06-04 08:59:52+00:00,2024-06-04 09:58:32+00:00,2024-06-04 11:42:03+00:00,1.7252777777777777
docker/cli,5110,2024-06-04 07:55:54+00:00,2024-06-04 08:11:37+00:00,2024-06-04 08:34:15+00:00,0.37722222222222224
docker/cli,5109,2024-06-04 03:13:38+00:00,2024-06-04 07:19:04+00:00,2024-06-04 08:33:42+00:00,1.2438888888888888
docker/cli,5108,2024-06-03 15:47:16+00:00,2024-06-03 15:59:49+00:00,2024-06-03 16:04:54+00:00,0.08472222222222223
docker/cli,5107,2024-06-03 13:02:52+00:00,2024-06-03 14:46:52+00:00,2024-06-03 14:48:35+00:00,0.02861111111111111
docker/cli,5106,2024-06-03 12:58:21+00:00,2024-06-03 14:45:01+00:00,2024-06-03 14:47:48+00:00,0.04638888888888889
docker/cli,5105,2024-06-03 12:56:21+00:00,2024-06-03 14:47:27+00:00,2024-06-03 14:47:35+00:00,0.0022222222222222222
docker/cli,5104,2024-06-03 12:07:14+00:00,2024-06-03 12:56:47+00:00,2024-06-03 13:08:10+00:00,0.1897222222222222
docker/cli,5103,2024-06-03 11:33:34+00:00,2024-06-03 12:45:51+00:00,2024-06-03 14:55:36+00:00,2.1625
docker/cli,5102,2024-06-03 11:29:53+00:00,2024-06-03 15:31:36+00:00,2024-06-03 15:31:45+00:00,0.0025
docker/cli,5101,2024-05-31 18:29:32+00:00,2024-05-31 18:44:00+00:00,2024-06-01 11:32:03+00:00,16.800833333333333
docker/cli,5100,2024-05-31 15:30:37+00:00,2024-05-31 15:38:14+00:00,2024-05-31 20:00:08+00:00,4.365
docker/cli,5099,2024-05-31 13:51:44+00:00,2024-05-31 14:09:15+00:00,2024-05-31 14:09:30+00:00,0.004166666666666667
docker/cli,5098,2024-05-31 12:26:13+00:00,2024-06-04 12:21:54+00:00,2024-07-19 14:43:56+00:00,1082.3672222222222
docker/cli,5097,2024-05-31 09:15:42+00:00,2024-05-31 09:38:36+00:00,2024-05-31 10:24:31+00:00,0.7652777777777777
docker/cli,5096,2024-05-30 13:54:22+00:00,2024-06-03 11:38:27+00:00,2024-06-03 14:40:47+00:00,3.0388888888888888
docker/cli,5095,2024-05-30 13:50:44+00:00,2024-05-31 15:32:24+00:00,2024-05-31 20:01:29+00:00,4.4847222222222225
docker/cli,5094,2024-05-30 12:37:55+00:00,2024-05-30 14:26:48+00:00,2024-05-31 12:40:13+00:00,22.22361111111111
docker/cli,5092,2024-05-26 09:52:14+00:00,2024-05-27 10:02:02+00:00,2024-05-27 12:37:39+00:00,2.593611111111111
docker/cli,5091,2024-05-26 09:45:30+00:00,2024-05-27 06:48:12+00:00,2024-05-27 06:55:23+00:00,0.11972222222222222
docker/cli,5090,2024-05-26 09:42:29+00:00,2024-05-27 12:04:48+00:00,2024-05-27 15:52:03+00:00,3.7875
docker/cli,5089,2024-05-26 09:27:51+00:00,2024-05-27 12:02:39+00:00,2024-05-27 12:27:22+00:00,0.41194444444444445
docker/cli,5086,2024-05-23 17:15:23+00:00,2024-05-27 12:02:25+00:00,2024-05-27 12:26:42+00:00,0.4047222222222222
docker/cli,5085,2024-05-22 08:55:56+00:00,2024-05-27 13:42:27+00:00,2024-05-28 21:45:54+00:00,32.0575
docker/cli,5084,2024-05-21 11:53:32+00:00,2024-05-21 12:58:28+00:00,2024-05-21 14:26:12+00:00,1.4622222222222223
docker/cli,5083,2024-05-20 15:59:07+00:00,2024-05-27 15:53:31+00:00,2024-05-31 20:08:59+00:00,100.25777777777778
docker/cli,5082,2024-05-19 10:29:33+00:00,,2024-05-25 19:40:29+00:00,
docker/cli,5081,2024-05-18 12:56:01+00:00,2024-06-11 06:44:12+00:00,2024-06-15 18:51:30+00:00,108.12166666666667
docker/cli,5080,2024-05-17 12:35:08+00:00,2024-05-17 12:57:31+00:00,2024-05-20 09:57:27+00:00,68.99888888888889
docker/cli,5079,2024-05-17 09:41:46+00:00,2024-05-17 12:51:26+00:00,2024-05-17 13:22:49+00:00,0.5230555555555556
docker/cli,5078,2024-05-17 09:02:51+00:00,2024-05-17 09:19:41+00:00,2024-05-20 15:57:52+00:00,78.63638888888889
docker/cli,5077,2024-05-16 15:49:52+00:00,2024-05-17 09:10:58+00:00,2024-05-22 12:39:50+00:00,123.4811111111111
docker/cli,5076,2024-05-16 11:02:57+00:00,2024-05-16 11:05:10+00:00,2024-05-16 11:57:35+00:00,0.8736111111111111
docker/cli,5074,2024-05-15 12:50:53+00:00,2024-05-15 12:54:53+00:00,2024-05-15 12:57:01+00:00,0.035555555555555556
docker/cli,5073,2024-05-15 11:02:56+00:00,2024-05-16 07:46:34+00:00,2024-05-16 07:47:24+00:00,0.013888888888888888
docker/cli,5071,2024-05-15 01:01:26+00:00,2024-05-15 09:20:45+00:00,2024-05-15 09:24:12+00:00,0.0575
docker/cli,5070,2024-05-14 15:34:59+00:00,2024-05-14 15:36:11+00:00,2024-05-14 15:52:23+00:00,0.27
docker/cli,5068,2024-05-13 17:01:58+00:00,2024-05-13 17:03:08+00:00,2024-05-13 18:48:38+00:00,1.7583333333333333
docker/cli,5067,2024-05-13 12:01:11+00:00,2024-05-13 13:05:08+00:00,2024-05-14 15:28:55+00:00,26.39638888888889
docker/cli,5066,2024-05-08 09:05:55+00:00,2024-05-08 09:30:08+00:00,2024-05-08 09:31:07+00:00,0.01638888888888889
docker/cli,5065,2024-05-08 07:52:33+00:00,2024-05-08 09:29:44+00:00,2024-05-08 09:30:55+00:00,0.01972222222222222
docker/cli,5064,2024-05-08 07:51:42+00:00,2024-05-08 09:29:12+00:00,2024-05-08 09:30:46+00:00,0.026111111111111113
docker/cli,5062,2024-05-07 11:06:56+00:00,2024-05-07 11:34:55+00:00,2024-05-07 11:35:09+00:00,0.0038888888888888888
docker/cli,5060,2024-05-05 22:21:34+00:00,2024-05-06 11:22:46+00:00,2024-05-07 10:51:30+00:00,23.47888888888889
docker/cli,5059,2024-05-05 20:05:02+00:00,,,
docker/cli,5056,2024-05-04 05:32:34+00:00,,,
docker/cli,5055,2024-05-03 20:50:25+00:00,2024-05-06 10:17:00+00:00,,
docker/cli,5054,2024-05-03 16:34:16+00:00,2024-05-06 06:43:09+00:00,2024-05-08 10:39:06+00:00,51.9325
docker/cli,5052,2024-05-02 12:53:18+00:00,,2024-05-24 13:48:56+00:00,
docker/cli,5051,2024-05-02 02:24:59+00:00,2024-05-07 10:33:57+00:00,2024-05-15 00:59:20+00:00,182.42305555555555
docker/cli,5049,2024-04-30 17:58:20+00:00,2024-04-30 23:17:00+00:00,2024-05-01 07:35:47+00:00,8.313055555555556
docker/cli,5048,2024-04-30 13:23:21+00:00,,,
docker/cli,5047,2024-04-30 11:03:32+00:00,2024-04-30 11:10:49+00:00,2024-04-30 11:40:04+00:00,0.4875
docker/cli,5046,2024-04-30 10:11:46+00:00,2024-05-14 13:49:37+00:00,,
docker/cli,5045,2024-04-30 09:56:23+00:00,2024-04-30 11:11:30+00:00,2024-04-30 11:12:54+00:00,0.023333333333333334
docker/cli,5044,2024-04-29 15:00:37+00:00,2024-04-29 15:32:52+00:00,2024-04-29 15:46:55+00:00,0.23416666666666666
docker/cli,5043,2024-04-29 14:50:37+00:00,2024-04-29 14:59:12+00:00,2024-04-29 15:32:06+00:00,0.5483333333333333
docker/cli,5041,2024-04-29 07:23:30+00:00,2024-05-14 07:58:54+00:00,2024-10-09 07:12:35+00:00,3551.2280555555553
docker/cli,5040,2024-04-26 18:29:42+00:00,2024-05-15 17:20:14+00:00,2024-06-11 20:01:51+00:00,650.6936111111111
docker/cli,5039,2024-04-26 11:23:06+00:00,2024-04-26 16:38:20+00:00,2024-04-29 12:57:48+00:00,68.32444444444444
docker/cli,5038,2024-04-25 17:28:55+00:00,2024-04-29 11:02:11+00:00,2024-04-29 12:23:32+00:00,1.3558333333333332
docker/cli,5036,2024-04-23 21:38:55+00:00,2024-04-24 08:30:10+00:00,,
docker/cli,5035,2024-04-23 08:46:50+00:00,2024-04-23 09:13:24+00:00,2024-04-23 14:32:47+00:00,5.323055555555555
docker/cli,5034,2024-04-22 16:54:22+00:00,2024-04-22 17:00:03+00:00,2024-04-22 17:00:04+00:00,0.0002777777777777778
docker/cli,5033,2024-04-22 16:18:31+00:00,2024-04-22 16:45:29+00:00,2024-04-22 16:49:19+00:00,0.06388888888888888
docker/cli,5031,2024-04-19 13:04:53+00:00,2024-04-19 13:05:35+00:00,2024-04-19 13:06:46+00:00,0.01972222222222222
docker/cli,5030,2024-04-19 11:57:53+00:00,2024-04-19 12:02:14+00:00,2024-04-22 15:22:08+00:00,75.33166666666666
docker/cli,5029,2024-04-19 04:26:31+00:00,2024-05-14 07:52:48+00:00,2024-05-17 08:11:20+00:00,72.30888888888889
docker/cli,5028,2024-04-18 15:57:16+00:00,2024-04-18 15:58:47+00:00,2024-04-18 16:05:06+00:00,0.10527777777777778
docker/cli,5027,2024-04-17 16:13:17+00:00,2024-04-17 16:19:39+00:00,2024-04-18 09:19:42+00:00,17.000833333333333
docker/cli,5026,2024-04-17 15:55:19+00:00,2024-04-18 07:46:56+00:00,2024-05-02 08:28:47+00:00,336.6975
docker/cli,5025,2024-04-17 14:36:08+00:00,2024-04-17 14:44:15+00:00,2024-04-17 16:05:44+00:00,1.3580555555555556
docker/cli,5024,2024-04-17 14:31:53+00:00,2024-04-17 14:53:48+00:00,2024-04-18 00:05:52+00:00,9.20111111111111
docker/cli,5021,2024-04-15 22:06:52+00:00,2024-04-16 08:52:22+00:00,2024-05-17 13:06:45+00:00,748.2397222222222
docker/cli,5019,2024-04-15 10:51:55+00:00,2024-04-15 12:03:09+00:00,2024-04-15 12:55:33+00:00,0.8733333333333333
docker/cli,5018,2024-04-15 09:56:48+00:00,2024-04-18 11:05:49+00:00,2024-05-16 13:02:40+00:00,673.9475
docker/cli,5010,2024-04-12 09:56:17+00:00,2024-04-12 17:47:32+00:00,2024-07-05 13:19:26+00:00,2011.5316666666668
docker/cli,5008,2024-04-11 10:22:51+00:00,,2024-06-25 16:39:34+00:00,
docker/cli,5007,2024-04-11 09:55:56+00:00,2024-04-11 10:44:47+00:00,2024-04-11 10:45:30+00:00,0.011944444444444445
docker/cli,5006,2024-04-11 09:36:17+00:00,2024-04-11 09:56:29+00:00,2024-04-11 10:01:10+00:00,0.07805555555555556
docker/cli,5005,2024-04-10 16:50:47+00:00,2024-04-10 16:54:01+00:00,2024-04-11 09:35:27+00:00,16.690555555555555
docker/cli,5004,2024-04-10 15:07:58+00:00,,2024-04-10 15:20:16+00:00,
docker/cli,5003,2024-04-10 13:41:44+00:00,2024-04-10 13:50:32+00:00,2024-04-10 15:37:31+00:00,1.7830555555555556
docker/cli,5002,2024-04-10 12:29:18+00:00,2024-07-02 15:58:14+00:00,2024-07-04 07:06:57+00:00,39.14527777777778
docker/cli,4999,2024-04-10 07:43:14+00:00,2024-04-10 09:38:38+00:00,2024-04-10 09:41:52+00:00,0.05388888888888889
docker/cli,4998,2024-04-09 12:55:31+00:00,2024-04-09 14:09:22+00:00,2024-04-09 14:24:15+00:00,0.24805555555555556
docker/cli,4997,2024-04-09 10:59:51+00:00,2024-04-09 13:32:12+00:00,2024-05-13 16:54:43+00:00,819.3752777777778
docker/cli,4996,2024-04-08 12:43:39+00:00,2024-04-08 12:49:14+00:00,2024-05-21 12:25:30+00:00,1031.6044444444444
docker/cli,4995,2024-04-08 11:17:24+00:00,,2024-04-11 10:19:08+00:00,
docker/cli,4994,2024-04-08 08:37:46+00:00,2024-04-08 12:39:30+00:00,2024-05-29 09:03:28+00:00,1220.3994444444445
docker/cli,4993,2024-04-08 08:16:46+00:00,2024-04-09 14:04:10+00:00,2024-06-10 11:44:24+00:00,1485.6705555555557
docker/cli,4989,2024-04-05 14:00:04+00:00,2024-04-10 13:10:13+00:00,2024-04-12 12:53:35+00:00,47.72277777777778
docker/cli,4988,2024-04-05 10:45:51+00:00,2024-04-05 14:36:36+00:00,2024-04-05 14:48:30+00:00,0.19833333333333333
docker/cli,4987,2024-04-05 10:44:29+00:00,2024-04-05 14:36:06+00:00,2024-04-05 14:48:43+00:00,0.21027777777777779
docker/cli,4986,2024-04-05 10:42:52+00:00,2024-04-05 14:35:36+00:00,2024-04-05 14:35:47+00:00,0.0030555555555555557
docker/cli,4985,2024-04-04 18:16:38+00:00,2024-04-04 18:17:32+00:00,2024-04-05 09:21:52+00:00,15.072222222222223
docker/cli,4984,2024-04-04 15:16:39+00:00,2024-04-08 16:51:16+00:00,2024-06-11 15:23:28+00:00,1534.5366666666666
docker/cli,4983,2024-04-04 15:02:55+00:00,2024-04-04 18:38:32+00:00,,
docker/cli,4982,2024-04-04 14:29:36+00:00,2024-04-05 12:14:17+00:00,2024-08-16 13:27:15+00:00,3193.2161111111113
docker/cli,4981,2024-04-04 13:32:11+00:00,2024-04-19 16:01:07+00:00,2024-04-19 17:24:56+00:00,1.3969444444444445
docker/cli,4978,2024-04-02 10:18:11+00:00,2024-04-02 10:18:42+00:00,2024-04-04 12:09:48+00:00,49.85166666666667
docker/cli,4975,2024-04-01 14:53:47+00:00,2024-04-02 08:23:12+00:00,2024-04-04 02:56:41+00:00,42.558055555555555
docker/cli,4973,2024-03-28 19:00:49+00:00,2024-03-28 19:22:33+00:00,2024-04-01 15:08:16+00:00,91.76194444444444
docker/cli,4972,2024-03-28 08:39:50+00:00,2024-03-28 20:25:46+00:00,2024-03-28 20:25:54+00:00,0.0022222222222222222
docker/cli,4967,2024-03-26 16:58:42+00:00,2024-03-26 19:57:13+00:00,2024-04-19 11:42:15+00:00,567.7505555555556
docker/cli,4966,2024-03-26 12:42:23+00:00,2024-03-26 12:57:01+00:00,2025-05-22 06:38:06+00:00,10121.684722222222
docker/cli,4965,2024-03-25 12:16:16+00:00,2024-03-25 12:30:44+00:00,,
docker/cli,4963,2024-03-22 14:59:59+00:00,2024-03-22 15:18:49+00:00,2024-03-22 16:19:25+00:00,1.01
docker/cli,4962,2024-03-22 10:44:42+00:00,2024-03-22 15:40:07+00:00,2024-03-22 16:14:55+00:00,0.58
docker/cli,4961,2024-03-22 10:43:18+00:00,2024-03-22 15:39:51+00:00,2024-03-22 16:15:02+00:00,0.5863888888888888
docker/cli,4960,2024-03-22 04:42:14+00:00,2024-03-22 08:24:37+00:00,2024-03-22 14:54:26+00:00,6.496944444444445
docker/cli,4957,2024-03-21 09:55:48+00:00,2024-03-21 11:07:37+00:00,2024-03-26 13:03:02+00:00,121.92361111111111
docker/cli,4956,2024-03-20 13:53:28+00:00,2024-03-20 15:08:46+00:00,2024-03-20 15:08:50+00:00,0.0011111111111111111
docker/cli,4951,2024-03-19 14:45:06+00:00,2024-03-19 14:46:51+00:00,2024-03-19 14:51:11+00:00,0.07222222222222222
docker/cli,4950,2024-03-19 12:55:47+00:00,2024-03-19 13:35:41+00:00,2024-03-19 13:40:12+00:00,0.07527777777777778
docker/cli,4949,2024-03-18 09:48:34+00:00,2024-03-18 09:49:35+00:00,2024-03-20 15:05:02+00:00,53.2575
docker/cli,4947,2024-03-17 13:16:03+00:00,2024-03-17 14:30:58+00:00,2024-03-18 11:07:08+00:00,20.602777777777778
docker/cli,4946,2024-03-17 12:49:14+00:00,2024-03-18 11:15:28+00:00,2024-03-18 11:24:27+00:00,0.14972222222222223
docker/cli,4945,2024-03-16 15:45:17+00:00,2024-03-18 11:15:13+00:00,2024-03-18 11:29:42+00:00,0.24138888888888888
docker/cli,4944,2024-03-16 15:36:22+00:00,2024-03-16 15:41:08+00:00,2024-03-19 10:00:32+00:00,66.32333333333334
docker/cli,4943,2024-03-15 16:00:16+00:00,2024-03-15 16:29:36+00:00,2024-03-16 14:30:43+00:00,22.01861111111111
docker/cli,4940,2024-03-13 14:40:04+00:00,2024-03-13 16:28:39+00:00,2024-03-28 17:21:00+00:00,360.8725
docker/cli,4939,2024-03-12 11:51:55+00:00,2024-03-14 15:44:45+00:00,2024-04-02 17:09:12+00:00,457.4075
docker/cli,4938,2024-03-11 16:32:11+00:00,2024-03-12 10:25:51+00:00,2024-03-14 11:20:17+00:00,48.907222222222224
docker/cli,4937,2024-03-11 13:25:07+00:00,2024-03-12 13:56:37+00:00,2024-03-12 15:19:19+00:00,1.3783333333333334
docker/cli,4936,2024-03-11 11:32:19+00:00,2024-03-11 12:01:12+00:00,2024-03-11 13:21:19+00:00,1.3352777777777778
docker/cli,4934,2024-03-11 10:36:07+00:00,2024-03-11 11:53:05+00:00,2024-03-11 11:59:47+00:00,0.11166666666666666
docker/cli,4933,2024-03-11 06:03:34+00:00,2024-03-25 08:53:01+00:00,2024-03-25 11:04:11+00:00,2.186111111111111
docker/cli,4931,2024-03-08 17:18:01+00:00,2024-03-11 07:37:01+00:00,2024-03-11 11:41:29+00:00,4.0744444444444445
docker/cli,4930,2024-03-08 16:10:53+00:00,2024-03-11 11:39:08+00:00,2024-03-11 11:39:14+00:00,0.0016666666666666668
docker/cli,4929,2024-03-08 15:19:57+00:00,2024-03-09 00:59:27+00:00,2024-03-20 15:10:03+00:00,278.1766666666667
docker/cli,4928,2024-03-08 13:52:32+00:00,2024-03-08 14:34:30+00:00,2024-03-14 11:29:42+00:00,140.92
docker/cli,4926,2024-03-07 17:59:41+00:00,2024-03-07 18:34:59+00:00,2024-03-07 18:35:09+00:00,0.002777777777777778
docker/cli,4925,2024-03-07 16:01:28+00:00,2024-03-08 08:47:43+00:00,2024-04-26 08:06:48+00:00,1175.3180555555555
docker/cli,4924,2024-03-06 15:48:43+00:00,2024-03-06 16:08:29+00:00,2024-03-06 16:08:42+00:00,0.003611111111111111
docker/cli,4923,2024-03-06 15:46:51+00:00,2024-03-06 15:47:41+00:00,2024-03-06 16:08:20+00:00,0.3441666666666667
docker/cli,4921,2024-03-06 11:19:30+00:00,2024-03-06 14:32:51+00:00,2024-03-06 14:33:35+00:00,0.012222222222222223
docker/cli,4920,2024-03-05 21:17:14+00:00,2024-03-05 21:25:16+00:00,2024-03-05 21:25:25+00:00,0.0025
docker/cli,4919,2024-03-05 21:09:45+00:00,2024-03-05 21:24:18+00:00,2024-03-05 21:24:46+00:00,0.0077777777777777776
docker/cli,4918,2024-03-05 21:09:07+00:00,2024-03-05 21:23:24+00:00,2024-03-05 21:24:30+00:00,0.018333333333333333
docker/cli,4916,2024-03-05 14:08:35+00:00,2024-03-05 14:31:41+00:00,2024-03-14 12:20:39+00:00,213.8161111111111
docker/cli,4915,2024-03-04 11:34:44+00:00,2024-03-05 08:48:05+00:00,2024-03-05 12:01:56+00:00,3.2308333333333334
docker/cli,4914,2024-03-04 11:32:42+00:00,2024-03-04 11:50:18+00:00,2024-03-04 11:50:24+00:00,0.0016666666666666668
docker/cli,4913,2024-03-04 11:24:00+00:00,2024-03-04 11:49:44+00:00,2024-03-04 11:49:50+00:00,0.0016666666666666668
docker/cli,4912,2024-03-04 11:16:03+00:00,2024-03-04 11:20:22+00:00,2024-03-04 11:20:29+00:00,0.0019444444444444444
docker/cli,4911,2024-03-04 11:13:31+00:00,2024-03-04 11:19:46+00:00,2024-03-04 11:19:52+00:00,0.0016666666666666668
docker/cli,4910,2024-03-04 11:02:15+00:00,2024-03-04 11:18:49+00:00,2024-03-04 11:19:05+00:00,0.0044444444444444444
docker/cli,4909,2024-03-04 10:36:31+00:00,2024-03-04 10:55:36+00:00,2024-03-04 10:55:42+00:00,0.0016666666666666668
docker/cli,4908,2024-03-04 10:32:22+00:00,2024-03-04 11:42:19+00:00,2024-03-05 16:13:10+00:00,28.514166666666668
docker/cli,4906,2024-03-01 15:27:32+00:00,2024-03-01 17:08:17+00:00,2024-03-01 17:33:58+00:00,0.4280555555555556
docker/cli,4905,2024-02-29 21:36:23+00:00,2024-02-29 22:06:18+00:00,2024-03-22 03:52:30+00:00,509.77
docker/cli,4904,2024-02-29 13:33:49+00:00,,2024-03-01 15:29:19+00:00,
docker/cli,4903,2024-02-29 12:18:20+00:00,2025-03-19 12:17:08+00:00,2025-03-21 17:49:27+00:00,53.53861111111111
docker/cli,4901,2024-02-29 10:00:21+00:00,2024-02-29 10:34:03+00:00,2024-02-29 13:53:02+00:00,3.316388888888889
docker/cli,4897,2024-02-26 16:55:48+00:00,2024-02-26 17:20:09+00:00,2024-02-26 18:24:28+00:00,1.0719444444444444
docker/cli,4896,2024-02-26 14:33:35+00:00,2024-02-28 16:09:27+00:00,2024-02-29 14:32:20+00:00,22.38138888888889
docker/cli,4894,2024-02-22 17:11:54+00:00,2024-02-22 17:37:20+00:00,2024-02-22 22:20:49+00:00,4.724722222222222
docker/cli,4893,2024-02-22 16:01:47+00:00,2024-02-23 15:27:28+00:00,2024-03-18 11:14:11+00:00,571.7786111111111
docker/cli,4892,2024-02-22 11:16:53+00:00,2024-02-22 11:43:52+00:00,,
docker/cli,4891,2024-02-21 20:30:48+00:00,2024-03-11 10:57:39+00:00,2024-03-21 15:05:28+00:00,244.1302777777778
docker/cli,4889,2024-02-21 15:50:55+00:00,2024-03-04 12:25:39+00:00,2024-03-25 16:47:06+00:00,508.3575
docker/cli,4888,2024-02-21 15:47:33+00:00,2024-02-22 13:29:13+00:00,2024-03-04 14:56:38+00:00,265.45694444444445
docker/cli,4887,2024-02-21 11:29:50+00:00,2024-02-21 14:33:15+00:00,2024-02-28 17:00:18+00:00,170.45083333333332
docker/cli,4886,2024-02-21 11:09:28+00:00,,2024-02-21 11:11:19+00:00,
docker/cli,4885,2024-02-21 10:35:30+00:00,2024-02-21 10:36:43+00:00,2024-02-21 10:58:13+00:00,0.35833333333333334
docker/cli,4884,2024-02-21 08:52:59+00:00,2024-02-21 08:56:35+00:00,2024-02-21 10:33:23+00:00,1.6133333333333333
docker/cli,4883,2024-02-21 08:23:52+00:00,2024-02-21 08:32:10+00:00,2024-02-21 08:32:16+00:00,0.0016666666666666668
docker/cli,4881,2024-02-19 13:15:06+00:00,2024-02-19 13:52:37+00:00,2024-02-19 14:18:52+00:00,0.4375
docker/cli,4879,2024-02-16 10:21:15+00:00,2024-02-16 17:19:56+00:00,2024-02-16 17:27:24+00:00,0.12444444444444444
docker/cli,4878,2024-02-15 10:12:39+00:00,2024-02-15 11:24:17+00:00,2024-03-04 10:20:30+00:00,430.93694444444446
docker/cli,4876,2024-02-14 05:25:39+00:00,2024-02-19 10:50:20+00:00,2024-02-19 10:50:49+00:00,0.008055555555555555
docker/cli,4875,2024-02-13 21:53:55+00:00,2024-02-15 22:55:33+00:00,2024-02-28 21:02:22+00:00,310.1136111111111
docker/cli,4873,2024-02-12 15:30:42+00:00,2024-02-12 15:40:39+00:00,2024-02-13 12:50:35+00:00,21.165555555555557
docker/cli,4872,2024-02-12 12:31:25+00:00,2024-02-13 12:56:10+00:00,2024-02-14 09:33:46+00:00,20.626666666666665
docker/cli,4869,2024-02-10 13:01:36+00:00,2024-02-12 04:08:11+00:00,2024-02-12 06:46:14+00:00,2.6341666666666668
docker/cli,4868,2024-02-10 12:56:37+00:00,2024-02-12 04:30:02+00:00,2024-02-12 08:36:04+00:00,4.100555555555555
docker/cli,4867,2024-02-09 13:58:40+00:00,2024-02-12 11:59:56+00:00,2024-02-12 13:40:22+00:00,1.673888888888889
docker/cli,4866,2024-02-09 12:44:16+00:00,2024-02-09 14:48:44+00:00,2024-02-21 08:18:53+00:00,281.5025
docker/cli,4863,2024-02-08 17:06:48+00:00,2024-03-25 09:08:01+00:00,,
docker/cli,4862,2024-02-08 14:25:22+00:00,2024-02-08 15:20:36+00:00,2024-02-12 12:53:34+00:00,93.54944444444445
docker/cli,4860,2024-02-07 16:57:34+00:00,2024-02-07 17:29:31+00:00,2024-02-08 16:08:47+00:00,22.654444444444444
docker/cli,4858,2024-02-07 01:21:43+00:00,2024-02-07 09:16:38+00:00,2024-02-07 09:47:40+00:00,0.5172222222222222
docker/cli,4857,2024-02-06 20:36:01+00:00,2024-02-06 20:41:06+00:00,2024-02-06 20:42:40+00:00,0.026111111111111113
docker/cli,4856,2024-02-06 20:33:36+00:00,2024-02-06 20:40:57+00:00,2024-02-06 20:42:20+00:00,0.023055555555555555
docker/cli,4855,2024-02-06 17:22:04+00:00,,2024-02-07 01:22:08+00:00,
docker/cli,4854,2024-02-06 10:48:52+00:00,2024-02-06 10:51:21+00:00,2024-02-06 18:45:51+00:00,7.908333333333333
docker/cli,4853,2024-02-05 14:38:23+00:00,,2024-02-05 15:25:10+00:00,
docker/cli,4849,2024-02-03 17:11:22+00:00,2024-02-04 17:41:48+00:00,2024-02-05 15:25:52+00:00,21.734444444444446
docker/cli,4848,2024-02-03 10:56:43+00:00,2024-02-07 09:17:59+00:00,2024-02-07 09:47:03+00:00,0.48444444444444446
docker/cli,4845,2024-02-02 13:18:28+00:00,2024-02-03 17:43:09+00:00,,
docker/cli,4843,2024-02-01 08:57:33+00:00,2024-02-01 14:47:07+00:00,2024-02-01 14:47:14+00:00,0.0019444444444444444
docker/cli,4841,2024-02-01 03:14:52+00:00,2024-02-01 15:30:45+00:00,2024-02-01 15:32:18+00:00,0.025833333333333333
docker/cli,4840,2024-01-31 20:32:13+00:00,2024-01-31 20:35:31+00:00,2024-01-31 20:53:14+00:00,0.29527777777777775
docker/cli,4839,2024-01-31 18:36:30+00:00,2024-02-01 10:33:38+00:00,2024-02-15 13:09:43+00:00,338.6013888888889
docker/cli,4838,2024-01-31 14:50:08+00:00,2024-01-31 19:06:28+00:00,2024-01-31 20:07:26+00:00,1.0161111111111112
docker/cli,4837,2024-01-31 12:09:45+00:00,2024-02-01 03:15:36+00:00,2024-02-01 03:15:42+00:00,0.0016666666666666668
docker/cli,4836,2024-01-30 16:30:12+00:00,2024-01-30 16:35:50+00:00,2024-01-30 16:46:04+00:00,0.17055555555555554
docker/cli,4835,2024-01-30 14:50:05+00:00,2024-02-07 09:43:43+00:00,2024-02-07 09:47:21+00:00,0.06055555555555556
docker/cli,4834,2024-01-29 10:17:40+00:00,2024-01-29 10:32:00+00:00,2024-01-29 11:26:09+00:00,0.9025
docker/cli,4832,2024-01-26 12:47:08+00:00,2024-01-26 15:21:13+00:00,2024-01-26 15:45:59+00:00,0.4127777777777778
docker/cli,4831,2024-01-26 10:07:38+00:00,2024-01-26 15:18:04+00:00,2024-01-26 15:19:38+00:00,0.026111111111111113
docker/cli,4829,2024-01-25 13:36:20+00:00,2024-01-25 14:17:53+00:00,2024-01-25 14:19:29+00:00,0.02666666666666667
docker/cli,4828,2024-01-25 13:03:19+00:00,2024-01-29 12:19:24+00:00,2024-01-29 13:46:25+00:00,1.4502777777777778
docker/cli,4827,2024-01-25 09:53:38+00:00,2024-01-25 10:16:17+00:00,2024-01-25 10:40:57+00:00,0.4111111111111111
docker/cli,4826,2024-01-24 15:10:44+00:00,2024-01-24 15:37:08+00:00,2024-01-24 15:52:20+00:00,0.25333333333333335
docker/cli,4825,2024-01-24 15:10:38+00:00,2024-01-25 10:16:01+00:00,2024-01-25 10:40:42+00:00,0.4113888888888889
docker/cli,4824,2024-01-24 14:47:33+00:00,2024-01-24 15:36:13+00:00,2024-01-24 15:52:01+00:00,0.2633333333333333
docker/cli,4823,2024-01-24 14:47:25+00:00,2024-01-24 15:36:03+00:00,2024-01-24 15:52:38+00:00,0.2763888888888889
docker/cli,4822,2024-01-24 14:16:38+00:00,,2024-01-24 14:24:48+00:00,
docker/cli,4821,2024-01-24 13:32:58+00:00,2024-01-24 14:05:44+00:00,2024-01-24 14:06:06+00:00,0.006111111111111111
docker/cli,4820,2024-01-23 19:22:29+00:00,2024-01-24 13:56:59+00:00,2024-01-24 13:57:12+00:00,0.003611111111111111
docker/cli,4819,2024-01-23 15:06:04+00:00,2024-01-23 15:11:04+00:00,2024-01-23 15:11:10+00:00,0.0016666666666666668
docker/cli,4818,2024-01-23 13:13:05+00:00,2024-01-23 14:43:41+00:00,2024-01-23 14:55:03+00:00,0.18944444444444444
docker/cli,4815,2024-01-23 09:35:04+00:00,2024-01-23 10:02:10+00:00,2024-01-23 10:04:43+00:00,0.0425
docker/cli,4814,2024-01-23 09:33:36+00:00,2024-01-23 10:02:18+00:00,2024-01-23 10:04:32+00:00,0.03722222222222222
docker/cli,4811,2024-01-20 20:50:12+00:00,2024-01-23 12:21:38+00:00,2024-01-23 17:22:04+00:00,5.0072222222222225
docker/cli,4810,2024-01-20 20:41:44+00:00,2024-01-23 12:19:51+00:00,2024-01-23 17:22:28+00:00,5.043611111111111
docker/cli,4809,2024-01-20 20:25:04+00:00,2024-01-24 11:30:40+00:00,2024-01-24 11:36:19+00:00,0.09416666666666666
docker/cli,4808,2024-01-20 19:47:27+00:00,2024-01-23 12:14:08+00:00,2024-01-23 17:22:58+00:00,5.147222222222222
docker/cli,4806,2024-01-20 13:05:40+00:00,2024-01-22 11:21:48+00:00,2024-01-22 13:10:02+00:00,1.8038888888888889
docker/cli,4805,2024-01-20 01:12:21+00:00,2024-01-20 12:44:37+00:00,2024-01-20 12:44:45+00:00,0.0022222222222222222
docker/cli,4804,2024-01-19 14:11:22+00:00,2024-01-19 14:18:47+00:00,2024-01-19 14:18:55+00:00,0.0022222222222222222
docker/cli,4803,2024-01-19 14:08:31+00:00,2024-01-19 14:22:29+00:00,2024-01-19 14:31:35+00:00,0.15166666666666667
docker/cli,4802,2024-01-19 14:05:29+00:00,2024-01-19 14:20:08+00:00,2024-01-19 14:31:23+00:00,0.1875
docker/cli,4801,2024-01-19 13:58:51+00:00,2024-01-19 13:59:54+00:00,2024-01-19 14:05:59+00:00,0.10138888888888889
docker/cli,4800,2024-01-19 13:07:55+00:00,2024-01-19 13:10:50+00:00,2024-01-19 14:06:33+00:00,0.9286111111111112
docker/cli,4799,2024-01-18 12:26:00+00:00,2024-01-18 12:37:14+00:00,2024-01-19 13:15:01+00:00,24.629722222222224
docker/cli,4798,2024-01-18 06:17:23+00:00,,2024-01-18 10:06:28+00:00,
docker/cli,4797,2024-01-16 19:20:18+00:00,2024-01-16 19:33:56+00:00,2024-01-16 19:34:03+00:00,0.0019444444444444444
docker/cli,4796,2024-01-16 15:33:19+00:00,2024-01-16 15:39:00+00:00,2024-01-16 18:42:14+00:00,3.053888888888889
docker/cli,4795,2024-01-16 12:07:51+00:00,2024-01-18 09:29:22+00:00,2024-01-18 09:33:39+00:00,0.07138888888888889
docker/cli,4794,2024-01-15 14:24:26+00:00,2024-01-15 14:31:12+00:00,2024-01-15 14:31:39+00:00,0.0075
docker/cli,4793,2024-01-15 14:04:01+00:00,,2024-02-15 13:09:44+00:00,
docker/cli,4792,2024-01-15 13:24:52+00:00,2024-01-15 13:43:55+00:00,2024-01-16 17:28:38+00:00,27.745277777777776
docker/cli,4791,2024-01-15 11:04:04+00:00,2024-01-15 12:11:02+00:00,2024-01-15 12:11:14+00:00,0.0033333333333333335
docker/cli,4790,2024-01-15 11:02:53+00:00,2024-01-15 11:26:16+00:00,2024-01-15 11:40:06+00:00,0.23055555555555557
docker/cli,4785,2024-01-12 21:43:11+00:00,2024-01-12 21:46:25+00:00,2024-01-12 21:46:31+00:00,0.0016666666666666668
docker/cli,4784,2024-01-12 18:31:59+00:00,2024-01-12 20:09:37+00:00,2024-01-12 20:14:36+00:00,0.08305555555555555
docker/cli,4783,2024-01-12 16:26:04+00:00,2024-01-12 18:44:24+00:00,2024-01-12 20:40:07+00:00,1.928611111111111
docker/cli,4782,2024-01-12 13:41:32+00:00,2024-01-12 14:27:04+00:00,2024-01-12 14:29:34+00:00,0.041666666666666664
docker/cli,4781,2024-01-12 13:23:49+00:00,2024-01-12 17:32:19+00:00,2024-01-12 17:32:48+00:00,0.008055555555555555
docker/cli,4778,2024-01-11 21:32:27+00:00,2024-01-11 21:49:33+00:00,2024-01-11 21:50:48+00:00,0.020833333333333332
docker/cli,4777,2024-01-11 21:30:43+00:00,2024-01-11 21:49:25+00:00,2024-01-11 21:50:31+00:00,0.018333333333333333
docker/cli,4776,2024-01-11 21:27:59+00:00,2024-01-11 21:49:08+00:00,2024-01-11 21:50:12+00:00,0.017777777777777778
docker/cli,4775,2024-01-11 21:22:24+00:00,2024-01-11 21:48:57+00:00,2024-01-11 21:49:49+00:00,0.014444444444444444
docker/cli,4774,2024-01-11 21:09:15+00:00,2024-02-22 08:48:01+00:00,2024-04-25 14:37:15+00:00,1517.8205555555555
docker/cli,4773,2024-01-11 12:58:47+00:00,2024-01-11 13:11:43+00:00,2024-01-11 14:31:57+00:00,1.3372222222222223
docker/cli,4772,2024-01-10 21:36:16+00:00,2024-01-10 21:58:54+00:00,2024-01-10 22:00:54+00:00,0.03333333333333333
docker/cli,4771,2024-01-10 17:46:37+00:00,2024-01-15 09:54:15+00:00,2024-01-15 10:03:41+00:00,0.15722222222222224
docker/cli,4769,2024-01-10 13:51:44+00:00,2024-01-11 13:03:26+00:00,2024-01-12 21:06:23+00:00,32.049166666666665
docker/cli,4768,2024-01-10 13:22:23+00:00,2024-01-10 14:09:53+00:00,2024-01-10 14:10:39+00:00,0.012777777777777779
docker/cli,4767,2024-01-10 09:39:44+00:00,2024-01-10 10:03:08+00:00,2024-01-17 13:28:58+00:00,171.43055555555554
docker/cli,4766,2024-01-10 08:44:37+00:00,2024-01-10 16:47:41+00:00,2024-01-10 16:59:42+00:00,0.20027777777777778
docker/cli,4765,2024-01-09 14:43:17+00:00,2024-03-11 10:36:11+00:00,,
docker/cli,4764,2024-01-09 05:13:55+00:00,2024-01-09 09:30:46+00:00,2025-01-04 10:30:09+00:00,8664.989722222223
docker/cli,4760,2024-01-08 13:17:14+00:00,2024-01-08 14:03:35+00:00,2024-01-08 15:59:17+00:00,1.9283333333333332
docker/cli,4759,2024-01-08 12:38:07+00:00,,,
docker/cli,4758,2024-01-08 10:04:51+00:00,2024-01-08 10:08:13+00:00,2024-01-08 11:39:50+00:00,1.5269444444444444
tektoncd/pipeline,9305,2026-01-26 15:21:14+00:00,,,
tektoncd/pipeline,9304,2026-01-26 14:55:39+00:00,,,
tektoncd/pipeline,9303,2026-01-26 14:55:15+00:00,,,
tektoncd/pipeline,9302,2026-01-26 14:55:14+00:00,,,
tektoncd/pipeline,9299,2026-01-19 20:00:06+00:00,2026-01-19 22:24:11+00:00,2026-01-19 22:31:06+00:00,0.11527777777777778
tektoncd/pipeline,9298,2026-01-19 20:00:02+00:00,2026-01-19 22:24:13+00:00,2026-01-19 22:29:07+00:00,0.08166666666666667
tektoncd/pipeline,9297,2026-01-19 19:59:52+00:00,2026-01-19 22:24:15+00:00,2026-01-19 22:27:06+00:00,0.0475
tektoncd/pipeline,9296,2026-01-19 19:59:38+00:00,2026-01-19 22:24:16+00:00,2026-01-19 22:25:07+00:00,0.014166666666666666
tektoncd/pipeline,9295,2026-01-18 03:45:48+00:00,2026-01-19 06:34:24+00:00,2026-01-21 21:17:08+00:00,62.71222222222222
tektoncd/pipeline,9294,2026-01-14 18:23:26+00:00,,,
tektoncd/pipeline,9293,2026-01-13 18:23:22+00:00,,2026-01-14 11:03:04+00:00,
tektoncd/pipeline,9291,2026-01-12 22:33:54+00:00,2026-01-13 08:16:43+00:00,2026-01-13 08:21:04+00:00,0.0725
tektoncd/pipeline,9290,2026-01-12 22:33:42+00:00,2026-01-13 08:16:41+00:00,2026-01-13 08:19:04+00:00,0.03972222222222222
tektoncd/pipeline,9289,2026-01-12 22:33:29+00:00,2026-01-13 08:16:40+00:00,,
tektoncd/pipeline,9288,2026-01-12 22:32:27+00:00,2026-01-13 08:16:44+00:00,2026-01-13 08:17:04+00:00,0.005555555555555556
tektoncd/pipeline,9286,2026-01-08 18:31:38+00:00,,2026-01-12 09:13:04+00:00,
tektoncd/pipeline,9282,2026-01-07 01:09:24+00:00,2026-01-07 09:17:28+00:00,,
tektoncd/pipeline,9281,2026-01-05 18:19:17+00:00,2026-01-07 09:09:40+00:00,2026-01-07 09:11:02+00:00,0.02277777777777778
tektoncd/pipeline,9280,2026-01-05 15:18:48+00:00,,,
tektoncd/pipeline,9279,2026-01-02 00:09:56+00:00,2026-01-05 16:46:15+00:00,2026-01-10 15:53:06+00:00,119.11416666666666
tektoncd/pipeline,9278,2026-01-01 21:17:19+00:00,2026-01-05 17:09:41+00:00,,
tektoncd/pipeline,9277,2026-01-01 19:15:54+00:00,2026-01-05 17:04:18+00:00,2026-01-10 15:52:08+00:00,118.79722222222222
tektoncd/pipeline,9271,2025-12-31 11:08:32+00:00,2026-01-08 16:04:22+00:00,2026-01-08 16:07:03+00:00,0.04472222222222222
tektoncd/pipeline,9269,2025-12-30 18:05:59+00:00,,,
tektoncd/pipeline,9268,2025-12-29 18:07:08+00:00,2026-01-05 14:15:55+00:00,2026-01-05 14:17:01+00:00,0.018333333333333333
tektoncd/pipeline,9267,2025-12-29 17:53:14+00:00,,,
tektoncd/pipeline,9266,2025-12-23 12:10:54+00:00,2025-12-23 15:45:29+00:00,2025-12-23 15:46:55+00:00,0.02388888888888889
tektoncd/pipeline,9264,2025-12-22 18:07:13+00:00,2025-12-23 09:30:19+00:00,2025-12-23 09:30:57+00:00,0.010555555555555556
tektoncd/pipeline,9263,2025-12-22 18:05:24+00:00,2025-12-23 09:30:14+00:00,2026-01-08 16:31:02+00:00,391.0133333333333
tektoncd/pipeline,9262,2025-12-22 18:05:11+00:00,2025-12-23 09:30:16+00:00,,
tektoncd/pipeline,9261,2025-12-22 18:05:01+00:00,2025-12-23 09:30:15+00:00,2026-01-08 16:39:02+00:00,391.1463888888889
tektoncd/pipeline,9260,2025-12-19 20:59:48+00:00,2025-12-19 21:00:42+00:00,,
tektoncd/pipeline,9259,2025-12-19 18:26:34+00:00,2025-12-22 14:14:59+00:00,2025-12-22 14:16:54+00:00,0.03194444444444444
tektoncd/pipeline,9258,2025-12-19 18:26:25+00:00,,2025-12-22 14:54:55+00:00,
tektoncd/pipeline,9257,2025-12-19 15:45:48+00:00,2025-12-19 15:47:13+00:00,2025-12-19 21:28:53+00:00,5.694444444444445
tektoncd/pipeline,9256,2025-12-18 18:04:20+00:00,2025-12-19 09:01:23+00:00,2025-12-19 16:30:54+00:00,7.491944444444444
tektoncd/pipeline,9255,2025-12-18 18:04:10+00:00,2025-12-19 09:01:24+00:00,,
tektoncd/pipeline,9254,2025-12-18 18:03:59+00:00,2025-12-19 09:01:26+00:00,2025-12-19 16:20:54+00:00,7.3244444444444445
tektoncd/pipeline,9253,2025-12-18 16:06:12+00:00,2026-01-07 09:01:53+00:00,2026-01-07 09:05:02+00:00,0.0525
tektoncd/pipeline,9252,2025-12-18 15:11:52+00:00,2025-12-18 15:26:07+00:00,2025-12-19 11:54:54+00:00,20.47972222222222
tektoncd/pipeline,9251,2025-12-18 15:00:40+00:00,2025-12-19 13:02:34+00:00,2025-12-19 14:22:54+00:00,1.3388888888888888
tektoncd/pipeline,9250,2025-12-18 14:59:34+00:00,2025-12-19 19:53:55+00:00,2025-12-19 19:54:54+00:00,0.01638888888888889
tektoncd/pipeline,9249,2025-12-18 11:04:34+00:00,2025-12-18 22:35:01+00:00,,
tektoncd/pipeline,9248,2025-12-18 09:12:26+00:00,2025-12-18 23:09:29+00:00,2025-12-19 11:50:54+00:00,12.690277777777778
tektoncd/pipeline,9247,2025-12-18 08:45:20+00:00,2025-12-18 09:16:04+00:00,2025-12-22 14:56:55+00:00,101.68083333333334
tektoncd/pipeline,9246,2025-12-18 08:44:44+00:00,2025-12-18 09:02:16+00:00,2025-12-19 16:24:54+00:00,31.377222222222223
tektoncd/pipeline,9245,2025-12-17 18:07:00+00:00,2025-12-18 09:16:06+00:00,2025-12-18 10:36:55+00:00,1.3469444444444445
tektoncd/pipeline,9244,2025-12-17 18:04:27+00:00,2025-12-18 09:16:03+00:00,2025-12-18 09:18:56+00:00,0.04805555555555555
tektoncd/pipeline,9242,2025-12-17 09:28:19+00:00,2025-12-17 11:17:00+00:00,2025-12-17 11:20:53+00:00,0.06472222222222222
tektoncd/pipeline,9241,2025-12-17 08:31:51+00:00,2025-12-17 08:36:08+00:00,2025-12-17 11:54:55+00:00,3.3130555555555556
tektoncd/pipeline,9240,2025-12-16 17:38:11+00:00,2025-12-17 06:28:07+00:00,2025-12-17 15:36:53+00:00,9.14611111111111
tektoncd/pipeline,9239,2025-12-16 07:42:14+00:00,2025-12-16 07:42:36+00:00,2025-12-16 16:54:53+00:00,9.204722222222221
tektoncd/pipeline,9238,2025-12-16 05:50:23+00:00,2025-12-16 05:50:38+00:00,2025-12-16 13:48:53+00:00,7.970833333333333
tektoncd/pipeline,9237,2025-12-15 22:14:09+00:00,2025-12-16 06:18:38+00:00,2025-12-16 08:31:07+00:00,2.2080555555555557
tektoncd/pipeline,9236,2025-12-15 18:15:08+00:00,2025-12-15 20:06:21+00:00,2025-12-15 20:50:53+00:00,0.7422222222222222
tektoncd/pipeline,9235,2025-12-15 18:09:38+00:00,,2025-12-16 09:10:54+00:00,
tektoncd/pipeline,9234,2025-12-15 18:09:28+00:00,2025-12-15 20:06:22+00:00,2025-12-15 20:08:53+00:00,0.041944444444444444
tektoncd/pipeline,9233,2025-12-15 18:09:09+00:00,2025-12-15 20:06:20+00:00,2025-12-15 20:06:55+00:00,0.009722222222222222
tektoncd/pipeline,9232,2025-12-15 18:09:06+00:00,2025-12-15 20:06:25+00:00,2025-12-22 15:06:56+00:00,163.00861111111112
tektoncd/pipeline,9231,2025-12-15 18:08:52+00:00,2025-12-15 20:06:23+00:00,2025-12-16 09:08:53+00:00,13.041666666666666
tektoncd/pipeline,9230,2025-12-15 14:37:46+00:00,2025-12-15 15:00:43+00:00,2025-12-16 09:34:53+00:00,18.569444444444443
tektoncd/pipeline,9229,2025-12-13 10:12:59+00:00,2025-12-16 14:53:38+00:00,2025-12-18 23:12:54+00:00,56.32111111111111
tektoncd/pipeline,9227,2025-12-11 19:30:02+00:00,2025-12-12 14:01:37+00:00,2025-12-18 23:04:53+00:00,153.05444444444444
tektoncd/pipeline,9226,2025-12-11 08:33:19+00:00,2025-12-11 09:43:16+00:00,2025-12-11 11:02:53+00:00,1.3269444444444445
tektoncd/pipeline,9225,2025-12-10 09:01:59+00:00,2025-12-10 09:11:45+00:00,2025-12-10 09:44:49+00:00,0.5511111111111111
tektoncd/pipeline,9224,2025-12-09 14:09:59+00:00,2025-12-16 16:06:45+00:00,2025-12-19 12:06:55+00:00,68.00277777777778
tektoncd/pipeline,9222,2025-12-09 10:50:27+00:00,2025-12-09 12:59:45+00:00,2025-12-09 13:00:50+00:00,0.018055555555555554
tektoncd/pipeline,9221,2025-12-09 10:37:17+00:00,2025-12-09 18:57:55+00:00,2025-12-10 09:30:50+00:00,14.54861111111111
tektoncd/pipeline,9220,2025-12-08 18:11:08+00:00,2025-12-08 20:46:39+00:00,2025-12-08 20:50:49+00:00,0.06944444444444445
tektoncd/pipeline,9219,2025-12-08 18:08:15+00:00,2025-12-08 20:46:41+00:00,2025-12-11 15:28:51+00:00,66.70277777777778
tektoncd/pipeline,9218,2025-12-08 18:08:02+00:00,2025-12-08 20:46:42+00:00,2025-12-09 09:40:50+00:00,12.902222222222223
tektoncd/pipeline,9217,2025-12-08 18:07:58+00:00,2025-12-08 20:46:44+00:00,2025-12-09 11:44:49+00:00,14.968055555555555
tektoncd/pipeline,9216,2025-12-08 18:07:54+00:00,2025-12-08 20:46:45+00:00,2025-12-08 20:48:49+00:00,0.034444444444444444
tektoncd/pipeline,9215,2025-12-08 18:07:47+00:00,2025-12-08 20:46:46+00:00,2025-12-09 09:42:49+00:00,12.934166666666666
tektoncd/pipeline,9214,2025-12-04 10:40:32+00:00,2025-12-04 10:42:41+00:00,2025-12-04 15:02:04+00:00,4.323055555555555
tektoncd/pipeline,9213,2025-12-04 08:37:36+00:00,2025-12-04 10:16:56+00:00,2025-12-19 15:44:47+00:00,365.46416666666664
tektoncd/pipeline,9212,2025-12-04 08:37:35+00:00,2025-12-04 09:04:31+00:00,2025-12-04 10:38:47+00:00,1.5711111111111111
tektoncd/pipeline,9211,2025-12-04 08:37:33+00:00,2025-12-04 10:16:59+00:00,2025-12-19 20:58:33+00:00,370.6927777777778
tektoncd/pipeline,9210,2025-12-03 20:34:34+00:00,2025-12-03 22:23:46+00:00,2025-12-04 10:44:38+00:00,12.347777777777777
tektoncd/pipeline,9209,2025-12-03 18:07:31+00:00,,,
tektoncd/pipeline,9208,2025-12-03 14:42:04+00:00,2025-12-03 15:10:32+00:00,2025-12-17 18:24:03+00:00,339.22527777777776
tektoncd/pipeline,9207,2025-12-03 13:21:34+00:00,,2026-01-07 10:09:22+00:00,
tektoncd/pipeline,9206,2025-12-03 13:11:35+00:00,,2025-12-03 13:21:08+00:00,
tektoncd/pipeline,9205,2025-12-03 11:29:18+00:00,2025-12-03 11:39:41+00:00,2025-12-03 11:51:35+00:00,0.19833333333333333
tektoncd/pipeline,9203,2025-12-03 10:51:54+00:00,,2025-12-03 13:52:21+00:00,
tektoncd/pipeline,9202,2025-12-03 10:23:47+00:00,2025-12-03 14:56:27+00:00,2025-12-23 08:54:55+00:00,473.97444444444443
tektoncd/pipeline,9200,2025-12-03 10:17:22+00:00,2025-12-03 10:18:32+00:00,2025-12-05 07:58:48+00:00,45.67111111111111
tektoncd/pipeline,9199,2025-12-03 06:49:51+00:00,,2025-12-03 08:32:21+00:00,
tektoncd/pipeline,9198,2025-12-02 20:30:24+00:00,2025-12-03 10:52:58+00:00,2025-12-03 11:16:47+00:00,0.39694444444444443
tektoncd/pipeline,9197,2025-12-02 13:42:02+00:00,2025-12-09 17:59:39+00:00,2025-12-22 16:28:55+00:00,310.48777777777775
tektoncd/pipeline,9196,2025-12-01 21:07:16+00:00,,2025-12-03 08:34:47+00:00,
tektoncd/pipeline,9195,2025-12-01 21:06:52+00:00,2025-12-03 08:32:30+00:00,2025-12-05 08:34:48+00:00,48.038333333333334
tektoncd/pipeline,9194,2025-12-01 21:06:45+00:00,,2025-12-05 08:30:48+00:00,
tektoncd/pipeline,9193,2025-12-01 20:37:34+00:00,,2025-12-08 18:11:05+00:00,
tektoncd/pipeline,9192,2025-12-01 14:18:24+00:00,2025-12-09 13:01:16+00:00,2025-12-09 13:02:49+00:00,0.025833333333333333
tektoncd/pipeline,9190,2025-12-01 10:00:01+00:00,2025-12-01 10:07:02+00:00,2025-12-16 06:23:05+00:00,356.2675
tektoncd/pipeline,9189,2025-12-01 09:18:33+00:00,2025-12-03 09:04:32+00:00,2025-12-03 10:07:25+00:00,1.0480555555555555
tektoncd/pipeline,9188,2025-11-28 13:07:40+00:00,2025-12-01 12:03:50+00:00,,
tektoncd/pipeline,9187,2025-11-28 11:31:51+00:00,2025-11-28 13:26:42+00:00,2025-12-02 15:52:47+00:00,98.43472222222222
tektoncd/pipeline,9186,2025-11-28 11:19:17+00:00,2025-12-28 18:21:19+00:00,2026-01-08 17:13:56+00:00,262.87694444444446
tektoncd/pipeline,9185,2025-11-28 10:16:59+00:00,2025-11-28 10:20:32+00:00,2025-12-01 11:08:46+00:00,72.80388888888889
tektoncd/pipeline,9184,2025-11-27 18:45:09+00:00,2025-11-27 20:30:12+00:00,2025-11-28 10:58:45+00:00,14.475833333333334
tektoncd/pipeline,9183,2025-11-26 14:49:04+00:00,2025-11-26 14:52:07+00:00,2025-12-17 12:50:53+00:00,501.9794444444444
tektoncd/pipeline,9182,2025-11-26 14:36:23+00:00,2025-11-26 14:43:14+00:00,2025-11-28 11:34:44+00:00,44.858333333333334
tektoncd/pipeline,9181,2025-11-26 14:35:14+00:00,2025-11-26 14:43:59+00:00,2025-11-26 15:50:44+00:00,1.1125
tektoncd/pipeline,9180,2025-11-26 11:59:45+00:00,,2025-11-28 10:22:44+00:00,
tektoncd/pipeline,9179,2025-11-26 11:59:34+00:00,,2025-11-28 11:38:45+00:00,
tektoncd/pipeline,9178,2025-11-26 11:59:29+00:00,,2025-12-08 18:08:02+00:00,
tektoncd/pipeline,9177,2025-11-26 11:58:05+00:00,2025-11-26 14:53:39+00:00,2025-12-18 09:16:54+00:00,522.3875
tektoncd/pipeline,9176,2025-11-26 11:00:02+00:00,,2025-11-26 11:21:23+00:00,
tektoncd/pipeline,9175,2025-11-26 10:00:50+00:00,,2025-11-26 10:25:49+00:00,
tektoncd/pipeline,9173,2025-11-25 09:09:20+00:00,2025-11-25 09:50:37+00:00,2025-11-26 11:56:44+00:00,26.101944444444445
tektoncd/pipeline,9172,2025-11-25 09:05:08+00:00,2025-11-25 11:26:58+00:00,2025-11-27 09:40:44+00:00,46.22944444444445
tektoncd/pipeline,9171,2025-11-25 06:54:30+00:00,2025-12-09 11:03:38+00:00,2026-01-07 09:13:03+00:00,694.1569444444444
tektoncd/pipeline,9170,2025-11-24 19:08:50+00:00,2025-11-25 08:48:29+00:00,2025-11-28 13:54:44+00:00,77.10416666666667
tektoncd/pipeline,9169,2025-11-24 18:36:10+00:00,2025-11-25 08:48:40+00:00,2025-11-27 19:26:44+00:00,58.63444444444445
tektoncd/pipeline,9168,2025-11-24 18:36:06+00:00,2025-11-25 08:48:27+00:00,2025-11-25 21:40:44+00:00,12.87138888888889
tektoncd/pipeline,9167,2025-11-24 18:35:59+00:00,2025-11-25 08:48:46+00:00,2025-11-25 08:50:43+00:00,0.0325
tektoncd/pipeline,9166,2025-11-24 18:35:46+00:00,2025-11-25 08:48:31+00:00,2025-11-25 21:38:44+00:00,12.836944444444445
tektoncd/pipeline,9165,2025-11-24 18:35:39+00:00,2025-11-25 08:48:30+00:00,2025-11-27 19:24:45+00:00,58.604166666666664
tektoncd/pipeline,9164,2025-11-24 15:25:03+00:00,,,
tektoncd/pipeline,9161,2025-11-21 22:49:25+00:00,2025-11-24 14:11:23+00:00,2025-11-26 11:38:44+00:00,45.45583333333333
tektoncd/pipeline,9160,2025-11-20 23:07:03+00:00,2025-11-21 08:21:07+00:00,2025-11-21 08:54:42+00:00,0.5597222222222222
tektoncd/pipeline,9158,2025-11-20 13:14:06+00:00,2025-12-01 10:12:19+00:00,2025-12-01 10:14:46+00:00,0.04083333333333333
tektoncd/pipeline,9157,2025-11-20 12:22:31+00:00,2025-11-20 14:12:28+00:00,2025-11-20 14:12:42+00:00,0.0038888888888888888
tektoncd/pipeline,9145,2025-11-18 08:25:08+00:00,,2025-11-18 11:05:41+00:00,
tektoncd/pipeline,9143,2025-11-17 19:48:11+00:00,2025-12-04 22:01:42+00:00,,
tektoncd/pipeline,9142,2025-11-15 14:12:20+00:00,2025-11-17 08:35:28+00:00,2025-11-17 12:22:33+00:00,3.7847222222222223
tektoncd/pipeline,9141,2025-11-13 11:02:07+00:00,2025-11-13 11:05:43+00:00,,
tektoncd/pipeline,9139,2025-11-12 09:56:27+00:00,2025-11-12 11:28:08+00:00,2025-11-13 11:38:31+00:00,24.173055555555557
tektoncd/pipeline,9137,2025-11-12 03:40:59+00:00,2025-11-12 10:35:02+00:00,2025-11-26 13:02:44+00:00,338.46166666666664
tektoncd/pipeline,9135,2025-11-11 07:14:34+00:00,2025-11-12 20:35:37+00:00,2025-12-03 09:02:47+00:00,492.4527777777778
tektoncd/pipeline,9134,2025-11-10 19:09:30+00:00,,2025-11-18 10:00:33+00:00,
tektoncd/pipeline,9133,2025-11-10 18:31:34+00:00,,2025-11-18 06:52:33+00:00,
tektoncd/pipeline,9132,2025-11-10 18:31:27+00:00,,2025-11-18 20:20:33+00:00,
tektoncd/pipeline,9131,2025-11-10 18:31:14+00:00,,2025-11-18 10:32:35+00:00,
tektoncd/pipeline,9130,2025-11-10 18:31:05+00:00,,2025-11-18 06:46:33+00:00,
tektoncd/pipeline,9129,2025-11-07 14:43:11+00:00,2025-11-10 21:59:05+00:00,2025-11-11 10:58:31+00:00,12.990555555555556
tektoncd/pipeline,9128,2025-11-07 01:15:16+00:00,2025-11-19 09:06:05+00:00,2025-11-21 13:32:42+00:00,52.44361111111111
tektoncd/pipeline,9127,2025-11-06 08:51:12+00:00,2025-11-06 11:45:09+00:00,2025-11-18 06:16:10+00:00,282.51694444444445
tektoncd/pipeline,9126,2025-11-05 18:14:23+00:00,2025-11-06 08:02:27+00:00,2025-11-06 08:04:27+00:00,0.03333333333333333
tektoncd/pipeline,9124,2025-11-03 18:52:23+00:00,,2025-11-04 21:12:27+00:00,
tektoncd/pipeline,9123,2025-11-03 18:25:05+00:00,,2025-11-24 18:35:42+00:00,
tektoncd/pipeline,9122,2025-11-03 18:24:52+00:00,,2025-11-04 21:04:28+00:00,
tektoncd/pipeline,9121,2025-11-03 04:01:59+00:00,2025-11-03 10:50:21+00:00,2025-11-04 20:38:27+00:00,33.80166666666667
tektoncd/pipeline,9120,2025-10-31 18:05:32+00:00,2025-11-25 08:48:44+00:00,2025-12-03 18:07:35+00:00,201.31416666666667
tektoncd/pipeline,9119,2025-10-30 21:22:53+00:00,2025-10-31 10:43:37+00:00,2025-10-31 10:44:25+00:00,0.013333333333333334
tektoncd/pipeline,9118,2025-10-30 21:16:49+00:00,2025-10-30 23:45:01+00:00,2025-11-04 07:32:26+00:00,103.79027777777777
tektoncd/pipeline,9117,2025-10-30 13:40:23+00:00,,2025-10-30 14:38:24+00:00,
tektoncd/pipeline,9116,2025-10-29 18:34:43+00:00,2025-10-29 20:06:40+00:00,,
tektoncd/pipeline,9115,2025-10-29 18:07:35+00:00,,2025-11-07 08:50:20+00:00,
tektoncd/pipeline,9114,2025-10-29 14:19:13+00:00,2025-10-29 14:28:45+00:00,2025-11-27 08:56:45+00:00,690.4666666666667
tektoncd/pipeline,9111,2025-10-28 18:04:50+00:00,2025-11-25 08:48:33+00:00,2025-11-26 11:58:08+00:00,27.15972222222222
tektoncd/pipeline,9110,2025-10-28 15:57:20+00:00,2025-10-28 16:12:32+00:00,2025-10-29 11:30:26+00:00,19.298333333333332
tektoncd/pipeline,9109,2025-10-28 14:23:55+00:00,2025-10-29 11:22:01+00:00,2025-11-19 06:36:33+00:00,499.2422222222222
tektoncd/pipeline,9108,2025-10-28 14:00:56+00:00,2025-10-29 11:54:31+00:00,2025-10-29 14:03:11+00:00,2.1444444444444444
tektoncd/pipeline,9107,2025-10-28 13:53:59+00:00,,2025-10-29 11:23:22+00:00,
tektoncd/pipeline,9106,2025-10-27 18:43:31+00:00,,2025-10-28 09:42:25+00:00,
tektoncd/pipeline,9105,2025-10-27 18:36:56+00:00,,2025-10-28 14:40:25+00:00,
tektoncd/pipeline,9104,2025-10-27 18:31:32+00:00,,2025-10-28 14:36:25+00:00,
tektoncd/pipeline,9103,2025-10-27 18:30:58+00:00,,2025-10-28 16:30:24+00:00,
tektoncd/pipeline,9102,2025-10-27 18:24:42+00:00,,2025-10-28 09:34:24+00:00,
tektoncd/pipeline,9101,2025-10-27 18:17:57+00:00,,2025-10-28 16:32:25+00:00,
tektoncd/pipeline,9099,2025-10-27 15:33:43+00:00,2025-10-27 15:43:07+00:00,2025-10-28 13:58:25+00:00,22.255
tektoncd/pipeline,9098,2025-10-24 18:05:35+00:00,2025-11-25 08:48:34+00:00,,
tektoncd/pipeline,9097,2025-10-24 18:04:37+00:00,,2025-10-27 09:16:24+00:00,
tektoncd/pipeline,9096,2025-10-24 15:01:59+00:00,2025-10-24 15:46:34+00:00,2025-10-24 16:36:22+00:00,0.83
tektoncd/pipeline,9095,2025-10-23 23:58:10+00:00,2025-10-27 09:30:14+00:00,2025-10-30 17:04:25+00:00,79.56972222222223
tektoncd/pipeline,9093,2025-10-22 13:29:33+00:00,,2025-10-29 14:48:17+00:00,
tektoncd/pipeline,9092,2025-10-21 11:23:53+00:00,,2025-10-21 11:26:10+00:00,
tektoncd/pipeline,9091,2025-10-21 10:22:50+00:00,2025-10-21 13:28:36+00:00,2025-10-22 03:58:22+00:00,14.49611111111111
tektoncd/pipeline,9090,2025-10-21 10:00:27+00:00,2025-10-22 11:00:14+00:00,2025-10-28 09:04:24+00:00,142.06944444444446
tektoncd/pipeline,9089,2025-10-21 09:44:59+00:00,2025-10-21 09:53:44+00:00,2025-10-21 12:34:22+00:00,2.6772222222222224
tektoncd/pipeline,9088,2025-10-20 18:12:40+00:00,2025-10-21 08:45:16+00:00,2025-10-22 13:52:23+00:00,29.11861111111111
tektoncd/pipeline,9087,2025-10-20 18:11:07+00:00,2025-10-21 08:45:11+00:00,2025-10-21 08:52:22+00:00,0.11972222222222222
tektoncd/pipeline,9086,2025-10-20 18:10:36+00:00,,2025-10-21 13:44:22+00:00,
tektoncd/pipeline,9085,2025-10-17 18:04:10+00:00,2025-10-20 12:51:35+00:00,2025-10-24 15:38:22+00:00,98.77972222222222
tektoncd/pipeline,9082,2025-10-16 20:48:35+00:00,2025-10-17 08:24:04+00:00,2025-10-24 15:10:23+00:00,174.77194444444444
tektoncd/pipeline,9081,2025-10-13 18:21:32+00:00,2025-10-20 12:50:03+00:00,2025-10-22 13:16:23+00:00,48.43888888888889
tektoncd/pipeline,9080,2025-10-13 18:09:14+00:00,2025-10-14 13:31:51+00:00,2025-10-20 18:12:43+00:00,148.6811111111111
tektoncd/pipeline,9079,2025-10-13 18:09:04+00:00,2025-10-14 13:32:29+00:00,2025-10-20 12:52:22+00:00,143.33138888888888
tektoncd/pipeline,9078,2025-10-13 18:09:02+00:00,2025-10-14 13:33:09+00:00,2025-10-24 15:44:22+00:00,242.18694444444444
tektoncd/pipeline,9077,2025-10-13 18:09:01+00:00,2025-10-14 13:33:21+00:00,2025-10-14 14:08:20+00:00,0.5830555555555555
tektoncd/pipeline,9076,2025-10-13 18:08:59+00:00,2025-10-14 13:33:47+00:00,2025-10-14 13:34:20+00:00,0.009166666666666667
tektoncd/pipeline,9075,2025-10-10 11:15:55+00:00,2025-10-13 08:30:30+00:00,2025-10-27 11:54:23+00:00,339.3980555555556
tektoncd/pipeline,9074,2025-10-10 09:21:43+00:00,,2025-10-10 10:08:49+00:00,
tektoncd/pipeline,9073,2025-10-09 08:30:38+00:00,2025-10-09 08:49:56+00:00,2025-10-09 10:16:16+00:00,1.4388888888888889
tektoncd/pipeline,9072,2025-10-09 08:02:25+00:00,2025-10-09 08:40:18+00:00,2025-10-09 10:12:17+00:00,1.5330555555555556
tektoncd/pipeline,9070,2025-10-08 14:28:36+00:00,2025-10-20 12:53:17+00:00,,
tektoncd/pipeline,9068,2025-10-08 09:41:21+00:00,2025-10-08 10:08:02+00:00,2025-10-09 09:08:17+00:00,23.004166666666666
tektoncd/pipeline,9067,2025-10-08 08:50:15+00:00,2025-10-08 09:58:56+00:00,2025-10-08 14:32:17+00:00,4.555833333333333
tektoncd/pipeline,9061,2025-10-07 22:49:01+00:00,2025-10-08 07:45:51+00:00,2025-10-08 14:44:17+00:00,6.973888888888889
tektoncd/pipeline,9060,2025-10-07 13:21:14+00:00,,2025-10-07 13:28:34+00:00,
tektoncd/pipeline,9058,2025-10-06 18:07:56+00:00,,2025-10-07 14:10:17+00:00,
tektoncd/pipeline,9057,2025-10-06 18:07:25+00:00,,2025-10-07 19:36:16+00:00,
tektoncd/pipeline,9056,2025-10-03 18:18:09+00:00,,2025-10-31 18:05:36+00:00,
tektoncd/pipeline,9055,2025-10-03 12:10:25+00:00,2025-10-03 12:29:02+00:00,2025-10-20 12:56:21+00:00,408.4552777777778
tektoncd/pipeline,9054,2025-10-02 20:54:45+00:00,2025-10-03 07:41:21+00:00,2025-10-03 08:22:14+00:00,0.6813888888888889
tektoncd/pipeline,9051,2025-09-30 14:11:32+00:00,2025-10-17 07:37:33+00:00,2025-10-30 10:34:25+00:00,314.9477777777778
tektoncd/pipeline,9050,2025-09-30 13:41:04+00:00,2025-09-30 14:48:27+00:00,2025-10-02 13:30:14+00:00,46.69638888888889
tektoncd/pipeline,9049,2025-09-30 05:36:40+00:00,,2025-12-01 10:03:09+00:00,
tektoncd/pipeline,9048,2025-09-30 01:51:13+00:00,,2025-10-06 18:07:29+00:00,
tektoncd/pipeline,9047,2025-09-29 22:09:33+00:00,,2025-10-09 12:52:16+00:00,
tektoncd/pipeline,9046,2025-09-29 21:26:43+00:00,,2025-10-06 18:08:00+00:00,
tektoncd/pipeline,9045,2025-09-29 21:06:55+00:00,2025-10-20 20:29:36+00:00,,
tektoncd/pipeline,9043,2025-09-29 10:32:21+00:00,2025-12-22 11:09:21+00:00,,
tektoncd/pipeline,9042,2025-09-24 19:28:00+00:00,2025-09-29 11:24:06+00:00,,
tektoncd/pipeline,9041,2025-09-22 18:23:03+00:00,2025-09-29 11:18:19+00:00,2025-09-30 01:51:17+00:00,14.549444444444445
tektoncd/pipeline,9040,2025-09-22 18:22:00+00:00,2025-09-29 11:18:55+00:00,2025-09-29 21:26:47+00:00,10.13111111111111
tektoncd/pipeline,9039,2025-09-19 12:04:25+00:00,2025-09-29 19:17:09+00:00,2025-10-28 09:46:25+00:00,686.4877777777778
tektoncd/pipeline,9038,2025-09-17 18:26:56+00:00,2025-09-29 12:11:45+00:00,2025-10-10 09:28:17+00:00,261.27555555555557
tektoncd/pipeline,9036,2025-09-15 18:31:27+00:00,2025-09-22 15:06:29+00:00,2025-10-09 11:58:16+00:00,404.86305555555555
tektoncd/pipeline,9035,2025-09-15 18:22:43+00:00,2025-09-22 15:06:24+00:00,2025-09-22 18:23:07+00:00,3.278611111111111
tektoncd/pipeline,9034,2025-09-15 18:22:35+00:00,2025-09-22 15:06:40+00:00,2025-09-22 18:22:04+00:00,3.256666666666667
tektoncd/pipeline,9033,2025-09-15 08:21:37+00:00,2025-09-15 08:40:14+00:00,2025-10-14 14:44:19+00:00,702.0680555555556
tektoncd/pipeline,9031,2025-09-08 19:29:49+00:00,2025-09-22 15:06:31+00:00,2025-12-17 12:50:54+00:00,2061.739722222222
tektoncd/pipeline,9030,2025-09-08 18:49:21+00:00,2025-09-10 23:14:49+00:00,2025-09-10 23:16:04+00:00,0.020833333333333332
tektoncd/pipeline,9029,2025-09-08 18:49:11+00:00,,2025-09-15 18:22:48+00:00,
tektoncd/pipeline,9028,2025-09-08 18:49:08+00:00,,2025-09-15 18:22:39+00:00,
tektoncd/pipeline,9027,2025-09-08 18:48:55+00:00,2025-09-22 15:06:20+00:00,2025-10-07 19:34:16+00:00,364.46555555555557
tektoncd/pipeline,9026,2025-09-08 11:09:51+00:00,,2025-09-15 17:14:06+00:00,
tektoncd/pipeline,9025,2025-09-08 07:15:29+00:00,,2025-09-09 10:42:04+00:00,
tektoncd/pipeline,9024,2025-09-08 07:03:36+00:00,,2025-09-08 13:46:03+00:00,
tektoncd/pipeline,9023,2025-09-06 15:38:02+00:00,2025-09-06 17:46:53+00:00,2025-10-03 08:46:14+00:00,638.9891666666666
tektoncd/pipeline,9022,2025-09-05 21:23:37+00:00,2025-09-10 23:12:54+00:00,2025-09-10 23:14:04+00:00,0.019444444444444445
tektoncd/pipeline,9021,2025-09-05 17:07:18+00:00,,2025-09-05 17:11:15+00:00,
tektoncd/pipeline,9020,2025-09-05 12:01:31+00:00,2025-09-05 21:21:54+00:00,2025-09-08 09:32:03+00:00,60.16916666666667
tektoncd/pipeline,9019,2025-09-04 18:05:55+00:00,2025-09-22 15:06:38+00:00,2025-10-03 18:18:13+00:00,267.19305555555553
tektoncd/pipeline,9017,2025-09-04 17:32:51+00:00,2025-09-04 17:33:14+00:00,2025-09-04 18:08:02+00:00,0.58
tektoncd/pipeline,9016,2025-09-04 16:08:06+00:00,2025-09-08 13:50:19+00:00,2025-09-10 22:38:04+00:00,56.795833333333334
tektoncd/pipeline,9014,2025-09-04 00:14:35+00:00,,2025-09-04 07:42:01+00:00,
tektoncd/pipeline,9013,2025-09-03 20:28:52+00:00,,2025-09-29 12:33:32+00:00,
tektoncd/pipeline,9012,2025-09-03 16:44:06+00:00,,2025-09-03 23:34:01+00:00,
tektoncd/pipeline,9011,2025-09-02 19:14:37+00:00,2025-09-04 00:04:34+00:00,2025-09-04 16:12:02+00:00,16.124444444444446
tektoncd/pipeline,9010,2025-09-02 11:56:36+00:00,2025-09-02 13:33:19+00:00,2025-09-08 18:49:24+00:00,149.26805555555555
tektoncd/pipeline,9009,2025-09-02 11:12:01+00:00,2025-10-03 08:13:59+00:00,,
tektoncd/pipeline,9008,2025-09-02 09:47:01+00:00,2025-09-02 13:33:21+00:00,2025-09-08 18:49:16+00:00,149.26527777777778
tektoncd/pipeline,9007,2025-09-02 09:44:22+00:00,2025-09-02 09:44:41+00:00,,
tektoncd/pipeline,9006,2025-09-02 09:42:57+00:00,2025-09-02 13:33:29+00:00,2025-09-29 22:09:36+00:00,656.6019444444445
tektoncd/pipeline,9005,2025-09-02 09:25:43+00:00,2025-09-02 13:33:31+00:00,2025-12-17 18:07:04+00:00,2548.5591666666664
tektoncd/pipeline,9004,2025-09-02 07:40:10+00:00,2025-09-02 11:17:06+00:00,2025-09-03 08:38:39+00:00,21.359166666666667
tektoncd/pipeline,9003,2025-09-02 07:06:48+00:00,2025-09-02 13:31:10+00:00,2025-10-11 11:26:16+00:00,933.9183333333333
tektoncd/pipeline,9000,2025-09-01 07:23:37+00:00,2025-09-01 12:19:57+00:00,2025-09-04 21:39:00+00:00,81.3175
tektoncd/pipeline,8999,2025-09-01 07:05:24+00:00,,2025-09-01 07:13:23+00:00,
tektoncd/pipeline,8997,2025-08-29 17:19:20+00:00,2025-08-29 20:46:01+00:00,2025-09-04 15:39:30+00:00,138.89138888888888
tektoncd/pipeline,8996,2025-08-29 13:23:01+00:00,2025-09-29 19:49:16+00:00,,
tektoncd/pipeline,8995,2025-08-28 18:13:09+00:00,2025-09-02 13:33:24+00:00,,
tektoncd/pipeline,8994,2025-08-28 18:10:32+00:00,2025-09-02 13:33:22+00:00,2025-10-24 18:05:38+00:00,1252.5377777777778
tektoncd/pipeline,8993,2025-08-28 07:56:32+00:00,2025-09-29 11:37:27+00:00,2025-11-12 12:14:45+00:00,1056.6216666666667
tektoncd/pipeline,8992,2025-08-26 09:39:26+00:00,2025-09-02 13:33:34+00:00,2025-09-08 18:49:13+00:00,149.26083333333332
tektoncd/pipeline,8991,2025-08-26 09:37:04+00:00,,2025-09-02 11:56:39+00:00,
tektoncd/pipeline,8990,2025-08-26 09:30:02+00:00,2025-09-02 13:33:17+00:00,2025-10-09 13:52:18+00:00,888.3169444444444
tektoncd/pipeline,8989,2025-08-26 07:29:04+00:00,2025-08-26 08:54:50+00:00,2025-08-26 09:47:20+00:00,0.875
tektoncd/pipeline,8988,2025-08-22 18:21:22+00:00,2025-09-02 13:33:26+00:00,2025-10-16 20:08:20+00:00,1062.5816666666667
tektoncd/pipeline,8986,2025-08-21 15:53:35+00:00,2025-08-26 08:36:16+00:00,2025-08-29 15:45:59+00:00,79.16194444444444
tektoncd/pipeline,8985,2025-08-20 18:18:25+00:00,2025-08-21 14:23:36+00:00,2025-08-26 08:57:20+00:00,114.56222222222222
tektoncd/pipeline,8984,2025-08-20 18:18:16+00:00,2025-08-21 14:23:53+00:00,2025-08-21 14:25:46+00:00,0.03138888888888889
tektoncd/pipeline,8980,2025-08-20 05:50:39+00:00,2025-08-20 05:52:49+00:00,2025-08-20 06:45:43+00:00,0.8816666666666667
tektoncd/pipeline,8979,2025-08-20 05:49:05+00:00,2025-08-20 05:52:32+00:00,2025-08-20 06:51:43+00:00,0.9863888888888889
tektoncd/pipeline,8978,2025-08-19 03:09:54+00:00,2025-08-20 06:19:22+00:00,2025-08-20 06:19:43+00:00,0.005833333333333334
tektoncd/pipeline,8977,2025-08-19 02:05:49+00:00,2025-08-20 06:19:40+00:00,2025-08-20 06:23:44+00:00,0.06777777777777778
tektoncd/pipeline,8976,2025-08-19 01:56:07+00:00,2025-08-19 10:48:44+00:00,2025-08-19 10:51:43+00:00,0.04972222222222222
tektoncd/pipeline,8975,2025-08-19 01:34:07+00:00,2025-08-20 06:20:11+00:00,2025-08-20 06:21:44+00:00,0.025833333333333333
tektoncd/pipeline,8974,2025-08-19 01:11:01+00:00,2025-08-19 10:49:06+00:00,2025-08-19 10:49:43+00:00,0.010277777777777778
tektoncd/pipeline,8973,2025-08-14 18:40:59+00:00,2025-08-19 12:03:38+00:00,2025-08-19 12:05:43+00:00,0.034722222222222224
tektoncd/pipeline,8972,2025-08-14 18:40:47+00:00,,2025-08-20 06:26:31+00:00,
tektoncd/pipeline,8971,2025-08-14 18:40:37+00:00,,2025-08-20 06:26:30+00:00,
tektoncd/pipeline,8970,2025-08-14 18:40:28+00:00,,2025-08-20 06:26:30+00:00,
tektoncd/pipeline,8967,2025-08-14 11:09:05+00:00,2025-08-19 19:12:23+00:00,2025-08-22 02:03:45+00:00,54.85611111111111
tektoncd/pipeline,8965,2025-08-14 08:33:48+00:00,2025-08-19 18:30:50+00:00,2025-09-30 19:34:12+00:00,1009.0561111111111
tektoncd/pipeline,8964,2025-08-12 01:38:31+00:00,2025-08-12 08:27:55+00:00,2025-08-14 11:14:05+00:00,50.769444444444446
tektoncd/pipeline,8963,2025-08-12 00:06:16+00:00,2025-08-12 08:27:47+00:00,2025-08-14 11:10:05+00:00,50.705
tektoncd/pipeline,8962,2025-08-12 00:05:01+00:00,2025-08-12 07:34:04+00:00,2025-08-12 07:36:03+00:00,0.03305555555555555
tektoncd/pipeline,8961,2025-08-12 00:03:43+00:00,2025-08-12 08:27:44+00:00,2025-08-14 11:18:05+00:00,50.839166666666664
tektoncd/pipeline,8960,2025-08-11 23:46:18+00:00,2025-08-12 08:27:48+00:00,2025-08-12 08:56:06+00:00,0.4716666666666667
tektoncd/pipeline,8959,2025-08-11 23:39:39+00:00,2025-08-12 08:27:42+00:00,2025-08-12 09:00:06+00:00,0.54
tektoncd/pipeline,8957,2025-08-10 14:17:40+00:00,,,
tektoncd/pipeline,8956,2025-08-08 18:13:26+00:00,2025-08-12 08:27:50+00:00,2025-08-14 10:36:06+00:00,50.13777777777778
tektoncd/pipeline,8955,2025-08-07 18:35:31+00:00,2025-08-12 08:27:54+00:00,2025-09-04 18:05:59+00:00,561.6347222222222
tektoncd/pipeline,8954,2025-08-07 18:33:43+00:00,2025-08-11 12:23:23+00:00,2025-08-11 12:24:04+00:00,0.01138888888888889
tektoncd/pipeline,8953,2025-08-07 18:33:25+00:00,2025-08-12 08:27:51+00:00,2025-09-08 19:29:52+00:00,659.0336111111111
tektoncd/pipeline,8952,2025-08-06 14:59:51+00:00,,2025-08-14 10:38:05+00:00,
tektoncd/pipeline,8951,2025-08-06 10:47:41+00:00,2025-08-19 08:39:40+00:00,2025-08-19 10:41:43+00:00,2.0341666666666667
tektoncd/pipeline,8950,2025-08-06 07:53:40+00:00,2025-08-06 09:21:25+00:00,2025-08-06 09:22:27+00:00,0.017222222222222222
tektoncd/pipeline,8948,2025-08-05 13:21:06+00:00,,2025-08-05 14:24:27+00:00,
tektoncd/pipeline,8947,2025-08-05 13:11:25+00:00,,2025-08-05 14:28:27+00:00,
tektoncd/pipeline,8946,2025-08-05 11:29:59+00:00,,2025-08-05 14:24:33+00:00,
tektoncd/pipeline,8945,2025-08-05 00:25:43+00:00,,2025-08-07 18:35:34+00:00,
tektoncd/pipeline,8944,2025-08-04 19:11:54+00:00,2025-08-05 13:16:49+00:00,2025-08-05 13:20:27+00:00,0.06055555555555556
tektoncd/pipeline,8943,2025-08-04 09:24:09+00:00,,2025-08-04 09:52:18+00:00,
tektoncd/pipeline,8942,2025-08-04 08:56:47+00:00,,2025-08-04 09:52:50+00:00,
tektoncd/pipeline,8941,2025-08-04 07:25:22+00:00,,2025-08-05 21:36:46+00:00,
tektoncd/pipeline,8939,2025-08-01 05:47:05+00:00,2025-08-01 08:18:43+00:00,2025-08-01 08:19:22+00:00,0.010833333333333334
tektoncd/pipeline,8937,2025-07-31 20:27:24+00:00,2025-07-31 20:28:33+00:00,2025-08-04 07:24:26+00:00,82.93138888888889
tektoncd/pipeline,8936,2025-07-31 18:10:47+00:00,,2025-08-07 18:33:29+00:00,
tektoncd/pipeline,8935,2025-07-30 18:50:17+00:00,,2025-07-30 20:55:21+00:00,
tektoncd/pipeline,8933,2025-07-30 11:33:57+00:00,,2025-09-29 12:31:31+00:00,
tektoncd/pipeline,8932,2025-07-30 08:36:02+00:00,2025-07-30 08:49:56+00:00,2025-07-30 09:11:21+00:00,0.35694444444444445
tektoncd/pipeline,8931,2025-07-30 03:40:26+00:00,2025-07-30 08:12:30+00:00,2025-07-30 08:35:21+00:00,0.38083333333333336
tektoncd/pipeline,8930,2025-07-29 19:59:45+00:00,2025-07-29 21:22:12+00:00,2025-07-29 21:23:21+00:00,0.019166666666666665
tektoncd/pipeline,8929,2025-07-29 19:49:36+00:00,,2025-07-29 19:50:28+00:00,
tektoncd/pipeline,8928,2025-07-29 18:40:47+00:00,,2025-07-29 19:50:19+00:00,
tektoncd/pipeline,8926,2025-07-29 06:14:44+00:00,2025-07-29 17:32:24+00:00,2025-07-30 08:41:23+00:00,15.149722222222222
tektoncd/pipeline,8925,2025-07-28 15:46:49+00:00,2025-07-29 17:35:09+00:00,2025-08-26 10:25:20+00:00,664.8363888888889
tektoncd/pipeline,8924,2025-07-28 15:23:47+00:00,2025-08-19 18:59:55+00:00,2025-08-22 02:07:44+00:00,55.13027777777778
tektoncd/pipeline,8923,2025-07-28 12:37:02+00:00,2025-07-29 18:35:01+00:00,2025-07-29 20:31:21+00:00,1.9388888888888889
tektoncd/pipeline,8922,2025-07-25 18:17:50+00:00,2025-07-29 21:26:32+00:00,2025-07-30 08:45:21+00:00,11.313611111111111
tektoncd/pipeline,8920,2025-07-25 10:19:01+00:00,2025-07-28 12:36:25+00:00,2025-07-28 20:15:19+00:00,7.648333333333333
tektoncd/pipeline,8919,2025-07-25 07:44:34+00:00,,2025-07-25 08:42:12+00:00,
tektoncd/pipeline,8918,2025-07-25 07:44:25+00:00,,2025-07-25 08:42:12+00:00,
tektoncd/pipeline,8917,2025-07-25 06:14:56+00:00,,2025-07-28 12:35:38+00:00,
tektoncd/pipeline,8916,2025-07-25 06:14:45+00:00,,2025-07-25 07:40:25+00:00,
tektoncd/pipeline,8915,2025-07-25 06:14:36+00:00,,2025-07-29 18:36:17+00:00,
tektoncd/pipeline,8914,2025-07-24 22:13:04+00:00,,2025-08-06 15:00:34+00:00,
tektoncd/pipeline,8913,2025-07-24 22:00:46+00:00,2025-08-01 22:56:42+00:00,2025-08-14 10:36:05+00:00,299.6563888888889
tektoncd/pipeline,8912,2025-07-24 21:47:35+00:00,,,
tektoncd/pipeline,8911,2025-07-24 21:41:35+00:00,,,
tektoncd/pipeline,8910,2025-07-23 23:45:30+00:00,,2025-07-24 22:03:22+00:00,
tektoncd/pipeline,8909,2025-07-23 23:24:07+00:00,2025-07-24 08:54:30+00:00,2025-07-24 09:02:12+00:00,0.12833333333333333
tektoncd/pipeline,8908,2025-07-23 22:44:03+00:00,2025-07-24 07:46:34+00:00,2025-07-24 08:16:12+00:00,0.4938888888888889
tektoncd/pipeline,8907,2025-07-23 18:45:44+00:00,,2025-07-24 09:06:12+00:00,
tektoncd/pipeline,8903,2025-07-22 10:47:42+00:00,2025-07-24 16:12:47+00:00,2025-08-20 16:37:43+00:00,648.4155555555556
tektoncd/pipeline,8902,2025-07-22 00:09:02+00:00,2025-07-24 17:22:41+00:00,2025-07-28 11:37:20+00:00,90.24416666666667
tektoncd/pipeline,8901,2025-07-21 22:43:05+00:00,2025-07-23 10:23:03+00:00,2025-07-23 13:20:11+00:00,2.9522222222222223
tektoncd/pipeline,8900,2025-07-21 21:16:21+00:00,,2025-07-22 10:56:11+00:00,
tektoncd/pipeline,8899,2025-07-21 21:01:50+00:00,,2025-07-22 11:24:12+00:00,
tektoncd/pipeline,8898,2025-07-21 20:51:09+00:00,,2025-07-22 10:54:11+00:00,
tektoncd/pipeline,8897,2025-07-21 20:17:06+00:00,2025-07-22 07:41:31+00:00,2025-07-31 21:33:22+00:00,229.86416666666668
tektoncd/pipeline,8896,2025-07-18 18:04:17+00:00,,2025-07-21 07:44:11+00:00,
tektoncd/pipeline,8895,2025-07-18 14:28:46+00:00,2025-07-21 13:58:23+00:00,2025-07-29 18:25:20+00:00,196.44916666666666
tektoncd/pipeline,8894,2025-07-17 18:46:11+00:00,2025-07-18 09:46:24+00:00,2025-08-12 08:28:10+00:00,598.6961111111111
tektoncd/pipeline,8893,2025-07-17 18:45:56+00:00,2025-07-18 09:46:21+00:00,2025-07-18 09:50:09+00:00,0.06333333333333334
tektoncd/pipeline,8892,2025-07-17 18:45:47+00:00,2025-07-18 09:46:23+00:00,2025-07-18 09:48:10+00:00,0.029722222222222223
tektoncd/pipeline,8890,2025-07-17 08:49:41+00:00,2025-07-17 10:00:03+00:00,2025-07-24 16:50:12+00:00,174.83583333333334
tektoncd/pipeline,8888,2025-07-16 18:44:23+00:00,2025-07-17 12:47:16+00:00,2025-07-17 12:58:09+00:00,0.18138888888888888
tektoncd/pipeline,8887,2025-07-16 18:43:27+00:00,2025-07-17 12:47:20+00:00,2025-08-14 18:40:33+00:00,677.8869444444445
tektoncd/pipeline,8885,2025-07-15 09:23:38+00:00,2025-07-15 10:27:45+00:00,2025-07-17 10:22:10+00:00,47.90694444444444
tektoncd/pipeline,8884,2025-07-14 23:40:36+00:00,2025-07-17 12:47:22+00:00,2025-07-17 12:56:09+00:00,0.1463888888888889
tektoncd/pipeline,8883,2025-07-14 22:31:46+00:00,2025-07-17 12:47:25+00:00,2025-07-17 12:52:09+00:00,0.07888888888888888
tektoncd/pipeline,8882,2025-07-14 21:11:08+00:00,2025-07-17 12:47:17+00:00,2025-07-17 12:50:10+00:00,0.04805555555555555
tektoncd/pipeline,8881,2025-07-12 16:52:50+00:00,2025-07-16 09:01:35+00:00,2025-07-22 11:16:11+00:00,146.24333333333334
tektoncd/pipeline,8880,2025-07-12 14:04:46+00:00,2025-07-16 07:47:17+00:00,2025-07-22 20:26:11+00:00,156.64833333333334
tektoncd/pipeline,8879,2025-07-12 13:39:55+00:00,,2025-10-30 16:52:25+00:00,
tektoncd/pipeline,8878,2025-07-12 10:37:43+00:00,2025-10-09 12:55:44+00:00,2025-10-28 09:38:25+00:00,452.7113888888889
tektoncd/pipeline,8877,2025-07-11 18:54:42+00:00,,2025-07-14 23:40:40+00:00,
tektoncd/pipeline,8875,2025-07-11 15:11:18+00:00,,2025-07-17 13:14:09+00:00,
tektoncd/pipeline,8874,2025-07-11 13:59:19+00:00,2025-07-30 11:47:26+00:00,2025-10-08 14:07:38+00:00,1682.3366666666666
tektoncd/pipeline,8873,2025-07-11 13:57:32+00:00,2025-08-19 17:26:24+00:00,2025-10-07 10:34:15+00:00,1169.1308333333334
tektoncd/pipeline,8872,2025-07-10 18:32:33+00:00,2025-07-17 12:47:21+00:00,2025-08-07 18:33:47+00:00,509.7738888888889
tektoncd/pipeline,8871,2025-07-10 18:32:21+00:00,2025-07-17 12:47:19+00:00,2025-07-17 12:48:09+00:00,0.013888888888888888
tektoncd/pipeline,8869,2025-07-08 07:47:50+00:00,2025-09-29 12:07:51+00:00,,
tektoncd/pipeline,8867,2025-07-07 21:40:45+00:00,2025-07-08 08:45:21+00:00,2025-07-08 08:52:01+00:00,0.1111111111111111
tektoncd/pipeline,8866,2025-07-07 21:25:33+00:00,2025-07-08 08:45:16+00:00,2025-07-08 08:48:02+00:00,0.04611111111111111
tektoncd/pipeline,8865,2025-07-07 20:54:58+00:00,2025-07-08 08:45:20+00:00,2025-07-08 08:46:03+00:00,0.011944444444444445
tektoncd/pipeline,8864,2025-07-07 15:22:59+00:00,2025-07-08 12:24:38+00:00,2025-07-28 12:39:19+00:00,480.2447222222222
tektoncd/pipeline,8863,2025-07-06 22:56:55+00:00,2025-07-06 22:57:40+00:00,2025-07-07 11:40:00+00:00,12.705555555555556
tektoncd/pipeline,8861,2025-07-03 12:50:46+00:00,2025-07-16 11:24:41+00:00,2025-07-22 11:02:11+00:00,143.625
tektoncd/pipeline,8860,2025-07-02 18:28:16+00:00,2025-07-07 07:31:57+00:00,2025-07-07 07:34:00+00:00,0.034166666666666665
tektoncd/pipeline,8859,2025-07-01 18:43:23+00:00,2025-07-17 12:47:23+00:00,2025-08-05 00:25:46+00:00,443.63972222222225
tektoncd/pipeline,8857,2025-07-01 09:12:31+00:00,2025-07-16 13:53:17+00:00,2025-07-22 11:10:11+00:00,141.28166666666667
tektoncd/pipeline,8856,2025-06-30 22:46:46+00:00,,2025-07-01 14:17:58+00:00,
tektoncd/pipeline,8855,2025-06-30 22:29:26+00:00,,2025-07-01 13:53:58+00:00,
tektoncd/pipeline,8854,2025-06-30 22:19:15+00:00,,2025-07-01 14:15:58+00:00,
tektoncd/pipeline,8853,2025-06-30 22:10:40+00:00,,2025-07-01 13:51:58+00:00,
tektoncd/pipeline,8852,2025-06-30 21:48:49+00:00,,2025-07-01 13:49:57+00:00,
tektoncd/pipeline,8851,2025-06-30 06:02:11+00:00,2025-06-30 06:03:11+00:00,2025-07-23 08:26:12+00:00,554.3836111111111
tektoncd/pipeline,8850,2025-06-27 14:59:36+00:00,2025-06-30 06:05:15+00:00,2025-06-30 12:03:57+00:00,5.9783333333333335
tektoncd/pipeline,8849,2025-06-25 18:26:31+00:00,2025-06-30 06:27:02+00:00,2025-06-30 06:29:03+00:00,0.03361111111111111
tektoncd/pipeline,8848,2025-06-25 18:26:22+00:00,2025-06-30 06:27:03+00:00,2025-06-30 06:27:58+00:00,0.015277777777777777
tektoncd/pipeline,8847,2025-06-25 18:26:15+00:00,2025-06-30 06:27:05+00:00,2025-06-30 06:29:06+00:00,0.03361111111111111
tektoncd/pipeline,8846,2025-06-25 13:50:42+00:00,2025-06-26 09:32:14+00:00,2025-06-27 17:19:56+00:00,31.795
tektoncd/pipeline,8844,2025-06-23 20:45:39+00:00,2025-06-24 07:32:29+00:00,2025-06-24 07:35:55+00:00,0.05722222222222222
tektoncd/pipeline,8843,2025-06-23 20:10:46+00:00,2025-06-24 07:32:35+00:00,2025-06-30 22:19:18+00:00,158.7786111111111
tektoncd/pipeline,8842,2025-06-20 18:27:17+00:00,2025-06-24 07:32:32+00:00,2025-06-24 07:33:57+00:00,0.02361111111111111
tektoncd/pipeline,8840,2025-06-19 18:45:16+00:00,2025-06-20 12:09:41+00:00,2025-06-23 14:01:54+00:00,73.87027777777777
tektoncd/pipeline,8839,2025-06-19 18:45:04+00:00,2025-06-20 12:09:39+00:00,2025-07-16 18:43:31+00:00,630.5644444444445
tektoncd/pipeline,8838,2025-06-19 18:44:56+00:00,2025-06-20 12:09:36+00:00,2025-07-16 18:44:29+00:00,630.5813888888889
tektoncd/pipeline,8837,2025-06-19 18:44:46+00:00,2025-06-20 12:09:38+00:00,2025-06-20 12:11:53+00:00,0.0375
tektoncd/pipeline,8836,2025-06-16 20:35:44+00:00,2025-06-17 08:17:04+00:00,2025-06-20 12:09:53+00:00,75.88027777777778
tektoncd/pipeline,8835,2025-06-16 20:33:39+00:00,2025-06-17 08:17:05+00:00,2025-06-17 08:29:46+00:00,0.21138888888888888
tektoncd/pipeline,8834,2025-06-16 20:14:26+00:00,2025-06-17 08:17:07+00:00,2025-06-17 08:25:47+00:00,0.14444444444444443
tektoncd/pipeline,8833,2025-06-16 19:38:50+00:00,2025-06-17 08:17:08+00:00,2025-06-17 08:21:47+00:00,0.0775
tektoncd/pipeline,8832,2025-06-16 19:36:28+00:00,2025-06-17 08:17:10+00:00,2025-06-17 08:19:49+00:00,0.04416666666666667
tektoncd/pipeline,8831,2025-06-16 19:34:16+00:00,2025-06-17 08:17:11+00:00,2025-06-17 08:17:47+00:00,0.01
tektoncd/pipeline,8829,2025-06-16 11:47:52+00:00,2025-06-17 06:32:42+00:00,2025-06-17 06:33:47+00:00,0.018055555555555554
tektoncd/pipeline,8828,2025-06-16 11:45:22+00:00,,2025-06-16 12:57:46+00:00,
tektoncd/pipeline,8826,2025-06-12 18:37:04+00:00,2025-06-13 04:58:39+00:00,2025-06-13 05:29:01+00:00,0.5061111111111111
tektoncd/pipeline,8825,2025-06-12 17:48:37+00:00,2025-07-19 18:07:41+00:00,2025-10-01 07:03:57+00:00,1764.9377777777777
tektoncd/pipeline,8823,2025-06-11 18:11:53+00:00,,2025-06-12 15:01:00+00:00,
tektoncd/pipeline,8822,2025-06-11 18:11:47+00:00,,2025-06-12 15:35:00+00:00,
tektoncd/pipeline,8821,2025-06-11 18:11:39+00:00,,2025-06-12 12:59:01+00:00,
tektoncd/pipeline,8820,2025-06-11 18:11:32+00:00,,2025-06-12 14:25:01+00:00,
tektoncd/pipeline,8819,2025-06-09 19:19:27+00:00,2025-06-10 09:03:17+00:00,2025-06-10 09:17:00+00:00,0.2286111111111111
tektoncd/pipeline,8818,2025-06-09 19:13:13+00:00,2025-06-10 09:03:19+00:00,2025-06-10 09:15:01+00:00,0.195
tektoncd/pipeline,8817,2025-06-05 18:55:31+00:00,2025-06-10 09:03:10+00:00,2025-06-10 09:11:00+00:00,0.13055555555555556
tektoncd/pipeline,8816,2025-06-05 18:55:23+00:00,2025-06-10 09:03:18+00:00,2025-06-10 09:09:00+00:00,0.095
tektoncd/pipeline,8815,2025-06-05 18:54:55+00:00,2025-06-24 07:32:34+00:00,2025-07-01 18:43:26+00:00,179.1811111111111
tektoncd/pipeline,8814,2025-06-04 21:39:04+00:00,2025-06-04 23:19:08+00:00,2025-06-10 12:42:59+00:00,133.3975
tektoncd/pipeline,8812,2025-06-03 11:27:09+00:00,2025-06-11 12:53:17+00:00,2025-06-11 12:55:00+00:00,0.02861111111111111
tektoncd/pipeline,8811,2025-06-03 10:05:38+00:00,2025-06-03 19:43:11+00:00,2025-06-11 12:57:00+00:00,185.2302777777778
tektoncd/pipeline,8810,2025-06-02 19:00:40+00:00,2025-06-11 12:01:42+00:00,2025-06-11 17:41:00+00:00,5.655
tektoncd/pipeline,8809,2025-06-02 18:59:38+00:00,,2025-06-09 19:13:17+00:00,
tektoncd/pipeline,8808,2025-06-02 18:56:15+00:00,2025-06-10 09:03:13+00:00,2025-06-12 13:25:00+00:00,52.363055555555555
tektoncd/pipeline,8807,2025-06-02 18:52:04+00:00,2025-06-10 09:03:12+00:00,2025-06-10 09:05:03+00:00,0.030833333333333334
tektoncd/pipeline,8806,2025-06-02 14:22:07+00:00,2025-06-11 13:46:07+00:00,2025-06-11 14:27:00+00:00,0.6813888888888889
tektoncd/pipeline,8803,2025-06-02 12:18:09+00:00,2025-06-10 12:39:59+00:00,2025-06-11 18:16:03+00:00,29.601111111111113
tektoncd/pipeline,8802,2025-05-28 20:34:17+00:00,2025-06-11 13:48:43+00:00,2025-06-11 14:25:00+00:00,0.6047222222222223
tektoncd/pipeline,8801,2025-05-27 18:54:49+00:00,2025-05-27 20:51:15+00:00,2025-05-28 15:54:50+00:00,19.059722222222224
tektoncd/pipeline,8800,2025-05-26 18:25:01+00:00,2025-05-27 06:42:21+00:00,2025-05-27 06:42:49+00:00,0.0077777777777777776
tektoncd/pipeline,8799,2025-05-26 18:17:42+00:00,2025-05-27 06:43:15+00:00,2025-05-27 06:46:49+00:00,0.059444444444444446
tektoncd/pipeline,8798,2025-05-23 18:44:22+00:00,2025-05-27 06:44:34+00:00,2025-05-27 06:44:49+00:00,0.004166666666666667
tektoncd/pipeline,8796,2025-05-22 18:36:33+00:00,2025-05-23 08:45:24+00:00,2025-05-23 09:15:59+00:00,0.5097222222222222
tektoncd/pipeline,8795,2025-05-21 18:35:17+00:00,,2025-05-22 18:36:37+00:00,
tektoncd/pipeline,8794,2025-05-21 18:35:08+00:00,2025-05-27 18:11:26+00:00,2025-05-27 18:12:50+00:00,0.023333333333333334
tektoncd/pipeline,8793,2025-05-21 18:35:00+00:00,2025-05-27 20:51:16+00:00,2025-05-27 20:52:50+00:00,0.026111111111111113
tektoncd/pipeline,8792,2025-05-21 18:34:52+00:00,,2025-05-27 06:45:56+00:00,
tektoncd/pipeline,8791,2025-05-21 04:35:57+00:00,2025-06-04 18:03:56+00:00,2025-06-11 13:09:00+00:00,163.08444444444444
tektoncd/pipeline,8790,2025-05-20 23:56:34+00:00,2025-05-21 07:16:24+00:00,2025-05-21 09:01:58+00:00,1.7594444444444444
tektoncd/pipeline,8789,2025-05-20 19:10:39+00:00,2025-05-21 07:14:25+00:00,2025-05-21 07:17:58+00:00,0.059166666666666666
tektoncd/pipeline,8788,2025-05-20 04:26:02+00:00,2025-06-11 13:12:46+00:00,2025-06-11 14:21:00+00:00,1.1372222222222221
tektoncd/pipeline,8787,2025-05-19 18:52:01+00:00,2025-05-20 11:22:49+00:00,2025-05-20 11:33:58+00:00,0.18583333333333332
tektoncd/pipeline,8786,2025-05-19 18:34:40+00:00,2025-05-20 11:22:56+00:00,2025-05-20 11:27:58+00:00,0.08388888888888889
tektoncd/pipeline,8785,2025-05-19 18:32:52+00:00,2025-05-20 11:22:52+00:00,2025-05-20 11:29:58+00:00,0.11833333333333333
tektoncd/pipeline,8784,2025-05-19 12:18:01+00:00,,,
tektoncd/pipeline,8783,2025-05-16 18:14:17+00:00,2025-05-19 10:03:53+00:00,2025-05-20 12:49:57+00:00,26.767777777777777
tektoncd/pipeline,8782,2025-05-16 18:14:08+00:00,2025-05-19 08:52:33+00:00,2025-06-19 18:45:09+00:00,753.8766666666667
tektoncd/pipeline,8781,2025-05-16 18:14:01+00:00,2025-05-19 08:53:09+00:00,2025-05-21 08:27:58+00:00,47.58027777777778
tektoncd/pipeline,8780,2025-05-16 18:13:49+00:00,2025-05-19 08:53:22+00:00,2025-05-20 11:25:59+00:00,26.54361111111111
tektoncd/pipeline,8779,2025-05-15 13:33:45+00:00,2025-06-10 13:19:28+00:00,2025-06-12 19:03:00+00:00,53.72555555555556
tektoncd/pipeline,8778,2025-05-15 13:25:06+00:00,2025-06-10 13:19:14+00:00,2025-06-10 14:02:59+00:00,0.7291666666666666
tektoncd/pipeline,8777,2025-05-15 13:09:51+00:00,2025-06-10 13:18:39+00:00,2025-06-12 16:25:00+00:00,51.10583333333334
tektoncd/pipeline,8774,2025-05-15 11:09:43+00:00,2025-05-20 12:54:27+00:00,2025-05-29 01:14:50+00:00,204.33972222222224
tektoncd/pipeline,8773,2025-05-15 10:57:34+00:00,2025-06-09 13:30:28+00:00,2025-06-12 15:29:00+00:00,73.97555555555556
tektoncd/pipeline,8772,2025-05-15 10:48:10+00:00,2025-06-09 13:29:13+00:00,2025-06-12 14:27:00+00:00,72.96305555555556
tektoncd/pipeline,8771,2025-05-14 18:48:28+00:00,2025-05-20 11:22:54+00:00,2025-05-20 11:24:00+00:00,0.018333333333333333
tektoncd/pipeline,8769,2025-05-14 13:05:43+00:00,2025-06-09 13:16:16+00:00,2025-06-12 12:57:00+00:00,71.67888888888889
tektoncd/pipeline,8768,2025-05-14 07:15:48+00:00,2025-05-14 07:32:52+00:00,2025-11-04 10:22:27+00:00,4178.826388888889
tektoncd/pipeline,8767,2025-05-14 05:53:28+00:00,2025-05-14 06:07:12+00:00,2025-05-21 08:17:58+00:00,170.17944444444444
tektoncd/pipeline,8766,2025-05-12 18:49:05+00:00,2025-05-13 04:34:45+00:00,2025-05-13 04:45:54+00:00,0.18583333333333332
tektoncd/pipeline,8765,2025-05-12 18:49:01+00:00,2025-05-13 04:35:17+00:00,2025-05-13 05:07:55+00:00,0.5438888888888889
tektoncd/pipeline,8764,2025-05-12 18:48:57+00:00,2025-05-13 04:39:14+00:00,2025-05-13 04:43:54+00:00,0.07777777777777778
tektoncd/pipeline,8763,2025-05-12 18:35:45+00:00,2025-05-13 04:37:55+00:00,2025-05-13 04:39:54+00:00,0.03305555555555555
tektoncd/pipeline,8762,2025-05-12 18:16:49+00:00,2025-05-13 04:39:13+00:00,2025-05-13 05:01:55+00:00,0.37833333333333335
tektoncd/pipeline,8761,2025-05-12 14:27:58+00:00,2025-05-12 17:16:47+00:00,2025-05-12 17:45:54+00:00,0.48527777777777775
tektoncd/pipeline,8758,2025-05-12 09:41:41+00:00,2025-07-18 13:56:53+00:00,2025-07-18 13:58:10+00:00,0.021388888888888888
tektoncd/pipeline,8754,2025-05-07 18:12:21+00:00,2025-05-12 06:23:23+00:00,2025-05-12 07:41:54+00:00,1.3086111111111112
tektoncd/pipeline,8753,2025-05-07 18:12:11+00:00,2025-05-12 06:23:57+00:00,2025-05-12 08:17:54+00:00,1.8991666666666667
tektoncd/pipeline,8752,2025-05-07 18:12:01+00:00,2025-05-12 06:24:23+00:00,2025-05-12 07:39:54+00:00,1.2586111111111111
tektoncd/pipeline,8751,2025-05-07 18:11:49+00:00,2025-05-12 07:04:06+00:00,2025-05-12 07:37:54+00:00,0.5633333333333334
tektoncd/pipeline,8749,2025-05-06 18:15:28+00:00,2025-05-07 07:19:51+00:00,2025-05-07 07:25:51+00:00,0.1
tektoncd/pipeline,8748,2025-05-06 18:15:21+00:00,2025-05-07 07:19:52+00:00,2025-05-07 07:23:51+00:00,0.06638888888888889
tektoncd/pipeline,8747,2025-05-06 18:15:11+00:00,2025-05-07 07:19:54+00:00,2025-05-07 07:21:51+00:00,0.0325
tektoncd/pipeline,8746,2025-05-06 14:54:58+00:00,2025-05-07 10:06:50+00:00,2025-05-12 08:37:54+00:00,118.51777777777778
tektoncd/pipeline,8745,2025-05-06 11:48:00+00:00,2025-05-07 09:43:32+00:00,2025-05-12 09:57:54+00:00,120.23944444444444
tektoncd/pipeline,8744,2025-05-06 08:42:48+00:00,2025-05-06 08:45:03+00:00,2025-05-13 06:15:54+00:00,165.51416666666665
tektoncd/pipeline,8743,2025-05-06 08:00:28+00:00,,2025-05-06 14:17:51+00:00,
tektoncd/pipeline,8742,2025-05-05 19:02:33+00:00,2025-05-06 04:38:36+00:00,2025-05-06 04:55:51+00:00,0.2875
tektoncd/pipeline,8741,2025-05-05 18:39:01+00:00,2025-05-06 04:38:39+00:00,2025-05-06 04:51:51+00:00,0.22
tektoncd/pipeline,8740,2025-05-05 18:36:11+00:00,,2025-05-12 09:57:54+00:00,
tektoncd/pipeline,8739,2025-05-05 18:21:55+00:00,2025-05-06 04:38:46+00:00,2025-05-06 04:49:52+00:00,0.185
tektoncd/pipeline,8738,2025-05-01 18:28:30+00:00,2025-05-12 08:51:02+00:00,2025-06-05 18:54:59+00:00,586.0658333333333
tektoncd/pipeline,8737,2025-04-30 18:57:45+00:00,2025-05-06 04:38:42+00:00,2025-05-06 04:45:51+00:00,0.11916666666666667
tektoncd/pipeline,8736,2025-04-30 18:57:35+00:00,2025-05-06 04:38:45+00:00,2025-05-07 13:27:51+00:00,32.818333333333335
tektoncd/pipeline,8735,2025-04-30 18:57:20+00:00,2025-05-06 04:38:38+00:00,2025-05-06 04:43:53+00:00,0.0875
tektoncd/pipeline,8734,2025-04-30 18:57:12+00:00,2025-05-06 04:38:41+00:00,2025-05-06 04:41:52+00:00,0.05305555555555556
tektoncd/pipeline,8733,2025-04-29 18:31:52+00:00,2025-04-30 14:37:54+00:00,2025-04-30 16:16:45+00:00,1.6475
tektoncd/pipeline,8732,2025-04-28 21:56:19+00:00,2025-04-30 14:37:52+00:00,2025-04-30 14:42:45+00:00,0.08138888888888889
tektoncd/pipeline,8731,2025-04-28 20:04:01+00:00,2025-04-28 21:53:01+00:00,2025-04-30 16:48:44+00:00,42.92861111111111
tektoncd/pipeline,8730,2025-04-28 19:24:34+00:00,2025-04-30 14:38:01+00:00,2025-04-30 14:40:44+00:00,0.04527777777777778
tektoncd/pipeline,8729,2025-04-28 19:24:10+00:00,2025-04-28 21:52:56+00:00,2025-04-28 22:04:43+00:00,0.1963888888888889
tektoncd/pipeline,8728,2025-04-28 19:23:45+00:00,2025-04-28 21:52:58+00:00,2025-04-28 22:02:42+00:00,0.1622222222222222
tektoncd/pipeline,8727,2025-04-28 19:22:23+00:00,2025-04-28 21:52:54+00:00,2025-04-28 21:58:43+00:00,0.09694444444444444
tektoncd/pipeline,8726,2025-04-27 17:59:48+00:00,2025-05-12 14:03:40+00:00,2025-06-11 14:35:00+00:00,720.5222222222222
tektoncd/pipeline,8725,2025-04-25 18:21:57+00:00,2025-04-30 14:38:00+00:00,2025-04-30 14:38:46+00:00,0.012777777777777779
tektoncd/pipeline,8724,2025-04-25 18:21:09+00:00,2025-04-28 21:52:59+00:00,2025-04-28 21:56:43+00:00,0.06222222222222222
tektoncd/pipeline,8723,2025-04-25 18:20:26+00:00,2025-04-28 21:52:55+00:00,2025-04-28 21:54:43+00:00,0.03
tektoncd/pipeline,8722,2025-04-21 18:47:42+00:00,2025-04-23 10:52:28+00:00,2025-04-23 10:52:43+00:00,0.004166666666666667
tektoncd/pipeline,8721,2025-04-21 18:29:59+00:00,,2025-04-23 12:12:41+00:00,
tektoncd/pipeline,8719,2025-04-18 18:02:11+00:00,2025-04-22 22:48:27+00:00,2025-04-30 12:48:44+00:00,182.00472222222223
tektoncd/pipeline,8717,2025-04-18 09:30:37+00:00,2025-05-14 12:53:24+00:00,2025-05-20 11:19:57+00:00,142.4425
tektoncd/pipeline,8715,2025-04-17 14:40:47+00:00,,2025-05-12 07:57:49+00:00,
tektoncd/pipeline,8714,2025-04-17 12:59:52+00:00,2025-05-12 08:49:38+00:00,2025-05-13 11:31:54+00:00,26.704444444444444
tektoncd/pipeline,8712,2025-04-16 18:44:53+00:00,,2025-04-28 16:41:55+00:00,
tektoncd/pipeline,8710,2025-04-15 13:31:10+00:00,2025-05-12 09:26:30+00:00,2025-05-12 16:53:54+00:00,7.456666666666667
tektoncd/pipeline,8709,2025-04-15 10:50:56+00:00,2025-05-09 01:48:55+00:00,2025-05-20 13:17:58+00:00,275.4841666666667
tektoncd/pipeline,8708,2025-04-14 22:42:32+00:00,2025-04-23 10:52:30+00:00,2025-05-06 04:39:52+00:00,305.7894444444444
tektoncd/pipeline,8707,2025-04-14 22:14:05+00:00,2025-04-14 22:20:00+00:00,2025-04-25 15:23:54+00:00,257.065
tektoncd/pipeline,8706,2025-04-14 22:13:40+00:00,2025-04-14 22:20:40+00:00,2025-04-30 16:18:44+00:00,377.96777777777777
tektoncd/pipeline,8705,2025-04-14 18:40:45+00:00,2025-04-14 22:09:59+00:00,2025-04-14 22:10:58+00:00,0.01638888888888889
tektoncd/pipeline,8704,2025-04-14 18:40:39+00:00,2025-04-14 22:37:21+00:00,2025-04-14 22:44:58+00:00,0.12694444444444444
tektoncd/pipeline,8703,2025-04-14 18:40:32+00:00,2025-04-14 22:37:34+00:00,2025-04-14 22:42:58+00:00,0.09
tektoncd/pipeline,8702,2025-04-14 18:38:54+00:00,2025-04-14 22:37:52+00:00,2025-04-14 22:40:58+00:00,0.051666666666666666
tektoncd/pipeline,8699,2025-04-12 23:00:31+00:00,2025-04-14 22:38:42+00:00,2025-04-14 22:38:58+00:00,0.0044444444444444444
tektoncd/pipeline,8698,2025-04-11 18:26:25+00:00,,2025-04-16 18:44:57+00:00,
tektoncd/pipeline,8696,2025-04-10 09:02:22+00:00,2025-05-20 13:13:48+00:00,2025-06-11 13:45:00+00:00,528.52
tektoncd/pipeline,8695,2025-04-09 19:03:29+00:00,,2025-04-25 18:21:13+00:00,
tektoncd/pipeline,8694,2025-04-09 19:03:11+00:00,,2025-04-25 18:22:01+00:00,
tektoncd/pipeline,8693,2025-04-09 15:31:18+00:00,2025-04-10 10:46:15+00:00,2025-04-30 16:14:44+00:00,485.4747222222222
tektoncd/pipeline,8692,2025-04-08 19:03:15+00:00,,2025-04-09 19:03:15+00:00,
tektoncd/pipeline,8691,2025-04-08 19:02:35+00:00,,2025-04-09 19:03:32+00:00,
tektoncd/pipeline,8690,2025-04-07 20:00:58+00:00,2025-04-08 07:27:19+00:00,2025-04-08 07:36:55+00:00,0.16
tektoncd/pipeline,8689,2025-04-07 19:58:18+00:00,2025-04-08 07:27:30+00:00,2025-04-08 07:34:56+00:00,0.1238888888888889
tektoncd/pipeline,8688,2025-04-07 19:53:48+00:00,2025-04-08 07:27:39+00:00,2025-04-08 07:32:56+00:00,0.08805555555555555
tektoncd/pipeline,8687,2025-04-07 19:50:35+00:00,2025-04-08 07:27:49+00:00,2025-04-08 07:30:56+00:00,0.051944444444444446
tektoncd/pipeline,8686,2025-04-07 19:27:45+00:00,2025-04-08 07:28:00+00:00,2025-04-08 07:28:58+00:00,0.01611111111111111
tektoncd/pipeline,8685,2025-04-05 17:36:29+00:00,2025-04-07 09:15:53+00:00,2025-05-07 10:01:52+00:00,720.7663888888889
tektoncd/pipeline,8683,2025-04-01 10:10:27+00:00,2025-04-01 15:38:37+00:00,2025-04-22 16:06:41+00:00,504.46777777777777
tektoncd/pipeline,8682,2025-03-31 19:32:25+00:00,2025-04-01 15:18:23+00:00,2025-04-07 19:58:21+00:00,148.66611111111112
tektoncd/pipeline,8680,2025-03-28 22:53:14+00:00,2025-04-01 15:19:29+00:00,2025-04-14 12:42:58+00:00,309.3913888888889
tektoncd/pipeline,8679,2025-03-28 22:52:52+00:00,,2025-04-25 15:23:51+00:00,
tektoncd/pipeline,8678,2025-03-28 22:52:39+00:00,2025-04-01 15:19:45+00:00,2025-04-01 15:20:52+00:00,0.01861111111111111
tektoncd/pipeline,8677,2025-03-28 20:12:15+00:00,2025-03-28 20:27:24+00:00,2025-04-28 16:40:43+00:00,740.2219444444445
tektoncd/pipeline,8676,2025-03-28 18:14:40+00:00,2025-04-01 15:20:02+00:00,2025-04-01 15:48:52+00:00,0.48055555555555557
tektoncd/pipeline,8675,2025-03-28 18:13:47+00:00,,2025-05-01 18:28:34+00:00,
tektoncd/pipeline,8674,2025-03-27 18:01:52+00:00,2025-03-27 18:16:54+00:00,2025-04-09 12:20:56+00:00,306.0672222222222
tektoncd/pipeline,8672,2025-03-25 19:02:11+00:00,2025-03-26 16:53:55+00:00,2025-04-01 13:20:52+00:00,140.44916666666666
tektoncd/pipeline,8670,2025-03-25 11:33:55+00:00,,2025-03-25 12:06:49+00:00,
tektoncd/pipeline,8669,2025-03-25 10:44:34+00:00,,2025-08-04 11:01:57+00:00,
tektoncd/pipeline,8668,2025-03-24 19:44:07+00:00,2025-03-25 11:20:13+00:00,2025-03-25 11:30:48+00:00,0.1763888888888889
tektoncd/pipeline,8667,2025-03-24 19:20:42+00:00,2025-03-25 11:20:11+00:00,2025-03-25 11:26:49+00:00,0.11055555555555556
tektoncd/pipeline,8666,2025-03-24 19:19:55+00:00,2025-03-25 11:20:09+00:00,2025-03-25 11:24:49+00:00,0.07777777777777778
tektoncd/pipeline,8665,2025-03-24 19:19:30+00:00,2025-03-25 11:20:17+00:00,2025-03-25 11:22:49+00:00,0.042222222222222223
tektoncd/pipeline,8664,2025-03-24 19:19:25+00:00,2025-03-25 11:20:21+00:00,2025-03-25 11:20:50+00:00,0.008055555555555555
tektoncd/pipeline,8663,2025-03-24 19:17:06+00:00,2025-03-25 11:20:19+00:00,2025-05-05 18:36:15+00:00,991.2655555555556
tektoncd/pipeline,8662,2025-03-24 14:41:43+00:00,2025-03-25 11:56:09+00:00,2025-03-25 14:12:49+00:00,2.2777777777777777
tektoncd/pipeline,8661,2025-03-24 11:00:55+00:00,2025-03-24 11:40:57+00:00,2025-03-24 12:10:48+00:00,0.4975
tektoncd/pipeline,8658,2025-03-20 19:11:54+00:00,2025-03-21 11:04:59+00:00,2025-03-28 18:13:51+00:00,175.14777777777778
tektoncd/pipeline,8657,2025-03-19 18:50:58+00:00,2025-07-07 09:51:06+00:00,2025-07-07 10:08:00+00:00,0.2816666666666667
tektoncd/pipeline,8656,2025-03-18 08:47:00+00:00,2025-05-21 09:01:03+00:00,,
tektoncd/pipeline,8655,2025-03-17 19:24:00+00:00,,2025-03-24 19:19:29+00:00,
tektoncd/pipeline,8654,2025-03-17 19:21:46+00:00,2025-03-18 16:19:09+00:00,2025-03-18 16:22:46+00:00,0.06027777777777778
tektoncd/pipeline,8653,2025-03-17 19:04:08+00:00,2025-03-18 16:18:56+00:00,2025-03-18 16:20:46+00:00,0.030555555555555555
tektoncd/pipeline,8651,2025-03-17 09:50:02+00:00,2025-03-18 16:18:33+00:00,2025-03-18 16:46:45+00:00,0.47
tektoncd/pipeline,8650,2025-03-14 20:59:17+00:00,2025-03-25 16:02:23+00:00,2025-04-09 02:32:55+00:00,346.50888888888886
tektoncd/pipeline,8649,2025-03-14 10:48:50+00:00,2025-03-14 10:58:34+00:00,2025-03-14 16:06:11+00:00,5.126944444444445
tektoncd/pipeline,8648,2025-03-14 10:48:21+00:00,2025-03-14 10:58:39+00:00,2025-03-14 15:40:11+00:00,4.692222222222222
tektoncd/pipeline,8646,2025-03-14 03:45:24+00:00,2025-03-14 10:45:11+00:00,2025-03-14 10:46:11+00:00,0.016666666666666666
tektoncd/pipeline,8645,2025-03-13 18:18:30+00:00,2025-03-19 14:25:00+00:00,2025-03-28 15:18:50+00:00,216.8972222222222
tektoncd/pipeline,8644,2025-03-13 06:17:35+00:00,2025-03-13 07:20:52+00:00,2025-03-13 16:40:11+00:00,9.321944444444444
tektoncd/pipeline,8642,2025-03-12 22:54:12+00:00,2025-03-12 23:19:33+00:00,2025-07-07 02:17:35+00:00,2786.967222222222
tektoncd/pipeline,8641,2025-03-12 20:22:11+00:00,2025-03-13 10:58:23+00:00,2025-03-13 16:42:11+00:00,5.73
tektoncd/pipeline,8640,2025-03-11 18:21:07+00:00,,2025-04-08 19:02:39+00:00,
tektoncd/pipeline,8639,2025-03-11 18:20:40+00:00,,2025-04-08 19:03:19+00:00,
tektoncd/pipeline,8638,2025-03-11 17:57:51+00:00,2025-06-11 13:58:12+00:00,,
tektoncd/pipeline,8636,2025-03-11 14:47:47+00:00,2025-04-01 16:01:08+00:00,2025-08-15 14:58:06+00:00,3262.9494444444445
tektoncd/pipeline,8635,2025-03-11 13:22:08+00:00,2025-03-17 14:42:54+00:00,2025-04-01 15:34:52+00:00,360.86611111111114
tektoncd/pipeline,8633,2025-03-10 18:32:20+00:00,2025-03-12 14:35:21+00:00,2025-03-12 14:39:06+00:00,0.0625
tektoncd/pipeline,8632,2025-03-10 18:17:42+00:00,2025-03-12 14:35:32+00:00,2025-03-12 14:37:07+00:00,0.02638888888888889
tektoncd/pipeline,8631,2025-03-07 18:18:37+00:00,,2025-03-20 19:11:58+00:00,
tektoncd/pipeline,8630,2025-03-07 18:09:53+00:00,2025-03-12 12:13:36+00:00,2025-03-12 12:15:06+00:00,0.025
tektoncd/pipeline,8629,2025-03-07 15:21:40+00:00,2025-03-07 15:53:01+00:00,2025-07-07 10:04:00+00:00,2922.1830555555557
tektoncd/pipeline,8626,2025-03-06 18:59:21+00:00,,2025-03-11 18:20:45+00:00,
tektoncd/pipeline,8625,2025-03-06 18:59:12+00:00,,2025-03-11 18:21:10+00:00,
tektoncd/pipeline,8624,2025-03-06 17:38:17+00:00,2025-03-11 08:09:33+00:00,2025-08-14 15:00:06+00:00,3750.8425
tektoncd/pipeline,8620,2025-03-04 20:09:13+00:00,2025-03-04 20:29:48+00:00,,
tektoncd/pipeline,8619,2025-03-04 18:43:34+00:00,2025-03-06 08:56:03+00:00,2025-03-06 08:57:03+00:00,0.016666666666666666
tektoncd/pipeline,8618,2025-03-04 18:43:29+00:00,2025-03-06 08:56:12+00:00,2025-03-06 09:21:03+00:00,0.4141666666666667
tektoncd/pipeline,8617,2025-03-04 18:43:19+00:00,,2025-04-11 18:26:29+00:00,
tektoncd/pipeline,8616,2025-03-04 01:12:03+00:00,2025-03-04 11:47:51+00:00,2025-05-20 13:15:27+00:00,1849.46
tektoncd/pipeline,8615,2025-03-03 18:49:04+00:00,2025-03-04 11:33:09+00:00,2025-03-04 11:45:02+00:00,0.19805555555555557
tektoncd/pipeline,8614,2025-03-03 18:48:56+00:00,2025-03-04 11:33:10+00:00,2025-03-13 11:18:11+00:00,215.75027777777777
tektoncd/pipeline,8613,2025-03-03 18:48:49+00:00,2025-03-04 11:33:14+00:00,2025-03-04 11:43:02+00:00,0.16333333333333333
tektoncd/pipeline,8612,2025-03-03 18:48:39+00:00,2025-03-04 11:33:13+00:00,2025-03-04 11:39:03+00:00,0.09722222222222222
tektoncd/pipeline,8611,2025-03-03 18:16:03+00:00,2025-03-04 11:33:06+00:00,2025-03-04 11:41:03+00:00,0.1325
tektoncd/pipeline,8610,2025-03-03 18:14:53+00:00,2025-03-04 11:33:04+00:00,2025-03-04 11:37:03+00:00,0.06638888888888889
tektoncd/pipeline,8609,2025-03-03 18:14:50+00:00,2025-03-04 11:33:11+00:00,2025-03-04 11:35:03+00:00,0.03111111111111111
tektoncd/pipeline,8608,2025-03-03 18:14:44+00:00,2025-03-04 11:33:07+00:00,2025-03-13 10:52:12+00:00,215.31805555555556
tektoncd/pipeline,8606,2025-03-03 14:51:33+00:00,2025-03-03 15:13:21+00:00,2025-03-03 15:27:02+00:00,0.22805555555555557
tektoncd/pipeline,8605,2025-03-03 10:40:02+00:00,2025-03-03 16:08:38+00:00,2025-04-01 15:32:52+00:00,695.4038888888889
tektoncd/pipeline,8604,2025-03-03 10:22:03+00:00,2025-03-03 10:23:57+00:00,2025-03-03 15:25:02+00:00,5.018055555555556
tektoncd/pipeline,8603,2025-03-01 07:04:48+00:00,2025-03-01 07:14:44+00:00,2025-03-28 16:44:50+00:00,657.5016666666667
tektoncd/pipeline,8601,2025-02-27 17:33:32+00:00,2025-04-01 15:30:18+00:00,2025-04-22 15:44:42+00:00,504.24
tektoncd/pipeline,8600,2025-02-27 15:59:07+00:00,2025-02-27 16:04:16+00:00,2025-04-07 10:24:54+00:00,930.3438888888888
tektoncd/pipeline,8599,2025-02-26 16:55:57+00:00,2025-04-07 09:10:55+00:00,2025-07-30 20:57:21+00:00,2747.773888888889
tektoncd/pipeline,8598,2025-02-25 18:08:58+00:00,2025-03-03 11:36:57+00:00,2025-03-03 14:25:02+00:00,2.801388888888889
tektoncd/pipeline,8597,2025-02-25 18:08:48+00:00,2025-03-03 11:36:51+00:00,2025-03-03 14:23:02+00:00,2.769722222222222
tektoncd/pipeline,8596,2025-02-25 18:08:43+00:00,2025-03-03 11:36:46+00:00,2025-03-03 11:39:01+00:00,0.0375
tektoncd/pipeline,8595,2025-02-25 18:08:34+00:00,2025-03-03 11:36:38+00:00,2025-03-03 11:37:02+00:00,0.006666666666666667
tektoncd/pipeline,8594,2025-02-24 19:47:16+00:00,2025-03-03 13:59:46+00:00,2025-03-03 14:17:02+00:00,0.2877777777777778
tektoncd/pipeline,8593,2025-02-24 19:47:13+00:00,2025-02-25 09:52:45+00:00,2025-02-25 10:05:02+00:00,0.20472222222222222
tektoncd/pipeline,8592,2025-02-24 19:47:09+00:00,2025-02-25 09:52:43+00:00,2025-03-03 12:09:01+00:00,146.27166666666668
tektoncd/pipeline,8591,2025-02-24 19:47:02+00:00,2025-02-25 09:52:40+00:00,2025-02-25 10:03:02+00:00,0.17277777777777778
tektoncd/pipeline,8590,2025-02-24 19:46:58+00:00,2025-02-25 09:52:38+00:00,2025-02-25 10:01:03+00:00,0.14027777777777778
tektoncd/pipeline,8589,2025-02-24 19:26:44+00:00,2025-02-25 09:52:42+00:00,2025-03-03 12:05:01+00:00,146.20527777777778
tektoncd/pipeline,8588,2025-02-24 18:41:42+00:00,,2025-05-12 08:45:53+00:00,
tektoncd/pipeline,8585,2025-02-19 18:58:07+00:00,2025-02-25 09:52:50+00:00,2025-02-25 09:59:02+00:00,0.10333333333333333
tektoncd/pipeline,8584,2025-02-19 18:57:24+00:00,2025-02-25 09:52:37+00:00,2025-02-25 09:57:03+00:00,0.07388888888888889
tektoncd/pipeline,8583,2025-02-19 12:34:24+00:00,2025-02-19 12:40:37+00:00,2025-02-19 14:28:56+00:00,1.8052777777777778
tektoncd/pipeline,8582,2025-02-19 12:32:41+00:00,2025-02-19 12:40:20+00:00,2025-02-19 14:48:56+00:00,2.1433333333333335
tektoncd/pipeline,8581,2025-02-19 12:31:08+00:00,2025-02-19 12:40:06+00:00,2025-02-19 14:26:55+00:00,1.7802777777777778
tektoncd/pipeline,8580,2025-02-19 12:27:50+00:00,2025-02-19 12:39:52+00:00,2025-02-19 20:34:56+00:00,7.917777777777777
tektoncd/pipeline,8579,2025-02-19 10:43:54+00:00,2025-02-19 16:05:15+00:00,2025-02-20 10:50:56+00:00,18.761388888888888
tektoncd/pipeline,8578,2025-02-18 18:57:04+00:00,,2025-02-19 18:58:11+00:00,
tektoncd/pipeline,8577,2025-02-18 12:29:42+00:00,2025-02-19 11:47:14+00:00,2025-02-19 12:22:55+00:00,0.5947222222222223
tektoncd/pipeline,8576,2025-02-18 09:28:47+00:00,2025-02-25 09:52:49+00:00,2025-02-25 09:55:03+00:00,0.03722222222222222
tektoncd/pipeline,8574,2025-02-17 20:36:33+00:00,2025-02-18 08:55:52+00:00,2025-03-28 17:24:50+00:00,920.4827777777778
tektoncd/pipeline,8573,2025-02-17 18:18:03+00:00,,2025-02-18 08:22:56+00:00,
tektoncd/pipeline,8570,2025-02-17 15:57:10+00:00,,2025-02-17 22:22:55+00:00,
tektoncd/pipeline,8569,2025-02-17 14:06:40+00:00,2025-02-18 10:50:27+00:00,2025-02-20 10:47:01+00:00,47.94277777777778
tektoncd/pipeline,8568,2025-02-14 18:58:42+00:00,2025-02-18 07:41:32+00:00,2025-02-18 11:12:57+00:00,3.5236111111111112
tektoncd/pipeline,8567,2025-02-13 18:20:10+00:00,2025-02-17 15:55:01+00:00,2025-02-18 09:26:55+00:00,17.531666666666666
tektoncd/pipeline,8566,2025-02-13 18:20:01+00:00,2025-02-17 15:54:59+00:00,2025-02-19 18:57:29+00:00,51.041666666666664
tektoncd/pipeline,8565,2025-02-13 18:07:48+00:00,,2025-02-14 18:58:45+00:00,
tektoncd/pipeline,8563,2025-02-12 18:42:12+00:00,,2025-02-13 18:07:52+00:00,
tektoncd/pipeline,8562,2025-02-11 08:47:47+00:00,2025-02-12 09:44:09+00:00,2025-02-13 21:40:53+00:00,35.94555555555556
tektoncd/pipeline,8560,2025-02-10 18:49:41+00:00,2025-02-11 16:12:19+00:00,2025-02-11 16:12:56+00:00,0.010277777777777778
tektoncd/pipeline,8559,2025-02-07 10:59:17+00:00,2025-02-07 12:01:33+00:00,2025-02-07 14:15:43+00:00,2.236111111111111
tektoncd/pipeline,8557,2025-02-06 18:40:41+00:00,,2025-02-08 12:57:43+00:00,
tektoncd/pipeline,8555,2025-02-05 18:17:11+00:00,2025-02-18 07:41:30+00:00,2025-02-18 09:28:50+00:00,1.788888888888889
tektoncd/pipeline,8554,2025-02-04 18:09:13+00:00,2025-02-05 14:23:34+00:00,2025-02-06 07:01:34+00:00,16.633333333333333
tektoncd/pipeline,8553,2025-02-04 18:08:56+00:00,2025-02-05 14:23:36+00:00,2025-02-05 18:17:15+00:00,3.8941666666666666
tektoncd/pipeline,8552,2025-02-03 18:37:07+00:00,2025-02-04 14:01:37+00:00,2025-02-04 14:03:32+00:00,0.03194444444444444
tektoncd/pipeline,8551,2025-02-03 18:24:41+00:00,2025-02-05 14:23:37+00:00,2025-02-25 09:53:04+00:00,475.49083333333334
tektoncd/pipeline,8550,2025-02-03 18:24:19+00:00,2025-02-05 14:23:39+00:00,2025-02-07 11:05:43+00:00,44.70111111111111
tektoncd/pipeline,8549,2025-02-03 18:09:52+00:00,2025-02-05 14:23:40+00:00,2025-02-06 01:45:33+00:00,11.364722222222222
tektoncd/pipeline,8548,2025-02-03 09:34:33+00:00,2025-02-05 10:42:07+00:00,2025-03-03 16:35:02+00:00,629.8819444444445
tektoncd/pipeline,8547,2025-01-31 18:35:02+00:00,,2025-03-07 18:18:41+00:00,
tektoncd/pipeline,8546,2025-01-31 16:47:14+00:00,2025-02-01 14:01:48+00:00,2025-04-28 23:06:43+00:00,2073.0819444444446
tektoncd/pipeline,8545,2025-01-31 10:20:42+00:00,2025-01-31 10:59:22+00:00,2025-01-31 10:59:40+00:00,0.005
tektoncd/pipeline,8544,2025-01-31 05:23:50+00:00,2025-02-01 14:10:43+00:00,2025-03-19 13:28:52+00:00,1103.3025
tektoncd/pipeline,8542,2025-01-30 10:35:57+00:00,2025-01-30 10:55:30+00:00,2025-03-20 10:10:46+00:00,1175.2544444444445
tektoncd/pipeline,8541,2025-01-29 18:37:46+00:00,,2025-01-30 12:39:39+00:00,
tektoncd/pipeline,8540,2025-01-29 09:21:30+00:00,2025-01-29 09:24:51+00:00,2025-01-30 10:47:39+00:00,25.38
tektoncd/pipeline,8538,2025-01-28 16:09:25+00:00,2025-02-07 12:00:18+00:00,2025-02-18 22:38:56+00:00,274.6438888888889
tektoncd/pipeline,8537,2025-01-28 16:01:33+00:00,2025-01-28 16:09:49+00:00,2025-04-01 16:30:52+00:00,1512.3508333333334
tektoncd/pipeline,8536,2025-01-28 12:59:09+00:00,2025-01-29 11:13:11+00:00,2025-01-30 14:31:39+00:00,27.307777777777776
tektoncd/pipeline,8534,2025-01-27 18:44:56+00:00,2025-01-27 22:01:57+00:00,2025-01-27 22:03:40+00:00,0.02861111111111111
tektoncd/pipeline,8533,2025-01-27 18:29:57+00:00,2025-01-27 22:01:56+00:00,2025-01-30 11:57:46+00:00,61.93055555555556
tektoncd/pipeline,8532,2025-01-27 18:12:17+00:00,2025-01-27 22:02:00+00:00,2025-01-29 18:37:50+00:00,44.59722222222222
tektoncd/pipeline,8530,2025-01-24 18:34:54+00:00,,2025-01-27 17:09:38+00:00,
tektoncd/pipeline,8528,2025-01-24 08:24:29+00:00,2025-01-24 09:34:55+00:00,2025-01-28 12:11:38+00:00,98.61194444444445
tektoncd/pipeline,8527,2025-01-23 18:34:52+00:00,,2025-01-27 17:53:38+00:00,
tektoncd/pipeline,8526,2025-01-23 18:34:41+00:00,,2025-05-12 07:39:42+00:00,
tektoncd/pipeline,8525,2025-01-23 18:34:19+00:00,2025-01-27 22:01:58+00:00,2025-01-27 22:39:38+00:00,0.6277777777777778
tektoncd/pipeline,8524,2025-01-23 16:20:11+00:00,2025-02-02 04:54:49+00:00,2025-02-20 11:18:56+00:00,438.40194444444444
tektoncd/pipeline,8522,2025-01-23 01:42:49+00:00,2025-01-23 13:47:06+00:00,2025-02-28 02:39:12+00:00,852.8683333333333
tektoncd/pipeline,8521,2025-01-22 18:46:06+00:00,2025-01-23 14:03:43+00:00,2025-01-23 15:01:13+00:00,0.9583333333333334
tektoncd/pipeline,8520,2025-01-22 18:46:00+00:00,2025-01-23 14:03:46+00:00,2025-01-23 14:59:44+00:00,0.9327777777777778
tektoncd/pipeline,8519,2025-01-22 18:45:52+00:00,2025-01-23 14:03:45+00:00,2025-01-23 14:59:36+00:00,0.9308333333333333
tektoncd/pipeline,8518,2025-01-22 18:45:46+00:00,2025-01-23 14:03:40+00:00,2025-01-23 14:05:36+00:00,0.03222222222222222
tektoncd/pipeline,8517,2025-01-22 17:53:51+00:00,,2025-04-25 13:34:42+00:00,
tektoncd/pipeline,8516,2025-01-22 17:53:47+00:00,,2025-01-22 18:39:36+00:00,
tektoncd/pipeline,8515,2025-01-22 17:53:44+00:00,,2025-01-22 18:39:36+00:00,
tektoncd/pipeline,8513,2025-01-22 15:57:53+00:00,,2025-01-23 10:22:23+00:00,
tektoncd/pipeline,8512,2025-01-22 13:49:43+00:00,2025-06-11 13:54:52+00:00,,
tektoncd/pipeline,8511,2025-01-21 13:47:39+00:00,2025-01-24 13:22:00+00:00,2025-04-22 11:25:51+00:00,2110.0641666666666
tektoncd/pipeline,8510,2025-01-20 20:49:51+00:00,2025-01-20 21:05:14+00:00,2025-01-24 11:11:36+00:00,86.1061111111111
tektoncd/pipeline,8509,2025-01-20 18:55:47+00:00,2025-01-22 11:51:44+00:00,2025-01-22 12:29:58+00:00,0.6372222222222222
tektoncd/pipeline,8508,2025-01-20 18:55:40+00:00,2025-01-22 11:51:45+00:00,2025-01-23 15:41:36+00:00,27.830833333333334
tektoncd/pipeline,8507,2025-01-20 18:55:38+00:00,2025-01-22 11:51:46+00:00,2025-01-22 12:29:51+00:00,0.6347222222222222
tektoncd/pipeline,8506,2025-01-20 18:34:33+00:00,2025-01-22 11:51:48+00:00,2025-01-22 12:29:44+00:00,0.6322222222222222
tektoncd/pipeline,8505,2025-01-20 18:23:44+00:00,2025-01-22 11:51:49+00:00,2025-01-22 13:01:36+00:00,1.1630555555555555
tektoncd/pipeline,8504,2025-01-20 18:23:36+00:00,2025-01-22 11:51:50+00:00,2025-01-22 12:29:37+00:00,0.6297222222222222
tektoncd/pipeline,8503,2025-01-20 18:23:27+00:00,2025-01-22 11:51:52+00:00,2025-01-22 11:53:37+00:00,0.029166666666666667
tektoncd/pipeline,8502,2025-01-17 18:26:15+00:00,,2025-01-20 13:07:34+00:00,
tektoncd/pipeline,8501,2025-01-17 18:26:03+00:00,2025-01-22 11:51:53+00:00,2025-01-22 13:02:49+00:00,1.1822222222222223
tektoncd/pipeline,8500,2025-01-17 18:25:56+00:00,,2025-01-20 12:27:35+00:00,
tektoncd/pipeline,8499,2025-01-16 18:35:46+00:00,2025-01-17 12:26:21+00:00,2025-01-20 14:57:35+00:00,74.52055555555556
tektoncd/pipeline,8498,2025-01-16 18:35:00+00:00,2025-01-17 12:26:24+00:00,2025-01-17 13:04:17+00:00,0.6313888888888889
tektoncd/pipeline,8497,2025-01-16 18:34:52+00:00,2025-01-17 12:26:22+00:00,2025-01-17 13:04:10+00:00,0.63
tektoncd/pipeline,8496,2025-01-16 18:34:47+00:00,2025-01-17 12:26:19+00:00,2025-01-17 12:28:03+00:00,0.028888888888888888
tektoncd/pipeline,8494,2025-01-15 18:32:02+00:00,2025-01-16 12:17:22+00:00,2025-01-16 12:52:04+00:00,0.5783333333333334
tektoncd/pipeline,8493,2025-01-15 18:31:55+00:00,2025-01-16 12:17:16+00:00,2025-01-16 13:28:03+00:00,1.1797222222222221
tektoncd/pipeline,8492,2025-01-15 18:31:50+00:00,,2025-01-16 18:35:49+00:00,
tektoncd/pipeline,8491,2025-01-15 18:31:42+00:00,2025-01-16 12:17:08+00:00,2025-01-16 12:18:03+00:00,0.015277777777777777
tektoncd/pipeline,8490,2025-01-15 16:09:17+00:00,2025-03-03 09:27:15+00:00,2025-03-11 15:45:09+00:00,198.29833333333335
tektoncd/pipeline,8489,2025-01-15 15:07:55+00:00,2025-01-16 15:14:09+00:00,2025-01-16 16:48:04+00:00,1.5652777777777778
tektoncd/pipeline,8488,2025-01-14 18:21:01+00:00,2025-01-14 18:23:30+00:00,2025-01-15 11:46:02+00:00,17.375555555555554
tektoncd/pipeline,8487,2025-01-14 15:40:20+00:00,2025-01-14 15:41:19+00:00,2025-04-01 04:12:51+00:00,1836.5255555555555
tektoncd/pipeline,8484,2025-01-14 09:29:03+00:00,2025-01-14 09:48:19+00:00,2025-01-14 13:26:08+00:00,3.6302777777777777
tektoncd/pipeline,8482,2025-01-13 18:13:09+00:00,2025-01-24 13:20:02+00:00,2025-04-25 15:22:42+00:00,2186.0444444444443
tektoncd/pipeline,8481,2025-01-13 18:09:20+00:00,2025-01-14 12:49:36+00:00,2025-01-14 13:26:01+00:00,0.6069444444444444
tektoncd/pipeline,8480,2025-01-13 15:11:41+00:00,2025-01-13 23:01:34+00:00,2025-01-13 23:02:01+00:00,0.0075
tektoncd/pipeline,8478,2025-01-09 18:51:17+00:00,2025-01-14 18:24:57+00:00,2025-01-14 19:08:08+00:00,0.7197222222222223
tektoncd/pipeline,8477,2025-01-09 18:50:31+00:00,2025-01-14 18:24:55+00:00,2025-01-15 10:38:02+00:00,16.218611111111112
tektoncd/pipeline,8476,2025-01-09 18:49:56+00:00,2025-01-14 18:24:04+00:00,2025-01-14 19:08:01+00:00,0.7325
tektoncd/pipeline,8475,2025-01-09 18:48:48+00:00,2025-01-14 11:52:14+00:00,2025-01-14 12:24:04+00:00,0.5305555555555556
tektoncd/pipeline,8474,2025-01-08 16:16:52+00:00,2025-01-14 17:19:26+00:00,2025-01-14 18:08:01+00:00,0.8097222222222222
tektoncd/pipeline,8472,2025-01-06 18:43:20+00:00,2025-01-17 12:26:26+00:00,2025-01-17 13:04:03+00:00,0.6269444444444444
tektoncd/pipeline,8471,2025-01-06 18:42:41+00:00,,2025-01-09 09:34:04+00:00,
tektoncd/pipeline,8470,2025-01-06 18:24:45+00:00,,2025-01-09 08:54:03+00:00,
tektoncd/pipeline,8469,2025-01-03 18:57:10+00:00,,2025-02-04 18:09:02+00:00,
tektoncd/pipeline,8468,2025-01-03 18:10:16+00:00,,2025-01-06 18:43:23+00:00,
tektoncd/pipeline,8466,2025-01-02 18:29:51+00:00,,2025-01-03 18:10:21+00:00,
tektoncd/pipeline,8465,2025-01-02 09:28:45+00:00,2025-01-02 15:42:13+00:00,2025-01-03 20:08:49+00:00,28.44333333333333
tektoncd/pipeline,8463,2025-01-01 18:44:24+00:00,,2025-01-02 18:29:55+00:00,
tektoncd/pipeline,8462,2024-12-30 18:36:38+00:00,,2025-01-03 18:57:14+00:00,
tektoncd/pipeline,8461,2024-12-30 12:15:56+00:00,2025-01-02 16:33:09+00:00,2025-01-09 19:00:05+00:00,170.4488888888889
tektoncd/pipeline,8460,2024-12-24 18:45:43+00:00,,2024-12-30 18:36:44+00:00,
tektoncd/pipeline,8459,2024-12-23 19:01:28+00:00,,2025-01-02 17:16:49+00:00,
tektoncd/pipeline,8458,2024-12-23 18:39:12+00:00,,2025-01-02 16:34:49+00:00,
tektoncd/pipeline,8455,2024-12-20 10:50:57+00:00,,2025-01-24 13:15:10+00:00,
tektoncd/pipeline,8454,2024-12-20 07:35:53+00:00,,2025-01-13 12:48:00+00:00,
tektoncd/pipeline,8453,2024-12-20 07:21:08+00:00,2025-01-09 10:18:19+00:00,2025-01-09 10:20:04+00:00,0.029166666666666667
tektoncd/pipeline,8452,2024-12-20 07:20:56+00:00,2025-01-09 10:18:06+00:00,2025-01-09 10:20:04+00:00,0.03277777777777778
tektoncd/pipeline,8451,2024-12-20 07:20:45+00:00,2025-01-08 18:07:46+00:00,2025-01-08 18:08:53+00:00,0.01861111111111111
tektoncd/pipeline,8450,2024-12-20 07:20:34+00:00,2025-01-09 10:17:55+00:00,2025-01-09 10:20:04+00:00,0.035833333333333335
tektoncd/pipeline,8449,2024-12-19 18:06:51+00:00,,2024-12-24 18:45:47+00:00,
tektoncd/pipeline,8447,2024-12-18 12:12:08+00:00,2024-12-18 12:21:29+00:00,2025-01-03 20:56:49+00:00,392.5888888888889
tektoncd/pipeline,8444,2024-12-17 23:14:51+00:00,2025-01-20 15:50:10+00:00,2025-02-18 08:58:55+00:00,689.1458333333334
tektoncd/pipeline,8443,2024-12-17 07:12:47+00:00,2025-01-09 11:11:54+00:00,2025-03-13 10:52:08+00:00,1511.6705555555557
tektoncd/pipeline,8442,2024-12-17 07:09:53+00:00,2025-01-09 11:11:02+00:00,2025-05-06 05:08:32+00:00,2801.9583333333335
tektoncd/pipeline,8441,2024-12-17 07:06:07+00:00,2025-01-09 11:06:19+00:00,2025-01-14 16:26:02+00:00,125.32861111111112
tektoncd/pipeline,8440,2024-12-16 18:51:12+00:00,2024-12-17 07:03:03+00:00,2024-12-17 08:10:32+00:00,1.1247222222222222
tektoncd/pipeline,8439,2024-12-16 18:20:45+00:00,,2024-12-17 07:30:32+00:00,
tektoncd/pipeline,8438,2024-12-16 11:24:43+00:00,,2024-12-16 12:34:32+00:00,
tektoncd/pipeline,8437,2024-12-15 05:55:29+00:00,2024-12-17 18:43:32+00:00,2024-12-20 08:12:43+00:00,61.48638888888889
tektoncd/pipeline,8435,2024-12-13 19:03:47+00:00,,2025-01-09 18:50:00+00:00,
tektoncd/pipeline,8434,2024-12-13 19:03:09+00:00,,2025-01-09 18:51:21+00:00,
tektoncd/pipeline,8433,2024-12-13 19:02:51+00:00,,2025-01-09 18:48:52+00:00,
tektoncd/pipeline,8432,2024-12-13 19:02:39+00:00,,2025-01-09 18:50:35+00:00,
tektoncd/pipeline,8431,2024-12-12 14:12:58+00:00,2024-12-12 14:21:23+00:00,2024-12-13 11:36:30+00:00,21.251944444444444
tektoncd/pipeline,8430,2024-12-12 14:12:54+00:00,2024-12-12 14:21:15+00:00,2024-12-12 16:18:29+00:00,1.9538888888888888
tektoncd/pipeline,8429,2024-12-10 07:58:47+00:00,2024-12-12 09:40:59+00:00,2024-12-17 19:24:32+00:00,129.72583333333333
tektoncd/pipeline,8428,2024-12-09 18:55:33+00:00,2024-12-10 13:08:40+00:00,2024-12-12 09:44:44+00:00,44.60111111111111
tektoncd/pipeline,8427,2024-12-09 18:42:42+00:00,2024-12-10 13:08:41+00:00,2024-12-19 18:06:54+00:00,220.97027777777777
tektoncd/pipeline,8426,2024-12-09 18:15:43+00:00,2024-12-10 13:08:43+00:00,2024-12-12 09:44:37+00:00,44.598333333333336
tektoncd/pipeline,8425,2024-12-09 18:15:39+00:00,2024-12-10 13:08:44+00:00,2024-12-12 09:44:30+00:00,44.596111111111114
tektoncd/pipeline,8424,2024-12-09 18:15:35+00:00,2024-12-11 08:26:41+00:00,2024-12-11 09:05:24+00:00,0.6452777777777777
tektoncd/pipeline,8423,2024-12-09 15:33:32+00:00,2024-12-10 13:32:06+00:00,2024-12-10 14:42:32+00:00,1.173888888888889
tektoncd/pipeline,8421,2024-12-06 09:31:07+00:00,2024-12-06 09:36:51+00:00,2024-12-06 14:36:29+00:00,4.993888888888889
tektoncd/pipeline,8420,2024-12-05 21:55:02+00:00,2024-12-06 07:29:44+00:00,2024-12-06 07:30:29+00:00,0.0125
tektoncd/pipeline,8419,2024-12-05 18:31:54+00:00,2024-12-05 20:14:06+00:00,2024-12-05 21:02:29+00:00,0.8063888888888889
tektoncd/pipeline,8418,2024-12-05 18:00:37+00:00,,2025-01-31 18:35:06+00:00,
tektoncd/pipeline,8417,2024-12-05 12:54:47+00:00,2024-12-05 13:35:15+00:00,2024-12-05 15:16:29+00:00,1.6872222222222222
tektoncd/pipeline,8415,2024-12-05 11:35:34+00:00,2024-12-05 11:39:48+00:00,2024-12-05 13:24:29+00:00,1.7447222222222223
tektoncd/pipeline,8414,2024-12-04 22:23:02+00:00,2024-12-05 10:56:27+00:00,2024-12-05 10:58:28+00:00,0.03361111111111111
tektoncd/pipeline,8412,2024-12-04 12:31:00+00:00,2024-12-04 12:57:28+00:00,2024-12-04 19:50:28+00:00,6.883333333333334
tektoncd/pipeline,8411,2024-12-03 23:28:44+00:00,2024-12-05 10:57:20+00:00,2024-12-05 12:42:36+00:00,1.7544444444444445
tektoncd/pipeline,8410,2024-12-03 18:25:47+00:00,,2024-12-05 18:00:42+00:00,
tektoncd/pipeline,8409,2024-12-03 11:10:45+00:00,,2024-12-03 13:18:27+00:00,
tektoncd/pipeline,8408,2024-12-02 19:13:03+00:00,2024-12-03 10:36:53+00:00,2024-12-03 10:38:28+00:00,0.02638888888888889
tektoncd/pipeline,8406,2024-11-25 19:48:44+00:00,2024-11-26 07:08:59+00:00,2024-11-26 08:14:30+00:00,1.0919444444444444
tektoncd/pipeline,8405,2024-11-25 19:42:19+00:00,2024-11-26 07:09:00+00:00,2024-11-26 08:14:24+00:00,1.09
tektoncd/pipeline,8404,2024-11-25 18:58:22+00:00,2024-11-26 07:09:01+00:00,2024-11-26 09:00:24+00:00,1.8563888888888889
tektoncd/pipeline,8403,2024-11-25 18:58:18+00:00,2024-11-26 07:09:02+00:00,2024-12-03 11:42:27+00:00,172.55694444444444
tektoncd/pipeline,8402,2024-11-25 18:58:12+00:00,2024-11-26 07:09:04+00:00,2024-11-26 07:10:24+00:00,0.022222222222222223
tektoncd/pipeline,8401,2024-11-25 11:14:43+00:00,2024-11-25 13:59:03+00:00,2024-11-27 13:38:25+00:00,47.65611111111111
tektoncd/pipeline,8400,2024-11-25 09:17:12+00:00,2024-11-25 14:41:25+00:00,2024-11-25 14:42:23+00:00,0.01611111111111111
tektoncd/pipeline,8399,2024-11-22 10:49:27+00:00,2024-12-05 11:47:17+00:00,2025-01-30 11:57:39+00:00,1344.1727777777778
tektoncd/pipeline,8397,2024-11-21 07:56:32+00:00,2024-11-21 21:46:17+00:00,2024-11-25 09:16:23+00:00,83.50166666666667
tektoncd/pipeline,8396,2024-11-19 18:31:22+00:00,,2024-12-03 18:25:51+00:00,
tektoncd/pipeline,8395,2024-11-18 18:43:25+00:00,2024-11-19 09:09:20+00:00,2024-11-19 09:44:21+00:00,0.5836111111111111
tektoncd/pipeline,8394,2024-11-18 18:18:38+00:00,,2024-11-18 18:50:20+00:00,
tektoncd/pipeline,8393,2024-11-18 16:08:43+00:00,,2025-03-13 10:52:50+00:00,
tektoncd/pipeline,8392,2024-11-18 16:08:37+00:00,,2024-11-18 16:40:20+00:00,
tektoncd/pipeline,8391,2024-11-18 16:08:33+00:00,,2024-11-18 16:50:20+00:00,
tektoncd/pipeline,8390,2024-11-18 16:08:30+00:00,,2024-11-18 16:44:21+00:00,
tektoncd/pipeline,8389,2024-11-18 14:57:54+00:00,2024-11-18 15:36:07+00:00,2024-11-18 15:42:20+00:00,0.10361111111111111
tektoncd/pipeline,8387,2024-11-12 08:51:42+00:00,,2024-11-12 09:32:17+00:00,
tektoncd/pipeline,8386,2024-11-11 18:54:36+00:00,2024-11-12 11:24:53+00:00,2024-11-12 11:46:17+00:00,0.3566666666666667
tektoncd/pipeline,8385,2024-11-11 18:53:07+00:00,2024-11-12 08:31:57+00:00,2024-11-12 09:16:26+00:00,0.7413888888888889
tektoncd/pipeline,8384,2024-11-11 18:53:05+00:00,2024-11-12 08:31:55+00:00,2024-11-12 09:16:19+00:00,0.74
tektoncd/pipeline,8383,2024-11-11 18:53:02+00:00,2024-11-12 08:31:58+00:00,2024-11-12 08:34:18+00:00,0.03888888888888889
tektoncd/pipeline,8382,2024-11-11 13:14:25+00:00,2024-11-11 14:16:51+00:00,2024-11-11 16:50:18+00:00,2.5575
tektoncd/pipeline,8377,2024-11-06 18:52:30+00:00,,2024-11-19 18:31:25+00:00,
tektoncd/pipeline,8376,2024-11-06 13:36:21+00:00,2024-11-06 13:42:02+00:00,2024-11-06 14:50:31+00:00,1.1413888888888888
tektoncd/pipeline,8375,2024-11-06 09:03:03+00:00,2024-12-05 11:50:19+00:00,2024-12-05 12:42:29+00:00,0.8694444444444445
tektoncd/pipeline,8374,2024-11-05 18:19:09+00:00,,2024-11-05 19:40:31+00:00,
tektoncd/pipeline,8373,2024-11-05 18:18:30+00:00,,2024-11-05 19:40:31+00:00,
tektoncd/pipeline,8372,2024-11-05 18:17:53+00:00,,2024-11-05 19:40:31+00:00,
tektoncd/pipeline,8371,2024-11-05 18:17:15+00:00,,2024-11-05 19:40:31+00:00,
tektoncd/pipeline,8370,2024-11-05 10:16:54+00:00,,2024-11-05 11:02:31+00:00,
tektoncd/pipeline,8369,2024-11-05 10:16:49+00:00,,2024-11-05 11:00:31+00:00,
tektoncd/pipeline,8368,2024-11-05 10:16:42+00:00,,2024-11-05 11:02:31+00:00,
tektoncd/pipeline,8367,2024-11-05 10:16:38+00:00,,2024-11-05 11:06:30+00:00,
tektoncd/pipeline,8366,2024-11-05 09:41:04+00:00,2024-11-07 17:06:37+00:00,2025-01-14 11:34:01+00:00,1626.4566666666667
tektoncd/pipeline,8365,2024-11-05 09:10:30+00:00,,2024-11-05 09:58:30+00:00,
tektoncd/pipeline,8364,2024-11-05 09:10:27+00:00,,2024-11-05 09:54:31+00:00,
tektoncd/pipeline,8363,2024-11-04 19:05:22+00:00,2024-11-05 10:00:07+00:00,2024-11-05 10:00:32+00:00,0.006944444444444444
tektoncd/pipeline,8362,2024-11-02 21:50:10+00:00,,2025-10-06 10:06:07+00:00,
tektoncd/pipeline,8361,2024-11-01 18:53:07+00:00,,2024-12-09 18:42:46+00:00,
tektoncd/pipeline,8360,2024-11-01 02:46:14+00:00,2024-11-04 09:15:24+00:00,2025-10-03 08:13:11+00:00,7990.963055555556
tektoncd/pipeline,8356,2024-10-30 10:19:33+00:00,2024-11-04 12:07:08+00:00,2024-11-05 18:16:30+00:00,30.156111111111112
tektoncd/pipeline,8355,2024-10-29 11:03:23+00:00,2024-11-06 09:25:32+00:00,2024-11-06 10:52:31+00:00,1.4497222222222221
tektoncd/pipeline,8354,2024-10-28 18:54:18+00:00,2024-10-29 11:04:21+00:00,2024-10-29 11:46:43+00:00,0.7061111111111111
tektoncd/pipeline,8353,2024-10-28 18:48:22+00:00,2024-10-29 11:04:19+00:00,2024-10-29 11:46:37+00:00,0.705
tektoncd/pipeline,8352,2024-10-28 18:48:20+00:00,2024-10-29 11:04:18+00:00,2024-12-09 18:15:43+00:00,991.1902777777777
tektoncd/pipeline,8351,2024-10-28 18:48:17+00:00,2024-10-29 11:04:16+00:00,2024-10-29 11:46:30+00:00,0.7038888888888889
tektoncd/pipeline,8350,2024-10-28 18:48:14+00:00,2024-10-29 11:04:15+00:00,2024-11-12 09:54:17+00:00,334.8338888888889
tektoncd/pipeline,8349,2024-10-28 18:48:11+00:00,2024-10-29 11:04:13+00:00,2024-10-29 11:04:27+00:00,0.0038888888888888888
tektoncd/pipeline,8348,2024-10-28 18:09:20+00:00,2024-10-29 11:04:12+00:00,2024-11-06 18:52:35+00:00,199.80638888888888
tektoncd/pipeline,8344,2024-10-24 01:32:24+00:00,2024-10-24 01:32:37+00:00,2024-11-04 17:08:30+00:00,279.59805555555556
tektoncd/pipeline,8343,2024-10-23 05:35:03+00:00,2025-03-25 15:55:04+00:00,2025-04-24 22:22:42+00:00,726.4605555555555
tektoncd/pipeline,8342,2024-10-21 18:35:52+00:00,2024-10-24 09:01:06+00:00,2024-10-24 09:02:52+00:00,0.029444444444444443
tektoncd/pipeline,8340,2024-10-17 11:26:57+00:00,2025-03-12 12:29:40+00:00,2025-03-12 12:31:06+00:00,0.02388888888888889
tektoncd/pipeline,8339,2024-10-15 18:30:30+00:00,,2024-12-13 19:02:55+00:00,
tektoncd/pipeline,8338,2024-10-15 18:30:11+00:00,,2024-12-13 19:02:43+00:00,
tektoncd/pipeline,8337,2024-10-15 18:30:04+00:00,,2024-12-13 19:03:13+00:00,
tektoncd/pipeline,8336,2024-10-15 18:29:32+00:00,,2024-12-13 19:03:51+00:00,
tektoncd/pipeline,8335,2024-10-15 13:12:44+00:00,2024-10-15 14:00:55+00:00,2024-10-16 09:16:30+00:00,19.259722222222223
tektoncd/pipeline,8334,2024-10-15 13:12:27+00:00,2024-10-15 14:01:39+00:00,2024-10-16 09:16:30+00:00,19.2475
tektoncd/pipeline,8333,2024-10-15 13:12:20+00:00,2024-10-15 14:01:54+00:00,2024-10-16 09:16:30+00:00,19.243333333333332
tektoncd/pipeline,8332,2024-10-15 13:05:52+00:00,2024-10-15 13:08:46+00:00,2024-10-16 09:16:30+00:00,20.128888888888888
tektoncd/pipeline,8331,2024-10-14 18:50:37+00:00,2024-10-15 13:36:46+00:00,2024-10-15 14:20:36+00:00,0.7305555555555555
tektoncd/pipeline,8330,2024-10-14 18:28:22+00:00,2024-10-15 13:37:27+00:00,2024-10-15 13:38:30+00:00,0.0175
tektoncd/pipeline,8329,2024-10-14 18:28:14+00:00,2024-10-15 13:38:59+00:00,2024-10-15 14:20:30+00:00,0.6919444444444445
tektoncd/pipeline,8328,2024-10-14 18:28:13+00:00,2024-10-15 13:40:30+00:00,2024-10-15 15:08:29+00:00,1.466388888888889
tektoncd/pipeline,8327,2024-10-14 09:52:05+00:00,,2025-01-14 14:39:58+00:00,
tektoncd/pipeline,8326,2024-10-13 08:12:29+00:00,2024-10-13 12:38:23+00:00,2024-10-19 16:15:06+00:00,147.61194444444445
tektoncd/pipeline,8325,2024-10-11 18:09:54+00:00,,2024-11-01 18:53:11+00:00,
tektoncd/pipeline,8323,2024-10-10 15:21:02+00:00,2024-10-16 09:36:21+00:00,2024-10-16 10:36:30+00:00,1.0025
tektoncd/pipeline,8321,2024-10-07 18:42:01+00:00,,2024-10-08 14:42:22+00:00,
tektoncd/pipeline,8320,2024-10-07 18:41:58+00:00,,2024-10-08 15:30:15+00:00,
tektoncd/pipeline,8319,2024-10-07 18:41:55+00:00,,2024-10-08 14:42:16+00:00,
tektoncd/pipeline,8318,2024-10-07 18:41:53+00:00,,2024-10-08 14:42:09+00:00,
tektoncd/pipeline,8317,2024-10-07 18:41:46+00:00,,2024-10-08 13:44:10+00:00,
tektoncd/pipeline,8316,2024-10-07 18:22:40+00:00,2024-10-10 10:42:06+00:00,2024-10-10 11:36:09+00:00,0.9008333333333334
tektoncd/pipeline,8314,2024-10-07 13:52:11+00:00,2024-10-14 12:51:23+00:00,2024-10-29 12:26:28+00:00,359.58472222222224
tektoncd/pipeline,8312,2024-10-02 07:57:04+00:00,2024-10-11 09:17:17+00:00,2025-01-09 15:46:04+00:00,2166.4797222222223
tektoncd/pipeline,8311,2024-10-01 19:49:12+00:00,2024-10-02 11:06:17+00:00,2024-10-02 11:22:06+00:00,0.26361111111111113
tektoncd/pipeline,8310,2024-09-30 19:05:09+00:00,2024-10-01 08:23:45+00:00,2024-10-07 18:22:44+00:00,153.98305555555555
tektoncd/pipeline,8309,2024-09-30 18:29:31+00:00,2024-10-01 08:23:58+00:00,2024-10-01 09:10:20+00:00,0.7727777777777778
tektoncd/pipeline,8308,2024-09-30 18:29:27+00:00,2024-10-01 08:24:08+00:00,2024-10-01 09:10:13+00:00,0.7680555555555556
tektoncd/pipeline,8307,2024-09-30 18:29:22+00:00,2024-10-01 08:24:19+00:00,2024-10-01 09:10:05+00:00,0.7627777777777778
tektoncd/pipeline,8306,2024-09-30 16:52:50+00:00,2024-10-02 11:19:19+00:00,2025-01-14 03:00:00+00:00,2487.6780555555556
tektoncd/pipeline,8305,2024-09-27 18:34:09+00:00,,2024-10-28 18:09:23+00:00,
tektoncd/pipeline,8304,2024-09-27 10:27:16+00:00,2024-09-30 13:18:35+00:00,2024-10-02 12:08:05+00:00,46.825
tektoncd/pipeline,8302,2024-09-27 09:17:21+00:00,2024-09-27 10:30:38+00:00,2024-10-10 14:10:09+00:00,315.6586111111111
tektoncd/pipeline,8301,2024-09-27 05:13:18+00:00,2025-06-20 12:10:06+00:00,2025-07-11 15:01:20+00:00,506.8538888888889
tektoncd/pipeline,8300,2024-09-25 14:20:13+00:00,2024-09-25 14:21:28+00:00,2024-09-25 15:08:02+00:00,0.7761111111111111
tektoncd/pipeline,8299,2024-09-25 14:17:31+00:00,,2024-09-26 09:58:03+00:00,
tektoncd/pipeline,8298,2024-09-25 14:07:16+00:00,,2025-02-18 08:28:20+00:00,
tektoncd/pipeline,8297,2024-09-25 13:57:45+00:00,,2024-09-26 09:58:03+00:00,
tektoncd/pipeline,8296,2024-09-25 13:57:32+00:00,,2024-09-26 10:28:03+00:00,
tektoncd/pipeline,8295,2024-09-25 13:57:22+00:00,,2024-09-26 10:00:03+00:00,
tektoncd/pipeline,8294,2024-09-25 12:50:05+00:00,2024-09-25 13:51:37+00:00,2024-09-25 13:52:03+00:00,0.007222222222222222
tektoncd/pipeline,8292,2024-09-24 16:32:55+00:00,,2024-10-30 07:32:28+00:00,
tektoncd/pipeline,8291,2024-09-24 15:40:11+00:00,2024-09-24 15:53:26+00:00,2024-09-25 11:00:03+00:00,19.110277777777778
tektoncd/pipeline,8290,2024-09-23 19:35:51+00:00,2024-09-25 10:09:38+00:00,2024-09-26 08:44:03+00:00,22.573611111111113
tektoncd/pipeline,8289,2024-09-23 18:33:35+00:00,2024-09-24 08:46:17+00:00,2024-09-24 08:48:02+00:00,0.029166666666666667
tektoncd/pipeline,8288,2024-09-23 18:31:45+00:00,2024-09-24 08:46:04+00:00,2024-09-25 14:20:06+00:00,29.567222222222224
tektoncd/pipeline,8287,2024-09-23 14:17:23+00:00,2024-09-25 10:55:15+00:00,2024-09-25 12:40:02+00:00,1.746388888888889
tektoncd/pipeline,8286,2024-09-23 13:17:14+00:00,2024-10-07 09:40:15+00:00,2024-10-08 15:30:09+00:00,29.831666666666667
tektoncd/pipeline,8285,2024-09-23 12:50:45+00:00,2024-09-23 12:52:00+00:00,2024-09-23 13:34:01+00:00,0.7002777777777778
tektoncd/pipeline,8281,2024-09-20 18:45:01+00:00,2024-09-25 14:20:11+00:00,2024-09-26 10:46:03+00:00,20.43111111111111
tektoncd/pipeline,8280,2024-09-19 06:23:22+00:00,2024-09-19 06:25:11+00:00,2024-10-17 11:21:05+00:00,676.9316666666666
tektoncd/pipeline,8279,2024-09-19 02:18:12+00:00,,2024-09-24 11:00:16+00:00,
tektoncd/pipeline,8278,2024-09-18 12:31:58+00:00,2024-09-19 08:43:49+00:00,2024-09-19 08:45:27+00:00,0.02722222222222222
tektoncd/pipeline,8277,2024-09-18 09:53:15+00:00,2024-09-25 14:22:10+00:00,2024-10-01 09:08:06+00:00,138.76555555555555
tektoncd/pipeline,8276,2024-09-18 09:49:45+00:00,2024-09-25 14:22:34+00:00,2024-10-01 09:12:06+00:00,138.82555555555555
tektoncd/pipeline,8275,2024-09-18 09:46:31+00:00,2024-09-25 14:22:55+00:00,2024-10-01 09:04:06+00:00,138.6863888888889
tektoncd/pipeline,8274,2024-09-18 09:42:05+00:00,,2024-09-23 08:44:01+00:00,
tektoncd/pipeline,8273,2024-09-18 07:23:02+00:00,2024-09-18 08:53:10+00:00,2024-09-18 08:55:26+00:00,0.03777777777777778
tektoncd/pipeline,8272,2024-09-17 12:25:53+00:00,2024-09-17 13:09:47+00:00,2024-09-18 07:21:26+00:00,18.194166666666668
tektoncd/pipeline,8270,2024-09-17 02:58:26+00:00,2024-09-17 06:35:33+00:00,2024-09-26 14:30:03+00:00,223.90833333333333
tektoncd/pipeline,8269,2024-09-16 18:44:34+00:00,,2024-09-17 09:57:20+00:00,
tektoncd/pipeline,8268,2024-09-16 18:44:31+00:00,,2024-09-17 10:51:21+00:00,
tektoncd/pipeline,8267,2024-09-16 18:44:27+00:00,,2024-09-17 08:41:21+00:00,
tektoncd/pipeline,8266,2024-09-16 18:12:35+00:00,,2024-09-16 21:05:21+00:00,
tektoncd/pipeline,8264,2024-09-16 14:24:31+00:00,2024-09-27 09:05:57+00:00,2025-07-21 07:48:05+00:00,7126.702222222222
tektoncd/pipeline,8263,2024-09-15 19:56:23+00:00,2024-09-19 12:52:59+00:00,2024-09-30 21:08:04+00:00,272.25138888888887
tektoncd/pipeline,8262,2024-09-12 18:23:05+00:00,,2024-09-20 18:45:05+00:00,
tektoncd/pipeline,8261,2024-09-12 09:48:38+00:00,2024-09-12 09:52:57+00:00,2024-09-12 19:55:19+00:00,10.039444444444445
tektoncd/pipeline,8260,2024-09-11 16:55:10+00:00,2024-09-11 16:59:16+00:00,2024-09-11 17:39:18+00:00,0.6672222222222223
tektoncd/pipeline,8259,2024-09-11 08:15:55+00:00,2024-09-11 13:07:38+00:00,2024-09-11 16:45:18+00:00,3.6277777777777778
tektoncd/pipeline,8257,2024-09-10 18:42:57+00:00,,2024-09-12 18:23:09+00:00,
tektoncd/pipeline,8256,2024-09-10 14:58:54+00:00,2024-09-10 15:00:08+00:00,2024-09-10 21:37:18+00:00,6.6194444444444445
tektoncd/pipeline,8254,2024-09-09 19:02:40+00:00,2024-10-24 09:22:19+00:00,2024-10-24 10:28:51+00:00,1.1088888888888888
tektoncd/pipeline,8253,2024-09-09 18:42:20+00:00,2024-09-10 09:37:04+00:00,2024-09-10 11:21:17+00:00,1.7369444444444444
tektoncd/pipeline,8252,2024-09-09 11:23:47+00:00,2024-09-09 13:41:32+00:00,2024-09-12 10:37:19+00:00,68.92972222222222
tektoncd/pipeline,8251,2024-09-09 10:45:32+00:00,2024-09-09 13:40:55+00:00,2024-09-10 08:23:18+00:00,18.70638888888889
tektoncd/pipeline,8250,2024-09-09 10:13:38+00:00,2024-09-09 11:23:37+00:00,2024-09-30 10:30:05+00:00,503.10777777777776
tektoncd/pipeline,8248,2024-09-06 18:44:58+00:00,2024-09-10 09:38:18+00:00,2024-09-10 18:43:01+00:00,9.078611111111112
tektoncd/pipeline,8247,2024-09-06 13:58:19+00:00,2024-09-06 17:20:55+00:00,2024-09-09 14:51:29+00:00,69.50944444444444
tektoncd/pipeline,8246,2024-09-06 12:28:21+00:00,2024-09-06 23:44:28+00:00,2024-09-09 14:51:22+00:00,63.115
tektoncd/pipeline,8245,2024-09-06 08:56:14+00:00,2024-09-06 08:58:15+00:00,2024-09-09 12:25:29+00:00,75.45388888888888
tektoncd/pipeline,8244,2024-09-06 08:56:10+00:00,2024-09-06 08:57:42+00:00,2024-09-27 08:38:03+00:00,503.6725
tektoncd/pipeline,8243,2024-09-06 08:55:55+00:00,2024-09-06 08:57:34+00:00,2024-09-06 09:41:21+00:00,0.7297222222222223
tektoncd/pipeline,8242,2024-09-05 11:32:41+00:00,2024-09-12 06:10:37+00:00,2024-09-19 05:32:37+00:00,167.36666666666667
tektoncd/pipeline,8241,2024-09-05 09:24:17+00:00,2024-09-05 09:24:51+00:00,2025-07-06 22:57:54+00:00,7309.550833333334
tektoncd/pipeline,8240,2024-09-04 18:52:35+00:00,,2024-10-15 18:29:36+00:00,
tektoncd/pipeline,8239,2024-09-04 18:51:35+00:00,,2024-10-15 18:30:16+00:00,
tektoncd/pipeline,8238,2024-09-04 18:51:27+00:00,,2024-10-15 18:30:08+00:00,
tektoncd/pipeline,8237,2024-09-04 18:50:19+00:00,,2024-10-15 18:30:33+00:00,
tektoncd/pipeline,8236,2024-09-03 02:48:41+00:00,2024-09-03 13:12:09+00:00,2024-09-24 16:32:02+00:00,507.3313888888889
tektoncd/pipeline,8235,2024-09-02 18:44:06+00:00,2024-09-03 12:29:43+00:00,2024-09-04 14:17:20+00:00,25.79361111111111
tektoncd/pipeline,8234,2024-09-02 18:30:31+00:00,2024-09-03 12:29:52+00:00,2024-09-27 18:34:13+00:00,582.0725
tektoncd/pipeline,8233,2024-09-02 18:13:47+00:00,2024-09-03 12:29:58+00:00,2024-09-09 12:25:22+00:00,143.92333333333335
tektoncd/pipeline,8232,2024-09-02 18:13:43+00:00,2024-09-03 12:30:10+00:00,2024-09-03 13:43:19+00:00,1.2191666666666667
tektoncd/pipeline,8231,2024-09-02 18:13:38+00:00,2024-09-03 12:30:04+00:00,2024-10-02 20:34:06+00:00,704.0672222222222
tektoncd/pipeline,8229,2024-08-30 19:07:34+00:00,2024-08-31 22:21:32+00:00,2024-09-05 10:45:20+00:00,108.39666666666666
tektoncd/pipeline,8228,2024-08-30 09:55:52+00:00,,2024-09-02 20:31:18+00:00,
tektoncd/pipeline,8227,2024-08-29 10:11:16+00:00,2024-08-29 12:01:32+00:00,2024-08-29 12:03:17+00:00,0.029166666666666667
tektoncd/pipeline,8226,2024-08-28 16:17:37+00:00,2024-08-28 17:29:07+00:00,2024-08-30 09:35:17+00:00,40.102777777777774
tektoncd/pipeline,8223,2024-08-26 18:20:02+00:00,,2024-08-28 21:09:17+00:00,
tektoncd/pipeline,8222,2024-08-26 18:19:58+00:00,2024-08-28 14:48:10+00:00,2024-09-02 18:13:46+00:00,123.42666666666666
tektoncd/pipeline,8221,2024-08-26 18:06:50+00:00,,2024-09-02 18:44:09+00:00,
tektoncd/pipeline,8220,2024-08-23 18:53:05+00:00,,2024-09-02 18:30:35+00:00,
tektoncd/pipeline,8219,2024-08-23 18:43:44+00:00,,2024-08-26 18:29:15+00:00,
tektoncd/pipeline,8218,2024-08-23 10:16:07+00:00,2024-08-23 18:29:03+00:00,2024-08-23 19:02:12+00:00,0.5525
tektoncd/pipeline,8217,2024-08-21 18:45:17+00:00,,2024-08-23 18:43:48+00:00,
tektoncd/pipeline,8216,2024-08-21 09:14:41+00:00,2024-08-21 10:43:33+00:00,2024-08-22 14:58:12+00:00,28.24416666666667
tektoncd/pipeline,8213,2024-08-20 01:59:03+00:00,2024-08-20 08:19:27+00:00,2024-08-20 08:20:11+00:00,0.012222222222222223
tektoncd/pipeline,8212,2024-08-19 18:10:05+00:00,2024-08-20 09:12:55+00:00,2024-08-20 10:08:11+00:00,0.9211111111111111
tektoncd/pipeline,8211,2024-08-19 18:09:54+00:00,2024-08-20 08:25:33+00:00,2024-08-20 08:26:12+00:00,0.010833333333333334
tektoncd/pipeline,8210,2024-08-19 03:33:16+00:00,2024-09-03 13:24:11+00:00,,
tektoncd/pipeline,8208,2024-08-14 18:39:28+00:00,2024-08-19 14:04:08+00:00,2024-08-21 18:45:21+00:00,52.68694444444444
tektoncd/pipeline,8206,2024-08-13 18:06:58+00:00,,2024-08-14 18:39:31+00:00,
tektoncd/pipeline,8204,2024-08-12 18:57:42+00:00,2024-08-13 08:26:27+00:00,2024-08-13 09:50:36+00:00,1.4025
tektoncd/pipeline,8203,2024-08-12 18:50:58+00:00,2024-08-13 08:21:28+00:00,2024-08-13 09:08:36+00:00,0.7855555555555556
tektoncd/pipeline,8202,2024-08-12 18:50:56+00:00,2024-08-13 08:20:38+00:00,2024-08-13 10:34:34+00:00,2.232222222222222
tektoncd/pipeline,8201,2024-08-12 18:50:53+00:00,2024-08-13 08:20:50+00:00,2024-08-13 08:22:34+00:00,0.028888888888888888
tektoncd/pipeline,8200,2024-08-12 11:49:10+00:00,2024-08-12 12:33:36+00:00,2024-08-14 18:26:34+00:00,53.882777777777775
tektoncd/pipeline,8199,2024-08-09 09:47:43+00:00,2024-08-13 23:11:40+00:00,2024-08-13 23:46:34+00:00,0.5816666666666667
tektoncd/pipeline,8198,2024-08-09 08:05:27+00:00,2024-08-09 08:10:41+00:00,2024-08-09 16:25:14+00:00,8.2425
tektoncd/pipeline,8197,2024-08-09 04:35:15+00:00,2024-08-09 08:09:22+00:00,2024-08-22 15:40:33+00:00,319.51972222222224
tektoncd/pipeline,8195,2024-08-07 18:46:21+00:00,,2024-09-04 18:50:22+00:00,
tektoncd/pipeline,8194,2024-08-07 18:46:10+00:00,,2024-09-04 18:51:30+00:00,
tektoncd/pipeline,8193,2024-08-07 18:45:36+00:00,,2024-09-04 18:52:39+00:00,
tektoncd/pipeline,8192,2024-08-07 18:45:09+00:00,,2024-09-04 18:51:38+00:00,
tektoncd/pipeline,8191,2024-08-07 16:06:14+00:00,,2024-08-07 20:13:14+00:00,
tektoncd/pipeline,8190,2024-08-07 16:06:10+00:00,,2024-08-07 20:43:13+00:00,
tektoncd/pipeline,8189,2024-08-07 16:06:05+00:00,,2024-08-07 20:15:13+00:00,
tektoncd/pipeline,8188,2024-08-07 16:06:00+00:00,,2024-08-07 20:15:13+00:00,
tektoncd/pipeline,8187,2024-08-07 15:04:02+00:00,,2024-08-08 15:33:14+00:00,
tektoncd/pipeline,8186,2024-08-07 07:31:35+00:00,2025-02-24 13:24:04+00:00,2025-02-24 15:54:58+00:00,2.515
tektoncd/pipeline,8185,2024-08-06 18:23:13+00:00,,2024-08-23 18:53:09+00:00,
tektoncd/pipeline,8184,2024-08-06 14:17:27+00:00,2024-08-07 14:07:24+00:00,2024-08-07 15:53:13+00:00,1.763611111111111
tektoncd/pipeline,8182,2024-08-06 09:58:23+00:00,2024-08-06 16:51:24+00:00,2024-09-18 10:43:33+00:00,1025.8691666666666
tektoncd/pipeline,8180,2024-08-05 18:35:29+00:00,2024-08-06 08:29:27+00:00,2024-08-06 09:33:19+00:00,1.0644444444444445
tektoncd/pipeline,8179,2024-08-05 18:28:36+00:00,2024-08-06 08:29:20+00:00,2024-08-06 08:31:13+00:00,0.03138888888888889
tektoncd/pipeline,8178,2024-08-05 18:28:33+00:00,2024-08-06 08:27:55+00:00,2024-08-06 09:33:13+00:00,1.0883333333333334
tektoncd/pipeline,8176,2024-08-05 08:25:45+00:00,2024-08-05 08:40:10+00:00,2024-08-22 15:40:26+00:00,415.00444444444446
tektoncd/pipeline,8174,2024-08-03 10:20:07+00:00,2024-08-30 10:05:29+00:00,2024-09-05 17:43:20+00:00,151.63083333333333
tektoncd/pipeline,8173,2024-08-03 04:57:05+00:00,2024-08-06 16:50:07+00:00,2024-08-22 15:40:19+00:00,382.83666666666664
tektoncd/pipeline,8171,2024-08-02 05:52:46+00:00,2024-08-02 14:13:33+00:00,2024-08-24 10:12:13+00:00,523.9777777777778
tektoncd/pipeline,8169,2024-07-31 14:48:56+00:00,,2024-08-01 08:31:15+00:00,
tektoncd/pipeline,8168,2024-07-31 14:20:42+00:00,,2024-07-31 14:53:15+00:00,
tektoncd/pipeline,8167,2024-07-31 14:20:39+00:00,,2024-07-31 15:09:15+00:00,
tektoncd/pipeline,8166,2024-07-31 12:31:44+00:00,2024-07-31 12:32:17+00:00,2024-08-27 15:01:17+00:00,650.4833333333333
tektoncd/pipeline,8164,2024-07-30 18:18:50+00:00,,2024-10-11 18:09:58+00:00,
tektoncd/pipeline,8162,2024-07-29 18:58:22+00:00,2024-07-30 08:43:18+00:00,2024-07-30 09:25:22+00:00,0.7011111111111111
tektoncd/pipeline,8161,2024-07-29 18:58:15+00:00,2024-07-30 08:43:31+00:00,2024-07-30 09:25:15+00:00,0.6955555555555556
tektoncd/pipeline,8160,2024-07-29 18:26:29+00:00,2024-07-30 08:43:51+00:00,2024-07-30 08:45:16+00:00,0.02361111111111111
tektoncd/pipeline,8159,2024-07-29 13:23:33+00:00,2024-08-06 16:58:15+00:00,2024-09-10 12:44:22+00:00,835.7686111111111
tektoncd/pipeline,8158,2024-07-29 12:57:17+00:00,2024-07-29 16:12:04+00:00,2024-07-31 13:39:15+00:00,45.45305555555556
tektoncd/pipeline,8156,2024-07-26 18:53:24+00:00,,2024-08-06 18:23:17+00:00,
tektoncd/pipeline,8155,2024-07-25 18:09:44+00:00,,2024-08-07 18:46:14+00:00,
tektoncd/pipeline,8154,2024-07-25 18:09:29+00:00,2024-07-30 08:56:39+00:00,2024-07-30 10:05:15+00:00,1.1433333333333333
tektoncd/pipeline,8149,2024-07-24 08:30:22+00:00,2024-07-25 10:03:40+00:00,2024-07-25 12:49:47+00:00,2.768611111111111
tektoncd/pipeline,8147,2024-07-24 07:15:56+00:00,2024-07-25 10:04:28+00:00,2024-07-25 12:49:41+00:00,2.7536111111111112
tektoncd/pipeline,8146,2024-07-22 19:08:00+00:00,2024-07-22 19:11:04+00:00,2024-07-24 21:29:40+00:00,50.31
tektoncd/pipeline,8145,2024-07-22 18:22:10+00:00,,2024-08-05 18:28:37+00:00,
tektoncd/pipeline,8144,2024-07-22 18:22:04+00:00,,2024-07-25 00:41:47+00:00,
tektoncd/pipeline,8143,2024-07-22 18:21:58+00:00,,2024-07-25 01:33:53+00:00,
tektoncd/pipeline,8142,2024-07-22 18:21:36+00:00,,2024-07-25 00:41:41+00:00,
tektoncd/pipeline,8141,2024-07-22 14:20:42+00:00,,2024-08-22 16:30:04+00:00,
tektoncd/pipeline,8139,2024-07-19 18:32:20+00:00,,2024-07-25 01:33:47+00:00,
tektoncd/pipeline,8138,2024-07-18 19:02:26+00:00,,2024-07-25 02:23:47+00:00,
tektoncd/pipeline,8137,2024-07-18 18:41:23+00:00,,2024-07-25 01:33:40+00:00,
tektoncd/pipeline,8136,2024-07-18 18:41:16+00:00,,2024-07-18 19:02:29+00:00,
tektoncd/pipeline,8135,2024-07-18 13:56:20+00:00,,2024-07-19 17:26:53+00:00,
tektoncd/pipeline,8134,2024-07-18 01:54:47+00:00,,2024-07-18 13:54:54+00:00,
tektoncd/pipeline,8133,2024-07-18 00:27:21+00:00,2024-07-18 00:59:04+00:00,2024-07-18 01:50:53+00:00,0.8636111111111111
tektoncd/pipeline,8132,2024-07-17 19:01:44+00:00,,2024-07-18 17:42:53+00:00,
tektoncd/pipeline,8131,2024-07-17 18:32:39+00:00,,2024-07-18 14:52:53+00:00,
tektoncd/pipeline,8130,2024-07-17 18:31:23+00:00,,2024-07-17 19:01:47+00:00,
tektoncd/pipeline,8127,2024-07-16 03:48:34+00:00,2024-07-16 15:45:34+00:00,2024-07-18 10:08:53+00:00,42.38861111111111
tektoncd/pipeline,8126,2024-07-15 19:06:08+00:00,,2024-07-18 13:56:17+00:00,
tektoncd/pipeline,8125,2024-07-15 18:08:44+00:00,,2024-07-15 18:56:51+00:00,
tektoncd/pipeline,8124,2024-07-15 18:08:38+00:00,,2024-07-16 16:24:52+00:00,
tektoncd/pipeline,8123,2024-07-15 12:24:09+00:00,,2024-07-15 15:12:52+00:00,
tektoncd/pipeline,8122,2024-07-15 10:07:59+00:00,2024-07-15 12:12:39+00:00,2024-07-15 12:12:51+00:00,0.0033333333333333335
tektoncd/pipeline,8121,2024-07-13 21:05:56+00:00,,2024-07-15 15:12:52+00:00,
tektoncd/pipeline,8120,2024-07-13 20:57:38+00:00,,2024-07-15 15:12:52+00:00,
tektoncd/pipeline,8119,2024-07-13 20:50:02+00:00,,2024-07-15 15:12:52+00:00,
tektoncd/pipeline,8118,2024-07-12 19:01:11+00:00,,2024-08-07 18:45:13+00:00,
tektoncd/pipeline,8117,2024-07-12 19:00:57+00:00,,2024-08-07 18:45:40+00:00,
tektoncd/pipeline,8116,2024-07-12 19:00:39+00:00,,2024-08-07 18:46:25+00:00,
tektoncd/pipeline,8113,2024-07-11 19:03:06+00:00,2024-07-25 10:14:28+00:00,,
tektoncd/pipeline,8111,2024-07-10 23:29:08+00:00,2024-07-11 05:55:24+00:00,2024-07-15 17:02:51+00:00,107.12416666666667
tektoncd/pipeline,8109,2024-07-10 19:28:13+00:00,2024-07-10 19:43:39+00:00,2024-07-11 05:56:17+00:00,10.210555555555555
tektoncd/pipeline,8108,2024-07-09 19:20:50+00:00,2024-07-11 22:16:19+00:00,2024-07-18 04:24:53+00:00,150.14277777777778
tektoncd/pipeline,8107,2024-07-09 18:45:39+00:00,,2024-07-26 18:53:33+00:00,
tektoncd/pipeline,8106,2024-07-09 15:37:59+00:00,2024-07-11 22:17:01+00:00,2024-07-19 16:38:53+00:00,186.36444444444444
tektoncd/pipeline,8105,2024-07-09 12:27:32+00:00,2024-07-09 12:29:07+00:00,2024-07-09 13:54:18+00:00,1.4197222222222223
tektoncd/pipeline,8104,2024-07-08 18:07:20+00:00,,2024-07-25 02:23:40+00:00,
tektoncd/pipeline,8103,2024-07-08 15:59:06+00:00,2024-07-19 21:40:24+00:00,2024-07-24 23:11:41+00:00,121.5213888888889
tektoncd/pipeline,8102,2024-07-06 11:34:43+00:00,2024-07-08 14:25:24+00:00,2024-07-08 15:02:16+00:00,0.6144444444444445
tektoncd/pipeline,8101,2024-07-05 03:33:12+00:00,,2024-07-19 15:49:25+00:00,
tektoncd/pipeline,8100,2024-07-05 03:33:07+00:00,,2024-07-19 15:49:46+00:00,
tektoncd/pipeline,8099,2024-07-05 03:29:29+00:00,,2024-07-19 15:50:13+00:00,
tektoncd/pipeline,8098,2024-07-04 23:46:39+00:00,2024-07-05 09:42:25+00:00,2024-07-05 09:43:29+00:00,0.017777777777777778
tektoncd/pipeline,8097,2024-07-04 19:09:15+00:00,,2024-07-04 20:03:28+00:00,
tektoncd/pipeline,8096,2024-07-04 18:10:32+00:00,,2024-07-12 19:01:02+00:00,
tektoncd/pipeline,8095,2024-07-04 06:41:56+00:00,,2024-07-04 07:39:28+00:00,
tektoncd/pipeline,8094,2024-07-04 06:41:50+00:00,,2024-07-04 07:37:28+00:00,
tektoncd/pipeline,8093,2024-07-04 06:38:16+00:00,2024-07-04 06:41:46+00:00,2024-07-04 07:23:28+00:00,0.695
tektoncd/pipeline,8092,2024-07-03 18:26:32+00:00,2024-07-04 07:59:18+00:00,2024-07-04 09:09:29+00:00,1.1697222222222223
tektoncd/pipeline,8090,2024-07-03 15:17:01+00:00,2024-07-04 08:25:39+00:00,2024-07-04 15:27:28+00:00,7.030277777777778
tektoncd/pipeline,8089,2024-07-03 07:22:39+00:00,2024-07-03 07:29:23+00:00,2024-07-04 20:39:28+00:00,37.168055555555554
tektoncd/pipeline,8088,2024-07-01 19:04:29+00:00,2024-07-01 19:04:42+00:00,,
tektoncd/pipeline,8087,2024-07-01 19:01:30+00:00,2024-07-02 10:33:27+00:00,2024-07-04 21:31:28+00:00,58.966944444444444
tektoncd/pipeline,8085,2024-07-01 18:52:07+00:00,2024-07-01 19:00:23+00:00,2024-07-04 08:07:28+00:00,61.11805555555556
tektoncd/pipeline,8084,2024-06-28 02:21:10+00:00,2024-06-30 18:08:16+00:00,2024-07-03 15:23:28+00:00,69.25333333333333
tektoncd/pipeline,8082,2024-06-27 18:43:52+00:00,2024-07-02 10:34:50+00:00,2024-07-12 19:01:15+00:00,248.44027777777777
tektoncd/pipeline,8081,2024-06-27 18:42:57+00:00,2024-07-01 13:24:05+00:00,2024-07-12 19:00:43+00:00,269.61055555555555
tektoncd/pipeline,8080,2024-06-26 18:15:38+00:00,2024-07-02 10:35:49+00:00,2024-07-26 18:53:30+00:00,584.2947222222223
tektoncd/pipeline,8078,2024-06-26 13:39:49+00:00,2024-07-03 08:47:24+00:00,2024-07-03 14:15:27+00:00,5.4675
tektoncd/pipeline,8077,2024-06-25 22:51:51+00:00,2024-07-02 10:36:10+00:00,2024-07-04 10:23:28+00:00,47.788333333333334
tektoncd/pipeline,8076,2024-06-25 18:18:01+00:00,,2024-06-27 18:43:56+00:00,
tektoncd/pipeline,8075,2024-06-24 19:05:56+00:00,,2024-06-27 12:45:44+00:00,
tektoncd/pipeline,8074,2024-06-24 19:03:14+00:00,,2024-06-27 13:39:43+00:00,
tektoncd/pipeline,8073,2024-06-24 18:55:49+00:00,,2024-06-27 11:43:43+00:00,
tektoncd/pipeline,8072,2024-06-22 19:09:24+00:00,2024-06-24 07:44:28+00:00,2024-07-04 19:59:35+00:00,252.25194444444443
tektoncd/pipeline,8070,2024-06-19 15:04:45+00:00,2024-06-19 15:12:07+00:00,2024-07-02 17:29:27+00:00,314.2888888888889
tektoncd/pipeline,8069,2024-06-18 18:23:51+00:00,2024-06-19 09:47:44+00:00,2024-07-17 18:32:43+00:00,680.7497222222222
tektoncd/pipeline,8068,2024-06-18 18:23:43+00:00,2024-06-19 09:47:43+00:00,2024-07-17 18:31:28+00:00,680.7291666666666
tektoncd/pipeline,8067,2024-06-18 18:23:33+00:00,2024-06-19 09:47:41+00:00,2024-06-19 10:39:19+00:00,0.8605555555555555
tektoncd/pipeline,8066,2024-06-18 18:23:23+00:00,2024-06-19 09:47:40+00:00,2024-06-19 09:49:19+00:00,0.0275
tektoncd/pipeline,8065,2024-06-18 09:26:18+00:00,,2024-06-24 14:37:21+00:00,
tektoncd/pipeline,8064,2024-06-18 09:19:35+00:00,,2024-06-24 14:39:21+00:00,
tektoncd/pipeline,8063,2024-06-18 08:59:46+00:00,,2024-06-24 14:39:21+00:00,
tektoncd/pipeline,8061,2024-06-17 18:54:19+00:00,2024-06-18 05:47:12+00:00,2024-06-18 08:02:58+00:00,2.262777777777778
tektoncd/pipeline,8060,2024-06-17 18:54:11+00:00,2024-06-18 05:47:37+00:00,2024-06-18 05:48:38+00:00,0.016944444444444446
tektoncd/pipeline,8059,2024-06-17 18:29:54+00:00,2024-06-18 05:48:42+00:00,2024-06-18 06:50:46+00:00,1.0344444444444445
tektoncd/pipeline,8058,2024-06-17 18:29:45+00:00,2024-06-18 05:48:48+00:00,2024-06-18 06:50:40+00:00,1.031111111111111
tektoncd/pipeline,8057,2024-06-17 18:26:20+00:00,2024-06-18 05:49:12+00:00,2024-06-18 08:02:52+00:00,2.227777777777778
tektoncd/pipeline,8056,2024-06-17 13:11:46+00:00,2024-06-18 06:34:18+00:00,2024-07-31 16:19:15+00:00,1041.7491666666667
tektoncd/pipeline,8054,2024-06-16 09:41:29+00:00,2024-06-17 09:14:56+00:00,,
tektoncd/pipeline,8053,2024-06-13 15:34:44+00:00,2024-06-13 17:06:55+00:00,2024-06-17 10:38:37+00:00,89.52833333333334
tektoncd/pipeline,8052,2024-06-13 13:57:04+00:00,2024-07-12 20:03:27+00:00,2024-07-17 00:08:52+00:00,100.09027777777777
tektoncd/pipeline,8051,2024-06-13 12:24:37+00:00,2024-06-13 17:09:43+00:00,2024-06-18 08:02:45+00:00,110.88388888888889
tektoncd/pipeline,8050,2024-06-12 18:16:27+00:00,2024-06-13 13:59:41+00:00,2025-01-16 18:34:52+00:00,5212.586388888889
tektoncd/pipeline,8049,2024-06-12 18:15:59+00:00,2024-06-13 13:59:50+00:00,2024-06-18 11:07:18+00:00,117.12444444444445
tektoncd/pipeline,8048,2024-06-12 18:15:29+00:00,2024-06-13 13:59:56+00:00,2024-06-13 14:00:36+00:00,0.011111111111111112
tektoncd/pipeline,8047,2024-06-12 12:01:48+00:00,2024-06-12 18:15:09+00:00,2024-06-18 08:02:39+00:00,133.79166666666666
tektoncd/pipeline,8046,2024-06-11 18:25:46+00:00,2024-06-11 18:29:35+00:00,2024-06-11 19:28:35+00:00,0.9833333333333333
tektoncd/pipeline,8044,2024-06-10 19:30:50+00:00,2024-06-10 19:47:56+00:00,2024-06-11 02:06:34+00:00,6.310555555555555
tektoncd/pipeline,8043,2024-06-10 18:58:48+00:00,2024-06-12 19:30:57+00:00,2024-06-17 16:38:38+00:00,117.12805555555556
tektoncd/pipeline,8042,2024-06-10 18:45:12+00:00,,2024-07-26 18:53:27+00:00,
tektoncd/pipeline,8041,2024-06-10 18:42:22+00:00,2024-06-12 11:54:15+00:00,2024-06-12 16:06:36+00:00,4.2058333333333335
tektoncd/pipeline,8040,2024-06-10 18:36:11+00:00,2024-06-11 11:54:44+00:00,2024-06-11 14:27:09+00:00,2.540277777777778
tektoncd/pipeline,8039,2024-06-10 18:22:10+00:00,2024-06-11 11:55:33+00:00,2024-06-11 14:27:02+00:00,2.524722222222222
tektoncd/pipeline,8038,2024-06-10 18:22:06+00:00,2024-06-11 11:55:46+00:00,2024-06-11 14:26:56+00:00,2.5194444444444444
tektoncd/pipeline,8037,2024-06-10 18:21:58+00:00,2024-06-11 11:55:19+00:00,2024-06-11 14:26:49+00:00,2.525
tektoncd/pipeline,8036,2024-06-10 18:11:17+00:00,2024-06-11 11:56:00+00:00,2024-06-11 14:26:41+00:00,2.511388888888889
tektoncd/pipeline,8035,2024-06-10 10:10:20+00:00,,2024-06-18 09:14:39+00:00,
tektoncd/pipeline,8033,2024-06-07 05:53:13+00:00,2024-06-19 18:41:06+00:00,2025-04-01 12:30:52+00:00,6857.829444444445
tektoncd/pipeline,8032,2024-06-06 18:24:50+00:00,2024-06-18 09:33:35+00:00,2024-07-02 19:05:28+00:00,345.5313888888889
tektoncd/pipeline,8030,2024-06-06 08:56:02+00:00,2024-06-10 16:10:47+00:00,2024-06-11 13:04:35+00:00,20.89666666666667
tektoncd/pipeline,8029,2024-06-06 08:51:31+00:00,2024-06-06 09:39:44+00:00,2024-06-14 11:08:37+00:00,193.4813888888889
tektoncd/pipeline,8027,2024-06-06 07:42:11+00:00,2024-07-03 09:09:52+00:00,2024-07-04 19:59:28+00:00,34.82666666666667
tektoncd/pipeline,8026,2024-06-05 18:58:52+00:00,2024-06-06 09:45:00+00:00,2024-06-06 09:45:13+00:00,0.003611111111111111
tektoncd/pipeline,8025,2024-06-05 18:58:37+00:00,,2024-06-06 18:24:53+00:00,
tektoncd/pipeline,8024,2024-06-05 14:49:36+00:00,2024-06-18 05:55:58+00:00,2024-08-22 15:40:13+00:00,1569.7375
tektoncd/pipeline,8023,2024-06-05 09:23:21+00:00,2024-06-18 12:10:35+00:00,2024-06-24 14:41:21+00:00,146.51277777777779
tektoncd/pipeline,8021,2024-06-04 22:18:59+00:00,,2024-06-04 23:23:12+00:00,
tektoncd/pipeline,8020,2024-06-04 19:27:29+00:00,2024-06-05 09:37:05+00:00,2024-06-05 12:47:13+00:00,3.168888888888889
tektoncd/pipeline,8019,2024-06-04 18:14:43+00:00,,2024-06-04 19:27:59+00:00,
tektoncd/pipeline,8018,2024-06-04 18:14:35+00:00,,2024-06-04 19:11:12+00:00,
tektoncd/pipeline,8017,2024-06-04 18:13:12+00:00,,2024-06-04 19:11:12+00:00,
tektoncd/pipeline,8016,2024-06-04 15:56:07+00:00,2024-06-04 17:40:00+00:00,2024-06-04 18:09:12+00:00,0.4866666666666667
tektoncd/pipeline,8014,2024-06-03 18:53:57+00:00,2024-06-04 10:01:14+00:00,2024-06-04 11:37:26+00:00,1.6033333333333333
tektoncd/pipeline,8013,2024-06-03 18:53:50+00:00,2024-06-04 10:01:28+00:00,2024-06-04 11:37:19+00:00,1.5975
tektoncd/pipeline,8012,2024-06-03 18:53:46+00:00,2024-06-04 10:00:43+00:00,2024-06-04 12:31:13+00:00,2.5083333333333333
tektoncd/pipeline,8011,2024-06-03 18:53:42+00:00,2024-06-04 10:01:51+00:00,2024-06-04 11:37:13+00:00,1.5894444444444444
tektoncd/pipeline,8010,2024-06-03 18:53:35+00:00,2024-06-04 10:02:05+00:00,2024-06-04 13:31:12+00:00,3.4852777777777777
tektoncd/pipeline,8009,2024-06-03 18:33:53+00:00,2024-06-04 10:04:17+00:00,2024-06-10 18:36:14+00:00,152.5325
tektoncd/pipeline,8007,2024-05-29 19:03:13+00:00,,2024-06-03 15:07:12+00:00,
tektoncd/pipeline,8006,2024-05-29 17:31:19+00:00,2024-05-29 17:31:37+00:00,2024-06-27 14:31:43+00:00,693.0016666666667
tektoncd/pipeline,8004,2024-05-29 17:03:38+00:00,2024-05-29 17:03:51+00:00,2024-06-03 19:13:12+00:00,122.15583333333333
tektoncd/pipeline,8002,2024-05-28 18:43:39+00:00,,2024-06-10 18:45:15+00:00,
tektoncd/pipeline,8001,2024-05-28 18:25:19+00:00,,2024-06-03 11:21:12+00:00,
tektoncd/pipeline,8000,2024-05-28 18:24:58+00:00,,2024-05-29 14:58:41+00:00,
tektoncd/pipeline,7999,2024-05-28 18:24:45+00:00,,2024-06-03 12:21:12+00:00,
tektoncd/pipeline,7998,2024-05-28 18:24:18+00:00,,2024-06-03 10:15:12+00:00,
tektoncd/pipeline,7997,2024-05-28 18:15:23+00:00,2024-05-28 18:16:59+00:00,2024-05-28 19:20:41+00:00,1.0616666666666668
tektoncd/pipeline,7996,2024-05-27 19:35:27+00:00,,2024-05-27 21:18:40+00:00,
tektoncd/pipeline,7995,2024-05-27 18:37:43+00:00,,2024-05-27 20:45:01+00:00,
tektoncd/pipeline,7994,2024-05-27 18:25:37+00:00,,2024-05-27 19:36:42+00:00,
tektoncd/pipeline,7993,2024-05-27 18:13:45+00:00,,2024-05-27 20:44:54+00:00,
tektoncd/pipeline,7992,2024-05-27 18:13:41+00:00,,2024-05-27 20:44:47+00:00,
tektoncd/pipeline,7991,2024-05-27 18:08:10+00:00,,2024-05-27 20:44:41+00:00,
tektoncd/pipeline,7990,2024-05-27 17:48:28+00:00,2024-05-27 18:02:37+00:00,2024-05-27 19:34:47+00:00,1.5361111111111112
tektoncd/pipeline,7989,2024-05-27 11:33:28+00:00,2024-05-28 13:32:27+00:00,2024-05-28 15:46:41+00:00,2.237222222222222
tektoncd/pipeline,7987,2024-05-26 10:43:47+00:00,,,
tektoncd/pipeline,7985,2024-05-24 18:37:04+00:00,,2024-05-28 13:02:41+00:00,
tektoncd/pipeline,7984,2024-05-24 16:44:38+00:00,2024-05-24 16:49:10+00:00,2024-05-27 18:24:40+00:00,73.59166666666667
tektoncd/pipeline,7983,2024-05-24 16:28:50+00:00,2024-05-24 19:55:45+00:00,2024-08-14 17:56:35+00:00,1966.013888888889
tektoncd/pipeline,7982,2024-05-23 23:00:07+00:00,2024-05-27 19:14:13+00:00,2024-06-03 16:35:12+00:00,165.34972222222223
tektoncd/pipeline,7979,2024-05-23 18:45:00+00:00,,2024-05-28 18:43:43+00:00,
tektoncd/pipeline,7978,2024-05-23 14:38:13+00:00,2024-06-05 10:21:17+00:00,2024-07-05 15:55:28+00:00,725.5697222222223
tektoncd/pipeline,7976,2024-05-22 20:16:41+00:00,2024-05-23 00:16:47+00:00,2024-05-23 00:18:38+00:00,0.030833333333333334
tektoncd/pipeline,7975,2024-05-21 18:46:34+00:00,2024-05-22 08:36:11+00:00,2024-05-22 08:36:39+00:00,0.0077777777777777776
tektoncd/pipeline,7974,2024-05-21 18:46:17+00:00,2024-05-22 08:36:36+00:00,2024-05-22 08:37:11+00:00,0.009722222222222222
tektoncd/pipeline,7973,2024-05-21 18:45:56+00:00,2024-05-22 08:36:48+00:00,2024-05-22 14:11:31+00:00,5.578611111111111
tektoncd/pipeline,7972,2024-05-21 18:45:32+00:00,2024-05-22 08:36:59+00:00,2024-05-22 14:10:38+00:00,5.560833333333333
tektoncd/pipeline,7970,2024-05-21 10:18:49+00:00,2024-05-22 19:58:25+00:00,2024-05-28 12:08:48+00:00,136.17305555555555
tektoncd/pipeline,7969,2024-05-21 06:18:09+00:00,2024-06-05 09:33:11+00:00,2024-06-11 14:26:35+00:00,148.89
tektoncd/pipeline,7968,2024-05-20 19:01:11+00:00,2024-05-21 10:11:57+00:00,2024-05-21 13:28:44+00:00,3.2797222222222224
tektoncd/pipeline,7967,2024-05-20 19:01:03+00:00,2024-05-21 10:11:16+00:00,2024-05-21 12:12:38+00:00,2.022777777777778
tektoncd/pipeline,7966,2024-05-20 18:57:23+00:00,2024-05-21 10:12:09+00:00,2024-05-21 10:12:38+00:00,0.008055555555555555
tektoncd/pipeline,7965,2024-05-20 18:44:37+00:00,2024-05-21 10:12:34+00:00,2024-05-27 18:37:46+00:00,152.42
tektoncd/pipeline,7964,2024-05-20 14:48:02+00:00,,2024-05-20 15:02:27+00:00,
tektoncd/pipeline,7962,2024-05-19 08:00:11+00:00,2024-05-19 15:49:40+00:00,,
tektoncd/pipeline,7961,2024-05-17 18:25:35+00:00,2024-05-21 10:21:51+00:00,2024-05-21 13:28:37+00:00,3.1127777777777776
tektoncd/pipeline,7960,2024-05-17 18:25:19+00:00,2024-05-21 10:22:12+00:00,2024-06-05 18:58:40+00:00,368.60777777777776
tektoncd/pipeline,7958,2024-05-17 09:37:59+00:00,2024-05-17 09:39:42+00:00,2024-07-11 23:38:24+00:00,1333.9783333333332
tektoncd/pipeline,7957,2024-05-17 09:27:11+00:00,,2024-05-17 15:46:33+00:00,
tektoncd/pipeline,7956,2024-05-17 09:27:07+00:00,,2024-05-17 16:14:32+00:00,
tektoncd/pipeline,7955,2024-05-17 09:27:04+00:00,,2024-05-17 15:46:33+00:00,
tektoncd/pipeline,7953,2024-05-17 08:17:36+00:00,,2024-08-22 16:28:12+00:00,
tektoncd/pipeline,7952,2024-05-16 20:10:05+00:00,2024-05-17 08:33:04+00:00,2024-05-17 12:18:33+00:00,3.7580555555555555
tektoncd/pipeline,7950,2024-05-16 16:36:28+00:00,2024-05-16 20:28:30+00:00,2024-05-16 22:34:32+00:00,2.1005555555555557
tektoncd/pipeline,7949,2024-05-15 19:00:59+00:00,,2024-05-16 13:14:33+00:00,
tektoncd/pipeline,7948,2024-05-15 19:00:47+00:00,,2024-05-16 10:34:46+00:00,
tektoncd/pipeline,7947,2024-05-15 18:32:22+00:00,,2024-05-16 10:34:39+00:00,
tektoncd/pipeline,7946,2024-05-15 18:32:04+00:00,,2024-05-16 10:34:32+00:00,
tektoncd/pipeline,7945,2024-05-15 14:26:11+00:00,2024-05-15 14:34:02+00:00,2024-05-15 15:54:31+00:00,1.341388888888889
tektoncd/pipeline,7944,2024-05-13 18:34:41+00:00,,2024-05-15 04:42:39+00:00,
tektoncd/pipeline,7943,2024-05-13 18:27:56+00:00,,2024-05-15 04:42:32+00:00,
tektoncd/pipeline,7942,2024-05-13 18:27:50+00:00,,2024-05-15 05:42:31+00:00,
tektoncd/pipeline,7941,2024-05-13 18:27:32+00:00,,2024-05-15 03:46:31+00:00,
tektoncd/pipeline,7937,2024-05-09 10:33:43+00:00,2024-05-09 11:45:38+00:00,2024-05-16 11:52:45+00:00,168.1186111111111
tektoncd/pipeline,7936,2024-05-08 19:03:15+00:00,,2024-05-10 00:46:54+00:00,
tektoncd/pipeline,7934,2024-05-06 18:38:48+00:00,,2024-05-10 00:46:48+00:00,
tektoncd/pipeline,7933,2024-05-06 18:38:44+00:00,,2024-05-10 00:46:42+00:00,
tektoncd/pipeline,7932,2024-05-06 18:36:22+00:00,,2024-05-10 00:46:36+00:00,
tektoncd/pipeline,7931,2024-05-06 18:30:02+00:00,,2024-05-10 00:46:29+00:00,
tektoncd/pipeline,7930,2024-05-06 15:47:29+00:00,2024-05-14 15:24:36+00:00,2024-05-16 20:28:32+00:00,53.065555555555555
tektoncd/pipeline,7928,2024-05-03 18:34:21+00:00,,2024-05-06 15:50:28+00:00,
tektoncd/pipeline,7927,2024-05-03 18:12:12+00:00,,2024-05-06 14:42:28+00:00,
tektoncd/pipeline,7926,2024-04-30 18:12:47+00:00,,2024-05-02 15:08:00+00:00,
tektoncd/pipeline,7925,2024-04-29 18:56:37+00:00,,2024-04-30 19:40:11+00:00,
tektoncd/pipeline,7924,2024-04-29 18:46:52+00:00,,2024-04-30 19:40:05+00:00,
tektoncd/pipeline,7923,2024-04-29 18:46:47+00:00,,2024-04-30 19:39:58+00:00,
tektoncd/pipeline,7921,2024-04-29 09:34:17+00:00,2024-04-29 12:40:37+00:00,2024-05-15 18:20:32+00:00,389.66527777777776
tektoncd/pipeline,7920,2024-04-26 23:18:05+00:00,2024-04-27 12:27:28+00:00,2024-05-15 02:38:31+00:00,422.18416666666667
tektoncd/pipeline,7919,2024-04-26 18:05:53+00:00,,2024-05-23 18:45:04+00:00,
tektoncd/pipeline,7918,2024-04-26 09:39:39+00:00,2024-04-29 12:41:21+00:00,2025-08-14 10:54:05+00:00,11326.212222222222
tektoncd/pipeline,7917,2024-04-25 22:30:08+00:00,,2024-04-26 23:11:56+00:00,
tektoncd/pipeline,7915,2024-04-25 18:43:12+00:00,,2024-05-17 18:25:38+00:00,
tektoncd/pipeline,7914,2024-04-25 18:37:54+00:00,2024-04-30 16:45:21+00:00,2024-04-30 17:23:58+00:00,0.6436111111111111
tektoncd/pipeline,7913,2024-04-25 16:39:06+00:00,2024-05-29 08:24:44+00:00,2024-05-29 09:26:41+00:00,1.0325
tektoncd/pipeline,7912,2024-04-25 10:41:42+00:00,,2024-04-25 15:13:41+00:00,
tektoncd/pipeline,7911,2024-04-24 21:07:45+00:00,,2024-04-24 21:43:58+00:00,
tektoncd/pipeline,7910,2024-04-24 19:23:38+00:00,2024-04-24 20:06:41+00:00,2024-05-14 18:18:31+00:00,478.1972222222222
tektoncd/pipeline,7908,2024-04-24 18:09:29+00:00,,2024-04-25 17:17:55+00:00,
tektoncd/pipeline,7907,2024-04-24 18:09:19+00:00,,2024-04-25 15:14:31+00:00,
tektoncd/pipeline,7906,2024-04-24 18:09:08+00:00,,2024-04-25 15:14:33+00:00,
tektoncd/pipeline,7905,2024-04-24 18:09:01+00:00,2024-04-25 08:02:45+00:00,2024-04-25 15:13:35+00:00,7.180555555555555
tektoncd/pipeline,7904,2024-04-24 14:35:37+00:00,2024-04-24 14:35:53+00:00,2025-06-11 09:09:36+00:00,9906.561944444444
tektoncd/pipeline,7903,2024-04-23 15:12:44+00:00,2024-04-23 17:05:24+00:00,2024-04-24 03:14:12+00:00,10.146666666666667
tektoncd/pipeline,7900,2024-04-22 18:24:14+00:00,,2024-04-24 03:14:05+00:00,
tektoncd/pipeline,7899,2024-04-22 18:23:17+00:00,,2024-04-24 03:13:59+00:00,
tektoncd/pipeline,7898,2024-04-22 18:23:08+00:00,2024-04-24 09:57:35+00:00,2024-04-24 10:31:58+00:00,0.5730555555555555
tektoncd/pipeline,7897,2024-04-22 18:23:03+00:00,,2024-04-24 04:58:05+00:00,
tektoncd/pipeline,7896,2024-04-22 18:22:58+00:00,,2024-04-24 02:29:58+00:00,
tektoncd/pipeline,7894,2024-04-18 17:46:54+00:00,2024-04-19 11:57:00+00:00,2024-05-16 14:56:32+00:00,650.9922222222223
tektoncd/pipeline,7893,2024-04-18 08:54:27+00:00,2024-04-18 09:06:34+00:00,2024-05-16 14:57:40+00:00,677.8516666666667
tektoncd/pipeline,7892,2024-04-17 18:53:26+00:00,,2024-05-16 09:25:33+00:00,
tektoncd/pipeline,7891,2024-04-17 18:53:04+00:00,,2024-04-24 04:57:58+00:00,
tektoncd/pipeline,7890,2024-04-17 18:52:36+00:00,,2024-04-22 03:10:06+00:00,
tektoncd/pipeline,7889,2024-04-17 18:28:16+00:00,,2024-04-22 02:31:57+00:00,
tektoncd/pipeline,7887,2024-04-16 12:57:30+00:00,2024-04-16 13:50:20+00:00,2024-04-25 16:37:55+00:00,218.79305555555555
tektoncd/pipeline,7885,2024-04-15 19:14:09+00:00,,2024-04-22 03:09:59+00:00,
tektoncd/pipeline,7884,2024-04-15 18:32:41+00:00,,2024-04-22 03:53:57+00:00,
tektoncd/pipeline,7883,2024-04-15 17:43:05+00:00,2024-04-24 15:08:02+00:00,2024-05-09 23:40:29+00:00,368.54083333333335
tektoncd/pipeline,7882,2024-04-14 12:59:39+00:00,,2024-04-15 19:08:01+00:00,
tektoncd/pipeline,7879,2024-04-12 12:06:44+00:00,2024-04-16 16:40:28+00:00,2024-05-10 18:10:30+00:00,577.5005555555556
tektoncd/pipeline,7877,2024-04-12 11:22:27+00:00,2024-04-15 18:26:07+00:00,2024-05-23 07:51:22+00:00,901.4208333333333
tektoncd/pipeline,7875,2024-04-12 09:44:13+00:00,,2024-04-12 10:17:52+00:00,
tektoncd/pipeline,7874,2024-04-11 15:04:12+00:00,2024-04-11 15:11:01+00:00,2024-04-12 09:02:26+00:00,17.856944444444444
tektoncd/pipeline,7873,2024-04-11 14:54:45+00:00,2024-04-12 08:27:07+00:00,2024-05-16 11:52:38+00:00,819.4252777777778
tektoncd/pipeline,7872,2024-04-10 17:25:14+00:00,2024-04-10 19:01:53+00:00,2024-04-12 09:42:00+00:00,38.66861111111111
tektoncd/pipeline,7868,2024-04-10 14:32:40+00:00,2024-04-12 08:28:38+00:00,2024-04-12 09:02:19+00:00,0.5613888888888889
tektoncd/pipeline,7867,2024-04-10 14:32:19+00:00,2024-04-12 08:28:51+00:00,2024-04-12 09:02:12+00:00,0.5558333333333333
tektoncd/pipeline,7866,2024-04-09 18:14:27+00:00,2024-04-10 07:37:41+00:00,2024-04-12 09:02:06+00:00,49.40694444444444
tektoncd/pipeline,7864,2024-04-09 13:38:14+00:00,2024-04-09 14:50:11+00:00,2024-04-10 13:07:53+00:00,22.295
tektoncd/pipeline,7863,2024-04-09 13:00:43+00:00,,2024-04-09 13:10:08+00:00,
tektoncd/pipeline,7862,2024-04-08 18:57:12+00:00,2024-04-10 13:08:35+00:00,2024-04-12 09:01:59+00:00,43.89
tektoncd/pipeline,7861,2024-04-08 18:06:15+00:00,2024-04-10 13:08:55+00:00,2024-04-12 09:01:52+00:00,43.8825
tektoncd/pipeline,7860,2024-04-08 16:57:53+00:00,2024-04-10 13:09:51+00:00,2024-04-10 13:53:58+00:00,0.7352777777777778
tektoncd/pipeline,7859,2024-04-08 14:30:31+00:00,2024-04-08 18:00:41+00:00,2024-04-08 19:57:50+00:00,1.9525
tektoncd/pipeline,7858,2024-04-08 14:28:24+00:00,,2024-04-08 19:57:50+00:00,
tektoncd/pipeline,7857,2024-04-08 14:22:15+00:00,2024-04-08 14:24:16+00:00,2024-04-08 15:23:50+00:00,0.9927777777777778
tektoncd/pipeline,7856,2024-04-08 14:19:27+00:00,,2024-04-08 15:07:50+00:00,
tektoncd/pipeline,7855,2024-04-08 13:18:43+00:00,2024-04-08 13:55:02+00:00,2024-04-08 14:37:50+00:00,0.7133333333333334
tektoncd/pipeline,7853,2024-04-08 03:32:27+00:00,2024-04-08 10:19:01+00:00,2024-04-08 18:39:50+00:00,8.346944444444444
tektoncd/pipeline,7851,2024-04-06 14:13:23+00:00,2024-05-14 15:51:08+00:00,2025-10-03 07:40:58+00:00,12159.830555555556
tektoncd/pipeline,7850,2024-04-05 18:05:25+00:00,,2024-04-08 01:28:43+00:00,
tektoncd/pipeline,7849,2024-04-05 18:05:14+00:00,,2024-04-08 01:27:58+00:00,
tektoncd/pipeline,7848,2024-04-05 18:05:01+00:00,,2024-04-08 01:27:51+00:00,
tektoncd/pipeline,7847,2024-04-05 18:04:45+00:00,,2024-04-08 02:05:50+00:00,
tektoncd/pipeline,7846,2024-04-05 15:40:40+00:00,2024-05-28 11:06:59+00:00,2024-05-28 12:08:41+00:00,1.0283333333333333
tektoncd/pipeline,7845,2024-04-05 15:28:16+00:00,2024-04-12 09:35:49+00:00,2024-05-15 21:12:33+00:00,803.6122222222223
tektoncd/pipeline,7844,2024-04-05 14:53:33+00:00,2024-04-05 18:04:17+00:00,2024-04-24 11:35:58+00:00,449.52805555555557
tektoncd/pipeline,7843,2024-04-05 14:14:10+00:00,2024-04-05 14:52:01+00:00,2024-04-05 16:45:49+00:00,1.8966666666666667
tektoncd/pipeline,7842,2024-04-05 11:19:56+00:00,2024-04-05 14:31:27+00:00,2024-04-05 15:55:49+00:00,1.406111111111111
tektoncd/pipeline,7841,2024-04-05 11:11:01+00:00,2024-04-08 10:20:14+00:00,2024-04-08 16:23:51+00:00,6.060277777777777
tektoncd/pipeline,7840,2024-04-05 10:50:06+00:00,2024-04-05 13:08:51+00:00,2024-04-05 22:09:50+00:00,9.016388888888889
tektoncd/pipeline,7839,2024-04-05 10:48:01+00:00,2024-04-05 13:08:30+00:00,2024-04-05 22:09:50+00:00,9.022222222222222
tektoncd/pipeline,7838,2024-04-05 10:46:15+00:00,2024-04-05 13:05:36+00:00,2024-04-05 14:49:49+00:00,1.7369444444444444
tektoncd/pipeline,7837,2024-04-05 10:42:37+00:00,2024-04-05 13:05:18+00:00,2024-04-05 15:35:49+00:00,2.508611111111111
tektoncd/pipeline,7836,2024-04-05 10:14:26+00:00,2024-04-05 10:46:50+00:00,2024-04-10 13:53:51+00:00,123.11694444444444
tektoncd/pipeline,7835,2024-04-04 18:13:08+00:00,,2024-04-05 12:01:49+00:00,
tektoncd/pipeline,7834,2024-04-04 18:12:59+00:00,,2024-04-05 11:23:49+00:00,
tektoncd/pipeline,7833,2024-04-04 12:59:27+00:00,2024-04-10 13:23:11+00:00,2025-10-06 09:49:33+00:00,13052.439444444444
tektoncd/pipeline,7832,2024-04-04 11:46:30+00:00,2024-04-04 13:52:44+00:00,2024-04-05 22:45:49+00:00,32.88472222222222
tektoncd/pipeline,7831,2024-04-03 19:03:36+00:00,2024-04-03 19:52:02+00:00,2024-04-03 20:41:48+00:00,0.8294444444444444
tektoncd/pipeline,7830,2024-04-03 18:55:54+00:00,2024-04-03 19:44:55+00:00,2024-04-12 09:41:53+00:00,205.94944444444445
tektoncd/pipeline,7829,2024-04-03 18:39:08+00:00,,2024-04-12 18:31:52+00:00,
tektoncd/pipeline,7827,2024-04-03 16:13:13+00:00,2024-04-08 16:15:44+00:00,2024-04-08 16:26:44+00:00,0.18333333333333332
tektoncd/pipeline,7826,2024-04-03 16:03:23+00:00,2024-04-09 15:04:09+00:00,2024-04-12 17:14:00+00:00,74.16416666666667
tektoncd/pipeline,7825,2024-04-02 18:15:28+00:00,,2024-04-03 16:43:48+00:00,
tektoncd/pipeline,7824,2024-04-02 18:14:58+00:00,,2024-04-03 15:21:55+00:00,
tektoncd/pipeline,7823,2024-04-02 18:14:40+00:00,,2024-04-03 14:15:48+00:00,
tektoncd/pipeline,7821,2024-04-01 19:07:41+00:00,,2024-04-02 18:07:49+00:00,
tektoncd/pipeline,7820,2024-04-01 19:06:27+00:00,2024-04-02 14:32:40+00:00,2024-04-02 14:33:47+00:00,0.01861111111111111
tektoncd/pipeline,7819,2024-04-01 19:05:54+00:00,,2024-04-02 18:47:48+00:00,
tektoncd/pipeline,7818,2024-04-01 19:04:32+00:00,,2024-04-02 15:28:02+00:00,
tektoncd/pipeline,7817,2024-04-01 18:57:44+00:00,,2024-04-02 15:27:55+00:00,
tektoncd/pipeline,7816,2024-03-29 18:42:18+00:00,,2024-04-02 16:17:47+00:00,
tektoncd/pipeline,7815,2024-03-28 18:14:54+00:00,,2024-04-02 15:27:47+00:00,
tektoncd/pipeline,7814,2024-03-28 15:09:23+00:00,,2024-03-28 17:06:40+00:00,
tektoncd/pipeline,7813,2024-03-28 13:10:14+00:00,2024-03-28 13:18:26+00:00,2024-03-28 15:08:39+00:00,1.8369444444444445
tektoncd/pipeline,7812,2024-03-28 02:29:23+00:00,2024-03-28 02:30:02+00:00,2024-05-15 12:20:32+00:00,1161.8416666666667
tektoncd/pipeline,7810,2024-03-27 23:04:49+00:00,2024-03-27 23:07:01+00:00,2024-04-03 15:21:48+00:00,160.2463888888889
tektoncd/pipeline,7809,2024-03-27 06:56:58+00:00,,2024-03-27 12:18:38+00:00,
tektoncd/pipeline,7808,2024-03-27 00:30:28+00:00,,2024-04-02 13:27:48+00:00,
tektoncd/pipeline,7806,2024-03-26 18:06:25+00:00,2024-03-26 23:46:35+00:00,2024-03-26 23:48:38+00:00,0.034166666666666665
tektoncd/pipeline,7803,2024-03-25 18:20:53+00:00,2024-03-25 22:31:21+00:00,2024-03-25 23:22:39+00:00,0.855
tektoncd/pipeline,7802,2024-03-25 18:20:47+00:00,2024-03-25 22:31:49+00:00,2024-03-25 22:32:38+00:00,0.01361111111111111
tektoncd/pipeline,7801,2024-03-25 15:45:16+00:00,,2024-03-25 22:52:29+00:00,
tektoncd/pipeline,7800,2024-03-25 14:37:41+00:00,,2024-03-25 16:32:38+00:00,
tektoncd/pipeline,7799,2024-03-25 14:36:56+00:00,,2024-03-25 16:34:37+00:00,
tektoncd/pipeline,7798,2024-03-25 14:36:01+00:00,,2024-03-25 15:18:38+00:00,
tektoncd/pipeline,7797,2024-03-25 14:35:24+00:00,,2024-03-25 15:36:38+00:00,
tektoncd/pipeline,7796,2024-03-25 13:17:28+00:00,2024-03-25 13:43:43+00:00,2024-03-25 14:34:38+00:00,0.8486111111111111
tektoncd/pipeline,7795,2024-03-25 12:30:06+00:00,2024-03-25 13:42:05+00:00,2024-03-25 15:44:38+00:00,2.0425
tektoncd/pipeline,7792,2024-03-21 18:55:30+00:00,,2024-04-26 18:05:58+00:00,
tektoncd/pipeline,7790,2024-03-21 12:49:33+00:00,2024-03-21 18:10:13+00:00,2024-03-26 01:56:38+00:00,103.77361111111111
tektoncd/pipeline,7789,2024-03-21 10:49:03+00:00,2024-03-21 13:06:36+00:00,2024-05-27 19:34:41+00:00,1614.4680555555556
tektoncd/pipeline,7788,2024-03-21 07:09:46+00:00,2024-04-10 15:26:11+00:00,2024-07-11 23:38:17+00:00,2216.201666666667
tektoncd/pipeline,7786,2024-03-20 21:47:19+00:00,2024-03-21 04:22:47+00:00,2024-04-11 19:51:52+00:00,519.4847222222222
tektoncd/pipeline,7785,2024-03-20 18:45:06+00:00,,2024-03-21 04:24:35+00:00,
tektoncd/pipeline,7784,2024-03-20 18:21:42+00:00,,2024-03-21 05:08:43+00:00,
tektoncd/pipeline,7783,2024-03-20 18:21:33+00:00,,2024-03-21 05:54:36+00:00,
tektoncd/pipeline,7782,2024-03-20 18:21:24+00:00,,2024-03-21 05:08:37+00:00,
tektoncd/pipeline,7781,2024-03-20 18:21:15+00:00,,2024-03-21 11:30:36+00:00,
tektoncd/pipeline,7780,2024-03-20 17:10:11+00:00,2024-03-27 00:37:05+00:00,2024-04-06 01:33:49+00:00,240.94555555555556
tektoncd/pipeline,7776,2024-03-19 07:17:31+00:00,2024-03-19 10:57:57+00:00,2024-04-25 11:23:59+00:00,888.4338888888889
tektoncd/pipeline,7774,2024-03-18 18:25:27+00:00,,2024-03-20 07:16:34+00:00,
tektoncd/pipeline,7773,2024-03-18 18:25:16+00:00,,2024-03-20 05:34:49+00:00,
tektoncd/pipeline,7772,2024-03-18 18:25:09+00:00,,2024-03-20 05:34:42+00:00,
tektoncd/pipeline,7771,2024-03-18 18:24:58+00:00,,2024-03-19 00:32:40+00:00,
tektoncd/pipeline,7770,2024-03-18 18:24:57+00:00,,2024-03-20 06:22:35+00:00,
tektoncd/pipeline,7769,2024-03-18 18:24:55+00:00,,2024-03-19 00:32:33+00:00,
tektoncd/pipeline,7768,2024-03-18 18:24:49+00:00,,2024-03-20 05:34:34+00:00,
tektoncd/pipeline,7767,2024-03-18 18:15:04+00:00,,2024-03-18 22:56:34+00:00,
tektoncd/pipeline,7766,2024-03-18 18:14:57+00:00,,2024-04-17 18:53:30+00:00,
tektoncd/pipeline,7765,2024-03-18 18:14:48+00:00,,2024-04-17 18:53:07+00:00,
tektoncd/pipeline,7763,2024-03-17 15:18:55+00:00,2024-03-18 01:58:19+00:00,2024-04-25 15:13:28+00:00,925.2525
tektoncd/pipeline,7761,2024-03-17 14:59:34+00:00,2024-03-27 23:24:13+00:00,2024-04-25 15:59:27+00:00,688.5872222222222
tektoncd/pipeline,7758,2024-03-16 13:53:49+00:00,,2025-07-29 18:15:01+00:00,
tektoncd/pipeline,7757,2024-03-15 15:53:04+00:00,2024-03-19 15:19:38+00:00,2024-03-26 01:04:38+00:00,153.75
tektoncd/pipeline,7755,2024-03-14 08:40:34+00:00,2024-03-27 00:42:09+00:00,2024-03-27 01:30:44+00:00,0.8097222222222222
tektoncd/pipeline,7750,2024-03-12 17:14:33+00:00,2024-03-15 18:19:12+00:00,2024-04-08 11:41:50+00:00,569.3772222222223
tektoncd/pipeline,7748,2024-03-12 07:06:50+00:00,2024-03-13 10:09:11+00:00,2024-03-16 10:46:15+00:00,72.61777777777777
tektoncd/pipeline,7747,2024-03-11 18:09:05+00:00,2024-03-18 11:44:58+00:00,2024-03-18 12:34:48+00:00,0.8305555555555556
tektoncd/pipeline,7746,2024-03-11 17:49:32+00:00,2024-03-11 18:18:50+00:00,2024-07-03 13:19:28+00:00,2731.0105555555556
tektoncd/pipeline,7744,2024-03-07 17:35:54+00:00,2024-03-19 16:19:02+00:00,2025-06-05 10:05:48+00:00,10625.779444444444
tektoncd/pipeline,7742,2024-03-07 03:23:26+00:00,2024-03-12 10:34:46+00:00,2024-03-19 11:50:34+00:00,169.26333333333332
tektoncd/pipeline,7741,2024-03-06 18:12:48+00:00,2024-03-14 18:48:00+00:00,2024-03-27 01:30:38+00:00,294.7105555555556
tektoncd/pipeline,7736,2024-03-05 08:58:33+00:00,,2025-06-25 08:08:21+00:00,
tektoncd/pipeline,7735,2024-03-04 18:25:56+00:00,,2024-03-05 08:33:30+00:00,
tektoncd/pipeline,7734,2024-03-04 16:12:53+00:00,,2024-03-04 17:01:30+00:00,
tektoncd/pipeline,7733,2024-03-04 16:12:15+00:00,,2024-03-04 16:53:30+00:00,
tektoncd/pipeline,7732,2024-03-01 10:02:44+00:00,2024-03-26 01:23:32+00:00,2024-05-14 16:46:31+00:00,1191.3830555555555
tektoncd/pipeline,7731,2024-03-01 02:31:35+00:00,2024-03-15 18:21:07+00:00,2024-05-16 11:52:32+00:00,1481.5236111111112
tektoncd/pipeline,7729,2024-02-29 21:12:30+00:00,,2024-03-04 14:57:14+00:00,
tektoncd/pipeline,7728,2024-02-29 17:13:57+00:00,,2024-03-28 13:28:39+00:00,
tektoncd/pipeline,7727,2024-02-28 18:06:54+00:00,2024-03-18 11:45:25+00:00,2024-03-18 12:34:42+00:00,0.8213888888888888
tektoncd/pipeline,7726,2024-02-28 18:06:40+00:00,,2024-03-18 12:35:34+00:00,
tektoncd/pipeline,7725,2024-02-28 18:06:27+00:00,,2024-04-01 19:07:44+00:00,
tektoncd/pipeline,7724,2024-02-28 18:06:15+00:00,,2024-03-18 12:35:29+00:00,
tektoncd/pipeline,7723,2024-02-28 18:05:59+00:00,2024-03-18 11:45:35+00:00,2024-03-18 12:34:34+00:00,0.8163888888888889
tektoncd/pipeline,7722,2024-02-28 05:11:23+00:00,2024-02-28 14:45:52+00:00,2024-03-04 16:11:30+00:00,121.42722222222223
tektoncd/pipeline,7721,2024-02-27 22:19:03+00:00,,2025-07-29 18:28:41+00:00,
tektoncd/pipeline,7719,2024-02-26 19:00:22+00:00,,2024-02-27 10:57:27+00:00,
tektoncd/pipeline,7718,2024-02-26 19:00:13+00:00,,2024-02-27 10:09:35+00:00,
tektoncd/pipeline,7715,2024-02-25 15:03:52+00:00,,2024-03-11 15:22:35+00:00,
tektoncd/pipeline,7714,2024-02-25 15:03:01+00:00,2024-03-14 18:38:58+00:00,2024-04-11 14:57:52+00:00,668.315
tektoncd/pipeline,7712,2024-02-23 18:10:27+00:00,,2024-02-26 17:01:33+00:00,
tektoncd/pipeline,7711,2024-02-23 18:09:59+00:00,,2024-02-26 17:02:11+00:00,
tektoncd/pipeline,7710,2024-02-23 18:09:26+00:00,,2024-02-27 09:23:28+00:00,
tektoncd/pipeline,7709,2024-02-23 18:08:43+00:00,,2024-02-26 17:01:26+00:00,
tektoncd/pipeline,7705,2024-02-22 20:38:03+00:00,2024-02-27 15:25:29+00:00,2024-02-29 16:25:28+00:00,48.999722222222225
tektoncd/pipeline,7703,2024-02-22 18:31:06+00:00,2024-02-26 19:35:13+00:00,2024-03-11 15:59:33+00:00,332.40555555555557
tektoncd/pipeline,7702,2024-02-22 18:26:20+00:00,,2024-02-27 10:09:28+00:00,
tektoncd/pipeline,7701,2024-02-22 16:02:07+00:00,2024-02-22 16:09:52+00:00,2024-02-26 16:05:27+00:00,95.9263888888889
tektoncd/pipeline,7697,2024-02-22 10:22:21+00:00,2024-02-23 10:01:37+00:00,2024-03-02 17:25:29+00:00,199.39777777777778
tektoncd/pipeline,7696,2024-02-21 18:27:55+00:00,,2024-02-22 10:11:24+00:00,
tektoncd/pipeline,7695,2024-02-21 18:27:44+00:00,,2024-02-22 09:31:25+00:00,
tektoncd/pipeline,7694,2024-02-21 18:09:22+00:00,,2024-03-21 18:55:34+00:00,
tektoncd/pipeline,7692,2024-02-21 14:54:25+00:00,2024-02-21 17:24:26+00:00,2024-02-21 18:55:25+00:00,1.5163888888888888
tektoncd/pipeline,7689,2024-02-21 06:42:59+00:00,2024-02-21 08:59:31+00:00,2024-02-21 09:01:24+00:00,0.03138888888888889
tektoncd/pipeline,7688,2024-02-20 22:06:08+00:00,2024-02-23 10:02:45+00:00,2024-09-18 10:43:26+00:00,4992.678055555555
tektoncd/pipeline,7687,2024-02-20 21:32:51+00:00,2024-02-20 21:54:59+00:00,2024-02-21 10:15:24+00:00,12.340277777777779
tektoncd/pipeline,7686,2024-02-19 18:34:43+00:00,2024-02-20 16:03:52+00:00,2024-02-20 16:55:24+00:00,0.8588888888888889
tektoncd/pipeline,7685,2024-02-19 18:10:37+00:00,2024-02-20 08:54:13+00:00,2024-02-20 09:39:24+00:00,0.7530555555555556
tektoncd/pipeline,7684,2024-02-19 18:10:34+00:00,2024-02-20 08:54:00+00:00,2024-02-20 08:55:23+00:00,0.023055555555555555
tektoncd/pipeline,7683,2024-02-16 23:54:44+00:00,2024-02-17 01:20:10+00:00,2024-03-15 13:36:32+00:00,660.2727777777778
tektoncd/pipeline,7682,2024-02-16 18:19:24+00:00,,2024-02-19 10:19:23+00:00,
tektoncd/pipeline,7681,2024-02-16 18:18:49+00:00,,2024-02-19 09:33:30+00:00,
tektoncd/pipeline,7679,2024-02-16 01:57:39+00:00,2024-03-04 20:52:02+00:00,2024-04-12 17:13:53+00:00,932.3641666666666
tektoncd/pipeline,7678,2024-02-15 19:00:32+00:00,2024-02-26 15:13:57+00:00,2024-02-26 16:11:27+00:00,0.9583333333333334
tektoncd/pipeline,7677,2024-02-15 18:58:37+00:00,2024-02-26 15:12:42+00:00,2024-02-26 16:11:27+00:00,0.9791666666666666
tektoncd/pipeline,7676,2024-02-15 18:22:06+00:00,2024-02-26 15:04:13+00:00,2024-02-26 17:45:28+00:00,2.6875
tektoncd/pipeline,7675,2024-02-15 18:13:33+00:00,,2024-03-18 18:15:08+00:00,
tektoncd/pipeline,7674,2024-02-15 18:13:20+00:00,,2024-03-18 18:15:01+00:00,
tektoncd/pipeline,7673,2024-02-15 18:13:06+00:00,,2024-02-19 09:33:23+00:00,
tektoncd/pipeline,7671,2024-02-15 06:43:00+00:00,2024-02-15 06:46:30+00:00,2024-02-26 18:33:27+00:00,275.7825
tektoncd/pipeline,7670,2024-02-14 18:10:51+00:00,,2024-02-15 15:57:21+00:00,
tektoncd/pipeline,7666,2024-02-14 00:04:55+00:00,2024-02-14 09:35:54+00:00,2024-02-15 18:11:21+00:00,32.590833333333336
tektoncd/pipeline,7665,2024-02-13 19:45:47+00:00,,2024-02-15 17:17:21+00:00,
tektoncd/pipeline,7664,2024-02-13 18:56:48+00:00,,2024-02-21 18:09:25+00:00,
tektoncd/pipeline,7663,2024-02-13 16:42:03+00:00,2024-02-13 16:54:53+00:00,2024-02-13 18:11:20+00:00,1.2741666666666667
tektoncd/pipeline,7662,2024-02-13 15:47:13+00:00,2024-02-13 16:10:31+00:00,2024-02-21 16:31:25+00:00,192.34833333333333
tektoncd/pipeline,7661,2024-02-12 20:53:56+00:00,,2024-02-13 08:27:20+00:00,
tektoncd/pipeline,7660,2024-02-12 18:33:57+00:00,2024-02-12 18:36:19+00:00,2024-02-12 20:13:20+00:00,1.6169444444444445
tektoncd/pipeline,7659,2024-02-12 18:16:14+00:00,2024-02-12 19:34:45+00:00,2024-02-13 14:25:27+00:00,18.845
tektoncd/pipeline,7658,2024-02-12 18:15:12+00:00,2024-02-13 13:44:33+00:00,2024-02-13 14:25:20+00:00,0.6797222222222222
tektoncd/pipeline,7657,2024-02-12 13:47:46+00:00,2024-02-13 16:11:21+00:00,2024-02-16 18:57:21+00:00,74.76666666666667
tektoncd/pipeline,7656,2024-02-12 12:07:46+00:00,,2024-02-12 12:47:20+00:00,
tektoncd/pipeline,7655,2024-02-12 12:05:19+00:00,,2024-02-12 12:49:20+00:00,
tektoncd/pipeline,7654,2024-02-12 12:02:58+00:00,,2024-02-12 12:47:20+00:00,
tektoncd/pipeline,7653,2024-02-12 12:02:19+00:00,,2024-02-12 13:35:19+00:00,
tektoncd/pipeline,7652,2024-02-12 03:32:41+00:00,2024-02-12 17:08:33+00:00,2024-02-12 18:33:27+00:00,1.415
tektoncd/pipeline,7651,2024-02-10 14:05:42+00:00,2024-02-10 14:07:29+00:00,2024-02-12 18:33:21+00:00,52.431111111111115
tektoncd/pipeline,7648,2024-02-10 12:54:59+00:00,2024-02-12 16:50:39+00:00,2024-02-16 17:29:22+00:00,96.64527777777778
tektoncd/pipeline,7646,2024-02-08 18:51:38+00:00,,2024-02-12 12:45:28+00:00,
tektoncd/pipeline,7645,2024-02-08 18:31:32+00:00,,2024-02-12 12:45:21+00:00,
tektoncd/pipeline,7644,2024-02-08 18:31:17+00:00,,2024-02-12 12:46:31+00:00,
tektoncd/pipeline,7643,2024-02-07 18:32:48+00:00,,2024-02-08 18:51:42+00:00,
tektoncd/pipeline,7642,2024-02-06 19:43:03+00:00,2024-02-06 22:59:02+00:00,2024-02-08 10:01:31+00:00,35.04138888888889
tektoncd/pipeline,7641,2024-02-06 18:19:10+00:00,,2024-02-08 18:31:35+00:00,
tektoncd/pipeline,7638,2024-02-06 11:50:12+00:00,,2024-02-06 16:19:17+00:00,
tektoncd/pipeline,7637,2024-02-06 09:25:28+00:00,2024-02-07 06:53:02+00:00,2024-02-12 20:53:20+00:00,134.005
tektoncd/pipeline,7635,2024-02-05 18:55:43+00:00,2024-02-08 08:54:42+00:00,2024-02-08 10:01:25+00:00,1.1119444444444444
tektoncd/pipeline,7634,2024-02-05 18:27:37+00:00,2024-02-08 08:54:54+00:00,2024-02-08 10:01:18+00:00,1.1066666666666667
tektoncd/pipeline,7633,2024-02-05 16:03:31+00:00,2024-02-06 03:25:16+00:00,2024-02-12 19:53:21+00:00,160.46805555555557
tektoncd/pipeline,7632,2024-02-05 15:37:59+00:00,,2024-03-20 13:22:06+00:00,
tektoncd/pipeline,7630,2024-02-02 09:51:21+00:00,,2024-02-12 20:43:14+00:00,
tektoncd/pipeline,7628,2024-02-01 18:45:05+00:00,,2024-02-13 09:43:26+00:00,
tektoncd/pipeline,7627,2024-01-31 15:08:42+00:00,,2024-02-09 15:05:20+00:00,
tektoncd/pipeline,7624,2024-01-30 18:44:38+00:00,,2024-02-12 17:45:27+00:00,
tektoncd/pipeline,7622,2024-01-29 19:07:34+00:00,,2024-02-13 09:43:20+00:00,
tektoncd/pipeline,7621,2024-01-29 19:07:28+00:00,,2024-02-05 18:27:40+00:00,
tektoncd/pipeline,7620,2024-01-29 19:07:24+00:00,,2024-02-12 17:45:20+00:00,
tektoncd/pipeline,7616,2024-01-25 18:28:56+00:00,,2024-01-26 10:47:03+00:00,
tektoncd/pipeline,7615,2024-01-25 18:28:43+00:00,,2024-02-05 18:55:46+00:00,
tektoncd/pipeline,7614,2024-01-25 18:28:08+00:00,,2024-02-01 18:45:09+00:00,
tektoncd/pipeline,7613,2024-01-25 14:01:44+00:00,2024-01-25 14:52:56+00:00,2024-01-25 19:03:03+00:00,4.168611111111111
tektoncd/pipeline,7612,2024-01-24 18:23:12+00:00,,2024-01-25 14:17:11+00:00,
tektoncd/pipeline,7611,2024-01-24 18:22:56+00:00,,2024-01-25 14:17:04+00:00,
tektoncd/pipeline,7610,2024-01-24 18:22:43+00:00,,2024-01-25 18:09:03+00:00,
tektoncd/pipeline,7609,2024-01-24 18:22:01+00:00,,2024-01-25 14:59:03+00:00,
tektoncd/pipeline,7606,2024-01-23 18:31:56+00:00,,2024-01-24 09:55:10+00:00,
tektoncd/pipeline,7605,2024-01-23 18:31:35+00:00,,2024-01-24 09:55:03+00:00,
tektoncd/pipeline,7604,2024-01-23 18:31:15+00:00,,2024-01-24 11:29:03+00:00,
tektoncd/pipeline,7603,2024-01-23 11:37:04+00:00,2024-01-23 17:01:26+00:00,2024-02-09 17:31:18+00:00,408.4977777777778
tektoncd/pipeline,7602,2024-01-23 10:15:57+00:00,2024-01-23 11:27:25+00:00,2024-02-12 01:11:19+00:00,469.7316666666667
tektoncd/pipeline,7600,2024-01-23 05:55:48+00:00,2024-01-23 17:28:07+00:00,2024-02-12 03:14:47+00:00,465.77777777777777
tektoncd/pipeline,7598,2024-01-22 19:00:01+00:00,2024-01-24 12:42:19+00:00,2024-03-11 13:05:33+00:00,1128.3872222222221
tektoncd/pipeline,7597,2024-01-22 18:49:29+00:00,2024-01-23 05:45:42+00:00,2024-01-23 17:53:29+00:00,12.129722222222222
tektoncd/pipeline,7596,2024-01-22 18:49:17+00:00,,2024-01-23 17:53:22+00:00,
tektoncd/pipeline,7595,2024-01-22 18:49:00+00:00,,2024-02-21 18:27:48+00:00,
tektoncd/pipeline,7594,2024-01-22 18:48:49+00:00,,2024-01-23 17:53:15+00:00,
tektoncd/pipeline,7593,2024-01-22 18:48:21+00:00,,2024-01-23 19:01:02+00:00,
tektoncd/pipeline,7592,2024-01-22 18:48:14+00:00,,2024-01-23 17:53:08+00:00,
tektoncd/pipeline,7591,2024-01-22 18:48:05+00:00,,2024-01-23 17:53:01+00:00,
tektoncd/pipeline,7590,2024-01-22 18:44:08+00:00,,2024-02-13 18:56:52+00:00,
tektoncd/pipeline,7589,2024-01-19 21:44:08+00:00,2024-01-23 05:44:16+00:00,2024-02-06 11:49:17+00:00,342.0836111111111
tektoncd/pipeline,7587,2024-01-19 21:14:54+00:00,2024-01-19 21:17:54+00:00,2024-01-22 14:19:01+00:00,65.01861111111111
tektoncd/pipeline,7586,2024-01-19 18:40:56+00:00,,2024-01-22 15:27:08+00:00,
tektoncd/pipeline,7585,2024-01-19 18:40:43+00:00,,2024-01-22 17:13:01+00:00,
tektoncd/pipeline,7584,2024-01-19 18:40:32+00:00,,2024-01-23 09:39:02+00:00,
tektoncd/pipeline,7583,2024-01-19 18:40:21+00:00,,2024-01-22 15:27:01+00:00,
tektoncd/pipeline,7582,2024-01-19 18:40:11+00:00,,2024-01-22 16:21:01+00:00,
tektoncd/pipeline,7581,2024-01-18 18:32:43+00:00,,2024-02-15 18:13:24+00:00,
tektoncd/pipeline,7580,2024-01-18 18:32:29+00:00,,2024-02-15 18:13:36+00:00,
tektoncd/pipeline,7579,2024-01-18 18:32:17+00:00,,2024-02-15 18:13:10+00:00,
tektoncd/pipeline,7578,2024-01-18 18:30:07+00:00,,2024-01-19 10:44:05+00:00,
tektoncd/pipeline,7577,2024-01-17 18:34:01+00:00,,2024-01-19 10:44:10+00:00,
tektoncd/pipeline,7576,2024-01-17 18:31:53+00:00,,2024-01-19 10:44:02+00:00,
tektoncd/pipeline,7575,2024-01-17 18:28:35+00:00,,2024-01-19 10:42:59+00:00,
tektoncd/pipeline,7574,2024-01-17 18:26:11+00:00,,2024-01-19 10:43:37+00:00,
tektoncd/pipeline,7572,2024-01-16 23:17:17+00:00,2024-01-24 12:07:27+00:00,2024-01-24 16:17:03+00:00,4.16
tektoncd/pipeline,7571,2024-01-16 18:58:32+00:00,,2024-01-17 18:31:58+00:00,
tektoncd/pipeline,7570,2024-01-16 18:58:10+00:00,,2024-01-17 19:35:05+00:00,
tektoncd/pipeline,7569,2024-01-16 18:56:36+00:00,2024-01-17 08:36:44+00:00,2024-01-17 19:34:58+00:00,10.970555555555556
tektoncd/pipeline,7567,2024-01-15 18:35:08+00:00,,2024-01-15 20:16:57+00:00,
tektoncd/pipeline,7566,2024-01-15 18:35:03+00:00,,2024-01-15 19:24:57+00:00,
tektoncd/pipeline,7565,2024-01-15 16:15:55+00:00,2024-01-25 14:54:56+00:00,2024-02-07 19:55:17+00:00,317.0058333333333
tektoncd/pipeline,7563,2024-01-12 23:18:24+00:00,2024-01-24 12:06:55+00:00,2024-01-25 04:45:03+00:00,16.635555555555555
tektoncd/pipeline,7558,2024-01-10 21:19:52+00:00,2024-01-11 15:08:04+00:00,2024-02-26 14:41:27+00:00,1103.556388888889
tektoncd/pipeline,7557,2024-01-10 16:58:08+00:00,2024-01-23 08:46:49+00:00,2024-01-29 16:07:04+00:00,151.3375
tektoncd/pipeline,7554,2024-01-10 08:03:53+00:00,2024-01-10 08:05:15+00:00,2024-02-26 12:51:27+00:00,1132.77
tektoncd/pipeline,7552,2024-01-09 13:53:43+00:00,2024-01-09 17:05:53+00:00,2024-01-16 21:43:05+00:00,172.62
tektoncd/pipeline,7549,2024-01-08 19:21:49+00:00,2024-01-09 17:09:49+00:00,2024-01-16 21:42:58+00:00,172.5525
tektoncd/pipeline,7548,2024-01-08 18:10:39+00:00,,2024-01-09 09:56:54+00:00,
tektoncd/pipeline,7547,2024-01-08 04:39:29+00:00,2024-01-08 05:01:57+00:00,2024-03-12 07:51:34+00:00,1538.8269444444445
