repo_full,merged_at_dt,release_time_dt,time_to_release_days,reason
docker/cli,,,,no_releases
prometheus/prometheus,2024-01-08 10:19:59+00:00,2024-01-08 11:07:36+00:00,0.03306712962962963,
prometheus/prometheus,2024-01-08 16:01:24+00:00,2024-01-15 11:23:54+00:00,6.807291666666667,
prometheus/prometheus,2024-01-15 08:37:25+00:00,2024-01-15 11:23:54+00:00,0.11561342592592593,
prometheus/prometheus,2024-01-15 08:43:07+00:00,2024-01-15 11:23:54+00:00,0.1116550925925926,
prometheus/prometheus,2024-01-15 10:48:43+00:00,2024-01-15 11:23:54+00:00,0.02443287037037037,
prometheus/prometheus,2024-01-15 15:09:24+00:00,2024-01-15 17:49:14+00:00,0.11099537037037037,
prometheus/prometheus,2024-01-15 15:42:40+00:00,2024-01-15 17:49:14+00:00,0.08789351851851852,
prometheus/prometheus,2024-01-15 16:42:58+00:00,2024-01-15 17:49:14+00:00,0.04601851851851852,
prometheus/prometheus,2024-01-15 16:56:27+00:00,2024-01-15 17:49:14+00:00,0.03665509259259259,
prometheus/prometheus,2024-01-16 11:06:58+00:00,2024-01-24 15:09:28+00:00,8.168402777777779,
prometheus/prometheus,2024-01-16 13:19:31+00:00,2024-01-24 15:09:28+00:00,8.076354166666667,
prometheus/prometheus,2024-01-17 00:34:09+00:00,2024-01-24 15:09:28+00:00,7.607858796296297,
prometheus/prometheus,2024-01-17 16:06:35+00:00,2024-01-24 15:09:28+00:00,6.960335648148148,
prometheus/prometheus,2024-01-17 17:12:21+00:00,2024-01-24 15:09:28+00:00,6.914664351851852,
prometheus/prometheus,2024-01-18 10:56:51+00:00,2024-01-24 15:09:28+00:00,6.17542824074074,
prometheus/prometheus,2024-01-18 10:57:13+00:00,2024-01-24 15:09:28+00:00,6.175173611111111,
prometheus/prometheus,2024-01-18 11:05:47+00:00,2024-01-24 15:09:28+00:00,6.169224537037037,
prometheus/prometheus,2024-01-18 11:07:08+00:00,2024-01-24 15:09:28+00:00,6.168287037037037,
prometheus/prometheus,2024-01-18 14:11:01+00:00,2024-01-24 15:09:28+00:00,6.040590277777778,
prometheus/prometheus,2024-01-19 22:37:12+00:00,2024-01-24 15:09:28+00:00,4.689074074074074,
prometheus/prometheus,2024-01-22 14:20:13+00:00,2024-01-24 15:09:28+00:00,2.034201388888889,
prometheus/prometheus,2024-01-22 17:33:21+00:00,2024-01-24 15:09:28+00:00,1.9000810185185186,
prometheus/prometheus,2024-01-23 10:40:21+00:00,2024-01-24 15:09:28+00:00,1.1868865740740742,
prometheus/prometheus,2024-01-23 14:22:04+00:00,2024-01-24 15:09:28+00:00,1.0329166666666667,
prometheus/prometheus,2024-01-23 15:08:22+00:00,2024-01-24 15:09:28+00:00,1.0007638888888888,
prometheus/prometheus,2024-01-23 16:05:34+00:00,2024-01-24 15:09:28+00:00,0.9610416666666667,
prometheus/prometheus,2024-01-24 09:47:56+00:00,2024-01-24 15:09:28+00:00,0.22328703703703703,
prometheus/prometheus,2024-01-24 12:47:59+00:00,2024-01-24 15:09:28+00:00,0.09825231481481482,
prometheus/prometheus,2024-01-24 14:27:18+00:00,2024-01-24 15:09:28+00:00,0.029282407407407406,
prometheus/prometheus,2024-01-24 15:53:33+00:00,2024-02-13 10:08:54+00:00,19.760659722222222,
prometheus/prometheus,2024-01-25 09:20:14+00:00,2024-02-13 10:08:54+00:00,19.033796296296295,
prometheus/prometheus,2024-01-25 09:20:36+00:00,2024-02-13 10:08:54+00:00,19.033541666666668,
prometheus/prometheus,2024-01-25 10:48:50+00:00,2024-02-13 10:08:54+00:00,18.97226851851852,
prometheus/prometheus,2024-01-25 12:47:54+00:00,2024-02-13 10:08:54+00:00,18.889583333333334,
prometheus/prometheus,2024-01-25 13:18:47+00:00,2024-02-13 10:08:54+00:00,18.868136574074075,
prometheus/prometheus,2024-01-25 20:34:18+00:00,2024-02-13 10:08:54+00:00,18.565694444444443,
prometheus/prometheus,2024-01-25 21:25:05+00:00,2024-02-13 10:08:54+00:00,18.53042824074074,
prometheus/prometheus,2024-01-26 08:25:23+00:00,2024-02-13 10:08:54+00:00,18.071886574074075,
prometheus/prometheus,2024-01-26 12:22:50+00:00,2024-02-13 10:08:54+00:00,17.906990740740742,
prometheus/prometheus,2024-01-26 14:40:15+00:00,2024-02-13 10:08:54+00:00,17.8115625,
prometheus/prometheus,2024-01-26 15:52:15+00:00,2024-02-13 10:08:54+00:00,17.7615625,
prometheus/prometheus,2024-01-26 22:28:58+00:00,2024-02-13 10:08:54+00:00,17.486064814814814,
prometheus/prometheus,2024-01-27 00:10:57+00:00,2024-02-13 10:08:54+00:00,17.415243055555557,
prometheus/prometheus,2024-01-29 10:19:03+00:00,2024-02-13 10:08:54+00:00,14.992951388888889,
prometheus/prometheus,2024-01-29 10:20:21+00:00,2024-02-13 10:08:54+00:00,14.99204861111111,
prometheus/prometheus,2024-01-30 09:57:08+00:00,2024-02-13 10:08:54+00:00,14.008171296296297,
prometheus/prometheus,2024-01-31 12:02:12+00:00,2024-02-13 10:08:54+00:00,12.921319444444444,
prometheus/prometheus,2024-02-01 16:22:39+00:00,2024-02-13 10:08:54+00:00,11.74045138888889,
prometheus/prometheus,2024-02-01 17:28:42+00:00,2024-02-13 10:08:54+00:00,11.694583333333334,
prometheus/prometheus,2024-02-02 09:00:39+00:00,2024-02-13 10:08:54+00:00,11.047395833333333,
prometheus/prometheus,2024-02-02 16:40:03+00:00,2024-02-13 10:08:54+00:00,10.728368055555556,
prometheus/prometheus,2024-02-02 18:38:50+00:00,2024-02-13 10:08:54+00:00,10.64587962962963,
prometheus/prometheus,2024-02-02 23:10:40+00:00,2024-02-13 10:08:54+00:00,10.457106481481482,
prometheus/prometheus,2024-02-03 11:53:19+00:00,2024-02-13 10:08:54+00:00,9.927488425925926,
prometheus/prometheus,2024-02-04 13:46:14+00:00,2024-02-13 10:08:54+00:00,8.849074074074075,
prometheus/prometheus,2024-02-06 10:26:48+00:00,2024-02-13 10:08:54+00:00,6.9875694444444445,
prometheus/prometheus,2024-02-06 12:53:01+00:00,2024-02-13 10:08:54+00:00,6.886030092592593,
prometheus/prometheus,2024-02-06 12:53:37+00:00,2024-02-13 10:08:54+00:00,6.885613425925926,
prometheus/prometheus,2024-02-06 16:15:10+00:00,2024-02-13 10:08:54+00:00,6.745648148148148,
prometheus/prometheus,2024-02-06 16:16:32+00:00,2024-02-13 10:08:54+00:00,6.744699074074074,
prometheus/prometheus,2024-02-12 13:34:33+00:00,2024-02-13 10:08:54+00:00,0.8571875,
prometheus/prometheus,2024-02-12 14:40:08+00:00,2024-02-13 10:08:54+00:00,0.8116435185185186,
prometheus/prometheus,2024-02-13 09:21:24+00:00,2024-02-13 10:08:54+00:00,0.03298611111111111,
prometheus/prometheus,2024-02-14 16:24:40+00:00,2024-02-19 13:56:18+00:00,4.896967592592593,
prometheus/prometheus,2024-02-14 16:59:01+00:00,2024-02-19 13:56:18+00:00,4.873113425925926,
prometheus/prometheus,2024-02-15 14:08:18+00:00,2024-02-19 13:56:18+00:00,3.9916666666666667,
prometheus/prometheus,2024-02-19 09:34:04+00:00,2024-02-19 13:56:18+00:00,0.18210648148148148,
prometheus/prometheus,2024-02-19 13:15:03+00:00,2024-02-19 13:56:18+00:00,0.028645833333333332,
prometheus/prometheus,2024-02-21 14:36:10+00:00,2024-02-22 10:30:55+00:00,0.8296875,
prometheus/prometheus,2024-02-22 01:09:07+00:00,2024-02-22 10:30:55+00:00,0.39013888888888887,
prometheus/prometheus,2024-02-22 02:56:02+00:00,2024-02-22 10:30:55+00:00,0.3158912037037037,
prometheus/prometheus,2024-02-22 09:21:59+00:00,2024-02-22 10:30:55+00:00,0.04787037037037037,
prometheus/prometheus,2024-02-22 09:23:27+00:00,2024-02-22 10:30:55+00:00,0.04685185185185185,
prometheus/prometheus,2024-02-22 10:07:52+00:00,2024-02-22 10:30:55+00:00,0.016006944444444445,
prometheus/prometheus,2024-02-22 17:04:19+00:00,2024-02-26 12:29:47+00:00,3.8093518518518517,
prometheus/prometheus,2024-02-23 08:41:45+00:00,2024-02-26 12:29:47+00:00,3.1583564814814813,
prometheus/prometheus,2024-02-23 10:31:39+00:00,2024-02-26 12:29:47+00:00,3.082037037037037,
prometheus/prometheus,2024-02-23 12:39:17+00:00,2024-02-26 12:29:47+00:00,2.993402777777778,
prometheus/prometheus,2024-02-26 09:53:39+00:00,2024-02-26 12:29:47+00:00,0.10842592592592593,
prometheus/prometheus,2024-02-26 11:31:35+00:00,2024-02-26 12:29:47+00:00,0.04041666666666666,
prometheus/prometheus,2024-02-26 13:10:43+00:00,2024-03-11 15:57:01+00:00,14.11548611111111,
prometheus/prometheus,2024-02-26 15:02:12+00:00,2024-03-11 15:57:01+00:00,14.03806712962963,
prometheus/prometheus,2024-02-26 17:38:01+00:00,2024-03-11 15:57:01+00:00,13.92986111111111,
prometheus/prometheus,2024-02-26 18:14:00+00:00,2024-03-11 15:57:01+00:00,13.904872685185186,
prometheus/prometheus,2024-02-27 09:48:38+00:00,2024-03-11 15:57:01+00:00,13.255821759259259,
prometheus/prometheus,2024-02-27 11:17:46+00:00,2024-03-11 15:57:01+00:00,13.193923611111112,
prometheus/prometheus,2024-02-27 11:17:56+00:00,2024-03-11 15:57:01+00:00,13.193807870370371,
prometheus/prometheus,2024-02-27 11:18:06+00:00,2024-03-11 15:57:01+00:00,13.19369212962963,
prometheus/prometheus,2024-02-27 11:18:17+00:00,2024-03-11 15:57:01+00:00,13.193564814814815,
prometheus/prometheus,2024-02-27 11:28:16+00:00,2024-03-11 15:57:01+00:00,13.186631944444445,
prometheus/prometheus,2024-02-27 22:16:43+00:00,2024-03-11 15:57:01+00:00,12.736319444444444,
prometheus/prometheus,2024-02-28 12:52:30+00:00,2024-03-11 15:57:01+00:00,12.128136574074073,
prometheus/prometheus,2024-02-28 12:54:49+00:00,2024-03-11 15:57:01+00:00,12.126527777777778,
prometheus/prometheus,2024-02-28 14:31:18+00:00,2024-03-11 15:57:01+00:00,12.059525462962963,
prometheus/prometheus,2024-02-28 17:03:34+00:00,2024-03-11 15:57:01+00:00,11.953784722222222,
prometheus/prometheus,2024-02-28 22:28:39+00:00,2024-03-11 15:57:01+00:00,11.728032407407408,
prometheus/prometheus,2024-02-29 13:21:15+00:00,2024-03-11 15:57:01+00:00,11.108171296296296,
prometheus/prometheus,2024-02-29 15:31:13+00:00,2024-03-11 15:57:01+00:00,11.017916666666666,
prometheus/prometheus,2024-02-29 16:03:00+00:00,2024-03-11 15:57:01+00:00,10.995844907407408,
prometheus/prometheus,2024-02-29 16:49:15+00:00,2024-03-11 15:57:01+00:00,10.963726851851852,
prometheus/prometheus,2024-03-04 09:53:55+00:00,2024-03-11 15:57:01+00:00,7.252152777777778,
prometheus/prometheus,2024-03-04 09:55:24+00:00,2024-03-11 15:57:01+00:00,7.2511226851851855,
prometheus/prometheus,2024-03-04 09:56:18+00:00,2024-03-11 15:57:01+00:00,7.250497685185185,
prometheus/prometheus,2024-03-04 09:58:11+00:00,2024-03-11 15:57:01+00:00,7.249189814814815,
prometheus/prometheus,2024-03-04 09:58:44+00:00,2024-03-11 15:57:01+00:00,7.248807870370371,
prometheus/prometheus,2024-03-04 09:59:26+00:00,2024-03-11 15:57:01+00:00,7.24832175925926,
prometheus/prometheus,2024-03-04 11:06:34+00:00,2024-03-11 15:57:01+00:00,7.201701388888889,
prometheus/prometheus,2024-03-04 14:27:27+00:00,2024-03-11 15:57:01+00:00,7.062199074074074,
prometheus/prometheus,2024-03-04 15:19:17+00:00,2024-03-11 15:57:01+00:00,7.026203703703704,
prometheus/prometheus,2024-03-04 15:19:53+00:00,2024-03-11 15:57:01+00:00,7.025787037037037,
prometheus/prometheus,2024-03-04 15:32:34+00:00,2024-03-11 15:57:01+00:00,7.016979166666666,
prometheus/prometheus,2024-03-04 15:37:01+00:00,2024-03-11 15:57:01+00:00,7.013888888888889,
prometheus/prometheus,2024-03-04 16:18:59+00:00,2024-03-11 15:57:01+00:00,6.98474537037037,
prometheus/prometheus,2024-03-05 20:02:40+00:00,2024-03-11 15:57:01+00:00,5.8294097222222225,
prometheus/prometheus,2024-03-05 22:16:52+00:00,2024-03-11 15:57:01+00:00,5.736215277777778,
prometheus/prometheus,2024-03-06 11:43:29+00:00,2024-03-11 15:57:01+00:00,5.176064814814815,
prometheus/prometheus,2024-03-06 12:36:34+00:00,2024-03-11 15:57:01+00:00,5.139201388888889,
prometheus/prometheus,2024-03-06 13:08:59+00:00,2024-03-11 15:57:01+00:00,5.116689814814815,
prometheus/prometheus,2024-03-06 13:17:07+00:00,2024-03-11 15:57:01+00:00,5.111041666666667,
prometheus/prometheus,2024-03-06 18:12:58+00:00,2024-03-11 15:57:01+00:00,4.905590277777778,
prometheus/prometheus,2024-03-06 18:15:17+00:00,2024-03-11 15:57:01+00:00,4.903981481481481,
prometheus/prometheus,2024-03-06 18:38:44+00:00,2024-03-11 15:57:01+00:00,4.887696759259259,
prometheus/prometheus,2024-03-07 10:09:13+00:00,2024-03-11 15:57:01+00:00,4.241527777777778,
prometheus/prometheus,2024-03-07 10:09:53+00:00,2024-03-11 15:57:01+00:00,4.2410648148148145,
prometheus/prometheus,2024-03-07 11:36:17+00:00,2024-03-11 15:57:01+00:00,4.181064814814815,
prometheus/prometheus,2024-03-07 12:05:58+00:00,2024-03-11 15:57:01+00:00,4.160451388888889,
prometheus/prometheus,2024-03-07 19:46:43+00:00,2024-03-11 15:57:01+00:00,3.8404861111111113,
prometheus/prometheus,2024-03-08 12:28:04+00:00,2024-03-11 15:57:01+00:00,3.1451041666666666,
prometheus/prometheus,2024-03-08 12:29:36+00:00,2024-03-11 15:57:01+00:00,3.144039351851852,
prometheus/prometheus,2024-03-08 15:19:39+00:00,2024-03-11 15:57:01+00:00,3.025949074074074,
prometheus/prometheus,2024-03-11 12:55:19+00:00,2024-03-11 15:57:01+00:00,0.12618055555555555,
prometheus/prometheus,2024-03-11 13:35:44+00:00,2024-03-11 15:57:01+00:00,0.09811342592592592,
prometheus/prometheus,2024-03-12 10:41:34+00:00,2024-03-18 11:35:02+00:00,6.0371296296296295,
prometheus/prometheus,2024-03-12 10:50:26+00:00,2024-03-18 11:35:02+00:00,6.030972222222222,
prometheus/prometheus,2024-03-12 11:24:28+00:00,2024-03-18 11:35:02+00:00,6.007337962962963,
prometheus/prometheus,2024-03-12 11:34:04+00:00,2024-03-18 11:35:02+00:00,6.0006712962962965,
prometheus/prometheus,2024-03-12 15:17:12+00:00,2024-03-18 11:35:02+00:00,5.845717592592592,
prometheus/prometheus,2024-03-12 19:07:04+00:00,2024-03-18 11:35:02+00:00,5.686087962962963,
prometheus/prometheus,2024-03-13 11:57:22+00:00,2024-03-18 11:35:02+00:00,4.984490740740741,
prometheus/prometheus,2024-03-13 13:45:42+00:00,2024-03-18 11:35:02+00:00,4.909259259259259,
prometheus/prometheus,2024-03-14 07:42:16+00:00,2024-03-18 11:35:02+00:00,4.1616435185185185,
prometheus/prometheus,2024-03-14 10:15:17+00:00,2024-03-18 11:35:02+00:00,4.055381944444444,
prometheus/prometheus,2024-03-14 11:11:42+00:00,2024-03-18 11:35:02+00:00,4.016203703703703,
prometheus/prometheus,2024-03-14 13:47:25+00:00,2024-03-18 11:35:02+00:00,3.9080671296296297,
prometheus/prometheus,2024-03-14 18:34:37+00:00,2024-03-18 11:35:02+00:00,3.708622685185185,
prometheus/prometheus,2024-03-15 08:40:27+00:00,2024-03-18 11:35:02+00:00,3.121238425925926,
prometheus/prometheus,2024-03-15 13:42:30+00:00,2024-03-18 11:35:02+00:00,2.9114814814814816,
prometheus/prometheus,2024-03-15 16:45:57+00:00,2024-03-18 11:35:02+00:00,2.784085648148148,
prometheus/prometheus,2024-03-15 16:47:14+00:00,2024-03-18 11:35:02+00:00,2.7831944444444443,
prometheus/prometheus,2024-03-17 09:34:57+00:00,2024-03-18 11:35:02+00:00,1.0833912037037037,
prometheus/prometheus,2024-03-18 07:17:40+00:00,2024-03-18 11:35:02+00:00,0.17872685185185186,
prometheus/prometheus,2024-03-18 10:20:09+00:00,2024-03-18 11:35:02+00:00,0.052002314814814814,
prometheus/prometheus,2024-03-18 10:58:15+00:00,2024-03-18 11:35:02+00:00,0.02554398148148148,
prometheus/prometheus,2024-03-19 10:49:40+00:00,2024-03-19 13:56:15+00:00,0.12957175925925926,
prometheus/prometheus,2024-03-19 11:00:17+00:00,2024-03-19 13:56:15+00:00,0.12219907407407407,
prometheus/prometheus,2024-03-19 17:29:32+00:00,2024-03-20 15:27:59+00:00,0.9155902777777778,
prometheus/prometheus,2024-03-19 17:37:43+00:00,2024-03-20 15:27:59+00:00,0.9099074074074074,
prometheus/prometheus,2024-03-19 17:41:02+00:00,2024-03-20 15:27:59+00:00,0.9076041666666667,
prometheus/prometheus,2024-03-19 18:15:25+00:00,2024-03-20 15:27:59+00:00,0.8837268518518518,
prometheus/prometheus,2024-03-19 18:24:38+00:00,2024-03-20 15:27:59+00:00,0.8773263888888889,
prometheus/prometheus,2024-03-20 12:19:10+00:00,2024-03-20 15:27:59+00:00,0.1311226851851852,
prometheus/prometheus,2024-03-20 13:26:35+00:00,2024-03-20 15:27:59+00:00,0.08430555555555555,
prometheus/prometheus,2024-03-21 08:13:32+00:00,2024-03-28 16:29:53+00:00,7.3446875,
prometheus/prometheus,2024-03-22 06:29:06+00:00,2024-03-28 16:29:53+00:00,6.417210648148148,
prometheus/prometheus,2024-03-22 06:29:58+00:00,2024-03-28 16:29:53+00:00,6.4166087962962965,
prometheus/prometheus,2024-03-22 06:30:53+00:00,2024-03-28 16:29:53+00:00,6.415972222222222,
prometheus/prometheus,2024-03-22 11:09:39+00:00,2024-03-28 16:29:53+00:00,6.222384259259259,
prometheus/prometheus,2024-03-22 11:17:25+00:00,2024-03-28 16:29:53+00:00,6.216990740740741,
prometheus/prometheus,2024-03-22 11:18:07+00:00,2024-03-28 16:29:53+00:00,6.21650462962963,
prometheus/prometheus,2024-03-22 12:03:21+00:00,2024-03-28 16:29:53+00:00,6.185092592592593,
prometheus/prometheus,2024-03-22 13:36:40+00:00,2024-03-28 16:29:53+00:00,6.120289351851852,
prometheus/prometheus,2024-03-23 08:02:11+00:00,2024-03-28 16:29:53+00:00,5.352569444444445,
prometheus/prometheus,2024-03-23 08:42:34+00:00,2024-03-28 16:29:53+00:00,5.324525462962963,
prometheus/prometheus,2024-03-25 12:49:29+00:00,2024-03-28 16:29:53+00:00,3.1530555555555555,
prometheus/prometheus,2024-03-25 13:54:20+00:00,2024-03-28 16:29:53+00:00,3.1080208333333332,
prometheus/prometheus,2024-03-25 13:55:22+00:00,2024-03-28 16:29:53+00:00,3.1073032407407406,
prometheus/prometheus,2024-03-25 13:58:44+00:00,2024-03-28 16:29:53+00:00,3.1049652777777776,
prometheus/prometheus,2024-03-25 14:03:56+00:00,2024-03-28 16:29:53+00:00,3.101354166666667,
prometheus/prometheus,2024-03-26 11:16:27+00:00,2024-03-28 16:29:53+00:00,2.2176620370370372,
prometheus/prometheus,2024-03-26 11:17:11+00:00,2024-03-28 16:29:53+00:00,2.2171527777777778,
prometheus/prometheus,2024-03-26 11:17:38+00:00,2024-03-28 16:29:53+00:00,2.2168402777777776,
prometheus/prometheus,2024-03-26 11:22:22+00:00,2024-03-28 16:29:53+00:00,2.213553240740741,
prometheus/prometheus,2024-03-26 11:26:32+00:00,2024-03-28 16:29:53+00:00,2.210659722222222,
prometheus/prometheus,2024-03-26 11:33:48+00:00,2024-03-28 16:29:53+00:00,2.205613425925926,
prometheus/prometheus,2024-03-26 16:41:43+00:00,2024-03-28 16:29:53+00:00,1.9917824074074073,
prometheus/prometheus,2024-03-27 10:35:18+00:00,2024-03-28 16:29:53+00:00,1.2462384259259258,
prometheus/prometheus,2024-03-27 10:36:17+00:00,2024-03-28 16:29:53+00:00,1.2455555555555555,
prometheus/prometheus,2024-03-27 15:32:38+00:00,2024-03-28 16:29:53+00:00,1.0397569444444446,
prometheus/prometheus,2024-03-27 16:58:03+00:00,2024-03-28 16:29:53+00:00,0.9804398148148148,
prometheus/prometheus,2024-03-27 17:06:44+00:00,2024-03-28 16:29:53+00:00,0.9744097222222222,
prometheus/prometheus,2024-03-27 17:09:54+00:00,2024-03-28 16:29:53+00:00,0.9722106481481482,
prometheus/prometheus,2024-03-27 17:19:14+00:00,2024-03-28 16:29:53+00:00,0.9657291666666666,
prometheus/prometheus,2024-03-27 17:40:59+00:00,2024-03-28 16:29:53+00:00,0.950625,
prometheus/prometheus,2024-03-28 09:23:45+00:00,2024-03-28 16:29:53+00:00,0.2959259259259259,
prometheus/prometheus,2024-03-28 12:47:28+00:00,2024-03-28 16:29:53+00:00,0.1544560185185185,
prometheus/prometheus,2024-03-28 22:09:57+00:00,2024-04-15 07:20:56+00:00,17.382627314814815,
prometheus/prometheus,2024-03-29 19:37:51+00:00,2024-04-15 07:20:56+00:00,16.488252314814815,
prometheus/prometheus,2024-03-29 23:51:38+00:00,2024-04-15 07:20:56+00:00,16.312013888888888,
prometheus/prometheus,2024-04-01 12:30:11+00:00,2024-04-15 07:20:56+00:00,13.785243055555556,
prometheus/prometheus,2024-04-01 19:54:20+00:00,2024-04-15 07:20:56+00:00,13.476805555555556,
prometheus/prometheus,2024-04-02 16:45:47+00:00,2024-04-15 07:20:56+00:00,12.607743055555556,
prometheus/prometheus,2024-04-03 08:14:34+00:00,2024-04-15 07:20:56+00:00,11.962754629629629,
prometheus/prometheus,2024-04-03 08:57:08+00:00,2024-04-15 07:20:56+00:00,11.933194444444444,
prometheus/prometheus,2024-04-03 15:55:14+00:00,2024-04-15 07:20:56+00:00,11.642847222222223,
prometheus/prometheus,2024-04-04 09:43:45+00:00,2024-04-15 07:20:56+00:00,10.900821759259259,
prometheus/prometheus,2024-04-04 12:26:13+00:00,2024-04-15 07:20:56+00:00,10.787997685185186,
prometheus/prometheus,2024-04-04 14:16:30+00:00,2024-04-15 07:20:56+00:00,10.711412037037038,
prometheus/prometheus,2024-04-05 08:31:59+00:00,2024-04-15 07:20:56+00:00,9.950659722222222,
prometheus/prometheus,2024-04-05 09:22:46+00:00,2024-04-15 07:20:56+00:00,9.915393518518519,
prometheus/prometheus,2024-04-05 09:24:41+00:00,2024-04-15 07:20:56+00:00,9.9140625,
prometheus/prometheus,2024-04-05 12:59:36+00:00,2024-04-15 07:20:56+00:00,9.764814814814814,
prometheus/prometheus,2024-04-05 14:19:08+00:00,2024-04-15 07:20:56+00:00,9.709583333333333,
prometheus/prometheus,2024-04-05 15:34:57+00:00,2024-04-15 07:20:56+00:00,9.65693287037037,
prometheus/prometheus,2024-04-05 17:44:32+00:00,2024-04-15 07:20:56+00:00,9.566944444444445,
prometheus/prometheus,2024-04-06 09:23:19+00:00,2024-04-15 07:20:56+00:00,8.915011574074073,
prometheus/prometheus,2024-04-07 17:28:28+00:00,2024-04-15 07:20:56+00:00,7.5781018518518515,
prometheus/prometheus,2024-04-07 17:33:33+00:00,2024-04-15 07:20:56+00:00,7.57457175925926,
prometheus/prometheus,2024-04-08 15:34:14+00:00,2024-04-15 07:20:56+00:00,6.657430555555556,
prometheus/prometheus,2024-04-10 10:08:16+00:00,2024-04-15 07:20:56+00:00,4.883796296296296,
prometheus/prometheus,2024-04-10 10:14:55+00:00,2024-04-15 07:20:56+00:00,4.879178240740741,
prometheus/prometheus,2024-04-10 10:52:12+00:00,2024-04-15 07:20:56+00:00,4.853287037037037,
prometheus/prometheus,2024-04-11 08:27:54+00:00,2024-04-15 07:20:56+00:00,3.9534953703703706,
prometheus/prometheus,2024-04-11 08:38:24+00:00,2024-04-15 07:20:56+00:00,3.946203703703704,
prometheus/prometheus,2024-04-11 10:53:28+00:00,2024-04-15 07:20:56+00:00,3.8524074074074073,
prometheus/prometheus,2024-04-11 11:24:26+00:00,2024-04-15 07:20:56+00:00,3.8309027777777778,
prometheus/prometheus,2024-04-13 10:59:55+00:00,2024-04-15 07:20:56+00:00,1.8479282407407407,
prometheus/prometheus,2024-04-16 12:15:07+00:00,2024-04-30 13:05:32+00:00,14.035011574074074,
prometheus/prometheus,2024-04-17 13:41:04+00:00,2024-04-30 13:05:32+00:00,12.975324074074074,
prometheus/prometheus,2024-04-18 09:09:14+00:00,2024-04-30 13:05:32+00:00,12.164097222222223,
prometheus/prometheus,2024-04-18 12:40:20+00:00,2024-04-30 13:05:32+00:00,12.0175,
prometheus/prometheus,2024-04-18 12:40:51+00:00,2024-04-30 13:05:32+00:00,12.017141203703703,
prometheus/prometheus,2024-04-18 14:25:21+00:00,2024-04-30 13:05:32+00:00,11.94457175925926,
prometheus/prometheus,2024-04-18 14:25:41+00:00,2024-04-30 13:05:32+00:00,11.944340277777778,
prometheus/prometheus,2024-04-18 14:26:15+00:00,2024-04-30 13:05:32+00:00,11.943946759259259,
prometheus/prometheus,2024-04-18 17:58:43+00:00,2024-04-30 13:05:32+00:00,11.796400462962962,
prometheus/prometheus,2024-04-18 19:44:03+00:00,2024-04-30 13:05:32+00:00,11.723252314814815,
prometheus/prometheus,2024-04-19 08:31:16+00:00,2024-04-30 13:05:32+00:00,11.190462962962963,
prometheus/prometheus,2024-04-20 10:21:42+00:00,2024-04-30 13:05:32+00:00,10.113773148148148,
prometheus/prometheus,2024-04-20 11:13:56+00:00,2024-04-30 13:05:32+00:00,10.0775,
prometheus/prometheus,2024-04-20 11:14:15+00:00,2024-04-30 13:05:32+00:00,10.077280092592593,
prometheus/prometheus,2024-04-22 12:25:47+00:00,2024-04-30 13:05:32+00:00,8.027604166666666,
prometheus/prometheus,2024-04-22 12:26:07+00:00,2024-04-30 13:05:32+00:00,8.027372685185185,
prometheus/prometheus,2024-04-24 01:35:34+00:00,2024-04-30 13:05:32+00:00,6.479143518518518,
prometheus/prometheus,2024-04-24 07:36:05+00:00,2024-04-30 13:05:32+00:00,6.228784722222223,
prometheus/prometheus,2024-04-24 09:35:17+00:00,2024-04-30 13:05:32+00:00,6.146006944444444,
prometheus/prometheus,2024-04-24 12:37:09+00:00,2024-04-30 13:05:32+00:00,6.019710648148148,
prometheus/prometheus,2024-04-24 14:41:33+00:00,2024-04-30 13:05:32+00:00,5.933321759259259,
prometheus/prometheus,2024-04-24 15:04:30+00:00,2024-04-30 13:05:32+00:00,5.91738425925926,
prometheus/prometheus,2024-04-25 12:18:50+00:00,2024-04-30 13:05:32+00:00,5.032430555555556,
prometheus/prometheus,2024-04-25 13:56:41+00:00,2024-04-30 13:05:32+00:00,4.964479166666667,
prometheus/prometheus,2024-04-27 14:01:30+00:00,2024-04-30 13:05:32+00:00,2.9611342592592593,
prometheus/prometheus,2024-04-29 09:14:01+00:00,2024-04-30 13:05:32+00:00,1.160775462962963,
prometheus/prometheus,2024-04-29 09:18:49+00:00,2024-04-30 13:05:32+00:00,1.1574421296296296,
prometheus/prometheus,2024-04-29 18:26:01+00:00,2024-04-30 13:05:32+00:00,0.7774421296296297,
prometheus/prometheus,2024-04-29 18:33:27+00:00,2024-04-30 13:05:32+00:00,0.7722800925925926,
prometheus/prometheus,2024-04-30 08:47:10+00:00,2024-04-30 13:05:32+00:00,0.1794212962962963,
prometheus/prometheus,2024-04-30 09:29:52+00:00,2024-04-30 13:05:32+00:00,0.14976851851851852,
prometheus/prometheus,2024-04-30 09:50:52+00:00,2024-04-30 13:05:32+00:00,0.13518518518518519,
prometheus/prometheus,2024-04-30 11:30:45+00:00,2024-04-30 13:05:32+00:00,0.06582175925925926,
prometheus/prometheus,2024-04-30 12:18:30+00:00,2024-04-30 13:05:32+00:00,0.03266203703703704,
prometheus/prometheus,2024-04-30 14:29:21+00:00,2024-05-02 16:16:59+00:00,2.0747453703703704,
prometheus/prometheus,2024-04-30 16:44:27+00:00,2024-05-02 16:16:59+00:00,1.980925925925926,
prometheus/prometheus,2024-05-01 14:35:22+00:00,2024-05-02 16:16:59+00:00,1.0705671296296295,
prometheus/prometheus,2024-05-02 08:51:25+00:00,2024-05-02 16:16:59+00:00,0.3094212962962963,
prometheus/prometheus,2024-05-02 09:12:02+00:00,2024-05-02 16:16:59+00:00,0.29510416666666667,
prometheus/prometheus,2024-05-02 09:12:22+00:00,2024-05-02 16:16:59+00:00,0.29487268518518517,
prometheus/prometheus,2024-05-02 09:13:04+00:00,2024-05-02 16:16:59+00:00,0.2943865740740741,
prometheus/prometheus,2024-05-02 09:14:19+00:00,2024-05-02 16:16:59+00:00,0.2935185185185185,
prometheus/prometheus,2024-05-02 09:14:54+00:00,2024-05-02 16:16:59+00:00,0.29311342592592593,
prometheus/prometheus,2024-05-02 09:15:24+00:00,2024-05-02 16:16:59+00:00,0.2927662037037037,
prometheus/prometheus,2024-05-02 14:32:12+00:00,2024-05-02 16:16:59+00:00,0.07276620370370371,
prometheus/prometheus,2024-05-02 14:47:39+00:00,2024-05-02 16:16:59+00:00,0.062037037037037036,
prometheus/prometheus,2024-05-02 14:47:41+00:00,2024-05-02 16:16:59+00:00,0.06201388888888889,
prometheus/prometheus,2024-05-03 12:42:39+00:00,2024-05-03 18:11:46+00:00,0.22855324074074074,
prometheus/prometheus,2024-05-03 13:23:46+00:00,2024-05-03 18:11:46+00:00,0.2,
prometheus/prometheus,2024-05-03 17:07:49+00:00,2024-05-03 18:11:46+00:00,0.044409722222222225,
prometheus/prometheus,2024-05-03 17:31:50+00:00,2024-05-03 18:11:46+00:00,0.027731481481481482,
prometheus/prometheus,2024-05-03 17:53:57+00:00,2024-05-03 18:11:46+00:00,0.012372685185185184,
prometheus/prometheus,2024-05-06 09:51:08+00:00,2024-05-08 22:41:09+00:00,2.534733796296296,
prometheus/prometheus,2024-05-07 14:33:37+00:00,2024-05-08 22:41:09+00:00,1.3385648148148148,
prometheus/prometheus,2024-05-08 07:08:00+00:00,2024-05-08 22:41:09+00:00,0.6480208333333334,
prometheus/prometheus,2024-05-08 09:39:44+00:00,2024-05-08 22:41:09+00:00,0.5426504629629629,
prometheus/prometheus,2024-05-08 11:56:06+00:00,2024-05-08 22:41:09+00:00,0.4479513888888889,
prometheus/prometheus,2024-05-08 11:58:24+00:00,2024-05-08 22:41:09+00:00,0.44635416666666666,
prometheus/prometheus,2024-05-08 13:03:18+00:00,2024-05-08 22:41:09+00:00,0.4012847222222222,
prometheus/prometheus,2024-05-08 13:03:57+00:00,2024-05-08 22:41:09+00:00,0.4008333333333333,
prometheus/prometheus,2024-05-08 15:57:10+00:00,2024-05-08 22:41:09+00:00,0.28054398148148146,
prometheus/prometheus,2024-05-08 21:34:42+00:00,2024-05-08 22:41:09+00:00,0.04614583333333333,
prometheus/prometheus,2024-05-09 09:55:31+00:00,2024-06-07 08:42:11+00:00,28.949074074074073,
prometheus/prometheus,2024-05-09 12:23:12+00:00,2024-06-07 08:42:11+00:00,28.846516203703704,
prometheus/prometheus,2024-05-10 08:41:21+00:00,2024-06-07 08:42:11+00:00,28.000578703703702,
prometheus/prometheus,2024-05-14 11:28:19+00:00,2024-06-07 08:42:11+00:00,23.88462962962963,
prometheus/prometheus,2024-05-14 11:54:00+00:00,2024-06-07 08:42:11+00:00,23.866793981481482,
prometheus/prometheus,2024-05-14 13:34:24+00:00,2024-06-07 08:42:11+00:00,23.79707175925926,
prometheus/prometheus,2024-05-14 15:18:59+00:00,2024-06-07 08:42:11+00:00,23.724444444444444,
prometheus/prometheus,2024-05-15 04:26:19+00:00,2024-06-07 08:42:11+00:00,23.177685185185187,
prometheus/prometheus,2024-05-15 12:37:12+00:00,2024-06-07 08:42:11+00:00,22.83679398148148,
prometheus/prometheus,2024-05-15 15:43:43+00:00,2024-06-07 08:42:11+00:00,22.707268518518518,
prometheus/prometheus,2024-05-15 19:17:03+00:00,2024-06-07 08:42:11+00:00,22.55912037037037,
prometheus/prometheus,2024-05-16 08:28:53+00:00,2024-06-07 08:42:11+00:00,22.00923611111111,
prometheus/prometheus,2024-05-16 09:51:46+00:00,2024-06-07 08:42:11+00:00,21.95167824074074,
prometheus/prometheus,2024-05-16 10:04:42+00:00,2024-06-07 08:42:11+00:00,21.94269675925926,
prometheus/prometheus,2024-05-16 10:19:06+00:00,2024-06-07 08:42:11+00:00,21.932696759259258,
prometheus/prometheus,2024-05-18 14:12:33+00:00,2024-06-07 08:42:11+00:00,19.770578703703702,
prometheus/prometheus,2024-05-19 17:35:36+00:00,2024-06-07 08:42:11+00:00,18.62957175925926,
prometheus/prometheus,2024-05-21 09:30:43+00:00,2024-06-07 08:42:11+00:00,16.966296296296296,
prometheus/prometheus,2024-05-21 15:49:33+00:00,2024-06-07 08:42:11+00:00,16.703217592592594,
prometheus/prometheus,2024-05-21 17:07:29+00:00,2024-06-07 08:42:11+00:00,16.649097222222224,
prometheus/prometheus,2024-05-21 17:08:35+00:00,2024-06-07 08:42:11+00:00,16.648333333333333,
prometheus/prometheus,2024-05-23 11:37:42+00:00,2024-06-07 08:42:11+00:00,14.878113425925926,
prometheus/prometheus,2024-05-24 13:35:51+00:00,2024-06-07 08:42:11+00:00,13.796064814814814,
prometheus/prometheus,2024-05-25 02:43:21+00:00,2024-06-07 08:42:11+00:00,13.249189814814814,
prometheus/prometheus,2024-05-27 16:25:02+00:00,2024-06-07 08:42:11+00:00,10.678576388888889,
prometheus/prometheus,2024-05-27 19:45:07+00:00,2024-06-07 08:42:11+00:00,10.53962962962963,
prometheus/prometheus,2024-05-28 05:57:56+00:00,2024-06-07 08:42:11+00:00,10.1140625,
prometheus/prometheus,2024-05-28 08:06:08+00:00,2024-06-07 08:42:11+00:00,10.025034722222221,
prometheus/prometheus,2024-05-28 09:35:42+00:00,2024-06-07 08:42:11+00:00,9.962835648148149,
prometheus/prometheus,2024-05-29 13:36:38+00:00,2024-06-07 08:42:11+00:00,8.795520833333333,
prometheus/prometheus,2024-05-29 15:03:33+00:00,2024-06-07 08:42:11+00:00,8.735162037037037,
prometheus/prometheus,2024-05-30 10:49:50+00:00,2024-06-07 08:42:11+00:00,7.9113541666666665,
prometheus/prometheus,2024-05-30 14:37:20+00:00,2024-06-07 08:42:11+00:00,7.753368055555556,
prometheus/prometheus,2024-05-30 22:02:55+00:00,2024-06-07 08:42:11+00:00,7.443935185185185,
prometheus/prometheus,2024-05-31 16:25:20+00:00,2024-06-07 08:42:11+00:00,6.678368055555556,
prometheus/prometheus,2024-06-03 11:56:09+00:00,2024-06-07 08:42:11+00:00,3.865300925925926,
prometheus/prometheus,2024-06-03 11:56:25+00:00,2024-06-07 08:42:11+00:00,3.8651157407407406,
prometheus/prometheus,2024-06-03 11:56:50+00:00,2024-06-07 08:42:11+00:00,3.864826388888889,
prometheus/prometheus,2024-06-03 11:57:13+00:00,2024-06-07 08:42:11+00:00,3.8645601851851854,
prometheus/prometheus,2024-06-03 13:36:00+00:00,2024-06-07 08:42:11+00:00,3.795960648148148,
prometheus/prometheus,2024-06-03 14:37:46+00:00,2024-06-07 08:42:11+00:00,3.75306712962963,
prometheus/prometheus,2024-06-03 17:33:18+00:00,2024-06-07 08:42:11+00:00,3.6311689814814816,
prometheus/prometheus,2024-06-04 11:43:18+00:00,2024-06-07 08:42:11+00:00,2.874224537037037,
prometheus/prometheus,2024-06-04 13:55:08+00:00,2024-06-07 08:42:11+00:00,2.782673611111111,
prometheus/prometheus,2024-06-04 14:00:53+00:00,2024-06-07 08:42:11+00:00,2.7786805555555554,
prometheus/prometheus,2024-06-04 14:15:54+00:00,2024-06-07 08:42:11+00:00,2.7682523148148146,
prometheus/prometheus,2024-06-04 14:21:32+00:00,2024-06-07 08:42:11+00:00,2.764340277777778,
prometheus/prometheus,2024-06-04 14:24:20+00:00,2024-06-07 08:42:11+00:00,2.762395833333333,
prometheus/prometheus,2024-06-04 14:52:36+00:00,2024-06-07 08:42:11+00:00,2.7427662037037037,
prometheus/prometheus,2024-06-04 15:05:55+00:00,2024-06-07 08:42:11+00:00,2.7335185185185185,
prometheus/prometheus,2024-06-04 15:19:39+00:00,2024-06-07 08:42:11+00:00,2.7239814814814816,
prometheus/prometheus,2024-06-04 15:25:37+00:00,2024-06-07 08:42:11+00:00,2.7198379629629628,
prometheus/prometheus,2024-06-04 15:51:26+00:00,2024-06-07 08:42:11+00:00,2.701909722222222,
prometheus/prometheus,2024-06-04 23:11:36+00:00,2024-06-07 08:42:11+00:00,2.396238425925926,
prometheus/prometheus,2024-06-05 15:06:51+00:00,2024-06-07 08:42:11+00:00,1.7328703703703703,
prometheus/prometheus,2024-06-05 15:13:10+00:00,2024-06-07 08:42:11+00:00,1.7284837962962962,
prometheus/prometheus,2024-06-05 15:35:53+00:00,2024-06-07 08:42:11+00:00,1.7127083333333333,
prometheus/prometheus,2024-06-05 15:38:37+00:00,2024-06-07 08:42:11+00:00,1.7108101851851851,
prometheus/prometheus,2024-06-05 15:43:40+00:00,2024-06-07 08:42:11+00:00,1.7073032407407407,
prometheus/prometheus,2024-06-05 16:12:57+00:00,2024-06-07 08:42:11+00:00,1.6869675925925927,
prometheus/prometheus,2024-06-05 16:16:31+00:00,2024-06-07 08:42:11+00:00,1.6844907407407408,
prometheus/prometheus,2024-06-05 17:02:50+00:00,2024-06-07 08:42:11+00:00,1.6523263888888888,
prometheus/prometheus,2024-06-05 17:45:32+00:00,2024-06-07 08:42:11+00:00,1.622673611111111,
prometheus/prometheus,2024-06-05 18:28:39+00:00,2024-06-07 08:42:11+00:00,1.5927314814814815,
prometheus/prometheus,2024-06-06 07:55:55+00:00,2024-06-07 08:42:11+00:00,1.0321296296296296,
prometheus/prometheus,2024-06-06 07:59:07+00:00,2024-06-07 08:42:11+00:00,1.0299074074074075,
prometheus/prometheus,2024-06-06 07:59:39+00:00,2024-06-07 08:42:11+00:00,1.0295370370370371,
prometheus/prometheus,2024-06-06 08:08:29+00:00,2024-06-07 08:42:11+00:00,1.0234027777777779,
prometheus/prometheus,2024-06-06 08:09:30+00:00,2024-06-07 08:42:11+00:00,1.0226967592592593,
prometheus/prometheus,2024-06-06 08:10:53+00:00,2024-06-07 08:42:11+00:00,1.0217361111111112,
prometheus/prometheus,2024-06-06 08:11:42+00:00,2024-06-07 08:42:11+00:00,1.0211689814814815,
prometheus/prometheus,2024-06-06 08:12:06+00:00,2024-06-07 08:42:11+00:00,1.0208912037037037,
prometheus/prometheus,2024-06-06 08:16:43+00:00,2024-06-07 08:42:11+00:00,1.0176851851851851,
prometheus/prometheus,2024-06-06 08:24:02+00:00,2024-06-07 08:42:11+00:00,1.0126041666666667,
prometheus/prometheus,2024-06-06 11:20:34+00:00,2024-06-07 08:42:11+00:00,0.890011574074074,
prometheus/prometheus,2024-06-06 11:21:04+00:00,2024-06-07 08:42:11+00:00,0.8896643518518519,
prometheus/prometheus,2024-06-06 11:22:16+00:00,2024-06-07 08:42:11+00:00,0.8888310185185185,
prometheus/prometheus,2024-06-06 12:13:09+00:00,2024-06-07 08:42:11+00:00,0.8534953703703704,
prometheus/prometheus,2024-06-06 12:13:47+00:00,2024-06-07 08:42:11+00:00,0.8530555555555556,
prometheus/prometheus,2024-06-06 13:54:07+00:00,2024-06-07 08:42:11+00:00,0.7833796296296296,
prometheus/prometheus,2024-06-06 13:54:45+00:00,2024-06-07 08:42:11+00:00,0.7829398148148148,
prometheus/prometheus,2024-06-06 13:55:11+00:00,2024-06-07 08:42:11+00:00,0.7826388888888889,
prometheus/prometheus,2024-06-06 13:55:51+00:00,2024-06-07 08:42:11+00:00,0.7821759259259259,
prometheus/prometheus,2024-06-06 13:56:08+00:00,2024-06-07 08:42:11+00:00,0.7819791666666667,
prometheus/prometheus,2024-06-06 13:56:52+00:00,2024-06-07 08:42:11+00:00,0.7814699074074074,
prometheus/prometheus,2024-06-06 13:57:29+00:00,2024-06-07 08:42:11+00:00,0.7810416666666666,
prometheus/prometheus,2024-06-06 15:17:13+00:00,2024-06-07 08:42:11+00:00,0.7256712962962963,
prometheus/prometheus,2024-06-06 15:56:25+00:00,2024-06-07 08:42:11+00:00,0.6984490740740741,
prometheus/prometheus,2024-06-06 15:59:45+00:00,2024-06-07 08:42:11+00:00,0.6961342592592593,
prometheus/prometheus,2024-06-06 16:59:23+00:00,2024-06-07 08:42:11+00:00,0.6547222222222222,
prometheus/prometheus,2024-06-06 17:11:07+00:00,2024-06-07 08:42:11+00:00,0.6465740740740741,
prometheus/prometheus,2024-06-06 17:11:38+00:00,2024-06-07 08:42:11+00:00,0.6462152777777778,
prometheus/prometheus,2024-06-06 17:12:15+00:00,2024-06-07 08:42:11+00:00,0.645787037037037,
prometheus/prometheus,2024-06-06 17:15:58+00:00,2024-06-07 08:42:11+00:00,0.6432060185185186,
prometheus/prometheus,2024-06-06 17:47:36+00:00,2024-06-07 08:42:11+00:00,0.6212384259259259,
prometheus/prometheus,2024-06-07 06:35:10+00:00,2024-06-07 08:42:11+00:00,0.08820601851851852,
prometheus/prometheus,2024-06-07 08:40:32+00:00,2024-06-07 08:42:11+00:00,0.0011458333333333333,
prometheus/prometheus,2024-06-08 14:59:47+00:00,2024-06-11 13:50:54+00:00,2.952164351851852,
prometheus/prometheus,2024-06-10 12:24:17+00:00,2024-06-11 13:50:54+00:00,1.060150462962963,
prometheus/prometheus,2024-06-10 18:16:03+00:00,2024-06-11 13:50:54+00:00,0.8158680555555555,
prometheus/prometheus,2024-06-10 18:40:11+00:00,2024-06-11 13:50:54+00:00,0.7991087962962963,
prometheus/prometheus,2024-06-10 22:06:20+00:00,2024-06-11 13:50:54+00:00,0.6559490740740741,
prometheus/prometheus,2024-06-10 22:09:11+00:00,2024-06-11 13:50:54+00:00,0.6539699074074075,
prometheus/prometheus,2024-06-10 22:31:41+00:00,2024-06-11 13:50:54+00:00,0.6383449074074075,
prometheus/prometheus,2024-06-11 08:12:42+00:00,2024-06-11 13:50:54+00:00,0.2348611111111111,
prometheus/prometheus,2024-06-11 08:55:02+00:00,2024-06-11 13:50:54+00:00,0.20546296296296296,
prometheus/prometheus,2024-06-11 09:14:50+00:00,2024-06-11 13:50:54+00:00,0.19171296296296297,
prometheus/prometheus,2024-06-11 09:58:11+00:00,2024-06-11 13:50:54+00:00,0.1616087962962963,
prometheus/prometheus,2024-06-11 12:01:40+00:00,2024-06-11 13:50:54+00:00,0.07585648148148148,
prometheus/prometheus,2024-06-11 13:36:46+00:00,2024-06-11 13:50:54+00:00,0.009814814814814814,
prometheus/prometheus,2024-06-12 14:07:43+00:00,2024-06-19 08:08:18+00:00,6.750405092592593,
prometheus/prometheus,2024-06-12 21:31:25+00:00,2024-06-19 08:08:18+00:00,6.4422800925925925,
prometheus/prometheus,2024-06-14 13:02:47+00:00,2024-06-19 08:08:18+00:00,4.795497685185185,
prometheus/prometheus,2024-06-17 06:36:57+00:00,2024-06-19 08:08:18+00:00,2.0634375,
prometheus/prometheus,2024-06-18 09:23:08+00:00,2024-06-19 08:08:18+00:00,0.9480324074074075,
prometheus/prometheus,2024-06-18 09:57:37+00:00,2024-06-19 08:08:18+00:00,0.9240856481481482,
prometheus/prometheus,2024-06-18 10:28:56+00:00,2024-06-19 08:08:18+00:00,0.902337962962963,
prometheus/prometheus,2024-06-18 11:51:47+00:00,2024-06-19 08:08:18+00:00,0.8448032407407408,
prometheus/prometheus,2024-06-18 13:08:14+00:00,2024-06-19 08:08:18+00:00,0.791712962962963,
prometheus/prometheus,2024-06-18 14:50:30+00:00,2024-06-19 08:08:18+00:00,0.7206944444444444,
prometheus/prometheus,2024-06-18 15:27:55+00:00,2024-06-19 08:08:18+00:00,0.6947106481481482,
prometheus/prometheus,2024-06-19 05:46:13+00:00,2024-06-19 08:08:18+00:00,0.09866898148148148,
prometheus/prometheus,2024-06-19 07:43:52+00:00,2024-06-19 08:08:18+00:00,0.016967592592592593,
prometheus/prometheus,2024-06-19 08:23:02+00:00,2024-06-21 15:02:50+00:00,2.2776388888888888,
prometheus/prometheus,2024-06-19 09:35:52+00:00,2024-06-21 15:02:50+00:00,2.2270601851851852,
prometheus/prometheus,2024-06-19 10:02:41+00:00,2024-06-21 15:02:50+00:00,2.2084375,
prometheus/prometheus,2024-06-19 10:28:54+00:00,2024-06-21 15:02:50+00:00,2.1902314814814816,
prometheus/prometheus,2024-06-19 15:51:57+00:00,2024-06-21 15:02:50+00:00,1.9658912037037037,
prometheus/prometheus,2024-06-20 06:53:17+00:00,2024-06-21 15:02:50+00:00,1.3399652777777777,
prometheus/prometheus,2024-06-20 08:01:59+00:00,2024-06-21 15:02:50+00:00,1.2922569444444445,
prometheus/prometheus,2024-06-20 13:36:20+00:00,2024-06-21 15:02:50+00:00,1.0600694444444445,
prometheus/prometheus,2024-06-20 14:45:32+00:00,2024-06-21 15:02:50+00:00,1.012013888888889,
prometheus/prometheus,2024-06-20 15:06:28+00:00,2024-06-21 15:02:50+00:00,0.9974768518518519,
prometheus/prometheus,2024-06-20 17:25:45+00:00,2024-06-21 15:02:50+00:00,0.9007523148148148,
prometheus/prometheus,2024-06-20 23:45:13+00:00,2024-06-21 15:02:50+00:00,0.6372337962962963,
prometheus/prometheus,2024-06-21 13:46:06+00:00,2024-06-21 15:02:50+00:00,0.053287037037037036,
prometheus/prometheus,2024-06-21 19:38:56+00:00,2024-07-10 17:44:46+00:00,18.92071759259259,
prometheus/prometheus,2024-06-21 21:19:58+00:00,2024-07-10 17:44:46+00:00,18.850555555555555,
prometheus/prometheus,2024-06-24 10:13:27+00:00,2024-07-10 17:44:46+00:00,16.31341435185185,
prometheus/prometheus,2024-06-25 06:15:28+00:00,2024-07-10 17:44:46+00:00,15.478680555555556,
prometheus/prometheus,2024-06-25 07:47:06+00:00,2024-07-10 17:44:46+00:00,15.415046296296296,
prometheus/prometheus,2024-06-25 08:21:48+00:00,2024-07-10 17:44:46+00:00,15.390949074074074,
prometheus/prometheus,2024-06-25 08:23:54+00:00,2024-07-10 17:44:46+00:00,15.38949074074074,
prometheus/prometheus,2024-06-25 11:25:40+00:00,2024-07-10 17:44:46+00:00,15.263263888888888,
prometheus/prometheus,2024-06-25 14:01:00+00:00,2024-07-10 17:44:46+00:00,15.155393518518519,
prometheus/prometheus,2024-06-25 15:34:45+00:00,2024-07-10 17:44:46+00:00,15.090289351851851,
prometheus/prometheus,2024-06-25 16:01:25+00:00,2024-07-10 17:44:46+00:00,15.071770833333334,
prometheus/prometheus,2024-06-25 16:47:09+00:00,2024-07-10 17:44:46+00:00,15.040011574074073,
prometheus/prometheus,2024-06-26 10:20:01+00:00,2024-07-10 17:44:46+00:00,14.308854166666666,
prometheus/prometheus,2024-06-26 10:32:04+00:00,2024-07-10 17:44:46+00:00,14.30048611111111,
prometheus/prometheus,2024-06-27 10:13:14+00:00,2024-07-10 17:44:46+00:00,13.313564814814814,
prometheus/prometheus,2024-06-27 14:56:40+00:00,2024-07-10 17:44:46+00:00,13.116736111111111,
prometheus/prometheus,2024-06-27 19:44:20+00:00,2024-07-10 17:44:46+00:00,12.916967592592593,
prometheus/prometheus,2024-06-28 07:07:06+00:00,2024-07-10 17:44:46+00:00,12.442824074074075,
prometheus/prometheus,2024-06-29 19:42:54+00:00,2024-07-10 17:44:46+00:00,10.917962962962964,
prometheus/prometheus,2024-06-30 11:26:48+00:00,2024-07-10 17:44:46+00:00,10.262476851851853,
prometheus/prometheus,2024-06-30 17:18:18+00:00,2024-07-10 17:44:46+00:00,10.01837962962963,
prometheus/prometheus,2024-07-01 08:59:52+00:00,2024-07-10 17:44:46+00:00,9.364513888888888,
prometheus/prometheus,2024-07-01 12:06:08+00:00,2024-07-10 17:44:46+00:00,9.235162037037037,
prometheus/prometheus,2024-07-02 10:30:50+00:00,2024-07-10 17:44:46+00:00,8.301342592592592,
prometheus/prometheus,2024-07-02 13:01:56+00:00,2024-07-10 17:44:46+00:00,8.196412037037037,
prometheus/prometheus,2024-07-02 13:51:05+00:00,2024-07-10 17:44:46+00:00,8.162280092592592,
prometheus/prometheus,2024-07-03 05:05:04+00:00,2024-07-10 17:44:46+00:00,7.5275694444444445,
prometheus/prometheus,2024-07-03 11:33:08+00:00,2024-07-10 17:44:46+00:00,7.258078703703704,
prometheus/prometheus,2024-07-03 14:08:07+00:00,2024-07-10 17:44:46+00:00,7.1504513888888885,
prometheus/prometheus,2024-07-03 16:50:29+00:00,2024-07-10 17:44:46+00:00,7.037696759259259,
prometheus/prometheus,2024-07-03 17:45:36+00:00,2024-07-10 17:44:46+00:00,6.999421296296297,
prometheus/prometheus,2024-07-04 12:01:09+00:00,2024-07-10 17:44:46+00:00,6.238622685185185,
prometheus/prometheus,2024-07-04 21:29:20+00:00,2024-07-10 17:44:46+00:00,5.844050925925926,
prometheus/prometheus,2024-07-05 09:11:32+00:00,2024-07-10 17:44:46+00:00,5.356412037037037,
prometheus/prometheus,2024-07-05 10:46:31+00:00,2024-07-10 17:44:46+00:00,5.290451388888889,
prometheus/prometheus,2024-07-06 09:05:00+00:00,2024-07-10 17:44:46+00:00,4.360949074074074,
prometheus/prometheus,2024-07-06 22:24:34+00:00,2024-07-10 17:44:46+00:00,3.8056944444444443,
prometheus/prometheus,2024-07-07 10:27:13+00:00,2024-07-10 17:44:46+00:00,3.3038541666666665,
prometheus/prometheus,2024-07-09 06:54:49+00:00,2024-07-10 17:44:46+00:00,1.4513541666666667,
prometheus/prometheus,2024-07-09 20:51:38+00:00,2024-07-10 17:44:46+00:00,0.8702314814814814,
prometheus/prometheus,2024-07-09 22:56:32+00:00,2024-07-10 17:44:46+00:00,0.7834953703703704,
prometheus/prometheus,2024-07-10 09:00:31+00:00,2024-07-10 17:44:46+00:00,0.3640625,
prometheus/prometheus,2024-07-10 09:42:26+00:00,2024-07-10 17:44:46+00:00,0.3349537037037037,
prometheus/prometheus,2024-07-10 10:14:07+00:00,2024-07-10 17:44:46+00:00,0.3129513888888889,
prometheus/prometheus,2024-07-10 10:56:45+00:00,2024-07-10 17:44:46+00:00,0.2833449074074074,
prometheus/prometheus,2024-07-10 11:07:45+00:00,2024-07-10 17:44:46+00:00,0.2757060185185185,
prometheus/prometheus,2024-07-10 11:16:15+00:00,2024-07-10 17:44:46+00:00,0.26980324074074075,
prometheus/prometheus,2024-07-10 15:34:01+00:00,2024-07-10 17:44:46+00:00,0.09079861111111111,
prometheus/prometheus,2024-07-11 14:43:58+00:00,2024-07-30 10:36:12+00:00,18.827939814814815,
prometheus/prometheus,2024-07-11 15:05:23+00:00,2024-07-30 10:36:12+00:00,18.81306712962963,
prometheus/prometheus,2024-07-12 07:11:39+00:00,2024-07-30 10:36:12+00:00,18.14204861111111,
prometheus/prometheus,2024-07-12 09:27:52+00:00,2024-07-30 10:36:12+00:00,18.047453703703702,
prometheus/prometheus,2024-07-14 16:11:16+00:00,2024-07-30 10:36:12+00:00,15.767314814814815,
prometheus/prometheus,2024-07-14 16:12:14+00:00,2024-07-30 10:36:12+00:00,15.766643518518519,
prometheus/prometheus,2024-07-14 16:15:51+00:00,2024-07-30 10:36:12+00:00,15.764131944444445,
prometheus/prometheus,2024-07-14 16:16:19+00:00,2024-07-30 10:36:12+00:00,15.763807870370371,
prometheus/prometheus,2024-07-14 16:39:03+00:00,2024-07-30 10:36:12+00:00,15.748020833333333,
prometheus/prometheus,2024-07-14 17:23:36+00:00,2024-07-30 10:36:12+00:00,15.717083333333333,
prometheus/prometheus,2024-07-14 17:30:15+00:00,2024-07-30 10:36:12+00:00,15.712465277777778,
prometheus/prometheus,2024-07-14 17:31:30+00:00,2024-07-30 10:36:12+00:00,15.711597222222222,
prometheus/prometheus,2024-07-14 17:32:10+00:00,2024-07-30 10:36:12+00:00,15.711134259259259,
prometheus/prometheus,2024-07-15 07:52:55+00:00,2024-07-30 10:36:12+00:00,15.113391203703705,
prometheus/prometheus,2024-07-15 09:01:10+00:00,2024-07-30 10:36:12+00:00,15.06599537037037,
prometheus/prometheus,2024-07-15 09:04:42+00:00,2024-07-30 10:36:12+00:00,15.063541666666667,
prometheus/prometheus,2024-07-15 09:42:41+00:00,2024-07-30 10:36:12+00:00,15.037164351851851,
prometheus/prometheus,2024-07-15 10:53:41+00:00,2024-07-30 10:36:12+00:00,14.987858796296296,
prometheus/prometheus,2024-07-16 07:43:47+00:00,2024-07-30 10:36:12+00:00,14.119733796296297,
prometheus/prometheus,2024-07-16 18:12:23+00:00,2024-07-30 10:36:12+00:00,13.683206018518518,
prometheus/prometheus,2024-07-17 12:57:46+00:00,2024-07-30 10:36:12+00:00,12.901689814814814,
prometheus/prometheus,2024-07-17 14:36:28+00:00,2024-07-30 10:36:12+00:00,12.833148148148148,
prometheus/prometheus,2024-07-18 11:15:58+00:00,2024-07-30 10:36:12+00:00,11.97238425925926,
prometheus/prometheus,2024-07-18 12:31:24+00:00,2024-07-30 10:36:12+00:00,11.92,
prometheus/prometheus,2024-07-19 10:34:28+00:00,2024-07-30 10:36:12+00:00,11.001203703703704,
prometheus/prometheus,2024-07-19 17:53:40+00:00,2024-07-30 10:36:12+00:00,10.696203703703704,
prometheus/prometheus,2024-07-21 11:27:24+00:00,2024-07-30 10:36:12+00:00,8.964444444444444,
prometheus/prometheus,2024-07-22 07:09:39+00:00,2024-07-30 10:36:12+00:00,8.1434375,
prometheus/prometheus,2024-07-22 13:11:19+00:00,2024-07-30 10:36:12+00:00,7.892280092592593,
prometheus/prometheus,2024-07-22 18:50:45+00:00,2024-07-30 10:36:12+00:00,7.6565625,
prometheus/prometheus,2024-07-23 14:59:36+00:00,2024-07-30 10:36:12+00:00,6.817083333333334,
prometheus/prometheus,2024-07-24 09:15:39+00:00,2024-07-30 10:36:12+00:00,6.0559375,
prometheus/prometheus,2024-07-24 12:54:59+00:00,2024-07-30 10:36:12+00:00,5.903622685185185,
prometheus/prometheus,2024-07-25 16:51:29+00:00,2024-07-30 10:36:12+00:00,4.739386574074074,
prometheus/prometheus,2024-07-26 12:55:39+00:00,2024-07-30 10:36:12+00:00,3.903159722222222,
prometheus/prometheus,2024-07-29 11:28:09+00:00,2024-07-30 10:36:12+00:00,0.9639236111111111,
prometheus/prometheus,2024-07-29 13:41:10+00:00,2024-07-30 10:36:12+00:00,0.871550925925926,
prometheus/prometheus,2024-07-29 17:39:19+00:00,2024-07-30 10:36:12+00:00,0.7061689814814814,
prometheus/prometheus,2024-07-29 17:47:11+00:00,2024-07-30 10:36:12+00:00,0.7007060185185185,
prometheus/prometheus,2024-07-30 06:43:06+00:00,2024-07-30 10:36:12+00:00,0.161875,
prometheus/prometheus,2024-07-30 09:11:16+00:00,2024-07-30 10:36:12+00:00,0.05898148148148148,
prometheus/prometheus,2024-07-30 11:30:49+00:00,2024-08-01 12:49:25+00:00,2.0545833333333334,
prometheus/prometheus,2024-07-30 11:44:03+00:00,2024-08-01 12:49:25+00:00,2.0453935185185186,
prometheus/prometheus,2024-07-30 15:25:19+00:00,2024-08-01 12:49:25+00:00,1.891736111111111,
prometheus/prometheus,2024-07-30 21:08:29+00:00,2024-08-01 12:49:25+00:00,1.6534259259259259,
prometheus/prometheus,2024-07-31 06:39:38+00:00,2024-08-01 12:49:25+00:00,1.2567939814814815,
prometheus/prometheus,2024-07-31 07:53:05+00:00,2024-08-01 12:49:25+00:00,1.205787037037037,
prometheus/prometheus,2024-07-31 09:34:54+00:00,2024-08-01 12:49:25+00:00,1.1350810185185185,
prometheus/prometheus,2024-07-31 10:10:38+00:00,2024-08-01 12:49:25+00:00,1.1102662037037037,
prometheus/prometheus,2024-07-31 10:40:10+00:00,2024-08-01 12:49:25+00:00,1.0897569444444444,
prometheus/prometheus,2024-07-31 10:40:51+00:00,2024-08-01 12:49:25+00:00,1.0892824074074074,
prometheus/prometheus,2024-07-31 10:41:25+00:00,2024-08-01 12:49:25+00:00,1.0888888888888888,
prometheus/prometheus,2024-07-31 10:41:53+00:00,2024-08-01 12:49:25+00:00,1.0885648148148148,
prometheus/prometheus,2024-07-31 11:16:11+00:00,2024-08-01 12:49:25+00:00,1.0647453703703704,
prometheus/prometheus,2024-07-31 11:29:48+00:00,2024-08-01 12:49:25+00:00,1.0552893518518518,
prometheus/prometheus,2024-07-31 13:31:42+00:00,2024-08-01 12:49:25+00:00,0.9706365740740741,
prometheus/prometheus,2024-08-01 07:22:32+00:00,2024-08-01 12:49:25+00:00,0.2270023148148148,
prometheus/prometheus,2024-08-02 08:06:52+00:00,2024-08-06 07:40:14+00:00,3.9815046296296295,
prometheus/prometheus,2024-08-02 09:41:09+00:00,2024-08-06 07:40:14+00:00,3.9160300925925924,
prometheus/prometheus,2024-08-02 09:47:04+00:00,2024-08-06 07:40:14+00:00,3.9119212962962964,
prometheus/prometheus,2024-08-03 13:35:22+00:00,2024-08-06 07:40:14+00:00,2.7533796296296296,
prometheus/prometheus,2024-08-04 16:13:55+00:00,2024-08-06 07:40:14+00:00,1.643275462962963,
prometheus/prometheus,2024-08-04 16:15:22+00:00,2024-08-06 07:40:14+00:00,1.6422685185185186,
prometheus/prometheus,2024-08-04 16:33:50+00:00,2024-08-06 07:40:14+00:00,1.6294444444444445,
prometheus/prometheus,2024-08-04 17:09:47+00:00,2024-08-06 07:40:14+00:00,1.6044791666666667,
prometheus/prometheus,2024-08-05 11:40:23+00:00,2024-08-06 07:40:14+00:00,0.8332291666666667,
prometheus/prometheus,2024-08-05 15:04:27+00:00,2024-08-06 07:40:14+00:00,0.6915162037037037,
prometheus/prometheus,2024-08-06 05:58:58+00:00,2024-08-06 07:40:14+00:00,0.07032407407407408,
prometheus/prometheus,2024-08-06 08:10:40+00:00,2024-08-09 13:38:38+00:00,3.22775462962963,
prometheus/prometheus,2024-08-06 09:13:09+00:00,2024-08-09 13:38:38+00:00,3.184363425925926,
prometheus/prometheus,2024-08-06 12:39:22+00:00,2024-08-09 13:38:38+00:00,3.0411574074074075,
prometheus/prometheus,2024-08-06 12:45:13+00:00,2024-08-09 13:38:38+00:00,3.0370949074074076,
prometheus/prometheus,2024-08-06 12:46:48+00:00,2024-08-09 13:38:38+00:00,3.03599537037037,
prometheus/prometheus,2024-08-06 12:56:33+00:00,2024-08-09 13:38:38+00:00,3.029224537037037,
prometheus/prometheus,2024-08-06 12:56:59+00:00,2024-08-09 13:38:38+00:00,3.0289236111111113,
prometheus/prometheus,2024-08-06 15:00:13+00:00,2024-08-09 13:38:38+00:00,2.9433449074074076,
prometheus/prometheus,2024-08-06 17:43:39+00:00,2024-08-09 13:38:38+00:00,2.829849537037037,
prometheus/prometheus,2024-08-06 17:56:32+00:00,2024-08-09 13:38:38+00:00,2.820902777777778,
prometheus/prometheus,2024-08-07 13:03:00+00:00,2024-08-09 13:38:38+00:00,2.02474537037037,
prometheus/prometheus,2024-08-07 15:14:15+00:00,2024-08-09 13:38:38+00:00,1.9335995370370371,
prometheus/prometheus,2024-08-07 17:01:03+00:00,2024-08-09 13:38:38+00:00,1.8594328703703704,
prometheus/prometheus,2024-08-07 19:02:08+00:00,2024-08-09 13:38:38+00:00,1.7753472222222222,
prometheus/prometheus,2024-08-08 10:09:39+00:00,2024-08-09 13:38:38+00:00,1.145127314814815,
prometheus/prometheus,2024-08-08 11:35:35+00:00,2024-08-09 13:38:38+00:00,1.0854513888888888,
prometheus/prometheus,2024-08-08 12:03:41+00:00,2024-08-09 13:38:38+00:00,1.0659375,
prometheus/prometheus,2024-08-08 12:43:55+00:00,2024-08-09 13:38:38+00:00,1.037997685185185,
prometheus/prometheus,2024-08-08 12:44:46+00:00,2024-08-09 13:38:38+00:00,1.0374074074074073,
prometheus/prometheus,2024-08-08 12:45:43+00:00,2024-08-09 13:38:38+00:00,1.0367476851851851,
prometheus/prometheus,2024-08-08 13:00:04+00:00,2024-08-09 13:38:38+00:00,1.0267824074074074,
prometheus/prometheus,2024-08-08 18:00:31+00:00,2024-08-09 13:38:38+00:00,0.818136574074074,
prometheus/prometheus,2024-08-09 10:05:24+00:00,2024-08-09 13:38:38+00:00,0.1480787037037037,
prometheus/prometheus,2024-08-09 10:05:37+00:00,2024-08-09 13:38:38+00:00,0.14792824074074074,
prometheus/prometheus,2024-08-09 10:06:05+00:00,2024-08-09 13:38:38+00:00,0.14760416666666668,
prometheus/prometheus,2024-08-09 10:06:37+00:00,2024-08-09 13:38:38+00:00,0.1472337962962963,
prometheus/prometheus,2024-08-09 10:48:54+00:00,2024-08-09 13:38:38+00:00,0.11787037037037038,
prometheus/prometheus,2024-08-09 11:34:14+00:00,2024-08-09 13:38:38+00:00,0.08638888888888889,
prometheus/prometheus,2024-08-09 13:46:33+00:00,2024-08-09 16:09:11+00:00,0.09905092592592593,
prometheus/prometheus,2024-08-09 16:21:16+00:00,2024-08-27 16:57:35+00:00,18.025219907407408,
prometheus/prometheus,2024-08-13 07:11:41+00:00,2024-08-27 16:57:35+00:00,14.406875,
prometheus/prometheus,2024-08-13 13:54:13+00:00,2024-08-27 16:57:35+00:00,14.127337962962963,
prometheus/prometheus,2024-08-13 14:05:43+00:00,2024-08-27 16:57:35+00:00,14.119351851851851,
prometheus/prometheus,2024-08-13 21:02:44+00:00,2024-08-27 16:57:35+00:00,13.829756944444444,
prometheus/prometheus,2024-08-14 10:02:37+00:00,2024-08-27 16:57:35+00:00,13.288171296296296,
prometheus/prometheus,2024-08-14 11:22:12+00:00,2024-08-27 16:57:35+00:00,13.232905092592592,
prometheus/prometheus,2024-08-14 11:56:48+00:00,2024-08-27 16:57:35+00:00,13.208877314814815,
prometheus/prometheus,2024-08-14 13:39:30+00:00,2024-08-27 16:57:35+00:00,13.13755787037037,
prometheus/prometheus,2024-08-14 14:02:35+00:00,2024-08-27 16:57:35+00:00,13.121527777777779,
prometheus/prometheus,2024-08-14 14:19:46+00:00,2024-08-27 16:57:35+00:00,13.109594907407407,
prometheus/prometheus,2024-08-15 09:46:21+00:00,2024-08-27 16:57:35+00:00,12.299467592592592,
prometheus/prometheus,2024-08-16 09:00:49+00:00,2024-08-27 16:57:35+00:00,11.331087962962963,
prometheus/prometheus,2024-08-16 10:00:50+00:00,2024-08-27 16:57:35+00:00,11.289409722222222,
prometheus/prometheus,2024-08-16 10:57:55+00:00,2024-08-27 16:57:35+00:00,11.249768518518518,
prometheus/prometheus,2024-08-16 14:13:37+00:00,2024-08-27 16:57:35+00:00,11.11386574074074,
prometheus/prometheus,2024-08-16 21:23:42+00:00,2024-08-27 16:57:35+00:00,10.815196759259258,
prometheus/prometheus,2024-08-19 09:58:35+00:00,2024-08-27 16:57:35+00:00,8.290972222222223,
prometheus/prometheus,2024-08-19 11:51:29+00:00,2024-08-27 16:57:35+00:00,8.212569444444444,
prometheus/prometheus,2024-08-19 15:11:48+00:00,2024-08-27 16:57:35+00:00,8.073460648148147,
prometheus/prometheus,2024-08-19 15:14:07+00:00,2024-08-27 16:57:35+00:00,8.071851851851852,
prometheus/prometheus,2024-08-20 11:06:51+00:00,2024-08-27 16:57:35+00:00,7.243564814814815,
prometheus/prometheus,2024-08-20 12:12:54+00:00,2024-08-27 16:57:35+00:00,7.19769675925926,
prometheus/prometheus,2024-08-20 12:37:16+00:00,2024-08-27 16:57:35+00:00,7.180775462962963,
prometheus/prometheus,2024-08-20 15:09:07+00:00,2024-08-27 16:57:35+00:00,7.075324074074074,
prometheus/prometheus,2024-08-20 17:30:46+00:00,2024-08-27 16:57:35+00:00,6.976956018518519,
prometheus/prometheus,2024-08-20 17:41:02+00:00,2024-08-27 16:57:35+00:00,6.9698263888888885,
prometheus/prometheus,2024-08-21 10:28:56+00:00,2024-08-27 16:57:35+00:00,6.269895833333333,
prometheus/prometheus,2024-08-21 11:54:22+00:00,2024-08-27 16:57:35+00:00,6.21056712962963,
prometheus/prometheus,2024-08-21 13:24:20+00:00,2024-08-27 16:57:35+00:00,6.1480902777777775,
prometheus/prometheus,2024-08-21 16:07:45+00:00,2024-08-27 16:57:35+00:00,6.0346064814814815,
prometheus/prometheus,2024-08-22 08:58:43+00:00,2024-08-27 16:57:35+00:00,5.332546296296297,
prometheus/prometheus,2024-08-22 10:31:46+00:00,2024-08-27 16:57:35+00:00,5.267928240740741,
prometheus/prometheus,2024-08-22 11:53:45+00:00,2024-08-27 16:57:35+00:00,5.21099537037037,
prometheus/prometheus,2024-08-22 15:56:41+00:00,2024-08-27 16:57:35+00:00,5.042291666666666,
prometheus/prometheus,2024-08-23 08:32:59+00:00,2024-08-27 16:57:35+00:00,4.350416666666667,
prometheus/prometheus,2024-08-23 14:29:07+00:00,2024-08-27 16:57:35+00:00,4.103101851851852,
prometheus/prometheus,2024-08-23 14:34:49+00:00,2024-08-27 16:57:35+00:00,4.0991435185185185,
prometheus/prometheus,2024-08-23 16:10:59+00:00,2024-08-27 16:57:35+00:00,4.032361111111111,
prometheus/prometheus,2024-08-23 22:15:28+00:00,2024-08-27 16:57:35+00:00,3.7792476851851853,
prometheus/prometheus,2024-08-26 08:31:23+00:00,2024-08-27 16:57:35+00:00,1.3515277777777779,
prometheus/prometheus,2024-08-26 16:57:26+00:00,2024-08-27 16:57:35+00:00,1.0001041666666666,
prometheus/prometheus,2024-08-27 10:43:40+00:00,2024-08-27 16:57:35+00:00,0.2596643518518518,
prometheus/prometheus,2024-08-27 10:44:01+00:00,2024-08-27 16:57:35+00:00,0.2594212962962963,
prometheus/prometheus,2024-08-27 16:58:17+00:00,2024-09-11 07:17:56+00:00,14.596979166666667,
prometheus/prometheus,2024-08-28 02:12:24+00:00,2024-09-11 07:17:56+00:00,14.212175925925926,
prometheus/prometheus,2024-08-28 14:14:44+00:00,2024-09-11 07:17:56+00:00,13.710555555555555,
prometheus/prometheus,2024-08-28 14:38:39+00:00,2024-09-11 07:17:56+00:00,13.693946759259259,
prometheus/prometheus,2024-08-28 15:15:42+00:00,2024-09-11 07:17:56+00:00,13.668217592592592,
prometheus/prometheus,2024-08-28 15:21:32+00:00,2024-09-11 07:17:56+00:00,13.664166666666667,
prometheus/prometheus,2024-08-29 07:40:17+00:00,2024-09-11 07:17:56+00:00,12.984479166666667,
prometheus/prometheus,2024-08-29 13:11:45+00:00,2024-09-11 07:17:56+00:00,12.754293981481482,
prometheus/prometheus,2024-08-29 13:50:39+00:00,2024-09-11 07:17:56+00:00,12.727280092592592,
prometheus/prometheus,2024-08-29 14:42:36+00:00,2024-09-11 07:17:56+00:00,12.691203703703703,
prometheus/prometheus,2024-08-29 20:39:44+00:00,2024-09-11 07:17:56+00:00,12.443194444444444,
prometheus/prometheus,2024-08-30 07:14:20+00:00,2024-09-11 07:17:56+00:00,12.0025,
prometheus/prometheus,2024-08-30 09:30:57+00:00,2024-09-11 07:17:56+00:00,11.907627314814814,
prometheus/prometheus,2024-08-30 09:49:23+00:00,2024-09-11 07:17:56+00:00,11.89482638888889,
prometheus/prometheus,2024-08-30 12:39:31+00:00,2024-09-11 07:17:56+00:00,11.776678240740742,
prometheus/prometheus,2024-09-01 15:52:36+00:00,2024-09-11 07:17:56+00:00,9.642592592592592,
prometheus/prometheus,2024-09-02 08:33:30+00:00,2024-09-11 07:17:56+00:00,8.947523148148148,
prometheus/prometheus,2024-09-02 10:17:18+00:00,2024-09-11 07:17:56+00:00,8.875439814814815,
prometheus/prometheus,2024-09-02 12:04:52+00:00,2024-09-11 07:17:56+00:00,8.800740740740741,
prometheus/prometheus,2024-09-02 12:05:08+00:00,2024-09-11 07:17:56+00:00,8.800555555555556,
prometheus/prometheus,2024-09-02 16:20:10+00:00,2024-09-11 07:17:56+00:00,8.623449074074074,
prometheus/prometheus,2024-09-02 16:59:28+00:00,2024-09-11 07:17:56+00:00,8.596157407407407,
prometheus/prometheus,2024-09-02 17:09:46+00:00,2024-09-11 07:17:56+00:00,8.58900462962963,
prometheus/prometheus,2024-09-02 20:30:37+00:00,2024-09-11 07:17:56+00:00,8.449525462962963,
prometheus/prometheus,2024-09-03 06:33:44+00:00,2024-09-11 07:17:56+00:00,8.030694444444444,
prometheus/prometheus,2024-09-03 08:19:01+00:00,2024-09-11 07:17:56+00:00,7.9575810185185185,
prometheus/prometheus,2024-09-03 08:38:04+00:00,2024-09-11 07:17:56+00:00,7.944351851851851,
prometheus/prometheus,2024-09-03 11:13:15+00:00,2024-09-11 07:17:56+00:00,7.836585648148148,
prometheus/prometheus,2024-09-03 11:14:01+00:00,2024-09-11 07:17:56+00:00,7.836053240740741,
prometheus/prometheus,2024-09-03 11:14:14+00:00,2024-09-11 07:17:56+00:00,7.835902777777778,
prometheus/prometheus,2024-09-03 11:18:25+00:00,2024-09-11 07:17:56+00:00,7.832997685185185,
prometheus/prometheus,2024-09-03 11:26:35+00:00,2024-09-11 07:17:56+00:00,7.827326388888889,
prometheus/prometheus,2024-09-03 11:27:19+00:00,2024-09-11 07:17:56+00:00,7.82681712962963,
prometheus/prometheus,2024-09-03 11:27:34+00:00,2024-09-11 07:17:56+00:00,7.826643518518519,
prometheus/prometheus,2024-09-03 11:28:06+00:00,2024-09-11 07:17:56+00:00,7.8262731481481485,
prometheus/prometheus,2024-09-03 11:35:22+00:00,2024-09-11 07:17:56+00:00,7.8212268518518515,
prometheus/prometheus,2024-09-03 13:05:59+00:00,2024-09-11 07:17:56+00:00,7.758298611111111,
prometheus/prometheus,2024-09-03 14:55:26+00:00,2024-09-11 07:17:56+00:00,7.682291666666667,
prometheus/prometheus,2024-09-04 10:07:16+00:00,2024-09-11 07:17:56+00:00,6.882407407407407,
prometheus/prometheus,2024-09-04 10:07:35+00:00,2024-09-11 07:17:56+00:00,6.8821875,
prometheus/prometheus,2024-09-04 13:32:23+00:00,2024-09-11 07:17:56+00:00,6.739965277777777,
prometheus/prometheus,2024-09-04 20:44:25+00:00,2024-09-11 07:17:56+00:00,6.43994212962963,
prometheus/prometheus,2024-09-05 08:43:36+00:00,2024-09-11 07:17:56+00:00,5.940509259259259,
prometheus/prometheus,2024-09-05 08:44:12+00:00,2024-09-11 07:17:56+00:00,5.940092592592593,
prometheus/prometheus,2024-09-05 08:47:08+00:00,2024-09-11 07:17:56+00:00,5.938055555555556,
prometheus/prometheus,2024-09-05 09:05:13+00:00,2024-09-11 07:17:56+00:00,5.925497685185185,
prometheus/prometheus,2024-09-05 09:05:28+00:00,2024-09-11 07:17:56+00:00,5.925324074074074,
prometheus/prometheus,2024-09-05 09:05:56+00:00,2024-09-11 07:17:56+00:00,5.925,
prometheus/prometheus,2024-09-05 09:08:18+00:00,2024-09-11 07:17:56+00:00,5.923356481481481,
prometheus/prometheus,2024-09-05 10:19:00+00:00,2024-09-11 07:17:56+00:00,5.874259259259259,
prometheus/prometheus,2024-09-05 10:19:32+00:00,2024-09-11 07:17:56+00:00,5.873888888888889,
prometheus/prometheus,2024-09-05 10:21:03+00:00,2024-09-11 07:17:56+00:00,5.872835648148148,
prometheus/prometheus,2024-09-05 10:48:13+00:00,2024-09-11 07:17:56+00:00,5.853969907407407,
prometheus/prometheus,2024-09-05 11:50:20+00:00,2024-09-11 07:17:56+00:00,5.810833333333333,
prometheus/prometheus,2024-09-05 13:25:33+00:00,2024-09-11 07:17:56+00:00,5.744710648148148,
prometheus/prometheus,2024-09-05 13:46:49+00:00,2024-09-11 07:17:56+00:00,5.72994212962963,
prometheus/prometheus,2024-09-05 16:17:42+00:00,2024-09-11 07:17:56+00:00,5.625162037037037,
prometheus/prometheus,2024-09-05 17:41:24+00:00,2024-09-11 07:17:56+00:00,5.5670370370370375,
prometheus/prometheus,2024-09-06 09:11:16+00:00,2024-09-11 07:17:56+00:00,4.921296296296297,
prometheus/prometheus,2024-09-06 09:11:43+00:00,2024-09-11 07:17:56+00:00,4.920983796296296,
prometheus/prometheus,2024-09-06 09:11:56+00:00,2024-09-11 07:17:56+00:00,4.920833333333333,
prometheus/prometheus,2024-09-06 09:12:08+00:00,2024-09-11 07:17:56+00:00,4.920694444444444,
prometheus/prometheus,2024-09-06 09:12:35+00:00,2024-09-11 07:17:56+00:00,4.920381944444444,
prometheus/prometheus,2024-09-06 09:13:25+00:00,2024-09-11 07:17:56+00:00,4.919803240740741,
prometheus/prometheus,2024-09-06 09:16:50+00:00,2024-09-11 07:17:56+00:00,4.917430555555556,
prometheus/prometheus,2024-09-06 10:02:21+00:00,2024-09-11 07:17:56+00:00,4.885821759259259,
prometheus/prometheus,2024-09-06 10:40:57+00:00,2024-09-11 07:17:56+00:00,4.859016203703704,
prometheus/prometheus,2024-09-06 11:17:13+00:00,2024-09-11 07:17:56+00:00,4.833831018518518,
prometheus/prometheus,2024-09-06 11:17:52+00:00,2024-09-11 07:17:56+00:00,4.833379629629629,
prometheus/prometheus,2024-09-06 11:18:29+00:00,2024-09-11 07:17:56+00:00,4.832951388888889,
prometheus/prometheus,2024-09-06 11:19:00+00:00,2024-09-11 07:17:56+00:00,4.832592592592593,
prometheus/prometheus,2024-09-06 12:21:18+00:00,2024-09-11 07:17:56+00:00,4.789328703703704,
prometheus/prometheus,2024-09-06 12:50:10+00:00,2024-09-11 07:17:56+00:00,4.769282407407408,
prometheus/prometheus,2024-09-06 14:16:02+00:00,2024-09-11 07:17:56+00:00,4.7096527777777775,
prometheus/prometheus,2024-09-06 15:24:37+00:00,2024-09-11 07:17:56+00:00,4.662025462962963,
prometheus/prometheus,2024-09-06 15:57:33+00:00,2024-09-11 07:17:56+00:00,4.639155092592593,
prometheus/prometheus,2024-09-08 12:39:13+00:00,2024-09-11 07:17:56+00:00,2.7768865740740742,
prometheus/prometheus,2024-09-08 15:13:40+00:00,2024-09-11 07:17:56+00:00,2.66962962962963,
prometheus/prometheus,2024-09-08 18:04:46+00:00,2024-09-11 07:17:56+00:00,2.550810185185185,
prometheus/prometheus,2024-09-09 10:34:25+00:00,2024-09-11 07:17:56+00:00,1.8635532407407407,
prometheus/prometheus,2024-09-09 11:41:08+00:00,2024-09-11 07:17:56+00:00,1.8172222222222223,
prometheus/prometheus,2024-09-09 11:52:36+00:00,2024-09-11 07:17:56+00:00,1.8092592592592593,
prometheus/prometheus,2024-09-09 12:58:46+00:00,2024-09-11 07:17:56+00:00,1.7633101851851851,
prometheus/prometheus,2024-09-09 14:04:26+00:00,2024-09-11 07:17:56+00:00,1.7177083333333334,
prometheus/prometheus,2024-09-09 22:45:02+00:00,2024-09-11 07:17:56+00:00,1.3561805555555555,
prometheus/prometheus,2024-09-10 07:05:21+00:00,2024-09-11 07:17:56+00:00,1.008738425925926,
prometheus/prometheus,2024-09-10 07:06:52+00:00,2024-09-11 07:17:56+00:00,1.0076851851851851,
prometheus/prometheus,2024-09-10 09:00:15+00:00,2024-09-11 07:17:56+00:00,0.9289467592592593,
prometheus/prometheus,2024-09-10 10:39:13+00:00,2024-09-11 07:17:56+00:00,0.8602199074074074,
prometheus/prometheus,2024-09-10 10:54:00+00:00,2024-09-11 07:17:56+00:00,0.8499537037037037,
prometheus/prometheus,2024-09-10 11:19:00+00:00,2024-09-11 07:17:56+00:00,0.8325925925925926,
prometheus/prometheus,2024-09-10 12:17:44+00:00,2024-09-11 07:17:56+00:00,0.7918055555555555,
prometheus/prometheus,2024-09-10 13:23:00+00:00,2024-09-11 07:17:56+00:00,0.7464814814814815,
prometheus/prometheus,2024-09-10 13:48:43+00:00,2024-09-11 07:17:56+00:00,0.7286226851851851,
prometheus/prometheus,2024-09-10 15:02:39+00:00,2024-09-11 07:17:56+00:00,0.6772800925925926,
prometheus/prometheus,2024-09-10 15:13:43+00:00,2024-09-11 07:17:56+00:00,0.6695949074074075,
prometheus/prometheus,2024-09-10 16:05:51+00:00,2024-09-11 07:17:56+00:00,0.6333912037037037,
prometheus/prometheus,2024-09-10 18:13:23+00:00,2024-09-11 07:17:56+00:00,0.5448263888888889,
prometheus/prometheus,2024-09-10 19:39:52+00:00,2024-09-11 07:17:56+00:00,0.48476851851851854,
prometheus/prometheus,2024-09-10 20:14:29+00:00,2024-09-11 07:17:56+00:00,0.4607291666666667,
prometheus/prometheus,2024-09-10 20:32:03+00:00,2024-09-11 07:17:56+00:00,0.4485300925925926,
prometheus/prometheus,2024-09-11 09:47:12+00:00,2024-09-12 06:27:18+00:00,0.8611805555555555,
prometheus/prometheus,2024-09-11 22:55:39+00:00,2024-09-12 06:27:18+00:00,0.31364583333333335,
prometheus/prometheus,2024-09-13 07:05:00+00:00,2024-09-23 14:48:12+00:00,10.321666666666667,
prometheus/prometheus,2024-09-13 07:21:54+00:00,2024-09-23 14:48:12+00:00,10.309930555555555,
prometheus/prometheus,2024-09-14 13:02:11+00:00,2024-09-23 14:48:12+00:00,9.073622685185185,
prometheus/prometheus,2024-09-16 07:00:38+00:00,2024-09-23 14:48:12+00:00,7.324699074074074,
prometheus/prometheus,2024-09-16 08:12:31+00:00,2024-09-23 14:48:12+00:00,7.274780092592593,
prometheus/prometheus,2024-09-16 10:20:49+00:00,2024-09-23 14:48:12+00:00,7.18568287037037,
prometheus/prometheus,2024-09-16 12:30:42+00:00,2024-09-23 14:48:12+00:00,7.095486111111111,
prometheus/prometheus,2024-09-16 13:46:28+00:00,2024-09-23 14:48:12+00:00,7.042870370370371,
prometheus/prometheus,2024-09-16 17:25:11+00:00,2024-09-23 14:48:12+00:00,6.890983796296296,
prometheus/prometheus,2024-09-17 06:36:29+00:00,2024-09-23 14:48:12+00:00,6.341469907407407,
prometheus/prometheus,2024-09-17 06:55:02+00:00,2024-09-23 14:48:12+00:00,6.328587962962963,
prometheus/prometheus,2024-09-17 09:19:06+00:00,2024-09-23 14:48:12+00:00,6.228541666666667,
prometheus/prometheus,2024-09-17 09:52:13+00:00,2024-09-23 14:48:12+00:00,6.2055439814814815,
prometheus/prometheus,2024-09-17 10:01:03+00:00,2024-09-23 14:48:12+00:00,6.199409722222223,
prometheus/prometheus,2024-09-17 11:11:05+00:00,2024-09-23 14:48:12+00:00,6.150775462962963,
prometheus/prometheus,2024-09-17 14:28:33+00:00,2024-09-23 14:48:12+00:00,6.013645833333333,
prometheus/prometheus,2024-09-17 17:40:14+00:00,2024-09-23 14:48:12+00:00,5.880532407407407,
prometheus/prometheus,2024-09-18 06:04:10+00:00,2024-09-23 14:48:12+00:00,5.3639120370370375,
prometheus/prometheus,2024-09-18 08:54:16+00:00,2024-09-23 14:48:12+00:00,5.245787037037037,
prometheus/prometheus,2024-09-18 10:21:25+00:00,2024-09-23 14:48:12+00:00,5.185266203703704,
prometheus/prometheus,2024-09-18 18:09:40+00:00,2024-09-23 14:48:12+00:00,4.860092592592593,
prometheus/prometheus,2024-09-19 10:20:37+00:00,2024-09-23 14:48:12+00:00,4.18582175925926,
prometheus/prometheus,2024-09-19 13:05:48+00:00,2024-09-23 14:48:12+00:00,4.071111111111111,
prometheus/prometheus,2024-09-19 15:52:40+00:00,2024-09-23 14:48:12+00:00,3.9552314814814813,
prometheus/prometheus,2024-09-19 16:08:59+00:00,2024-09-23 14:48:12+00:00,3.943900462962963,
prometheus/prometheus,2024-09-19 16:12:59+00:00,2024-09-23 14:48:12+00:00,3.941122685185185,
prometheus/prometheus,2024-09-19 22:38:26+00:00,2024-09-23 14:48:12+00:00,3.673449074074074,
prometheus/prometheus,2024-09-20 14:47:08+00:00,2024-09-23 14:48:12+00:00,3.0007407407407407,
prometheus/prometheus,2024-09-20 14:53:10+00:00,2024-09-23 14:48:12+00:00,2.9965509259259258,
prometheus/prometheus,2024-09-20 16:40:17+00:00,2024-09-23 14:48:12+00:00,2.9221643518518516,
prometheus/prometheus,2024-09-20 16:41:06+00:00,2024-09-23 14:48:12+00:00,2.921597222222222,
prometheus/prometheus,2024-09-20 16:53:54+00:00,2024-09-23 14:48:12+00:00,2.9127083333333332,
prometheus/prometheus,2024-09-20 17:42:51+00:00,2024-09-23 14:48:12+00:00,2.878715277777778,
prometheus/prometheus,2024-09-20 19:27:16+00:00,2024-09-23 14:48:12+00:00,2.8062037037037038,
prometheus/prometheus,2024-09-20 19:28:09+00:00,2024-09-23 14:48:12+00:00,2.8055902777777777,
prometheus/prometheus,2024-09-21 08:22:17+00:00,2024-09-23 14:48:12+00:00,2.2679976851851853,
prometheus/prometheus,2024-09-21 10:19:22+00:00,2024-09-23 14:48:12+00:00,2.1866898148148146,
prometheus/prometheus,2024-09-23 08:03:23+00:00,2024-09-23 14:48:12+00:00,0.2811226851851852,
prometheus/prometheus,2024-09-23 11:46:51+00:00,2024-09-23 14:48:12+00:00,0.1259375,
prometheus/prometheus,2024-09-23 17:39:38+00:00,2024-10-14 16:34:21+00:00,20.954664351851854,
prometheus/prometheus,2024-09-24 10:03:56+00:00,2024-10-14 16:34:21+00:00,20.271122685185187,
prometheus/prometheus,2024-09-24 14:30:15+00:00,2024-10-14 16:34:21+00:00,20.086180555555554,
prometheus/prometheus,2024-09-24 15:38:22+00:00,2024-10-14 16:34:21+00:00,20.038877314814815,
prometheus/prometheus,2024-09-25 09:47:55+00:00,2024-10-14 16:34:21+00:00,19.28224537037037,
prometheus/prometheus,2024-09-26 14:32:18+00:00,2024-10-14 16:34:21+00:00,18.084756944444443,
prometheus/prometheus,2024-09-26 15:48:46+00:00,2024-10-14 16:34:21+00:00,18.031655092592594,
prometheus/prometheus,2024-09-26 16:35:15+00:00,2024-10-14 16:34:21+00:00,17.999375,
prometheus/prometheus,2024-09-26 16:45:57+00:00,2024-10-14 16:34:21+00:00,17.991944444444446,
prometheus/prometheus,2024-09-26 18:39:45+00:00,2024-10-14 16:34:21+00:00,17.912916666666668,
prometheus/prometheus,2024-09-27 06:45:49+00:00,2024-10-14 16:34:21+00:00,17.408703703703704,
prometheus/prometheus,2024-09-27 13:50:43+00:00,2024-10-14 16:34:21+00:00,17.11363425925926,
prometheus/prometheus,2024-09-27 16:13:52+00:00,2024-10-14 16:34:21+00:00,17.014224537037038,
prometheus/prometheus,2024-09-29 06:58:42+00:00,2024-10-14 16:34:21+00:00,15.399756944444444,
prometheus/prometheus,2024-09-30 08:06:25+00:00,2024-10-14 16:34:21+00:00,14.35273148148148,
prometheus/prometheus,2024-09-30 08:17:34+00:00,2024-10-14 16:34:21+00:00,14.344988425925926,
prometheus/prometheus,2024-09-30 10:33:07+00:00,2024-10-14 16:34:21+00:00,14.250856481481481,
prometheus/prometheus,2024-09-30 12:22:40+00:00,2024-10-14 16:34:21+00:00,14.174780092592593,
prometheus/prometheus,2024-09-30 13:44:42+00:00,2024-10-14 16:34:21+00:00,14.1178125,
prometheus/prometheus,2024-09-30 19:10:22+00:00,2024-10-14 16:34:21+00:00,13.891655092592593,
prometheus/prometheus,2024-10-01 08:26:58+00:00,2024-10-14 16:34:21+00:00,13.338460648148148,
prometheus/prometheus,2024-10-01 12:36:53+00:00,2024-10-14 16:34:21+00:00,13.164907407407407,
prometheus/prometheus,2024-10-01 13:15:21+00:00,2024-10-14 16:34:21+00:00,13.138194444444444,
prometheus/prometheus,2024-10-01 16:03:46+00:00,2024-10-14 16:34:21+00:00,13.021238425925926,
prometheus/prometheus,2024-10-02 04:02:29+00:00,2024-10-14 16:34:21+00:00,12.52212962962963,
prometheus/prometheus,2024-10-02 04:02:47+00:00,2024-10-14 16:34:21+00:00,12.521921296296297,
prometheus/prometheus,2024-10-02 04:03:18+00:00,2024-10-14 16:34:21+00:00,12.5215625,
prometheus/prometheus,2024-10-02 04:08:21+00:00,2024-10-14 16:34:21+00:00,12.518055555555556,
prometheus/prometheus,2024-10-02 04:12:06+00:00,2024-10-14 16:34:21+00:00,12.51545138888889,
prometheus/prometheus,2024-10-02 04:23:40+00:00,2024-10-14 16:34:21+00:00,12.507418981481482,
prometheus/prometheus,2024-10-02 04:39:59+00:00,2024-10-14 16:34:21+00:00,12.496087962962964,
prometheus/prometheus,2024-10-02 04:45:43+00:00,2024-10-14 16:34:21+00:00,12.492106481481482,
prometheus/prometheus,2024-10-02 04:47:02+00:00,2024-10-14 16:34:21+00:00,12.49119212962963,
prometheus/prometheus,2024-10-02 04:49:36+00:00,2024-10-14 16:34:21+00:00,12.489409722222222,
prometheus/prometheus,2024-10-02 04:55:48+00:00,2024-10-14 16:34:21+00:00,12.485104166666666,
prometheus/prometheus,2024-10-02 05:04:38+00:00,2024-10-14 16:34:21+00:00,12.478969907407407,
prometheus/prometheus,2024-10-02 05:05:05+00:00,2024-10-14 16:34:21+00:00,12.478657407407407,
prometheus/prometheus,2024-10-02 05:05:29+00:00,2024-10-14 16:34:21+00:00,12.478379629629629,
prometheus/prometheus,2024-10-02 05:05:53+00:00,2024-10-14 16:34:21+00:00,12.478101851851852,
prometheus/prometheus,2024-10-02 05:06:12+00:00,2024-10-14 16:34:21+00:00,12.477881944444444,
prometheus/prometheus,2024-10-02 05:06:39+00:00,2024-10-14 16:34:21+00:00,12.477569444444445,
prometheus/prometheus,2024-10-02 05:29:50+00:00,2024-10-14 16:34:21+00:00,12.461469907407407,
prometheus/prometheus,2024-10-02 05:54:37+00:00,2024-10-14 16:34:21+00:00,12.44425925925926,
prometheus/prometheus,2024-10-02 05:54:55+00:00,2024-10-14 16:34:21+00:00,12.444050925925925,
prometheus/prometheus,2024-10-02 06:19:24+00:00,2024-10-14 16:34:21+00:00,12.427048611111111,
prometheus/prometheus,2024-10-02 06:24:24+00:00,2024-10-14 16:34:21+00:00,12.42357638888889,
prometheus/prometheus,2024-10-02 06:24:42+00:00,2024-10-14 16:34:21+00:00,12.423368055555555,
prometheus/prometheus,2024-10-02 06:48:27+00:00,2024-10-14 16:34:21+00:00,12.406875,
prometheus/prometheus,2024-10-02 10:40:32+00:00,2024-10-14 16:34:21+00:00,12.245706018518518,
prometheus/prometheus,2024-10-02 10:52:03+00:00,2024-10-14 16:34:21+00:00,12.237708333333334,
prometheus/prometheus,2024-10-02 12:17:56+00:00,2024-10-14 16:34:21+00:00,12.17806712962963,
prometheus/prometheus,2024-10-02 13:19:18+00:00,2024-10-14 16:34:21+00:00,12.135451388888889,
prometheus/prometheus,2024-10-02 14:02:42+00:00,2024-10-14 16:34:21+00:00,12.1053125,
prometheus/prometheus,2024-10-02 14:53:24+00:00,2024-10-14 16:34:21+00:00,12.070104166666667,
prometheus/prometheus,2024-10-04 07:43:03+00:00,2024-10-14 16:34:21+00:00,10.368958333333333,
prometheus/prometheus,2024-10-04 07:44:52+00:00,2024-10-14 16:34:21+00:00,10.367696759259259,
prometheus/prometheus,2024-10-04 09:23:46+00:00,2024-10-14 16:34:21+00:00,10.299016203703705,
prometheus/prometheus,2024-10-04 11:40:03+00:00,2024-10-14 16:34:21+00:00,10.204375,
prometheus/prometheus,2024-10-04 12:11:02+00:00,2024-10-14 16:34:21+00:00,10.182858796296296,
prometheus/prometheus,2024-10-04 12:57:24+00:00,2024-10-14 16:34:21+00:00,10.150659722222223,
prometheus/prometheus,2024-10-04 13:12:17+00:00,2024-10-14 16:34:21+00:00,10.140324074074075,
prometheus/prometheus,2024-10-04 14:01:03+00:00,2024-10-14 16:34:21+00:00,10.106458333333334,
prometheus/prometheus,2024-10-06 16:35:29+00:00,2024-10-14 16:34:21+00:00,7.999212962962963,
prometheus/prometheus,2024-10-06 18:01:58+00:00,2024-10-14 16:34:21+00:00,7.939155092592593,
prometheus/prometheus,2024-10-07 08:50:26+00:00,2024-10-14 16:34:21+00:00,7.3221643518518515,
prometheus/prometheus,2024-10-07 08:55:26+00:00,2024-10-14 16:34:21+00:00,7.318692129629629,
prometheus/prometheus,2024-10-07 09:17:24+00:00,2024-10-14 16:34:21+00:00,7.3034375,
prometheus/prometheus,2024-10-07 09:44:07+00:00,2024-10-14 16:34:21+00:00,7.284884259259259,
prometheus/prometheus,2024-10-07 09:44:26+00:00,2024-10-14 16:34:21+00:00,7.284664351851852,
prometheus/prometheus,2024-10-07 10:00:28+00:00,2024-10-14 16:34:21+00:00,7.273530092592592,
prometheus/prometheus,2024-10-07 10:24:09+00:00,2024-10-14 16:34:21+00:00,7.257083333333333,
prometheus/prometheus,2024-10-07 11:17:44+00:00,2024-10-14 16:34:21+00:00,7.2198726851851855,
prometheus/prometheus,2024-10-07 12:20:23+00:00,2024-10-14 16:34:21+00:00,7.17636574074074,
prometheus/prometheus,2024-10-07 13:50:06+00:00,2024-10-14 16:34:21+00:00,7.1140625,
prometheus/prometheus,2024-10-07 20:25:17+00:00,2024-10-14 16:34:21+00:00,6.83962962962963,
prometheus/prometheus,2024-10-08 09:25:38+00:00,2024-10-14 16:34:21+00:00,6.297719907407408,
prometheus/prometheus,2024-10-08 09:25:59+00:00,2024-10-14 16:34:21+00:00,6.297476851851852,
prometheus/prometheus,2024-10-08 09:37:21+00:00,2024-10-14 16:34:21+00:00,6.289583333333334,
prometheus/prometheus,2024-10-08 10:49:40+00:00,2024-10-14 16:34:21+00:00,6.239363425925926,
prometheus/prometheus,2024-10-08 12:34:33+00:00,2024-10-14 16:34:21+00:00,6.166527777777778,
prometheus/prometheus,2024-10-08 12:59:08+00:00,2024-10-14 16:34:21+00:00,6.149456018518518,
prometheus/prometheus,2024-10-09 11:07:59+00:00,2024-10-14 16:34:21+00:00,5.226643518518519,
prometheus/prometheus,2024-10-09 11:29:02+00:00,2024-10-14 16:34:21+00:00,5.212025462962963,
prometheus/prometheus,2024-10-10 10:00:52+00:00,2024-10-14 16:34:21+00:00,4.2732523148148145,
prometheus/prometheus,2024-10-10 10:55:28+00:00,2024-10-14 16:34:21+00:00,4.235335648148149,
prometheus/prometheus,2024-10-10 11:01:13+00:00,2024-10-14 16:34:21+00:00,4.2313425925925925,
prometheus/prometheus,2024-10-10 19:14:35+00:00,2024-10-14 16:34:21+00:00,3.888726851851852,
prometheus/prometheus,2024-10-11 11:10:34+00:00,2024-10-14 16:34:21+00:00,3.224849537037037,
prometheus/prometheus,2024-10-11 13:21:16+00:00,2024-10-14 16:34:21+00:00,3.1340856481481483,
prometheus/prometheus,2024-10-12 08:38:58+00:00,2024-10-14 16:34:21+00:00,2.3301273148148147,
prometheus/prometheus,2024-10-12 08:40:23+00:00,2024-10-14 16:34:21+00:00,2.3291435185185185,
prometheus/prometheus,2024-10-13 08:24:52+00:00,2024-10-14 16:34:21+00:00,1.3399189814814816,
prometheus/prometheus,2024-10-14 06:13:39+00:00,2024-10-14 16:34:21+00:00,0.43104166666666666,
prometheus/prometheus,2024-10-14 09:18:15+00:00,2024-10-14 16:34:21+00:00,0.3028472222222222,
prometheus/prometheus,2024-10-14 12:23:11+00:00,2024-10-14 16:34:21+00:00,0.1744212962962963,
prometheus/prometheus,2024-10-14 15:44:41+00:00,2024-10-14 16:34:21+00:00,0.03449074074074074,
prometheus/prometheus,2024-10-15 09:27:38+00:00,2024-10-17 09:08:48+00:00,1.9869212962962963,
prometheus/prometheus,2024-10-15 12:44:36+00:00,2024-10-17 09:08:48+00:00,1.850138888888889,
prometheus/prometheus,2024-10-15 13:52:07+00:00,2024-10-17 09:08:48+00:00,1.8032523148148147,
prometheus/prometheus,2024-10-15 14:33:32+00:00,2024-10-17 09:08:48+00:00,1.7744907407407406,
prometheus/prometheus,2024-10-16 08:25:18+00:00,2024-10-17 09:08:48+00:00,1.0302083333333334,
prometheus/prometheus,2024-10-16 11:52:25+00:00,2024-10-17 09:08:48+00:00,0.8863773148148149,
prometheus/prometheus,2024-10-16 12:19:36+00:00,2024-10-17 09:08:48+00:00,0.8675,
prometheus/prometheus,2024-10-16 12:36:37+00:00,2024-10-17 09:08:48+00:00,0.8556828703703704,
prometheus/prometheus,2024-10-16 12:52:11+00:00,2024-10-17 09:08:48+00:00,0.8448726851851852,
prometheus/prometheus,2024-10-16 13:00:46+00:00,2024-10-17 09:08:48+00:00,0.838912037037037,
prometheus/prometheus,2024-10-16 13:16:55+00:00,2024-10-17 09:08:48+00:00,0.8276967592592592,
prometheus/prometheus,2024-10-16 13:26:41+00:00,2024-10-17 09:08:48+00:00,0.8209143518518518,
prometheus/prometheus,2024-10-16 16:46:06+00:00,2024-10-17 09:08:48+00:00,0.6824305555555555,
prometheus/prometheus,2024-10-17 08:25:05+00:00,2024-10-17 09:08:48+00:00,0.030358796296296297,
prometheus/prometheus,2024-10-18 07:32:15+00:00,2024-10-22 15:40:18+00:00,4.338923611111111,
prometheus/prometheus,2024-10-18 08:49:03+00:00,2024-10-22 15:40:18+00:00,4.285590277777778,
prometheus/prometheus,2024-10-18 09:28:20+00:00,2024-10-22 15:40:18+00:00,4.258310185185185,
prometheus/prometheus,2024-10-18 13:23:14+00:00,2024-10-22 15:40:18+00:00,4.095185185185185,
prometheus/prometheus,2024-10-18 13:35:21+00:00,2024-10-22 15:40:18+00:00,4.0867708333333335,
prometheus/prometheus,2024-10-18 15:12:31+00:00,2024-10-22 15:40:18+00:00,4.019293981481481,
prometheus/prometheus,2024-10-18 15:33:08+00:00,2024-10-22 15:40:18+00:00,4.004976851851852,
prometheus/prometheus,2024-10-19 19:13:04+00:00,2024-10-22 15:40:18+00:00,2.8522453703703703,
prometheus/prometheus,2024-10-20 17:19:52+00:00,2024-10-22 15:40:18+00:00,1.9308564814814815,
prometheus/prometheus,2024-10-21 23:04:40+00:00,2024-10-22 15:40:18+00:00,0.691412037037037,
prometheus/prometheus,2024-10-22 05:55:58+00:00,2024-10-22 15:40:18+00:00,0.40578703703703706,
prometheus/prometheus,2024-10-22 10:53:53+00:00,2024-10-22 15:40:18+00:00,0.19890046296296296,
prometheus/prometheus,2024-10-22 13:24:37+00:00,2024-10-22 15:40:18+00:00,0.09422453703703704,
prometheus/prometheus,2024-10-22 13:35:37+00:00,2024-10-22 15:40:18+00:00,0.08658564814814815,
prometheus/prometheus,2024-10-22 16:49:25+00:00,2024-11-05 08:16:51+00:00,13.644050925925926,
prometheus/prometheus,2024-10-22 17:14:16+00:00,2024-11-05 08:16:51+00:00,13.626793981481482,
prometheus/prometheus,2024-10-23 15:34:28+00:00,2024-11-05 08:16:51+00:00,12.696099537037037,
prometheus/prometheus,2024-10-24 05:38:58+00:00,2024-11-05 08:16:51+00:00,12.109641203703704,
prometheus/prometheus,2024-10-24 16:14:05+00:00,2024-11-05 08:16:51+00:00,11.668587962962963,
prometheus/prometheus,2024-10-24 16:18:22+00:00,2024-11-05 08:16:51+00:00,11.665613425925926,
prometheus/prometheus,2024-10-25 09:07:56+00:00,2024-11-05 08:16:51+00:00,10.964525462962962,
prometheus/prometheus,2024-10-25 09:11:46+00:00,2024-11-05 08:16:51+00:00,10.961863425925927,
prometheus/prometheus,2024-10-25 10:30:14+00:00,2024-11-05 08:16:51+00:00,10.907372685185186,
prometheus/prometheus,2024-10-25 16:29:35+00:00,2024-11-05 08:16:51+00:00,10.657824074074075,
prometheus/prometheus,2024-10-25 16:34:51+00:00,2024-11-05 08:16:51+00:00,10.654166666666667,
prometheus/prometheus,2024-10-25 19:40:15+00:00,2024-11-05 08:16:51+00:00,10.525416666666667,
prometheus/prometheus,2024-10-27 00:06:34+00:00,2024-11-05 08:16:51+00:00,9.340474537037037,
prometheus/prometheus,2024-10-28 07:31:43+00:00,2024-11-05 08:16:51+00:00,8.031342592592592,
prometheus/prometheus,2024-10-28 09:40:49+00:00,2024-11-05 08:16:51+00:00,7.941689814814815,
prometheus/prometheus,2024-10-28 16:05:11+00:00,2024-11-05 08:16:51+00:00,7.674768518518518,
prometheus/prometheus,2024-10-28 21:53:13+00:00,2024-11-05 08:16:51+00:00,7.433078703703703,
prometheus/prometheus,2024-10-28 21:53:55+00:00,2024-11-05 08:16:51+00:00,7.432592592592592,
prometheus/prometheus,2024-10-29 09:40:47+00:00,2024-11-05 08:16:51+00:00,6.941712962962963,
prometheus/prometheus,2024-10-29 11:13:00+00:00,2024-11-05 08:16:51+00:00,6.877673611111111,
prometheus/prometheus,2024-10-29 12:34:02+00:00,2024-11-05 08:16:51+00:00,6.821400462962963,
prometheus/prometheus,2024-10-29 16:27:44+00:00,2024-11-05 08:16:51+00:00,6.659108796296296,
prometheus/prometheus,2024-10-31 17:33:06+00:00,2024-11-05 08:16:51+00:00,4.613715277777778,
prometheus/prometheus,2024-10-31 19:33:37+00:00,2024-11-05 08:16:51+00:00,4.530023148148148,
prometheus/prometheus,2024-10-31 22:05:38+00:00,2024-11-05 08:16:51+00:00,4.424456018518518,
prometheus/prometheus,2024-11-01 13:26:16+00:00,2024-11-05 08:16:51+00:00,3.785127314814815,
prometheus/prometheus,2024-11-01 14:15:39+00:00,2024-11-05 08:16:51+00:00,3.7508333333333335,
prometheus/prometheus,2024-11-02 12:08:13+00:00,2024-11-05 08:16:51+00:00,2.839328703703704,
prometheus/prometheus,2024-11-02 14:38:51+00:00,2024-11-05 08:16:51+00:00,2.734722222222222,
prometheus/prometheus,2024-11-03 12:15:49+00:00,2024-11-05 08:16:51+00:00,1.834050925925926,
prometheus/prometheus,2024-11-03 12:30:02+00:00,2024-11-05 08:16:51+00:00,1.8241782407407408,
prometheus/prometheus,2024-11-03 12:56:55+00:00,2024-11-05 08:16:51+00:00,1.8055092592592592,
prometheus/prometheus,2024-11-03 14:49:27+00:00,2024-11-05 08:16:51+00:00,1.7273611111111111,
prometheus/prometheus,2024-11-04 07:26:26+00:00,2024-11-05 08:16:51+00:00,1.0350115740740742,
prometheus/prometheus,2024-11-04 11:13:41+00:00,2024-11-05 08:16:51+00:00,0.877199074074074,
prometheus/prometheus,2024-11-04 13:09:12+00:00,2024-11-05 08:16:51+00:00,0.7969791666666667,
prometheus/prometheus,2024-11-04 14:26:23+00:00,2024-11-05 08:16:51+00:00,0.7433796296296297,
prometheus/prometheus,2024-11-04 19:39:35+00:00,2024-11-05 08:16:51+00:00,0.5258796296296296,
prometheus/prometheus,2024-11-05 09:58:11+00:00,2024-11-05 13:49:23+00:00,0.16055555555555556,
prometheus/prometheus,2024-11-05 09:58:33+00:00,2024-11-05 13:49:23+00:00,0.16030092592592593,
prometheus/prometheus,2024-11-05 10:01:30+00:00,2024-11-05 13:49:23+00:00,0.1582523148148148,
prometheus/prometheus,2024-11-05 10:19:45+00:00,2024-11-05 13:49:23+00:00,0.1455787037037037,
prometheus/prometheus,2024-11-05 10:31:54+00:00,2024-11-05 13:49:23+00:00,0.1371412037037037,
prometheus/prometheus,2024-11-05 10:35:01+00:00,2024-11-05 13:49:23+00:00,0.13497685185185185,
prometheus/prometheus,2024-11-05 10:35:13+00:00,2024-11-05 13:49:23+00:00,0.13483796296296297,
prometheus/prometheus,2024-11-05 10:35:45+00:00,2024-11-05 13:49:23+00:00,0.13446759259259258,
prometheus/prometheus,2024-11-05 10:43:39+00:00,2024-11-05 13:49:23+00:00,0.12898148148148147,
prometheus/prometheus,2024-11-05 11:59:57+00:00,2024-11-05 13:49:23+00:00,0.07599537037037037,
prometheus/prometheus,2024-11-05 12:03:05+00:00,2024-11-05 13:49:23+00:00,0.07381944444444444,
prometheus/prometheus,2024-11-05 12:15:36+00:00,2024-11-05 13:49:23+00:00,0.06512731481481482,
prometheus/prometheus,2024-11-05 14:34:24+00:00,2024-11-06 11:45:13+00:00,0.8825115740740741,
prometheus/prometheus,2024-11-05 14:55:14+00:00,2024-11-06 11:45:13+00:00,0.8680439814814814,
prometheus/prometheus,2024-11-05 14:56:08+00:00,2024-11-06 11:45:13+00:00,0.8674189814814814,
prometheus/prometheus,2024-11-05 14:56:43+00:00,2024-11-06 11:45:13+00:00,0.8670138888888889,
prometheus/prometheus,2024-11-05 14:57:47+00:00,2024-11-06 11:45:13+00:00,0.8662731481481482,
prometheus/prometheus,2024-11-05 14:58:10+00:00,2024-11-06 11:45:13+00:00,0.8660069444444445,
prometheus/prometheus,2024-11-05 15:07:07+00:00,2024-11-06 11:45:13+00:00,0.8597916666666666,
prometheus/prometheus,2024-11-05 15:09:02+00:00,2024-11-06 11:45:13+00:00,0.8584606481481482,
prometheus/prometheus,2024-11-05 15:37:25+00:00,2024-11-06 11:45:13+00:00,0.83875,
prometheus/prometheus,2024-11-05 15:48:46+00:00,2024-11-06 11:45:13+00:00,0.8308680555555555,
prometheus/prometheus,2024-11-05 18:06:45+00:00,2024-11-06 11:45:13+00:00,0.7350462962962963,
prometheus/prometheus,2024-11-06 10:11:30+00:00,2024-11-06 11:45:13+00:00,0.06508101851851852,
prometheus/prometheus,2024-11-06 10:27:54+00:00,2024-11-06 11:45:13+00:00,0.05369212962962963,
prometheus/prometheus,2024-11-06 14:38:47+00:00,2024-11-12 00:56:58+00:00,5.429293981481481,
prometheus/prometheus,2024-11-06 15:50:36+00:00,2024-11-12 00:56:58+00:00,5.379421296296297,
prometheus/prometheus,2024-11-06 15:51:40+00:00,2024-11-12 00:56:58+00:00,5.3786805555555555,
prometheus/prometheus,2024-11-06 16:20:53+00:00,2024-11-12 00:56:58+00:00,5.358391203703704,
prometheus/prometheus,2024-11-07 09:07:15+00:00,2024-11-12 00:56:58+00:00,4.6595254629629625,
prometheus/prometheus,2024-11-07 09:42:32+00:00,2024-11-12 00:56:58+00:00,4.635023148148148,
prometheus/prometheus,2024-11-07 10:28:13+00:00,2024-11-12 00:56:58+00:00,4.603298611111111,
prometheus/prometheus,2024-11-08 08:49:09+00:00,2024-11-12 00:56:58+00:00,3.6720949074074074,
prometheus/prometheus,2024-11-08 08:49:34+00:00,2024-11-12 00:56:58+00:00,3.6718055555555558,
prometheus/prometheus,2024-11-08 13:02:48+00:00,2024-11-12 00:56:58+00:00,3.495949074074074,
prometheus/prometheus,2024-11-08 13:34:06+00:00,2024-11-12 00:56:58+00:00,3.474212962962963,
prometheus/prometheus,2024-11-08 14:08:02+00:00,2024-11-12 00:56:58+00:00,3.450648148148148,
prometheus/prometheus,2024-11-08 14:08:30+00:00,2024-11-12 00:56:58+00:00,3.450324074074074,
prometheus/prometheus,2024-11-08 14:09:53+00:00,2024-11-12 00:56:58+00:00,3.449363425925926,
prometheus/prometheus,2024-11-08 15:56:43+00:00,2024-11-12 00:56:58+00:00,3.3751736111111112,
prometheus/prometheus,2024-11-08 18:02:48+00:00,2024-11-12 00:56:58+00:00,3.287615740740741,
prometheus/prometheus,2024-11-08 18:43:13+00:00,2024-11-12 00:56:58+00:00,3.259548611111111,
prometheus/prometheus,2024-11-10 17:17:21+00:00,2024-11-12 00:56:58+00:00,1.3191782407407406,
prometheus/prometheus,2024-11-11 06:59:24+00:00,2024-11-12 00:56:58+00:00,0.7483101851851852,
prometheus/prometheus,2024-11-11 16:29:33+00:00,2024-11-12 00:56:58+00:00,0.35237268518518516,
prometheus/prometheus,2024-11-11 17:24:59+00:00,2024-11-12 00:56:58+00:00,0.3138773148148148,
prometheus/prometheus,2024-11-11 17:26:38+00:00,2024-11-12 00:56:58+00:00,0.3127314814814815,
prometheus/prometheus,2024-11-11 21:09:29+00:00,2024-11-12 00:56:58+00:00,0.15797453703703704,
prometheus/prometheus,2024-11-11 22:19:21+00:00,2024-11-12 00:56:58+00:00,0.10945601851851852,
prometheus/prometheus,2024-11-11 23:35:50+00:00,2024-11-12 00:56:58+00:00,0.05634259259259259,
prometheus/prometheus,2024-11-12 10:55:22+00:00,2024-11-14 21:52:59+00:00,2.456678240740741,
prometheus/prometheus,2024-11-12 11:03:15+00:00,2024-11-14 21:52:59+00:00,2.4512037037037038,
prometheus/prometheus,2024-11-12 11:20:29+00:00,2024-11-14 21:52:59+00:00,2.439236111111111,
prometheus/prometheus,2024-11-12 11:40:31+00:00,2024-11-14 21:52:59+00:00,2.4253240740740742,
prometheus/prometheus,2024-11-12 11:46:08+00:00,2024-11-14 21:52:59+00:00,2.421423611111111,
prometheus/prometheus,2024-11-12 11:51:09+00:00,2024-11-14 21:52:59+00:00,2.417939814814815,
prometheus/prometheus,2024-11-12 12:27:01+00:00,2024-11-14 21:52:59+00:00,2.393032407407407,
prometheus/prometheus,2024-11-12 12:27:39+00:00,2024-11-14 21:52:59+00:00,2.3925925925925924,
prometheus/prometheus,2024-11-12 13:56:13+00:00,2024-11-14 21:52:59+00:00,2.331087962962963,
prometheus/prometheus,2024-11-12 13:59:56+00:00,2024-11-14 21:52:59+00:00,2.3285069444444444,
prometheus/prometheus,2024-11-12 14:12:37+00:00,2024-11-14 21:52:59+00:00,2.319699074074074,
prometheus/prometheus,2024-11-12 14:14:07+00:00,2024-11-14 21:52:59+00:00,2.3186574074074073,
prometheus/prometheus,2024-11-12 14:37:06+00:00,2024-11-14 21:52:59+00:00,2.302696759259259,
prometheus/prometheus,2024-11-14 16:19:49+00:00,2024-11-14 21:52:59+00:00,0.23136574074074073,
prometheus/prometheus,2024-11-15 14:09:50+00:00,2024-11-28 18:12:20+00:00,13.168402777777779,
prometheus/prometheus,2024-11-15 15:41:50+00:00,2024-11-28 18:12:20+00:00,13.104513888888889,
prometheus/prometheus,2024-11-19 07:17:49+00:00,2024-11-28 18:12:20+00:00,9.454525462962962,
prometheus/prometheus,2024-11-19 08:13:34+00:00,2024-11-28 18:12:20+00:00,9.415810185185185,
prometheus/prometheus,2024-11-19 09:33:22+00:00,2024-11-28 18:12:20+00:00,9.360393518518519,
prometheus/prometheus,2024-11-19 09:58:01+00:00,2024-11-28 18:12:20+00:00,9.343275462962962,
prometheus/prometheus,2024-11-19 15:49:02+00:00,2024-11-28 18:12:20+00:00,9.09951388888889,
prometheus/prometheus,2024-11-19 16:32:17+00:00,2024-11-28 18:12:20+00:00,9.069479166666667,
prometheus/prometheus,2024-11-19 18:33:33+00:00,2024-11-28 18:12:20+00:00,8.985266203703704,
prometheus/prometheus,2024-11-20 09:29:19+00:00,2024-11-28 18:12:20+00:00,8.363206018518518,
prometheus/prometheus,2024-11-20 10:13:04+00:00,2024-11-28 18:12:20+00:00,8.332824074074074,
prometheus/prometheus,2024-11-20 10:27:33+00:00,2024-11-28 18:12:20+00:00,8.322766203703704,
prometheus/prometheus,2024-11-20 10:41:36+00:00,2024-11-28 18:12:20+00:00,8.313009259259259,
prometheus/prometheus,2024-11-20 13:34:37+00:00,2024-11-28 18:12:20+00:00,8.192858796296296,
prometheus/prometheus,2024-11-20 13:36:47+00:00,2024-11-28 18:12:20+00:00,8.191354166666667,
prometheus/prometheus,2024-11-20 14:25:04+00:00,2024-11-28 18:12:20+00:00,8.157824074074075,
prometheus/prometheus,2024-11-20 15:46:11+00:00,2024-11-28 18:12:20+00:00,8.101493055555556,
prometheus/prometheus,2024-11-20 16:22:20+00:00,2024-11-28 18:12:20+00:00,8.07638888888889,
prometheus/prometheus,2024-11-20 16:52:20+00:00,2024-11-28 18:12:20+00:00,8.055555555555555,
prometheus/prometheus,2024-11-21 13:20:39+00:00,2024-11-28 18:12:20+00:00,7.20255787037037,
prometheus/prometheus,2024-11-21 13:50:23+00:00,2024-11-28 18:12:20+00:00,7.181909722222223,
prometheus/prometheus,2024-11-21 15:53:06+00:00,2024-11-28 18:12:20+00:00,7.096689814814815,
prometheus/prometheus,2024-11-24 16:08:59+00:00,2024-11-28 18:12:20+00:00,4.085659722222222,
prometheus/prometheus,2024-11-24 16:13:19+00:00,2024-11-28 18:12:20+00:00,4.082650462962963,
prometheus/prometheus,2024-11-24 16:28:21+00:00,2024-11-28 18:12:20+00:00,4.072210648148148,
prometheus/prometheus,2024-11-24 16:30:20+00:00,2024-11-28 18:12:20+00:00,4.070833333333334,
prometheus/prometheus,2024-11-24 16:39:52+00:00,2024-11-28 18:12:20+00:00,4.064212962962963,
prometheus/prometheus,2024-11-24 16:54:13+00:00,2024-11-28 18:12:20+00:00,4.054247685185185,
prometheus/prometheus,2024-11-24 17:40:58+00:00,2024-11-28 18:12:20+00:00,4.021782407407407,
prometheus/prometheus,2024-11-24 17:55:10+00:00,2024-11-28 18:12:20+00:00,4.011921296296296,
prometheus/prometheus,2024-11-24 18:46:24+00:00,2024-11-28 18:12:20+00:00,3.9763425925925926,
prometheus/prometheus,2024-11-25 17:31:24+00:00,2024-11-28 18:12:20+00:00,3.028425925925926,
prometheus/prometheus,2024-11-25 17:31:49+00:00,2024-11-28 18:12:20+00:00,3.028136574074074,
prometheus/prometheus,2024-11-26 06:25:28+00:00,2024-11-28 18:12:20+00:00,2.49087962962963,
prometheus/prometheus,2024-11-26 06:26:06+00:00,2024-11-28 18:12:20+00:00,2.490439814814815,
prometheus/prometheus,2024-11-26 06:37:30+00:00,2024-11-28 18:12:20+00:00,2.482523148148148,
prometheus/prometheus,2024-11-26 07:00:25+00:00,2024-11-28 18:12:20+00:00,2.4666087962962964,
prometheus/prometheus,2024-11-26 09:52:17+00:00,2024-11-28 18:12:20+00:00,2.3472569444444447,
prometheus/prometheus,2024-11-26 11:15:01+00:00,2024-11-28 18:12:20+00:00,2.2898032407407407,
prometheus/prometheus,2024-11-26 11:48:18+00:00,2024-11-28 18:12:20+00:00,2.2666898148148147,
prometheus/prometheus,2024-11-26 13:07:57+00:00,2024-11-28 18:12:20+00:00,2.211377314814815,
prometheus/prometheus,2024-11-26 15:03:45+00:00,2024-11-28 18:12:20+00:00,2.130960648148148,
prometheus/prometheus,2024-11-26 16:02:43+00:00,2024-11-28 18:12:20+00:00,2.090011574074074,
prometheus/prometheus,2024-11-26 16:12:16+00:00,2024-11-28 18:12:20+00:00,2.0833796296296296,
prometheus/prometheus,2024-11-26 16:39:00+00:00,2024-11-28 18:12:20+00:00,2.064814814814815,
prometheus/prometheus,2024-11-26 17:20:56+00:00,2024-11-28 18:12:20+00:00,2.0356944444444443,
prometheus/prometheus,2024-11-26 18:12:36+00:00,2024-11-28 18:12:20+00:00,1.9998148148148147,
prometheus/prometheus,2024-11-26 18:34:33+00:00,2024-11-28 18:12:20+00:00,1.9845717592592593,
prometheus/prometheus,2024-11-26 21:47:21+00:00,2024-11-28 18:12:20+00:00,1.8506828703703704,
prometheus/prometheus,2024-11-27 11:33:21+00:00,2024-11-28 18:12:20+00:00,1.2770717592592593,
prometheus/prometheus,2024-11-27 12:20:23+00:00,2024-11-28 18:12:20+00:00,1.2444097222222221,
prometheus/prometheus,2024-11-27 18:41:39+00:00,2024-11-28 18:12:20+00:00,0.9796412037037037,
prometheus/prometheus,2024-11-27 18:42:22+00:00,2024-11-28 18:12:20+00:00,0.9791435185185186,
prometheus/prometheus,2024-11-27 19:13:42+00:00,2024-11-28 18:12:20+00:00,0.9573842592592593,
prometheus/prometheus,2024-11-27 19:52:29+00:00,2024-11-28 18:12:20+00:00,0.9304513888888889,
prometheus/prometheus,2024-11-27 20:05:09+00:00,2024-11-28 18:12:20+00:00,0.9216550925925926,
prometheus/prometheus,2024-11-28 09:40:31+00:00,2024-11-28 18:12:20+00:00,0.35542824074074075,
prometheus/prometheus,2024-11-28 17:12:32+00:00,2024-11-28 18:12:20+00:00,0.041527777777777775,
prometheus/prometheus,2024-11-28 23:26:52+00:00,2024-12-20 13:21:28+00:00,21.579583333333332,
prometheus/prometheus,2024-11-29 10:46:53+00:00,2024-12-20 13:21:28+00:00,21.107349537037038,
prometheus/prometheus,2024-11-29 11:52:56+00:00,2024-12-20 13:21:28+00:00,21.061481481481483,
prometheus/prometheus,2024-12-02 16:33:48+00:00,2024-12-20 13:21:28+00:00,17.866435185185185,
prometheus/prometheus,2024-12-02 17:09:25+00:00,2024-12-20 13:21:28+00:00,17.84170138888889,
prometheus/prometheus,2024-12-03 11:34:00+00:00,2024-12-20 13:21:28+00:00,17.07462962962963,
prometheus/prometheus,2024-12-03 11:34:21+00:00,2024-12-20 13:21:28+00:00,17.074386574074072,
prometheus/prometheus,2024-12-03 11:35:32+00:00,2024-12-20 13:21:28+00:00,17.073564814814816,
prometheus/prometheus,2024-12-03 11:36:58+00:00,2024-12-20 13:21:28+00:00,17.072569444444444,
prometheus/prometheus,2024-12-03 11:37:50+00:00,2024-12-20 13:21:28+00:00,17.071967592592593,
prometheus/prometheus,2024-12-03 11:39:38+00:00,2024-12-20 13:21:28+00:00,17.070717592592594,
prometheus/prometheus,2024-12-03 11:41:23+00:00,2024-12-20 13:21:28+00:00,17.069502314814816,
prometheus/prometheus,2024-12-03 11:41:37+00:00,2024-12-20 13:21:28+00:00,17.069340277777776,
prometheus/prometheus,2024-12-03 11:42:41+00:00,2024-12-20 13:21:28+00:00,17.068599537037038,
prometheus/prometheus,2024-12-03 11:43:37+00:00,2024-12-20 13:21:28+00:00,17.06795138888889,
prometheus/prometheus,2024-12-03 11:44:43+00:00,2024-12-20 13:21:28+00:00,17.0671875,
prometheus/prometheus,2024-12-03 11:54:44+00:00,2024-12-20 13:21:28+00:00,17.06023148148148,
prometheus/prometheus,2024-12-03 12:00:09+00:00,2024-12-20 13:21:28+00:00,17.056469907407408,
prometheus/prometheus,2024-12-03 12:55:16+00:00,2024-12-20 13:21:28+00:00,17.018194444444443,
prometheus/prometheus,2024-12-03 12:57:55+00:00,2024-12-20 13:21:28+00:00,17.016354166666666,
prometheus/prometheus,2024-12-03 13:04:24+00:00,2024-12-20 13:21:28+00:00,17.01185185185185,
prometheus/prometheus,2024-12-03 13:28:15+00:00,2024-12-20 13:21:28+00:00,16.995289351851852,
prometheus/prometheus,2024-12-03 13:37:41+00:00,2024-12-20 13:21:28+00:00,16.988738425925927,
prometheus/prometheus,2024-12-03 19:27:32+00:00,2024-12-20 13:21:28+00:00,16.745787037037037,
prometheus/prometheus,2024-12-03 21:43:08+00:00,2024-12-20 13:21:28+00:00,16.65162037037037,
prometheus/prometheus,2024-12-04 12:11:05+00:00,2024-12-20 13:21:28+00:00,16.048877314814813,
prometheus/prometheus,2024-12-04 12:47:28+00:00,2024-12-20 13:21:28+00:00,16.023611111111112,
prometheus/prometheus,2024-12-04 13:03:21+00:00,2024-12-20 13:21:28+00:00,16.012581018518517,
prometheus/prometheus,2024-12-04 13:20:57+00:00,2024-12-20 13:21:28+00:00,16.000358796296297,
prometheus/prometheus,2024-12-05 00:26:02+00:00,2024-12-20 13:21:28+00:00,15.53849537037037,
prometheus/prometheus,2024-12-05 09:32:48+00:00,2024-12-20 13:21:28+00:00,15.158796296296297,
prometheus/prometheus,2024-12-05 09:48:27+00:00,2024-12-20 13:21:28+00:00,15.147928240740741,
prometheus/prometheus,2024-12-09 12:35:50+00:00,2024-12-20 13:21:28+00:00,11.031689814814815,
prometheus/prometheus,2024-12-09 13:25:31+00:00,2024-12-20 13:21:28+00:00,10.9971875,
prometheus/prometheus,2024-12-10 08:27:24+00:00,2024-12-20 13:21:28+00:00,10.204212962962963,
prometheus/prometheus,2024-12-10 10:52:55+00:00,2024-12-20 13:21:28+00:00,10.103159722222221,
prometheus/prometheus,2024-12-10 15:33:56+00:00,2024-12-20 13:21:28+00:00,9.90800925925926,
prometheus/prometheus,2024-12-10 15:49:28+00:00,2024-12-20 13:21:28+00:00,9.897222222222222,
prometheus/prometheus,2024-12-10 15:50:21+00:00,2024-12-20 13:21:28+00:00,9.896608796296297,
prometheus/prometheus,2024-12-10 15:52:11+00:00,2024-12-20 13:21:28+00:00,9.895335648148148,
prometheus/prometheus,2024-12-10 15:52:58+00:00,2024-12-20 13:21:28+00:00,9.894791666666666,
prometheus/prometheus,2024-12-10 16:02:10+00:00,2024-12-20 13:21:28+00:00,9.888402777777777,
prometheus/prometheus,2024-12-10 16:02:48+00:00,2024-12-20 13:21:28+00:00,9.887962962962963,
prometheus/prometheus,2024-12-10 16:03:38+00:00,2024-12-20 13:21:28+00:00,9.887384259259258,
prometheus/prometheus,2024-12-10 16:45:10+00:00,2024-12-20 13:21:28+00:00,9.858541666666667,
prometheus/prometheus,2024-12-10 16:58:40+00:00,2024-12-20 13:21:28+00:00,9.849166666666667,
prometheus/prometheus,2024-12-10 16:59:43+00:00,2024-12-20 13:21:28+00:00,9.8484375,
prometheus/prometheus,2024-12-10 17:00:33+00:00,2024-12-20 13:21:28+00:00,9.847858796296297,
prometheus/prometheus,2024-12-10 17:01:02+00:00,2024-12-20 13:21:28+00:00,9.847523148148149,
prometheus/prometheus,2024-12-10 17:17:22+00:00,2024-12-20 13:21:28+00:00,9.836180555555556,
prometheus/prometheus,2024-12-10 23:32:36+00:00,2024-12-20 13:21:28+00:00,9.575601851851852,
prometheus/prometheus,2024-12-10 23:37:21+00:00,2024-12-20 13:21:28+00:00,9.572303240740741,
prometheus/prometheus,2024-12-10 23:37:42+00:00,2024-12-20 13:21:28+00:00,9.572060185185185,
prometheus/prometheus,2024-12-10 23:37:59+00:00,2024-12-20 13:21:28+00:00,9.571863425925926,
prometheus/prometheus,2024-12-10 23:41:01+00:00,2024-12-20 13:21:28+00:00,9.569756944444444,
prometheus/prometheus,2024-12-10 23:41:49+00:00,2024-12-20 13:21:28+00:00,9.569201388888889,
prometheus/prometheus,2024-12-11 00:32:32+00:00,2024-12-20 13:21:28+00:00,9.533981481481481,
prometheus/prometheus,2024-12-11 00:33:42+00:00,2024-12-20 13:21:28+00:00,9.533171296296297,
prometheus/prometheus,2024-12-11 08:12:57+00:00,2024-12-20 13:21:28+00:00,9.214247685185185,
prometheus/prometheus,2024-12-11 14:12:53+00:00,2024-12-20 13:21:28+00:00,8.96429398148148,
prometheus/prometheus,2024-12-11 14:23:14+00:00,2024-12-20 13:21:28+00:00,8.957106481481482,
prometheus/prometheus,2024-12-11 14:24:57+00:00,2024-12-20 13:21:28+00:00,8.955914351851852,
prometheus/prometheus,2024-12-11 14:26:22+00:00,2024-12-20 13:21:28+00:00,8.954930555555556,
prometheus/prometheus,2024-12-11 14:30:44+00:00,2024-12-20 13:21:28+00:00,8.951898148148148,
prometheus/prometheus,2024-12-11 14:31:56+00:00,2024-12-20 13:21:28+00:00,8.951064814814815,
prometheus/prometheus,2024-12-11 14:32:32+00:00,2024-12-20 13:21:28+00:00,8.950648148148149,
prometheus/prometheus,2024-12-11 14:33:03+00:00,2024-12-20 13:21:28+00:00,8.950289351851852,
prometheus/prometheus,2024-12-11 14:33:39+00:00,2024-12-20 13:21:28+00:00,8.949872685185186,
prometheus/prometheus,2024-12-11 14:34:15+00:00,2024-12-20 13:21:28+00:00,8.949456018518518,
prometheus/prometheus,2024-12-11 14:34:42+00:00,2024-12-20 13:21:28+00:00,8.949143518518518,
prometheus/prometheus,2024-12-11 14:35:43+00:00,2024-12-20 13:21:28+00:00,8.9484375,
prometheus/prometheus,2024-12-11 14:38:50+00:00,2024-12-20 13:21:28+00:00,8.946273148148148,
prometheus/prometheus,2024-12-11 14:39:23+00:00,2024-12-20 13:21:28+00:00,8.945891203703704,
prometheus/prometheus,2024-12-11 14:40:19+00:00,2024-12-20 13:21:28+00:00,8.945243055555556,
prometheus/prometheus,2024-12-11 14:40:47+00:00,2024-12-20 13:21:28+00:00,8.944918981481482,
prometheus/prometheus,2024-12-11 14:41:17+00:00,2024-12-20 13:21:28+00:00,8.94457175925926,
prometheus/prometheus,2024-12-11 15:24:37+00:00,2024-12-20 13:21:28+00:00,8.914479166666666,
prometheus/prometheus,2024-12-11 16:07:39+00:00,2024-12-20 13:21:28+00:00,8.884594907407408,
prometheus/prometheus,2024-12-11 19:35:25+00:00,2024-12-20 13:21:28+00:00,8.7403125,
prometheus/prometheus,2024-12-11 19:39:33+00:00,2024-12-20 13:21:28+00:00,8.73744212962963,
prometheus/prometheus,2024-12-11 19:39:46+00:00,2024-12-20 13:21:28+00:00,8.737291666666666,
prometheus/prometheus,2024-12-11 19:40:09+00:00,2024-12-20 13:21:28+00:00,8.737025462962963,
prometheus/prometheus,2024-12-11 19:40:30+00:00,2024-12-20 13:21:28+00:00,8.736782407407407,
prometheus/prometheus,2024-12-11 19:40:45+00:00,2024-12-20 13:21:28+00:00,8.736608796296297,
prometheus/prometheus,2024-12-11 19:41:21+00:00,2024-12-20 13:21:28+00:00,8.736192129629629,
prometheus/prometheus,2024-12-11 20:30:29+00:00,2024-12-20 13:21:28+00:00,8.70207175925926,
prometheus/prometheus,2024-12-11 20:30:52+00:00,2024-12-20 13:21:28+00:00,8.701805555555556,
prometheus/prometheus,2024-12-11 20:31:35+00:00,2024-12-20 13:21:28+00:00,8.701307870370371,
prometheus/prometheus,2024-12-11 20:32:43+00:00,2024-12-20 13:21:28+00:00,8.700520833333334,
prometheus/prometheus,2024-12-11 22:14:29+00:00,2024-12-20 13:21:28+00:00,8.629849537037037,
prometheus/prometheus,2024-12-11 22:25:20+00:00,2024-12-20 13:21:28+00:00,8.622314814814814,
prometheus/prometheus,2024-12-11 22:32:13+00:00,2024-12-20 13:21:28+00:00,8.617534722222222,
prometheus/prometheus,2024-12-11 22:34:49+00:00,2024-12-20 13:21:28+00:00,8.615729166666666,
prometheus/prometheus,2024-12-11 22:35:21+00:00,2024-12-20 13:21:28+00:00,8.615358796296297,
prometheus/prometheus,2024-12-11 22:36:04+00:00,2024-12-20 13:21:28+00:00,8.61486111111111,
prometheus/prometheus,2024-12-11 22:37:01+00:00,2024-12-20 13:21:28+00:00,8.614201388888889,
prometheus/prometheus,2024-12-11 22:37:16+00:00,2024-12-20 13:21:28+00:00,8.614027777777778,
prometheus/prometheus,2024-12-11 22:38:32+00:00,2024-12-20 13:21:28+00:00,8.613148148148149,
prometheus/prometheus,2024-12-11 22:38:51+00:00,2024-12-20 13:21:28+00:00,8.612928240740741,
prometheus/prometheus,2024-12-11 22:46:34+00:00,2024-12-20 13:21:28+00:00,8.607569444444444,
prometheus/prometheus,2024-12-12 00:08:34+00:00,2024-12-20 13:21:28+00:00,8.550625,
prometheus/prometheus,2024-12-12 00:09:10+00:00,2024-12-20 13:21:28+00:00,8.550208333333334,
prometheus/prometheus,2024-12-12 00:09:44+00:00,2024-12-20 13:21:28+00:00,8.549814814814814,
prometheus/prometheus,2024-12-12 00:10:58+00:00,2024-12-20 13:21:28+00:00,8.548958333333333,
prometheus/prometheus,2024-12-12 00:11:43+00:00,2024-12-20 13:21:28+00:00,8.5484375,
prometheus/prometheus,2024-12-12 03:23:07+00:00,2024-12-20 13:21:28+00:00,8.415520833333334,
prometheus/prometheus,2024-12-12 03:55:57+00:00,2024-12-20 13:21:28+00:00,8.392719907407407,
prometheus/prometheus,2024-12-12 04:04:57+00:00,2024-12-20 13:21:28+00:00,8.386469907407408,
prometheus/prometheus,2024-12-12 10:15:14+00:00,2024-12-20 13:21:28+00:00,8.129328703703704,
prometheus/prometheus,2024-12-12 12:57:09+00:00,2024-12-20 13:21:28+00:00,8.016886574074075,
prometheus/prometheus,2024-12-12 13:38:24+00:00,2024-12-20 13:21:28+00:00,7.988240740740741,
prometheus/prometheus,2024-12-13 09:20:46+00:00,2024-12-20 13:21:28+00:00,7.167152777777778,
prometheus/prometheus,2024-12-13 12:34:55+00:00,2024-12-20 13:21:28+00:00,7.0323263888888885,
prometheus/prometheus,2024-12-13 16:48:30+00:00,2024-12-20 13:21:28+00:00,6.856226851851852,
prometheus/prometheus,2024-12-13 21:42:47+00:00,2024-12-20 13:21:28+00:00,6.651863425925926,
prometheus/prometheus,2024-12-14 18:18:24+00:00,2024-12-20 13:21:28+00:00,5.793796296296296,
prometheus/prometheus,2024-12-16 09:42:52+00:00,2024-12-20 13:21:28+00:00,4.151805555555556,
prometheus/prometheus,2024-12-17 07:40:54+00:00,2024-12-20 13:21:28+00:00,3.23650462962963,
prometheus/prometheus,2024-12-17 14:20:53+00:00,2024-12-20 13:21:28+00:00,2.958738425925926,
prometheus/prometheus,2024-12-17 16:34:24+00:00,2024-12-20 13:21:28+00:00,2.8660185185185183,
prometheus/prometheus,2024-12-17 18:41:56+00:00,2024-12-20 13:21:28+00:00,2.7774537037037037,
prometheus/prometheus,2024-12-17 21:11:56+00:00,2024-12-20 13:21:28+00:00,2.673287037037037,
prometheus/prometheus,2024-12-18 07:13:25+00:00,2024-12-20 13:21:28+00:00,2.255590277777778,
prometheus/prometheus,2024-12-18 09:05:43+00:00,2024-12-20 13:21:28+00:00,2.177604166666667,
prometheus/prometheus,2024-12-18 11:23:23+00:00,2024-12-20 13:21:28+00:00,2.082002314814815,
prometheus/prometheus,2024-12-18 11:24:29+00:00,2024-12-20 13:21:28+00:00,2.081238425925926,
prometheus/prometheus,2024-12-18 14:36:34+00:00,2024-12-20 13:21:28+00:00,1.9478472222222223,
prometheus/prometheus,2024-12-18 14:44:50+00:00,2024-12-20 13:21:28+00:00,1.9421064814814815,
prometheus/prometheus,2024-12-18 14:49:30+00:00,2024-12-20 13:21:28+00:00,1.9388657407407408,
prometheus/prometheus,2024-12-19 16:03:51+00:00,2024-12-20 13:21:28+00:00,0.8872337962962963,
prometheus/prometheus,2024-12-19 17:20:54+00:00,2024-12-20 13:21:28+00:00,0.8337268518518518,
prometheus/prometheus,2024-12-19 18:39:57+00:00,2024-12-20 13:21:28+00:00,0.7788310185185185,
prometheus/prometheus,2024-12-19 22:50:28+00:00,2024-12-20 13:21:28+00:00,0.6048611111111111,
prometheus/prometheus,2024-12-19 22:52:26+00:00,2024-12-20 13:21:28+00:00,0.6034953703703704,
prometheus/prometheus,2024-12-20 10:19:59+00:00,2024-12-20 13:21:28+00:00,0.1260300925925926,
prometheus/prometheus,2024-12-20 11:36:38+00:00,2024-12-20 13:21:28+00:00,0.07280092592592592,
prometheus/prometheus,2024-12-21 13:33:08+00:00,2024-12-30 16:46:07+00:00,9.134016203703704,
prometheus/prometheus,2024-12-21 17:51:40+00:00,2024-12-30 16:46:07+00:00,8.954479166666667,
prometheus/prometheus,2024-12-23 13:11:09+00:00,2024-12-30 16:46:07+00:00,7.149282407407408,
prometheus/prometheus,2024-12-27 11:44:54+00:00,2024-12-30 16:46:07+00:00,3.2091782407407408,
prometheus/prometheus,2024-12-29 16:49:51+00:00,2024-12-30 16:46:07+00:00,0.9974074074074074,
prometheus/prometheus,2024-12-29 16:50:09+00:00,2024-12-30 16:46:07+00:00,0.997199074074074,
prometheus/prometheus,2024-12-29 16:50:30+00:00,2024-12-30 16:46:07+00:00,0.9969560185185186,
prometheus/prometheus,2024-12-29 16:54:46+00:00,2024-12-30 16:46:07+00:00,0.9939930555555555,
prometheus/prometheus,2024-12-29 17:03:06+00:00,2024-12-30 16:46:07+00:00,0.9882060185185185,
prometheus/prometheus,2024-12-29 17:08:18+00:00,2024-12-30 16:46:07+00:00,0.9845949074074074,
prometheus/prometheus,2024-12-30 08:46:17+00:00,2024-12-30 16:46:07+00:00,0.3332175925925926,
prometheus/prometheus,2024-12-30 11:16:21+00:00,2024-12-30 16:46:07+00:00,0.22900462962962964,
prometheus/prometheus,2024-12-30 11:17:47+00:00,2024-12-30 16:46:07+00:00,0.22800925925925927,
prometheus/prometheus,2024-12-30 11:55:34+00:00,2024-12-30 16:46:07+00:00,0.20177083333333334,
prometheus/prometheus,2024-12-30 12:37:37+00:00,2024-12-30 16:46:07+00:00,0.17256944444444444,
prometheus/prometheus,2024-12-31 10:12:21+00:00,2025-01-02 14:36:48+00:00,2.1836458333333333,
prometheus/prometheus,2025-01-02 10:43:45+00:00,2025-01-02 14:36:48+00:00,0.1618402777777778,
prometheus/prometheus,2025-01-02 11:32:14+00:00,2025-01-02 14:36:48+00:00,0.12817129629629628,
prometheus/prometheus,2025-01-02 14:51:52+00:00,2025-02-04 13:55:24+00:00,32.960787037037036,
prometheus/prometheus,2025-01-03 14:28:52+00:00,2025-02-04 13:55:24+00:00,31.97675925925926,
prometheus/prometheus,2025-01-03 16:58:02+00:00,2025-02-04 13:55:24+00:00,31.873171296296295,
prometheus/prometheus,2025-01-03 21:33:21+00:00,2025-02-04 13:55:24+00:00,31.681979166666668,
prometheus/prometheus,2025-01-06 14:13:17+00:00,2025-02-04 13:55:24+00:00,28.98758101851852,
prometheus/prometheus,2025-01-06 14:30:39+00:00,2025-02-04 13:55:24+00:00,28.975520833333334,
prometheus/prometheus,2025-01-06 18:51:19+00:00,2025-02-04 13:55:24+00:00,28.794502314814814,
prometheus/prometheus,2025-01-06 20:48:38+00:00,2025-02-04 13:55:24+00:00,28.713032407407407,
prometheus/prometheus,2025-01-07 12:36:53+00:00,2025-02-04 13:55:24+00:00,28.054525462962964,
prometheus/prometheus,2025-01-07 16:58:27+00:00,2025-02-04 13:55:24+00:00,27.872881944444444,
prometheus/prometheus,2025-01-07 18:39:08+00:00,2025-02-04 13:55:24+00:00,27.80296296296296,
prometheus/prometheus,2025-01-08 15:04:14+00:00,2025-02-04 13:55:24+00:00,26.952199074074073,
prometheus/prometheus,2025-01-08 16:32:49+00:00,2025-02-04 13:55:24+00:00,26.89068287037037,
prometheus/prometheus,2025-01-09 09:29:57+00:00,2025-02-04 13:55:24+00:00,26.18434027777778,
prometheus/prometheus,2025-01-09 14:54:05+00:00,2025-02-04 13:55:24+00:00,25.959247685185186,
prometheus/prometheus,2025-01-09 15:38:43+00:00,2025-02-04 13:55:24+00:00,25.928252314814817,
prometheus/prometheus,2025-01-09 16:27:39+00:00,2025-02-04 13:55:24+00:00,25.894270833333334,
prometheus/prometheus,2025-01-09 16:51:26+00:00,2025-02-04 13:55:24+00:00,25.877754629629628,
prometheus/prometheus,2025-01-09 23:14:21+00:00,2025-02-04 13:55:24+00:00,25.611840277777777,
prometheus/prometheus,2025-01-13 09:31:41+00:00,2025-02-04 13:55:24+00:00,22.183136574074073,
prometheus/prometheus,2025-01-13 17:23:06+00:00,2025-02-04 13:55:24+00:00,21.855763888888887,
prometheus/prometheus,2025-01-13 18:06:49+00:00,2025-02-04 13:55:24+00:00,21.825405092592593,
prometheus/prometheus,2025-01-13 18:07:30+00:00,2025-02-04 13:55:24+00:00,21.824930555555557,
prometheus/prometheus,2025-01-13 18:08:03+00:00,2025-02-04 13:55:24+00:00,21.824548611111112,
prometheus/prometheus,2025-01-13 18:11:53+00:00,2025-02-04 13:55:24+00:00,21.821886574074075,
prometheus/prometheus,2025-01-13 18:12:25+00:00,2025-02-04 13:55:24+00:00,21.821516203703705,
prometheus/prometheus,2025-01-13 18:13:13+00:00,2025-02-04 13:55:24+00:00,21.820960648148148,
prometheus/prometheus,2025-01-13 18:13:29+00:00,2025-02-04 13:55:24+00:00,21.820775462962963,
prometheus/prometheus,2025-01-13 18:13:47+00:00,2025-02-04 13:55:24+00:00,21.82056712962963,
prometheus/prometheus,2025-01-13 18:14:43+00:00,2025-02-04 13:55:24+00:00,21.819918981481482,
prometheus/prometheus,2025-01-13 18:46:39+00:00,2025-02-04 13:55:24+00:00,21.797743055555557,
prometheus/prometheus,2025-01-13 18:54:17+00:00,2025-02-04 13:55:24+00:00,21.79244212962963,
prometheus/prometheus,2025-01-13 18:55:03+00:00,2025-02-04 13:55:24+00:00,21.791909722222222,
prometheus/prometheus,2025-01-13 18:55:49+00:00,2025-02-04 13:55:24+00:00,21.791377314814813,
prometheus/prometheus,2025-01-13 18:56:14+00:00,2025-02-04 13:55:24+00:00,21.791087962962962,
prometheus/prometheus,2025-01-13 18:56:42+00:00,2025-02-04 13:55:24+00:00,21.79076388888889,
prometheus/prometheus,2025-01-13 18:57:14+00:00,2025-02-04 13:55:24+00:00,21.790393518518517,
prometheus/prometheus,2025-01-13 18:58:17+00:00,2025-02-04 13:55:24+00:00,21.78966435185185,
prometheus/prometheus,2025-01-13 18:58:55+00:00,2025-02-04 13:55:24+00:00,21.789224537037036,
prometheus/prometheus,2025-01-13 18:59:32+00:00,2025-02-04 13:55:24+00:00,21.788796296296297,
prometheus/prometheus,2025-01-13 19:23:36+00:00,2025-02-04 13:55:24+00:00,21.772083333333335,
prometheus/prometheus,2025-01-13 20:54:09+00:00,2025-02-04 13:55:24+00:00,21.70920138888889,
prometheus/prometheus,2025-01-13 20:54:39+00:00,2025-02-04 13:55:24+00:00,21.708854166666665,
prometheus/prometheus,2025-01-13 20:55:14+00:00,2025-02-04 13:55:24+00:00,21.708449074074075,
prometheus/prometheus,2025-01-13 20:55:46+00:00,2025-02-04 13:55:24+00:00,21.708078703703702,
prometheus/prometheus,2025-01-13 20:56:24+00:00,2025-02-04 13:55:24+00:00,21.707638888888887,
prometheus/prometheus,2025-01-13 20:56:56+00:00,2025-02-04 13:55:24+00:00,21.707268518518518,
prometheus/prometheus,2025-01-13 20:57:29+00:00,2025-02-04 13:55:24+00:00,21.706886574074073,
prometheus/prometheus,2025-01-13 20:57:52+00:00,2025-02-04 13:55:24+00:00,21.70662037037037,
prometheus/prometheus,2025-01-13 22:13:12+00:00,2025-02-04 13:55:24+00:00,21.654305555555556,
prometheus/prometheus,2025-01-13 22:14:05+00:00,2025-02-04 13:55:24+00:00,21.65369212962963,
prometheus/prometheus,2025-01-14 14:15:37+00:00,2025-02-04 13:55:24+00:00,20.985960648148147,
prometheus/prometheus,2025-01-14 14:33:32+00:00,2025-02-04 13:55:24+00:00,20.973518518518517,
prometheus/prometheus,2025-01-14 15:21:55+00:00,2025-02-04 13:55:24+00:00,20.939918981481483,
prometheus/prometheus,2025-01-14 18:22:22+00:00,2025-02-04 13:55:24+00:00,20.81460648148148,
prometheus/prometheus,2025-01-15 07:24:12+00:00,2025-02-04 13:55:24+00:00,20.27166666666667,
prometheus/prometheus,2025-01-15 07:45:05+00:00,2025-02-04 13:55:24+00:00,20.257164351851852,
prometheus/prometheus,2025-01-15 10:49:37+00:00,2025-02-04 13:55:24+00:00,20.129016203703703,
prometheus/prometheus,2025-01-16 08:14:48+00:00,2025-02-04 13:55:24+00:00,19.236527777777777,
prometheus/prometheus,2025-01-16 14:06:40+00:00,2025-02-04 13:55:24+00:00,18.992175925925928,
prometheus/prometheus,2025-01-16 14:25:46+00:00,2025-02-04 13:55:24+00:00,18.978912037037038,
prometheus/prometheus,2025-01-17 09:27:08+00:00,2025-02-04 13:55:24+00:00,18.186296296296295,
prometheus/prometheus,2025-01-17 09:28:21+00:00,2025-02-04 13:55:24+00:00,18.18545138888889,
prometheus/prometheus,2025-01-17 14:37:07+00:00,2025-02-04 13:55:24+00:00,17.971030092592592,
prometheus/prometheus,2025-01-17 16:17:11+00:00,2025-02-04 13:55:24+00:00,17.901539351851852,
prometheus/prometheus,2025-01-17 16:25:24+00:00,2025-02-04 13:55:24+00:00,17.895833333333332,
prometheus/prometheus,2025-01-17 16:29:16+00:00,2025-02-04 13:55:24+00:00,17.89314814814815,
prometheus/prometheus,2025-01-17 16:34:27+00:00,2025-02-04 13:55:24+00:00,17.88954861111111,
prometheus/prometheus,2025-01-17 16:51:12+00:00,2025-02-04 13:55:24+00:00,17.877916666666668,
prometheus/prometheus,2025-01-17 16:57:29+00:00,2025-02-04 13:55:24+00:00,17.87355324074074,
prometheus/prometheus,2025-01-17 16:59:06+00:00,2025-02-04 13:55:24+00:00,17.872430555555557,
prometheus/prometheus,2025-01-17 17:00:31+00:00,2025-02-04 13:55:24+00:00,17.87144675925926,
prometheus/prometheus,2025-01-17 17:24:27+00:00,2025-02-04 13:55:24+00:00,17.85482638888889,
prometheus/prometheus,2025-01-17 18:16:30+00:00,2025-02-04 13:55:24+00:00,17.818680555555556,
prometheus/prometheus,2025-01-17 18:57:39+00:00,2025-02-04 13:55:24+00:00,17.790104166666666,
prometheus/prometheus,2025-01-17 20:26:08+00:00,2025-02-04 13:55:24+00:00,17.728657407407407,
prometheus/prometheus,2025-01-18 12:21:51+00:00,2025-02-04 13:55:24+00:00,17.064965277777777,
prometheus/prometheus,2025-01-20 14:26:13+00:00,2025-02-04 13:55:24+00:00,14.978599537037036,
prometheus/prometheus,2025-01-20 20:26:58+00:00,2025-02-04 13:55:24+00:00,14.728078703703703,
prometheus/prometheus,2025-01-21 10:40:15+00:00,2025-02-04 13:55:24+00:00,14.135520833333333,
prometheus/prometheus,2025-01-22 13:35:43+00:00,2025-02-04 13:55:24+00:00,13.013668981481482,
prometheus/prometheus,2025-01-23 12:04:19+00:00,2025-02-04 13:55:24+00:00,12.077141203703704,
prometheus/prometheus,2025-01-23 14:03:01+00:00,2025-02-04 13:55:24+00:00,11.994710648148148,
prometheus/prometheus,2025-01-24 23:33:38+00:00,2025-02-04 13:55:24+00:00,10.598449074074074,
prometheus/prometheus,2025-01-27 10:00:56+00:00,2025-02-04 13:55:24+00:00,8.162824074074074,
prometheus/prometheus,2025-01-27 15:52:03+00:00,2025-02-04 13:55:24+00:00,7.918993055555555,
prometheus/prometheus,2025-01-27 19:17:46+00:00,2025-02-04 13:55:24+00:00,7.776134259259259,
prometheus/prometheus,2025-01-28 10:35:04+00:00,2025-02-04 13:55:24+00:00,7.13912037037037,
prometheus/prometheus,2025-01-28 11:11:59+00:00,2025-02-04 13:55:24+00:00,7.113483796296296,
prometheus/prometheus,2025-01-28 12:10:48+00:00,2025-02-04 13:55:24+00:00,7.072638888888889,
prometheus/prometheus,2025-01-28 13:10:06+00:00,2025-02-04 13:55:24+00:00,7.031458333333333,
prometheus/prometheus,2025-01-28 13:33:24+00:00,2025-02-04 13:55:24+00:00,7.0152777777777775,
prometheus/prometheus,2025-01-28 13:58:56+00:00,2025-02-04 13:55:24+00:00,6.997546296296297,
prometheus/prometheus,2025-01-28 14:00:30+00:00,2025-02-04 13:55:24+00:00,6.996458333333333,
prometheus/prometheus,2025-01-28 14:11:02+00:00,2025-02-04 13:55:24+00:00,6.989143518518518,
prometheus/prometheus,2025-01-28 14:12:02+00:00,2025-02-04 13:55:24+00:00,6.988449074074074,
prometheus/prometheus,2025-01-28 14:12:50+00:00,2025-02-04 13:55:24+00:00,6.9878935185185185,
prometheus/prometheus,2025-01-28 14:52:09+00:00,2025-02-04 13:55:24+00:00,6.9605902777777775,
prometheus/prometheus,2025-01-28 15:19:10+00:00,2025-02-04 13:55:24+00:00,6.941828703703703,
prometheus/prometheus,2025-01-28 15:59:38+00:00,2025-02-04 13:55:24+00:00,6.913726851851852,
prometheus/prometheus,2025-01-28 16:08:06+00:00,2025-02-04 13:55:24+00:00,6.907847222222222,
prometheus/prometheus,2025-01-28 16:32:19+00:00,2025-02-04 13:55:24+00:00,6.891030092592593,
prometheus/prometheus,2025-01-28 16:32:46+00:00,2025-02-04 13:55:24+00:00,6.890717592592592,
prometheus/prometheus,2025-01-28 16:33:10+00:00,2025-02-04 13:55:24+00:00,6.8904398148148145,
prometheus/prometheus,2025-01-28 16:33:38+00:00,2025-02-04 13:55:24+00:00,6.8901157407407405,
prometheus/prometheus,2025-01-28 16:34:27+00:00,2025-02-04 13:55:24+00:00,6.8895486111111115,
prometheus/prometheus,2025-01-28 16:35:02+00:00,2025-02-04 13:55:24+00:00,6.889143518518519,
prometheus/prometheus,2025-01-28 17:54:41+00:00,2025-02-04 13:55:24+00:00,6.833831018518518,
prometheus/prometheus,2025-01-28 17:55:14+00:00,2025-02-04 13:55:24+00:00,6.833449074074074,
prometheus/prometheus,2025-01-28 17:55:39+00:00,2025-02-04 13:55:24+00:00,6.833159722222222,
prometheus/prometheus,2025-01-28 19:11:23+00:00,2025-02-04 13:55:24+00:00,6.780567129629629,
prometheus/prometheus,2025-01-29 09:11:06+00:00,2025-02-04 13:55:24+00:00,6.197430555555556,
prometheus/prometheus,2025-01-29 17:43:38+00:00,2025-02-04 13:55:24+00:00,5.84150462962963,
prometheus/prometheus,2025-01-31 14:32:20+00:00,2025-02-04 13:55:24+00:00,3.9743518518518517,
prometheus/prometheus,2025-01-31 22:11:04+00:00,2025-02-04 13:55:24+00:00,3.655787037037037,
prometheus/prometheus,2025-02-01 21:57:30+00:00,2025-02-04 13:55:24+00:00,2.665208333333333,
prometheus/prometheus,2025-02-03 14:46:39+00:00,2025-02-04 13:55:24+00:00,0.9644097222222222,
prometheus/prometheus,2025-02-04 07:21:32+00:00,2025-02-04 13:55:24+00:00,0.2735185185185185,
prometheus/prometheus,2025-02-04 09:29:22+00:00,2025-02-04 13:55:24+00:00,0.18474537037037037,
prometheus/prometheus,2025-02-04 11:34:59+00:00,2025-02-04 13:55:24+00:00,0.09751157407407407,
prometheus/prometheus,2025-02-04 12:18:08+00:00,2025-02-04 13:55:24+00:00,0.0675462962962963,
prometheus/prometheus,2025-02-05 15:26:14+00:00,2025-02-17 19:24:54+00:00,12.165740740740741,
prometheus/prometheus,2025-02-05 15:40:24+00:00,2025-02-17 19:24:54+00:00,12.155902777777778,
prometheus/prometheus,2025-02-05 19:49:36+00:00,2025-02-17 19:24:54+00:00,11.982847222222222,
prometheus/prometheus,2025-02-05 21:10:46+00:00,2025-02-17 19:24:54+00:00,11.926481481481481,
prometheus/prometheus,2025-02-06 15:02:04+00:00,2025-02-17 19:24:54+00:00,11.182523148148148,
prometheus/prometheus,2025-02-07 15:46:55+00:00,2025-02-17 19:24:54+00:00,10.151377314814814,
prometheus/prometheus,2025-02-07 18:11:47+00:00,2025-02-17 19:24:54+00:00,10.050775462962964,
prometheus/prometheus,2025-02-07 18:12:04+00:00,2025-02-17 19:24:54+00:00,10.050578703703703,
prometheus/prometheus,2025-02-07 18:12:24+00:00,2025-02-17 19:24:54+00:00,10.050347222222221,
prometheus/prometheus,2025-02-07 18:12:51+00:00,2025-02-17 19:24:54+00:00,10.050034722222222,
prometheus/prometheus,2025-02-07 18:13:23+00:00,2025-02-17 19:24:54+00:00,10.049664351851852,
prometheus/prometheus,2025-02-07 18:14:06+00:00,2025-02-17 19:24:54+00:00,10.049166666666666,
prometheus/prometheus,2025-02-07 18:14:11+00:00,2025-02-17 19:24:54+00:00,10.049108796296297,
prometheus/prometheus,2025-02-07 18:15:52+00:00,2025-02-17 19:24:54+00:00,10.047939814814814,
prometheus/prometheus,2025-02-07 18:16:24+00:00,2025-02-17 19:24:54+00:00,10.047569444444445,
prometheus/prometheus,2025-02-07 18:16:49+00:00,2025-02-17 19:24:54+00:00,10.047280092592592,
prometheus/prometheus,2025-02-07 18:16:54+00:00,2025-02-17 19:24:54+00:00,10.047222222222222,
prometheus/prometheus,2025-02-07 18:17:30+00:00,2025-02-17 19:24:54+00:00,10.046805555555556,
prometheus/prometheus,2025-02-07 18:17:38+00:00,2025-02-17 19:24:54+00:00,10.046712962962962,
prometheus/prometheus,2025-02-07 19:10:17+00:00,2025-02-17 19:24:54+00:00,10.010150462962963,
prometheus/prometheus,2025-02-07 20:40:03+00:00,2025-02-17 19:24:54+00:00,9.9478125,
prometheus/prometheus,2025-02-07 23:24:29+00:00,2025-02-17 19:24:54+00:00,9.833622685185185,
prometheus/prometheus,2025-02-10 11:29:27+00:00,2025-02-17 19:24:54+00:00,7.330173611111111,
prometheus/prometheus,2025-02-10 12:19:56+00:00,2025-02-17 19:24:54+00:00,7.295115740740741,
prometheus/prometheus,2025-02-10 12:26:19+00:00,2025-02-17 19:24:54+00:00,7.290682870370371,
prometheus/prometheus,2025-02-11 13:14:55+00:00,2025-02-17 19:24:54+00:00,6.25693287037037,
prometheus/prometheus,2025-02-11 16:21:29+00:00,2025-02-17 19:24:54+00:00,6.127372685185185,
prometheus/prometheus,2025-02-11 18:09:21+00:00,2025-02-17 19:24:54+00:00,6.052465277777777,
prometheus/prometheus,2025-02-11 19:31:34+00:00,2025-02-17 19:24:54+00:00,5.99537037037037,
prometheus/prometheus,2025-02-11 19:41:20+00:00,2025-02-17 19:24:54+00:00,5.988587962962963,
prometheus/prometheus,2025-02-12 14:56:00+00:00,2025-02-17 19:24:54+00:00,5.186736111111111,
prometheus/prometheus,2025-02-12 15:08:45+00:00,2025-02-17 19:24:54+00:00,5.177881944444445,
prometheus/prometheus,2025-02-12 15:47:57+00:00,2025-02-17 19:24:54+00:00,5.150659722222223,
prometheus/prometheus,2025-02-12 16:51:40+00:00,2025-02-17 19:24:54+00:00,5.106412037037037,
prometheus/prometheus,2025-02-12 17:14:06+00:00,2025-02-17 19:24:54+00:00,5.090833333333333,
prometheus/prometheus,2025-02-13 02:03:31+00:00,2025-02-17 19:24:54+00:00,4.72318287037037,
prometheus/prometheus,2025-02-13 09:48:34+00:00,2025-02-17 19:24:54+00:00,4.400231481481481,
prometheus/prometheus,2025-02-13 10:38:35+00:00,2025-02-17 19:24:54+00:00,4.365497685185185,
prometheus/prometheus,2025-02-13 12:16:34+00:00,2025-02-17 19:24:54+00:00,4.297453703703703,
prometheus/prometheus,2025-02-13 12:53:51+00:00,2025-02-17 19:24:54+00:00,4.2715625,
prometheus/prometheus,2025-02-13 13:25:51+00:00,2025-02-17 19:24:54+00:00,4.249340277777778,
prometheus/prometheus,2025-02-17 11:19:16+00:00,2025-02-17 19:24:54+00:00,0.3372453703703704,
prometheus/prometheus,2025-02-17 11:48:17+00:00,2025-02-17 19:24:54+00:00,0.3170949074074074,
prometheus/prometheus,2025-02-17 18:05:29+00:00,2025-02-17 19:24:54+00:00,0.055150462962962964,
prometheus/prometheus,2025-02-20 11:48:25+00:00,2025-02-26 09:55:45+00:00,5.921759259259259,
prometheus/prometheus,2025-02-20 15:52:12+00:00,2025-02-26 09:55:45+00:00,5.752465277777778,
prometheus/prometheus,2025-02-20 21:49:30+00:00,2025-02-26 09:55:45+00:00,5.504340277777778,
prometheus/prometheus,2025-02-20 22:14:33+00:00,2025-02-26 09:55:45+00:00,5.486944444444444,
prometheus/prometheus,2025-02-20 23:37:04+00:00,2025-02-26 09:55:45+00:00,5.429641203703704,
prometheus/prometheus,2025-02-21 12:56:04+00:00,2025-02-26 09:55:45+00:00,4.874780092592593,
prometheus/prometheus,2025-02-22 21:47:41+00:00,2025-02-26 09:55:45+00:00,3.5056018518518517,
prometheus/prometheus,2025-02-24 12:25:57+00:00,2025-02-26 09:55:45+00:00,1.8956944444444443,
prometheus/prometheus,2025-02-26 09:10:59+00:00,2025-02-26 09:55:45+00:00,0.031087962962962963,
prometheus/prometheus,2025-02-26 15:05:06+00:00,2025-03-18 15:50:39+00:00,20.031631944444445,
prometheus/prometheus,2025-02-26 17:20:42+00:00,2025-03-18 15:50:39+00:00,19.93746527777778,
prometheus/prometheus,2025-02-27 10:13:35+00:00,2025-03-18 15:50:39+00:00,19.234074074074073,
prometheus/prometheus,2025-02-27 10:25:52+00:00,2025-03-18 15:50:39+00:00,19.225543981481483,
prometheus/prometheus,2025-02-27 14:08:31+00:00,2025-03-18 15:50:39+00:00,19.070925925925927,
prometheus/prometheus,2025-02-27 20:52:41+00:00,2025-03-18 15:50:39+00:00,18.79025462962963,
prometheus/prometheus,2025-02-28 00:24:26+00:00,2025-03-18 15:50:39+00:00,18.64320601851852,
prometheus/prometheus,2025-02-28 08:54:55+00:00,2025-03-18 15:50:39+00:00,18.288703703703703,
prometheus/prometheus,2025-03-03 09:03:45+00:00,2025-03-18 15:50:39+00:00,15.282569444444444,
prometheus/prometheus,2025-03-03 19:52:46+00:00,2025-03-18 15:50:39+00:00,14.831863425925926,
prometheus/prometheus,2025-03-05 09:17:15+00:00,2025-03-18 15:50:39+00:00,13.273194444444444,
prometheus/prometheus,2025-03-05 09:18:10+00:00,2025-03-18 15:50:39+00:00,13.27255787037037,
prometheus/prometheus,2025-03-05 09:22:55+00:00,2025-03-18 15:50:39+00:00,13.26925925925926,
prometheus/prometheus,2025-03-05 11:16:42+00:00,2025-03-18 15:50:39+00:00,13.190243055555555,
prometheus/prometheus,2025-03-05 13:10:46+00:00,2025-03-18 15:50:39+00:00,13.111030092592593,
prometheus/prometheus,2025-03-05 15:03:26+00:00,2025-03-18 15:50:39+00:00,13.032789351851852,
prometheus/prometheus,2025-03-05 18:45:08+00:00,2025-03-18 15:50:39+00:00,12.878831018518518,
prometheus/prometheus,2025-03-07 07:05:26+00:00,2025-03-18 15:50:39+00:00,11.364733796296296,
prometheus/prometheus,2025-03-07 07:05:43+00:00,2025-03-18 15:50:39+00:00,11.364537037037037,
prometheus/prometheus,2025-03-07 07:06:00+00:00,2025-03-18 15:50:39+00:00,11.364340277777778,
prometheus/prometheus,2025-03-07 07:06:26+00:00,2025-03-18 15:50:39+00:00,11.364039351851853,
prometheus/prometheus,2025-03-07 07:15:56+00:00,2025-03-18 15:50:39+00:00,11.35744212962963,
prometheus/prometheus,2025-03-07 07:16:22+00:00,2025-03-18 15:50:39+00:00,11.357141203703703,
prometheus/prometheus,2025-03-07 07:17:24+00:00,2025-03-18 15:50:39+00:00,11.356423611111111,
prometheus/prometheus,2025-03-07 07:18:22+00:00,2025-03-18 15:50:39+00:00,11.355752314814815,
prometheus/prometheus,2025-03-07 08:03:28+00:00,2025-03-18 15:50:39+00:00,11.324432870370371,
prometheus/prometheus,2025-03-07 08:07:52+00:00,2025-03-18 15:50:39+00:00,11.321377314814814,
prometheus/prometheus,2025-03-07 08:11:21+00:00,2025-03-18 15:50:39+00:00,11.318958333333333,
prometheus/prometheus,2025-03-07 08:15:31+00:00,2025-03-18 15:50:39+00:00,11.316064814814816,
prometheus/prometheus,2025-03-07 10:28:29+00:00,2025-03-18 15:50:39+00:00,11.223726851851852,
prometheus/prometheus,2025-03-07 10:33:04+00:00,2025-03-18 15:50:39+00:00,11.220543981481482,
prometheus/prometheus,2025-03-07 11:30:33+00:00,2025-03-18 15:50:39+00:00,11.180625,
prometheus/prometheus,2025-03-07 12:01:49+00:00,2025-03-18 15:50:39+00:00,11.158912037037037,
prometheus/prometheus,2025-03-07 12:05:58+00:00,2025-03-18 15:50:39+00:00,11.156030092592593,
prometheus/prometheus,2025-03-07 12:28:37+00:00,2025-03-18 15:50:39+00:00,11.140300925925926,
prometheus/prometheus,2025-03-07 12:34:22+00:00,2025-03-18 15:50:39+00:00,11.13630787037037,
prometheus/prometheus,2025-03-07 12:36:06+00:00,2025-03-18 15:50:39+00:00,11.135104166666666,
prometheus/prometheus,2025-03-07 12:36:43+00:00,2025-03-18 15:50:39+00:00,11.134675925925926,
prometheus/prometheus,2025-03-07 12:36:53+00:00,2025-03-18 15:50:39+00:00,11.134560185185185,
prometheus/prometheus,2025-03-07 12:38:20+00:00,2025-03-18 15:50:39+00:00,11.13355324074074,
prometheus/prometheus,2025-03-07 12:43:13+00:00,2025-03-18 15:50:39+00:00,11.130162037037037,
prometheus/prometheus,2025-03-07 12:43:57+00:00,2025-03-18 15:50:39+00:00,11.129652777777778,
prometheus/prometheus,2025-03-07 13:14:39+00:00,2025-03-18 15:50:39+00:00,11.108333333333333,
prometheus/prometheus,2025-03-07 13:34:04+00:00,2025-03-18 15:50:39+00:00,11.094849537037037,
prometheus/prometheus,2025-03-07 14:04:20+00:00,2025-03-18 15:50:39+00:00,11.073831018518518,
prometheus/prometheus,2025-03-07 14:05:03+00:00,2025-03-18 15:50:39+00:00,11.073333333333334,
prometheus/prometheus,2025-03-07 14:30:07+00:00,2025-03-18 15:50:39+00:00,11.055925925925926,
prometheus/prometheus,2025-03-07 14:40:29+00:00,2025-03-18 15:50:39+00:00,11.048726851851852,
prometheus/prometheus,2025-03-07 14:44:50+00:00,2025-03-18 15:50:39+00:00,11.04570601851852,
prometheus/prometheus,2025-03-07 14:45:12+00:00,2025-03-18 15:50:39+00:00,11.045451388888889,
prometheus/prometheus,2025-03-07 14:45:25+00:00,2025-03-18 15:50:39+00:00,11.045300925925925,
prometheus/prometheus,2025-03-07 14:45:36+00:00,2025-03-18 15:50:39+00:00,11.04517361111111,
prometheus/prometheus,2025-03-07 14:46:32+00:00,2025-03-18 15:50:39+00:00,11.044525462962962,
prometheus/prometheus,2025-03-07 14:46:37+00:00,2025-03-18 15:50:39+00:00,11.044467592592593,
prometheus/prometheus,2025-03-07 14:47:05+00:00,2025-03-18 15:50:39+00:00,11.044143518518519,
prometheus/prometheus,2025-03-07 14:47:28+00:00,2025-03-18 15:50:39+00:00,11.043877314814814,
prometheus/prometheus,2025-03-07 14:48:27+00:00,2025-03-18 15:50:39+00:00,11.043194444444444,
prometheus/prometheus,2025-03-07 14:48:56+00:00,2025-03-18 15:50:39+00:00,11.042858796296295,
prometheus/prometheus,2025-03-07 14:49:07+00:00,2025-03-18 15:50:39+00:00,11.042731481481482,
prometheus/prometheus,2025-03-07 14:49:23+00:00,2025-03-18 15:50:39+00:00,11.042546296296296,
prometheus/prometheus,2025-03-07 14:49:49+00:00,2025-03-18 15:50:39+00:00,11.04224537037037,
prometheus/prometheus,2025-03-07 14:51:25+00:00,2025-03-18 15:50:39+00:00,11.041134259259259,
prometheus/prometheus,2025-03-07 15:30:44+00:00,2025-03-18 15:50:39+00:00,11.013831018518518,
prometheus/prometheus,2025-03-07 15:49:18+00:00,2025-03-18 15:50:39+00:00,11.0009375,
prometheus/prometheus,2025-03-07 15:49:37+00:00,2025-03-18 15:50:39+00:00,11.000717592592592,
prometheus/prometheus,2025-03-07 15:49:50+00:00,2025-03-18 15:50:39+00:00,11.00056712962963,
prometheus/prometheus,2025-03-07 15:50:00+00:00,2025-03-18 15:50:39+00:00,11.000451388888889,
prometheus/prometheus,2025-03-07 16:30:57+00:00,2025-03-18 15:50:39+00:00,10.972013888888888,
prometheus/prometheus,2025-03-07 17:05:32+00:00,2025-03-18 15:50:39+00:00,10.947997685185186,
prometheus/prometheus,2025-03-08 18:45:37+00:00,2025-03-18 15:50:39+00:00,9.87849537037037,
prometheus/prometheus,2025-03-10 10:36:26+00:00,2025-03-18 15:50:39+00:00,8.218206018518519,
prometheus/prometheus,2025-03-10 14:25:22+00:00,2025-03-18 15:50:39+00:00,8.059224537037037,
prometheus/prometheus,2025-03-11 08:41:30+00:00,2025-03-18 15:50:39+00:00,7.298020833333333,
prometheus/prometheus,2025-03-11 10:49:52+00:00,2025-03-18 15:50:39+00:00,7.208877314814814,
prometheus/prometheus,2025-03-12 11:22:34+00:00,2025-03-18 15:50:39+00:00,6.186168981481481,
prometheus/prometheus,2025-03-12 14:25:50+00:00,2025-03-18 15:50:39+00:00,6.058900462962963,
prometheus/prometheus,2025-03-12 15:10:54+00:00,2025-03-18 15:50:39+00:00,6.027604166666666,
prometheus/prometheus,2025-03-13 14:06:17+00:00,2025-03-18 15:50:39+00:00,5.072476851851852,
prometheus/prometheus,2025-03-13 18:21:09+00:00,2025-03-18 15:50:39+00:00,4.895486111111111,
prometheus/prometheus,2025-03-13 19:42:43+00:00,2025-03-18 15:50:39+00:00,4.838842592592592,
prometheus/prometheus,2025-03-14 17:33:13+00:00,2025-03-18 15:50:39+00:00,3.928773148148148,
prometheus/prometheus,2025-03-17 14:57:56+00:00,2025-03-18 15:50:39+00:00,1.0366087962962962,
prometheus/prometheus,2025-03-17 20:12:47+00:00,2025-03-18 15:50:39+00:00,0.817962962962963,
prometheus/prometheus,2025-03-18 07:42:29+00:00,2025-03-18 15:50:39+00:00,0.33900462962962963,
prometheus/prometheus,2025-03-18 10:59:03+00:00,2025-03-18 15:50:39+00:00,0.2025,
prometheus/prometheus,2025-03-18 11:43:44+00:00,2025-03-18 15:50:39+00:00,0.17146990740740742,
prometheus/prometheus,2025-03-18 13:15:27+00:00,2025-03-18 15:50:39+00:00,0.10777777777777778,
prometheus/prometheus,2025-03-18 14:26:06+00:00,2025-03-18 15:50:39+00:00,0.058715277777777776,
prometheus/prometheus,2025-03-18 15:34:44+00:00,2025-03-18 15:50:39+00:00,0.01105324074074074,
prometheus/prometheus,2025-03-18 16:40:27+00:00,2025-03-26 14:11:50+00:00,7.896793981481482,
prometheus/prometheus,2025-03-18 17:49:27+00:00,2025-03-26 14:11:50+00:00,7.848877314814815,
prometheus/prometheus,2025-03-18 17:52:50+00:00,2025-03-26 14:11:50+00:00,7.846527777777778,
prometheus/prometheus,2025-03-18 18:23:56+00:00,2025-03-26 14:11:50+00:00,7.8249305555555555,
prometheus/prometheus,2025-03-19 07:58:08+00:00,2025-03-26 14:11:50+00:00,7.259513888888889,
prometheus/prometheus,2025-03-19 15:27:25+00:00,2025-03-26 14:11:50+00:00,6.947511574074074,
prometheus/prometheus,2025-03-19 15:28:34+00:00,2025-03-26 14:11:50+00:00,6.946712962962963,
prometheus/prometheus,2025-03-19 20:15:51+00:00,2025-03-26 14:11:50+00:00,6.747210648148148,
prometheus/prometheus,2025-03-19 21:19:09+00:00,2025-03-26 14:11:50+00:00,6.703252314814815,
prometheus/prometheus,2025-03-20 14:09:01+00:00,2025-03-26 14:11:50+00:00,6.001956018518518,
prometheus/prometheus,2025-03-20 15:13:26+00:00,2025-03-26 14:11:50+00:00,5.957222222222223,
prometheus/prometheus,2025-03-20 16:18:52+00:00,2025-03-26 14:11:50+00:00,5.911782407407407,
prometheus/prometheus,2025-03-20 17:43:22+00:00,2025-03-26 14:11:50+00:00,5.853101851851852,
prometheus/prometheus,2025-03-20 22:58:32+00:00,2025-03-26 14:11:50+00:00,5.634236111111111,
prometheus/prometheus,2025-03-22 12:55:31+00:00,2025-03-26 14:11:50+00:00,4.052997685185185,
prometheus/prometheus,2025-03-22 13:03:17+00:00,2025-03-26 14:11:50+00:00,4.047604166666667,
prometheus/prometheus,2025-03-22 15:43:23+00:00,2025-03-26 14:11:50+00:00,3.936423611111111,
prometheus/prometheus,2025-03-22 15:43:31+00:00,2025-03-26 14:11:50+00:00,3.9363310185185183,
prometheus/prometheus,2025-03-22 15:43:38+00:00,2025-03-26 14:11:50+00:00,3.93625,
prometheus/prometheus,2025-03-22 15:44:03+00:00,2025-03-26 14:11:50+00:00,3.935960648148148,
prometheus/prometheus,2025-03-22 15:44:25+00:00,2025-03-26 14:11:50+00:00,3.9357060185185184,
prometheus/prometheus,2025-03-22 15:44:45+00:00,2025-03-26 14:11:50+00:00,3.935474537037037,
prometheus/prometheus,2025-03-22 15:45:21+00:00,2025-03-26 14:11:50+00:00,3.9350578703703705,
prometheus/prometheus,2025-03-22 15:45:36+00:00,2025-03-26 14:11:50+00:00,3.934884259259259,
prometheus/prometheus,2025-03-22 15:46:14+00:00,2025-03-26 14:11:50+00:00,3.9344444444444444,
prometheus/prometheus,2025-03-22 15:50:21+00:00,2025-03-26 14:11:50+00:00,3.931585648148148,
prometheus/prometheus,2025-03-22 16:26:42+00:00,2025-03-26 14:11:50+00:00,3.9063425925925928,
prometheus/prometheus,2025-03-22 16:30:25+00:00,2025-03-26 14:11:50+00:00,3.903761574074074,
prometheus/prometheus,2025-03-22 16:45:04+00:00,2025-03-26 14:11:50+00:00,3.893587962962963,
prometheus/prometheus,2025-03-22 16:47:40+00:00,2025-03-26 14:11:50+00:00,3.8917824074074074,
prometheus/prometheus,2025-03-22 16:50:04+00:00,2025-03-26 14:11:50+00:00,3.890115740740741,
prometheus/prometheus,2025-03-22 16:50:18+00:00,2025-03-26 14:11:50+00:00,3.8899537037037035,
prometheus/prometheus,2025-03-22 16:50:29+00:00,2025-03-26 14:11:50+00:00,3.889826388888889,
prometheus/prometheus,2025-03-22 16:52:43+00:00,2025-03-26 14:11:50+00:00,3.888275462962963,
prometheus/prometheus,2025-03-22 17:39:25+00:00,2025-03-26 14:11:50+00:00,3.8558449074074073,
prometheus/prometheus,2025-03-22 17:40:03+00:00,2025-03-26 14:11:50+00:00,3.8554050925925925,
prometheus/prometheus,2025-03-22 17:40:11+00:00,2025-03-26 14:11:50+00:00,3.8553125,
prometheus/prometheus,2025-03-22 17:56:43+00:00,2025-03-26 14:11:50+00:00,3.8438310185185185,
prometheus/prometheus,2025-03-23 10:16:21+00:00,2025-03-26 14:11:50+00:00,3.1635300925925924,
prometheus/prometheus,2025-03-23 10:16:31+00:00,2025-03-26 14:11:50+00:00,3.163414351851852,
prometheus/prometheus,2025-03-23 10:17:37+00:00,2025-03-26 14:11:50+00:00,3.162650462962963,
prometheus/prometheus,2025-03-23 10:17:48+00:00,2025-03-26 14:11:50+00:00,3.162523148148148,
prometheus/prometheus,2025-03-23 10:18:11+00:00,2025-03-26 14:11:50+00:00,3.1622569444444446,
prometheus/prometheus,2025-03-23 10:18:31+00:00,2025-03-26 14:11:50+00:00,3.162025462962963,
prometheus/prometheus,2025-03-23 10:18:48+00:00,2025-03-26 14:11:50+00:00,3.1618287037037036,
prometheus/prometheus,2025-03-23 10:20:33+00:00,2025-03-26 14:11:50+00:00,3.1606134259259258,
prometheus/prometheus,2025-03-23 10:20:48+00:00,2025-03-26 14:11:50+00:00,3.160439814814815,
prometheus/prometheus,2025-03-23 10:20:55+00:00,2025-03-26 14:11:50+00:00,3.1603587962962965,
prometheus/prometheus,2025-03-23 10:21:03+00:00,2025-03-26 14:11:50+00:00,3.1602662037037037,
prometheus/prometheus,2025-03-23 10:21:09+00:00,2025-03-26 14:11:50+00:00,3.1601967592592595,
prometheus/prometheus,2025-03-23 10:21:16+00:00,2025-03-26 14:11:50+00:00,3.1601157407407405,
prometheus/prometheus,2025-03-23 10:22:14+00:00,2025-03-26 14:11:50+00:00,3.1594444444444445,
prometheus/prometheus,2025-03-23 10:22:29+00:00,2025-03-26 14:11:50+00:00,3.1592708333333333,
prometheus/prometheus,2025-03-23 10:39:30+00:00,2025-03-26 14:11:50+00:00,3.147453703703704,
prometheus/prometheus,2025-03-23 10:58:24+00:00,2025-03-26 14:11:50+00:00,3.1343287037037038,
prometheus/prometheus,2025-03-23 10:58:45+00:00,2025-03-26 14:11:50+00:00,3.1340856481481483,
prometheus/prometheus,2025-03-23 10:58:58+00:00,2025-03-26 14:11:50+00:00,3.133935185185185,
prometheus/prometheus,2025-03-23 11:17:34+00:00,2025-03-26 14:11:50+00:00,3.1210185185185186,
prometheus/prometheus,2025-03-23 11:30:22+00:00,2025-03-26 14:11:50+00:00,3.1121296296296297,
prometheus/prometheus,2025-03-23 11:30:40+00:00,2025-03-26 14:11:50+00:00,3.111921296296296,
prometheus/prometheus,2025-03-23 11:36:48+00:00,2025-03-26 14:11:50+00:00,3.107662037037037,
prometheus/prometheus,2025-03-23 11:41:48+00:00,2025-03-26 14:11:50+00:00,3.1041898148148146,
prometheus/prometheus,2025-03-23 11:49:06+00:00,2025-03-26 14:11:50+00:00,3.0991203703703705,
prometheus/prometheus,2025-03-23 11:49:51+00:00,2025-03-26 14:11:50+00:00,3.098599537037037,
prometheus/prometheus,2025-03-23 12:07:35+00:00,2025-03-26 14:11:50+00:00,3.086284722222222,
prometheus/prometheus,2025-03-23 12:07:40+00:00,2025-03-26 14:11:50+00:00,3.0862268518518516,
prometheus/prometheus,2025-03-23 12:12:04+00:00,2025-03-26 14:11:50+00:00,3.0831712962962965,
prometheus/prometheus,2025-03-24 09:55:01+00:00,2025-03-26 14:11:50+00:00,2.1783449074074075,
prometheus/prometheus,2025-03-24 14:22:19+00:00,2025-03-26 14:11:50+00:00,1.9927199074074073,
prometheus/prometheus,2025-03-25 12:47:22+00:00,2025-03-26 14:11:50+00:00,1.0586574074074073,
prometheus/prometheus,2025-03-25 14:22:36+00:00,2025-03-26 14:11:50+00:00,0.9925231481481481,
prometheus/prometheus,2025-03-25 14:40:06+00:00,2025-03-26 14:11:50+00:00,0.9803703703703703,
prometheus/prometheus,2025-03-26 10:19:47+00:00,2025-03-26 14:11:50+00:00,0.16114583333333332,
prometheus/prometheus,2025-03-26 11:29:36+00:00,2025-03-26 14:11:50+00:00,0.11266203703703703,
prometheus/prometheus,2025-03-26 12:44:25+00:00,2025-03-26 14:11:50+00:00,0.06070601851851852,
prometheus/prometheus,2025-03-26 22:27:28+00:00,2025-04-08 07:50:49+00:00,12.391215277777778,
prometheus/prometheus,2025-03-27 11:17:35+00:00,2025-04-08 07:50:49+00:00,11.856412037037037,
prometheus/prometheus,2025-03-27 11:21:00+00:00,2025-04-08 07:50:49+00:00,11.854039351851851,
prometheus/prometheus,2025-03-27 20:04:30+00:00,2025-04-08 07:50:49+00:00,11.490497685185185,
prometheus/prometheus,2025-03-27 20:49:11+00:00,2025-04-08 07:50:49+00:00,11.459467592592592,
prometheus/prometheus,2025-03-27 20:49:23+00:00,2025-04-08 07:50:49+00:00,11.459328703703704,
prometheus/prometheus,2025-03-27 20:49:29+00:00,2025-04-08 07:50:49+00:00,11.459259259259259,
prometheus/prometheus,2025-03-27 21:06:20+00:00,2025-04-08 07:50:49+00:00,11.447557870370371,
prometheus/prometheus,2025-03-27 21:27:20+00:00,2025-04-08 07:50:49+00:00,11.432974537037037,
prometheus/prometheus,2025-03-28 16:49:05+00:00,2025-04-08 07:50:49+00:00,10.626203703703704,
prometheus/prometheus,2025-03-28 16:55:38+00:00,2025-04-08 07:50:49+00:00,10.621655092592592,
prometheus/prometheus,2025-03-28 17:51:05+00:00,2025-04-08 07:50:49+00:00,10.583148148148148,
prometheus/prometheus,2025-03-28 18:15:59+00:00,2025-04-08 07:50:49+00:00,10.56585648148148,
prometheus/prometheus,2025-03-29 11:18:46+00:00,2025-04-08 07:50:49+00:00,9.855590277777777,
prometheus/prometheus,2025-03-29 11:43:04+00:00,2025-04-08 07:50:49+00:00,9.838715277777778,
prometheus/prometheus,2025-03-29 11:46:47+00:00,2025-04-08 07:50:49+00:00,9.836134259259259,
prometheus/prometheus,2025-03-29 14:16:58+00:00,2025-04-08 07:50:49+00:00,9.731840277777778,
prometheus/prometheus,2025-03-31 04:05:14+00:00,2025-04-08 07:50:49+00:00,8.156655092592592,
prometheus/prometheus,2025-03-31 17:19:03+00:00,2025-04-08 07:50:49+00:00,7.605393518518518,
prometheus/prometheus,2025-03-31 17:19:46+00:00,2025-04-08 07:50:49+00:00,7.604895833333333,
prometheus/prometheus,2025-03-31 17:20:29+00:00,2025-04-08 07:50:49+00:00,7.604398148148148,
prometheus/prometheus,2025-04-01 08:35:03+00:00,2025-04-08 07:50:49+00:00,6.969282407407407,
prometheus/prometheus,2025-04-01 10:12:24+00:00,2025-04-08 07:50:49+00:00,6.901678240740741,
prometheus/prometheus,2025-04-01 14:14:07+00:00,2025-04-08 07:50:49+00:00,6.733819444444444,
prometheus/prometheus,2025-04-01 14:36:55+00:00,2025-04-08 07:50:49+00:00,6.717986111111111,
prometheus/prometheus,2025-04-01 14:38:21+00:00,2025-04-08 07:50:49+00:00,6.716990740740741,
prometheus/prometheus,2025-04-02 08:44:47+00:00,2025-04-08 07:50:49+00:00,5.962523148148148,
prometheus/prometheus,2025-04-02 11:05:31+00:00,2025-04-08 07:50:49+00:00,5.864791666666667,
prometheus/prometheus,2025-04-02 15:48:34+00:00,2025-04-08 07:50:49+00:00,5.668229166666666,
prometheus/prometheus,2025-04-03 09:52:14+00:00,2025-04-08 07:50:49+00:00,4.915682870370371,
prometheus/prometheus,2025-04-04 07:45:53+00:00,2025-04-08 07:50:49+00:00,4.003425925925926,
prometheus/prometheus,2025-04-07 14:41:42+00:00,2025-04-08 07:50:49+00:00,0.7146643518518518,
prometheus/prometheus,2025-04-08 08:04:23+00:00,2025-04-18 13:46:38+00:00,10.237673611111111,
prometheus/prometheus,2025-04-09 09:23:40+00:00,2025-04-18 13:46:38+00:00,9.18261574074074,
prometheus/prometheus,2025-04-09 09:25:54+00:00,2025-04-18 13:46:38+00:00,9.181064814814814,
prometheus/prometheus,2025-04-09 10:39:18+00:00,2025-04-18 13:46:38+00:00,9.130092592592593,
prometheus/prometheus,2025-04-09 14:46:33+00:00,2025-04-18 13:46:38+00:00,8.958391203703703,
prometheus/prometheus,2025-04-09 15:29:03+00:00,2025-04-18 13:46:38+00:00,8.928877314814814,
prometheus/prometheus,2025-04-11 08:17:45+00:00,2025-04-18 13:46:38+00:00,7.228391203703704,
prometheus/prometheus,2025-04-15 11:29:21+00:00,2025-04-18 13:46:38+00:00,3.095335648148148,
prometheus/prometheus,2025-04-15 13:25:17+00:00,2025-04-18 13:46:38+00:00,3.014826388888889,
prometheus/prometheus,2025-04-15 15:35:45+00:00,2025-04-18 13:46:38+00:00,2.924224537037037,
prometheus/prometheus,2025-04-15 23:00:19+00:00,2025-04-18 13:46:38+00:00,2.615497685185185,
prometheus/prometheus,2025-04-16 14:43:30+00:00,2025-04-18 13:46:38+00:00,1.9605092592592592,
prometheus/prometheus,2025-04-17 09:07:10+00:00,2025-04-18 13:46:38+00:00,1.194074074074074,
prometheus/prometheus,2025-04-17 09:29:45+00:00,2025-04-18 13:46:38+00:00,1.1783912037037036,
prometheus/prometheus,2025-04-17 11:05:31+00:00,2025-04-18 13:46:38+00:00,1.111886574074074,
prometheus/prometheus,2025-04-17 11:05:53+00:00,2025-04-18 13:46:38+00:00,1.1116319444444445,
prometheus/prometheus,2025-04-17 11:06:08+00:00,2025-04-18 13:46:38+00:00,1.1114583333333334,
prometheus/prometheus,2025-04-17 11:15:12+00:00,2025-04-18 13:46:38+00:00,1.105162037037037,
prometheus/prometheus,2025-04-17 12:49:48+00:00,2025-04-18 13:46:38+00:00,1.0394675925925927,
prometheus/prometheus,2025-04-17 13:40:13+00:00,2025-04-18 13:46:38+00:00,1.0044560185185185,
prometheus/prometheus,2025-04-17 15:11:40+00:00,2025-04-18 13:46:38+00:00,0.940949074074074,
prometheus/prometheus,2025-04-17 15:12:03+00:00,2025-04-18 13:46:38+00:00,0.9406828703703703,
prometheus/prometheus,2025-04-17 15:12:20+00:00,2025-04-18 13:46:38+00:00,0.9404861111111111,
prometheus/prometheus,2025-04-17 15:13:20+00:00,2025-04-18 13:46:38+00:00,0.9397916666666667,
prometheus/prometheus,2025-04-17 17:14:09+00:00,2025-04-18 13:46:38+00:00,0.8558912037037038,
prometheus/prometheus,2025-04-17 17:14:53+00:00,2025-04-18 13:46:38+00:00,0.8553819444444445,
prometheus/prometheus,2025-04-17 18:06:06+00:00,2025-04-18 13:46:38+00:00,0.8198148148148148,
prometheus/prometheus,2025-04-17 18:06:28+00:00,2025-04-18 13:46:38+00:00,0.8195601851851851,
prometheus/prometheus,2025-04-17 23:12:17+00:00,2025-04-18 13:46:38+00:00,0.6071875,
prometheus/prometheus,2025-04-17 23:35:41+00:00,2025-04-18 13:46:38+00:00,0.5909375,
prometheus/prometheus,2025-04-20 09:17:03+00:00,2025-05-02 15:41:31+00:00,12.266990740740741,
prometheus/prometheus,2025-04-22 08:17:41+00:00,2025-05-02 15:41:31+00:00,10.308217592592593,
prometheus/prometheus,2025-04-22 12:59:54+00:00,2025-05-02 15:41:31+00:00,10.112233796296296,
prometheus/prometheus,2025-04-22 13:57:16+00:00,2025-05-02 15:41:31+00:00,10.072395833333333,
prometheus/prometheus,2025-04-22 14:59:03+00:00,2025-05-02 15:41:31+00:00,10.02949074074074,
prometheus/prometheus,2025-04-22 16:13:31+00:00,2025-05-02 15:41:31+00:00,9.977777777777778,
prometheus/prometheus,2025-04-22 22:28:31+00:00,2025-05-02 15:41:31+00:00,9.717361111111112,
prometheus/prometheus,2025-04-23 09:18:33+00:00,2025-05-02 15:41:31+00:00,9.265949074074074,
prometheus/prometheus,2025-04-23 12:58:02+00:00,2025-05-02 15:41:31+00:00,9.113530092592592,
prometheus/prometheus,2025-04-23 14:15:18+00:00,2025-05-02 15:41:31+00:00,9.059872685185185,
prometheus/prometheus,2025-04-24 12:48:58+00:00,2025-05-02 15:41:31+00:00,8.119826388888889,
prometheus/prometheus,2025-04-24 15:44:37+00:00,2025-05-02 15:41:31+00:00,7.997847222222222,
prometheus/prometheus,2025-04-25 07:27:22+00:00,2025-05-02 15:41:31+00:00,7.3431597222222225,
prometheus/prometheus,2025-04-25 07:27:58+00:00,2025-05-02 15:41:31+00:00,7.342743055555555,
prometheus/prometheus,2025-04-27 13:59:33+00:00,2025-05-02 15:41:31+00:00,5.070810185185185,
prometheus/prometheus,2025-04-27 21:15:16+00:00,2025-05-02 15:41:31+00:00,4.768229166666667,
prometheus/prometheus,2025-04-28 08:26:18+00:00,2025-05-02 15:41:31+00:00,4.302233796296297,
prometheus/prometheus,2025-04-28 08:27:33+00:00,2025-05-02 15:41:31+00:00,4.30136574074074,
prometheus/prometheus,2025-04-28 08:28:39+00:00,2025-05-02 15:41:31+00:00,4.300601851851852,
prometheus/prometheus,2025-04-28 08:32:00+00:00,2025-05-02 15:41:31+00:00,4.298275462962963,
prometheus/prometheus,2025-04-28 08:32:34+00:00,2025-05-02 15:41:31+00:00,4.297881944444445,
prometheus/prometheus,2025-04-28 08:34:07+00:00,2025-05-02 15:41:31+00:00,4.296805555555555,
prometheus/prometheus,2025-04-28 20:27:01+00:00,2025-05-02 15:41:31+00:00,3.801736111111111,
prometheus/prometheus,2025-04-28 21:30:54+00:00,2025-05-02 15:41:31+00:00,3.757372685185185,
prometheus/prometheus,2025-04-28 21:52:38+00:00,2025-05-02 15:41:31+00:00,3.7422800925925928,
prometheus/prometheus,2025-04-28 21:53:52+00:00,2025-05-02 15:41:31+00:00,3.741423611111111,
prometheus/prometheus,2025-04-28 21:54:09+00:00,2025-05-02 15:41:31+00:00,3.741226851851852,
prometheus/prometheus,2025-04-28 21:58:22+00:00,2025-05-02 15:41:31+00:00,3.738298611111111,
prometheus/prometheus,2025-04-29 10:12:34+00:00,2025-05-02 15:41:31+00:00,3.2284375,
prometheus/prometheus,2025-04-29 15:19:23+00:00,2025-05-02 15:41:31+00:00,3.0153703703703703,
prometheus/prometheus,2025-04-30 09:53:48+00:00,2025-05-02 15:41:31+00:00,2.2414699074074074,
prometheus/prometheus,2025-04-30 10:01:31+00:00,2025-05-02 15:41:31+00:00,2.236111111111111,
prometheus/prometheus,2025-04-30 10:29:34+00:00,2025-05-02 15:41:31+00:00,2.2166319444444444,
prometheus/prometheus,2025-04-30 18:46:26+00:00,2025-05-02 15:41:31+00:00,1.871585648148148,
prometheus/prometheus,2025-05-01 07:35:25+00:00,2025-05-02 15:41:31+00:00,1.3375694444444444,
prometheus/prometheus,2025-05-01 07:58:12+00:00,2025-05-02 15:41:31+00:00,1.3217476851851853,
prometheus/prometheus,2025-05-02 07:08:32+00:00,2025-05-02 15:41:31+00:00,0.3562384259259259,
prometheus/prometheus,2025-05-02 09:49:28+00:00,2025-05-02 15:41:31+00:00,0.24447916666666666,
prometheus/prometheus,2025-05-02 14:58:25+00:00,2025-05-02 15:41:31+00:00,0.029930555555555554,
prometheus/prometheus,2025-05-02 17:25:54+00:00,2025-05-02 18:12:48+00:00,0.03256944444444444,
prometheus/prometheus,2025-05-03 17:05:13+00:00,2025-05-17 07:28:51+00:00,13.599745370370371,
prometheus/prometheus,2025-05-04 08:32:56+00:00,2025-05-17 07:28:51+00:00,12.955497685185184,
prometheus/prometheus,2025-05-04 09:17:22+00:00,2025-05-17 07:28:51+00:00,12.924641203703704,
prometheus/prometheus,2025-05-04 09:19:08+00:00,2025-05-17 07:28:51+00:00,12.923414351851852,
prometheus/prometheus,2025-05-04 09:19:37+00:00,2025-05-17 07:28:51+00:00,12.923078703703704,
prometheus/prometheus,2025-05-04 09:21:22+00:00,2025-05-17 07:28:51+00:00,12.921863425925926,
prometheus/prometheus,2025-05-04 09:21:46+00:00,2025-05-17 07:28:51+00:00,12.921585648148149,
prometheus/prometheus,2025-05-04 09:29:19+00:00,2025-05-17 07:28:51+00:00,12.916342592592592,
prometheus/prometheus,2025-05-04 09:50:04+00:00,2025-05-17 07:28:51+00:00,12.90193287037037,
prometheus/prometheus,2025-05-06 05:50:06+00:00,2025-05-17 07:28:51+00:00,11.06857638888889,
prometheus/prometheus,2025-05-06 07:29:31+00:00,2025-05-17 07:28:51+00:00,10.999537037037037,
prometheus/prometheus,2025-05-06 11:35:28+00:00,2025-05-17 07:28:51+00:00,10.828738425925925,
prometheus/prometheus,2025-05-06 13:45:16+00:00,2025-05-17 07:28:51+00:00,10.738599537037038,
prometheus/prometheus,2025-05-06 13:51:25+00:00,2025-05-17 07:28:51+00:00,10.734328703703703,
prometheus/prometheus,2025-05-06 17:54:49+00:00,2025-05-17 07:28:51+00:00,10.565300925925927,
prometheus/prometheus,2025-05-06 18:09:43+00:00,2025-05-17 07:28:51+00:00,10.554953703703704,
prometheus/prometheus,2025-05-08 07:28:14+00:00,2025-05-17 07:28:51+00:00,9.00042824074074,
prometheus/prometheus,2025-05-08 10:02:10+00:00,2025-05-17 07:28:51+00:00,8.893530092592593,
prometheus/prometheus,2025-05-09 06:27:10+00:00,2025-05-17 07:28:51+00:00,8.042835648148149,
prometheus/prometheus,2025-05-11 13:16:15+00:00,2025-05-17 07:28:51+00:00,5.75875,
prometheus/prometheus,2025-05-11 13:40:31+00:00,2025-05-17 07:28:51+00:00,5.741898148148148,
prometheus/prometheus,2025-05-12 08:39:58+00:00,2025-05-17 07:28:51+00:00,4.950613425925926,
prometheus/prometheus,2025-05-12 10:17:19+00:00,2025-05-17 07:28:51+00:00,4.883009259259259,
prometheus/prometheus,2025-05-13 15:05:14+00:00,2025-05-17 07:28:51+00:00,3.6830671296296296,
prometheus/prometheus,2025-05-13 21:34:08+00:00,2025-05-17 07:28:51+00:00,3.4129976851851853,
prometheus/prometheus,2025-05-16 09:03:07+00:00,2025-05-17 07:28:51+00:00,0.934537037037037,
prometheus/prometheus,2025-05-16 09:05:36+00:00,2025-05-17 07:28:51+00:00,0.9328125,
prometheus/prometheus,2025-05-16 12:17:18+00:00,2025-05-17 07:28:51+00:00,0.7996875,
prometheus/prometheus,2025-05-17 06:40:29+00:00,2025-05-17 07:28:51+00:00,0.033587962962962965,
prometheus/prometheus,2025-05-17 08:04:22+00:00,2025-05-31 13:45:40+00:00,14.237013888888889,
prometheus/prometheus,2025-05-17 08:35:27+00:00,2025-05-31 13:45:40+00:00,14.21542824074074,
prometheus/prometheus,2025-05-17 09:37:25+00:00,2025-05-31 13:45:40+00:00,14.172395833333333,
prometheus/prometheus,2025-05-19 08:55:42+00:00,2025-05-31 13:45:40+00:00,12.20136574074074,
prometheus/prometheus,2025-05-19 09:09:49+00:00,2025-05-31 13:45:40+00:00,12.1915625,
prometheus/prometheus,2025-05-19 14:31:57+00:00,2025-05-31 13:45:40+00:00,11.967858796296296,
prometheus/prometheus,2025-05-19 19:53:11+00:00,2025-05-31 13:45:40+00:00,11.744780092592592,
prometheus/prometheus,2025-05-19 21:22:25+00:00,2025-05-31 13:45:40+00:00,11.6828125,
prometheus/prometheus,2025-05-20 07:13:12+00:00,2025-05-31 13:45:40+00:00,11.272546296296296,
prometheus/prometheus,2025-05-20 18:33:25+00:00,2025-05-31 13:45:40+00:00,10.800173611111111,
prometheus/prometheus,2025-05-21 12:42:30+00:00,2025-05-31 13:45:40+00:00,10.04386574074074,
prometheus/prometheus,2025-05-21 14:16:06+00:00,2025-05-31 13:45:40+00:00,9.97886574074074,
prometheus/prometheus,2025-05-22 07:32:17+00:00,2025-05-31 13:45:40+00:00,9.259293981481482,
prometheus/prometheus,2025-05-24 12:25:39+00:00,2025-05-31 13:45:40+00:00,7.05556712962963,
prometheus/prometheus,2025-05-24 13:01:49+00:00,2025-05-31 13:45:40+00:00,7.030451388888889,
prometheus/prometheus,2025-05-26 15:38:09+00:00,2025-05-31 13:45:40+00:00,4.921886574074074,
prometheus/prometheus,2025-05-26 16:15:01+00:00,2025-05-31 13:45:40+00:00,4.896284722222222,
prometheus/prometheus,2025-05-26 16:29:34+00:00,2025-05-31 13:45:40+00:00,4.886180555555556,
prometheus/prometheus,2025-05-27 03:24:48+00:00,2025-05-31 13:45:40+00:00,4.431157407407407,
prometheus/prometheus,2025-05-27 12:40:09+00:00,2025-05-31 13:45:40+00:00,4.045497685185185,
prometheus/prometheus,2025-05-27 12:42:50+00:00,2025-05-31 13:45:40+00:00,4.043634259259259,
prometheus/prometheus,2025-05-27 14:21:17+00:00,2025-05-31 13:45:40+00:00,3.9752662037037036,
prometheus/prometheus,2025-05-27 15:32:00+00:00,2025-05-31 13:45:40+00:00,3.9261574074074073,
prometheus/prometheus,2025-05-28 16:21:59+00:00,2025-05-31 13:45:40+00:00,2.891446759259259,
prometheus/prometheus,2025-05-29 12:24:02+00:00,2025-05-31 13:45:40+00:00,2.0566898148148147,
prometheus/prometheus,2025-05-30 08:28:37+00:00,2025-05-31 13:45:40+00:00,1.220173611111111,
prometheus/prometheus,2025-05-31 06:41:19+00:00,2025-05-31 13:45:40+00:00,0.2946875,
prometheus/prometheus,2025-05-31 14:53:58+00:00,2025-06-26 21:45:21+00:00,26.28568287037037,
prometheus/prometheus,2025-06-02 11:40:03+00:00,2025-06-26 21:45:21+00:00,24.420347222222222,
prometheus/prometheus,2025-06-03 10:39:21+00:00,2025-06-26 21:45:21+00:00,23.4625,
prometheus/prometheus,2025-06-04 12:40:26+00:00,2025-06-26 21:45:21+00:00,22.378414351851852,
prometheus/prometheus,2025-06-04 16:04:32+00:00,2025-06-26 21:45:21+00:00,22.23667824074074,
prometheus/prometheus,2025-06-04 16:06:12+00:00,2025-06-26 21:45:21+00:00,22.235520833333332,
prometheus/prometheus,2025-06-04 20:52:39+00:00,2025-06-26 21:45:21+00:00,22.036597222222223,
prometheus/prometheus,2025-06-05 14:45:38+00:00,2025-06-26 21:45:21+00:00,21.291469907407407,
prometheus/prometheus,2025-06-06 09:56:28+00:00,2025-06-26 21:45:21+00:00,20.492280092592594,
prometheus/prometheus,2025-06-06 13:01:21+00:00,2025-06-26 21:45:21+00:00,20.363888888888887,
prometheus/prometheus,2025-06-06 15:04:53+00:00,2025-06-26 21:45:21+00:00,20.27810185185185,
prometheus/prometheus,2025-06-06 22:16:20+00:00,2025-06-26 21:45:21+00:00,19.978483796296295,
prometheus/prometheus,2025-06-09 14:01:35+00:00,2025-06-26 21:45:21+00:00,17.322060185185187,
prometheus/prometheus,2025-06-10 13:05:23+00:00,2025-06-26 21:45:21+00:00,16.361087962962962,
prometheus/prometheus,2025-06-10 23:03:33+00:00,2025-06-26 21:45:21+00:00,15.945694444444445,
prometheus/prometheus,2025-06-11 13:09:57+00:00,2025-06-26 21:45:21+00:00,15.357916666666666,
prometheus/prometheus,2025-06-11 20:06:46+00:00,2025-06-26 21:45:21+00:00,15.068460648148148,
prometheus/prometheus,2025-06-12 08:23:04+00:00,2025-06-26 21:45:21+00:00,14.557141203703704,
prometheus/prometheus,2025-06-12 13:52:36+00:00,2025-06-26 21:45:21+00:00,14.32829861111111,
prometheus/prometheus,2025-06-12 14:16:41+00:00,2025-06-26 21:45:21+00:00,14.311574074074073,
prometheus/prometheus,2025-06-12 17:40:18+00:00,2025-06-26 21:45:21+00:00,14.17017361111111,
prometheus/prometheus,2025-06-16 09:13:35+00:00,2025-06-26 21:45:21+00:00,10.522060185185186,
prometheus/prometheus,2025-06-17 07:18:31+00:00,2025-06-26 21:45:21+00:00,9.601967592592592,
prometheus/prometheus,2025-06-17 12:24:30+00:00,2025-06-26 21:45:21+00:00,9.389479166666666,
prometheus/prometheus,2025-06-17 13:41:14+00:00,2025-06-26 21:45:21+00:00,9.33619212962963,
prometheus/prometheus,2025-06-17 14:38:33+00:00,2025-06-26 21:45:21+00:00,9.296388888888888,
prometheus/prometheus,2025-06-18 07:13:51+00:00,2025-06-26 21:45:21+00:00,8.605208333333334,
prometheus/prometheus,2025-06-18 11:02:55+00:00,2025-06-26 21:45:21+00:00,8.44613425925926,
prometheus/prometheus,2025-06-18 18:11:24+00:00,2025-06-26 21:45:21+00:00,8.14857638888889,
prometheus/prometheus,2025-06-18 21:53:47+00:00,2025-06-26 21:45:21+00:00,7.994143518518518,
prometheus/prometheus,2025-06-18 21:57:40+00:00,2025-06-26 21:45:21+00:00,7.991446759259259,
prometheus/prometheus,2025-06-19 12:05:35+00:00,2025-06-26 21:45:21+00:00,7.402615740740741,
prometheus/prometheus,2025-06-20 11:53:59+00:00,2025-06-26 21:45:21+00:00,6.410671296296297,
prometheus/prometheus,2025-06-20 13:09:02+00:00,2025-06-26 21:45:21+00:00,6.358553240740741,
prometheus/prometheus,2025-06-21 07:49:07+00:00,2025-06-26 21:45:21+00:00,5.580717592592593,
prometheus/prometheus,2025-06-22 22:56:08+00:00,2025-06-26 21:45:21+00:00,3.9508449074074075,
prometheus/prometheus,2025-06-23 15:42:38+00:00,2025-06-26 21:45:21+00:00,3.251886574074074,
prometheus/prometheus,2025-06-24 11:20:07+00:00,2025-06-26 21:45:21+00:00,2.4341898148148147,
prometheus/prometheus,2025-06-24 14:02:17+00:00,2025-06-26 21:45:21+00:00,2.321574074074074,
prometheus/prometheus,2025-06-24 19:52:55+00:00,2025-06-26 21:45:21+00:00,2.078078703703704,
prometheus/prometheus,2025-06-25 08:11:26+00:00,2025-06-26 21:45:21+00:00,1.5652199074074074,
prometheus/prometheus,2025-06-25 11:37:43+00:00,2025-06-26 21:45:21+00:00,1.4219675925925925,
prometheus/prometheus,2025-06-25 15:14:13+00:00,2025-06-26 21:45:21+00:00,1.2716203703703703,
prometheus/prometheus,2025-06-25 16:18:45+00:00,2025-06-26 21:45:21+00:00,1.2268055555555555,
prometheus/prometheus,2025-06-27 03:28:42+00:00,2025-06-30 11:01:12+00:00,3.314236111111111,
prometheus/prometheus,2025-06-27 11:34:08+00:00,2025-06-30 11:01:12+00:00,2.9771296296296295,
prometheus/prometheus,2025-06-27 12:57:12+00:00,2025-06-30 11:01:12+00:00,2.9194444444444443,
prometheus/prometheus,2025-06-27 21:17:46+00:00,2025-06-30 11:01:12+00:00,2.5718287037037038,
prometheus/prometheus,2025-06-30 09:38:19+00:00,2025-06-30 11:01:12+00:00,0.05755787037037037,
prometheus/prometheus,2025-06-30 11:37:57+00:00,2025-06-30 15:04:55+00:00,0.14372685185185186,
prometheus/prometheus,2025-06-30 13:19:45+00:00,2025-06-30 15:04:55+00:00,0.07303240740740741,
prometheus/prometheus,2025-06-30 15:05:03+00:00,2025-07-11 10:19:32+00:00,10.801724537037037,
prometheus/prometheus,2025-07-02 08:02:17+00:00,2025-07-11 10:19:32+00:00,9.0953125,
prometheus/prometheus,2025-07-02 12:27:45+00:00,2025-07-11 10:19:32+00:00,8.910960648148148,
prometheus/prometheus,2025-07-02 13:31:03+00:00,2025-07-11 10:19:32+00:00,8.867002314814815,
prometheus/prometheus,2025-07-02 17:44:10+00:00,2025-07-11 10:19:32+00:00,8.691226851851852,
prometheus/prometheus,2025-07-03 08:09:11+00:00,2025-07-11 10:19:32+00:00,8.090520833333333,
prometheus/prometheus,2025-07-03 08:52:59+00:00,2025-07-11 10:19:32+00:00,8.060104166666667,
prometheus/prometheus,2025-07-03 09:16:05+00:00,2025-07-11 10:19:32+00:00,8.0440625,
prometheus/prometheus,2025-07-03 11:40:31+00:00,2025-07-11 10:19:32+00:00,7.943761574074074,
prometheus/prometheus,2025-07-03 13:37:46+00:00,2025-07-11 10:19:32+00:00,7.862337962962963,
prometheus/prometheus,2025-07-04 14:09:01+00:00,2025-07-11 10:19:32+00:00,6.840636574074074,
prometheus/prometheus,2025-07-04 14:38:17+00:00,2025-07-11 10:19:32+00:00,6.8203125,
prometheus/prometheus,2025-07-06 10:57:19+00:00,2025-07-11 10:19:32+00:00,4.973761574074074,
prometheus/prometheus,2025-07-06 22:00:51+00:00,2025-07-11 10:19:32+00:00,4.512974537037037,
prometheus/prometheus,2025-07-07 07:23:34+00:00,2025-07-11 10:19:32+00:00,4.122199074074074,
prometheus/prometheus,2025-07-07 07:42:31+00:00,2025-07-11 10:19:32+00:00,4.109039351851852,
prometheus/prometheus,2025-07-08 10:37:19+00:00,2025-07-11 10:19:32+00:00,2.987650462962963,
prometheus/prometheus,2025-07-08 12:05:25+00:00,2025-07-11 10:19:32+00:00,2.9264699074074074,
prometheus/prometheus,2025-07-08 14:42:56+00:00,2025-07-11 10:19:32+00:00,2.817083333333333,
prometheus/prometheus,2025-07-08 16:38:34+00:00,2025-07-11 10:19:32+00:00,2.736782407407407,
prometheus/prometheus,2025-07-08 17:42:20+00:00,2025-07-11 10:19:32+00:00,2.6925,
prometheus/prometheus,2025-07-08 18:16:13+00:00,2025-07-11 10:19:32+00:00,2.6689699074074076,
prometheus/prometheus,2025-07-09 11:00:14+00:00,2025-07-11 10:19:32+00:00,1.9717361111111111,
prometheus/prometheus,2025-07-09 11:07:27+00:00,2025-07-11 10:19:32+00:00,1.966724537037037,
prometheus/prometheus,2025-07-09 12:14:05+00:00,2025-07-11 10:19:32+00:00,1.920451388888889,
prometheus/prometheus,2025-07-09 13:37:56+00:00,2025-07-11 10:19:32+00:00,1.8622222222222222,
prometheus/prometheus,2025-07-09 14:24:46+00:00,2025-07-11 10:19:32+00:00,1.8296990740740742,
prometheus/prometheus,2025-07-09 16:10:14+00:00,2025-07-11 10:19:32+00:00,1.7564583333333332,
prometheus/prometheus,2025-07-09 22:33:20+00:00,2025-07-11 10:19:32+00:00,1.4904166666666667,
prometheus/prometheus,2025-07-10 09:16:12+00:00,2025-07-11 10:19:32+00:00,1.0439814814814814,
prometheus/prometheus,2025-07-10 11:26:15+00:00,2025-07-11 10:19:32+00:00,0.9536689814814815,
prometheus/prometheus,2025-07-10 13:34:57+00:00,2025-07-11 10:19:32+00:00,0.8642939814814815,
prometheus/prometheus,2025-07-10 13:44:03+00:00,2025-07-11 10:19:32+00:00,0.8579745370370371,
prometheus/prometheus,2025-07-10 13:45:38+00:00,2025-07-11 10:19:32+00:00,0.856875,
prometheus/prometheus,2025-07-10 15:27:23+00:00,2025-07-11 10:19:32+00:00,0.7862152777777778,
prometheus/prometheus,2025-07-11 09:19:59+00:00,2025-07-11 10:19:32+00:00,0.041354166666666664,
prometheus/prometheus,2025-07-11 09:20:31+00:00,2025-07-11 10:19:32+00:00,0.040983796296296296,
prometheus/prometheus,2025-07-11 09:53:32+00:00,2025-07-11 10:19:32+00:00,0.018055555555555554,
prometheus/prometheus,2025-07-11 09:53:55+00:00,2025-07-11 10:19:32+00:00,0.01778935185185185,
prometheus/prometheus,2025-07-11 09:54:27+00:00,2025-07-11 10:19:32+00:00,0.017418981481481483,
prometheus/prometheus,2025-07-11 09:55:00+00:00,2025-07-11 10:19:32+00:00,0.017037037037037038,
prometheus/prometheus,2025-07-11 09:55:29+00:00,2025-07-11 10:19:32+00:00,0.01670138888888889,
prometheus/prometheus,2025-07-11 09:56:20+00:00,2025-07-11 10:19:32+00:00,0.01611111111111111,
prometheus/prometheus,2025-07-11 09:56:37+00:00,2025-07-11 10:19:32+00:00,0.015914351851851853,
prometheus/prometheus,2025-07-11 09:57:05+00:00,2025-07-11 10:19:32+00:00,0.015590277777777778,
prometheus/prometheus,2025-07-11 09:57:34+00:00,2025-07-11 10:19:32+00:00,0.01525462962962963,
prometheus/prometheus,2025-07-11 09:58:00+00:00,2025-07-11 10:19:32+00:00,0.014953703703703703,
prometheus/prometheus,2025-07-11 10:01:47+00:00,2025-07-11 10:19:32+00:00,0.012326388888888888,
prometheus/prometheus,2025-07-11 10:07:54+00:00,2025-07-11 10:19:32+00:00,0.008078703703703704,
prometheus/prometheus,2025-07-11 10:09:53+00:00,2025-07-11 10:19:32+00:00,0.006701388888888889,
prometheus/prometheus,2025-07-11 10:42:01+00:00,2025-07-14 16:54:21+00:00,3.258564814814815,
prometheus/prometheus,2025-07-11 16:15:01+00:00,2025-07-14 16:54:21+00:00,3.027314814814815,
prometheus/prometheus,2025-07-11 17:16:49+00:00,2025-07-14 16:54:21+00:00,2.984398148148148,
prometheus/prometheus,2025-07-11 20:08:42+00:00,2025-07-14 16:54:21+00:00,2.865034722222222,
prometheus/prometheus,2025-07-15 07:37:24+00:00,2025-08-23 08:40:55+00:00,39.0441087962963,
prometheus/prometheus,2025-07-15 10:52:44+00:00,2025-08-23 08:40:55+00:00,38.90846064814815,
prometheus/prometheus,2025-07-15 13:30:30+00:00,2025-08-23 08:40:55+00:00,38.79890046296296,
prometheus/prometheus,2025-07-16 10:24:43+00:00,2025-08-23 08:40:55+00:00,37.92791666666667,
prometheus/prometheus,2025-07-16 18:32:15+00:00,2025-08-23 08:40:55+00:00,37.58935185185185,
prometheus/prometheus,2025-07-17 08:28:30+00:00,2025-08-23 08:40:55+00:00,37.00862268518519,
prometheus/prometheus,2025-07-17 09:30:27+00:00,2025-08-23 08:40:55+00:00,36.96560185185185,
prometheus/prometheus,2025-07-17 09:32:15+00:00,2025-08-23 08:40:55+00:00,36.96435185185185,
prometheus/prometheus,2025-07-18 16:44:06+00:00,2025-08-23 08:40:55+00:00,35.66445601851852,
prometheus/prometheus,2025-07-21 06:54:55+00:00,2025-08-23 08:40:55+00:00,33.07361111111111,
prometheus/prometheus,2025-07-21 12:24:54+00:00,2025-08-23 08:40:55+00:00,32.84445601851852,
prometheus/prometheus,2025-07-22 12:50:21+00:00,2025-08-23 08:40:55+00:00,31.826782407407407,
prometheus/prometheus,2025-07-22 14:30:05+00:00,2025-08-23 08:40:55+00:00,31.75752314814815,
prometheus/prometheus,2025-07-23 16:30:03+00:00,2025-08-23 08:40:55+00:00,30.67421296296296,
prometheus/prometheus,2025-07-23 20:51:07+00:00,2025-08-23 08:40:55+00:00,30.492916666666666,
prometheus/prometheus,2025-07-24 11:54:58+00:00,2025-08-23 08:40:55+00:00,29.865243055555556,
prometheus/prometheus,2025-07-24 16:01:02+00:00,2025-08-23 08:40:55+00:00,29.694363425925925,
prometheus/prometheus,2025-07-24 17:11:37+00:00,2025-08-23 08:40:55+00:00,29.645347222222224,
prometheus/prometheus,2025-07-25 11:53:13+00:00,2025-08-23 08:40:55+00:00,28.866458333333334,
prometheus/prometheus,2025-07-28 13:54:32+00:00,2025-08-23 08:40:55+00:00,25.782210648148148,
prometheus/prometheus,2025-07-28 14:34:55+00:00,2025-08-23 08:40:55+00:00,25.754166666666666,
prometheus/prometheus,2025-07-28 14:55:19+00:00,2025-08-23 08:40:55+00:00,25.74,
prometheus/prometheus,2025-07-28 16:35:51+00:00,2025-08-23 08:40:55+00:00,25.670185185185186,
prometheus/prometheus,2025-07-29 13:18:21+00:00,2025-08-23 08:40:55+00:00,24.80733796296296,
prometheus/prometheus,2025-07-29 13:25:12+00:00,2025-08-23 08:40:55+00:00,24.80258101851852,
prometheus/prometheus,2025-07-29 16:23:59+00:00,2025-08-23 08:40:55+00:00,24.678425925925925,
prometheus/prometheus,2025-07-30 12:16:59+00:00,2025-08-23 08:40:55+00:00,23.849953703703704,
prometheus/prometheus,2025-07-30 17:21:01+00:00,2025-08-23 08:40:55+00:00,23.638819444444444,
prometheus/prometheus,2025-07-31 16:15:49+00:00,2025-08-23 08:40:55+00:00,22.68409722222222,
prometheus/prometheus,2025-08-01 21:46:52+00:00,2025-08-23 08:40:55+00:00,21.45420138888889,
prometheus/prometheus,2025-08-04 16:02:16+00:00,2025-08-23 08:40:55+00:00,18.693506944444444,
prometheus/prometheus,2025-08-04 17:53:50+00:00,2025-08-23 08:40:55+00:00,18.61603009259259,
prometheus/prometheus,2025-08-05 08:48:08+00:00,2025-08-23 08:40:55+00:00,17.994988425925925,
prometheus/prometheus,2025-08-05 11:22:54+00:00,2025-08-23 08:40:55+00:00,17.887511574074075,
prometheus/prometheus,2025-08-05 22:12:45+00:00,2025-08-23 08:40:55+00:00,17.436226851851853,
prometheus/prometheus,2025-08-06 09:40:02+00:00,2025-08-23 08:40:55+00:00,16.95894675925926,
prometheus/prometheus,2025-08-06 09:43:42+00:00,2025-08-23 08:40:55+00:00,16.956400462962964,
prometheus/prometheus,2025-08-06 09:44:44+00:00,2025-08-23 08:40:55+00:00,16.95568287037037,
prometheus/prometheus,2025-08-06 09:46:28+00:00,2025-08-23 08:40:55+00:00,16.954479166666665,
prometheus/prometheus,2025-08-06 11:07:10+00:00,2025-08-23 08:40:55+00:00,16.8984375,
prometheus/prometheus,2025-08-06 11:07:49+00:00,2025-08-23 08:40:55+00:00,16.897986111111113,
prometheus/prometheus,2025-08-06 17:05:47+00:00,2025-08-23 08:40:55+00:00,16.649398148148148,
prometheus/prometheus,2025-08-07 17:01:03+00:00,2025-08-23 08:40:55+00:00,15.652685185185184,
prometheus/prometheus,2025-08-07 17:04:21+00:00,2025-08-23 08:40:55+00:00,15.650393518518518,
prometheus/prometheus,2025-08-08 02:34:55+00:00,2025-08-23 08:40:55+00:00,15.254166666666666,
prometheus/prometheus,2025-08-08 09:43:41+00:00,2025-08-23 08:40:55+00:00,14.956412037037037,
prometheus/prometheus,2025-08-08 19:30:45+00:00,2025-08-23 08:40:55+00:00,14.548726851851852,
prometheus/prometheus,2025-08-12 12:12:16+00:00,2025-08-23 08:40:55+00:00,10.853229166666667,
prometheus/prometheus,2025-08-12 12:12:27+00:00,2025-08-23 08:40:55+00:00,10.853101851851852,
prometheus/prometheus,2025-08-12 12:12:42+00:00,2025-08-23 08:40:55+00:00,10.852928240740741,
prometheus/prometheus,2025-08-12 12:12:48+00:00,2025-08-23 08:40:55+00:00,10.852858796296296,
prometheus/prometheus,2025-08-12 14:45:18+00:00,2025-08-23 08:40:55+00:00,10.74695601851852,
prometheus/prometheus,2025-08-13 13:17:30+00:00,2025-08-23 08:40:55+00:00,9.807928240740742,
prometheus/prometheus,2025-08-13 13:25:06+00:00,2025-08-23 08:40:55+00:00,9.802650462962964,
prometheus/prometheus,2025-08-13 13:34:36+00:00,2025-08-23 08:40:55+00:00,9.79605324074074,
prometheus/prometheus,2025-08-13 13:52:52+00:00,2025-08-23 08:40:55+00:00,9.783368055555556,
prometheus/prometheus,2025-08-13 14:57:09+00:00,2025-08-23 08:40:55+00:00,9.738726851851851,
prometheus/prometheus,2025-08-13 16:06:48+00:00,2025-08-23 08:40:55+00:00,9.690358796296296,
prometheus/prometheus,2025-08-13 17:44:38+00:00,2025-08-23 08:40:55+00:00,9.62241898148148,
prometheus/prometheus,2025-08-14 13:00:07+00:00,2025-08-23 08:40:55+00:00,8.82,
prometheus/prometheus,2025-08-14 14:04:16+00:00,2025-08-23 08:40:55+00:00,8.77545138888889,
prometheus/prometheus,2025-08-15 09:19:51+00:00,2025-08-23 08:40:55+00:00,7.972962962962963,
prometheus/prometheus,2025-08-17 08:35:20+00:00,2025-08-23 08:40:55+00:00,6.003877314814815,
prometheus/prometheus,2025-08-17 15:18:48+00:00,2025-08-23 08:40:55+00:00,5.7236921296296295,
prometheus/prometheus,2025-08-18 08:09:00+00:00,2025-08-23 08:40:55+00:00,5.022164351851852,
prometheus/prometheus,2025-08-18 16:06:39+00:00,2025-08-23 08:40:55+00:00,4.690462962962963,
prometheus/prometheus,2025-08-19 15:43:47+00:00,2025-08-23 08:40:55+00:00,3.7063425925925926,
prometheus/prometheus,2025-08-19 22:35:19+00:00,2025-08-23 08:40:55+00:00,3.4205555555555556,
prometheus/prometheus,2025-08-20 08:03:45+00:00,2025-08-23 08:40:55+00:00,3.0258101851851853,
prometheus/prometheus,2025-08-20 10:15:10+00:00,2025-08-23 08:40:55+00:00,2.934548611111111,
prometheus/prometheus,2025-08-20 15:24:12+00:00,2025-08-23 08:40:55+00:00,2.71994212962963,
prometheus/prometheus,2025-08-21 08:14:41+00:00,2025-08-23 08:40:55+00:00,2.0182175925925927,
prometheus/prometheus,2025-08-21 13:28:03+00:00,2025-08-23 08:40:55+00:00,1.8006018518518518,
prometheus/prometheus,2025-08-21 14:57:57+00:00,2025-08-23 08:40:55+00:00,1.7381712962962963,
prometheus/prometheus,2025-08-21 21:26:01+00:00,2025-08-23 08:40:55+00:00,1.4686805555555555,
prometheus/prometheus,2025-08-22 17:33:52+00:00,2025-08-23 08:40:55+00:00,0.6298958333333333,
prometheus/prometheus,2025-08-26 06:14:48+00:00,2025-09-11 14:59:07+00:00,16.364108796296296,
prometheus/prometheus,2025-08-26 18:54:14+00:00,2025-09-11 14:59:07+00:00,15.836724537037037,
prometheus/prometheus,2025-08-27 08:47:39+00:00,2025-09-11 14:59:07+00:00,15.257962962962964,
prometheus/prometheus,2025-08-27 09:13:00+00:00,2025-09-11 14:59:07+00:00,15.240358796296297,
prometheus/prometheus,2025-08-27 15:26:43+00:00,2025-09-11 14:59:07+00:00,14.980833333333333,
prometheus/prometheus,2025-08-27 16:11:09+00:00,2025-09-11 14:59:07+00:00,14.949976851851853,
prometheus/prometheus,2025-08-27 22:42:33+00:00,2025-09-11 14:59:07+00:00,14.678171296296297,
prometheus/prometheus,2025-08-29 04:10:01+00:00,2025-09-11 14:59:07+00:00,13.450763888888888,
prometheus/prometheus,2025-08-29 09:43:59+00:00,2025-09-11 14:59:07+00:00,13.218842592592592,
prometheus/prometheus,2025-09-01 11:05:29+00:00,2025-09-11 14:59:07+00:00,10.162245370370371,
prometheus/prometheus,2025-09-01 18:12:19+00:00,2025-09-11 14:59:07+00:00,9.865833333333333,
prometheus/prometheus,2025-09-02 09:41:07+00:00,2025-09-11 14:59:07+00:00,9.220833333333333,
prometheus/prometheus,2025-09-02 11:37:14+00:00,2025-09-11 14:59:07+00:00,9.14019675925926,
prometheus/prometheus,2025-09-02 11:37:51+00:00,2025-09-11 14:59:07+00:00,9.139768518518519,
prometheus/prometheus,2025-09-02 11:44:14+00:00,2025-09-11 14:59:07+00:00,9.135335648148148,
prometheus/prometheus,2025-09-02 11:55:13+00:00,2025-09-11 14:59:07+00:00,9.127708333333333,
prometheus/prometheus,2025-09-02 12:56:00+00:00,2025-09-11 14:59:07+00:00,9.085497685185185,
prometheus/prometheus,2025-09-02 15:05:21+00:00,2025-09-11 14:59:07+00:00,8.995671296296296,
prometheus/prometheus,2025-09-03 15:20:04+00:00,2025-09-11 14:59:07+00:00,7.9854513888888885,
prometheus/prometheus,2025-09-04 11:55:42+00:00,2025-09-11 14:59:07+00:00,7.127372685185185,
prometheus/prometheus,2025-09-04 12:41:21+00:00,2025-09-11 14:59:07+00:00,7.095671296296296,
prometheus/prometheus,2025-09-05 07:32:37+00:00,2025-09-11 14:59:07+00:00,6.310069444444444,
prometheus/prometheus,2025-09-05 12:46:57+00:00,2025-09-11 14:59:07+00:00,6.091782407407408,
prometheus/prometheus,2025-09-06 09:45:44+00:00,2025-09-11 14:59:07+00:00,5.2176273148148145,
prometheus/prometheus,2025-09-06 11:04:24+00:00,2025-09-11 14:59:07+00:00,5.162997685185185,
prometheus/prometheus,2025-09-08 12:34:25+00:00,2025-09-11 14:59:07+00:00,3.100486111111111,
prometheus/prometheus,2025-09-08 15:26:42+00:00,2025-09-11 14:59:07+00:00,2.9808449074074073,
prometheus/prometheus,2025-09-08 20:04:55+00:00,2025-09-11 14:59:07+00:00,2.787638888888889,
prometheus/prometheus,2025-09-09 12:31:18+00:00,2025-09-11 14:59:07+00:00,2.1026504629629628,
prometheus/prometheus,2025-09-09 13:17:47+00:00,2025-09-11 14:59:07+00:00,2.0703703703703704,
prometheus/prometheus,2025-09-09 13:52:49+00:00,2025-09-11 14:59:07+00:00,2.0460416666666665,
prometheus/prometheus,2025-09-09 14:45:06+00:00,2025-09-11 14:59:07+00:00,2.0097337962962962,
prometheus/prometheus,2025-09-10 13:30:52+00:00,2025-09-11 14:59:07+00:00,1.0612847222222221,
prometheus/prometheus,2025-09-11 09:49:42+00:00,2025-09-11 14:59:07+00:00,0.21487268518518518,
prometheus/prometheus,2025-09-16 11:11:36+00:00,2025-09-22 08:24:59+00:00,5.884293981481481,
prometheus/prometheus,2025-09-16 11:22:14+00:00,2025-09-22 08:24:59+00:00,5.876909722222222,
prometheus/prometheus,2025-09-16 11:28:19+00:00,2025-09-22 08:24:59+00:00,5.872685185185185,
prometheus/prometheus,2025-09-16 12:02:08+00:00,2025-09-22 08:24:59+00:00,5.849201388888889,
prometheus/prometheus,2025-09-17 08:52:09+00:00,2025-09-22 08:24:59+00:00,4.981134259259259,
prometheus/prometheus,2025-09-17 19:05:30+00:00,2025-09-22 08:24:59+00:00,4.5551967592592595,
prometheus/prometheus,2025-09-18 11:37:51+00:00,2025-09-22 08:24:59+00:00,3.866064814814815,
prometheus/prometheus,2025-09-18 11:55:32+00:00,2025-09-22 08:24:59+00:00,3.853784722222222,
prometheus/prometheus,2025-09-23 05:24:46+00:00,2025-10-08 11:24:28+00:00,15.249791666666667,
prometheus/prometheus,2025-09-23 11:03:14+00:00,2025-10-08 11:24:28+00:00,15.01474537037037,
prometheus/prometheus,2025-09-24 09:27:26+00:00,2025-10-08 11:24:28+00:00,14.081273148148147,
prometheus/prometheus,2025-09-24 09:28:35+00:00,2025-10-08 11:24:28+00:00,14.080474537037038,
prometheus/prometheus,2025-09-24 12:59:18+00:00,2025-10-08 11:24:28+00:00,13.93414351851852,
prometheus/prometheus,2025-09-25 09:34:59+00:00,2025-10-08 11:24:28+00:00,13.076030092592593,
prometheus/prometheus,2025-09-25 13:04:32+00:00,2025-10-08 11:24:28+00:00,12.93050925925926,
prometheus/prometheus,2025-09-25 17:31:37+00:00,2025-10-08 11:24:28+00:00,12.745034722222222,
prometheus/prometheus,2025-09-26 11:21:28+00:00,2025-10-08 11:24:28+00:00,12.002083333333333,
prometheus/prometheus,2025-09-26 14:33:09+00:00,2025-10-08 11:24:28+00:00,11.868969907407408,
prometheus/prometheus,2025-09-29 17:59:37+00:00,2025-10-08 11:24:28+00:00,8.725590277777778,
prometheus/prometheus,2025-09-30 11:11:12+00:00,2025-10-08 11:24:28+00:00,8.009212962962962,
prometheus/prometheus,2025-09-30 11:16:33+00:00,2025-10-08 11:24:28+00:00,8.005497685185185,
prometheus/prometheus,2025-09-30 11:20:24+00:00,2025-10-08 11:24:28+00:00,8.002824074074073,
prometheus/prometheus,2025-09-30 11:22:22+00:00,2025-10-08 11:24:28+00:00,8.001458333333334,
prometheus/prometheus,2025-09-30 11:54:48+00:00,2025-10-08 11:24:28+00:00,7.978935185185185,
prometheus/prometheus,2025-09-30 13:19:32+00:00,2025-10-08 11:24:28+00:00,7.920092592592592,
prometheus/prometheus,2025-09-30 13:58:59+00:00,2025-10-08 11:24:28+00:00,7.892696759259259,
prometheus/prometheus,2025-09-30 16:15:39+00:00,2025-10-08 11:24:28+00:00,7.7977893518518515,
prometheus/prometheus,2025-09-30 16:49:54+00:00,2025-10-08 11:24:28+00:00,7.77400462962963,
prometheus/prometheus,2025-10-01 08:54:09+00:00,2025-10-08 11:24:28+00:00,7.104386574074074,
prometheus/prometheus,2025-10-01 08:54:11+00:00,2025-10-08 11:24:28+00:00,7.104363425925926,
prometheus/prometheus,2025-10-01 09:31:08+00:00,2025-10-08 11:24:28+00:00,7.078703703703703,
prometheus/prometheus,2025-10-01 14:58:28+00:00,2025-10-08 11:24:28+00:00,6.851388888888889,
prometheus/prometheus,2025-10-01 16:05:14+00:00,2025-10-08 11:24:28+00:00,6.805023148148148,
prometheus/prometheus,2025-10-02 09:51:05+00:00,2025-10-08 11:24:28+00:00,6.064849537037037,
prometheus/prometheus,2025-10-02 10:38:54+00:00,2025-10-08 11:24:28+00:00,6.031643518518519,
prometheus/prometheus,2025-10-06 11:53:44+00:00,2025-10-08 11:24:28+00:00,1.979675925925926,
prometheus/prometheus,2025-10-06 11:55:08+00:00,2025-10-08 11:24:28+00:00,1.9787037037037036,
prometheus/prometheus,2025-10-06 16:11:03+00:00,2025-10-08 11:24:28+00:00,1.8009837962962962,
prometheus/prometheus,2025-10-07 06:29:29+00:00,2025-10-08 11:24:28+00:00,1.2048495370370371,
prometheus/prometheus,2025-10-07 07:30:33+00:00,2025-10-08 11:24:28+00:00,1.1624421296296297,
prometheus/prometheus,2025-10-07 11:06:49+00:00,2025-10-08 11:24:28+00:00,1.0122569444444445,
prometheus/prometheus,2025-10-07 13:22:53+00:00,2025-10-08 11:24:28+00:00,0.9177662037037037,
prometheus/prometheus,2025-10-07 13:24:58+00:00,2025-10-08 11:24:28+00:00,0.9163194444444445,
prometheus/prometheus,2025-10-07 13:38:59+00:00,2025-10-08 11:24:28+00:00,0.9065856481481481,
prometheus/prometheus,2025-10-07 14:23:36+00:00,2025-10-08 11:24:28+00:00,0.8756018518518518,
prometheus/prometheus,2025-10-07 14:30:32+00:00,2025-10-08 11:24:28+00:00,0.8707870370370371,
prometheus/prometheus,2025-10-07 15:38:56+00:00,2025-10-08 11:24:28+00:00,0.823287037037037,
prometheus/prometheus,2025-10-07 16:40:08+00:00,2025-10-08 11:24:28+00:00,0.780787037037037,
prometheus/prometheus,2025-10-08 10:15:46+00:00,2025-10-08 11:24:28+00:00,0.04770833333333333,
prometheus/prometheus,2025-10-08 13:31:21+00:00,2025-10-15 11:12:57+00:00,6.903888888888889,
prometheus/prometheus,2025-10-10 05:25:01+00:00,2025-10-15 11:12:57+00:00,5.24162037037037,
prometheus/prometheus,2025-10-10 08:16:34+00:00,2025-10-15 11:12:57+00:00,5.122488425925926,
prometheus/prometheus,2025-10-12 14:10:17+00:00,2025-10-15 11:12:57+00:00,2.876851851851852,
prometheus/prometheus,2025-10-13 08:50:53+00:00,2025-10-15 11:12:57+00:00,2.0986574074074076,
prometheus/prometheus,2025-10-14 09:22:18+00:00,2025-10-15 11:12:57+00:00,1.0768402777777777,
prometheus/prometheus,2025-10-14 11:03:17+00:00,2025-10-15 11:12:57+00:00,1.006712962962963,
prometheus/prometheus,2025-10-14 11:08:25+00:00,2025-10-15 11:12:57+00:00,1.0031481481481481,
prometheus/prometheus,2025-10-14 11:29:23+00:00,2025-10-15 11:12:57+00:00,0.9885879629629629,
prometheus/prometheus,2025-10-15 07:34:06+00:00,2025-10-15 11:12:57+00:00,0.15197916666666667,
prometheus/prometheus,2025-10-15 10:08:05+00:00,2025-10-15 11:12:57+00:00,0.0450462962962963,
prometheus/prometheus,2025-10-15 13:04:46+00:00,2025-10-17 08:40:17+00:00,1.8163310185185184,
prometheus/prometheus,2025-10-15 13:30:52+00:00,2025-10-17 08:40:17+00:00,1.7982060185185185,
prometheus/prometheus,2025-10-15 13:46:32+00:00,2025-10-17 08:40:17+00:00,1.7873263888888888,
prometheus/prometheus,2025-10-15 17:19:41+00:00,2025-10-17 08:40:17+00:00,1.6393055555555556,
prometheus/prometheus,2025-10-17 06:19:45+00:00,2025-10-17 08:40:17+00:00,0.09759259259259259,
prometheus/prometheus,2025-10-17 06:20:21+00:00,2025-10-17 08:40:17+00:00,0.09717592592592593,
prometheus/prometheus,2025-10-17 09:17:31+00:00,2025-10-22 15:59:37+00:00,5.2792361111111115,
prometheus/prometheus,2025-10-17 09:47:00+00:00,2025-10-22 15:59:37+00:00,5.258761574074074,
prometheus/prometheus,2025-10-17 10:33:03+00:00,2025-10-22 15:59:37+00:00,5.226782407407407,
prometheus/prometheus,2025-10-17 11:36:24+00:00,2025-10-22 15:59:37+00:00,5.182789351851852,
prometheus/prometheus,2025-10-17 15:17:48+00:00,2025-10-22 15:59:37+00:00,5.029039351851852,
prometheus/prometheus,2025-10-17 23:03:52+00:00,2025-10-22 15:59:37+00:00,4.7053819444444445,
prometheus/prometheus,2025-10-19 11:14:20+00:00,2025-10-22 15:59:37+00:00,3.198113425925926,
prometheus/prometheus,2025-10-20 04:29:26+00:00,2025-10-22 15:59:37+00:00,2.4792939814814816,
prometheus/prometheus,2025-10-20 17:59:13+00:00,2025-10-22 15:59:37+00:00,1.9169444444444443,
prometheus/prometheus,2025-10-22 06:27:35+00:00,2025-10-22 15:59:37+00:00,0.3972453703703704,
prometheus/prometheus,2025-10-22 06:46:27+00:00,2025-10-22 15:59:37+00:00,0.3841435185185185,
prometheus/prometheus,2025-10-22 07:22:49+00:00,2025-10-22 15:59:37+00:00,0.35888888888888887,
prometheus/prometheus,2025-10-22 08:27:27+00:00,2025-10-22 15:59:37+00:00,0.3140046296296296,
prometheus/prometheus,2025-10-22 08:27:57+00:00,2025-10-22 15:59:37+00:00,0.3136574074074074,
prometheus/prometheus,2025-10-22 08:28:45+00:00,2025-10-22 15:59:37+00:00,0.31310185185185185,
prometheus/prometheus,2025-10-22 08:29:26+00:00,2025-10-22 15:59:37+00:00,0.3126273148148148,
prometheus/prometheus,2025-10-22 08:36:52+00:00,2025-10-22 15:59:37+00:00,0.30746527777777777,
prometheus/prometheus,2025-10-22 08:38:19+00:00,2025-10-22 15:59:37+00:00,0.30645833333333333,
prometheus/prometheus,2025-10-22 09:00:22+00:00,2025-10-22 15:59:37+00:00,0.2911458333333333,
prometheus/prometheus,2025-10-22 09:01:20+00:00,2025-10-22 15:59:37+00:00,0.290474537037037,
prometheus/prometheus,2025-10-22 09:02:56+00:00,2025-10-22 15:59:37+00:00,0.2893634259259259,
prometheus/prometheus,2025-10-22 09:23:23+00:00,2025-10-22 15:59:37+00:00,0.275162037037037,
prometheus/prometheus,2025-10-22 09:33:32+00:00,2025-10-22 15:59:37+00:00,0.2681134259259259,
prometheus/prometheus,2025-10-22 09:33:44+00:00,2025-10-22 15:59:37+00:00,0.26797453703703705,
prometheus/prometheus,2025-10-22 09:34:20+00:00,2025-10-22 15:59:37+00:00,0.2675578703703704,
prometheus/prometheus,2025-10-22 12:31:56+00:00,2025-10-22 15:59:37+00:00,0.14422453703703703,
prometheus/prometheus,2025-10-23 07:42:19+00:00,2025-10-30 08:13:00+00:00,7.021307870370371,
prometheus/prometheus,2025-10-23 07:56:44+00:00,2025-10-30 08:13:00+00:00,7.011296296296297,
prometheus/prometheus,2025-10-23 08:08:27+00:00,2025-10-30 08:13:00+00:00,7.003159722222223,
prometheus/prometheus,2025-10-23 09:21:06+00:00,2025-10-30 08:13:00+00:00,6.952708333333334,
prometheus/prometheus,2025-10-23 09:35:16+00:00,2025-10-30 08:13:00+00:00,6.94287037037037,
prometheus/prometheus,2025-10-23 09:47:42+00:00,2025-10-30 08:13:00+00:00,6.934236111111111,
prometheus/prometheus,2025-10-23 09:48:36+00:00,2025-10-30 08:13:00+00:00,6.933611111111111,
prometheus/prometheus,2025-10-23 13:03:02+00:00,2025-10-30 08:13:00+00:00,6.798587962962963,
prometheus/prometheus,2025-10-23 13:13:33+00:00,2025-10-30 08:13:00+00:00,6.791284722222223,
prometheus/prometheus,2025-10-23 15:39:23+00:00,2025-10-30 08:13:00+00:00,6.690011574074074,
prometheus/prometheus,2025-10-24 09:31:34+00:00,2025-10-30 08:13:00+00:00,5.945439814814815,
prometheus/prometheus,2025-10-24 10:07:07+00:00,2025-10-30 08:13:00+00:00,5.9207523148148145,
prometheus/prometheus,2025-10-24 10:49:46+00:00,2025-10-30 08:13:00+00:00,5.8911342592592595,
prometheus/prometheus,2025-10-24 12:08:01+00:00,2025-10-30 08:13:00+00:00,5.836793981481481,
prometheus/prometheus,2025-10-24 14:50:53+00:00,2025-10-30 08:13:00+00:00,5.7236921296296295,
prometheus/prometheus,2025-10-27 12:41:23+00:00,2025-10-30 08:13:00+00:00,2.813622685185185,
prometheus/prometheus,2025-10-27 13:11:36+00:00,2025-10-30 08:13:00+00:00,2.792638888888889,
prometheus/prometheus,2025-10-27 13:56:49+00:00,2025-10-30 08:13:00+00:00,2.7612384259259257,
prometheus/prometheus,2025-10-27 14:51:33+00:00,2025-10-30 08:13:00+00:00,2.7232291666666666,
prometheus/prometheus,2025-10-27 15:21:14+00:00,2025-10-30 08:13:00+00:00,2.702615740740741,
prometheus/prometheus,2025-10-28 11:06:32+00:00,2025-10-30 08:13:00+00:00,1.8794907407407409,
prometheus/prometheus,2025-10-28 12:07:10+00:00,2025-10-30 08:13:00+00:00,1.8373842592592593,
prometheus/prometheus,2025-10-28 12:32:41+00:00,2025-10-30 08:13:00+00:00,1.8196643518518518,
prometheus/prometheus,2025-10-28 12:57:21+00:00,2025-10-30 08:13:00+00:00,1.8025347222222223,
prometheus/prometheus,2025-10-28 13:34:52+00:00,2025-10-30 08:13:00+00:00,1.7764814814814816,
prometheus/prometheus,2025-10-28 14:13:43+00:00,2025-10-30 08:13:00+00:00,1.7495023148148148,
prometheus/prometheus,2025-10-28 16:40:34+00:00,2025-10-30 08:13:00+00:00,1.647523148148148,
prometheus/prometheus,2025-10-28 17:23:32+00:00,2025-10-30 08:13:00+00:00,1.6176851851851852,
prometheus/prometheus,2025-10-29 14:02:02+00:00,2025-10-30 08:13:00+00:00,0.7576157407407408,
prometheus/prometheus,2025-10-29 14:04:09+00:00,2025-10-30 08:13:00+00:00,0.7561458333333333,
prometheus/prometheus,2025-10-30 07:21:26+00:00,2025-10-30 08:13:00+00:00,0.03581018518518519,
prometheus/prometheus,2025-10-30 07:44:26+00:00,2025-10-30 08:13:00+00:00,0.019837962962962963,
prometheus/prometheus,2025-10-30 08:07:49+00:00,2025-10-30 08:13:00+00:00,0.003599537037037037,
prometheus/prometheus,2025-10-30 10:34:53+00:00,2025-11-19 20:29:09+00:00,20.412685185185186,
prometheus/prometheus,2025-10-30 15:56:48+00:00,2025-11-19 20:29:09+00:00,20.189131944444444,
prometheus/prometheus,2025-10-31 08:59:04+00:00,2025-11-19 20:29:09+00:00,19.479224537037037,
prometheus/prometheus,2025-10-31 11:38:41+00:00,2025-11-19 20:29:09+00:00,19.36837962962963,
prometheus/prometheus,2025-11-02 12:51:55+00:00,2025-11-19 20:29:09+00:00,17.317523148148148,
prometheus/prometheus,2025-11-03 09:22:47+00:00,2025-11-19 20:29:09+00:00,16.46275462962963,
prometheus/prometheus,2025-11-04 05:13:49+00:00,2025-11-19 20:29:09+00:00,15.635648148148148,
prometheus/prometheus,2025-11-04 08:16:58+00:00,2025-11-19 20:29:09+00:00,15.508460648148148,
prometheus/prometheus,2025-11-04 12:24:06+00:00,2025-11-19 20:29:09+00:00,15.336840277777778,
prometheus/prometheus,2025-11-04 13:59:49+00:00,2025-11-19 20:29:09+00:00,15.27037037037037,
prometheus/prometheus,2025-11-04 14:26:15+00:00,2025-11-19 20:29:09+00:00,15.25201388888889,
prometheus/prometheus,2025-11-05 12:47:34+00:00,2025-11-19 20:29:09+00:00,14.320543981481482,
prometheus/prometheus,2025-11-06 08:38:27+00:00,2025-11-19 20:29:09+00:00,13.493541666666667,
prometheus/prometheus,2025-11-06 10:25:37+00:00,2025-11-19 20:29:09+00:00,13.41912037037037,
prometheus/prometheus,2025-11-06 10:28:57+00:00,2025-11-19 20:29:09+00:00,13.416805555555555,
prometheus/prometheus,2025-11-06 10:30:11+00:00,2025-11-19 20:29:09+00:00,13.415949074074074,
prometheus/prometheus,2025-11-06 10:31:30+00:00,2025-11-19 20:29:09+00:00,13.415034722222222,
prometheus/prometheus,2025-11-06 10:31:59+00:00,2025-11-19 20:29:09+00:00,13.414699074074074,
prometheus/prometheus,2025-11-06 10:32:27+00:00,2025-11-19 20:29:09+00:00,13.414375,
prometheus/prometheus,2025-11-06 12:01:01+00:00,2025-11-19 20:29:09+00:00,13.35287037037037,
prometheus/prometheus,2025-11-06 12:01:40+00:00,2025-11-19 20:29:09+00:00,13.352418981481481,
prometheus/prometheus,2025-11-06 12:02:29+00:00,2025-11-19 20:29:09+00:00,13.351851851851851,
prometheus/prometheus,2025-11-06 12:41:16+00:00,2025-11-19 20:29:09+00:00,13.324918981481481,
prometheus/prometheus,2025-11-06 14:39:43+00:00,2025-11-19 20:29:09+00:00,13.242662037037038,
prometheus/prometheus,2025-11-06 15:09:00+00:00,2025-11-19 20:29:09+00:00,13.222326388888888,
prometheus/prometheus,2025-11-06 15:47:53+00:00,2025-11-19 20:29:09+00:00,13.195324074074074,
prometheus/prometheus,2025-11-06 15:48:37+00:00,2025-11-19 20:29:09+00:00,13.194814814814816,
prometheus/prometheus,2025-11-06 16:25:14+00:00,2025-11-19 20:29:09+00:00,13.169386574074075,
prometheus/prometheus,2025-11-06 17:28:35+00:00,2025-11-19 20:29:09+00:00,13.125393518518518,
prometheus/prometheus,2025-11-06 20:24:07+00:00,2025-11-19 20:29:09+00:00,13.00349537037037,
prometheus/prometheus,2025-11-07 09:23:05+00:00,2025-11-19 20:29:09+00:00,12.462546296296296,
prometheus/prometheus,2025-11-07 13:20:01+00:00,2025-11-19 20:29:09+00:00,12.29800925925926,
prometheus/prometheus,2025-11-07 13:33:54+00:00,2025-11-19 20:29:09+00:00,12.288368055555555,
prometheus/prometheus,2025-11-07 13:36:14+00:00,2025-11-19 20:29:09+00:00,12.286747685185185,
prometheus/prometheus,2025-11-07 13:38:53+00:00,2025-11-19 20:29:09+00:00,12.284907407407408,
prometheus/prometheus,2025-11-07 13:39:51+00:00,2025-11-19 20:29:09+00:00,12.284236111111111,
prometheus/prometheus,2025-11-10 09:22:21+00:00,2025-11-19 20:29:09+00:00,9.463055555555556,
prometheus/prometheus,2025-11-10 10:43:06+00:00,2025-11-19 20:29:09+00:00,9.406979166666666,
prometheus/prometheus,2025-11-11 10:07:08+00:00,2025-11-19 20:29:09+00:00,8.431956018518518,
prometheus/prometheus,2025-11-11 10:42:59+00:00,2025-11-19 20:29:09+00:00,8.407060185185186,
prometheus/prometheus,2025-11-11 11:43:04+00:00,2025-11-19 20:29:09+00:00,8.365335648148148,
prometheus/prometheus,2025-11-11 12:47:37+00:00,2025-11-19 20:29:09+00:00,8.320509259259259,
prometheus/prometheus,2025-11-12 10:43:05+00:00,2025-11-19 20:29:09+00:00,7.406990740740741,
prometheus/prometheus,2025-11-12 10:53:32+00:00,2025-11-19 20:29:09+00:00,7.399733796296296,
prometheus/prometheus,2025-11-12 13:20:54+00:00,2025-11-19 20:29:09+00:00,7.297395833333334,
prometheus/prometheus,2025-11-13 08:53:12+00:00,2025-11-19 20:29:09+00:00,6.4832986111111115,
prometheus/prometheus,2025-11-13 10:17:51+00:00,2025-11-19 20:29:09+00:00,6.424513888888889,
prometheus/prometheus,2025-11-13 13:34:28+00:00,2025-11-19 20:29:09+00:00,6.287974537037037,
prometheus/prometheus,2025-11-13 13:51:39+00:00,2025-11-19 20:29:09+00:00,6.276041666666667,
prometheus/prometheus,2025-11-13 14:07:11+00:00,2025-11-19 20:29:09+00:00,6.26525462962963,
prometheus/prometheus,2025-11-13 14:17:52+00:00,2025-11-19 20:29:09+00:00,6.2578356481481485,
prometheus/prometheus,2025-11-13 15:59:14+00:00,2025-11-19 20:29:09+00:00,6.18744212962963,
prometheus/prometheus,2025-11-14 08:42:20+00:00,2025-11-19 20:29:09+00:00,5.490844907407407,
prometheus/prometheus,2025-11-14 15:16:44+00:00,2025-11-19 20:29:09+00:00,5.216956018518519,
prometheus/prometheus,2025-11-14 17:32:27+00:00,2025-11-19 20:29:09+00:00,5.122708333333334,
prometheus/prometheus,2025-11-14 17:36:34+00:00,2025-11-19 20:29:09+00:00,5.119849537037037,
prometheus/prometheus,2025-11-15 18:02:15+00:00,2025-11-19 20:29:09+00:00,4.102013888888889,
prometheus/prometheus,2025-11-15 20:07:36+00:00,2025-11-19 20:29:09+00:00,4.014965277777778,
prometheus/prometheus,2025-11-15 20:09:01+00:00,2025-11-19 20:29:09+00:00,4.013981481481482,
prometheus/prometheus,2025-11-16 10:28:50+00:00,2025-11-19 20:29:09+00:00,3.416886574074074,
prometheus/prometheus,2025-11-17 09:37:56+00:00,2025-11-19 20:29:09+00:00,2.452233796296296,
prometheus/prometheus,2025-11-17 14:59:40+00:00,2025-11-19 20:29:09+00:00,2.22880787037037,
prometheus/prometheus,2025-11-17 15:00:12+00:00,2025-11-19 20:29:09+00:00,2.2284375,
prometheus/prometheus,2025-11-18 09:37:09+00:00,2025-11-19 20:29:09+00:00,1.4527777777777777,
prometheus/prometheus,2025-11-18 11:45:33+00:00,2025-11-19 20:29:09+00:00,1.363611111111111,
prometheus/prometheus,2025-11-18 14:44:41+00:00,2025-11-19 20:29:09+00:00,1.239212962962963,
prometheus/prometheus,2025-11-18 15:24:21+00:00,2025-11-19 20:29:09+00:00,1.2116666666666667,
prometheus/prometheus,2025-11-18 16:49:22+00:00,2025-11-19 20:29:09+00:00,1.1526273148148147,
prometheus/prometheus,2025-11-19 09:42:04+00:00,2025-11-19 20:29:09+00:00,0.44936342592592593,
prometheus/prometheus,2025-11-19 13:03:33+00:00,2025-11-19 20:29:09+00:00,0.30944444444444447,
prometheus/prometheus,2025-11-19 15:04:50+00:00,2025-11-19 20:29:09+00:00,0.2252199074074074,
prometheus/prometheus,2025-11-19 19:45:43+00:00,2025-11-19 20:29:09+00:00,0.030162037037037036,
prometheus/prometheus,2025-11-20 07:56:39+00:00,2025-11-24 19:57:48+00:00,4.500798611111111,
prometheus/prometheus,2025-11-20 13:07:49+00:00,2025-11-24 19:57:48+00:00,4.284710648148148,
prometheus/prometheus,2025-11-20 13:28:18+00:00,2025-11-24 19:57:48+00:00,4.270486111111111,
prometheus/prometheus,2025-11-20 14:36:22+00:00,2025-11-24 19:57:48+00:00,4.223217592592593,
prometheus/prometheus,2025-11-20 16:31:59+00:00,2025-11-24 19:57:48+00:00,4.142928240740741,
prometheus/prometheus,2025-11-20 23:22:24+00:00,2025-11-24 19:57:48+00:00,3.8579166666666667,
prometheus/prometheus,2025-11-21 10:17:19+00:00,2025-11-24 19:57:48+00:00,3.403113425925926,
prometheus/prometheus,2025-11-21 10:34:19+00:00,2025-11-24 19:57:48+00:00,3.3913078703703703,
prometheus/prometheus,2025-11-21 10:49:15+00:00,2025-11-24 19:57:48+00:00,3.3809375,
prometheus/prometheus,2025-11-21 15:10:49+00:00,2025-11-24 19:57:48+00:00,3.1992939814814814,
prometheus/prometheus,2025-11-24 08:31:28+00:00,2025-11-24 19:57:48+00:00,0.47662037037037036,
prometheus/prometheus,2025-11-24 10:37:38+00:00,2025-11-24 19:57:48+00:00,0.3890046296296296,
prometheus/prometheus,2025-11-24 19:17:55+00:00,2025-11-24 19:57:48+00:00,0.027696759259259258,
prometheus/prometheus,2025-11-25 09:06:30+00:00,2025-12-02 10:11:05+00:00,7.044849537037037,
prometheus/prometheus,2025-11-25 14:33:36+00:00,2025-12-02 10:11:05+00:00,6.81769675925926,
prometheus/prometheus,2025-11-25 21:30:43+00:00,2025-12-02 10:11:05+00:00,6.528032407407407,
prometheus/prometheus,2025-11-26 17:18:02+00:00,2025-12-02 10:11:05+00:00,5.703506944444444,
prometheus/prometheus,2025-11-27 17:45:35+00:00,2025-12-02 10:11:05+00:00,4.684375,
prometheus/prometheus,2025-11-27 18:30:19+00:00,2025-12-02 10:11:05+00:00,4.653310185185185,
prometheus/prometheus,2025-11-27 19:34:24+00:00,2025-12-02 10:11:05+00:00,4.60880787037037,
prometheus/prometheus,2025-11-28 09:41:00+00:00,2025-12-02 10:11:05+00:00,4.0208912037037035,
prometheus/prometheus,2025-12-02 08:53:55+00:00,2025-12-02 10:11:05+00:00,0.05358796296296296,
prometheus/prometheus,2025-12-02 10:39:45+00:00,2025-12-16 09:59:22+00:00,13.971956018518519,
prometheus/prometheus,2025-12-02 11:45:23+00:00,2025-12-16 09:59:22+00:00,13.926377314814815,
prometheus/prometheus,2025-12-02 15:23:48+00:00,2025-12-16 09:59:22+00:00,13.774699074074075,
prometheus/prometheus,2025-12-03 07:55:48+00:00,2025-12-16 09:59:22+00:00,13.085810185185185,
prometheus/prometheus,2025-12-03 14:43:05+00:00,2025-12-16 09:59:22+00:00,12.802974537037038,
prometheus/prometheus,2025-12-03 20:26:45+00:00,2025-12-16 09:59:22+00:00,12.564317129629629,
prometheus/prometheus,2025-12-04 09:47:24+00:00,2025-12-16 09:59:22+00:00,12.008310185185184,
prometheus/prometheus,2025-12-05 08:29:10+00:00,2025-12-16 09:59:22+00:00,11.06263888888889,
prometheus/prometheus,2025-12-08 18:09:28+00:00,2025-12-16 09:59:22+00:00,7.659652777777778,
prometheus/prometheus,2025-12-09 11:41:00+00:00,2025-12-16 09:59:22+00:00,6.929421296296296,
prometheus/prometheus,2025-12-09 15:06:10+00:00,2025-12-16 09:59:22+00:00,6.786944444444444,
prometheus/prometheus,2025-12-10 09:14:04+00:00,2025-12-16 09:59:22+00:00,6.031458333333333,
prometheus/prometheus,2025-12-10 14:06:05+00:00,2025-12-16 09:59:22+00:00,5.828668981481481,
prometheus/prometheus,2025-12-11 07:57:39+00:00,2025-12-16 09:59:22+00:00,5.084525462962963,
prometheus/prometheus,2025-12-11 08:11:42+00:00,2025-12-16 09:59:22+00:00,5.0747685185185185,
prometheus/prometheus,2025-12-11 08:14:35+00:00,2025-12-16 09:59:22+00:00,5.072766203703703,
prometheus/prometheus,2025-12-12 13:01:57+00:00,2025-12-16 09:59:22+00:00,3.8732060185185184,
prometheus/prometheus,2025-12-12 16:52:10+00:00,2025-12-16 09:59:22+00:00,3.7133333333333334,
prometheus/prometheus,2025-12-14 17:41:19+00:00,2025-12-16 09:59:22+00:00,1.6792013888888888,
prometheus/prometheus,2025-12-15 08:31:17+00:00,2025-12-16 09:59:22+00:00,1.0611689814814815,
prometheus/prometheus,2025-12-15 11:32:08+00:00,2025-12-16 09:59:22+00:00,0.9355787037037037,
prometheus/prometheus,2025-12-15 11:46:58+00:00,2025-12-16 09:59:22+00:00,0.9252777777777778,
prometheus/prometheus,2025-12-15 15:22:19+00:00,2025-12-16 09:59:22+00:00,0.7757291666666667,
prometheus/prometheus,2025-12-15 20:41:23+00:00,2025-12-16 09:59:22+00:00,0.5541550925925925,
prometheus/prometheus,2025-12-16 08:21:17+00:00,2025-12-16 09:59:22+00:00,0.06811342592592592,
prometheus/prometheus,2025-12-16 10:40:17+00:00,2025-12-23 14:05:07+00:00,7.142245370370371,
prometheus/prometheus,2025-12-16 11:35:44+00:00,2025-12-23 14:05:07+00:00,7.1037384259259255,
prometheus/prometheus,2025-12-16 11:40:45+00:00,2025-12-23 14:05:07+00:00,7.10025462962963,
prometheus/prometheus,2025-12-16 11:51:06+00:00,2025-12-23 14:05:07+00:00,7.093067129629629,
prometheus/prometheus,2025-12-16 17:30:42+00:00,2025-12-23 14:05:07+00:00,6.857233796296296,
prometheus/prometheus,2025-12-16 18:01:14+00:00,2025-12-23 14:05:07+00:00,6.836030092592592,
prometheus/prometheus,2025-12-16 21:50:51+00:00,2025-12-23 14:05:07+00:00,6.676574074074074,
prometheus/prometheus,2025-12-16 23:30:39+00:00,2025-12-23 14:05:07+00:00,6.607268518518518,
prometheus/prometheus,2025-12-17 09:43:35+00:00,2025-12-23 14:05:07+00:00,6.1816203703703705,
prometheus/prometheus,2025-12-17 10:47:17+00:00,2025-12-23 14:05:07+00:00,6.137384259259259,
prometheus/prometheus,2025-12-17 14:27:51+00:00,2025-12-23 14:05:07+00:00,5.984212962962963,
prometheus/prometheus,2025-12-17 15:13:49+00:00,2025-12-23 14:05:07+00:00,5.9522916666666665,
prometheus/prometheus,2025-12-18 10:19:06+00:00,2025-12-23 14:05:07+00:00,5.156956018518518,
prometheus/prometheus,2025-12-18 12:41:37+00:00,2025-12-23 14:05:07+00:00,5.057986111111111,
prometheus/prometheus,2025-12-18 17:14:14+00:00,2025-12-23 14:05:07+00:00,4.868668981481481,
prometheus/prometheus,2025-12-18 21:53:22+00:00,2025-12-23 14:05:07+00:00,4.674826388888889,
prometheus/prometheus,2025-12-19 10:20:10+00:00,2025-12-23 14:05:07+00:00,4.156215277777778,
prometheus/prometheus,2025-12-19 11:42:55+00:00,2025-12-23 14:05:07+00:00,4.09875,
prometheus/prometheus,2025-12-19 15:04:41+00:00,2025-12-23 14:05:07+00:00,3.9586342592592594,
prometheus/prometheus,2025-12-19 15:04:58+00:00,2025-12-23 14:05:07+00:00,3.9584375,
prometheus/prometheus,2025-12-21 08:27:46+00:00,2025-12-23 14:05:07+00:00,2.2342708333333334,
prometheus/prometheus,2025-12-21 08:28:30+00:00,2025-12-23 14:05:07+00:00,2.233761574074074,
prometheus/prometheus,2025-12-21 08:29:02+00:00,2025-12-23 14:05:07+00:00,2.233391203703704,
prometheus/prometheus,2025-12-21 08:29:37+00:00,2025-12-23 14:05:07+00:00,2.232986111111111,
prometheus/prometheus,2025-12-21 08:30:58+00:00,2025-12-23 14:05:07+00:00,2.2320486111111113,
prometheus/prometheus,2025-12-21 08:31:32+00:00,2025-12-23 14:05:07+00:00,2.2316550925925926,
prometheus/prometheus,2025-12-21 09:15:35+00:00,2025-12-23 14:05:07+00:00,2.201064814814815,
prometheus/prometheus,2025-12-21 19:55:03+00:00,2025-12-23 14:05:07+00:00,1.7569907407407408,
prometheus/prometheus,2025-12-22 09:38:48+00:00,2025-12-23 14:05:07+00:00,1.1849421296296296,
prometheus/prometheus,2025-12-22 15:28:08+00:00,2025-12-23 14:05:07+00:00,0.942349537037037,
prometheus/prometheus,2025-12-23 09:12:24+00:00,2025-12-23 14:05:07+00:00,0.20327546296296295,
prometheus/prometheus,2025-12-23 09:17:55+00:00,2025-12-23 14:05:07+00:00,0.19944444444444445,
prometheus/prometheus,2025-12-23 09:18:05+00:00,2025-12-23 14:05:07+00:00,0.1993287037037037,
prometheus/prometheus,2025-12-23 09:20:38+00:00,2025-12-23 14:05:07+00:00,0.19755787037037037,
prometheus/prometheus,2025-12-23 09:25:09+00:00,2025-12-23 14:05:07+00:00,0.1944212962962963,
prometheus/prometheus,2025-12-23 09:36:59+00:00,2025-12-23 14:05:07+00:00,0.1862037037037037,
prometheus/prometheus,2025-12-23 11:56:39+00:00,2025-12-23 14:05:07+00:00,0.08921296296296297,
prometheus/prometheus,2025-12-26 15:31:18+00:00,2026-01-07 10:23:50+00:00,11.78648148148148,
prometheus/prometheus,2025-12-27 12:50:19+00:00,2026-01-07 10:23:50+00:00,10.898275462962962,
prometheus/prometheus,2025-12-28 01:58:57+00:00,2026-01-07 10:23:50+00:00,10.350613425925927,
prometheus/prometheus,2025-12-28 11:08:07+00:00,2026-01-07 10:23:50+00:00,9.969247685185184,
prometheus/prometheus,2025-12-29 07:57:19+00:00,2026-01-07 10:23:50+00:00,9.101747685185185,
prometheus/prometheus,2025-12-29 09:50:23+00:00,2026-01-07 10:23:50+00:00,9.023229166666667,
prometheus/prometheus,2025-12-31 11:00:37+00:00,2026-01-07 10:23:50+00:00,6.974456018518518,
prometheus/prometheus,2025-12-31 11:06:53+00:00,2026-01-07 10:23:50+00:00,6.970104166666666,
prometheus/prometheus,2025-12-31 11:08:46+00:00,2026-01-07 10:23:50+00:00,6.968796296296296,
prometheus/prometheus,2025-12-31 11:12:22+00:00,2026-01-07 10:23:50+00:00,6.966296296296297,
prometheus/prometheus,2025-12-31 11:22:01+00:00,2026-01-07 10:23:50+00:00,6.959594907407407,
prometheus/prometheus,2025-12-31 14:23:03+00:00,2026-01-07 10:23:50+00:00,6.833877314814814,
prometheus/prometheus,2026-01-02 08:16:21+00:00,2026-01-07 10:23:50+00:00,5.088530092592593,
prometheus/prometheus,2026-01-02 08:17:39+00:00,2026-01-07 10:23:50+00:00,5.087627314814815,
prometheus/prometheus,2026-01-02 08:40:03+00:00,2026-01-07 10:23:50+00:00,5.072071759259259,
prometheus/prometheus,2026-01-02 09:15:43+00:00,2026-01-07 10:23:50+00:00,5.0473032407407405,
prometheus/prometheus,2026-01-04 14:18:48+00:00,2026-01-07 10:23:50+00:00,2.836828703703704,
prometheus/prometheus,2026-01-04 14:44:42+00:00,2026-01-07 10:23:50+00:00,2.8188425925925924,
prometheus/prometheus,2026-01-04 14:45:28+00:00,2026-01-07 10:23:50+00:00,2.8183101851851853,
prometheus/prometheus,2026-01-04 14:50:55+00:00,2026-01-07 10:23:50+00:00,2.814525462962963,
prometheus/prometheus,2026-01-04 14:53:47+00:00,2026-01-07 10:23:50+00:00,2.8125347222222223,
prometheus/prometheus,2026-01-04 15:46:03+00:00,2026-01-07 10:23:50+00:00,2.776238425925926,
prometheus/prometheus,2026-01-04 15:47:59+00:00,2026-01-07 10:23:50+00:00,2.7748958333333333,
prometheus/prometheus,2026-01-05 09:40:07+00:00,2026-01-07 10:23:50+00:00,2.030358796296296,
prometheus/prometheus,2026-01-05 11:11:28+00:00,2026-01-07 10:23:50+00:00,1.9669212962962963,
prometheus/prometheus,2026-01-05 11:13:25+00:00,2026-01-07 10:23:50+00:00,1.9655671296296295,
prometheus/prometheus,2026-01-05 12:46:21+00:00,2026-01-07 10:23:50+00:00,1.9010300925925927,
prometheus/prometheus,2026-01-05 16:59:37+00:00,2026-01-07 10:23:50+00:00,1.725150462962963,
prometheus/prometheus,2026-01-05 17:00:08+00:00,2026-01-07 10:23:50+00:00,1.7247916666666667,
prometheus/prometheus,2026-01-06 08:55:03+00:00,2026-01-07 10:23:50+00:00,1.0616550925925925,
prometheus/prometheus,2026-01-06 10:24:52+00:00,2026-01-07 10:23:50+00:00,0.9992824074074074,
prometheus/prometheus,2026-01-06 12:00:49+00:00,2026-01-07 10:23:50+00:00,0.932650462962963,
prometheus/prometheus,2026-01-06 13:07:23+00:00,2026-01-07 10:23:50+00:00,0.8864236111111111,
prometheus/prometheus,2026-01-06 13:34:30+00:00,2026-01-07 10:23:50+00:00,0.8675925925925926,
prometheus/prometheus,2026-01-06 13:44:23+00:00,2026-01-07 10:23:50+00:00,0.8607291666666667,
prometheus/prometheus,2026-01-06 13:46:47+00:00,2026-01-07 10:23:50+00:00,0.8590625,
prometheus/prometheus,2026-01-06 13:52:10+00:00,2026-01-07 10:23:50+00:00,0.8553240740740741,
prometheus/prometheus,2026-01-06 14:53:09+00:00,2026-01-07 10:23:50+00:00,0.812974537037037,
prometheus/prometheus,2026-01-06 16:30:06+00:00,2026-01-07 10:23:50+00:00,0.7456481481481482,
prometheus/prometheus,2026-01-07 07:44:57+00:00,2026-01-07 10:23:50+00:00,0.11033564814814815,
prometheus/prometheus,2026-01-07 12:21:56+00:00,2026-01-07 17:05:53+00:00,0.1971875,
prometheus/prometheus,2026-01-07 12:25:50+00:00,2026-01-07 17:05:53+00:00,0.19447916666666668,
prometheus/prometheus,2026-01-07 14:01:02+00:00,2026-01-07 17:05:53+00:00,0.12836805555555555,
prometheus/prometheus,2026-01-07 15:38:40+00:00,2026-01-07 17:05:53+00:00,0.06056712962962963,
prometheus/prometheus,2026-01-07 15:43:28+00:00,2026-01-07 17:05:53+00:00,0.057233796296296297,
prometheus/prometheus,2026-01-07 16:05:27+00:00,2026-01-07 17:05:53+00:00,0.04196759259259259,
prometheus/prometheus,2026-01-08 10:20:23+00:00,2026-01-22 13:50:27+00:00,14.14587962962963,
prometheus/prometheus,2026-01-08 10:43:54+00:00,2026-01-22 13:50:27+00:00,14.129548611111112,
prometheus/prometheus,2026-01-08 11:58:05+00:00,2026-01-22 13:50:27+00:00,14.078032407407408,
prometheus/prometheus,2026-01-08 13:06:33+00:00,2026-01-22 13:50:27+00:00,14.030486111111111,
prometheus/prometheus,2026-01-09 09:04:37+00:00,2026-01-22 13:50:27+00:00,13.19849537037037,
prometheus/prometheus,2026-01-09 11:40:00+00:00,2026-01-22 13:50:27+00:00,13.090590277777778,
prometheus/prometheus,2026-01-09 15:00:53+00:00,2026-01-22 13:50:27+00:00,12.951087962962964,
prometheus/prometheus,2026-01-12 15:51:45+00:00,2026-01-22 13:50:27+00:00,9.91576388888889,
prometheus/prometheus,2026-01-13 06:32:12+00:00,2026-01-22 13:50:27+00:00,9.304340277777778,
prometheus/prometheus,2026-01-13 06:35:11+00:00,2026-01-22 13:50:27+00:00,9.302268518518519,
prometheus/prometheus,2026-01-13 08:53:50+00:00,2026-01-22 13:50:27+00:00,9.205983796296296,
prometheus/prometheus,2026-01-13 09:21:33+00:00,2026-01-22 13:50:27+00:00,9.186736111111111,
prometheus/prometheus,2026-01-13 09:38:17+00:00,2026-01-22 13:50:27+00:00,9.175115740740742,
prometheus/prometheus,2026-01-13 10:41:57+00:00,2026-01-22 13:50:27+00:00,9.130902777777777,
prometheus/prometheus,2026-01-13 13:38:58+00:00,2026-01-22 13:50:27+00:00,9.007974537037038,
prometheus/prometheus,2026-01-13 17:07:28+00:00,2026-01-22 13:50:27+00:00,8.86318287037037,
prometheus/prometheus,2026-01-14 13:48:33+00:00,2026-01-22 13:50:27+00:00,8.001319444444444,
prometheus/prometheus,2026-01-14 15:44:51+00:00,2026-01-22 13:50:27+00:00,7.920555555555556,
prometheus/prometheus,2026-01-15 07:49:38+00:00,2026-01-22 13:50:27+00:00,7.25056712962963,
prometheus/prometheus,2026-01-15 08:33:16+00:00,2026-01-22 13:50:27+00:00,7.220266203703703,
prometheus/prometheus,2026-01-16 09:32:53+00:00,2026-01-22 13:50:27+00:00,6.178865740740741,
prometheus/prometheus,2026-01-16 09:50:39+00:00,2026-01-22 13:50:27+00:00,6.166527777777778,
prometheus/prometheus,2026-01-16 10:30:05+00:00,2026-01-22 13:50:27+00:00,6.139143518518519,
prometheus/prometheus,2026-01-16 11:54:31+00:00,2026-01-22 13:50:27+00:00,6.08050925925926,
prometheus/prometheus,2026-01-16 13:04:14+00:00,2026-01-22 13:50:27+00:00,6.032094907407408,
prometheus/prometheus,2026-01-19 11:14:31+00:00,2026-01-22 13:50:27+00:00,3.1082870370370372,
prometheus/prometheus,2026-01-19 11:57:06+00:00,2026-01-22 13:50:27+00:00,3.078715277777778,
prometheus/prometheus,2026-01-19 14:09:59+00:00,2026-01-22 13:50:27+00:00,2.986435185185185,
prometheus/prometheus,2026-01-19 19:05:52+00:00,2026-01-22 13:50:27+00:00,2.7809606481481484,
prometheus/prometheus,2026-01-20 09:13:40+00:00,2026-01-22 13:50:27+00:00,2.1922106481481483,
prometheus/prometheus,2026-01-20 09:33:08+00:00,2026-01-22 13:50:27+00:00,2.1786921296296295,
prometheus/prometheus,2026-01-20 10:07:05+00:00,2026-01-22 13:50:27+00:00,2.1551157407407406,
prometheus/prometheus,2026-01-20 11:14:02+00:00,2026-01-22 13:50:27+00:00,2.108622685185185,
prometheus/prometheus,2026-01-20 11:15:43+00:00,2026-01-22 13:50:27+00:00,2.1074537037037038,
prometheus/prometheus,2026-01-20 11:43:41+00:00,2026-01-22 13:50:27+00:00,2.0880324074074075,
prometheus/prometheus,2026-01-20 11:47:34+00:00,2026-01-22 13:50:27+00:00,2.085335648148148,
prometheus/prometheus,2026-01-20 11:48:57+00:00,2026-01-22 13:50:27+00:00,2.084375,
prometheus/prometheus,2026-01-20 11:50:26+00:00,2026-01-22 13:50:27+00:00,2.0833449074074073,
prometheus/prometheus,2026-01-20 11:59:15+00:00,2026-01-22 13:50:27+00:00,2.0772222222222223,
prometheus/prometheus,2026-01-20 11:59:22+00:00,2026-01-22 13:50:27+00:00,2.077141203703704,
prometheus/prometheus,2026-01-20 12:53:41+00:00,2026-01-22 13:50:27+00:00,2.0394212962962963,
prometheus/prometheus,2026-01-20 15:53:28+00:00,2026-01-22 13:50:27+00:00,1.9145717592592593,
prometheus/prometheus,2026-01-21 08:21:56+00:00,2026-01-22 13:50:27+00:00,1.2281365740740742,
prometheus/prometheus,2026-01-21 13:02:59+00:00,2026-01-22 13:50:27+00:00,1.0329629629629629,
prometheus/prometheus,2026-01-21 13:28:00+00:00,2026-01-22 13:50:27+00:00,1.0155902777777779,
prometheus/prometheus,2026-01-21 15:25:31+00:00,2026-01-22 13:50:27+00:00,0.9339814814814815,
prometheus/prometheus,2026-01-22 10:34:01+00:00,2026-01-22 13:50:27+00:00,0.13641203703703703,
prometheus/prometheus,2026-01-22 10:50:58+00:00,2026-01-22 13:50:27+00:00,0.1246412037037037,
prometheus/prometheus,2026-01-22 11:24:35+00:00,2026-01-22 13:50:27+00:00,0.1012962962962963,
tektoncd/pipeline,2024-01-09 09:56:54+00:00,2024-01-10 14:20:07+00:00,1.1827893518518517,
tektoncd/pipeline,2024-01-15 19:24:57+00:00,2024-01-19 21:01:21+00:00,4.066944444444444,
tektoncd/pipeline,2024-01-15 20:16:57+00:00,2024-01-19 21:01:21+00:00,4.030833333333334,
tektoncd/pipeline,2024-01-16 21:42:58+00:00,2024-01-19 21:01:21+00:00,2.971099537037037,
tektoncd/pipeline,2024-01-16 21:43:05+00:00,2024-01-19 21:01:21+00:00,2.9710185185185187,
tektoncd/pipeline,2024-01-17 19:34:58+00:00,2024-01-19 21:01:21+00:00,2.059988425925926,
tektoncd/pipeline,2024-01-17 19:35:05+00:00,2024-01-19 21:01:21+00:00,2.0599074074074073,
tektoncd/pipeline,2024-01-19 10:42:59+00:00,2024-01-19 21:01:21+00:00,0.4294212962962963,
tektoncd/pipeline,2024-01-22 14:19:01+00:00,2024-02-13 16:36:20+00:00,22.095358796296296,
tektoncd/pipeline,2024-01-22 15:27:01+00:00,2024-02-13 16:36:20+00:00,22.048136574074075,
tektoncd/pipeline,2024-01-22 15:27:08+00:00,2024-02-13 16:36:20+00:00,22.048055555555557,
tektoncd/pipeline,2024-01-22 16:21:01+00:00,2024-02-13 16:36:20+00:00,22.010636574074073,
tektoncd/pipeline,2024-01-22 17:13:01+00:00,2024-02-13 16:36:20+00:00,21.974525462962962,
tektoncd/pipeline,2024-01-23 09:39:02+00:00,2024-02-13 16:36:20+00:00,21.289791666666666,
tektoncd/pipeline,2024-01-23 17:53:01+00:00,2024-02-13 16:36:20+00:00,20.946747685185183,
tektoncd/pipeline,2024-01-23 17:53:08+00:00,2024-02-13 16:36:20+00:00,20.946666666666665,
tektoncd/pipeline,2024-01-23 17:53:15+00:00,2024-02-13 16:36:20+00:00,20.946585648148147,
tektoncd/pipeline,2024-01-23 17:53:22+00:00,2024-02-13 16:36:20+00:00,20.94650462962963,
tektoncd/pipeline,2024-01-23 17:53:29+00:00,2024-02-13 16:36:20+00:00,20.94642361111111,
tektoncd/pipeline,2024-01-23 19:01:02+00:00,2024-02-13 16:36:20+00:00,20.89951388888889,
tektoncd/pipeline,2024-01-24 09:55:03+00:00,2024-02-13 16:36:20+00:00,20.27866898148148,
tektoncd/pipeline,2024-01-24 09:55:10+00:00,2024-02-13 16:36:20+00:00,20.278587962962963,
tektoncd/pipeline,2024-01-24 11:29:03+00:00,2024-02-13 16:36:20+00:00,20.213391203703704,
tektoncd/pipeline,2024-01-24 16:17:03+00:00,2024-02-13 16:36:20+00:00,20.013391203703705,
tektoncd/pipeline,2024-01-25 04:45:03+00:00,2024-02-13 16:36:20+00:00,19.49394675925926,
tektoncd/pipeline,2024-01-25 14:17:04+00:00,2024-02-13 16:36:20+00:00,19.096712962962965,
tektoncd/pipeline,2024-01-25 14:17:11+00:00,2024-02-13 16:36:20+00:00,19.096631944444443,
tektoncd/pipeline,2024-01-25 14:59:03+00:00,2024-02-13 16:36:20+00:00,19.067557870370372,
tektoncd/pipeline,2024-01-25 18:09:03+00:00,2024-02-13 16:36:20+00:00,18.935613425925926,
tektoncd/pipeline,2024-01-25 19:03:03+00:00,2024-02-13 16:36:20+00:00,18.898113425925924,
tektoncd/pipeline,2024-01-26 10:47:03+00:00,2024-02-13 16:36:20+00:00,18.24255787037037,
tektoncd/pipeline,2024-01-29 16:07:04+00:00,2024-02-13 16:36:20+00:00,15.020324074074074,
tektoncd/pipeline,2024-02-06 11:49:17+00:00,2024-02-13 16:36:20+00:00,7.199340277777778,
tektoncd/pipeline,2024-02-06 16:19:17+00:00,2024-02-13 16:36:20+00:00,7.011840277777778,
tektoncd/pipeline,2024-02-07 19:55:17+00:00,2024-02-13 16:36:20+00:00,5.861840277777778,
tektoncd/pipeline,2024-02-08 10:01:18+00:00,2024-02-13 16:36:20+00:00,5.274328703703704,
tektoncd/pipeline,2024-02-08 10:01:25+00:00,2024-02-13 16:36:20+00:00,5.274247685185185,
tektoncd/pipeline,2024-02-08 10:01:31+00:00,2024-02-13 16:36:20+00:00,5.274178240740741,
tektoncd/pipeline,2024-02-09 15:05:20+00:00,2024-02-13 16:36:20+00:00,4.063194444444444,
tektoncd/pipeline,2024-02-09 17:31:18+00:00,2024-02-13 16:36:20+00:00,3.961828703703704,
tektoncd/pipeline,2024-02-12 01:11:19+00:00,2024-02-13 16:36:20+00:00,1.6423726851851852,
tektoncd/pipeline,2024-02-12 12:45:21+00:00,2024-02-13 16:36:20+00:00,1.1604050925925926,
tektoncd/pipeline,2024-02-12 12:45:28+00:00,2024-02-13 16:36:20+00:00,1.1603240740740741,
tektoncd/pipeline,2024-02-12 12:47:20+00:00,2024-02-13 16:36:20+00:00,1.1590277777777778,
tektoncd/pipeline,2024-02-12 12:47:20+00:00,2024-02-13 16:36:20+00:00,1.1590277777777778,
tektoncd/pipeline,2024-02-12 12:49:20+00:00,2024-02-13 16:36:20+00:00,1.1576388888888889,
tektoncd/pipeline,2024-02-12 13:35:19+00:00,2024-02-13 16:36:20+00:00,1.1257060185185186,
tektoncd/pipeline,2024-02-12 17:45:20+00:00,2024-02-13 16:36:20+00:00,0.9520833333333333,
tektoncd/pipeline,2024-02-12 17:45:27+00:00,2024-02-13 16:36:20+00:00,0.9520023148148148,
tektoncd/pipeline,2024-02-12 18:33:21+00:00,2024-02-13 16:36:20+00:00,0.9187384259259259,
tektoncd/pipeline,2024-02-12 18:33:27+00:00,2024-02-13 16:36:20+00:00,0.9186689814814815,
tektoncd/pipeline,2024-02-12 19:53:21+00:00,2024-02-13 16:36:20+00:00,0.8631828703703703,
tektoncd/pipeline,2024-02-12 20:13:20+00:00,2024-02-13 16:36:20+00:00,0.8493055555555555,
tektoncd/pipeline,2024-02-12 20:53:20+00:00,2024-02-13 16:36:20+00:00,0.8215277777777777,
tektoncd/pipeline,2024-02-13 08:27:20+00:00,2024-02-13 16:36:20+00:00,0.33958333333333335,
tektoncd/pipeline,2024-02-13 09:43:20+00:00,2024-02-13 16:36:20+00:00,0.28680555555555554,
tektoncd/pipeline,2024-02-13 09:43:26+00:00,2024-02-13 16:36:20+00:00,0.28673611111111114,
tektoncd/pipeline,2024-02-13 14:25:20+00:00,2024-02-13 16:36:20+00:00,0.09097222222222222,
tektoncd/pipeline,2024-02-13 14:25:27+00:00,2024-02-13 16:36:20+00:00,0.09089120370370371,
tektoncd/pipeline,2024-02-13 18:11:20+00:00,2024-02-20 20:22:07+00:00,7.090821759259259,
tektoncd/pipeline,2024-02-15 15:57:21+00:00,2024-02-20 20:22:07+00:00,5.183865740740741,
tektoncd/pipeline,2024-02-15 17:17:21+00:00,2024-02-20 20:22:07+00:00,5.128310185185185,
tektoncd/pipeline,2024-02-15 18:11:21+00:00,2024-02-20 20:22:07+00:00,5.090810185185185,
tektoncd/pipeline,2024-02-16 17:29:22+00:00,2024-02-20 20:22:07+00:00,4.119965277777778,
tektoncd/pipeline,2024-02-16 18:57:21+00:00,2024-02-20 20:22:07+00:00,4.058865740740741,
tektoncd/pipeline,2024-02-19 09:33:23+00:00,2024-02-20 20:22:07+00:00,1.4505092592592592,
tektoncd/pipeline,2024-02-19 09:33:30+00:00,2024-02-20 20:22:07+00:00,1.4504282407407407,
tektoncd/pipeline,2024-02-19 10:19:23+00:00,2024-02-20 20:22:07+00:00,1.418564814814815,
tektoncd/pipeline,2024-02-20 08:55:23+00:00,2024-02-20 20:22:07+00:00,0.4768981481481481,
tektoncd/pipeline,2024-02-20 09:39:24+00:00,2024-02-20 20:22:07+00:00,0.44633101851851853,
tektoncd/pipeline,2024-02-20 16:55:24+00:00,2024-02-20 20:22:07+00:00,0.14355324074074075,
tektoncd/pipeline,2024-02-21 09:01:24+00:00,2024-03-05 21:42:16+00:00,13.52837962962963,
tektoncd/pipeline,2024-02-21 10:15:24+00:00,2024-03-05 21:42:16+00:00,13.47699074074074,
tektoncd/pipeline,2024-02-21 16:31:25+00:00,2024-03-05 21:42:16+00:00,13.215868055555555,
tektoncd/pipeline,2024-02-21 18:55:25+00:00,2024-03-05 21:42:16+00:00,13.115868055555556,
tektoncd/pipeline,2024-02-22 09:31:25+00:00,2024-03-05 21:42:16+00:00,12.507534722222223,
tektoncd/pipeline,2024-02-22 10:11:24+00:00,2024-03-05 21:42:16+00:00,12.479768518518519,
tektoncd/pipeline,2024-02-26 12:51:27+00:00,2024-03-05 21:42:16+00:00,8.368622685185185,
tektoncd/pipeline,2024-02-26 14:41:27+00:00,2024-03-05 21:42:16+00:00,8.292233796296296,
tektoncd/pipeline,2024-02-26 16:05:27+00:00,2024-03-05 21:42:16+00:00,8.233900462962962,
tektoncd/pipeline,2024-02-26 16:11:27+00:00,2024-03-05 21:42:16+00:00,8.229733796296296,
tektoncd/pipeline,2024-02-26 16:11:27+00:00,2024-03-05 21:42:16+00:00,8.229733796296296,
tektoncd/pipeline,2024-02-26 17:01:26+00:00,2024-03-05 21:42:16+00:00,8.195023148148149,
tektoncd/pipeline,2024-02-26 17:01:33+00:00,2024-03-05 21:42:16+00:00,8.194942129629629,
tektoncd/pipeline,2024-02-26 17:45:28+00:00,2024-03-05 21:42:16+00:00,8.164444444444445,
tektoncd/pipeline,2024-02-26 18:33:27+00:00,2024-03-05 21:42:16+00:00,8.131122685185185,
tektoncd/pipeline,2024-02-27 09:23:28+00:00,2024-03-05 21:42:16+00:00,7.513055555555556,
tektoncd/pipeline,2024-02-27 10:09:28+00:00,2024-03-05 21:42:16+00:00,7.481111111111111,
tektoncd/pipeline,2024-02-27 10:09:35+00:00,2024-03-05 21:42:16+00:00,7.481030092592593,
tektoncd/pipeline,2024-02-27 10:57:27+00:00,2024-03-05 21:42:16+00:00,7.447789351851852,
tektoncd/pipeline,2024-02-29 16:25:28+00:00,2024-03-05 21:42:16+00:00,5.22,
tektoncd/pipeline,2024-03-02 17:25:29+00:00,2024-03-05 21:42:16+00:00,3.1783217592592594,
tektoncd/pipeline,2024-03-04 16:11:30+00:00,2024-03-05 21:42:16+00:00,1.229699074074074,
tektoncd/pipeline,2024-03-04 16:53:30+00:00,2024-03-05 21:42:16+00:00,1.2005324074074073,
tektoncd/pipeline,2024-03-04 17:01:30+00:00,2024-03-05 21:42:16+00:00,1.1949768518518518,
tektoncd/pipeline,2024-03-05 08:33:30+00:00,2024-03-05 21:42:16+00:00,0.5477546296296296,
tektoncd/pipeline,2024-03-11 13:05:33+00:00,2024-03-20 21:34:54+00:00,9.353715277777777,
tektoncd/pipeline,2024-03-11 15:59:33+00:00,2024-03-20 21:34:54+00:00,9.232881944444445,
tektoncd/pipeline,2024-03-12 07:51:34+00:00,2024-03-20 21:34:54+00:00,8.57175925925926,
tektoncd/pipeline,2024-03-15 13:36:32+00:00,2024-03-20 21:34:54+00:00,5.332199074074074,
tektoncd/pipeline,2024-03-18 12:34:34+00:00,2024-03-20 21:34:54+00:00,2.3752314814814817,
tektoncd/pipeline,2024-03-18 12:34:42+00:00,2024-03-20 21:34:54+00:00,2.375138888888889,
tektoncd/pipeline,2024-03-18 12:34:48+00:00,2024-03-20 21:34:54+00:00,2.3750694444444442,
tektoncd/pipeline,2024-03-18 22:56:34+00:00,2024-03-20 21:34:54+00:00,1.943287037037037,
tektoncd/pipeline,2024-03-19 00:32:33+00:00,2024-03-20 21:34:54+00:00,1.8766319444444444,
tektoncd/pipeline,2024-03-19 00:32:40+00:00,2024-03-20 21:34:54+00:00,1.8765509259259259,
tektoncd/pipeline,2024-03-19 11:50:34+00:00,2024-03-20 21:34:54+00:00,1.4057870370370371,
tektoncd/pipeline,2024-03-20 05:34:34+00:00,2024-03-20 21:34:54+00:00,0.6668981481481482,
tektoncd/pipeline,2024-03-20 05:34:42+00:00,2024-03-20 21:34:54+00:00,0.6668055555555555,
tektoncd/pipeline,2024-03-20 05:34:49+00:00,2024-03-20 21:34:54+00:00,0.666724537037037,
tektoncd/pipeline,2024-03-20 06:22:35+00:00,2024-03-20 21:34:54+00:00,0.6335532407407407,
tektoncd/pipeline,2024-03-20 07:16:34+00:00,2024-03-20 21:34:54+00:00,0.5960648148148148,
tektoncd/pipeline,2024-03-21 04:24:35+00:00,2024-03-27 11:52:40+00:00,6.311168981481481,
tektoncd/pipeline,2024-03-21 05:08:37+00:00,2024-03-27 11:52:40+00:00,6.280590277777778,
tektoncd/pipeline,2024-03-21 05:08:43+00:00,2024-03-27 11:52:40+00:00,6.280520833333333,
tektoncd/pipeline,2024-03-21 05:54:36+00:00,2024-03-27 11:52:40+00:00,6.248657407407407,
tektoncd/pipeline,2024-03-21 11:30:36+00:00,2024-03-27 11:52:40+00:00,6.015324074074074,
tektoncd/pipeline,2024-03-25 14:34:38+00:00,2024-03-27 11:52:40+00:00,1.8875231481481483,
tektoncd/pipeline,2024-03-25 15:18:38+00:00,2024-03-27 11:52:40+00:00,1.8569675925925926,
tektoncd/pipeline,2024-03-25 15:36:38+00:00,2024-03-27 11:52:40+00:00,1.8444675925925926,
tektoncd/pipeline,2024-03-25 15:44:38+00:00,2024-03-27 11:52:40+00:00,1.838912037037037,
tektoncd/pipeline,2024-03-25 16:32:38+00:00,2024-03-27 11:52:40+00:00,1.8055787037037037,
tektoncd/pipeline,2024-03-25 16:34:37+00:00,2024-03-27 11:52:40+00:00,1.8042013888888888,
tektoncd/pipeline,2024-03-25 22:32:38+00:00,2024-03-27 11:52:40+00:00,1.5555787037037037,
tektoncd/pipeline,2024-03-25 22:52:29+00:00,2024-03-27 11:52:40+00:00,1.5417939814814814,
tektoncd/pipeline,2024-03-25 23:22:39+00:00,2024-03-27 11:52:40+00:00,1.5208449074074073,
tektoncd/pipeline,2024-03-26 01:04:38+00:00,2024-03-27 11:52:40+00:00,1.4500231481481483,
tektoncd/pipeline,2024-03-26 01:56:38+00:00,2024-03-27 11:52:40+00:00,1.413912037037037,
tektoncd/pipeline,2024-03-26 23:48:38+00:00,2024-03-27 11:52:40+00:00,0.502800925925926,
tektoncd/pipeline,2024-03-27 01:30:38+00:00,2024-03-27 11:52:40+00:00,0.4319675925925926,
tektoncd/pipeline,2024-03-27 01:30:44+00:00,2024-03-27 11:52:40+00:00,0.43189814814814814,
tektoncd/pipeline,2024-03-27 12:18:38+00:00,2024-03-27 14:07:33+00:00,0.07563657407407408,
tektoncd/pipeline,2024-03-28 13:28:39+00:00,2024-04-08 13:51:04+00:00,11.01556712962963,
tektoncd/pipeline,2024-03-28 15:08:39+00:00,2024-04-08 13:51:04+00:00,10.946122685185186,
tektoncd/pipeline,2024-03-28 17:06:40+00:00,2024-04-08 13:51:04+00:00,10.864166666666666,
tektoncd/pipeline,2024-04-02 13:27:48+00:00,2024-04-08 13:51:04+00:00,6.016157407407407,
tektoncd/pipeline,2024-04-02 14:33:47+00:00,2024-04-08 13:51:04+00:00,5.970335648148148,
tektoncd/pipeline,2024-04-02 15:27:47+00:00,2024-04-08 13:51:04+00:00,5.932835648148148,
tektoncd/pipeline,2024-04-02 15:27:55+00:00,2024-04-08 13:51:04+00:00,5.932743055555555,
tektoncd/pipeline,2024-04-02 15:28:02+00:00,2024-04-08 13:51:04+00:00,5.932662037037037,
tektoncd/pipeline,2024-04-02 16:17:47+00:00,2024-04-08 13:51:04+00:00,5.898113425925926,
tektoncd/pipeline,2024-04-02 18:07:49+00:00,2024-04-08 13:51:04+00:00,5.821701388888889,
tektoncd/pipeline,2024-04-02 18:47:48+00:00,2024-04-08 13:51:04+00:00,5.793935185185185,
tektoncd/pipeline,2024-04-03 14:15:48+00:00,2024-04-08 13:51:04+00:00,4.982824074074074,
tektoncd/pipeline,2024-04-03 15:21:48+00:00,2024-04-08 13:51:04+00:00,4.9369907407407405,
tektoncd/pipeline,2024-04-03 15:21:55+00:00,2024-04-08 13:51:04+00:00,4.9369097222222225,
tektoncd/pipeline,2024-04-03 16:43:48+00:00,2024-04-08 13:51:04+00:00,4.880046296296296,
tektoncd/pipeline,2024-04-03 20:41:48+00:00,2024-04-08 13:51:04+00:00,4.714768518518518,
tektoncd/pipeline,2024-04-05 11:23:49+00:00,2024-04-08 13:51:04+00:00,3.1022569444444446,
tektoncd/pipeline,2024-04-05 12:01:49+00:00,2024-04-08 13:51:04+00:00,3.0758680555555555,
tektoncd/pipeline,2024-04-05 14:49:49+00:00,2024-04-08 13:51:04+00:00,2.959201388888889,
tektoncd/pipeline,2024-04-05 15:35:49+00:00,2024-04-08 13:51:04+00:00,2.9272569444444443,
tektoncd/pipeline,2024-04-05 15:55:49+00:00,2024-04-08 13:51:04+00:00,2.9133680555555554,
tektoncd/pipeline,2024-04-05 16:45:49+00:00,2024-04-08 13:51:04+00:00,2.878645833333333,
tektoncd/pipeline,2024-04-05 22:09:50+00:00,2024-04-08 13:51:04+00:00,2.653634259259259,
tektoncd/pipeline,2024-04-05 22:09:50+00:00,2024-04-08 13:51:04+00:00,2.653634259259259,
tektoncd/pipeline,2024-04-05 22:45:49+00:00,2024-04-08 13:51:04+00:00,2.628645833333333,
tektoncd/pipeline,2024-04-06 01:33:49+00:00,2024-04-08 13:51:04+00:00,2.511979166666667,
tektoncd/pipeline,2024-04-08 01:27:51+00:00,2024-04-08 13:51:04+00:00,0.5161226851851852,
tektoncd/pipeline,2024-04-08 01:27:58+00:00,2024-04-08 13:51:04+00:00,0.5160416666666666,
tektoncd/pipeline,2024-04-08 02:05:50+00:00,2024-04-08 13:51:04+00:00,0.48974537037037036,
tektoncd/pipeline,2024-04-08 11:41:50+00:00,2024-04-08 13:51:04+00:00,0.08974537037037036,
tektoncd/pipeline,2024-04-08 14:37:50+00:00,2024-04-08 19:57:24+00:00,0.22192129629629628,
tektoncd/pipeline,2024-04-08 15:07:50+00:00,2024-04-08 19:57:24+00:00,0.20108796296296297,
tektoncd/pipeline,2024-04-08 15:23:50+00:00,2024-04-08 19:57:24+00:00,0.18997685185185184,
tektoncd/pipeline,2024-04-08 16:23:51+00:00,2024-04-08 19:57:24+00:00,0.14829861111111112,
tektoncd/pipeline,2024-04-08 18:39:50+00:00,2024-04-08 19:57:24+00:00,0.05386574074074074,
tektoncd/pipeline,2024-04-08 19:57:50+00:00,2024-04-08 21:07:48+00:00,0.048587962962962965,
tektoncd/pipeline,2024-04-08 19:57:50+00:00,2024-04-08 21:07:48+00:00,0.048587962962962965,
tektoncd/pipeline,2024-04-10 13:07:53+00:00,2024-04-25 22:20:18+00:00,15.383622685185186,
tektoncd/pipeline,2024-04-10 13:53:51+00:00,2024-04-25 22:20:18+00:00,15.35170138888889,
tektoncd/pipeline,2024-04-10 13:53:58+00:00,2024-04-25 22:20:18+00:00,15.35162037037037,
tektoncd/pipeline,2024-04-11 14:57:52+00:00,2024-04-25 22:20:18+00:00,14.30724537037037,
tektoncd/pipeline,2024-04-11 19:51:52+00:00,2024-04-25 22:20:18+00:00,14.103078703703703,
tektoncd/pipeline,2024-04-12 09:01:52+00:00,2024-04-25 22:20:18+00:00,13.554467592592593,
tektoncd/pipeline,2024-04-12 09:01:59+00:00,2024-04-25 22:20:18+00:00,13.554386574074075,
tektoncd/pipeline,2024-04-12 09:02:06+00:00,2024-04-25 22:20:18+00:00,13.554305555555555,
tektoncd/pipeline,2024-04-12 09:02:12+00:00,2024-04-25 22:20:18+00:00,13.554236111111111,
tektoncd/pipeline,2024-04-12 09:02:19+00:00,2024-04-25 22:20:18+00:00,13.554155092592593,
tektoncd/pipeline,2024-04-12 09:02:26+00:00,2024-04-25 22:20:18+00:00,13.554074074074075,
tektoncd/pipeline,2024-04-12 09:41:53+00:00,2024-04-25 22:20:18+00:00,13.526678240740742,
tektoncd/pipeline,2024-04-12 09:42:00+00:00,2024-04-25 22:20:18+00:00,13.526597222222222,
tektoncd/pipeline,2024-04-12 10:17:52+00:00,2024-04-25 22:20:18+00:00,13.501689814814815,
tektoncd/pipeline,2024-04-12 17:13:53+00:00,2024-04-25 22:20:18+00:00,13.212789351851852,
tektoncd/pipeline,2024-04-12 17:14:00+00:00,2024-04-25 22:20:18+00:00,13.212708333333333,
tektoncd/pipeline,2024-04-12 18:31:52+00:00,2024-04-25 22:20:18+00:00,13.158634259259259,
tektoncd/pipeline,2024-04-15 19:08:01+00:00,2024-04-25 22:20:18+00:00,10.133530092592592,
tektoncd/pipeline,2024-04-22 02:31:57+00:00,2024-04-25 22:20:18+00:00,3.8252430555555557,
tektoncd/pipeline,2024-04-22 03:09:59+00:00,2024-04-25 22:20:18+00:00,3.7988310185185186,
tektoncd/pipeline,2024-04-22 03:10:06+00:00,2024-04-25 22:20:18+00:00,3.79875,
tektoncd/pipeline,2024-04-22 03:53:57+00:00,2024-04-25 22:20:18+00:00,3.768298611111111,
tektoncd/pipeline,2024-04-24 02:29:58+00:00,2024-04-25 22:20:18+00:00,1.8266203703703703,
tektoncd/pipeline,2024-04-24 03:13:59+00:00,2024-04-25 22:20:18+00:00,1.7960532407407408,
tektoncd/pipeline,2024-04-24 03:14:05+00:00,2024-04-25 22:20:18+00:00,1.7959837962962963,
tektoncd/pipeline,2024-04-24 03:14:12+00:00,2024-04-25 22:20:18+00:00,1.7959027777777778,
tektoncd/pipeline,2024-04-24 04:57:58+00:00,2024-04-25 22:20:18+00:00,1.7238425925925926,
tektoncd/pipeline,2024-04-24 04:58:05+00:00,2024-04-25 22:20:18+00:00,1.7237615740740742,
tektoncd/pipeline,2024-04-24 10:31:58+00:00,2024-04-25 22:20:18+00:00,1.4918981481481481,
tektoncd/pipeline,2024-04-24 11:35:58+00:00,2024-04-25 22:20:18+00:00,1.4474537037037036,
tektoncd/pipeline,2024-04-24 21:43:58+00:00,2024-04-25 22:20:18+00:00,1.0252314814814816,
tektoncd/pipeline,2024-04-25 11:23:59+00:00,2024-04-25 22:20:18+00:00,0.45577546296296295,
tektoncd/pipeline,2024-04-25 15:13:28+00:00,2024-04-25 22:20:18+00:00,0.29641203703703706,
tektoncd/pipeline,2024-04-25 15:13:35+00:00,2024-04-25 22:20:18+00:00,0.2963310185185185,
tektoncd/pipeline,2024-04-25 15:13:41+00:00,2024-04-25 22:20:18+00:00,0.29626157407407405,
tektoncd/pipeline,2024-04-25 15:59:27+00:00,2024-04-25 22:20:18+00:00,0.26447916666666665,
tektoncd/pipeline,2024-04-25 16:37:55+00:00,2024-04-25 22:20:18+00:00,0.23776620370370372,
tektoncd/pipeline,2024-04-25 17:17:55+00:00,2024-04-25 22:20:18+00:00,0.20998842592592593,
tektoncd/pipeline,2024-04-26 23:11:56+00:00,2024-05-22 20:17:44+00:00,25.87902777777778,
tektoncd/pipeline,2024-04-30 17:23:58+00:00,2024-05-22 20:17:44+00:00,22.120671296296297,
tektoncd/pipeline,2024-04-30 19:39:58+00:00,2024-05-22 20:17:44+00:00,22.026226851851852,
tektoncd/pipeline,2024-04-30 19:40:05+00:00,2024-05-22 20:17:44+00:00,22.026145833333334,
tektoncd/pipeline,2024-04-30 19:40:11+00:00,2024-05-22 20:17:44+00:00,22.02607638888889,
tektoncd/pipeline,2024-05-02 15:08:00+00:00,2024-05-22 20:17:44+00:00,20.215092592592594,
tektoncd/pipeline,2024-05-06 14:42:28+00:00,2024-05-22 20:17:44+00:00,16.232824074074074,
tektoncd/pipeline,2024-05-06 15:50:28+00:00,2024-05-22 20:17:44+00:00,16.185601851851853,
tektoncd/pipeline,2024-05-09 23:40:29+00:00,2024-05-22 20:17:44+00:00,12.85920138888889,
tektoncd/pipeline,2024-05-10 00:46:29+00:00,2024-05-22 20:17:44+00:00,12.813368055555555,
tektoncd/pipeline,2024-05-10 00:46:36+00:00,2024-05-22 20:17:44+00:00,12.813287037037037,
tektoncd/pipeline,2024-05-10 00:46:42+00:00,2024-05-22 20:17:44+00:00,12.813217592592592,
tektoncd/pipeline,2024-05-10 00:46:48+00:00,2024-05-22 20:17:44+00:00,12.813148148148148,
tektoncd/pipeline,2024-05-10 00:46:54+00:00,2024-05-22 20:17:44+00:00,12.813078703703704,
tektoncd/pipeline,2024-05-10 18:10:30+00:00,2024-05-22 20:17:44+00:00,12.088356481481481,
tektoncd/pipeline,2024-05-14 16:46:31+00:00,2024-05-22 20:17:44+00:00,8.14667824074074,
tektoncd/pipeline,2024-05-14 18:18:31+00:00,2024-05-22 20:17:44+00:00,8.082789351851853,
tektoncd/pipeline,2024-05-15 02:38:31+00:00,2024-05-22 20:17:44+00:00,7.735567129629629,
tektoncd/pipeline,2024-05-15 03:46:31+00:00,2024-05-22 20:17:44+00:00,7.688344907407408,
tektoncd/pipeline,2024-05-15 04:42:32+00:00,2024-05-22 20:17:44+00:00,7.649444444444445,
tektoncd/pipeline,2024-05-15 04:42:39+00:00,2024-05-22 20:17:44+00:00,7.649363425925926,
tektoncd/pipeline,2024-05-15 05:42:31+00:00,2024-05-22 20:17:44+00:00,7.607789351851852,
tektoncd/pipeline,2024-05-15 12:20:32+00:00,2024-05-22 20:17:44+00:00,7.331388888888889,
tektoncd/pipeline,2024-05-15 15:54:31+00:00,2024-05-22 20:17:44+00:00,7.182789351851852,
tektoncd/pipeline,2024-05-15 18:20:32+00:00,2024-05-22 20:17:44+00:00,7.081388888888889,
tektoncd/pipeline,2024-05-15 21:12:33+00:00,2024-05-22 20:17:44+00:00,6.9619328703703705,
tektoncd/pipeline,2024-05-16 10:34:32+00:00,2024-05-22 20:17:44+00:00,6.405,
tektoncd/pipeline,2024-05-16 10:34:39+00:00,2024-05-22 20:17:44+00:00,6.404918981481481,
tektoncd/pipeline,2024-05-16 10:34:46+00:00,2024-05-22 20:17:44+00:00,6.404837962962963,
tektoncd/pipeline,2024-05-16 11:52:32+00:00,2024-05-22 20:17:44+00:00,6.350833333333333,
tektoncd/pipeline,2024-05-16 11:52:38+00:00,2024-05-22 20:17:44+00:00,6.350763888888889,
tektoncd/pipeline,2024-05-16 11:52:45+00:00,2024-05-22 20:17:44+00:00,6.35068287037037,
tektoncd/pipeline,2024-05-16 13:14:33+00:00,2024-05-22 20:17:44+00:00,6.293877314814814,
tektoncd/pipeline,2024-05-16 14:56:32+00:00,2024-05-22 20:17:44+00:00,6.223055555555556,
tektoncd/pipeline,2024-05-16 20:28:32+00:00,2024-05-22 20:17:44+00:00,5.9925,
tektoncd/pipeline,2024-05-16 22:34:32+00:00,2024-05-22 20:17:44+00:00,5.905,
tektoncd/pipeline,2024-05-17 12:18:33+00:00,2024-05-22 20:17:44+00:00,5.332766203703704,
tektoncd/pipeline,2024-05-17 15:46:33+00:00,2024-05-22 20:17:44+00:00,5.188321759259259,
tektoncd/pipeline,2024-05-17 15:46:33+00:00,2024-05-22 20:17:44+00:00,5.188321759259259,
tektoncd/pipeline,2024-05-17 16:14:32+00:00,2024-05-22 20:17:44+00:00,5.168888888888889,
tektoncd/pipeline,2024-05-21 10:12:38+00:00,2024-05-22 20:17:44+00:00,1.4202083333333333,
tektoncd/pipeline,2024-05-21 12:12:38+00:00,2024-05-22 20:17:44+00:00,1.336875,
tektoncd/pipeline,2024-05-21 13:28:37+00:00,2024-05-22 20:17:44+00:00,1.2841087962962963,
tektoncd/pipeline,2024-05-21 13:28:44+00:00,2024-05-22 20:17:44+00:00,1.2840277777777778,
tektoncd/pipeline,2024-05-22 08:36:39+00:00,2024-05-22 20:17:44+00:00,0.4868634259259259,
tektoncd/pipeline,2024-05-22 14:10:38+00:00,2024-05-22 20:17:44+00:00,0.25493055555555555,
tektoncd/pipeline,2024-05-23 00:18:38+00:00,2024-05-28 18:09:12+00:00,5.743449074074074,
tektoncd/pipeline,2024-05-27 18:24:40+00:00,2024-05-28 18:09:12+00:00,0.9892592592592593,
tektoncd/pipeline,2024-05-27 19:34:41+00:00,2024-05-28 18:09:12+00:00,0.9406365740740741,
tektoncd/pipeline,2024-05-27 19:34:47+00:00,2024-05-28 18:09:12+00:00,0.9405671296296296,
tektoncd/pipeline,2024-05-27 19:36:42+00:00,2024-05-28 18:09:12+00:00,0.9392361111111112,
tektoncd/pipeline,2024-05-27 20:44:41+00:00,2024-05-28 18:09:12+00:00,0.8920254629629629,
tektoncd/pipeline,2024-05-27 20:44:47+00:00,2024-05-28 18:09:12+00:00,0.8919560185185185,
tektoncd/pipeline,2024-05-27 20:44:54+00:00,2024-05-28 18:09:12+00:00,0.891875,
tektoncd/pipeline,2024-05-27 20:45:01+00:00,2024-05-28 18:09:12+00:00,0.8917939814814815,
tektoncd/pipeline,2024-05-27 21:18:40+00:00,2024-05-28 18:09:12+00:00,0.8684259259259259,
tektoncd/pipeline,2024-05-28 12:08:41+00:00,2024-05-28 18:09:12+00:00,0.2503587962962963,
tektoncd/pipeline,2024-05-28 12:08:48+00:00,2024-05-28 18:09:12+00:00,0.25027777777777777,
tektoncd/pipeline,2024-05-28 13:02:41+00:00,2024-05-28 18:09:12+00:00,0.2128587962962963,
tektoncd/pipeline,2024-05-28 15:46:41+00:00,2024-05-28 18:09:12+00:00,0.09896990740740741,
tektoncd/pipeline,2024-05-28 19:20:41+00:00,2024-06-08 12:07:50+00:00,10.699409722222223,
tektoncd/pipeline,2024-05-29 09:26:41+00:00,2024-06-08 12:07:50+00:00,10.111909722222222,
tektoncd/pipeline,2024-05-29 14:58:41+00:00,2024-06-08 12:07:50+00:00,9.881354166666666,
tektoncd/pipeline,2024-06-03 10:15:12+00:00,2024-06-08 12:07:50+00:00,5.078217592592592,
tektoncd/pipeline,2024-06-03 11:21:12+00:00,2024-06-08 12:07:50+00:00,5.032384259259259,
tektoncd/pipeline,2024-06-03 12:21:12+00:00,2024-06-08 12:07:50+00:00,4.990717592592593,
tektoncd/pipeline,2024-06-03 15:07:12+00:00,2024-06-08 12:07:50+00:00,4.875439814814815,
tektoncd/pipeline,2024-06-03 16:35:12+00:00,2024-06-08 12:07:50+00:00,4.814328703703704,
tektoncd/pipeline,2024-06-03 19:13:12+00:00,2024-06-08 12:07:50+00:00,4.704606481481481,
tektoncd/pipeline,2024-06-04 11:37:13+00:00,2024-06-08 12:07:50+00:00,4.0212615740740745,
tektoncd/pipeline,2024-06-04 11:37:19+00:00,2024-06-08 12:07:50+00:00,4.02119212962963,
tektoncd/pipeline,2024-06-04 11:37:26+00:00,2024-06-08 12:07:50+00:00,4.021111111111111,
tektoncd/pipeline,2024-06-04 12:31:13+00:00,2024-06-08 12:07:50+00:00,3.983761574074074,
tektoncd/pipeline,2024-06-04 13:31:12+00:00,2024-06-08 12:07:50+00:00,3.9421064814814817,
tektoncd/pipeline,2024-06-04 18:09:12+00:00,2024-06-08 12:07:50+00:00,3.749050925925926,
tektoncd/pipeline,2024-06-04 19:11:12+00:00,2024-06-08 12:07:50+00:00,3.7059953703703705,
tektoncd/pipeline,2024-06-04 19:11:12+00:00,2024-06-08 12:07:50+00:00,3.7059953703703705,
tektoncd/pipeline,2024-06-04 23:23:12+00:00,2024-06-08 12:07:50+00:00,3.5309953703703703,
tektoncd/pipeline,2024-06-05 12:47:13+00:00,2024-06-08 12:07:50+00:00,2.972650462962963,
tektoncd/pipeline,2024-06-06 09:45:13+00:00,2024-06-08 12:07:50+00:00,2.099039351851852,
tektoncd/pipeline,2024-06-11 02:06:34+00:00,2024-06-25 22:43:59+00:00,14.85931712962963,
tektoncd/pipeline,2024-06-11 13:04:35+00:00,2024-06-25 22:43:59+00:00,14.40236111111111,
tektoncd/pipeline,2024-06-11 14:26:35+00:00,2024-06-25 22:43:59+00:00,14.345416666666667,
tektoncd/pipeline,2024-06-11 14:26:41+00:00,2024-06-25 22:43:59+00:00,14.345347222222221,
tektoncd/pipeline,2024-06-11 14:26:49+00:00,2024-06-25 22:43:59+00:00,14.345254629629629,
tektoncd/pipeline,2024-06-11 14:26:56+00:00,2024-06-25 22:43:59+00:00,14.345173611111111,
tektoncd/pipeline,2024-06-11 14:27:02+00:00,2024-06-25 22:43:59+00:00,14.345104166666667,
tektoncd/pipeline,2024-06-11 14:27:09+00:00,2024-06-25 22:43:59+00:00,14.345023148148147,
tektoncd/pipeline,2024-06-11 19:28:35+00:00,2024-06-25 22:43:59+00:00,14.135694444444445,
tektoncd/pipeline,2024-06-12 16:06:36+00:00,2024-06-25 22:43:59+00:00,13.275960648148148,
tektoncd/pipeline,2024-06-13 14:00:36+00:00,2024-06-25 22:43:59+00:00,12.363460648148148,
tektoncd/pipeline,2024-06-14 11:08:37+00:00,2024-06-25 22:43:59+00:00,11.482893518518518,
tektoncd/pipeline,2024-06-17 10:38:37+00:00,2024-06-25 22:43:59+00:00,8.503726851851852,
tektoncd/pipeline,2024-06-17 16:38:38+00:00,2024-06-25 22:43:59+00:00,8.253715277777777,
tektoncd/pipeline,2024-06-18 05:48:38+00:00,2024-06-25 22:43:59+00:00,7.705104166666667,
tektoncd/pipeline,2024-06-18 06:50:40+00:00,2024-06-25 22:43:59+00:00,7.662025462962963,
tektoncd/pipeline,2024-06-18 06:50:46+00:00,2024-06-25 22:43:59+00:00,7.661956018518518,
tektoncd/pipeline,2024-06-18 08:02:39+00:00,2024-06-25 22:43:59+00:00,7.612037037037037,
tektoncd/pipeline,2024-06-18 08:02:45+00:00,2024-06-25 22:43:59+00:00,7.611967592592593,
tektoncd/pipeline,2024-06-18 08:02:52+00:00,2024-06-25 22:43:59+00:00,7.611886574074074,
tektoncd/pipeline,2024-06-18 08:02:58+00:00,2024-06-25 22:43:59+00:00,7.61181712962963,
tektoncd/pipeline,2024-06-18 09:14:39+00:00,2024-06-25 22:43:59+00:00,7.562037037037037,
tektoncd/pipeline,2024-06-18 11:07:18+00:00,2024-06-25 22:43:59+00:00,7.48380787037037,
tektoncd/pipeline,2024-06-19 09:49:19+00:00,2024-06-25 22:43:59+00:00,6.537962962962963,
tektoncd/pipeline,2024-06-19 10:39:19+00:00,2024-06-25 22:43:59+00:00,6.503240740740741,
tektoncd/pipeline,2024-06-24 14:37:21+00:00,2024-06-25 22:43:59+00:00,1.3379398148148147,
tektoncd/pipeline,2024-06-24 14:39:21+00:00,2024-06-25 22:43:59+00:00,1.3365509259259258,
tektoncd/pipeline,2024-06-24 14:39:21+00:00,2024-06-25 22:43:59+00:00,1.3365509259259258,
tektoncd/pipeline,2024-06-24 14:41:21+00:00,2024-06-25 22:43:59+00:00,1.335162037037037,
tektoncd/pipeline,2024-06-27 11:43:43+00:00,2024-07-04 23:40:18+00:00,7.497627314814815,
tektoncd/pipeline,2024-06-27 12:45:44+00:00,2024-07-04 23:40:18+00:00,7.454560185185185,
tektoncd/pipeline,2024-06-27 13:39:43+00:00,2024-07-04 23:40:18+00:00,7.417071759259259,
tektoncd/pipeline,2024-06-27 14:31:43+00:00,2024-07-04 23:40:18+00:00,7.3809606481481485,
tektoncd/pipeline,2024-07-02 17:29:27+00:00,2024-07-04 23:40:18+00:00,2.257534722222222,
tektoncd/pipeline,2024-07-02 19:05:28+00:00,2024-07-04 23:40:18+00:00,2.1908564814814815,
tektoncd/pipeline,2024-07-03 13:19:28+00:00,2024-07-04 23:40:18+00:00,1.4311342592592593,
tektoncd/pipeline,2024-07-03 14:15:27+00:00,2024-07-04 23:40:18+00:00,1.3922569444444444,
tektoncd/pipeline,2024-07-03 15:23:28+00:00,2024-07-04 23:40:18+00:00,1.345023148148148,
tektoncd/pipeline,2024-07-04 07:23:28+00:00,2024-07-04 23:40:18+00:00,0.6783564814814815,
tektoncd/pipeline,2024-07-04 07:37:28+00:00,2024-07-04 23:40:18+00:00,0.6686342592592592,
tektoncd/pipeline,2024-07-04 07:39:28+00:00,2024-07-04 23:40:18+00:00,0.6672453703703703,
tektoncd/pipeline,2024-07-04 08:07:28+00:00,2024-07-04 23:40:18+00:00,0.647800925925926,
tektoncd/pipeline,2024-07-04 09:09:29+00:00,2024-07-04 23:40:18+00:00,0.6047337962962963,
tektoncd/pipeline,2024-07-04 10:23:28+00:00,2024-07-04 23:40:18+00:00,0.5533564814814815,
tektoncd/pipeline,2024-07-04 15:27:28+00:00,2024-07-04 23:40:18+00:00,0.3422453703703704,
tektoncd/pipeline,2024-07-04 19:59:28+00:00,2024-07-04 23:40:18+00:00,0.15335648148148148,
tektoncd/pipeline,2024-07-04 19:59:35+00:00,2024-07-04 23:40:18+00:00,0.15327546296296296,
tektoncd/pipeline,2024-07-04 20:03:28+00:00,2024-07-04 23:40:18+00:00,0.15057870370370371,
tektoncd/pipeline,2024-07-04 20:39:28+00:00,2024-07-04 23:40:18+00:00,0.1255787037037037,
tektoncd/pipeline,2024-07-04 21:31:28+00:00,2024-07-04 23:40:18+00:00,0.0894675925925926,
tektoncd/pipeline,2024-07-05 09:43:29+00:00,2024-07-08 20:25:14+00:00,3.445659722222222,
tektoncd/pipeline,2024-07-05 15:55:28+00:00,2024-07-08 20:25:14+00:00,3.187337962962963,
tektoncd/pipeline,2024-07-08 15:02:16+00:00,2024-07-08 20:25:14+00:00,0.2242824074074074,
tektoncd/pipeline,2024-07-09 13:54:18+00:00,2024-07-09 14:57:06+00:00,0.043611111111111114,
tektoncd/pipeline,2024-07-11 05:56:17+00:00,2024-07-25 23:24:17+00:00,14.727777777777778,
tektoncd/pipeline,2024-07-11 23:38:17+00:00,2024-07-25 23:24:17+00:00,13.990277777777777,
tektoncd/pipeline,2024-07-11 23:38:24+00:00,2024-07-25 23:24:17+00:00,13.990196759259259,
tektoncd/pipeline,2024-07-15 12:12:51+00:00,2024-07-25 23:24:17+00:00,10.466273148148149,
tektoncd/pipeline,2024-07-15 15:12:52+00:00,2024-07-25 23:24:17+00:00,10.341261574074075,
tektoncd/pipeline,2024-07-15 15:12:52+00:00,2024-07-25 23:24:17+00:00,10.341261574074075,
tektoncd/pipeline,2024-07-15 15:12:52+00:00,2024-07-25 23:24:17+00:00,10.341261574074075,
tektoncd/pipeline,2024-07-15 15:12:52+00:00,2024-07-25 23:24:17+00:00,10.341261574074075,
tektoncd/pipeline,2024-07-15 17:02:51+00:00,2024-07-25 23:24:17+00:00,10.26488425925926,
tektoncd/pipeline,2024-07-15 18:56:51+00:00,2024-07-25 23:24:17+00:00,10.185717592592592,
tektoncd/pipeline,2024-07-16 16:24:52+00:00,2024-07-25 23:24:17+00:00,9.291261574074074,
tektoncd/pipeline,2024-07-17 00:08:52+00:00,2024-07-25 23:24:17+00:00,8.969039351851851,
tektoncd/pipeline,2024-07-18 01:50:53+00:00,2024-07-25 23:24:17+00:00,7.898194444444444,
tektoncd/pipeline,2024-07-18 04:24:53+00:00,2024-07-25 23:24:17+00:00,7.79125,
tektoncd/pipeline,2024-07-18 10:08:53+00:00,2024-07-25 23:24:17+00:00,7.552361111111111,
tektoncd/pipeline,2024-07-18 13:54:54+00:00,2024-07-25 23:24:17+00:00,7.3954050925925925,
tektoncd/pipeline,2024-07-18 14:52:53+00:00,2024-07-25 23:24:17+00:00,7.355138888888889,
tektoncd/pipeline,2024-07-18 17:42:53+00:00,2024-07-25 23:24:17+00:00,7.2370833333333335,
tektoncd/pipeline,2024-07-19 16:38:53+00:00,2024-07-25 23:24:17+00:00,6.281527777777778,
tektoncd/pipeline,2024-07-19 17:26:53+00:00,2024-07-25 23:24:17+00:00,6.248194444444445,
tektoncd/pipeline,2024-07-24 21:29:40+00:00,2024-07-25 23:24:17+00:00,1.0795949074074074,
tektoncd/pipeline,2024-07-24 23:11:41+00:00,2024-07-25 23:24:17+00:00,1.00875,
tektoncd/pipeline,2024-07-25 00:41:41+00:00,2024-07-25 23:24:17+00:00,0.94625,
tektoncd/pipeline,2024-07-25 00:41:47+00:00,2024-07-25 23:24:17+00:00,0.9461805555555556,
tektoncd/pipeline,2024-07-25 01:33:40+00:00,2024-07-25 23:24:17+00:00,0.910150462962963,
tektoncd/pipeline,2024-07-25 01:33:47+00:00,2024-07-25 23:24:17+00:00,0.9100694444444445,
tektoncd/pipeline,2024-07-25 01:33:53+00:00,2024-07-25 23:24:17+00:00,0.91,
tektoncd/pipeline,2024-07-25 02:23:40+00:00,2024-07-25 23:24:17+00:00,0.8754282407407408,
tektoncd/pipeline,2024-07-25 02:23:47+00:00,2024-07-25 23:24:17+00:00,0.8753472222222223,
tektoncd/pipeline,2024-07-25 12:49:41+00:00,2024-07-25 23:24:17+00:00,0.44069444444444444,
tektoncd/pipeline,2024-07-25 12:49:47+00:00,2024-07-25 23:24:17+00:00,0.440625,
tektoncd/pipeline,2024-07-30 08:45:16+00:00,2024-08-06 08:26:29+00:00,6.986956018518518,
tektoncd/pipeline,2024-07-30 09:25:15+00:00,2024-08-06 08:26:29+00:00,6.959189814814815,
tektoncd/pipeline,2024-07-30 09:25:22+00:00,2024-08-06 08:26:29+00:00,6.959108796296296,
tektoncd/pipeline,2024-07-30 10:05:15+00:00,2024-08-06 08:26:29+00:00,6.931412037037037,
tektoncd/pipeline,2024-07-31 13:39:15+00:00,2024-08-06 08:26:29+00:00,5.782800925925926,
tektoncd/pipeline,2024-07-31 14:53:15+00:00,2024-08-06 08:26:29+00:00,5.731412037037037,
tektoncd/pipeline,2024-07-31 15:09:15+00:00,2024-08-06 08:26:29+00:00,5.720300925925926,
tektoncd/pipeline,2024-07-31 16:19:15+00:00,2024-08-06 08:26:29+00:00,5.6716898148148145,
tektoncd/pipeline,2024-08-01 08:31:15+00:00,2024-08-06 08:26:29+00:00,4.996689814814815,
tektoncd/pipeline,2024-08-06 08:31:13+00:00,2024-08-06 11:39:50+00:00,0.1309837962962963,
tektoncd/pipeline,2024-08-06 09:33:13+00:00,2024-08-06 11:39:50+00:00,0.08792824074074074,
tektoncd/pipeline,2024-08-06 09:33:19+00:00,2024-08-06 11:39:50+00:00,0.0878587962962963,
tektoncd/pipeline,2024-08-07 15:53:13+00:00,2024-08-23 10:14:10+00:00,15.764548611111111,
tektoncd/pipeline,2024-08-07 20:13:14+00:00,2024-08-23 10:14:10+00:00,15.583981481481482,
tektoncd/pipeline,2024-08-07 20:15:13+00:00,2024-08-23 10:14:10+00:00,15.582604166666666,
tektoncd/pipeline,2024-08-07 20:15:13+00:00,2024-08-23 10:14:10+00:00,15.582604166666666,
tektoncd/pipeline,2024-08-07 20:43:13+00:00,2024-08-23 10:14:10+00:00,15.563159722222222,
tektoncd/pipeline,2024-08-08 15:33:14+00:00,2024-08-23 10:14:10+00:00,14.778425925925927,
tektoncd/pipeline,2024-08-09 16:25:14+00:00,2024-08-23 10:14:10+00:00,13.742314814814815,
tektoncd/pipeline,2024-08-13 08:22:34+00:00,2024-08-23 10:14:10+00:00,10.0775,
tektoncd/pipeline,2024-08-13 09:08:36+00:00,2024-08-23 10:14:10+00:00,10.045532407407407,
tektoncd/pipeline,2024-08-13 09:50:36+00:00,2024-08-23 10:14:10+00:00,10.01636574074074,
tektoncd/pipeline,2024-08-13 10:34:34+00:00,2024-08-23 10:14:10+00:00,9.985833333333334,
tektoncd/pipeline,2024-08-13 23:46:34+00:00,2024-08-23 10:14:10+00:00,9.435833333333333,
tektoncd/pipeline,2024-08-14 18:26:34+00:00,2024-08-23 10:14:10+00:00,8.658055555555556,
tektoncd/pipeline,2024-08-20 08:20:11+00:00,2024-08-23 10:14:10+00:00,3.079155092592593,
tektoncd/pipeline,2024-08-20 08:26:12+00:00,2024-08-23 10:14:10+00:00,3.0749768518518517,
tektoncd/pipeline,2024-08-20 10:08:11+00:00,2024-08-23 10:14:10+00:00,3.0041550925925926,
tektoncd/pipeline,2024-08-22 14:58:12+00:00,2024-08-23 10:14:10+00:00,0.8027546296296296,
tektoncd/pipeline,2024-08-22 15:40:13+00:00,2024-08-23 10:14:10+00:00,0.7735763888888889,
tektoncd/pipeline,2024-08-22 15:40:19+00:00,2024-08-23 10:14:10+00:00,0.7735069444444445,
tektoncd/pipeline,2024-08-22 15:40:26+00:00,2024-08-23 10:14:10+00:00,0.773425925925926,
tektoncd/pipeline,2024-08-22 15:40:33+00:00,2024-08-23 10:14:10+00:00,0.7733449074074074,
tektoncd/pipeline,2024-08-22 16:28:12+00:00,2024-08-23 10:14:10+00:00,0.7402546296296296,
tektoncd/pipeline,2024-08-23 19:02:12+00:00,2024-08-30 18:58:24+00:00,6.997361111111111,
tektoncd/pipeline,2024-08-24 10:12:13+00:00,2024-08-30 18:58:24+00:00,6.365405092592592,
tektoncd/pipeline,2024-08-26 18:29:15+00:00,2024-08-30 18:58:24+00:00,4.0202430555555555,
tektoncd/pipeline,2024-08-27 15:01:17+00:00,2024-08-30 18:58:24+00:00,3.164664351851852,
tektoncd/pipeline,2024-08-28 21:09:17+00:00,2024-08-30 18:58:24+00:00,1.9091087962962963,
tektoncd/pipeline,2024-08-29 12:03:17+00:00,2024-08-30 18:58:24+00:00,1.288275462962963,
tektoncd/pipeline,2024-08-30 09:35:17+00:00,2024-08-30 18:58:24+00:00,0.3910532407407407,
tektoncd/pipeline,2024-09-02 20:31:18+00:00,2024-09-03 14:56:51+00:00,0.7677430555555556,
tektoncd/pipeline,2024-09-03 13:43:19+00:00,2024-09-03 14:56:51+00:00,0.05106481481481481,
tektoncd/pipeline,2024-09-04 14:17:20+00:00,2024-09-27 10:18:29+00:00,22.834131944444444,
tektoncd/pipeline,2024-09-05 10:45:20+00:00,2024-09-27 10:18:29+00:00,21.981354166666666,
tektoncd/pipeline,2024-09-05 17:43:20+00:00,2024-09-27 10:18:29+00:00,21.691076388888888,
tektoncd/pipeline,2024-09-06 09:41:21+00:00,2024-09-27 10:18:29+00:00,21.025787037037038,
tektoncd/pipeline,2024-09-09 12:25:22+00:00,2024-09-27 10:18:29+00:00,17.911886574074074,
tektoncd/pipeline,2024-09-09 12:25:29+00:00,2024-09-27 10:18:29+00:00,17.911805555555556,
tektoncd/pipeline,2024-09-09 14:51:22+00:00,2024-09-27 10:18:29+00:00,17.810497685185187,
tektoncd/pipeline,2024-09-09 14:51:29+00:00,2024-09-27 10:18:29+00:00,17.810416666666665,
tektoncd/pipeline,2024-09-10 08:23:18+00:00,2024-09-27 10:18:29+00:00,17.079988425925926,
tektoncd/pipeline,2024-09-10 11:21:17+00:00,2024-09-27 10:18:29+00:00,16.95638888888889,
tektoncd/pipeline,2024-09-10 21:37:18+00:00,2024-09-27 10:18:29+00:00,16.52859953703704,
tektoncd/pipeline,2024-09-11 16:45:18+00:00,2024-09-27 10:18:29+00:00,15.731377314814814,
tektoncd/pipeline,2024-09-11 17:39:18+00:00,2024-09-27 10:18:29+00:00,15.693877314814815,
tektoncd/pipeline,2024-09-12 10:37:19+00:00,2024-09-27 10:18:29+00:00,14.986921296296297,
tektoncd/pipeline,2024-09-12 19:55:19+00:00,2024-09-27 10:18:29+00:00,14.599421296296295,
tektoncd/pipeline,2024-09-16 21:05:21+00:00,2024-09-27 10:18:29+00:00,10.550787037037036,
tektoncd/pipeline,2024-09-17 08:41:21+00:00,2024-09-27 10:18:29+00:00,10.067453703703704,
tektoncd/pipeline,2024-09-17 09:57:20+00:00,2024-09-27 10:18:29+00:00,10.0146875,
tektoncd/pipeline,2024-09-17 10:51:21+00:00,2024-09-27 10:18:29+00:00,9.977175925925925,
tektoncd/pipeline,2024-09-18 07:21:26+00:00,2024-09-27 10:18:29+00:00,9.12295138888889,
tektoncd/pipeline,2024-09-18 08:55:26+00:00,2024-09-27 10:18:29+00:00,9.057673611111111,
tektoncd/pipeline,2024-09-18 10:43:26+00:00,2024-09-27 10:18:29+00:00,8.98267361111111,
tektoncd/pipeline,2024-09-18 10:43:33+00:00,2024-09-27 10:18:29+00:00,8.982592592592592,
tektoncd/pipeline,2024-09-19 08:45:27+00:00,2024-09-27 10:18:29+00:00,8.064606481481482,
tektoncd/pipeline,2024-09-23 08:44:01+00:00,2024-09-27 10:18:29+00:00,4.065601851851852,
tektoncd/pipeline,2024-09-23 13:34:01+00:00,2024-09-27 10:18:29+00:00,3.864212962962963,
tektoncd/pipeline,2024-09-24 08:48:02+00:00,2024-09-27 10:18:29+00:00,3.0628125,
tektoncd/pipeline,2024-09-24 16:32:02+00:00,2024-09-27 10:18:29+00:00,2.7405902777777778,
tektoncd/pipeline,2024-09-25 11:00:03+00:00,2024-09-27 10:18:29+00:00,1.9711342592592593,
tektoncd/pipeline,2024-09-25 12:40:02+00:00,2024-09-27 10:18:29+00:00,1.901701388888889,
tektoncd/pipeline,2024-09-25 13:52:03+00:00,2024-09-27 10:18:29+00:00,1.8516898148148149,
tektoncd/pipeline,2024-09-25 15:08:02+00:00,2024-09-27 10:18:29+00:00,1.798923611111111,
tektoncd/pipeline,2024-09-26 08:44:03+00:00,2024-09-27 10:18:29+00:00,1.0655787037037037,
tektoncd/pipeline,2024-09-26 09:58:03+00:00,2024-09-27 10:18:29+00:00,1.0141898148148147,
tektoncd/pipeline,2024-09-26 09:58:03+00:00,2024-09-27 10:18:29+00:00,1.0141898148148147,
tektoncd/pipeline,2024-09-26 10:00:03+00:00,2024-09-27 10:18:29+00:00,1.0128009259259259,
tektoncd/pipeline,2024-09-26 10:28:03+00:00,2024-09-27 10:18:29+00:00,0.9933564814814815,
tektoncd/pipeline,2024-09-26 10:46:03+00:00,2024-09-27 10:18:29+00:00,0.9808564814814815,
tektoncd/pipeline,2024-09-26 14:30:03+00:00,2024-09-27 10:18:29+00:00,0.825300925925926,
tektoncd/pipeline,2024-09-27 08:38:03+00:00,2024-09-27 10:18:29+00:00,0.06974537037037037,
tektoncd/pipeline,2024-09-30 10:30:05+00:00,2024-10-17 08:53:47+00:00,16.933125,
tektoncd/pipeline,2024-09-30 21:08:04+00:00,2024-10-17 08:53:47+00:00,16.49008101851852,
tektoncd/pipeline,2024-10-01 09:04:06+00:00,2024-10-17 08:53:47+00:00,15.992835648148148,
tektoncd/pipeline,2024-10-01 09:08:06+00:00,2024-10-17 08:53:47+00:00,15.99005787037037,
tektoncd/pipeline,2024-10-01 09:10:05+00:00,2024-10-17 08:53:47+00:00,15.988680555555556,
tektoncd/pipeline,2024-10-01 09:10:13+00:00,2024-10-17 08:53:47+00:00,15.988587962962963,
tektoncd/pipeline,2024-10-01 09:10:20+00:00,2024-10-17 08:53:47+00:00,15.988506944444444,
tektoncd/pipeline,2024-10-01 09:12:06+00:00,2024-10-17 08:53:47+00:00,15.987280092592593,
tektoncd/pipeline,2024-10-02 11:22:06+00:00,2024-10-17 08:53:47+00:00,14.897002314814815,
tektoncd/pipeline,2024-10-02 12:08:05+00:00,2024-10-17 08:53:47+00:00,14.865069444444444,
tektoncd/pipeline,2024-10-02 20:34:06+00:00,2024-10-17 08:53:47+00:00,14.513668981481482,
tektoncd/pipeline,2024-10-08 13:44:10+00:00,2024-10-17 08:53:47+00:00,8.798344907407408,
tektoncd/pipeline,2024-10-08 14:42:09+00:00,2024-10-17 08:53:47+00:00,8.758078703703704,
tektoncd/pipeline,2024-10-08 14:42:16+00:00,2024-10-17 08:53:47+00:00,8.757997685185185,
tektoncd/pipeline,2024-10-08 14:42:22+00:00,2024-10-17 08:53:47+00:00,8.75792824074074,
tektoncd/pipeline,2024-10-08 15:30:09+00:00,2024-10-17 08:53:47+00:00,8.724745370370371,
tektoncd/pipeline,2024-10-08 15:30:15+00:00,2024-10-17 08:53:47+00:00,8.724675925925926,
tektoncd/pipeline,2024-10-10 11:36:09+00:00,2024-10-17 08:53:47+00:00,6.88724537037037,
tektoncd/pipeline,2024-10-10 14:10:09+00:00,2024-10-17 08:53:47+00:00,6.780300925925926,
tektoncd/pipeline,2024-10-15 13:38:30+00:00,2024-10-17 08:53:47+00:00,1.8022800925925926,
tektoncd/pipeline,2024-10-15 14:20:30+00:00,2024-10-17 08:53:47+00:00,1.773113425925926,
tektoncd/pipeline,2024-10-15 14:20:36+00:00,2024-10-17 08:53:47+00:00,1.7730439814814816,
tektoncd/pipeline,2024-10-15 15:08:29+00:00,2024-10-17 08:53:47+00:00,1.7397916666666666,
tektoncd/pipeline,2024-10-16 09:16:30+00:00,2024-10-17 08:53:47+00:00,0.984224537037037,
tektoncd/pipeline,2024-10-16 09:16:30+00:00,2024-10-17 08:53:47+00:00,0.984224537037037,
tektoncd/pipeline,2024-10-16 09:16:30+00:00,2024-10-17 08:53:47+00:00,0.984224537037037,
tektoncd/pipeline,2024-10-16 09:16:30+00:00,2024-10-17 08:53:47+00:00,0.984224537037037,
tektoncd/pipeline,2024-10-16 10:36:30+00:00,2024-10-17 08:53:47+00:00,0.9286689814814815,
tektoncd/pipeline,2024-10-17 11:21:05+00:00,2024-10-28 14:52:16+00:00,11.146655092592592,
tektoncd/pipeline,2024-10-19 16:15:06+00:00,2024-10-28 14:52:16+00:00,8.942476851851852,
tektoncd/pipeline,2024-10-24 09:02:52+00:00,2024-10-28 14:52:16+00:00,4.242638888888889,
tektoncd/pipeline,2024-10-24 10:28:51+00:00,2024-10-28 14:52:16+00:00,4.182928240740741,
tektoncd/pipeline,2024-10-29 11:04:27+00:00,2024-11-06 08:15:08+00:00,7.882418981481481,
tektoncd/pipeline,2024-10-29 11:46:30+00:00,2024-11-06 08:15:08+00:00,7.853217592592593,
tektoncd/pipeline,2024-10-29 11:46:37+00:00,2024-11-06 08:15:08+00:00,7.853136574074074,
tektoncd/pipeline,2024-10-29 11:46:43+00:00,2024-11-06 08:15:08+00:00,7.85306712962963,
tektoncd/pipeline,2024-10-29 12:26:28+00:00,2024-11-06 08:15:08+00:00,7.825462962962963,
tektoncd/pipeline,2024-10-30 07:32:28+00:00,2024-11-06 08:15:08+00:00,7.029629629629629,
tektoncd/pipeline,2024-11-04 17:08:30+00:00,2024-11-06 08:15:08+00:00,1.6296064814814815,
tektoncd/pipeline,2024-11-05 09:54:31+00:00,2024-11-06 08:15:08+00:00,0.9309837962962964,
tektoncd/pipeline,2024-11-05 09:58:30+00:00,2024-11-06 08:15:08+00:00,0.9282175925925926,
tektoncd/pipeline,2024-11-05 10:00:32+00:00,2024-11-06 08:15:08+00:00,0.9268055555555555,
tektoncd/pipeline,2024-11-05 11:00:31+00:00,2024-11-06 08:15:08+00:00,0.885150462962963,
tektoncd/pipeline,2024-11-05 11:02:31+00:00,2024-11-06 08:15:08+00:00,0.8837615740740741,
tektoncd/pipeline,2024-11-05 11:02:31+00:00,2024-11-06 08:15:08+00:00,0.8837615740740741,
tektoncd/pipeline,2024-11-05 11:06:30+00:00,2024-11-06 08:15:08+00:00,0.8809953703703703,
tektoncd/pipeline,2024-11-05 18:16:30+00:00,2024-11-06 08:15:08+00:00,0.5823842592592593,
tektoncd/pipeline,2024-11-05 19:40:31+00:00,2024-11-06 08:15:08+00:00,0.5240393518518518,
tektoncd/pipeline,2024-11-05 19:40:31+00:00,2024-11-06 08:15:08+00:00,0.5240393518518518,
tektoncd/pipeline,2024-11-05 19:40:31+00:00,2024-11-06 08:15:08+00:00,0.5240393518518518,
tektoncd/pipeline,2024-11-05 19:40:31+00:00,2024-11-06 08:15:08+00:00,0.5240393518518518,
tektoncd/pipeline,2024-11-06 10:52:31+00:00,2024-11-19 09:09:41+00:00,12.928587962962963,
tektoncd/pipeline,2024-11-06 14:50:31+00:00,2024-11-19 09:09:41+00:00,12.763310185185185,
tektoncd/pipeline,2024-11-11 16:50:18+00:00,2024-11-19 09:09:41+00:00,7.680127314814815,
tektoncd/pipeline,2024-11-12 08:34:18+00:00,2024-11-19 09:09:41+00:00,7.024571759259259,
tektoncd/pipeline,2024-11-12 09:16:19+00:00,2024-11-19 09:09:41+00:00,6.995393518518519,
tektoncd/pipeline,2024-11-12 09:16:26+00:00,2024-11-19 09:09:41+00:00,6.9953125,
tektoncd/pipeline,2024-11-12 09:32:17+00:00,2024-11-19 09:09:41+00:00,6.984305555555555,
tektoncd/pipeline,2024-11-12 09:54:17+00:00,2024-11-19 09:09:41+00:00,6.969027777777778,
tektoncd/pipeline,2024-11-12 11:46:17+00:00,2024-11-19 09:09:41+00:00,6.89125,
tektoncd/pipeline,2024-11-18 15:42:20+00:00,2024-11-19 09:09:41+00:00,0.7273263888888889,
tektoncd/pipeline,2024-11-18 16:40:20+00:00,2024-11-19 09:09:41+00:00,0.6870486111111112,
tektoncd/pipeline,2024-11-18 16:44:21+00:00,2024-11-19 09:09:41+00:00,0.6842592592592592,
tektoncd/pipeline,2024-11-18 16:50:20+00:00,2024-11-19 09:09:41+00:00,0.6801041666666666,
tektoncd/pipeline,2024-11-18 18:50:20+00:00,2024-11-19 09:09:41+00:00,0.5967708333333334,
tektoncd/pipeline,2024-11-19 09:44:21+00:00,2024-11-20 07:44:25+00:00,0.916712962962963,
tektoncd/pipeline,2024-11-25 09:16:23+00:00,2024-12-03 11:46:54+00:00,8.104525462962963,
tektoncd/pipeline,2024-11-25 14:42:23+00:00,2024-12-03 11:46:54+00:00,7.878136574074074,
tektoncd/pipeline,2024-11-26 07:10:24+00:00,2024-12-03 11:46:54+00:00,7.192013888888889,
tektoncd/pipeline,2024-11-26 08:14:24+00:00,2024-12-03 11:46:54+00:00,7.147569444444445,
tektoncd/pipeline,2024-11-26 08:14:30+00:00,2024-12-03 11:46:54+00:00,7.1475,
tektoncd/pipeline,2024-11-26 09:00:24+00:00,2024-12-03 11:46:54+00:00,7.115625,
tektoncd/pipeline,2024-11-27 13:38:25+00:00,2024-12-03 11:46:54+00:00,5.922557870370371,
tektoncd/pipeline,2024-12-03 10:38:28+00:00,2024-12-03 11:46:54+00:00,0.04752314814814815,
tektoncd/pipeline,2024-12-03 11:42:27+00:00,2024-12-03 11:46:54+00:00,0.0030902777777777777,
tektoncd/pipeline,2024-12-03 13:18:27+00:00,2024-12-04 22:16:05+00:00,1.3733564814814814,
tektoncd/pipeline,2024-12-04 19:50:28+00:00,2024-12-04 22:16:05+00:00,0.10112268518518519,
tektoncd/pipeline,2024-12-05 10:58:28+00:00,2024-12-05 13:12:08+00:00,0.09282407407407407,
tektoncd/pipeline,2024-12-05 12:42:29+00:00,2024-12-05 13:12:08+00:00,0.020590277777777777,
tektoncd/pipeline,2024-12-05 12:42:36+00:00,2024-12-05 13:12:08+00:00,0.02050925925925926,
tektoncd/pipeline,2024-12-05 13:24:29+00:00,2025-01-14 17:20:03+00:00,40.163587962962964,
tektoncd/pipeline,2024-12-05 15:16:29+00:00,2025-01-14 17:20:03+00:00,40.08581018518519,
tektoncd/pipeline,2024-12-05 21:02:29+00:00,2025-01-14 17:20:03+00:00,39.845532407407404,
tektoncd/pipeline,2024-12-06 07:30:29+00:00,2025-01-14 17:20:03+00:00,39.409421296296294,
tektoncd/pipeline,2024-12-06 14:36:29+00:00,2025-01-14 17:20:03+00:00,39.11358796296296,
tektoncd/pipeline,2024-12-10 14:42:32+00:00,2025-01-14 17:20:03+00:00,35.10938657407407,
tektoncd/pipeline,2024-12-11 09:05:24+00:00,2025-01-14 17:20:03+00:00,34.34350694444444,
tektoncd/pipeline,2024-12-12 09:44:30+00:00,2025-01-14 17:20:03+00:00,33.31635416666666,
tektoncd/pipeline,2024-12-12 09:44:37+00:00,2025-01-14 17:20:03+00:00,33.31627314814815,
tektoncd/pipeline,2024-12-12 09:44:44+00:00,2025-01-14 17:20:03+00:00,33.31619212962963,
tektoncd/pipeline,2024-12-12 16:18:29+00:00,2025-01-14 17:20:03+00:00,33.04275462962963,
tektoncd/pipeline,2024-12-13 11:36:30+00:00,2025-01-14 17:20:03+00:00,32.23857638888889,
tektoncd/pipeline,2024-12-16 12:34:32+00:00,2025-01-14 17:20:03+00:00,29.198275462962965,
tektoncd/pipeline,2024-12-17 07:30:32+00:00,2025-01-14 17:20:03+00:00,28.409386574074073,
tektoncd/pipeline,2024-12-17 08:10:32+00:00,2025-01-14 17:20:03+00:00,28.381608796296295,
tektoncd/pipeline,2024-12-17 19:24:32+00:00,2025-01-14 17:20:03+00:00,27.91355324074074,
tektoncd/pipeline,2024-12-20 08:12:43+00:00,2025-01-14 17:20:03+00:00,25.380092592592593,
tektoncd/pipeline,2025-01-02 16:34:49+00:00,2025-01-14 17:20:03+00:00,12.031412037037038,
tektoncd/pipeline,2025-01-02 17:16:49+00:00,2025-01-14 17:20:03+00:00,12.002245370370371,
tektoncd/pipeline,2025-01-03 20:08:49+00:00,2025-01-14 17:20:03+00:00,10.882800925925926,
tektoncd/pipeline,2025-01-03 20:56:49+00:00,2025-01-14 17:20:03+00:00,10.849467592592593,
tektoncd/pipeline,2025-01-08 18:08:53+00:00,2025-01-14 17:20:03+00:00,5.966087962962963,
tektoncd/pipeline,2025-01-09 08:54:03+00:00,2025-01-14 17:20:03+00:00,5.351388888888889,
tektoncd/pipeline,2025-01-09 09:34:04+00:00,2025-01-14 17:20:03+00:00,5.323599537037037,
tektoncd/pipeline,2025-01-09 10:20:04+00:00,2025-01-14 17:20:03+00:00,5.291655092592593,
tektoncd/pipeline,2025-01-09 10:20:04+00:00,2025-01-14 17:20:03+00:00,5.291655092592593,
tektoncd/pipeline,2025-01-09 10:20:04+00:00,2025-01-14 17:20:03+00:00,5.291655092592593,
tektoncd/pipeline,2025-01-09 15:46:04+00:00,2025-01-14 17:20:03+00:00,5.065266203703704,
tektoncd/pipeline,2025-01-09 19:00:05+00:00,2025-01-14 17:20:03+00:00,4.930532407407408,
tektoncd/pipeline,2025-01-13 12:48:00+00:00,2025-01-14 17:20:03+00:00,1.188923611111111,
tektoncd/pipeline,2025-01-13 23:02:01+00:00,2025-01-14 17:20:03+00:00,0.7625231481481481,
tektoncd/pipeline,2025-01-14 03:00:00+00:00,2025-01-14 17:20:03+00:00,0.5972569444444444,
tektoncd/pipeline,2025-01-14 11:34:01+00:00,2025-01-14 17:20:03+00:00,0.24030092592592592,
tektoncd/pipeline,2025-01-14 12:24:04+00:00,2025-01-14 17:20:03+00:00,0.20554398148148148,
tektoncd/pipeline,2025-01-14 13:26:01+00:00,2025-01-14 17:20:03+00:00,0.16252314814814814,
tektoncd/pipeline,2025-01-14 13:26:08+00:00,2025-01-14 17:20:03+00:00,0.16244212962962962,
tektoncd/pipeline,2025-01-14 16:26:02+00:00,2025-01-14 17:20:03+00:00,0.03751157407407407,
tektoncd/pipeline,2025-01-14 18:08:01+00:00,2025-01-28 12:48:50+00:00,13.778344907407407,
tektoncd/pipeline,2025-01-14 19:08:01+00:00,2025-01-28 12:48:50+00:00,13.73667824074074,
tektoncd/pipeline,2025-01-14 19:08:08+00:00,2025-01-28 12:48:50+00:00,13.736597222222223,
tektoncd/pipeline,2025-01-15 10:38:02+00:00,2025-01-28 12:48:50+00:00,13.090833333333334,
tektoncd/pipeline,2025-01-15 11:46:02+00:00,2025-01-28 12:48:50+00:00,13.043611111111112,
tektoncd/pipeline,2025-01-16 12:18:03+00:00,2025-01-28 12:48:50+00:00,12.021377314814815,
tektoncd/pipeline,2025-01-16 12:52:04+00:00,2025-01-28 12:48:50+00:00,11.997754629629629,
tektoncd/pipeline,2025-01-16 13:28:03+00:00,2025-01-28 12:48:50+00:00,11.972766203703705,
tektoncd/pipeline,2025-01-16 16:48:04+00:00,2025-01-28 12:48:50+00:00,11.833865740740741,
tektoncd/pipeline,2025-01-17 12:28:03+00:00,2025-01-28 12:48:50+00:00,11.01443287037037,
tektoncd/pipeline,2025-01-17 13:04:03+00:00,2025-01-28 12:48:50+00:00,10.98943287037037,
tektoncd/pipeline,2025-01-17 13:04:10+00:00,2025-01-28 12:48:50+00:00,10.989351851851852,
tektoncd/pipeline,2025-01-17 13:04:17+00:00,2025-01-28 12:48:50+00:00,10.989270833333334,
tektoncd/pipeline,2025-01-20 12:27:35+00:00,2025-01-28 12:48:50+00:00,8.014756944444445,
tektoncd/pipeline,2025-01-20 13:07:34+00:00,2025-01-28 12:48:50+00:00,7.98699074074074,
tektoncd/pipeline,2025-01-20 14:57:35+00:00,2025-01-28 12:48:50+00:00,7.910590277777778,
tektoncd/pipeline,2025-01-22 11:53:37+00:00,2025-01-28 12:48:50+00:00,6.038344907407407,
tektoncd/pipeline,2025-01-22 12:29:37+00:00,2025-01-28 12:48:50+00:00,6.013344907407407,
tektoncd/pipeline,2025-01-22 12:29:44+00:00,2025-01-28 12:48:50+00:00,6.013263888888889,
tektoncd/pipeline,2025-01-22 12:29:51+00:00,2025-01-28 12:48:50+00:00,6.01318287037037,
tektoncd/pipeline,2025-01-22 12:29:58+00:00,2025-01-28 12:48:50+00:00,6.013101851851852,
tektoncd/pipeline,2025-01-22 13:01:36+00:00,2025-01-28 12:48:50+00:00,5.991134259259259,
tektoncd/pipeline,2025-01-22 18:39:36+00:00,2025-01-28 12:48:50+00:00,5.756412037037037,
tektoncd/pipeline,2025-01-22 18:39:36+00:00,2025-01-28 12:48:50+00:00,5.756412037037037,
tektoncd/pipeline,2025-01-23 14:05:36+00:00,2025-01-28 12:48:50+00:00,4.946689814814815,
tektoncd/pipeline,2025-01-23 14:59:36+00:00,2025-01-28 12:48:50+00:00,4.909189814814815,
tektoncd/pipeline,2025-01-23 14:59:44+00:00,2025-01-28 12:48:50+00:00,4.909097222222222,
tektoncd/pipeline,2025-01-23 15:41:36+00:00,2025-01-28 12:48:50+00:00,4.880023148148148,
tektoncd/pipeline,2025-01-24 11:11:36+00:00,2025-01-28 12:48:50+00:00,4.067523148148148,
tektoncd/pipeline,2025-01-27 17:09:38+00:00,2025-01-28 12:48:50+00:00,0.8188888888888889,
tektoncd/pipeline,2025-01-27 17:53:38+00:00,2025-01-28 12:48:50+00:00,0.7883333333333333,
tektoncd/pipeline,2025-01-27 22:03:40+00:00,2025-01-28 12:48:50+00:00,0.6146990740740741,
tektoncd/pipeline,2025-01-27 22:39:38+00:00,2025-01-28 12:48:50+00:00,0.5897222222222223,
tektoncd/pipeline,2025-01-28 12:11:38+00:00,2025-01-28 12:48:50+00:00,0.025833333333333333,
tektoncd/pipeline,2025-01-30 10:47:39+00:00,2025-01-31 09:34:17+00:00,0.9490509259259259,
tektoncd/pipeline,2025-01-30 11:57:39+00:00,2025-01-31 09:34:17+00:00,0.9004398148148148,
tektoncd/pipeline,2025-01-30 11:57:46+00:00,2025-01-31 09:34:17+00:00,0.9003587962962963,
tektoncd/pipeline,2025-01-30 12:39:39+00:00,2025-01-31 09:34:17+00:00,0.8712731481481482,
tektoncd/pipeline,2025-01-30 14:31:39+00:00,2025-01-31 09:34:17+00:00,0.7934953703703703,
tektoncd/pipeline,2025-01-31 10:59:40+00:00,2025-03-07 07:39:16+00:00,34.86083333333333,
tektoncd/pipeline,2025-02-04 14:03:32+00:00,2025-03-07 07:39:16+00:00,30.73314814814815,
tektoncd/pipeline,2025-02-06 01:45:33+00:00,2025-03-07 07:39:16+00:00,29.245636574074073,
tektoncd/pipeline,2025-02-06 07:01:34+00:00,2025-03-07 07:39:16+00:00,29.026180555555555,
tektoncd/pipeline,2025-02-07 11:05:43+00:00,2025-03-07 07:39:16+00:00,27.856631944444445,
tektoncd/pipeline,2025-02-07 14:15:43+00:00,2025-03-07 07:39:16+00:00,27.7246875,
tektoncd/pipeline,2025-02-08 12:57:43+00:00,2025-03-07 07:39:16+00:00,26.778854166666665,
tektoncd/pipeline,2025-02-11 16:12:56+00:00,2025-03-07 07:39:16+00:00,23.643287037037037,
tektoncd/pipeline,2025-02-13 21:40:53+00:00,2025-03-07 07:39:16+00:00,21.41554398148148,
tektoncd/pipeline,2025-02-17 22:22:55+00:00,2025-03-07 07:39:16+00:00,17.386354166666667,
tektoncd/pipeline,2025-02-18 08:22:56+00:00,2025-03-07 07:39:16+00:00,16.969675925925927,
tektoncd/pipeline,2025-02-18 08:58:55+00:00,2025-03-07 07:39:16+00:00,16.9446875,
tektoncd/pipeline,2025-02-18 09:26:55+00:00,2025-03-07 07:39:16+00:00,16.925243055555555,
tektoncd/pipeline,2025-02-18 11:12:57+00:00,2025-03-07 07:39:16+00:00,16.851608796296297,
tektoncd/pipeline,2025-02-18 22:38:56+00:00,2025-03-07 07:39:16+00:00,16.37523148148148,
tektoncd/pipeline,2025-02-19 12:22:55+00:00,2025-03-07 07:39:16+00:00,15.803020833333333,
tektoncd/pipeline,2025-02-19 14:26:55+00:00,2025-03-07 07:39:16+00:00,15.716909722222223,
tektoncd/pipeline,2025-02-19 14:28:56+00:00,2025-03-07 07:39:16+00:00,15.715509259259258,
tektoncd/pipeline,2025-02-19 14:48:56+00:00,2025-03-07 07:39:16+00:00,15.701620370370371,
tektoncd/pipeline,2025-02-19 20:34:56+00:00,2025-03-07 07:39:16+00:00,15.461342592592592,
tektoncd/pipeline,2025-02-20 10:47:01+00:00,2025-03-07 07:39:16+00:00,14.869618055555556,
tektoncd/pipeline,2025-02-20 10:50:56+00:00,2025-03-07 07:39:16+00:00,14.866898148148149,
tektoncd/pipeline,2025-02-20 11:18:56+00:00,2025-03-07 07:39:16+00:00,14.847453703703703,
tektoncd/pipeline,2025-02-24 15:54:58+00:00,2025-03-07 07:39:16+00:00,10.655763888888888,
tektoncd/pipeline,2025-02-25 09:53:04+00:00,2025-03-07 07:39:16+00:00,9.907083333333333,
tektoncd/pipeline,2025-02-25 09:55:03+00:00,2025-03-07 07:39:16+00:00,9.905706018518519,
tektoncd/pipeline,2025-02-25 09:57:03+00:00,2025-03-07 07:39:16+00:00,9.90431712962963,
tektoncd/pipeline,2025-02-25 09:59:02+00:00,2025-03-07 07:39:16+00:00,9.902939814814815,
tektoncd/pipeline,2025-02-25 10:01:03+00:00,2025-03-07 07:39:16+00:00,9.901539351851852,
tektoncd/pipeline,2025-02-25 10:03:02+00:00,2025-03-07 07:39:16+00:00,9.900162037037036,
tektoncd/pipeline,2025-02-25 10:05:02+00:00,2025-03-07 07:39:16+00:00,9.898773148148148,
tektoncd/pipeline,2025-03-03 11:37:02+00:00,2025-03-07 07:39:16+00:00,3.834884259259259,
tektoncd/pipeline,2025-03-03 11:39:01+00:00,2025-03-07 07:39:16+00:00,3.8335069444444443,
tektoncd/pipeline,2025-03-03 12:05:01+00:00,2025-03-07 07:39:16+00:00,3.815451388888889,
tektoncd/pipeline,2025-03-03 12:09:01+00:00,2025-03-07 07:39:16+00:00,3.8126736111111112,
tektoncd/pipeline,2025-03-03 14:17:02+00:00,2025-03-07 07:39:16+00:00,3.723773148148148,
tektoncd/pipeline,2025-03-03 14:23:02+00:00,2025-03-07 07:39:16+00:00,3.7196064814814815,
tektoncd/pipeline,2025-03-03 14:25:02+00:00,2025-03-07 07:39:16+00:00,3.7182175925925924,
tektoncd/pipeline,2025-03-03 15:25:02+00:00,2025-03-07 07:39:16+00:00,3.676550925925926,
tektoncd/pipeline,2025-03-03 15:27:02+00:00,2025-03-07 07:39:16+00:00,3.6751620370370373,
tektoncd/pipeline,2025-03-03 16:35:02+00:00,2025-03-07 07:39:16+00:00,3.6279398148148148,
tektoncd/pipeline,2025-03-04 11:35:03+00:00,2025-03-07 07:39:16+00:00,2.836261574074074,
tektoncd/pipeline,2025-03-04 11:37:03+00:00,2025-03-07 07:39:16+00:00,2.8348726851851853,
tektoncd/pipeline,2025-03-04 11:39:03+00:00,2025-03-07 07:39:16+00:00,2.833483796296296,
tektoncd/pipeline,2025-03-04 11:41:03+00:00,2025-03-07 07:39:16+00:00,2.8320949074074075,
tektoncd/pipeline,2025-03-04 11:43:02+00:00,2025-03-07 07:39:16+00:00,2.8307175925925927,
tektoncd/pipeline,2025-03-04 11:45:02+00:00,2025-03-07 07:39:16+00:00,2.8293287037037036,
tektoncd/pipeline,2025-03-06 08:57:03+00:00,2025-03-07 07:39:16+00:00,0.9459837962962963,
tektoncd/pipeline,2025-03-06 09:21:03+00:00,2025-03-07 07:39:16+00:00,0.9293171296296296,
tektoncd/pipeline,2025-03-11 15:45:09+00:00,2025-03-20 12:04:50+00:00,8.847002314814814,
tektoncd/pipeline,2025-03-12 12:15:06+00:00,2025-03-20 12:04:50+00:00,7.992870370370371,
tektoncd/pipeline,2025-03-12 12:31:06+00:00,2025-03-20 12:04:50+00:00,7.98175925925926,
tektoncd/pipeline,2025-03-12 14:37:07+00:00,2025-03-20 12:04:50+00:00,7.894247685185185,
tektoncd/pipeline,2025-03-12 14:39:06+00:00,2025-03-20 12:04:50+00:00,7.89287037037037,
tektoncd/pipeline,2025-03-13 10:52:12+00:00,2025-03-20 12:04:50+00:00,7.050439814814815,
tektoncd/pipeline,2025-03-13 11:18:11+00:00,2025-03-20 12:04:50+00:00,7.032395833333333,
tektoncd/pipeline,2025-03-13 16:40:11+00:00,2025-03-20 12:04:50+00:00,6.808784722222223,
tektoncd/pipeline,2025-03-13 16:42:11+00:00,2025-03-20 12:04:50+00:00,6.8073958333333335,
tektoncd/pipeline,2025-03-14 10:46:11+00:00,2025-03-20 12:04:50+00:00,6.054618055555555,
tektoncd/pipeline,2025-03-14 15:40:11+00:00,2025-03-20 12:04:50+00:00,5.850451388888889,
tektoncd/pipeline,2025-03-14 16:06:11+00:00,2025-03-20 12:04:50+00:00,5.832395833333333,
tektoncd/pipeline,2025-03-18 16:20:46+00:00,2025-03-20 12:04:50+00:00,1.8222685185185186,
tektoncd/pipeline,2025-03-18 16:22:46+00:00,2025-03-20 12:04:50+00:00,1.8208796296296297,
tektoncd/pipeline,2025-03-18 16:46:45+00:00,2025-03-20 12:04:50+00:00,1.8042245370370371,
tektoncd/pipeline,2025-03-19 13:28:52+00:00,2025-03-20 12:04:50+00:00,0.9416435185185185,
tektoncd/pipeline,2025-03-20 10:10:46+00:00,2025-03-20 12:04:50+00:00,0.07921296296296296,
tektoncd/pipeline,2025-03-24 12:10:48+00:00,2025-03-28 14:47:12+00:00,4.108611111111111,
tektoncd/pipeline,2025-03-25 11:20:50+00:00,2025-03-28 14:47:12+00:00,3.143310185185185,
tektoncd/pipeline,2025-03-25 11:22:49+00:00,2025-03-28 14:47:12+00:00,3.14193287037037,
tektoncd/pipeline,2025-03-25 11:24:49+00:00,2025-03-28 14:47:12+00:00,3.1405439814814815,
tektoncd/pipeline,2025-03-25 11:26:49+00:00,2025-03-28 14:47:12+00:00,3.1391550925925924,
tektoncd/pipeline,2025-03-25 11:30:48+00:00,2025-03-28 14:47:12+00:00,3.136388888888889,
tektoncd/pipeline,2025-03-25 12:06:49+00:00,2025-03-28 14:47:12+00:00,3.1113773148148147,
tektoncd/pipeline,2025-03-25 14:12:49+00:00,2025-03-28 14:47:12+00:00,3.023877314814815,
tektoncd/pipeline,2025-03-28 15:18:50+00:00,2025-04-29 13:33:33+00:00,31.926886574074075,
tektoncd/pipeline,2025-03-28 16:44:50+00:00,2025-04-29 13:33:33+00:00,31.86716435185185,
tektoncd/pipeline,2025-03-28 17:24:50+00:00,2025-04-29 13:33:33+00:00,31.839386574074073,
tektoncd/pipeline,2025-04-01 04:12:51+00:00,2025-04-29 13:33:33+00:00,28.389375,
tektoncd/pipeline,2025-04-01 12:30:52+00:00,2025-04-29 13:33:33+00:00,28.043530092592594,
tektoncd/pipeline,2025-04-01 13:20:52+00:00,2025-04-29 13:33:33+00:00,28.00880787037037,
tektoncd/pipeline,2025-04-01 15:20:52+00:00,2025-04-29 13:33:33+00:00,27.925474537037037,
tektoncd/pipeline,2025-04-01 15:32:52+00:00,2025-04-29 13:33:33+00:00,27.917141203703704,
tektoncd/pipeline,2025-04-01 15:34:52+00:00,2025-04-29 13:33:33+00:00,27.915752314814814,
tektoncd/pipeline,2025-04-01 15:48:52+00:00,2025-04-29 13:33:33+00:00,27.90603009259259,
tektoncd/pipeline,2025-04-01 16:30:52+00:00,2025-04-29 13:33:33+00:00,27.876863425925926,
tektoncd/pipeline,2025-04-07 10:24:54+00:00,2025-04-29 13:33:33+00:00,22.131006944444444,
tektoncd/pipeline,2025-04-08 07:28:58+00:00,2025-04-29 13:33:33+00:00,21.25318287037037,
tektoncd/pipeline,2025-04-08 07:30:56+00:00,2025-04-29 13:33:33+00:00,21.25181712962963,
tektoncd/pipeline,2025-04-08 07:32:56+00:00,2025-04-29 13:33:33+00:00,21.250428240740742,
tektoncd/pipeline,2025-04-08 07:34:56+00:00,2025-04-29 13:33:33+00:00,21.249039351851852,
tektoncd/pipeline,2025-04-08 07:36:55+00:00,2025-04-29 13:33:33+00:00,21.24766203703704,
tektoncd/pipeline,2025-04-09 02:32:55+00:00,2025-04-29 13:33:33+00:00,20.458773148148147,
tektoncd/pipeline,2025-04-09 12:20:56+00:00,2025-04-29 13:33:33+00:00,20.05042824074074,
tektoncd/pipeline,2025-04-14 12:42:58+00:00,2025-04-29 13:33:33+00:00,15.035127314814815,
tektoncd/pipeline,2025-04-14 22:10:58+00:00,2025-04-29 13:33:33+00:00,14.64068287037037,
tektoncd/pipeline,2025-04-14 22:38:58+00:00,2025-04-29 13:33:33+00:00,14.621238425925926,
tektoncd/pipeline,2025-04-14 22:40:58+00:00,2025-04-29 13:33:33+00:00,14.619849537037037,
tektoncd/pipeline,2025-04-14 22:42:58+00:00,2025-04-29 13:33:33+00:00,14.618460648148147,
tektoncd/pipeline,2025-04-14 22:44:58+00:00,2025-04-29 13:33:33+00:00,14.61707175925926,
tektoncd/pipeline,2025-04-22 15:44:42+00:00,2025-04-29 13:33:33+00:00,6.908923611111111,
tektoncd/pipeline,2025-04-22 16:06:41+00:00,2025-04-29 13:33:33+00:00,6.8936574074074075,
tektoncd/pipeline,2025-04-23 10:52:43+00:00,2025-04-29 13:33:33+00:00,6.111689814814815,
tektoncd/pipeline,2025-04-23 12:12:41+00:00,2025-04-29 13:33:33+00:00,6.056157407407407,
tektoncd/pipeline,2025-04-24 22:22:42+00:00,2025-04-29 13:33:33+00:00,4.632534722222222,
tektoncd/pipeline,2025-04-25 13:34:42+00:00,2025-04-29 13:33:33+00:00,3.999201388888889,
tektoncd/pipeline,2025-04-25 15:22:42+00:00,2025-04-29 13:33:33+00:00,3.9242013888888887,
tektoncd/pipeline,2025-04-28 16:40:43+00:00,2025-04-29 13:33:33+00:00,0.8700231481481482,
tektoncd/pipeline,2025-04-28 21:54:43+00:00,2025-04-29 13:33:33+00:00,0.6519675925925926,
tektoncd/pipeline,2025-04-28 21:56:43+00:00,2025-04-29 13:33:33+00:00,0.6505787037037037,
tektoncd/pipeline,2025-04-28 21:58:43+00:00,2025-04-29 13:33:33+00:00,0.6491898148148149,
tektoncd/pipeline,2025-04-28 22:02:42+00:00,2025-04-29 13:33:33+00:00,0.6464236111111111,
tektoncd/pipeline,2025-04-28 22:04:43+00:00,2025-04-29 13:33:33+00:00,0.6450231481481481,
tektoncd/pipeline,2025-04-28 23:06:43+00:00,2025-04-29 13:33:33+00:00,0.6019675925925926,
tektoncd/pipeline,2025-04-30 12:48:44+00:00,2025-05-01 00:03:29+00:00,0.46857638888888886,
tektoncd/pipeline,2025-04-30 14:38:46+00:00,2025-05-01 00:03:29+00:00,0.39216435185185183,
tektoncd/pipeline,2025-04-30 14:40:44+00:00,2025-05-01 00:03:29+00:00,0.39079861111111114,
tektoncd/pipeline,2025-04-30 14:42:45+00:00,2025-05-01 00:03:29+00:00,0.38939814814814816,
tektoncd/pipeline,2025-04-30 16:14:44+00:00,2025-05-01 00:03:29+00:00,0.3255208333333333,
tektoncd/pipeline,2025-04-30 16:16:45+00:00,2025-05-01 00:03:29+00:00,0.3241203703703704,
tektoncd/pipeline,2025-04-30 16:18:44+00:00,2025-05-01 00:03:29+00:00,0.32274305555555555,
tektoncd/pipeline,2025-04-30 16:48:44+00:00,2025-05-01 00:03:29+00:00,0.30190972222222223,
tektoncd/pipeline,2025-05-06 04:39:52+00:00,2025-06-04 21:12:49+00:00,29.68954861111111,
tektoncd/pipeline,2025-05-06 04:41:52+00:00,2025-06-04 21:12:49+00:00,29.688159722222224,
tektoncd/pipeline,2025-05-06 04:43:53+00:00,2025-06-04 21:12:49+00:00,29.686759259259258,
tektoncd/pipeline,2025-05-06 04:45:51+00:00,2025-06-04 21:12:49+00:00,29.68539351851852,
tektoncd/pipeline,2025-05-06 04:49:52+00:00,2025-06-04 21:12:49+00:00,29.682604166666668,
tektoncd/pipeline,2025-05-06 04:51:51+00:00,2025-06-04 21:12:49+00:00,29.681226851851854,
tektoncd/pipeline,2025-05-06 04:55:51+00:00,2025-06-04 21:12:49+00:00,29.678449074074074,
tektoncd/pipeline,2025-05-06 14:17:51+00:00,2025-06-04 21:12:49+00:00,29.288171296296298,
tektoncd/pipeline,2025-05-07 07:21:51+00:00,2025-06-04 21:12:49+00:00,28.577060185185186,
tektoncd/pipeline,2025-05-07 07:23:51+00:00,2025-06-04 21:12:49+00:00,28.575671296296296,
tektoncd/pipeline,2025-05-07 07:25:51+00:00,2025-06-04 21:12:49+00:00,28.574282407407406,
tektoncd/pipeline,2025-05-07 10:01:52+00:00,2025-06-04 21:12:49+00:00,28.4659375,
tektoncd/pipeline,2025-05-07 13:27:51+00:00,2025-06-04 21:12:49+00:00,28.32289351851852,
tektoncd/pipeline,2025-05-12 07:37:54+00:00,2025-06-04 21:12:49+00:00,23.565914351851852,
tektoncd/pipeline,2025-05-12 07:39:54+00:00,2025-06-04 21:12:49+00:00,23.564525462962962,
tektoncd/pipeline,2025-05-12 07:41:54+00:00,2025-06-04 21:12:49+00:00,23.563136574074075,
tektoncd/pipeline,2025-05-12 08:17:54+00:00,2025-06-04 21:12:49+00:00,23.538136574074073,
tektoncd/pipeline,2025-05-12 08:37:54+00:00,2025-06-04 21:12:49+00:00,23.524247685185184,
tektoncd/pipeline,2025-05-12 08:45:53+00:00,2025-06-04 21:12:49+00:00,23.518703703703704,
tektoncd/pipeline,2025-05-12 09:57:54+00:00,2025-06-04 21:12:49+00:00,23.46869212962963,
tektoncd/pipeline,2025-05-12 16:53:54+00:00,2025-06-04 21:12:49+00:00,23.17980324074074,
tektoncd/pipeline,2025-05-12 17:45:54+00:00,2025-06-04 21:12:49+00:00,23.14369212962963,
tektoncd/pipeline,2025-05-13 04:39:54+00:00,2025-06-04 21:12:49+00:00,22.689525462962962,
tektoncd/pipeline,2025-05-13 04:43:54+00:00,2025-06-04 21:12:49+00:00,22.686747685185185,
tektoncd/pipeline,2025-05-13 04:45:54+00:00,2025-06-04 21:12:49+00:00,22.685358796296295,
tektoncd/pipeline,2025-05-13 05:01:55+00:00,2025-06-04 21:12:49+00:00,22.67423611111111,
tektoncd/pipeline,2025-05-13 05:07:55+00:00,2025-06-04 21:12:49+00:00,22.670069444444444,
tektoncd/pipeline,2025-05-13 06:15:54+00:00,2025-06-04 21:12:49+00:00,22.622858796296295,
tektoncd/pipeline,2025-05-13 11:31:54+00:00,2025-06-04 21:12:49+00:00,22.40341435185185,
tektoncd/pipeline,2025-05-20 11:19:57+00:00,2025-06-04 21:12:49+00:00,15.411712962962962,
tektoncd/pipeline,2025-05-20 11:24:00+00:00,2025-06-04 21:12:49+00:00,15.408900462962963,
tektoncd/pipeline,2025-05-20 11:25:59+00:00,2025-06-04 21:12:49+00:00,15.407523148148147,
tektoncd/pipeline,2025-05-20 11:27:58+00:00,2025-06-04 21:12:49+00:00,15.406145833333333,
tektoncd/pipeline,2025-05-20 11:29:58+00:00,2025-06-04 21:12:49+00:00,15.404756944444445,
tektoncd/pipeline,2025-05-20 11:33:58+00:00,2025-06-04 21:12:49+00:00,15.401979166666667,
tektoncd/pipeline,2025-05-20 12:49:57+00:00,2025-06-04 21:12:49+00:00,15.349212962962962,
tektoncd/pipeline,2025-05-20 13:17:58+00:00,2025-06-04 21:12:49+00:00,15.329756944444444,
tektoncd/pipeline,2025-05-21 07:17:58+00:00,2025-06-04 21:12:49+00:00,14.579756944444444,
tektoncd/pipeline,2025-05-21 08:17:58+00:00,2025-06-04 21:12:49+00:00,14.538090277777778,
tektoncd/pipeline,2025-05-21 08:27:58+00:00,2025-06-04 21:12:49+00:00,14.531145833333333,
tektoncd/pipeline,2025-05-21 09:01:58+00:00,2025-06-04 21:12:49+00:00,14.507534722222223,
tektoncd/pipeline,2025-05-23 09:15:59+00:00,2025-06-04 21:12:49+00:00,12.497800925925926,
tektoncd/pipeline,2025-05-27 06:42:49+00:00,2025-06-04 21:12:49+00:00,8.604166666666666,
tektoncd/pipeline,2025-05-27 06:44:49+00:00,2025-06-04 21:12:49+00:00,8.602777777777778,
tektoncd/pipeline,2025-05-27 06:46:49+00:00,2025-06-04 21:12:49+00:00,8.60138888888889,
tektoncd/pipeline,2025-05-27 18:12:50+00:00,2025-06-04 21:12:49+00:00,8.124988425925926,
tektoncd/pipeline,2025-05-27 20:52:50+00:00,2025-06-04 21:12:49+00:00,8.013877314814815,
tektoncd/pipeline,2025-05-28 15:54:50+00:00,2025-06-04 21:12:49+00:00,7.220821759259259,
tektoncd/pipeline,2025-05-29 01:14:50+00:00,2025-06-04 21:12:49+00:00,6.831932870370371,
tektoncd/pipeline,2025-06-05 10:05:48+00:00,2025-07-01 13:53:34+00:00,26.158171296296295,
tektoncd/pipeline,2025-06-10 09:05:03+00:00,2025-07-01 13:53:34+00:00,21.200358796296296,
tektoncd/pipeline,2025-06-10 09:09:00+00:00,2025-07-01 13:53:34+00:00,21.19761574074074,
tektoncd/pipeline,2025-06-10 09:11:00+00:00,2025-07-01 13:53:34+00:00,21.19622685185185,
tektoncd/pipeline,2025-06-10 09:15:01+00:00,2025-07-01 13:53:34+00:00,21.1934375,
tektoncd/pipeline,2025-06-10 09:17:00+00:00,2025-07-01 13:53:34+00:00,21.192060185185184,
tektoncd/pipeline,2025-06-10 12:42:59+00:00,2025-07-01 13:53:34+00:00,21.049016203703705,
tektoncd/pipeline,2025-06-10 14:02:59+00:00,2025-07-01 13:53:34+00:00,20.993460648148147,
tektoncd/pipeline,2025-06-11 12:55:00+00:00,2025-07-01 13:53:34+00:00,20.040671296296296,
tektoncd/pipeline,2025-06-11 12:57:00+00:00,2025-07-01 13:53:34+00:00,20.03928240740741,
tektoncd/pipeline,2025-06-11 13:09:00+00:00,2025-07-01 13:53:34+00:00,20.030949074074073,
tektoncd/pipeline,2025-06-11 13:45:00+00:00,2025-07-01 13:53:34+00:00,20.005949074074074,
tektoncd/pipeline,2025-06-11 14:21:00+00:00,2025-07-01 13:53:34+00:00,19.980949074074076,
tektoncd/pipeline,2025-06-11 14:25:00+00:00,2025-07-01 13:53:34+00:00,19.978171296296296,
tektoncd/pipeline,2025-06-11 14:27:00+00:00,2025-07-01 13:53:34+00:00,19.97678240740741,
tektoncd/pipeline,2025-06-11 14:35:00+00:00,2025-07-01 13:53:34+00:00,19.971226851851853,
tektoncd/pipeline,2025-06-11 17:41:00+00:00,2025-07-01 13:53:34+00:00,19.842060185185186,
tektoncd/pipeline,2025-06-12 12:57:00+00:00,2025-07-01 13:53:34+00:00,19.03928240740741,
tektoncd/pipeline,2025-06-12 12:59:01+00:00,2025-07-01 13:53:34+00:00,19.037881944444443,
tektoncd/pipeline,2025-06-12 13:25:00+00:00,2025-07-01 13:53:34+00:00,19.019837962962963,
tektoncd/pipeline,2025-06-12 14:25:01+00:00,2025-07-01 13:53:34+00:00,18.978159722222223,
tektoncd/pipeline,2025-06-12 14:27:00+00:00,2025-07-01 13:53:34+00:00,18.97678240740741,
tektoncd/pipeline,2025-06-12 15:01:00+00:00,2025-07-01 13:53:34+00:00,18.953171296296297,
tektoncd/pipeline,2025-06-12 15:29:00+00:00,2025-07-01 13:53:34+00:00,18.93372685185185,
tektoncd/pipeline,2025-06-12 15:35:00+00:00,2025-07-01 13:53:34+00:00,18.929560185185185,
tektoncd/pipeline,2025-06-12 16:25:00+00:00,2025-07-01 13:53:34+00:00,18.894837962962963,
tektoncd/pipeline,2025-06-12 19:03:00+00:00,2025-07-01 13:53:34+00:00,18.78511574074074,
tektoncd/pipeline,2025-06-13 05:29:01+00:00,2025-07-01 13:53:34+00:00,18.350381944444443,
tektoncd/pipeline,2025-06-16 12:57:46+00:00,2025-07-01 13:53:34+00:00,15.03875,
tektoncd/pipeline,2025-06-17 06:33:47+00:00,2025-07-01 13:53:34+00:00,14.305405092592592,
tektoncd/pipeline,2025-06-17 08:17:47+00:00,2025-07-01 13:53:34+00:00,14.23318287037037,
tektoncd/pipeline,2025-06-17 08:19:49+00:00,2025-07-01 13:53:34+00:00,14.231770833333334,
tektoncd/pipeline,2025-06-17 08:21:47+00:00,2025-07-01 13:53:34+00:00,14.230405092592592,
tektoncd/pipeline,2025-06-17 08:25:47+00:00,2025-07-01 13:53:34+00:00,14.227627314814814,
tektoncd/pipeline,2025-06-17 08:29:46+00:00,2025-07-01 13:53:34+00:00,14.22486111111111,
tektoncd/pipeline,2025-06-20 12:09:53+00:00,2025-07-01 13:53:34+00:00,11.072002314814815,
tektoncd/pipeline,2025-06-20 12:11:53+00:00,2025-07-01 13:53:34+00:00,11.070613425925925,
tektoncd/pipeline,2025-06-23 14:01:54+00:00,2025-07-01 13:53:34+00:00,7.994212962962963,
tektoncd/pipeline,2025-06-24 07:33:57+00:00,2025-07-01 13:53:34+00:00,7.263622685185185,
tektoncd/pipeline,2025-06-24 07:35:55+00:00,2025-07-01 13:53:34+00:00,7.262256944444444,
tektoncd/pipeline,2025-06-27 17:19:56+00:00,2025-07-01 13:53:34+00:00,3.856689814814815,
tektoncd/pipeline,2025-06-30 06:27:58+00:00,2025-07-01 13:53:34+00:00,1.3094444444444444,
tektoncd/pipeline,2025-06-30 12:03:57+00:00,2025-07-01 13:53:34+00:00,1.0761226851851853,
tektoncd/pipeline,2025-07-01 13:49:57+00:00,2025-07-01 13:53:34+00:00,0.002511574074074074,
tektoncd/pipeline,2025-07-01 13:51:58+00:00,2025-07-01 13:53:34+00:00,0.0011111111111111111,
tektoncd/pipeline,2025-07-01 13:53:58+00:00,2025-08-04 14:09:33+00:00,34.01082175925926,
tektoncd/pipeline,2025-07-01 14:15:58+00:00,2025-08-04 14:09:33+00:00,33.99554398148148,
tektoncd/pipeline,2025-07-01 14:17:58+00:00,2025-08-04 14:09:33+00:00,33.99415509259259,
tektoncd/pipeline,2025-07-07 07:34:00+00:00,2025-08-04 14:09:33+00:00,28.2746875,
tektoncd/pipeline,2025-07-07 10:04:00+00:00,2025-08-04 14:09:33+00:00,28.170520833333335,
tektoncd/pipeline,2025-07-07 10:08:00+00:00,2025-08-04 14:09:33+00:00,28.167743055555555,
tektoncd/pipeline,2025-07-07 11:40:00+00:00,2025-08-04 14:09:33+00:00,28.103854166666668,
tektoncd/pipeline,2025-07-08 08:46:03+00:00,2025-08-04 14:09:33+00:00,27.224652777777777,
tektoncd/pipeline,2025-07-08 08:48:02+00:00,2025-08-04 14:09:33+00:00,27.223275462962963,
tektoncd/pipeline,2025-07-08 08:52:01+00:00,2025-08-04 14:09:33+00:00,27.22050925925926,
tektoncd/pipeline,2025-07-17 10:22:10+00:00,2025-08-04 14:09:33+00:00,18.157905092592593,
tektoncd/pipeline,2025-07-17 12:48:09+00:00,2025-08-04 14:09:33+00:00,18.056527777777777,
tektoncd/pipeline,2025-07-17 12:50:10+00:00,2025-08-04 14:09:33+00:00,18.055127314814815,
tektoncd/pipeline,2025-07-17 12:52:09+00:00,2025-08-04 14:09:33+00:00,18.05375,
tektoncd/pipeline,2025-07-17 12:56:09+00:00,2025-08-04 14:09:33+00:00,18.05097222222222,
tektoncd/pipeline,2025-07-17 12:58:09+00:00,2025-08-04 14:09:33+00:00,18.049583333333334,
tektoncd/pipeline,2025-07-17 13:14:09+00:00,2025-08-04 14:09:33+00:00,18.03847222222222,
tektoncd/pipeline,2025-07-18 09:48:10+00:00,2025-08-04 14:09:33+00:00,17.181516203703705,
tektoncd/pipeline,2025-07-18 09:50:09+00:00,2025-08-04 14:09:33+00:00,17.180138888888887,
tektoncd/pipeline,2025-07-18 13:58:10+00:00,2025-08-04 14:09:33+00:00,17.007905092592594,
tektoncd/pipeline,2025-07-21 07:44:11+00:00,2025-08-04 14:09:33+00:00,14.267615740740741,
tektoncd/pipeline,2025-07-22 10:54:11+00:00,2025-08-04 14:09:33+00:00,13.135671296296296,
tektoncd/pipeline,2025-07-22 10:56:11+00:00,2025-08-04 14:09:33+00:00,13.134282407407408,
tektoncd/pipeline,2025-07-22 11:02:11+00:00,2025-08-04 14:09:33+00:00,13.130115740740742,
tektoncd/pipeline,2025-07-22 11:10:11+00:00,2025-08-04 14:09:33+00:00,13.124560185185185,
tektoncd/pipeline,2025-07-22 11:16:11+00:00,2025-08-04 14:09:33+00:00,13.120393518518519,
tektoncd/pipeline,2025-07-22 11:24:12+00:00,2025-08-04 14:09:33+00:00,13.114826388888888,
tektoncd/pipeline,2025-07-22 20:26:11+00:00,2025-08-04 14:09:33+00:00,12.738449074074074,
tektoncd/pipeline,2025-07-23 08:26:12+00:00,2025-08-04 14:09:33+00:00,12.2384375,
tektoncd/pipeline,2025-07-23 13:20:11+00:00,2025-08-04 14:09:33+00:00,12.034282407407407,
tektoncd/pipeline,2025-07-24 08:16:12+00:00,2025-08-04 14:09:33+00:00,11.245381944444444,
tektoncd/pipeline,2025-07-24 09:02:12+00:00,2025-08-04 14:09:33+00:00,11.2134375,
tektoncd/pipeline,2025-07-24 09:06:12+00:00,2025-08-04 14:09:33+00:00,11.210659722222223,
tektoncd/pipeline,2025-07-24 16:50:12+00:00,2025-08-04 14:09:33+00:00,10.8884375,
tektoncd/pipeline,2025-07-25 08:42:12+00:00,2025-08-04 14:09:33+00:00,10.227326388888889,
tektoncd/pipeline,2025-07-25 08:42:12+00:00,2025-08-04 14:09:33+00:00,10.227326388888889,
tektoncd/pipeline,2025-07-28 11:37:20+00:00,2025-08-04 14:09:33+00:00,7.105706018518519,
tektoncd/pipeline,2025-07-28 12:39:19+00:00,2025-08-04 14:09:33+00:00,7.062662037037037,
tektoncd/pipeline,2025-07-28 20:15:19+00:00,2025-08-04 14:09:33+00:00,6.745995370370371,
tektoncd/pipeline,2025-07-29 18:25:20+00:00,2025-08-04 14:09:33+00:00,5.822372685185186,
tektoncd/pipeline,2025-07-29 20:31:21+00:00,2025-08-04 14:09:33+00:00,5.734861111111111,
tektoncd/pipeline,2025-07-29 21:23:21+00:00,2025-08-04 14:09:33+00:00,5.69875,
tektoncd/pipeline,2025-07-30 08:35:21+00:00,2025-08-04 14:09:33+00:00,5.232083333333334,
tektoncd/pipeline,2025-07-30 08:41:23+00:00,2025-08-04 14:09:33+00:00,5.227893518518519,
tektoncd/pipeline,2025-07-30 08:45:21+00:00,2025-08-04 14:09:33+00:00,5.225138888888889,
tektoncd/pipeline,2025-07-30 09:11:21+00:00,2025-08-04 14:09:33+00:00,5.207083333333333,
tektoncd/pipeline,2025-07-30 20:55:21+00:00,2025-08-04 14:09:33+00:00,4.718194444444444,
tektoncd/pipeline,2025-07-30 20:57:21+00:00,2025-08-04 14:09:33+00:00,4.716805555555555,
tektoncd/pipeline,2025-07-31 21:33:22+00:00,2025-08-04 14:09:33+00:00,3.6917939814814815,
tektoncd/pipeline,2025-08-01 08:19:22+00:00,2025-08-04 14:09:33+00:00,3.2431828703703705,
tektoncd/pipeline,2025-08-04 07:24:26+00:00,2025-08-04 14:09:33+00:00,0.2813310185185185,
tektoncd/pipeline,2025-08-05 13:20:27+00:00,2025-08-05 21:34:57+00:00,0.3434027777777778,
tektoncd/pipeline,2025-08-05 14:24:27+00:00,2025-08-05 21:34:57+00:00,0.2989583333333333,
tektoncd/pipeline,2025-08-05 14:28:27+00:00,2025-08-05 21:34:57+00:00,0.29618055555555556,
tektoncd/pipeline,2025-08-06 09:22:27+00:00,2025-09-04 17:35:07+00:00,29.34212962962963,
tektoncd/pipeline,2025-08-11 12:24:04+00:00,2025-09-04 17:35:07+00:00,24.216006944444445,
tektoncd/pipeline,2025-08-12 07:36:03+00:00,2025-09-04 17:35:07+00:00,23.41601851851852,
tektoncd/pipeline,2025-08-12 08:28:10+00:00,2025-09-04 17:35:07+00:00,23.37982638888889,
tektoncd/pipeline,2025-08-12 08:56:06+00:00,2025-09-04 17:35:07+00:00,23.36042824074074,
tektoncd/pipeline,2025-08-12 09:00:06+00:00,2025-09-04 17:35:07+00:00,23.35765046296296,
tektoncd/pipeline,2025-08-14 10:36:05+00:00,2025-09-04 17:35:07+00:00,21.29099537037037,
tektoncd/pipeline,2025-08-14 10:36:06+00:00,2025-09-04 17:35:07+00:00,21.290983796296295,
tektoncd/pipeline,2025-08-14 10:38:05+00:00,2025-09-04 17:35:07+00:00,21.28960648148148,
tektoncd/pipeline,2025-08-14 10:54:05+00:00,2025-09-04 17:35:07+00:00,21.278495370370372,
tektoncd/pipeline,2025-08-14 11:10:05+00:00,2025-09-04 17:35:07+00:00,21.26738425925926,
tektoncd/pipeline,2025-08-14 11:14:05+00:00,2025-09-04 17:35:07+00:00,21.264606481481483,
tektoncd/pipeline,2025-08-14 11:18:05+00:00,2025-09-04 17:35:07+00:00,21.261828703703703,
tektoncd/pipeline,2025-08-14 15:00:06+00:00,2025-09-04 17:35:07+00:00,21.10765046296296,
tektoncd/pipeline,2025-08-15 14:58:06+00:00,2025-09-04 17:35:07+00:00,20.10903935185185,
tektoncd/pipeline,2025-08-19 10:41:43+00:00,2025-09-04 17:35:07+00:00,16.28708333333333,
tektoncd/pipeline,2025-08-19 10:49:43+00:00,2025-09-04 17:35:07+00:00,16.28152777777778,
tektoncd/pipeline,2025-08-19 10:51:43+00:00,2025-09-04 17:35:07+00:00,16.28013888888889,
tektoncd/pipeline,2025-08-19 12:05:43+00:00,2025-09-04 17:35:07+00:00,16.22875,
tektoncd/pipeline,2025-08-20 06:19:43+00:00,2025-09-04 17:35:07+00:00,15.469027777777777,
tektoncd/pipeline,2025-08-20 06:21:44+00:00,2025-09-04 17:35:07+00:00,15.467627314814814,
tektoncd/pipeline,2025-08-20 06:23:44+00:00,2025-09-04 17:35:07+00:00,15.466238425925926,
tektoncd/pipeline,2025-08-20 06:45:43+00:00,2025-09-04 17:35:07+00:00,15.450972222222223,
tektoncd/pipeline,2025-08-20 06:51:43+00:00,2025-09-04 17:35:07+00:00,15.446805555555555,
tektoncd/pipeline,2025-08-20 16:37:43+00:00,2025-09-04 17:35:07+00:00,15.039861111111112,
tektoncd/pipeline,2025-08-21 14:25:46+00:00,2025-09-04 17:35:07+00:00,14.131493055555556,
tektoncd/pipeline,2025-08-22 02:03:45+00:00,2025-09-04 17:35:07+00:00,13.646782407407407,
tektoncd/pipeline,2025-08-22 02:07:44+00:00,2025-09-04 17:35:07+00:00,13.644016203703703,
tektoncd/pipeline,2025-08-26 08:57:20+00:00,2025-09-04 17:35:07+00:00,9.359571759259259,
tektoncd/pipeline,2025-08-26 09:47:20+00:00,2025-09-04 17:35:07+00:00,9.324849537037037,
tektoncd/pipeline,2025-08-26 10:25:20+00:00,2025-09-04 17:35:07+00:00,9.298460648148149,
tektoncd/pipeline,2025-08-29 15:45:59+00:00,2025-09-04 17:35:07+00:00,6.075787037037037,
tektoncd/pipeline,2025-09-03 23:34:01+00:00,2025-09-04 17:35:07+00:00,0.7507638888888889,
tektoncd/pipeline,2025-09-04 07:42:01+00:00,2025-09-04 17:35:07+00:00,0.411875,
tektoncd/pipeline,2025-09-04 15:39:30+00:00,2025-09-04 17:35:07+00:00,0.08028935185185185,
tektoncd/pipeline,2025-09-04 16:12:02+00:00,2025-09-04 17:35:07+00:00,0.05769675925925926,
tektoncd/pipeline,2025-09-04 18:08:02+00:00,2025-09-05 16:28:09+00:00,0.9306365740740741,
tektoncd/pipeline,2025-09-04 21:39:00+00:00,2025-09-05 16:28:09+00:00,0.7841319444444445,
tektoncd/pipeline,2025-09-08 09:32:03+00:00,2025-10-02 20:45:26+00:00,24.467627314814816,
tektoncd/pipeline,2025-09-08 13:46:03+00:00,2025-10-02 20:45:26+00:00,24.291238425925926,
tektoncd/pipeline,2025-09-09 10:42:04+00:00,2025-10-02 20:45:26+00:00,23.41900462962963,
tektoncd/pipeline,2025-09-10 22:38:04+00:00,2025-10-02 20:45:26+00:00,21.921782407407406,
tektoncd/pipeline,2025-09-10 23:14:04+00:00,2025-10-02 20:45:26+00:00,21.896782407407407,
tektoncd/pipeline,2025-09-10 23:16:04+00:00,2025-10-02 20:45:26+00:00,21.895393518518517,
tektoncd/pipeline,2025-09-15 17:14:06+00:00,2025-10-02 20:45:26+00:00,17.14675925925926,
tektoncd/pipeline,2025-09-30 19:34:12+00:00,2025-10-02 20:45:26+00:00,2.0494675925925927,
tektoncd/pipeline,2025-10-02 13:30:14+00:00,2025-10-02 20:45:26+00:00,0.3022222222222222,
tektoncd/pipeline,2025-10-03 08:22:14+00:00,2025-10-31 09:03:58+00:00,28.02898148148148,
tektoncd/pipeline,2025-10-03 08:46:14+00:00,2025-10-31 09:03:58+00:00,28.012314814814815,
tektoncd/pipeline,2025-10-07 10:34:15+00:00,2025-10-31 09:03:58+00:00,23.93730324074074,
tektoncd/pipeline,2025-10-07 14:10:17+00:00,2025-10-31 09:03:58+00:00,23.787280092592592,
tektoncd/pipeline,2025-10-07 19:34:16+00:00,2025-10-31 09:03:58+00:00,23.562291666666667,
tektoncd/pipeline,2025-10-07 19:36:16+00:00,2025-10-31 09:03:58+00:00,23.560902777777777,
tektoncd/pipeline,2025-10-08 14:32:17+00:00,2025-10-31 09:03:58+00:00,22.772002314814817,
tektoncd/pipeline,2025-10-08 14:44:17+00:00,2025-10-31 09:03:58+00:00,22.76366898148148,
tektoncd/pipeline,2025-10-09 09:08:17+00:00,2025-10-31 09:03:58+00:00,21.997002314814814,
tektoncd/pipeline,2025-10-09 10:12:17+00:00,2025-10-31 09:03:58+00:00,21.95255787037037,
tektoncd/pipeline,2025-10-09 10:16:16+00:00,2025-10-31 09:03:58+00:00,21.949791666666666,
tektoncd/pipeline,2025-10-09 11:58:16+00:00,2025-10-31 09:03:58+00:00,21.878958333333333,
tektoncd/pipeline,2025-10-09 12:52:16+00:00,2025-10-31 09:03:58+00:00,21.841458333333332,
tektoncd/pipeline,2025-10-09 13:52:18+00:00,2025-10-31 09:03:58+00:00,21.79976851851852,
tektoncd/pipeline,2025-10-10 09:28:17+00:00,2025-10-31 09:03:58+00:00,20.983113425925925,
tektoncd/pipeline,2025-10-11 11:26:16+00:00,2025-10-31 09:03:58+00:00,19.901180555555555,
tektoncd/pipeline,2025-10-14 13:34:20+00:00,2025-10-31 09:03:58+00:00,16.81224537037037,
tektoncd/pipeline,2025-10-14 14:08:20+00:00,2025-10-31 09:03:58+00:00,16.788634259259258,
tektoncd/pipeline,2025-10-14 14:44:19+00:00,2025-10-31 09:03:58+00:00,16.76364583333333,
tektoncd/pipeline,2025-10-16 20:08:20+00:00,2025-10-31 09:03:58+00:00,14.53863425925926,
tektoncd/pipeline,2025-10-20 12:52:22+00:00,2025-10-31 09:03:58+00:00,10.841388888888888,
tektoncd/pipeline,2025-10-20 12:56:21+00:00,2025-10-31 09:03:58+00:00,10.838622685185186,
tektoncd/pipeline,2025-10-21 08:52:22+00:00,2025-10-31 09:03:58+00:00,10.008055555555556,
tektoncd/pipeline,2025-10-21 12:34:22+00:00,2025-10-31 09:03:58+00:00,9.85388888888889,
tektoncd/pipeline,2025-10-21 13:44:22+00:00,2025-10-31 09:03:58+00:00,9.805277777777778,
tektoncd/pipeline,2025-10-22 03:58:22+00:00,2025-10-31 09:03:58+00:00,9.212222222222222,
tektoncd/pipeline,2025-10-22 13:16:23+00:00,2025-10-31 09:03:58+00:00,8.824710648148148,
tektoncd/pipeline,2025-10-22 13:52:23+00:00,2025-10-31 09:03:58+00:00,8.799710648148148,
tektoncd/pipeline,2025-10-24 15:10:23+00:00,2025-10-31 09:03:58+00:00,6.7455439814814815,
tektoncd/pipeline,2025-10-24 15:38:22+00:00,2025-10-31 09:03:58+00:00,6.726111111111111,
tektoncd/pipeline,2025-10-24 15:44:22+00:00,2025-10-31 09:03:58+00:00,6.7219444444444445,
tektoncd/pipeline,2025-10-24 16:36:22+00:00,2025-10-31 09:03:58+00:00,6.685833333333333,
tektoncd/pipeline,2025-10-27 09:16:24+00:00,2025-10-31 09:03:58+00:00,3.991365740740741,
tektoncd/pipeline,2025-10-27 11:54:23+00:00,2025-10-31 09:03:58+00:00,3.8816550925925926,
tektoncd/pipeline,2025-10-28 09:04:24+00:00,2025-10-31 09:03:58+00:00,2.999699074074074,
tektoncd/pipeline,2025-10-28 09:34:24+00:00,2025-10-31 09:03:58+00:00,2.9788657407407406,
tektoncd/pipeline,2025-10-28 09:38:25+00:00,2025-10-31 09:03:58+00:00,2.976076388888889,
tektoncd/pipeline,2025-10-28 09:42:25+00:00,2025-10-31 09:03:58+00:00,2.9732986111111113,
tektoncd/pipeline,2025-10-28 09:46:25+00:00,2025-10-31 09:03:58+00:00,2.9705208333333335,
tektoncd/pipeline,2025-10-28 13:58:25+00:00,2025-10-31 09:03:58+00:00,2.7955208333333332,
tektoncd/pipeline,2025-10-28 14:36:25+00:00,2025-10-31 09:03:58+00:00,2.7691319444444447,
tektoncd/pipeline,2025-10-28 14:40:25+00:00,2025-10-31 09:03:58+00:00,2.7663541666666664,
tektoncd/pipeline,2025-10-28 16:30:24+00:00,2025-10-31 09:03:58+00:00,2.689976851851852,
tektoncd/pipeline,2025-10-28 16:32:25+00:00,2025-10-31 09:03:58+00:00,2.688576388888889,
tektoncd/pipeline,2025-10-29 11:30:26+00:00,2025-10-31 09:03:58+00:00,1.898287037037037,
tektoncd/pipeline,2025-10-30 10:34:25+00:00,2025-10-31 09:03:58+00:00,0.9371875,
tektoncd/pipeline,2025-10-30 16:52:25+00:00,2025-10-31 09:03:58+00:00,0.6746875,
tektoncd/pipeline,2025-10-30 17:04:25+00:00,2025-10-31 09:03:58+00:00,0.6663541666666667,
tektoncd/pipeline,2025-10-31 10:44:25+00:00,2025-12-03 11:22:40+00:00,33.0265625,
tektoncd/pipeline,2025-11-04 07:32:26+00:00,2025-12-03 11:22:40+00:00,29.159884259259258,
tektoncd/pipeline,2025-11-04 10:22:27+00:00,2025-12-03 11:22:40+00:00,29.041817129629628,
tektoncd/pipeline,2025-11-04 20:38:27+00:00,2025-12-03 11:22:40+00:00,28.61403935185185,
tektoncd/pipeline,2025-11-04 21:04:28+00:00,2025-12-03 11:22:40+00:00,28.595972222222223,
tektoncd/pipeline,2025-11-04 21:12:27+00:00,2025-12-03 11:22:40+00:00,28.590428240740742,
tektoncd/pipeline,2025-11-06 08:04:27+00:00,2025-12-03 11:22:40+00:00,27.137650462962963,
tektoncd/pipeline,2025-11-07 08:50:20+00:00,2025-12-03 11:22:40+00:00,26.105787037037036,
tektoncd/pipeline,2025-11-11 10:58:31+00:00,2025-12-03 11:22:40+00:00,22.016770833333332,
tektoncd/pipeline,2025-11-13 11:38:31+00:00,2025-12-03 11:22:40+00:00,19.988993055555557,
tektoncd/pipeline,2025-11-17 12:22:33+00:00,2025-12-03 11:22:40+00:00,15.958414351851852,
tektoncd/pipeline,2025-11-18 06:16:10+00:00,2025-12-03 11:22:40+00:00,15.212847222222223,
tektoncd/pipeline,2025-11-18 06:46:33+00:00,2025-12-03 11:22:40+00:00,15.191747685185184,
tektoncd/pipeline,2025-11-18 06:52:33+00:00,2025-12-03 11:22:40+00:00,15.187581018518518,
tektoncd/pipeline,2025-11-18 10:00:33+00:00,2025-12-03 11:22:40+00:00,15.057025462962963,
tektoncd/pipeline,2025-11-18 10:32:35+00:00,2025-12-03 11:22:40+00:00,15.034780092592593,
tektoncd/pipeline,2025-11-18 20:20:33+00:00,2025-12-03 11:22:40+00:00,14.626469907407408,
tektoncd/pipeline,2025-11-19 06:36:33+00:00,2025-12-03 11:22:40+00:00,14.19869212962963,
tektoncd/pipeline,2025-11-20 14:12:42+00:00,2025-12-03 11:22:40+00:00,12.881921296296296,
tektoncd/pipeline,2025-11-21 08:54:42+00:00,2025-12-03 11:22:40+00:00,12.10275462962963,
tektoncd/pipeline,2025-11-21 13:32:42+00:00,2025-12-03 11:22:40+00:00,11.909699074074075,
tektoncd/pipeline,2025-11-25 08:50:43+00:00,2025-12-03 11:22:40+00:00,8.105520833333333,
tektoncd/pipeline,2025-11-25 21:38:44+00:00,2025-12-03 11:22:40+00:00,7.572175925925926,
tektoncd/pipeline,2025-11-25 21:40:44+00:00,2025-12-03 11:22:40+00:00,7.570787037037037,
tektoncd/pipeline,2025-11-26 11:38:44+00:00,2025-12-03 11:22:40+00:00,6.988842592592593,
tektoncd/pipeline,2025-11-26 11:56:44+00:00,2025-12-03 11:22:40+00:00,6.976342592592593,
tektoncd/pipeline,2025-11-26 13:02:44+00:00,2025-12-03 11:22:40+00:00,6.930509259259259,
tektoncd/pipeline,2025-11-26 15:50:44+00:00,2025-12-03 11:22:40+00:00,6.813842592592593,
tektoncd/pipeline,2025-11-27 08:56:45+00:00,2025-12-03 11:22:40+00:00,6.101331018518518,
tektoncd/pipeline,2025-11-27 09:40:44+00:00,2025-12-03 11:22:40+00:00,6.070787037037037,
tektoncd/pipeline,2025-11-27 19:24:45+00:00,2025-12-03 11:22:40+00:00,5.665219907407407,
tektoncd/pipeline,2025-11-27 19:26:44+00:00,2025-12-03 11:22:40+00:00,5.663842592592593,
tektoncd/pipeline,2025-11-28 10:22:44+00:00,2025-12-03 11:22:40+00:00,5.041620370370371,
tektoncd/pipeline,2025-11-28 10:58:45+00:00,2025-12-03 11:22:40+00:00,5.016608796296296,
tektoncd/pipeline,2025-11-28 11:34:44+00:00,2025-12-03 11:22:40+00:00,4.99162037037037,
tektoncd/pipeline,2025-11-28 11:38:45+00:00,2025-12-03 11:22:40+00:00,4.9888310185185185,
tektoncd/pipeline,2025-11-28 13:54:44+00:00,2025-12-03 11:22:40+00:00,4.894398148148148,
tektoncd/pipeline,2025-12-01 10:14:46+00:00,2025-12-03 11:22:40+00:00,2.047152777777778,
tektoncd/pipeline,2025-12-01 11:08:46+00:00,2025-12-03 11:22:40+00:00,2.0096527777777777,
tektoncd/pipeline,2025-12-02 15:52:47+00:00,2025-12-03 11:22:40+00:00,0.8124189814814815,
tektoncd/pipeline,2025-12-03 08:34:47+00:00,2025-12-03 11:22:40+00:00,0.11658564814814815,
tektoncd/pipeline,2025-12-03 09:02:47+00:00,2025-12-03 11:22:40+00:00,0.0971412037037037,
tektoncd/pipeline,2025-12-03 10:07:25+00:00,2025-12-03 11:22:40+00:00,0.052256944444444446,
tektoncd/pipeline,2025-12-03 11:16:47+00:00,2025-12-03 11:22:40+00:00,0.004085648148148148,
