repo_full,detector_family,detector_variant,scenario_type,affected_metrics,dimensionality,magnitude_level,duration_weeks,volume_condition,missingness_condition,scenario_detector_rows,mean_strict_incremental_episode_detected,strict_incremental_episode_detected_valid_observations,mean_strict_incremental_detection_delay_weeks,strict_incremental_detection_delay_weeks_valid_observations,mean_reference_alarm_burden,reference_alarm_burden_valid_observations,mean_incremental_alarm_duration_weeks,incremental_alarm_duration_weeks_valid_observations,mean_incremental_spillover_weeks,incremental_spillover_weeks_valid_observations,mean_total_operational_episode_detected,total_operational_episode_detected_valid_observations,mean_reference_alarm_overlap_fraction,reference_alarm_overlap_fraction_valid_observations,mean_incremental_boundary_overlap,incremental_boundary_overlap_valid_observations,mean_pair_unevaluable_fraction,pair_unevaluable_fraction_valid_observations,mean_injection_relative_precision,injection_relative_precision_valid_observations,mean_injection_relative_false_alarm_rate,injection_relative_false_alarm_rate_valid_observations,mean_incremental_detected_within_0w_post,incremental_detected_within_0w_post_valid_observations,mean_incremental_detected_within_1w_post,incremental_detected_within_1w_post_valid_observations,mean_incremental_detected_within_2w_post,incremental_detected_within_2w_post_valid_observations,mean_incremental_detected_within_4w_post,incremental_detected_within_4w_post_valid_observations
containerd/containerd,causal_rolling_mad,latency_log,no_injection,none,0,none,0,observed,none,1,,0,,0,0.0,1,0.0,1,0.0,1,,0,,0,,0,0.021739130434782608,1,,0,0.0,1,,0,,0,,0,,0
containerd/containerd,causal_rolling_mad,failure_rate,no_injection,none,0,none,0,observed,none,1,,0,,0,0.022222222222222223,1,0.0,1,0.0,1,,0,,0,,0,0.021739130434782608,1,0.0,1,0.022222222222222223,1,,0,,0,,0,,0
containerd/containerd,causal_rolling_mad,rerun_rate,no_injection,none,0,none,0,observed,none,1,,0,,0,0.0,1,0.0,1,0.0,1,,0,,0,,0,0.021739130434782608,1,,0,0.0,1,,0,,0,,0,,0
containerd/containerd,causal_rolling_mad,union,no_injection,none,0,none,0,observed,none,1,,0,,0,0.044444444444444446,1,0.0,1,0.0,1,,0,,0,,0,0.021739130434782608,1,0.0,1,0.044444444444444446,1,,0,,0,,0,,0
containerd/containerd,causal_rolling_mad,two_of_three,no_injection,none,0,none,0,observed,none,1,,0,,0,0.0,1,0.0,1,0.0,1,,0,,0,,0,0.021739130434782608,1,,0,0.0,1,,0,,0,,0,,0
containerd/containerd,mewma,mewma,no_injection,none,0,none,0,observed,none,1,,0,,0,0.0,1,0.0,1,0.0,1,,0,,0,,0,0.0,1,,0,0.0,1,,0,,0,,0,,0
containerd/containerd,causal_rolling_mad,latency_log,metric_shift,latency_log,1,low,1,observed,none,100,0.0,100,,0,0.0,100,0.0,100,0.0,100,0.0,100,0.0,100,0.0,100,0.021739130434782653,100,,0,0.0,100,0.0,100,0.0,100,0.0,100,0.0,100
containerd/containerd,causal_rolling_mad,failure_rate,metric_shift,latency_log,1,low,1,observed,none,100,0.0,100,,0,0.022222222222222185,100,0.0,100,0.0,100,0.04,100,0.04,100,0.0,100,0.021739130434782653,100,0.04,100,0.02181818181818182,100,0.0,100,0.0,100,0.0,100,0.0,100
containerd/containerd,causal_rolling_mad,rerun_rate,metric_shift,latency_log,1,low,1,observed,none,100,0.0,100,,0,0.0,100,0.0,100,0.0,100,0.0,100,0.0,100,0.0,100,0.021739130434782653,100,,0,0.0,100,0.0,100,0.0,100,0.0,100,0.0,100
containerd/containerd,causal_rolling_mad,union,metric_shift,latency_log,1,low,1,observed,none,100,0.15,100,0.0,15,0.04444444444444437,100,0.27,100,0.12,100,0.2,100,0.05,100,0.125,100,0.021739130434782653,100,0.07083333333333333,100,0.047045454545454585,100,0.15,100,0.22,100,0.22,100,0.22,100
containerd/containerd,causal_rolling_mad,two_of_three,metric_shift,latency_log,1,low,1,observed,none,100,0.0,100,,0,0.0,100,0.0,100,0.0,100,0.0,100,0.0,100,0.0,100,0.021739130434782653,100,,0,0.0,100,0.0,100,0.0,100,0.0,100,0.0,100
containerd/containerd,mewma,mewma,metric_shift,latency_log,1,low,1,observed,none,100,0.0,100,,0,0.0,100,0.0,100,0.0,100,0.0,100,0.0,100,0.0,100,0.0,100,,0,0.0,100,0.0,100,0.0,100,0.0,100,0.0,100
containerd/containerd,causal_rolling_mad,latency_log,metric_shift,latency_log,1,medium,1,observed,none,100,0.0,100,,0,0.0,100,0.01,100,0.01,100,0.0,100,0.0,100,0.0,98,0.021739130434782653,100,0.0,1,0.00022727272727272727,100,0.0,100,0.01,100,0.01,100,0.01,100
containerd/containerd,causal_rolling_mad,failure_rate,metric_shift,latency_log,1,medium,1,observed,none,100,0.0,100,,0,0.022222222222222185,100,0.0,100,0.0,100,0.01,100,0.01,100,0.0,98,0.021739130434782653,100,0.01,100,0.022489898989898994,100,0.0,100,0.0,100,0.0,100,0.0,100
containerd/containerd,causal_rolling_mad,rerun_rate,metric_shift,latency_log,1,medium,1,observed,none,100,0.0,100,,0,0.0,100,0.0,100,0.0,100,0.0,100,0.0,100,0.0,98,0.021739130434782653,100,,0,0.0,100,0.0,100,0.0,100,0.0,100,0.0,100
containerd/containerd,causal_rolling_mad,union,metric_shift,latency_log,1,medium,1,observed,none,100,0.07,100,0.0,7,0.04444444444444437,100,0.15,100,0.08,100,0.11,100,0.04,100,0.0663265306122449,98,0.021739130434782653,100,0.0425,100,0.046343434343434374,100,0.07,100,0.14,100,0.14,100,0.14,100
containerd/containerd,causal_rolling_mad,two_of_three,metric_shift,latency_log,1,medium,1,observed,none,100,0.0,100,,0,0.0,100,0.0,100,0.0,100,0.0,100,0.0,100,0.0,98,0.021739130434782653,100,,0,0.0,100,0.0,100,0.0,100,0.0,100,0.0,100
containerd/containerd,mewma,mewma,metric_shift,latency_log,1,medium,1,observed,none,100,0.04,100,0.0,4,0.0,100,0.1,100,0.06,100,0.04,100,0.0,100,0.04,100,0.0,100,0.4,10,0.0013333333333333333,100,0.04,100,0.06,100,0.1,100,0.1,100
containerd/containerd,causal_rolling_mad,latency_log,metric_shift,latency_log,1,high,1,observed,none,100,0.0,100,,0,0.0,100,0.04,100,0.04,100,0.0,100,0.0,100,0.0,100,0.021739130434782653,100,0.0,4,0.0009090909090909091,100,0.0,100,0.04,100,0.04,100,0.04,100
containerd/containerd,causal_rolling_mad,failure_rate,metric_shift,latency_log,1,high,1,observed,none,100,0.0,100,,0,0.022222222222222185,100,0.0,100,0.0,100,0.0,100,0.0,100,0.0,100,0.021739130434782653,100,0.0,100,0.02272727272727274,100,0.0,100,0.0,100,0.0,100,0.0,100
containerd/containerd,causal_rolling_mad,rerun_rate,metric_shift,latency_log,1,high,1,observed,none,100,0.0,100,,0,0.0,100,0.0,100,0.0,100,0.0,100,0.0,100,0.0,100,0.021739130434782653,100,,0,0.0,100,0.0,100,0.0,100,0.0,100,0.0,100
containerd/containerd,causal_rolling_mad,union,metric_shift,latency_log,1,high,1,observed,none,100,0.05,100,0.0,5,0.04444444444444437,100,0.18,100,0.13,100,0.08,100,0.03,100,0.045,100,0.021739130434782653,100,0.030833333333333334,100,0.04772727272727277,100,0.05,100,0.17,100,0.17,100,0.17,100
containerd/containerd,causal_rolling_mad,two_of_three,metric_shift,latency_log,1,high,1,observed,none,100,0.0,100,,0,0.0,100,0.0,100,0.0,100,0.0,100,0.0,100,0.0,100,0.021739130434782653,100,,0,0.0,100,0.0,100,0.0,100,0.0,100,0.0,100
containerd/containerd,mewma,mewma,metric_shift,latency_log,1,high,1,observed,none,100,0.03,100,0.0,3,0.0,100,0.11,100,0.08,100,0.03,100,0.0,100,0.02,100,0.0,100,0.2222222222222222,9,0.0017777777777777779,100,0.03,100,0.06,100,0.09,100,0.09,100
containerd/containerd,causal_rolling_mad,latency_log,metric_shift,latency_log,1,medium,1,low_volume,none,100,0.0,100,,0,0.0,100,0.02,100,0.02,100,0.0,100,0.0,100,0.0,100,0.021739130434782653,100,0.0,2,0.00045454545454545455,100,0.0,100,0.02,100,0.02,100,0.02,100
containerd/containerd,causal_rolling_mad,failure_rate,metric_shift,latency_log,1,medium,1,low_volume,none,100,0.02,100,0.0,2,0.022222222222222185,100,0.04,100,0.02,100,0.03,100,0.01,100,0.02,100,0.021739130434782653,100,0.021052631578947368,95,0.02181818181818182,100,0.02,100,0.02,100,0.03,100,0.03,100
containerd/containerd,causal_rolling_mad,rerun_rate,metric_shift,latency_log,1,medium,1,low_volume,none,100,0.0,100,,0,0.0,100,0.02,100,0.02,100,0.0,100,0.0,100,0.0,100,0.021739130434782653,100,0.0,2,0.00045454545454545455,100,0.0,100,0.02,100,0.02,100,0.02,100
containerd/containerd,causal_rolling_mad,union,metric_shift,latency_log,1,medium,1,low_volume,none,100,0.1,100,0.0,10,0.04444444444444437,100,0.23,100,0.13,100,0.12,100,0.02,100,0.1,100,0.021739130434782653,100,0.04833333333333333,100,0.044318181818181826,100,0.1,100,0.21,100,0.21,100,0.21,100
containerd/containerd,causal_rolling_mad,two_of_three,metric_shift,latency_log,1,medium,1,low_volume,none,100,0.0,100,,0,0.0,100,0.0,100,0.0,100,0.0,100,0.0,100,0.0,100,0.021739130434782653,100,,0,0.0,100,0.0,100,0.0,100,0.0,100,0.0,100
containerd/containerd,mewma,mewma,metric_shift,latency_log,1,medium,1,low_volume,none,100,0.04,100,0.0,4,0.0,100,0.1,100,0.06,100,0.04,100,0.0,100,0.035,100,0.0,100,0.3888888888888889,9,0.0013333333333333333,100,0.04,100,0.07,100,0.08,100,0.09,100
containerd/containerd,causal_rolling_mad,latency_log,metric_shift,latency_log,1,medium,1,observed,controlled,100,0.0,100,,0,0.0,100,0.0,100,0.0,100,0.0,100,0.0,100,,0,0.2993478260869569,100,,0,0.0,100,0.0,100,0.0,100,0.0,100,0.0,100
containerd/containerd,causal_rolling_mad,failure_rate,metric_shift,latency_log,1,medium,1,observed,controlled,100,0.0,100,,0,0.022222222222222185,100,0.0,100,0.0,100,0.01,100,0.01,100,0.0,98,0.021739130434782653,100,0.01,100,0.022489898989898994,100,0.0,100,0.0,100,0.0,100,0.0,100
containerd/containerd,causal_rolling_mad,rerun_rate,metric_shift,latency_log,1,medium,1,observed,controlled,100,0.0,100,,0,0.0,100,0.0,100,0.0,100,0.0,100,0.0,100,0.0,98,0.021739130434782653,100,,0,0.0,100,0.0,100,0.0,100,0.0,100,0.0,100
containerd/containerd,causal_rolling_mad,union,metric_shift,latency_log,1,medium,1,observed,controlled,100,0.0,100,,0,0.043617383982009796,100,0.0,100,0.0,100,0.0,100,0.0,100,,0,0.2993478260869569,100,0.0,93,0.043617383982009796,100,0.0,100,0.0,100,0.0,100,0.0,100
containerd/containerd,causal_rolling_mad,two_of_three,metric_shift,latency_log,1,medium,1,observed,controlled,100,0.0,100,,0,0.0,100,0.0,100,0.0,100,0.0,100,0.0,100,,0,0.2993478260869569,100,,0,0.0,100,0.0,100,0.0,100,0.0,100,0.0,100
containerd/containerd,mewma,mewma,metric_shift,latency_log,1,medium,1,observed,controlled,100,0.0,100,,0,0.0,100,0.0,100,0.0,100,0.0,100,0.0,100,0.0,100,0.0,100,,0,0.0,100,0.0,100,0.0,100,0.0,100,0.0,100
containerd/containerd,causal_rolling_mad,latency_log,metric_shift,latency_log,1,low,2,observed,none,100,0.82,100,1.0,82,0.0,100,0.82,100,0.0,100,0.82,100,0.0,100,0.415,100,0.021739130434782653,100,1.0,82,0.0,100,0.82,100,0.82,100,0.82,100,0.82,100
containerd/containerd,causal_rolling_mad,failure_rate,metric_shift,latency_log,1,low,2,observed,none,100,0.0,100,,0,0.022222222222222185,100,0.0,100,0.0,100,0.06,100,0.03,100,0.0,100,0.021739130434782653,100,0.06,100,0.02185517970401694,100,0.0,100,0.0,100,0.0,100,0.0,100
containerd/containerd,causal_rolling_mad,rerun_rate,metric_shift,latency_log,1,low,2,observed,none,100,0.0,100,,0,0.0,100,0.0,100,0.0,100,0.0,100,0.0,100,0.0,100,0.021739130434782653,100,,0,0.0,100,0.0,100,0.0,100,0.0,100,0.0,100
containerd/containerd,causal_rolling_mad,union,metric_shift,latency_log,1,low,2,observed,none,100,0.75,100,0.92,75,0.04444444444444437,100,0.9,100,0.09,100,0.82,100,0.05,100,0.3949999999999999,100,0.021739130434782653,100,0.2966666666666664,100,0.046268498942917596,100,0.75,100,0.75,100,0.75,100,0.75,100
containerd/containerd,causal_rolling_mad,two_of_three,metric_shift,latency_log,1,low,2,observed,none,100,0.07,100,1.0,7,0.0,100,0.07,100,0.0,100,0.07,100,0.0,100,0.035,100,0.021739130434782653,100,1.0,7,0.0,100,0.07,100,0.07,100,0.07,100,0.07,100
containerd/containerd,mewma,mewma,metric_shift,latency_log,1,low,2,observed,none,100,0.03,100,1.0,3,0.0,100,0.07,100,0.04,100,0.03,100,0.0,100,0.015,100,0.0,100,0.42857142857142855,7,0.0009090909090909091,100,0.03,100,0.07,100,0.07,100,0.07,100
containerd/containerd,causal_rolling_mad,latency_log,metric_shift,latency_log,1,medium,2,observed,none,100,1.0,100,1.0,100,0.0,100,1.01,100,0.01,100,1.0,100,0.0,100,0.5083333333333333,100,0.021739130434782653,100,0.995,100,0.0002325581395348837,100,1.0,100,1.0,100,1.0,100,1.0,100
containerd/containerd,causal_rolling_mad,failure_rate,metric_shift,latency_log,1,medium,2,observed,none,100,0.0,100,,0,0.022222222222222185,100,0.0,100,0.0,100,0.05,100,0.025,100,0.0,100,0.021739130434782653,100,0.05,100,0.022082452431289666,100,0.0,100,0.0,100,0.0,100,0.0,100
containerd/containerd,causal_rolling_mad,rerun_rate,metric_shift,latency_log,1,medium,2,observed,none,100,0.0,100,,0,0.0,100,0.0,100,0.0,100,0.0,100,0.0,100,0.0,100,0.021739130434782653,100,,0,0.0,100,0.0,100,0.0,100,0.0,100,0.0,100
containerd/containerd,causal_rolling_mad,union,metric_shift,latency_log,1,medium,2,observed,none,100,0.98,100,0.8877551020408163,98,0.04444444444444437,100,1.18,100,0.09,100,1.0,100,0.035,100,0.54,100,0.021739130434782653,100,0.36083333333333323,100,0.04695560253699794,100,0.98,100,0.98,100,0.98,100,0.98,100
containerd/containerd,causal_rolling_mad,two_of_three,metric_shift,latency_log,1,medium,2,observed,none,100,0.02,100,1.0,2,0.0,100,0.02,100,0.0,100,0.02,100,0.0,100,0.01,100,0.021739130434782653,100,1.0,2,0.0,100,0.02,100,0.02,100,0.02,100,0.02,100
containerd/containerd,mewma,mewma,metric_shift,latency_log,1,medium,2,observed,none,100,0.91,100,0.9560439560439561,91,0.0,100,1.51,100,0.56,100,0.91,100,0.0,100,0.3911666666666667,100,0.0,100,0.7673992673992674,91,0.01272727272727272,100,0.91,100,0.91,100,0.91,100,0.91,100
containerd/containerd,causal_rolling_mad,latency_log,metric_shift,latency_log,1,high,2,observed,none,100,1.0,100,1.0,100,0.0,100,1.01,100,0.01,100,1.0,100,0.0,100,0.5083333333333333,100,0.021739130434782653,100,0.995,100,0.0002325581395348837,100,1.0,100,1.0,100,1.0,100,1.0,100
containerd/containerd,causal_rolling_mad,failure_rate,metric_shift,latency_log,1,high,2,observed,none,100,0.0,100,,0,0.022222222222222185,100,0.0,100,0.0,100,0.06,100,0.03,100,0.0,100,0.021739130434782653,100,0.06,100,0.02184989429175478,100,0.0,100,0.0,100,0.0,100,0.0,100
containerd/containerd,causal_rolling_mad,rerun_rate,metric_shift,latency_log,1,high,2,observed,none,100,0.0,100,,0,0.0,100,0.0,100,0.0,100,0.0,100,0.0,100,0.0,100,0.021739130434782653,100,,0,0.0,100,0.0,100,0.0,100,0.0,100,0.0,100
containerd/containerd,causal_rolling_mad,union,metric_shift,latency_log,1,high,2,observed,none,100,0.93,100,0.8924731182795699,93,0.04444444444444437,100,1.07,100,0.04,100,1.0,100,0.06,100,0.5183333333333333,100,0.021739130434782653,100,0.37416666666666665,100,0.0446300211416491,100,0.93,100,0.93,100,0.93,100,0.93,100
containerd/containerd,causal_rolling_mad,two_of_three,metric_shift,latency_log,1,high,2,observed,none,100,0.07,100,1.0,7,0.0,100,0.07,100,0.0,100,0.07,100,0.0,100,0.035,100,0.021739130434782653,100,1.0,7,0.0,100,0.07,100,0.07,100,0.07,100,0.07,100
containerd/containerd,mewma,mewma,metric_shift,latency_log,1,high,2,observed,none,100,1.0,100,0.95,100,0.0,100,2.15,100,1.1,100,1.0,100,0.0,100,0.3621666666666667,100,0.0,100,0.5730000000000002,100,0.025,100,1.0,100,1.0,100,1.0,100,1.0,100
containerd/containerd,causal_rolling_mad,latency_log,metric_shift,latency_log,1,medium,2,low_volume,none,100,1.0,100,1.0,100,0.0,100,1.03,100,0.03,100,1.0,100,0.0,100,0.51,100,0.021739130434782653,100,0.985,100,0.0006976744186046512,100,1.0,100,1.0,100,1.0,100,1.0,100
containerd/containerd,causal_rolling_mad,failure_rate,metric_shift,latency_log,1,medium,2,low_volume,none,100,0.02,100,1.0,2,0.022222222222222185,100,0.07,100,0.05,100,0.03,100,0.015,100,0.006666666666666666,100,0.021739130434782653,100,0.02713178294573643,86,0.020449260042283323,100,0.02,100,0.02,100,0.02,100,0.02,100
containerd/containerd,causal_rolling_mad,rerun_rate,metric_shift,latency_log,1,medium,2,low_volume,none,100,0.0,100,,0,0.0,100,0.0,100,0.0,100,0.0,100,0.0,100,0.0,100,0.021739130434782653,100,,0,0.0,100,0.0,100,0.0,100,0.0,100,0.0,100
containerd/containerd,causal_rolling_mad,union,metric_shift,latency_log,1,medium,2,low_volume,none,100,0.98,100,0.9183673469387755,98,0.04444444444444437,100,1.19,100,0.13,100,1.0,100,0.02,100,0.5233333333333334,100,0.021739130434782653,100,0.3891666666666667,100,0.04252642706131083,100,0.98,100,0.98,100,0.98,100,0.98,100
containerd/containerd,causal_rolling_mad,two_of_three,metric_shift,latency_log,1,medium,2,low_volume,none,100,0.04,100,1.0,4,0.0,100,0.04,100,0.0,100,0.04,100,0.0,100,0.02,100,0.021739130434782653,100,1.0,4,0.0,100,0.04,100,0.04,100,0.04,100,0.04,100
containerd/containerd,mewma,mewma,metric_shift,latency_log,1,medium,2,low_volume,none,100,0.87,100,0.8735632183908046,87,0.0,100,1.63,100,0.65,100,0.87,100,0.0,100,0.3812619047619048,100,0.0,100,0.732183908045977,87,0.014772727272727266,100,0.87,100,0.87,100,0.87,100,0.87,100
containerd/containerd,causal_rolling_mad,latency_log,metric_shift,latency_log,1,medium,2,observed,controlled,100,0.0,100,,0,0.0,100,0.0,100,0.0,100,0.0,100,0.0,100,0.0,48,0.2941304347826091,100,,0,0.0,100,0.0,100,0.0,100,0.0,100,0.0,100
containerd/containerd,causal_rolling_mad,failure_rate,metric_shift,latency_log,1,medium,2,observed,controlled,100,0.0,100,,0,0.022222222222222185,100,0.0,100,0.0,100,0.02,100,0.01,100,0.0,100,0.021739130434782653,100,0.02,100,0.02278012684989432,100,0.0,100,0.0,100,0.0,100,0.0,100
containerd/containerd,causal_rolling_mad,rerun_rate,metric_shift,latency_log,1,medium,2,observed,controlled,100,0.0,100,,0,0.0,100,0.0,100,0.0,100,0.0,100,0.0,100,0.0,100,0.021739130434782653,100,,0,0.0,100,0.0,100,0.0,100,0.0,100,0.0,100
containerd/containerd,causal_rolling_mad,union,metric_shift,latency_log,1,medium,2,observed,controlled,100,0.08,100,0.0,8,0.04475931847515852,100,0.08,100,0.0,100,0.1,100,0.02,100,0.16666666666666666,48,0.2941304347826091,100,0.053763440860215055,93,0.04476992913942691,100,0.08,100,0.08,100,0.08,100,0.08,100
containerd/containerd,causal_rolling_mad,two_of_three,metric_shift,latency_log,1,medium,2,observed,controlled,100,0.0,100,,0,0.0,100,0.0,100,0.0,100,0.0,100,0.0,100,0.0,48,0.2941304347826091,100,,0,0.0,100,0.0,100,0.0,100,0.0,100,0.0,100
containerd/containerd,mewma,mewma,metric_shift,latency_log,1,medium,2,observed,controlled,100,0.05,100,0.4,5,0.0,100,0.1,100,0.05,100,0.05,100,0.0,100,0.025,100,0.0,100,0.5,10,0.0011363636363636365,100,0.05,100,0.06,100,0.1,100,0.1,100
containerd/containerd,causal_rolling_mad,latency_log,metric_shift,latency_log,1,low,4,observed,none,100,0.89,100,1.0561797752808988,89,0.0,100,2.43,100,0.0,100,0.89,100,0.0,100,0.6124999999999999,100,0.021739130434782653,100,1.0,89,0.0,100,0.89,100,0.89,100,0.89,100,0.89,100
containerd/containerd,causal_rolling_mad,failure_rate,metric_shift,latency_log,1,low,4,observed,none,100,0.0,100,,0,0.022222222222222185,100,0.0,100,0.0,100,0.12,100,0.03,100,0.0,100,0.021739130434782653,100,0.12,100,0.021445993031358898,100,0.0,100,0.0,100,0.0,100,0.0,100
containerd/containerd,causal_rolling_mad,rerun_rate,metric_shift,latency_log,1,low,4,observed,none,100,0.0,100,,0,0.0,100,0.0,100,0.0,100,0.0,100,0.0,100,0.0,100,0.021739130434782653,100,,0,0.0,100,0.0,100,0.0,100,0.0,100,0.0,100
containerd/containerd,causal_rolling_mad,union,metric_shift,latency_log,1,low,4,observed,none,100,0.89,100,1.0,89,0.04444444444444437,100,2.4,100,0.1,100,0.89,100,0.06,100,0.568,100,0.021739130434782653,100,0.5330000000000006,100,0.0453310104529617,100,0.89,100,0.89,100,0.89,100,0.89,100
containerd/containerd,causal_rolling_mad,two_of_three,metric_shift,latency_log,1,low,4,observed,none,100,0.2,100,2.3,20,0.0,100,0.2,100,0.0,100,0.2,100,0.0,100,0.05,100,0.021739130434782653,100,1.0,20,0.0,100,0.2,100,0.2,100,0.2,100,0.2,100
containerd/containerd,mewma,mewma,metric_shift,latency_log,1,low,4,observed,none,100,0.24,100,2.5416666666666665,24,0.0,100,0.37,100,0.07,100,0.24,100,0.0,100,0.07166666666666668,100,0.0,100,0.8680555555555557,24,0.0016666666666666666,100,0.24,100,0.24,100,0.24,100,0.24,100
containerd/containerd,causal_rolling_mad,latency_log,metric_shift,latency_log,1,medium,4,observed,none,100,1.0,100,1.0,100,0.0,100,3.02,100,0.02,100,1.0,100,0.0,100,0.7545000000000001,100,0.021739130434782653,100,0.995,100,0.0004878048780487805,100,1.0,100,1.0,100,1.0,100,1.0,100
containerd/containerd,causal_rolling_mad,failure_rate,metric_shift,latency_log,1,medium,4,observed,none,100,0.0,100,,0,0.022222222222222185,100,0.0,100,0.0,100,0.13,100,0.0325,100,0.0,100,0.021739130434782653,100,0.13,100,0.021202090592334508,100,0.0,100,0.0,100,0.0,100,0.0,100
containerd/containerd,causal_rolling_mad,rerun_rate,metric_shift,latency_log,1,medium,4,observed,none,100,0.0,100,,0,0.0,100,0.0,100,0.0,100,0.0,100,0.0,100,0.0,100,0.021739130434782653,100,,0,0.0,100,0.0,100,0.0,100,0.0,100,0.0,100
containerd/containerd,causal_rolling_mad,union,metric_shift,latency_log,1,medium,4,observed,none,100,1.0,100,0.95,100,0.04444444444444437,100,3.08,100,0.12,100,1.0,100,0.0475,100,0.7315,100,0.021739130434782653,100,0.6231666666666671,100,0.047038327526132434,100,1.0,100,1.0,100,1.0,100,1.0,100
containerd/containerd,causal_rolling_mad,two_of_three,metric_shift,latency_log,1,medium,4,observed,none,100,0.11,100,2.090909090909091,11,0.0,100,0.11,100,0.0,100,0.11,100,0.0,100,0.0275,100,0.021739130434782653,100,1.0,11,0.0,100,0.11,100,0.11,100,0.11,100,0.11,100
containerd/containerd,mewma,mewma,metric_shift,latency_log,1,medium,4,observed,none,100,1.0,100,1.08,100,0.0,100,5.53,100,2.61,100,1.0,100,0.0,100,0.451154761904762,100,0.0,100,0.5435714285714288,100,0.062142857142857076,100,1.0,100,1.0,100,1.0,100,1.0,100
containerd/containerd,causal_rolling_mad,latency_log,metric_shift,latency_log,1,high,4,observed,none,100,1.0,100,1.0,100,0.0,100,3.0,100,0.0,100,1.0,100,0.0,100,0.755,100,0.021739130434782653,100,1.0,100,0.0,100,1.0,100,1.0,100,1.0,100,1.0,100
containerd/containerd,causal_rolling_mad,failure_rate,metric_shift,latency_log,1,high,4,observed,none,100,0.0,100,,0,0.022222222222222185,100,0.0,100,0.0,100,0.07,100,0.0175,100,0.0,100,0.021739130434782653,100,0.07,100,0.022671312427410002,100,0.0,100,0.0,100,0.0,100,0.0,100
containerd/containerd,causal_rolling_mad,rerun_rate,metric_shift,latency_log,1,high,4,observed,none,100,0.0,100,,0,0.0,100,0.0,100,0.0,100,0.0,100,0.0,100,0.0,100,0.021739130434782653,100,,0,0.0,100,0.0,100,0.0,100,0.0,100,0.0,100
containerd/containerd,causal_rolling_mad,union,metric_shift,latency_log,1,high,4,observed,none,100,1.0,100,0.93,100,0.04444444444444437,100,3.07,100,0.09,100,1.0,100,0.04,100,0.7390000000000001,100,0.021739130434782653,100,0.6210000000000006,100,0.047049941927990745,100,1.0,100,1.0,100,1.0,100,1.0,100
containerd/containerd,causal_rolling_mad,two_of_three,metric_shift,latency_log,1,high,4,observed,none,100,0.11,100,2.0,11,0.0,100,0.11,100,0.0,100,0.11,100,0.0,100,0.0275,100,0.021739130434782653,100,1.0,11,0.0,100,0.11,100,0.11,100,0.11,100,0.11,100
containerd/containerd,mewma,mewma,metric_shift,latency_log,1,high,4,observed,none,100,1.0,100,0.94,100,0.0,100,6.1,100,3.04,100,1.0,100,0.0,100,0.444607142857143,100,0.0,100,0.5126071428571428,100,0.0723809523809523,100,1.0,100,1.0,100,1.0,100,1.0,100
containerd/containerd,causal_rolling_mad,latency_log,metric_shift,latency_log,1,medium,4,low_volume,none,100,1.0,100,1.0,100,0.0,100,3.03,100,0.03,100,1.0,100,0.0,100,0.7530000000000001,100,0.021739130434782653,100,0.9925,100,0.0007317073170731708,100,1.0,100,1.0,100,1.0,100,1.0,100
containerd/containerd,causal_rolling_mad,failure_rate,metric_shift,latency_log,1,medium,4,low_volume,none,100,0.03,100,1.6666666666666667,3,0.022222222222222185,100,0.16,100,0.1,100,0.06,100,0.02,100,0.014499999999999999,100,0.021739130434782653,100,0.06833333333333333,80,0.020708478513356575,100,0.03,100,0.03,100,0.04,100,0.07,100
containerd/containerd,causal_rolling_mad,rerun_rate,metric_shift,latency_log,1,medium,4,low_volume,none,100,0.06,100,1.5,6,0.0,100,0.06,100,0.0,100,0.06,100,0.0,100,0.01583333333333333,100,0.021739130434782653,100,1.0,6,0.0,100,0.06,100,0.06,100,0.06,100,0.06,100
containerd/containerd,causal_rolling_mad,union,metric_shift,latency_log,1,medium,4,low_volume,none,100,1.0,100,0.97,100,0.04444444444444437,100,3.14,100,0.19,100,1.0,100,0.04,100,0.7180000000000001,100,0.021739130434782653,100,0.6713571428571429,100,0.04069105691056914,100,1.0,100,1.0,100,1.0,100,1.0,100
containerd/containerd,causal_rolling_mad,two_of_three,metric_shift,latency_log,1,medium,4,low_volume,none,100,0.11,100,1.7272727272727273,11,0.0,100,0.15,100,0.0,100,0.11,100,0.0,100,0.03833333333333333,100,0.021739130434782653,100,1.0,11,0.0,100,0.11,100,0.11,100,0.11,100,0.11,100
containerd/containerd,mewma,mewma,metric_shift,latency_log,1,medium,4,low_volume,none,100,1.0,100,1.03,100,0.0,100,5.35,100,2.38,100,1.0,100,0.0,100,0.47511904761904766,100,0.0,100,0.566047619047619,100,0.05666666666666661,100,1.0,100,1.0,100,1.0,100,1.0,100
containerd/containerd,causal_rolling_mad,latency_log,metric_shift,latency_log,1,medium,4,observed,controlled,100,0.44,100,1.0,44,0.0,100,0.66,100,0.0,100,0.44,100,0.0,100,0.36805555555555564,72,0.2913043478260873,100,1.0,44,0.0,100,0.44,100,0.44,100,0.44,100,0.44,100
containerd/containerd,causal_rolling_mad,failure_rate,metric_shift,latency_log,1,medium,4,observed,controlled,100,0.0,100,,0,0.022222222222222185,100,0.0,100,0.0,100,0.07,100,0.0175,100,0.0,100,0.021739130434782653,100,0.07,100,0.022671312427410006,100,0.0,100,0.0,100,0.0,100,0.0,100
containerd/containerd,causal_rolling_mad,rerun_rate,metric_shift,latency_log,1,medium,4,observed,controlled,100,0.0,100,,0,0.0,100,0.0,100,0.0,100,0.0,100,0.0,100,0.0,100,0.021739130434782653,100,,0,0.0,100,0.0,100,0.0,100,0.0,100,0.0,100
containerd/containerd,causal_rolling_mad,union,metric_shift,latency_log,1,medium,4,observed,controlled,100,0.44,100,0.9090909090909091,44,0.04063701015929509,100,0.67,100,0.0,100,0.48,100,0.03333333333333333,100,0.3958333333333334,72,0.2913043478260873,100,0.30053191489361697,94,0.04040385385695612,100,0.44,100,0.44,100,0.44,100,0.44,100
containerd/containerd,causal_rolling_mad,two_of_three,metric_shift,latency_log,1,medium,4,observed,controlled,100,0.03,100,1.0,3,0.0,100,0.03,100,0.0,100,0.03,100,0.0,100,0.020833333333333332,72,0.2913043478260873,100,1.0,3,0.0,100,0.03,100,0.03,100,0.03,100,0.03,100
containerd/containerd,mewma,mewma,metric_shift,latency_log,1,medium,4,observed,controlled,100,1.0,100,1.61,100,0.0,100,4.07,100,1.69,100,1.0,100,0.0,100,0.4193333333333333,100,0.0,100,0.5955000000000001,100,0.04023809523809519,100,1.0,100,1.0,100,1.0,100,1.0,100
containerd/containerd,causal_rolling_mad,latency_log,metric_shift,latency_log,1,low,8,observed,none,100,1.0,100,1.09,100,0.0,100,3.7,100,0.0,100,1.0,100,0.0,100,0.4635714285714285,100,0.021739130434782653,100,1.0,100,0.0,100,1.0,100,1.0,100,1.0,100,1.0,100
containerd/containerd,causal_rolling_mad,failure_rate,metric_shift,latency_log,1,low,8,observed,none,100,0.0,100,,0,0.022222222222222185,100,0.0,100,0.0,100,0.17,100,0.02125,100,0.0,100,0.021739130434782653,100,0.17,100,0.022411095305832136,100,0.0,100,0.0,100,0.0,100,0.0,100
containerd/containerd,causal_rolling_mad,rerun_rate,metric_shift,latency_log,1,low,8,observed,none,100,0.0,100,,0,0.0,100,0.0,100,0.0,100,0.0,100,0.0,100,0.0,100,0.021739130434782653,100,,0,0.0,100,0.0,100,0.0,100,0.0,100,0.0,100
containerd/containerd,causal_rolling_mad,union,metric_shift,latency_log,1,low,8,observed,none,100,1.0,100,1.05,100,0.04444444444444437,100,3.71,100,0.0,100,1.0,100,0.055,100,0.46482142857142855,100,0.021739130434782653,100,0.7080952380952378,100,0.0421194879089616,100,1.0,100,1.0,100,1.0,100,1.0,100
containerd/containerd,causal_rolling_mad,two_of_three,metric_shift,latency_log,1,low,8,observed,none,100,0.23,100,2.739130434782609,23,0.0,100,0.23,100,0.0,100,0.23,100,0.0,100,0.02875,100,0.021739130434782653,100,1.0,23,0.0,100,0.23,100,0.23,100,0.23,100,0.23,100
containerd/containerd,mewma,mewma,metric_shift,latency_log,1,low,8,observed,none,100,0.91,100,4.648351648351649,91,0.0,100,3.22,100,0.27,100,0.91,100,0.0,100,0.357361111111111,100,0.0,100,0.9168498168498166,91,0.0071052631578947326,100,0.91,100,0.91,100,0.91,100,0.91,100
containerd/containerd,causal_rolling_mad,latency_log,metric_shift,latency_log,1,medium,8,observed,none,100,1.0,100,1.0,100,0.0,100,5.78,100,0.0,100,1.0,100,0.0,100,0.7232142857142857,100,0.021739130434782653,100,1.0,100,0.0,100,1.0,100,1.0,100,1.0,100,1.0,100
containerd/containerd,causal_rolling_mad,failure_rate,metric_shift,latency_log,1,medium,8,observed,none,100,0.0,100,,0,0.022222222222222185,100,0.0,100,0.0,100,0.17,100,0.02125,100,0.0,100,0.021739130434782653,100,0.17,100,0.02242532005689899,100,0.0,100,0.0,100,0.0,100,0.0,100
containerd/containerd,causal_rolling_mad,rerun_rate,metric_shift,latency_log,1,medium,8,observed,none,100,0.0,100,,0,0.0,100,0.0,100,0.0,100,0.0,100,0.0,100,0.0,100,0.021739130434782653,100,,0,0.0,100,0.0,100,0.0,100,0.0,100,0.0,100
containerd/containerd,causal_rolling_mad,union,metric_shift,latency_log,1,medium,8,observed,none,100,1.0,100,0.98,100,0.04444444444444437,100,5.7,100,0.0,100,1.0,100,0.04875,100,0.7132142857142857,100,0.021739130434782653,100,0.7924404761904763,100,0.043499288762446665,100,1.0,100,1.0,100,1.0,100,1.0,100
containerd/containerd,causal_rolling_mad,two_of_three,metric_shift,latency_log,1,medium,8,observed,none,100,0.27,100,3.185185185185185,27,0.0,100,0.27,100,0.0,100,0.27,100,0.0,100,0.03375,100,0.021739130434782653,100,1.0,27,0.0,100,0.27,100,0.27,100,0.27,100,0.27,100
containerd/containerd,mewma,mewma,metric_shift,latency_log,1,medium,8,observed,none,100,1.0,100,1.04,100,0.0,100,10.67,100,3.71,100,1.0,100,0.0,100,0.5993038073038075,100,0.0,100,0.6583383838383837,100,0.0976315789473684,100,1.0,100,1.0,100,1.0,100,1.0,100
containerd/containerd,causal_rolling_mad,latency_log,metric_shift,latency_log,1,high,8,observed,none,100,1.0,100,1.0,100,0.0,100,6.0,100,0.0,100,1.0,100,0.0,100,0.7510714285714286,100,0.021739130434782653,100,1.0,100,0.0,100,1.0,100,1.0,100,1.0,100,1.0,100
containerd/containerd,causal_rolling_mad,failure_rate,metric_shift,latency_log,1,high,8,observed,none,100,0.0,100,,0,0.022222222222222185,100,0.0,100,0.0,100,0.13,100,0.01625,100,0.0,100,0.021739130434782653,100,0.13,100,0.02350640113798008,100,0.0,100,0.0,100,0.0,100,0.0,100
containerd/containerd,causal_rolling_mad,rerun_rate,metric_shift,latency_log,1,high,8,observed,none,100,0.0,100,,0,0.0,100,0.0,100,0.0,100,0.0,100,0.0,100,0.0,100,0.021739130434782653,100,,0,0.0,100,0.0,100,0.0,100,0.0,100,0.0,100
containerd/containerd,causal_rolling_mad,union,metric_shift,latency_log,1,high,8,observed,none,100,1.0,100,0.94,100,0.04444444444444437,100,5.97,100,0.0,100,1.0,100,0.03875,100,0.7473214285714286,100,0.021739130434782653,100,0.7896825396825393,100,0.04566145092460883,100,1.0,100,1.0,100,1.0,100,1.0,100
containerd/containerd,causal_rolling_mad,two_of_three,metric_shift,latency_log,1,high,8,observed,none,100,0.24,100,3.7916666666666665,24,0.0,100,0.24,100,0.0,100,0.24,100,0.0,100,0.03,100,0.021739130434782653,100,1.0,24,0.0,100,0.24,100,0.24,100,0.24,100,0.24,100
containerd/containerd,mewma,mewma,metric_shift,latency_log,1,high,8,observed,none,100,1.0,100,0.91,100,0.0,100,11.35,100,4.26,100,1.0,100,0.0,100,0.5861588966588971,100,0.0,100,0.6345827505827507,100,0.11210526315789478,100,1.0,100,1.0,100,1.0,100,1.0,100
containerd/containerd,causal_rolling_mad,latency_log,metric_shift,latency_log,1,medium,8,low_volume,none,100,1.0,100,1.0,100,0.0,100,5.8,100,0.0,100,1.0,100,0.0,100,0.7264285714285714,100,0.021739130434782653,100,1.0,100,0.0,100,1.0,100,1.0,100,1.0,100,1.0,100
containerd/containerd,causal_rolling_mad,failure_rate,metric_shift,latency_log,1,medium,8,low_volume,none,100,0.12,100,2.0833333333333335,12,0.022222222222222185,100,0.22,100,0.05,100,0.15,100,0.015,100,0.02125,100,0.021739130434782653,100,0.15584415584415584,77,0.01943812233285915,100,0.12,100,0.13,100,0.15,100,0.16,100
containerd/containerd,causal_rolling_mad,rerun_rate,metric_shift,latency_log,1,medium,8,low_volume,none,100,0.1,100,3.7,10,0.0,100,0.11,100,0.01,100,0.1,100,0.0,100,0.0125,100,0.021739130434782653,100,0.9090909090909091,11,0.0002702702702702703,100,0.1,100,0.11,100,0.11,100,0.11,100
containerd/containerd,causal_rolling_mad,union,metric_shift,latency_log,1,medium,8,low_volume,none,100,1.0,100,0.97,100,0.04444444444444437,100,5.76,100,0.06,100,1.0,100,0.0375,100,0.7096309523809523,100,0.021739130434782653,100,0.8221428571428571,100,0.03645092460881935,100,1.0,100,1.0,100,1.0,100,1.0,100
containerd/containerd,causal_rolling_mad,two_of_three,metric_shift,latency_log,1,medium,8,low_volume,none,100,0.27,100,2.814814814814815,27,0.0,100,0.36,100,0.0,100,0.27,100,0.0,100,0.045,100,0.021739130434782653,100,1.0,27,0.0,100,0.27,100,0.27,100,0.27,100,0.27,100
containerd/containerd,mewma,mewma,metric_shift,latency_log,1,medium,8,low_volume,none,100,1.0,100,0.98,100,0.0,100,10.48,100,3.46,100,1.0,100,0.0,100,0.6179757187257189,100,0.0,100,0.6780240315240316,100,0.09105263157894732,100,1.0,100,1.0,100,1.0,100,1.0,100
containerd/containerd,causal_rolling_mad,latency_log,metric_shift,latency_log,1,medium,8,observed,controlled,100,0.51,100,1.0,51,0.0,100,1.26,100,0.0,100,0.51,100,0.0,100,0.47815315315315327,74,0.36326086956521747,100,1.0,51,0.0,100,0.51,100,0.51,100,0.51,100,0.51,100
containerd/containerd,causal_rolling_mad,failure_rate,metric_shift,latency_log,1,medium,8,observed,controlled,100,0.0,100,,0,0.022222222222222185,100,0.0,100,0.0,100,0.21,100,0.02625,100,0.0,100,0.021739130434782653,100,0.21,100,0.02133712660028447,100,0.0,100,0.0,100,0.0,100,0.0,100
containerd/containerd,causal_rolling_mad,rerun_rate,metric_shift,latency_log,1,medium,8,observed,controlled,100,0.0,100,,0,0.0,100,0.0,100,0.0,100,0.0,100,0.0,100,0.0,100,0.021739130434782653,100,,0,0.0,100,0.0,100,0.0,100,0.0,100,0.0,100
containerd/containerd,causal_rolling_mad,union,metric_shift,latency_log,1,medium,8,observed,controlled,100,0.54,100,0.8148148148148148,54,0.03546946739080176,100,1.35,100,0.0,100,0.54,100,0.018166666666666668,100,0.5463963963963965,74,0.36326086956521747,100,0.4351125065410779,91,0.03584505314254008,100,0.54,100,0.54,100,0.54,100,0.54,100
containerd/containerd,causal_rolling_mad,two_of_three,metric_shift,latency_log,1,medium,8,observed,controlled,100,0.01,100,4.0,1,0.0,100,0.01,100,0.0,100,0.01,100,0.0,100,0.002702702702702703,74,0.36326086956521747,100,1.0,1,0.0,100,0.01,100,0.01,100,0.01,100,0.01,100
containerd/containerd,mewma,mewma,metric_shift,latency_log,1,medium,8,observed,controlled,100,1.0,100,1.68,100,0.0,100,9.62,100,3.31,100,1.0,100,0.0,100,0.5613003108003107,100,0.0,100,0.6579329004329004,100,0.08710526315789467,100,1.0,100,1.0,100,1.0,100,1.0,100
containerd/containerd,causal_rolling_mad,latency_log,metric_shift,failure_rate,1,low,1,observed,none,100,0.0,100,,0,0.0,100,0.0,100,0.0,100,0.0,100,0.0,100,0.0,98,0.021739130434782653,100,,0,0.0,100,0.0,100,0.0,100,0.0,100,0.0,100
containerd/containerd,causal_rolling_mad,failure_rate,metric_shift,failure_rate,1,low,1,observed,none,100,0.04,100,0.0,4,0.022222222222222185,100,0.07,100,0.03,100,0.06,100,0.02,100,0.04081632653061224,98,0.021739130434782653,100,0.047619047619047616,84,0.019308080808080795,100,0.04,100,0.07,100,0.07,100,0.07,100
containerd/containerd,causal_rolling_mad,rerun_rate,metric_shift,failure_rate,1,low,1,observed,none,100,0.0,100,,0,0.0,100,0.0,100,0.0,100,0.0,100,0.0,100,0.0,98,0.021739130434782653,100,,0,0.0,100,0.0,100,0.0,100,0.0,100,0.0,100
containerd/containerd,causal_rolling_mad,union,metric_shift,failure_rate,1,low,1,observed,none,100,0.01,100,0.0,1,0.04444444444444437,100,0.04,100,0.03,100,0.08,100,0.07,100,0.01020408163265306,98,0.021739130434782653,100,0.04833333333333333,100,0.03770707070707072,100,0.01,100,0.04,100,0.04,100,0.04,100
containerd/containerd,causal_rolling_mad,two_of_three,metric_shift,failure_rate,1,low,1,observed,none,100,0.0,100,,0,0.0,100,0.0,100,0.0,100,0.0,100,0.0,100,0.0,98,0.021739130434782653,100,,0,0.0,100,0.0,100,0.0,100,0.0,100,0.0,100
containerd/containerd,mewma,mewma,metric_shift,failure_rate,1,low,1,observed,none,100,0.0,100,,0,0.0,100,0.0,100,0.0,100,0.0,100,0.0,100,0.0,100,0.0,100,,0,0.0,100,0.0,100,0.0,100,0.0,100,0.0,100
containerd/containerd,causal_rolling_mad,latency_log,metric_shift,failure_rate,1,medium,1,observed,none,100,0.0,100,,0,0.0,100,0.0,100,0.0,100,0.0,100,0.0,100,0.0,98,0.021739130434782653,100,,0,0.0,100,0.0,100,0.0,100,0.0,100,0.0,100
containerd/containerd,causal_rolling_mad,failure_rate,metric_shift,failure_rate,1,medium,1,observed,none,100,0.05,100,0.0,5,0.022222222222222185,100,0.16,100,0.11,100,0.08,100,0.03,100,0.030612244897959183,98,0.021739130434782653,100,0.056862745098039215,85,0.021126262626262618,100,0.05,100,0.12,100,0.12,100,0.12,100
containerd/containerd,causal_rolling_mad,rerun_rate,metric_shift,failure_rate,1,medium,1,observed,none,100,0.0,100,,0,0.0,100,0.0,100,0.0,100,0.0,100,0.0,100,0.0,98,0.021739130434782653,100,,0,0.0,100,0.0,100,0.0,100,0.0,100,0.0,100
containerd/containerd,causal_rolling_mad,union,metric_shift,failure_rate,1,medium,1,observed,none,100,0.05,100,0.0,5,0.04444444444444437,100,0.16,100,0.11,100,0.09,100,0.04,100,0.030612244897959183,98,0.021739130434782653,100,0.05166666666666666,100,0.03952525252525255,100,0.05,100,0.12,100,0.12,100,0.12,100
containerd/containerd,causal_rolling_mad,two_of_three,metric_shift,failure_rate,1,medium,1,observed,none,100,0.0,100,,0,0.0,100,0.0,100,0.0,100,0.0,100,0.0,100,0.0,98,0.021739130434782653,100,,0,0.0,100,0.0,100,0.0,100,0.0,100,0.0,100
containerd/containerd,mewma,mewma,metric_shift,failure_rate,1,medium,1,observed,none,100,0.0,100,,0,0.0,100,0.0,100,0.0,100,0.0,100,0.0,100,0.0,100,0.0,100,,0,0.0,100,0.0,100,0.0,100,0.0,100,0.0,100
containerd/containerd,causal_rolling_mad,latency_log,metric_shift,failure_rate,1,high,1,observed,none,100,0.0,100,,0,0.0,100,0.0,100,0.0,100,0.0,100,0.0,100,0.0,97,0.021739130434782653,100,,0,0.0,100,0.0,100,0.0,100,0.0,100,0.0,100
containerd/containerd,causal_rolling_mad,failure_rate,metric_shift,failure_rate,1,high,1,observed,none,100,0.09,100,0.0,9,0.022222222222222185,100,0.18,100,0.09,100,0.11,100,0.02,100,0.07216494845360824,97,0.021739130434782653,100,0.06554307116104868,89,0.021803030303030307,100,0.09,100,0.14,100,0.14,100,0.14,100
containerd/containerd,causal_rolling_mad,rerun_rate,metric_shift,failure_rate,1,high,1,observed,none,100,0.0,100,,0,0.0,100,0.0,100,0.0,100,0.0,100,0.0,100,0.0,97,0.021739130434782653,100,,0,0.0,100,0.0,100,0.0,100,0.0,100,0.0,100
containerd/containerd,causal_rolling_mad,union,metric_shift,failure_rate,1,high,1,observed,none,100,0.1,100,0.0,10,0.04444444444444437,100,0.19,100,0.09,100,0.14,100,0.04,100,0.08247422680412371,97,0.021739130434782653,100,0.06333333333333332,100,0.04042424242424244,100,0.1,100,0.15,100,0.15,100,0.15,100
containerd/containerd,causal_rolling_mad,two_of_three,metric_shift,failure_rate,1,high,1,observed,none,100,0.0,100,,0,0.0,100,0.0,100,0.0,100,0.0,100,0.0,100,0.0,97,0.021739130434782653,100,,0,0.0,100,0.0,100,0.0,100,0.0,100,0.0,100
containerd/containerd,mewma,mewma,metric_shift,failure_rate,1,high,1,observed,none,100,0.02,100,0.0,2,0.0,100,0.02,100,0.0,100,0.02,100,0.0,100,0.02,100,0.0,100,1.0,2,0.0,100,0.02,100,0.02,100,0.02,100,0.02,100
containerd/containerd,causal_rolling_mad,latency_log,metric_shift,failure_rate,1,medium,1,low_volume,none,100,0.0,100,,0,0.0,100,0.0,100,0.0,100,0.0,100,0.0,100,0.0,99,0.021739130434782653,100,,0,0.0,100,0.0,100,0.0,100,0.0,100,0.0,100
containerd/containerd,causal_rolling_mad,failure_rate,metric_shift,failure_rate,1,medium,1,low_volume,none,100,0.03,100,0.0,3,0.022222222222222185,100,0.08,100,0.05,100,0.04,100,0.01,100,0.025252525252525252,99,0.021739130434782653,100,0.02845528455284553,82,0.019540404040404028,100,0.03,100,0.05,100,0.06,100,0.06,100
containerd/containerd,causal_rolling_mad,rerun_rate,metric_shift,failure_rate,1,medium,1,low_volume,none,100,0.0,100,,0,0.0,100,0.01,100,0.01,100,0.0,100,0.0,100,0.0,99,0.021739130434782653,100,0.0,1,0.00022727272727272727,100,0.0,100,0.01,100,0.01,100,0.01,100
containerd/containerd,causal_rolling_mad,union,metric_shift,failure_rate,1,medium,1,low_volume,none,100,0.02,100,0.0,2,0.04444444444444437,100,0.08,100,0.06,100,0.04,100,0.02,100,0.015151515151515152,99,0.021739130434782653,100,0.02233676975945017,97,0.03748989898989899,100,0.02,100,0.05,100,0.06,100,0.06,100
containerd/containerd,causal_rolling_mad,two_of_three,metric_shift,failure_rate,1,medium,1,low_volume,none,100,0.0,100,,0,0.0,100,0.0,100,0.0,100,0.0,100,0.0,100,0.0,99,0.021739130434782653,100,,0,0.0,100,0.0,100,0.0,100,0.0,100,0.0,100
containerd/containerd,mewma,mewma,metric_shift,failure_rate,1,medium,1,low_volume,none,100,0.02,100,0.0,2,0.0,100,0.04,100,0.02,100,0.02,100,0.0,100,0.02,100,0.0,100,0.5,4,0.00044444444444444447,100,0.02,100,0.02,100,0.02,100,0.04,100
containerd/containerd,causal_rolling_mad,latency_log,metric_shift,failure_rate,1,medium,1,observed,controlled,100,0.0,100,,0,0.0,100,0.0,100,0.0,100,0.0,100,0.0,100,0.0,100,0.021739130434782653,100,,0,0.0,100,0.0,100,0.0,100,0.0,100,0.0,100
containerd/containerd,causal_rolling_mad,failure_rate,metric_shift,failure_rate,1,medium,1,observed,controlled,100,0.0,100,,0,0.019369952793390974,100,0.0,100,0.0,100,0.0,100,0.0,100,,0,0.30586956521739184,100,0.0,63,0.019369952793390974,100,0.0,100,0.0,100,0.0,100,0.0,100
containerd/containerd,causal_rolling_mad,rerun_rate,metric_shift,failure_rate,1,medium,1,observed,controlled,100,0.0,100,,0,0.0,100,0.0,100,0.0,100,0.0,100,0.0,100,0.0,100,0.021739130434782653,100,,0,0.0,100,0.0,100,0.0,100,0.0,100,0.0,100
containerd/containerd,causal_rolling_mad,union,metric_shift,failure_rate,1,medium,1,observed,controlled,100,0.0,100,,0,0.04109407225344858,100,0.0,100,0.0,100,0.0,100,0.0,100,,0,0.30586956521739184,100,0.0,87,0.04109407225344858,100,0.0,100,0.0,100,0.0,100,0.0,100
containerd/containerd,causal_rolling_mad,two_of_three,metric_shift,failure_rate,1,medium,1,observed,controlled,100,0.0,100,,0,0.0,100,0.0,100,0.0,100,0.0,100,0.0,100,,0,0.30586956521739184,100,,0,0.0,100,0.0,100,0.0,100,0.0,100,0.0,100
containerd/containerd,mewma,mewma,metric_shift,failure_rate,1,medium,1,observed,controlled,100,0.0,100,,0,0.0,100,0.0,100,0.0,100,0.0,100,0.0,100,0.0,100,0.0,100,,0,0.0,100,0.0,100,0.0,100,0.0,100,0.0,100
containerd/containerd,causal_rolling_mad,latency_log,metric_shift,failure_rate,1,low,2,observed,none,100,0.0,100,,0,0.0,100,0.0,100,0.0,100,0.0,100,0.0,100,0.0,100,0.021739130434782653,100,,0,0.0,100,0.0,100,0.0,100,0.0,100,0.0,100
containerd/containerd,causal_rolling_mad,failure_rate,metric_shift,failure_rate,1,low,2,observed,none,100,0.16,100,0.625,16,0.022222222222222185,100,0.25,100,0.04,100,0.19,100,0.035,100,0.09833333333333333,100,0.021739130434782653,100,0.15243902439024387,82,0.018350951374207208,100,0.16,100,0.16,100,0.16,100,0.16,100
containerd/containerd,causal_rolling_mad,rerun_rate,metric_shift,failure_rate,1,low,2,observed,none,100,0.0,100,,0,0.0,100,0.0,100,0.0,100,0.0,100,0.0,100,0.0,100,0.021739130434782653,100,,0,0.0,100,0.0,100,0.0,100,0.0,100,0.0,100
containerd/containerd,causal_rolling_mad,union,metric_shift,failure_rate,1,low,2,observed,none,100,0.15,100,0.6666666666666666,15,0.04444444444444437,100,0.23,100,0.04,100,0.21,100,0.055,100,0.08833333333333332,100,0.021739130434782653,100,0.12457912457912457,99,0.03600422832980977,100,0.15,100,0.15,100,0.15,100,0.15,100
containerd/containerd,causal_rolling_mad,two_of_three,metric_shift,failure_rate,1,low,2,observed,none,100,0.0,100,,0,0.0,100,0.0,100,0.0,100,0.0,100,0.0,100,0.0,100,0.021739130434782653,100,,0,0.0,100,0.0,100,0.0,100,0.0,100,0.0,100
containerd/containerd,mewma,mewma,metric_shift,failure_rate,1,low,2,observed,none,100,0.0,100,,0,0.0,100,0.0,100,0.0,100,0.0,100,0.0,100,0.0,100,0.0,100,,0,0.0,100,0.0,100,0.0,100,0.0,100,0.0,100
containerd/containerd,causal_rolling_mad,latency_log,metric_shift,failure_rate,1,medium,2,observed,none,100,0.0,100,,0,0.0,100,0.0,100,0.0,100,0.0,100,0.0,100,0.0,100,0.021739130434782653,100,,0,0.0,100,0.0,100,0.0,100,0.0,100,0.0,100
containerd/containerd,causal_rolling_mad,failure_rate,metric_shift,failure_rate,1,medium,2,observed,none,100,0.41,100,0.8780487804878049,41,0.022222222222222185,100,0.51,100,0.05,100,0.42,100,0.03,100,0.22166666666666665,100,0.021739130434782653,100,0.29324894514767935,79,0.018139534883720953,100,0.41,100,0.41,100,0.41,100,0.41,100
containerd/containerd,causal_rolling_mad,rerun_rate,metric_shift,failure_rate,1,medium,2,observed,none,100,0.0,100,,0,0.0,100,0.0,100,0.0,100,0.0,100,0.0,100,0.0,100,0.021739130434782653,100,,0,0.0,100,0.0,100,0.0,100,0.0,100,0.0,100
containerd/containerd,causal_rolling_mad,union,metric_shift,failure_rate,1,medium,2,observed,none,100,0.36,100,0.8611111111111112,36,0.04444444444444437,100,0.44,100,0.05,100,0.44,100,0.08,100,0.18666666666666668,100,0.021739130434782653,100,0.20999999999999996,100,0.0348837209302326,100,0.36,100,0.36,100,0.36,100,0.36,100
containerd/containerd,causal_rolling_mad,two_of_three,metric_shift,failure_rate,1,medium,2,observed,none,100,0.0,100,,0,0.0,100,0.0,100,0.0,100,0.0,100,0.0,100,0.0,100,0.021739130434782653,100,,0,0.0,100,0.0,100,0.0,100,0.0,100,0.0,100
containerd/containerd,mewma,mewma,metric_shift,failure_rate,1,medium,2,observed,none,100,0.01,100,1.0,1,0.0,100,0.01,100,0.0,100,0.01,100,0.0,100,0.005,100,0.0,100,1.0,1,0.0,100,0.01,100,0.01,100,0.01,100,0.01,100
containerd/containerd,causal_rolling_mad,latency_log,metric_shift,failure_rate,1,high,2,observed,none,100,0.0,100,,0,0.0,100,0.0,100,0.0,100,0.0,100,0.0,100,0.0,100,0.021739130434782653,100,,0,0.0,100,0.0,100,0.0,100,0.0,100,0.0,100
containerd/containerd,causal_rolling_mad,failure_rate,metric_shift,failure_rate,1,high,2,observed,none,100,0.73,100,0.9315068493150684,73,0.022222222222222185,100,0.81,100,0.04,100,0.77,100,0.04,100,0.40833333333333327,100,0.021739130434782653,100,0.5461847389558232,83,0.016712473572938705,100,0.73,100,0.73,100,0.73,100,0.73,100
containerd/containerd,causal_rolling_mad,rerun_rate,metric_shift,failure_rate,1,high,2,observed,none,100,0.0,100,,0,0.0,100,0.0,100,0.0,100,0.0,100,0.0,100,0.0,100,0.021739130434782653,100,,0,0.0,100,0.0,100,0.0,100,0.0,100,0.0,100
containerd/containerd,causal_rolling_mad,union,metric_shift,failure_rate,1,high,2,observed,none,100,0.73,100,0.9452054794520548,73,0.04444444444444437,100,0.8,100,0.04,100,0.77,100,0.05,100,0.40333333333333327,100,0.021739130434782653,100,0.3399999999999999,100,0.03482029598308672,100,0.73,100,0.73,100,0.73,100,0.73,100
containerd/containerd,causal_rolling_mad,two_of_three,metric_shift,failure_rate,1,high,2,observed,none,100,0.0,100,,0,0.0,100,0.0,100,0.0,100,0.0,100,0.0,100,0.0,100,0.021739130434782653,100,,0,0.0,100,0.0,100,0.0,100,0.0,100,0.0,100
containerd/containerd,mewma,mewma,metric_shift,failure_rate,1,high,2,observed,none,100,0.1,100,0.8,10,0.0,100,0.18,100,0.06,100,0.1,100,0.0,100,0.055,100,0.0,100,0.6538461538461539,13,0.0013636363636363637,100,0.1,100,0.11,100,0.13,100,0.13,100
containerd/containerd,causal_rolling_mad,latency_log,metric_shift,failure_rate,1,medium,2,low_volume,none,100,0.0,100,,0,0.0,100,0.0,100,0.0,100,0.0,100,0.0,100,0.0,100,0.021739130434782653,100,,0,0.0,100,0.0,100,0.0,100,0.0,100,0.0,100
containerd/containerd,causal_rolling_mad,failure_rate,metric_shift,failure_rate,1,medium,2,low_volume,none,100,0.26,100,0.8846153846153846,26,0.022222222222222185,100,0.32,100,0.03,100,0.27,100,0.02,100,0.1416666666666667,100,0.021739130434782653,100,0.20528455284552843,82,0.018097251585623694,100,0.26,100,0.26,100,0.26,100,0.26,100
containerd/containerd,causal_rolling_mad,rerun_rate,metric_shift,failure_rate,1,medium,2,low_volume,none,100,0.0,100,,0,0.0,100,0.0,100,0.0,100,0.0,100,0.0,100,0.0,100,0.021739130434782653,100,,0,0.0,100,0.0,100,0.0,100,0.0,100,0.0,100
containerd/containerd,causal_rolling_mad,union,metric_shift,failure_rate,1,medium,2,low_volume,none,100,0.28,100,0.8571428571428571,28,0.04444444444444437,100,0.34,100,0.03,100,0.31,100,0.035,100,0.15166666666666667,100,0.021739130434782653,100,0.17346938775510204,98,0.03479915433403809,100,0.28,100,0.28,100,0.28,100,0.28,100
containerd/containerd,causal_rolling_mad,two_of_three,metric_shift,failure_rate,1,medium,2,low_volume,none,100,0.0,100,,0,0.0,100,0.0,100,0.0,100,0.0,100,0.0,100,0.0,100,0.021739130434782653,100,,0,0.0,100,0.0,100,0.0,100,0.0,100,0.0,100
containerd/containerd,mewma,mewma,metric_shift,failure_rate,1,medium,2,low_volume,none,100,0.06,100,0.5,6,0.0,100,0.1,100,0.03,100,0.06,100,0.0,100,0.03333333333333333,100,0.0,100,0.6875,8,0.0006818181818181818,100,0.06,100,0.06,100,0.07,100,0.08,100
containerd/containerd,causal_rolling_mad,latency_log,metric_shift,failure_rate,1,medium,2,observed,controlled,100,0.0,100,,0,0.0,100,0.0,100,0.0,100,0.0,100,0.0,100,0.0,100,0.021739130434782653,100,,0,0.0,100,0.0,100,0.0,100,0.0,100,0.0,100
containerd/containerd,causal_rolling_mad,failure_rate,metric_shift,failure_rate,1,medium,2,observed,controlled,100,0.02,100,0.0,2,0.019775200638316184,100,0.02,100,0.0,100,0.03,100,0.01,100,0.034482758620689655,58,0.2900000000000003,100,0.030303030303030304,66,0.019808242042908236,100,0.02,100,0.02,100,0.02,100,0.02,100
containerd/containerd,causal_rolling_mad,rerun_rate,metric_shift,failure_rate,1,medium,2,observed,controlled,100,0.0,100,,0,0.0,100,0.0,100,0.0,100,0.0,100,0.0,100,0.0,100,0.021739130434782653,100,,0,0.0,100,0.0,100,0.0,100,0.0,100,0.0,100
containerd/containerd,causal_rolling_mad,union,metric_shift,failure_rate,1,medium,2,observed,controlled,100,0.02,100,0.0,2,0.04096841202932052,100,0.02,100,0.0,100,0.04,100,0.02,100,0.034482758620689655,58,0.2900000000000003,100,0.026217228464419474,89,0.04106038008136706,100,0.02,100,0.02,100,0.02,100,0.02,100
containerd/containerd,causal_rolling_mad,two_of_three,metric_shift,failure_rate,1,medium,2,observed,controlled,100,0.0,100,,0,0.0,100,0.0,100,0.0,100,0.0,100,0.0,100,0.0,58,0.2900000000000003,100,,0,0.0,100,0.0,100,0.0,100,0.0,100,0.0,100
containerd/containerd,mewma,mewma,metric_shift,failure_rate,1,medium,2,observed,controlled,100,0.0,100,,0,0.0,100,0.0,100,0.0,100,0.0,100,0.0,100,0.0,100,0.0,100,,0,0.0,100,0.0,100,0.0,100,0.0,100,0.0,100
containerd/containerd,causal_rolling_mad,latency_log,metric_shift,failure_rate,1,low,4,observed,none,100,0.0,100,,0,0.0,100,0.0,100,0.0,100,0.0,100,0.0,100,0.0,100,0.021739130434782653,100,,0,0.0,100,0.0,100,0.0,100,0.0,100,0.0,100
containerd/containerd,causal_rolling_mad,failure_rate,metric_shift,failure_rate,1,low,4,observed,none,100,0.28,100,1.5357142857142858,28,0.022222222222222185,100,0.37,100,0.0,100,0.35,100,0.0325,100,0.0925,100,0.021739130434782653,100,0.3421052631578948,76,0.014872241579558663,100,0.28,100,0.28,100,0.28,100,0.28,100
containerd/containerd,causal_rolling_mad,rerun_rate,metric_shift,failure_rate,1,low,4,observed,none,100,0.0,100,,0,0.0,100,0.0,100,0.0,100,0.0,100,0.0,100,0.0,100,0.021739130434782653,100,,0,0.0,100,0.0,100,0.0,100,0.0,100,0.0,100
containerd/containerd,causal_rolling_mad,union,metric_shift,failure_rate,1,low,4,observed,none,100,0.25,100,1.72,25,0.04444444444444437,100,0.31,100,0.0,100,0.38,100,0.0625,100,0.0775,100,0.021739130434782653,100,0.2552721088435374,98,0.03120789779326367,100,0.25,100,0.25,100,0.25,100,0.25,100
containerd/containerd,causal_rolling_mad,two_of_three,metric_shift,failure_rate,1,low,4,observed,none,100,0.0,100,,0,0.0,100,0.0,100,0.0,100,0.0,100,0.0,100,0.0,100,0.021739130434782653,100,,0,0.0,100,0.0,100,0.0,100,0.0,100,0.0,100
containerd/containerd,mewma,mewma,metric_shift,failure_rate,1,low,4,observed,none,100,0.0,100,,0,0.0,100,0.0,100,0.0,100,0.0,100,0.0,100,0.0,100,0.0,100,,0,0.0,100,0.0,100,0.0,100,0.0,100,0.0,100
containerd/containerd,causal_rolling_mad,latency_log,metric_shift,failure_rate,1,medium,4,observed,none,100,0.0,100,,0,0.0,100,0.0,100,0.0,100,0.0,100,0.0,100,0.0,100,0.021739130434782653,100,,0,0.0,100,0.0,100,0.0,100,0.0,100,0.0,100
containerd/containerd,causal_rolling_mad,failure_rate,metric_shift,failure_rate,1,medium,4,observed,none,100,0.51,100,1.2156862745098038,51,0.022222222222222185,100,1.05,100,0.0,100,0.52,100,0.0325,100,0.2625,100,0.021739130434782653,100,0.4878048780487804,82,0.01535423925667829,100,0.51,100,0.51,100,0.51,100,0.51,100
containerd/containerd,causal_rolling_mad,rerun_rate,metric_shift,failure_rate,1,medium,4,observed,none,100,0.0,100,,0,0.0,100,0.0,100,0.0,100,0.0,100,0.0,100,0.0,100,0.021739130434782653,100,,0,0.0,100,0.0,100,0.0,100,0.0,100,0.0,100
containerd/containerd,causal_rolling_mad,union,metric_shift,failure_rate,1,medium,4,observed,none,100,0.53,100,1.2075471698113207,53,0.04444444444444437,100,0.97,100,0.0,100,0.54,100,0.0575,100,0.2425,100,0.021739130434782653,100,0.39791666666666664,96,0.029488966318234628,100,0.53,100,0.53,100,0.53,100,0.53,100
containerd/containerd,causal_rolling_mad,two_of_three,metric_shift,failure_rate,1,medium,4,observed,none,100,0.0,100,,0,0.0,100,0.0,100,0.0,100,0.0,100,0.0,100,0.0,100,0.021739130434782653,100,,0,0.0,100,0.0,100,0.0,100,0.0,100,0.0,100
containerd/containerd,mewma,mewma,metric_shift,failure_rate,1,medium,4,observed,none,100,0.1,100,2.7,10,0.0,100,0.19,100,0.08,100,0.1,100,0.0,100,0.026000000000000002,100,0.0,100,0.5666666666666667,15,0.0019047619047619048,100,0.1,100,0.14,100,0.15,100,0.15,100
containerd/containerd,causal_rolling_mad,latency_log,metric_shift,failure_rate,1,high,4,observed,none,100,0.0,100,,0,0.0,100,0.0,100,0.0,100,0.0,100,0.0,100,0.0,100,0.021739130434782653,100,,0,0.0,100,0.0,100,0.0,100,0.0,100,0.0,100
containerd/containerd,causal_rolling_mad,failure_rate,metric_shift,failure_rate,1,high,4,observed,none,100,0.8,100,0.925,80,0.022222222222222185,100,1.97,100,0.0,100,0.8,100,0.0325,100,0.49749999999999994,100,0.021739130434782653,100,0.7349397590361443,83,0.016080139372822308,100,0.8,100,0.8,100,0.8,100,0.8,100
containerd/containerd,causal_rolling_mad,rerun_rate,metric_shift,failure_rate,1,high,4,observed,none,100,0.0,100,,0,0.0,100,0.0,100,0.0,100,0.0,100,0.0,100,0.0,100,0.021739130434782653,100,,0,0.0,100,0.0,100,0.0,100,0.0,100,0.0,100
containerd/containerd,causal_rolling_mad,union,metric_shift,failure_rate,1,high,4,observed,none,100,0.8,100,0.9125,80,0.04444444444444437,100,1.96,100,0.0,100,0.8,100,0.0375,100,0.49499999999999994,100,0.021739130434782653,100,0.533666666666667,100,0.03167247386759584,100,0.8,100,0.8,100,0.8,100,0.8,100
containerd/containerd,causal_rolling_mad,two_of_three,metric_shift,failure_rate,1,high,4,observed,none,100,0.0,100,,0,0.0,100,0.0,100,0.0,100,0.0,100,0.0,100,0.0,100,0.021739130434782653,100,,0,0.0,100,0.0,100,0.0,100,0.0,100,0.0,100
containerd/containerd,mewma,mewma,metric_shift,failure_rate,1,high,4,observed,none,100,0.37,100,2.4054054054054053,37,0.0,100,0.77,100,0.2,100,0.37,100,0.0,100,0.12678571428571428,100,0.0,100,0.8391891891891892,37,0.0047619047619047615,100,0.37,100,0.37,100,0.37,100,0.37,100
containerd/containerd,causal_rolling_mad,latency_log,metric_shift,failure_rate,1,medium,4,low_volume,none,100,0.0,100,,0,0.0,100,0.0,100,0.0,100,0.0,100,0.0,100,0.0,100,0.021739130434782653,100,,0,0.0,100,0.0,100,0.0,100,0.0,100,0.0,100
containerd/containerd,causal_rolling_mad,failure_rate,metric_shift,failure_rate,1,medium,4,low_volume,none,100,0.5,100,1.18,50,0.022222222222222185,100,0.96,100,0.02,100,0.52,100,0.03,100,0.235,100,0.021739130434782653,100,0.517965367965368,77,0.014378629500580727,100,0.5,100,0.5,100,0.5,100,0.5,100
containerd/containerd,causal_rolling_mad,rerun_rate,metric_shift,failure_rate,1,medium,4,low_volume,none,100,0.01,100,3.0,1,0.0,100,0.03,100,0.02,100,0.01,100,0.0,100,0.0025,100,0.021739130434782653,100,0.3333333333333333,3,0.0004878048780487805,100,0.01,100,0.03,100,0.03,100,0.03,100
containerd/containerd,causal_rolling_mad,union,metric_shift,failure_rate,1,medium,4,low_volume,none,100,0.54,100,1.2037037037037037,54,0.04444444444444437,100,1.0,100,0.02,100,0.56,100,0.055,100,0.245,100,0.021739130434782653,100,0.3991319444444445,96,0.029488966318234625,100,0.54,100,0.54,100,0.54,100,0.54,100
containerd/containerd,causal_rolling_mad,two_of_three,metric_shift,failure_rate,1,medium,4,low_volume,none,100,0.01,100,3.0,1,0.0,100,0.01,100,0.0,100,0.01,100,0.0,100,0.0025,100,0.021739130434782653,100,1.0,1,0.0,100,0.01,100,0.01,100,0.01,100,0.01,100
containerd/containerd,mewma,mewma,metric_shift,failure_rate,1,medium,4,low_volume,none,100,0.05,100,2.4,5,0.0,100,0.08,100,0.02,100,0.05,100,0.0,100,0.015,100,0.0,100,0.7142857142857143,7,0.0004761904761904762,100,0.05,100,0.05,100,0.07,100,0.07,100
containerd/containerd,causal_rolling_mad,latency_log,metric_shift,failure_rate,1,medium,4,observed,controlled,100,0.0,100,,0,0.0,100,0.0,100,0.0,100,0.0,100,0.0,100,0.0,100,0.021739130434782653,100,,0,0.0,100,0.0,100,0.0,100,0.0,100,0.0,100
containerd/containerd,causal_rolling_mad,failure_rate,metric_shift,failure_rate,1,medium,4,observed,controlled,100,0.19,100,0.7894736842105263,19,0.020767665498367168,100,0.3,100,0.0,100,0.23,100,0.035,100,0.16911764705882354,68,0.30826086956521787,100,0.2523809523809524,70,0.01919031616273754,100,0.19,100,0.19,100,0.19,100,0.19,100
containerd/containerd,causal_rolling_mad,rerun_rate,metric_shift,failure_rate,1,medium,4,observed,controlled,100,0.0,100,,0,0.0,100,0.0,100,0.0,100,0.0,100,0.0,100,0.0,100,0.021739130434782653,100,,0,0.0,100,0.0,100,0.0,100,0.0,100,0.0,100
containerd/containerd,causal_rolling_mad,union,metric_shift,failure_rate,1,medium,4,observed,controlled,100,0.18,100,0.8333333333333334,18,0.040254417018239674,100,0.27,100,0.0,100,0.23,100,0.04833333333333333,100,0.14950980392156865,68,0.30826086956521787,100,0.1886446886446886,91,0.038609741241319245,100,0.18,100,0.18,100,0.18,100,0.18,100
containerd/containerd,causal_rolling_mad,two_of_three,metric_shift,failure_rate,1,medium,4,observed,controlled,100,0.0,100,,0,0.0,100,0.0,100,0.0,100,0.0,100,0.0,100,0.0,68,0.30826086956521787,100,,0,0.0,100,0.0,100,0.0,100,0.0,100,0.0,100
containerd/containerd,mewma,mewma,metric_shift,failure_rate,1,medium,4,observed,controlled,100,0.01,100,3.0,1,0.0,100,0.02,100,0.01,100,0.01,100,0.0,100,0.0025,100,0.0,100,0.5,2,0.0002380952380952381,100,0.01,100,0.02,100,0.02,100,0.02,100
containerd/containerd,causal_rolling_mad,latency_log,metric_shift,failure_rate,1,low,8,observed,none,100,0.0,100,,0,0.0,100,0.0,100,0.0,100,0.0,100,0.0,100,0.0,100,0.021739130434782653,100,,0,0.0,100,0.0,100,0.0,100,0.0,100,0.0,100
containerd/containerd,causal_rolling_mad,failure_rate,metric_shift,failure_rate,1,low,8,observed,none,100,0.28,100,1.5,28,0.022222222222222185,100,0.51,100,0.0,100,0.29,100,0.03,100,0.06375,100,0.021739130434782653,100,0.3431372549019608,68,0.014580369843527721,100,0.28,100,0.28,100,0.28,100,0.28,100
containerd/containerd,causal_rolling_mad,rerun_rate,metric_shift,failure_rate,1,low,8,observed,none,100,0.0,100,,0,0.0,100,0.0,100,0.0,100,0.0,100,0.0,100,0.0,100,0.021739130434782653,100,,0,0.0,100,0.0,100,0.0,100,0.0,100,0.0,100
containerd/containerd,causal_rolling_mad,union,metric_shift,failure_rate,1,low,8,observed,none,100,0.28,100,1.5714285714285714,28,0.04444444444444437,100,0.46,100,0.0,100,0.34,100,0.05625,100,0.0575,100,0.021739130434782653,100,0.2735294117647059,85,0.028620199146514945,100,0.28,100,0.28,100,0.28,100,0.28,100
containerd/containerd,causal_rolling_mad,two_of_three,metric_shift,failure_rate,1,low,8,observed,none,100,0.0,100,,0,0.0,100,0.0,100,0.0,100,0.0,100,0.0,100,0.0,100,0.021739130434782653,100,,0,0.0,100,0.0,100,0.0,100,0.0,100,0.0,100
containerd/containerd,mewma,mewma,metric_shift,failure_rate,1,low,8,observed,none,100,0.01,100,4.0,1,0.0,100,0.01,100,0.0,100,0.01,100,0.0,100,0.00125,100,0.0,100,1.0,1,0.0,100,0.01,100,0.01,100,0.01,100,0.01,100
containerd/containerd,causal_rolling_mad,latency_log,metric_shift,failure_rate,1,medium,8,observed,none,100,0.0,100,,0,0.0,100,0.0,100,0.0,100,0.0,100,0.0,100,0.0,100,0.021739130434782653,100,,0,0.0,100,0.0,100,0.0,100,0.0,100,0.0,100
containerd/containerd,causal_rolling_mad,failure_rate,metric_shift,failure_rate,1,medium,8,observed,none,100,0.58,100,1.396551724137931,58,0.022222222222222185,100,1.25,100,0.0,100,0.58,100,0.0275,100,0.15642857142857142,100,0.021739130434782653,100,0.6358108108108107,74,0.012418207681365565,100,0.58,100,0.58,100,0.58,100,0.58,100
containerd/containerd,causal_rolling_mad,rerun_rate,metric_shift,failure_rate,1,medium,8,observed,none,100,0.0,100,,0,0.0,100,0.0,100,0.0,100,0.0,100,0.0,100,0.0,100,0.021739130434782653,100,,0,0.0,100,0.0,100,0.0,100,0.0,100,0.0,100
containerd/containerd,causal_rolling_mad,union,metric_shift,failure_rate,1,medium,8,observed,none,100,0.61,100,1.3278688524590163,61,0.04444444444444437,100,1.24,100,0.0,100,0.61,100,0.04125,100,0.15517857142857142,100,0.021739130434782653,100,0.4630681818181819,88,0.026998577524893305,100,0.61,100,0.61,100,0.61,100,0.61,100
containerd/containerd,causal_rolling_mad,two_of_three,metric_shift,failure_rate,1,medium,8,observed,none,100,0.0,100,,0,0.0,100,0.0,100,0.0,100,0.0,100,0.0,100,0.0,100,0.021739130434782653,100,,0,0.0,100,0.0,100,0.0,100,0.0,100,0.0,100
containerd/containerd,mewma,mewma,metric_shift,failure_rate,1,medium,8,observed,none,100,0.11,100,3.6363636363636362,11,0.0,100,0.24,100,0.01,100,0.11,100,0.0,100,0.02847222222222222,100,0.0,100,0.9696969696969698,11,0.0002631578947368421,100,0.11,100,0.11,100,0.11,100,0.11,100
containerd/containerd,causal_rolling_mad,latency_log,metric_shift,failure_rate,1,high,8,observed,none,100,0.0,100,,0,0.0,100,0.0,100,0.0,100,0.0,100,0.0,100,0.0,100,0.021739130434782653,100,,0,0.0,100,0.0,100,0.0,100,0.0,100,0.0,100
containerd/containerd,causal_rolling_mad,failure_rate,metric_shift,failure_rate,1,high,8,observed,none,100,0.76,100,0.9736842105263158,76,0.022222222222222185,100,2.8,100,0.0,100,0.76,100,0.02375,100,0.3507142857142857,100,0.021739130434782653,100,0.8381578947368421,76,0.01403982930298718,100,0.76,100,0.76,100,0.76,100,0.76,100
containerd/containerd,causal_rolling_mad,rerun_rate,metric_shift,failure_rate,1,high,8,observed,none,100,0.0,100,,0,0.0,100,0.0,100,0.0,100,0.0,100,0.0,100,0.0,100,0.021739130434782653,100,,0,0.0,100,0.0,100,0.0,100,0.0,100,0.0,100
containerd/containerd,causal_rolling_mad,union,metric_shift,failure_rate,1,high,8,observed,none,100,0.76,100,0.9736842105263158,76,0.04444444444444437,100,2.7,100,0.0,100,0.76,100,0.045,100,0.3382142857142857,100,0.021739130434782653,100,0.6244306418219464,92,0.02753911806543385,100,0.76,100,0.76,100,0.76,100,0.76,100
containerd/containerd,causal_rolling_mad,two_of_three,metric_shift,failure_rate,1,high,8,observed,none,100,0.0,100,,0,0.0,100,0.0,100,0.0,100,0.0,100,0.0,100,0.0,100,0.021739130434782653,100,,0,0.0,100,0.0,100,0.0,100,0.0,100,0.0,100
containerd/containerd,mewma,mewma,metric_shift,failure_rate,1,high,8,observed,none,100,0.87,100,3.8275862068965516,87,0.0,100,4.3,100,0.73,100,0.87,100,0.0,100,0.4008813131313132,100,0.0,100,0.8643450100346652,87,0.019210526315789477,100,0.87,100,0.87,100,0.87,100,0.87,100
containerd/containerd,causal_rolling_mad,latency_log,metric_shift,failure_rate,1,medium,8,low_volume,none,100,0.0,100,,0,0.0,100,0.0,100,0.0,100,0.0,100,0.0,100,0.0,100,0.021739130434782653,100,,0,0.0,100,0.0,100,0.0,100,0.0,100,0.0,100
containerd/containerd,causal_rolling_mad,failure_rate,metric_shift,failure_rate,1,medium,8,low_volume,none,100,0.68,100,1.4264705882352942,68,0.022222222222222185,100,1.47,100,0.0,100,0.7,100,0.02875,100,0.18375,100,0.021739130434782653,100,0.6388888888888887,81,0.016201991465149338,100,0.68,100,0.68,100,0.68,100,0.68,100
containerd/containerd,causal_rolling_mad,rerun_rate,metric_shift,failure_rate,1,medium,8,low_volume,none,100,0.08,100,3.125,8,0.0,100,0.12,100,0.03,100,0.08,100,0.0,100,0.01125,100,0.021739130434782653,100,0.7272727272727273,11,0.0008108108108108109,100,0.08,100,0.11,100,0.11,100,0.11,100
containerd/containerd,causal_rolling_mad,union,metric_shift,failure_rate,1,medium,8,low_volume,none,100,0.69,100,1.4492753623188406,69,0.04444444444444437,100,1.55,100,0.01,100,0.72,100,0.05875,100,0.19253968253968254,100,0.021739130434782653,100,0.5423707117255504,93,0.028079658605974403,100,0.69,100,0.69,100,0.69,100,0.69,100
containerd/containerd,causal_rolling_mad,two_of_three,metric_shift,failure_rate,1,medium,8,low_volume,none,100,0.02,100,2.0,2,0.0,100,0.02,100,0.0,100,0.02,100,0.0,100,0.0025,100,0.021739130434782653,100,1.0,2,0.0,100,0.02,100,0.02,100,0.02,100,0.02,100
containerd/containerd,mewma,mewma,metric_shift,failure_rate,1,medium,8,low_volume,none,100,0.26,100,4.846153846153846,26,0.0,100,0.53,100,0.04,100,0.26,100,0.0,100,0.059555555555555556,100,0.0,100,0.9647435897435896,26,0.0010526315789473684,100,0.26,100,0.26,100,0.26,100,0.26,100
containerd/containerd,causal_rolling_mad,latency_log,metric_shift,failure_rate,1,medium,8,observed,controlled,100,0.0,100,,0,0.0,100,0.0,100,0.0,100,0.0,100,0.0,100,0.0,100,0.021739130434782653,100,,0,0.0,100,0.0,100,0.0,100,0.0,100,0.0,100
containerd/containerd,causal_rolling_mad,failure_rate,metric_shift,failure_rate,1,medium,8,observed,controlled,100,0.3,100,1.1333333333333333,30,0.018079463513620792,100,0.52,100,0.0,100,0.31,100,0.029500000000000002,100,0.20649350649350648,77,0.3658695652173914,100,0.4247126436781609,58,0.015196720822797216,100,0.3,100,0.3,100,0.3,100,0.3,100
containerd/containerd,causal_rolling_mad,rerun_rate,metric_shift,failure_rate,1,medium,8,observed,controlled,100,0.0,100,,0,0.0,100,0.0,100,0.0,100,0.0,100,0.0,100,0.0,100,0.021739130434782653,100,,0,0.0,100,0.0,100,0.0,100,0.0,100,0.0,100
containerd/containerd,causal_rolling_mad,union,metric_shift,failure_rate,1,medium,8,observed,controlled,100,0.31,100,1.1612903225806452,31,0.03575786351231541,100,0.49,100,0.0,100,0.33,100,0.051000000000000004,100,0.2038961038961039,77,0.3658695652173914,100,0.29831223628691983,79,0.031047138088709673,100,0.31,100,0.31,100,0.31,100,0.31,100
containerd/containerd,causal_rolling_mad,two_of_three,metric_shift,failure_rate,1,medium,8,observed,controlled,100,0.0,100,,0,0.0,100,0.0,100,0.0,100,0.0,100,0.0,100,0.0,77,0.3658695652173914,100,,0,0.0,100,0.0,100,0.0,100,0.0,100,0.0,100
containerd/containerd,mewma,mewma,metric_shift,failure_rate,1,medium,8,observed,controlled,100,0.09,100,3.4444444444444446,9,0.0,100,0.13,100,0.0,100,0.09,100,0.0,100,0.01625,100,0.0,100,1.0,9,0.0,100,0.09,100,0.09,100,0.09,100,0.09,100
containerd/containerd,causal_rolling_mad,latency_log,metric_shift,rerun_rate,1,low,1,observed,none,100,0.0,100,,0,0.0,100,0.0,100,0.0,100,0.0,100,0.0,100,0.0,97,0.021739130434782653,100,,0,0.0,100,0.0,100,0.0,100,0.0,100,0.0,100
containerd/containerd,causal_rolling_mad,failure_rate,metric_shift,rerun_rate,1,low,1,observed,none,100,0.0,100,,0,0.022222222222222185,100,0.0,100,0.0,100,0.0,100,0.0,100,0.0,97,0.021739130434782653,100,0.0,100,0.022712121212121218,100,0.0,100,0.0,100,0.0,100,0.0,100
containerd/containerd,causal_rolling_mad,rerun_rate,metric_shift,rerun_rate,1,low,1,observed,none,100,0.01,100,0.0,1,0.0,100,0.04,100,0.03,100,0.01,100,0.0,100,0.010309278350515464,97,0.021739130434782653,100,0.25,4,0.0006818181818181818,100,0.01,100,0.04,100,0.04,100,0.04,100
containerd/containerd,causal_rolling_mad,union,metric_shift,rerun_rate,1,low,1,observed,none,100,0.05,100,0.0,5,0.04444444444444437,100,0.1,100,0.05,100,0.05,100,0.0,100,0.05154639175257732,97,0.021739130434782653,100,0.016666666666666666,100,0.04360606060606062,100,0.05,100,0.1,100,0.1,100,0.1,100
containerd/containerd,causal_rolling_mad,two_of_three,metric_shift,rerun_rate,1,low,1,observed,none,100,0.0,100,,0,0.0,100,0.0,100,0.0,100,0.0,100,0.0,100,0.0,97,0.021739130434782653,100,,0,0.0,100,0.0,100,0.0,100,0.0,100,0.0,100
containerd/containerd,mewma,mewma,metric_shift,rerun_rate,1,low,1,observed,none,100,0.04,100,0.0,4,0.0,100,0.09,100,0.05,100,0.04,100,0.0,100,0.04,100,0.0,100,0.4444444444444444,9,0.0011111111111111111,100,0.04,100,0.04,100,0.06,100,0.08,100
containerd/containerd,causal_rolling_mad,latency_log,metric_shift,rerun_rate,1,medium,1,observed,none,100,0.0,100,,0,0.0,100,0.0,100,0.0,100,0.0,100,0.0,100,0.0,97,0.021739130434782653,100,,0,0.0,100,0.0,100,0.0,100,0.0,100,0.0,100
containerd/containerd,causal_rolling_mad,failure_rate,metric_shift,rerun_rate,1,medium,1,observed,none,100,0.0,100,,0,0.022222222222222185,100,0.0,100,0.0,100,0.05,100,0.05,100,0.0,97,0.021739130434782653,100,0.05,100,0.02157575757575757,100,0.0,100,0.0,100,0.0,100,0.0,100
containerd/containerd,causal_rolling_mad,rerun_rate,metric_shift,rerun_rate,1,medium,1,observed,none,100,0.02,100,0.0,2,0.0,100,0.02,100,0.0,100,0.02,100,0.0,100,0.020618556701030927,97,0.021739130434782653,100,1.0,2,0.0,100,0.02,100,0.02,100,0.02,100,0.02,100
containerd/containerd,causal_rolling_mad,union,metric_shift,rerun_rate,1,medium,1,observed,none,100,0.09,100,0.0,9,0.04444444444444437,100,0.19,100,0.1,100,0.15,100,0.06,100,0.08247422680412371,97,0.021739130434782653,100,0.085,100,0.042696969696969705,100,0.09,100,0.17,100,0.17,100,0.17,100
containerd/containerd,causal_rolling_mad,two_of_three,metric_shift,rerun_rate,1,medium,1,observed,none,100,0.0,100,,0,0.0,100,0.0,100,0.0,100,0.0,100,0.0,100,0.0,97,0.021739130434782653,100,,0,0.0,100,0.0,100,0.0,100,0.0,100,0.0,100
containerd/containerd,mewma,mewma,metric_shift,rerun_rate,1,medium,1,observed,none,100,0.31,100,0.0,31,0.0,100,0.54,100,0.23,100,0.31,100,0.0,100,0.26499999999999996,100,0.0,100,0.646341463414634,41,0.0051111111111111105,100,0.31,100,0.32,100,0.33,100,0.38,100
containerd/containerd,causal_rolling_mad,latency_log,metric_shift,rerun_rate,1,high,1,observed,none,100,0.0,100,,0,0.0,100,0.0,100,0.0,100,0.0,100,0.0,100,0.0,96,0.021739130434782653,100,,0,0.0,100,0.0,100,0.0,100,0.0,100,0.0,100
containerd/containerd,causal_rolling_mad,failure_rate,metric_shift,rerun_rate,1,high,1,observed,none,100,0.0,100,,0,0.022222222222222185,100,0.0,100,0.0,100,0.01,100,0.01,100,0.0,96,0.021739130434782653,100,0.01,100,0.02247979797979798,100,0.0,100,0.0,100,0.0,100,0.0,100
containerd/containerd,causal_rolling_mad,rerun_rate,metric_shift,rerun_rate,1,high,1,observed,none,100,0.05,100,0.0,5,0.0,100,0.06,100,0.01,100,0.05,100,0.0,100,0.052083333333333336,96,0.021739130434782653,100,0.8333333333333334,6,0.00022727272727272727,100,0.05,100,0.06,100,0.06,100,0.06,100
containerd/containerd,causal_rolling_mad,union,metric_shift,rerun_rate,1,high,1,observed,none,100,0.13,100,0.0,13,0.04444444444444437,100,0.21,100,0.08,100,0.15,100,0.02,100,0.125,96,0.021739130434782653,100,0.05833333333333333,100,0.04427777777777778,100,0.13,100,0.19,100,0.19,100,0.19,100
containerd/containerd,causal_rolling_mad,two_of_three,metric_shift,rerun_rate,1,high,1,observed,none,100,0.0,100,,0,0.0,100,0.0,100,0.0,100,0.0,100,0.0,100,0.0,96,0.021739130434782653,100,,0,0.0,100,0.0,100,0.0,100,0.0,100,0.0,100
containerd/containerd,mewma,mewma,metric_shift,rerun_rate,1,high,1,observed,none,100,0.28,100,0.0,28,0.0,100,0.54,100,0.26,100,0.28,100,0.0,100,0.23333333333333328,100,0.0,100,0.5555555555555555,42,0.005777777777777776,100,0.28,100,0.29,100,0.32,100,0.38,100
containerd/containerd,causal_rolling_mad,latency_log,metric_shift,rerun_rate,1,medium,1,low_volume,none,100,0.0,100,,0,0.0,100,0.0,100,0.0,100,0.0,100,0.0,100,0.0,99,0.021739130434782653,100,,0,0.0,100,0.0,100,0.0,100,0.0,100,0.0,100
containerd/containerd,causal_rolling_mad,failure_rate,metric_shift,rerun_rate,1,medium,1,low_volume,none,100,0.0,100,,0,0.022222222222222185,100,0.01,100,0.01,100,0.0,100,0.02,100,0.0,99,0.021739130434782653,100,0.0,92,0.021131313131313126,100,0.0,100,0.0,100,0.0,100,0.0,100
containerd/containerd,causal_rolling_mad,rerun_rate,metric_shift,rerun_rate,1,medium,1,low_volume,none,100,0.04,100,0.0,4,0.0,100,0.05,100,0.01,100,0.04,100,0.0,100,0.04040404040404041,99,0.021739130434782653,100,0.8,5,0.00022727272727272727,100,0.04,100,0.05,100,0.05,100,0.05,100
containerd/containerd,causal_rolling_mad,union,metric_shift,rerun_rate,1,medium,1,low_volume,none,100,0.09,100,0.0,9,0.04444444444444437,100,0.18,100,0.09,100,0.13,100,0.04,100,0.08585858585858586,99,0.021739130434782653,100,0.061666666666666654,100,0.042035353535353565,100,0.09,100,0.16,100,0.16,100,0.16,100
containerd/containerd,causal_rolling_mad,two_of_three,metric_shift,rerun_rate,1,medium,1,low_volume,none,100,0.0,100,,0,0.0,100,0.0,100,0.0,100,0.0,100,0.0,100,0.0,99,0.021739130434782653,100,,0,0.0,100,0.0,100,0.0,100,0.0,100,0.0,100
containerd/containerd,mewma,mewma,metric_shift,rerun_rate,1,medium,1,low_volume,none,100,0.2,100,0.0,20,0.0,100,0.39,100,0.19,100,0.2,100,0.0,100,0.16666666666666669,100,0.0,100,0.574712643678161,29,0.004222222222222222,100,0.2,100,0.2,100,0.24,100,0.28,100
containerd/containerd,causal_rolling_mad,latency_log,metric_shift,rerun_rate,1,medium,1,observed,controlled,100,0.0,100,,0,0.0,100,0.0,100,0.0,100,0.0,100,0.0,100,0.0,98,0.021739130434782653,100,,0,0.0,100,0.0,100,0.0,100,0.0,100,0.0,100
containerd/containerd,causal_rolling_mad,failure_rate,metric_shift,rerun_rate,1,medium,1,observed,controlled,100,0.0,100,,0,0.022222222222222185,100,0.0,100,0.0,100,0.01,100,0.01,100,0.0,98,0.021739130434782653,100,0.01,100,0.022489898989898997,100,0.0,100,0.0,100,0.0,100,0.0,100
containerd/containerd,causal_rolling_mad,rerun_rate,metric_shift,rerun_rate,1,medium,1,observed,controlled,100,0.0,100,,0,0.0,100,0.0,100,0.0,100,0.0,100,0.0,100,,0,0.3023913043478266,100,,0,0.0,100,0.0,100,0.0,100,0.0,100,0.0,100
containerd/containerd,causal_rolling_mad,union,metric_shift,rerun_rate,1,medium,1,observed,controlled,100,0.0,100,,0,0.0389141436668608,100,0.0,100,0.0,100,0.0,100,0.0,100,,0,0.3023913043478266,100,0.0,91,0.0389141436668608,100,0.0,100,0.0,100,0.0,100,0.0,100
containerd/containerd,causal_rolling_mad,two_of_three,metric_shift,rerun_rate,1,medium,1,observed,controlled,100,0.0,100,,0,0.0,100,0.0,100,0.0,100,0.0,100,0.0,100,,0,0.3023913043478266,100,,0,0.0,100,0.0,100,0.0,100,0.0,100,0.0,100
containerd/containerd,mewma,mewma,metric_shift,rerun_rate,1,medium,1,observed,controlled,100,0.0,100,,0,0.0,100,0.0,100,0.0,100,0.0,100,0.0,100,0.0,100,0.0,100,,0,0.0,100,0.0,100,0.0,100,0.0,100,0.0,100
containerd/containerd,causal_rolling_mad,latency_log,metric_shift,rerun_rate,1,low,2,observed,none,100,0.0,100,,0,0.0,100,0.0,100,0.0,100,0.0,100,0.0,100,0.0,100,0.021739130434782653,100,,0,0.0,100,0.0,100,0.0,100,0.0,100,0.0,100
containerd/containerd,causal_rolling_mad,failure_rate,metric_shift,rerun_rate,1,low,2,observed,none,100,0.0,100,,0,0.022222222222222185,100,0.0,100,0.0,100,0.03,100,0.015,100,0.0,100,0.021739130434782653,100,0.03,100,0.02254228329809728,100,0.0,100,0.0,100,0.0,100,0.0,100
containerd/containerd,causal_rolling_mad,rerun_rate,metric_shift,rerun_rate,1,low,2,observed,none,100,0.45,100,0.9333333333333333,45,0.0,100,0.52,100,0.04,100,0.45,100,0.0,100,0.2483333333333333,100,0.021739130434782653,100,0.9555555555555556,45,0.0009302325581395348,100,0.45,100,0.45,100,0.45,100,0.45,100
containerd/containerd,causal_rolling_mad,union,metric_shift,rerun_rate,1,low,2,observed,none,100,0.46,100,0.8478260869565217,46,0.04444444444444437,100,0.54,100,0.03,100,0.51,100,0.035,100,0.26666666666666666,100,0.021739130434782653,100,0.21499999999999994,100,0.04182875264270618,100,0.46,100,0.47,100,0.47,100,0.47,100
containerd/containerd,causal_rolling_mad,two_of_three,metric_shift,rerun_rate,1,low,2,observed,none,100,0.0,100,,0,0.0,100,0.0,100,0.0,100,0.0,100,0.0,100,0.0,100,0.021739130434782653,100,,0,0.0,100,0.0,100,0.0,100,0.0,100,0.0,100
containerd/containerd,mewma,mewma,metric_shift,rerun_rate,1,low,2,observed,none,100,0.45,100,0.8888888888888888,45,0.0,100,1.09,100,0.6,100,0.45,100,0.0,100,0.17550000000000002,100,0.0,100,0.5199999999999999,50,0.01363636363636363,100,0.45,100,0.47,100,0.48,100,0.5,100
containerd/containerd,causal_rolling_mad,latency_log,metric_shift,rerun_rate,1,medium,2,observed,none,100,0.0,100,,0,0.0,100,0.0,100,0.0,100,0.0,100,0.0,100,0.0,100,0.021739130434782653,100,,0,0.0,100,0.0,100,0.0,100,0.0,100,0.0,100
containerd/containerd,causal_rolling_mad,failure_rate,metric_shift,rerun_rate,1,medium,2,observed,none,100,0.0,100,,0,0.022222222222222185,100,0.0,100,0.0,100,0.03,100,0.015,100,0.0,100,0.021739130434782653,100,0.03,100,0.022552854122621594,100,0.0,100,0.0,100,0.0,100,0.0,100
containerd/containerd,causal_rolling_mad,rerun_rate,metric_shift,rerun_rate,1,medium,2,observed,none,100,0.75,100,0.96,75,0.0,100,0.81,100,0.03,100,0.75,100,0.0,100,0.39,100,0.021739130434782653,100,0.98,75,0.0006976744186046512,100,0.75,100,0.75,100,0.75,100,0.75,100
containerd/containerd,causal_rolling_mad,union,metric_shift,rerun_rate,1,medium,2,observed,none,100,0.7,100,0.8571428571428571,70,0.04444444444444437,100,0.88,100,0.08,100,0.76,100,0.045,100,0.39166666666666666,100,0.021739130434782653,100,0.3166666666666665,100,0.04115221987315015,100,0.7,100,0.7,100,0.7,100,0.7,100
containerd/containerd,causal_rolling_mad,two_of_three,metric_shift,rerun_rate,1,medium,2,observed,none,100,0.01,100,1.0,1,0.0,100,0.01,100,0.0,100,0.01,100,0.0,100,0.005,100,0.021739130434782653,100,1.0,1,0.0,100,0.01,100,0.01,100,0.01,100,0.01,100
containerd/containerd,mewma,mewma,metric_shift,rerun_rate,1,medium,2,observed,none,100,0.84,100,0.7023809523809523,84,0.0,100,2.4,100,1.31,100,0.84,100,0.0,100,0.3452619047619049,100,0.0,100,0.5575396825396824,84,0.029772727272727284,100,0.84,100,0.84,100,0.84,100,0.84,100
containerd/containerd,causal_rolling_mad,latency_log,metric_shift,rerun_rate,1,high,2,observed,none,100,0.0,100,,0,0.0,100,0.0,100,0.0,100,0.0,100,0.0,100,0.0,100,0.021739130434782653,100,,0,0.0,100,0.0,100,0.0,100,0.0,100,0.0,100
containerd/containerd,causal_rolling_mad,failure_rate,metric_shift,rerun_rate,1,high,2,observed,none,100,0.0,100,,0,0.022222222222222185,100,0.0,100,0.0,100,0.08,100,0.04,100,0.0,100,0.021739130434782653,100,0.08,100,0.021384778012685013,100,0.0,100,0.0,100,0.0,100,0.0,100
containerd/containerd,causal_rolling_mad,rerun_rate,metric_shift,rerun_rate,1,high,2,observed,none,100,1.0,100,0.98,100,0.0,100,1.03,100,0.01,100,1.0,100,0.0,100,0.5183333333333333,100,0.021739130434782653,100,0.995,100,0.0002325581395348837,100,1.0,100,1.0,100,1.0,100,1.0,100
containerd/containerd,causal_rolling_mad,union,metric_shift,rerun_rate,1,high,2,observed,none,100,0.94,100,0.8936170212765957,94,0.04444444444444437,100,1.15,100,0.11,100,1.0,100,0.07,100,0.5116666666666667,100,0.021739130434782653,100,0.4175000000000001,100,0.041141649048625835,100,0.94,100,0.94,100,0.94,100,0.94,100
containerd/containerd,causal_rolling_mad,two_of_three,metric_shift,rerun_rate,1,high,2,observed,none,100,0.04,100,1.0,4,0.0,100,0.04,100,0.0,100,0.04,100,0.0,100,0.02,100,0.021739130434782653,100,1.0,4,0.0,100,0.04,100,0.04,100,0.04,100,0.04,100
containerd/containerd,mewma,mewma,metric_shift,rerun_rate,1,high,2,observed,none,100,0.9,100,0.7666666666666667,90,0.0,100,2.4,100,1.29,100,0.9,100,0.0,100,0.35885714285714276,100,0.0,100,0.5931481481481482,90,0.029318181818181827,100,0.9,100,0.9,100,0.9,100,0.9,100
containerd/containerd,causal_rolling_mad,latency_log,metric_shift,rerun_rate,1,medium,2,low_volume,none,100,0.0,100,,0,0.0,100,0.0,100,0.0,100,0.0,100,0.0,100,0.0,100,0.021739130434782653,100,,0,0.0,100,0.0,100,0.0,100,0.0,100,0.0,100
containerd/containerd,causal_rolling_mad,failure_rate,metric_shift,rerun_rate,1,medium,2,low_volume,none,100,0.06,100,0.5,6,0.022222222222222185,100,0.13,100,0.05,100,0.1,100,0.045,100,0.03666666666666667,100,0.021739130434782653,100,0.08712121212121213,88,0.02022198731501059,100,0.06,100,0.06,100,0.06,100,0.07,100
containerd/containerd,causal_rolling_mad,rerun_rate,metric_shift,rerun_rate,1,medium,2,low_volume,none,100,0.72,100,0.9444444444444444,72,0.0,100,0.76,100,0.0,100,0.72,100,0.0,100,0.39,100,0.021739130434782653,100,1.0,72,0.0,100,0.72,100,0.72,100,0.72,100,0.72,100
containerd/containerd,causal_rolling_mad,union,metric_shift,rerun_rate,1,medium,2,low_volume,none,100,0.66,100,0.8636363636363636,66,0.04444444444444437,100,0.87,100,0.12,100,0.77,100,0.095,100,0.36666666666666664,100,0.021739130434782653,100,0.3716666666666668,100,0.03649048625792816,100,0.66,100,0.66,100,0.66,100,0.66,100
containerd/containerd,causal_rolling_mad,two_of_three,metric_shift,rerun_rate,1,medium,2,low_volume,none,100,0.05,100,1.0,5,0.0,100,0.05,100,0.0,100,0.05,100,0.0,100,0.025,100,0.021739130434782653,100,1.0,5,0.0,100,0.05,100,0.05,100,0.05,100,0.05,100
containerd/containerd,mewma,mewma,metric_shift,rerun_rate,1,medium,2,low_volume,none,100,0.76,100,0.7236842105263158,76,0.0,100,2.08,100,1.11,100,0.76,100,0.0,100,0.3131904761904761,100,0.0,100,0.5655701754385963,76,0.025227272727272737,100,0.76,100,0.76,100,0.76,100,0.76,100
containerd/containerd,causal_rolling_mad,latency_log,metric_shift,rerun_rate,1,medium,2,observed,controlled,100,0.0,100,,0,0.0,100,0.0,100,0.0,100,0.0,100,0.0,100,0.0,100,0.021739130434782653,100,,0,0.0,100,0.0,100,0.0,100,0.0,100,0.0,100
containerd/containerd,causal_rolling_mad,failure_rate,metric_shift,rerun_rate,1,medium,2,observed,controlled,100,0.0,100,,0,0.022222222222222185,100,0.0,100,0.0,100,0.03,100,0.015,100,0.0,100,0.021739130434782653,100,0.03,100,0.02254228329809728,100,0.0,100,0.0,100,0.0,100,0.0,100
containerd/containerd,causal_rolling_mad,rerun_rate,metric_shift,rerun_rate,1,medium,2,observed,controlled,100,0.0,100,,0,0.0,100,0.0,100,0.0,100,0.0,100,0.0,100,0.0,52,0.3019565217391308,100,,0,0.0,100,0.0,100,0.0,100,0.0,100,0.0,100
containerd/containerd,causal_rolling_mad,union,metric_shift,rerun_rate,1,medium,2,observed,controlled,100,0.06,100,0.0,6,0.04114360412308269,100,0.06,100,0.0,100,0.07,100,0.01,100,0.11538461538461539,52,0.3019565217391308,100,0.04395604395604396,91,0.04152031158040008,100,0.06,100,0.06,100,0.06,100,0.06,100
containerd/containerd,causal_rolling_mad,two_of_three,metric_shift,rerun_rate,1,medium,2,observed,controlled,100,0.0,100,,0,0.0,100,0.0,100,0.0,100,0.0,100,0.0,100,0.0,52,0.3019565217391308,100,,0,0.0,100,0.0,100,0.0,100,0.0,100,0.0,100
containerd/containerd,mewma,mewma,metric_shift,rerun_rate,1,medium,2,observed,controlled,100,0.18,100,0.4444444444444444,18,0.0,100,0.47,100,0.19,100,0.18,100,0.0,100,0.115,100,0.0,100,0.6231884057971014,23,0.004318181818181818,100,0.18,100,0.21,100,0.21,100,0.23,100
containerd/containerd,causal_rolling_mad,latency_log,metric_shift,rerun_rate,1,low,4,observed,none,100,0.0,100,,0,0.0,100,0.0,100,0.0,100,0.0,100,0.0,100,0.0,100,0.021739130434782653,100,,0,0.0,100,0.0,100,0.0,100,0.0,100,0.0,100
containerd/containerd,causal_rolling_mad,failure_rate,metric_shift,rerun_rate,1,low,4,observed,none,100,0.0,100,,0,0.022222222222222185,100,0.0,100,0.0,100,0.1,100,0.025,100,0.0,100,0.021739130434782653,100,0.1,100,0.02193960511033683,100,0.0,100,0.0,100,0.0,100,0.0,100
containerd/containerd,causal_rolling_mad,rerun_rate,metric_shift,rerun_rate,1,low,4,observed,none,100,0.46,100,1.1304347826086956,46,0.0,100,0.87,100,0.0,100,0.46,100,0.0,100,0.22166666666666668,100,0.021739130434782653,100,1.0,46,0.0,100,0.46,100,0.46,100,0.46,100,0.46,100
containerd/containerd,causal_rolling_mad,union,metric_shift,rerun_rate,1,low,4,observed,none,100,0.51,100,1.1176470588235294,51,0.04444444444444437,100,0.89,100,0.01,100,0.58,100,0.04,100,0.22266666666666668,100,0.021739130434782653,100,0.3465,100,0.0380255516840883,100,0.51,100,0.51,100,0.51,100,0.51,100
containerd/containerd,causal_rolling_mad,two_of_three,metric_shift,rerun_rate,1,low,4,observed,none,100,0.0,100,,0,0.0,100,0.0,100,0.0,100,0.0,100,0.0,100,0.0,100,0.021739130434782653,100,,0,0.0,100,0.0,100,0.0,100,0.0,100,0.0,100
containerd/containerd,mewma,mewma,metric_shift,rerun_rate,1,low,4,observed,none,100,0.81,100,1.6049382716049383,81,0.0,100,3.25,100,1.33,100,0.81,100,0.0,100,0.3498333333333331,100,0.0,100,0.6487654320987654,81,0.03166666666666666,100,0.81,100,0.81,100,0.81,100,0.81,100
containerd/containerd,causal_rolling_mad,latency_log,metric_shift,rerun_rate,1,medium,4,observed,none,100,0.0,100,,0,0.0,100,0.0,100,0.0,100,0.0,100,0.0,100,0.0,100,0.021739130434782653,100,,0,0.0,100,0.0,100,0.0,100,0.0,100,0.0,100
containerd/containerd,causal_rolling_mad,failure_rate,metric_shift,rerun_rate,1,medium,4,observed,none,100,0.0,100,,0,0.022222222222222185,100,0.0,100,0.0,100,0.09,100,0.0225,100,0.0,100,0.021739130434782653,100,0.09,100,0.022160278745644614,100,0.0,100,0.0,100,0.0,100,0.0,100
containerd/containerd,causal_rolling_mad,rerun_rate,metric_shift,rerun_rate,1,medium,4,observed,none,100,0.9,100,1.0555555555555556,90,0.0,100,2.36,100,0.0,100,0.9,100,0.0,100,0.605,100,0.021739130434782653,100,1.0,90,0.0,100,0.9,100,0.9,100,0.9,100,0.9,100
containerd/containerd,causal_rolling_mad,union,metric_shift,rerun_rate,1,medium,4,observed,none,100,0.91,100,0.8901098901098901,91,0.04444444444444437,100,2.52,100,0.08,100,0.92,100,0.0475,100,0.614,100,0.021739130434782653,100,0.6068333333333334,100,0.036759581881533124,100,0.91,100,0.91,100,0.91,100,0.91,100
containerd/containerd,causal_rolling_mad,two_of_three,metric_shift,rerun_rate,1,medium,4,observed,none,100,0.03,100,1.6666666666666667,3,0.0,100,0.03,100,0.0,100,0.03,100,0.0,100,0.0075,100,0.021739130434782653,100,1.0,3,0.0,100,0.03,100,0.03,100,0.03,100,0.03,100
containerd/containerd,mewma,mewma,metric_shift,rerun_rate,1,medium,4,observed,none,100,1.0,100,1.0,100,0.0,100,6.24,100,3.24,100,1.0,100,0.0,100,0.4273809523809524,100,0.0,100,0.5036071428571429,100,0.07714285714285704,100,1.0,100,1.0,100,1.0,100,1.0,100
containerd/containerd,causal_rolling_mad,latency_log,metric_shift,rerun_rate,1,high,4,observed,none,100,0.0,100,,0,0.0,100,0.0,100,0.0,100,0.0,100,0.0,100,0.0,100,0.021739130434782653,100,,0,0.0,100,0.0,100,0.0,100,0.0,100,0.0,100
containerd/containerd,causal_rolling_mad,failure_rate,metric_shift,rerun_rate,1,high,4,observed,none,100,0.0,100,,0,0.022222222222222185,100,0.0,100,0.0,100,0.04,100,0.01,100,0.0,100,0.021739130434782653,100,0.04,100,0.023397212543554022,100,0.0,100,0.0,100,0.0,100,0.0,100
containerd/containerd,causal_rolling_mad,rerun_rate,metric_shift,rerun_rate,1,high,4,observed,none,100,1.0,100,0.95,100,0.0,100,3.05,100,0.0,100,1.0,100,0.0,100,0.77,100,0.021739130434782653,100,1.0,100,0.0,100,1.0,100,1.0,100,1.0,100,1.0,100
containerd/containerd,causal_rolling_mad,union,metric_shift,rerun_rate,1,high,4,observed,none,100,1.0,100,0.92,100,0.04444444444444437,100,3.03,100,0.04,100,1.0,100,0.035,100,0.7490000000000001,100,0.021739130434782653,100,0.657666666666667,100,0.041428571428571453,100,1.0,100,1.0,100,1.0,100,1.0,100
containerd/containerd,causal_rolling_mad,two_of_three,metric_shift,rerun_rate,1,high,4,observed,none,100,0.04,100,2.0,4,0.0,100,0.04,100,0.0,100,0.04,100,0.0,100,0.01,100,0.021739130434782653,100,1.0,4,0.0,100,0.04,100,0.04,100,0.04,100,0.04,100
containerd/containerd,mewma,mewma,metric_shift,rerun_rate,1,high,4,observed,none,100,1.0,100,0.7,100,0.0,100,6.53,100,3.23,100,1.0,100,0.0,100,0.4798095238095238,100,0.0,100,0.5321190476190477,100,0.07690476190476182,100,1.0,100,1.0,100,1.0,100,1.0,100
containerd/containerd,causal_rolling_mad,latency_log,metric_shift,rerun_rate,1,medium,4,low_volume,none,100,0.0,100,,0,0.0,100,0.0,100,0.0,100,0.0,100,0.0,100,0.0,100,0.021739130434782653,100,,0,0.0,100,0.0,100,0.0,100,0.0,100,0.0,100
containerd/containerd,causal_rolling_mad,failure_rate,metric_shift,rerun_rate,1,medium,4,low_volume,none,100,0.06,100,2.0,6,0.022222222222222185,100,0.17,100,0.09,100,0.1,100,0.0225,100,0.0195,100,0.021739130434782653,100,0.11041666666666665,80,0.019732868757259013,100,0.06,100,0.06,100,0.06,100,0.08,100
containerd/containerd,causal_rolling_mad,rerun_rate,metric_shift,rerun_rate,1,medium,4,low_volume,none,100,0.79,100,1.1012658227848102,79,0.0,100,1.93,100,0.0,100,0.79,100,0.0,100,0.4858333333333333,100,0.021739130434782653,100,1.0,79,0.0,100,0.79,100,0.79,100,0.79,100,0.79,100
containerd/containerd,causal_rolling_mad,union,metric_shift,rerun_rate,1,medium,4,low_volume,none,100,0.8,100,1.075,80,0.04444444444444437,100,2.1,100,0.13,100,0.82,100,0.0375,100,0.48266666666666663,100,0.021739130434782653,100,0.5598639455782315,98,0.034105691056910595,100,0.8,100,0.8,100,0.8,100,0.8,100
containerd/containerd,causal_rolling_mad,two_of_three,metric_shift,rerun_rate,1,medium,4,low_volume,none,100,0.06,100,1.5,6,0.0,100,0.08,100,0.0,100,0.06,100,0.0,100,0.02,100,0.021739130434782653,100,1.0,6,0.0,100,0.06,100,0.06,100,0.06,100,0.06,100
containerd/containerd,mewma,mewma,metric_shift,rerun_rate,1,medium,4,low_volume,none,100,0.99,100,1.202020202020202,99,0.0,100,5.39,100,2.64,100,0.99,100,0.0,100,0.42679761904761904,100,0.0,100,0.5564935064935067,99,0.0628571428571428,100,0.99,100,0.99,100,0.99,100,0.99,100
containerd/containerd,causal_rolling_mad,latency_log,metric_shift,rerun_rate,1,medium,4,observed,controlled,100,0.0,100,,0,0.0,100,0.0,100,0.0,100,0.0,100,0.0,100,0.0,100,0.021739130434782653,100,,0,0.0,100,0.0,100,0.0,100,0.0,100,0.0,100
containerd/containerd,causal_rolling_mad,failure_rate,metric_shift,rerun_rate,1,medium,4,observed,controlled,100,0.0,100,,0,0.022222222222222185,100,0.0,100,0.0,100,0.08,100,0.02,100,0.0,100,0.021739130434782653,100,0.08,100,0.02242160278745646,100,0.0,100,0.0,100,0.0,100,0.0,100
containerd/containerd,causal_rolling_mad,rerun_rate,metric_shift,rerun_rate,1,medium,4,observed,controlled,100,0.46,100,0.9347826086956522,46,0.0,100,0.68,100,0.0,100,0.46,100,0.0,100,0.3586497890295359,79,0.30978260869565266,100,1.0,46,0.0,100,0.46,100,0.46,100,0.46,100,0.46,100
containerd/containerd,causal_rolling_mad,union,metric_shift,rerun_rate,1,medium,4,observed,controlled,100,0.44,100,0.8181818181818182,44,0.036982417500695294,100,0.68,100,0.0,100,0.48,100,0.03833333333333333,100,0.3670886075949367,79,0.30978260869565266,100,0.32883895131086144,89,0.035803702281794685,100,0.44,100,0.44,100,0.44,100,0.44,100
containerd/containerd,causal_rolling_mad,two_of_three,metric_shift,rerun_rate,1,medium,4,observed,controlled,100,0.02,100,1.0,2,0.0,100,0.02,100,0.0,100,0.02,100,0.0,100,0.010548523206751054,79,0.30978260869565266,100,1.0,2,0.0,100,0.02,100,0.02,100,0.02,100,0.02,100
containerd/containerd,mewma,mewma,metric_shift,rerun_rate,1,medium,4,observed,controlled,100,1.0,100,1.45,100,0.0,100,4.82,100,2.27,100,1.0,100,0.0,100,0.41340476190476183,100,0.0,100,0.5604682539682538,100,0.05404761904761899,100,1.0,100,1.0,100,1.0,100,1.0,100
containerd/containerd,causal_rolling_mad,latency_log,metric_shift,rerun_rate,1,low,8,observed,none,100,0.0,100,,0,0.0,100,0.0,100,0.0,100,0.0,100,0.0,100,0.0,100,0.021739130434782653,100,,0,0.0,100,0.0,100,0.0,100,0.0,100,0.0,100
containerd/containerd,causal_rolling_mad,failure_rate,metric_shift,rerun_rate,1,low,8,observed,none,100,0.0,100,,0,0.022222222222222185,100,0.0,100,0.0,100,0.29,100,0.03625,100,0.0,100,0.021739130434782653,100,0.29,100,0.01917496443812231,100,0.0,100,0.0,100,0.0,100,0.0,100
containerd/containerd,causal_rolling_mad,rerun_rate,metric_shift,rerun_rate,1,low,8,observed,none,100,0.43,100,1.2325581395348837,43,0.0,100,0.99,100,0.0,100,0.43,100,0.0,100,0.12464285714285714,100,0.021739130434782653,100,1.0,43,0.0,100,0.43,100,0.43,100,0.43,100,0.43,100
containerd/containerd,causal_rolling_mad,union,metric_shift,rerun_rate,1,low,8,observed,none,100,0.5,100,1.2,50,0.04444444444444437,100,0.97,100,0.01,100,0.75,100,0.0575,100,0.12075396825396827,100,0.021739130434782653,100,0.5511428571428573,100,0.031863442389758155,100,0.5,100,0.5,100,0.5,100,0.5,100
containerd/containerd,causal_rolling_mad,two_of_three,metric_shift,rerun_rate,1,low,8,observed,none,100,0.0,100,,0,0.0,100,0.0,100,0.0,100,0.0,100,0.0,100,0.0,100,0.021739130434782653,100,,0,0.0,100,0.0,100,0.0,100,0.0,100,0.0,100
containerd/containerd,mewma,mewma,metric_shift,rerun_rate,1,low,8,observed,none,100,0.99,100,2.282828282828283,99,0.0,100,7.95,100,2.39,100,0.99,100,0.0,100,0.5413418803418802,100,0.0,100,0.7193424140393834,99,0.06289473684210521,100,0.99,100,0.99,100,0.99,100,0.99,100
containerd/containerd,causal_rolling_mad,latency_log,metric_shift,rerun_rate,1,medium,8,observed,none,100,0.0,100,,0,0.0,100,0.0,100,0.0,100,0.0,100,0.0,100,0.0,100,0.021739130434782653,100,,0,0.0,100,0.0,100,0.0,100,0.0,100,0.0,100
containerd/containerd,causal_rolling_mad,failure_rate,metric_shift,rerun_rate,1,medium,8,observed,none,100,0.0,100,,0,0.022222222222222185,100,0.0,100,0.0,100,0.2,100,0.025,100,0.0,100,0.021739130434782653,100,0.2,100,0.021607396870554747,100,0.0,100,0.0,100,0.0,100,0.0,100
containerd/containerd,causal_rolling_mad,rerun_rate,metric_shift,rerun_rate,1,medium,8,observed,none,100,0.89,100,1.0449438202247192,89,0.0,100,3.22,100,0.0,100,0.89,100,0.0,100,0.4042857142857143,100,0.021739130434782653,100,1.0,89,0.0,100,0.89,100,0.89,100,0.89,100,0.89,100
containerd/containerd,causal_rolling_mad,union,metric_shift,rerun_rate,1,medium,8,observed,none,100,0.9,100,1.0777777777777777,90,0.04444444444444437,100,3.1,100,0.0,100,0.9,100,0.04625,100,0.3892857142857143,100,0.021739130434782653,100,0.665547619047619,100,0.03645803698435275,100,0.9,100,0.9,100,0.9,100,0.9,100
containerd/containerd,causal_rolling_mad,two_of_three,metric_shift,rerun_rate,1,medium,8,observed,none,100,0.08,100,1.875,8,0.0,100,0.08,100,0.0,100,0.08,100,0.0,100,0.01,100,0.021739130434782653,100,1.0,8,0.0,100,0.08,100,0.08,100,0.08,100,0.08,100
containerd/containerd,mewma,mewma,metric_shift,rerun_rate,1,medium,8,observed,none,100,1.0,100,1.05,100,0.0,100,11.24,100,4.29,100,1.0,100,0.0,100,0.5832218892218894,100,0.0,100,0.6377408702408701,100,0.1128947368421052,100,1.0,100,1.0,100,1.0,100,1.0,100
containerd/containerd,causal_rolling_mad,latency_log,metric_shift,rerun_rate,1,high,8,observed,none,100,0.0,100,,0,0.0,100,0.0,100,0.0,100,0.0,100,0.0,100,0.0,100,0.021739130434782653,100,,0,0.0,100,0.0,100,0.0,100,0.0,100,0.0,100
containerd/containerd,causal_rolling_mad,failure_rate,metric_shift,rerun_rate,1,high,8,observed,none,100,0.0,100,,0,0.022222222222222185,100,0.0,100,0.0,100,0.21,100,0.02625,100,0.0,100,0.021739130434782653,100,0.21,100,0.021330014224751045,100,0.0,100,0.0,100,0.0,100,0.0,100
containerd/containerd,causal_rolling_mad,rerun_rate,metric_shift,rerun_rate,1,high,8,observed,none,100,1.0,100,0.98,100,0.0,100,5.16,100,0.0,100,1.0,100,0.0,100,0.6482142857142857,100,0.021739130434782653,100,1.0,100,0.0,100,1.0,100,1.0,100,1.0,100,1.0,100
containerd/containerd,causal_rolling_mad,union,metric_shift,rerun_rate,1,high,8,observed,none,100,1.0,100,0.92,100,0.04444444444444437,100,5.06,100,0.0,100,1.0,100,0.06,100,0.6357142857142857,100,0.021739130434782653,100,0.823428571428571,100,0.03238975817923186,100,1.0,100,1.0,100,1.0,100,1.0,100
containerd/containerd,causal_rolling_mad,two_of_three,metric_shift,rerun_rate,1,high,8,observed,none,100,0.08,100,3.125,8,0.0,100,0.08,100,0.0,100,0.08,100,0.0,100,0.01,100,0.021739130434782653,100,1.0,8,0.0,100,0.08,100,0.08,100,0.08,100,0.08,100
containerd/containerd,mewma,mewma,metric_shift,rerun_rate,1,high,8,observed,none,100,1.0,100,0.95,100,0.0,100,12.05,100,5.0,100,1.0,100,0.0,100,0.5538812160062164,100,0.0,100,0.5958700466200471,100,0.131578947368421,100,1.0,100,1.0,100,1.0,100,1.0,100
containerd/containerd,causal_rolling_mad,latency_log,metric_shift,rerun_rate,1,medium,8,low_volume,none,100,0.0,100,,0,0.0,100,0.0,100,0.0,100,0.0,100,0.0,100,0.0,100,0.021739130434782653,100,,0,0.0,100,0.0,100,0.0,100,0.0,100,0.0,100
containerd/containerd,causal_rolling_mad,failure_rate,metric_shift,rerun_rate,1,medium,8,low_volume,none,100,0.15,100,3.1333333333333333,15,0.022222222222222185,100,0.28,100,0.07,100,0.21,100,0.03125,100,0.025972222222222223,100,0.021739130434782653,100,0.23648648648648649,74,0.01753200568990041,100,0.15,100,0.16,100,0.18,100,0.19,100
containerd/containerd,causal_rolling_mad,rerun_rate,metric_shift,rerun_rate,1,medium,8,low_volume,none,100,0.88,100,1.125,88,0.0,100,2.93,100,0.0,100,0.88,100,0.0,100,0.3694642857142857,100,0.021739130434782653,100,1.0,88,0.0,100,0.88,100,0.88,100,0.88,100,0.88,100
containerd/containerd,causal_rolling_mad,union,metric_shift,rerun_rate,1,medium,8,low_volume,none,100,0.91,100,1.0769230769230769,91,0.04444444444444437,100,3.11,100,0.07,100,0.92,100,0.055,100,0.37912698412698403,100,0.021739130434782653,100,0.7468170426065163,95,0.028854907539118062,100,0.91,100,0.91,100,0.91,100,0.91,100
containerd/containerd,causal_rolling_mad,two_of_three,metric_shift,rerun_rate,1,medium,8,low_volume,none,100,0.1,100,2.3,10,0.0,100,0.13,100,0.0,100,0.1,100,0.0,100,0.01625,100,0.021739130434782653,100,1.0,10,0.0,100,0.1,100,0.1,100,0.1,100,0.1,100
containerd/containerd,mewma,mewma,metric_shift,rerun_rate,1,medium,8,low_volume,none,100,1.0,100,1.26,100,0.0,100,11.14,100,4.41,100,1.0,100,0.0,100,0.5602566045066046,100,0.0,100,0.6224836829836832,100,0.11605263157894735,100,1.0,100,1.0,100,1.0,100,1.0,100
containerd/containerd,causal_rolling_mad,latency_log,metric_shift,rerun_rate,1,medium,8,observed,controlled,100,0.0,100,,0,0.0,100,0.0,100,0.0,100,0.0,100,0.0,100,0.0,100,0.021739130434782653,100,,0,0.0,100,0.0,100,0.0,100,0.0,100,0.0,100
containerd/containerd,causal_rolling_mad,failure_rate,metric_shift,rerun_rate,1,medium,8,observed,controlled,100,0.0,100,,0,0.022222222222222185,100,0.0,100,0.0,100,0.19,100,0.02375,100,0.0,100,0.021739130434782653,100,0.19,100,0.02186344238975816,100,0.0,100,0.0,100,0.0,100,0.0,100
containerd/containerd,causal_rolling_mad,rerun_rate,metric_shift,rerun_rate,1,medium,8,observed,controlled,100,0.45,100,0.9777777777777777,45,0.0,100,0.85,100,0.0,100,0.45,100,0.0,100,0.3425,80,0.34391304347826107,100,1.0,45,0.0,100,0.45,100,0.45,100,0.45,100,0.45,100
containerd/containerd,causal_rolling_mad,union,metric_shift,rerun_rate,1,medium,8,observed,controlled,100,0.43,100,0.9767441860465116,43,0.03727936122593252,100,0.83,100,0.0,100,0.48,100,0.06933333333333333,100,0.3310416666666667,80,0.34391304347826107,100,0.37610336817653894,82,0.03429617739916202,100,0.43,100,0.43,100,0.43,100,0.43,100
containerd/containerd,causal_rolling_mad,two_of_three,metric_shift,rerun_rate,1,medium,8,observed,controlled,100,0.01,100,3.0,1,0.0,100,0.01,100,0.0,100,0.01,100,0.0,100,0.0025,80,0.34391304347826107,100,1.0,1,0.0,100,0.01,100,0.01,100,0.01,100,0.01,100
containerd/containerd,mewma,mewma,metric_shift,rerun_rate,1,medium,8,observed,controlled,100,1.0,100,1.66,100,0.0,100,10.34,100,4.0,100,1.0,100,0.0,100,0.5423887778887778,100,0.0,100,0.6294642579642582,100,0.1052631578947368,100,1.0,100,1.0,100,1.0,100,1.0,100
containerd/containerd,causal_rolling_mad,latency_log,metric_shift,latency_log+failure_rate,2,low,1,observed,none,100,0.0,100,,0,0.0,100,0.0,100,0.0,100,0.0,100,0.0,100,0.0,97,0.021739130434782653,100,,0,0.0,100,0.0,100,0.0,100,0.0,100,0.0,100
containerd/containerd,causal_rolling_mad,failure_rate,metric_shift,latency_log+failure_rate,2,low,1,observed,none,100,0.11,100,0.0,11,0.022222222222222185,100,0.23,100,0.12,100,0.13,100,0.02,100,0.08762886597938144,97,0.021739130434782653,100,0.08032128514056225,83,0.021121212121212114,100,0.11,100,0.17,100,0.17,100,0.18,100
containerd/containerd,causal_rolling_mad,rerun_rate,metric_shift,latency_log+failure_rate,2,low,1,observed,none,100,0.0,100,,0,0.0,100,0.0,100,0.0,100,0.0,100,0.0,100,0.0,97,0.021739130434782653,100,,0,0.0,100,0.0,100,0.0,100,0.0,100,0.0,100
containerd/containerd,causal_rolling_mad,union,metric_shift,latency_log+failure_rate,2,low,1,observed,none,100,0.13,100,0.0,13,0.04444444444444437,100,0.25,100,0.12,100,0.18,100,0.05,100,0.10824742268041238,97,0.021739130434782653,100,0.07666666666666666,100,0.04065151515151516,100,0.13,100,0.19,100,0.19,100,0.2,100
containerd/containerd,causal_rolling_mad,two_of_three,metric_shift,latency_log+failure_rate,2,low,1,observed,none,100,0.0,100,,0,0.0,100,0.0,100,0.0,100,0.0,100,0.0,100,0.0,97,0.021739130434782653,100,,0,0.0,100,0.0,100,0.0,100,0.0,100,0.0,100
containerd/containerd,mewma,mewma,metric_shift,latency_log+failure_rate,2,low,1,observed,none,100,0.0,100,,0,0.0,100,0.0,100,0.0,100,0.0,100,0.0,100,0.0,100,0.0,100,,0,0.0,100,0.0,100,0.0,100,0.0,100,0.0,100
containerd/containerd,causal_rolling_mad,latency_log,metric_shift,latency_log+failure_rate,2,medium,1,observed,none,100,0.0,100,,0,0.0,100,0.04,100,0.04,100,0.0,100,0.0,100,0.0,98,0.021739130434782653,100,0.0,4,0.0009090909090909091,100,0.0,100,0.04,100,0.04,100,0.04,100
containerd/containerd,causal_rolling_mad,failure_rate,metric_shift,latency_log+failure_rate,2,medium,1,observed,none,100,0.12,100,0.0,12,0.022222222222222185,100,0.21,100,0.09,100,0.15,100,0.03,100,0.09183673469387756,98,0.021739130434782653,100,0.09302325581395349,86,0.020898989898989893,100,0.12,100,0.15,100,0.15,100,0.15,100
containerd/containerd,causal_rolling_mad,rerun_rate,metric_shift,latency_log+failure_rate,2,medium,1,observed,none,100,0.0,100,,0,0.0,100,0.0,100,0.0,100,0.0,100,0.0,100,0.0,98,0.021739130434782653,100,,0,0.0,100,0.0,100,0.0,100,0.0,100,0.0,100
containerd/containerd,causal_rolling_mad,union,metric_shift,latency_log+failure_rate,2,medium,1,observed,none,100,0.13,100,0.0,13,0.04444444444444437,100,0.26,100,0.13,100,0.18,100,0.05,100,0.10204081632653061,98,0.021739130434782653,100,0.08333333333333331,100,0.039752525252525255,100,0.13,100,0.2,100,0.2,100,0.2,100
containerd/containerd,causal_rolling_mad,two_of_three,metric_shift,latency_log+failure_rate,2,medium,1,observed,none,100,0.0,100,,0,0.0,100,0.0,100,0.0,100,0.0,100,0.0,100,0.0,98,0.021739130434782653,100,,0,0.0,100,0.0,100,0.0,100,0.0,100,0.0,100
containerd/containerd,mewma,mewma,metric_shift,latency_log+failure_rate,2,medium,1,observed,none,100,0.02,100,0.0,2,0.0,100,0.08,100,0.06,100,0.02,100,0.0,100,0.015,100,0.0,100,0.21428571428571427,7,0.0013333333333333333,100,0.02,100,0.05,100,0.06,100,0.07,100
containerd/containerd,causal_rolling_mad,latency_log,metric_shift,latency_log+failure_rate,2,high,1,observed,none,100,0.0,100,,0,0.0,100,0.03,100,0.03,100,0.0,100,0.0,100,0.0,96,0.021739130434782653,100,0.0,3,0.0006818181818181818,100,0.0,100,0.03,100,0.03,100,0.03,100
containerd/containerd,causal_rolling_mad,failure_rate,metric_shift,latency_log+failure_rate,2,high,1,observed,none,100,0.08,100,0.0,8,0.022222222222222185,100,0.15,100,0.07,100,0.1,100,0.02,100,0.07291666666666667,96,0.021739130434782653,100,0.06666666666666667,85,0.020434343434343423,100,0.08,100,0.13,100,0.13,100,0.13,100
containerd/containerd,causal_rolling_mad,rerun_rate,metric_shift,latency_log+failure_rate,2,high,1,observed,none,100,0.0,100,,0,0.0,100,0.0,100,0.0,100,0.0,100,0.0,100,0.0,96,0.021739130434782653,100,,0,0.0,100,0.0,100,0.0,100,0.0,100,0.0,100
containerd/containerd,causal_rolling_mad,union,metric_shift,latency_log+failure_rate,2,high,1,observed,none,100,0.08,100,0.0,8,0.04444444444444437,100,0.18,100,0.1,100,0.13,100,0.05,100,0.07291666666666667,96,0.021739130434782653,100,0.06166666666666666,100,0.04041414141414143,100,0.08,100,0.16,100,0.16,100,0.16,100
containerd/containerd,causal_rolling_mad,two_of_three,metric_shift,latency_log+failure_rate,2,high,1,observed,none,100,0.0,100,,0,0.0,100,0.0,100,0.0,100,0.0,100,0.0,100,0.0,96,0.021739130434782653,100,,0,0.0,100,0.0,100,0.0,100,0.0,100,0.0,100
containerd/containerd,mewma,mewma,metric_shift,latency_log+failure_rate,2,high,1,observed,none,100,0.21,100,0.0,21,0.0,100,0.34,100,0.13,100,0.21,100,0.0,100,0.17333333333333337,100,0.0,100,0.6666666666666667,26,0.0028888888888888888,100,0.21,100,0.21,100,0.21,100,0.26,100
containerd/containerd,causal_rolling_mad,latency_log,metric_shift,latency_log+failure_rate,2,medium,1,low_volume,none,100,0.0,100,,0,0.0,100,0.03,100,0.03,100,0.0,100,0.0,100,0.0,96,0.021739130434782653,100,0.0,3,0.0006818181818181818,100,0.0,100,0.03,100,0.03,100,0.03,100
containerd/containerd,causal_rolling_mad,failure_rate,metric_shift,latency_log+failure_rate,2,medium,1,low_volume,none,100,0.05,100,0.0,5,0.022222222222222185,100,0.14,100,0.09,100,0.08,100,0.03,100,0.041666666666666664,96,0.021739130434782653,100,0.060077519379844964,86,0.02088888888888888,100,0.05,100,0.11,100,0.12,100,0.12,100
containerd/containerd,causal_rolling_mad,rerun_rate,metric_shift,latency_log+failure_rate,2,medium,1,low_volume,none,100,0.0,100,,0,0.0,100,0.02,100,0.02,100,0.0,100,0.0,100,0.0,96,0.021739130434782653,100,0.0,2,0.00045454545454545455,100,0.0,100,0.02,100,0.02,100,0.02,100
containerd/containerd,causal_rolling_mad,union,metric_shift,latency_log+failure_rate,2,medium,1,low_volume,none,100,0.05,100,0.0,5,0.04444444444444437,100,0.2,100,0.15,100,0.12,100,0.07,100,0.036458333333333336,96,0.021739130434782653,100,0.06872852233676977,97,0.03995959595959597,100,0.05,100,0.16,100,0.16,100,0.16,100
containerd/containerd,causal_rolling_mad,two_of_three,metric_shift,latency_log+failure_rate,2,medium,1,low_volume,none,100,0.0,100,,0,0.0,100,0.0,100,0.0,100,0.0,100,0.0,100,0.0,96,0.021739130434782653,100,,0,0.0,100,0.0,100,0.0,100,0.0,100,0.0,100
containerd/containerd,mewma,mewma,metric_shift,latency_log+failure_rate,2,medium,1,low_volume,none,100,0.13,100,0.0,13,0.0,100,0.2,100,0.07,100,0.13,100,0.0,100,0.10333333333333333,100,0.0,100,0.7380952380952381,14,0.0015555555555555557,100,0.13,100,0.13,100,0.13,100,0.14,100
containerd/containerd,causal_rolling_mad,latency_log,metric_shift,latency_log+failure_rate,2,medium,1,observed,controlled,100,0.0,100,,0,0.0,100,0.03,100,0.03,100,0.0,100,0.0,100,0.0,58,0.13673913043478272,100,0.0,3,0.0006818181818181818,100,0.0,100,0.03,100,0.03,100,0.03,100
containerd/containerd,causal_rolling_mad,failure_rate,metric_shift,latency_log+failure_rate,2,medium,1,observed,controlled,100,0.03,100,0.0,3,0.022256142519988583,100,0.08,100,0.05,100,0.05,100,0.02,100,0.0641025641025641,39,0.1847826086956521,100,0.04115226337448559,81,0.02245311221695829,100,0.03,100,0.07,100,0.07,100,0.07,100
containerd/containerd,causal_rolling_mad,rerun_rate,metric_shift,latency_log+failure_rate,2,medium,1,observed,controlled,100,0.0,100,,0,0.0,100,0.0,100,0.0,100,0.0,100,0.0,100,0.0,97,0.021739130434782653,100,,0,0.0,100,0.0,100,0.0,100,0.0,100,0.0,100
containerd/containerd,causal_rolling_mad,union,metric_shift,latency_log+failure_rate,2,medium,1,observed,controlled,100,0.0,100,,0,0.03928168426034137,100,0.0,100,0.0,100,0.0,100,0.0,100,,0,0.2997826086956526,100,0.0,84,0.03928168426034137,100,0.0,100,0.0,100,0.0,100,0.0,100
containerd/containerd,causal_rolling_mad,two_of_three,metric_shift,latency_log+failure_rate,2,medium,1,observed,controlled,100,0.0,100,,0,0.0,100,0.0,100,0.0,100,0.0,100,0.0,100,,0,0.2997826086956526,100,,0,0.0,100,0.0,100,0.0,100,0.0,100,0.0,100
containerd/containerd,mewma,mewma,metric_shift,latency_log+failure_rate,2,medium,1,observed,controlled,100,0.04,100,0.0,4,0.0,100,0.07,100,0.03,100,0.04,100,0.0,100,0.03,100,0.0,100,0.6,5,0.0006666666666666666,100,0.04,100,0.04,100,0.05,100,0.05,100
containerd/containerd,causal_rolling_mad,latency_log,metric_shift,latency_log+failure_rate,2,low,2,observed,none,100,0.79,100,1.0,79,0.0,100,0.79,100,0.0,100,0.79,100,0.0,100,0.4,100,0.021739130434782653,100,1.0,79,0.0,100,0.79,100,0.79,100,0.79,100,0.79,100
containerd/containerd,causal_rolling_mad,failure_rate,metric_shift,latency_log+failure_rate,2,low,2,observed,none,100,0.15,100,0.5333333333333333,15,0.022222222222222185,100,0.19,100,0.01,100,0.16,100,0.005,100,0.09,100,0.021739130434782653,100,0.11538461538461539,78,0.018134249471458794,100,0.15,100,0.15,100,0.15,100,0.15,100
containerd/containerd,causal_rolling_mad,rerun_rate,metric_shift,latency_log+failure_rate,2,low,2,observed,none,100,0.0,100,,0,0.0,100,0.0,100,0.0,100,0.0,100,0.0,100,0.0,100,0.021739130434782653,100,,0,0.0,100,0.0,100,0.0,100,0.0,100,0.0,100
containerd/containerd,causal_rolling_mad,union,metric_shift,latency_log+failure_rate,2,low,2,observed,none,100,0.76,100,0.8552631578947368,76,0.04444444444444437,100,0.88,100,0.01,100,0.8,100,0.045,100,0.4383333333333333,100,0.021739130434782653,100,0.3624999999999999,100,0.03743128964059201,100,0.76,100,0.76,100,0.76,100,0.76,100
containerd/containerd,causal_rolling_mad,two_of_three,metric_shift,latency_log+failure_rate,2,low,2,observed,none,100,0.14,100,1.0,14,0.0,100,0.14,100,0.0,100,0.14,100,0.0,100,0.07,100,0.021739130434782653,100,1.0,14,0.0,100,0.14,100,0.14,100,0.14,100,0.14,100
containerd/containerd,mewma,mewma,metric_shift,latency_log+failure_rate,2,low,2,observed,none,100,0.01,100,1.0,1,0.0,100,0.04,100,0.03,100,0.01,100,0.0,100,0.005,100,0.0,100,0.25,4,0.0006818181818181818,100,0.01,100,0.03,100,0.04,100,0.04,100
containerd/containerd,causal_rolling_mad,latency_log,metric_shift,latency_log+failure_rate,2,medium,2,observed,none,100,1.0,100,1.0,100,0.0,100,1.03,100,0.03,100,1.0,100,0.0,100,0.515,100,0.021739130434782653,100,0.985,100,0.0006976744186046512,100,1.0,100,1.0,100,1.0,100,1.0,100
containerd/containerd,causal_rolling_mad,failure_rate,metric_shift,latency_log+failure_rate,2,medium,2,observed,none,100,0.3,100,0.7666666666666667,30,0.022222222222222185,100,0.38,100,0.01,100,0.34,100,0.025,100,0.18333333333333332,100,0.021739130434782653,100,0.2509803921568628,85,0.018350951374207208,100,0.3,100,0.3,100,0.3,100,0.3,100
containerd/containerd,causal_rolling_mad,rerun_rate,metric_shift,latency_log+failure_rate,2,medium,2,observed,none,100,0.0,100,,0,0.0,100,0.0,100,0.0,100,0.0,100,0.0,100,0.0,100,0.021739130434782653,100,,0,0.0,100,0.0,100,0.0,100,0.0,100,0.0,100
containerd/containerd,causal_rolling_mad,union,metric_shift,latency_log+failure_rate,2,medium,2,observed,none,100,0.96,100,0.875,96,0.04444444444444437,100,1.12,100,0.04,100,1.0,100,0.035,100,0.5533333333333333,100,0.021739130434782653,100,0.4508333333333335,100,0.03670190274841442,100,0.96,100,0.96,100,0.96,100,0.96,100
containerd/containerd,causal_rolling_mad,two_of_three,metric_shift,latency_log+failure_rate,2,medium,2,observed,none,100,0.34,100,1.0,34,0.0,100,0.34,100,0.0,100,0.34,100,0.0,100,0.17,100,0.021739130434782653,100,1.0,34,0.0,100,0.34,100,0.34,100,0.34,100,0.34,100
containerd/containerd,mewma,mewma,metric_shift,latency_log+failure_rate,2,medium,2,observed,none,100,0.93,100,0.9354838709677419,93,0.0,100,1.73,100,0.74,100,0.93,100,0.0,100,0.38550000000000006,100,0.0,100,0.710394265232975,93,0.01681818181818181,100,0.93,100,0.93,100,0.93,100,0.93,100
containerd/containerd,causal_rolling_mad,latency_log,metric_shift,latency_log+failure_rate,2,high,2,observed,none,100,1.0,100,1.0,100,0.0,100,1.07,100,0.07,100,1.0,100,0.0,100,0.49833333333333335,100,0.021739130434782653,100,0.965,100,0.0016279069767441861,100,1.0,100,1.0,100,1.0,100,1.0,100
containerd/containerd,causal_rolling_mad,failure_rate,metric_shift,latency_log+failure_rate,2,high,2,observed,none,100,0.75,100,0.9066666666666666,75,0.022222222222222185,100,0.83,100,0.01,100,0.76,100,0.01,100,0.4183333333333333,100,0.021739130434782653,100,0.5284552845528455,82,0.0171987315010571,100,0.75,100,0.75,100,0.75,100,0.75,100
containerd/containerd,causal_rolling_mad,rerun_rate,metric_shift,latency_log+failure_rate,2,high,2,observed,none,100,0.0,100,,0,0.0,100,0.0,100,0.0,100,0.0,100,0.0,100,0.0,100,0.021739130434782653,100,,0,0.0,100,0.0,100,0.0,100,0.0,100,0.0,100
containerd/containerd,causal_rolling_mad,union,metric_shift,latency_log+failure_rate,2,high,2,observed,none,100,0.97,100,0.9175257731958762,97,0.04444444444444437,100,1.13,100,0.08,100,1.0,100,0.04,100,0.5216666666666668,100,0.021739130434782653,100,0.43750000000000017,100,0.03672304439746305,100,0.97,100,0.97,100,0.97,100,0.97,100
containerd/containerd,causal_rolling_mad,two_of_three,metric_shift,latency_log+failure_rate,2,high,2,observed,none,100,0.76,100,1.0,76,0.0,100,0.76,100,0.0,100,0.76,100,0.0,100,0.39,100,0.021739130434782653,100,1.0,76,0.0,100,0.76,100,0.76,100,0.76,100,0.76,100
containerd/containerd,mewma,mewma,metric_shift,latency_log+failure_rate,2,high,2,observed,none,100,1.0,100,0.77,100,0.0,100,2.71,100,1.48,100,1.0,100,0.0,100,0.3828571428571429,100,0.0,100,0.5451666666666665,100,0.033636363636363666,100,1.0,100,1.0,100,1.0,100,1.0,100
containerd/containerd,causal_rolling_mad,latency_log,metric_shift,latency_log+failure_rate,2,medium,2,low_volume,none,100,1.0,100,1.0,100,0.0,100,1.02,100,0.02,100,1.0,100,0.0,100,0.5166666666666667,100,0.021739130434782653,100,0.99,100,0.0004651162790697674,100,1.0,100,1.0,100,1.0,100,1.0,100
containerd/containerd,causal_rolling_mad,failure_rate,metric_shift,latency_log+failure_rate,2,medium,2,low_volume,none,100,0.4,100,0.85,40,0.022222222222222185,100,0.49,100,0.04,100,0.41,100,0.025,100,0.21833333333333332,100,0.021739130434782653,100,0.28235294117647064,85,0.018816067653276976,100,0.4,100,0.4,100,0.4,100,0.4,100
containerd/containerd,causal_rolling_mad,rerun_rate,metric_shift,latency_log+failure_rate,2,medium,2,low_volume,none,100,0.0,100,,0,0.0,100,0.02,100,0.02,100,0.0,100,0.0,100,0.0,100,0.021739130434782653,100,0.0,2,0.0004651162790697674,100,0.0,100,0.02,100,0.02,100,0.02,100
containerd/containerd,causal_rolling_mad,union,metric_shift,latency_log+failure_rate,2,medium,2,low_volume,none,100,0.96,100,0.90625,96,0.04444444444444437,100,1.15,100,0.1,100,1.0,100,0.045,100,0.5283333333333334,100,0.021739130434782653,100,0.44416666666666693,100,0.036236786469344646,100,0.96,100,0.96,100,0.96,100,0.96,100
containerd/containerd,causal_rolling_mad,two_of_three,metric_shift,latency_log+failure_rate,2,medium,2,low_volume,none,100,0.44,100,1.0,44,0.0,100,0.44,100,0.0,100,0.44,100,0.0,100,0.225,100,0.021739130434782653,100,1.0,44,0.0,100,0.44,100,0.44,100,0.44,100,0.44,100
containerd/containerd,mewma,mewma,metric_shift,latency_log+failure_rate,2,medium,2,low_volume,none,100,0.92,100,0.9130434782608695,92,0.0,100,1.81,100,0.81,100,0.92,100,0.0,100,0.37492857142857156,100,0.0,100,0.6733695652173914,92,0.0184090909090909,100,0.92,100,0.92,100,0.92,100,0.92,100
containerd/containerd,causal_rolling_mad,latency_log,metric_shift,latency_log+failure_rate,2,medium,2,observed,controlled,100,0.51,100,1.0,51,0.0,100,0.52,100,0.01,100,0.51,100,0.0,100,0.3761904761904762,70,0.1580434782608695,100,0.9901960784313726,51,0.0002325581395348837,100,0.51,100,0.51,100,0.51,100,0.51,100
containerd/containerd,causal_rolling_mad,failure_rate,metric_shift,latency_log+failure_rate,2,medium,2,observed,controlled,100,0.15,100,0.8,15,0.020785277649679693,100,0.16,100,0.0,100,0.17,100,0.015,100,0.12,75,0.15956521739130441,100,0.13926940639269406,73,0.018552876617823767,100,0.15,100,0.15,100,0.15,100,0.15,100
containerd/containerd,causal_rolling_mad,rerun_rate,metric_shift,latency_log+failure_rate,2,medium,2,observed,controlled,100,0.0,100,,0,0.0,100,0.0,100,0.0,100,0.0,100,0.0,100,0.0,100,0.021739130434782653,100,,0,0.0,100,0.0,100,0.0,100,0.0,100,0.0,100
containerd/containerd,causal_rolling_mad,union,metric_shift,latency_log+failure_rate,2,medium,2,observed,controlled,100,0.03,100,0.0,3,0.04032705729684187,100,0.03,100,0.0,100,0.04,100,0.01,100,0.06666666666666667,45,0.29586956521739166,100,0.026819923371647507,87,0.040548293394391415,100,0.03,100,0.03,100,0.03,100,0.03,100
containerd/containerd,causal_rolling_mad,two_of_three,metric_shift,latency_log+failure_rate,2,medium,2,observed,controlled,100,0.0,100,,0,0.0,100,0.0,100,0.0,100,0.0,100,0.0,100,0.0,45,0.29586956521739166,100,,0,0.0,100,0.0,100,0.0,100,0.0,100,0.0,100
containerd/containerd,mewma,mewma,metric_shift,latency_log+failure_rate,2,medium,2,observed,controlled,100,0.48,100,0.9166666666666666,48,0.0,100,0.87,100,0.35,100,0.48,100,0.0,100,0.20616666666666664,100,0.0,100,0.671474358974359,52,0.00795454545454545,100,0.48,100,0.48,100,0.49,100,0.52,100
containerd/containerd,causal_rolling_mad,latency_log,metric_shift,latency_log+failure_rate,2,low,4,observed,none,100,0.93,100,1.043010752688172,93,0.0,100,2.56,100,0.0,100,0.93,100,0.0,100,0.6416666666666667,100,0.021739130434782653,100,1.0,93,0.0,100,0.93,100,0.93,100,0.93,100,0.93,100
containerd/containerd,causal_rolling_mad,failure_rate,metric_shift,latency_log+failure_rate,2,low,4,observed,none,100,0.25,100,1.12,25,0.022222222222222185,100,0.37,100,0.0,100,0.28,100,0.0225,100,0.0925,100,0.021739130434782653,100,0.26793248945147674,79,0.016091753774680615,100,0.25,100,0.25,100,0.25,100,0.25,100
containerd/containerd,causal_rolling_mad,rerun_rate,metric_shift,latency_log+failure_rate,2,low,4,observed,none,100,0.0,100,,0,0.0,100,0.0,100,0.0,100,0.0,100,0.0,100,0.0,100,0.021739130434782653,100,,0,0.0,100,0.0,100,0.0,100,0.0,100,0.0,100
containerd/containerd,causal_rolling_mad,union,metric_shift,latency_log+failure_rate,2,low,4,observed,none,100,0.93,100,1.0,93,0.04444444444444437,100,2.52,100,0.01,100,0.93,100,0.0525,100,0.6281666666666667,100,0.021739130434782653,100,0.6455,100,0.03267131242741001,100,0.93,100,0.93,100,0.93,100,0.93,100
containerd/containerd,causal_rolling_mad,two_of_three,metric_shift,latency_log+failure_rate,2,low,4,observed,none,100,0.3,100,1.4,30,0.0,100,0.46,100,0.0,100,0.3,100,0.0,100,0.115,100,0.021739130434782653,100,1.0,30,0.0,100,0.3,100,0.3,100,0.3,100,0.3,100
containerd/containerd,mewma,mewma,metric_shift,latency_log+failure_rate,2,low,4,observed,none,100,0.23,100,2.130434782608696,23,0.0,100,0.42,100,0.09,100,0.23,100,0.0,100,0.07733333333333334,100,0.0,100,0.8768115942028986,23,0.0021428571428571425,100,0.23,100,0.23,100,0.23,100,0.23,100
containerd/containerd,causal_rolling_mad,latency_log,metric_shift,latency_log+failure_rate,2,medium,4,observed,none,100,1.0,100,1.0,100,0.0,100,3.03,100,0.03,100,1.0,100,0.0,100,0.7530000000000001,100,0.021739130434782653,100,0.9925,100,0.0007317073170731708,100,1.0,100,1.0,100,1.0,100,1.0,100
containerd/containerd,causal_rolling_mad,failure_rate,metric_shift,latency_log+failure_rate,2,medium,4,observed,none,100,0.45,100,1.1777777777777778,45,0.022222222222222185,100,0.87,100,0.0,100,0.45,100,0.02,100,0.2175,100,0.021739130434782653,100,0.4563926940639271,73,0.014616724738675965,100,0.45,100,0.45,100,0.45,100,0.45,100
containerd/containerd,causal_rolling_mad,rerun_rate,metric_shift,latency_log+failure_rate,2,medium,4,observed,none,100,0.0,100,,0,0.0,100,0.0,100,0.0,100,0.0,100,0.0,100,0.0,100,0.021739130434782653,100,,0,0.0,100,0.0,100,0.0,100,0.0,100,0.0,100
containerd/containerd,causal_rolling_mad,union,metric_shift,latency_log+failure_rate,2,medium,4,observed,none,100,1.0,100,0.96,100,0.04444444444444437,100,3.01,100,0.03,100,1.0,100,0.04,100,0.7480000000000001,100,0.021739130434782653,100,0.7294999999999999,100,0.031184668989547054,100,1.0,100,1.0,100,1.0,100,1.0,100
containerd/containerd,causal_rolling_mad,two_of_three,metric_shift,latency_log+failure_rate,2,medium,4,observed,none,100,0.45,100,1.2,45,0.0,100,0.87,100,0.0,100,0.45,100,0.0,100,0.2175,100,0.021739130434782653,100,1.0,45,0.0,100,0.45,100,0.45,100,0.45,100,0.45,100
containerd/containerd,mewma,mewma,metric_shift,latency_log+failure_rate,2,medium,4,observed,none,100,1.0,100,1.16,100,0.0,100,5.26,100,2.42,100,1.0,100,0.0,100,0.4520833333333336,100,0.0,100,0.5570000000000002,100,0.057619047619047556,100,1.0,100,1.0,100,1.0,100,1.0,100
containerd/containerd,causal_rolling_mad,latency_log,metric_shift,latency_log+failure_rate,2,high,4,observed,none,100,1.0,100,1.0,100,0.0,100,3.03,100,0.03,100,1.0,100,0.0,100,0.7505000000000002,100,0.021739130434782653,100,0.9925,100,0.0007317073170731708,100,1.0,100,1.0,100,1.0,100,1.0,100
containerd/containerd,causal_rolling_mad,failure_rate,metric_shift,latency_log+failure_rate,2,high,4,observed,none,100,0.81,100,0.9629629629629629,81,0.022222222222222185,100,1.95,100,0.0,100,0.81,100,0.03,100,0.49083333333333334,100,0.021739130434782653,100,0.7583333333333329,82,0.0151103368176539,100,0.81,100,0.81,100,0.81,100,0.81,100
containerd/containerd,causal_rolling_mad,rerun_rate,metric_shift,latency_log+failure_rate,2,high,4,observed,none,100,0.0,100,,0,0.0,100,0.0,100,0.0,100,0.0,100,0.0,100,0.0,100,0.021739130434782653,100,,0,0.0,100,0.0,100,0.0,100,0.0,100,0.0,100
containerd/containerd,causal_rolling_mad,union,metric_shift,latency_log+failure_rate,2,high,4,observed,none,100,1.0,100,0.96,100,0.04444444444444437,100,2.98,100,0.03,100,1.0,100,0.05,100,0.7380000000000001,100,0.021739130434782653,100,0.7254999999999999,100,0.03241579558652732,100,1.0,100,1.0,100,1.0,100,1.0,100
containerd/containerd,causal_rolling_mad,two_of_three,metric_shift,latency_log+failure_rate,2,high,4,observed,none,100,0.79,100,1.0379746835443038,79,0.0,100,1.97,100,0.0,100,0.79,100,0.0,100,0.49583333333333335,100,0.021739130434782653,100,1.0,79,0.0,100,0.79,100,0.79,100,0.79,100,0.79,100
containerd/containerd,mewma,mewma,metric_shift,latency_log+failure_rate,2,high,4,observed,none,100,1.0,100,0.71,100,0.0,100,6.74,100,3.45,100,1.0,100,0.0,100,0.45178968253968255,100,0.0,100,0.49926587301587305,100,0.08214285714285702,100,1.0,100,1.0,100,1.0,100,1.0,100
containerd/containerd,causal_rolling_mad,latency_log,metric_shift,latency_log+failure_rate,2,medium,4,low_volume,none,100,1.0,100,1.0,100,0.0,100,3.02,100,0.02,100,1.0,100,0.0,100,0.7545000000000001,100,0.021739130434782653,100,0.995,100,0.0004878048780487805,100,1.0,100,1.0,100,1.0,100,1.0,100
containerd/containerd,causal_rolling_mad,failure_rate,metric_shift,latency_log+failure_rate,2,medium,4,low_volume,none,100,0.46,100,1.2608695652173914,46,0.022222222222222185,100,0.81,100,0.01,100,0.46,100,0.0175,100,0.20249999999999996,100,0.021739130434782653,100,0.3687984496124031,86,0.018763066202090603,100,0.46,100,0.46,100,0.46,100,0.46,100
containerd/containerd,causal_rolling_mad,rerun_rate,metric_shift,latency_log+failure_rate,2,medium,4,low_volume,none,100,0.02,100,2.0,2,0.0,100,0.04,100,0.01,100,0.02,100,0.0,100,0.01,100,0.021739130434782653,100,0.6666666666666666,3,0.00024390243902439024,100,0.02,100,0.03,100,0.03,100,0.03,100
containerd/containerd,causal_rolling_mad,union,metric_shift,latency_log+failure_rate,2,medium,4,low_volume,none,100,1.0,100,0.95,100,0.04444444444444437,100,3.01,100,0.06,100,1.0,100,0.045,100,0.736,100,0.021739130434782653,100,0.6911666666666666,100,0.036794425087108035,100,1.0,100,1.0,100,1.0,100,1.0,100
containerd/containerd,causal_rolling_mad,two_of_three,metric_shift,latency_log+failure_rate,2,medium,4,low_volume,none,100,0.52,100,1.2884615384615385,52,0.0,100,0.95,100,0.0,100,0.52,100,0.0,100,0.24083333333333332,100,0.021739130434782653,100,1.0,52,0.0,100,0.52,100,0.52,100,0.52,100,0.52,100
containerd/containerd,mewma,mewma,metric_shift,latency_log+failure_rate,2,medium,4,low_volume,none,100,1.0,100,0.99,100,0.0,100,5.5,100,2.49,100,1.0,100,0.0,100,0.47558333333333347,100,0.0,100,0.5647976190476193,100,0.05928571428571423,100,1.0,100,1.0,100,1.0,100,1.0,100
containerd/containerd,causal_rolling_mad,latency_log,metric_shift,latency_log+failure_rate,2,medium,4,observed,controlled,100,0.59,100,1.0,59,0.0,100,1.26,100,0.0,100,0.59,100,0.0,100,0.5086580086580086,77,0.23043478260869574,100,1.0,59,0.0,100,0.59,100,0.59,100,0.59,100,0.59,100
containerd/containerd,causal_rolling_mad,failure_rate,metric_shift,latency_log+failure_rate,2,medium,4,observed,controlled,100,0.18,100,0.9444444444444444,18,0.018972820541261627,100,0.27,100,0.0,100,0.19,100,0.01583333333333333,100,0.12719298245614033,76,0.25673913043478275,100,0.21484374999999997,64,0.01734901397367404,100,0.18,100,0.18,100,0.18,100,0.18,100
containerd/containerd,causal_rolling_mad,rerun_rate,metric_shift,latency_log+failure_rate,2,medium,4,observed,controlled,100,0.0,100,,0,0.0,100,0.0,100,0.0,100,0.0,100,0.0,100,0.0,100,0.021739130434782653,100,,0,0.0,100,0.0,100,0.0,100,0.0,100,0.0,100
containerd/containerd,causal_rolling_mad,union,metric_shift,latency_log+failure_rate,2,medium,4,observed,controlled,100,0.3,100,0.8666666666666667,30,0.03694801554142019,100,0.36,100,0.0,100,0.32,100,0.025,100,0.307909604519774,59,0.32152173913043486,100,0.2214285714285714,84,0.03605988211395578,100,0.3,100,0.3,100,0.3,100,0.3,100
containerd/containerd,causal_rolling_mad,two_of_three,metric_shift,latency_log+failure_rate,2,medium,4,observed,controlled,100,0.08,100,1.0,8,0.0,100,0.08,100,0.0,100,0.08,100,0.0,100,0.06779661016949153,59,0.32152173913043486,100,1.0,8,0.0,100,0.08,100,0.08,100,0.08,100,0.08,100
containerd/containerd,mewma,mewma,metric_shift,latency_log+failure_rate,2,medium,4,observed,controlled,100,1.0,100,1.49,100,0.0,100,4.23,100,1.73,100,1.0,100,0.0,100,0.44330952380952376,100,0.0,100,0.6300238095238097,100,0.04119047619047615,100,1.0,100,1.0,100,1.0,100,1.0,100
containerd/containerd,causal_rolling_mad,latency_log,metric_shift,latency_log+failure_rate,2,low,8,observed,none,100,1.0,100,1.13,100,0.0,100,3.64,100,0.0,100,1.0,100,0.0,100,0.45535714285714285,100,0.021739130434782653,100,1.0,100,0.0,100,1.0,100,1.0,100,1.0,100,1.0,100
containerd/containerd,causal_rolling_mad,failure_rate,metric_shift,latency_log+failure_rate,2,low,8,observed,none,100,0.32,100,1.875,32,0.022222222222222185,100,0.49,100,0.0,100,0.34,100,0.01875,100,0.06125,100,0.021739130434782653,100,0.3592342342342343,74,0.015668563300142227,100,0.32,100,0.32,100,0.32,100,0.32,100
containerd/containerd,causal_rolling_mad,rerun_rate,metric_shift,latency_log+failure_rate,2,low,8,observed,none,100,0.0,100,,0,0.0,100,0.0,100,0.0,100,0.0,100,0.0,100,0.0,100,0.021739130434782653,100,,0,0.0,100,0.0,100,0.0,100,0.0,100,0.0,100
containerd/containerd,causal_rolling_mad,union,metric_shift,latency_log+failure_rate,2,low,8,observed,none,100,1.0,100,1.01,100,0.04444444444444437,100,3.69,100,0.0,100,1.0,100,0.0525,100,0.4616071428571428,100,0.021739130434782653,100,0.7775952380952376,100,0.029174964438122335,100,1.0,100,1.0,100,1.0,100,1.0,100
containerd/containerd,causal_rolling_mad,two_of_three,metric_shift,latency_log+failure_rate,2,low,8,observed,none,100,0.29,100,1.9655172413793103,29,0.0,100,0.45,100,0.0,100,0.29,100,0.0,100,0.05625,100,0.021739130434782653,100,1.0,29,0.0,100,0.29,100,0.29,100,0.29,100,0.29,100
containerd/containerd,mewma,mewma,metric_shift,latency_log+failure_rate,2,low,8,observed,none,100,0.95,100,4.463157894736842,95,0.0,100,3.72,100,0.53,100,0.95,100,0.0,100,0.3719722222222219,100,0.0,100,0.8778696741854634,95,0.013947368421052632,100,0.95,100,0.95,100,0.95,100,0.95,100
containerd/containerd,causal_rolling_mad,latency_log,metric_shift,latency_log+failure_rate,2,medium,8,observed,none,100,1.0,100,1.0,100,0.0,100,5.71,100,0.0,100,1.0,100,0.0,100,0.7166071428571428,100,0.021739130434782653,100,1.0,100,0.0,100,1.0,100,1.0,100,1.0,100,1.0,100
containerd/containerd,causal_rolling_mad,failure_rate,metric_shift,latency_log+failure_rate,2,medium,8,observed,none,100,0.54,100,1.462962962962963,54,0.022222222222222185,100,1.27,100,0.0,100,0.54,100,0.03125,100,0.15875,100,0.021739130434782653,100,0.6107142857142858,70,0.01267425320056898,100,0.54,100,0.54,100,0.54,100,0.54,100
containerd/containerd,causal_rolling_mad,rerun_rate,metric_shift,latency_log+failure_rate,2,medium,8,observed,none,100,0.0,100,,0,0.0,100,0.0,100,0.0,100,0.0,100,0.0,100,0.0,100,0.021739130434782653,100,,0,0.0,100,0.0,100,0.0,100,0.0,100,0.0,100
containerd/containerd,causal_rolling_mad,union,metric_shift,latency_log+failure_rate,2,medium,8,observed,none,100,1.0,100,0.94,100,0.04444444444444437,100,5.47,100,0.0,100,1.0,100,0.055,100,0.6866071428571427,100,0.021739130434782653,100,0.8750595238095237,100,0.024537695590327157,100,1.0,100,1.0,100,1.0,100,1.0,100
containerd/containerd,causal_rolling_mad,two_of_three,metric_shift,latency_log+failure_rate,2,medium,8,observed,none,100,0.55,100,1.509090909090909,55,0.0,100,1.38,100,0.0,100,0.55,100,0.0,100,0.1725,100,0.021739130434782653,100,1.0,55,0.0,100,0.55,100,0.55,100,0.55,100,0.55,100
containerd/containerd,mewma,mewma,metric_shift,latency_log+failure_rate,2,medium,8,observed,none,100,1.0,100,1.09,100,0.0,100,10.73,100,3.82,100,1.0,100,0.0,100,0.5913166278166281,100,0.0,100,0.6523333333333334,100,0.10052631578947366,100,1.0,100,1.0,100,1.0,100,1.0,100
containerd/containerd,causal_rolling_mad,latency_log,metric_shift,latency_log+failure_rate,2,high,8,observed,none,100,1.0,100,1.0,100,0.0,100,6.0,100,0.0,100,1.0,100,0.0,100,0.7542857142857143,100,0.021739130434782653,100,1.0,100,0.0,100,1.0,100,1.0,100,1.0,100,1.0,100
containerd/containerd,causal_rolling_mad,failure_rate,metric_shift,latency_log+failure_rate,2,high,8,observed,none,100,0.78,100,0.9230769230769231,78,0.022222222222222185,100,2.85,100,0.0,100,0.78,100,0.0225,100,0.3576785714285714,100,0.021739130434782653,100,0.8495726495726496,78,0.01402560455192033,100,0.78,100,0.78,100,0.78,100,0.78,100
containerd/containerd,causal_rolling_mad,rerun_rate,metric_shift,latency_log+failure_rate,2,high,8,observed,none,100,0.0,100,,0,0.0,100,0.0,100,0.0,100,0.0,100,0.0,100,0.0,100,0.021739130434782653,100,,0,0.0,100,0.0,100,0.0,100,0.0,100,0.0,100
containerd/containerd,causal_rolling_mad,union,metric_shift,latency_log+failure_rate,2,high,8,observed,none,100,1.0,100,0.93,100,0.04444444444444437,100,5.8,100,0.0,100,1.0,100,0.0525,100,0.7292857142857142,100,0.021739130434782653,100,0.8744047619047619,100,0.025618776671408258,100,1.0,100,1.0,100,1.0,100,1.0,100
containerd/containerd,causal_rolling_mad,two_of_three,metric_shift,latency_log+failure_rate,2,high,8,observed,none,100,0.77,100,1.0129870129870129,77,0.0,100,2.86,100,0.0,100,0.77,100,0.0,100,0.3589285714285714,100,0.021739130434782653,100,1.0,77,0.0,100,0.77,100,0.77,100,0.77,100,0.77,100
containerd/containerd,mewma,mewma,metric_shift,latency_log+failure_rate,2,high,8,observed,none,100,1.0,100,0.76,100,0.0,100,11.85,100,4.61,100,1.0,100,0.0,100,0.5811528749028754,100,0.0,100,0.6189254079254081,100,0.12131578947368425,100,1.0,100,1.0,100,1.0,100,1.0,100
containerd/containerd,causal_rolling_mad,latency_log,metric_shift,latency_log+failure_rate,2,medium,8,low_volume,none,100,1.0,100,1.0,100,0.0,100,5.78,100,0.0,100,1.0,100,0.0,100,0.7239285714285714,100,0.021739130434782653,100,1.0,100,0.0,100,1.0,100,1.0,100,1.0,100,1.0,100
containerd/containerd,causal_rolling_mad,failure_rate,metric_shift,latency_log+failure_rate,2,medium,8,low_volume,none,100,0.55,100,1.5454545454545454,55,0.022222222222222185,100,1.25,100,0.0,100,0.57,100,0.02375,100,0.15678571428571428,100,0.021739130434782653,100,0.6148888888888888,75,0.013769559032716913,100,0.55,100,0.55,100,0.55,100,0.55,100
containerd/containerd,causal_rolling_mad,rerun_rate,metric_shift,latency_log+failure_rate,2,medium,8,low_volume,none,100,0.08,100,1.875,8,0.0,100,0.08,100,0.0,100,0.08,100,0.0,100,0.010178571428571427,100,0.021739130434782653,100,1.0,8,0.0,100,0.08,100,0.08,100,0.08,100,0.08,100
containerd/containerd,causal_rolling_mad,union,metric_shift,latency_log+failure_rate,2,medium,8,low_volume,none,100,1.0,100,0.93,100,0.04444444444444437,100,5.75,100,0.0,100,1.0,100,0.045,100,0.7203571428571428,100,0.021739130434782653,100,0.8664682539682533,100,0.02672830725462303,100,1.0,100,1.0,100,1.0,100,1.0,100
containerd/containerd,causal_rolling_mad,two_of_three,metric_shift,latency_log+failure_rate,2,medium,8,low_volume,none,100,0.64,100,1.78125,64,0.0,100,1.38,100,0.0,100,0.64,100,0.0,100,0.17321428571428574,100,0.021739130434782653,100,1.0,64,0.0,100,0.64,100,0.64,100,0.64,100,0.64,100
containerd/containerd,mewma,mewma,metric_shift,latency_log+failure_rate,2,medium,8,low_volume,none,100,1.0,100,1.04,100,0.0,100,10.73,100,3.77,100,1.0,100,0.0,100,0.5975508935508939,100,0.0,100,0.6546412198912196,100,0.09921052631578949,100,1.0,100,1.0,100,1.0,100,1.0,100
containerd/containerd,causal_rolling_mad,latency_log,metric_shift,latency_log+failure_rate,2,medium,8,observed,controlled,100,0.47,100,1.0,47,0.0,100,1.41,100,0.0,100,0.47,100,0.0,100,0.464968487394958,68,0.3432608695652175,100,1.0,47,0.0,100,0.47,100,0.47,100,0.47,100,0.47,100
containerd/containerd,causal_rolling_mad,failure_rate,metric_shift,latency_log+failure_rate,2,medium,8,observed,controlled,100,0.34,100,0.8823529411764706,34,0.0197745426385187,100,0.53,100,0.0,100,0.35,100,0.013928571428571427,100,0.2070998278829604,83,0.3558695652173914,100,0.37708333333333344,64,0.019314660701777148,100,0.34,100,0.34,100,0.34,100,0.34,100
containerd/containerd,causal_rolling_mad,rerun_rate,metric_shift,latency_log+failure_rate,2,medium,8,observed,controlled,100,0.0,100,,0,0.0,100,0.0,100,0.0,100,0.0,100,0.0,100,0.0,100,0.021739130434782653,100,,0,0.0,100,0.0,100,0.0,100,0.0,100,0.0,100
containerd/containerd,causal_rolling_mad,union,metric_shift,latency_log+failure_rate,2,medium,8,observed,controlled,100,0.29,100,0.6551724137931034,29,0.03375549694429672,100,0.39,100,0.0,100,0.31,100,0.02666666666666667,100,0.36818181818181817,55,0.404782608695652,100,0.25548245614035087,76,0.03304811083471575,100,0.29,100,0.29,100,0.29,100,0.29,100
containerd/containerd,causal_rolling_mad,two_of_three,metric_shift,latency_log+failure_rate,2,medium,8,observed,controlled,100,0.15,100,1.1333333333333333,15,0.0,100,0.16,100,0.0,100,0.15,100,0.0,100,0.12727272727272726,55,0.404782608695652,100,1.0,15,0.0,100,0.15,100,0.15,100,0.15,100,0.15,100
containerd/containerd,mewma,mewma,metric_shift,latency_log+failure_rate,2,medium,8,observed,controlled,100,1.0,100,1.77,100,0.0,100,9.67,100,3.44,100,1.0,100,0.0,100,0.5490139860139859,100,0.0,100,0.6505313852813857,100,0.09052631578947365,100,1.0,100,1.0,100,1.0,100,1.0,100
containerd/containerd,causal_rolling_mad,latency_log,metric_shift,latency_log+rerun_rate,2,low,1,observed,none,100,0.0,100,,0,0.0,100,0.0,100,0.0,100,0.0,100,0.0,100,0.0,98,0.021739130434782653,100,,0,0.0,100,0.0,100,0.0,100,0.0,100,0.0,100
containerd/containerd,causal_rolling_mad,failure_rate,metric_shift,latency_log+rerun_rate,2,low,1,observed,none,100,0.0,100,,0,0.022222222222222185,100,0.0,100,0.0,100,0.02,100,0.02,100,0.0,98,0.021739130434782653,100,0.02,100,0.02226262626262627,100,0.0,100,0.0,100,0.0,100,0.0,100
containerd/containerd,causal_rolling_mad,rerun_rate,metric_shift,latency_log+rerun_rate,2,low,1,observed,none,100,0.01,100,0.0,1,0.0,100,0.02,100,0.01,100,0.01,100,0.0,100,0.01020408163265306,98,0.021739130434782653,100,0.5,2,0.00022727272727272727,100,0.01,100,0.02,100,0.02,100,0.02,100
containerd/containerd,causal_rolling_mad,union,metric_shift,latency_log+rerun_rate,2,low,1,observed,none,100,0.09,100,0.0,9,0.04444444444444437,100,0.22,100,0.13,100,0.12,100,0.03,100,0.07653061224489796,98,0.021739130434782653,100,0.05499999999999999,100,0.046116161616161645,100,0.09,100,0.19,100,0.19,100,0.19,100
containerd/containerd,causal_rolling_mad,two_of_three,metric_shift,latency_log+rerun_rate,2,low,1,observed,none,100,0.0,100,,0,0.0,100,0.0,100,0.0,100,0.0,100,0.0,100,0.0,98,0.021739130434782653,100,,0,0.0,100,0.0,100,0.0,100,0.0,100,0.0,100
containerd/containerd,mewma,mewma,metric_shift,latency_log+rerun_rate,2,low,1,observed,none,100,0.18,100,0.0,18,0.0,100,0.4,100,0.22,100,0.18,100,0.0,100,0.12166666666666667,100,0.0,100,0.467948717948718,26,0.004888888888888886,100,0.18,100,0.2,100,0.21,100,0.25,100
containerd/containerd,causal_rolling_mad,latency_log,metric_shift,latency_log+rerun_rate,2,medium,1,observed,none,100,0.0,100,,0,0.0,100,0.01,100,0.01,100,0.0,100,0.0,100,0.0,97,0.021739130434782653,100,0.0,1,0.00022727272727272727,100,0.0,100,0.01,100,0.01,100,0.01,100
containerd/containerd,causal_rolling_mad,failure_rate,metric_shift,latency_log+rerun_rate,2,medium,1,observed,none,100,0.0,100,,0,0.022222222222222185,100,0.0,100,0.0,100,0.01,100,0.01,100,0.0,97,0.021739130434782653,100,0.01,100,0.02248484848484849,100,0.0,100,0.0,100,0.0,100,0.0,100
containerd/containerd,causal_rolling_mad,rerun_rate,metric_shift,latency_log+rerun_rate,2,medium,1,observed,none,100,0.03,100,0.0,3,0.0,100,0.09,100,0.06,100,0.03,100,0.0,100,0.030927835051546393,97,0.021739130434782653,100,0.3333333333333333,9,0.0013636363636363637,100,0.03,100,0.09,100,0.09,100,0.09,100
containerd/containerd,causal_rolling_mad,union,metric_shift,latency_log+rerun_rate,2,medium,1,observed,none,100,0.09,100,0.0,9,0.04444444444444437,100,0.2,100,0.11,100,0.13,100,0.04,100,0.08247422680412371,97,0.021739130434782653,100,0.05499999999999999,100,0.04451515151515152,100,0.09,100,0.18,100,0.18,100,0.18,100
containerd/containerd,causal_rolling_mad,two_of_three,metric_shift,latency_log+rerun_rate,2,medium,1,observed,none,100,0.0,100,,0,0.0,100,0.0,100,0.0,100,0.0,100,0.0,100,0.0,97,0.021739130434782653,100,,0,0.0,100,0.0,100,0.0,100,0.0,100,0.0,100
containerd/containerd,mewma,mewma,metric_shift,latency_log+rerun_rate,2,medium,1,observed,none,100,0.65,100,0.0,65,0.0,100,1.21,100,0.56,100,0.65,100,0.0,100,0.4625,100,0.0,100,0.6423611111111112,72,0.01244444444444444,100,0.65,100,0.68,100,0.68,100,0.69,100
containerd/containerd,causal_rolling_mad,latency_log,metric_shift,latency_log+rerun_rate,2,high,1,observed,none,100,0.0,100,,0,0.0,100,0.0,100,0.0,100,0.0,100,0.0,100,0.0,96,0.021739130434782653,100,,0,0.0,100,0.0,100,0.0,100,0.0,100,0.0,100
containerd/containerd,causal_rolling_mad,failure_rate,metric_shift,latency_log+rerun_rate,2,high,1,observed,none,100,0.0,100,,0,0.022222222222222185,100,0.0,100,0.0,100,0.01,100,0.01,100,0.0,96,0.021739130434782653,100,0.01,100,0.02247979797979798,100,0.0,100,0.0,100,0.0,100,0.0,100
containerd/containerd,causal_rolling_mad,rerun_rate,metric_shift,latency_log+rerun_rate,2,high,1,observed,none,100,0.02,100,0.0,2,0.0,100,0.03,100,0.01,100,0.02,100,0.0,100,0.020833333333333332,96,0.021739130434782653,100,0.6666666666666666,3,0.00022727272727272727,100,0.02,100,0.03,100,0.03,100,0.03,100
containerd/containerd,causal_rolling_mad,union,metric_shift,latency_log+rerun_rate,2,high,1,observed,none,100,0.08,100,0.0,8,0.04444444444444437,100,0.16,100,0.08,100,0.1,100,0.02,100,0.078125,96,0.021739130434782653,100,0.04166666666666667,100,0.04382323232323233,100,0.08,100,0.15,100,0.15,100,0.15,100
containerd/containerd,causal_rolling_mad,two_of_three,metric_shift,latency_log+rerun_rate,2,high,1,observed,none,100,0.0,100,,0,0.0,100,0.0,100,0.0,100,0.0,100,0.0,100,0.0,96,0.021739130434782653,100,,0,0.0,100,0.0,100,0.0,100,0.0,100,0.0,100
containerd/containerd,mewma,mewma,metric_shift,latency_log+rerun_rate,2,high,1,observed,none,100,0.8,100,0.0,80,0.0,100,1.65,100,0.85,100,0.8,100,0.0,100,0.4841666666666668,100,0.0,100,0.5629844961240311,86,0.018888888888888886,100,0.8,100,0.8,100,0.82,100,0.82,100
containerd/containerd,causal_rolling_mad,latency_log,metric_shift,latency_log+rerun_rate,2,medium,1,low_volume,none,100,0.0,100,,0,0.0,100,0.02,100,0.02,100,0.0,100,0.0,100,0.0,99,0.021739130434782653,100,0.0,2,0.00045454545454545455,100,0.0,100,0.02,100,0.02,100,0.02,100
containerd/containerd,causal_rolling_mad,failure_rate,metric_shift,latency_log+rerun_rate,2,medium,1,low_volume,none,100,0.01,100,0.0,1,0.022222222222222185,100,0.04,100,0.03,100,0.01,100,0.02,100,0.005050505050505051,99,0.021739130434782653,100,0.003663003663003663,91,0.021358585858585855,100,0.01,100,0.01,100,0.01,100,0.01,100
containerd/containerd,causal_rolling_mad,rerun_rate,metric_shift,latency_log+rerun_rate,2,medium,1,low_volume,none,100,0.05,100,0.0,5,0.0,100,0.08,100,0.03,100,0.05,100,0.0,100,0.050505050505050504,99,0.021739130434782653,100,0.625,8,0.0006818181818181818,100,0.05,100,0.08,100,0.08,100,0.08,100
containerd/containerd,causal_rolling_mad,union,metric_shift,latency_log+rerun_rate,2,medium,1,low_volume,none,100,0.09,100,0.0,9,0.04444444444444437,100,0.19,100,0.1,100,0.11,100,0.02,100,0.08585858585858586,99,0.021739130434782653,100,0.04999999999999999,100,0.04180808080808081,100,0.09,100,0.16,100,0.16,100,0.16,100
containerd/containerd,causal_rolling_mad,two_of_three,metric_shift,latency_log+rerun_rate,2,medium,1,low_volume,none,100,0.0,100,,0,0.0,100,0.0,100,0.0,100,0.0,100,0.0,100,0.0,99,0.021739130434782653,100,,0,0.0,100,0.0,100,0.0,100,0.0,100,0.0,100
containerd/containerd,mewma,mewma,metric_shift,latency_log+rerun_rate,2,medium,1,low_volume,none,100,0.69,100,0.0,69,0.0,100,1.36,100,0.67,100,0.69,100,0.0,100,0.45250000000000007,100,0.0,100,0.6114864864864866,74,0.014888888888888886,100,0.69,100,0.71,100,0.71,100,0.73,100
containerd/containerd,causal_rolling_mad,latency_log,metric_shift,latency_log+rerun_rate,2,medium,1,observed,controlled,100,0.0,100,,0,0.0,100,0.03,100,0.03,100,0.0,100,0.0,100,0.0,51,0.1556521739130435,100,0.0,3,0.0006818181818181818,100,0.0,100,0.03,100,0.03,100,0.03,100
containerd/containerd,causal_rolling_mad,failure_rate,metric_shift,latency_log+rerun_rate,2,medium,1,observed,controlled,100,0.0,100,,0,0.022222222222222185,100,0.0,100,0.0,100,0.02,100,0.02,100,0.0,98,0.021739130434782653,100,0.02,100,0.02226262626262627,100,0.0,100,0.0,100,0.0,100,0.0,100
containerd/containerd,causal_rolling_mad,rerun_rate,metric_shift,latency_log+rerun_rate,2,medium,1,observed,controlled,100,0.0,100,,0,0.0,100,0.04,100,0.04,100,0.0,100,0.0,100,0.0,47,0.16239130434782617,100,0.0,4,0.0009090909090909091,100,0.0,100,0.04,100,0.04,100,0.04,100
containerd/containerd,causal_rolling_mad,union,metric_shift,latency_log+rerun_rate,2,medium,1,observed,controlled,100,0.0,100,,0,0.040297507213366925,100,0.0,100,0.0,100,0.0,100,0.0,100,,0,0.29630434782608733,100,0.0,87,0.040297507213366925,100,0.0,100,0.0,100,0.0,100,0.0,100
containerd/containerd,causal_rolling_mad,two_of_three,metric_shift,latency_log+rerun_rate,2,medium,1,observed,controlled,100,0.0,100,,0,0.0,100,0.0,100,0.0,100,0.0,100,0.0,100,,0,0.29630434782608733,100,,0,0.0,100,0.0,100,0.0,100,0.0,100,0.0,100
containerd/containerd,mewma,mewma,metric_shift,latency_log+rerun_rate,2,medium,1,observed,controlled,100,0.16,100,0.0,16,0.0,100,0.31,100,0.15,100,0.16,100,0.0,100,0.12833333333333333,100,0.0,100,0.5833333333333334,22,0.003333333333333333,100,0.16,100,0.17,100,0.17,100,0.2,100
containerd/containerd,causal_rolling_mad,latency_log,metric_shift,latency_log+rerun_rate,2,low,2,observed,none,100,0.83,100,1.0,83,0.0,100,0.83,100,0.0,100,0.83,100,0.0,100,0.425,100,0.021739130434782653,100,1.0,83,0.0,100,0.83,100,0.83,100,0.83,100,0.83,100
containerd/containerd,causal_rolling_mad,failure_rate,metric_shift,latency_log+rerun_rate,2,low,2,observed,none,100,0.0,100,,0,0.022222222222222185,100,0.0,100,0.0,100,0.02,100,0.01,100,0.0,100,0.021739130434782653,100,0.02,100,0.02278012684989432,100,0.0,100,0.0,100,0.0,100,0.0,100
containerd/containerd,causal_rolling_mad,rerun_rate,metric_shift,latency_log+rerun_rate,2,low,2,observed,none,100,0.35,100,0.8285714285714286,35,0.0,100,0.43,100,0.02,100,0.35,100,0.0,100,0.21333333333333332,100,0.021739130434782653,100,0.9583333333333334,36,0.0004651162790697674,100,0.35,100,0.36,100,0.36,100,0.36,100
containerd/containerd,causal_rolling_mad,union,metric_shift,latency_log+rerun_rate,2,low,2,observed,none,100,0.84,100,0.8571428571428571,84,0.04444444444444437,100,1.08,100,0.12,100,0.9,100,0.04,100,0.47,100,0.021739130434782653,100,0.36249999999999993,100,0.04230443974630026,100,0.84,100,0.84,100,0.84,100,0.84,100
containerd/containerd,causal_rolling_mad,two_of_three,metric_shift,latency_log+rerun_rate,2,low,2,observed,none,100,0.35,100,1.0,35,0.0,100,0.35,100,0.0,100,0.35,100,0.0,100,0.185,100,0.021739130434782653,100,1.0,35,0.0,100,0.35,100,0.35,100,0.35,100,0.35,100
containerd/containerd,mewma,mewma,metric_shift,latency_log+rerun_rate,2,low,2,observed,none,100,0.63,100,0.8412698412698413,63,0.0,100,1.52,100,0.79,100,0.63,100,0.0,100,0.25566666666666665,100,0.0,100,0.5861111111111109,66,0.017954545454545442,100,0.63,100,0.64,100,0.65,100,0.66,100
containerd/containerd,causal_rolling_mad,latency_log,metric_shift,latency_log+rerun_rate,2,medium,2,observed,none,100,1.0,100,1.0,100,0.0,100,1.0,100,0.0,100,1.0,100,0.0,100,0.51,100,0.021739130434782653,100,1.0,100,0.0,100,1.0,100,1.0,100,1.0,100,1.0,100
containerd/containerd,causal_rolling_mad,failure_rate,metric_shift,latency_log+rerun_rate,2,medium,2,observed,none,100,0.0,100,,0,0.022222222222222185,100,0.0,100,0.0,100,0.05,100,0.025,100,0.0,100,0.021739130434782653,100,0.05,100,0.02208245243128967,100,0.0,100,0.0,100,0.0,100,0.0,100
containerd/containerd,causal_rolling_mad,rerun_rate,metric_shift,latency_log+rerun_rate,2,medium,2,observed,none,100,0.79,100,0.9746835443037974,79,0.0,100,0.81,100,0.0,100,0.79,100,0.0,100,0.415,100,0.021739130434782653,100,1.0,79,0.0,100,0.79,100,0.79,100,0.79,100,0.79,100
containerd/containerd,causal_rolling_mad,union,metric_shift,latency_log+rerun_rate,2,medium,2,observed,none,100,0.94,100,0.8723404255319149,94,0.04444444444444437,100,1.15,100,0.09,100,1.0,100,0.06,100,0.525,100,0.021739130434782653,100,0.4033333333333335,100,0.04160676532769561,100,0.94,100,0.94,100,0.94,100,0.94,100
containerd/containerd,causal_rolling_mad,two_of_three,metric_shift,latency_log+rerun_rate,2,medium,2,observed,none,100,0.79,100,1.0,79,0.0,100,0.79,100,0.0,100,0.79,100,0.0,100,0.405,100,0.021739130434782653,100,1.0,79,0.0,100,0.79,100,0.79,100,0.79,100,0.79,100
containerd/containerd,mewma,mewma,metric_shift,latency_log+rerun_rate,2,medium,2,observed,none,100,1.0,100,0.31,100,0.0,100,4.11,100,2.42,100,1.0,100,0.0,100,0.4280476190476189,100,0.0,100,0.45669047619047604,100,0.05500000000000002,100,1.0,100,1.0,100,1.0,100,1.0,100
containerd/containerd,causal_rolling_mad,latency_log,metric_shift,latency_log+rerun_rate,2,high,2,observed,none,100,1.0,100,1.0,100,0.0,100,1.03,100,0.03,100,1.0,100,0.0,100,0.51,100,0.021739130434782653,100,0.985,100,0.0006976744186046512,100,1.0,100,1.0,100,1.0,100,1.0,100
containerd/containerd,causal_rolling_mad,failure_rate,metric_shift,latency_log+rerun_rate,2,high,2,observed,none,100,0.0,100,,0,0.022222222222222185,100,0.0,100,0.0,100,0.04,100,0.02,100,0.0,100,0.021739130434782653,100,0.04,100,0.022309725158562395,100,0.0,100,0.0,100,0.0,100,0.0,100
containerd/containerd,causal_rolling_mad,rerun_rate,metric_shift,latency_log+rerun_rate,2,high,2,observed,none,100,1.0,100,0.99,100,0.0,100,1.03,100,0.02,100,1.0,100,0.0,100,0.5166666666666666,100,0.021739130434782653,100,0.99,100,0.0004651162790697674,100,1.0,100,1.0,100,1.0,100,1.0,100
containerd/containerd,causal_rolling_mad,union,metric_shift,latency_log+rerun_rate,2,high,2,observed,none,100,0.98,100,0.9183673469387755,98,0.04444444444444437,100,1.16,100,0.1,100,1.0,100,0.035,100,0.5283333333333333,100,0.021739130434782653,100,0.37749999999999984,100,0.044386892177589905,100,0.98,100,0.98,100,0.98,100,0.98,100
containerd/containerd,causal_rolling_mad,two_of_three,metric_shift,latency_log+rerun_rate,2,high,2,observed,none,100,1.0,100,1.0,100,0.0,100,1.0,100,0.0,100,1.0,100,0.0,100,0.515,100,0.021739130434782653,100,1.0,100,0.0,100,1.0,100,1.0,100,1.0,100,1.0,100
containerd/containerd,mewma,mewma,metric_shift,latency_log+rerun_rate,2,high,2,observed,none,100,1.0,100,0.26,100,0.0,100,4.72,100,2.98,100,1.0,100,0.0,100,0.3719285714285713,100,0.0,100,0.3913095238095238,100,0.06772727272727277,100,1.0,100,1.0,100,1.0,100,1.0,100
containerd/containerd,causal_rolling_mad,latency_log,metric_shift,latency_log+rerun_rate,2,medium,2,low_volume,none,100,1.0,100,1.0,100,0.0,100,1.01,100,0.01,100,1.0,100,0.0,100,0.5183333333333333,100,0.021739130434782653,100,0.995,100,0.0002325581395348837,100,1.0,100,1.0,100,1.0,100,1.0,100
containerd/containerd,causal_rolling_mad,failure_rate,metric_shift,latency_log+rerun_rate,2,medium,2,low_volume,none,100,0.04,100,0.0,4,0.022222222222222185,100,0.08,100,0.02,100,0.05,100,0.005,100,0.03,100,0.021739130434782653,100,0.037453183520599245,89,0.020903805496828777,100,0.04,100,0.04,100,0.04,100,0.04,100
containerd/containerd,causal_rolling_mad,rerun_rate,metric_shift,latency_log+rerun_rate,2,medium,2,low_volume,none,100,0.77,100,0.961038961038961,77,0.0,100,0.82,100,0.02,100,0.77,100,0.0,100,0.41166666666666674,100,0.021739130434782653,100,0.987012987012987,77,0.0004651162790697674,100,0.77,100,0.77,100,0.77,100,0.77,100
containerd/containerd,causal_rolling_mad,union,metric_shift,latency_log+rerun_rate,2,medium,2,low_volume,none,100,0.97,100,0.8556701030927835,97,0.04444444444444437,100,1.16,100,0.05,100,1.0,100,0.035,100,0.5633333333333334,100,0.021739130434782653,100,0.42416666666666686,100,0.03878964059196622,100,0.97,100,0.97,100,0.97,100,0.97,100
containerd/containerd,causal_rolling_mad,two_of_three,metric_shift,latency_log+rerun_rate,2,medium,2,low_volume,none,100,0.8,100,1.0,80,0.0,100,0.8,100,0.0,100,0.8,100,0.0,100,0.415,100,0.021739130434782653,100,1.0,80,0.0,100,0.8,100,0.8,100,0.8,100,0.8,100
containerd/containerd,mewma,mewma,metric_shift,latency_log+rerun_rate,2,medium,2,low_volume,none,100,1.0,100,0.28,100,0.0,100,4.31,100,2.59,100,1.0,100,0.0,100,0.40666666666666657,100,0.0,100,0.4368809523809523,100,0.05886363636363636,100,1.0,100,1.0,100,1.0,100,1.0,100
containerd/containerd,causal_rolling_mad,latency_log,metric_shift,latency_log+rerun_rate,2,medium,2,observed,controlled,100,0.48,100,1.0,48,0.0,100,0.49,100,0.01,100,0.48,100,0.0,100,0.3135964912280702,76,0.16086956521739132,100,0.9895833333333334,48,0.0002325581395348837,100,0.48,100,0.48,100,0.48,100,0.48,100
containerd/containerd,causal_rolling_mad,failure_rate,metric_shift,latency_log+rerun_rate,2,medium,2,observed,controlled,100,0.0,100,,0,0.022222222222222185,100,0.0,100,0.0,100,0.07,100,0.035,100,0.0,100,0.021739130434782653,100,0.07,100,0.02161205073995774,100,0.0,100,0.0,100,0.0,100,0.0,100
containerd/containerd,causal_rolling_mad,rerun_rate,metric_shift,latency_log+rerun_rate,2,medium,2,observed,controlled,100,0.45,100,0.9777777777777777,45,0.0,100,0.46,100,0.01,100,0.45,100,0.0,100,0.316017316017316,77,0.16760869565217398,100,0.9888888888888889,45,0.0002325581395348837,100,0.45,100,0.45,100,0.45,100,0.45,100
containerd/containerd,causal_rolling_mad,union,metric_shift,latency_log+rerun_rate,2,medium,2,observed,controlled,100,0.04,100,0.0,4,0.03956493729211765,100,0.04,100,0.0,100,0.06,100,0.02,100,0.07547169811320754,53,0.30673913043478307,100,0.03787878787878787,88,0.039613061946801614,100,0.04,100,0.04,100,0.04,100,0.04,100
containerd/containerd,causal_rolling_mad,two_of_three,metric_shift,latency_log+rerun_rate,2,medium,2,observed,controlled,100,0.0,100,,0,0.0,100,0.0,100,0.0,100,0.0,100,0.0,100,0.0,53,0.30673913043478307,100,,0,0.0,100,0.0,100,0.0,100,0.0,100,0.0,100
containerd/containerd,mewma,mewma,metric_shift,latency_log+rerun_rate,2,medium,2,observed,controlled,100,0.99,100,0.5555555555555556,99,0.0,100,3.15,100,1.72,100,0.99,100,0.0,100,0.4176190476190475,100,0.0,100,0.5308080808080807,99,0.03909090909090912,100,0.99,100,0.99,100,0.99,100,0.99,100
containerd/containerd,causal_rolling_mad,latency_log,metric_shift,latency_log+rerun_rate,2,low,4,observed,none,100,0.94,100,1.0957446808510638,94,0.0,100,2.53,100,0.0,100,0.94,100,0.0,100,0.6375,100,0.021739130434782653,100,1.0,94,0.0,100,0.94,100,0.94,100,0.94,100,0.94,100
containerd/containerd,causal_rolling_mad,failure_rate,metric_shift,latency_log+rerun_rate,2,low,4,observed,none,100,0.0,100,,0,0.022222222222222185,100,0.0,100,0.0,100,0.07,100,0.0175,100,0.0,100,0.021739130434782653,100,0.07,100,0.02266550522648085,100,0.0,100,0.0,100,0.0,100,0.0,100
containerd/containerd,causal_rolling_mad,rerun_rate,metric_shift,latency_log+rerun_rate,2,low,4,observed,none,100,0.45,100,1.3111111111111111,45,0.0,100,0.77,100,0.0,100,0.45,100,0.0,100,0.19833333333333336,100,0.021739130434782653,100,1.0,45,0.0,100,0.45,100,0.45,100,0.45,100,0.45,100
containerd/containerd,causal_rolling_mad,union,metric_shift,latency_log+rerun_rate,2,low,4,observed,none,100,1.0,100,0.94,100,0.04444444444444437,100,2.81,100,0.04,100,1.0,100,0.04,100,0.6938333333333334,100,0.021739130434782653,100,0.6380000000000003,100,0.04069686411149829,100,1.0,100,1.0,100,1.0,100,1.0,100
containerd/containerd,causal_rolling_mad,two_of_three,metric_shift,latency_log+rerun_rate,2,low,4,observed,none,100,0.41,100,1.4390243902439024,41,0.0,100,0.64,100,0.0,100,0.41,100,0.0,100,0.165,100,0.021739130434782653,100,1.0,41,0.0,100,0.41,100,0.41,100,0.41,100,0.41,100
containerd/containerd,mewma,mewma,metric_shift,latency_log+rerun_rate,2,low,4,observed,none,100,0.93,100,1.4086021505376345,93,0.0,100,4.18,100,1.78,100,0.93,100,0.0,100,0.4196785714285714,100,0.0,100,0.6481694828469021,93,0.04238095238095238,100,0.93,100,0.93,100,0.93,100,0.93,100
containerd/containerd,causal_rolling_mad,latency_log,metric_shift,latency_log+rerun_rate,2,medium,4,observed,none,100,1.0,100,1.0,100,0.0,100,3.01,100,0.01,100,1.0,100,0.0,100,0.7484999999999999,100,0.021739130434782653,100,0.9975,100,0.00024390243902439024,100,1.0,100,1.0,100,1.0,100,1.0,100
containerd/containerd,causal_rolling_mad,failure_rate,metric_shift,latency_log+rerun_rate,2,medium,4,observed,none,100,0.0,100,,0,0.022222222222222185,100,0.0,100,0.0,100,0.12,100,0.03,100,0.0,100,0.021739130434782653,100,0.12,100,0.021463414634146357,100,0.0,100,0.0,100,0.0,100,0.0,100
containerd/containerd,causal_rolling_mad,rerun_rate,metric_shift,latency_log+rerun_rate,2,medium,4,observed,none,100,0.88,100,1.0568181818181819,88,0.0,100,2.28,100,0.0,100,0.88,100,0.0,100,0.57,100,0.021739130434782653,100,1.0,88,0.0,100,0.88,100,0.88,100,0.88,100,0.88,100
containerd/containerd,causal_rolling_mad,union,metric_shift,latency_log+rerun_rate,2,medium,4,observed,none,100,1.0,100,0.97,100,0.04444444444444437,100,2.98,100,0.06,100,1.0,100,0.06,100,0.7215,100,0.021739130434782653,100,0.6880000000000002,100,0.037560975609756124,100,1.0,100,1.0,100,1.0,100,1.0,100
containerd/containerd,causal_rolling_mad,two_of_three,metric_shift,latency_log+rerun_rate,2,medium,4,observed,none,100,0.88,100,1.0795454545454546,88,0.0,100,2.3,100,0.0,100,0.88,100,0.0,100,0.575,100,0.021739130434782653,100,1.0,88,0.0,100,0.88,100,0.88,100,0.88,100,0.88,100
containerd/containerd,mewma,mewma,metric_shift,latency_log+rerun_rate,2,medium,4,observed,none,100,1.0,100,0.29,100,0.0,100,8.25,100,4.54,100,1.0,100,0.0,100,0.45533261183261176,100,0.0,100,0.4676518759018758,100,0.10809523809523798,100,1.0,100,1.0,100,1.0,100,1.0,100
containerd/containerd,causal_rolling_mad,latency_log,metric_shift,latency_log+rerun_rate,2,high,4,observed,none,100,1.0,100,1.0,100,0.0,100,3.02,100,0.02,100,1.0,100,0.0,100,0.7545000000000001,100,0.021739130434782653,100,0.995,100,0.0004878048780487805,100,1.0,100,1.0,100,1.0,100,1.0,100
containerd/containerd,causal_rolling_mad,failure_rate,metric_shift,latency_log+rerun_rate,2,high,4,observed,none,100,0.0,100,,0,0.022222222222222185,100,0.0,100,0.0,100,0.08,100,0.02,100,0.0,100,0.021739130434782653,100,0.08,100,0.02242160278745646,100,0.0,100,0.0,100,0.0,100,0.0,100
containerd/containerd,causal_rolling_mad,rerun_rate,metric_shift,latency_log+rerun_rate,2,high,4,observed,none,100,1.0,100,0.97,100,0.0,100,3.01,100,0.0,100,1.0,100,0.0,100,0.76,100,0.021739130434782653,100,1.0,100,0.0,100,1.0,100,1.0,100,1.0,100,1.0,100
containerd/containerd,causal_rolling_mad,union,metric_shift,latency_log+rerun_rate,2,high,4,observed,none,100,1.0,100,0.93,100,0.04444444444444437,100,3.02,100,0.05,100,1.0,100,0.055,100,0.7430000000000001,100,0.021739130434782653,100,0.6761666666666669,100,0.03923344947735194,100,1.0,100,1.0,100,1.0,100,1.0,100
containerd/containerd,causal_rolling_mad,two_of_three,metric_shift,latency_log+rerun_rate,2,high,4,observed,none,100,1.0,100,1.0,100,0.0,100,2.98,100,0.0,100,1.0,100,0.0,100,0.7525,100,0.021739130434782653,100,1.0,100,0.0,100,1.0,100,1.0,100,1.0,100,1.0,100
containerd/containerd,mewma,mewma,metric_shift,latency_log+rerun_rate,2,high,4,observed,none,100,1.0,100,0.2,100,0.0,100,8.73,100,4.93,100,1.0,100,0.0,100,0.4492514430014428,100,0.0,100,0.45688888888888873,100,0.11738095238095222,100,1.0,100,1.0,100,1.0,100,1.0,100
containerd/containerd,causal_rolling_mad,latency_log,metric_shift,latency_log+rerun_rate,2,medium,4,low_volume,none,100,1.0,100,1.0,100,0.0,100,3.02,100,0.02,100,1.0,100,0.0,100,0.757,100,0.021739130434782653,100,0.995,100,0.0004878048780487805,100,1.0,100,1.0,100,1.0,100,1.0,100
containerd/containerd,causal_rolling_mad,failure_rate,metric_shift,latency_log+rerun_rate,2,medium,4,low_volume,none,100,0.06,100,1.8333333333333333,6,0.022222222222222185,100,0.1,100,0.02,100,0.09,100,0.0225,100,0.02,100,0.021739130434782653,100,0.09956709956709957,77,0.0175377468060395,100,0.06,100,0.07,100,0.07,100,0.08,100
containerd/containerd,causal_rolling_mad,rerun_rate,metric_shift,latency_log+rerun_rate,2,medium,4,low_volume,none,100,0.79,100,1.1518987341772151,79,0.0,100,1.84,100,0.0,100,0.79,100,0.0,100,0.4683333333333334,100,0.021739130434782653,100,1.0,79,0.0,100,0.79,100,0.79,100,0.79,100,0.79,100
containerd/containerd,causal_rolling_mad,union,metric_shift,latency_log+rerun_rate,2,medium,4,low_volume,none,100,1.0,100,0.93,100,0.04444444444444437,100,3.09,100,0.07,100,1.0,100,0.05,100,0.7559999999999999,100,0.021739130434782653,100,0.722,100,0.0323925667828107,100,1.0,100,1.0,100,1.0,100,1.0,100
containerd/containerd,causal_rolling_mad,two_of_three,metric_shift,latency_log+rerun_rate,2,medium,4,low_volume,none,100,0.8,100,1.125,80,0.0,100,1.91,100,0.0,100,0.8,100,0.0,100,0.48583333333333334,100,0.021739130434782653,100,1.0,80,0.0,100,0.8,100,0.8,100,0.8,100,0.8,100
containerd/containerd,mewma,mewma,metric_shift,latency_log+rerun_rate,2,medium,4,low_volume,none,100,1.0,100,0.36,100,0.0,100,8.14,100,4.5,100,1.0,100,0.0,100,0.4407665945165942,100,0.0,100,0.4599808802308801,100,0.107142857142857,100,1.0,100,1.0,100,1.0,100,1.0,100
containerd/containerd,causal_rolling_mad,latency_log,metric_shift,latency_log+rerun_rate,2,medium,4,observed,controlled,100,0.59,100,1.0,59,0.0,100,1.29,100,0.01,100,0.59,100,0.0,100,0.5238738738738739,74,0.2397826086956523,100,0.9957627118644068,59,0.00024390243902439024,100,0.59,100,0.59,100,0.59,100,0.59,100
containerd/containerd,causal_rolling_mad,failure_rate,metric_shift,latency_log+rerun_rate,2,medium,4,observed,controlled,100,0.0,100,,0,0.022222222222222185,100,0.0,100,0.0,100,0.07,100,0.0175,100,0.0,100,0.021739130434782653,100,0.07,100,0.022677119628339154,100,0.0,100,0.0,100,0.0,100,0.0,100
containerd/containerd,causal_rolling_mad,rerun_rate,metric_shift,latency_log+rerun_rate,2,medium,4,observed,controlled,100,0.3,100,0.9333333333333333,30,0.0,100,0.53,100,0.0,100,0.3,100,0.0,100,0.2545662100456621,73,0.2750000000000002,100,1.0,30,0.0,100,0.3,100,0.3,100,0.3,100,0.3,100
containerd/containerd,causal_rolling_mad,union,metric_shift,latency_log+rerun_rate,2,medium,4,observed,controlled,100,0.23,100,0.7391304347826086,23,0.04112015498124693,100,0.26,100,0.0,100,0.24,100,0.015,100,0.29166666666666663,52,0.33369565217391306,100,0.13984674329501914,87,0.04141486124319072,100,0.23,100,0.23,100,0.23,100,0.23,100
containerd/containerd,causal_rolling_mad,two_of_three,metric_shift,latency_log+rerun_rate,2,medium,4,observed,controlled,100,0.13,100,1.0,13,0.0,100,0.14,100,0.0,100,0.13,100,0.0,100,0.13782051282051283,52,0.33369565217391306,100,1.0,13,0.0,100,0.13,100,0.13,100,0.13,100,0.13,100
containerd/containerd,mewma,mewma,metric_shift,latency_log+rerun_rate,2,medium,4,observed,controlled,100,1.0,100,0.7,100,0.0,100,7.07,100,3.77,100,1.0,100,0.0,100,0.4461111111111109,100,0.0,100,0.48859523809523814,100,0.08976190476190465,100,1.0,100,1.0,100,1.0,100,1.0,100
containerd/containerd,causal_rolling_mad,latency_log,metric_shift,latency_log+rerun_rate,2,low,8,observed,none,100,1.0,100,1.12,100,0.0,100,3.66,100,0.0,100,1.0,100,0.0,100,0.4589285714285714,100,0.021739130434782653,100,1.0,100,0.0,100,1.0,100,1.0,100,1.0,100,1.0,100
containerd/containerd,causal_rolling_mad,failure_rate,metric_shift,latency_log+rerun_rate,2,low,8,observed,none,100,0.0,100,,0,0.022222222222222185,100,0.0,100,0.0,100,0.18,100,0.0225,100,0.0,100,0.021739130434782653,100,0.18,100,0.022133712660028438,100,0.0,100,0.0,100,0.0,100,0.0,100
containerd/containerd,causal_rolling_mad,rerun_rate,metric_shift,latency_log+rerun_rate,2,low,8,observed,none,100,0.46,100,1.1956521739130435,46,0.0,100,1.14,100,0.0,100,0.46,100,0.0,100,0.14446428571428574,100,0.021739130434782653,100,1.0,46,0.0,100,0.46,100,0.46,100,0.46,100,0.46,100
containerd/containerd,causal_rolling_mad,union,metric_shift,latency_log+rerun_rate,2,low,8,observed,none,100,1.0,100,0.93,100,0.04444444444444437,100,4.08,100,0.0,100,1.0,100,0.05,100,0.5119642857142856,100,0.021739130434782653,100,0.7702380952380947,100,0.03534850640113797,100,1.0,100,1.0,100,1.0,100,1.0,100
containerd/containerd,causal_rolling_mad,two_of_three,metric_shift,latency_log+rerun_rate,2,low,8,observed,none,100,0.49,100,1.346938775510204,49,0.0,100,0.98,100,0.0,100,0.49,100,0.0,100,0.12392857142857143,100,0.021739130434782653,100,1.0,49,0.0,100,0.49,100,0.49,100,0.49,100,0.49,100
containerd/containerd,mewma,mewma,metric_shift,latency_log+rerun_rate,2,low,8,observed,none,100,1.0,100,1.54,100,0.0,100,9.84,100,3.38,100,1.0,100,0.0,100,0.5813838106338105,100,0.0,100,0.6684767454767456,100,0.08894736842105261,100,1.0,100,1.0,100,1.0,100,1.0,100
containerd/containerd,causal_rolling_mad,latency_log,metric_shift,latency_log+rerun_rate,2,medium,8,observed,none,100,1.0,100,1.0,100,0.0,100,5.77,100,0.0,100,1.0,100,0.0,100,0.72125,100,0.021739130434782653,100,1.0,100,0.0,100,1.0,100,1.0,100,1.0,100,1.0,100
containerd/containerd,causal_rolling_mad,failure_rate,metric_shift,latency_log+rerun_rate,2,medium,8,observed,none,100,0.0,100,,0,0.022222222222222185,100,0.0,100,0.0,100,0.15,100,0.01875,100,0.0,100,0.021739130434782653,100,0.15,100,0.02297297297297296,100,0.0,100,0.0,100,0.0,100,0.0,100
containerd/containerd,causal_rolling_mad,rerun_rate,metric_shift,latency_log+rerun_rate,2,medium,8,observed,none,100,0.78,100,1.0384615384615385,78,0.0,100,2.93,100,0.0,100,0.78,100,0.0,100,0.36625,100,0.021739130434782653,100,1.0,78,0.0,100,0.78,100,0.78,100,0.78,100,0.78,100
containerd/containerd,causal_rolling_mad,union,metric_shift,latency_log+rerun_rate,2,medium,8,observed,none,100,1.0,100,1.0,100,0.04444444444444437,100,5.68,100,0.0,100,1.0,100,0.04625,100,0.71,100,0.021739130434782653,100,0.8237499999999999,100,0.03648648648648648,100,1.0,100,1.0,100,1.0,100,1.0,100
containerd/containerd,causal_rolling_mad,two_of_three,metric_shift,latency_log+rerun_rate,2,medium,8,observed,none,100,0.78,100,1.064102564102564,78,0.0,100,3.03,100,0.0,100,0.78,100,0.0,100,0.37875,100,0.021739130434782653,100,1.0,78,0.0,100,0.78,100,0.78,100,0.78,100,0.78,100
containerd/containerd,mewma,mewma,metric_shift,latency_log+rerun_rate,2,medium,8,observed,none,100,1.0,100,0.32,100,0.0,100,13.37,100,5.69,100,1.0,100,0.0,100,0.5822006473918235,100,0.0,100,0.5932583396995157,100,0.14973684210526314,100,1.0,100,1.0,100,1.0,100,1.0,100
containerd/containerd,causal_rolling_mad,latency_log,metric_shift,latency_log+rerun_rate,2,high,8,observed,none,100,1.0,100,1.0,100,0.0,100,6.0,100,0.0,100,1.0,100,0.0,100,0.75,100,0.021739130434782653,100,1.0,100,0.0,100,1.0,100,1.0,100,1.0,100,1.0,100
containerd/containerd,causal_rolling_mad,failure_rate,metric_shift,latency_log+rerun_rate,2,high,8,observed,none,100,0.0,100,,0,0.022222222222222185,100,0.0,100,0.0,100,0.14,100,0.0175,100,0.0,100,0.021739130434782653,100,0.14,100,0.02324324324324323,100,0.0,100,0.0,100,0.0,100,0.0,100
containerd/containerd,causal_rolling_mad,rerun_rate,metric_shift,latency_log+rerun_rate,2,high,8,observed,none,100,1.0,100,0.94,100,0.0,100,5.0,100,0.0,100,1.0,100,0.0,100,0.625,100,0.021739130434782653,100,1.0,100,0.0,100,1.0,100,1.0,100,1.0,100,1.0,100
containerd/containerd,causal_rolling_mad,union,metric_shift,latency_log+rerun_rate,2,high,8,observed,none,100,1.0,100,0.96,100,0.04444444444444437,100,5.9,100,0.0,100,1.0,100,0.04625,100,0.7375,100,0.021739130434782653,100,0.8284126984126979,100,0.03675675675675674,100,1.0,100,1.0,100,1.0,100,1.0,100
containerd/containerd,causal_rolling_mad,two_of_three,metric_shift,latency_log+rerun_rate,2,high,8,observed,none,100,1.0,100,1.0,100,0.0,100,5.01,100,0.0,100,1.0,100,0.0,100,0.62625,100,0.021739130434782653,100,1.0,100,0.0,100,1.0,100,1.0,100,1.0,100,1.0,100
containerd/containerd,mewma,mewma,metric_shift,latency_log+rerun_rate,2,high,8,observed,none,100,1.0,100,0.22,100,0.0,100,14.09,100,6.31,100,1.0,100,0.0,100,0.5569111525729169,100,0.0,100,0.5639322687116802,100,0.1660526315789474,100,1.0,100,1.0,100,1.0,100,1.0,100
containerd/containerd,causal_rolling_mad,latency_log,metric_shift,latency_log+rerun_rate,2,medium,8,low_volume,none,100,1.0,100,1.0,100,0.0,100,5.77,100,0.0,100,1.0,100,0.0,100,0.7233928571428571,100,0.021739130434782653,100,1.0,100,0.0,100,1.0,100,1.0,100,1.0,100,1.0,100
containerd/containerd,causal_rolling_mad,failure_rate,metric_shift,latency_log+rerun_rate,2,medium,8,low_volume,none,100,0.12,100,3.5,12,0.022222222222222185,100,0.2,100,0.04,100,0.15,100,0.02125,100,0.02,100,0.021739130434782653,100,0.18095238095238098,70,0.016735419630156453,100,0.12,100,0.12,100,0.12,100,0.13,100
containerd/containerd,causal_rolling_mad,rerun_rate,metric_shift,latency_log+rerun_rate,2,medium,8,low_volume,none,100,0.82,100,1.3902439024390243,82,0.0,100,2.65,100,0.0,100,0.82,100,0.0,100,0.33375,100,0.021739130434782653,100,1.0,82,0.0,100,0.82,100,0.82,100,0.82,100,0.82,100
containerd/containerd,causal_rolling_mad,union,metric_shift,latency_log+rerun_rate,2,medium,8,low_volume,none,100,1.0,100,0.98,100,0.04444444444444437,100,5.68,100,0.04,100,1.0,100,0.0475,100,0.7051071428571428,100,0.021739130434782653,100,0.8512976190476189,100,0.029957325746799435,100,1.0,100,1.0,100,1.0,100,1.0,100
containerd/containerd,causal_rolling_mad,two_of_three,metric_shift,latency_log+rerun_rate,2,medium,8,low_volume,none,100,0.87,100,1.4482758620689655,87,0.0,100,2.82,100,0.0,100,0.87,100,0.0,100,0.3542857142857143,100,0.021739130434782653,100,1.0,87,0.0,100,0.87,100,0.87,100,0.87,100,0.87,100
containerd/containerd,mewma,mewma,metric_shift,latency_log+rerun_rate,2,medium,8,low_volume,none,100,1.0,100,0.33,100,0.0,100,13.11,100,5.44,100,1.0,100,0.0,100,0.5963718422100776,100,0.0,100,0.6080598478319065,100,0.14315789473684204,100,1.0,100,1.0,100,1.0,100,1.0,100
containerd/containerd,causal_rolling_mad,latency_log,metric_shift,latency_log+rerun_rate,2,medium,8,observed,controlled,100,0.51,100,1.0,51,0.0,100,1.44,100,0.0,100,0.51,100,0.0,100,0.4878306878306879,72,0.3473913043478263,100,1.0,51,0.0,100,0.51,100,0.51,100,0.51,100,0.51,100
containerd/containerd,causal_rolling_mad,failure_rate,metric_shift,latency_log+rerun_rate,2,medium,8,observed,controlled,100,0.0,100,,0,0.022222222222222185,100,0.0,100,0.0,100,0.21,100,0.02625,100,0.0,100,0.021739130434782653,100,0.21,100,0.021337126600284476,100,0.0,100,0.0,100,0.0,100,0.0,100
containerd/containerd,causal_rolling_mad,rerun_rate,metric_shift,latency_log+rerun_rate,2,medium,8,observed,controlled,100,0.32,100,1.03125,32,0.0,100,0.73,100,0.0,100,0.32,100,0.0,100,0.2957972582972583,66,0.35369565217391324,100,1.0,32,0.0,100,0.32,100,0.32,100,0.32,100,0.32,100
containerd/containerd,causal_rolling_mad,union,metric_shift,latency_log+rerun_rate,2,medium,8,observed,controlled,100,0.22,100,0.7727272727272727,22,0.03404467306265556,100,0.38,100,0.0,100,0.25,100,0.03,100,0.3405797101449275,46,0.4008695652173913,100,0.20909090909090905,77,0.033592564057621274,100,0.22,100,0.22,100,0.22,100,0.22,100
containerd/containerd,causal_rolling_mad,two_of_three,metric_shift,latency_log+rerun_rate,2,medium,8,observed,controlled,100,0.15,100,1.0666666666666667,15,0.0,100,0.23,100,0.0,100,0.15,100,0.0,100,0.19746376811594205,46,0.4008695652173913,100,1.0,15,0.0,100,0.15,100,0.15,100,0.15,100,0.15,100
containerd/containerd,mewma,mewma,metric_shift,latency_log+rerun_rate,2,medium,8,observed,controlled,100,1.0,100,0.72,100,0.0,100,12.68,100,5.4,100,1.0,100,0.0,100,0.5578307803307804,100,0.0,100,0.586589466089466,100,0.14210526315789462,100,1.0,100,1.0,100,1.0,100,1.0,100
containerd/containerd,causal_rolling_mad,latency_log,metric_shift,failure_rate+rerun_rate,2,low,1,observed,none,100,0.0,100,,0,0.0,100,0.0,100,0.0,100,0.0,100,0.0,100,0.0,100,0.021739130434782653,100,,0,0.0,100,0.0,100,0.0,100,0.0,100,0.0,100
containerd/containerd,causal_rolling_mad,failure_rate,metric_shift,failure_rate+rerun_rate,2,low,1,observed,none,100,0.06,100,0.0,6,0.022222222222222185,100,0.16,100,0.1,100,0.1,100,0.04,100,0.045,100,0.021739130434782653,100,0.0755813953488372,86,0.020909090909090905,100,0.06,100,0.1,100,0.11,100,0.13,100
containerd/containerd,causal_rolling_mad,rerun_rate,metric_shift,failure_rate+rerun_rate,2,low,1,observed,none,100,0.0,100,,0,0.0,100,0.02,100,0.02,100,0.0,100,0.0,100,0.0,100,0.021739130434782653,100,0.0,2,0.00045454545454545455,100,0.0,100,0.02,100,0.02,100,0.02,100
containerd/containerd,causal_rolling_mad,union,metric_shift,failure_rate+rerun_rate,2,low,1,observed,none,100,0.05,100,0.0,5,0.04444444444444437,100,0.15,100,0.1,100,0.11,100,0.06,100,0.035,100,0.021739130434782653,100,0.06802721088435373,98,0.03795454545454547,100,0.05,100,0.09,100,0.1,100,0.12,100
containerd/containerd,causal_rolling_mad,two_of_three,metric_shift,failure_rate+rerun_rate,2,low,1,observed,none,100,0.0,100,,0,0.0,100,0.0,100,0.0,100,0.0,100,0.0,100,0.0,100,0.021739130434782653,100,,0,0.0,100,0.0,100,0.0,100,0.0,100,0.0,100
containerd/containerd,mewma,mewma,metric_shift,failure_rate+rerun_rate,2,low,1,observed,none,100,0.07,100,0.0,7,0.0,100,0.12,100,0.05,100,0.07,100,0.0,100,0.07,100,0.0,100,0.5833333333333334,12,0.0011111111111111111,100,0.07,100,0.09,100,0.1,100,0.12,100
containerd/containerd,causal_rolling_mad,latency_log,metric_shift,failure_rate+rerun_rate,2,medium,1,observed,none,100,0.0,100,,0,0.0,100,0.0,100,0.0,100,0.0,100,0.0,100,0.0,100,0.021739130434782653,100,,0,0.0,100,0.0,100,0.0,100,0.0,100,0.0,100
containerd/containerd,causal_rolling_mad,failure_rate,metric_shift,failure_rate+rerun_rate,2,medium,1,observed,none,100,0.06,100,0.0,6,0.022222222222222185,100,0.11,100,0.05,100,0.08,100,0.02,100,0.05,100,0.021739130434782653,100,0.05426356589147286,86,0.020227272727272715,100,0.06,100,0.09,100,0.09,100,0.09,100
containerd/containerd,causal_rolling_mad,rerun_rate,metric_shift,failure_rate+rerun_rate,2,medium,1,observed,none,100,0.01,100,0.0,1,0.0,100,0.01,100,0.0,100,0.01,100,0.0,100,0.01,100,0.021739130434782653,100,1.0,1,0.0,100,0.01,100,0.01,100,0.01,100,0.01,100
containerd/containerd,causal_rolling_mad,union,metric_shift,failure_rate+rerun_rate,2,medium,1,observed,none,100,0.07,100,0.0,7,0.04444444444444437,100,0.12,100,0.05,100,0.1,100,0.03,100,0.06,100,0.021739130434782653,100,0.04931972789115646,98,0.034772727272727295,100,0.07,100,0.1,100,0.1,100,0.1,100
containerd/containerd,causal_rolling_mad,two_of_three,metric_shift,failure_rate+rerun_rate,2,medium,1,observed,none,100,0.0,100,,0,0.0,100,0.0,100,0.0,100,0.0,100,0.0,100,0.0,100,0.021739130434782653,100,,0,0.0,100,0.0,100,0.0,100,0.0,100,0.0,100
containerd/containerd,mewma,mewma,metric_shift,failure_rate+rerun_rate,2,medium,1,observed,none,100,0.19,100,0.0,19,0.0,100,0.38,100,0.19,100,0.19,100,0.0,100,0.15166666666666667,100,0.0,100,0.5617283950617284,27,0.004222222222222222,100,0.19,100,0.22,100,0.24,100,0.27,100
containerd/containerd,causal_rolling_mad,latency_log,metric_shift,failure_rate+rerun_rate,2,high,1,observed,none,100,0.0,100,,0,0.0,100,0.0,100,0.0,100,0.0,100,0.0,100,0.0,100,0.021739130434782653,100,,0,0.0,100,0.0,100,0.0,100,0.0,100,0.0,100
containerd/containerd,causal_rolling_mad,failure_rate,metric_shift,failure_rate+rerun_rate,2,high,1,observed,none,100,0.09,100,0.0,9,0.022222222222222185,100,0.17,100,0.08,100,0.12,100,0.03,100,0.07,100,0.021739130434782653,100,0.08333333333333333,82,0.01977272727272726,100,0.09,100,0.13,100,0.13,100,0.13,100
containerd/containerd,causal_rolling_mad,rerun_rate,metric_shift,failure_rate+rerun_rate,2,high,1,observed,none,100,0.01,100,0.0,1,0.0,100,0.05,100,0.04,100,0.01,100,0.0,100,0.01,100,0.021739130434782653,100,0.2,5,0.0009090909090909091,100,0.01,100,0.05,100,0.05,100,0.05,100
containerd/containerd,causal_rolling_mad,union,metric_shift,failure_rate+rerun_rate,2,high,1,observed,none,100,0.09,100,0.0,9,0.04444444444444437,100,0.17,100,0.08,100,0.14,100,0.05,100,0.07,100,0.021739130434782653,100,0.07291666666666667,96,0.035454545454545475,100,0.09,100,0.13,100,0.13,100,0.13,100
containerd/containerd,causal_rolling_mad,two_of_three,metric_shift,failure_rate+rerun_rate,2,high,1,observed,none,100,0.0,100,,0,0.0,100,0.0,100,0.0,100,0.0,100,0.0,100,0.0,100,0.021739130434782653,100,,0,0.0,100,0.0,100,0.0,100,0.0,100,0.0,100
containerd/containerd,mewma,mewma,metric_shift,failure_rate+rerun_rate,2,high,1,observed,none,100,0.36,100,0.0,36,0.0,100,0.58,100,0.22,100,0.36,100,0.0,100,0.2908333333333333,100,0.0,100,0.7270833333333332,40,0.004888888888888888,100,0.36,100,0.36,100,0.37,100,0.4,100
containerd/containerd,causal_rolling_mad,latency_log,metric_shift,failure_rate+rerun_rate,2,medium,1,low_volume,none,100,0.0,100,,0,0.0,100,0.0,100,0.0,100,0.0,100,0.0,100,0.0,97,0.021739130434782653,100,,0,0.0,100,0.0,100,0.0,100,0.0,100,0.0,100
containerd/containerd,causal_rolling_mad,failure_rate,metric_shift,failure_rate+rerun_rate,2,medium,1,low_volume,none,100,0.09,100,0.0,9,0.022222222222222185,100,0.14,100,0.05,100,0.1,100,0.01,100,0.07216494845360824,97,0.021739130434782653,100,0.054924242424242424,88,0.020893939393939385,100,0.09,100,0.09,100,0.09,100,0.09,100
containerd/containerd,causal_rolling_mad,rerun_rate,metric_shift,failure_rate+rerun_rate,2,medium,1,low_volume,none,100,0.01,100,0.0,1,0.0,100,0.01,100,0.0,100,0.01,100,0.0,100,0.010309278350515464,97,0.021739130434782653,100,1.0,1,0.0,100,0.01,100,0.01,100,0.01,100,0.01,100
containerd/containerd,causal_rolling_mad,union,metric_shift,failure_rate+rerun_rate,2,medium,1,low_volume,none,100,0.15,100,0.0,15,0.04444444444444437,100,0.2,100,0.05,100,0.18,100,0.03,100,0.13402061855670103,97,0.021739130434782653,100,0.06999999999999998,100,0.03951515151515151,100,0.15,100,0.15,100,0.15,100,0.15,100
containerd/containerd,causal_rolling_mad,two_of_three,metric_shift,failure_rate+rerun_rate,2,medium,1,low_volume,none,100,0.0,100,,0,0.0,100,0.0,100,0.0,100,0.0,100,0.0,100,0.0,97,0.021739130434782653,100,,0,0.0,100,0.0,100,0.0,100,0.0,100,0.0,100
containerd/containerd,mewma,mewma,metric_shift,failure_rate+rerun_rate,2,medium,1,low_volume,none,100,0.27,100,0.0,27,0.0,100,0.61,100,0.34,100,0.27,100,0.0,100,0.20916666666666667,100,0.0,100,0.4753787878787879,44,0.007555555555555555,100,0.27,100,0.31,100,0.34,100,0.41,100
containerd/containerd,causal_rolling_mad,latency_log,metric_shift,failure_rate+rerun_rate,2,medium,1,observed,controlled,100,0.0,100,,0,0.0,100,0.0,100,0.0,100,0.0,100,0.0,100,0.0,99,0.021739130434782653,100,,0,0.0,100,0.0,100,0.0,100,0.0,100,0.0,100
containerd/containerd,causal_rolling_mad,failure_rate,metric_shift,failure_rate+rerun_rate,2,medium,1,observed,controlled,100,0.05,100,0.0,5,0.02046660027285855,100,0.07,100,0.02,100,0.06,100,0.01,100,0.08490566037735849,53,0.15782608695652176,100,0.04329004329004329,77,0.02005245885871715,100,0.05,100,0.06,100,0.06,100,0.06,100
containerd/containerd,causal_rolling_mad,rerun_rate,metric_shift,failure_rate+rerun_rate,2,medium,1,observed,controlled,100,0.01,100,0.0,1,0.0,100,0.01,100,0.0,100,0.01,100,0.0,100,0.021739130434782608,46,0.15565217391304353,100,1.0,1,0.0,100,0.01,100,0.01,100,0.01,100,0.01,100
containerd/containerd,causal_rolling_mad,union,metric_shift,failure_rate+rerun_rate,2,medium,1,observed,controlled,100,0.0,100,,0,0.04110824756901838,100,0.0,100,0.0,100,0.0,100,0.0,100,,0,0.29173913043478295,100,0.0,88,0.04110824756901838,100,0.0,100,0.0,100,0.0,100,0.0,100
containerd/containerd,causal_rolling_mad,two_of_three,metric_shift,failure_rate+rerun_rate,2,medium,1,observed,controlled,100,0.0,100,,0,0.0,100,0.0,100,0.0,100,0.0,100,0.0,100,,0,0.29173913043478295,100,,0,0.0,100,0.0,100,0.0,100,0.0,100,0.0,100
containerd/containerd,mewma,mewma,metric_shift,failure_rate+rerun_rate,2,medium,1,observed,controlled,100,0.08,100,0.0,8,0.0,100,0.18,100,0.1,100,0.08,100,0.0,100,0.06666666666666667,100,0.0,100,0.47619047619047616,14,0.0022222222222222222,100,0.08,100,0.09,100,0.11,100,0.13,100
containerd/containerd,causal_rolling_mad,latency_log,metric_shift,failure_rate+rerun_rate,2,low,2,observed,none,100,0.0,100,,0,0.0,100,0.0,100,0.0,100,0.0,100,0.0,100,0.0,100,0.021739130434782653,100,,0,0.0,100,0.0,100,0.0,100,0.0,100,0.0,100
containerd/containerd,causal_rolling_mad,failure_rate,metric_shift,failure_rate+rerun_rate,2,low,2,observed,none,100,0.16,100,0.5625,16,0.022222222222222185,100,0.23,100,0.01,100,0.18,100,0.01,100,0.11,100,0.021739130434782653,100,0.15333333333333332,75,0.016966173361522216,100,0.16,100,0.16,100,0.17,100,0.17,100
containerd/containerd,causal_rolling_mad,rerun_rate,metric_shift,failure_rate+rerun_rate,2,low,2,observed,none,100,0.39,100,0.9743589743589743,39,0.0,100,0.4,100,0.0,100,0.39,100,0.0,100,0.21,100,0.021739130434782653,100,1.0,39,0.0,100,0.39,100,0.39,100,0.39,100,0.39,100
containerd/containerd,causal_rolling_mad,union,metric_shift,failure_rate+rerun_rate,2,low,2,observed,none,100,0.53,100,0.8301886792452831,53,0.04444444444444437,100,0.59,100,0.01,100,0.59,100,0.05,100,0.3,100,0.021739130434782653,100,0.29124579124579114,99,0.033699788583509555,100,0.53,100,0.53,100,0.54,100,0.54,100
containerd/containerd,causal_rolling_mad,two_of_three,metric_shift,failure_rate+rerun_rate,2,low,2,observed,none,100,0.04,100,1.0,4,0.0,100,0.04,100,0.0,100,0.04,100,0.0,100,0.02,100,0.021739130434782653,100,1.0,4,0.0,100,0.04,100,0.04,100,0.04,100,0.04,100
containerd/containerd,mewma,mewma,metric_shift,failure_rate+rerun_rate,2,low,2,observed,none,100,0.41,100,0.8048780487804879,41,0.0,100,0.79,100,0.31,100,0.41,100,0.0,100,0.19999999999999996,100,0.0,100,0.6859259259259258,45,0.007045454545454544,100,0.41,100,0.41,100,0.43,100,0.45,100
containerd/containerd,causal_rolling_mad,latency_log,metric_shift,failure_rate+rerun_rate,2,medium,2,observed,none,100,0.0,100,,0,0.0,100,0.0,100,0.0,100,0.0,100,0.0,100,0.0,100,0.021739130434782653,100,,0,0.0,100,0.0,100,0.0,100,0.0,100,0.0,100
containerd/containerd,causal_rolling_mad,failure_rate,metric_shift,failure_rate+rerun_rate,2,medium,2,observed,none,100,0.34,100,0.8529411764705882,34,0.022222222222222185,100,0.41,100,0.02,100,0.36,100,0.015,100,0.19333333333333336,100,0.021739130434782653,100,0.2777777777777778,81,0.017415433403805514,100,0.34,100,0.35,100,0.35,100,0.35,100
containerd/containerd,causal_rolling_mad,rerun_rate,metric_shift,failure_rate+rerun_rate,2,medium,2,observed,none,100,0.75,100,0.9466666666666667,75,0.0,100,0.81,100,0.02,100,0.75,100,0.0,100,0.41666666666666674,100,0.021739130434782653,100,0.9866666666666667,75,0.0004651162790697674,100,0.75,100,0.75,100,0.75,100,0.75,100
containerd/containerd,causal_rolling_mad,union,metric_shift,failure_rate+rerun_rate,2,medium,2,observed,none,100,0.82,100,0.8780487804878049,82,0.04444444444444437,100,0.93,100,0.02,100,0.84,100,0.025,100,0.4783333333333333,100,0.021739130434782653,100,0.3950000000000001,100,0.03483086680761103,100,0.82,100,0.83,100,0.83,100,0.83,100
containerd/containerd,causal_rolling_mad,two_of_three,metric_shift,failure_rate+rerun_rate,2,medium,2,observed,none,100,0.35,100,1.0,35,0.0,100,0.35,100,0.0,100,0.35,100,0.0,100,0.175,100,0.021739130434782653,100,1.0,35,0.0,100,0.35,100,0.35,100,0.35,100,0.35,100
containerd/containerd,mewma,mewma,metric_shift,failure_rate+rerun_rate,2,medium,2,observed,none,100,0.84,100,0.7738095238095238,84,0.0,100,2.55,100,1.52,100,0.84,100,0.0,100,0.3029761904761904,100,0.0,100,0.49702380952380926,84,0.03454545454545456,100,0.84,100,0.84,100,0.84,100,0.84,100
containerd/containerd,causal_rolling_mad,latency_log,metric_shift,failure_rate+rerun_rate,2,high,2,observed,none,100,0.0,100,,0,0.0,100,0.0,100,0.0,100,0.0,100,0.0,100,0.0,100,0.021739130434782653,100,,0,0.0,100,0.0,100,0.0,100,0.0,100,0.0,100
containerd/containerd,causal_rolling_mad,failure_rate,metric_shift,failure_rate+rerun_rate,2,high,2,observed,none,100,0.73,100,0.863013698630137,73,0.022222222222222185,100,0.83,100,0.02,100,0.75,100,0.02,100,0.41666666666666674,100,0.021739130434782653,100,0.49612403100775193,86,0.01835095137420721,100,0.73,100,0.73,100,0.73,100,0.73,100
containerd/containerd,causal_rolling_mad,rerun_rate,metric_shift,failure_rate+rerun_rate,2,high,2,observed,none,100,1.0,100,0.99,100,0.0,100,1.05,100,0.04,100,1.0,100,0.0,100,0.5183333333333333,100,0.021739130434782653,100,0.98,100,0.0009302325581395348,100,1.0,100,1.0,100,1.0,100,1.0,100
containerd/containerd,causal_rolling_mad,union,metric_shift,failure_rate+rerun_rate,2,high,2,observed,none,100,0.96,100,0.8958333333333334,96,0.04444444444444437,100,1.08,100,0.02,100,1.0,100,0.045,100,0.5466666666666666,100,0.021739130434782653,100,0.4533333333333332,100,0.03460887949260046,100,0.96,100,0.96,100,0.96,100,0.96,100
containerd/containerd,causal_rolling_mad,two_of_three,metric_shift,failure_rate+rerun_rate,2,high,2,observed,none,100,0.73,100,1.0,73,0.0,100,0.73,100,0.0,100,0.73,100,0.0,100,0.38,100,0.021739130434782653,100,1.0,73,0.0,100,0.73,100,0.73,100,0.73,100,0.73,100
containerd/containerd,mewma,mewma,metric_shift,failure_rate+rerun_rate,2,high,2,observed,none,100,0.95,100,0.6210526315789474,95,0.0,100,3.06,100,1.75,100,0.95,100,0.0,100,0.3767142857142856,100,0.0,100,0.5173684210526316,95,0.0397727272727273,100,0.95,100,0.95,100,0.95,100,0.95,100
containerd/containerd,causal_rolling_mad,latency_log,metric_shift,failure_rate+rerun_rate,2,medium,2,low_volume,none,100,0.0,100,,0,0.0,100,0.0,100,0.0,100,0.0,100,0.0,100,0.0,100,0.021739130434782653,100,,0,0.0,100,0.0,100,0.0,100,0.0,100,0.0,100
containerd/containerd,causal_rolling_mad,failure_rate,metric_shift,failure_rate+rerun_rate,2,medium,2,low_volume,none,100,0.32,100,0.75,32,0.022222222222222185,100,0.44,100,0.05,100,0.34,100,0.03,100,0.18833333333333335,100,0.021739130434782653,100,0.26907630522088355,83,0.01790169133192391,100,0.32,100,0.32,100,0.32,100,0.32,100
containerd/containerd,causal_rolling_mad,rerun_rate,metric_shift,failure_rate+rerun_rate,2,medium,2,low_volume,none,100,0.67,100,0.9552238805970149,67,0.0,100,0.73,100,0.03,100,0.67,100,0.0,100,0.35,100,0.021739130434782653,100,0.9776119402985075,67,0.0006976744186046512,100,0.67,100,0.67,100,0.67,100,0.67,100
containerd/containerd,causal_rolling_mad,union,metric_shift,failure_rate+rerun_rate,2,medium,2,low_volume,none,100,0.73,100,0.863013698630137,73,0.04444444444444437,100,0.88,100,0.05,100,0.79,100,0.055,100,0.4116666666666666,100,0.021739130434782653,100,0.39309764309764317,99,0.033710359408033866,100,0.73,100,0.73,100,0.73,100,0.73,100
containerd/containerd,causal_rolling_mad,two_of_three,metric_shift,failure_rate+rerun_rate,2,medium,2,low_volume,none,100,0.26,100,1.0,26,0.0,100,0.26,100,0.0,100,0.26,100,0.0,100,0.13,100,0.021739130434782653,100,1.0,26,0.0,100,0.26,100,0.26,100,0.26,100,0.26,100
containerd/containerd,mewma,mewma,metric_shift,failure_rate+rerun_rate,2,medium,2,low_volume,none,100,0.76,100,0.7368421052631579,76,0.0,100,2.17,100,1.21,100,0.76,100,0.0,100,0.29709523809523797,100,0.0,100,0.5300865800865799,77,0.0275,100,0.76,100,0.77,100,0.77,100,0.77,100
containerd/containerd,causal_rolling_mad,latency_log,metric_shift,failure_rate+rerun_rate,2,medium,2,observed,controlled,100,0.0,100,,0,0.0,100,0.0,100,0.0,100,0.0,100,0.0,100,0.0,100,0.021739130434782653,100,,0,0.0,100,0.0,100,0.0,100,0.0,100,0.0,100
containerd/containerd,causal_rolling_mad,failure_rate,metric_shift,failure_rate+rerun_rate,2,medium,2,observed,controlled,100,0.24,100,0.8333333333333334,24,0.019963389564546512,100,0.29,100,0.02,100,0.26,100,0.03,100,0.18468468468468469,74,0.165,100,0.22619047619047614,70,0.017364697966850872,100,0.24,100,0.24,100,0.24,100,0.24,100
containerd/containerd,causal_rolling_mad,rerun_rate,metric_shift,failure_rate+rerun_rate,2,medium,2,observed,controlled,100,0.46,100,0.9782608695652174,46,0.0,100,0.49,100,0.02,100,0.46,100,0.0,100,0.30086580086580084,77,0.1486956521739131,100,0.9782608695652174,46,0.0004651162790697674,100,0.46,100,0.46,100,0.46,100,0.46,100
containerd/containerd,causal_rolling_mad,union,metric_shift,failure_rate+rerun_rate,2,medium,2,observed,controlled,100,0.05,100,0.0,5,0.04067171931042873,100,0.05,100,0.0,100,0.09,100,0.04,100,0.09803921568627451,51,0.29195652173913084,100,0.06410256410256411,91,0.03998416529860725,100,0.05,100,0.05,100,0.05,100,0.05,100
containerd/containerd,causal_rolling_mad,two_of_three,metric_shift,failure_rate+rerun_rate,2,medium,2,observed,controlled,100,0.0,100,,0,0.0,100,0.0,100,0.0,100,0.0,100,0.0,100,0.0,51,0.29195652173913084,100,,0,0.0,100,0.0,100,0.0,100,0.0,100,0.0,100
containerd/containerd,mewma,mewma,metric_shift,failure_rate+rerun_rate,2,medium,2,observed,controlled,100,0.62,100,0.7258064516129032,62,0.0,100,1.63,100,0.84,100,0.62,100,0.0,100,0.2651666666666666,100,0.0,100,0.5749999999999998,68,0.019090909090909082,100,0.62,100,0.63,100,0.64,100,0.68,100
containerd/containerd,causal_rolling_mad,latency_log,metric_shift,failure_rate+rerun_rate,2,low,4,observed,none,100,0.0,100,,0,0.0,100,0.0,100,0.0,100,0.0,100,0.0,100,0.0,100,0.021739130434782653,100,,0,0.0,100,0.0,100,0.0,100,0.0,100,0.0,100
containerd/containerd,causal_rolling_mad,failure_rate,metric_shift,failure_rate+rerun_rate,2,low,4,observed,none,100,0.22,100,1.5454545454545454,22,0.022222222222222185,100,0.32,100,0.0,100,0.23,100,0.0125,100,0.08,100,0.021739130434782653,100,0.2002164502164502,77,0.017305458768873416,100,0.22,100,0.22,100,0.22,100,0.22,100
containerd/containerd,causal_rolling_mad,rerun_rate,metric_shift,failure_rate+rerun_rate,2,low,4,observed,none,100,0.48,100,1.125,48,0.0,100,0.9,100,0.0,100,0.48,100,0.0,100,0.22833333333333333,100,0.021739130434782653,100,1.0,48,0.0,100,0.48,100,0.48,100,0.48,100,0.48,100
containerd/containerd,causal_rolling_mad,union,metric_shift,failure_rate+rerun_rate,2,low,4,observed,none,100,0.6,100,1.1833333333333333,60,0.04444444444444437,100,1.1,100,0.0,100,0.62,100,0.045,100,0.2783333333333333,100,0.021739130434782653,100,0.39833333333333326,90,0.03265969802555171,100,0.6,100,0.6,100,0.6,100,0.6,100
containerd/containerd,causal_rolling_mad,two_of_three,metric_shift,failure_rate+rerun_rate,2,low,4,observed,none,100,0.08,100,1.25,8,0.0,100,0.12,100,0.0,100,0.08,100,0.0,100,0.03,100,0.021739130434782653,100,1.0,8,0.0,100,0.08,100,0.08,100,0.08,100,0.08,100
containerd/containerd,mewma,mewma,metric_shift,failure_rate+rerun_rate,2,low,4,observed,none,100,0.81,100,1.5308641975308641,81,0.0,100,3.43,100,1.43,100,0.81,100,0.0,100,0.35791666666666666,100,0.0,100,0.6365373309817753,81,0.03404761904761903,100,0.81,100,0.81,100,0.81,100,0.81,100
containerd/containerd,causal_rolling_mad,latency_log,metric_shift,failure_rate+rerun_rate,2,medium,4,observed,none,100,0.0,100,,0,0.0,100,0.0,100,0.0,100,0.0,100,0.0,100,0.0,100,0.021739130434782653,100,,0,0.0,100,0.0,100,0.0,100,0.0,100,0.0,100
containerd/containerd,causal_rolling_mad,failure_rate,metric_shift,failure_rate+rerun_rate,2,medium,4,observed,none,100,0.49,100,1.2448979591836735,49,0.022222222222222185,100,0.93,100,0.0,100,0.5,100,0.0425,100,0.2325,100,0.021739130434782653,100,0.5108108108108107,74,0.013159117305458776,100,0.49,100,0.49,100,0.49,100,0.49,100
containerd/containerd,causal_rolling_mad,rerun_rate,metric_shift,failure_rate+rerun_rate,2,medium,4,observed,none,100,0.83,100,1.0240963855421688,83,0.0,100,2.13,100,0.0,100,0.83,100,0.0,100,0.5375,100,0.021739130434782653,100,1.0,83,0.0,100,0.83,100,0.83,100,0.83,100,0.83,100
containerd/containerd,causal_rolling_mad,union,metric_shift,failure_rate+rerun_rate,2,medium,4,observed,none,100,0.87,100,1.0,87,0.04444444444444437,100,2.22,100,0.0,100,0.87,100,0.0575,100,0.56,100,0.021739130434782653,100,0.6333333333333334,99,0.027537746806039504,100,0.87,100,0.87,100,0.87,100,0.87,100
containerd/containerd,causal_rolling_mad,two_of_three,metric_shift,failure_rate+rerun_rate,2,medium,4,observed,none,100,0.45,100,1.2666666666666666,45,0.0,100,0.86,100,0.0,100,0.45,100,0.0,100,0.215,100,0.021739130434782653,100,1.0,45,0.0,100,0.45,100,0.45,100,0.45,100,0.45,100
containerd/containerd,mewma,mewma,metric_shift,failure_rate+rerun_rate,2,medium,4,observed,none,100,1.0,100,1.05,100,0.0,100,5.95,100,3.0,100,1.0,100,0.0,100,0.4380912698412699,100,0.0,100,0.5270198412698415,100,0.07142857142857133,100,1.0,100,1.0,100,1.0,100,1.0,100
containerd/containerd,causal_rolling_mad,latency_log,metric_shift,failure_rate+rerun_rate,2,high,4,observed,none,100,0.0,100,,0,0.0,100,0.0,100,0.0,100,0.0,100,0.0,100,0.0,100,0.021739130434782653,100,,0,0.0,100,0.0,100,0.0,100,0.0,100,0.0,100
containerd/containerd,causal_rolling_mad,failure_rate,metric_shift,failure_rate+rerun_rate,2,high,4,observed,none,100,0.81,100,0.9382716049382716,81,0.022222222222222185,100,1.96,100,0.0,100,0.81,100,0.015,100,0.49583333333333335,100,0.021739130434782653,100,0.7152941176470585,85,0.01681184668989548,100,0.81,100,0.81,100,0.81,100,0.81,100
containerd/containerd,causal_rolling_mad,rerun_rate,metric_shift,failure_rate+rerun_rate,2,high,4,observed,none,100,1.0,100,1.0,100,0.0,100,3.0,100,0.0,100,1.0,100,0.0,100,0.7575,100,0.021739130434782653,100,1.0,100,0.0,100,1.0,100,1.0,100,1.0,100,1.0,100
containerd/containerd,causal_rolling_mad,union,metric_shift,failure_rate+rerun_rate,2,high,4,observed,none,100,1.0,100,0.97,100,0.04444444444444437,100,2.94,100,0.0,100,1.0,100,0.0375,100,0.7425,100,0.021739130434782653,100,0.7174999999999997,100,0.03240418118466901,100,1.0,100,1.0,100,1.0,100,1.0,100
containerd/containerd,causal_rolling_mad,two_of_three,metric_shift,failure_rate+rerun_rate,2,high,4,observed,none,100,0.79,100,1.0253164556962024,79,0.0,100,1.93,100,0.0,100,0.79,100,0.0,100,0.48833333333333334,100,0.021739130434782653,100,1.0,79,0.0,100,0.79,100,0.79,100,0.79,100,0.79,100
containerd/containerd,mewma,mewma,metric_shift,failure_rate+rerun_rate,2,high,4,observed,none,100,1.0,100,0.67,100,0.0,100,6.75,100,3.42,100,1.0,100,0.0,100,0.4697539682539681,100,0.0,100,0.5103968253968252,100,0.0814285714285713,100,1.0,100,1.0,100,1.0,100,1.0,100
containerd/containerd,causal_rolling_mad,latency_log,metric_shift,failure_rate+rerun_rate,2,medium,4,low_volume,none,100,0.0,100,,0,0.0,100,0.0,100,0.0,100,0.0,100,0.0,100,0.0,100,0.021739130434782653,100,,0,0.0,100,0.0,100,0.0,100,0.0,100,0.0,100
containerd/containerd,causal_rolling_mad,failure_rate,metric_shift,failure_rate+rerun_rate,2,medium,4,low_volume,none,100,0.38,100,1.105263157894737,38,0.022222222222222185,100,0.72,100,0.0,100,0.4,100,0.0125,100,0.18083333333333335,100,0.021739130434782653,100,0.3522916666666668,80,0.017288037166085953,100,0.38,100,0.38,100,0.38,100,0.38,100
containerd/containerd,causal_rolling_mad,rerun_rate,metric_shift,failure_rate+rerun_rate,2,medium,4,low_volume,none,100,0.83,100,1.2409638554216869,83,0.0,100,1.88,100,0.0,100,0.83,100,0.0,100,0.4808333333333333,100,0.021739130434782653,100,1.0,83,0.0,100,0.83,100,0.83,100,0.83,100,0.83,100
containerd/containerd,causal_rolling_mad,union,metric_shift,failure_rate+rerun_rate,2,medium,4,low_volume,none,100,0.91,100,1.0769230769230769,91,0.04444444444444437,100,2.25,100,0.0,100,0.91,100,0.0375,100,0.575,100,0.021739130434782653,100,0.6243197278911565,98,0.0323809523809524,100,0.91,100,0.91,100,0.91,100,0.91,100
containerd/containerd,causal_rolling_mad,two_of_three,metric_shift,failure_rate+rerun_rate,2,medium,4,low_volume,none,100,0.28,100,1.25,28,0.0,100,0.42,100,0.0,100,0.28,100,0.0,100,0.105,100,0.021739130434782653,100,1.0,28,0.0,100,0.28,100,0.28,100,0.28,100,0.28,100
containerd/containerd,mewma,mewma,metric_shift,failure_rate+rerun_rate,2,medium,4,low_volume,none,100,0.99,100,1.0808080808080809,99,0.0,100,5.68,100,2.79,100,0.99,100,0.0,100,0.43965873015873,100,0.0,100,0.5467813051146384,99,0.06642857142857138,100,0.99,100,0.99,100,0.99,100,0.99,100
containerd/containerd,causal_rolling_mad,latency_log,metric_shift,failure_rate+rerun_rate,2,medium,4,observed,controlled,100,0.0,100,,0,0.0,100,0.0,100,0.0,100,0.0,100,0.0,100,0.0,100,0.021739130434782653,100,,0,0.0,100,0.0,100,0.0,100,0.0,100,0.0,100
containerd/containerd,causal_rolling_mad,failure_rate,metric_shift,failure_rate+rerun_rate,2,medium,4,observed,controlled,100,0.24,100,0.7916666666666666,24,0.02096333026696502,100,0.49,100,0.0,100,0.24,100,0.010833333333333332,100,0.18806306306306309,74,0.23260869565217399,100,0.25182648401826485,73,0.019609116463135828,100,0.24,100,0.24,100,0.24,100,0.24,100
containerd/containerd,causal_rolling_mad,rerun_rate,metric_shift,failure_rate+rerun_rate,2,medium,4,observed,controlled,100,0.44,100,1.0454545454545454,44,0.0,100,0.79,100,0.0,100,0.44,100,0.0,100,0.36226851851851855,72,0.27000000000000024,100,1.0,44,0.0,100,0.44,100,0.44,100,0.44,100,0.44,100
containerd/containerd,causal_rolling_mad,union,metric_shift,failure_rate+rerun_rate,2,medium,4,observed,controlled,100,0.2,100,0.75,20,0.04257924093836924,100,0.24,100,0.0,100,0.2,100,0.005,100,0.2633333333333333,50,0.3543478260869566,100,0.13220973782771533,89,0.043051836806063344,100,0.2,100,0.2,100,0.2,100,0.2,100
containerd/containerd,causal_rolling_mad,two_of_three,metric_shift,failure_rate+rerun_rate,2,medium,4,observed,controlled,100,0.07,100,1.0,7,0.0,100,0.08,100,0.0,100,0.07,100,0.0,100,0.07333333333333333,50,0.3543478260869566,100,1.0,7,0.0,100,0.07,100,0.07,100,0.07,100,0.07,100
containerd/containerd,mewma,mewma,metric_shift,failure_rate+rerun_rate,2,medium,4,observed,controlled,100,0.95,100,1.4842105263157894,95,0.0,100,4.43,100,2.04,100,0.95,100,0.0,100,0.3917777777777777,100,0.0,100,0.5780116959064328,95,0.04857142857142854,100,0.95,100,0.95,100,0.95,100,0.95,100
containerd/containerd,causal_rolling_mad,latency_log,metric_shift,failure_rate+rerun_rate,2,low,8,observed,none,100,0.0,100,,0,0.0,100,0.0,100,0.0,100,0.0,100,0.0,100,0.0,100,0.021739130434782653,100,,0,0.0,100,0.0,100,0.0,100,0.0,100,0.0,100
containerd/containerd,causal_rolling_mad,failure_rate,metric_shift,failure_rate+rerun_rate,2,low,8,observed,none,100,0.37,100,1.8918918918918919,37,0.022222222222222185,100,0.64,100,0.0,100,0.38,100,0.02875,100,0.08,100,0.021739130434782653,100,0.4927536231884059,69,0.011066856330014214,100,0.37,100,0.37,100,0.37,100,0.37,100
containerd/containerd,causal_rolling_mad,rerun_rate,metric_shift,failure_rate+rerun_rate,2,low,8,observed,none,100,0.34,100,1.1176470588235294,34,0.0,100,0.86,100,0.0,100,0.34,100,0.0,100,0.10803571428571429,100,0.021739130434782653,100,1.0,34,0.0,100,0.34,100,0.34,100,0.34,100,0.34,100
containerd/containerd,causal_rolling_mad,union,metric_shift,failure_rate+rerun_rate,2,low,8,observed,none,100,0.71,100,1.408450704225352,71,0.04444444444444437,100,1.48,100,0.0,100,0.72,100,0.04625,100,0.18553571428571428,100,0.021739130434782653,100,0.5647509578544061,87,0.024566145092460884,100,0.71,100,0.71,100,0.71,100,0.71,100
containerd/containerd,causal_rolling_mad,two_of_three,metric_shift,failure_rate+rerun_rate,2,low,8,observed,none,100,0.02,100,1.0,2,0.0,100,0.03,100,0.0,100,0.02,100,0.0,100,0.00375,100,0.021739130434782653,100,1.0,2,0.0,100,0.02,100,0.02,100,0.02,100,0.02,100
containerd/containerd,mewma,mewma,metric_shift,failure_rate+rerun_rate,2,low,8,observed,none,100,0.99,100,2.4242424242424243,99,0.0,100,7.75,100,2.28,100,0.99,100,0.0,100,0.5444979464979461,100,0.0,100,0.7316075619105922,99,0.05999999999999997,100,0.99,100,0.99,100,0.99,100,0.99,100
containerd/containerd,causal_rolling_mad,latency_log,metric_shift,failure_rate+rerun_rate,2,medium,8,observed,none,100,0.0,100,,0,0.0,100,0.0,100,0.0,100,0.0,100,0.0,100,0.0,100,0.021739130434782653,100,,0,0.0,100,0.0,100,0.0,100,0.0,100,0.0,100
containerd/containerd,causal_rolling_mad,failure_rate,metric_shift,failure_rate+rerun_rate,2,medium,8,observed,none,100,0.59,100,1.2203389830508475,59,0.022222222222222185,100,1.25,100,0.0,100,0.59,100,0.0275,100,0.15625,100,0.021739130434782653,100,0.6137387387387385,74,0.014573257467994294,100,0.59,100,0.59,100,0.59,100,0.59,100
containerd/containerd,causal_rolling_mad,rerun_rate,metric_shift,failure_rate+rerun_rate,2,medium,8,observed,none,100,0.83,100,1.0240963855421688,83,0.0,100,2.9,100,0.0,100,0.83,100,0.0,100,0.36517857142857146,100,0.021739130434782653,100,1.0,83,0.0,100,0.83,100,0.83,100,0.83,100,0.83,100
containerd/containerd,causal_rolling_mad,union,metric_shift,failure_rate+rerun_rate,2,medium,8,observed,none,100,0.87,100,1.0,87,0.04444444444444437,100,3.1,100,0.0,100,0.87,100,0.05,100,0.3901785714285715,100,0.021739130434782653,100,0.7424023542001069,89,0.02698435277382647,100,0.87,100,0.87,100,0.87,100,0.87,100
containerd/containerd,causal_rolling_mad,two_of_three,metric_shift,failure_rate+rerun_rate,2,medium,8,observed,none,100,0.52,100,1.0961538461538463,52,0.0,100,1.02,100,0.0,100,0.52,100,0.0,100,0.1275,100,0.021739130434782653,100,1.0,52,0.0,100,0.52,100,0.52,100,0.52,100,0.52,100
containerd/containerd,mewma,mewma,metric_shift,failure_rate+rerun_rate,2,medium,8,observed,none,100,1.0,100,1.07,100,0.0,100,11.58,100,4.65,100,1.0,100,0.0,100,0.5617230963480964,100,0.0,100,0.6115126262626266,100,0.12236842105263152,100,1.0,100,1.0,100,1.0,100,1.0,100
containerd/containerd,causal_rolling_mad,latency_log,metric_shift,failure_rate+rerun_rate,2,high,8,observed,none,100,0.0,100,,0,0.0,100,0.0,100,0.0,100,0.0,100,0.0,100,0.0,100,0.021739130434782653,100,,0,0.0,100,0.0,100,0.0,100,0.0,100,0.0,100
containerd/containerd,causal_rolling_mad,failure_rate,metric_shift,failure_rate+rerun_rate,2,high,8,observed,none,100,0.83,100,0.9759036144578314,83,0.022222222222222185,100,2.93,100,0.0,100,0.83,100,0.02125,100,0.3669642857142857,100,0.021739130434782653,100,0.8616465863453814,83,0.013769559032716911,100,0.83,100,0.83,100,0.83,100,0.83,100
containerd/containerd,causal_rolling_mad,rerun_rate,metric_shift,failure_rate+rerun_rate,2,high,8,observed,none,100,1.0,100,0.97,100,0.0,100,5.02,100,0.0,100,1.0,100,0.0,100,0.6296428571428572,100,0.021739130434782653,100,1.0,100,0.0,100,1.0,100,1.0,100,1.0,100,1.0,100
containerd/containerd,causal_rolling_mad,union,metric_shift,failure_rate+rerun_rate,2,high,8,observed,none,100,1.0,100,0.94,100,0.04444444444444437,100,4.88,100,0.0,100,1.0,100,0.05375,100,0.6121428571428571,100,0.021739130434782653,100,0.8531666666666665,100,0.02564722617354196,100,1.0,100,1.0,100,1.0,100,1.0,100
containerd/containerd,causal_rolling_mad,two_of_three,metric_shift,failure_rate+rerun_rate,2,high,8,observed,none,100,0.8,100,1.0125,80,0.0,100,2.86,100,0.0,100,0.8,100,0.0,100,0.3582142857142857,100,0.021739130434782653,100,1.0,80,0.0,100,0.8,100,0.8,100,0.8,100,0.8,100
containerd/containerd,mewma,mewma,metric_shift,failure_rate+rerun_rate,2,high,8,observed,none,100,1.0,100,0.78,100,0.0,100,12.18,100,4.96,100,1.0,100,0.0,100,0.5732871156621158,100,0.0,100,0.60543006993007,100,0.13052631578947366,100,1.0,100,1.0,100,1.0,100,1.0,100
containerd/containerd,causal_rolling_mad,latency_log,metric_shift,failure_rate+rerun_rate,2,medium,8,low_volume,none,100,0.0,100,,0,0.0,100,0.0,100,0.0,100,0.0,100,0.0,100,0.0,100,0.021739130434782653,100,,0,0.0,100,0.0,100,0.0,100,0.0,100,0.0,100
containerd/containerd,causal_rolling_mad,failure_rate,metric_shift,failure_rate+rerun_rate,2,medium,8,low_volume,none,100,0.53,100,1.3584905660377358,53,0.022222222222222185,100,1.08,100,0.0,100,0.54,100,0.02375,100,0.135,100,0.021739130434782653,100,0.554566210045662,73,0.014580369843527723,100,0.53,100,0.53,100,0.53,100,0.53,100
containerd/containerd,causal_rolling_mad,rerun_rate,metric_shift,failure_rate+rerun_rate,2,medium,8,low_volume,none,100,0.82,100,1.2560975609756098,82,0.0,100,2.61,100,0.0,100,0.82,100,0.0,100,0.32785714285714285,100,0.021739130434782653,100,1.0,82,0.0,100,0.82,100,0.82,100,0.82,100,0.82,100
containerd/containerd,causal_rolling_mad,union,metric_shift,failure_rate+rerun_rate,2,medium,8,low_volume,none,100,0.9,100,1.3111111111111111,90,0.04444444444444437,100,3.0,100,0.0,100,0.9,100,0.05125,100,0.37660714285714286,100,0.021739130434782653,100,0.7554160125588697,91,0.026458036984352756,100,0.9,100,0.9,100,0.9,100,0.9,100
containerd/containerd,causal_rolling_mad,two_of_three,metric_shift,failure_rate+rerun_rate,2,medium,8,low_volume,none,100,0.38,100,1.105263157894737,38,0.0,100,0.65,100,0.0,100,0.38,100,0.0,100,0.08125,100,0.021739130434782653,100,1.0,38,0.0,100,0.38,100,0.38,100,0.38,100,0.38,100
containerd/containerd,mewma,mewma,metric_shift,failure_rate+rerun_rate,2,medium,8,low_volume,none,100,1.0,100,1.14,100,0.0,100,11.17,100,4.33,100,1.0,100,0.0,100,0.5706140664890665,100,0.0,100,0.6273201243201245,100,0.1139473684210526,100,1.0,100,1.0,100,1.0,100,1.0,100
containerd/containerd,causal_rolling_mad,latency_log,metric_shift,failure_rate+rerun_rate,2,medium,8,observed,controlled,100,0.0,100,,0,0.0,100,0.0,100,0.0,100,0.0,100,0.0,100,0.0,100,0.021739130434782653,100,,0,0.0,100,0.0,100,0.0,100,0.0,100,0.0,100
containerd/containerd,causal_rolling_mad,failure_rate,metric_shift,failure_rate+rerun_rate,2,medium,8,observed,controlled,100,0.24,100,0.9583333333333334,24,0.016051722431205836,100,0.39,100,0.0,100,0.24,100,0.011166666666666667,100,0.2018131868131868,65,0.3715217391304349,100,0.36,50,0.01435098623205016,100,0.24,100,0.24,100,0.24,100,0.24,100
containerd/containerd,causal_rolling_mad,rerun_rate,metric_shift,failure_rate+rerun_rate,2,medium,8,observed,controlled,100,0.46,100,1.108695652173913,46,0.0,100,0.94,100,0.0,100,0.46,100,0.0,100,0.32385473176612417,79,0.35521739130434804,100,1.0,46,0.0,100,0.46,100,0.46,100,0.46,100,0.46,100
containerd/containerd,causal_rolling_mad,union,metric_shift,failure_rate+rerun_rate,2,medium,8,observed,controlled,100,0.26,100,0.9230769230769231,26,0.03427712238535596,100,0.38,100,0.0,100,0.28,100,0.02783333333333333,100,0.30699999999999994,50,0.41760869565217396,100,0.23333333333333334,80,0.03274012757418561,100,0.26,100,0.26,100,0.26,100,0.26,100
containerd/containerd,causal_rolling_mad,two_of_three,metric_shift,failure_rate+rerun_rate,2,medium,8,observed,controlled,100,0.12,100,1.0,12,0.0,100,0.16,100,0.0,100,0.12,100,0.0,100,0.12300000000000001,50,0.41760869565217396,100,1.0,12,0.0,100,0.12,100,0.12,100,0.12,100,0.12,100
containerd/containerd,mewma,mewma,metric_shift,failure_rate+rerun_rate,2,medium,8,observed,controlled,100,1.0,100,1.47,100,0.0,100,10.59,100,4.06,100,1.0,100,0.0,100,0.5549998612498611,100,0.0,100,0.630105561105561,100,0.10684210526315782,100,1.0,100,1.0,100,1.0,100,1.0,100
containerd/containerd,causal_rolling_mad,latency_log,metric_shift,latency_log+failure_rate+rerun_rate,3,low,1,observed,none,100,0.0,100,,0,0.0,100,0.0,100,0.0,100,0.0,100,0.0,100,0.0,99,0.021739130434782653,100,,0,0.0,100,0.0,100,0.0,100,0.0,100,0.0,100
containerd/containerd,causal_rolling_mad,failure_rate,metric_shift,latency_log+failure_rate+rerun_rate,3,low,1,observed,none,100,0.07,100,0.0,7,0.022222222222222185,100,0.15,100,0.08,100,0.09,100,0.02,100,0.050505050505050504,99,0.021739130434782653,100,0.06712962962962962,72,0.01772222222222221,100,0.07,100,0.1,100,0.1,100,0.11,100
containerd/containerd,causal_rolling_mad,rerun_rate,metric_shift,latency_log+failure_rate+rerun_rate,3,low,1,observed,none,100,0.0,100,,0,0.0,100,0.01,100,0.01,100,0.0,100,0.0,100,0.0,99,0.021739130434782653,100,0.0,1,0.00022727272727272727,100,0.0,100,0.01,100,0.01,100,0.01,100
containerd/containerd,causal_rolling_mad,union,metric_shift,latency_log+failure_rate+rerun_rate,3,low,1,observed,none,100,0.12,100,0.0,12,0.04444444444444437,100,0.22,100,0.1,100,0.14,100,0.02,100,0.10101010101010101,99,0.021739130434782653,100,0.061855670103092765,97,0.037035353535353546,100,0.12,100,0.17,100,0.17,100,0.18,100
containerd/containerd,causal_rolling_mad,two_of_three,metric_shift,latency_log+failure_rate+rerun_rate,3,low,1,observed,none,100,0.0,100,,0,0.0,100,0.0,100,0.0,100,0.0,100,0.0,100,0.0,99,0.021739130434782653,100,,0,0.0,100,0.0,100,0.0,100,0.0,100,0.0,100
containerd/containerd,mewma,mewma,metric_shift,latency_log+failure_rate+rerun_rate,3,low,1,observed,none,100,0.17,100,0.0,17,0.0,100,0.34,100,0.17,100,0.17,100,0.0,100,0.125,100,0.0,100,0.5,25,0.0037777777777777766,100,0.17,100,0.19,100,0.2,100,0.24,100
containerd/containerd,causal_rolling_mad,latency_log,metric_shift,latency_log+failure_rate+rerun_rate,3,medium,1,observed,none,100,0.0,100,,0,0.0,100,0.02,100,0.02,100,0.0,100,0.0,100,0.0,97,0.021739130434782653,100,0.0,2,0.00045454545454545455,100,0.0,100,0.02,100,0.02,100,0.02,100
containerd/containerd,causal_rolling_mad,failure_rate,metric_shift,latency_log+failure_rate+rerun_rate,3,medium,1,observed,none,100,0.06,100,0.0,6,0.022222222222222185,100,0.11,100,0.05,100,0.08,100,0.02,100,0.05154639175257732,97,0.021739130434782653,100,0.05833333333333333,80,0.018848484848484833,100,0.06,100,0.09,100,0.09,100,0.09,100
containerd/containerd,causal_rolling_mad,rerun_rate,metric_shift,latency_log+failure_rate+rerun_rate,3,medium,1,observed,none,100,0.01,100,0.0,1,0.0,100,0.04,100,0.03,100,0.01,100,0.0,100,0.010309278350515464,97,0.021739130434782653,100,0.25,4,0.0006818181818181818,100,0.01,100,0.04,100,0.04,100,0.04,100
containerd/containerd,causal_rolling_mad,union,metric_shift,latency_log+failure_rate+rerun_rate,3,medium,1,observed,none,100,0.06,100,0.0,6,0.04444444444444437,100,0.13,100,0.07,100,0.1,100,0.04,100,0.05154639175257732,97,0.021739130434782653,100,0.0510204081632653,98,0.0367878787878788,100,0.06,100,0.11,100,0.11,100,0.11,100
containerd/containerd,causal_rolling_mad,two_of_three,metric_shift,latency_log+failure_rate+rerun_rate,3,medium,1,observed,none,100,0.0,100,,0,0.0,100,0.0,100,0.0,100,0.0,100,0.0,100,0.0,97,0.021739130434782653,100,,0,0.0,100,0.0,100,0.0,100,0.0,100,0.0,100
containerd/containerd,mewma,mewma,metric_shift,latency_log+failure_rate+rerun_rate,3,medium,1,observed,none,100,0.67,100,0.0,67,0.0,100,1.36,100,0.69,100,0.67,100,0.0,100,0.43833333333333335,100,0.0,100,0.6004566210045662,73,0.015333333333333327,100,0.67,100,0.67,100,0.69,100,0.71,100
containerd/containerd,causal_rolling_mad,latency_log,metric_shift,latency_log+failure_rate+rerun_rate,3,high,1,observed,none,100,0.0,100,,0,0.0,100,0.03,100,0.03,100,0.0,100,0.0,100,0.0,100,0.021739130434782653,100,0.0,3,0.0006818181818181818,100,0.0,100,0.03,100,0.03,100,0.03,100
containerd/containerd,causal_rolling_mad,failure_rate,metric_shift,latency_log+failure_rate+rerun_rate,3,high,1,observed,none,100,0.09,100,0.0,9,0.022222222222222185,100,0.18,100,0.09,100,0.15,100,0.06,100,0.055,100,0.021739130434782653,100,0.10606060606060605,88,0.020681818181818176,100,0.09,100,0.11,100,0.11,100,0.11,100
containerd/containerd,causal_rolling_mad,rerun_rate,metric_shift,latency_log+failure_rate+rerun_rate,3,high,1,observed,none,100,0.01,100,0.0,1,0.0,100,0.07,100,0.06,100,0.01,100,0.0,100,0.01,100,0.021739130434782653,100,0.14285714285714285,7,0.0013636363636363637,100,0.01,100,0.07,100,0.07,100,0.07,100
containerd/containerd,causal_rolling_mad,union,metric_shift,latency_log+failure_rate+rerun_rate,3,high,1,observed,none,100,0.12,100,0.0,12,0.04444444444444437,100,0.24,100,0.12,100,0.19,100,0.07,100,0.085,100,0.021739130434782653,100,0.10714285714285714,98,0.03704545454545456,100,0.12,100,0.17,100,0.17,100,0.17,100
containerd/containerd,causal_rolling_mad,two_of_three,metric_shift,latency_log+failure_rate+rerun_rate,3,high,1,observed,none,100,0.0,100,,0,0.0,100,0.0,100,0.0,100,0.0,100,0.0,100,0.0,100,0.021739130434782653,100,,0,0.0,100,0.0,100,0.0,100,0.0,100,0.0,100
containerd/containerd,mewma,mewma,metric_shift,latency_log+failure_rate+rerun_rate,3,high,1,observed,none,100,0.68,100,0.0,68,0.0,100,1.61,100,0.93,100,0.68,100,0.0,100,0.36416666666666664,100,0.0,100,0.5202380952380952,70,0.020666666666666653,100,0.68,100,0.7,100,0.7,100,0.7,100
containerd/containerd,causal_rolling_mad,latency_log,metric_shift,latency_log+failure_rate+rerun_rate,3,medium,1,low_volume,none,100,0.0,100,,0,0.0,100,0.05,100,0.05,100,0.0,100,0.0,100,0.0,100,0.021739130434782653,100,0.0,5,0.0011363636363636365,100,0.0,100,0.05,100,0.05,100,0.05,100
containerd/containerd,causal_rolling_mad,failure_rate,metric_shift,latency_log+failure_rate+rerun_rate,3,medium,1,low_volume,none,100,0.08,100,0.0,8,0.022222222222222185,100,0.14,100,0.06,100,0.1,100,0.02,100,0.07,100,0.021739130434782653,100,0.06439393939393939,88,0.020909090909090905,100,0.08,100,0.12,100,0.12,100,0.12,100
containerd/containerd,causal_rolling_mad,rerun_rate,metric_shift,latency_log+failure_rate+rerun_rate,3,medium,1,low_volume,none,100,0.05,100,0.0,5,0.0,100,0.07,100,0.02,100,0.05,100,0.0,100,0.05,100,0.021739130434782653,100,0.7142857142857143,7,0.00045454545454545455,100,0.05,100,0.07,100,0.07,100,0.07,100
containerd/containerd,causal_rolling_mad,union,metric_shift,latency_log+failure_rate+rerun_rate,3,medium,1,low_volume,none,100,0.11,100,0.0,11,0.04444444444444437,100,0.22,100,0.11,100,0.19,100,0.08,100,0.1,100,0.021739130434782653,100,0.08843537414965985,98,0.03840909090909091,100,0.11,100,0.2,100,0.2,100,0.2,100
containerd/containerd,causal_rolling_mad,two_of_three,metric_shift,latency_log+failure_rate+rerun_rate,3,medium,1,low_volume,none,100,0.0,100,,0,0.0,100,0.0,100,0.0,100,0.0,100,0.0,100,0.0,100,0.021739130434782653,100,,0,0.0,100,0.0,100,0.0,100,0.0,100,0.0,100
containerd/containerd,mewma,mewma,metric_shift,latency_log+failure_rate+rerun_rate,3,medium,1,low_volume,none,100,0.68,100,0.0,68,0.0,100,1.28,100,0.6,100,0.68,100,0.0,100,0.45500000000000007,100,0.0,100,0.6408450704225354,71,0.013333333333333329,100,0.68,100,0.68,100,0.68,100,0.71,100
containerd/containerd,causal_rolling_mad,latency_log,metric_shift,latency_log+failure_rate+rerun_rate,3,medium,1,observed,controlled,100,0.0,100,,0,0.0,100,0.03,100,0.03,100,0.0,100,0.0,100,0.0,71,0.0991304347826086,100,0.0,3,0.0006818181818181818,100,0.0,100,0.03,100,0.03,100,0.03,100
containerd/containerd,causal_rolling_mad,failure_rate,metric_shift,latency_log+failure_rate+rerun_rate,3,medium,1,observed,controlled,100,0.04,100,0.0,4,0.022081310479386277,100,0.1,100,0.06,100,0.04,100,0.0,100,0.0625,56,0.13782608695652177,100,0.021825396825396824,84,0.022818684216760043,100,0.04,100,0.09,100,0.09,100,0.09,100
containerd/containerd,causal_rolling_mad,rerun_rate,metric_shift,latency_log+failure_rate+rerun_rate,3,medium,1,observed,controlled,100,0.02,100,0.0,2,0.0,100,0.02,100,0.0,100,0.02,100,0.0,100,0.029850746268656716,67,0.11239130434782613,100,1.0,2,0.0,100,0.02,100,0.02,100,0.02,100,0.02,100
containerd/containerd,causal_rolling_mad,union,metric_shift,latency_log+failure_rate+rerun_rate,3,medium,1,observed,controlled,100,0.0,100,,0,0.04499807247715,100,0.0,100,0.0,100,0.0,100,0.0,100,,0,0.30586956521739167,100,0.0,94,0.04499807247715,100,0.0,100,0.0,100,0.0,100,0.0,100
containerd/containerd,causal_rolling_mad,two_of_three,metric_shift,latency_log+failure_rate+rerun_rate,3,medium,1,observed,controlled,100,0.0,100,,0,0.0,100,0.0,100,0.0,100,0.0,100,0.0,100,,0,0.30586956521739167,100,,0,0.0,100,0.0,100,0.0,100,0.0,100,0.0,100
containerd/containerd,mewma,mewma,metric_shift,latency_log+failure_rate+rerun_rate,3,medium,1,observed,controlled,100,0.43,100,0.0,43,0.0,100,0.87,100,0.44,100,0.43,100,0.0,100,0.3025,100,0.0,100,0.6173469387755102,49,0.00977777777777778,100,0.43,100,0.44,100,0.46,100,0.48,100
containerd/containerd,causal_rolling_mad,latency_log,metric_shift,latency_log+failure_rate+rerun_rate,3,low,2,observed,none,100,0.84,100,1.0,84,0.0,100,0.84,100,0.0,100,0.84,100,0.0,100,0.42,100,0.021739130434782653,100,1.0,84,0.0,100,0.84,100,0.84,100,0.84,100,0.84,100
containerd/containerd,causal_rolling_mad,failure_rate,metric_shift,latency_log+failure_rate+rerun_rate,3,low,2,observed,none,100,0.13,100,0.7692307692307693,13,0.022222222222222185,100,0.19,100,0.04,100,0.14,100,0.015,100,0.07166666666666666,100,0.021739130434782653,100,0.11255411255411255,77,0.017906976744186065,100,0.13,100,0.15,100,0.15,100,0.15,100
containerd/containerd,causal_rolling_mad,rerun_rate,metric_shift,latency_log+failure_rate+rerun_rate,3,low,2,observed,none,100,0.41,100,0.975609756097561,41,0.0,100,0.44,100,0.02,100,0.41,100,0.0,100,0.20666666666666667,100,0.021739130434782653,100,0.975609756097561,41,0.0004651162790697674,100,0.41,100,0.41,100,0.41,100,0.41,100
containerd/containerd,causal_rolling_mad,union,metric_shift,latency_log+failure_rate+rerun_rate,3,low,2,observed,none,100,0.87,100,0.9425287356321839,87,0.04444444444444437,100,0.98,100,0.06,100,0.92,100,0.055,100,0.45,100,0.021739130434782653,100,0.45083333333333336,100,0.032093023255813986,100,0.87,100,0.87,100,0.87,100,0.87,100
containerd/containerd,causal_rolling_mad,two_of_three,metric_shift,latency_log+failure_rate+rerun_rate,3,low,2,observed,none,100,0.46,100,1.0,46,0.0,100,0.46,100,0.0,100,0.46,100,0.0,100,0.23,100,0.021739130434782653,100,1.0,46,0.0,100,0.46,100,0.46,100,0.46,100,0.46,100
containerd/containerd,mewma,mewma,metric_shift,latency_log+failure_rate+rerun_rate,3,low,2,observed,none,100,0.67,100,0.835820895522388,67,0.0,100,1.43,100,0.65,100,0.67,100,0.0,100,0.2901666666666666,100,0.0,100,0.6272058823529411,68,0.014772727272727264,100,0.67,100,0.67,100,0.68,100,0.68,100
containerd/containerd,causal_rolling_mad,latency_log,metric_shift,latency_log+failure_rate+rerun_rate,3,medium,2,observed,none,100,1.0,100,1.0,100,0.0,100,1.01,100,0.01,100,1.0,100,0.0,100,0.5083333333333333,100,0.021739130434782653,100,0.995,100,0.0002325581395348837,100,1.0,100,1.0,100,1.0,100,1.0,100
containerd/containerd,causal_rolling_mad,failure_rate,metric_shift,latency_log+failure_rate+rerun_rate,3,medium,2,observed,none,100,0.32,100,0.78125,32,0.022222222222222185,100,0.41,100,0.02,100,0.36,100,0.03,100,0.19166666666666665,100,0.021739130434782653,100,0.2987012987012987,77,0.016268498942917563,100,0.32,100,0.32,100,0.32,100,0.32,100
containerd/containerd,causal_rolling_mad,rerun_rate,metric_shift,latency_log+failure_rate+rerun_rate,3,medium,2,observed,none,100,0.79,100,0.9746835443037974,79,0.0,100,0.82,100,0.01,100,0.79,100,0.0,100,0.4133333333333333,100,0.021739130434782653,100,0.9936708860759493,79,0.0002325581395348837,100,0.79,100,0.79,100,0.79,100,0.79,100
containerd/containerd,causal_rolling_mad,union,metric_shift,latency_log+failure_rate+rerun_rate,3,medium,2,observed,none,100,0.94,100,0.8829787234042553,94,0.04444444444444437,100,1.08,100,0.03,100,1.0,100,0.045,100,0.53,100,0.021739130434782653,100,0.48250000000000015,100,0.03276955602537001,100,0.94,100,0.94,100,0.94,100,0.94,100
containerd/containerd,causal_rolling_mad,two_of_three,metric_shift,latency_log+failure_rate+rerun_rate,3,medium,2,observed,none,100,0.82,100,1.0,82,0.0,100,0.82,100,0.0,100,0.82,100,0.0,100,0.42,100,0.021739130434782653,100,1.0,82,0.0,100,0.82,100,0.82,100,0.82,100,0.82,100
containerd/containerd,mewma,mewma,metric_shift,latency_log+failure_rate+rerun_rate,3,medium,2,observed,none,100,1.0,100,0.32,100,0.0,100,4.24,100,2.56,100,1.0,100,0.0,100,0.3993095238095238,100,0.0,100,0.4394523809523808,100,0.058181818181818196,100,1.0,100,1.0,100,1.0,100,1.0,100
containerd/containerd,causal_rolling_mad,latency_log,metric_shift,latency_log+failure_rate+rerun_rate,3,high,2,observed,none,100,1.0,100,1.0,100,0.0,100,1.01,100,0.01,100,1.0,100,0.0,100,0.5033333333333334,100,0.021739130434782653,100,0.995,100,0.0002325581395348837,100,1.0,100,1.0,100,1.0,100,1.0,100
containerd/containerd,causal_rolling_mad,failure_rate,metric_shift,latency_log+failure_rate+rerun_rate,3,high,2,observed,none,100,0.82,100,0.9024390243902439,82,0.022222222222222185,100,0.92,100,0.03,100,0.83,100,0.02,100,0.445,100,0.021739130434782653,100,0.541198501872659,89,0.018366807610993678,100,0.82,100,0.82,100,0.82,100,0.82,100
containerd/containerd,causal_rolling_mad,rerun_rate,metric_shift,latency_log+failure_rate+rerun_rate,3,high,2,observed,none,100,1.0,100,0.98,100,0.0,100,1.06,100,0.04,100,1.0,100,0.0,100,0.5083333333333334,100,0.021739130434782653,100,0.98,100,0.0009302325581395348,100,1.0,100,1.0,100,1.0,100,1.0,100
containerd/containerd,causal_rolling_mad,union,metric_shift,latency_log+failure_rate+rerun_rate,3,high,2,observed,none,100,0.95,100,0.8947368421052632,95,0.04444444444444437,100,1.09,100,0.04,100,1.0,100,0.045,100,0.5233333333333333,100,0.021739130434782653,100,0.4758333333333332,100,0.033710359408033866,100,0.95,100,0.95,100,0.95,100,0.95,100
containerd/containerd,causal_rolling_mad,two_of_three,metric_shift,latency_log+failure_rate+rerun_rate,3,high,2,observed,none,100,1.0,100,1.0,100,0.0,100,1.0,100,0.0,100,1.0,100,0.0,100,0.505,100,0.021739130434782653,100,1.0,100,0.0,100,1.0,100,1.0,100,1.0,100,1.0,100
containerd/containerd,mewma,mewma,metric_shift,latency_log+failure_rate+rerun_rate,3,high,2,observed,none,100,1.0,100,0.23,100,0.0,100,5.21,100,3.44,100,1.0,100,0.0,100,0.3354761904761902,100,0.0,100,0.34904761904761883,100,0.07818181818181821,100,1.0,100,1.0,100,1.0,100,1.0,100
containerd/containerd,causal_rolling_mad,latency_log,metric_shift,latency_log+failure_rate+rerun_rate,3,medium,2,low_volume,none,100,1.0,100,1.0,100,0.0,100,1.04,100,0.04,100,1.0,100,0.0,100,0.5033333333333334,100,0.021739130434782653,100,0.98,100,0.0009302325581395348,100,1.0,100,1.0,100,1.0,100,1.0,100
containerd/containerd,causal_rolling_mad,failure_rate,metric_shift,latency_log+failure_rate+rerun_rate,3,medium,2,low_volume,none,100,0.28,100,0.8571428571428571,28,0.022222222222222185,100,0.34,100,0.02,100,0.29,100,0.01,100,0.15833333333333333,100,0.021739130434782653,100,0.21308016877637126,79,0.017896405919661754,100,0.28,100,0.28,100,0.28,100,0.28,100
containerd/containerd,causal_rolling_mad,rerun_rate,metric_shift,latency_log+failure_rate+rerun_rate,3,medium,2,low_volume,none,100,0.61,100,0.9508196721311475,61,0.0,100,0.67,100,0.04,100,0.61,100,0.0,100,0.3133333333333333,100,0.021739130434782653,100,0.9672131147540983,61,0.0009302325581395348,100,0.61,100,0.61,100,0.61,100,0.61,100
containerd/containerd,causal_rolling_mad,union,metric_shift,latency_log+failure_rate+rerun_rate,3,medium,2,low_volume,none,100,0.98,100,0.9183673469387755,98,0.04444444444444437,100,1.12,100,0.06,100,1.0,100,0.03,100,0.53,100,0.021739130434782653,100,0.4341666666666669,100,0.037188160676532814,100,0.98,100,0.98,100,0.98,100,0.98,100
containerd/containerd,causal_rolling_mad,two_of_three,metric_shift,latency_log+failure_rate+rerun_rate,3,medium,2,low_volume,none,100,0.71,100,1.0,71,0.0,100,0.71,100,0.0,100,0.71,100,0.0,100,0.36,100,0.021739130434782653,100,1.0,71,0.0,100,0.71,100,0.71,100,0.71,100,0.71,100
containerd/containerd,mewma,mewma,metric_shift,latency_log+failure_rate+rerun_rate,3,medium,2,low_volume,none,100,0.99,100,0.36363636363636365,99,0.0,100,3.97,100,2.35,100,0.99,100,0.0,100,0.40238095238095234,100,0.0,100,0.46366041366041366,99,0.053409090909090955,100,0.99,100,0.99,100,0.99,100,0.99,100
containerd/containerd,causal_rolling_mad,latency_log,metric_shift,latency_log+failure_rate+rerun_rate,3,medium,2,observed,controlled,100,0.38,100,1.0,38,0.0,100,0.38,100,0.0,100,0.38,100,0.0,100,0.3220338983050847,59,0.19217391304347825,100,1.0,38,0.0,100,0.38,100,0.38,100,0.38,100,0.38,100
containerd/containerd,causal_rolling_mad,failure_rate,metric_shift,latency_log+failure_rate+rerun_rate,3,medium,2,observed,controlled,100,0.14,100,0.8571428571428571,14,0.021667979662955465,100,0.16,100,0.01,100,0.16,100,0.02,100,0.12051282051282051,65,0.18608695652173915,100,0.1384976525821596,71,0.018840721968408407,100,0.14,100,0.14,100,0.14,100,0.14,100
containerd/containerd,causal_rolling_mad,rerun_rate,metric_shift,latency_log+failure_rate+rerun_rate,3,medium,2,observed,controlled,100,0.3,100,0.9666666666666667,30,0.0,100,0.32,100,0.01,100,0.3,100,0.0,100,0.21396396396396397,74,0.19369565217391305,100,0.9833333333333333,30,0.0002325581395348837,100,0.3,100,0.3,100,0.3,100,0.3,100
containerd/containerd,causal_rolling_mad,union,metric_shift,latency_log+failure_rate+rerun_rate,3,medium,2,observed,controlled,100,0.02,100,0.0,2,0.0434408789101288,100,0.02,100,0.0,100,0.04,100,0.02,100,0.09090909090909091,22,0.30760869565217425,100,0.03296703296703297,91,0.04305653355256758,100,0.02,100,0.02,100,0.02,100,0.02,100
containerd/containerd,causal_rolling_mad,two_of_three,metric_shift,latency_log+failure_rate+rerun_rate,3,medium,2,observed,controlled,100,0.0,100,,0,0.0,100,0.0,100,0.0,100,0.0,100,0.0,100,0.0,22,0.30760869565217425,100,,0,0.0,100,0.0,100,0.0,100,0.0,100,0.0,100
containerd/containerd,mewma,mewma,metric_shift,latency_log+failure_rate+rerun_rate,3,medium,2,observed,controlled,100,0.83,100,0.5421686746987951,83,0.0,100,2.63,100,1.42,100,0.83,100,0.0,100,0.37361904761904746,100,0.0,100,0.5484948002189381,87,0.032272727272727286,100,0.83,100,0.84,100,0.85,100,0.87,100
containerd/containerd,causal_rolling_mad,latency_log,metric_shift,latency_log+failure_rate+rerun_rate,3,low,4,observed,none,100,0.94,100,1.0957446808510638,94,0.0,100,2.6,100,0.0,100,0.94,100,0.0,100,0.6533333333333334,100,0.021739130434782653,100,1.0,94,0.0,100,0.94,100,0.94,100,0.94,100,0.94,100
containerd/containerd,causal_rolling_mad,failure_rate,metric_shift,latency_log+failure_rate+rerun_rate,3,low,4,observed,none,100,0.21,100,1.1904761904761905,21,0.022222222222222185,100,0.36,100,0.01,100,0.25,100,0.025,100,0.0875,100,0.021739130434782653,100,0.2687793427230047,71,0.014622531939605119,100,0.21,100,0.21,100,0.21,100,0.21,100
containerd/containerd,causal_rolling_mad,rerun_rate,metric_shift,latency_log+failure_rate+rerun_rate,3,low,4,observed,none,100,0.38,100,1.0,38,0.0,100,0.86,100,0.0,100,0.38,100,0.0,100,0.22,100,0.021739130434782653,100,1.0,38,0.0,100,0.38,100,0.38,100,0.38,100,0.38,100
containerd/containerd,causal_rolling_mad,union,metric_shift,latency_log+failure_rate+rerun_rate,3,low,4,observed,none,100,1.0,100,1.0,100,0.04444444444444437,100,2.79,100,0.01,100,1.0,100,0.045,100,0.6990000000000001,100,0.021739130434782653,100,0.7168333333333332,100,0.029732868757259022,100,1.0,100,1.0,100,1.0,100,1.0,100
containerd/containerd,causal_rolling_mad,two_of_three,metric_shift,latency_log+failure_rate+rerun_rate,3,low,4,observed,none,100,0.51,100,1.1568627450980393,51,0.0,100,1.0,100,0.0,100,0.51,100,0.0,100,0.2533333333333333,100,0.021739130434782653,100,1.0,51,0.0,100,0.51,100,0.51,100,0.51,100,0.51,100
containerd/containerd,mewma,mewma,metric_shift,latency_log+failure_rate+rerun_rate,3,low,4,observed,none,100,0.88,100,1.3409090909090908,88,0.0,100,4.28,100,1.94,100,0.88,100,0.0,100,0.3839682539682538,100,0.0,100,0.6050640331890331,88,0.0461904761904762,100,0.88,100,0.88,100,0.88,100,0.88,100
containerd/containerd,causal_rolling_mad,latency_log,metric_shift,latency_log+failure_rate+rerun_rate,3,medium,4,observed,none,100,1.0,100,1.0,100,0.0,100,3.02,100,0.02,100,1.0,100,0.0,100,0.752,100,0.021739130434782653,100,0.995,100,0.0004878048780487805,100,1.0,100,1.0,100,1.0,100,1.0,100
containerd/containerd,causal_rolling_mad,failure_rate,metric_shift,latency_log+failure_rate+rerun_rate,3,medium,4,observed,none,100,0.4,100,1.25,40,0.022222222222222185,100,0.69,100,0.0,100,0.4,100,0.025,100,0.1725,100,0.021739130434782653,100,0.3873873873873874,74,0.01486643437862951,100,0.4,100,0.4,100,0.4,100,0.4,100
containerd/containerd,causal_rolling_mad,rerun_rate,metric_shift,latency_log+failure_rate+rerun_rate,3,medium,4,observed,none,100,0.84,100,1.0714285714285714,84,0.0,100,2.12,100,0.0,100,0.84,100,0.0,100,0.535,100,0.021739130434782653,100,1.0,84,0.0,100,0.84,100,0.84,100,0.84,100,0.84,100
containerd/containerd,causal_rolling_mad,union,metric_shift,latency_log+failure_rate+rerun_rate,3,medium,4,observed,none,100,1.0,100,1.05,100,0.04444444444444437,100,2.9,100,0.02,100,1.0,100,0.0475,100,0.722,100,0.021739130434782653,100,0.7358333333333333,100,0.030220673635307803,100,1.0,100,1.0,100,1.0,100,1.0,100
containerd/containerd,causal_rolling_mad,two_of_three,metric_shift,latency_log+failure_rate+rerun_rate,3,medium,4,observed,none,100,0.89,100,1.0561797752808988,89,0.0,100,2.3,100,0.0,100,0.89,100,0.0,100,0.58,100,0.021739130434782653,100,1.0,89,0.0,100,0.89,100,0.89,100,0.89,100,0.89,100
containerd/containerd,mewma,mewma,metric_shift,latency_log+failure_rate+rerun_rate,3,medium,4,observed,none,100,1.0,100,0.26,100,0.0,100,8.31,100,4.57,100,1.0,100,0.0,100,0.4531987734487732,100,0.0,100,0.46422041847041823,100,0.10880952380952368,100,1.0,100,1.0,100,1.0,100,1.0,100
containerd/containerd,causal_rolling_mad,latency_log,metric_shift,latency_log+failure_rate+rerun_rate,3,high,4,observed,none,100,1.0,100,1.0,100,0.0,100,3.04,100,0.04,100,1.0,100,0.0,100,0.7464999999999997,100,0.021739130434782653,100,0.99,100,0.000975609756097561,100,1.0,100,1.0,100,1.0,100,1.0,100
containerd/containerd,causal_rolling_mad,failure_rate,metric_shift,latency_log+failure_rate+rerun_rate,3,high,4,observed,none,100,0.84,100,1.0,84,0.022222222222222185,100,2.11,100,0.0,100,0.84,100,0.015,100,0.5291666666666667,100,0.021739130434782653,100,0.7155430711610485,89,0.01779907084785135,100,0.84,100,0.84,100,0.84,100,0.84,100
containerd/containerd,causal_rolling_mad,rerun_rate,metric_shift,latency_log+failure_rate+rerun_rate,3,high,4,observed,none,100,1.0,100,0.96,100,0.0,100,3.03,100,0.0,100,1.0,100,0.0,100,0.76,100,0.021739130434782653,100,1.0,100,0.0,100,1.0,100,1.0,100,1.0,100,1.0,100
containerd/containerd,causal_rolling_mad,union,metric_shift,latency_log+failure_rate+rerun_rate,3,high,4,observed,none,100,1.0,100,0.95,100,0.04444444444444437,100,3.03,100,0.04,100,1.0,100,0.0325,100,0.7439999999999998,100,0.021739130434782653,100,0.7081666666666667,100,0.034378629500580744,100,1.0,100,1.0,100,1.0,100,1.0,100
containerd/containerd,causal_rolling_mad,two_of_three,metric_shift,latency_log+failure_rate+rerun_rate,3,high,4,observed,none,100,1.0,100,1.0,100,0.0,100,2.99,100,0.0,100,1.0,100,0.0,100,0.75,100,0.021739130434782653,100,1.0,100,0.0,100,1.0,100,1.0,100,1.0,100,1.0,100
containerd/containerd,mewma,mewma,metric_shift,latency_log+failure_rate+rerun_rate,3,high,4,observed,none,100,1.0,100,0.2,100,0.0,100,8.72,100,4.92,100,1.0,100,0.0,100,0.4589769119769118,100,0.0,100,0.46604509379509357,100,0.11714285714285703,100,1.0,100,1.0,100,1.0,100,1.0,100
containerd/containerd,causal_rolling_mad,latency_log,metric_shift,latency_log+failure_rate+rerun_rate,3,medium,4,low_volume,none,100,1.0,100,1.0,100,0.0,100,3.02,100,0.02,100,1.0,100,0.0,100,0.757,100,0.021739130434782653,100,0.995,100,0.0004878048780487805,100,1.0,100,1.0,100,1.0,100,1.0,100
containerd/containerd,causal_rolling_mad,failure_rate,metric_shift,latency_log+failure_rate+rerun_rate,3,medium,4,low_volume,none,100,0.46,100,1.2391304347826086,46,0.022222222222222185,100,0.8,100,0.0,100,0.47,100,0.025,100,0.2,100,0.021739130434782653,100,0.4385416666666667,80,0.015342624854819985,100,0.46,100,0.46,100,0.46,100,0.46,100
containerd/containerd,causal_rolling_mad,rerun_rate,metric_shift,latency_log+failure_rate+rerun_rate,3,medium,4,low_volume,none,100,0.83,100,1.1325301204819278,83,0.0,100,1.89,100,0.0,100,0.83,100,0.0,100,0.4783333333333333,100,0.021739130434782653,100,1.0,83,0.0,100,0.83,100,0.83,100,0.83,100,0.83,100
containerd/containerd,causal_rolling_mad,union,metric_shift,latency_log+failure_rate+rerun_rate,3,medium,4,low_volume,none,100,1.0,100,0.95,100,0.04444444444444437,100,2.99,100,0.02,100,1.0,100,0.0575,100,0.7495,100,0.021739130434782653,100,0.7338333333333334,100,0.030685249709639973,100,1.0,100,1.0,100,1.0,100,1.0,100
containerd/containerd,causal_rolling_mad,two_of_three,metric_shift,latency_log+failure_rate+rerun_rate,3,medium,4,low_volume,none,100,0.85,100,1.0823529411764705,85,0.0,100,2.12,100,0.0,100,0.85,100,0.0,100,0.5375,100,0.021739130434782653,100,1.0,85,0.0,100,0.85,100,0.85,100,0.85,100,0.85,100
containerd/containerd,mewma,mewma,metric_shift,latency_log+failure_rate+rerun_rate,3,medium,4,low_volume,none,100,1.0,100,0.34,100,0.0,100,8.09,100,4.43,100,1.0,100,0.0,100,0.4565306637806635,100,0.0,100,0.47364754689754685,100,0.10547619047619035,100,1.0,100,1.0,100,1.0,100,1.0,100
containerd/containerd,causal_rolling_mad,latency_log,metric_shift,latency_log+failure_rate+rerun_rate,3,medium,4,observed,controlled,100,0.53,100,1.0,53,0.0,100,1.18,100,0.0,100,0.53,100,0.0,100,0.4583333333333334,78,0.24804347826086962,100,1.0,53,0.0,100,0.53,100,0.53,100,0.53,100,0.53,100
containerd/containerd,causal_rolling_mad,failure_rate,metric_shift,latency_log+failure_rate+rerun_rate,3,medium,4,observed,controlled,100,0.25,100,0.8,25,0.02171994699870848,100,0.46,100,0.0,100,0.28,100,0.026666666666666665,100,0.21710526315789475,76,0.2671739130434783,100,0.2931924882629108,71,0.019417291998956053,100,0.25,100,0.25,100,0.25,100,0.25,100
containerd/containerd,causal_rolling_mad,rerun_rate,metric_shift,latency_log+failure_rate+rerun_rate,3,medium,4,observed,controlled,100,0.56,100,1.0178571428571428,56,0.0,100,1.04,100,0.0,100,0.56,100,0.0,100,0.39837398373983746,82,0.2406521739130435,100,1.0,56,0.0,100,0.56,100,0.56,100,0.56,100,0.56,100
containerd/containerd,causal_rolling_mad,union,metric_shift,latency_log+failure_rate+rerun_rate,3,medium,4,observed,controlled,100,0.09,100,0.4444444444444444,9,0.03829702564939887,100,0.1,100,0.0,100,0.15,100,0.05,100,0.14893617021276595,47,0.35869565217391314,100,0.10588235294117647,85,0.03697469191631875,100,0.09,100,0.09,100,0.09,100,0.09,100
containerd/containerd,causal_rolling_mad,two_of_three,metric_shift,latency_log+failure_rate+rerun_rate,3,medium,4,observed,controlled,100,0.06,100,1.0,6,0.0,100,0.06,100,0.0,100,0.06,100,0.0,100,0.06382978723404255,47,0.35869565217391314,100,1.0,6,0.0,100,0.06,100,0.06,100,0.06,100,0.06,100
containerd/containerd,mewma,mewma,metric_shift,latency_log+failure_rate+rerun_rate,3,medium,4,observed,controlled,100,1.0,100,0.59,100,0.0,100,7.4,100,4.0,100,1.0,100,0.0,100,0.44550216450216445,100,0.00021739130434782607,100,0.47968145743145724,100,0.09523809523809511,100,1.0,100,1.0,100,1.0,100,1.0,100
containerd/containerd,causal_rolling_mad,latency_log,metric_shift,latency_log+failure_rate+rerun_rate,3,low,8,observed,none,100,1.0,100,1.22,100,0.0,100,3.61,100,0.0,100,1.0,100,0.0,100,0.4516071428571429,100,0.021739130434782653,100,1.0,100,0.0,100,1.0,100,1.0,100,1.0,100,1.0,100
containerd/containerd,causal_rolling_mad,failure_rate,metric_shift,latency_log+failure_rate+rerun_rate,3,low,8,observed,none,100,0.3,100,1.8,30,0.022222222222222185,100,0.47,100,0.0,100,0.35,100,0.02375,100,0.05875,100,0.021739130434782653,100,0.3936936936936938,74,0.014587482219061148,100,0.3,100,0.3,100,0.3,100,0.3,100
containerd/containerd,causal_rolling_mad,rerun_rate,metric_shift,latency_log+failure_rate+rerun_rate,3,low,8,observed,none,100,0.46,100,1.0217391304347827,46,0.0,100,0.97,100,0.0,100,0.46,100,0.0,100,0.12160714285714284,100,0.021739130434782653,100,1.0,46,0.0,100,0.46,100,0.46,100,0.46,100,0.46,100
containerd/containerd,causal_rolling_mad,union,metric_shift,latency_log+failure_rate+rerun_rate,3,low,8,observed,none,100,1.0,100,0.85,100,0.04444444444444437,100,4.01,100,0.0,100,1.0,100,0.04625,100,0.5016071428571428,100,0.021739130434782653,100,0.8031904761904759,100,0.028634423897581782,100,1.0,100,1.0,100,1.0,100,1.0,100
containerd/containerd,causal_rolling_mad,two_of_three,metric_shift,latency_log+failure_rate+rerun_rate,3,low,8,observed,none,100,0.63,100,1.3650793650793651,63,0.0,100,1.17,100,0.0,100,0.63,100,0.0,100,0.14660714285714285,100,0.021739130434782653,100,1.0,63,0.0,100,0.63,100,0.63,100,0.63,100,0.63,100
containerd/containerd,mewma,mewma,metric_shift,latency_log+failure_rate+rerun_rate,3,low,8,observed,none,100,1.0,100,1.47,100,0.0,100,9.86,100,3.33,100,1.0,100,0.0,100,0.594028693528694,100,0.0,100,0.6785853868353869,100,0.08763157894736841,100,1.0,100,1.0,100,1.0,100,1.0,100
containerd/containerd,causal_rolling_mad,latency_log,metric_shift,latency_log+failure_rate+rerun_rate,3,medium,8,observed,none,100,1.0,100,1.0,100,0.0,100,5.76,100,0.0,100,1.0,100,0.0,100,0.7214285714285714,100,0.021739130434782653,100,1.0,100,0.0,100,1.0,100,1.0,100,1.0,100,1.0,100
containerd/containerd,causal_rolling_mad,failure_rate,metric_shift,latency_log+failure_rate+rerun_rate,3,medium,8,observed,none,100,0.59,100,1.1355932203389831,59,0.022222222222222185,100,1.26,100,0.0,100,0.59,100,0.0275,100,0.1575,100,0.021739130434782653,100,0.6321596244131455,71,0.013229018492176371,100,0.59,100,0.59,100,0.59,100,0.59,100
containerd/containerd,causal_rolling_mad,rerun_rate,metric_shift,latency_log+failure_rate+rerun_rate,3,medium,8,observed,none,100,0.86,100,1.0348837209302326,86,0.0,100,2.96,100,0.0,100,0.86,100,0.0,100,0.37178571428571433,100,0.021739130434782653,100,1.0,86,0.0,100,0.86,100,0.86,100,0.86,100,0.86,100
containerd/containerd,causal_rolling_mad,union,metric_shift,latency_log+failure_rate+rerun_rate,3,medium,8,observed,none,100,1.0,100,0.96,100,0.04444444444444437,100,5.58,100,0.0,100,1.0,100,0.0575,100,0.6992857142857143,100,0.021739130434782653,100,0.8687301587301587,100,0.025917496443812235,100,1.0,100,1.0,100,1.0,100,1.0,100
containerd/containerd,causal_rolling_mad,two_of_three,metric_shift,latency_log+failure_rate+rerun_rate,3,medium,8,observed,none,100,0.91,100,1.043956043956044,91,0.0,100,3.34,100,0.0,100,0.91,100,0.0,100,0.4189285714285714,100,0.021739130434782653,100,1.0,91,0.0,100,0.91,100,0.91,100,0.91,100,0.91,100
containerd/containerd,mewma,mewma,metric_shift,latency_log+failure_rate+rerun_rate,3,medium,8,observed,none,100,1.0,100,0.26,100,0.0,100,13.64,100,5.9,100,1.0,100,0.0,100,0.5786780270383208,100,0.0,100,0.5871363603716542,100,0.15526315789473685,100,1.0,100,1.0,100,1.0,100,1.0,100
containerd/containerd,causal_rolling_mad,latency_log,metric_shift,latency_log+failure_rate+rerun_rate,3,high,8,observed,none,100,1.0,100,1.0,100,0.0,100,6.0,100,0.0,100,1.0,100,0.0,100,0.7542857142857141,100,0.021739130434782653,100,1.0,100,0.0,100,1.0,100,1.0,100,1.0,100,1.0,100
containerd/containerd,causal_rolling_mad,failure_rate,metric_shift,latency_log+failure_rate+rerun_rate,3,high,8,observed,none,100,0.8,100,1.0,80,0.022222222222222185,100,2.85,100,0.0,100,0.8,100,0.02375,100,0.35732142857142857,100,0.021739130434782653,100,0.8423574368018814,81,0.013755334281650055,100,0.8,100,0.8,100,0.8,100,0.8,100
containerd/containerd,causal_rolling_mad,rerun_rate,metric_shift,latency_log+failure_rate+rerun_rate,3,high,8,observed,none,100,1.0,100,0.96,100,0.0,100,5.1,100,0.0,100,1.0,100,0.0,100,0.6417857142857142,100,0.021739130434782653,100,1.0,100,0.0,100,1.0,100,1.0,100,1.0,100,1.0,100
containerd/containerd,causal_rolling_mad,union,metric_shift,latency_log+failure_rate+rerun_rate,3,high,8,observed,none,100,1.0,100,0.97,100,0.04444444444444437,100,5.83,100,0.0,100,1.0,100,0.0525,100,0.7330357142857141,100,0.021739130434782653,100,0.8695039682539684,100,0.026970128022759613,100,1.0,100,1.0,100,1.0,100,1.0,100
containerd/containerd,causal_rolling_mad,two_of_three,metric_shift,latency_log+failure_rate+rerun_rate,3,high,8,observed,none,100,1.0,100,1.0,100,0.0,100,5.12,100,0.0,100,1.0,100,0.0,100,0.6442857142857141,100,0.021739130434782653,100,1.0,100,0.0,100,1.0,100,1.0,100,1.0,100,1.0,100
containerd/containerd,mewma,mewma,metric_shift,latency_log+failure_rate+rerun_rate,3,high,8,observed,none,100,1.0,100,0.26,100,0.0,100,13.77,100,6.03,100,1.0,100,0.0,100,0.5690282527929583,100,0.0,100,0.5774660355983883,100,0.15868421052631582,100,1.0,100,1.0,100,1.0,100,1.0,100
containerd/containerd,causal_rolling_mad,latency_log,metric_shift,latency_log+failure_rate+rerun_rate,3,medium,8,low_volume,none,100,1.0,100,1.0,100,0.0,100,5.83,100,0.0,100,1.0,100,0.0,100,0.72875,100,0.021739130434782653,100,1.0,100,0.0,100,1.0,100,1.0,100,1.0,100,1.0,100
containerd/containerd,causal_rolling_mad,failure_rate,metric_shift,latency_log+failure_rate+rerun_rate,3,medium,8,low_volume,none,100,0.63,100,1.7619047619047619,63,0.022222222222222185,100,1.27,100,0.0,100,0.64,100,0.02625,100,0.15875,100,0.021739130434782653,100,0.6977477477477477,74,0.01135135135135134,100,0.63,100,0.63,100,0.63,100,0.63,100
containerd/containerd,causal_rolling_mad,rerun_rate,metric_shift,latency_log+failure_rate+rerun_rate,3,medium,8,low_volume,none,100,0.77,100,1.3896103896103895,77,0.0,100,2.09,100,0.0,100,0.77,100,0.0,100,0.26125,100,0.021739130434782653,100,1.0,77,0.0,100,0.77,100,0.77,100,0.77,100,0.77,100
containerd/containerd,causal_rolling_mad,union,metric_shift,latency_log+failure_rate+rerun_rate,3,medium,8,low_volume,none,100,1.0,100,0.97,100,0.04444444444444437,100,5.79,100,0.0,100,1.0,100,0.045,100,0.72375,100,0.021739130434782653,100,0.873690476190476,100,0.02540540540540541,100,1.0,100,1.0,100,1.0,100,1.0,100
containerd/containerd,causal_rolling_mad,two_of_three,metric_shift,latency_log+failure_rate+rerun_rate,3,medium,8,low_volume,none,100,0.9,100,1.3666666666666667,90,0.0,100,2.77,100,0.0,100,0.9,100,0.0,100,0.34625,100,0.021739130434782653,100,1.0,90,0.0,100,0.9,100,0.9,100,0.9,100,0.9,100
containerd/containerd,mewma,mewma,metric_shift,latency_log+failure_rate+rerun_rate,3,medium,8,low_volume,none,100,1.0,100,0.3,100,0.0,100,13.18,100,5.48,100,1.0,100,0.0,100,0.5866431028122201,100,0.0,100,0.5977232310173483,100,0.14421052631578943,100,1.0,100,1.0,100,1.0,100,1.0,100
containerd/containerd,causal_rolling_mad,latency_log,metric_shift,latency_log+failure_rate+rerun_rate,3,medium,8,observed,controlled,100,0.59,100,1.0,59,0.0,100,1.85,100,0.0,100,0.59,100,0.0,100,0.5369666048237478,77,0.345217391304348,100,1.0,59,0.0,100,0.59,100,0.59,100,0.59,100,0.59,100
containerd/containerd,causal_rolling_mad,failure_rate,metric_shift,latency_log+failure_rate+rerun_rate,3,medium,8,observed,controlled,100,0.29,100,1.103448275862069,29,0.017576996494924342,100,0.47,100,0.0,100,0.3,100,0.015333333333333332,100,0.2065031982942431,67,0.3378260869565219,100,0.385344827586207,58,0.015836120556335865,100,0.29,100,0.29,100,0.29,100,0.29,100
containerd/containerd,causal_rolling_mad,rerun_rate,metric_shift,latency_log+failure_rate+rerun_rate,3,medium,8,observed,controlled,100,0.47,100,1.0,47,0.0,100,0.94,100,0.0,100,0.47,100,0.0,100,0.40842217484008536,67,0.35673913043478267,100,1.0,47,0.0,100,0.47,100,0.47,100,0.47,100,0.47,100
containerd/containerd,causal_rolling_mad,union,metric_shift,latency_log+failure_rate+rerun_rate,3,medium,8,observed,controlled,100,0.16,100,0.875,16,0.03336067324844788,100,0.21,100,0.0,100,0.17,100,0.008333333333333333,100,0.30808080808080807,33,0.4249999999999999,100,0.1552511415525114,73,0.03245054739122305,100,0.16,100,0.16,100,0.16,100,0.16,100
containerd/containerd,causal_rolling_mad,two_of_three,metric_shift,latency_log+failure_rate+rerun_rate,3,medium,8,observed,controlled,100,0.1,100,1.0,10,0.0,100,0.12,100,0.0,100,0.1,100,0.0,100,0.15151515151515152,33,0.4249999999999999,100,1.0,10,0.0,100,0.1,100,0.1,100,0.1,100,0.1,100
containerd/containerd,mewma,mewma,metric_shift,latency_log+failure_rate+rerun_rate,3,medium,8,observed,controlled,100,1.0,100,0.68,100,0.0,100,12.72,100,5.45,100,1.0,100,0.0,100,0.5565608468329054,100,0.0013043478260869564,100,0.5854676483647071,100,0.14342105263157878,100,1.0,100,1.0,100,1.0,100,1.0,100
helm/helm,causal_rolling_mad,latency_log,no_injection,none,0,none,0,observed,none,1,,0,,0,0.0,1,0.0,1,0.0,1,,0,,0,,0,0.021739130434782608,1,,0,0.0,1,,0,,0,,0,,0
helm/helm,causal_rolling_mad,failure_rate,no_injection,none,0,none,0,observed,none,1,,0,,0,0.022222222222222223,1,0.0,1,0.0,1,,0,,0,,0,0.021739130434782608,1,0.0,1,0.022222222222222223,1,,0,,0,,0,,0
helm/helm,causal_rolling_mad,rerun_rate,no_injection,none,0,none,0,observed,none,1,,0,,0,0.044444444444444446,1,0.0,1,0.0,1,,0,,0,,0,0.021739130434782608,1,0.0,1,0.044444444444444446,1,,0,,0,,0,,0
helm/helm,causal_rolling_mad,union,no_injection,none,0,none,0,observed,none,1,,0,,0,0.1111111111111111,1,0.0,1,0.0,1,,0,,0,,0,0.021739130434782608,1,0.0,1,0.1111111111111111,1,,0,,0,,0,,0
helm/helm,causal_rolling_mad,two_of_three,no_injection,none,0,none,0,observed,none,1,,0,,0,0.0,1,0.0,1,0.0,1,,0,,0,,0,0.021739130434782608,1,,0,0.0,1,,0,,0,,0,,0
helm/helm,mewma,mewma,no_injection,none,0,none,0,observed,none,1,,0,,0,0.0,1,0.0,1,0.0,1,,0,,0,,0,0.0,1,,0,0.0,1,,0,,0,,0,,0
helm/helm,causal_rolling_mad,latency_log,metric_shift,latency_log,1,low,1,observed,none,100,0.08,100,0.0,8,0.0,100,0.14,100,0.06,100,0.08,100,0.0,100,0.07216494845360824,97,0.021739130434782653,100,0.5833333333333334,12,0.0013636363636363637,100,0.08,100,0.12,100,0.12,100,0.12,100
helm/helm,causal_rolling_mad,failure_rate,metric_shift,latency_log,1,low,1,observed,none,100,0.0,100,,0,0.022222222222222185,100,0.0,100,0.0,100,0.01,100,0.01,100,0.0,97,0.021739130434782653,100,0.01,100,0.02248484848484849,100,0.0,100,0.0,100,0.0,100,0.0,100
helm/helm,causal_rolling_mad,rerun_rate,metric_shift,latency_log,1,low,1,observed,none,100,0.0,100,,0,0.04444444444444437,100,0.0,100,0.0,100,0.07,100,0.07,100,0.0,97,0.021739130434782653,100,0.035,100,0.04383333333333335,100,0.0,100,0.0,100,0.0,100,0.0,100
helm/helm,causal_rolling_mad,union,metric_shift,latency_log,1,low,1,observed,none,100,0.13,100,0.0,13,0.11111111111111088,100,0.22,100,0.09,100,0.27,100,0.14,100,0.1134020618556701,97,0.021739130434782653,100,0.04871428571428574,100,0.11242424242424227,100,0.13,100,0.18,100,0.18,100,0.18,100
helm/helm,causal_rolling_mad,two_of_three,metric_shift,latency_log,1,low,1,observed,none,100,0.06,100,0.0,6,0.0,100,0.06,100,0.0,100,0.06,100,0.0,100,0.061855670103092786,97,0.021739130434782653,100,1.0,6,0.0,100,0.06,100,0.06,100,0.06,100,0.06,100
helm/helm,mewma,mewma,metric_shift,latency_log,1,low,1,observed,none,100,0.0,100,,0,0.0,100,0.0,100,0.0,100,0.0,100,0.0,100,0.0,100,0.0,100,,0,0.0,100,0.0,100,0.0,100,0.0,100,0.0,100
helm/helm,causal_rolling_mad,latency_log,metric_shift,latency_log,1,medium,1,observed,none,100,0.11,100,0.0,11,0.0,100,0.17,100,0.06,100,0.11,100,0.0,100,0.10526315789473684,95,0.021739130434782653,100,0.6666666666666666,15,0.0013636363636363637,100,0.11,100,0.15,100,0.15,100,0.15,100
helm/helm,causal_rolling_mad,failure_rate,metric_shift,latency_log,1,medium,1,observed,none,100,0.0,100,,0,0.022222222222222185,100,0.0,100,0.0,100,0.01,100,0.01,100,0.0,95,0.021739130434782653,100,0.01,100,0.022474747474747484,100,0.0,100,0.0,100,0.0,100,0.0,100
helm/helm,causal_rolling_mad,rerun_rate,metric_shift,latency_log,1,medium,1,observed,none,100,0.0,100,,0,0.04444444444444437,100,0.0,100,0.0,100,0.04,100,0.04,100,0.0,95,0.021739130434782653,100,0.02,100,0.044494949494949504,100,0.0,100,0.0,100,0.0,100,0.0,100
helm/helm,causal_rolling_mad,union,metric_shift,latency_log,1,medium,1,observed,none,100,0.14,100,0.0,14,0.11111111111111088,100,0.32,100,0.18,100,0.23,100,0.09,100,0.11052631578947368,95,0.021739130434782653,100,0.03966666666666666,100,0.11555555555555547,100,0.14,100,0.25,100,0.25,100,0.25,100
helm/helm,causal_rolling_mad,two_of_three,metric_shift,latency_log,1,medium,1,observed,none,100,0.01,100,0.0,1,0.0,100,0.01,100,0.0,100,0.01,100,0.0,100,0.010526315789473684,95,0.021739130434782653,100,1.0,1,0.0,100,0.01,100,0.01,100,0.01,100,0.01,100
helm/helm,mewma,mewma,metric_shift,latency_log,1,medium,1,observed,none,100,0.0,100,,0,0.0,100,0.0,100,0.0,100,0.0,100,0.0,100,0.0,100,0.0,100,,0,0.0,100,0.0,100,0.0,100,0.0,100,0.0,100
helm/helm,causal_rolling_mad,latency_log,metric_shift,latency_log,1,high,1,observed,none,100,0.11,100,0.0,11,0.0,100,0.19,100,0.08,100,0.11,100,0.0,100,0.109375,96,0.021739130434782653,100,0.5833333333333334,18,0.0018181818181818186,100,0.11,100,0.18,100,0.18,100,0.18,100
helm/helm,causal_rolling_mad,failure_rate,metric_shift,latency_log,1,high,1,observed,none,100,0.0,100,,0,0.022222222222222185,100,0.0,100,0.0,100,0.01,100,0.01,100,0.0,96,0.021739130434782653,100,0.01,100,0.022479797979797985,100,0.0,100,0.0,100,0.0,100,0.0,100
helm/helm,causal_rolling_mad,rerun_rate,metric_shift,latency_log,1,high,1,observed,none,100,0.0,100,,0,0.04444444444444437,100,0.0,100,0.0,100,0.07,100,0.07,100,0.0,96,0.021739130434782653,100,0.035,100,0.04382323232323233,100,0.0,100,0.0,100,0.0,100,0.0,100
helm/helm,causal_rolling_mad,union,metric_shift,latency_log,1,high,1,observed,none,100,0.15,100,0.0,15,0.11111111111111088,100,0.33,100,0.18,100,0.27,100,0.12,100,0.13541666666666666,96,0.021739130434782653,100,0.048047619047619054,100,0.11489898989898982,100,0.15,100,0.29,100,0.29,100,0.29,100
helm/helm,causal_rolling_mad,two_of_three,metric_shift,latency_log,1,high,1,observed,none,100,0.04,100,0.0,4,0.0,100,0.04,100,0.0,100,0.04,100,0.0,100,0.041666666666666664,96,0.021739130434782653,100,1.0,4,0.0,100,0.04,100,0.04,100,0.04,100,0.04,100
helm/helm,mewma,mewma,metric_shift,latency_log,1,high,1,observed,none,100,0.02,100,0.0,2,0.0,100,0.02,100,0.0,100,0.02,100,0.0,100,0.02,100,0.0,100,1.0,2,0.0,100,0.02,100,0.02,100,0.02,100,0.02,100
helm/helm,causal_rolling_mad,latency_log,metric_shift,latency_log,1,medium,1,low_volume,none,100,0.1,100,0.0,10,0.0,100,0.17,100,0.07,100,0.1,100,0.0,100,0.10106382978723404,94,0.021739130434782653,100,0.59375,16,0.0015909090909090912,100,0.1,100,0.16,100,0.16,100,0.16,100
helm/helm,causal_rolling_mad,failure_rate,metric_shift,latency_log,1,medium,1,low_volume,none,100,0.01,100,0.0,1,0.022222222222222185,100,0.02,100,0.01,100,0.01,100,0.02,100,0.010638297872340425,94,0.021739130434782653,100,0.0125,80,0.018151515151515137,100,0.01,100,0.02,100,0.02,100,0.02,100
helm/helm,causal_rolling_mad,rerun_rate,metric_shift,latency_log,1,medium,1,low_volume,none,100,0.0,100,,0,0.04444444444444437,100,0.0,100,0.0,100,0.01,100,0.03,100,0.0,94,0.021739130434782653,100,0.005,100,0.044030303030303045,100,0.0,100,0.0,100,0.0,100,0.0,100
helm/helm,causal_rolling_mad,union,metric_shift,latency_log,1,medium,1,low_volume,none,100,0.12,100,0.0,12,0.11111111111111088,100,0.28,100,0.16,100,0.19,100,0.07,100,0.10106382978723404,94,0.021739130434782653,100,0.03900000000000001,100,0.1034848484848484,100,0.12,100,0.19,100,0.2,100,0.2,100
helm/helm,causal_rolling_mad,two_of_three,metric_shift,latency_log,1,medium,1,low_volume,none,100,0.02,100,0.0,2,0.0,100,0.02,100,0.0,100,0.02,100,0.0,100,0.02127659574468085,94,0.021739130434782653,100,1.0,2,0.0,100,0.02,100,0.02,100,0.02,100,0.02,100
helm/helm,mewma,mewma,metric_shift,latency_log,1,medium,1,low_volume,none,100,0.0,100,,0,0.0,100,0.0,100,0.0,100,0.0,100,0.0,100,0.0,100,0.0,100,,0,0.0,100,0.0,100,0.0,100,0.0,100,0.0,100
helm/helm,causal_rolling_mad,latency_log,metric_shift,latency_log,1,medium,1,observed,controlled,100,0.0,100,,0,0.0,100,0.0,100,0.0,100,0.0,100,0.0,100,,0,0.3015217391304352,100,,0,0.0,100,0.0,100,0.0,100,0.0,100,0.0,100
helm/helm,causal_rolling_mad,failure_rate,metric_shift,latency_log,1,medium,1,observed,controlled,100,0.0,100,,0,0.022222222222222185,100,0.0,100,0.0,100,0.03,100,0.03,100,0.0,99,0.021739130434782653,100,0.03,100,0.02204040404040404,100,0.0,100,0.0,100,0.0,100,0.0,100
helm/helm,causal_rolling_mad,rerun_rate,metric_shift,latency_log,1,medium,1,observed,controlled,100,0.0,100,,0,0.04444444444444437,100,0.0,100,0.0,100,0.06,100,0.06,100,0.0,99,0.021739130434782653,100,0.03,100,0.04408080808080808,100,0.0,100,0.0,100,0.0,100,0.0,100
helm/helm,causal_rolling_mad,union,metric_shift,latency_log,1,medium,1,observed,controlled,100,0.0,100,,0,0.10387662219206058,100,0.0,100,0.0,100,0.0,100,0.0,100,,0,0.3015217391304352,100,0.0,100,0.10387662219206058,100,0.0,100,0.0,100,0.0,100,0.0,100
helm/helm,causal_rolling_mad,two_of_three,metric_shift,latency_log,1,medium,1,observed,controlled,100,0.0,100,,0,0.0,100,0.0,100,0.0,100,0.0,100,0.0,100,,0,0.3015217391304352,100,,0,0.0,100,0.0,100,0.0,100,0.0,100,0.0,100
helm/helm,mewma,mewma,metric_shift,latency_log,1,medium,1,observed,controlled,100,0.0,100,,0,0.0,100,0.0,100,0.0,100,0.0,100,0.0,100,0.0,100,0.0,100,,0,0.0,100,0.0,100,0.0,100,0.0,100,0.0,100
helm/helm,causal_rolling_mad,latency_log,metric_shift,latency_log,1,low,2,observed,none,100,0.56,100,0.8035714285714286,56,0.0,100,0.7,100,0.06,100,0.56,100,0.0,100,0.325,100,0.021739130434782653,100,0.9464285714285714,56,0.0013953488372093023,100,0.56,100,0.56,100,0.56,100,0.56,100
helm/helm,causal_rolling_mad,failure_rate,metric_shift,latency_log,1,low,2,observed,none,100,0.0,100,,0,0.022222222222222185,100,0.0,100,0.0,100,0.06,100,0.03,100,0.0,100,0.021739130434782653,100,0.06,100,0.021844608879492626,100,0.0,100,0.0,100,0.0,100,0.0,100
helm/helm,causal_rolling_mad,rerun_rate,metric_shift,latency_log,1,low,2,observed,none,100,0.0,100,,0,0.04444444444444437,100,0.0,100,0.0,100,0.08,100,0.04,100,0.0,100,0.021739130434782653,100,0.04,100,0.04461945031712479,100,0.0,100,0.0,100,0.0,100,0.0,100
helm/helm,causal_rolling_mad,union,metric_shift,latency_log,1,low,2,observed,none,100,0.48,100,0.6666666666666666,48,0.11111111111111088,100,0.69,100,0.08,100,0.61,100,0.1,100,0.30666666666666664,100,0.021739130434782653,100,0.13652380952380952,100,0.10968816067653289,100,0.48,100,0.48,100,0.48,100,0.48,100
helm/helm,causal_rolling_mad,two_of_three,metric_shift,latency_log,1,low,2,observed,none,100,0.08,100,0.625,8,0.0,100,0.08,100,0.0,100,0.08,100,0.0,100,0.04,100,0.021739130434782653,100,1.0,8,0.0,100,0.08,100,0.08,100,0.08,100,0.08,100
helm/helm,mewma,mewma,metric_shift,latency_log,1,low,2,observed,none,100,0.0,100,,0,0.0,100,0.0,100,0.0,100,0.0,100,0.0,100,0.0,100,0.0,100,,0,0.0,100,0.0,100,0.0,100,0.0,100,0.0,100
helm/helm,causal_rolling_mad,latency_log,metric_shift,latency_log,1,medium,2,observed,none,100,0.95,100,0.8526315789473684,95,0.0,100,1.13,100,0.04,100,0.95,100,0.0,100,0.5483333333333333,100,0.021739130434782653,100,0.9789473684210527,95,0.0009302325581395348,100,0.95,100,0.95,100,0.95,100,0.95,100
helm/helm,causal_rolling_mad,failure_rate,metric_shift,latency_log,1,medium,2,observed,none,100,0.0,100,,0,0.022222222222222185,100,0.0,100,0.0,100,0.02,100,0.01,100,0.0,100,0.021739130434782653,100,0.02,100,0.02278012684989432,100,0.0,100,0.0,100,0.0,100,0.0,100
helm/helm,causal_rolling_mad,rerun_rate,metric_shift,latency_log,1,medium,2,observed,none,100,0.0,100,,0,0.04444444444444437,100,0.0,100,0.0,100,0.06,100,0.03,100,0.0,100,0.021739130434782653,100,0.03,100,0.04509513742071887,100,0.0,100,0.0,100,0.0,100,0.0,100
helm/helm,causal_rolling_mad,union,metric_shift,latency_log,1,medium,2,observed,none,100,0.87,100,0.8160919540229885,87,0.11111111111111088,100,1.2,100,0.17,100,0.95,100,0.095,100,0.5016666666666667,100,0.021739130434782653,100,0.19719047619047614,100,0.11436575052854137,100,0.87,100,0.9,100,0.9,100,0.9,100
helm/helm,causal_rolling_mad,two_of_three,metric_shift,latency_log,1,medium,2,observed,none,100,0.07,100,0.8571428571428571,7,0.0,100,0.07,100,0.0,100,0.07,100,0.0,100,0.035,100,0.021739130434782653,100,1.0,7,0.0,100,0.07,100,0.07,100,0.07,100,0.07,100
helm/helm,mewma,mewma,metric_shift,latency_log,1,medium,2,observed,none,100,0.19,100,1.0,19,0.0,100,0.23,100,0.04,100,0.19,100,0.0,100,0.08916666666666666,100,0.0,100,0.9122807017543859,19,0.0009090909090909091,100,0.19,100,0.19,100,0.19,100,0.19,100
helm/helm,causal_rolling_mad,latency_log,metric_shift,latency_log,1,high,2,observed,none,100,1.0,100,0.94,100,0.0,100,1.09,100,0.03,100,1.0,100,0.0,100,0.545,100,0.021739130434782653,100,0.985,100,0.0006976744186046512,100,1.0,100,1.0,100,1.0,100,1.0,100
helm/helm,causal_rolling_mad,failure_rate,metric_shift,latency_log,1,high,2,observed,none,100,0.0,100,,0,0.022222222222222185,100,0.0,100,0.0,100,0.01,100,0.005,100,0.0,100,0.021739130434782653,100,0.01,100,0.023002114164904892,100,0.0,100,0.0,100,0.0,100,0.0,100
helm/helm,causal_rolling_mad,rerun_rate,metric_shift,latency_log,1,high,2,observed,none,100,0.0,100,,0,0.04444444444444437,100,0.0,100,0.0,100,0.07,100,0.035,100,0.0,100,0.021739130434782653,100,0.035,100,0.04484143763213536,100,0.0,100,0.0,100,0.0,100,0.0,100
helm/helm,causal_rolling_mad,union,metric_shift,latency_log,1,high,2,observed,none,100,0.95,100,0.8315789473684211,95,0.11111111111111088,100,1.27,100,0.16,100,1.0,100,0.055,100,0.54,100,0.021739130434782653,100,0.20066666666666666,100,0.11338266384778026,100,0.95,100,0.95,100,0.95,100,0.95,100
helm/helm,causal_rolling_mad,two_of_three,metric_shift,latency_log,1,high,2,observed,none,100,0.07,100,0.5714285714285714,7,0.0,100,0.07,100,0.0,100,0.07,100,0.0,100,0.035,100,0.021739130434782653,100,1.0,7,0.0,100,0.07,100,0.07,100,0.07,100,0.07,100
helm/helm,mewma,mewma,metric_shift,latency_log,1,high,2,observed,none,100,0.74,100,0.9594594594594594,74,0.0,100,0.96,100,0.19,100,0.74,100,0.0,100,0.3525,100,0.0,100,0.9009009009009009,74,0.004318181818181819,100,0.74,100,0.74,100,0.74,100,0.74,100
helm/helm,causal_rolling_mad,latency_log,metric_shift,latency_log,1,medium,2,low_volume,none,100,0.93,100,0.956989247311828,93,0.0,100,0.98,100,0.01,100,0.93,100,0.0,100,0.5083333333333333,100,0.021739130434782653,100,0.9946236559139785,93,0.0002325581395348837,100,0.93,100,0.93,100,0.93,100,0.93,100
helm/helm,causal_rolling_mad,failure_rate,metric_shift,latency_log,1,medium,2,low_volume,none,100,0.05,100,0.6,5,0.022222222222222185,100,0.07,100,0.02,100,0.05,100,0.01,100,0.025,100,0.021739130434782653,100,0.05357142857142857,84,0.018578224101479933,100,0.05,100,0.07,100,0.07,100,0.07,100
helm/helm,causal_rolling_mad,rerun_rate,metric_shift,latency_log,1,medium,2,low_volume,none,100,0.01,100,0.0,1,0.04444444444444437,100,0.01,100,0.0,100,0.03,100,0.035,100,0.005,100,0.021739130434782653,100,0.013333333333333332,100,0.043673361522198785,100,0.01,100,0.01,100,0.01,100,0.01,100
helm/helm,causal_rolling_mad,union,metric_shift,latency_log,1,medium,2,low_volume,none,100,0.87,100,0.9080459770114943,87,0.11111111111111088,100,1.07,100,0.12,100,0.94,100,0.105,100,0.48000000000000015,100,0.021739130434782653,100,0.2256428571428571,100,0.09940803382663858,100,0.87,100,0.88,100,0.88,100,0.88,100
helm/helm,causal_rolling_mad,two_of_three,metric_shift,latency_log,1,medium,2,low_volume,none,100,0.07,100,0.5714285714285714,7,0.0,100,0.08,100,0.01,100,0.07,100,0.0,100,0.035,100,0.021739130434782653,100,0.875,8,0.0002325581395348837,100,0.07,100,0.08,100,0.08,100,0.08,100
helm/helm,mewma,mewma,metric_shift,latency_log,1,medium,2,low_volume,none,100,0.16,100,1.0,16,0.0,100,0.22,100,0.06,100,0.16,100,0.0,100,0.06999999999999999,100,0.0,100,0.8125,16,0.0013636363636363637,100,0.16,100,0.16,100,0.16,100,0.16,100
helm/helm,causal_rolling_mad,latency_log,metric_shift,latency_log,1,medium,2,observed,controlled,100,0.02,100,0.0,2,0.0,100,0.02,100,0.0,100,0.02,100,0.0,100,0.04081632653061224,49,0.3052173913043482,100,1.0,2,0.0,100,0.02,100,0.02,100,0.02,100,0.02,100
helm/helm,causal_rolling_mad,failure_rate,metric_shift,latency_log,1,medium,2,observed,controlled,100,0.0,100,,0,0.022222222222222185,100,0.0,100,0.0,100,0.03,100,0.015,100,0.0,100,0.021739130434782653,100,0.03,100,0.022552854122621594,100,0.0,100,0.0,100,0.0,100,0.0,100
helm/helm,causal_rolling_mad,rerun_rate,metric_shift,latency_log,1,medium,2,observed,controlled,100,0.0,100,,0,0.04444444444444437,100,0.0,100,0.0,100,0.11,100,0.055,100,0.0,100,0.021739130434782653,100,0.055,100,0.043942917547568766,100,0.0,100,0.0,100,0.0,100,0.0,100
helm/helm,causal_rolling_mad,union,metric_shift,latency_log,1,medium,2,observed,controlled,100,0.04,100,0.0,4,0.10296073171846619,100,0.04,100,0.0,100,0.12,100,0.08,100,0.08163265306122448,49,0.3052173913043482,100,0.034833333333333334,100,0.1018206478410241,100,0.04,100,0.04,100,0.04,100,0.04,100
helm/helm,causal_rolling_mad,two_of_three,metric_shift,latency_log,1,medium,2,observed,controlled,100,0.01,100,0.0,1,0.0,100,0.01,100,0.0,100,0.01,100,0.0,100,0.02040816326530612,49,0.3052173913043482,100,1.0,1,0.0,100,0.01,100,0.01,100,0.01,100,0.01,100
helm/helm,mewma,mewma,metric_shift,latency_log,1,medium,2,observed,controlled,100,0.0,100,,0,0.0,100,0.0,100,0.0,100,0.0,100,0.0,100,0.0,100,0.0,100,,0,0.0,100,0.0,100,0.0,100,0.0,100,0.0,100
helm/helm,causal_rolling_mad,latency_log,metric_shift,latency_log,1,low,4,observed,none,100,0.55,100,0.7818181818181819,55,0.0,100,1.43,100,0.06,100,0.55,100,0.0,100,0.33516666666666667,100,0.021739130434782653,100,0.9727272727272728,55,0.0014634146341463415,100,0.55,100,0.55,100,0.55,100,0.55,100
helm/helm,causal_rolling_mad,failure_rate,metric_shift,latency_log,1,low,4,observed,none,100,0.0,100,,0,0.022222222222222185,100,0.0,100,0.0,100,0.09,100,0.0225,100,0.0,100,0.021739130434782653,100,0.09,100,0.022189314750290373,100,0.0,100,0.0,100,0.0,100,0.0,100
helm/helm,causal_rolling_mad,rerun_rate,metric_shift,latency_log,1,low,4,observed,none,100,0.0,100,,0,0.04444444444444437,100,0.0,100,0.0,100,0.2,100,0.05,100,0.0,100,0.021739130434782653,100,0.1,100,0.043890824622531965,100,0.0,100,0.0,100,0.0,100,0.0,100
helm/helm,causal_rolling_mad,union,metric_shift,latency_log,1,low,4,observed,none,100,0.62,100,0.8548387096774194,62,0.11111111111111088,100,1.49,100,0.06,100,0.78,100,0.1275,100,0.3501666666666667,100,0.021739130434782653,100,0.2816547619047618,100,0.10533681765389077,100,0.62,100,0.62,100,0.62,100,0.62,100
helm/helm,causal_rolling_mad,two_of_three,metric_shift,latency_log,1,low,4,observed,none,100,0.09,100,1.4444444444444444,9,0.0,100,0.09,100,0.0,100,0.09,100,0.0,100,0.0225,100,0.021739130434782653,100,1.0,9,0.0,100,0.09,100,0.09,100,0.09,100,0.09,100
helm/helm,mewma,mewma,metric_shift,latency_log,1,low,4,observed,none,100,0.07,100,2.4285714285714284,7,0.0,100,0.07,100,0.0,100,0.07,100,0.0,100,0.0175,100,0.0,100,1.0,7,0.0,100,0.07,100,0.07,100,0.07,100,0.07,100
helm/helm,causal_rolling_mad,latency_log,metric_shift,latency_log,1,medium,4,observed,none,100,0.98,100,0.8979591836734694,98,0.0,100,2.82,100,0.04,100,0.98,100,0.0,100,0.6965,100,0.021739130434782653,100,0.9897959183673469,98,0.000975609756097561,100,0.98,100,0.98,100,0.98,100,0.98,100
helm/helm,causal_rolling_mad,failure_rate,metric_shift,latency_log,1,medium,4,observed,none,100,0.0,100,,0,0.022222222222222185,100,0.0,100,0.0,100,0.1,100,0.025,100,0.0,100,0.021739130434782653,100,0.1,100,0.02193379790940768,100,0.0,100,0.0,100,0.0,100,0.0,100
helm/helm,causal_rolling_mad,rerun_rate,metric_shift,latency_log,1,medium,4,observed,none,100,0.0,100,,0,0.04444444444444437,100,0.0,100,0.0,100,0.15,100,0.0375,100,0.0,100,0.021739130434782653,100,0.075,100,0.04508710801393731,100,0.0,100,0.0,100,0.0,100,0.0,100
helm/helm,causal_rolling_mad,union,metric_shift,latency_log,1,medium,4,observed,none,100,0.98,100,1.0,98,0.11111111111111088,100,2.71,100,0.11,100,1.0,100,0.11,100,0.6385000000000001,100,0.021739130434782653,100,0.40609523809523784,100,0.1077177700348431,100,0.98,100,0.98,100,0.98,100,0.98,100
helm/helm,causal_rolling_mad,two_of_three,metric_shift,latency_log,1,medium,4,observed,none,100,0.2,100,1.5,20,0.0,100,0.2,100,0.0,100,0.2,100,0.0,100,0.05,100,0.021739130434782653,100,1.0,20,0.0,100,0.2,100,0.2,100,0.2,100,0.2,100
helm/helm,mewma,mewma,metric_shift,latency_log,1,medium,4,observed,none,100,0.99,100,1.9595959595959596,99,0.0,100,3.09,100,1.07,100,0.99,100,0.0,100,0.39799999999999974,100,0.0,100,0.7011784511784509,99,0.025476190476190444,100,0.99,100,0.99,100,0.99,100,0.99,100
helm/helm,causal_rolling_mad,latency_log,metric_shift,latency_log,1,high,4,observed,none,100,1.0,100,0.95,100,0.0,100,3.02,100,0.02,100,1.0,100,0.0,100,0.752,100,0.021739130434782653,100,0.995,100,0.0004878048780487805,100,1.0,100,1.0,100,1.0,100,1.0,100
helm/helm,causal_rolling_mad,failure_rate,metric_shift,latency_log,1,high,4,observed,none,100,0.0,100,,0,0.022222222222222185,100,0.0,100,0.0,100,0.06,100,0.015,100,0.0,100,0.021739130434782653,100,0.06,100,0.022915214866434393,100,0.0,100,0.0,100,0.0,100,0.0,100
helm/helm,causal_rolling_mad,rerun_rate,metric_shift,latency_log,1,high,4,observed,none,100,0.0,100,,0,0.04444444444444437,100,0.0,100,0.0,100,0.16,100,0.04,100,0.0,100,0.021739130434782653,100,0.08,100,0.044854819976771224,100,0.0,100,0.0,100,0.0,100,0.0,100
helm/helm,causal_rolling_mad,union,metric_shift,latency_log,1,high,4,observed,none,100,1.0,100,0.93,100,0.11111111111111088,100,2.95,100,0.11,100,1.0,100,0.0925,100,0.6994999999999999,100,0.021739130434782653,100,0.41940873015873004,100,0.10921022067363519,100,1.0,100,1.0,100,1.0,100,1.0,100
helm/helm,causal_rolling_mad,two_of_three,metric_shift,latency_log,1,high,4,observed,none,100,0.26,100,1.9615384615384615,26,0.0,100,0.26,100,0.0,100,0.26,100,0.0,100,0.065,100,0.021739130434782653,100,1.0,26,0.0,100,0.26,100,0.26,100,0.26,100,0.26,100
helm/helm,mewma,mewma,metric_shift,latency_log,1,high,4,observed,none,100,1.0,100,1.16,100,0.0,100,4.71,100,1.87,100,1.0,100,0.0,100,0.49102380952380964,100,0.0,100,0.6171666666666672,100,0.04452380952380945,100,1.0,100,1.0,100,1.0,100,1.0,100
helm/helm,causal_rolling_mad,latency_log,metric_shift,latency_log,1,medium,4,low_volume,none,100,0.97,100,0.9072164948453608,97,0.0,100,2.76,100,0.01,100,0.97,100,0.0,100,0.6884999999999999,100,0.021739130434782653,100,0.9974226804123711,97,0.00024390243902439024,100,0.97,100,0.97,100,0.97,100,0.97,100
helm/helm,causal_rolling_mad,failure_rate,metric_shift,latency_log,1,medium,4,low_volume,none,100,0.05,100,0.2,5,0.022222222222222185,100,0.06,100,0.01,100,0.07,100,0.025,100,0.0125,100,0.021739130434782653,100,0.08108108108108109,74,0.016823461091753786,100,0.05,100,0.06,100,0.06,100,0.06,100
helm/helm,causal_rolling_mad,rerun_rate,metric_shift,latency_log,1,medium,4,low_volume,none,100,0.0,100,,0,0.04444444444444437,100,0.01,100,0.01,100,0.09,100,0.0575,100,0.0,100,0.021739130434782653,100,0.04736842105263158,95,0.039506387921022096,100,0.0,100,0.0,100,0.0,100,0.0,100
helm/helm,causal_rolling_mad,union,metric_shift,latency_log,1,medium,4,low_volume,none,100,0.97,100,0.9896907216494846,97,0.11111111111111088,100,2.69,100,0.09,100,1.0,100,0.1275,100,0.6395000000000001,100,0.021739130434782653,100,0.46650396825396806,100,0.08924506387921019,100,0.97,100,0.97,100,0.97,100,0.97,100
helm/helm,causal_rolling_mad,two_of_three,metric_shift,latency_log,1,medium,4,low_volume,none,100,0.16,100,1.25,16,0.0,100,0.18,100,0.0,100,0.16,100,0.0,100,0.045,100,0.021739130434782653,100,1.0,16,0.0,100,0.16,100,0.16,100,0.16,100,0.16,100
helm/helm,mewma,mewma,metric_shift,latency_log,1,medium,4,low_volume,none,100,0.96,100,1.8854166666666667,96,0.0,100,2.94,100,0.91,100,0.96,100,0.0,100,0.41083333333333316,100,0.0,100,0.7395833333333329,96,0.02166666666666664,100,0.96,100,0.96,100,0.96,100,0.96,100
helm/helm,causal_rolling_mad,latency_log,metric_shift,latency_log,1,medium,4,observed,controlled,100,0.61,100,0.8360655737704918,61,0.0,100,0.95,100,0.0,100,0.61,100,0.0,100,0.467479674796748,82,0.30804347826087003,100,1.0,61,0.0,100,0.61,100,0.61,100,0.61,100,0.61,100
helm/helm,causal_rolling_mad,failure_rate,metric_shift,latency_log,1,medium,4,observed,controlled,100,0.0,100,,0,0.022222222222222185,100,0.0,100,0.0,100,0.1,100,0.025,100,0.0,100,0.021739130434782653,100,0.1,100,0.021945412311265983,100,0.0,100,0.0,100,0.0,100,0.0,100
helm/helm,causal_rolling_mad,rerun_rate,metric_shift,latency_log,1,medium,4,observed,controlled,100,0.0,100,,0,0.04444444444444437,100,0.0,100,0.0,100,0.17,100,0.0425,100,0.0,100,0.021739130434782653,100,0.085,100,0.04462253193960514,100,0.0,100,0.0,100,0.0,100,0.0,100
helm/helm,causal_rolling_mad,union,metric_shift,latency_log,1,medium,4,observed,controlled,100,0.56,100,0.7857142857142857,56,0.10668915101660621,100,0.86,100,0.0,100,0.67,100,0.10333333333333333,100,0.43902439024390244,82,0.30804347826087003,100,0.2454047619047619,100,0.10503126561406717,100,0.56,100,0.56,100,0.56,100,0.56,100
helm/helm,causal_rolling_mad,two_of_three,metric_shift,latency_log,1,medium,4,observed,controlled,100,0.15,100,1.1333333333333333,15,0.0,100,0.15,100,0.0,100,0.15,100,0.0,100,0.08130081300813008,82,0.30804347826087003,100,1.0,15,0.0,100,0.15,100,0.15,100,0.15,100,0.15,100
helm/helm,mewma,mewma,metric_shift,latency_log,1,medium,4,observed,controlled,100,0.89,100,2.4157303370786516,89,0.0,100,1.81,100,0.4,100,0.89,100,0.0,100,0.3193333333333332,100,0.0,100,0.8211610486891385,89,0.009523809523809532,100,0.89,100,0.89,100,0.89,100,0.89,100
helm/helm,causal_rolling_mad,latency_log,metric_shift,latency_log,1,low,8,observed,none,100,0.55,100,0.8545454545454545,55,0.0,100,1.63,100,0.0,100,0.55,100,0.0,100,0.20446428571428568,100,0.021739130434782653,100,1.0,55,0.0,100,0.55,100,0.55,100,0.55,100,0.55,100
helm/helm,causal_rolling_mad,failure_rate,metric_shift,latency_log,1,low,8,observed,none,100,0.0,100,,0,0.022222222222222185,100,0.0,100,0.0,100,0.18,100,0.0225,100,0.0,100,0.021739130434782653,100,0.18,100,0.02214793741109529,100,0.0,100,0.0,100,0.0,100,0.0,100
helm/helm,causal_rolling_mad,rerun_rate,metric_shift,latency_log,1,low,8,observed,none,100,0.0,100,,0,0.04444444444444437,100,0.0,100,0.0,100,0.36,100,0.06625,100,0.0,100,0.021739130434782653,100,0.265,100,0.039701280227595996,100,0.0,100,0.0,100,0.0,100,0.0,100
helm/helm,causal_rolling_mad,union,metric_shift,latency_log,1,low,8,observed,none,100,0.58,100,1.0,58,0.11111111111111088,100,1.64,100,0.0,100,0.9,100,0.1375,100,0.20571428571428568,100,0.021739130434782653,100,0.404202380952381,100,0.09533428165007111,100,0.58,100,0.58,100,0.58,100,0.58,100
helm/helm,causal_rolling_mad,two_of_three,metric_shift,latency_log,1,low,8,observed,none,100,0.12,100,1.4166666666666667,12,0.0,100,0.12,100,0.0,100,0.12,100,0.0,100,0.015,100,0.021739130434782653,100,1.0,12,0.0,100,0.12,100,0.12,100,0.12,100,0.12,100
helm/helm,mewma,mewma,metric_shift,latency_log,1,low,8,observed,none,100,0.18,100,5.722222222222222,18,0.0,100,0.22,100,0.0,100,0.18,100,0.0,100,0.0275,100,0.0,100,1.0,18,0.0,100,0.18,100,0.18,100,0.18,100,0.18,100
helm/helm,causal_rolling_mad,latency_log,metric_shift,latency_log,1,medium,8,observed,none,100,0.96,100,0.8854166666666666,96,0.0,100,4.01,100,0.0,100,0.96,100,0.0,100,0.5048214285714284,100,0.021739130434782653,100,1.0,96,0.0,100,0.96,100,0.96,100,0.96,100,0.96,100
helm/helm,causal_rolling_mad,failure_rate,metric_shift,latency_log,1,medium,8,observed,none,100,0.0,100,,0,0.022222222222222185,100,0.0,100,0.0,100,0.16,100,0.02,100,0.0,100,0.021739130434782653,100,0.16,100,0.022667140825035546,100,0.0,100,0.0,100,0.0,100,0.0,100
helm/helm,causal_rolling_mad,rerun_rate,metric_shift,latency_log,1,medium,8,observed,none,100,0.0,100,,0,0.04444444444444437,100,0.0,100,0.0,100,0.29,100,0.05,100,0.0,100,0.021739130434782653,100,0.2,100,0.043172119487908944,100,0.0,100,0.0,100,0.0,100,0.0,100
helm/helm,causal_rolling_mad,union,metric_shift,latency_log,1,medium,8,observed,none,100,0.98,100,0.9285714285714286,98,0.11111111111111088,100,3.73,100,0.0,100,1.0,100,0.12875,100,0.46982142857142845,100,0.021739130434782653,100,0.5535346320346319,100,0.10036273115220481,100,0.98,100,0.98,100,0.98,100,0.98,100
helm/helm,causal_rolling_mad,two_of_three,metric_shift,latency_log,1,medium,8,observed,none,100,0.37,100,2.675675675675676,37,0.0,100,0.37,100,0.0,100,0.37,100,0.0,100,0.04625,100,0.021739130434782653,100,1.0,37,0.0,100,0.37,100,0.37,100,0.37,100,0.37,100
helm/helm,mewma,mewma,metric_shift,latency_log,1,medium,8,observed,none,100,1.0,100,1.89,100,0.0,100,8.35,100,2.24,100,1.0,100,0.0,100,0.6006893939393947,100,0.0,100,0.7388095238095237,100,0.05894736842105255,100,1.0,100,1.0,100,1.0,100,1.0,100
helm/helm,causal_rolling_mad,latency_log,metric_shift,latency_log,1,high,8,observed,none,100,1.0,100,0.94,100,0.0,100,5.45,100,0.0,100,1.0,100,0.0,100,0.6848214285714286,100,0.021739130434782653,100,1.0,100,0.0,100,1.0,100,1.0,100,1.0,100,1.0,100
helm/helm,causal_rolling_mad,failure_rate,metric_shift,latency_log,1,high,8,observed,none,100,0.0,100,,0,0.022222222222222185,100,0.0,100,0.0,100,0.16,100,0.02,100,0.0,100,0.021739130434782653,100,0.16,100,0.02267425320056898,100,0.0,100,0.0,100,0.0,100,0.0,100
helm/helm,causal_rolling_mad,rerun_rate,metric_shift,latency_log,1,high,8,observed,none,100,0.0,100,,0,0.04444444444444437,100,0.0,100,0.0,100,0.39,100,0.0675,100,0.0,100,0.021739130434782653,100,0.27,100,0.039402560455192026,100,0.0,100,0.0,100,0.0,100,0.0,100
helm/helm,causal_rolling_mad,union,metric_shift,latency_log,1,high,8,observed,none,100,1.0,100,0.98,100,0.11111111111111088,100,4.99,100,0.0,100,1.0,100,0.12375,100,0.6273214285714286,100,0.021739130434782653,100,0.6308134920634921,100,0.0960739687055476,100,1.0,100,1.0,100,1.0,100,1.0,100
helm/helm,causal_rolling_mad,two_of_three,metric_shift,latency_log,1,high,8,observed,none,100,0.57,100,3.245614035087719,57,0.0,100,0.57,100,0.0,100,0.57,100,0.0,100,0.07125,100,0.021739130434782653,100,1.0,57,0.0,100,0.57,100,0.57,100,0.57,100,0.57,100
helm/helm,mewma,mewma,metric_shift,latency_log,1,high,8,observed,none,100,1.0,100,1.08,100,0.0,100,10.1,100,3.18,100,1.0,100,0.0,100,0.6261202408702408,100,0.0,100,0.692767676767677,100,0.08368421052631576,100,1.0,100,1.0,100,1.0,100,1.0,100
helm/helm,causal_rolling_mad,latency_log,metric_shift,latency_log,1,medium,8,low_volume,none,100,0.99,100,0.898989898989899,99,0.0,100,4.19,100,0.0,100,0.99,100,0.0,100,0.5244642857142857,100,0.021739130434782653,100,1.0,99,0.0,100,0.99,100,0.99,100,0.99,100,0.99,100
helm/helm,causal_rolling_mad,failure_rate,metric_shift,latency_log,1,medium,8,low_volume,none,100,0.06,100,4.166666666666667,6,0.022222222222222185,100,0.11,100,0.02,100,0.07,100,0.03125,100,0.01125,100,0.021739130434782653,100,0.12727272727272726,55,0.013506401137980075,100,0.06,100,0.07,100,0.07,100,0.08,100
helm/helm,causal_rolling_mad,rerun_rate,metric_shift,latency_log,1,medium,8,low_volume,none,100,0.02,100,3.0,2,0.04444444444444437,100,0.03,100,0.01,100,0.12,100,0.04875,100,0.0025,100,0.021739130434782653,100,0.09803921568627452,85,0.03864864864864862,100,0.02,100,0.02,100,0.02,100,0.02,100
helm/helm,causal_rolling_mad,union,metric_shift,latency_log,1,medium,8,low_volume,none,100,0.98,100,1.030612244897959,98,0.11111111111111088,100,3.88,100,0.04,100,1.0,100,0.11875,100,0.47863095238095227,100,0.021739130434782653,100,0.6288088023088023,100,0.07970839260312947,100,0.98,100,0.98,100,0.98,100,0.98,100
helm/helm,causal_rolling_mad,two_of_three,metric_shift,latency_log,1,medium,8,low_volume,none,100,0.17,100,2.235294117647059,17,0.0,100,0.19,100,0.0,100,0.17,100,0.0,100,0.02375,100,0.021739130434782653,100,1.0,17,0.0,100,0.17,100,0.17,100,0.17,100,0.17,100
helm/helm,mewma,mewma,metric_shift,latency_log,1,medium,8,low_volume,none,100,1.0,100,1.91,100,0.0,100,8.31,100,2.22,100,1.0,100,0.0,100,0.6005606060606068,100,0.0,100,0.7410753968253964,100,0.05842105263157889,100,1.0,100,1.0,100,1.0,100,1.0,100
helm/helm,causal_rolling_mad,latency_log,metric_shift,latency_log,1,medium,8,observed,controlled,100,0.53,100,0.8490566037735849,53,0.0,100,1.15,100,0.0,100,0.53,100,0.0,100,0.5577114427860697,67,0.3743478260869565,100,1.0,53,0.0,100,0.53,100,0.53,100,0.53,100,0.53,100
helm/helm,causal_rolling_mad,failure_rate,metric_shift,latency_log,1,medium,8,observed,controlled,100,0.0,100,,0,0.022222222222222185,100,0.0,100,0.0,100,0.22,100,0.0275,100,0.0,100,0.021739130434782653,100,0.22,100,0.021066856330014202,100,0.0,100,0.0,100,0.0,100,0.0,100
helm/helm,causal_rolling_mad,rerun_rate,metric_shift,latency_log,1,medium,8,observed,controlled,100,0.0,100,,0,0.04444444444444437,100,0.0,100,0.0,100,0.29,100,0.04875,100,0.0,100,0.021739130434782653,100,0.195,100,0.04348506401137978,100,0.0,100,0.0,100,0.0,100,0.0,100
helm/helm,causal_rolling_mad,union,metric_shift,latency_log,1,medium,8,observed,controlled,100,0.5,100,0.86,50,0.101435043681268,100,1.07,100,0.0,100,0.56,100,0.07666666666666667,100,0.5258706467661691,67,0.3743478260869565,100,0.2658690075356742,99,0.09929745242819245,100,0.5,100,0.5,100,0.5,100,0.5,100
helm/helm,causal_rolling_mad,two_of_three,metric_shift,latency_log,1,medium,8,observed,controlled,100,0.14,100,1.5,14,0.0,100,0.14,100,0.0,100,0.14,100,0.0,100,0.07213930348258707,67,0.3743478260869565,100,1.0,14,0.0,100,0.14,100,0.14,100,0.14,100,0.14,100
helm/helm,mewma,mewma,metric_shift,latency_log,1,medium,8,observed,controlled,100,1.0,100,2.62,100,0.0,100,7.22,100,1.84,100,1.0,100,0.0,100,0.5501944444444445,100,0.0,100,0.7476984126984125,100,0.04842105263157892,100,1.0,100,1.0,100,1.0,100,1.0,100
helm/helm,causal_rolling_mad,latency_log,metric_shift,failure_rate,1,low,1,observed,none,100,0.0,100,,0,0.0,100,0.0,100,0.0,100,0.0,100,0.0,100,0.0,96,0.021739130434782653,100,,0,0.0,100,0.0,100,0.0,100,0.0,100,0.0,100
helm/helm,causal_rolling_mad,failure_rate,metric_shift,failure_rate,1,low,1,observed,none,100,0.0,100,,0,0.022222222222222185,100,0.05,100,0.05,100,0.01,100,0.01,100,0.0,96,0.021739130434782653,100,0.010752688172043012,93,0.02157070707070707,100,0.0,100,0.05,100,0.05,100,0.05,100
helm/helm,causal_rolling_mad,rerun_rate,metric_shift,failure_rate,1,low,1,observed,none,100,0.0,100,,0,0.04444444444444437,100,0.0,100,0.0,100,0.02,100,0.02,100,0.0,96,0.021739130434782653,100,0.01,100,0.044959595959595984,100,0.0,100,0.0,100,0.0,100,0.0,100
helm/helm,causal_rolling_mad,union,metric_shift,failure_rate,1,low,1,observed,none,100,0.06,100,0.0,6,0.11111111111111088,100,0.1,100,0.04,100,0.17,100,0.11,100,0.052083333333333336,96,0.021739130434782653,100,0.035333333333333335,100,0.10785353535353524,100,0.06,100,0.08,100,0.08,100,0.08,100
helm/helm,causal_rolling_mad,two_of_three,metric_shift,failure_rate,1,low,1,observed,none,100,0.0,100,,0,0.0,100,0.0,100,0.0,100,0.0,100,0.0,100,0.0,96,0.021739130434782653,100,,0,0.0,100,0.0,100,0.0,100,0.0,100,0.0,100
helm/helm,mewma,mewma,metric_shift,failure_rate,1,low,1,observed,none,100,0.0,100,,0,0.0,100,0.0,100,0.0,100,0.0,100,0.0,100,0.0,100,0.0,100,,0,0.0,100,0.0,100,0.0,100,0.0,100,0.0,100
helm/helm,causal_rolling_mad,latency_log,metric_shift,failure_rate,1,medium,1,observed,none,100,0.0,100,,0,0.0,100,0.0,100,0.0,100,0.0,100,0.0,100,0.0,99,0.021739130434782653,100,,0,0.0,100,0.0,100,0.0,100,0.0,100,0.0,100
helm/helm,causal_rolling_mad,failure_rate,metric_shift,failure_rate,1,medium,1,observed,none,100,0.02,100,0.0,2,0.022222222222222185,100,0.11,100,0.09,100,0.03,100,0.01,100,0.020202020202020204,99,0.021739130434782653,100,0.03125,80,0.01840404040404039,100,0.02,100,0.11,100,0.11,100,0.11,100
helm/helm,causal_rolling_mad,rerun_rate,metric_shift,failure_rate,1,medium,1,observed,none,100,0.0,100,,0,0.04444444444444437,100,0.0,100,0.0,100,0.07,100,0.07,100,0.0,99,0.021739130434782653,100,0.035,100,0.04385353535353538,100,0.0,100,0.0,100,0.0,100,0.0,100
helm/helm,causal_rolling_mad,union,metric_shift,failure_rate,1,medium,1,observed,none,100,0.1,100,0.0,10,0.11111111111111088,100,0.25,100,0.15,100,0.21,100,0.11,100,0.06060606060606061,99,0.021739130434782653,100,0.04933333333333333,100,0.10224747474747467,100,0.1,100,0.17,100,0.17,100,0.17,100
helm/helm,causal_rolling_mad,two_of_three,metric_shift,failure_rate,1,medium,1,observed,none,100,0.01,100,0.0,1,0.0,100,0.01,100,0.0,100,0.01,100,0.0,100,0.010101010101010102,99,0.021739130434782653,100,1.0,1,0.0,100,0.01,100,0.01,100,0.01,100,0.01,100
helm/helm,mewma,mewma,metric_shift,failure_rate,1,medium,1,observed,none,100,0.0,100,,0,0.0,100,0.0,100,0.0,100,0.0,100,0.0,100,0.0,100,0.0,100,,0,0.0,100,0.0,100,0.0,100,0.0,100,0.0,100
helm/helm,causal_rolling_mad,latency_log,metric_shift,failure_rate,1,high,1,observed,none,100,0.0,100,,0,0.0,100,0.0,100,0.0,100,0.0,100,0.0,100,0.0,97,0.021739130434782653,100,,0,0.0,100,0.0,100,0.0,100,0.0,100,0.0,100
helm/helm,causal_rolling_mad,failure_rate,metric_shift,failure_rate,1,high,1,observed,none,100,0.07,100,0.0,7,0.022222222222222185,100,0.14,100,0.07,100,0.09,100,0.02,100,0.07216494845360824,97,0.021739130434782653,100,0.08823529411764706,85,0.019303030303030287,100,0.07,100,0.14,100,0.14,100,0.14,100
helm/helm,causal_rolling_mad,rerun_rate,metric_shift,failure_rate,1,high,1,observed,none,100,0.0,100,,0,0.04444444444444437,100,0.0,100,0.0,100,0.05,100,0.05,100,0.0,97,0.021739130434782653,100,0.025,100,0.04428787878787879,100,0.0,100,0.0,100,0.0,100,0.0,100
helm/helm,causal_rolling_mad,union,metric_shift,failure_rate,1,high,1,observed,none,100,0.13,100,0.0,13,0.11111111111111088,100,0.28,100,0.15,100,0.24,100,0.11,100,0.11855670103092783,97,0.021739130434782653,100,0.053833333333333344,100,0.1053787878787878,100,0.13,100,0.25,100,0.25,100,0.25,100
helm/helm,causal_rolling_mad,two_of_three,metric_shift,failure_rate,1,high,1,observed,none,100,0.04,100,0.0,4,0.0,100,0.04,100,0.0,100,0.04,100,0.0,100,0.041237113402061855,97,0.021739130434782653,100,1.0,4,0.0,100,0.04,100,0.04,100,0.04,100,0.04,100
helm/helm,mewma,mewma,metric_shift,failure_rate,1,high,1,observed,none,100,0.0,100,,0,0.0,100,0.0,100,0.0,100,0.0,100,0.0,100,0.0,100,0.0,100,,0,0.0,100,0.0,100,0.0,100,0.0,100,0.0,100
helm/helm,causal_rolling_mad,latency_log,metric_shift,failure_rate,1,medium,1,low_volume,none,100,0.0,100,,0,0.0,100,0.0,100,0.0,100,0.0,100,0.0,100,0.0,100,0.021739130434782653,100,,0,0.0,100,0.0,100,0.0,100,0.0,100,0.0,100
helm/helm,causal_rolling_mad,failure_rate,metric_shift,failure_rate,1,medium,1,low_volume,none,100,0.02,100,0.0,2,0.022222222222222185,100,0.08,100,0.06,100,0.02,100,0.01,100,0.02,100,0.021739130434782653,100,0.011904761904761904,84,0.020454545454545444,100,0.02,100,0.08,100,0.08,100,0.08,100
helm/helm,causal_rolling_mad,rerun_rate,metric_shift,failure_rate,1,medium,1,low_volume,none,100,0.0,100,,0,0.04444444444444437,100,0.0,100,0.0,100,0.01,100,0.01,100,0.0,100,0.021739130434782653,100,0.005,100,0.04477272727272729,100,0.0,100,0.0,100,0.0,100,0.0,100
helm/helm,causal_rolling_mad,union,metric_shift,failure_rate,1,medium,1,low_volume,none,100,0.08,100,0.0,8,0.11111111111111088,100,0.19,100,0.11,100,0.11,100,0.04,100,0.07,100,0.021739130434782653,100,0.023,100,0.1045454545454545,100,0.08,100,0.15,100,0.15,100,0.15,100
helm/helm,causal_rolling_mad,two_of_three,metric_shift,failure_rate,1,medium,1,low_volume,none,100,0.0,100,,0,0.0,100,0.0,100,0.0,100,0.0,100,0.0,100,0.0,100,0.021739130434782653,100,,0,0.0,100,0.0,100,0.0,100,0.0,100,0.0,100
helm/helm,mewma,mewma,metric_shift,failure_rate,1,medium,1,low_volume,none,100,0.0,100,,0,0.0,100,0.0,100,0.0,100,0.0,100,0.0,100,0.0,100,0.0,100,,0,0.0,100,0.0,100,0.0,100,0.0,100,0.0,100
helm/helm,causal_rolling_mad,latency_log,metric_shift,failure_rate,1,medium,1,observed,controlled,100,0.0,100,,0,0.0,100,0.0,100,0.0,100,0.0,100,0.0,100,0.0,96,0.021739130434782653,100,,0,0.0,100,0.0,100,0.0,100,0.0,100,0.0,100
helm/helm,causal_rolling_mad,failure_rate,metric_shift,failure_rate,1,medium,1,observed,controlled,100,0.0,100,,0,0.021399583009146995,100,0.0,100,0.0,100,0.0,100,0.0,100,,0,0.29934782608695676,100,0.0,70,0.021399583009146995,100,0.0,100,0.0,100,0.0,100,0.0,100
helm/helm,causal_rolling_mad,rerun_rate,metric_shift,failure_rate,1,medium,1,observed,controlled,100,0.0,100,,0,0.04444444444444437,100,0.0,100,0.0,100,0.01,100,0.01,100,0.0,96,0.021739130434782653,100,0.005,100,0.0451868686868687,100,0.0,100,0.0,100,0.0,100,0.0,100
helm/helm,causal_rolling_mad,union,metric_shift,failure_rate,1,medium,1,observed,controlled,100,0.0,100,,0,0.10775060321777795,100,0.0,100,0.0,100,0.0,100,0.0,100,,0,0.29934782608695676,100,0.0,100,0.10775060321777795,100,0.0,100,0.0,100,0.0,100,0.0,100
helm/helm,causal_rolling_mad,two_of_three,metric_shift,failure_rate,1,medium,1,observed,controlled,100,0.0,100,,0,0.0,100,0.0,100,0.0,100,0.0,100,0.0,100,,0,0.29934782608695676,100,,0,0.0,100,0.0,100,0.0,100,0.0,100,0.0,100
helm/helm,mewma,mewma,metric_shift,failure_rate,1,medium,1,observed,controlled,100,0.0,100,,0,0.0,100,0.0,100,0.0,100,0.0,100,0.0,100,0.0,100,0.0,100,,0,0.0,100,0.0,100,0.0,100,0.0,100,0.0,100
helm/helm,causal_rolling_mad,latency_log,metric_shift,failure_rate,1,low,2,observed,none,100,0.0,100,,0,0.0,100,0.0,100,0.0,100,0.0,100,0.0,100,0.0,100,0.021739130434782653,100,,0,0.0,100,0.0,100,0.0,100,0.0,100,0.0,100
helm/helm,causal_rolling_mad,failure_rate,metric_shift,failure_rate,1,low,2,observed,none,100,0.04,100,0.5,4,0.022222222222222185,100,0.08,100,0.03,100,0.09,100,0.025,100,0.025,100,0.021739130434782653,100,0.10493827160493827,81,0.016966173361522216,100,0.04,100,0.07,100,0.07,100,0.07,100
helm/helm,causal_rolling_mad,rerun_rate,metric_shift,failure_rate,1,low,2,observed,none,100,0.0,100,,0,0.04444444444444437,100,0.0,100,0.0,100,0.13,100,0.065,100,0.0,100,0.021739130434782653,100,0.065,100,0.04346723044397468,100,0.0,100,0.0,100,0.0,100,0.0,100
helm/helm,causal_rolling_mad,union,metric_shift,failure_rate,1,low,2,observed,none,100,0.04,100,1.0,4,0.11111111111111088,100,0.09,100,0.05,100,0.26,100,0.15,100,0.02,100,0.021739130434782653,100,0.08066666666666665,100,0.09855179704016927,100,0.04,100,0.09,100,0.09,100,0.09,100
helm/helm,causal_rolling_mad,two_of_three,metric_shift,failure_rate,1,low,2,observed,none,100,0.03,100,0.3333333333333333,3,0.0,100,0.03,100,0.0,100,0.03,100,0.0,100,0.015,100,0.021739130434782653,100,1.0,3,0.0,100,0.03,100,0.03,100,0.03,100,0.03,100
helm/helm,mewma,mewma,metric_shift,failure_rate,1,low,2,observed,none,100,0.0,100,,0,0.0,100,0.0,100,0.0,100,0.0,100,0.0,100,0.0,100,0.0,100,,0,0.0,100,0.0,100,0.0,100,0.0,100,0.0,100
helm/helm,causal_rolling_mad,latency_log,metric_shift,failure_rate,1,medium,2,observed,none,100,0.0,100,,0,0.0,100,0.0,100,0.0,100,0.0,100,0.0,100,0.0,100,0.021739130434782653,100,,0,0.0,100,0.0,100,0.0,100,0.0,100,0.0,100
helm/helm,causal_rolling_mad,failure_rate,metric_shift,failure_rate,1,medium,2,observed,none,100,0.14,100,0.9285714285714286,14,0.022222222222222185,100,0.19,100,0.04,100,0.2,100,0.04,100,0.07333333333333333,100,0.021739130434782653,100,0.19246031746031744,84,0.016712473572938705,100,0.14,100,0.17,100,0.17,100,0.17,100
helm/helm,causal_rolling_mad,rerun_rate,metric_shift,failure_rate,1,medium,2,observed,none,100,0.0,100,,0,0.04444444444444437,100,0.0,100,0.0,100,0.13,100,0.065,100,0.0,100,0.021739130434782653,100,0.065,100,0.043424947145877434,100,0.0,100,0.0,100,0.0,100,0.0,100
helm/helm,causal_rolling_mad,union,metric_shift,failure_rate,1,medium,2,observed,none,100,0.16,100,0.8125,16,0.11111111111111088,100,0.26,100,0.07,100,0.38,100,0.17,100,0.08666666666666666,100,0.021739130434782653,100,0.11726190476190473,100,0.09844608879492613,100,0.16,100,0.19,100,0.19,100,0.19,100
helm/helm,causal_rolling_mad,two_of_three,metric_shift,failure_rate,1,medium,2,observed,none,100,0.01,100,1.0,1,0.0,100,0.01,100,0.0,100,0.01,100,0.0,100,0.005,100,0.021739130434782653,100,1.0,1,0.0,100,0.01,100,0.01,100,0.01,100,0.01,100
helm/helm,mewma,mewma,metric_shift,failure_rate,1,medium,2,observed,none,100,0.0,100,,0,0.0,100,0.0,100,0.0,100,0.0,100,0.0,100,0.0,100,0.0,100,,0,0.0,100,0.0,100,0.0,100,0.0,100,0.0,100
helm/helm,causal_rolling_mad,latency_log,metric_shift,failure_rate,1,high,2,observed,none,100,0.0,100,,0,0.0,100,0.0,100,0.0,100,0.0,100,0.0,100,0.0,100,0.021739130434782653,100,,0,0.0,100,0.0,100,0.0,100,0.0,100,0.0,100
helm/helm,causal_rolling_mad,failure_rate,metric_shift,failure_rate,1,high,2,observed,none,100,0.79,100,0.9746835443037974,79,0.022222222222222185,100,0.82,100,0.01,100,0.81,100,0.04,100,0.40333333333333327,100,0.021739130434782653,100,0.5976430976430976,99,0.014413319238900648,100,0.79,100,0.79,100,0.79,100,0.79,100
helm/helm,causal_rolling_mad,rerun_rate,metric_shift,failure_rate,1,high,2,observed,none,100,0.0,100,,0,0.04444444444444437,100,0.0,100,0.0,100,0.11,100,0.055,100,0.0,100,0.021739130434782653,100,0.055,100,0.043942917547568766,100,0.0,100,0.0,100,0.0,100,0.0,100
helm/helm,causal_rolling_mad,union,metric_shift,failure_rate,1,high,2,observed,none,100,0.67,100,0.8059701492537313,67,0.11111111111111088,100,0.88,100,0.08,100,0.84,100,0.155,100,0.385,100,0.021739130434782653,100,0.22442857142857128,100,0.09415961945031723,100,0.67,100,0.67,100,0.67,100,0.67,100
helm/helm,causal_rolling_mad,two_of_three,metric_shift,failure_rate,1,high,2,observed,none,100,0.07,100,0.8571428571428571,7,0.0,100,0.07,100,0.0,100,0.07,100,0.0,100,0.035,100,0.021739130434782653,100,1.0,7,0.0,100,0.07,100,0.07,100,0.07,100,0.07,100
helm/helm,mewma,mewma,metric_shift,failure_rate,1,high,2,observed,none,100,0.0,100,,0,0.0,100,0.0,100,0.0,100,0.0,100,0.0,100,0.0,100,0.0,100,,0,0.0,100,0.0,100,0.0,100,0.0,100,0.0,100
helm/helm,causal_rolling_mad,latency_log,metric_shift,failure_rate,1,medium,2,low_volume,none,100,0.0,100,,0,0.0,100,0.0,100,0.0,100,0.0,100,0.0,100,0.0,100,0.021739130434782653,100,,0,0.0,100,0.0,100,0.0,100,0.0,100,0.0,100
helm/helm,causal_rolling_mad,failure_rate,metric_shift,failure_rate,1,medium,2,low_volume,none,100,0.17,100,1.0,17,0.022222222222222185,100,0.18,100,0.01,100,0.21,100,0.02,100,0.08333333333333331,100,0.021739130434782653,100,0.19375,80,0.016268498942917563,100,0.17,100,0.17,100,0.17,100,0.17,100
helm/helm,causal_rolling_mad,rerun_rate,metric_shift,failure_rate,1,medium,2,low_volume,none,100,0.01,100,0.0,1,0.04444444444444437,100,0.01,100,0.0,100,0.03,100,0.04,100,0.005,100,0.021739130434782653,100,0.013468013468013467,99,0.04253699788583515,100,0.01,100,0.01,100,0.01,100,0.01,100
helm/helm,causal_rolling_mad,union,metric_shift,failure_rate,1,medium,2,low_volume,none,100,0.29,100,0.6896551724137931,29,0.11111111111111088,100,0.43,100,0.09,100,0.37,100,0.08,100,0.15833333333333333,100,0.021739130434782653,100,0.10033333333333337,100,0.09529598308668087,100,0.29,100,0.31,100,0.31,100,0.31,100
helm/helm,causal_rolling_mad,two_of_three,metric_shift,failure_rate,1,medium,2,low_volume,none,100,0.0,100,,0,0.0,100,0.0,100,0.0,100,0.0,100,0.0,100,0.0,100,0.021739130434782653,100,,0,0.0,100,0.0,100,0.0,100,0.0,100,0.0,100
helm/helm,mewma,mewma,metric_shift,failure_rate,1,medium,2,low_volume,none,100,0.0,100,,0,0.0,100,0.0,100,0.0,100,0.0,100,0.0,100,0.0,100,0.0,100,,0,0.0,100,0.0,100,0.0,100,0.0,100,0.0,100
helm/helm,causal_rolling_mad,latency_log,metric_shift,failure_rate,1,medium,2,observed,controlled,100,0.0,100,,0,0.0,100,0.0,100,0.0,100,0.0,100,0.0,100,0.0,100,0.021739130434782653,100,,0,0.0,100,0.0,100,0.0,100,0.0,100,0.0,100
helm/helm,causal_rolling_mad,failure_rate,metric_shift,failure_rate,1,medium,2,observed,controlled,100,0.0,100,,0,0.021244614860491673,100,0.0,100,0.0,100,0.0,100,0.0,100,0.0,51,0.30326086956521786,100,0.0,69,0.02155378789492379,100,0.0,100,0.0,100,0.0,100,0.0,100
helm/helm,causal_rolling_mad,rerun_rate,metric_shift,failure_rate,1,medium,2,observed,controlled,100,0.0,100,,0,0.04444444444444437,100,0.0,100,0.0,100,0.09,100,0.045,100,0.0,100,0.021739130434782653,100,0.045,100,0.04439746300211422,100,0.0,100,0.0,100,0.0,100,0.0,100
helm/helm,causal_rolling_mad,union,metric_shift,failure_rate,1,medium,2,observed,controlled,100,0.05,100,0.0,5,0.10691124634546897,100,0.05,100,0.0,100,0.09,100,0.04,100,0.09803921568627451,51,0.30326086956521786,100,0.02316666666666667,100,0.10727320347165263,100,0.05,100,0.05,100,0.05,100,0.05,100
helm/helm,causal_rolling_mad,two_of_three,metric_shift,failure_rate,1,medium,2,observed,controlled,100,0.0,100,,0,0.0,100,0.0,100,0.0,100,0.0,100,0.0,100,0.0,51,0.30326086956521786,100,,0,0.0,100,0.0,100,0.0,100,0.0,100,0.0,100
helm/helm,mewma,mewma,metric_shift,failure_rate,1,medium,2,observed,controlled,100,0.0,100,,0,0.0,100,0.0,100,0.0,100,0.0,100,0.0,100,0.0,100,0.0,100,,0,0.0,100,0.0,100,0.0,100,0.0,100,0.0,100
helm/helm,causal_rolling_mad,latency_log,metric_shift,failure_rate,1,low,4,observed,none,100,0.0,100,,0,0.0,100,0.0,100,0.0,100,0.0,100,0.0,100,0.0,100,0.021739130434782653,100,,0,0.0,100,0.0,100,0.0,100,0.0,100,0.0,100
helm/helm,causal_rolling_mad,failure_rate,metric_shift,failure_rate,1,low,4,observed,none,100,0.14,100,1.7142857142857142,14,0.022222222222222185,100,0.14,100,0.0,100,0.18,100,0.03,100,0.035,100,0.021739130434782653,100,0.21794871794871795,78,0.015121951219512203,100,0.14,100,0.14,100,0.14,100,0.14,100
helm/helm,causal_rolling_mad,rerun_rate,metric_shift,failure_rate,1,low,4,observed,none,100,0.0,100,,0,0.04444444444444437,100,0.0,100,0.0,100,0.18,100,0.045,100,0.0,100,0.021739130434782653,100,0.09,100,0.04439024390243906,100,0.0,100,0.0,100,0.0,100,0.0,100
helm/helm,causal_rolling_mad,union,metric_shift,failure_rate,1,low,4,observed,none,100,0.28,100,1.1428571428571428,28,0.11111111111111088,100,0.38,100,0.01,100,0.47,100,0.13,100,0.0925,100,0.021739130434782653,100,0.17761904761904757,100,0.09073170731707318,100,0.28,100,0.29,100,0.29,100,0.29,100
helm/helm,causal_rolling_mad,two_of_three,metric_shift,failure_rate,1,low,4,observed,none,100,0.01,100,3.0,1,0.0,100,0.01,100,0.0,100,0.01,100,0.0,100,0.0025,100,0.021739130434782653,100,1.0,1,0.0,100,0.01,100,0.01,100,0.01,100,0.01,100
helm/helm,mewma,mewma,metric_shift,failure_rate,1,low,4,observed,none,100,0.0,100,,0,0.0,100,0.0,100,0.0,100,0.0,100,0.0,100,0.0,100,0.0,100,,0,0.0,100,0.0,100,0.0,100,0.0,100,0.0,100
helm/helm,causal_rolling_mad,latency_log,metric_shift,failure_rate,1,medium,4,observed,none,100,0.0,100,,0,0.0,100,0.0,100,0.0,100,0.0,100,0.0,100,0.0,100,0.021739130434782653,100,,0,0.0,100,0.0,100,0.0,100,0.0,100,0.0,100
helm/helm,causal_rolling_mad,failure_rate,metric_shift,failure_rate,1,medium,4,observed,none,100,0.29,100,1.3103448275862069,29,0.022222222222222185,100,0.4,100,0.03,100,0.37,100,0.0275,100,0.092,100,0.021739130434782653,100,0.38095238095238093,84,0.013902439024390251,100,0.29,100,0.31,100,0.31,100,0.31,100
helm/helm,causal_rolling_mad,rerun_rate,metric_shift,failure_rate,1,medium,4,observed,none,100,0.0,100,,0,0.04444444444444437,100,0.0,100,0.0,100,0.21,100,0.0525,100,0.0,100,0.021739130434782653,100,0.105,100,0.043658536585365885,100,0.0,100,0.0,100,0.0,100,0.0,100
helm/helm,causal_rolling_mad,union,metric_shift,failure_rate,1,medium,4,observed,none,100,0.39,100,1.1282051282051282,39,0.11111111111111088,100,0.65,100,0.04,100,0.58,100,0.125,100,0.151,100,0.021739130434782653,100,0.23161904761904759,100,0.08780487804878052,100,0.39,100,0.42,100,0.42,100,0.42,100
helm/helm,causal_rolling_mad,two_of_three,metric_shift,failure_rate,1,medium,4,observed,none,100,0.05,100,1.4,5,0.0,100,0.05,100,0.0,100,0.05,100,0.0,100,0.0125,100,0.021739130434782653,100,1.0,5,0.0,100,0.05,100,0.05,100,0.05,100,0.05,100
helm/helm,mewma,mewma,metric_shift,failure_rate,1,medium,4,observed,none,100,0.0,100,,0,0.0,100,0.0,100,0.0,100,0.0,100,0.0,100,0.0,100,0.0,100,,0,0.0,100,0.0,100,0.0,100,0.0,100,0.0,100
helm/helm,causal_rolling_mad,latency_log,metric_shift,failure_rate,1,high,4,observed,none,100,0.0,100,,0,0.0,100,0.0,100,0.0,100,0.0,100,0.0,100,0.0,100,0.021739130434782653,100,,0,0.0,100,0.0,100,0.0,100,0.0,100,0.0,100
helm/helm,causal_rolling_mad,failure_rate,metric_shift,failure_rate,1,high,4,observed,none,100,0.9,100,1.0333333333333334,90,0.022222222222222185,100,1.87,100,0.04,100,0.9,100,0.01,100,0.45333333333333337,100,0.021739130434782653,100,0.6883333333333331,100,0.01584785133565622,100,0.9,100,0.9,100,0.9,100,0.9,100
helm/helm,causal_rolling_mad,rerun_rate,metric_shift,failure_rate,1,high,4,observed,none,100,0.0,100,,0,0.04444444444444437,100,0.0,100,0.0,100,0.22,100,0.055,100,0.0,100,0.021739130434782653,100,0.11,100,0.043403019744483184,100,0.0,100,0.0,100,0.0,100,0.0,100
helm/helm,causal_rolling_mad,union,metric_shift,failure_rate,1,high,4,observed,none,100,0.9,100,1.011111111111111,90,0.11111111111111088,100,1.99,100,0.1,100,0.92,100,0.1,100,0.46033333333333337,100,0.021739130434782653,100,0.3774007936507936,100,0.09192218350754937,100,0.9,100,0.9,100,0.9,100,0.9,100
helm/helm,causal_rolling_mad,two_of_three,metric_shift,failure_rate,1,high,4,observed,none,100,0.12,100,1.3333333333333333,12,0.0,100,0.12,100,0.0,100,0.12,100,0.0,100,0.03,100,0.021739130434782653,100,1.0,12,0.0,100,0.12,100,0.12,100,0.12,100,0.12,100
helm/helm,mewma,mewma,metric_shift,failure_rate,1,high,4,observed,none,100,0.08,100,2.875,8,0.0,100,0.09,100,0.0,100,0.08,100,0.0,100,0.0225,100,0.0,100,1.0,8,0.0,100,0.08,100,0.08,100,0.08,100,0.08,100
helm/helm,causal_rolling_mad,latency_log,metric_shift,failure_rate,1,medium,4,low_volume,none,100,0.0,100,,0,0.0,100,0.0,100,0.0,100,0.0,100,0.0,100,0.0,100,0.021739130434782653,100,,0,0.0,100,0.0,100,0.0,100,0.0,100,0.0,100
helm/helm,causal_rolling_mad,failure_rate,metric_shift,failure_rate,1,medium,4,low_volume,none,100,0.38,100,1.368421052631579,38,0.022222222222222185,100,0.54,100,0.01,100,0.4,100,0.025,100,0.1325,100,0.021739130434782653,100,0.37310606060606055,88,0.015592334494773527,100,0.38,100,0.39,100,0.39,100,0.39,100
helm/helm,causal_rolling_mad,rerun_rate,metric_shift,failure_rate,1,medium,4,low_volume,none,100,0.01,100,2.0,1,0.04444444444444437,100,0.01,100,0.0,100,0.09,100,0.05,100,0.0025,100,0.021739130434782653,100,0.05381944444444444,96,0.040220673635307805,100,0.01,100,0.01,100,0.01,100,0.01,100
helm/helm,causal_rolling_mad,union,metric_shift,failure_rate,1,medium,4,low_volume,none,100,0.47,100,1.3404255319148937,47,0.11111111111111088,100,0.81,100,0.06,100,0.59,100,0.1325,100,0.18349999999999997,100,0.021739130434782653,100,0.22728571428571429,100,0.08529036004645763,100,0.47,100,0.48,100,0.48,100,0.48,100
helm/helm,causal_rolling_mad,two_of_three,metric_shift,failure_rate,1,medium,4,low_volume,none,100,0.03,100,1.0,3,0.0,100,0.03,100,0.0,100,0.03,100,0.0,100,0.0075,100,0.021739130434782653,100,1.0,3,0.0,100,0.03,100,0.03,100,0.03,100,0.03,100
helm/helm,mewma,mewma,metric_shift,failure_rate,1,medium,4,low_volume,none,100,0.04,100,2.5,4,0.0,100,0.04,100,0.0,100,0.04,100,0.0,100,0.01,100,0.0,100,1.0,4,0.0,100,0.04,100,0.04,100,0.04,100,0.04,100
helm/helm,causal_rolling_mad,latency_log,metric_shift,failure_rate,1,medium,4,observed,controlled,100,0.0,100,,0,0.0,100,0.0,100,0.0,100,0.0,100,0.0,100,0.0,100,0.021739130434782653,100,,0,0.0,100,0.0,100,0.0,100,0.0,100,0.0,100
helm/helm,causal_rolling_mad,failure_rate,metric_shift,failure_rate,1,medium,4,observed,controlled,100,0.1,100,0.9,10,0.02002900825393989,100,0.13,100,0.0,100,0.12,100,0.008333333333333333,100,0.07317073170731707,82,0.2889130434782612,100,0.14583333333333334,72,0.019608804154628668,100,0.1,100,0.1,100,0.1,100,0.1,100
helm/helm,causal_rolling_mad,rerun_rate,metric_shift,failure_rate,1,medium,4,observed,controlled,100,0.0,100,,0,0.04444444444444437,100,0.0,100,0.0,100,0.2,100,0.05,100,0.0,100,0.021739130434782653,100,0.1,100,0.043902439024390276,100,0.0,100,0.0,100,0.0,100,0.0,100
helm/helm,causal_rolling_mad,union,metric_shift,failure_rate,1,medium,4,observed,controlled,100,0.14,100,0.7142857142857143,14,0.10714504126969937,100,0.18,100,0.0,100,0.26,100,0.08333333333333334,100,0.11382113821138212,82,0.2889130434782612,100,0.10283333333333332,100,0.10535007806195924,100,0.14,100,0.14,100,0.14,100,0.14,100
helm/helm,causal_rolling_mad,two_of_three,metric_shift,failure_rate,1,medium,4,observed,controlled,100,0.03,100,0.3333333333333333,3,0.0,100,0.03,100,0.0,100,0.03,100,0.0,100,0.016260162601626015,82,0.2889130434782612,100,1.0,3,0.0,100,0.03,100,0.03,100,0.03,100,0.03,100
helm/helm,mewma,mewma,metric_shift,failure_rate,1,medium,4,observed,controlled,100,0.0,100,,0,0.0,100,0.0,100,0.0,100,0.0,100,0.0,100,0.0,100,0.0,100,,0,0.0,100,0.0,100,0.0,100,0.0,100,0.0,100
helm/helm,causal_rolling_mad,latency_log,metric_shift,failure_rate,1,low,8,observed,none,100,0.0,100,,0,0.0,100,0.0,100,0.0,100,0.0,100,0.0,100,0.0,100,0.021739130434782653,100,,0,0.0,100,0.0,100,0.0,100,0.0,100,0.0,100
helm/helm,causal_rolling_mad,failure_rate,metric_shift,failure_rate,1,low,8,observed,none,100,0.1,100,2.7,10,0.022222222222222185,100,0.1,100,0.0,100,0.18,100,0.0275,100,0.0125,100,0.021739130434782653,100,0.25,68,0.014032716927453755,100,0.1,100,0.1,100,0.1,100,0.1,100
helm/helm,causal_rolling_mad,rerun_rate,metric_shift,failure_rate,1,low,8,observed,none,100,0.0,100,,0,0.04444444444444437,100,0.0,100,0.0,100,0.26,100,0.04,100,0.0,100,0.021739130434782653,100,0.16,100,0.04536273115220484,100,0.0,100,0.0,100,0.0,100,0.0,100
helm/helm,causal_rolling_mad,union,metric_shift,failure_rate,1,low,8,observed,none,100,0.31,100,2.096774193548387,31,0.11111111111111088,100,0.44,100,0.02,100,0.6,100,0.125,100,0.051944444444444446,100,0.021739130434782653,100,0.25147619047619046,100,0.08692034139402564,100,0.31,100,0.32,100,0.32,100,0.32,100
helm/helm,causal_rolling_mad,two_of_three,metric_shift,failure_rate,1,low,8,observed,none,100,0.0,100,,0,0.0,100,0.0,100,0.0,100,0.0,100,0.0,100,0.0,100,0.021739130434782653,100,,0,0.0,100,0.0,100,0.0,100,0.0,100,0.0,100
helm/helm,mewma,mewma,metric_shift,failure_rate,1,low,8,observed,none,100,0.0,100,,0,0.0,100,0.0,100,0.0,100,0.0,100,0.0,100,0.0,100,0.0,100,,0,0.0,100,0.0,100,0.0,100,0.0,100,0.0,100
helm/helm,causal_rolling_mad,latency_log,metric_shift,failure_rate,1,medium,8,observed,none,100,0.0,100,,0,0.0,100,0.0,100,0.0,100,0.0,100,0.0,100,0.0,100,0.021739130434782653,100,,0,0.0,100,0.0,100,0.0,100,0.0,100,0.0,100
helm/helm,causal_rolling_mad,failure_rate,metric_shift,failure_rate,1,medium,8,observed,none,100,0.4,100,1.975,40,0.022222222222222185,100,0.56,100,0.0,100,0.47,100,0.03,100,0.07,100,0.021739130434782653,100,0.5648148148148149,72,0.010263157894736833,100,0.4,100,0.4,100,0.4,100,0.4,100
helm/helm,causal_rolling_mad,rerun_rate,metric_shift,failure_rate,1,medium,8,observed,none,100,0.0,100,,0,0.04444444444444437,100,0.0,100,0.0,100,0.34,100,0.0575,100,0.0,100,0.021739130434782653,100,0.23,100,0.04160739687055475,100,0.0,100,0.0,100,0.0,100,0.0,100
helm/helm,causal_rolling_mad,union,metric_shift,failure_rate,1,medium,8,observed,none,100,0.51,100,2.019607843137255,51,0.11111111111111088,100,0.93,100,0.01,100,0.73,100,0.1275,100,0.11486111111111111,100,0.021739130434782653,100,0.35735714285714293,100,0.0772617354196302,100,0.51,100,0.51,100,0.51,100,0.51,100
helm/helm,causal_rolling_mad,two_of_three,metric_shift,failure_rate,1,medium,8,observed,none,100,0.05,100,3.0,5,0.0,100,0.05,100,0.0,100,0.05,100,0.0,100,0.00625,100,0.021739130434782653,100,1.0,5,0.0,100,0.05,100,0.05,100,0.05,100,0.05,100
helm/helm,mewma,mewma,metric_shift,failure_rate,1,medium,8,observed,none,100,0.0,100,,0,0.0,100,0.0,100,0.0,100,0.0,100,0.0,100,0.0,100,0.0,100,,0,0.0,100,0.0,100,0.0,100,0.0,100,0.0,100
helm/helm,causal_rolling_mad,latency_log,metric_shift,failure_rate,1,high,8,observed,none,100,0.0,100,,0,0.0,100,0.0,100,0.0,100,0.0,100,0.0,100,0.0,100,0.021739130434782653,100,,0,0.0,100,0.0,100,0.0,100,0.0,100,0.0,100
helm/helm,causal_rolling_mad,failure_rate,metric_shift,failure_rate,1,high,8,observed,none,100,0.87,100,1.103448275862069,87,0.022222222222222185,100,2.21,100,0.0,100,0.87,100,0.0275,100,0.2764285714285714,100,0.021739130434782653,100,0.7596666666666667,100,0.011059743954480788,100,0.87,100,0.87,100,0.87,100,0.87,100
helm/helm,causal_rolling_mad,rerun_rate,metric_shift,failure_rate,1,high,8,observed,none,100,0.0,100,,0,0.04444444444444437,100,0.0,100,0.0,100,0.35,100,0.05875,100,0.0,100,0.021739130434782653,100,0.235,100,0.04130867709815076,100,0.0,100,0.0,100,0.0,100,0.0,100
helm/helm,causal_rolling_mad,union,metric_shift,failure_rate,1,high,8,observed,none,100,0.84,100,1.130952380952381,84,0.11111111111111088,100,2.27,100,0.0,100,0.9,100,0.14,100,0.2839285714285714,100,0.021739130434782653,100,0.5078928571428571,100,0.07502844950213376,100,0.84,100,0.84,100,0.84,100,0.84,100
helm/helm,causal_rolling_mad,two_of_three,metric_shift,failure_rate,1,high,8,observed,none,100,0.19,100,1.5789473684210527,19,0.0,100,0.21,100,0.0,100,0.19,100,0.0,100,0.02625,100,0.021739130434782653,100,1.0,19,0.0,100,0.19,100,0.19,100,0.19,100,0.19,100
helm/helm,mewma,mewma,metric_shift,failure_rate,1,high,8,observed,none,100,0.68,100,4.9411764705882355,68,0.0,100,2.28,100,0.29,100,0.68,100,0.0,100,0.23386111111111102,100,0.0,100,0.9058823529411765,68,0.007631578947368417,100,0.68,100,0.68,100,0.68,100,0.68,100
helm/helm,causal_rolling_mad,latency_log,metric_shift,failure_rate,1,medium,8,low_volume,none,100,0.0,100,,0,0.0,100,0.0,100,0.0,100,0.0,100,0.0,100,0.0,100,0.021739130434782653,100,,0,0.0,100,0.0,100,0.0,100,0.0,100,0.0,100
helm/helm,causal_rolling_mad,failure_rate,metric_shift,failure_rate,1,medium,8,low_volume,none,100,0.45,100,1.8666666666666667,45,0.022222222222222185,100,0.74,100,0.0,100,0.49,100,0.025,100,0.0925,100,0.021739130434782653,100,0.5194805194805195,77,0.012951635846372676,100,0.45,100,0.45,100,0.45,100,0.45,100
helm/helm,causal_rolling_mad,rerun_rate,metric_shift,failure_rate,1,medium,8,low_volume,none,100,0.03,100,5.333333333333333,3,0.04444444444444437,100,0.04,100,0.01,100,0.22,100,0.05625,100,0.00375,100,0.021739130434782653,100,0.18773946360153254,87,0.03675675675675673,100,0.03,100,0.03,100,0.03,100,0.04,100
helm/helm,causal_rolling_mad,union,metric_shift,failure_rate,1,medium,8,low_volume,none,100,0.61,100,2.2295081967213113,61,0.11111111111111088,100,1.16,100,0.06,100,0.7,100,0.13125,100,0.13652777777777778,100,0.021739130434782653,100,0.35476190476190467,100,0.07588193456614509,100,0.61,100,0.62,100,0.62,100,0.63,100
helm/helm,causal_rolling_mad,two_of_three,metric_shift,failure_rate,1,medium,8,low_volume,none,100,0.06,100,1.1666666666666667,6,0.0,100,0.06,100,0.0,100,0.06,100,0.0,100,0.0075,100,0.021739130434782653,100,1.0,6,0.0,100,0.06,100,0.06,100,0.06,100,0.06,100
helm/helm,mewma,mewma,metric_shift,failure_rate,1,medium,8,low_volume,none,100,0.08,100,6.0,8,0.0,100,0.09,100,0.0,100,0.08,100,0.0,100,0.01125,100,0.0,100,1.0,8,0.0,100,0.08,100,0.08,100,0.08,100,0.08,100
helm/helm,causal_rolling_mad,latency_log,metric_shift,failure_rate,1,medium,8,observed,controlled,100,0.0,100,,0,0.0,100,0.0,100,0.0,100,0.0,100,0.0,100,0.0,100,0.021739130434782653,100,,0,0.0,100,0.0,100,0.0,100,0.0,100,0.0,100
helm/helm,causal_rolling_mad,failure_rate,metric_shift,failure_rate,1,medium,8,observed,controlled,100,0.15,100,1.3333333333333333,15,0.019263939368453938,100,0.18,100,0.0,100,0.17,100,0.006666666666666666,100,0.07800925925925925,72,0.37543478260869556,100,0.2557471264367816,58,0.016370120650608035,100,0.15,100,0.15,100,0.15,100,0.15,100
helm/helm,causal_rolling_mad,rerun_rate,metric_shift,failure_rate,1,medium,8,observed,controlled,100,0.0,100,,0,0.04444444444444437,100,0.0,100,0.0,100,0.33,100,0.05375,100,0.0,100,0.021739130434782653,100,0.215,100,0.04237553342816499,100,0.0,100,0.0,100,0.0,100,0.0,100
helm/helm,causal_rolling_mad,union,metric_shift,failure_rate,1,medium,8,observed,controlled,100,0.19,100,0.7894736842105263,19,0.10324131411666052,100,0.31,100,0.01,100,0.29,100,0.06949999999999999,100,0.16064814814814812,72,0.37543478260869556,100,0.12466666666666666,100,0.09567437033775175,100,0.19,100,0.19,100,0.19,100,0.19,100
helm/helm,causal_rolling_mad,two_of_three,metric_shift,failure_rate,1,medium,8,observed,controlled,100,0.0,100,,0,0.0,100,0.0,100,0.0,100,0.0,100,0.0,100,0.0,72,0.37543478260869556,100,,0,0.0,100,0.0,100,0.0,100,0.0,100,0.0,100
helm/helm,mewma,mewma,metric_shift,failure_rate,1,medium,8,observed,controlled,100,0.0,100,,0,0.0,100,0.0,100,0.0,100,0.0,100,0.0,100,0.0,100,0.0,100,,0,0.0,100,0.0,100,0.0,100,0.0,100,0.0,100
helm/helm,causal_rolling_mad,latency_log,metric_shift,rerun_rate,1,low,1,observed,none,100,0.0,100,,0,0.0,100,0.0,100,0.0,100,0.0,100,0.0,100,0.0,96,0.021739130434782653,100,,0,0.0,100,0.0,100,0.0,100,0.0,100,0.0,100
helm/helm,causal_rolling_mad,failure_rate,metric_shift,rerun_rate,1,low,1,observed,none,100,0.0,100,,0,0.022222222222222185,100,0.0,100,0.0,100,0.04,100,0.04,100,0.0,96,0.021739130434782653,100,0.04,100,0.0217979797979798,100,0.0,100,0.0,100,0.0,100,0.0,100
helm/helm,causal_rolling_mad,rerun_rate,metric_shift,rerun_rate,1,low,1,observed,none,100,0.0,100,,0,0.04444444444444437,100,0.0,100,0.0,100,0.02,100,0.03,100,0.0,96,0.021739130434782653,100,0.01,100,0.04382323232323234,100,0.0,100,0.0,100,0.0,100,0.0,100
helm/helm,causal_rolling_mad,union,metric_shift,rerun_rate,1,low,1,observed,none,100,0.0,100,,0,0.11111111111111088,100,0.02,100,0.02,100,0.13,100,0.14,100,0.0,96,0.021739130434782653,100,0.028000000000000008,100,0.10717171717171708,100,0.0,100,0.02,100,0.02,100,0.02,100
helm/helm,causal_rolling_mad,two_of_three,metric_shift,rerun_rate,1,low,1,observed,none,100,0.0,100,,0,0.0,100,0.0,100,0.0,100,0.0,100,0.0,100,0.0,96,0.021739130434782653,100,,0,0.0,100,0.0,100,0.0,100,0.0,100,0.0,100
helm/helm,mewma,mewma,metric_shift,rerun_rate,1,low,1,observed,none,100,0.0,100,,0,0.0,100,0.0,100,0.0,100,0.0,100,0.0,100,0.0,100,0.0,100,,0,0.0,100,0.0,100,0.0,100,0.0,100,0.0,100
helm/helm,causal_rolling_mad,latency_log,metric_shift,rerun_rate,1,medium,1,observed,none,100,0.0,100,,0,0.0,100,0.0,100,0.0,100,0.0,100,0.0,100,0.0,96,0.021739130434782653,100,,0,0.0,100,0.0,100,0.0,100,0.0,100,0.0,100
helm/helm,causal_rolling_mad,failure_rate,metric_shift,rerun_rate,1,medium,1,observed,none,100,0.0,100,,0,0.022222222222222185,100,0.0,100,0.0,100,0.02,100,0.02,100,0.0,96,0.021739130434782653,100,0.02,100,0.022252525252525256,100,0.0,100,0.0,100,0.0,100,0.0,100
helm/helm,causal_rolling_mad,rerun_rate,metric_shift,rerun_rate,1,medium,1,observed,none,100,0.0,100,,0,0.04444444444444437,100,0.01,100,0.01,100,0.04,100,0.04,100,0.0,96,0.021739130434782653,100,0.02,100,0.04177777777777778,100,0.0,100,0.01,100,0.01,100,0.01,100
helm/helm,causal_rolling_mad,union,metric_shift,rerun_rate,1,medium,1,observed,none,100,0.02,100,0.0,2,0.11111111111111088,100,0.05,100,0.03,100,0.13,100,0.11,100,0.010416666666666666,96,0.021739130434782653,100,0.027357142857142858,100,0.10535353535353527,100,0.02,100,0.03,100,0.03,100,0.03,100
helm/helm,causal_rolling_mad,two_of_three,metric_shift,rerun_rate,1,medium,1,observed,none,100,0.0,100,,0,0.0,100,0.0,100,0.0,100,0.0,100,0.0,100,0.0,96,0.021739130434782653,100,,0,0.0,100,0.0,100,0.0,100,0.0,100,0.0,100
helm/helm,mewma,mewma,metric_shift,rerun_rate,1,medium,1,observed,none,100,0.0,100,,0,0.0,100,0.0,100,0.0,100,0.0,100,0.0,100,0.0,100,0.0,100,,0,0.0,100,0.0,100,0.0,100,0.0,100,0.0,100
helm/helm,causal_rolling_mad,latency_log,metric_shift,rerun_rate,1,high,1,observed,none,100,0.0,100,,0,0.0,100,0.0,100,0.0,100,0.0,100,0.0,100,0.0,97,0.021739130434782653,100,,0,0.0,100,0.0,100,0.0,100,0.0,100,0.0,100
helm/helm,causal_rolling_mad,failure_rate,metric_shift,rerun_rate,1,high,1,observed,none,100,0.0,100,,0,0.022222222222222185,100,0.0,100,0.0,100,0.03,100,0.03,100,0.0,97,0.021739130434782653,100,0.03,100,0.022030303030303032,100,0.0,100,0.0,100,0.0,100,0.0,100
helm/helm,causal_rolling_mad,rerun_rate,metric_shift,rerun_rate,1,high,1,observed,none,100,0.01,100,0.0,1,0.04444444444444437,100,0.05,100,0.04,100,0.06,100,0.05,100,0.010309278350515464,97,0.021739130434782653,100,0.028333333333333332,100,0.04110606060606061,100,0.01,100,0.05,100,0.05,100,0.05,100
helm/helm,causal_rolling_mad,union,metric_shift,rerun_rate,1,high,1,observed,none,100,0.05,100,0.0,5,0.11111111111111088,100,0.13,100,0.08,100,0.17,100,0.12,100,0.030927835051546393,97,0.021739130434782653,100,0.03438095238095238,100,0.10424242424242422,100,0.05,100,0.09,100,0.09,100,0.09,100
helm/helm,causal_rolling_mad,two_of_three,metric_shift,rerun_rate,1,high,1,observed,none,100,0.0,100,,0,0.0,100,0.0,100,0.0,100,0.0,100,0.0,100,0.0,97,0.021739130434782653,100,,0,0.0,100,0.0,100,0.0,100,0.0,100,0.0,100
helm/helm,mewma,mewma,metric_shift,rerun_rate,1,high,1,observed,none,100,0.0,100,,0,0.0,100,0.0,100,0.0,100,0.0,100,0.0,100,0.0,100,0.0,100,,0,0.0,100,0.0,100,0.0,100,0.0,100,0.0,100
helm/helm,causal_rolling_mad,latency_log,metric_shift,rerun_rate,1,medium,1,low_volume,none,100,0.0,100,,0,0.0,100,0.0,100,0.0,100,0.0,100,0.0,100,0.0,95,0.021739130434782653,100,,0,0.0,100,0.0,100,0.0,100,0.0,100,0.0,100
helm/helm,causal_rolling_mad,failure_rate,metric_shift,rerun_rate,1,medium,1,low_volume,none,100,0.01,100,0.0,1,0.022222222222222185,100,0.02,100,0.01,100,0.01,100,0.0,100,0.010526315789473684,95,0.021739130434782653,100,0.011494252873563218,87,0.019747474747474732,100,0.01,100,0.02,100,0.02,100,0.02,100
helm/helm,causal_rolling_mad,rerun_rate,metric_shift,rerun_rate,1,medium,1,low_volume,none,100,0.03,100,0.0,3,0.04444444444444437,100,0.06,100,0.03,100,0.04,100,0.02,100,0.031578947368421054,95,0.021739130434782653,100,0.014999999999999998,100,0.04426767676767678,100,0.03,100,0.06,100,0.06,100,0.06,100
helm/helm,causal_rolling_mad,union,metric_shift,rerun_rate,1,medium,1,low_volume,none,100,0.08,100,0.0,8,0.11111111111111088,100,0.24,100,0.16,100,0.14,100,0.06,100,0.06315789473684211,95,0.021739130434782653,100,0.029333333333333333,100,0.10623737373737364,100,0.08,100,0.13,100,0.13,100,0.14,100
helm/helm,causal_rolling_mad,two_of_three,metric_shift,rerun_rate,1,medium,1,low_volume,none,100,0.0,100,,0,0.0,100,0.01,100,0.01,100,0.0,100,0.0,100,0.0,95,0.021739130434782653,100,0.0,1,0.00022727272727272727,100,0.0,100,0.01,100,0.01,100,0.01,100
helm/helm,mewma,mewma,metric_shift,rerun_rate,1,medium,1,low_volume,none,100,0.0,100,,0,0.0,100,0.0,100,0.0,100,0.0,100,0.0,100,0.0,100,0.0,100,,0,0.0,100,0.0,100,0.0,100,0.0,100,0.0,100
helm/helm,causal_rolling_mad,latency_log,metric_shift,rerun_rate,1,medium,1,observed,controlled,100,0.0,100,,0,0.0,100,0.0,100,0.0,100,0.0,100,0.0,100,0.0,99,0.021739130434782653,100,,0,0.0,100,0.0,100,0.0,100,0.0,100,0.0,100
helm/helm,causal_rolling_mad,failure_rate,metric_shift,rerun_rate,1,medium,1,observed,controlled,100,0.0,100,,0,0.022222222222222185,100,0.0,100,0.0,100,0.02,100,0.02,100,0.0,99,0.021739130434782653,100,0.02,100,0.022267676767676773,100,0.0,100,0.0,100,0.0,100,0.0,100
helm/helm,causal_rolling_mad,rerun_rate,metric_shift,rerun_rate,1,medium,1,observed,controlled,100,0.0,100,,0,0.044942204089800424,100,0.0,100,0.0,100,0.0,100,0.0,100,,0,0.2993478260869569,100,0.0,77,0.044942204089800424,100,0.0,100,0.0,100,0.0,100,0.0,100
helm/helm,causal_rolling_mad,union,metric_shift,rerun_rate,1,medium,1,observed,controlled,100,0.0,100,,0,0.10698991882665145,100,0.0,100,0.0,100,0.0,100,0.0,100,,0,0.2993478260869569,100,0.0,100,0.10698991882665145,100,0.0,100,0.0,100,0.0,100,0.0,100
helm/helm,causal_rolling_mad,two_of_three,metric_shift,rerun_rate,1,medium,1,observed,controlled,100,0.0,100,,0,0.0,100,0.0,100,0.0,100,0.0,100,0.0,100,,0,0.2993478260869569,100,,0,0.0,100,0.0,100,0.0,100,0.0,100,0.0,100
helm/helm,mewma,mewma,metric_shift,rerun_rate,1,medium,1,observed,controlled,100,0.0,100,,0,0.0,100,0.0,100,0.0,100,0.0,100,0.0,100,0.0,100,0.0,100,,0,0.0,100,0.0,100,0.0,100,0.0,100,0.0,100
helm/helm,causal_rolling_mad,latency_log,metric_shift,rerun_rate,1,low,2,observed,none,100,0.0,100,,0,0.0,100,0.0,100,0.0,100,0.0,100,0.0,100,0.0,100,0.021739130434782653,100,,0,0.0,100,0.0,100,0.0,100,0.0,100,0.0,100
helm/helm,causal_rolling_mad,failure_rate,metric_shift,rerun_rate,1,low,2,observed,none,100,0.0,100,,0,0.022222222222222185,100,0.0,100,0.0,100,0.09,100,0.045,100,0.0,100,0.021739130434782653,100,0.09,100,0.021141649048625814,100,0.0,100,0.0,100,0.0,100,0.0,100
helm/helm,causal_rolling_mad,rerun_rate,metric_shift,rerun_rate,1,low,2,observed,none,100,0.01,100,1.0,1,0.04444444444444437,100,0.03,100,0.02,100,0.08,100,0.035,100,0.005,100,0.021739130434782653,100,0.04035087719298245,95,0.04205073995771676,100,0.01,100,0.02,100,0.02,100,0.02,100
helm/helm,causal_rolling_mad,union,metric_shift,rerun_rate,1,low,2,observed,none,100,0.03,100,0.6666666666666666,3,0.11111111111111088,100,0.06,100,0.02,100,0.28,100,0.155,100,0.02,100,0.021739130434782653,100,0.07483333333333335,100,0.10059196617336165,100,0.03,100,0.04,100,0.04,100,0.04,100
helm/helm,causal_rolling_mad,two_of_three,metric_shift,rerun_rate,1,low,2,observed,none,100,0.0,100,,0,0.0,100,0.0,100,0.0,100,0.0,100,0.0,100,0.0,100,0.021739130434782653,100,,0,0.0,100,0.0,100,0.0,100,0.0,100,0.0,100
helm/helm,mewma,mewma,metric_shift,rerun_rate,1,low,2,observed,none,100,0.0,100,,0,0.0,100,0.0,100,0.0,100,0.0,100,0.0,100,0.0,100,0.0,100,,0,0.0,100,0.0,100,0.0,100,0.0,100,0.0,100
helm/helm,causal_rolling_mad,latency_log,metric_shift,rerun_rate,1,medium,2,observed,none,100,0.0,100,,0,0.0,100,0.0,100,0.0,100,0.0,100,0.0,100,0.0,100,0.021739130434782653,100,,0,0.0,100,0.0,100,0.0,100,0.0,100,0.0,100
helm/helm,causal_rolling_mad,failure_rate,metric_shift,rerun_rate,1,medium,2,observed,none,100,0.0,100,,0,0.022222222222222185,100,0.0,100,0.0,100,0.05,100,0.025,100,0.0,100,0.021739130434782653,100,0.05,100,0.02207188160676535,100,0.0,100,0.0,100,0.0,100,0.0,100
helm/helm,causal_rolling_mad,rerun_rate,metric_shift,rerun_rate,1,medium,2,observed,none,100,0.1,100,1.0,10,0.04444444444444437,100,0.11,100,0.01,100,0.2,100,0.06,100,0.05,100,0.021739130434782653,100,0.10185185185185185,90,0.037642706131078264,100,0.1,100,0.11,100,0.11,100,0.11,100
helm/helm,causal_rolling_mad,union,metric_shift,rerun_rate,1,medium,2,observed,none,100,0.1,100,1.0,10,0.11111111111111088,100,0.12,100,0.02,100,0.3,100,0.135,100,0.05,100,0.021739130434782653,100,0.07633333333333335,100,0.09874207188160687,100,0.1,100,0.12,100,0.12,100,0.12,100
helm/helm,causal_rolling_mad,two_of_three,metric_shift,rerun_rate,1,medium,2,observed,none,100,0.0,100,,0,0.0,100,0.0,100,0.0,100,0.0,100,0.0,100,0.0,100,0.021739130434782653,100,,0,0.0,100,0.0,100,0.0,100,0.0,100,0.0,100
helm/helm,mewma,mewma,metric_shift,rerun_rate,1,medium,2,observed,none,100,0.0,100,,0,0.0,100,0.0,100,0.0,100,0.0,100,0.0,100,0.0,100,0.0,100,,0,0.0,100,0.0,100,0.0,100,0.0,100,0.0,100
helm/helm,causal_rolling_mad,latency_log,metric_shift,rerun_rate,1,high,2,observed,none,100,0.0,100,,0,0.0,100,0.0,100,0.0,100,0.0,100,0.0,100,0.0,100,0.021739130434782653,100,,0,0.0,100,0.0,100,0.0,100,0.0,100,0.0,100
helm/helm,causal_rolling_mad,failure_rate,metric_shift,rerun_rate,1,high,2,observed,none,100,0.0,100,,0,0.022222222222222185,100,0.0,100,0.0,100,0.05,100,0.025,100,0.0,100,0.021739130434782653,100,0.05,100,0.02207716701902751,100,0.0,100,0.0,100,0.0,100,0.0,100
helm/helm,causal_rolling_mad,rerun_rate,metric_shift,rerun_rate,1,high,2,observed,none,100,0.35,100,0.8571428571428571,35,0.04444444444444437,100,0.4,100,0.04,100,0.38,100,0.03,100,0.17166666666666663,100,0.021739130434782653,100,0.18388278388278392,91,0.03789112050739962,100,0.35,100,0.35,100,0.35,100,0.35,100
helm/helm,causal_rolling_mad,union,metric_shift,rerun_rate,1,high,2,observed,none,100,0.35,100,0.8571428571428571,35,0.11111111111111088,100,0.44,100,0.07,100,0.52,100,0.105,100,0.1733333333333333,100,0.021739130434782653,100,0.1135238095238095,100,0.09691331923890076,100,0.35,100,0.36,100,0.36,100,0.36,100
helm/helm,causal_rolling_mad,two_of_three,metric_shift,rerun_rate,1,high,2,observed,none,100,0.0,100,,0,0.0,100,0.0,100,0.0,100,0.0,100,0.0,100,0.0,100,0.021739130434782653,100,,0,0.0,100,0.0,100,0.0,100,0.0,100,0.0,100
helm/helm,mewma,mewma,metric_shift,rerun_rate,1,high,2,observed,none,100,0.0,100,,0,0.0,100,0.0,100,0.0,100,0.0,100,0.0,100,0.0,100,0.0,100,,0,0.0,100,0.0,100,0.0,100,0.0,100,0.0,100
helm/helm,causal_rolling_mad,latency_log,metric_shift,rerun_rate,1,medium,2,low_volume,none,100,0.0,100,,0,0.0,100,0.0,100,0.0,100,0.0,100,0.0,100,0.0,100,0.021739130434782653,100,,0,0.0,100,0.0,100,0.0,100,0.0,100,0.0,100
helm/helm,causal_rolling_mad,failure_rate,metric_shift,rerun_rate,1,medium,2,low_volume,none,100,0.02,100,0.5,2,0.022222222222222185,100,0.05,100,0.02,100,0.03,100,0.01,100,0.015,100,0.021739130434782653,100,0.03333333333333333,75,0.0171987315010571,100,0.02,100,0.03,100,0.03,100,0.03,100
helm/helm,causal_rolling_mad,rerun_rate,metric_shift,rerun_rate,1,medium,2,low_volume,none,100,0.07,100,0.5714285714285714,7,0.04444444444444437,100,0.1,100,0.03,100,0.11,100,0.035,100,0.035,100,0.021739130434782653,100,0.052083333333333336,96,0.04161733615221992,100,0.07,100,0.1,100,0.1,100,0.1,100
helm/helm,causal_rolling_mad,union,metric_shift,rerun_rate,1,medium,2,low_volume,none,100,0.14,100,0.6428571428571429,14,0.11111111111111088,100,0.24,100,0.09,100,0.25,100,0.1,100,0.07,100,0.021739130434782653,100,0.07150000000000001,100,0.0920507399577168,100,0.14,100,0.19,100,0.19,100,0.19,100
helm/helm,causal_rolling_mad,two_of_three,metric_shift,rerun_rate,1,medium,2,low_volume,none,100,0.01,100,0.0,1,0.0,100,0.02,100,0.01,100,0.01,100,0.0,100,0.005,100,0.021739130434782653,100,0.5,2,0.0002325581395348837,100,0.01,100,0.02,100,0.02,100,0.02,100
helm/helm,mewma,mewma,metric_shift,rerun_rate,1,medium,2,low_volume,none,100,0.0,100,,0,0.0,100,0.0,100,0.0,100,0.0,100,0.0,100,0.0,100,0.0,100,,0,0.0,100,0.0,100,0.0,100,0.0,100,0.0,100
helm/helm,causal_rolling_mad,latency_log,metric_shift,rerun_rate,1,medium,2,observed,controlled,100,0.0,100,,0,0.0,100,0.0,100,0.0,100,0.0,100,0.0,100,0.0,100,0.021739130434782653,100,,0,0.0,100,0.0,100,0.0,100,0.0,100,0.0,100
helm/helm,causal_rolling_mad,failure_rate,metric_shift,rerun_rate,1,medium,2,observed,controlled,100,0.0,100,,0,0.022222222222222185,100,0.0,100,0.0,100,0.02,100,0.01,100,0.0,100,0.021739130434782653,100,0.02,100,0.02278012684989432,100,0.0,100,0.0,100,0.0,100,0.0,100
helm/helm,causal_rolling_mad,rerun_rate,metric_shift,rerun_rate,1,medium,2,observed,controlled,100,0.0,100,,0,0.038597098607683476,100,0.0,100,0.0,100,0.0,100,0.0,100,0.0,47,0.30891304347826126,100,0.0,67,0.03923100367612192,100,0.0,100,0.0,100,0.0,100,0.0,100
helm/helm,causal_rolling_mad,union,metric_shift,rerun_rate,1,medium,2,observed,controlled,100,0.0,100,,0,0.10196048845469242,100,0.0,100,0.0,100,0.0,100,0.0,100,0.0,47,0.30891304347826126,100,0.0,100,0.10360846951659321,100,0.0,100,0.0,100,0.0,100,0.0,100
helm/helm,causal_rolling_mad,two_of_three,metric_shift,rerun_rate,1,medium,2,observed,controlled,100,0.0,100,,0,0.0,100,0.0,100,0.0,100,0.0,100,0.0,100,0.0,47,0.30891304347826126,100,,0,0.0,100,0.0,100,0.0,100,0.0,100,0.0,100
helm/helm,mewma,mewma,metric_shift,rerun_rate,1,medium,2,observed,controlled,100,0.0,100,,0,0.0,100,0.0,100,0.0,100,0.0,100,0.0,100,0.0,100,0.0,100,,0,0.0,100,0.0,100,0.0,100,0.0,100,0.0,100
helm/helm,causal_rolling_mad,latency_log,metric_shift,rerun_rate,1,low,4,observed,none,100,0.0,100,,0,0.0,100,0.0,100,0.0,100,0.0,100,0.0,100,0.0,100,0.021739130434782653,100,,0,0.0,100,0.0,100,0.0,100,0.0,100,0.0,100
helm/helm,causal_rolling_mad,failure_rate,metric_shift,rerun_rate,1,low,4,observed,none,100,0.0,100,,0,0.022222222222222185,100,0.0,100,0.0,100,0.09,100,0.0225,100,0.0,100,0.021739130434782653,100,0.09,100,0.02217770034843207,100,0.0,100,0.0,100,0.0,100,0.0,100
helm/helm,causal_rolling_mad,rerun_rate,metric_shift,rerun_rate,1,low,4,observed,none,100,0.03,100,2.0,3,0.04444444444444437,100,0.04,100,0.01,100,0.14,100,0.05,100,0.0075,100,0.021739130434782653,100,0.09259259259259257,90,0.03705574912891989,100,0.03,100,0.04,100,0.04,100,0.04,100
helm/helm,causal_rolling_mad,union,metric_shift,rerun_rate,1,low,4,observed,none,100,0.06,100,2.0,6,0.11111111111111088,100,0.08,100,0.02,100,0.35,100,0.1125,100,0.015,100,0.021739130434782653,100,0.09349999999999997,100,0.09846689895470384,100,0.06,100,0.08,100,0.08,100,0.08,100
helm/helm,causal_rolling_mad,two_of_three,metric_shift,rerun_rate,1,low,4,observed,none,100,0.0,100,,0,0.0,100,0.0,100,0.0,100,0.0,100,0.0,100,0.0,100,0.021739130434782653,100,,0,0.0,100,0.0,100,0.0,100,0.0,100,0.0,100
helm/helm,mewma,mewma,metric_shift,rerun_rate,1,low,4,observed,none,100,0.0,100,,0,0.0,100,0.0,100,0.0,100,0.0,100,0.0,100,0.0,100,0.0,100,,0,0.0,100,0.0,100,0.0,100,0.0,100,0.0,100
helm/helm,causal_rolling_mad,latency_log,metric_shift,rerun_rate,1,medium,4,observed,none,100,0.0,100,,0,0.0,100,0.0,100,0.0,100,0.0,100,0.0,100,0.0,100,0.021739130434782653,100,,0,0.0,100,0.0,100,0.0,100,0.0,100,0.0,100
helm/helm,causal_rolling_mad,failure_rate,metric_shift,rerun_rate,1,medium,4,observed,none,100,0.0,100,,0,0.022222222222222185,100,0.0,100,0.0,100,0.09,100,0.0225,100,0.0,100,0.021739130434782653,100,0.09,100,0.02218350754936122,100,0.0,100,0.0,100,0.0,100,0.0,100
helm/helm,causal_rolling_mad,rerun_rate,metric_shift,rerun_rate,1,medium,4,observed,none,100,0.11,100,1.8181818181818181,11,0.04444444444444437,100,0.15,100,0.01,100,0.21,100,0.05,100,0.035,100,0.021739130434782653,100,0.18271604938271604,81,0.03292102206736355,100,0.11,100,0.12,100,0.12,100,0.12,100
helm/helm,causal_rolling_mad,union,metric_shift,rerun_rate,1,medium,4,observed,none,100,0.13,100,1.6153846153846154,13,0.11111111111111088,100,0.21,100,0.02,100,0.41,100,0.12,100,0.04650000000000001,100,0.021739130434782653,100,0.12974999999999998,100,0.09142276422764228,100,0.13,100,0.14,100,0.14,100,0.14,100
helm/helm,causal_rolling_mad,two_of_three,metric_shift,rerun_rate,1,medium,4,observed,none,100,0.0,100,,0,0.0,100,0.0,100,0.0,100,0.0,100,0.0,100,0.0,100,0.021739130434782653,100,,0,0.0,100,0.0,100,0.0,100,0.0,100,0.0,100
helm/helm,mewma,mewma,metric_shift,rerun_rate,1,medium,4,observed,none,100,0.0,100,,0,0.0,100,0.0,100,0.0,100,0.0,100,0.0,100,0.0,100,0.0,100,,0,0.0,100,0.0,100,0.0,100,0.0,100,0.0,100
helm/helm,causal_rolling_mad,latency_log,metric_shift,rerun_rate,1,high,4,observed,none,100,0.0,100,,0,0.0,100,0.0,100,0.0,100,0.0,100,0.0,100,0.0,100,0.021739130434782653,100,,0,0.0,100,0.0,100,0.0,100,0.0,100,0.0,100
helm/helm,causal_rolling_mad,failure_rate,metric_shift,rerun_rate,1,high,4,observed,none,100,0.0,100,,0,0.022222222222222185,100,0.0,100,0.0,100,0.1,100,0.025,100,0.0,100,0.021739130434782653,100,0.1,100,0.021922183507549375,100,0.0,100,0.0,100,0.0,100,0.0,100
helm/helm,causal_rolling_mad,rerun_rate,metric_shift,rerun_rate,1,high,4,observed,none,100,0.46,100,1.108695652173913,46,0.04444444444444437,100,0.83,100,0.03,100,0.46,100,0.055,100,0.19700000000000004,100,0.021739130434782653,100,0.325,88,0.03536585365853661,100,0.46,100,0.46,100,0.46,100,0.46,100
helm/helm,causal_rolling_mad,union,metric_shift,rerun_rate,1,high,4,observed,none,100,0.48,100,1.0208333333333333,48,0.11111111111111088,100,0.93,100,0.05,100,0.61,100,0.12,100,0.21600000000000003,100,0.021739130434782653,100,0.22279761904761897,100,0.09576655052264807,100,0.48,100,0.49,100,0.49,100,0.49,100
helm/helm,causal_rolling_mad,two_of_three,metric_shift,rerun_rate,1,high,4,observed,none,100,0.0,100,,0,0.0,100,0.0,100,0.0,100,0.0,100,0.0,100,0.0,100,0.021739130434782653,100,,0,0.0,100,0.0,100,0.0,100,0.0,100,0.0,100
helm/helm,mewma,mewma,metric_shift,rerun_rate,1,high,4,observed,none,100,0.0,100,,0,0.0,100,0.0,100,0.0,100,0.0,100,0.0,100,0.0,100,0.0,100,,0,0.0,100,0.0,100,0.0,100,0.0,100,0.0,100
helm/helm,causal_rolling_mad,latency_log,metric_shift,rerun_rate,1,medium,4,low_volume,none,100,0.0,100,,0,0.0,100,0.0,100,0.0,100,0.0,100,0.0,100,0.0,100,0.021739130434782653,100,,0,0.0,100,0.0,100,0.0,100,0.0,100,0.0,100
helm/helm,causal_rolling_mad,failure_rate,metric_shift,rerun_rate,1,medium,4,low_volume,none,100,0.03,100,1.6666666666666667,3,0.022222222222222185,100,0.07,100,0.03,100,0.05,100,0.0225,100,0.01,100,0.021739130434782653,100,0.06,75,0.018037166085946583,100,0.03,100,0.04,100,0.04,100,0.04,100
helm/helm,causal_rolling_mad,rerun_rate,metric_shift,rerun_rate,1,medium,4,low_volume,none,100,0.15,100,1.7333333333333334,15,0.04444444444444437,100,0.25,100,0.01,100,0.19,100,0.045,100,0.059500000000000004,100,0.021739130434782653,100,0.1412698412698413,84,0.03609756097560978,100,0.15,100,0.15,100,0.15,100,0.15,100
helm/helm,causal_rolling_mad,union,metric_shift,rerun_rate,1,medium,4,low_volume,none,100,0.32,100,1.65625,32,0.11111111111111088,100,0.5,100,0.06,100,0.47,100,0.1175,100,0.10799999999999998,100,0.021739130434782653,100,0.15340476190476193,100,0.08728222996515682,100,0.32,100,0.33,100,0.33,100,0.33,100
helm/helm,causal_rolling_mad,two_of_three,metric_shift,rerun_rate,1,medium,4,low_volume,none,100,0.02,100,2.5,2,0.0,100,0.03,100,0.01,100,0.02,100,0.0,100,0.005,100,0.021739130434782653,100,0.6666666666666666,3,0.00024390243902439024,100,0.02,100,0.03,100,0.03,100,0.03,100
helm/helm,mewma,mewma,metric_shift,rerun_rate,1,medium,4,low_volume,none,100,0.0,100,,0,0.0,100,0.0,100,0.0,100,0.0,100,0.0,100,0.0,100,0.0,100,,0,0.0,100,0.0,100,0.0,100,0.0,100,0.0,100
helm/helm,causal_rolling_mad,latency_log,metric_shift,rerun_rate,1,medium,4,observed,controlled,100,0.0,100,,0,0.0,100,0.0,100,0.0,100,0.0,100,0.0,100,0.0,100,0.021739130434782653,100,,0,0.0,100,0.0,100,0.0,100,0.0,100,0.0,100
helm/helm,causal_rolling_mad,failure_rate,metric_shift,rerun_rate,1,medium,4,observed,controlled,100,0.0,100,,0,0.022222222222222185,100,0.0,100,0.0,100,0.11,100,0.0275,100,0.0,100,0.021739130434782653,100,0.11,100,0.021689895470383292,100,0.0,100,0.0,100,0.0,100,0.0,100
helm/helm,causal_rolling_mad,rerun_rate,metric_shift,rerun_rate,1,medium,4,observed,controlled,100,0.02,100,1.0,2,0.04583083601411097,100,0.02,100,0.0,100,0.05,100,0.018333333333333333,100,0.014925373134328358,67,0.3036956521739135,100,0.05128205128205128,78,0.046791812042762816,100,0.02,100,0.02,100,0.02,100,0.02,100
helm/helm,causal_rolling_mad,union,metric_shift,rerun_rate,1,medium,4,observed,controlled,100,0.04,100,0.75,4,0.10791042336861065,100,0.05,100,0.0,100,0.15,100,0.07,100,0.029850746268656716,67,0.3036956521739135,100,0.05616666666666667,100,0.10602359140958907,100,0.04,100,0.04,100,0.04,100,0.04,100
helm/helm,causal_rolling_mad,two_of_three,metric_shift,rerun_rate,1,medium,4,observed,controlled,100,0.0,100,,0,0.0,100,0.0,100,0.0,100,0.0,100,0.0,100,0.0,67,0.3036956521739135,100,,0,0.0,100,0.0,100,0.0,100,0.0,100,0.0,100
helm/helm,mewma,mewma,metric_shift,rerun_rate,1,medium,4,observed,controlled,100,0.0,100,,0,0.0,100,0.0,100,0.0,100,0.0,100,0.0,100,0.0,100,0.0,100,,0,0.0,100,0.0,100,0.0,100,0.0,100,0.0,100
helm/helm,causal_rolling_mad,latency_log,metric_shift,rerun_rate,1,low,8,observed,none,100,0.0,100,,0,0.0,100,0.0,100,0.0,100,0.0,100,0.0,100,0.0,100,0.021739130434782653,100,,0,0.0,100,0.0,100,0.0,100,0.0,100,0.0,100
helm/helm,causal_rolling_mad,failure_rate,metric_shift,rerun_rate,1,low,8,observed,none,100,0.0,100,,0,0.022222222222222185,100,0.0,100,0.0,100,0.19,100,0.02375,100,0.0,100,0.021739130434782653,100,0.19,100,0.02185633001422474,100,0.0,100,0.0,100,0.0,100,0.0,100
helm/helm,causal_rolling_mad,rerun_rate,metric_shift,rerun_rate,1,low,8,observed,none,100,0.03,100,3.0,3,0.04444444444444437,100,0.03,100,0.0,100,0.24,100,0.045,100,0.00375,100,0.021739130434782653,100,0.20108695652173914,92,0.03918207681365572,100,0.03,100,0.03,100,0.03,100,0.03,100
helm/helm,causal_rolling_mad,union,metric_shift,rerun_rate,1,low,8,observed,none,100,0.08,100,3.75,8,0.11111111111111088,100,0.11,100,0.0,100,0.6,100,0.12125,100,0.01375,100,0.021739130434782653,100,0.2046190476190476,100,0.09448079658605973,100,0.08,100,0.08,100,0.08,100,0.08,100
helm/helm,causal_rolling_mad,two_of_three,metric_shift,rerun_rate,1,low,8,observed,none,100,0.0,100,,0,0.0,100,0.0,100,0.0,100,0.0,100,0.0,100,0.0,100,0.021739130434782653,100,,0,0.0,100,0.0,100,0.0,100,0.0,100,0.0,100
helm/helm,mewma,mewma,metric_shift,rerun_rate,1,low,8,observed,none,100,0.0,100,,0,0.0,100,0.0,100,0.0,100,0.0,100,0.0,100,0.0,100,0.0,100,,0,0.0,100,0.0,100,0.0,100,0.0,100,0.0,100
helm/helm,causal_rolling_mad,latency_log,metric_shift,rerun_rate,1,medium,8,observed,none,100,0.0,100,,0,0.0,100,0.0,100,0.0,100,0.0,100,0.0,100,0.0,100,0.021739130434782653,100,,0,0.0,100,0.0,100,0.0,100,0.0,100,0.0,100
helm/helm,causal_rolling_mad,failure_rate,metric_shift,rerun_rate,1,medium,8,observed,none,100,0.0,100,,0,0.022222222222222185,100,0.0,100,0.0,100,0.25,100,0.03125,100,0.0,100,0.021739130434782653,100,0.25,100,0.02024893314366996,100,0.0,100,0.0,100,0.0,100,0.0,100
helm/helm,causal_rolling_mad,rerun_rate,metric_shift,rerun_rate,1,medium,8,observed,none,100,0.17,100,1.7058823529411764,17,0.04444444444444437,100,0.23,100,0.0,100,0.29,100,0.0525,100,0.02875,100,0.021739130434782653,100,0.28703703703703703,81,0.0324324324324324,100,0.17,100,0.17,100,0.17,100,0.17,100
helm/helm,causal_rolling_mad,union,metric_shift,rerun_rate,1,medium,8,observed,none,100,0.2,100,2.1,20,0.11111111111111088,100,0.27,100,0.0,100,0.64,100,0.13375,100,0.03375,100,0.021739130434782653,100,0.24530952380952378,100,0.08561166429587479,100,0.2,100,0.2,100,0.2,100,0.2,100
helm/helm,causal_rolling_mad,two_of_three,metric_shift,rerun_rate,1,medium,8,observed,none,100,0.0,100,,0,0.0,100,0.0,100,0.0,100,0.0,100,0.0,100,0.0,100,0.021739130434782653,100,,0,0.0,100,0.0,100,0.0,100,0.0,100,0.0,100
helm/helm,mewma,mewma,metric_shift,rerun_rate,1,medium,8,observed,none,100,0.0,100,,0,0.0,100,0.0,100,0.0,100,0.0,100,0.0,100,0.0,100,0.0,100,,0,0.0,100,0.0,100,0.0,100,0.0,100,0.0,100
helm/helm,causal_rolling_mad,latency_log,metric_shift,rerun_rate,1,high,8,observed,none,100,0.0,100,,0,0.0,100,0.0,100,0.0,100,0.0,100,0.0,100,0.0,100,0.021739130434782653,100,,0,0.0,100,0.0,100,0.0,100,0.0,100,0.0,100
helm/helm,causal_rolling_mad,failure_rate,metric_shift,rerun_rate,1,high,8,observed,none,100,0.0,100,,0,0.022222222222222185,100,0.0,100,0.0,100,0.27,100,0.03375,100,0.0,100,0.021739130434782653,100,0.27,100,0.019715504978662847,100,0.0,100,0.0,100,0.0,100,0.0,100
helm/helm,causal_rolling_mad,rerun_rate,metric_shift,rerun_rate,1,high,8,observed,none,100,0.44,100,1.3409090909090908,44,0.04444444444444437,100,0.81,100,0.0,100,0.44,100,0.04875,100,0.10125,100,0.021739130434782653,100,0.3254901960784313,85,0.035945945945945905,100,0.44,100,0.44,100,0.44,100,0.44,100
helm/helm,causal_rolling_mad,union,metric_shift,rerun_rate,1,high,8,observed,none,100,0.53,100,1.4150943396226414,53,0.11111111111111088,100,1.03,100,0.02,100,0.75,100,0.14875,100,0.12569444444444444,100,0.021739130434782653,100,0.3338809523809524,100,0.08671408250355615,100,0.53,100,0.53,100,0.53,100,0.53,100
helm/helm,causal_rolling_mad,two_of_three,metric_shift,rerun_rate,1,high,8,observed,none,100,0.0,100,,0,0.0,100,0.0,100,0.0,100,0.0,100,0.0,100,0.0,100,0.021739130434782653,100,,0,0.0,100,0.0,100,0.0,100,0.0,100,0.0,100
helm/helm,mewma,mewma,metric_shift,rerun_rate,1,high,8,observed,none,100,0.0,100,,0,0.0,100,0.0,100,0.0,100,0.0,100,0.0,100,0.0,100,0.0,100,,0,0.0,100,0.0,100,0.0,100,0.0,100,0.0,100
helm/helm,causal_rolling_mad,latency_log,metric_shift,rerun_rate,1,medium,8,low_volume,none,100,0.0,100,,0,0.0,100,0.0,100,0.0,100,0.0,100,0.0,100,0.0,100,0.021739130434782653,100,,0,0.0,100,0.0,100,0.0,100,0.0,100,0.0,100
helm/helm,causal_rolling_mad,failure_rate,metric_shift,rerun_rate,1,medium,8,low_volume,none,100,0.1,100,3.5,10,0.022222222222222185,100,0.12,100,0.01,100,0.12,100,0.0225,100,0.01375,100,0.021739130434782653,100,0.1896551724137931,58,0.013221906116642949,100,0.1,100,0.1,100,0.1,100,0.1,100
helm/helm,causal_rolling_mad,rerun_rate,metric_shift,rerun_rate,1,medium,8,low_volume,none,100,0.31,100,2.6451612903225805,31,0.04444444444444437,100,0.4,100,0.0,100,0.35,100,0.05125,100,0.05,100,0.021739130434782653,100,0.27078651685393257,89,0.03594594594594592,100,0.31,100,0.31,100,0.31,100,0.31,100
helm/helm,causal_rolling_mad,union,metric_shift,rerun_rate,1,medium,8,low_volume,none,100,0.51,100,2.5098039215686274,51,0.11111111111111088,100,0.97,100,0.06,100,0.62,100,0.12375,100,0.11291666666666667,100,0.021739130434782653,100,0.3149841269841269,100,0.07290896159317212,100,0.51,100,0.51,100,0.51,100,0.51,100
helm/helm,causal_rolling_mad,two_of_three,metric_shift,rerun_rate,1,medium,8,low_volume,none,100,0.01,100,1.0,1,0.0,100,0.01,100,0.0,100,0.01,100,0.0,100,0.00125,100,0.021739130434782653,100,1.0,1,0.0,100,0.01,100,0.01,100,0.01,100,0.01,100
helm/helm,mewma,mewma,metric_shift,rerun_rate,1,medium,8,low_volume,none,100,0.0,100,,0,0.0,100,0.0,100,0.0,100,0.0,100,0.0,100,0.0,100,0.0,100,,0,0.0,100,0.0,100,0.0,100,0.0,100,0.0,100
helm/helm,causal_rolling_mad,latency_log,metric_shift,rerun_rate,1,medium,8,observed,controlled,100,0.0,100,,0,0.0,100,0.0,100,0.0,100,0.0,100,0.0,100,0.0,100,0.021739130434782653,100,,0,0.0,100,0.0,100,0.0,100,0.0,100,0.0,100
helm/helm,causal_rolling_mad,failure_rate,metric_shift,rerun_rate,1,medium,8,observed,controlled,100,0.0,100,,0,0.022222222222222185,100,0.0,100,0.0,100,0.18,100,0.0225,100,0.0,100,0.021739130434782653,100,0.18,100,0.022147937411095286,100,0.0,100,0.0,100,0.0,100,0.0,100
helm/helm,causal_rolling_mad,rerun_rate,metric_shift,rerun_rate,1,medium,8,observed,controlled,100,0.06,100,1.0,6,0.05230172292899453,100,0.1,100,0.0,100,0.15,100,0.06249999999999999,100,0.04468599033816425,69,0.3686956521739131,100,0.14244186046511628,86,0.05099603488957864,100,0.06,100,0.06,100,0.06,100,0.06,100
helm/helm,causal_rolling_mad,union,metric_shift,rerun_rate,1,medium,8,observed,controlled,100,0.08,100,0.875,8,0.10011244493560899,100,0.13,100,0.0,100,0.26,100,0.12166666666666666,100,0.057971014492753624,69,0.3686956521739131,100,0.1599326599326599,99,0.0932177369064314,100,0.08,100,0.08,100,0.08,100,0.08,100
helm/helm,causal_rolling_mad,two_of_three,metric_shift,rerun_rate,1,medium,8,observed,controlled,100,0.0,100,,0,0.0,100,0.0,100,0.0,100,0.0,100,0.0,100,0.0,69,0.3686956521739131,100,,0,0.0,100,0.0,100,0.0,100,0.0,100,0.0,100
helm/helm,mewma,mewma,metric_shift,rerun_rate,1,medium,8,observed,controlled,100,0.0,100,,0,0.0,100,0.0,100,0.0,100,0.0,100,0.0,100,0.0,100,0.0,100,,0,0.0,100,0.0,100,0.0,100,0.0,100,0.0,100
helm/helm,causal_rolling_mad,latency_log,metric_shift,latency_log+failure_rate,2,low,1,observed,none,100,0.14,100,0.0,14,0.0,100,0.27,100,0.13,100,0.14,100,0.0,100,0.12755102040816327,98,0.021739130434782653,100,0.5208333333333334,24,0.0029545454545454545,100,0.14,100,0.24,100,0.24,100,0.24,100
helm/helm,causal_rolling_mad,failure_rate,metric_shift,latency_log+failure_rate,2,low,1,observed,none,100,0.01,100,0.0,1,0.022222222222222185,100,0.03,100,0.02,100,0.03,100,0.02,100,0.01020408163265306,98,0.021739130434782653,100,0.03614457831325301,83,0.018398989898989887,100,0.01,100,0.03,100,0.03,100,0.03,100
helm/helm,causal_rolling_mad,rerun_rate,metric_shift,latency_log+failure_rate,2,low,1,observed,none,100,0.0,100,,0,0.04444444444444437,100,0.0,100,0.0,100,0.05,100,0.05,100,0.0,98,0.021739130434782653,100,0.025,100,0.04429797979797981,100,0.0,100,0.0,100,0.0,100,0.0,100
helm/helm,causal_rolling_mad,union,metric_shift,latency_log+failure_rate,2,low,1,observed,none,100,0.19,100,0.0,19,0.11111111111111088,100,0.37,100,0.18,100,0.3,100,0.11,100,0.16326530612244897,98,0.021739130434782653,100,0.059857142857142887,100,0.10654040404040398,100,0.19,100,0.3,100,0.3,100,0.3,100
helm/helm,causal_rolling_mad,two_of_three,metric_shift,latency_log+failure_rate,2,low,1,observed,none,100,0.03,100,0.0,3,0.0,100,0.03,100,0.0,100,0.03,100,0.0,100,0.030612244897959183,98,0.021739130434782653,100,1.0,3,0.0,100,0.03,100,0.03,100,0.03,100,0.03,100
helm/helm,mewma,mewma,metric_shift,latency_log+failure_rate,2,low,1,observed,none,100,0.0,100,,0,0.0,100,0.0,100,0.0,100,0.0,100,0.0,100,0.0,100,0.0,100,,0,0.0,100,0.0,100,0.0,100,0.0,100,0.0,100
helm/helm,causal_rolling_mad,latency_log,metric_shift,latency_log+failure_rate,2,medium,1,observed,none,100,0.11,100,0.0,11,0.0,100,0.17,100,0.06,100,0.11,100,0.0,100,0.10204081632653061,98,0.021739130434782653,100,0.6666666666666666,15,0.0013636363636363637,100,0.11,100,0.15,100,0.15,100,0.15,100
helm/helm,causal_rolling_mad,failure_rate,metric_shift,latency_log+failure_rate,2,medium,1,observed,none,100,0.02,100,0.0,2,0.022222222222222185,100,0.13,100,0.11,100,0.04,100,0.02,100,0.02040816326530612,98,0.021739130434782653,100,0.040229885057471264,87,0.02135353535353535,100,0.02,100,0.13,100,0.13,100,0.13,100
helm/helm,causal_rolling_mad,rerun_rate,metric_shift,latency_log+failure_rate,2,medium,1,observed,none,100,0.0,100,,0,0.04444444444444437,100,0.0,100,0.0,100,0.03,100,0.03,100,0.0,98,0.021739130434782653,100,0.015,100,0.04475252525252526,100,0.0,100,0.0,100,0.0,100,0.0,100
helm/helm,causal_rolling_mad,union,metric_shift,latency_log+failure_rate,2,medium,1,observed,none,100,0.17,100,0.0,17,0.11111111111111088,100,0.35,100,0.18,100,0.25,100,0.08,100,0.15816326530612246,98,0.021739130434782653,100,0.048833333333333326,100,0.10904040404040394,100,0.17,100,0.32,100,0.32,100,0.32,100
helm/helm,causal_rolling_mad,two_of_three,metric_shift,latency_log+failure_rate,2,medium,1,observed,none,100,0.01,100,0.0,1,0.0,100,0.05,100,0.04,100,0.01,100,0.0,100,0.01020408163265306,98,0.021739130434782653,100,0.2,5,0.0009090909090909091,100,0.01,100,0.05,100,0.05,100,0.05,100
helm/helm,mewma,mewma,metric_shift,latency_log+failure_rate,2,medium,1,observed,none,100,0.0,100,,0,0.0,100,0.0,100,0.0,100,0.0,100,0.0,100,0.0,100,0.0,100,,0,0.0,100,0.0,100,0.0,100,0.0,100,0.0,100
helm/helm,causal_rolling_mad,latency_log,metric_shift,latency_log+failure_rate,2,high,1,observed,none,100,0.08,100,0.0,8,0.0,100,0.15,100,0.07,100,0.08,100,0.0,100,0.0663265306122449,98,0.021739130434782653,100,0.5416666666666666,12,0.0015909090909090912,100,0.08,100,0.12,100,0.12,100,0.12,100
helm/helm,causal_rolling_mad,failure_rate,metric_shift,latency_log+failure_rate,2,high,1,observed,none,100,0.06,100,0.0,6,0.022222222222222185,100,0.07,100,0.01,100,0.07,100,0.01,100,0.061224489795918366,98,0.021739130434782653,100,0.06395348837209303,86,0.01885353535353534,100,0.06,100,0.07,100,0.07,100,0.07,100
helm/helm,causal_rolling_mad,rerun_rate,metric_shift,latency_log+failure_rate,2,high,1,observed,none,100,0.0,100,,0,0.04444444444444437,100,0.0,100,0.0,100,0.03,100,0.03,100,0.0,98,0.021739130434782653,100,0.015,100,0.04475252525252527,100,0.0,100,0.0,100,0.0,100,0.0,100
helm/helm,causal_rolling_mad,union,metric_shift,latency_log+failure_rate,2,high,1,observed,none,100,0.12,100,0.0,12,0.11111111111111088,100,0.25,100,0.13,100,0.18,100,0.06,100,0.10714285714285714,98,0.021739130434782653,100,0.03783333333333334,100,0.10744949494949484,100,0.12,100,0.22,100,0.22,100,0.22,100
helm/helm,causal_rolling_mad,two_of_three,metric_shift,latency_log+failure_rate,2,high,1,observed,none,100,0.03,100,0.0,3,0.0,100,0.04,100,0.01,100,0.03,100,0.0,100,0.030612244897959183,98,0.021739130434782653,100,0.75,4,0.00022727272727272727,100,0.03,100,0.04,100,0.04,100,0.04,100
helm/helm,mewma,mewma,metric_shift,latency_log+failure_rate,2,high,1,observed,none,100,0.03,100,0.0,3,0.0,100,0.03,100,0.0,100,0.03,100,0.0,100,0.03,100,0.0,100,1.0,3,0.0,100,0.03,100,0.03,100,0.03,100,0.03,100
helm/helm,causal_rolling_mad,latency_log,metric_shift,latency_log+failure_rate,2,medium,1,low_volume,none,100,0.09,100,0.0,9,0.0,100,0.13,100,0.04,100,0.09,100,0.0,100,0.08762886597938144,97,0.021739130434782653,100,0.7083333333333334,12,0.0009090909090909091,100,0.09,100,0.12,100,0.12,100,0.12,100
helm/helm,causal_rolling_mad,failure_rate,metric_shift,latency_log+failure_rate,2,medium,1,low_volume,none,100,0.03,100,0.0,3,0.022222222222222185,100,0.09,100,0.06,100,0.03,100,0.01,100,0.030927835051546393,97,0.021739130434782653,100,0.023529411764705882,85,0.019984848484848473,100,0.03,100,0.09,100,0.09,100,0.09,100
helm/helm,causal_rolling_mad,rerun_rate,metric_shift,latency_log+failure_rate,2,medium,1,low_volume,none,100,0.0,100,,0,0.04444444444444437,100,0.0,100,0.0,100,0.04,100,0.04,100,0.0,97,0.021739130434782653,100,0.02,100,0.04292424242424243,100,0.0,100,0.0,100,0.0,100,0.0,100
helm/helm,causal_rolling_mad,union,metric_shift,latency_log+failure_rate,2,medium,1,low_volume,none,100,0.13,100,0.0,13,0.11111111111111088,100,0.25,100,0.12,100,0.21,100,0.08,100,0.10824742268041238,97,0.021739130434782653,100,0.046833333333333345,100,0.10356060606060596,100,0.13,100,0.18,100,0.18,100,0.18,100
helm/helm,causal_rolling_mad,two_of_three,metric_shift,latency_log+failure_rate,2,medium,1,low_volume,none,100,0.02,100,0.0,2,0.0,100,0.03,100,0.01,100,0.02,100,0.0,100,0.020618556701030927,97,0.021739130434782653,100,0.6666666666666666,3,0.00022727272727272727,100,0.02,100,0.03,100,0.03,100,0.03,100
helm/helm,mewma,mewma,metric_shift,latency_log+failure_rate,2,medium,1,low_volume,none,100,0.0,100,,0,0.0,100,0.0,100,0.0,100,0.0,100,0.0,100,0.0,100,0.0,100,,0,0.0,100,0.0,100,0.0,100,0.0,100,0.0,100
helm/helm,causal_rolling_mad,latency_log,metric_shift,latency_log+failure_rate,2,medium,1,observed,controlled,100,0.09,100,0.0,9,0.0,100,0.15,100,0.06,100,0.09,100,0.0,100,0.14285714285714285,56,0.13956521739130442,100,0.6153846153846154,13,0.0013636363636363637,100,0.09,100,0.13,100,0.13,100,0.13,100
helm/helm,causal_rolling_mad,failure_rate,metric_shift,latency_log+failure_rate,2,medium,1,observed,controlled,100,0.0,100,,0,0.021308161800740105,100,0.04,100,0.04,100,0.0,100,0.0,100,0.0,42,0.18347826086956523,100,0.0,74,0.020611192103770423,100,0.0,100,0.04,100,0.04,100,0.04,100
helm/helm,causal_rolling_mad,rerun_rate,metric_shift,latency_log+failure_rate,2,medium,1,observed,controlled,100,0.0,100,,0,0.04444444444444437,100,0.0,100,0.0,100,0.04,100,0.04,100,0.0,98,0.021739130434782653,100,0.02,100,0.04452525252525254,100,0.0,100,0.0,100,0.0,100,0.0,100
helm/helm,causal_rolling_mad,union,metric_shift,latency_log+failure_rate,2,medium,1,observed,controlled,100,0.0,100,,0,0.10599114515161728,100,0.0,100,0.0,100,0.0,100,0.0,100,,0,0.30130434782608734,100,0.0,100,0.10599114515161728,100,0.0,100,0.0,100,0.0,100,0.0,100
helm/helm,causal_rolling_mad,two_of_three,metric_shift,latency_log+failure_rate,2,medium,1,observed,controlled,100,0.0,100,,0,0.0,100,0.0,100,0.0,100,0.0,100,0.0,100,,0,0.30130434782608734,100,,0,0.0,100,0.0,100,0.0,100,0.0,100,0.0,100
helm/helm,mewma,mewma,metric_shift,latency_log+failure_rate,2,medium,1,observed,controlled,100,0.0,100,,0,0.0,100,0.0,100,0.0,100,0.0,100,0.0,100,0.0,100,0.0,100,,0,0.0,100,0.0,100,0.0,100,0.0,100,0.0,100
helm/helm,causal_rolling_mad,latency_log,metric_shift,latency_log+failure_rate,2,low,2,observed,none,100,0.52,100,0.8846153846153846,52,0.0,100,0.65,100,0.07,100,0.52,100,0.0,100,0.28333333333333327,100,0.021739130434782653,100,0.9326923076923077,52,0.0016279069767441861,100,0.52,100,0.52,100,0.52,100,0.52,100
helm/helm,causal_rolling_mad,failure_rate,metric_shift,latency_log+failure_rate,2,low,2,observed,none,100,0.05,100,0.8,5,0.022222222222222185,100,0.08,100,0.02,100,0.12,100,0.04,100,0.03,100,0.021739130434782653,100,0.12345679012345678,81,0.017204016913319256,100,0.05,100,0.07,100,0.07,100,0.07,100
helm/helm,causal_rolling_mad,rerun_rate,metric_shift,latency_log+failure_rate,2,low,2,observed,none,100,0.0,100,,0,0.04444444444444437,100,0.0,100,0.0,100,0.09,100,0.045,100,0.0,100,0.021739130434782653,100,0.045,100,0.044408033826638535,100,0.0,100,0.0,100,0.0,100,0.0,100
helm/helm,causal_rolling_mad,union,metric_shift,latency_log+failure_rate,2,low,2,observed,none,100,0.46,100,0.8043478260869565,46,0.11111111111111088,100,0.63,100,0.08,100,0.63,100,0.13,100,0.27166666666666667,100,0.021739130434782653,100,0.1574047619047619,100,0.10136892177589864,100,0.46,100,0.48,100,0.48,100,0.48,100
helm/helm,causal_rolling_mad,two_of_three,metric_shift,latency_log+failure_rate,2,low,2,observed,none,100,0.08,100,0.75,8,0.0,100,0.09,100,0.0,100,0.08,100,0.0,100,0.045,100,0.021739130434782653,100,1.0,8,0.0,100,0.08,100,0.08,100,0.08,100,0.08,100
helm/helm,mewma,mewma,metric_shift,latency_log+failure_rate,2,low,2,observed,none,100,0.0,100,,0,0.0,100,0.0,100,0.0,100,0.0,100,0.0,100,0.0,100,0.0,100,,0,0.0,100,0.0,100,0.0,100,0.0,100,0.0,100
helm/helm,causal_rolling_mad,latency_log,metric_shift,latency_log+failure_rate,2,medium,2,observed,none,100,0.92,100,0.9130434782608695,92,0.0,100,1.05,100,0.05,100,0.92,100,0.0,100,0.5016666666666667,100,0.021739130434782653,100,0.9728260869565217,92,0.0011627906976744186,100,0.92,100,0.92,100,0.92,100,0.92,100
helm/helm,causal_rolling_mad,failure_rate,metric_shift,latency_log+failure_rate,2,medium,2,observed,none,100,0.18,100,0.8333333333333334,18,0.022222222222222185,100,0.22,100,0.02,100,0.22,100,0.02,100,0.1,100,0.021739130434782653,100,0.1896551724137931,87,0.01766384778012687,100,0.18,100,0.2,100,0.2,100,0.2,100
helm/helm,causal_rolling_mad,rerun_rate,metric_shift,latency_log+failure_rate,2,medium,2,observed,none,100,0.0,100,,0,0.04444444444444437,100,0.0,100,0.0,100,0.12,100,0.06,100,0.0,100,0.021739130434782653,100,0.06,100,0.04369978858350957,100,0.0,100,0.0,100,0.0,100,0.0,100
helm/helm,causal_rolling_mad,union,metric_shift,latency_log+failure_rate,2,medium,2,observed,none,100,0.82,100,0.8414634146341463,82,0.11111111111111088,100,1.03,100,0.08,100,0.92,100,0.11,100,0.475,100,0.021739130434782653,100,0.22199999999999995,100,0.09971458773784368,100,0.82,100,0.84,100,0.84,100,0.84,100
helm/helm,causal_rolling_mad,two_of_three,metric_shift,latency_log+failure_rate,2,medium,2,observed,none,100,0.28,100,0.8928571428571429,28,0.0,100,0.33,100,0.02,100,0.28,100,0.0,100,0.155,100,0.021739130434782653,100,0.9333333333333333,30,0.0004651162790697674,100,0.28,100,0.3,100,0.3,100,0.3,100
helm/helm,mewma,mewma,metric_shift,latency_log+failure_rate,2,medium,2,observed,none,100,0.34,100,1.0,34,0.0,100,0.42,100,0.08,100,0.34,100,0.0,100,0.15750000000000003,100,0.0,100,0.8921568627450981,34,0.0018181818181818186,100,0.34,100,0.34,100,0.34,100,0.34,100
helm/helm,causal_rolling_mad,latency_log,metric_shift,latency_log+failure_rate,2,high,2,observed,none,100,1.0,100,0.93,100,0.0,100,1.14,100,0.07,100,1.0,100,0.0,100,0.5383333333333333,100,0.021739130434782653,100,0.965,100,0.0016279069767441861,100,1.0,100,1.0,100,1.0,100,1.0,100
helm/helm,causal_rolling_mad,failure_rate,metric_shift,latency_log+failure_rate,2,high,2,observed,none,100,0.74,100,0.8918918918918919,74,0.022222222222222185,100,0.79,100,0.01,100,0.8,100,0.045,100,0.395,100,0.021739130434782653,100,0.5488215488215489,99,0.016495771670190295,100,0.74,100,0.75,100,0.75,100,0.75,100
helm/helm,causal_rolling_mad,rerun_rate,metric_shift,latency_log+failure_rate,2,high,2,observed,none,100,0.0,100,,0,0.04444444444444437,100,0.0,100,0.0,100,0.08,100,0.04,100,0.0,100,0.021739130434782653,100,0.04,100,0.04461945031712479,100,0.0,100,0.0,100,0.0,100,0.0,100
helm/helm,causal_rolling_mad,union,metric_shift,latency_log+failure_rate,2,high,2,observed,none,100,0.84,100,0.8452380952380952,84,0.11111111111111088,100,1.03,100,0.06,100,1.0,100,0.14,100,0.48833333333333334,100,0.021739130434782653,100,0.23869047619047618,100,0.09829281183932359,100,0.84,100,0.84,100,0.84,100,0.84,100
helm/helm,causal_rolling_mad,two_of_three,metric_shift,latency_log+failure_rate,2,high,2,observed,none,100,0.76,100,0.9736842105263158,76,0.0,100,0.79,100,0.01,100,0.76,100,0.0,100,0.395,100,0.021739130434782653,100,0.987012987012987,77,0.0002325581395348837,100,0.76,100,0.77,100,0.77,100,0.77,100
helm/helm,mewma,mewma,metric_shift,latency_log+failure_rate,2,high,2,observed,none,100,0.91,100,0.967032967032967,91,0.0,100,1.4,100,0.46,100,0.91,100,0.0,100,0.39416666666666667,100,0.0,100,0.7783882783882785,91,0.010454545454545449,100,0.91,100,0.91,100,0.91,100,0.91,100
helm/helm,causal_rolling_mad,latency_log,metric_shift,latency_log+failure_rate,2,medium,2,low_volume,none,100,0.95,100,0.9263157894736842,95,0.0,100,1.07,100,0.05,100,0.95,100,0.0,100,0.5066666666666666,100,0.021739130434782653,100,0.9736842105263158,95,0.0011627906976744186,100,0.95,100,0.95,100,0.95,100,0.95,100
helm/helm,causal_rolling_mad,failure_rate,metric_shift,latency_log+failure_rate,2,medium,2,low_volume,none,100,0.22,100,0.9090909090909091,22,0.022222222222222185,100,0.25,100,0.02,100,0.25,100,0.02,100,0.11333333333333334,100,0.021739130434782653,100,0.24074074074074073,81,0.015576109936575069,100,0.22,100,0.23,100,0.23,100,0.23,100
helm/helm,causal_rolling_mad,rerun_rate,metric_shift,latency_log+failure_rate,2,medium,2,low_volume,none,100,0.0,100,,0,0.04444444444444437,100,0.02,100,0.02,100,0.02,100,0.06,100,0.0,100,0.021739130434782653,100,0.01,100,0.04138477801268504,100,0.0,100,0.02,100,0.02,100,0.02,100
helm/helm,causal_rolling_mad,union,metric_shift,latency_log+failure_rate,2,medium,2,low_volume,none,100,0.89,100,0.8202247191011236,89,0.11111111111111088,100,1.15,100,0.1,100,0.99,100,0.11,100,0.51,100,0.021739130434782653,100,0.2558571428571427,100,0.09229915433403818,100,0.89,100,0.9,100,0.9,100,0.9,100
helm/helm,causal_rolling_mad,two_of_three,metric_shift,latency_log+failure_rate,2,medium,2,low_volume,none,100,0.26,100,0.9230769230769231,26,0.0,100,0.31,100,0.03,100,0.26,100,0.0,100,0.14,100,0.021739130434782653,100,0.896551724137931,29,0.0006976744186046512,100,0.26,100,0.29,100,0.29,100,0.29,100
helm/helm,mewma,mewma,metric_shift,latency_log+failure_rate,2,medium,2,low_volume,none,100,0.32,100,1.0,32,0.0,100,0.43,100,0.11,100,0.32,100,0.0,100,0.14333333333333334,100,0.0,100,0.8489583333333333,32,0.0025,100,0.32,100,0.32,100,0.32,100,0.32,100
helm/helm,causal_rolling_mad,latency_log,metric_shift,latency_log+failure_rate,2,medium,2,observed,controlled,100,0.57,100,0.8947368421052632,57,0.0,100,0.65,100,0.02,100,0.57,100,0.0,100,0.3875502008032129,83,0.13304347826086965,100,0.9824561403508771,57,0.0004651162790697674,100,0.57,100,0.57,100,0.57,100,0.57,100
helm/helm,causal_rolling_mad,failure_rate,metric_shift,latency_log+failure_rate,2,medium,2,observed,controlled,100,0.05,100,0.8,5,0.020842151779134475,100,0.07,100,0.01,100,0.09,100,0.025,100,0.03881278538812786,73,0.19000000000000003,100,0.1095890410958904,73,0.018304544518830176,100,0.05,100,0.05,100,0.05,100,0.05,100
helm/helm,causal_rolling_mad,rerun_rate,metric_shift,latency_log+failure_rate,2,medium,2,observed,controlled,100,0.0,100,,0,0.04444444444444437,100,0.0,100,0.0,100,0.09,100,0.045,100,0.0,100,0.021739130434782653,100,0.045,100,0.044386892177589905,100,0.0,100,0.0,100,0.0,100,0.0,100
helm/helm,causal_rolling_mad,union,metric_shift,latency_log+failure_rate,2,medium,2,observed,controlled,100,0.04,100,0.0,4,0.10261630628732302,100,0.04,100,0.0,100,0.13,100,0.09,100,0.07142857142857142,56,0.3013043478260873,100,0.04499999999999999,100,0.10097844787672884,100,0.04,100,0.04,100,0.04,100,0.04,100
helm/helm,causal_rolling_mad,two_of_three,metric_shift,latency_log+failure_rate,2,medium,2,observed,controlled,100,0.02,100,0.0,2,0.0,100,0.02,100,0.0,100,0.02,100,0.0,100,0.03571428571428571,56,0.3013043478260873,100,1.0,2,0.0,100,0.02,100,0.02,100,0.02,100,0.02,100
helm/helm,mewma,mewma,metric_shift,latency_log+failure_rate,2,medium,2,observed,controlled,100,0.18,100,1.0,18,0.0,100,0.22,100,0.04,100,0.18,100,0.0,100,0.08333333333333331,100,0.0,100,0.8888888888888888,18,0.0009090909090909091,100,0.18,100,0.18,100,0.18,100,0.18,100
helm/helm,causal_rolling_mad,latency_log,metric_shift,latency_log+failure_rate,2,low,4,observed,none,100,0.61,100,0.819672131147541,61,0.0,100,1.58,100,0.04,100,0.61,100,0.0,100,0.3856666666666667,100,0.021739130434782653,100,0.9836065573770492,61,0.000975609756097561,100,0.61,100,0.61,100,0.61,100,0.61,100
helm/helm,causal_rolling_mad,failure_rate,metric_shift,latency_log+failure_rate,2,low,4,observed,none,100,0.15,100,1.6666666666666667,15,0.022222222222222185,100,0.23,100,0.04,100,0.26,100,0.035,100,0.0475,100,0.021739130434782653,100,0.30405405405405406,74,0.013635307781649253,100,0.15,100,0.19,100,0.19,100,0.19,100
helm/helm,causal_rolling_mad,rerun_rate,metric_shift,latency_log+failure_rate,2,low,4,observed,none,100,0.0,100,,0,0.04444444444444437,100,0.0,100,0.0,100,0.21,100,0.0525,100,0.0,100,0.021739130434782653,100,0.105,100,0.043612078977932664,100,0.0,100,0.0,100,0.0,100,0.0,100
helm/helm,causal_rolling_mad,union,metric_shift,latency_log+failure_rate,2,low,4,observed,none,100,0.74,100,1.1756756756756757,74,0.11111111111111088,100,1.63,100,0.07,100,0.83,100,0.1425,100,0.3906666666666667,100,0.021739130434782653,100,0.35810714285714285,100,0.08842044134727062,100,0.74,100,0.77,100,0.77,100,0.77,100
helm/helm,causal_rolling_mad,two_of_three,metric_shift,latency_log+failure_rate,2,low,4,observed,none,100,0.15,100,1.2,15,0.0,100,0.19,100,0.0,100,0.15,100,0.0,100,0.0475,100,0.021739130434782653,100,1.0,15,0.0,100,0.15,100,0.15,100,0.15,100,0.15,100
helm/helm,mewma,mewma,metric_shift,latency_log+failure_rate,2,low,4,observed,none,100,0.08,100,2.875,8,0.0,100,0.08,100,0.0,100,0.08,100,0.0,100,0.02,100,0.0,100,1.0,8,0.0,100,0.08,100,0.08,100,0.08,100,0.08,100
helm/helm,causal_rolling_mad,latency_log,metric_shift,latency_log+failure_rate,2,medium,4,observed,none,100,0.98,100,0.8979591836734694,98,0.0,100,2.89,100,0.03,100,0.98,100,0.0,100,0.7155000000000001,100,0.021739130434782653,100,0.9923469387755102,98,0.0007317073170731708,100,0.98,100,0.98,100,0.98,100,0.98,100
helm/helm,causal_rolling_mad,failure_rate,metric_shift,latency_log+failure_rate,2,medium,4,observed,none,100,0.29,100,1.4137931034482758,29,0.022222222222222185,100,0.43,100,0.01,100,0.33,100,0.03,100,0.1045,100,0.021739130434782653,100,0.3295019157088122,87,0.01535423925667829,100,0.29,100,0.29,100,0.29,100,0.29,100
helm/helm,causal_rolling_mad,rerun_rate,metric_shift,latency_log+failure_rate,2,medium,4,observed,none,100,0.0,100,,0,0.04444444444444437,100,0.0,100,0.0,100,0.11,100,0.0275,100,0.0,100,0.021739130434782653,100,0.055,100,0.046074332171893176,100,0.0,100,0.0,100,0.0,100,0.0,100
helm/helm,causal_rolling_mad,union,metric_shift,latency_log+failure_rate,2,medium,4,observed,none,100,1.0,100,1.0,100,0.11111111111111088,100,2.7,100,0.07,100,1.0,100,0.1225,100,0.652,100,0.021739130434782653,100,0.46487698412698397,100,0.092137049941928,100,1.0,100,1.0,100,1.0,100,1.0,100
helm/helm,causal_rolling_mad,two_of_three,metric_shift,latency_log+failure_rate,2,medium,4,observed,none,100,0.36,100,1.3611111111111112,36,0.0,100,0.52,100,0.0,100,0.36,100,0.0,100,0.13,100,0.021739130434782653,100,1.0,36,0.0,100,0.36,100,0.36,100,0.36,100,0.36,100
helm/helm,mewma,mewma,metric_shift,latency_log+failure_rate,2,medium,4,observed,none,100,0.99,100,1.7373737373737375,99,0.0,100,3.5,100,1.27,100,0.99,100,0.0,100,0.42128571428571426,100,0.0,100,0.6703703703703704,99,0.030238095238095203,100,0.99,100,0.99,100,0.99,100,0.99,100
helm/helm,causal_rolling_mad,latency_log,metric_shift,latency_log+failure_rate,2,high,4,observed,none,100,1.0,100,0.91,100,0.0,100,3.14,100,0.07,100,1.0,100,0.0,100,0.7595000000000002,100,0.021739130434782653,100,0.9825,100,0.0017073170731707315,100,1.0,100,1.0,100,1.0,100,1.0,100
helm/helm,causal_rolling_mad,failure_rate,metric_shift,latency_log+failure_rate,2,high,4,observed,none,100,0.92,100,1.1521739130434783,92,0.022222222222222185,100,1.93,100,0.02,100,0.92,100,0.02,100,0.47450000000000003,100,0.021739130434782653,100,0.7723367697594502,97,0.012189314750290368,100,0.92,100,0.92,100,0.92,100,0.92,100
helm/helm,causal_rolling_mad,rerun_rate,metric_shift,latency_log+failure_rate,2,high,4,observed,none,100,0.0,100,,0,0.04444444444444437,100,0.0,100,0.0,100,0.25,100,0.0625,100,0.0,100,0.021739130434782653,100,0.125,100,0.04267131242741001,100,0.0,100,0.0,100,0.0,100,0.0,100
helm/helm,causal_rolling_mad,union,metric_shift,latency_log+failure_rate,2,high,4,observed,none,100,1.0,100,0.98,100,0.11111111111111088,100,2.9,100,0.12,100,1.0,100,0.1125,100,0.68,100,0.021739130434782653,100,0.5001825396825397,100,0.08509291521486646,100,1.0,100,1.0,100,1.0,100,1.0,100
helm/helm,causal_rolling_mad,two_of_three,metric_shift,latency_log+failure_rate,2,high,4,observed,none,100,0.94,100,1.148936170212766,94,0.0,100,2.13,100,0.02,100,0.94,100,0.0,100,0.5245000000000001,100,0.021739130434782653,100,0.9946808510638298,94,0.0004878048780487805,100,0.94,100,0.94,100,0.94,100,0.94,100
helm/helm,mewma,mewma,metric_shift,latency_log+failure_rate,2,high,4,observed,none,100,1.0,100,1.14,100,0.0,100,4.9,100,2.04,100,1.0,100,0.0,100,0.483404761904762,100,0.0,100,0.5973333333333337,100,0.048571428571428515,100,1.0,100,1.0,100,1.0,100,1.0,100
helm/helm,causal_rolling_mad,latency_log,metric_shift,latency_log+failure_rate,2,medium,4,low_volume,none,100,0.97,100,0.9072164948453608,97,0.0,100,2.83,100,0.0,100,0.97,100,0.0,100,0.7125,100,0.021739130434782653,100,1.0,97,0.0,100,0.97,100,0.97,100,0.97,100,0.97,100
helm/helm,causal_rolling_mad,failure_rate,metric_shift,latency_log+failure_rate,2,medium,4,low_volume,none,100,0.29,100,1.2758620689655173,29,0.022222222222222185,100,0.42,100,0.01,100,0.3,100,0.0125,100,0.1025,100,0.021739130434782653,100,0.284136546184739,83,0.016329849012775854,100,0.29,100,0.3,100,0.3,100,0.3,100
helm/helm,causal_rolling_mad,rerun_rate,metric_shift,latency_log+failure_rate,2,medium,4,low_volume,none,100,0.01,100,2.0,1,0.04444444444444437,100,0.02,100,0.01,100,0.15,100,0.06,100,0.0025,100,0.021739130434782653,100,0.09649122807017543,95,0.03949477351916379,100,0.01,100,0.02,100,0.02,100,0.02,100
helm/helm,causal_rolling_mad,union,metric_shift,latency_log+failure_rate,2,medium,4,low_volume,none,100,0.98,100,0.9081632653061225,98,0.11111111111111088,100,2.79,100,0.08,100,1.0,100,0.1,100,0.6709999999999999,100,0.021739130434782653,100,0.4756944444444444,100,0.09019163763066204,100,0.98,100,0.99,100,0.99,100,0.99,100
helm/helm,causal_rolling_mad,two_of_three,metric_shift,latency_log+failure_rate,2,medium,4,low_volume,none,100,0.39,100,1.4102564102564104,39,0.0,100,0.56,100,0.0,100,0.39,100,0.0,100,0.14,100,0.021739130434782653,100,1.0,39,0.0,100,0.39,100,0.39,100,0.39,100,0.39,100
helm/helm,mewma,mewma,metric_shift,latency_log+failure_rate,2,medium,4,low_volume,none,100,0.98,100,1.816326530612245,98,0.0,100,3.2,100,1.06,100,0.98,100,0.0,100,0.4195238095238094,100,0.0,100,0.7090136054421766,98,0.025238095238095216,100,0.98,100,0.98,100,0.98,100,0.98,100
helm/helm,causal_rolling_mad,latency_log,metric_shift,latency_log+failure_rate,2,medium,4,observed,controlled,100,0.57,100,0.8596491228070176,57,0.0,100,1.16,100,0.0,100,0.57,100,0.0,100,0.49786324786324787,78,0.24652173913043485,100,1.0,57,0.0,100,0.57,100,0.57,100,0.57,100,0.57,100
helm/helm,causal_rolling_mad,failure_rate,metric_shift,latency_log+failure_rate,2,medium,4,observed,controlled,100,0.11,100,1.1818181818181819,11,0.022224074991630996,100,0.17,100,0.0,100,0.12,100,0.01,100,0.07042253521126761,71,0.21608695652173915,100,0.12337662337662338,77,0.02071331304665053,100,0.11,100,0.11,100,0.11,100,0.11,100
helm/helm,causal_rolling_mad,rerun_rate,metric_shift,latency_log+failure_rate,2,medium,4,observed,controlled,100,0.0,100,,0,0.04444444444444437,100,0.0,100,0.0,100,0.12,100,0.03,100,0.0,100,0.021739130434782653,100,0.06,100,0.04581881533101048,100,0.0,100,0.0,100,0.0,100,0.0,100
helm/helm,causal_rolling_mad,union,metric_shift,latency_log+failure_rate,2,medium,4,observed,controlled,100,0.3,100,0.7,30,0.11006413893189791,100,0.42,100,0.0,100,0.34,100,0.05833333333333333,100,0.3867924528301886,53,0.3158695652173914,100,0.11313095238095236,100,0.10993589381145308,100,0.3,100,0.3,100,0.3,100,0.3,100
helm/helm,causal_rolling_mad,two_of_three,metric_shift,latency_log+failure_rate,2,medium,4,observed,controlled,100,0.05,100,0.6,5,0.0,100,0.08,100,0.0,100,0.05,100,0.0,100,0.059748427672955975,53,0.3158695652173914,100,1.0,5,0.0,100,0.05,100,0.05,100,0.05,100,0.05,100
helm/helm,mewma,mewma,metric_shift,latency_log+failure_rate,2,medium,4,observed,controlled,100,0.71,100,2.0985915492957745,71,0.0,100,1.81,100,0.46,100,0.71,100,0.0,100,0.2884999999999999,100,0.0,100,0.8063380281690138,71,0.010952380952380951,100,0.71,100,0.71,100,0.71,100,0.71,100
helm/helm,causal_rolling_mad,latency_log,metric_shift,latency_log+failure_rate,2,low,8,observed,none,100,0.68,100,0.8235294117647058,68,0.0,100,2.01,100,0.0,100,0.68,100,0.0,100,0.25232142857142853,100,0.021739130434782653,100,1.0,68,0.0,100,0.68,100,0.68,100,0.68,100,0.68,100
helm/helm,causal_rolling_mad,failure_rate,metric_shift,latency_log+failure_rate,2,low,8,observed,none,100,0.17,100,3.0,17,0.022222222222222185,100,0.19,100,0.0,100,0.23,100,0.0225,100,0.02375,100,0.021739130434782653,100,0.3055555555555556,66,0.013221906116642946,100,0.17,100,0.17,100,0.17,100,0.17,100
helm/helm,causal_rolling_mad,rerun_rate,metric_shift,latency_log+failure_rate,2,low,8,observed,none,100,0.0,100,,0,0.04444444444444437,100,0.0,100,0.0,100,0.31,100,0.05125,100,0.0,100,0.021739130434782653,100,0.205,100,0.042930298719772386,100,0.0,100,0.0,100,0.0,100,0.0,100
helm/helm,causal_rolling_mad,union,metric_shift,latency_log+failure_rate,2,low,8,observed,none,100,0.81,100,1.3580246913580247,81,0.11111111111111088,100,2.27,100,0.0,100,0.93,100,0.1275,100,0.28482142857142856,100,0.021739130434782653,100,0.48618253968253966,100,0.08259601706970127,100,0.81,100,0.81,100,0.81,100,0.81,100
helm/helm,causal_rolling_mad,two_of_three,metric_shift,latency_log+failure_rate,2,low,8,observed,none,100,0.16,100,1.3125,16,0.0,100,0.24,100,0.0,100,0.16,100,0.0,100,0.03,100,0.021739130434782653,100,1.0,16,0.0,100,0.16,100,0.16,100,0.16,100,0.16,100
helm/helm,mewma,mewma,metric_shift,latency_log+failure_rate,2,low,8,observed,none,100,0.34,100,5.647058823529412,34,0.0,100,0.55,100,0.0,100,0.34,100,0.0,100,0.06875,100,0.0,100,1.0,34,0.0,100,0.34,100,0.34,100,0.34,100,0.34,100
helm/helm,causal_rolling_mad,latency_log,metric_shift,latency_log+failure_rate,2,medium,8,observed,none,100,0.97,100,0.9381443298969072,97,0.0,100,3.94,100,0.0,100,0.97,100,0.0,100,0.4932142857142857,100,0.021739130434782653,100,1.0,97,0.0,100,0.97,100,0.97,100,0.97,100,0.97,100
helm/helm,causal_rolling_mad,failure_rate,metric_shift,latency_log+failure_rate,2,medium,8,observed,none,100,0.35,100,2.0285714285714285,35,0.022222222222222185,100,0.55,100,0.0,100,0.4,100,0.02,100,0.06875,100,0.021739130434782653,100,0.47031963470319627,73,0.012155049786628722,100,0.35,100,0.35,100,0.35,100,0.35,100
helm/helm,causal_rolling_mad,rerun_rate,metric_shift,latency_log+failure_rate,2,medium,8,observed,none,100,0.0,100,,0,0.04444444444444437,100,0.0,100,0.0,100,0.37,100,0.06125,100,0.0,100,0.021739130434782653,100,0.245,100,0.04079658605974394,100,0.0,100,0.0,100,0.0,100,0.0,100
helm/helm,causal_rolling_mad,union,metric_shift,latency_log+failure_rate,2,medium,8,observed,none,100,1.0,100,1.02,100,0.11111111111111088,100,3.94,100,0.0,100,1.0,100,0.12125,100,0.4932142857142857,100,0.021739130434782653,100,0.6362669552669552,100,0.07996443812233293,100,1.0,100,1.0,100,1.0,100,1.0,100
helm/helm,causal_rolling_mad,two_of_three,metric_shift,latency_log+failure_rate,2,medium,8,observed,none,100,0.47,100,1.7659574468085106,47,0.0,100,0.67,100,0.0,100,0.47,100,0.0,100,0.08375,100,0.021739130434782653,100,1.0,47,0.0,100,0.47,100,0.47,100,0.47,100,0.47,100
helm/helm,mewma,mewma,metric_shift,latency_log+failure_rate,2,medium,8,observed,none,100,1.0,100,1.78,100,0.0,100,8.47,100,2.25,100,1.0,100,0.0,100,0.6118989898989904,100,0.0,100,0.7409761904761903,100,0.059210526315789415,100,1.0,100,1.0,100,1.0,100,1.0,100
helm/helm,causal_rolling_mad,latency_log,metric_shift,latency_log+failure_rate,2,high,8,observed,none,100,1.0,100,0.86,100,0.0,100,5.62,100,0.0,100,1.0,100,0.0,100,0.7042857142857143,100,0.021739130434782653,100,1.0,100,0.0,100,1.0,100,1.0,100,1.0,100,1.0,100
helm/helm,causal_rolling_mad,failure_rate,metric_shift,latency_log+failure_rate,2,high,8,observed,none,100,0.85,100,1.0705882352941176,85,0.022222222222222185,100,2.04,100,0.0,100,0.85,100,0.0225,100,0.2551785714285714,100,0.021739130434782653,100,0.7312925170068026,98,0.012958748221906104,100,0.85,100,0.85,100,0.85,100,0.85,100
helm/helm,causal_rolling_mad,rerun_rate,metric_shift,latency_log+failure_rate,2,high,8,observed,none,100,0.0,100,,0,0.04444444444444437,100,0.0,100,0.0,100,0.32,100,0.04875,100,0.0,100,0.021739130434782653,100,0.195,100,0.04348506401137979,100,0.0,100,0.0,100,0.0,100,0.0,100
helm/helm,causal_rolling_mad,union,metric_shift,latency_log+failure_rate,2,high,8,observed,none,100,1.0,100,0.87,100,0.11111111111111088,100,5.24,100,0.0,100,1.0,100,0.11,100,0.6567857142857143,100,0.021739130434782653,100,0.6757734487734488,100,0.08398293029871982,100,1.0,100,1.0,100,1.0,100,1.0,100
helm/helm,causal_rolling_mad,two_of_three,metric_shift,latency_log+failure_rate,2,high,8,observed,none,100,0.84,100,1.0238095238095237,84,0.0,100,2.32,100,0.0,100,0.84,100,0.0,100,0.2901785714285714,100,0.021739130434782653,100,1.0,84,0.0,100,0.84,100,0.84,100,0.84,100,0.84,100
helm/helm,mewma,mewma,metric_shift,latency_log+failure_rate,2,high,8,observed,none,100,1.0,100,1.03,100,0.0,100,10.46,100,3.49,100,1.0,100,0.0,100,0.6133210955710957,100,0.0,100,0.6738383838383837,100,0.09184210526315793,100,1.0,100,1.0,100,1.0,100,1.0,100
helm/helm,causal_rolling_mad,latency_log,metric_shift,latency_log+failure_rate,2,medium,8,low_volume,none,100,1.0,100,0.88,100,0.0,100,4.45,100,0.0,100,1.0,100,0.0,100,0.5583928571428571,100,0.021739130434782653,100,1.0,100,0.0,100,1.0,100,1.0,100,1.0,100,1.0,100
helm/helm,causal_rolling_mad,failure_rate,metric_shift,latency_log+failure_rate,2,medium,8,low_volume,none,100,0.42,100,1.9523809523809523,42,0.022222222222222185,100,0.7,100,0.0,100,0.48,100,0.03375,100,0.0875,100,0.021739130434782653,100,0.515686274509804,85,0.012411095305832136,100,0.42,100,0.42,100,0.42,100,0.42,100
helm/helm,causal_rolling_mad,rerun_rate,metric_shift,latency_log+failure_rate,2,medium,8,low_volume,none,100,0.06,100,5.333333333333333,6,0.04444444444444437,100,0.09,100,0.03,100,0.14,100,0.05,100,0.0075,100,0.021739130434782653,100,0.125968992248062,86,0.039182076813655715,100,0.06,100,0.07,100,0.07,100,0.07,100
helm/helm,causal_rolling_mad,union,metric_shift,latency_log+failure_rate,2,medium,8,low_volume,none,100,1.0,100,1.02,100,0.11111111111111088,100,4.23,100,0.05,100,1.0,100,0.135,100,0.5222658730158729,100,0.021739130434782653,100,0.6664296536796538,100,0.07506401137980084,100,1.0,100,1.0,100,1.0,100,1.0,100
helm/helm,causal_rolling_mad,two_of_three,metric_shift,latency_log+failure_rate,2,medium,8,low_volume,none,100,0.47,100,1.8936170212765957,47,0.0,100,0.77,100,0.0,100,0.47,100,0.0,100,0.09625,100,0.021739130434782653,100,1.0,47,0.0,100,0.47,100,0.47,100,0.47,100,0.47,100
helm/helm,mewma,mewma,metric_shift,latency_log+failure_rate,2,medium,8,low_volume,none,100,1.0,100,1.73,100,0.0,100,8.79,100,2.52,100,1.0,100,0.0,100,0.6007904040404043,100,0.0,100,0.7187049062049062,100,0.06631578947368413,100,1.0,100,1.0,100,1.0,100,1.0,100
helm/helm,causal_rolling_mad,latency_log,metric_shift,latency_log+failure_rate,2,medium,8,observed,controlled,100,0.48,100,0.875,48,0.0,100,1.19,100,0.0,100,0.48,100,0.0,100,0.4250992063492064,72,0.3517391304347827,100,1.0,48,0.0,100,0.48,100,0.48,100,0.48,100,0.48,100
helm/helm,causal_rolling_mad,failure_rate,metric_shift,latency_log+failure_rate,2,medium,8,observed,controlled,100,0.15,100,0.9333333333333333,15,0.01855301424963352,100,0.22,100,0.0,100,0.17,100,0.01351190476190476,100,0.08283362727807171,81,0.32695652173913053,100,0.22564102564102567,65,0.01797710759938075,100,0.15,100,0.15,100,0.15,100,0.15,100
helm/helm,causal_rolling_mad,rerun_rate,metric_shift,latency_log+failure_rate,2,medium,8,observed,controlled,100,0.0,100,,0,0.04444444444444437,100,0.0,100,0.0,100,0.22,100,0.03625,100,0.0,100,0.021739130434782653,100,0.145,100,0.04617354196301566,100,0.0,100,0.0,100,0.0,100,0.0,100
helm/helm,causal_rolling_mad,union,metric_shift,latency_log+failure_rate,2,medium,8,observed,controlled,100,0.25,100,0.92,25,0.10764968936946255,100,0.4,100,0.0,100,0.35,100,0.11533333333333333,100,0.25833333333333336,58,0.39891304347826095,100,0.15098809523809523,100,0.10436698026695175,100,0.25,100,0.25,100,0.25,100,0.25,100
helm/helm,causal_rolling_mad,two_of_three,metric_shift,latency_log+failure_rate,2,medium,8,observed,controlled,100,0.09,100,0.7777777777777778,9,0.0,100,0.12,100,0.0,100,0.09,100,0.0,100,0.08735632183908047,58,0.39891304347826095,100,1.0,9,0.0,100,0.09,100,0.09,100,0.09,100,0.09,100
helm/helm,mewma,mewma,metric_shift,latency_log+failure_rate,2,medium,8,observed,controlled,100,1.0,100,2.71,100,0.0,100,7.21,100,1.92,100,1.0,100,0.0,100,0.5365202020202021,100,0.0,100,0.7436547619047618,100,0.05052631578947365,100,1.0,100,1.0,100,1.0,100,1.0,100
helm/helm,causal_rolling_mad,latency_log,metric_shift,latency_log+rerun_rate,2,low,1,observed,none,100,0.08,100,0.0,8,0.0,100,0.17,100,0.09,100,0.08,100,0.0,100,0.06701030927835051,97,0.021739130434782653,100,0.4642857142857143,14,0.002045454545454546,100,0.08,100,0.14,100,0.14,100,0.14,100
helm/helm,causal_rolling_mad,failure_rate,metric_shift,latency_log+rerun_rate,2,low,1,observed,none,100,0.0,100,,0,0.022222222222222185,100,0.0,100,0.0,100,0.0,100,0.0,100,0.0,97,0.021739130434782653,100,0.0,100,0.022712121212121218,100,0.0,100,0.0,100,0.0,100,0.0,100
helm/helm,causal_rolling_mad,rerun_rate,metric_shift,latency_log+rerun_rate,2,low,1,observed,none,100,0.0,100,,0,0.04444444444444437,100,0.0,100,0.0,100,0.05,100,0.06,100,0.0,97,0.021739130434782653,100,0.025,100,0.04246969696969696,100,0.0,100,0.0,100,0.0,100,0.0,100
helm/helm,causal_rolling_mad,union,metric_shift,latency_log+rerun_rate,2,low,1,observed,none,100,0.12,100,0.0,12,0.11111111111111088,100,0.22,100,0.1,100,0.23,100,0.12,100,0.10309278350515463,97,0.021739130434782653,100,0.04254761904761905,100,0.10833333333333327,100,0.12,100,0.18,100,0.18,100,0.18,100
helm/helm,causal_rolling_mad,two_of_three,metric_shift,latency_log+rerun_rate,2,low,1,observed,none,100,0.04,100,0.0,4,0.0,100,0.04,100,0.0,100,0.04,100,0.0,100,0.041237113402061855,97,0.021739130434782653,100,1.0,4,0.0,100,0.04,100,0.04,100,0.04,100,0.04,100
helm/helm,mewma,mewma,metric_shift,latency_log+rerun_rate,2,low,1,observed,none,100,0.0,100,,0,0.0,100,0.0,100,0.0,100,0.0,100,0.0,100,0.0,100,0.0,100,,0,0.0,100,0.0,100,0.0,100,0.0,100,0.0,100
helm/helm,causal_rolling_mad,latency_log,metric_shift,latency_log+rerun_rate,2,medium,1,observed,none,100,0.08,100,0.0,8,0.0,100,0.17,100,0.09,100,0.08,100,0.0,100,0.07575757575757576,99,0.021739130434782653,100,0.46875,16,0.002045454545454546,100,0.08,100,0.16,100,0.16,100,0.16,100
helm/helm,causal_rolling_mad,failure_rate,metric_shift,latency_log+rerun_rate,2,medium,1,observed,none,100,0.0,100,,0,0.022222222222222185,100,0.0,100,0.0,100,0.01,100,0.01,100,0.0,99,0.021739130434782653,100,0.01,100,0.0224949494949495,100,0.0,100,0.0,100,0.0,100,0.0,100
helm/helm,causal_rolling_mad,rerun_rate,metric_shift,latency_log+rerun_rate,2,medium,1,observed,none,100,0.01,100,0.0,1,0.04444444444444437,100,0.03,100,0.02,100,0.04,100,0.05,100,0.010101010101010102,99,0.021739130434782653,100,0.018333333333333333,100,0.043626262626262624,100,0.01,100,0.03,100,0.03,100,0.03,100
helm/helm,causal_rolling_mad,union,metric_shift,latency_log+rerun_rate,2,medium,1,observed,none,100,0.13,100,0.0,13,0.11111111111111088,100,0.3,100,0.17,100,0.21,100,0.08,100,0.10606060606060606,99,0.021739130434782653,100,0.03730952380952381,100,0.10929292929292923,100,0.13,100,0.25,100,0.25,100,0.25,100
helm/helm,causal_rolling_mad,two_of_three,metric_shift,latency_log+rerun_rate,2,medium,1,observed,none,100,0.01,100,0.0,1,0.0,100,0.03,100,0.02,100,0.01,100,0.0,100,0.010101010101010102,99,0.021739130434782653,100,0.3333333333333333,3,0.00045454545454545455,100,0.01,100,0.03,100,0.03,100,0.03,100
helm/helm,mewma,mewma,metric_shift,latency_log+rerun_rate,2,medium,1,observed,none,100,0.0,100,,0,0.0,100,0.0,100,0.0,100,0.0,100,0.0,100,0.0,100,0.0,100,,0,0.0,100,0.0,100,0.0,100,0.0,100,0.0,100
helm/helm,causal_rolling_mad,latency_log,metric_shift,latency_log+rerun_rate,2,high,1,observed,none,100,0.11,100,0.0,11,0.0,100,0.17,100,0.06,100,0.11,100,0.0,100,0.10714285714285714,98,0.021739130434782653,100,0.65625,16,0.0013636363636363637,100,0.11,100,0.16,100,0.16,100,0.16,100
helm/helm,causal_rolling_mad,failure_rate,metric_shift,latency_log+rerun_rate,2,high,1,observed,none,100,0.0,100,,0,0.022222222222222185,100,0.0,100,0.0,100,0.02,100,0.02,100,0.0,98,0.021739130434782653,100,0.02,100,0.02226262626262627,100,0.0,100,0.0,100,0.0,100,0.0,100
helm/helm,causal_rolling_mad,rerun_rate,metric_shift,latency_log+rerun_rate,2,high,1,observed,none,100,0.03,100,0.0,3,0.04444444444444437,100,0.05,100,0.02,100,0.06,100,0.03,100,0.030612244897959183,98,0.021739130434782653,100,0.025,100,0.04157070707070708,100,0.03,100,0.05,100,0.05,100,0.05,100
helm/helm,causal_rolling_mad,union,metric_shift,latency_log+rerun_rate,2,high,1,observed,none,100,0.16,100,0.0,16,0.11111111111111088,100,0.25,100,0.09,100,0.28,100,0.12,100,0.14285714285714285,98,0.021739130434782653,100,0.05471428571428572,100,0.10267676767676764,100,0.16,100,0.21,100,0.21,100,0.21,100
helm/helm,causal_rolling_mad,two_of_three,metric_shift,latency_log+rerun_rate,2,high,1,observed,none,100,0.01,100,0.0,1,0.0,100,0.01,100,0.0,100,0.01,100,0.0,100,0.01020408163265306,98,0.021739130434782653,100,1.0,1,0.0,100,0.01,100,0.01,100,0.01,100,0.01,100
helm/helm,mewma,mewma,metric_shift,latency_log+rerun_rate,2,high,1,observed,none,100,0.04,100,0.0,4,0.0,100,0.04,100,0.0,100,0.04,100,0.0,100,0.04,100,0.0,100,1.0,4,0.0,100,0.04,100,0.04,100,0.04,100,0.04,100
helm/helm,causal_rolling_mad,latency_log,metric_shift,latency_log+rerun_rate,2,medium,1,low_volume,none,100,0.06,100,0.0,6,0.0,100,0.14,100,0.08,100,0.06,100,0.0,100,0.05670103092783505,97,0.021739130434782653,100,0.4230769230769231,13,0.0018181818181818186,100,0.06,100,0.13,100,0.13,100,0.13,100
helm/helm,causal_rolling_mad,failure_rate,metric_shift,latency_log+rerun_rate,2,medium,1,low_volume,none,100,0.0,100,,0,0.022222222222222185,100,0.03,100,0.03,100,0.01,100,0.04,100,0.0,97,0.021739130434782653,100,0.011111111111111112,90,0.020893939393939385,100,0.0,100,0.03,100,0.03,100,0.03,100
helm/helm,causal_rolling_mad,rerun_rate,metric_shift,latency_log+rerun_rate,2,medium,1,low_volume,none,100,0.0,100,,0,0.04444444444444437,100,0.03,100,0.03,100,0.01,100,0.02,100,0.0,97,0.021739130434782653,100,0.005,100,0.0426969696969697,100,0.0,100,0.03,100,0.03,100,0.03,100
helm/helm,causal_rolling_mad,union,metric_shift,latency_log+rerun_rate,2,medium,1,low_volume,none,100,0.09,100,0.0,9,0.11111111111111088,100,0.22,100,0.13,100,0.17,100,0.08,100,0.07216494845360824,97,0.021739130434782653,100,0.0375952380952381,100,0.10560606060606054,100,0.09,100,0.16,100,0.16,100,0.16,100
helm/helm,causal_rolling_mad,two_of_three,metric_shift,latency_log+rerun_rate,2,medium,1,low_volume,none,100,0.01,100,0.0,1,0.0,100,0.02,100,0.01,100,0.01,100,0.0,100,0.010309278350515464,97,0.021739130434782653,100,0.5,2,0.00022727272727272727,100,0.01,100,0.02,100,0.02,100,0.02,100
helm/helm,mewma,mewma,metric_shift,latency_log+rerun_rate,2,medium,1,low_volume,none,100,0.0,100,,0,0.0,100,0.0,100,0.0,100,0.0,100,0.0,100,0.0,100,0.0,100,,0,0.0,100,0.0,100,0.0,100,0.0,100,0.0,100
helm/helm,causal_rolling_mad,latency_log,metric_shift,latency_log+rerun_rate,2,medium,1,observed,controlled,100,0.02,100,0.0,2,0.0,100,0.05,100,0.03,100,0.02,100,0.0,100,0.03333333333333333,45,0.1758695652173912,100,0.375,4,0.0006818181818181818,100,0.02,100,0.04,100,0.04,100,0.04,100
helm/helm,causal_rolling_mad,failure_rate,metric_shift,latency_log+rerun_rate,2,medium,1,observed,controlled,100,0.0,100,,0,0.022222222222222185,100,0.0,100,0.0,100,0.02,100,0.02,100,0.0,98,0.021739130434782653,100,0.02,100,0.02226262626262627,100,0.0,100,0.0,100,0.0,100,0.0,100
helm/helm,causal_rolling_mad,rerun_rate,metric_shift,latency_log+rerun_rate,2,medium,1,observed,controlled,100,0.02,100,0.0,2,0.04407328290577928,100,0.03,100,0.01,100,0.05,100,0.03,100,0.03773584905660377,53,0.15586956521739134,100,0.02462121212121212,88,0.04233590916840559,100,0.02,100,0.03,100,0.03,100,0.03,100
helm/helm,causal_rolling_mad,union,metric_shift,latency_log+rerun_rate,2,medium,1,observed,controlled,100,0.0,100,,0,0.10517700303403632,100,0.0,100,0.0,100,0.0,100,0.0,100,,0,0.31000000000000044,100,0.0,100,0.10517700303403632,100,0.0,100,0.0,100,0.0,100,0.0,100
helm/helm,causal_rolling_mad,two_of_three,metric_shift,latency_log+rerun_rate,2,medium,1,observed,controlled,100,0.0,100,,0,0.0,100,0.0,100,0.0,100,0.0,100,0.0,100,,0,0.31000000000000044,100,,0,0.0,100,0.0,100,0.0,100,0.0,100,0.0,100
helm/helm,mewma,mewma,metric_shift,latency_log+rerun_rate,2,medium,1,observed,controlled,100,0.0,100,,0,0.0,100,0.0,100,0.0,100,0.0,100,0.0,100,0.0,100,0.0,100,,0,0.0,100,0.0,100,0.0,100,0.0,100,0.0,100
helm/helm,causal_rolling_mad,latency_log,metric_shift,latency_log+rerun_rate,2,low,2,observed,none,100,0.46,100,0.8478260869565217,46,0.0,100,0.54,100,0.04,100,0.46,100,0.0,100,0.2533333333333333,100,0.021739130434782653,100,0.9565217391304348,46,0.0009302325581395348,100,0.46,100,0.46,100,0.46,100,0.46,100
helm/helm,causal_rolling_mad,failure_rate,metric_shift,latency_log+rerun_rate,2,low,2,observed,none,100,0.0,100,,0,0.022222222222222185,100,0.0,100,0.0,100,0.03,100,0.015,100,0.0,100,0.021739130434782653,100,0.03,100,0.022547568710359435,100,0.0,100,0.0,100,0.0,100,0.0,100
helm/helm,causal_rolling_mad,rerun_rate,metric_shift,latency_log+rerun_rate,2,low,2,observed,none,100,0.0,100,,0,0.04444444444444437,100,0.0,100,0.0,100,0.05,100,0.035,100,0.0,100,0.021739130434782653,100,0.02631578947368421,95,0.040449260042283344,100,0.0,100,0.0,100,0.0,100,0.0,100
helm/helm,causal_rolling_mad,union,metric_shift,latency_log+rerun_rate,2,low,2,observed,none,100,0.43,100,0.7674418604651163,43,0.11111111111111088,100,0.57,100,0.07,100,0.52,100,0.08,100,0.2483333333333333,100,0.021739130434782653,100,0.12033333333333328,100,0.10320824524312909,100,0.43,100,0.43,100,0.43,100,0.43,100
helm/helm,causal_rolling_mad,two_of_three,metric_shift,latency_log+rerun_rate,2,low,2,observed,none,100,0.03,100,0.6666666666666666,3,0.0,100,0.03,100,0.0,100,0.03,100,0.0,100,0.015,100,0.021739130434782653,100,1.0,3,0.0,100,0.03,100,0.03,100,0.03,100,0.03,100
helm/helm,mewma,mewma,metric_shift,latency_log+rerun_rate,2,low,2,observed,none,100,0.0,100,,0,0.0,100,0.0,100,0.0,100,0.0,100,0.0,100,0.0,100,0.0,100,,0,0.0,100,0.0,100,0.0,100,0.0,100,0.0,100
helm/helm,causal_rolling_mad,latency_log,metric_shift,latency_log+rerun_rate,2,medium,2,observed,none,100,0.94,100,0.8297872340425532,94,0.0,100,1.13,100,0.03,100,0.94,100,0.0,100,0.5650000000000001,100,0.021739130434782653,100,0.9840425531914894,94,0.0006976744186046512,100,0.94,100,0.94,100,0.94,100,0.94,100
helm/helm,causal_rolling_mad,failure_rate,metric_shift,latency_log+rerun_rate,2,medium,2,observed,none,100,0.0,100,,0,0.022222222222222185,100,0.0,100,0.0,100,0.03,100,0.015,100,0.0,100,0.021739130434782653,100,0.03,100,0.02253699788583512,100,0.0,100,0.0,100,0.0,100,0.0,100
helm/helm,causal_rolling_mad,rerun_rate,metric_shift,latency_log+rerun_rate,2,medium,2,observed,none,100,0.07,100,0.7142857142857143,7,0.04444444444444437,100,0.09,100,0.02,100,0.1,100,0.03,100,0.035,100,0.021739130434782653,100,0.054945054945054944,91,0.039043340380549726,100,0.07,100,0.09,100,0.09,100,0.09,100
helm/helm,causal_rolling_mad,union,metric_shift,latency_log+rerun_rate,2,medium,2,observed,none,100,0.88,100,0.7840909090909091,88,0.11111111111111088,100,1.24,100,0.17,100,0.96,100,0.105,100,0.5283333333333334,100,0.021739130434782653,100,0.22914285714285706,100,0.100840380549683,100,0.88,100,0.91,100,0.91,100,0.91,100
helm/helm,causal_rolling_mad,two_of_three,metric_shift,latency_log+rerun_rate,2,medium,2,observed,none,100,0.12,100,0.8333333333333334,12,0.0,100,0.15,100,0.02,100,0.12,100,0.0,100,0.065,100,0.021739130434782653,100,0.8571428571428571,14,0.0004651162790697674,100,0.12,100,0.14,100,0.14,100,0.14,100
helm/helm,mewma,mewma,metric_shift,latency_log+rerun_rate,2,medium,2,observed,none,100,0.23,100,1.0,23,0.0,100,0.36,100,0.13,100,0.23,100,0.0,100,0.095,100,0.0,100,0.7463768115942028,23,0.0029545454545454545,100,0.23,100,0.23,100,0.23,100,0.23,100
helm/helm,causal_rolling_mad,latency_log,metric_shift,latency_log+rerun_rate,2,high,2,observed,none,100,1.0,100,0.93,100,0.0,100,1.13,100,0.06,100,1.0,100,0.0,100,0.535,100,0.021739130434782653,100,0.97,100,0.0013953488372093023,100,1.0,100,1.0,100,1.0,100,1.0,100
helm/helm,causal_rolling_mad,failure_rate,metric_shift,latency_log+rerun_rate,2,high,2,observed,none,100,0.0,100,,0,0.022222222222222185,100,0.0,100,0.0,100,0.12,100,0.06,100,0.0,100,0.021739130434782653,100,0.12,100,0.020454545454545475,100,0.0,100,0.0,100,0.0,100,0.0,100
helm/helm,causal_rolling_mad,rerun_rate,metric_shift,latency_log+rerun_rate,2,high,2,observed,none,100,0.21,100,0.8095238095238095,21,0.04444444444444437,100,0.27,100,0.03,100,0.29,100,0.06,100,0.10999999999999999,100,0.021739130434782653,100,0.1380434782608696,92,0.03998942917547574,100,0.21,100,0.21,100,0.21,100,0.21,100
helm/helm,causal_rolling_mad,union,metric_shift,latency_log+rerun_rate,2,high,2,observed,none,100,0.81,100,0.8518518518518519,81,0.11111111111111088,100,0.97,100,0.04,100,1.0,100,0.18,100,0.46333333333333326,100,0.021739130434782653,100,0.24773809523809523,100,0.09484143763213541,100,0.81,100,0.81,100,0.81,100,0.81,100
helm/helm,causal_rolling_mad,two_of_three,metric_shift,latency_log+rerun_rate,2,high,2,observed,none,100,0.35,100,0.8857142857142857,35,0.0,100,0.41,100,0.03,100,0.35,100,0.0,100,0.18499999999999997,100,0.021739130434782653,100,0.9571428571428572,35,0.0006976744186046512,100,0.35,100,0.35,100,0.35,100,0.35,100
helm/helm,mewma,mewma,metric_shift,latency_log+rerun_rate,2,high,2,observed,none,100,0.88,100,0.9886363636363636,88,0.0,100,1.05,100,0.16,100,0.88,100,0.0,100,0.41999999999999993,100,0.0,100,0.9261363636363636,88,0.003636363636363636,100,0.88,100,0.88,100,0.88,100,0.88,100
helm/helm,causal_rolling_mad,latency_log,metric_shift,latency_log+rerun_rate,2,medium,2,low_volume,none,100,0.98,100,0.9387755102040817,98,0.0,100,1.09,100,0.05,100,0.98,100,0.0,100,0.5216666666666668,100,0.021739130434782653,100,0.9744897959183674,98,0.0011627906976744186,100,0.98,100,0.98,100,0.98,100,0.98,100
helm/helm,causal_rolling_mad,failure_rate,metric_shift,latency_log+rerun_rate,2,medium,2,low_volume,none,100,0.01,100,1.0,1,0.022222222222222185,100,0.01,100,0.0,100,0.03,100,0.015,100,0.005,100,0.021739130434782653,100,0.032467532467532464,77,0.017431289640591985,100,0.01,100,0.01,100,0.01,100,0.01,100
helm/helm,causal_rolling_mad,rerun_rate,metric_shift,latency_log+rerun_rate,2,medium,2,low_volume,none,100,0.1,100,0.6,10,0.04444444444444437,100,0.11,100,0.01,100,0.14,100,0.06,100,0.05,100,0.021739130434782653,100,0.0726950354609929,94,0.03835095137420723,100,0.1,100,0.11,100,0.11,100,0.11,100
helm/helm,causal_rolling_mad,union,metric_shift,latency_log+rerun_rate,2,medium,2,low_volume,none,100,0.91,100,0.8901098901098901,91,0.11111111111111088,100,1.09,100,0.08,100,0.98,100,0.11,100,0.5016666666666668,100,0.021739130434782653,100,0.24707142857142844,100,0.09157505285412273,100,0.91,100,0.92,100,0.92,100,0.92,100
helm/helm,causal_rolling_mad,two_of_three,metric_shift,latency_log+rerun_rate,2,medium,2,low_volume,none,100,0.16,100,0.875,16,0.0,100,0.18,100,0.01,100,0.16,100,0.0,100,0.085,100,0.021739130434782653,100,0.9411764705882353,17,0.0002325581395348837,100,0.16,100,0.17,100,0.17,100,0.17,100
helm/helm,mewma,mewma,metric_shift,latency_log+rerun_rate,2,medium,2,low_volume,none,100,0.26,100,1.0,26,0.0,100,0.38,100,0.12,100,0.26,100,0.0,100,0.11166666666666668,100,0.0,100,0.7948717948717948,26,0.002727272727272727,100,0.26,100,0.26,100,0.26,100,0.26,100
helm/helm,causal_rolling_mad,latency_log,metric_shift,latency_log+rerun_rate,2,medium,2,observed,controlled,100,0.56,100,0.8928571428571429,56,0.0,100,0.62,100,0.02,100,0.56,100,0.0,100,0.4288888888888889,75,0.1521739130434783,100,0.9821428571428571,56,0.0004651162790697674,100,0.56,100,0.56,100,0.56,100,0.56,100
helm/helm,causal_rolling_mad,failure_rate,metric_shift,latency_log+rerun_rate,2,medium,2,observed,controlled,100,0.0,100,,0,0.022222222222222185,100,0.0,100,0.0,100,0.06,100,0.03,100,0.0,100,0.021739130434782653,100,0.06,100,0.02183932346723047,100,0.0,100,0.0,100,0.0,100,0.0,100
helm/helm,causal_rolling_mad,rerun_rate,metric_shift,latency_log+rerun_rate,2,medium,2,observed,controlled,100,0.02,100,0.0,2,0.04191213917481001,100,0.03,100,0.01,100,0.07,100,0.035,100,0.02702702702702703,74,0.17826086956521736,100,0.05341880341880341,78,0.03926978338759196,100,0.02,100,0.03,100,0.03,100,0.03,100
helm/helm,causal_rolling_mad,union,metric_shift,latency_log+rerun_rate,2,medium,2,observed,controlled,100,0.07,100,0.0,7,0.10212458009967226,100,0.07,100,0.0,100,0.14,100,0.07,100,0.14285714285714285,49,0.3086956521739136,100,0.043500000000000004,100,0.10134894604817381,100,0.07,100,0.07,100,0.07,100,0.07,100
helm/helm,causal_rolling_mad,two_of_three,metric_shift,latency_log+rerun_rate,2,medium,2,observed,controlled,100,0.0,100,,0,0.0,100,0.0,100,0.0,100,0.0,100,0.0,100,0.0,49,0.3086956521739136,100,,0,0.0,100,0.0,100,0.0,100,0.0,100,0.0,100
helm/helm,mewma,mewma,metric_shift,latency_log+rerun_rate,2,medium,2,observed,controlled,100,0.19,100,1.0,19,0.0,100,0.25,100,0.06,100,0.19,100,0.0,100,0.085,100,0.0,100,0.8421052631578947,19,0.0013636363636363637,100,0.19,100,0.19,100,0.19,100,0.19,100
helm/helm,causal_rolling_mad,latency_log,metric_shift,latency_log+rerun_rate,2,low,4,observed,none,100,0.52,100,0.9038461538461539,52,0.0,100,1.39,100,0.05,100,0.52,100,0.0,100,0.3341666666666667,100,0.021739130434782653,100,0.9759615384615384,52,0.0012195121951219512,100,0.52,100,0.52,100,0.52,100,0.52,100
helm/helm,causal_rolling_mad,failure_rate,metric_shift,latency_log+rerun_rate,2,low,4,observed,none,100,0.0,100,,0,0.022222222222222185,100,0.0,100,0.0,100,0.11,100,0.0275,100,0.0,100,0.021739130434782653,100,0.11,100,0.021684088269454137,100,0.0,100,0.0,100,0.0,100,0.0,100
helm/helm,causal_rolling_mad,rerun_rate,metric_shift,latency_log+rerun_rate,2,low,4,observed,none,100,0.01,100,1.0,1,0.04444444444444437,100,0.01,100,0.0,100,0.14,100,0.0475,100,0.0025,100,0.021739130434782653,100,0.08620689655172414,87,0.0368118466898955,100,0.01,100,0.01,100,0.01,100,0.01,100
helm/helm,causal_rolling_mad,union,metric_shift,latency_log+rerun_rate,2,low,4,observed,none,100,0.54,100,1.1666666666666667,54,0.11111111111111088,100,1.24,100,0.07,100,0.62,100,0.1225,100,0.2886666666666668,100,0.021739130434782653,100,0.2614880952380952,100,0.09235191637630662,100,0.54,100,0.54,100,0.54,100,0.54,100
helm/helm,causal_rolling_mad,two_of_three,metric_shift,latency_log+rerun_rate,2,low,4,observed,none,100,0.15,100,1.2,15,0.0,100,0.16,100,0.0,100,0.15,100,0.0,100,0.04,100,0.021739130434782653,100,1.0,15,0.0,100,0.15,100,0.15,100,0.15,100,0.15,100
helm/helm,mewma,mewma,metric_shift,latency_log+rerun_rate,2,low,4,observed,none,100,0.1,100,2.6,10,0.0,100,0.1,100,0.0,100,0.1,100,0.0,100,0.025,100,0.0,100,1.0,10,0.0,100,0.1,100,0.1,100,0.1,100,0.1,100
helm/helm,causal_rolling_mad,latency_log,metric_shift,latency_log+rerun_rate,2,medium,4,observed,none,100,0.95,100,0.9157894736842105,95,0.0,100,2.81,100,0.01,100,0.95,100,0.0,100,0.706,100,0.021739130434782653,100,0.9973684210526316,95,0.00024390243902439024,100,0.95,100,0.95,100,0.95,100,0.95,100
helm/helm,causal_rolling_mad,failure_rate,metric_shift,latency_log+rerun_rate,2,medium,4,observed,none,100,0.0,100,,0,0.022222222222222185,100,0.0,100,0.0,100,0.11,100,0.0275,100,0.0,100,0.021739130434782653,100,0.11,100,0.021689895470383292,100,0.0,100,0.0,100,0.0,100,0.0,100
helm/helm,causal_rolling_mad,rerun_rate,metric_shift,latency_log+rerun_rate,2,medium,4,observed,none,100,0.06,100,0.8333333333333334,6,0.04444444444444437,100,0.16,100,0.0,100,0.17,100,0.045,100,0.04,100,0.021739130434782653,100,0.14534883720930233,86,0.03608594657375147,100,0.06,100,0.06,100,0.06,100,0.06,100
helm/helm,causal_rolling_mad,union,metric_shift,latency_log+rerun_rate,2,medium,4,observed,none,100,0.99,100,1.0,99,0.11111111111111088,100,2.7,100,0.03,100,1.0,100,0.1425,100,0.6705000000000001,100,0.021739130434782653,100,0.47660714285714284,100,0.0882288037166086,100,0.99,100,0.99,100,0.99,100,0.99,100
helm/helm,causal_rolling_mad,two_of_three,metric_shift,latency_log+rerun_rate,2,medium,4,observed,none,100,0.27,100,1.6296296296296295,27,0.0,100,0.34,100,0.0,100,0.27,100,0.0,100,0.085,100,0.021739130434782653,100,1.0,27,0.0,100,0.27,100,0.27,100,0.27,100,0.27,100
helm/helm,mewma,mewma,metric_shift,latency_log+rerun_rate,2,medium,4,observed,none,100,0.99,100,1.8181818181818181,99,0.0,100,3.31,100,1.15,100,0.99,100,0.0,100,0.42100000000000004,100,0.0,100,0.6929292929292927,99,0.027380952380952353,100,0.99,100,0.99,100,0.99,100,0.99,100
helm/helm,causal_rolling_mad,latency_log,metric_shift,latency_log+rerun_rate,2,high,4,observed,none,100,1.0,100,0.94,100,0.0,100,3.05,100,0.0,100,1.0,100,0.0,100,0.7725,100,0.021739130434782653,100,1.0,100,0.0,100,1.0,100,1.0,100,1.0,100,1.0,100
helm/helm,causal_rolling_mad,failure_rate,metric_shift,latency_log+rerun_rate,2,high,4,observed,none,100,0.0,100,,0,0.022222222222222185,100,0.0,100,0.0,100,0.09,100,0.0225,100,0.0,100,0.021739130434782653,100,0.09,100,0.022171893147502914,100,0.0,100,0.0,100,0.0,100,0.0,100
helm/helm,causal_rolling_mad,rerun_rate,metric_shift,latency_log+rerun_rate,2,high,4,observed,none,100,0.35,100,1.0571428571428572,35,0.04444444444444437,100,0.59,100,0.03,100,0.35,100,0.0375,100,0.137,100,0.021739130434782653,100,0.2352941176470588,85,0.03682926829268295,100,0.35,100,0.35,100,0.35,100,0.35,100
helm/helm,causal_rolling_mad,union,metric_shift,latency_log+rerun_rate,2,high,4,observed,none,100,1.0,100,1.05,100,0.11111111111111088,100,2.79,100,0.04,100,1.0,100,0.1125,100,0.693,100,0.021739130434782653,100,0.4713134920634922,100,0.09090592334494772,100,1.0,100,1.0,100,1.0,100,1.0,100
helm/helm,causal_rolling_mad,two_of_three,metric_shift,latency_log+rerun_rate,2,high,4,observed,none,100,0.41,100,1.146341463414634,41,0.0,100,0.86,100,0.03,100,0.41,100,0.0,100,0.20299999999999996,100,0.021739130434782653,100,0.9817073170731707,41,0.0007317073170731708,100,0.41,100,0.41,100,0.41,100,0.41,100
helm/helm,mewma,mewma,metric_shift,latency_log+rerun_rate,2,high,4,observed,none,100,1.0,100,1.11,100,0.0,100,4.84,100,1.95,100,1.0,100,0.0,100,0.49107142857142866,100,0.0,100,0.6088333333333338,100,0.04642857142857137,100,1.0,100,1.0,100,1.0,100,1.0,100
helm/helm,causal_rolling_mad,latency_log,metric_shift,latency_log+rerun_rate,2,medium,4,low_volume,none,100,0.98,100,0.9183673469387755,98,0.0,100,2.87,100,0.04,100,0.98,100,0.0,100,0.7040000000000001,100,0.021739130434782653,100,0.9897959183673469,98,0.000975609756097561,100,0.98,100,0.98,100,0.98,100,0.98,100
helm/helm,causal_rolling_mad,failure_rate,metric_shift,latency_log+rerun_rate,2,medium,4,low_volume,none,100,0.06,100,1.8333333333333333,6,0.022222222222222185,100,0.07,100,0.01,100,0.07,100,0.015,100,0.015,100,0.021739130434782653,100,0.08333333333333333,72,0.016335656213705006,100,0.06,100,0.07,100,0.07,100,0.07,100
helm/helm,causal_rolling_mad,rerun_rate,metric_shift,latency_log+rerun_rate,2,medium,4,low_volume,none,100,0.19,100,1.4736842105263157,19,0.04444444444444437,100,0.26,100,0.03,100,0.29,100,0.065,100,0.0565,100,0.021739130434782653,100,0.1881481481481482,90,0.0368234610917538,100,0.19,100,0.21,100,0.21,100,0.21,100
helm/helm,causal_rolling_mad,union,metric_shift,latency_log+rerun_rate,2,medium,4,low_volume,none,100,0.98,100,0.9081632653061225,98,0.11111111111111088,100,2.72,100,0.08,100,1.0,100,0.1225,100,0.6545000000000001,100,0.021739130434782653,100,0.48950396825396825,100,0.08436701509872245,100,0.98,100,1.0,100,1.0,100,1.0,100
helm/helm,causal_rolling_mad,two_of_three,metric_shift,latency_log+rerun_rate,2,medium,4,low_volume,none,100,0.32,100,1.5,32,0.0,100,0.42,100,0.01,100,0.32,100,0.0,100,0.1025,100,0.021739130434782653,100,0.9696969696969697,33,0.00024390243902439024,100,0.32,100,0.33,100,0.33,100,0.33,100
helm/helm,mewma,mewma,metric_shift,latency_log+rerun_rate,2,medium,4,low_volume,none,100,0.97,100,1.8453608247422681,97,0.0,100,3.17,100,1.08,100,0.97,100,0.0,100,0.4081666666666665,100,0.0,100,0.6938144329896906,97,0.025714285714285686,100,0.97,100,0.97,100,0.97,100,0.97,100
helm/helm,causal_rolling_mad,latency_log,metric_shift,latency_log+rerun_rate,2,medium,4,observed,controlled,100,0.6,100,0.8666666666666667,60,0.0,100,1.3,100,0.02,100,0.6,100,0.0,100,0.5533783783783784,74,0.22304347826086965,100,0.9916666666666667,60,0.0004878048780487805,100,0.6,100,0.6,100,0.6,100,0.6,100
helm/helm,causal_rolling_mad,failure_rate,metric_shift,latency_log+rerun_rate,2,medium,4,observed,controlled,100,0.0,100,,0,0.022222222222222185,100,0.0,100,0.0,100,0.07,100,0.0175,100,0.0,100,0.021739130434782653,100,0.07,100,0.02266550522648085,100,0.0,100,0.0,100,0.0,100,0.0,100
helm/helm,causal_rolling_mad,rerun_rate,metric_shift,latency_log+rerun_rate,2,medium,4,observed,controlled,100,0.05,100,0.8,5,0.04747852022840734,100,0.07,100,0.0,100,0.11,100,0.035833333333333335,100,0.0367063492063492,84,0.24739130434782627,100,0.08436213991769548,81,0.044723948868465105,100,0.05,100,0.05,100,0.05,100,0.05,100
helm/helm,causal_rolling_mad,union,metric_shift,latency_log+rerun_rate,2,medium,4,observed,controlled,100,0.29,100,0.5517241379310345,29,0.10787130122064863,100,0.38,100,0.0,100,0.31,100,0.02333333333333333,100,0.36666666666666675,60,0.3186956521739132,100,0.10238095238095239,100,0.10703347550927413,100,0.29,100,0.29,100,0.29,100,0.29,100
helm/helm,causal_rolling_mad,two_of_three,metric_shift,latency_log+rerun_rate,2,medium,4,observed,controlled,100,0.05,100,0.6,5,0.0,100,0.05,100,0.0,100,0.05,100,0.0,100,0.03888888888888888,60,0.3186956521739132,100,1.0,5,0.0,100,0.05,100,0.05,100,0.05,100,0.05,100
helm/helm,mewma,mewma,metric_shift,latency_log+rerun_rate,2,medium,4,observed,controlled,100,0.74,100,2.189189189189189,74,0.0,100,1.75,100,0.41,100,0.74,100,0.0,100,0.2908333333333333,100,0.0,100,0.8337837837837837,74,0.009761904761904767,100,0.74,100,0.74,100,0.74,100,0.74,100
helm/helm,causal_rolling_mad,latency_log,metric_shift,latency_log+rerun_rate,2,low,8,observed,none,100,0.58,100,0.8620689655172413,58,0.0,100,1.56,100,0.0,100,0.58,100,0.0,100,0.19642857142857145,100,0.021739130434782653,100,1.0,58,0.0,100,0.58,100,0.58,100,0.58,100,0.58,100
helm/helm,causal_rolling_mad,failure_rate,metric_shift,latency_log+rerun_rate,2,low,8,observed,none,100,0.0,100,,0,0.022222222222222185,100,0.0,100,0.0,100,0.19,100,0.02375,100,0.0,100,0.021739130434782653,100,0.19,100,0.021863442389758167,100,0.0,100,0.0,100,0.0,100,0.0,100
helm/helm,causal_rolling_mad,rerun_rate,metric_shift,latency_log+rerun_rate,2,low,8,observed,none,100,0.01,100,4.0,1,0.04444444444444437,100,0.01,100,0.0,100,0.26,100,0.05125,100,0.00125,100,0.021739130434782653,100,0.2388888888888889,90,0.03593883357041248,100,0.01,100,0.01,100,0.01,100,0.01,100
helm/helm,causal_rolling_mad,union,metric_shift,latency_log+rerun_rate,2,low,8,observed,none,100,0.65,100,1.0153846153846153,65,0.11111111111111088,100,1.57,100,0.0,100,0.87,100,0.12625,100,0.19767857142857145,100,0.021739130434782653,100,0.3805357142857143,100,0.08639402560455194,100,0.65,100,0.65,100,0.65,100,0.65,100
helm/helm,causal_rolling_mad,two_of_three,metric_shift,latency_log+rerun_rate,2,low,8,observed,none,100,0.12,100,1.5833333333333333,12,0.0,100,0.14,100,0.0,100,0.12,100,0.0,100,0.0175,100,0.021739130434782653,100,1.0,12,0.0,100,0.12,100,0.12,100,0.12,100,0.12,100
helm/helm,mewma,mewma,metric_shift,latency_log+rerun_rate,2,low,8,observed,none,100,0.19,100,4.7894736842105265,19,0.0,100,0.3,100,0.0,100,0.19,100,0.0,100,0.0375,100,0.0,100,1.0,19,0.0,100,0.19,100,0.19,100,0.19,100,0.19,100
helm/helm,causal_rolling_mad,latency_log,metric_shift,latency_log+rerun_rate,2,medium,8,observed,none,100,0.97,100,0.8865979381443299,97,0.0,100,4.02,100,0.0,100,0.97,100,0.0,100,0.5046428571428571,100,0.021739130434782653,100,1.0,97,0.0,100,0.97,100,0.97,100,0.97,100,0.97,100
helm/helm,causal_rolling_mad,failure_rate,metric_shift,latency_log+rerun_rate,2,medium,8,observed,none,100,0.0,100,,0,0.022222222222222185,100,0.0,100,0.0,100,0.28,100,0.035,100,0.0,100,0.021739130434782653,100,0.28,100,0.019438122332859152,100,0.0,100,0.0,100,0.0,100,0.0,100
helm/helm,causal_rolling_mad,rerun_rate,metric_shift,latency_log+rerun_rate,2,medium,8,observed,none,100,0.17,100,2.1176470588235294,17,0.04444444444444437,100,0.2,100,0.0,100,0.33,100,0.06,100,0.025,100,0.021739130434782653,100,0.31609195402298845,87,0.033513513513513477,100,0.17,100,0.17,100,0.17,100,0.17,100
helm/helm,causal_rolling_mad,union,metric_shift,latency_log+rerun_rate,2,medium,8,observed,none,100,0.98,100,1.0510204081632653,98,0.11111111111111088,100,3.63,100,0.0,100,1.0,100,0.16125,100,0.4558928571428571,100,0.021739130434782653,100,0.6360880230880231,100,0.0737197724039829,100,0.98,100,0.98,100,0.98,100,0.98,100
helm/helm,causal_rolling_mad,two_of_three,metric_shift,latency_log+rerun_rate,2,medium,8,observed,none,100,0.47,100,2.595744680851064,47,0.0,100,0.57,100,0.0,100,0.47,100,0.0,100,0.07125,100,0.021739130434782653,100,1.0,47,0.0,100,0.47,100,0.47,100,0.47,100,0.47,100
helm/helm,mewma,mewma,metric_shift,latency_log+rerun_rate,2,medium,8,observed,none,100,1.0,100,1.83,100,0.0,100,8.63,100,2.46,100,1.0,100,0.0,100,0.5932121212121219,100,0.0,100,0.7172341269841269,100,0.06473684210526306,100,1.0,100,1.0,100,1.0,100,1.0,100
helm/helm,causal_rolling_mad,latency_log,metric_shift,latency_log+rerun_rate,2,high,8,observed,none,100,1.0,100,0.92,100,0.0,100,5.5,100,0.0,100,1.0,100,0.0,100,0.6910714285714284,100,0.021739130434782653,100,1.0,100,0.0,100,1.0,100,1.0,100,1.0,100,1.0,100
helm/helm,causal_rolling_mad,failure_rate,metric_shift,latency_log+rerun_rate,2,high,8,observed,none,100,0.0,100,,0,0.022222222222222185,100,0.0,100,0.0,100,0.23,100,0.02875,100,0.0,100,0.021739130434782653,100,0.23,100,0.020782361308677076,100,0.0,100,0.0,100,0.0,100,0.0,100
helm/helm,causal_rolling_mad,rerun_rate,metric_shift,latency_log+rerun_rate,2,high,8,observed,none,100,0.45,100,1.0888888888888888,45,0.04444444444444437,100,0.87,100,0.0,100,0.46,100,0.0425,100,0.10875,100,0.021739130434782653,100,0.3220973782771535,89,0.03810810810810806,100,0.45,100,0.45,100,0.45,100,0.45,100
helm/helm,causal_rolling_mad,union,metric_shift,latency_log+rerun_rate,2,high,8,observed,none,100,1.0,100,0.97,100,0.11111111111111088,100,5.07,100,0.01,100,1.0,100,0.1225,100,0.6350992063492064,100,0.021739130434782653,100,0.6711067821067823,100,0.08234708392603127,100,1.0,100,1.0,100,1.0,100,1.0,100
helm/helm,causal_rolling_mad,two_of_three,metric_shift,latency_log+rerun_rate,2,high,8,observed,none,100,0.58,100,1.7241379310344827,58,0.0,100,1.24,100,0.0,100,0.58,100,0.0,100,0.155,100,0.021739130434782653,100,1.0,58,0.0,100,0.58,100,0.58,100,0.58,100,0.58,100
helm/helm,mewma,mewma,metric_shift,latency_log+rerun_rate,2,high,8,observed,none,100,1.0,100,1.15,100,0.0,100,10.18,100,3.33,100,1.0,100,0.0,100,0.6124763014763013,100,0.0,100,0.6814999999999999,100,0.08763157894736837,100,1.0,100,1.0,100,1.0,100,1.0,100
helm/helm,causal_rolling_mad,latency_log,metric_shift,latency_log+rerun_rate,2,medium,8,low_volume,none,100,0.98,100,0.9387755102040817,98,0.0,100,3.9,100,0.0,100,0.98,100,0.0,100,0.4903571428571428,100,0.021739130434782653,100,1.0,98,0.0,100,0.98,100,0.98,100,0.98,100,0.98,100
helm/helm,causal_rolling_mad,failure_rate,metric_shift,latency_log+rerun_rate,2,medium,8,low_volume,none,100,0.15,100,3.6,15,0.022222222222222185,100,0.17,100,0.01,100,0.17,100,0.02625,100,0.02,100,0.021739130434782653,100,0.26229508196721313,61,0.012674253200568981,100,0.15,100,0.15,100,0.15,100,0.16,100
helm/helm,causal_rolling_mad,rerun_rate,metric_shift,latency_log+rerun_rate,2,medium,8,low_volume,none,100,0.21,100,2.857142857142857,21,0.04444444444444437,100,0.27,100,0.0,100,0.27,100,0.06,100,0.03375,100,0.021739130434782653,100,0.25,83,0.033243243243243216,100,0.21,100,0.21,100,0.21,100,0.21,100
helm/helm,causal_rolling_mad,union,metric_shift,latency_log+rerun_rate,2,medium,8,low_volume,none,100,1.0,100,1.21,100,0.11111111111111088,100,3.86,100,0.01,100,1.0,100,0.12625,100,0.4836904761904762,100,0.021739130434782653,100,0.6575779220779219,100,0.07153627311522048,100,1.0,100,1.0,100,1.0,100,1.0,100
helm/helm,causal_rolling_mad,two_of_three,metric_shift,latency_log+rerun_rate,2,medium,8,low_volume,none,100,0.32,100,1.78125,32,0.0,100,0.39,100,0.0,100,0.32,100,0.0,100,0.04875,100,0.021739130434782653,100,1.0,32,0.0,100,0.32,100,0.32,100,0.32,100,0.32,100
helm/helm,mewma,mewma,metric_shift,latency_log+rerun_rate,2,medium,8,low_volume,none,100,1.0,100,1.85,100,0.0,100,8.41,100,2.26,100,1.0,100,0.0,100,0.6035227272727279,100,0.0,100,0.7356309523809523,100,0.05947368421052625,100,1.0,100,1.0,100,1.0,100,1.0,100
helm/helm,causal_rolling_mad,latency_log,metric_shift,latency_log+rerun_rate,2,medium,8,observed,controlled,100,0.48,100,0.8541666666666666,48,0.0,100,1.23,100,0.0,100,0.48,100,0.0,100,0.42974581724581734,74,0.3556521739130436,100,1.0,48,0.0,100,0.48,100,0.48,100,0.48,100,0.48,100
helm/helm,causal_rolling_mad,failure_rate,metric_shift,latency_log+rerun_rate,2,medium,8,observed,controlled,100,0.0,100,,0,0.022222222222222185,100,0.0,100,0.0,100,0.2,100,0.025,100,0.0,100,0.021739130434782653,100,0.2,100,0.021607396870554747,100,0.0,100,0.0,100,0.0,100,0.0,100
helm/helm,causal_rolling_mad,rerun_rate,metric_shift,latency_log+rerun_rate,2,medium,8,observed,controlled,100,0.05,100,1.6,5,0.05297643437084072,100,0.06,100,0.0,100,0.14,100,0.06094047619047619,100,0.019692460317460317,72,0.33413043478260884,100,0.1431372549019608,85,0.05060901677757974,100,0.05,100,0.05,100,0.05,100,0.05,100
helm/helm,causal_rolling_mad,union,metric_shift,latency_log+rerun_rate,2,medium,8,observed,controlled,100,0.26,100,0.6538461538461539,26,0.09940585620120249,100,0.43,100,0.0,100,0.32,100,0.07233333333333333,100,0.33782051282051284,52,0.4056521739130434,100,0.1513784461152882,95,0.09732113917414337,100,0.26,100,0.26,100,0.26,100,0.26,100
helm/helm,causal_rolling_mad,two_of_three,metric_shift,latency_log+rerun_rate,2,medium,8,observed,controlled,100,0.05,100,1.6,5,0.0,100,0.05,100,0.0,100,0.05,100,0.0,100,0.04871794871794872,52,0.4056521739130434,100,1.0,5,0.0,100,0.05,100,0.05,100,0.05,100,0.05,100
helm/helm,mewma,mewma,metric_shift,latency_log+rerun_rate,2,medium,8,observed,controlled,100,1.0,100,2.82,100,0.0,100,6.95,100,1.77,100,1.0,100,0.0,100,0.5329570707070709,100,0.0,100,0.7515753968253969,100,0.04657894736842105,100,1.0,100,1.0,100,1.0,100,1.0,100
helm/helm,causal_rolling_mad,latency_log,metric_shift,failure_rate+rerun_rate,2,low,1,observed,none,100,0.0,100,,0,0.0,100,0.0,100,0.0,100,0.0,100,0.0,100,0.0,99,0.021739130434782653,100,,0,0.0,100,0.0,100,0.0,100,0.0,100,0.0,100
helm/helm,causal_rolling_mad,failure_rate,metric_shift,failure_rate+rerun_rate,2,low,1,observed,none,100,0.0,100,,0,0.022222222222222185,100,0.04,100,0.04,100,0.04,100,0.04,100,0.0,99,0.021739130434782653,100,0.047619047619047616,84,0.01908585858585857,100,0.0,100,0.04,100,0.04,100,0.04,100
helm/helm,causal_rolling_mad,rerun_rate,metric_shift,failure_rate+rerun_rate,2,low,1,observed,none,100,0.0,100,,0,0.04444444444444437,100,0.01,100,0.01,100,0.06,100,0.07,100,0.0,99,0.021739130434782653,100,0.03,100,0.04271717171717173,100,0.0,100,0.01,100,0.01,100,0.01,100
helm/helm,causal_rolling_mad,union,metric_shift,failure_rate+rerun_rate,2,low,1,observed,none,100,0.04,100,0.0,4,0.11111111111111088,100,0.09,100,0.05,100,0.19,100,0.16,100,0.04040404040404041,99,0.021739130434782653,100,0.0455,100,0.09724747474747471,100,0.04,100,0.08,100,0.08,100,0.08,100
helm/helm,causal_rolling_mad,two_of_three,metric_shift,failure_rate+rerun_rate,2,low,1,observed,none,100,0.0,100,,0,0.0,100,0.01,100,0.01,100,0.0,100,0.0,100,0.0,99,0.021739130434782653,100,0.0,1,0.00022727272727272727,100,0.0,100,0.01,100,0.01,100,0.01,100
helm/helm,mewma,mewma,metric_shift,failure_rate+rerun_rate,2,low,1,observed,none,100,0.0,100,,0,0.0,100,0.0,100,0.0,100,0.0,100,0.0,100,0.0,100,0.0,100,,0,0.0,100,0.0,100,0.0,100,0.0,100,0.0,100
helm/helm,causal_rolling_mad,latency_log,metric_shift,failure_rate+rerun_rate,2,medium,1,observed,none,100,0.0,100,,0,0.0,100,0.0,100,0.0,100,0.0,100,0.0,100,0.0,99,0.021739130434782653,100,,0,0.0,100,0.0,100,0.0,100,0.0,100,0.0,100
helm/helm,causal_rolling_mad,failure_rate,metric_shift,failure_rate+rerun_rate,2,medium,1,observed,none,100,0.01,100,0.0,1,0.022222222222222185,100,0.08,100,0.07,100,0.04,100,0.03,100,0.010101010101010102,99,0.021739130434782653,100,0.03888888888888889,90,0.02067676767676767,100,0.01,100,0.08,100,0.08,100,0.08,100
helm/helm,causal_rolling_mad,rerun_rate,metric_shift,failure_rate+rerun_rate,2,medium,1,observed,none,100,0.01,100,0.0,1,0.04444444444444437,100,0.03,100,0.02,100,0.03,100,0.02,100,0.010101010101010102,99,0.021739130434782653,100,0.013333333333333332,100,0.04271717171717171,100,0.01,100,0.03,100,0.03,100,0.03,100
helm/helm,causal_rolling_mad,union,metric_shift,failure_rate+rerun_rate,2,medium,1,observed,none,100,0.09,100,0.0,9,0.11111111111111088,100,0.18,100,0.09,100,0.18,100,0.09,100,0.07575757575757576,99,0.021739130434782653,100,0.04116666666666667,100,0.10042929292929285,100,0.09,100,0.15,100,0.15,100,0.15,100
helm/helm,causal_rolling_mad,two_of_three,metric_shift,failure_rate+rerun_rate,2,medium,1,observed,none,100,0.0,100,,0,0.0,100,0.02,100,0.02,100,0.0,100,0.0,100,0.0,99,0.021739130434782653,100,0.0,2,0.00045454545454545455,100,0.0,100,0.02,100,0.02,100,0.02,100
helm/helm,mewma,mewma,metric_shift,failure_rate+rerun_rate,2,medium,1,observed,none,100,0.0,100,,0,0.0,100,0.0,100,0.0,100,0.0,100,0.0,100,0.0,100,0.0,100,,0,0.0,100,0.0,100,0.0,100,0.0,100,0.0,100
helm/helm,causal_rolling_mad,latency_log,metric_shift,failure_rate+rerun_rate,2,high,1,observed,none,100,0.0,100,,0,0.0,100,0.0,100,0.0,100,0.0,100,0.0,100,0.0,98,0.021739130434782653,100,,0,0.0,100,0.0,100,0.0,100,0.0,100,0.0,100
helm/helm,causal_rolling_mad,failure_rate,metric_shift,failure_rate+rerun_rate,2,high,1,observed,none,100,0.04,100,0.0,4,0.022222222222222185,100,0.11,100,0.07,100,0.05,100,0.01,100,0.04081632653061224,98,0.021739130434782653,100,0.03571428571428571,84,0.019989898989898974,100,0.04,100,0.11,100,0.11,100,0.11,100
helm/helm,causal_rolling_mad,rerun_rate,metric_shift,failure_rate+rerun_rate,2,high,1,observed,none,100,0.03,100,0.0,3,0.04444444444444437,100,0.08,100,0.05,100,0.05,100,0.02,100,0.030612244897959183,98,0.021739130434782653,100,0.02,100,0.041797979797979806,100,0.03,100,0.08,100,0.08,100,0.08,100
helm/helm,causal_rolling_mad,union,metric_shift,failure_rate+rerun_rate,2,high,1,observed,none,100,0.13,100,0.0,13,0.11111111111111088,100,0.28,100,0.15,100,0.21,100,0.08,100,0.10714285714285714,98,0.021739130434782653,100,0.044928571428571436,100,0.09767676767676764,100,0.13,100,0.23,100,0.23,100,0.23,100
helm/helm,causal_rolling_mad,two_of_three,metric_shift,failure_rate+rerun_rate,2,high,1,observed,none,100,0.0,100,,0,0.0,100,0.02,100,0.02,100,0.0,100,0.0,100,0.0,98,0.021739130434782653,100,0.0,2,0.00045454545454545455,100,0.0,100,0.02,100,0.02,100,0.02,100
helm/helm,mewma,mewma,metric_shift,failure_rate+rerun_rate,2,high,1,observed,none,100,0.0,100,,0,0.0,100,0.0,100,0.0,100,0.0,100,0.0,100,0.0,100,0.0,100,,0,0.0,100,0.0,100,0.0,100,0.0,100,0.0,100
helm/helm,causal_rolling_mad,latency_log,metric_shift,failure_rate+rerun_rate,2,medium,1,low_volume,none,100,0.0,100,,0,0.0,100,0.0,100,0.0,100,0.0,100,0.0,100,0.0,99,0.021739130434782653,100,,0,0.0,100,0.0,100,0.0,100,0.0,100,0.0,100
helm/helm,causal_rolling_mad,failure_rate,metric_shift,failure_rate+rerun_rate,2,medium,1,low_volume,none,100,0.03,100,0.0,3,0.022222222222222185,100,0.06,100,0.03,100,0.04,100,0.02,100,0.030303030303030304,99,0.021739130434782653,100,0.04597701149425287,87,0.019540404040404028,100,0.03,100,0.06,100,0.06,100,0.06,100
helm/helm,causal_rolling_mad,rerun_rate,metric_shift,failure_rate+rerun_rate,2,medium,1,low_volume,none,100,0.02,100,0.0,2,0.04444444444444437,100,0.05,100,0.03,100,0.05,100,0.06,100,0.020202020202020204,99,0.021739130434782653,100,0.021666666666666664,100,0.04158080808080808,100,0.02,100,0.05,100,0.05,100,0.05,100
helm/helm,causal_rolling_mad,union,metric_shift,failure_rate+rerun_rate,2,medium,1,low_volume,none,100,0.1,100,0.0,10,0.11111111111111088,100,0.21,100,0.11,100,0.16,100,0.08,100,0.09595959595959595,99,0.021739130434782653,100,0.03666666666666667,100,0.10065656565656564,100,0.1,100,0.19,100,0.2,100,0.2,100
helm/helm,causal_rolling_mad,two_of_three,metric_shift,failure_rate+rerun_rate,2,medium,1,low_volume,none,100,0.01,100,0.0,1,0.0,100,0.02,100,0.01,100,0.01,100,0.0,100,0.010101010101010102,99,0.021739130434782653,100,0.5,2,0.00022727272727272727,100,0.01,100,0.02,100,0.02,100,0.02,100
helm/helm,mewma,mewma,metric_shift,failure_rate+rerun_rate,2,medium,1,low_volume,none,100,0.0,100,,0,0.0,100,0.0,100,0.0,100,0.0,100,0.0,100,0.0,100,0.0,100,,0,0.0,100,0.0,100,0.0,100,0.0,100,0.0,100
helm/helm,causal_rolling_mad,latency_log,metric_shift,failure_rate+rerun_rate,2,medium,1,observed,controlled,100,0.0,100,,0,0.0,100,0.0,100,0.0,100,0.0,100,0.0,100,0.0,97,0.021739130434782653,100,,0,0.0,100,0.0,100,0.0,100,0.0,100,0.0,100
helm/helm,causal_rolling_mad,failure_rate,metric_shift,failure_rate+rerun_rate,2,medium,1,observed,controlled,100,0.01,100,0.0,1,0.021647862431018874,100,0.07,100,0.06,100,0.03,100,0.02,100,0.0196078431372549,51,0.14630434782608703,100,0.037037037037037035,81,0.021223620006776467,100,0.01,100,0.07,100,0.07,100,0.07,100
helm/helm,causal_rolling_mad,rerun_rate,metric_shift,failure_rate+rerun_rate,2,medium,1,observed,controlled,100,0.01,100,0.0,1,0.045105244783399785,100,0.02,100,0.01,100,0.02,100,0.01,100,0.021739130434782608,46,0.1717391304347826,100,0.009259259259259259,90,0.043978982157137206,100,0.01,100,0.02,100,0.02,100,0.02,100
helm/helm,causal_rolling_mad,union,metric_shift,failure_rate+rerun_rate,2,medium,1,observed,controlled,100,0.0,100,,0,0.10651496891646133,100,0.0,100,0.0,100,0.0,100,0.0,100,,0,0.29630434782608733,100,0.0,100,0.10651496891646133,100,0.0,100,0.0,100,0.0,100,0.0,100
helm/helm,causal_rolling_mad,two_of_three,metric_shift,failure_rate+rerun_rate,2,medium,1,observed,controlled,100,0.0,100,,0,0.0,100,0.0,100,0.0,100,0.0,100,0.0,100,,0,0.29630434782608733,100,,0,0.0,100,0.0,100,0.0,100,0.0,100,0.0,100
helm/helm,mewma,mewma,metric_shift,failure_rate+rerun_rate,2,medium,1,observed,controlled,100,0.0,100,,0,0.0,100,0.0,100,0.0,100,0.0,100,0.0,100,0.0,100,0.0,100,,0,0.0,100,0.0,100,0.0,100,0.0,100,0.0,100
helm/helm,causal_rolling_mad,latency_log,metric_shift,failure_rate+rerun_rate,2,low,2,observed,none,100,0.0,100,,0,0.0,100,0.0,100,0.0,100,0.0,100,0.0,100,0.0,100,0.021739130434782653,100,,0,0.0,100,0.0,100,0.0,100,0.0,100,0.0,100
helm/helm,causal_rolling_mad,failure_rate,metric_shift,failure_rate+rerun_rate,2,low,2,observed,none,100,0.03,100,1.0,3,0.022222222222222185,100,0.06,100,0.03,100,0.05,100,0.01,100,0.015,100,0.021739130434782653,100,0.04666666666666667,75,0.01743128964059198,100,0.03,100,0.06,100,0.06,100,0.06,100
helm/helm,causal_rolling_mad,rerun_rate,metric_shift,failure_rate+rerun_rate,2,low,2,observed,none,100,0.0,100,,0,0.04444444444444437,100,0.0,100,0.0,100,0.08,100,0.05,100,0.0,100,0.021739130434782653,100,0.041666666666666664,96,0.041141649048625835,100,0.0,100,0.0,100,0.0,100,0.0,100
helm/helm,causal_rolling_mad,union,metric_shift,failure_rate+rerun_rate,2,low,2,observed,none,100,0.12,100,0.3333333333333333,12,0.11111111111111088,100,0.19,100,0.05,100,0.24,100,0.08,100,0.07,100,0.021739130434782653,100,0.06866666666666668,100,0.09273784355179716,100,0.12,100,0.16,100,0.16,100,0.16,100
helm/helm,causal_rolling_mad,two_of_three,metric_shift,failure_rate+rerun_rate,2,low,2,observed,none,100,0.0,100,,0,0.0,100,0.0,100,0.0,100,0.0,100,0.0,100,0.0,100,0.021739130434782653,100,,0,0.0,100,0.0,100,0.0,100,0.0,100,0.0,100
helm/helm,mewma,mewma,metric_shift,failure_rate+rerun_rate,2,low,2,observed,none,100,0.0,100,,0,0.0,100,0.0,100,0.0,100,0.0,100,0.0,100,0.0,100,0.0,100,,0,0.0,100,0.0,100,0.0,100,0.0,100,0.0,100
helm/helm,causal_rolling_mad,latency_log,metric_shift,failure_rate+rerun_rate,2,medium,2,observed,none,100,0.0,100,,0,0.0,100,0.0,100,0.0,100,0.0,100,0.0,100,0.0,100,0.021739130434782653,100,,0,0.0,100,0.0,100,0.0,100,0.0,100,0.0,100
helm/helm,causal_rolling_mad,failure_rate,metric_shift,failure_rate+rerun_rate,2,medium,2,observed,none,100,0.18,100,0.9444444444444444,18,0.022222222222222185,100,0.2,100,0.02,100,0.2,100,0.015,100,0.08833333333333332,100,0.021739130434782653,100,0.1686746987951807,83,0.01743657505285414,100,0.18,100,0.19,100,0.19,100,0.19,100
helm/helm,causal_rolling_mad,rerun_rate,metric_shift,failure_rate+rerun_rate,2,medium,2,observed,none,100,0.09,100,0.7777777777777778,9,0.04444444444444437,100,0.1,100,0.01,100,0.15,100,0.04,100,0.045,100,0.021739130434782653,100,0.07777777777777779,90,0.0390591966173362,100,0.09,100,0.1,100,0.1,100,0.1,100
helm/helm,causal_rolling_mad,union,metric_shift,failure_rate+rerun_rate,2,medium,2,observed,none,100,0.3,100,0.6666666666666666,30,0.11111111111111088,100,0.38,100,0.04,100,0.44,100,0.085,100,0.165,100,0.021739130434782653,100,0.12142857142857137,100,0.09090380549682887,100,0.3,100,0.32,100,0.32,100,0.32,100
helm/helm,causal_rolling_mad,two_of_three,metric_shift,failure_rate+rerun_rate,2,medium,2,observed,none,100,0.04,100,0.75,4,0.0,100,0.05,100,0.01,100,0.04,100,0.0,100,0.02,100,0.021739130434782653,100,0.8,5,0.0002325581395348837,100,0.04,100,0.05,100,0.05,100,0.05,100
helm/helm,mewma,mewma,metric_shift,failure_rate+rerun_rate,2,medium,2,observed,none,100,0.0,100,,0,0.0,100,0.0,100,0.0,100,0.0,100,0.0,100,0.0,100,0.0,100,,0,0.0,100,0.0,100,0.0,100,0.0,100,0.0,100
helm/helm,causal_rolling_mad,latency_log,metric_shift,failure_rate+rerun_rate,2,high,2,observed,none,100,0.0,100,,0,0.0,100,0.0,100,0.0,100,0.0,100,0.0,100,0.0,100,0.021739130434782653,100,,0,0.0,100,0.0,100,0.0,100,0.0,100,0.0,100
helm/helm,causal_rolling_mad,failure_rate,metric_shift,failure_rate+rerun_rate,2,high,2,observed,none,100,0.74,100,0.8783783783783784,74,0.022222222222222185,100,0.8,100,0.0,100,0.76,100,0.015,100,0.405,100,0.021739130434782653,100,0.5468749999999999,96,0.01579809725158564,100,0.74,100,0.74,100,0.74,100,0.74,100
helm/helm,causal_rolling_mad,rerun_rate,metric_shift,failure_rate+rerun_rate,2,high,2,observed,none,100,0.29,100,0.8275862068965517,29,0.04444444444444437,100,0.33,100,0.04,100,0.34,100,0.06,100,0.1416666666666667,100,0.021739130434782653,100,0.16849816849816854,91,0.037193446088794976,100,0.29,100,0.31,100,0.31,100,0.31,100
helm/helm,causal_rolling_mad,union,metric_shift,failure_rate+rerun_rate,2,high,2,observed,none,100,0.79,100,0.8227848101265823,79,0.11111111111111088,100,0.96,100,0.06,100,0.87,100,0.1,100,0.445,100,0.021739130434782653,100,0.23973809523809517,100,0.08505285412262166,100,0.79,100,0.79,100,0.79,100,0.79,100
helm/helm,causal_rolling_mad,two_of_three,metric_shift,failure_rate+rerun_rate,2,high,2,observed,none,100,0.24,100,0.875,24,0.0,100,0.27,100,0.0,100,0.24,100,0.0,100,0.135,100,0.021739130434782653,100,1.0,24,0.0,100,0.24,100,0.24,100,0.24,100,0.24,100
helm/helm,mewma,mewma,metric_shift,failure_rate+rerun_rate,2,high,2,observed,none,100,0.0,100,,0,0.0,100,0.0,100,0.0,100,0.0,100,0.0,100,0.0,100,0.0,100,,0,0.0,100,0.0,100,0.0,100,0.0,100,0.0,100
helm/helm,causal_rolling_mad,latency_log,metric_shift,failure_rate+rerun_rate,2,medium,2,low_volume,none,100,0.0,100,,0,0.0,100,0.0,100,0.0,100,0.0,100,0.0,100,0.0,100,0.021739130434782653,100,,0,0.0,100,0.0,100,0.0,100,0.0,100,0.0,100
helm/helm,causal_rolling_mad,failure_rate,metric_shift,failure_rate+rerun_rate,2,medium,2,low_volume,none,100,0.15,100,0.9333333333333333,15,0.022222222222222185,100,0.19,100,0.03,100,0.2,100,0.035,100,0.07666666666666667,100,0.021739130434782653,100,0.20121951219512196,82,0.016046511627906993,100,0.15,100,0.16,100,0.16,100,0.16,100
helm/helm,causal_rolling_mad,rerun_rate,metric_shift,failure_rate+rerun_rate,2,medium,2,low_volume,none,100,0.1,100,0.4,10,0.04444444444444437,100,0.15,100,0.03,100,0.11,100,0.035,100,0.05333333333333333,100,0.021739130434782653,100,0.049820788530465954,93,0.04000000000000004,100,0.1,100,0.11,100,0.11,100,0.11,100
helm/helm,causal_rolling_mad,union,metric_shift,failure_rate+rerun_rate,2,medium,2,low_volume,none,100,0.3,100,0.6,30,0.11111111111111088,100,0.5,100,0.12,100,0.43,100,0.115,100,0.17,100,0.021739130434782653,100,0.12992857142857145,100,0.09023255813953499,100,0.3,100,0.32,100,0.33,100,0.33,100
helm/helm,causal_rolling_mad,two_of_three,metric_shift,failure_rate+rerun_rate,2,medium,2,low_volume,none,100,0.03,100,1.0,3,0.0,100,0.06,100,0.03,100,0.03,100,0.0,100,0.013333333333333332,100,0.021739130434782653,100,0.5,5,0.0006976744186046512,100,0.03,100,0.05,100,0.05,100,0.05,100
helm/helm,mewma,mewma,metric_shift,failure_rate+rerun_rate,2,medium,2,low_volume,none,100,0.0,100,,0,0.0,100,0.0,100,0.0,100,0.0,100,0.0,100,0.0,100,0.0,100,,0,0.0,100,0.0,100,0.0,100,0.0,100,0.0,100
helm/helm,causal_rolling_mad,latency_log,metric_shift,failure_rate+rerun_rate,2,medium,2,observed,controlled,100,0.0,100,,0,0.0,100,0.0,100,0.0,100,0.0,100,0.0,100,0.0,100,0.021739130434782653,100,,0,0.0,100,0.0,100,0.0,100,0.0,100,0.0,100
helm/helm,causal_rolling_mad,failure_rate,metric_shift,failure_rate+rerun_rate,2,medium,2,observed,controlled,100,0.08,100,0.875,8,0.022236580075820297,100,0.09,100,0.01,100,0.1,100,0.015,100,0.05324074074074074,72,0.18195652173913046,100,0.10810810810810811,74,0.019062709186286074,100,0.08,100,0.08,100,0.08,100,0.08,100
helm/helm,causal_rolling_mad,rerun_rate,metric_shift,failure_rate+rerun_rate,2,medium,2,observed,controlled,100,0.05,100,0.8,5,0.043218515510075176,100,0.06,100,0.01,100,0.1,100,0.035,100,0.0410958904109589,73,0.14956521739130435,100,0.06224899598393573,83,0.038988671319272104,100,0.05,100,0.06,100,0.06,100,0.06,100
helm/helm,causal_rolling_mad,union,metric_shift,failure_rate+rerun_rate,2,medium,2,observed,controlled,100,0.07,100,0.0,7,0.10361807804317841,100,0.07,100,0.0,100,0.11,100,0.04,100,0.15555555555555556,45,0.3097826086956526,100,0.0335,100,0.10373483663271126,100,0.07,100,0.07,100,0.07,100,0.07,100
helm/helm,causal_rolling_mad,two_of_three,metric_shift,failure_rate+rerun_rate,2,medium,2,observed,controlled,100,0.0,100,,0,0.0,100,0.0,100,0.0,100,0.0,100,0.0,100,0.0,45,0.3097826086956526,100,,0,0.0,100,0.0,100,0.0,100,0.0,100,0.0,100
helm/helm,mewma,mewma,metric_shift,failure_rate+rerun_rate,2,medium,2,observed,controlled,100,0.0,100,,0,0.0,100,0.0,100,0.0,100,0.0,100,0.0,100,0.0,100,0.0,100,,0,0.0,100,0.0,100,0.0,100,0.0,100,0.0,100
helm/helm,causal_rolling_mad,latency_log,metric_shift,failure_rate+rerun_rate,2,low,4,observed,none,100,0.0,100,,0,0.0,100,0.0,100,0.0,100,0.0,100,0.0,100,0.0,100,0.021739130434782653,100,,0,0.0,100,0.0,100,0.0,100,0.0,100,0.0,100
helm/helm,causal_rolling_mad,failure_rate,metric_shift,failure_rate+rerun_rate,2,low,4,observed,none,100,0.07,100,1.2857142857142858,7,0.022222222222222185,100,0.13,100,0.04,100,0.11,100,0.01,100,0.0225,100,0.021739130434782653,100,0.11728395061728394,81,0.01803135888501743,100,0.07,100,0.11,100,0.11,100,0.11,100
helm/helm,causal_rolling_mad,rerun_rate,metric_shift,failure_rate+rerun_rate,2,low,4,observed,none,100,0.0,100,,0,0.04444444444444437,100,0.0,100,0.0,100,0.17,100,0.055,100,0.0,100,0.021739130434782653,100,0.11931818181818182,88,0.03559233449477354,100,0.0,100,0.0,100,0.0,100,0.0,100
helm/helm,causal_rolling_mad,union,metric_shift,failure_rate+rerun_rate,2,low,4,observed,none,100,0.18,100,1.3333333333333333,18,0.11111111111111088,100,0.26,100,0.06,100,0.37,100,0.1,100,0.0495,100,0.021739130434782653,100,0.13483333333333336,100,0.08724738675958188,100,0.18,100,0.22,100,0.22,100,0.22,100
helm/helm,causal_rolling_mad,two_of_three,metric_shift,failure_rate+rerun_rate,2,low,4,observed,none,100,0.02,100,0.0,2,0.0,100,0.02,100,0.0,100,0.02,100,0.0,100,0.005,100,0.021739130434782653,100,1.0,2,0.0,100,0.02,100,0.02,100,0.02,100,0.02,100
helm/helm,mewma,mewma,metric_shift,failure_rate+rerun_rate,2,low,4,observed,none,100,0.0,100,,0,0.0,100,0.0,100,0.0,100,0.0,100,0.0,100,0.0,100,0.0,100,,0,0.0,100,0.0,100,0.0,100,0.0,100,0.0,100
helm/helm,causal_rolling_mad,latency_log,metric_shift,failure_rate+rerun_rate,2,medium,4,observed,none,100,0.0,100,,0,0.0,100,0.0,100,0.0,100,0.0,100,0.0,100,0.0,100,0.021739130434782653,100,,0,0.0,100,0.0,100,0.0,100,0.0,100,0.0,100
helm/helm,causal_rolling_mad,failure_rate,metric_shift,failure_rate+rerun_rate,2,medium,4,observed,none,100,0.28,100,1.4285714285714286,28,0.022222222222222185,100,0.45,100,0.02,100,0.3,100,0.015,100,0.10649999999999998,100,0.021739130434782653,100,0.30522088353413657,83,0.015342624854819987,100,0.28,100,0.28,100,0.28,100,0.28,100
helm/helm,causal_rolling_mad,rerun_rate,metric_shift,failure_rate+rerun_rate,2,medium,4,observed,none,100,0.1,100,1.4,10,0.04444444444444437,100,0.16,100,0.0,100,0.19,100,0.0475,100,0.04,100,0.021739130434782653,100,0.16962025316455698,79,0.032682926829268315,100,0.1,100,0.1,100,0.1,100,0.1,100
helm/helm,causal_rolling_mad,union,metric_shift,failure_rate+rerun_rate,2,medium,4,observed,none,100,0.47,100,1.148936170212766,47,0.11111111111111088,100,0.78,100,0.04,100,0.54,100,0.09,100,0.1815,100,0.021739130434782653,100,0.23911904761904756,100,0.07700348432055755,100,0.47,100,0.47,100,0.47,100,0.47,100
helm/helm,causal_rolling_mad,two_of_three,metric_shift,failure_rate+rerun_rate,2,medium,4,observed,none,100,0.07,100,1.4285714285714286,7,0.0,100,0.11,100,0.0,100,0.07,100,0.0,100,0.0275,100,0.021739130434782653,100,1.0,7,0.0,100,0.07,100,0.07,100,0.07,100,0.07,100
helm/helm,mewma,mewma,metric_shift,failure_rate+rerun_rate,2,medium,4,observed,none,100,0.0,100,,0,0.0,100,0.0,100,0.0,100,0.0,100,0.0,100,0.0,100,0.0,100,,0,0.0,100,0.0,100,0.0,100,0.0,100,0.0,100
helm/helm,causal_rolling_mad,latency_log,metric_shift,failure_rate+rerun_rate,2,high,4,observed,none,100,0.0,100,,0,0.0,100,0.0,100,0.0,100,0.0,100,0.0,100,0.0,100,0.021739130434782653,100,,0,0.0,100,0.0,100,0.0,100,0.0,100,0.0,100
helm/helm,causal_rolling_mad,failure_rate,metric_shift,failure_rate+rerun_rate,2,high,4,observed,none,100,0.89,100,1.101123595505618,89,0.022222222222222185,100,1.73,100,0.03,100,0.89,100,0.015,100,0.4225,100,0.021739130434782653,100,0.6674999999999998,100,0.0163240418118467,100,0.89,100,0.89,100,0.89,100,0.89,100
helm/helm,causal_rolling_mad,rerun_rate,metric_shift,failure_rate+rerun_rate,2,high,4,observed,none,100,0.42,100,1.1904761904761905,42,0.04444444444444437,100,0.76,100,0.03,100,0.42,100,0.04,100,0.17950000000000002,100,0.021739130434782653,100,0.29943820224719103,89,0.03585365853658539,100,0.42,100,0.42,100,0.42,100,0.42,100
helm/helm,causal_rolling_mad,union,metric_shift,failure_rate+rerun_rate,2,high,4,observed,none,100,0.89,100,0.9775280898876404,89,0.11111111111111088,100,2.12,100,0.09,100,0.92,100,0.1025,100,0.5005000000000001,100,0.021739130434782653,100,0.4127142857142856,100,0.08360627177700351,100,0.89,100,0.91,100,0.91,100,0.91,100
helm/helm,causal_rolling_mad,two_of_three,metric_shift,failure_rate+rerun_rate,2,high,4,observed,none,100,0.34,100,1.1470588235294117,34,0.0,100,0.65,100,0.03,100,0.34,100,0.0,100,0.1525,100,0.021739130434782653,100,0.9632352941176471,34,0.0007317073170731708,100,0.34,100,0.34,100,0.34,100,0.34,100
helm/helm,mewma,mewma,metric_shift,failure_rate+rerun_rate,2,high,4,observed,none,100,0.13,100,2.8461538461538463,13,0.0,100,0.15,100,0.0,100,0.13,100,0.0,100,0.0375,100,0.0,100,1.0,13,0.0,100,0.13,100,0.13,100,0.13,100,0.13,100
helm/helm,causal_rolling_mad,latency_log,metric_shift,failure_rate+rerun_rate,2,medium,4,low_volume,none,100,0.0,100,,0,0.0,100,0.0,100,0.0,100,0.0,100,0.0,100,0.0,100,0.021739130434782653,100,,0,0.0,100,0.0,100,0.0,100,0.0,100,0.0,100
helm/helm,causal_rolling_mad,failure_rate,metric_shift,failure_rate+rerun_rate,2,medium,4,low_volume,none,100,0.43,100,1.6046511627906976,43,0.022222222222222185,100,0.56,100,0.03,100,0.43,100,0.005,100,0.1315,100,0.021739130434782653,100,0.37254901960784315,85,0.016085946573751463,100,0.43,100,0.44,100,0.44,100,0.44,100
helm/helm,causal_rolling_mad,rerun_rate,metric_shift,failure_rate+rerun_rate,2,medium,4,low_volume,none,100,0.19,100,1.4210526315789473,19,0.04444444444444437,100,0.31,100,0.03,100,0.24,100,0.055,100,0.068,100,0.021739130434782653,100,0.17102272727272727,88,0.03585365853658539,100,0.19,100,0.2,100,0.2,100,0.2,100
helm/helm,causal_rolling_mad,union,metric_shift,failure_rate+rerun_rate,2,medium,4,low_volume,none,100,0.59,100,1.3220338983050848,59,0.11111111111111088,100,1.09,100,0.1,100,0.67,100,0.105,100,0.2421666666666667,100,0.021739130434782653,100,0.27257142857142846,100,0.08191637630662024,100,0.59,100,0.63,100,0.63,100,0.63,100
helm/helm,causal_rolling_mad,two_of_three,metric_shift,failure_rate+rerun_rate,2,medium,4,low_volume,none,100,0.07,100,1.4285714285714286,7,0.0,100,0.11,100,0.02,100,0.07,100,0.0,100,0.022000000000000002,100,0.021739130434782653,100,0.8125,8,0.0004878048780487805,100,0.07,100,0.08,100,0.08,100,0.08,100
helm/helm,mewma,mewma,metric_shift,failure_rate+rerun_rate,2,medium,4,low_volume,none,100,0.02,100,3.0,2,0.0,100,0.02,100,0.0,100,0.02,100,0.0,100,0.005,100,0.0,100,1.0,2,0.0,100,0.02,100,0.02,100,0.02,100,0.02,100
helm/helm,causal_rolling_mad,latency_log,metric_shift,failure_rate+rerun_rate,2,medium,4,observed,controlled,100,0.0,100,,0,0.0,100,0.0,100,0.0,100,0.0,100,0.0,100,0.0,100,0.021739130434782653,100,,0,0.0,100,0.0,100,0.0,100,0.0,100,0.0,100
helm/helm,causal_rolling_mad,failure_rate,metric_shift,failure_rate+rerun_rate,2,medium,4,observed,controlled,100,0.18,100,1.1666666666666667,18,0.019408951887608505,100,0.28,100,0.01,100,0.23,100,0.03166666666666666,100,0.12927350427350426,78,0.25608695652173924,100,0.2947761194029851,67,0.016017364144466754,100,0.18,100,0.19,100,0.19,100,0.19,100
helm/helm,causal_rolling_mad,rerun_rate,metric_shift,failure_rate+rerun_rate,2,medium,4,observed,controlled,100,0.07,100,1.0,7,0.04973795923010835,100,0.09,100,0.0,100,0.16,100,0.05499999999999999,100,0.05024509803921568,68,0.26543478260869585,100,0.10980392156862744,85,0.04723794115917478,100,0.07,100,0.07,100,0.07,100,0.07,100
helm/helm,causal_rolling_mad,union,metric_shift,failure_rate+rerun_rate,2,medium,4,observed,controlled,100,0.13,100,0.7692307692307693,13,0.10201539972825717,100,0.16,100,0.0,100,0.25,100,0.11,100,0.1699346405228758,51,0.34043478260869586,100,0.09475,100,0.09784110537221716,100,0.13,100,0.13,100,0.13,100,0.13,100
helm/helm,causal_rolling_mad,two_of_three,metric_shift,failure_rate+rerun_rate,2,medium,4,observed,controlled,100,0.06,100,0.6666666666666666,6,0.0,100,0.06,100,0.0,100,0.06,100,0.0,100,0.08496732026143793,51,0.34043478260869586,100,1.0,6,0.0,100,0.06,100,0.06,100,0.06,100,0.06,100
helm/helm,mewma,mewma,metric_shift,failure_rate+rerun_rate,2,medium,4,observed,controlled,100,0.0,100,,0,0.0,100,0.0,100,0.0,100,0.0,100,0.0,100,0.0,100,0.0,100,,0,0.0,100,0.0,100,0.0,100,0.0,100,0.0,100
helm/helm,causal_rolling_mad,latency_log,metric_shift,failure_rate+rerun_rate,2,low,8,observed,none,100,0.0,100,,0,0.0,100,0.0,100,0.0,100,0.0,100,0.0,100,0.0,100,0.021739130434782653,100,,0,0.0,100,0.0,100,0.0,100,0.0,100,0.0,100
helm/helm,causal_rolling_mad,failure_rate,metric_shift,failure_rate+rerun_rate,2,low,8,observed,none,100,0.16,100,2.5,16,0.022222222222222185,100,0.26,100,0.01,100,0.24,100,0.03625,100,0.03125,100,0.021739130434782653,100,0.3188405797101449,69,0.013229018492176371,100,0.16,100,0.17,100,0.17,100,0.17,100
helm/helm,causal_rolling_mad,rerun_rate,metric_shift,failure_rate+rerun_rate,2,low,8,observed,none,100,0.03,100,3.6666666666666665,3,0.04444444444444437,100,0.03,100,0.0,100,0.17,100,0.0425,100,0.00375,100,0.021739130434782653,100,0.1539855072463768,92,0.04107396870554762,100,0.03,100,0.03,100,0.03,100,0.03,100
helm/helm,causal_rolling_mad,union,metric_shift,failure_rate+rerun_rate,2,low,8,observed,none,100,0.37,100,2.27027027027027,37,0.11111111111111088,100,0.59,100,0.04,100,0.54,100,0.13375,100,0.06777777777777777,100,0.021739130434782653,100,0.2646666666666666,100,0.07940967283072549,100,0.37,100,0.37,100,0.37,100,0.37,100
helm/helm,causal_rolling_mad,two_of_three,metric_shift,failure_rate+rerun_rate,2,low,8,observed,none,100,0.05,100,2.8,5,0.0,100,0.06,100,0.0,100,0.05,100,0.0,100,0.0075,100,0.021739130434782653,100,1.0,5,0.0,100,0.05,100,0.05,100,0.05,100,0.05,100
helm/helm,mewma,mewma,metric_shift,failure_rate+rerun_rate,2,low,8,observed,none,100,0.0,100,,0,0.0,100,0.0,100,0.0,100,0.0,100,0.0,100,0.0,100,0.0,100,,0,0.0,100,0.0,100,0.0,100,0.0,100,0.0,100
helm/helm,causal_rolling_mad,latency_log,metric_shift,failure_rate+rerun_rate,2,medium,8,observed,none,100,0.0,100,,0,0.0,100,0.0,100,0.0,100,0.0,100,0.0,100,0.0,100,0.021739130434782653,100,,0,0.0,100,0.0,100,0.0,100,0.0,100,0.0,100
helm/helm,causal_rolling_mad,failure_rate,metric_shift,failure_rate+rerun_rate,2,medium,8,observed,none,100,0.32,100,1.84375,32,0.022222222222222185,100,0.51,100,0.0,100,0.38,100,0.02625,100,0.06375,100,0.021739130434782653,100,0.4738095238095239,70,0.011600284495021327,100,0.32,100,0.32,100,0.32,100,0.32,100
helm/helm,causal_rolling_mad,rerun_rate,metric_shift,failure_rate+rerun_rate,2,medium,8,observed,none,100,0.14,100,1.5714285714285714,14,0.04444444444444437,100,0.22,100,0.0,100,0.3,100,0.05625,100,0.0275,100,0.021739130434782653,100,0.2723484848484849,88,0.035675675675675644,100,0.14,100,0.14,100,0.14,100,0.14,100
helm/helm,causal_rolling_mad,union,metric_shift,failure_rate+rerun_rate,2,medium,8,observed,none,100,0.57,100,1.4385964912280702,57,0.11111111111111088,100,1.05,100,0.0,100,0.68,100,0.1325,100,0.13125,100,0.021739130434782653,100,0.3651904761904761,100,0.06885490753911805,100,0.57,100,0.57,100,0.57,100,0.57,100
helm/helm,causal_rolling_mad,two_of_three,metric_shift,failure_rate+rerun_rate,2,medium,8,observed,none,100,0.08,100,1.625,8,0.0,100,0.12,100,0.0,100,0.08,100,0.0,100,0.015,100,0.021739130434782653,100,1.0,8,0.0,100,0.08,100,0.08,100,0.08,100,0.08,100
helm/helm,mewma,mewma,metric_shift,failure_rate+rerun_rate,2,medium,8,observed,none,100,0.01,100,6.0,1,0.0,100,0.01,100,0.0,100,0.01,100,0.0,100,0.00125,100,0.0,100,1.0,1,0.0,100,0.01,100,0.01,100,0.01,100,0.01,100
helm/helm,causal_rolling_mad,latency_log,metric_shift,failure_rate+rerun_rate,2,high,8,observed,none,100,0.0,100,,0,0.0,100,0.0,100,0.0,100,0.0,100,0.0,100,0.0,100,0.021739130434782653,100,,0,0.0,100,0.0,100,0.0,100,0.0,100,0.0,100
helm/helm,causal_rolling_mad,failure_rate,metric_shift,failure_rate+rerun_rate,2,high,8,observed,none,100,0.83,100,1.1686746987951808,83,0.022222222222222185,100,1.87,100,0.0,100,0.84,100,0.0275,100,0.23375,100,0.021739130434782653,100,0.6977891156462585,98,0.014032716927453755,100,0.83,100,0.83,100,0.83,100,0.83,100
helm/helm,causal_rolling_mad,rerun_rate,metric_shift,failure_rate+rerun_rate,2,high,8,observed,none,100,0.4,100,1.425,40,0.04444444444444437,100,0.78,100,0.0,100,0.4,100,0.04375,100,0.0975,100,0.021739130434782653,100,0.2941860465116279,86,0.037297297297297256,100,0.4,100,0.4,100,0.4,100,0.4,100
helm/helm,causal_rolling_mad,union,metric_shift,failure_rate+rerun_rate,2,high,8,observed,none,100,0.87,100,1.1264367816091954,87,0.11111111111111088,100,2.28,100,0.0,100,0.87,100,0.12625,100,0.285,100,0.021739130434782653,100,0.4755,100,0.0775035561877667,100,0.87,100,0.87,100,0.87,100,0.87,100
helm/helm,causal_rolling_mad,two_of_three,metric_shift,failure_rate+rerun_rate,2,high,8,observed,none,100,0.35,100,1.2571428571428571,35,0.0,100,0.66,100,0.0,100,0.35,100,0.0,100,0.0825,100,0.021739130434782653,100,1.0,35,0.0,100,0.35,100,0.35,100,0.35,100,0.35,100
helm/helm,mewma,mewma,metric_shift,failure_rate+rerun_rate,2,high,8,observed,none,100,0.83,100,4.650602409638554,83,0.0,100,3.12,100,0.41,100,0.83,100,0.0,100,0.3155833333333332,100,0.0,100,0.908204245553643,83,0.010789473684210524,100,0.83,100,0.83,100,0.83,100,0.83,100
helm/helm,causal_rolling_mad,latency_log,metric_shift,failure_rate+rerun_rate,2,medium,8,low_volume,none,100,0.0,100,,0,0.0,100,0.0,100,0.0,100,0.0,100,0.0,100,0.0,100,0.021739130434782653,100,,0,0.0,100,0.0,100,0.0,100,0.0,100,0.0,100
helm/helm,causal_rolling_mad,failure_rate,metric_shift,failure_rate+rerun_rate,2,medium,8,low_volume,none,100,0.42,100,2.238095238095238,42,0.022222222222222185,100,0.67,100,0.0,100,0.43,100,0.02375,100,0.08392857142857142,100,0.021739130434782653,100,0.4675324675324675,77,0.013214793741109516,100,0.42,100,0.42,100,0.42,100,0.42,100
helm/helm,causal_rolling_mad,rerun_rate,metric_shift,failure_rate+rerun_rate,2,medium,8,low_volume,none,100,0.16,100,3.3125,16,0.04444444444444437,100,0.19,100,0.0,100,0.22,100,0.04875,100,0.02375,100,0.021739130434782653,100,0.18313953488372095,86,0.03675675675675673,100,0.16,100,0.16,100,0.16,100,0.16,100
helm/helm,causal_rolling_mad,union,metric_shift,failure_rate+rerun_rate,2,medium,8,low_volume,none,100,0.68,100,1.9852941176470589,68,0.11111111111111088,100,1.47,100,0.03,100,0.73,100,0.1175,100,0.1792063492063492,100,0.021739130434782653,100,0.3733333333333334,100,0.0761308677098151,100,0.68,100,0.68,100,0.68,100,0.68,100
helm/helm,causal_rolling_mad,two_of_three,metric_shift,failure_rate+rerun_rate,2,medium,8,low_volume,none,100,0.07,100,3.0,7,0.0,100,0.07,100,0.0,100,0.07,100,0.0,100,0.00875,100,0.021739130434782653,100,1.0,7,0.0,100,0.07,100,0.07,100,0.07,100,0.07,100
helm/helm,mewma,mewma,metric_shift,failure_rate+rerun_rate,2,medium,8,low_volume,none,100,0.08,100,4.375,8,0.0,100,0.23,100,0.01,100,0.08,100,0.0,100,0.026805555555555555,100,0.0,100,0.9791666666666667,8,0.0002631578947368421,100,0.08,100,0.08,100,0.08,100,0.08,100
helm/helm,causal_rolling_mad,latency_log,metric_shift,failure_rate+rerun_rate,2,medium,8,observed,controlled,100,0.0,100,,0,0.0,100,0.0,100,0.0,100,0.0,100,0.0,100,0.0,100,0.021739130434782653,100,,0,0.0,100,0.0,100,0.0,100,0.0,100,0.0,100
helm/helm,causal_rolling_mad,failure_rate,metric_shift,failure_rate+rerun_rate,2,medium,8,observed,controlled,100,0.18,100,1.3333333333333333,18,0.017602958898784236,100,0.28,100,0.0,100,0.2,100,0.009345238095238096,100,0.09703947368421051,76,0.32152173913043486,100,0.30790960451977395,59,0.014555683285664155,100,0.18,100,0.18,100,0.18,100,0.18,100
helm/helm,causal_rolling_mad,rerun_rate,metric_shift,failure_rate+rerun_rate,2,medium,8,observed,controlled,100,0.08,100,0.75,8,0.046269588241435386,100,0.13,100,0.0,100,0.14,100,0.028416666666666666,100,0.04701587301587302,75,0.35260869565217406,100,0.12609649122807015,76,0.04613910513729581,100,0.08,100,0.08,100,0.08,100,0.08,100
helm/helm,causal_rolling_mad,union,metric_shift,failure_rate+rerun_rate,2,medium,8,observed,controlled,100,0.17,100,0.8823529411764706,17,0.09574298994120474,100,0.25,100,0.0,100,0.23,100,0.06116666666666666,100,0.17272727272727273,55,0.40260869565217405,100,0.10434027777777777,96,0.09210942880183202,100,0.17,100,0.17,100,0.17,100,0.17,100
helm/helm,causal_rolling_mad,two_of_three,metric_shift,failure_rate+rerun_rate,2,medium,8,observed,controlled,100,0.04,100,1.75,4,0.0,100,0.04,100,0.0,100,0.04,100,0.0,100,0.02727272727272727,55,0.40260869565217405,100,1.0,4,0.0,100,0.04,100,0.04,100,0.04,100,0.04,100
helm/helm,mewma,mewma,metric_shift,failure_rate+rerun_rate,2,medium,8,observed,controlled,100,0.0,100,,0,0.0,100,0.0,100,0.0,100,0.0,100,0.0,100,0.0,100,0.0,100,,0,0.0,100,0.0,100,0.0,100,0.0,100,0.0,100
helm/helm,causal_rolling_mad,latency_log,metric_shift,latency_log+failure_rate+rerun_rate,3,low,1,observed,none,100,0.11,100,0.0,11,0.0,100,0.21,100,0.1,100,0.11,100,0.0,100,0.10309278350515463,97,0.021739130434782653,100,0.5263157894736842,19,0.002272727272727273,100,0.11,100,0.19,100,0.19,100,0.19,100
helm/helm,causal_rolling_mad,failure_rate,metric_shift,latency_log+failure_rate+rerun_rate,3,low,1,observed,none,100,0.0,100,,0,0.022222222222222185,100,0.03,100,0.03,100,0.01,100,0.01,100,0.0,97,0.021739130434782653,100,0.011235955056179775,89,0.020666666666666656,100,0.0,100,0.03,100,0.03,100,0.03,100
helm/helm,causal_rolling_mad,rerun_rate,metric_shift,latency_log+failure_rate+rerun_rate,3,low,1,observed,none,100,0.0,100,,0,0.04444444444444437,100,0.0,100,0.0,100,0.03,100,0.03,100,0.0,97,0.021739130434782653,100,0.015,100,0.043151515151515156,100,0.0,100,0.0,100,0.0,100,0.0,100
helm/helm,causal_rolling_mad,union,metric_shift,latency_log+failure_rate+rerun_rate,3,low,1,observed,none,100,0.12,100,0.0,12,0.11111111111111088,100,0.22,100,0.1,100,0.19,100,0.07,100,0.1134020618556701,97,0.021739130434782653,100,0.037333333333333336,100,0.10492424242424236,100,0.12,100,0.2,100,0.2,100,0.2,100
helm/helm,causal_rolling_mad,two_of_three,metric_shift,latency_log+failure_rate+rerun_rate,3,low,1,observed,none,100,0.0,100,,0,0.0,100,0.0,100,0.0,100,0.0,100,0.0,100,0.0,97,0.021739130434782653,100,,0,0.0,100,0.0,100,0.0,100,0.0,100,0.0,100
helm/helm,mewma,mewma,metric_shift,latency_log+failure_rate+rerun_rate,3,low,1,observed,none,100,0.0,100,,0,0.0,100,0.0,100,0.0,100,0.0,100,0.0,100,0.0,100,0.0,100,,0,0.0,100,0.0,100,0.0,100,0.0,100,0.0,100
helm/helm,causal_rolling_mad,latency_log,metric_shift,latency_log+failure_rate+rerun_rate,3,medium,1,observed,none,100,0.07,100,0.0,7,0.0,100,0.13,100,0.06,100,0.07,100,0.0,100,0.06914893617021277,94,0.021739130434782653,100,0.5416666666666666,12,0.0013636363636363637,100,0.07,100,0.12,100,0.12,100,0.12,100
helm/helm,causal_rolling_mad,failure_rate,metric_shift,latency_log+failure_rate+rerun_rate,3,medium,1,observed,none,100,0.02,100,0.0,2,0.022222222222222185,100,0.09,100,0.07,100,0.04,100,0.02,100,0.02127659574468085,94,0.021739130434782653,100,0.04216867469879518,83,0.019060606060606045,100,0.02,100,0.09,100,0.09,100,0.09,100
helm/helm,causal_rolling_mad,rerun_rate,metric_shift,latency_log+failure_rate+rerun_rate,3,medium,1,observed,none,100,0.02,100,0.0,2,0.04444444444444437,100,0.07,100,0.05,100,0.08,100,0.06,100,0.02127659574468085,94,0.021739130434782653,100,0.03666666666666667,100,0.04198484848484849,100,0.02,100,0.07,100,0.07,100,0.07,100
helm/helm,causal_rolling_mad,union,metric_shift,latency_log+failure_rate+rerun_rate,3,medium,1,observed,none,100,0.12,100,0.0,12,0.11111111111111088,100,0.26,100,0.14,100,0.24,100,0.12,100,0.10638297872340426,94,0.021739130434782653,100,0.05833333333333333,100,0.09666666666666662,100,0.12,100,0.22,100,0.22,100,0.22,100
helm/helm,causal_rolling_mad,two_of_three,metric_shift,latency_log+failure_rate+rerun_rate,3,medium,1,observed,none,100,0.04,100,0.0,4,0.0,100,0.07,100,0.03,100,0.04,100,0.0,100,0.0425531914893617,94,0.021739130434782653,100,0.5714285714285714,7,0.0006818181818181818,100,0.04,100,0.07,100,0.07,100,0.07,100
helm/helm,mewma,mewma,metric_shift,latency_log+failure_rate+rerun_rate,3,medium,1,observed,none,100,0.0,100,,0,0.0,100,0.0,100,0.0,100,0.0,100,0.0,100,0.0,100,0.0,100,,0,0.0,100,0.0,100,0.0,100,0.0,100,0.0,100
helm/helm,causal_rolling_mad,latency_log,metric_shift,latency_log+failure_rate+rerun_rate,3,high,1,observed,none,100,0.09,100,0.0,9,0.0,100,0.2,100,0.11,100,0.09,100,0.0,100,0.0707070707070707,99,0.021739130434782653,100,0.4375,16,0.0025000000000000005,100,0.09,100,0.16,100,0.16,100,0.16,100
helm/helm,causal_rolling_mad,failure_rate,metric_shift,latency_log+failure_rate+rerun_rate,3,high,1,observed,none,100,0.05,100,0.0,5,0.022222222222222185,100,0.09,100,0.04,100,0.09,100,0.04,100,0.050505050505050504,99,0.021739130434782653,100,0.08928571428571429,84,0.018176767676767666,100,0.05,100,0.09,100,0.09,100,0.09,100
helm/helm,causal_rolling_mad,rerun_rate,metric_shift,latency_log+failure_rate+rerun_rate,3,high,1,observed,none,100,0.08,100,0.0,8,0.04444444444444437,100,0.11,100,0.03,100,0.12,100,0.04,100,0.08080808080808081,99,0.021739130434782653,100,0.04666666666666666,100,0.04203535353535354,100,0.08,100,0.11,100,0.11,100,0.11,100
helm/helm,causal_rolling_mad,union,metric_shift,latency_log+failure_rate+rerun_rate,3,high,1,observed,none,100,0.21,100,0.0,21,0.11111111111111088,100,0.33,100,0.12,100,0.34,100,0.13,100,0.18181818181818182,99,0.021739130434782653,100,0.0761666666666667,100,0.09656565656565654,100,0.21,100,0.27,100,0.27,100,0.27,100
helm/helm,causal_rolling_mad,two_of_three,metric_shift,latency_log+failure_rate+rerun_rate,3,high,1,observed,none,100,0.02,100,0.0,2,0.0,100,0.03,100,0.01,100,0.02,100,0.0,100,0.020202020202020204,99,0.021739130434782653,100,0.6666666666666666,3,0.00022727272727272727,100,0.02,100,0.03,100,0.03,100,0.03,100
helm/helm,mewma,mewma,metric_shift,latency_log+failure_rate+rerun_rate,3,high,1,observed,none,100,0.03,100,0.0,3,0.0,100,0.03,100,0.0,100,0.03,100,0.0,100,0.03,100,0.0,100,1.0,3,0.0,100,0.03,100,0.03,100,0.03,100,0.03,100
helm/helm,causal_rolling_mad,latency_log,metric_shift,latency_log+failure_rate+rerun_rate,3,medium,1,low_volume,none,100,0.13,100,0.0,13,0.0,100,0.28,100,0.15,100,0.13,100,0.0,100,0.10309278350515463,97,0.021739130434782653,100,0.45454545454545453,22,0.003409090909090909,100,0.13,100,0.22,100,0.22,100,0.22,100
helm/helm,causal_rolling_mad,failure_rate,metric_shift,latency_log+failure_rate+rerun_rate,3,medium,1,low_volume,none,100,0.03,100,0.0,3,0.022222222222222185,100,0.06,100,0.03,100,0.05,100,0.04,100,0.030927835051546393,97,0.021739130434782653,100,0.05555555555555555,81,0.018166666666666654,100,0.03,100,0.06,100,0.06,100,0.06,100
helm/helm,causal_rolling_mad,rerun_rate,metric_shift,latency_log+failure_rate+rerun_rate,3,medium,1,low_volume,none,100,0.01,100,0.0,1,0.04444444444444437,100,0.03,100,0.02,100,0.04,100,0.07,100,0.010309278350515464,97,0.021739130434782653,100,0.018333333333333333,100,0.04246969696969697,100,0.01,100,0.03,100,0.03,100,0.03,100
helm/helm,causal_rolling_mad,union,metric_shift,latency_log+failure_rate+rerun_rate,3,medium,1,low_volume,none,100,0.17,100,0.0,17,0.11111111111111088,100,0.35,100,0.18,100,0.33,100,0.16,100,0.14432989690721648,97,0.021739130434782653,100,0.07333333333333335,100,0.1008333333333333,100,0.17,100,0.27,100,0.28,100,0.28,100
helm/helm,causal_rolling_mad,two_of_three,metric_shift,latency_log+failure_rate+rerun_rate,3,medium,1,low_volume,none,100,0.02,100,0.0,2,0.0,100,0.04,100,0.02,100,0.02,100,0.0,100,0.020618556701030927,97,0.021739130434782653,100,0.5,4,0.00045454545454545455,100,0.02,100,0.04,100,0.04,100,0.04,100
helm/helm,mewma,mewma,metric_shift,latency_log+failure_rate+rerun_rate,3,medium,1,low_volume,none,100,0.0,100,,0,0.0,100,0.0,100,0.0,100,0.0,100,0.0,100,0.0,100,0.0,100,,0,0.0,100,0.0,100,0.0,100,0.0,100,0.0,100
helm/helm,causal_rolling_mad,latency_log,metric_shift,latency_log+failure_rate+rerun_rate,3,medium,1,observed,controlled,100,0.07,100,0.0,7,0.0,100,0.13,100,0.06,100,0.07,100,0.0,100,0.07236842105263158,76,0.07804347826086946,100,0.55,10,0.0013636363636363637,100,0.07,100,0.1,100,0.1,100,0.1,100
helm/helm,causal_rolling_mad,failure_rate,metric_shift,latency_log+failure_rate+rerun_rate,3,medium,1,observed,controlled,100,0.02,100,0.0,2,0.022520434044715567,100,0.08,100,0.06,100,0.03,100,0.01,100,0.03076923076923077,65,0.12130434782608694,100,0.03164556962025317,79,0.020575989600271148,100,0.02,100,0.08,100,0.08,100,0.08,100
helm/helm,causal_rolling_mad,rerun_rate,metric_shift,latency_log+failure_rate+rerun_rate,3,medium,1,observed,controlled,100,0.0,100,,0,0.042441981816981784,100,0.02,100,0.02,100,0.01,100,0.01,100,0.0,57,0.15065217391304353,100,0.005747126436781609,87,0.04119955757455759,100,0.0,100,0.02,100,0.02,100,0.02,100
helm/helm,causal_rolling_mad,union,metric_shift,latency_log+failure_rate+rerun_rate,3,medium,1,observed,controlled,100,0.0,100,,0,0.10460693826709232,100,0.0,100,0.0,100,0.0,100,0.0,100,,0,0.30652173913043534,100,0.0,100,0.10460693826709232,100,0.0,100,0.0,100,0.0,100,0.0,100
helm/helm,causal_rolling_mad,two_of_three,metric_shift,latency_log+failure_rate+rerun_rate,3,medium,1,observed,controlled,100,0.0,100,,0,0.0,100,0.0,100,0.0,100,0.0,100,0.0,100,,0,0.30652173913043534,100,,0,0.0,100,0.0,100,0.0,100,0.0,100,0.0,100
helm/helm,mewma,mewma,metric_shift,latency_log+failure_rate+rerun_rate,3,medium,1,observed,controlled,100,0.0,100,,0,0.0,100,0.0,100,0.0,100,0.0,100,0.0,100,0.0,100,0.0,100,,0,0.0,100,0.0,100,0.0,100,0.0,100,0.0,100
helm/helm,causal_rolling_mad,latency_log,metric_shift,latency_log+failure_rate+rerun_rate,3,low,2,observed,none,100,0.52,100,0.8076923076923077,52,0.0,100,0.64,100,0.04,100,0.52,100,0.0,100,0.29833333333333334,100,0.021739130434782653,100,0.9615384615384616,52,0.0009302325581395348,100,0.52,100,0.52,100,0.52,100,0.52,100
helm/helm,causal_rolling_mad,failure_rate,metric_shift,latency_log+failure_rate+rerun_rate,3,low,2,observed,none,100,0.02,100,1.0,2,0.022222222222222185,100,0.04,100,0.02,100,0.05,100,0.02,100,0.01,100,0.021739130434782653,100,0.056962025316455694,79,0.01743657505285414,100,0.02,100,0.04,100,0.04,100,0.04,100
helm/helm,causal_rolling_mad,rerun_rate,metric_shift,latency_log+failure_rate+rerun_rate,3,low,2,observed,none,100,0.01,100,1.0,1,0.04444444444444437,100,0.02,100,0.01,100,0.14,100,0.065,100,0.005,100,0.021739130434782653,100,0.0750915750915751,91,0.03859408033826643,100,0.01,100,0.02,100,0.02,100,0.02,100
helm/helm,causal_rolling_mad,union,metric_shift,latency_log+failure_rate+rerun_rate,3,low,2,observed,none,100,0.5,100,0.74,50,0.11111111111111088,100,0.68,100,0.07,100,0.65,100,0.12,100,0.30333333333333334,100,0.021739130434782653,100,0.17973809523809517,100,0.09090380549682886,100,0.5,100,0.52,100,0.53,100,0.53,100
helm/helm,causal_rolling_mad,two_of_three,metric_shift,latency_log+failure_rate+rerun_rate,3,low,2,observed,none,100,0.09,100,0.5555555555555556,9,0.0,100,0.13,100,0.0,100,0.09,100,0.0,100,0.065,100,0.021739130434782653,100,1.0,9,0.0,100,0.09,100,0.09,100,0.09,100,0.09,100
helm/helm,mewma,mewma,metric_shift,latency_log+failure_rate+rerun_rate,3,low,2,observed,none,100,0.0,100,,0,0.0,100,0.0,100,0.0,100,0.0,100,0.0,100,0.0,100,0.0,100,,0,0.0,100,0.0,100,0.0,100,0.0,100,0.0,100
helm/helm,causal_rolling_mad,latency_log,metric_shift,latency_log+failure_rate+rerun_rate,3,medium,2,observed,none,100,0.95,100,0.9368421052631579,95,0.0,100,1.05,100,0.04,100,0.95,100,0.0,100,0.49833333333333335,100,0.021739130434782653,100,0.9789473684210527,95,0.0009302325581395348,100,0.95,100,0.95,100,0.95,100,0.95,100
helm/helm,causal_rolling_mad,failure_rate,metric_shift,latency_log+failure_rate+rerun_rate,3,medium,2,observed,none,100,0.2,100,0.8,20,0.022222222222222185,100,0.26,100,0.03,100,0.25,100,0.035,100,0.11333333333333334,100,0.021739130434782653,100,0.2261904761904762,84,0.016511627906976762,100,0.2,100,0.22,100,0.22,100,0.22,100
helm/helm,causal_rolling_mad,rerun_rate,metric_shift,latency_log+failure_rate+rerun_rate,3,medium,2,observed,none,100,0.08,100,0.75,8,0.04444444444444437,100,0.13,100,0.03,100,0.14,100,0.06,100,0.04333333333333333,100,0.021739130434782653,100,0.08395061728395063,81,0.03488372093023259,100,0.08,100,0.09,100,0.09,100,0.09,100
helm/helm,causal_rolling_mad,union,metric_shift,latency_log+failure_rate+rerun_rate,3,medium,2,observed,none,100,0.8,100,0.8375,80,0.11111111111111088,100,1.01,100,0.08,100,0.97,100,0.15,100,0.44999999999999996,100,0.021739130434782653,100,0.2655238095238095,100,0.084186046511628,100,0.8,100,0.81,100,0.81,100,0.81,100
helm/helm,causal_rolling_mad,two_of_three,metric_shift,latency_log+failure_rate+rerun_rate,3,medium,2,observed,none,100,0.33,100,0.8484848484848485,33,0.0,100,0.4,100,0.03,100,0.33,100,0.0,100,0.18333333333333332,100,0.021739130434782653,100,0.9285714285714286,35,0.0006976744186046512,100,0.33,100,0.35,100,0.35,100,0.35,100
helm/helm,mewma,mewma,metric_shift,latency_log+failure_rate+rerun_rate,3,medium,2,observed,none,100,0.35,100,1.0,35,0.0,100,0.43,100,0.08,100,0.35,100,0.0,100,0.16333333333333336,100,0.0,100,0.9047619047619047,35,0.0018181818181818182,100,0.35,100,0.35,100,0.35,100,0.35,100
helm/helm,causal_rolling_mad,latency_log,metric_shift,latency_log+failure_rate+rerun_rate,3,high,2,observed,none,100,1.0,100,0.91,100,0.0,100,1.14,100,0.05,100,1.0,100,0.0,100,0.5366666666666666,100,0.021739130434782653,100,0.975,100,0.0011627906976744186,100,1.0,100,1.0,100,1.0,100,1.0,100
helm/helm,causal_rolling_mad,failure_rate,metric_shift,latency_log+failure_rate+rerun_rate,3,high,2,observed,none,100,0.73,100,0.9452054794520548,73,0.022222222222222185,100,0.78,100,0.01,100,0.75,100,0.035,100,0.3833333333333333,100,0.021739130434782653,100,0.48484848484848475,99,0.018372093023255834,100,0.73,100,0.73,100,0.73,100,0.73,100
helm/helm,causal_rolling_mad,rerun_rate,metric_shift,latency_log+failure_rate+rerun_rate,3,high,2,observed,none,100,0.33,100,0.8181818181818182,33,0.04444444444444437,100,0.36,100,0.02,100,0.34,100,0.015,100,0.165,100,0.021739130434782653,100,0.18294573643410858,86,0.036279069767441906,100,0.33,100,0.33,100,0.33,100,0.33,100
helm/helm,causal_rolling_mad,union,metric_shift,latency_log+failure_rate+rerun_rate,3,high,2,observed,none,100,0.91,100,0.8241758241758241,91,0.11111111111111088,100,1.12,100,0.05,100,1.0,100,0.115,100,0.525,100,0.021739130434782653,100,0.26778571428571424,100,0.08674418604651173,100,0.91,100,0.91,100,0.91,100,0.91,100
helm/helm,causal_rolling_mad,two_of_three,metric_shift,latency_log+failure_rate+rerun_rate,3,high,2,observed,none,100,0.82,100,0.9878048780487805,82,0.0,100,0.84,100,0.01,100,0.82,100,0.0,100,0.4133333333333333,100,0.021739130434782653,100,0.9939024390243902,82,0.0002325581395348837,100,0.82,100,0.82,100,0.82,100,0.82,100
helm/helm,mewma,mewma,metric_shift,latency_log+failure_rate+rerun_rate,3,high,2,observed,none,100,0.93,100,0.9247311827956989,93,0.0,100,1.47,100,0.47,100,0.93,100,0.0,100,0.41166666666666674,100,0.0,100,0.7670250896057347,93,0.010681818181818176,100,0.93,100,0.93,100,0.93,100,0.93,100
helm/helm,causal_rolling_mad,latency_log,metric_shift,latency_log+failure_rate+rerun_rate,3,medium,2,low_volume,none,100,0.99,100,0.8787878787878788,99,0.0,100,1.16,100,0.05,100,0.99,100,0.0,100,0.5616666666666668,100,0.021739130434782653,100,0.9747474747474747,99,0.0011627906976744186,100,0.99,100,0.99,100,0.99,100,0.99,100
helm/helm,causal_rolling_mad,failure_rate,metric_shift,latency_log+failure_rate+rerun_rate,3,medium,2,low_volume,none,100,0.19,100,0.8421052631578947,19,0.022222222222222185,100,0.2,100,0.0,100,0.2,100,0.025,100,0.1,100,0.021739130434782653,100,0.15476190476190477,84,0.01812367864693448,100,0.19,100,0.19,100,0.19,100,0.19,100
helm/helm,causal_rolling_mad,rerun_rate,metric_shift,latency_log+failure_rate+rerun_rate,3,medium,2,low_volume,none,100,0.04,100,1.0,4,0.04444444444444437,100,0.05,100,0.01,100,0.08,100,0.045,100,0.02,100,0.021739130434782653,100,0.047892720306513405,87,0.036020084566596236,100,0.04,100,0.05,100,0.05,100,0.05,100
helm/helm,causal_rolling_mad,union,metric_shift,latency_log+failure_rate+rerun_rate,3,medium,2,low_volume,none,100,0.92,100,0.8369565217391305,92,0.11111111111111088,100,1.13,100,0.06,100,0.99,100,0.1,100,0.5416666666666667,100,0.021739130434782653,100,0.25133333333333324,100,0.09271670190274853,100,0.92,100,0.92,100,0.93,100,0.93,100
helm/helm,causal_rolling_mad,two_of_three,metric_shift,latency_log+failure_rate+rerun_rate,3,medium,2,low_volume,none,100,0.31,100,0.9354838709677419,31,0.0,100,0.32,100,0.0,100,0.31,100,0.0,100,0.16,100,0.021739130434782653,100,1.0,31,0.0,100,0.31,100,0.31,100,0.31,100,0.31,100
helm/helm,mewma,mewma,metric_shift,latency_log+failure_rate+rerun_rate,3,medium,2,low_volume,none,100,0.38,100,1.0,38,0.0,100,0.55,100,0.17,100,0.38,100,0.0,100,0.16416666666666668,100,0.0,100,0.8026315789473685,38,0.0038636363636363625,100,0.38,100,0.38,100,0.38,100,0.38,100
helm/helm,causal_rolling_mad,latency_log,metric_shift,latency_log+failure_rate+rerun_rate,3,medium,2,observed,controlled,100,0.38,100,0.8947368421052632,38,0.0,100,0.43,100,0.02,100,0.38,100,0.0,100,0.3229166666666667,64,0.17717391304347824,100,0.9736842105263158,38,0.0004651162790697674,100,0.38,100,0.38,100,0.38,100,0.38,100
helm/helm,causal_rolling_mad,failure_rate,metric_shift,latency_log+failure_rate+rerun_rate,3,medium,2,observed,controlled,100,0.07,100,0.8571428571428571,7,0.022207349906408744,100,0.08,100,0.01,100,0.1,100,0.015,100,0.05333333333333334,75,0.1726086956521739,100,0.1,80,0.020322048734590856,100,0.07,100,0.08,100,0.08,100,0.08,100
helm/helm,causal_rolling_mad,rerun_rate,metric_shift,latency_log+failure_rate+rerun_rate,3,medium,2,observed,controlled,100,0.04,100,0.5,4,0.042337598835402,100,0.1,100,0.04,100,0.04,100,0.005,100,0.03888888888888888,60,0.20565217391304344,100,0.023076923076923075,78,0.042202868652769794,100,0.04,100,0.06,100,0.06,100,0.06,100
helm/helm,causal_rolling_mad,union,metric_shift,latency_log+failure_rate+rerun_rate,3,medium,2,observed,controlled,100,0.03,100,0.0,3,0.10670616822715895,100,0.03,100,0.0,100,0.05,100,0.02,100,0.15,20,0.3043478260869567,100,0.011,100,0.10674480321913389,100,0.03,100,0.03,100,0.03,100,0.03,100
helm/helm,causal_rolling_mad,two_of_three,metric_shift,latency_log+failure_rate+rerun_rate,3,medium,2,observed,controlled,100,0.0,100,,0,0.0,100,0.0,100,0.0,100,0.0,100,0.0,100,0.0,20,0.3043478260869567,100,,0,0.0,100,0.0,100,0.0,100,0.0,100,0.0,100
helm/helm,mewma,mewma,metric_shift,latency_log+failure_rate+rerun_rate,3,medium,2,observed,controlled,100,0.1,100,1.0,10,0.0,100,0.14,100,0.04,100,0.1,100,0.0,100,0.04333333333333334,100,0.0,100,0.8,10,0.0009090909090909091,100,0.1,100,0.1,100,0.1,100,0.1,100
helm/helm,causal_rolling_mad,latency_log,metric_shift,latency_log+failure_rate+rerun_rate,3,low,4,observed,none,100,0.63,100,0.8571428571428571,63,0.0,100,1.64,100,0.0,100,0.63,100,0.0,100,0.41333333333333333,100,0.021739130434782653,100,1.0,63,0.0,100,0.63,100,0.63,100,0.63,100,0.63,100
helm/helm,causal_rolling_mad,failure_rate,metric_shift,latency_log+failure_rate+rerun_rate,3,low,4,observed,none,100,0.12,100,1.9166666666666667,12,0.022222222222222185,100,0.15,100,0.01,100,0.2,100,0.0375,100,0.0345,100,0.021739130434782653,100,0.23648648648648649,74,0.014378629500580728,100,0.12,100,0.12,100,0.12,100,0.12,100
helm/helm,causal_rolling_mad,rerun_rate,metric_shift,latency_log+failure_rate+rerun_rate,3,low,4,observed,none,100,0.02,100,2.0,2,0.04444444444444437,100,0.02,100,0.0,100,0.16,100,0.0475,100,0.005,100,0.021739130434782653,100,0.09965635738831616,97,0.04072009291521489,100,0.02,100,0.02,100,0.02,100,0.02,100
helm/helm,causal_rolling_mad,union,metric_shift,latency_log+failure_rate+rerun_rate,3,low,4,observed,none,100,0.74,100,1.2297297297297298,74,0.11111111111111088,100,1.6,100,0.01,100,0.78,100,0.15,100,0.3993333333333334,100,0.021739130434782653,100,0.37801190476190477,100,0.08092915214866439,100,0.74,100,0.74,100,0.74,100,0.74,100
helm/helm,causal_rolling_mad,two_of_three,metric_shift,latency_log+failure_rate+rerun_rate,3,low,4,observed,none,100,0.19,100,1.4210526315789473,19,0.0,100,0.2,100,0.0,100,0.19,100,0.0,100,0.05,100,0.021739130434782653,100,1.0,19,0.0,100,0.19,100,0.19,100,0.19,100,0.19,100
helm/helm,mewma,mewma,metric_shift,latency_log+failure_rate+rerun_rate,3,low,4,observed,none,100,0.02,100,3.0,2,0.0,100,0.02,100,0.0,100,0.02,100,0.0,100,0.005,100,0.0,100,1.0,2,0.0,100,0.02,100,0.02,100,0.02,100,0.02,100
helm/helm,causal_rolling_mad,latency_log,metric_shift,latency_log+failure_rate+rerun_rate,3,medium,4,observed,none,100,0.97,100,0.9072164948453608,97,0.0,100,2.84,100,0.03,100,0.97,100,0.0,100,0.7055000000000001,100,0.021739130434782653,100,0.9922680412371134,97,0.0007317073170731708,100,0.97,100,0.97,100,0.97,100,0.97,100
helm/helm,causal_rolling_mad,failure_rate,metric_shift,latency_log+failure_rate+rerun_rate,3,medium,4,observed,none,100,0.26,100,1.2307692307692308,26,0.022222222222222185,100,0.37,100,0.01,100,0.29,100,0.0175,100,0.09,100,0.021739130434782653,100,0.28823529411764703,85,0.016080139372822308,100,0.26,100,0.27,100,0.27,100,0.27,100
helm/helm,causal_rolling_mad,rerun_rate,metric_shift,latency_log+failure_rate+rerun_rate,3,medium,4,observed,none,100,0.1,100,1.3,10,0.04444444444444437,100,0.13,100,0.0,100,0.14,100,0.0375,100,0.0325,100,0.021739130434782653,100,0.1261603375527426,79,0.03414634146341466,100,0.1,100,0.1,100,0.1,100,0.1,100
helm/helm,causal_rolling_mad,union,metric_shift,latency_log+failure_rate+rerun_rate,3,medium,4,observed,none,100,1.0,100,0.95,100,0.11111111111111088,100,2.79,100,0.04,100,1.0,100,0.095,100,0.6895,100,0.021739130434782653,100,0.4983849206349207,100,0.08067944250871084,100,1.0,100,1.0,100,1.0,100,1.0,100
helm/helm,causal_rolling_mad,two_of_three,metric_shift,latency_log+failure_rate+rerun_rate,3,medium,4,observed,none,100,0.39,100,1.4102564102564104,39,0.0,100,0.53,100,0.0,100,0.39,100,0.0,100,0.1325,100,0.021739130434782653,100,1.0,39,0.0,100,0.39,100,0.39,100,0.39,100,0.39,100
helm/helm,mewma,mewma,metric_shift,latency_log+failure_rate+rerun_rate,3,medium,4,observed,none,100,0.99,100,1.7474747474747474,99,0.0,100,3.42,100,1.19,100,0.99,100,0.0,100,0.42916666666666664,100,0.0,100,0.6787878787878787,99,0.028333333333333294,100,0.99,100,0.99,100,0.99,100,0.99,100
helm/helm,causal_rolling_mad,latency_log,metric_shift,latency_log+failure_rate+rerun_rate,3,high,4,observed,none,100,1.0,100,0.94,100,0.0,100,3.09,100,0.03,100,1.0,100,0.0,100,0.768,100,0.021739130434782653,100,0.9925,100,0.0007317073170731708,100,1.0,100,1.0,100,1.0,100,1.0,100
helm/helm,causal_rolling_mad,failure_rate,metric_shift,latency_log+failure_rate+rerun_rate,3,high,4,observed,none,100,0.81,100,1.0864197530864197,81,0.022222222222222185,100,1.62,100,0.04,100,0.81,100,0.025,100,0.39,100,0.021739130434782653,100,0.6156462585034013,98,0.01705574912891987,100,0.81,100,0.81,100,0.81,100,0.81,100
helm/helm,causal_rolling_mad,rerun_rate,metric_shift,latency_log+failure_rate+rerun_rate,3,high,4,observed,none,100,0.33,100,1.3333333333333333,33,0.04444444444444437,100,0.54,100,0.04,100,0.33,100,0.0375,100,0.121,100,0.021739130434782653,100,0.23412698412698413,84,0.03585365853658539,100,0.33,100,0.33,100,0.33,100,0.33,100
helm/helm,causal_rolling_mad,union,metric_shift,latency_log+failure_rate+rerun_rate,3,high,4,observed,none,100,1.0,100,1.02,100,0.11111111111111088,100,2.85,100,0.07,100,1.0,100,0.1125,100,0.694,100,0.021739130434782653,100,0.5019880952380954,100,0.08311846689895473,100,1.0,100,1.0,100,1.0,100,1.0,100
helm/helm,causal_rolling_mad,two_of_three,metric_shift,latency_log+failure_rate+rerun_rate,3,high,4,observed,none,100,0.84,100,1.1071428571428572,84,0.0,100,1.93,100,0.04,100,0.84,100,0.0,100,0.46649999999999997,100,0.021739130434782653,100,0.9880952380952381,84,0.000975609756097561,100,0.84,100,0.84,100,0.84,100,0.84,100
helm/helm,mewma,mewma,metric_shift,latency_log+failure_rate+rerun_rate,3,high,4,observed,none,100,1.0,100,1.03,100,0.0,100,5.37,100,2.4,100,1.0,100,0.0,100,0.47009523809523834,100,0.0,100,0.562476190476191,100,0.057142857142857065,100,1.0,100,1.0,100,1.0,100,1.0,100
helm/helm,causal_rolling_mad,latency_log,metric_shift,latency_log+failure_rate+rerun_rate,3,medium,4,low_volume,none,100,0.97,100,0.845360824742268,97,0.0,100,2.92,100,0.03,100,0.97,100,0.0,100,0.718,100,0.021739130434782653,100,0.9922680412371134,97,0.0007317073170731708,100,0.97,100,0.97,100,0.97,100,0.97,100
helm/helm,causal_rolling_mad,failure_rate,metric_shift,latency_log+failure_rate+rerun_rate,3,medium,4,low_volume,none,100,0.32,100,1.40625,32,0.022222222222222185,100,0.52,100,0.04,100,0.32,100,0.015,100,0.11900000000000001,100,0.021739130434782653,100,0.3004115226337449,81,0.016585365853658548,100,0.32,100,0.35,100,0.35,100,0.35,100
helm/helm,causal_rolling_mad,rerun_rate,metric_shift,latency_log+failure_rate+rerun_rate,3,medium,4,low_volume,none,100,0.1,100,1.8,10,0.04444444444444437,100,0.11,100,0.01,100,0.13,100,0.0325,100,0.025,100,0.021739130434782653,100,0.10196078431372549,85,0.03609756097560978,100,0.1,100,0.11,100,0.11,100,0.11,100
helm/helm,causal_rolling_mad,union,metric_shift,latency_log+failure_rate+rerun_rate,3,medium,4,low_volume,none,100,0.99,100,0.8383838383838383,99,0.11111111111111088,100,2.93,100,0.08,100,1.0,100,0.08,100,0.7019999999999998,100,0.021739130434782653,100,0.4921230158730158,100,0.08341463414634152,100,0.99,100,1.0,100,1.0,100,1.0,100
helm/helm,causal_rolling_mad,two_of_three,metric_shift,latency_log+failure_rate+rerun_rate,3,medium,4,low_volume,none,100,0.43,100,1.4186046511627908,43,0.0,100,0.7,100,0.0,100,0.43,100,0.0,100,0.175,100,0.021739130434782653,100,1.0,43,0.0,100,0.43,100,0.43,100,0.43,100,0.43,100
helm/helm,mewma,mewma,metric_shift,latency_log+failure_rate+rerun_rate,3,medium,4,low_volume,none,100,1.0,100,1.78,100,0.0,100,3.26,100,1.06,100,1.0,100,0.0,100,0.4339523809523809,100,0.0,100,0.7176666666666667,100,0.025238095238095212,100,1.0,100,1.0,100,1.0,100,1.0,100
helm/helm,causal_rolling_mad,latency_log,metric_shift,latency_log+failure_rate+rerun_rate,3,medium,4,observed,controlled,100,0.48,100,0.8125,48,0.0,100,0.82,100,0.0,100,0.48,100,0.0,100,0.43634259259259267,72,0.2730434782608697,100,1.0,48,0.0,100,0.48,100,0.48,100,0.48,100,0.48,100
helm/helm,causal_rolling_mad,failure_rate,metric_shift,latency_log+failure_rate+rerun_rate,3,medium,4,observed,controlled,100,0.18,100,1.1111111111111112,18,0.020340980804437785,100,0.23,100,0.01,100,0.21,100,0.010833333333333332,100,0.11711111111111108,75,0.24956521739130438,100,0.2316017316017316,77,0.018891447226434405,100,0.18,100,0.18,100,0.18,100,0.18,100
helm/helm,causal_rolling_mad,rerun_rate,metric_shift,latency_log+failure_rate+rerun_rate,3,medium,4,observed,controlled,100,0.06,100,1.5,6,0.04694822701197584,100,0.07,100,0.0,100,0.13,100,0.03666666666666667,100,0.03179824561403508,76,0.1963043478260871,100,0.10658914728682171,86,0.04455877230972796,100,0.06,100,0.06,100,0.06,100,0.06,100
helm/helm,causal_rolling_mad,union,metric_shift,latency_log+failure_rate+rerun_rate,3,medium,4,observed,controlled,100,0.12,100,0.3333333333333333,12,0.10867647815679944,100,0.15,100,0.0,100,0.18,100,0.06,100,0.29047619047619044,35,0.34217391304347833,100,0.06102380952380952,100,0.10689840402381241,100,0.12,100,0.12,100,0.12,100,0.12,100
helm/helm,causal_rolling_mad,two_of_three,metric_shift,latency_log+failure_rate+rerun_rate,3,medium,4,observed,controlled,100,0.04,100,0.5,4,0.0,100,0.04,100,0.0,100,0.04,100,0.0,100,0.08571428571428572,35,0.34217391304347833,100,1.0,4,0.0,100,0.04,100,0.04,100,0.04,100,0.04,100
helm/helm,mewma,mewma,metric_shift,latency_log+failure_rate+rerun_rate,3,medium,4,observed,controlled,100,0.72,100,2.236111111111111,72,0.0,100,1.66,100,0.4,100,0.72,100,0.0,100,0.27616666666666656,100,0.0008695652173913043,100,0.8238425925925924,72,0.00952380952380953,100,0.72,100,0.72,100,0.72,100,0.72,100
helm/helm,causal_rolling_mad,latency_log,metric_shift,latency_log+failure_rate+rerun_rate,3,low,8,observed,none,100,0.51,100,0.9019607843137255,51,0.0,100,1.64,100,0.0,100,0.51,100,0.0,100,0.20607142857142857,100,0.021739130434782653,100,1.0,51,0.0,100,0.51,100,0.51,100,0.51,100,0.51,100
helm/helm,causal_rolling_mad,failure_rate,metric_shift,latency_log+failure_rate+rerun_rate,3,low,8,observed,none,100,0.21,100,2.7142857142857144,21,0.022222222222222185,100,0.28,100,0.0,100,0.25,100,0.01375,100,0.035,100,0.021739130434782653,100,0.3380281690140845,71,0.012951635846372676,100,0.21,100,0.21,100,0.21,100,0.21,100
helm/helm,causal_rolling_mad,rerun_rate,metric_shift,latency_log+failure_rate+rerun_rate,3,low,8,observed,none,100,0.05,100,5.0,5,0.04444444444444437,100,0.05,100,0.0,100,0.32,100,0.06125,100,0.00625,100,0.021739130434782653,100,0.26773049645390073,94,0.03564722617354195,100,0.05,100,0.05,100,0.05,100,0.05,100
helm/helm,causal_rolling_mad,union,metric_shift,latency_log+failure_rate+rerun_rate,3,low,8,observed,none,100,0.74,100,1.527027027027027,74,0.11111111111111088,100,2.04,100,0.0,100,0.83,100,0.11,100,0.25607142857142856,100,0.021739130434782653,100,0.48110317460317453,100,0.0739615931721195,100,0.74,100,0.74,100,0.74,100,0.74,100
helm/helm,causal_rolling_mad,two_of_three,metric_shift,latency_log+failure_rate+rerun_rate,3,low,8,observed,none,100,0.13,100,1.8461538461538463,13,0.0,100,0.18,100,0.0,100,0.13,100,0.0,100,0.0225,100,0.021739130434782653,100,1.0,13,0.0,100,0.13,100,0.13,100,0.13,100,0.13,100
helm/helm,mewma,mewma,metric_shift,latency_log+failure_rate+rerun_rate,3,low,8,observed,none,100,0.26,100,5.038461538461538,26,0.0,100,0.44,100,0.01,100,0.26,100,0.0,100,0.05333333333333334,100,0.0,100,0.9903846153846154,26,0.0002631578947368421,100,0.26,100,0.26,100,0.26,100,0.26,100
helm/helm,causal_rolling_mad,latency_log,metric_shift,latency_log+failure_rate+rerun_rate,3,medium,8,observed,none,100,0.97,100,0.9484536082474226,97,0.0,100,4.19,100,0.0,100,0.97,100,0.0,100,0.5251785714285714,100,0.021739130434782653,100,1.0,97,0.0,100,0.97,100,0.97,100,0.97,100,0.97,100
helm/helm,causal_rolling_mad,failure_rate,metric_shift,latency_log+failure_rate+rerun_rate,3,medium,8,observed,none,100,0.25,100,1.52,25,0.022222222222222185,100,0.42,100,0.0,100,0.29,100,0.01875,100,0.0525,100,0.021739130434782653,100,0.31666666666666665,80,0.01593172119487907,100,0.25,100,0.25,100,0.25,100,0.25,100
helm/helm,causal_rolling_mad,rerun_rate,metric_shift,latency_log+failure_rate+rerun_rate,3,medium,8,observed,none,100,0.16,100,2.3125,16,0.04444444444444437,100,0.17,100,0.0,100,0.25,100,0.04,100,0.02125,100,0.021739130434782653,100,0.20555555555555555,90,0.03918918918918915,100,0.16,100,0.16,100,0.16,100,0.16,100
helm/helm,causal_rolling_mad,union,metric_shift,latency_log+failure_rate+rerun_rate,3,medium,8,observed,none,100,1.0,100,1.07,100,0.11111111111111088,100,4.08,100,0.0,100,1.0,100,0.11375,100,0.5114285714285713,100,0.021739130434782653,100,0.6290036075036073,100,0.08293029871977241,100,1.0,100,1.0,100,1.0,100,1.0,100
helm/helm,causal_rolling_mad,two_of_three,metric_shift,latency_log+failure_rate+rerun_rate,3,medium,8,observed,none,100,0.39,100,1.435897435897436,39,0.0,100,0.61,100,0.0,100,0.39,100,0.0,100,0.07625,100,0.021739130434782653,100,1.0,39,0.0,100,0.39,100,0.39,100,0.39,100,0.39,100
helm/helm,mewma,mewma,metric_shift,latency_log+failure_rate+rerun_rate,3,medium,8,observed,none,100,1.0,100,1.67,100,0.0,100,8.75,100,2.42,100,1.0,100,0.0,100,0.6129595959595966,100,0.0,100,0.7286944444444444,100,0.0636842105263157,100,1.0,100,1.0,100,1.0,100,1.0,100
helm/helm,causal_rolling_mad,latency_log,metric_shift,latency_log+failure_rate+rerun_rate,3,high,8,observed,none,100,1.0,100,0.9,100,0.0,100,5.64,100,0.0,100,1.0,100,0.0,100,0.705,100,0.021739130434782653,100,1.0,100,0.0,100,1.0,100,1.0,100,1.0,100,1.0,100
helm/helm,causal_rolling_mad,failure_rate,metric_shift,latency_log+failure_rate+rerun_rate,3,high,8,observed,none,100,0.86,100,1.244186046511628,86,0.022222222222222185,100,2.0,100,0.0,100,0.86,100,0.0225,100,0.25,100,0.021739130434782653,100,0.7260942760942759,99,0.013513513513513497,100,0.86,100,0.86,100,0.86,100,0.86,100
helm/helm,causal_rolling_mad,rerun_rate,metric_shift,latency_log+failure_rate+rerun_rate,3,high,8,observed,none,100,0.45,100,1.5333333333333334,45,0.04444444444444437,100,0.87,100,0.0,100,0.46,100,0.0475,100,0.10875,100,0.021739130434782653,100,0.330185185185185,90,0.037567567567567524,100,0.45,100,0.45,100,0.45,100,0.45,100
helm/helm,causal_rolling_mad,union,metric_shift,latency_log+failure_rate+rerun_rate,3,high,8,observed,none,100,1.0,100,1.02,100,0.11111111111111088,100,5.12,100,0.0,100,1.0,100,0.11875,100,0.64,100,0.021739130434782653,100,0.7028124098124096,100,0.0764864864864865,100,1.0,100,1.0,100,1.0,100,1.0,100
helm/helm,causal_rolling_mad,two_of_three,metric_shift,latency_log+failure_rate+rerun_rate,3,high,8,observed,none,100,0.93,100,1.1290322580645162,93,0.0,100,2.5,100,0.0,100,0.93,100,0.0,100,0.3125,100,0.021739130434782653,100,1.0,93,0.0,100,0.93,100,0.93,100,0.93,100,0.93,100
helm/helm,mewma,mewma,metric_shift,latency_log+failure_rate+rerun_rate,3,high,8,observed,none,100,1.0,100,1.05,100,0.0,100,10.54,100,3.59,100,1.0,100,0.0,100,0.6067558275058276,100,0.0,100,0.6670277777777776,100,0.09447368421052633,100,1.0,100,1.0,100,1.0,100,1.0,100
helm/helm,causal_rolling_mad,latency_log,metric_shift,latency_log+failure_rate+rerun_rate,3,medium,8,low_volume,none,100,0.98,100,0.9183673469387755,98,0.0,100,4.18,100,0.0,100,0.98,100,0.0,100,0.5239285714285714,100,0.021739130434782653,100,1.0,98,0.0,100,0.98,100,0.98,100,0.98,100,0.98,100
helm/helm,causal_rolling_mad,failure_rate,metric_shift,latency_log+failure_rate+rerun_rate,3,medium,8,low_volume,none,100,0.43,100,2.0930232558139537,43,0.022222222222222185,100,0.68,100,0.0,100,0.46,100,0.01875,100,0.085,100,0.021739130434782653,100,0.465863453815261,83,0.014310099573257452,100,0.43,100,0.43,100,0.43,100,0.43,100
helm/helm,causal_rolling_mad,rerun_rate,metric_shift,latency_log+failure_rate+rerun_rate,3,medium,8,low_volume,none,100,0.27,100,2.2222222222222223,27,0.04444444444444437,100,0.33,100,0.0,100,0.34,100,0.0575,100,0.04125,100,0.021739130434782653,100,0.25970695970695973,91,0.037837837837837805,100,0.27,100,0.27,100,0.27,100,0.27,100
helm/helm,causal_rolling_mad,union,metric_shift,latency_log+failure_rate+rerun_rate,3,medium,8,low_volume,none,100,1.0,100,1.1,100,0.11111111111111088,100,4.33,100,0.0,100,1.0,100,0.12875,100,0.5426785714285713,100,0.021739130434782653,100,0.6729368686868687,100,0.07590327169274538,100,1.0,100,1.0,100,1.0,100,1.0,100
helm/helm,causal_rolling_mad,two_of_three,metric_shift,latency_log+failure_rate+rerun_rate,3,medium,8,low_volume,none,100,0.65,100,1.4923076923076923,65,0.0,100,1.01,100,0.0,100,0.65,100,0.0,100,0.12625,100,0.021739130434782653,100,1.0,65,0.0,100,0.65,100,0.65,100,0.65,100,0.65,100
helm/helm,mewma,mewma,metric_shift,latency_log+failure_rate+rerun_rate,3,medium,8,low_volume,none,100,1.0,100,1.71,100,0.0,100,8.66,100,2.37,100,1.0,100,0.0,100,0.6108914141414146,100,0.0,100,0.7322961760461761,100,0.0623684210526315,100,1.0,100,1.0,100,1.0,100,1.0,100
helm/helm,causal_rolling_mad,latency_log,metric_shift,latency_log+failure_rate+rerun_rate,3,medium,8,observed,controlled,100,0.6,100,0.8333333333333334,60,0.0,100,1.59,100,0.0,100,0.6,100,0.0,100,0.5318866787221218,79,0.3430434782608697,100,1.0,60,0.0,100,0.6,100,0.6,100,0.6,100,0.6,100
helm/helm,causal_rolling_mad,failure_rate,metric_shift,latency_log+failure_rate+rerun_rate,3,medium,8,observed,controlled,100,0.19,100,1.2105263157894737,19,0.017705933098091865,100,0.27,100,0.0,100,0.2,100,0.010166666666666668,100,0.08464118041582831,71,0.32608695652173914,100,0.2916666666666667,60,0.015385925277671632,100,0.19,100,0.19,100,0.19,100,0.19,100
helm/helm,causal_rolling_mad,rerun_rate,metric_shift,latency_log+failure_rate+rerun_rate,3,medium,8,observed,controlled,100,0.07,100,1.4285714285714286,7,0.04861357048801101,100,0.08,100,0.0,100,0.11,100,0.023249999999999996,100,0.03135479543930248,71,0.3482608695652176,100,0.08442982456140351,76,0.049652784219753006,100,0.07,100,0.07,100,0.07,100,0.07,100
helm/helm,causal_rolling_mad,union,metric_shift,latency_log+failure_rate+rerun_rate,3,medium,8,observed,controlled,100,0.16,100,0.4375,16,0.09925956583413406,100,0.18,100,0.0,100,0.2,100,0.045,100,0.3611111111111111,36,0.4263043478260874,100,0.0863157894736842,95,0.09779639267504088,100,0.16,100,0.16,100,0.16,100,0.16,100
helm/helm,causal_rolling_mad,two_of_three,metric_shift,latency_log+failure_rate+rerun_rate,3,medium,8,observed,controlled,100,0.03,100,0.3333333333333333,3,0.0,100,0.04,100,0.0,100,0.03,100,0.0,100,0.06944444444444445,36,0.4263043478260874,100,1.0,3,0.0,100,0.03,100,0.03,100,0.03,100,0.03,100
helm/helm,mewma,mewma,metric_shift,latency_log+failure_rate+rerun_rate,3,medium,8,observed,controlled,100,1.0,100,2.49,100,0.0,100,7.38,100,1.96,100,1.0,100,0.0,100,0.5522525252525254,100,0.0019565217391304345,100,0.7395873015873013,100,0.051578947368421016,100,1.0,100,1.0,100,1.0,100,1.0,100
pytest-dev/pytest,causal_rolling_mad,latency_log,no_injection,none,0,none,0,observed,none,1,,0,,0,0.13333333333333333,1,0.0,1,0.0,1,,0,,0,,0,0.021739130434782608,1,0.0,1,0.13333333333333333,1,,0,,0,,0,,0
pytest-dev/pytest,causal_rolling_mad,failure_rate,no_injection,none,0,none,0,observed,none,1,,0,,0,0.0,1,0.0,1,0.0,1,,0,,0,,0,0.021739130434782608,1,,0,0.0,1,,0,,0,,0,,0
pytest-dev/pytest,causal_rolling_mad,rerun_rate,no_injection,none,0,none,0,observed,none,1,,0,,0,0.0,1,0.0,1,0.0,1,,0,,0,,0,0.8695652173913043,1,,0,0.0,1,,0,,0,,0,,0
pytest-dev/pytest,causal_rolling_mad,union,no_injection,none,0,none,0,observed,none,1,,0,,0,0.3333333333333333,1,0.0,1,0.0,1,,0,,0,,0,0.8695652173913043,1,0.0,1,0.3333333333333333,1,,0,,0,,0,,0
pytest-dev/pytest,causal_rolling_mad,two_of_three,no_injection,none,0,none,0,observed,none,1,,0,,0,0.0,1,0.0,1,0.0,1,,0,,0,,0,0.8695652173913043,1,,0,0.0,1,,0,,0,,0,,0
pytest-dev/pytest,mewma,mewma,no_injection,none,0,none,0,observed,none,1,,0,,0,0.06521739130434782,1,0.0,1,0.0,1,,0,,0,,0,0.0,1,0.0,1,0.06521739130434782,1,,0,,0,,0,,0
pytest-dev/pytest,causal_rolling_mad,latency_log,metric_shift,latency_log,1,low,1,observed,none,100,0.03,100,0.0,3,0.13333333333333325,100,0.06,100,0.03,100,0.14,100,0.11,100,0.015463917525773196,97,0.021739130434782653,100,0.022083333333333333,100,0.12627272727272745,100,0.03,100,0.03,100,0.03,100,0.03,100
pytest-dev/pytest,causal_rolling_mad,failure_rate,metric_shift,latency_log,1,low,1,observed,none,100,0.0,100,,0,0.0,100,0.0,100,0.0,100,0.0,100,0.0,100,0.0,97,0.021739130434782653,100,,0,0.0,100,0.0,100,0.0,100,0.0,100,0.0,100
pytest-dev/pytest,causal_rolling_mad,rerun_rate,metric_shift,latency_log,1,low,1,observed,none,100,0.0,100,,0,0.0,100,0.0,100,0.0,100,0.0,100,0.0,100,0.0,16,0.8695652173913027,100,,0,0.0,100,0.0,100,0.0,100,0.0,100,0.0,100
pytest-dev/pytest,causal_rolling_mad,union,metric_shift,latency_log,1,low,1,observed,none,100,0.0,100,,0,0.3333333333333329,100,0.05,100,0.05,100,0.03,100,0.03,100,0.0,16,0.8695652173913027,100,0.015,100,0.34799999999999975,100,0.0,100,0.05,100,0.05,100,0.05,100
pytest-dev/pytest,causal_rolling_mad,two_of_three,metric_shift,latency_log,1,low,1,observed,none,100,0.0,100,,0,0.0,100,0.0,100,0.0,100,0.0,100,0.0,100,0.0,16,0.8695652173913027,100,,0,0.0,100,0.0,100,0.0,100,0.0,100,0.0,100
pytest-dev/pytest,mewma,mewma,metric_shift,latency_log,1,low,1,observed,none,100,0.0,100,,0,0.06521739130434773,100,0.02,100,0.02,100,0.02,100,0.02,100,0.0,100,0.0,100,0.006666666666666666,100,0.06666666666666662,100,0.0,100,0.0,100,0.0,100,0.02,100
pytest-dev/pytest,causal_rolling_mad,latency_log,metric_shift,latency_log,1,medium,1,observed,none,100,0.08,100,0.0,8,0.13333333333333325,100,0.14,100,0.06,100,0.19,100,0.11,100,0.07,100,0.021739130434782653,100,0.030547619047619042,100,0.12613636363636377,100,0.08,100,0.12,100,0.12,100,0.12,100
pytest-dev/pytest,causal_rolling_mad,failure_rate,metric_shift,latency_log,1,medium,1,observed,none,100,0.0,100,,0,0.0,100,0.0,100,0.0,100,0.0,100,0.0,100,0.0,100,0.021739130434782653,100,,0,0.0,100,0.0,100,0.0,100,0.0,100,0.0,100
pytest-dev/pytest,causal_rolling_mad,rerun_rate,metric_shift,latency_log,1,medium,1,observed,none,100,0.0,100,,0,0.0,100,0.0,100,0.0,100,0.0,100,0.0,100,0.0,11,0.8695652173913027,100,,0,0.0,100,0.0,100,0.0,100,0.0,100,0.0,100
pytest-dev/pytest,causal_rolling_mad,union,metric_shift,latency_log,1,medium,1,observed,none,100,0.01,100,0.0,1,0.3333333333333329,100,0.04,100,0.03,100,0.05,100,0.04,100,0.045454545454545456,11,0.8695652173913027,100,0.0225,100,0.3386666666666664,100,0.01,100,0.03,100,0.03,100,0.03,100
pytest-dev/pytest,causal_rolling_mad,two_of_three,metric_shift,latency_log,1,medium,1,observed,none,100,0.0,100,,0,0.0,100,0.0,100,0.0,100,0.0,100,0.0,100,0.0,11,0.8695652173913027,100,,0,0.0,100,0.0,100,0.0,100,0.0,100,0.0,100
pytest-dev/pytest,mewma,mewma,metric_shift,latency_log,1,medium,1,observed,none,100,0.08,100,0.0,8,0.06521739130434773,100,0.23,100,0.15,100,0.11,100,0.03,100,0.08,100,0.0,100,0.028333333333333335,100,0.06933333333333329,100,0.08,100,0.15,100,0.16,100,0.17,100
pytest-dev/pytest,causal_rolling_mad,latency_log,metric_shift,latency_log,1,high,1,observed,none,100,0.16,100,0.0,16,0.13333333333333325,100,0.23,100,0.07,100,0.25,100,0.09,100,0.14948453608247422,97,0.021739130434782653,100,0.04132142857142857,100,0.12400000000000015,100,0.16,100,0.2,100,0.2,100,0.2,100
pytest-dev/pytest,causal_rolling_mad,failure_rate,metric_shift,latency_log,1,high,1,observed,none,100,0.0,100,,0,0.0,100,0.0,100,0.0,100,0.0,100,0.0,100,0.0,97,0.021739130434782653,100,,0,0.0,100,0.0,100,0.0,100,0.0,100,0.0,100
pytest-dev/pytest,causal_rolling_mad,rerun_rate,metric_shift,latency_log,1,high,1,observed,none,100,0.0,100,,0,0.0,100,0.0,100,0.0,100,0.0,100,0.0,100,0.0,5,0.8695652173913027,100,,0,0.0,100,0.0,100,0.0,100,0.0,100,0.0,100
pytest-dev/pytest,causal_rolling_mad,union,metric_shift,latency_log,1,high,1,observed,none,100,0.0,100,,0,0.3333333333333329,100,0.01,100,0.01,100,0.02,100,0.02,100,0.0,5,0.8695652173913027,100,0.01,100,0.3346666666666663,100,0.0,100,0.01,100,0.01,100,0.01,100
pytest-dev/pytest,causal_rolling_mad,two_of_three,metric_shift,latency_log,1,high,1,observed,none,100,0.0,100,,0,0.0,100,0.0,100,0.0,100,0.0,100,0.0,100,0.0,5,0.8695652173913027,100,,0,0.0,100,0.0,100,0.0,100,0.0,100,0.0,100
pytest-dev/pytest,mewma,mewma,metric_shift,latency_log,1,high,1,observed,none,100,0.08,100,0.0,8,0.06521739130434773,100,0.32,100,0.24,100,0.17,100,0.09,100,0.08,100,0.0,100,0.04416666666666666,100,0.06999999999999994,100,0.08,100,0.16,100,0.2,100,0.23,100
pytest-dev/pytest,causal_rolling_mad,latency_log,metric_shift,latency_log,1,medium,1,low_volume,none,100,0.08,100,0.0,8,0.13333333333333325,100,0.13,100,0.05,100,0.29,100,0.21,100,0.061855670103092786,97,0.021739130434782653,100,0.0457142857142857,100,0.12581818181818186,100,0.08,100,0.09,100,0.09,100,0.09,100
pytest-dev/pytest,causal_rolling_mad,failure_rate,metric_shift,latency_log,1,medium,1,low_volume,none,100,0.0,100,,0,0.0,100,0.0,100,0.0,100,0.0,100,0.0,100,0.0,97,0.021739130434782653,100,,0,0.0,100,0.0,100,0.0,100,0.0,100,0.0,100
pytest-dev/pytest,causal_rolling_mad,rerun_rate,metric_shift,latency_log,1,medium,1,low_volume,none,100,0.0,100,,0,0.0,100,0.0,100,0.0,100,0.0,100,0.0,100,0.0,12,0.8715217391304335,100,,0,0.0,100,0.0,100,0.0,100,0.0,100,0.0,100
pytest-dev/pytest,causal_rolling_mad,union,metric_shift,latency_log,1,medium,1,low_volume,none,100,0.0,100,,0,0.33933333333333304,100,0.02,100,0.02,100,0.06,100,0.06,100,0.0,12,0.8715217391304335,100,0.03,100,0.33933333333333304,100,0.0,100,0.02,100,0.02,100,0.02,100
pytest-dev/pytest,causal_rolling_mad,two_of_three,metric_shift,latency_log,1,medium,1,low_volume,none,100,0.0,100,,0,0.0,100,0.0,100,0.0,100,0.0,100,0.0,100,0.0,12,0.8715217391304335,100,,0,0.0,100,0.0,100,0.0,100,0.0,100,0.0,100
pytest-dev/pytest,mewma,mewma,metric_shift,latency_log,1,medium,1,low_volume,none,100,0.04,100,0.0,4,0.06521739130434773,100,0.19,100,0.15,100,0.12,100,0.08,100,0.035,100,0.0,100,0.03616666666666667,100,0.06822222222222217,100,0.04,100,0.1,100,0.1,100,0.11,100
pytest-dev/pytest,causal_rolling_mad,latency_log,metric_shift,latency_log,1,medium,1,observed,controlled,100,0.0,100,,0,0.13652535176569233,100,0.0,100,0.0,100,0.0,100,0.0,100,,0,0.30456521739130465,100,0.0,100,0.13652535176569233,100,0.0,100,0.0,100,0.0,100,0.0,100
pytest-dev/pytest,causal_rolling_mad,failure_rate,metric_shift,latency_log,1,medium,1,observed,controlled,100,0.0,100,,0,0.0,100,0.0,100,0.0,100,0.0,100,0.0,100,0.0,97,0.021739130434782653,100,,0,0.0,100,0.0,100,0.0,100,0.0,100,0.0,100
pytest-dev/pytest,causal_rolling_mad,rerun_rate,metric_shift,latency_log,1,medium,1,observed,controlled,100,0.0,100,,0,0.0,100,0.0,100,0.0,100,0.0,100,0.0,100,0.0,8,0.8695652173913027,100,,0,0.0,100,0.0,100,0.0,100,0.0,100,0.0,100
pytest-dev/pytest,causal_rolling_mad,union,metric_shift,latency_log,1,medium,1,observed,controlled,100,0.0,100,,0,0.337333333333333,75,0.0,100,0.0,100,0.0,100,0.0,100,,0,0.9089130434782597,100,0.0,71,0.337333333333333,75,0.0,100,0.0,100,0.0,100,0.0,100
pytest-dev/pytest,causal_rolling_mad,two_of_three,metric_shift,latency_log,1,medium,1,observed,controlled,100,0.0,100,,0,0.0,75,0.0,100,0.0,100,0.0,100,0.0,100,,0,0.9089130434782597,100,,0,0.0,75,0.0,100,0.0,100,0.0,100,0.0,100
pytest-dev/pytest,mewma,mewma,metric_shift,latency_log,1,medium,1,observed,controlled,100,0.03,100,0.0,3,0.06521739130434773,100,0.04,100,0.01,100,0.04,100,0.03,100,0.03,100,0.0,100,0.01,100,0.06399999999999996,100,0.03,100,0.04,100,0.04,100,0.04,100
pytest-dev/pytest,causal_rolling_mad,latency_log,metric_shift,latency_log,1,low,2,observed,none,100,0.16,100,0.875,16,0.13333333333333325,100,0.24,100,0.06,100,0.28,100,0.12,100,0.08,100,0.021739130434782653,100,0.06464285714285714,100,0.12016913319238914,100,0.16,100,0.16,100,0.16,100,0.16,100
pytest-dev/pytest,causal_rolling_mad,failure_rate,metric_shift,latency_log,1,low,2,observed,none,100,0.0,100,,0,0.0,100,0.0,100,0.0,100,0.0,100,0.0,100,0.0,100,0.021739130434782653,100,,0,0.0,100,0.0,100,0.0,100,0.0,100,0.0,100
pytest-dev/pytest,causal_rolling_mad,rerun_rate,metric_shift,latency_log,1,low,2,observed,none,100,0.0,100,,0,0.0,100,0.0,100,0.0,100,0.0,100,0.0,100,0.0,23,0.8695652173913027,100,,0,0.0,100,0.0,100,0.0,100,0.0,100,0.0,100
pytest-dev/pytest,causal_rolling_mad,union,metric_shift,latency_log,1,low,2,observed,none,100,0.03,100,1.0,3,0.3333333333333329,100,0.12,100,0.09,100,0.06,100,0.02,100,0.06521739130434782,23,0.8695652173913027,100,0.03,100,0.3706666666666667,100,0.03,100,0.12,100,0.12,100,0.12,100
pytest-dev/pytest,causal_rolling_mad,two_of_three,metric_shift,latency_log,1,low,2,observed,none,100,0.0,100,,0,0.0,100,0.0,100,0.0,100,0.0,100,0.0,100,0.0,23,0.8695652173913027,100,,0,0.0,100,0.0,100,0.0,100,0.0,100,0.0,100
pytest-dev/pytest,mewma,mewma,metric_shift,latency_log,1,low,2,observed,none,100,0.05,100,1.0,5,0.06521739130434773,100,0.16,100,0.11,100,0.13,100,0.065,100,0.025,100,0.0,100,0.05416666666666667,100,0.0677272727272728,100,0.05,100,0.06,100,0.07,100,0.11,100
pytest-dev/pytest,causal_rolling_mad,latency_log,metric_shift,latency_log,1,medium,2,observed,none,100,0.65,100,0.9076923076923077,65,0.13333333333333325,100,0.77,100,0.06,100,0.84,100,0.16,100,0.36500000000000005,100,0.021739130434782653,100,0.17303571428571415,100,0.11568710359408048,100,0.65,100,0.65,100,0.65,100,0.65,100
pytest-dev/pytest,causal_rolling_mad,failure_rate,metric_shift,latency_log,1,medium,2,observed,none,100,0.0,100,,0,0.0,100,0.0,100,0.0,100,0.0,100,0.0,100,0.0,100,0.021739130434782653,100,,0,0.0,100,0.0,100,0.0,100,0.0,100,0.0,100
pytest-dev/pytest,causal_rolling_mad,rerun_rate,metric_shift,latency_log,1,medium,2,observed,none,100,0.0,100,,0,0.0,100,0.0,100,0.0,100,0.0,100,0.0,100,0.0,8,0.8695652173913027,100,,0,0.0,100,0.0,100,0.0,100,0.0,100,0.0,100
pytest-dev/pytest,causal_rolling_mad,union,metric_shift,latency_log,1,medium,2,observed,none,100,0.03,100,1.0,3,0.3333333333333329,100,0.06,100,0.03,100,0.08,100,0.035,100,0.14583333333333331,8,0.8695652173913027,100,0.0425,100,0.3351666666666664,100,0.03,100,0.03,100,0.03,100,0.03,100
pytest-dev/pytest,causal_rolling_mad,two_of_three,metric_shift,latency_log,1,medium,2,observed,none,100,0.0,100,,0,0.0,100,0.0,100,0.0,100,0.0,100,0.0,100,0.0,8,0.8695652173913027,100,,0,0.0,100,0.0,100,0.0,100,0.0,100,0.0,100
pytest-dev/pytest,mewma,mewma,metric_shift,latency_log,1,medium,2,observed,none,100,0.19,100,0.8947368421052632,19,0.06521739130434773,100,0.38,100,0.19,100,0.26,100,0.08,100,0.095,100,0.0,100,0.09,100,0.06886363636363645,100,0.19,100,0.29,100,0.3,100,0.32,100
pytest-dev/pytest,causal_rolling_mad,latency_log,metric_shift,latency_log,1,high,2,observed,none,100,0.85,100,0.9411764705882353,85,0.13333333333333325,100,0.96,100,0.06,100,0.99,100,0.13,100,0.47,100,0.021739130434782653,100,0.18840476190476177,100,0.11818181818181833,100,0.85,100,0.85,100,0.85,100,0.85,100
pytest-dev/pytest,causal_rolling_mad,failure_rate,metric_shift,latency_log,1,high,2,observed,none,100,0.0,100,,0,0.0,100,0.0,100,0.0,100,0.0,100,0.0,100,0.0,100,0.021739130434782653,100,,0,0.0,100,0.0,100,0.0,100,0.0,100,0.0,100
pytest-dev/pytest,causal_rolling_mad,rerun_rate,metric_shift,latency_log,1,high,2,observed,none,100,0.0,100,,0,0.0,100,0.0,100,0.0,100,0.0,100,0.0,100,0.0,8,0.8695652173913027,100,,0,0.0,100,0.0,100,0.0,100,0.0,100,0.0,100
pytest-dev/pytest,causal_rolling_mad,union,metric_shift,latency_log,1,high,2,observed,none,100,0.06,100,0.8333333333333334,6,0.3333333333333329,100,0.09,100,0.02,100,0.08,100,0.02,100,0.41666666666666663,8,0.8695652173913027,100,0.04,100,0.3401666666666664,100,0.06,100,0.06,100,0.06,100,0.06,100
pytest-dev/pytest,causal_rolling_mad,two_of_three,metric_shift,latency_log,1,high,2,observed,none,100,0.0,100,,0,0.0,100,0.0,100,0.0,100,0.0,100,0.0,100,0.0,8,0.8695652173913027,100,,0,0.0,100,0.0,100,0.0,100,0.0,100,0.0,100
pytest-dev/pytest,mewma,mewma,metric_shift,latency_log,1,high,2,observed,none,100,0.78,100,0.8333333333333334,78,0.06521739130434773,100,2.01,100,1.12,100,0.84,100,0.06,100,0.2989999999999999,100,0.0,100,0.20038095238095224,100,0.09090909090909094,100,0.78,100,0.83,100,0.84,100,0.86,100
pytest-dev/pytest,causal_rolling_mad,latency_log,metric_shift,latency_log,1,medium,2,low_volume,none,100,0.66,100,0.9090909090909091,66,0.13333333333333325,100,0.78,100,0.06,100,0.82,100,0.135,100,0.355,100,0.021739130434782653,100,0.16736904761904753,100,0.11531712473572953,100,0.66,100,0.66,100,0.66,100,0.66,100
pytest-dev/pytest,causal_rolling_mad,failure_rate,metric_shift,latency_log,1,medium,2,low_volume,none,100,0.03,100,1.0,3,0.0,100,0.03,100,0.0,100,0.03,100,0.0,100,0.015,100,0.021739130434782653,100,1.0,3,0.0,100,0.03,100,0.03,100,0.03,100,0.03,100
pytest-dev/pytest,causal_rolling_mad,rerun_rate,metric_shift,latency_log,1,medium,2,low_volume,none,100,0.02,100,1.0,2,0.0,100,0.02,100,0.0,100,0.02,100,0.0,100,0.07142857142857142,14,0.8745652173913032,100,1.0,2,0.0,100,0.02,100,0.02,100,0.02,100,0.02,100
pytest-dev/pytest,causal_rolling_mad,union,metric_shift,latency_log,1,medium,2,low_volume,none,100,0.09,100,1.0,9,0.349333333333333,100,0.14,100,0.05,100,0.14,100,0.03,100,0.27380952380952384,14,0.8745652173913032,100,0.06333333333333334,100,0.33699999999999974,100,0.09,100,0.09,100,0.09,100,0.09,100
pytest-dev/pytest,causal_rolling_mad,two_of_three,metric_shift,latency_log,1,medium,2,low_volume,none,100,0.02,100,1.0,2,0.0,100,0.02,100,0.0,100,0.02,100,0.0,100,0.07142857142857142,14,0.8745652173913032,100,1.0,2,0.0,100,0.02,100,0.02,100,0.02,100,0.02,100
pytest-dev/pytest,mewma,mewma,metric_shift,latency_log,1,medium,2,low_volume,none,100,0.25,100,0.76,25,0.06521739130434773,100,0.59,100,0.29,100,0.33,100,0.065,100,0.13649999999999998,100,0.0,100,0.1016904761904762,100,0.0718181818181819,100,0.25,100,0.31,100,0.34,100,0.37,100
pytest-dev/pytest,causal_rolling_mad,latency_log,metric_shift,latency_log,1,medium,2,observed,controlled,100,0.04,100,0.0,4,0.13267060741952916,100,0.04,100,0.0,100,0.06,100,0.02,100,0.09302325581395349,43,0.2897826086956525,100,0.01269047619047619,100,0.13378586128682943,100,0.04,100,0.04,100,0.04,100,0.04,100
pytest-dev/pytest,causal_rolling_mad,failure_rate,metric_shift,latency_log,1,medium,2,observed,controlled,100,0.0,100,,0,0.0,100,0.0,100,0.0,100,0.0,100,0.0,100,0.0,100,0.021739130434782653,100,,0,0.0,100,0.0,100,0.0,100,0.0,100,0.0,100
pytest-dev/pytest,causal_rolling_mad,rerun_rate,metric_shift,latency_log,1,medium,2,observed,controlled,100,0.0,100,,0,0.0,100,0.0,100,0.0,100,0.0,100,0.0,100,0.0,19,0.8695652173913027,100,,0,0.0,100,0.0,100,0.0,100,0.0,100,0.0,100
pytest-dev/pytest,causal_rolling_mad,union,metric_shift,latency_log,1,medium,2,observed,controlled,100,0.02,100,0.0,2,0.3317269076305218,83,0.02,100,0.0,100,0.02,100,0.0,100,0.2857142857142857,7,0.9117391304347818,100,0.02857142857142857,70,0.33991769547325074,81,0.02,100,0.02,100,0.02,100,0.02,100
pytest-dev/pytest,causal_rolling_mad,two_of_three,metric_shift,latency_log,1,medium,2,observed,controlled,100,0.0,100,,0,0.0,83,0.0,100,0.0,100,0.0,100,0.0,100,0.0,7,0.9117391304347818,100,,0,0.0,81,0.0,100,0.0,100,0.0,100,0.0,100
pytest-dev/pytest,mewma,mewma,metric_shift,latency_log,1,medium,2,observed,controlled,100,0.02,100,1.0,2,0.06521739130434773,100,0.15,100,0.13,100,0.05,100,0.055,100,0.008333333333333333,100,0.0,100,0.020666666666666663,100,0.06681818181818189,100,0.02,100,0.04,100,0.05,100,0.08,100
pytest-dev/pytest,causal_rolling_mad,latency_log,metric_shift,latency_log,1,low,4,observed,none,100,0.18,100,1.4444444444444444,18,0.13333333333333325,100,0.25,100,0.01,100,0.38,100,0.12,100,0.059500000000000004,100,0.021739130434782653,100,0.11438095238095239,100,0.11066202090592336,100,0.18,100,0.18,100,0.18,100,0.18,100
pytest-dev/pytest,causal_rolling_mad,failure_rate,metric_shift,latency_log,1,low,4,observed,none,100,0.0,100,,0,0.0,100,0.0,100,0.0,100,0.0,100,0.0,100,0.0,100,0.021739130434782653,100,,0,0.0,100,0.0,100,0.0,100,0.0,100,0.0,100
pytest-dev/pytest,causal_rolling_mad,rerun_rate,metric_shift,latency_log,1,low,4,observed,none,100,0.0,100,,0,0.0,100,0.0,100,0.0,100,0.0,100,0.0,100,0.0,11,0.8695652173913027,100,,0,0.0,100,0.0,100,0.0,100,0.0,100,0.0,100
pytest-dev/pytest,causal_rolling_mad,union,metric_shift,latency_log,1,low,4,observed,none,100,0.04,100,2.0,4,0.3333333333333329,100,0.06,100,0.02,100,0.09,100,0.0175,100,0.13636363636363635,11,0.8695652173913027,100,0.08823529411764706,85,0.27366666666666645,100,0.04,100,0.06,100,0.06,100,0.06,100
pytest-dev/pytest,causal_rolling_mad,two_of_three,metric_shift,latency_log,1,low,4,observed,none,100,0.0,100,,0,0.0,100,0.0,100,0.0,100,0.0,100,0.0,100,0.0,11,0.8695652173913027,100,,0,0.0,100,0.0,100,0.0,100,0.0,100,0.0,100
pytest-dev/pytest,mewma,mewma,metric_shift,latency_log,1,low,4,observed,none,100,0.18,100,2.3333333333333335,18,0.06521739130434773,100,0.27,100,0.09,100,0.18,100,0.04,100,0.045,100,0.0,100,0.085,100,0.06976190476190469,100,0.18,100,0.21,100,0.23,100,0.27,100
pytest-dev/pytest,causal_rolling_mad,latency_log,metric_shift,latency_log,1,medium,4,observed,none,100,0.76,100,1.3157894736842106,76,0.13333333333333325,100,1.55,100,0.04,100,0.76,100,0.12,100,0.3771666666666667,100,0.021739130434782653,100,0.2976706349206346,100,0.10797909407665511,100,0.76,100,0.76,100,0.76,100,0.76,100
pytest-dev/pytest,causal_rolling_mad,failure_rate,metric_shift,latency_log,1,medium,4,observed,none,100,0.0,100,,0,0.0,100,0.0,100,0.0,100,0.0,100,0.0,100,0.0,100,0.021739130434782653,100,,0,0.0,100,0.0,100,0.0,100,0.0,100,0.0,100
pytest-dev/pytest,causal_rolling_mad,rerun_rate,metric_shift,latency_log,1,medium,4,observed,none,100,0.0,100,,0,0.0,100,0.0,100,0.0,100,0.0,100,0.0,100,0.0,14,0.8695652173913027,100,,0,0.0,100,0.0,100,0.0,100,0.0,100,0.0,100
pytest-dev/pytest,causal_rolling_mad,union,metric_shift,latency_log,1,medium,4,observed,none,100,0.14,100,1.6428571428571428,14,0.3333333333333329,100,0.33,100,0.05,100,0.14,100,0.0125,100,0.6428571428571429,14,0.8695652173913027,100,0.11764705882352941,85,0.27166666666666645,100,0.14,100,0.14,100,0.14,100,0.14,100
pytest-dev/pytest,causal_rolling_mad,two_of_three,metric_shift,latency_log,1,medium,4,observed,none,100,0.0,100,,0,0.0,100,0.0,100,0.0,100,0.0,100,0.0,100,0.0,14,0.8695652173913027,100,,0,0.0,100,0.0,100,0.0,100,0.0,100,0.0,100
pytest-dev/pytest,mewma,mewma,metric_shift,latency_log,1,medium,4,observed,none,100,0.8,100,2.1125,80,0.06521739130434773,100,2.15,100,0.8,100,0.8,100,0.0675,100,0.28414285714285703,100,0.0,100,0.2983809523809523,100,0.08404761904761897,100,0.8,100,0.82,100,0.82,100,0.85,100
pytest-dev/pytest,causal_rolling_mad,latency_log,metric_shift,latency_log,1,high,4,observed,none,100,1.0,100,1.07,100,0.13333333333333325,100,2.73,100,0.08,100,1.0,100,0.095,100,0.6605000000000001,100,0.021739130434782653,100,0.39629365079365064,100,0.11505226480836239,100,1.0,100,1.0,100,1.0,100,1.0,100
pytest-dev/pytest,causal_rolling_mad,failure_rate,metric_shift,latency_log,1,high,4,observed,none,100,0.0,100,,0,0.0,100,0.0,100,0.0,100,0.0,100,0.0,100,0.0,100,0.021739130434782653,100,,0,0.0,100,0.0,100,0.0,100,0.0,100,0.0,100
pytest-dev/pytest,causal_rolling_mad,rerun_rate,metric_shift,latency_log,1,high,4,observed,none,100,0.0,100,,0,0.0,100,0.0,100,0.0,100,0.0,100,0.0,100,0.0,13,0.8695652173913027,100,,0,0.0,100,0.0,100,0.0,100,0.0,100,0.0,100
pytest-dev/pytest,causal_rolling_mad,union,metric_shift,latency_log,1,high,4,observed,none,100,0.13,100,1.9230769230769231,13,0.3333333333333329,100,0.29,100,0.03,100,0.13,100,0.0025,100,0.8461538461538461,13,0.8695652173913027,100,0.11666666666666667,90,0.27966666666666634,100,0.13,100,0.13,100,0.13,100,0.13,100
pytest-dev/pytest,causal_rolling_mad,two_of_three,metric_shift,latency_log,1,high,4,observed,none,100,0.0,100,,0,0.0,100,0.0,100,0.0,100,0.0,100,0.0,100,0.0,13,0.8695652173913027,100,,0,0.0,100,0.0,100,0.0,100,0.0,100,0.0,100
pytest-dev/pytest,mewma,mewma,metric_shift,latency_log,1,high,4,observed,none,100,1.0,100,1.17,100,0.06521739130434773,100,6.01,100,3.24,100,1.0,100,0.0375,100,0.39254365079365067,100,0.0,100,0.332872655122655,100,0.1449999999999998,100,1.0,100,1.0,100,1.0,100,1.0,100
pytest-dev/pytest,causal_rolling_mad,latency_log,metric_shift,latency_log,1,medium,4,low_volume,none,100,0.81,100,1.345679012345679,81,0.13333333333333325,100,1.64,100,0.04,100,0.81,100,0.13,100,0.39966666666666667,100,0.021739130434782653,100,0.3066587301587301,100,0.109198606271777,100,0.81,100,0.81,100,0.81,100,0.81,100
pytest-dev/pytest,causal_rolling_mad,failure_rate,metric_shift,latency_log,1,medium,4,low_volume,none,100,0.0,100,,0,0.0,100,0.0,100,0.0,100,0.0,100,0.0,100,0.0,100,0.0221739130434783,100,,0,0.0,100,0.0,100,0.0,100,0.0,100,0.0,100
pytest-dev/pytest,causal_rolling_mad,rerun_rate,metric_shift,latency_log,1,medium,4,low_volume,none,100,0.01,100,1.0,1,0.0,99,0.01,100,0.0,100,0.01,100,0.0,100,0.017857142857142856,14,0.8823913043478251,100,1.0,1,0.0,99,0.01,100,0.01,100,0.01,100,0.01,100
pytest-dev/pytest,causal_rolling_mad,union,metric_shift,latency_log,1,medium,4,low_volume,none,100,0.14,100,1.2142857142857142,14,0.38148148148148125,99,0.32,100,0.02,100,0.14,100,0.0225,100,0.6071428571428571,14,0.8828260869565208,100,0.15833333333333333,80,0.2343434343434342,99,0.14,100,0.14,100,0.14,100,0.14,100
pytest-dev/pytest,causal_rolling_mad,two_of_three,metric_shift,latency_log,1,medium,4,low_volume,none,100,0.02,100,1.0,2,0.0,99,0.03,100,0.0,100,0.02,100,0.0,100,0.05357142857142857,14,0.8828260869565208,100,1.0,2,0.0,99,0.02,100,0.02,100,0.02,100,0.02,100
pytest-dev/pytest,mewma,mewma,metric_shift,latency_log,1,medium,4,low_volume,none,100,0.83,100,2.1204819277108435,83,0.06521739130434773,100,2.45,100,0.97,100,0.83,100,0.06,100,0.3068571428571427,100,0.0,100,0.3059126984126983,100,0.08880952380952369,100,0.83,100,0.86,100,0.86,100,0.9,100
pytest-dev/pytest,causal_rolling_mad,latency_log,metric_shift,latency_log,1,medium,4,observed,controlled,100,0.34,100,0.8529411764705882,34,0.14014600706596342,100,0.48,100,0.0,100,0.48,100,0.1383333333333333,100,0.2619047619047619,77,0.31217391304347863,100,0.14002380952380952,100,0.13782282471762605,100,0.34,100,0.34,100,0.34,100,0.34,100
pytest-dev/pytest,causal_rolling_mad,failure_rate,metric_shift,latency_log,1,medium,4,observed,controlled,100,0.0,100,,0,0.0,100,0.0,100,0.0,100,0.0,100,0.0,100,0.0,100,0.021739130434782653,100,,0,0.0,100,0.0,100,0.0,100,0.0,100,0.0,100
pytest-dev/pytest,causal_rolling_mad,rerun_rate,metric_shift,latency_log,1,medium,4,observed,controlled,100,0.0,100,,0,0.0,100,0.0,100,0.0,100,0.0,100,0.0,100,0.0,9,0.8695652173913027,100,,0,0.0,100,0.0,100,0.0,100,0.0,100,0.0,100
pytest-dev/pytest,causal_rolling_mad,union,metric_shift,latency_log,1,medium,4,observed,controlled,100,0.04,100,1.25,4,0.35244444444444417,75,0.05,100,0.0,100,0.04,100,0.0,100,0.5333333333333333,5,0.9141304347826081,100,0.0547945205479452,73,0.37230046948356776,71,0.04,100,0.04,100,0.04,100,0.04,100
pytest-dev/pytest,causal_rolling_mad,two_of_three,metric_shift,latency_log,1,medium,4,observed,controlled,100,0.0,100,,0,0.0,75,0.0,100,0.0,100,0.0,100,0.0,100,0.0,5,0.9141304347826081,100,,0,0.0,71,0.0,100,0.0,100,0.0,100,0.0,100
pytest-dev/pytest,mewma,mewma,metric_shift,latency_log,1,medium,4,observed,controlled,100,0.62,100,2.3225806451612905,62,0.06521739130434773,100,1.43,100,0.45,100,0.63,100,0.0625,100,0.22466666666666663,100,0.0,100,0.23514285714285715,100,0.07595238095238085,100,0.62,100,0.66,100,0.66,100,0.7,100
pytest-dev/pytest,causal_rolling_mad,latency_log,metric_shift,latency_log,1,low,8,observed,none,100,0.24,100,2.2083333333333335,24,0.13333333333333325,100,0.36,100,0.0,100,0.55,100,0.11071428571428571,100,0.045,100,0.021739130434782653,100,0.20248809523809516,100,0.10310099573257475,100,0.24,100,0.24,100,0.24,100,0.24,100
pytest-dev/pytest,causal_rolling_mad,failure_rate,metric_shift,latency_log,1,low,8,observed,none,100,0.0,100,,0,0.0,100,0.0,100,0.0,100,0.0,100,0.0,100,0.0,100,0.021739130434782653,100,,0,0.0,100,0.0,100,0.0,100,0.0,100,0.0,100
pytest-dev/pytest,causal_rolling_mad,rerun_rate,metric_shift,latency_log,1,low,8,observed,none,100,0.0,100,,0,0.0,100,0.0,100,0.0,100,0.0,100,0.0,100,0.0,17,0.8695652173913027,100,,0,0.0,98,0.0,100,0.0,100,0.0,100,0.0,100
pytest-dev/pytest,causal_rolling_mad,union,metric_shift,latency_log,1,low,8,observed,none,100,0.02,100,3.0,2,0.3333333333333329,100,0.02,100,0.0,100,0.02,100,0.006666666666666666,100,0.0196078431372549,17,0.8695652173913027,100,0.028169014084507043,71,0.23469387755102025,98,0.02,100,0.02,100,0.02,100,0.02,100
pytest-dev/pytest,causal_rolling_mad,two_of_three,metric_shift,latency_log,1,low,8,observed,none,100,0.0,100,,0,0.0,100,0.0,100,0.0,100,0.0,100,0.0,100,0.0,17,0.8695652173913027,100,,0,0.0,98,0.0,100,0.0,100,0.0,100,0.0,100
pytest-dev/pytest,mewma,mewma,metric_shift,latency_log,1,low,8,observed,none,100,0.54,100,4.37037037037037,54,0.06521739130434773,100,1.03,100,0.25,100,0.54,100,0.06875,100,0.09569444444444442,100,0.0,100,0.283,100,0.07105263157894728,100,0.54,100,0.59,100,0.59,100,0.61,100
pytest-dev/pytest,causal_rolling_mad,latency_log,metric_shift,latency_log,1,medium,8,observed,none,100,0.75,100,1.2,75,0.13333333333333325,100,2.07,100,0.0,100,0.83,100,0.12374999999999999,100,0.25999999999999995,100,0.021739130434782653,100,0.3828968253968255,100,0.10169274537695594,100,0.75,100,0.75,100,0.75,100,0.75,100
pytest-dev/pytest,causal_rolling_mad,failure_rate,metric_shift,latency_log,1,medium,8,observed,none,100,0.0,100,,0,0.0,100,0.0,100,0.0,100,0.0,100,0.0,100,0.0,100,0.021739130434782653,100,,0,0.0,100,0.0,100,0.0,100,0.0,100,0.0,100
pytest-dev/pytest,causal_rolling_mad,rerun_rate,metric_shift,latency_log,1,medium,8,observed,none,100,0.0,100,,0,0.0,100,0.0,100,0.0,100,0.0,100,0.0,100,0.0,15,0.8695652173913027,100,,0,0.0,95,0.0,100,0.0,100,0.0,100,0.0,100
pytest-dev/pytest,causal_rolling_mad,union,metric_shift,latency_log,1,medium,8,observed,none,100,0.11,100,3.3636363636363638,11,0.3333333333333329,100,0.32,100,0.0,100,0.11,100,0.016666666666666666,100,0.4555555555555556,15,0.8695652173913027,100,0.14102564102564102,78,0.23508771929824548,95,0.11,100,0.11,100,0.11,100,0.11,100
pytest-dev/pytest,causal_rolling_mad,two_of_three,metric_shift,latency_log,1,medium,8,observed,none,100,0.0,100,,0,0.0,100,0.0,100,0.0,100,0.0,100,0.0,100,0.0,15,0.8695652173913027,100,,0,0.0,95,0.0,100,0.0,100,0.0,100,0.0,100
pytest-dev/pytest,mewma,mewma,metric_shift,latency_log,1,medium,8,observed,none,100,1.0,100,2.89,100,0.06521739130434773,100,6.62,100,1.89,100,1.0,100,0.05625,100,0.48883216783216815,100,0.0,100,0.5431547896547899,100,0.1168421052631579,100,1.0,100,1.0,100,1.0,100,1.0,100
pytest-dev/pytest,causal_rolling_mad,latency_log,metric_shift,latency_log,1,high,8,observed,none,100,1.0,100,1.22,100,0.13333333333333325,100,3.83,100,0.0,100,1.0,100,0.12821428571428573,100,0.4808928571428572,100,0.021739130434782653,100,0.5371309523809528,100,0.10339971550497871,100,1.0,100,1.0,100,1.0,100,1.0,100
pytest-dev/pytest,causal_rolling_mad,failure_rate,metric_shift,latency_log,1,high,8,observed,none,100,0.0,100,,0,0.0,100,0.0,100,0.0,100,0.0,100,0.0,100,0.0,100,0.021739130434782653,100,,0,0.0,100,0.0,100,0.0,100,0.0,100,0.0,100
pytest-dev/pytest,causal_rolling_mad,rerun_rate,metric_shift,latency_log,1,high,8,observed,none,100,0.0,100,,0,0.0,100,0.0,100,0.0,100,0.0,100,0.0,100,0.0,17,0.8695652173913027,100,,0,0.0,98,0.0,100,0.0,100,0.0,100,0.0,100
pytest-dev/pytest,causal_rolling_mad,union,metric_shift,latency_log,1,high,8,observed,none,100,0.14,100,3.5714285714285716,14,0.3333333333333329,100,0.46,100,0.0,100,0.14,100,0.020666666666666663,100,0.623529411764706,17,0.8695652173913027,100,0.16279069767441862,86,0.2448979591836733,98,0.14,100,0.14,100,0.14,100,0.14,100
pytest-dev/pytest,causal_rolling_mad,two_of_three,metric_shift,latency_log,1,high,8,observed,none,100,0.0,100,,0,0.0,100,0.0,100,0.0,100,0.0,100,0.0,100,0.0,17,0.8695652173913027,100,,0,0.0,98,0.0,100,0.0,100,0.0,100,0.0,100
pytest-dev/pytest,mewma,mewma,metric_shift,latency_log,1,high,8,observed,none,100,1.0,100,1.23,100,0.06521739130434773,100,9.98,100,3.56,100,1.0,100,0.06375,100,0.5653966311466314,100,0.0,100,0.5500496350055177,100,0.15921052631578947,100,1.0,100,1.0,100,1.0,100,1.0,100
pytest-dev/pytest,causal_rolling_mad,latency_log,metric_shift,latency_log,1,medium,8,low_volume,none,100,0.78,100,1.0512820512820513,78,0.13333333333333325,100,2.11,100,0.0,100,0.87,100,0.12678571428571428,100,0.2642857142857143,100,0.021739130434782653,100,0.3838412698412699,100,0.10477951635846379,100,0.78,100,0.78,100,0.78,100,0.78,100
pytest-dev/pytest,causal_rolling_mad,failure_rate,metric_shift,latency_log,1,medium,8,low_volume,none,100,0.04,100,5.0,4,0.0,100,0.06,100,0.02,100,0.04,100,0.0,100,0.005,100,0.029347826086956567,100,0.8,5,0.0006451612903225806,100,0.04,100,0.04,100,0.05,100,0.05,100
pytest-dev/pytest,causal_rolling_mad,rerun_rate,metric_shift,latency_log,1,medium,8,low_volume,none,100,0.0,100,,0,0.0,89,0.0,100,0.0,100,0.0,100,0.0,100,0.0,7,0.896086956521738,100,,0,0.0,85,0.0,100,0.0,100,0.0,100,0.0,100
pytest-dev/pytest,causal_rolling_mad,union,metric_shift,latency_log,1,medium,8,low_volume,none,100,0.05,100,3.0,5,0.42996254681647916,89,0.14,100,0.0,100,0.05,100,0.0225,100,0.369047619047619,7,0.8999999999999989,100,0.07042253521126761,71,0.2752941176470587,85,0.05,100,0.05,100,0.05,100,0.05,100
pytest-dev/pytest,causal_rolling_mad,two_of_three,metric_shift,latency_log,1,medium,8,low_volume,none,100,0.01,100,3.0,1,0.0,89,0.01,100,0.0,100,0.01,100,0.0,100,0.023809523809523808,7,0.8999999999999989,100,1.0,1,0.0,85,0.01,100,0.01,100,0.01,100,0.01,100
pytest-dev/pytest,mewma,mewma,metric_shift,latency_log,1,medium,8,low_volume,none,100,1.0,100,2.63,100,0.06521739130434773,100,6.79,100,1.81,100,1.0,100,0.06125,100,0.5165709013209014,100,0.0,100,0.5654130036630036,100,0.1136842105263158,100,1.0,100,1.0,100,1.0,100,1.0,100
pytest-dev/pytest,causal_rolling_mad,latency_log,metric_shift,latency_log,1,medium,8,observed,controlled,100,0.47,100,1.0,47,0.14308408334697134,100,0.8,100,0.0,100,0.49,100,0.05683333333333333,100,0.34145299145299146,78,0.3591304347826088,100,0.15524206349206351,100,0.1446330419444028,100,0.47,100,0.47,100,0.47,100,0.47,100
pytest-dev/pytest,causal_rolling_mad,failure_rate,metric_shift,latency_log,1,medium,8,observed,controlled,100,0.0,100,,0,0.0,100,0.0,100,0.0,100,0.0,100,0.0,100,0.0,100,0.021739130434782653,100,,0,0.0,100,0.0,100,0.0,100,0.0,100,0.0,100
pytest-dev/pytest,causal_rolling_mad,rerun_rate,metric_shift,latency_log,1,medium,8,observed,controlled,100,0.0,100,,0,0.0,100,0.0,100,0.0,100,0.0,100,0.0,100,0.0,19,0.8695652173913027,100,,0,0.0,100,0.0,100,0.0,100,0.0,100,0.0,100
pytest-dev/pytest,causal_rolling_mad,union,metric_shift,latency_log,1,medium,8,observed,controlled,100,0.03,100,3.6666666666666665,3,0.4105820105820105,63,0.05,100,0.0,100,0.03,100,0.0,100,1.0,3,0.9308695652173907,100,0.04838709677419355,62,0.41444444444444434,60,0.03,100,0.03,100,0.03,100,0.03,100
pytest-dev/pytest,causal_rolling_mad,two_of_three,metric_shift,latency_log,1,medium,8,observed,controlled,100,0.0,100,,0,0.0,63,0.0,100,0.0,100,0.0,100,0.0,100,0.0,3,0.9308695652173907,100,,0,0.0,60,0.0,100,0.0,100,0.0,100,0.0,100
pytest-dev/pytest,mewma,mewma,metric_shift,latency_log,1,medium,8,observed,controlled,100,1.0,100,3.6,100,0.06521739130434773,100,6.03,100,1.8,100,1.0,100,0.02875,100,0.4395429292929293,100,0.0,100,0.4879354256854256,100,0.1202631578947368,100,1.0,100,1.0,100,1.0,100,1.0,100
pytest-dev/pytest,causal_rolling_mad,latency_log,metric_shift,failure_rate,1,low,1,observed,none,100,0.0,100,,0,0.13333333333333325,100,0.0,100,0.0,100,0.13,100,0.13,100,0.0,98,0.021739130434782653,100,0.021666666666666664,100,0.133348484848485,100,0.0,100,0.0,100,0.0,100,0.0,100
pytest-dev/pytest,causal_rolling_mad,failure_rate,metric_shift,failure_rate,1,low,1,observed,none,100,0.0,100,,0,0.0,100,0.0,100,0.0,100,0.0,100,0.0,100,0.0,98,0.021739130434782653,100,,0,0.0,100,0.0,100,0.0,100,0.0,100,0.0,100
pytest-dev/pytest,causal_rolling_mad,rerun_rate,metric_shift,failure_rate,1,low,1,observed,none,100,0.0,100,,0,0.0,100,0.0,100,0.0,100,0.0,100,0.0,100,0.0,15,0.8695652173913027,100,,0,0.0,100,0.0,100,0.0,100,0.0,100,0.0,100
pytest-dev/pytest,causal_rolling_mad,union,metric_shift,failure_rate,1,low,1,observed,none,100,0.0,100,,0,0.3333333333333329,100,0.0,100,0.0,100,0.03,100,0.03,100,0.0,15,0.8695652173913027,100,0.015,100,0.33733333333333293,100,0.0,100,0.0,100,0.0,100,0.0,100
pytest-dev/pytest,causal_rolling_mad,two_of_three,metric_shift,failure_rate,1,low,1,observed,none,100,0.0,100,,0,0.0,100,0.0,100,0.0,100,0.0,100,0.0,100,0.0,15,0.8695652173913027,100,,0,0.0,100,0.0,100,0.0,100,0.0,100,0.0,100
pytest-dev/pytest,mewma,mewma,metric_shift,failure_rate,1,low,1,observed,none,100,0.0,100,,0,0.06521739130434773,100,0.0,100,0.0,100,0.06,100,0.06,100,0.0,100,0.0,100,0.019999999999999997,100,0.0653333333333333,100,0.0,100,0.0,100,0.0,100,0.0,100
pytest-dev/pytest,causal_rolling_mad,latency_log,metric_shift,failure_rate,1,medium,1,observed,none,100,0.0,100,,0,0.13333333333333325,100,0.0,100,0.0,100,0.12,100,0.12,100,0.0,97,0.021739130434782653,100,0.02,100,0.1335454545454547,100,0.0,100,0.0,100,0.0,100,0.0,100
pytest-dev/pytest,causal_rolling_mad,failure_rate,metric_shift,failure_rate,1,medium,1,observed,none,100,0.0,100,,0,0.0,100,0.0,100,0.0,100,0.0,100,0.0,100,0.0,97,0.021739130434782653,100,,0,0.0,100,0.0,100,0.0,100,0.0,100,0.0,100
pytest-dev/pytest,causal_rolling_mad,rerun_rate,metric_shift,failure_rate,1,medium,1,observed,none,100,0.0,100,,0,0.0,100,0.0,100,0.0,100,0.0,100,0.0,100,0.0,12,0.8695652173913027,100,,0,0.0,100,0.0,100,0.0,100,0.0,100,0.0,100
pytest-dev/pytest,causal_rolling_mad,union,metric_shift,failure_rate,1,medium,1,observed,none,100,0.0,100,,0,0.3333333333333329,100,0.0,100,0.0,100,0.03,100,0.03,100,0.0,12,0.8695652173913027,100,0.015,100,0.335333333333333,100,0.0,100,0.0,100,0.0,100,0.0,100
pytest-dev/pytest,causal_rolling_mad,two_of_three,metric_shift,failure_rate,1,medium,1,observed,none,100,0.0,100,,0,0.0,100,0.0,100,0.0,100,0.0,100,0.0,100,0.0,12,0.8695652173913027,100,,0,0.0,100,0.0,100,0.0,100,0.0,100,0.0,100
pytest-dev/pytest,mewma,mewma,metric_shift,failure_rate,1,medium,1,observed,none,100,0.0,100,,0,0.06521739130434773,100,0.0,100,0.0,100,0.04,100,0.04,100,0.0,100,0.0,100,0.013333333333333332,100,0.06577777777777775,100,0.0,100,0.0,100,0.0,100,0.0,100
pytest-dev/pytest,causal_rolling_mad,latency_log,metric_shift,failure_rate,1,high,1,observed,none,100,0.0,100,,0,0.13333333333333325,100,0.0,100,0.0,100,0.13,100,0.13,100,0.0,98,0.021739130434782653,100,0.021666666666666664,100,0.133348484848485,100,0.0,100,0.0,100,0.0,100,0.0,100
pytest-dev/pytest,causal_rolling_mad,failure_rate,metric_shift,failure_rate,1,high,1,observed,none,100,0.01,100,0.0,1,0.0,100,0.01,100,0.0,100,0.01,100,0.0,100,0.01020408163265306,98,0.021739130434782653,100,1.0,1,0.0,100,0.01,100,0.01,100,0.01,100,0.01,100
pytest-dev/pytest,causal_rolling_mad,rerun_rate,metric_shift,failure_rate,1,high,1,observed,none,100,0.0,100,,0,0.0,100,0.0,100,0.0,100,0.0,100,0.0,100,0.0,14,0.8695652173913027,100,,0,0.0,100,0.0,100,0.0,100,0.0,100,0.0,100
pytest-dev/pytest,causal_rolling_mad,union,metric_shift,failure_rate,1,high,1,observed,none,100,0.0,100,,0,0.3333333333333329,100,0.0,100,0.0,100,0.03,100,0.03,100,0.0,14,0.8695652173913027,100,0.015,100,0.3366666666666663,100,0.0,100,0.0,100,0.0,100,0.0,100
pytest-dev/pytest,causal_rolling_mad,two_of_three,metric_shift,failure_rate,1,high,1,observed,none,100,0.0,100,,0,0.0,100,0.0,100,0.0,100,0.0,100,0.0,100,0.0,14,0.8695652173913027,100,,0,0.0,100,0.0,100,0.0,100,0.0,100,0.0,100
pytest-dev/pytest,mewma,mewma,metric_shift,failure_rate,1,high,1,observed,none,100,0.0,100,,0,0.06521739130434773,100,0.0,100,0.0,100,0.05,100,0.05,100,0.0,100,0.0,100,0.016666666666666666,100,0.06555555555555552,100,0.0,100,0.0,100,0.0,100,0.0,100
pytest-dev/pytest,causal_rolling_mad,latency_log,metric_shift,failure_rate,1,medium,1,low_volume,none,100,0.0,100,,0,0.13333333333333325,100,0.0,100,0.0,100,0.13,100,0.13,100,0.0,97,0.021739130434782653,100,0.021666666666666664,100,0.133318181818182,100,0.0,100,0.0,100,0.0,100,0.0,100
pytest-dev/pytest,causal_rolling_mad,failure_rate,metric_shift,failure_rate,1,medium,1,low_volume,none,100,0.01,100,0.0,1,0.0,100,0.01,100,0.0,100,0.01,100,0.0,100,0.010309278350515464,97,0.021739130434782653,100,1.0,1,0.0,100,0.01,100,0.01,100,0.01,100,0.01,100
pytest-dev/pytest,causal_rolling_mad,rerun_rate,metric_shift,failure_rate,1,medium,1,low_volume,none,100,0.0,100,,0,0.0,100,0.0,100,0.0,100,0.0,100,0.0,100,0.0,10,0.8717391304347812,100,,0,0.0,100,0.0,100,0.0,100,0.0,100,0.0,100
pytest-dev/pytest,causal_rolling_mad,union,metric_shift,failure_rate,1,medium,1,low_volume,none,100,0.0,100,,0,0.33999999999999964,100,0.0,100,0.0,100,0.03,100,0.03,100,0.0,10,0.8717391304347812,100,0.015,100,0.3406666666666663,100,0.0,100,0.0,100,0.0,100,0.0,100
pytest-dev/pytest,causal_rolling_mad,two_of_three,metric_shift,failure_rate,1,medium,1,low_volume,none,100,0.0,100,,0,0.0,100,0.0,100,0.0,100,0.0,100,0.0,100,0.0,10,0.8717391304347812,100,,0,0.0,100,0.0,100,0.0,100,0.0,100,0.0,100
pytest-dev/pytest,mewma,mewma,metric_shift,failure_rate,1,medium,1,low_volume,none,100,0.0,100,,0,0.06521739130434773,100,0.0,100,0.0,100,0.03,100,0.04,100,0.0,100,0.0,100,0.01,100,0.06577777777777774,100,0.0,100,0.0,100,0.0,100,0.0,100
pytest-dev/pytest,causal_rolling_mad,latency_log,metric_shift,failure_rate,1,medium,1,observed,controlled,100,0.0,100,,0,0.13333333333333325,100,0.0,100,0.0,100,0.16,100,0.16,100,0.0,97,0.021739130434782653,100,0.02666666666666666,100,0.13263636363636377,100,0.0,100,0.0,100,0.0,100,0.0,100
pytest-dev/pytest,causal_rolling_mad,failure_rate,metric_shift,failure_rate,1,medium,1,observed,controlled,100,0.0,100,,0,0.0,100,0.0,100,0.0,100,0.0,100,0.0,100,,0,0.3043478260869568,100,,0,0.0,100,0.0,100,0.0,100,0.0,100,0.0,100
pytest-dev/pytest,causal_rolling_mad,rerun_rate,metric_shift,failure_rate,1,medium,1,observed,controlled,100,0.0,100,,0,0.0,100,0.0,100,0.0,100,0.0,100,0.0,100,0.0,11,0.8695652173913027,100,,0,0.0,100,0.0,100,0.0,100,0.0,100,0.0,100
pytest-dev/pytest,causal_rolling_mad,union,metric_shift,failure_rate,1,medium,1,observed,controlled,100,0.0,100,,0,0.34216867469879475,83,0.0,100,0.0,100,0.0,100,0.0,100,,0,0.903695652173912,100,0.0,76,0.34216867469879475,83,0.0,100,0.0,100,0.0,100,0.0,100
pytest-dev/pytest,causal_rolling_mad,two_of_three,metric_shift,failure_rate,1,medium,1,observed,controlled,100,0.0,100,,0,0.0,83,0.0,100,0.0,100,0.0,100,0.0,100,,0,0.903695652173912,100,,0,0.0,83,0.0,100,0.0,100,0.0,100,0.0,100
pytest-dev/pytest,mewma,mewma,metric_shift,failure_rate,1,medium,1,observed,controlled,100,0.0,100,,0,0.06521739130434773,100,0.0,100,0.0,100,0.07,100,0.07,100,0.0,100,0.0,100,0.02333333333333333,100,0.06511111111111106,100,0.0,100,0.0,100,0.0,100,0.0,100
pytest-dev/pytest,causal_rolling_mad,latency_log,metric_shift,failure_rate,1,low,2,observed,none,100,0.0,100,,0,0.13333333333333325,100,0.0,100,0.0,100,0.23,100,0.155,100,0.0,100,0.021739130434782653,100,0.05166666666666665,100,0.13229386892177605,100,0.0,100,0.0,100,0.0,100,0.0,100
pytest-dev/pytest,causal_rolling_mad,failure_rate,metric_shift,failure_rate,1,low,2,observed,none,100,0.0,100,,0,0.0,100,0.0,100,0.0,100,0.0,100,0.0,100,0.0,100,0.021739130434782653,100,,0,0.0,100,0.0,100,0.0,100,0.0,100,0.0,100
pytest-dev/pytest,causal_rolling_mad,rerun_rate,metric_shift,failure_rate,1,low,2,observed,none,100,0.0,100,,0,0.0,100,0.0,100,0.0,100,0.0,100,0.0,100,0.0,13,0.8695652173913027,100,,0,0.0,100,0.0,100,0.0,100,0.0,100,0.0,100
pytest-dev/pytest,causal_rolling_mad,union,metric_shift,failure_rate,1,low,2,observed,none,100,0.0,100,,0,0.3333333333333329,100,0.0,100,0.0,100,0.08,100,0.055,100,0.0,13,0.8695652173913027,100,0.055,100,0.3274999999999996,100,0.0,100,0.0,100,0.0,100,0.0,100
pytest-dev/pytest,causal_rolling_mad,two_of_three,metric_shift,failure_rate,1,low,2,observed,none,100,0.0,100,,0,0.0,100,0.0,100,0.0,100,0.0,100,0.0,100,0.0,13,0.8695652173913027,100,,0,0.0,100,0.0,100,0.0,100,0.0,100,0.0,100
pytest-dev/pytest,mewma,mewma,metric_shift,failure_rate,1,low,2,observed,none,100,0.0,100,,0,0.06521739130434773,100,0.0,100,0.0,100,0.07,100,0.045,100,0.0,100,0.0,100,0.029999999999999995,100,0.06613636363636374,100,0.0,100,0.0,100,0.0,100,0.0,100
pytest-dev/pytest,causal_rolling_mad,latency_log,metric_shift,failure_rate,1,medium,2,observed,none,100,0.0,100,,0,0.13333333333333325,100,0.0,100,0.0,100,0.14,100,0.095,100,0.0,100,0.021739130434782653,100,0.03166666666666666,100,0.1351162790697676,100,0.0,100,0.0,100,0.0,100,0.0,100
pytest-dev/pytest,causal_rolling_mad,failure_rate,metric_shift,failure_rate,1,medium,2,observed,none,100,0.01,100,1.0,1,0.0,100,0.01,100,0.0,100,0.01,100,0.0,100,0.005,100,0.021739130434782653,100,1.0,1,0.0,100,0.01,100,0.01,100,0.01,100,0.01,100
pytest-dev/pytest,causal_rolling_mad,rerun_rate,metric_shift,failure_rate,1,medium,2,observed,none,100,0.0,100,,0,0.0,100,0.0,100,0.0,100,0.0,100,0.0,100,0.0,10,0.8695652173913027,100,,0,0.0,100,0.0,100,0.0,100,0.0,100,0.0,100
pytest-dev/pytest,causal_rolling_mad,union,metric_shift,failure_rate,1,medium,2,observed,none,100,0.0,100,,0,0.3333333333333329,100,0.0,100,0.0,100,0.0,100,0.0,100,0.0,10,0.8695652173913027,100,0.0,100,0.3499999999999998,100,0.0,100,0.0,100,0.0,100,0.0,100
pytest-dev/pytest,causal_rolling_mad,two_of_three,metric_shift,failure_rate,1,medium,2,observed,none,100,0.0,100,,0,0.0,100,0.0,100,0.0,100,0.0,100,0.0,100,0.0,10,0.8695652173913027,100,,0,0.0,100,0.0,100,0.0,100,0.0,100,0.0,100
pytest-dev/pytest,mewma,mewma,metric_shift,failure_rate,1,medium,2,observed,none,100,0.0,100,,0,0.06521739130434773,100,0.0,100,0.0,100,0.08,100,0.06,100,0.0,100,0.0,100,0.039999999999999994,100,0.06545454545454554,100,0.0,100,0.0,100,0.0,100,0.0,100
pytest-dev/pytest,causal_rolling_mad,latency_log,metric_shift,failure_rate,1,high,2,observed,none,100,0.0,100,,0,0.13333333333333325,100,0.0,100,0.0,100,0.13,100,0.085,100,0.0,100,0.021739130434782653,100,0.028333333333333325,100,0.13548625792811853,100,0.0,100,0.0,100,0.0,100,0.0,100
pytest-dev/pytest,causal_rolling_mad,failure_rate,metric_shift,failure_rate,1,high,2,observed,none,100,0.18,100,0.8888888888888888,18,0.0,100,0.2,100,0.0,100,0.18,100,0.0,100,0.1,100,0.021739130434782653,100,1.0,18,0.0,100,0.18,100,0.18,100,0.18,100,0.18,100
pytest-dev/pytest,causal_rolling_mad,rerun_rate,metric_shift,failure_rate,1,high,2,observed,none,100,0.0,100,,0,0.0,100,0.0,100,0.0,100,0.0,100,0.0,100,0.0,14,0.8695652173913027,100,,0,0.0,100,0.0,100,0.0,100,0.0,100,0.0,100
pytest-dev/pytest,causal_rolling_mad,union,metric_shift,failure_rate,1,high,2,observed,none,100,0.01,100,1.0,1,0.3333333333333329,100,0.02,100,0.01,100,0.04,100,0.025,100,0.023809523809523808,14,0.8695652173913027,100,0.0275,100,0.3426666666666663,100,0.01,100,0.01,100,0.01,100,0.01,100
pytest-dev/pytest,causal_rolling_mad,two_of_three,metric_shift,failure_rate,1,high,2,observed,none,100,0.0,100,,0,0.0,100,0.0,100,0.0,100,0.0,100,0.0,100,0.0,14,0.8695652173913027,100,,0,0.0,100,0.0,100,0.0,100,0.0,100,0.0,100
pytest-dev/pytest,mewma,mewma,metric_shift,failure_rate,1,high,2,observed,none,100,0.01,100,1.0,1,0.06521739130434773,100,0.04,100,0.03,100,0.06,100,0.03,100,0.005,100,0.0,100,0.0225,100,0.06750000000000009,100,0.01,100,0.03,100,0.04,100,0.04,100
pytest-dev/pytest,causal_rolling_mad,latency_log,metric_shift,failure_rate,1,medium,2,low_volume,none,100,0.0,100,,0,0.13333333333333325,100,0.0,100,0.0,100,0.18,100,0.13,100,0.0,100,0.021739130434782653,100,0.04333333333333333,100,0.1333932346723046,100,0.0,100,0.0,100,0.0,100,0.0,100
pytest-dev/pytest,causal_rolling_mad,failure_rate,metric_shift,failure_rate,1,medium,2,low_volume,none,100,0.08,100,0.625,8,0.0,100,0.09,100,0.01,100,0.08,100,0.0,100,0.04,100,0.021739130434782653,100,0.8888888888888888,9,0.0002325581395348837,100,0.08,100,0.09,100,0.09,100,0.09,100
pytest-dev/pytest,causal_rolling_mad,rerun_rate,metric_shift,failure_rate,1,medium,2,low_volume,none,100,0.01,100,1.0,1,0.0,100,0.01,100,0.0,100,0.01,100,0.0,100,0.03125,16,0.8743478260869556,100,1.0,1,0.0,100,0.01,100,0.01,100,0.01,100,0.01,100
pytest-dev/pytest,causal_rolling_mad,union,metric_shift,failure_rate,1,medium,2,low_volume,none,100,0.02,100,0.5,2,0.3489999999999997,100,0.05,100,0.02,100,0.04,100,0.02,100,0.09375,16,0.8743478260869556,100,0.028333333333333332,100,0.36616666666666653,100,0.02,100,0.04,100,0.04,100,0.04,100
pytest-dev/pytest,causal_rolling_mad,two_of_three,metric_shift,failure_rate,1,medium,2,low_volume,none,100,0.0,100,,0,0.0,100,0.0,100,0.0,100,0.0,100,0.0,100,0.0,16,0.8743478260869556,100,,0,0.0,100,0.0,100,0.0,100,0.0,100,0.0,100
pytest-dev/pytest,mewma,mewma,metric_shift,failure_rate,1,medium,2,low_volume,none,100,0.01,100,1.0,1,0.06521739130434773,100,0.04,100,0.03,100,0.08,100,0.05,100,0.002,100,0.0,100,0.03142857142857143,100,0.065909090909091,100,0.01,100,0.01,100,0.01,100,0.01,100
pytest-dev/pytest,causal_rolling_mad,latency_log,metric_shift,failure_rate,1,medium,2,observed,controlled,100,0.0,100,,0,0.13333333333333325,100,0.0,100,0.0,100,0.16,100,0.105,100,0.0,100,0.021739130434782653,100,0.03499999999999999,100,0.13455602536997902,100,0.0,100,0.0,100,0.0,100,0.0,100
pytest-dev/pytest,causal_rolling_mad,failure_rate,metric_shift,failure_rate,1,medium,2,observed,controlled,100,0.0,100,,0,0.0,100,0.0,100,0.0,100,0.0,100,0.0,100,0.0,47,0.292826086956522,100,,0,0.0,100,0.0,100,0.0,100,0.0,100,0.0,100
pytest-dev/pytest,causal_rolling_mad,rerun_rate,metric_shift,failure_rate,1,medium,2,observed,controlled,100,0.0,100,,0,0.0,100,0.0,100,0.0,100,0.0,100,0.0,100,0.0,17,0.8695652173913027,100,,0,0.0,100,0.0,100,0.0,100,0.0,100,0.0,100
pytest-dev/pytest,causal_rolling_mad,union,metric_shift,failure_rate,1,medium,2,observed,controlled,100,0.0,100,,0,0.35789473684210504,76,0.0,100,0.0,100,0.0,100,0.0,100,0.0,6,0.9195652173913037,100,0.0,64,0.37777777777777755,72,0.0,100,0.0,100,0.0,100,0.0,100
pytest-dev/pytest,causal_rolling_mad,two_of_three,metric_shift,failure_rate,1,medium,2,observed,controlled,100,0.0,100,,0,0.0,76,0.0,100,0.0,100,0.0,100,0.0,100,0.0,6,0.9195652173913037,100,,0,0.0,72,0.0,100,0.0,100,0.0,100,0.0,100
pytest-dev/pytest,mewma,mewma,metric_shift,failure_rate,1,medium,2,observed,controlled,100,0.01,100,1.0,1,0.06521739130434773,100,0.01,100,0.0,100,0.09,100,0.055,100,0.005,100,0.0,100,0.03916666666666666,100,0.06568181818181827,100,0.01,100,0.01,100,0.01,100,0.01,100
pytest-dev/pytest,causal_rolling_mad,latency_log,metric_shift,failure_rate,1,low,4,observed,none,100,0.0,100,,0,0.13333333333333325,100,0.0,100,0.0,100,0.29,100,0.125,100,0.0,100,0.021739130434782653,100,0.08333333333333331,100,0.13407665505226485,100,0.0,100,0.0,100,0.0,100,0.0,100
pytest-dev/pytest,causal_rolling_mad,failure_rate,metric_shift,failure_rate,1,low,4,observed,none,100,0.02,100,2.0,2,0.0,100,0.02,100,0.0,100,0.02,100,0.0,100,0.005,100,0.021739130434782653,100,1.0,2,0.0,100,0.02,100,0.02,100,0.02,100,0.02,100
pytest-dev/pytest,causal_rolling_mad,rerun_rate,metric_shift,failure_rate,1,low,4,observed,none,100,0.0,100,,0,0.0,100,0.0,100,0.0,100,0.0,100,0.0,100,0.0,15,0.8695652173913027,100,,0,0.0,100,0.0,100,0.0,100,0.0,100,0.0,100
pytest-dev/pytest,causal_rolling_mad,union,metric_shift,failure_rate,1,low,4,observed,none,100,0.0,100,,0,0.3333333333333329,100,0.0,100,0.0,100,0.08,100,0.035,100,0.0,15,0.8695652173913027,100,0.07,100,0.35066666666666657,100,0.0,100,0.0,100,0.0,100,0.0,100
pytest-dev/pytest,causal_rolling_mad,two_of_three,metric_shift,failure_rate,1,low,4,observed,none,100,0.0,100,,0,0.0,100,0.0,100,0.0,100,0.0,100,0.0,100,0.0,15,0.8695652173913027,100,,0,0.0,100,0.0,100,0.0,100,0.0,100,0.0,100
pytest-dev/pytest,mewma,mewma,metric_shift,failure_rate,1,low,4,observed,none,100,0.0,100,,0,0.06521739130434773,100,0.0,100,0.0,100,0.22,100,0.08,100,0.0,100,0.0,100,0.10666666666666667,100,0.06380952380952376,100,0.0,100,0.0,100,0.0,100,0.0,100
pytest-dev/pytest,causal_rolling_mad,latency_log,metric_shift,failure_rate,1,medium,4,observed,none,100,0.0,100,,0,0.13333333333333325,100,0.0,100,0.0,100,0.28,100,0.11,100,0.0,100,0.021739130434782653,100,0.0733333333333333,100,0.1355400696864112,100,0.0,100,0.0,100,0.0,100,0.0,100
pytest-dev/pytest,causal_rolling_mad,failure_rate,metric_shift,failure_rate,1,medium,4,observed,none,100,0.0,100,,0,0.0,100,0.0,100,0.0,100,0.0,100,0.0,100,0.0,100,0.021739130434782653,100,,0,0.0,100,0.0,100,0.0,100,0.0,100,0.0,100
pytest-dev/pytest,causal_rolling_mad,rerun_rate,metric_shift,failure_rate,1,medium,4,observed,none,100,0.0,100,,0,0.0,100,0.0,100,0.0,100,0.0,100,0.0,100,0.0,12,0.8695652173913027,100,,0,0.0,100,0.0,100,0.0,100,0.0,100,0.0,100
pytest-dev/pytest,causal_rolling_mad,union,metric_shift,failure_rate,1,medium,4,observed,none,100,0.0,100,,0,0.3333333333333329,100,0.0,100,0.0,100,0.02,100,0.0075,100,0.0,12,0.8695652173913027,100,0.015,100,0.3609999999999999,100,0.0,100,0.0,100,0.0,100,0.0,100
pytest-dev/pytest,causal_rolling_mad,two_of_three,metric_shift,failure_rate,1,medium,4,observed,none,100,0.0,100,,0,0.0,100,0.0,100,0.0,100,0.0,100,0.0,100,0.0,12,0.8695652173913027,100,,0,0.0,100,0.0,100,0.0,100,0.0,100,0.0,100
pytest-dev/pytest,mewma,mewma,metric_shift,failure_rate,1,medium,4,observed,none,100,0.01,100,1.0,1,0.06521739130434773,100,0.03,100,0.02,100,0.13,100,0.0575,100,0.0025,100,0.0,100,0.07750000000000001,100,0.06642857142857136,100,0.01,100,0.03,100,0.03,100,0.03,100
pytest-dev/pytest,causal_rolling_mad,latency_log,metric_shift,failure_rate,1,high,4,observed,none,100,0.0,100,,0,0.13333333333333325,100,0.0,100,0.0,100,0.32,100,0.135,100,0.0,100,0.021739130434782653,100,0.09,100,0.1331358885017422,100,0.0,100,0.0,100,0.0,100,0.0,100
pytest-dev/pytest,causal_rolling_mad,failure_rate,metric_shift,failure_rate,1,high,4,observed,none,100,0.26,100,1.4230769230769231,26,0.0,100,0.29,100,0.0,100,0.26,100,0.0,100,0.0725,100,0.021739130434782653,100,1.0,26,0.0,100,0.26,100,0.26,100,0.26,100,0.26,100
pytest-dev/pytest,causal_rolling_mad,rerun_rate,metric_shift,failure_rate,1,high,4,observed,none,100,0.0,100,,0,0.0,100,0.0,100,0.0,100,0.0,100,0.0,100,0.0,12,0.8695652173913027,100,,0,0.0,100,0.0,100,0.0,100,0.0,100,0.0,100
pytest-dev/pytest,causal_rolling_mad,union,metric_shift,failure_rate,1,high,4,observed,none,100,0.01,100,3.0,1,0.3333333333333329,100,0.02,100,0.01,100,0.06,100,0.02,100,0.020833333333333332,12,0.8695652173913027,100,0.0425,100,0.34966666666666646,100,0.01,100,0.01,100,0.01,100,0.01,100
pytest-dev/pytest,causal_rolling_mad,two_of_three,metric_shift,failure_rate,1,high,4,observed,none,100,0.0,100,,0,0.0,100,0.0,100,0.0,100,0.0,100,0.0,100,0.0,12,0.8695652173913027,100,,0,0.0,100,0.0,100,0.0,100,0.0,100,0.0,100
pytest-dev/pytest,mewma,mewma,metric_shift,failure_rate,1,high,4,observed,none,100,0.15,100,2.4,15,0.06521739130434773,100,0.26,100,0.1,100,0.21,100,0.0425,100,0.04,100,0.0,100,0.08633333333333333,100,0.06976190476190468,100,0.15,100,0.2,100,0.24,100,0.25,100
pytest-dev/pytest,causal_rolling_mad,latency_log,metric_shift,failure_rate,1,medium,4,low_volume,none,100,0.0,100,,0,0.13333333333333325,100,0.0,100,0.0,100,0.35,100,0.135,100,0.0,100,0.021739130434782653,100,0.08999999999999998,100,0.13310104529616726,100,0.0,100,0.0,100,0.0,100,0.0,100
pytest-dev/pytest,causal_rolling_mad,failure_rate,metric_shift,failure_rate,1,medium,4,low_volume,none,100,0.2,100,1.8,20,0.0,100,0.23,100,0.0,100,0.2,100,0.0,100,0.0575,100,0.021739130434782653,100,1.0,20,0.0,100,0.2,100,0.2,100,0.2,100,0.2,100
pytest-dev/pytest,causal_rolling_mad,rerun_rate,metric_shift,failure_rate,1,medium,4,low_volume,none,100,0.0,100,,0,0.0,99,0.0,100,0.0,100,0.0,100,0.0,100,0.0,10,0.8771739130434771,100,,0,0.0,99,0.0,100,0.0,100,0.0,100,0.0,100
pytest-dev/pytest,causal_rolling_mad,union,metric_shift,failure_rate,1,medium,4,low_volume,none,100,0.02,100,2.5,2,0.35690235690235667,99,0.04,100,0.01,100,0.07,100,0.02,100,0.075,10,0.8771739130434771,100,0.04882154882154883,99,0.3787878787878786,99,0.02,100,0.03,100,0.03,100,0.03,100
pytest-dev/pytest,causal_rolling_mad,two_of_three,metric_shift,failure_rate,1,medium,4,low_volume,none,100,0.0,100,,0,0.0,99,0.0,100,0.0,100,0.0,100,0.0,100,0.0,10,0.8771739130434771,100,,0,0.0,99,0.0,100,0.0,100,0.0,100,0.0,100
pytest-dev/pytest,mewma,mewma,metric_shift,failure_rate,1,medium,4,low_volume,none,100,0.12,100,2.0833333333333335,12,0.06521739130434773,100,0.23,100,0.07,100,0.22,100,0.065,100,0.035500000000000004,100,0.0,100,0.10288095238095236,100,0.0666666666666666,100,0.12,100,0.13,100,0.13,100,0.14,100
pytest-dev/pytest,causal_rolling_mad,latency_log,metric_shift,failure_rate,1,medium,4,observed,controlled,100,0.0,100,,0,0.13333333333333325,100,0.0,100,0.0,100,0.31,100,0.1075,100,0.0,100,0.021739130434782653,100,0.07166666666666668,100,0.13585365853658538,100,0.0,100,0.0,100,0.0,100,0.0,100
pytest-dev/pytest,causal_rolling_mad,failure_rate,metric_shift,failure_rate,1,medium,4,observed,controlled,100,0.0,100,,0,0.0,100,0.0,100,0.0,100,0.0,100,0.0,100,0.0,75,0.2995652173913047,100,,0,0.0,100,0.0,100,0.0,100,0.0,100,0.0,100
pytest-dev/pytest,causal_rolling_mad,rerun_rate,metric_shift,failure_rate,1,medium,4,observed,controlled,100,0.0,100,,0,0.0,100,0.0,100,0.0,100,0.0,100,0.0,100,0.0,19,0.8695652173913027,100,,0,0.0,100,0.0,100,0.0,100,0.0,100,0.0,100
pytest-dev/pytest,causal_rolling_mad,union,metric_shift,failure_rate,1,medium,4,observed,controlled,100,0.0,100,,0,0.362393162393162,78,0.0,100,0.0,100,0.01,100,0.003333333333333333,100,0.0,11,0.9178260869565209,100,0.014925373134328358,67,0.38447488584474854,73,0.0,100,0.0,100,0.0,100,0.0,100
pytest-dev/pytest,causal_rolling_mad,two_of_three,metric_shift,failure_rate,1,medium,4,observed,controlled,100,0.0,100,,0,0.0,78,0.0,100,0.0,100,0.0,100,0.0,100,0.0,11,0.9178260869565209,100,,0,0.0,73,0.0,100,0.0,100,0.0,100,0.0,100
pytest-dev/pytest,mewma,mewma,metric_shift,failure_rate,1,medium,4,observed,controlled,100,0.02,100,1.5,2,0.06521739130434773,100,0.02,100,0.0,100,0.11,100,0.0375,100,0.005,100,0.0,100,0.0525,100,0.0678571428571428,100,0.02,100,0.02,100,0.02,100,0.02,100
pytest-dev/pytest,causal_rolling_mad,latency_log,metric_shift,failure_rate,1,low,8,observed,none,100,0.0,100,,0,0.13333333333333325,100,0.0,100,0.0,100,0.4,100,0.09178571428571429,100,0.0,100,0.021739130434782653,100,0.12166666666666667,100,0.1423257467994309,100,0.0,100,0.0,100,0.0,100,0.0,100
pytest-dev/pytest,causal_rolling_mad,failure_rate,metric_shift,failure_rate,1,low,8,observed,none,100,0.02,100,2.0,2,0.0,100,0.02,100,0.0,100,0.02,100,0.0,100,0.0025,100,0.021739130434782653,100,1.0,2,0.0,100,0.02,100,0.02,100,0.02,100,0.02,100
pytest-dev/pytest,causal_rolling_mad,rerun_rate,metric_shift,failure_rate,1,low,8,observed,none,100,0.0,100,,0,0.0,100,0.0,100,0.0,100,0.0,100,0.0,100,0.0,15,0.8695652173913027,100,,0,0.0,97,0.0,100,0.0,100,0.0,100,0.0,100
pytest-dev/pytest,causal_rolling_mad,union,metric_shift,failure_rate,1,low,8,observed,none,100,0.0,100,,0,0.3333333333333329,100,0.0,100,0.0,100,0.03,100,0.01,100,0.0,15,0.8695652173913027,100,0.03,100,0.36597938144329867,97,0.0,100,0.0,100,0.0,100,0.0,100
pytest-dev/pytest,causal_rolling_mad,two_of_three,metric_shift,failure_rate,1,low,8,observed,none,100,0.0,100,,0,0.0,100,0.0,100,0.0,100,0.0,100,0.0,100,0.0,15,0.8695652173913027,100,,0,0.0,97,0.0,100,0.0,100,0.0,100,0.0,100
pytest-dev/pytest,mewma,mewma,metric_shift,failure_rate,1,low,8,observed,none,100,0.03,100,6.0,3,0.06521739130434773,100,0.03,100,0.0,100,0.3,100,0.0575,100,0.00375,100,0.0,100,0.15833333333333327,100,0.06684210526315777,100,0.03,100,0.03,100,0.03,100,0.03,100
pytest-dev/pytest,causal_rolling_mad,latency_log,metric_shift,failure_rate,1,medium,8,observed,none,100,0.0,100,,0,0.13333333333333325,100,0.0,100,0.0,100,0.47,100,0.0967857142857143,100,0.0,100,0.021739130434782653,100,0.12833333333333333,100,0.14124466571834987,100,0.0,100,0.0,100,0.0,100,0.0,100
pytest-dev/pytest,causal_rolling_mad,failure_rate,metric_shift,failure_rate,1,medium,8,observed,none,100,0.09,100,3.5555555555555554,9,0.0,100,0.1,100,0.0,100,0.09,100,0.0,100,0.0125,100,0.021739130434782653,100,1.0,9,0.0,100,0.09,100,0.09,100,0.09,100,0.09,100
pytest-dev/pytest,causal_rolling_mad,rerun_rate,metric_shift,failure_rate,1,medium,8,observed,none,100,0.0,100,,0,0.0,100,0.0,100,0.0,100,0.0,100,0.0,100,0.0,17,0.8695652173913027,100,,0,0.0,97,0.0,100,0.0,100,0.0,100,0.0,100
pytest-dev/pytest,causal_rolling_mad,union,metric_shift,failure_rate,1,medium,8,observed,none,100,0.01,100,7.0,1,0.3333333333333329,100,0.02,100,0.01,100,0.09,100,0.019999999999999997,100,0.014705882352941176,17,0.8695652173913027,100,0.0575,100,0.393127147766323,97,0.01,100,0.01,100,0.01,100,0.01,100
pytest-dev/pytest,causal_rolling_mad,two_of_three,metric_shift,failure_rate,1,medium,8,observed,none,100,0.0,100,,0,0.0,100,0.0,100,0.0,100,0.0,100,0.0,100,0.0,17,0.8695652173913027,100,,0,0.0,97,0.0,100,0.0,100,0.0,100,0.0,100
pytest-dev/pytest,mewma,mewma,metric_shift,failure_rate,1,medium,8,observed,none,100,0.12,100,4.583333333333333,12,0.06521739130434773,100,0.12,100,0.0,100,0.28,100,0.05375,100,0.015,100,0.0,100,0.15833333333333333,100,0.06763157894736828,100,0.12,100,0.12,100,0.12,100,0.12,100
pytest-dev/pytest,causal_rolling_mad,latency_log,metric_shift,failure_rate,1,high,8,observed,none,100,0.0,100,,0,0.13333333333333325,100,0.0,100,0.0,100,0.54,100,0.12428571428571429,100,0.0,100,0.021739130434782653,100,0.16500000000000006,100,0.13529871977240399,100,0.0,100,0.0,100,0.0,100,0.0,100
pytest-dev/pytest,causal_rolling_mad,failure_rate,metric_shift,failure_rate,1,high,8,observed,none,100,0.37,100,1.837837837837838,37,0.0,100,0.42,100,0.0,100,0.37,100,0.0,100,0.0525,100,0.021739130434782653,100,1.0,37,0.0,100,0.37,100,0.37,100,0.37,100,0.37,100
pytest-dev/pytest,causal_rolling_mad,rerun_rate,metric_shift,failure_rate,1,high,8,observed,none,100,0.0,100,,0,0.0,100,0.0,100,0.0,100,0.0,100,0.0,100,0.0,16,0.8695652173913027,100,,0,0.0,98,0.0,100,0.0,100,0.0,100,0.0,100
pytest-dev/pytest,causal_rolling_mad,union,metric_shift,failure_rate,1,high,8,observed,none,100,0.03,100,5.333333333333333,3,0.3333333333333329,100,0.06,100,0.0,100,0.04,100,0.006666666666666666,100,0.08333333333333333,16,0.8695652173913027,100,0.03,100,0.37585034013605423,98,0.03,100,0.03,100,0.03,100,0.03,100
pytest-dev/pytest,causal_rolling_mad,two_of_three,metric_shift,failure_rate,1,high,8,observed,none,100,0.0,100,,0,0.0,100,0.0,100,0.0,100,0.0,100,0.0,100,0.0,16,0.8695652173913027,100,,0,0.0,98,0.0,100,0.0,100,0.0,100,0.0,100
pytest-dev/pytest,mewma,mewma,metric_shift,failure_rate,1,high,8,observed,none,100,0.39,100,4.435897435897436,39,0.06521739130434773,100,0.9,100,0.1,100,0.46,100,0.065,100,0.09783333333333333,100,0.0,100,0.25858333333333333,100,0.06789473684210513,100,0.39,100,0.39,100,0.39,100,0.39,100
pytest-dev/pytest,causal_rolling_mad,latency_log,metric_shift,failure_rate,1,medium,8,low_volume,none,100,0.0,100,,0,0.13333333333333325,100,0.0,100,0.0,100,0.49,100,0.10910714285714286,100,0.0,100,0.021739130434782653,100,0.14500000000000007,100,0.1385775248933143,100,0.0,100,0.0,100,0.0,100,0.0,100
pytest-dev/pytest,causal_rolling_mad,failure_rate,metric_shift,failure_rate,1,medium,8,low_volume,none,100,0.17,100,3.5294117647058822,17,0.0,100,0.19,100,0.0,100,0.17,100,0.0,100,0.02375,100,0.022826086956521788,100,1.0,17,0.0,100,0.17,100,0.17,100,0.17,100,0.17,100
pytest-dev/pytest,causal_rolling_mad,rerun_rate,metric_shift,failure_rate,1,medium,8,low_volume,none,100,0.0,100,,0,0.0,84,0.0,100,0.0,100,0.0,100,0.0,100,0.0,4,0.9004347826086946,100,,0,0.0,83,0.0,100,0.0,100,0.0,100,0.0,100
pytest-dev/pytest,causal_rolling_mad,union,metric_shift,failure_rate,1,medium,8,low_volume,none,100,0.02,100,5.5,2,0.3873015873015871,84,0.03,100,0.0,100,0.02,100,0.003333333333333333,100,0.3333333333333333,4,0.9006521739130424,100,0.015873015873015872,84,0.4020080321285139,83,0.02,100,0.02,100,0.02,100,0.02,100
pytest-dev/pytest,causal_rolling_mad,two_of_three,metric_shift,failure_rate,1,medium,8,low_volume,none,100,0.0,100,,0,0.0,84,0.0,100,0.0,100,0.0,100,0.0,100,0.0,4,0.9006521739130424,100,,0,0.0,83,0.0,100,0.0,100,0.0,100,0.0,100
pytest-dev/pytest,mewma,mewma,metric_shift,failure_rate,1,medium,8,low_volume,none,100,0.19,100,4.2631578947368425,19,0.06521739130434773,100,0.29,100,0.01,100,0.3,100,0.0525,100,0.034722222222222224,100,0.0,100,0.1743333333333333,100,0.06789473684210512,100,0.19,100,0.19,100,0.19,100,0.19,100
pytest-dev/pytest,causal_rolling_mad,latency_log,metric_shift,failure_rate,1,medium,8,observed,controlled,100,0.0,100,,0,0.13333333333333325,100,0.0,100,0.0,100,0.55,100,0.12285714285714285,100,0.0,100,0.021739130434782653,100,0.16333333333333344,100,0.13560455192034138,100,0.0,100,0.0,100,0.0,100,0.0,100
pytest-dev/pytest,causal_rolling_mad,failure_rate,metric_shift,failure_rate,1,medium,8,observed,controlled,100,0.06,100,2.1666666666666665,6,0.0,100,0.06,100,0.0,100,0.06,100,0.0,100,0.034888888888888886,75,0.37565217391304356,100,1.0,6,0.0,100,0.06,100,0.06,100,0.06,100,0.06,100
pytest-dev/pytest,causal_rolling_mad,rerun_rate,metric_shift,failure_rate,1,medium,8,observed,controlled,100,0.0,100,,0,0.0,100,0.0,100,0.0,100,0.0,100,0.0,100,0.0,12,0.8695652173913027,100,,0,0.0,98,0.0,100,0.0,100,0.0,100,0.0,100
pytest-dev/pytest,causal_rolling_mad,union,metric_shift,failure_rate,1,medium,8,observed,controlled,100,0.0,100,,0,0.361187214611872,73,0.0,100,0.0,100,0.0,100,0.0,100,0.0,4,0.915217391304347,100,0.0,69,0.3821256038647341,69,0.0,100,0.0,100,0.0,100,0.0,100
pytest-dev/pytest,causal_rolling_mad,two_of_three,metric_shift,failure_rate,1,medium,8,observed,controlled,100,0.0,100,,0,0.0,73,0.0,100,0.0,100,0.0,100,0.0,100,0.0,4,0.915217391304347,100,,0,0.0,69,0.0,100,0.0,100,0.0,100,0.0,100
pytest-dev/pytest,mewma,mewma,metric_shift,failure_rate,1,medium,8,observed,controlled,100,0.14,100,4.285714285714286,14,0.06521739130434773,100,0.15,100,0.0,100,0.26,100,0.0525,100,0.01875,100,0.0,100,0.158,100,0.06789473684210512,100,0.14,100,0.14,100,0.14,100,0.14,100
pytest-dev/pytest,causal_rolling_mad,latency_log,metric_shift,rerun_rate,1,low,1,observed,none,100,0.0,100,,0,0.13333333333333325,100,0.0,100,0.0,100,0.16,100,0.16,100,0.0,100,0.021739130434782653,100,0.02666666666666666,100,0.1327272727272729,100,0.0,100,0.0,100,0.0,100,0.0,100
pytest-dev/pytest,causal_rolling_mad,failure_rate,metric_shift,rerun_rate,1,low,1,observed,none,100,0.0,100,,0,0.0,100,0.0,100,0.0,100,0.0,100,0.0,100,0.0,100,0.021739130434782653,100,,0,0.0,100,0.0,100,0.0,100,0.0,100,0.0,100
pytest-dev/pytest,causal_rolling_mad,rerun_rate,metric_shift,rerun_rate,1,low,1,observed,none,100,0.0,100,,0,0.0,100,0.0,100,0.0,100,0.0,100,0.0,100,0.0,15,0.8695652173913027,100,,0,0.0,100,0.0,100,0.0,100,0.0,100,0.0,100
pytest-dev/pytest,causal_rolling_mad,union,metric_shift,rerun_rate,1,low,1,observed,none,100,0.0,100,,0,0.3333333333333329,100,0.01,100,0.01,100,0.06,100,0.06,100,0.0,15,0.8695652173913027,100,0.03,100,0.3333333333333329,100,0.0,100,0.01,100,0.01,100,0.01,100
pytest-dev/pytest,causal_rolling_mad,two_of_three,metric_shift,rerun_rate,1,low,1,observed,none,100,0.0,100,,0,0.0,100,0.0,100,0.0,100,0.0,100,0.0,100,0.0,15,0.8695652173913027,100,,0,0.0,100,0.0,100,0.0,100,0.0,100,0.0,100
pytest-dev/pytest,mewma,mewma,metric_shift,rerun_rate,1,low,1,observed,none,100,0.01,100,0.0,1,0.06521739130434773,100,0.01,100,0.0,100,0.09,100,0.09,100,0.01,100,0.0,100,0.02916666666666667,100,0.06466666666666664,100,0.01,100,0.01,100,0.01,100,0.01,100
pytest-dev/pytest,causal_rolling_mad,latency_log,metric_shift,rerun_rate,1,medium,1,observed,none,100,0.0,100,,0,0.13333333333333325,100,0.0,100,0.0,100,0.18,100,0.18,100,0.0,99,0.021739130434782653,100,0.029999999999999992,100,0.13224242424242436,100,0.0,100,0.0,100,0.0,100,0.0,100
pytest-dev/pytest,causal_rolling_mad,failure_rate,metric_shift,rerun_rate,1,medium,1,observed,none,100,0.0,100,,0,0.0,100,0.0,100,0.0,100,0.0,100,0.0,100,0.0,99,0.021739130434782653,100,,0,0.0,100,0.0,100,0.0,100,0.0,100,0.0,100
pytest-dev/pytest,causal_rolling_mad,rerun_rate,metric_shift,rerun_rate,1,medium,1,observed,none,100,0.0,100,,0,0.0,100,0.0,100,0.0,100,0.0,100,0.0,100,0.0,16,0.8695652173913027,100,,0,0.0,100,0.0,100,0.0,100,0.0,100,0.0,100
pytest-dev/pytest,causal_rolling_mad,union,metric_shift,rerun_rate,1,medium,1,observed,none,100,0.01,100,0.0,1,0.3333333333333329,100,0.03,100,0.02,100,0.08,100,0.07,100,0.03125,16,0.8695652173913027,100,0.0375,100,0.33399999999999963,100,0.01,100,0.02,100,0.02,100,0.02,100
pytest-dev/pytest,causal_rolling_mad,two_of_three,metric_shift,rerun_rate,1,medium,1,observed,none,100,0.0,100,,0,0.0,100,0.0,100,0.0,100,0.0,100,0.0,100,0.0,16,0.8695652173913027,100,,0,0.0,100,0.0,100,0.0,100,0.0,100,0.0,100
pytest-dev/pytest,mewma,mewma,metric_shift,rerun_rate,1,medium,1,observed,none,100,0.04,100,0.0,4,0.06521739130434773,100,0.07,100,0.03,100,0.13,100,0.09,100,0.035,100,0.0,100,0.03866666666666667,100,0.06533333333333328,100,0.04,100,0.06,100,0.06,100,0.06,100
pytest-dev/pytest,causal_rolling_mad,latency_log,metric_shift,rerun_rate,1,high,1,observed,none,100,0.0,100,,0,0.13333333333333325,100,0.0,100,0.0,100,0.15,100,0.15,100,0.0,96,0.021739130434782653,100,0.024999999999999994,100,0.13283333333333347,100,0.0,100,0.0,100,0.0,100,0.0,100
pytest-dev/pytest,causal_rolling_mad,failure_rate,metric_shift,rerun_rate,1,high,1,observed,none,100,0.0,100,,0,0.0,100,0.0,100,0.0,100,0.0,100,0.0,100,0.0,96,0.021739130434782653,100,,0,0.0,100,0.0,100,0.0,100,0.0,100,0.0,100
pytest-dev/pytest,causal_rolling_mad,rerun_rate,metric_shift,rerun_rate,1,high,1,observed,none,100,0.0,100,,0,0.0,100,0.0,100,0.0,100,0.0,100,0.0,100,0.0,19,0.8695652173913027,100,,0,0.0,100,0.0,100,0.0,100,0.0,100,0.0,100
pytest-dev/pytest,causal_rolling_mad,union,metric_shift,rerun_rate,1,high,1,observed,none,100,0.03,100,0.0,3,0.3333333333333329,100,0.08,100,0.05,100,0.09,100,0.06,100,0.07894736842105263,19,0.8695652173913027,100,0.0375,100,0.34399999999999975,100,0.03,100,0.05,100,0.05,100,0.05,100
pytest-dev/pytest,causal_rolling_mad,two_of_three,metric_shift,rerun_rate,1,high,1,observed,none,100,0.0,100,,0,0.0,100,0.0,100,0.0,100,0.0,100,0.0,100,0.0,19,0.8695652173913027,100,,0,0.0,100,0.0,100,0.0,100,0.0,100,0.0,100
pytest-dev/pytest,mewma,mewma,metric_shift,rerun_rate,1,high,1,observed,none,100,0.14,100,0.0,14,0.06521739130434773,100,0.26,100,0.12,100,0.2,100,0.06,100,0.12166666666666667,100,0.0,100,0.05199999999999999,100,0.06799999999999995,100,0.14,100,0.19,100,0.2,100,0.21,100
pytest-dev/pytest,causal_rolling_mad,latency_log,metric_shift,rerun_rate,1,medium,1,low_volume,none,100,0.0,100,,0,0.13333333333333325,100,0.0,100,0.0,100,0.11,100,0.11,100,0.0,99,0.021739130434782653,100,0.018333333333333333,100,0.1338333333333335,100,0.0,100,0.0,100,0.0,100,0.0,100
pytest-dev/pytest,causal_rolling_mad,failure_rate,metric_shift,rerun_rate,1,medium,1,low_volume,none,100,0.0,100,,0,0.0,100,0.0,100,0.0,100,0.0,100,0.0,100,0.0,99,0.021739130434782653,100,,0,0.0,100,0.0,100,0.0,100,0.0,100,0.0,100
pytest-dev/pytest,causal_rolling_mad,rerun_rate,metric_shift,rerun_rate,1,medium,1,low_volume,none,100,0.0,100,,0,0.0,100,0.0,100,0.0,100,0.0,100,0.0,100,0.0,17,0.87086956521739,100,,0,0.0,100,0.0,100,0.0,100,0.0,100,0.0,100
pytest-dev/pytest,causal_rolling_mad,union,metric_shift,rerun_rate,1,medium,1,low_volume,none,100,0.02,100,0.0,2,0.337333333333333,100,0.06,100,0.04,100,0.06,100,0.04,100,0.058823529411764705,17,0.87086956521739,100,0.025,100,0.34866666666666646,100,0.02,100,0.04,100,0.04,100,0.04,100
pytest-dev/pytest,causal_rolling_mad,two_of_three,metric_shift,rerun_rate,1,medium,1,low_volume,none,100,0.0,100,,0,0.0,100,0.0,100,0.0,100,0.0,100,0.0,100,0.0,17,0.87086956521739,100,,0,0.0,100,0.0,100,0.0,100,0.0,100,0.0,100
pytest-dev/pytest,mewma,mewma,metric_shift,rerun_rate,1,medium,1,low_volume,none,100,0.03,100,0.0,3,0.06521739130434773,100,0.06,100,0.03,100,0.07,100,0.04,100,0.025,100,0.0,100,0.02033333333333333,100,0.06644444444444439,100,0.03,100,0.03,100,0.04,100,0.05,100
pytest-dev/pytest,causal_rolling_mad,latency_log,metric_shift,rerun_rate,1,medium,1,observed,controlled,100,0.0,100,,0,0.13333333333333325,100,0.0,100,0.0,100,0.14,100,0.14,100,0.0,98,0.021739130434782653,100,0.02333333333333333,100,0.13312121212121228,100,0.0,100,0.0,100,0.0,100,0.0,100
pytest-dev/pytest,causal_rolling_mad,failure_rate,metric_shift,rerun_rate,1,medium,1,observed,controlled,100,0.0,100,,0,0.0,100,0.0,100,0.0,100,0.0,100,0.0,100,0.0,98,0.021739130434782653,100,,0,0.0,100,0.0,100,0.0,100,0.0,100,0.0,100
pytest-dev/pytest,causal_rolling_mad,rerun_rate,metric_shift,rerun_rate,1,medium,1,observed,controlled,100,0.0,100,,0,0.0,78,0.0,100,0.0,100,0.0,100,0.0,100,,0,0.9113043478260863,100,,0,0.0,78,0.0,100,0.0,100,0.0,100,0.0,100
pytest-dev/pytest,causal_rolling_mad,union,metric_shift,rerun_rate,1,medium,1,observed,controlled,100,0.0,100,,0,0.3555555555555553,78,0.0,100,0.0,100,0.0,100,0.0,100,,0,0.9113043478260863,100,0.0,72,0.3555555555555553,78,0.0,100,0.0,100,0.0,100,0.0,100
pytest-dev/pytest,causal_rolling_mad,two_of_three,metric_shift,rerun_rate,1,medium,1,observed,controlled,100,0.0,100,,0,0.0,78,0.0,100,0.0,100,0.0,100,0.0,100,,0,0.9113043478260863,100,,0,0.0,78,0.0,100,0.0,100,0.0,100,0.0,100
pytest-dev/pytest,mewma,mewma,metric_shift,rerun_rate,1,medium,1,observed,controlled,100,0.0,100,,0,0.06521739130434773,100,0.0,100,0.0,100,0.03,100,0.06,100,0.0,100,0.0,100,0.01,100,0.06533333333333328,100,0.0,100,0.0,100,0.0,100,0.0,100
pytest-dev/pytest,causal_rolling_mad,latency_log,metric_shift,rerun_rate,1,low,2,observed,none,100,0.0,100,,0,0.13333333333333325,100,0.0,100,0.0,100,0.2,100,0.125,100,0.0,100,0.021739130434782653,100,0.04166666666666666,100,0.13372093023255827,100,0.0,100,0.0,100,0.0,100,0.0,100
pytest-dev/pytest,causal_rolling_mad,failure_rate,metric_shift,rerun_rate,1,low,2,observed,none,100,0.0,100,,0,0.0,100,0.0,100,0.0,100,0.0,100,0.0,100,0.0,100,0.021739130434782653,100,,0,0.0,100,0.0,100,0.0,100,0.0,100,0.0,100
pytest-dev/pytest,causal_rolling_mad,rerun_rate,metric_shift,rerun_rate,1,low,2,observed,none,100,0.0,100,,0,0.0,100,0.0,100,0.0,100,0.0,100,0.0,100,0.0,10,0.8699999999999984,100,,0,0.0,100,0.0,100,0.0,100,0.0,100,0.0,100
pytest-dev/pytest,causal_rolling_mad,union,metric_shift,rerun_rate,1,low,2,observed,none,100,0.0,100,,0,0.33466666666666633,100,0.0,100,0.0,100,0.06,100,0.04,100,0.0,10,0.8699999999999984,100,0.04,100,0.331333333333333,100,0.0,100,0.0,100,0.0,100,0.0,100
pytest-dev/pytest,causal_rolling_mad,two_of_three,metric_shift,rerun_rate,1,low,2,observed,none,100,0.0,100,,0,0.0,100,0.0,100,0.0,100,0.0,100,0.0,100,0.0,10,0.8699999999999984,100,,0,0.0,100,0.0,100,0.0,100,0.0,100,0.0,100
pytest-dev/pytest,mewma,mewma,metric_shift,rerun_rate,1,low,2,observed,none,100,0.08,100,1.0,8,0.06521739130434773,100,0.09,100,0.01,100,0.14,100,0.045,100,0.03833333333333333,100,0.0,100,0.04783333333333333,100,0.06636363636363646,100,0.08,100,0.08,100,0.08,100,0.08,100
pytest-dev/pytest,causal_rolling_mad,latency_log,metric_shift,rerun_rate,1,medium,2,observed,none,100,0.0,100,,0,0.13333333333333325,100,0.0,100,0.0,100,0.18,100,0.14,100,0.0,100,0.021739130434782653,100,0.04666666666666666,100,0.13299154334038069,100,0.0,100,0.0,100,0.0,100,0.0,100
pytest-dev/pytest,causal_rolling_mad,failure_rate,metric_shift,rerun_rate,1,medium,2,observed,none,100,0.0,100,,0,0.0,100,0.0,100,0.0,100,0.0,100,0.0,100,0.0,100,0.021739130434782653,100,,0,0.0,100,0.0,100,0.0,100,0.0,100,0.0,100
pytest-dev/pytest,causal_rolling_mad,rerun_rate,metric_shift,rerun_rate,1,medium,2,observed,none,100,0.08,100,1.0,8,0.0,100,0.08,100,0.0,100,0.08,100,0.0,100,0.34615384615384615,13,0.8695652173913027,100,1.0,8,0.0,100,0.08,100,0.08,100,0.08,100,0.08,100
pytest-dev/pytest,causal_rolling_mad,union,metric_shift,rerun_rate,1,medium,2,observed,none,100,0.06,100,0.6666666666666666,6,0.3333333333333329,100,0.11,100,0.03,100,0.1,100,0.04,100,0.28205128205128205,13,0.8695652173913027,100,0.06083333333333333,100,0.3399999999999997,100,0.06,100,0.06,100,0.06,100,0.06,100
pytest-dev/pytest,causal_rolling_mad,two_of_three,metric_shift,rerun_rate,1,medium,2,observed,none,100,0.03,100,1.0,3,0.0,100,0.03,100,0.0,100,0.03,100,0.0,100,0.11538461538461539,13,0.8695652173913027,100,1.0,3,0.0,100,0.03,100,0.03,100,0.03,100,0.03,100
pytest-dev/pytest,mewma,mewma,metric_shift,rerun_rate,1,medium,2,observed,none,100,0.26,100,0.7307692307692307,26,0.06521739130434773,100,0.39,100,0.13,100,0.33,100,0.09,100,0.11666666666666665,100,0.0,100,0.11283333333333333,100,0.06704545454545462,100,0.26,100,0.28,100,0.28,100,0.3,100
pytest-dev/pytest,causal_rolling_mad,latency_log,metric_shift,rerun_rate,1,high,2,observed,none,100,0.0,100,,0,0.13333333333333325,100,0.0,100,0.0,100,0.14,100,0.085,100,0.0,100,0.021739130434782653,100,0.028333333333333332,100,0.13554968287526442,100,0.0,100,0.0,100,0.0,100,0.0,100
pytest-dev/pytest,causal_rolling_mad,failure_rate,metric_shift,rerun_rate,1,high,2,observed,none,100,0.0,100,,0,0.0,100,0.0,100,0.0,100,0.0,100,0.0,100,0.0,100,0.021739130434782653,100,,0,0.0,100,0.0,100,0.0,100,0.0,100,0.0,100
pytest-dev/pytest,causal_rolling_mad,rerun_rate,metric_shift,rerun_rate,1,high,2,observed,none,100,0.19,100,1.0,19,0.0,100,0.19,100,0.0,100,0.19,100,0.0,100,0.55,20,0.8695652173913027,100,1.0,19,0.0,100,0.19,100,0.19,100,0.19,100,0.19,100
pytest-dev/pytest,causal_rolling_mad,union,metric_shift,rerun_rate,1,high,2,observed,none,100,0.14,100,0.8571428571428571,14,0.3333333333333329,100,0.24,100,0.08,100,0.19,100,0.035,100,0.3583333333333333,20,0.8695652173913027,100,0.07833333333333332,100,0.36466666666666664,100,0.14,100,0.14,100,0.14,100,0.14,100
pytest-dev/pytest,causal_rolling_mad,two_of_three,metric_shift,rerun_rate,1,high,2,observed,none,100,0.05,100,1.0,5,0.0,100,0.05,100,0.0,100,0.05,100,0.0,100,0.125,20,0.8695652173913027,100,1.0,5,0.0,100,0.05,100,0.05,100,0.05,100,0.05,100
pytest-dev/pytest,mewma,mewma,metric_shift,rerun_rate,1,high,2,observed,none,100,0.81,100,0.8765432098765432,81,0.06521739130434773,100,1.92,100,1.04,100,0.83,100,0.045,100,0.30466666666666664,100,0.0,100,0.19113095238095226,100,0.08977272727272727,100,0.81,100,0.83,100,0.83,100,0.84,100
pytest-dev/pytest,causal_rolling_mad,latency_log,metric_shift,rerun_rate,1,medium,2,low_volume,none,100,0.0,100,,0,0.13333333333333325,100,0.0,100,0.0,100,0.15,100,0.09,100,0.0,100,0.021739130434782653,100,0.029999999999999995,100,0.13525369978858365,100,0.0,100,0.0,100,0.0,100,0.0,100
pytest-dev/pytest,causal_rolling_mad,failure_rate,metric_shift,rerun_rate,1,medium,2,low_volume,none,100,0.02,100,1.0,2,0.0,100,0.02,100,0.0,100,0.02,100,0.0,100,0.01,100,0.021739130434782653,100,1.0,2,0.0,100,0.02,100,0.02,100,0.02,100,0.02,100
pytest-dev/pytest,causal_rolling_mad,rerun_rate,metric_shift,rerun_rate,1,medium,2,low_volume,none,100,0.09,100,1.0,9,0.0,100,0.09,100,0.0,100,0.09,100,0.0,100,0.29411764705882354,17,0.870217391304346,100,1.0,9,0.0,100,0.09,100,0.09,100,0.09,100,0.09,100
pytest-dev/pytest,causal_rolling_mad,union,metric_shift,rerun_rate,1,medium,2,low_volume,none,100,0.06,100,0.6666666666666666,6,0.335333333333333,100,0.1,100,0.02,100,0.12,100,0.035,100,0.23529411764705882,17,0.870217391304346,100,0.0575,100,0.3486666666666665,100,0.06,100,0.07,100,0.07,100,0.07,100
pytest-dev/pytest,causal_rolling_mad,two_of_three,metric_shift,rerun_rate,1,medium,2,low_volume,none,100,0.04,100,1.0,4,0.0,100,0.04,100,0.0,100,0.04,100,0.0,100,0.11764705882352941,17,0.870217391304346,100,1.0,4,0.0,100,0.04,100,0.04,100,0.04,100,0.04,100
pytest-dev/pytest,mewma,mewma,metric_shift,rerun_rate,1,medium,2,low_volume,none,100,0.22,100,0.8636363636363636,22,0.06521739130434773,100,0.44,100,0.2,100,0.26,100,0.03,100,0.10533333333333333,100,0.0,100,0.07184523809523809,100,0.07113636363636373,100,0.22,100,0.27,100,0.27,100,0.29,100
pytest-dev/pytest,causal_rolling_mad,latency_log,metric_shift,rerun_rate,1,medium,2,observed,controlled,100,0.0,100,,0,0.13333333333333325,100,0.0,100,0.0,100,0.09,100,0.07,100,0.0,100,0.021739130434782653,100,0.02333333333333333,100,0.13615221987315027,100,0.0,100,0.0,100,0.0,100,0.0,100
pytest-dev/pytest,causal_rolling_mad,failure_rate,metric_shift,rerun_rate,1,medium,2,observed,controlled,100,0.0,100,,0,0.0,100,0.0,100,0.0,100,0.0,100,0.0,100,0.0,100,0.021739130434782653,100,,0,0.0,100,0.0,100,0.0,100,0.0,100,0.0,100
pytest-dev/pytest,causal_rolling_mad,rerun_rate,metric_shift,rerun_rate,1,medium,2,observed,controlled,100,0.0,100,,0,0.0,79,0.0,100,0.0,100,0.0,100,0.0,100,0.0,5,0.9128260869565206,100,,0,0.0,78,0.0,100,0.0,100,0.0,100,0.0,100
pytest-dev/pytest,causal_rolling_mad,union,metric_shift,rerun_rate,1,medium,2,observed,controlled,100,0.01,100,0.0,1,0.3839662447257381,79,0.01,100,0.0,100,0.02,100,0.01,100,0.2,5,0.9128260869565206,100,0.0273972602739726,73,0.386324786324786,78,0.01,100,0.01,100,0.01,100,0.01,100
pytest-dev/pytest,causal_rolling_mad,two_of_three,metric_shift,rerun_rate,1,medium,2,observed,controlled,100,0.0,100,,0,0.0,79,0.0,100,0.0,100,0.0,100,0.0,100,0.0,5,0.9128260869565206,100,,0,0.0,78,0.0,100,0.0,100,0.0,100,0.0,100
pytest-dev/pytest,mewma,mewma,metric_shift,rerun_rate,1,medium,2,observed,controlled,100,0.02,100,0.5,2,0.06521739130434773,100,0.07,100,0.05,100,0.07,100,0.035,100,0.01,100,0.0,100,0.027499999999999997,100,0.06772727272727282,100,0.02,100,0.06,100,0.07,100,0.07,100
pytest-dev/pytest,causal_rolling_mad,latency_log,metric_shift,rerun_rate,1,low,4,observed,none,100,0.0,100,,0,0.13333333333333325,100,0.0,100,0.0,100,0.31,100,0.1275,100,0.0,100,0.021739130434782653,100,0.08500000000000002,100,0.13390243902439028,100,0.0,100,0.0,100,0.0,100,0.0,100
pytest-dev/pytest,causal_rolling_mad,failure_rate,metric_shift,rerun_rate,1,low,4,observed,none,100,0.0,100,,0,0.0,100,0.0,100,0.0,100,0.0,100,0.0,100,0.0,100,0.021739130434782653,100,,0,0.0,100,0.0,100,0.0,100,0.0,100,0.0,100
pytest-dev/pytest,causal_rolling_mad,rerun_rate,metric_shift,rerun_rate,1,low,4,observed,none,100,0.04,100,2.0,4,0.0,100,0.05,100,0.0,100,0.04,100,0.0,100,0.11666666666666665,15,0.8695652173913027,100,1.0,4,0.0,100,0.04,100,0.04,100,0.04,100,0.04,100
pytest-dev/pytest,causal_rolling_mad,union,metric_shift,rerun_rate,1,low,4,observed,none,100,0.06,100,1.6666666666666667,6,0.3333333333333329,100,0.12,100,0.01,100,0.11,100,0.0225,100,0.22777777777777777,15,0.8695652173913027,100,0.0675,100,0.3649999999999999,100,0.06,100,0.06,100,0.06,100,0.06,100
pytest-dev/pytest,causal_rolling_mad,two_of_three,metric_shift,rerun_rate,1,low,4,observed,none,100,0.0,100,,0,0.0,100,0.0,100,0.0,100,0.0,100,0.0,100,0.0,15,0.8695652173913027,100,,0,0.0,100,0.0,100,0.0,100,0.0,100,0.0,100
pytest-dev/pytest,mewma,mewma,metric_shift,rerun_rate,1,low,4,observed,none,100,0.21,100,2.1904761904761907,21,0.06521739130434773,100,0.37,100,0.09,100,0.32,100,0.075,100,0.06566666666666666,100,0.0,100,0.1473809523809524,100,0.06642857142857136,100,0.21,100,0.22,100,0.23,100,0.24,100
pytest-dev/pytest,causal_rolling_mad,latency_log,metric_shift,rerun_rate,1,medium,4,observed,none,100,0.0,100,,0,0.13333333333333325,100,0.0,100,0.0,100,0.3,100,0.13,100,0.0,100,0.021739130434782653,100,0.08666666666666666,100,0.13365853658536594,100,0.0,100,0.0,100,0.0,100,0.0,100
pytest-dev/pytest,causal_rolling_mad,failure_rate,metric_shift,rerun_rate,1,medium,4,observed,none,100,0.0,100,,0,0.0,100,0.0,100,0.0,100,0.0,100,0.0,100,0.0,100,0.021739130434782653,100,,0,0.0,100,0.0,100,0.0,100,0.0,100,0.0,100
pytest-dev/pytest,causal_rolling_mad,rerun_rate,metric_shift,rerun_rate,1,medium,4,observed,none,100,0.08,100,1.375,8,0.0,100,0.14,100,0.0,100,0.08,100,0.0,100,0.30128205128205127,13,0.8695652173913027,100,1.0,8,0.0,100,0.08,100,0.08,100,0.08,100,0.08,100
pytest-dev/pytest,causal_rolling_mad,union,metric_shift,rerun_rate,1,medium,4,observed,none,100,0.09,100,1.1111111111111112,9,0.3333333333333329,100,0.15,100,0.0,100,0.09,100,0.015,100,0.3205128205128205,13,0.8695652173913027,100,0.05499999999999999,100,0.3683333333333333,100,0.09,100,0.09,100,0.09,100,0.09,100
pytest-dev/pytest,causal_rolling_mad,two_of_three,metric_shift,rerun_rate,1,medium,4,observed,none,100,0.01,100,2.0,1,0.0,100,0.02,100,0.0,100,0.01,100,0.0,100,0.038461538461538464,13,0.8695652173913027,100,1.0,1,0.0,100,0.01,100,0.01,100,0.01,100,0.01,100
pytest-dev/pytest,mewma,mewma,metric_shift,rerun_rate,1,medium,4,observed,none,100,0.76,100,2.0,76,0.06521739130434773,100,1.9,100,0.65,100,0.76,100,0.0575,100,0.2648809523809523,100,0.0,100,0.26783730158730146,100,0.08142857142857132,100,0.76,100,0.78,100,0.79,100,0.79,100
pytest-dev/pytest,causal_rolling_mad,latency_log,metric_shift,rerun_rate,1,high,4,observed,none,100,0.0,100,,0,0.13333333333333325,100,0.0,100,0.0,100,0.23,100,0.0925,100,0.0,100,0.021739130434782653,100,0.061666666666666654,100,0.13721254355400705,100,0.0,100,0.0,100,0.0,100,0.0,100
pytest-dev/pytest,causal_rolling_mad,failure_rate,metric_shift,rerun_rate,1,high,4,observed,none,100,0.0,100,,0,0.0,100,0.0,100,0.0,100,0.0,100,0.0,100,0.0,100,0.021739130434782653,100,,0,0.0,100,0.0,100,0.0,100,0.0,100,0.0,100
pytest-dev/pytest,causal_rolling_mad,rerun_rate,metric_shift,rerun_rate,1,high,4,observed,none,100,0.17,100,1.4705882352941178,17,0.0,100,0.42,100,0.0,100,0.17,100,0.0,100,0.8529411764705882,17,0.8695652173913027,100,1.0,17,0.0,100,0.17,100,0.17,100,0.17,100,0.17,100
pytest-dev/pytest,causal_rolling_mad,union,metric_shift,rerun_rate,1,high,4,observed,none,100,0.17,100,1.1764705882352942,17,0.3333333333333329,100,0.44,100,0.07,100,0.17,100,0.0275,100,0.6470588235294118,17,0.8695652173913027,100,0.107,100,0.3696666666666665,100,0.17,100,0.17,100,0.17,100,0.17,100
pytest-dev/pytest,causal_rolling_mad,two_of_three,metric_shift,rerun_rate,1,high,4,observed,none,100,0.06,100,2.1666666666666665,6,0.0,100,0.11,100,0.0,100,0.06,100,0.0,100,0.16176470588235295,17,0.8695652173913027,100,1.0,6,0.0,100,0.06,100,0.06,100,0.06,100,0.06,100
pytest-dev/pytest,mewma,mewma,metric_shift,rerun_rate,1,high,4,observed,none,100,1.0,100,1.04,100,0.06521739130434773,100,5.55,100,2.73,100,1.0,100,0.0475,100,0.4396569264069266,100,0.0,100,0.3660890498390498,100,0.1319047619047617,100,1.0,100,1.0,100,1.0,100,1.0,100
pytest-dev/pytest,causal_rolling_mad,latency_log,metric_shift,rerun_rate,1,medium,4,low_volume,none,100,0.0,100,,0,0.13333333333333325,100,0.0,100,0.0,100,0.24,100,0.0925,100,0.0,100,0.021739130434782653,100,0.06166666666666666,100,0.13731707317073177,100,0.0,100,0.0,100,0.0,100,0.0,100
pytest-dev/pytest,causal_rolling_mad,failure_rate,metric_shift,rerun_rate,1,medium,4,low_volume,none,100,0.02,100,2.0,2,0.0,100,0.02,100,0.0,100,0.02,100,0.0,100,0.005,100,0.02260869565217396,100,1.0,2,0.0,100,0.02,100,0.02,100,0.02,100,0.02,100
pytest-dev/pytest,causal_rolling_mad,rerun_rate,metric_shift,rerun_rate,1,medium,4,low_volume,none,100,0.08,100,2.375,8,0.0,100,0.09,100,0.0,100,0.08,100,0.0,100,0.2638888888888889,12,0.8706521739130421,100,1.0,8,0.0,100,0.08,100,0.08,100,0.08,100,0.08,100
pytest-dev/pytest,causal_rolling_mad,union,metric_shift,rerun_rate,1,medium,4,low_volume,none,100,0.08,100,1.5,8,0.3399999999999997,100,0.17,100,0.03,100,0.1,100,0.0225,100,0.3125,12,0.8715217391304335,100,0.0635,100,0.3643333333333332,100,0.08,100,0.08,100,0.08,100,0.08,100
pytest-dev/pytest,causal_rolling_mad,two_of_three,metric_shift,rerun_rate,1,medium,4,low_volume,none,100,0.01,100,3.0,1,0.0,100,0.01,100,0.0,100,0.01,100,0.0,100,0.020833333333333332,12,0.8715217391304335,100,1.0,1,0.0,100,0.01,100,0.01,100,0.01,100,0.01,100
pytest-dev/pytest,mewma,mewma,metric_shift,rerun_rate,1,medium,4,low_volume,none,100,0.56,100,1.9464285714285714,56,0.06521739130434773,100,1.57,100,0.57,100,0.58,100,0.0375,100,0.20513095238095236,100,0.0,100,0.20470238095238094,100,0.08142857142857134,100,0.56,100,0.58,100,0.58,100,0.58,100
pytest-dev/pytest,causal_rolling_mad,latency_log,metric_shift,rerun_rate,1,medium,4,observed,controlled,100,0.0,100,,0,0.13333333333333325,100,0.0,100,0.0,100,0.31,100,0.11,100,0.0,100,0.021739130434782653,100,0.07333333333333333,100,0.1355052264808363,100,0.0,100,0.0,100,0.0,100,0.0,100
pytest-dev/pytest,causal_rolling_mad,failure_rate,metric_shift,rerun_rate,1,medium,4,observed,controlled,100,0.0,100,,0,0.0,100,0.0,100,0.0,100,0.0,100,0.0,100,0.0,100,0.021739130434782653,100,,0,0.0,100,0.0,100,0.0,100,0.0,100,0.0,100
pytest-dev/pytest,causal_rolling_mad,rerun_rate,metric_shift,rerun_rate,1,medium,4,observed,controlled,100,0.05,100,1.0,5,0.0,77,0.05,100,0.0,100,0.05,100,0.0,100,0.3541666666666667,8,0.9104347826086951,100,1.0,5,0.0,74,0.05,100,0.05,100,0.05,100,0.05,100
pytest-dev/pytest,causal_rolling_mad,union,metric_shift,rerun_rate,1,medium,4,observed,controlled,100,0.06,100,0.8333333333333334,6,0.331168831168831,77,0.07,100,0.0,100,0.06,100,0.003333333333333333,100,0.4583333333333333,8,0.9104347826086951,100,0.08,75,0.34189189189189173,74,0.06,100,0.06,100,0.06,100,0.06,100
pytest-dev/pytest,causal_rolling_mad,two_of_three,metric_shift,rerun_rate,1,medium,4,observed,controlled,100,0.0,100,,0,0.0,77,0.0,100,0.0,100,0.0,100,0.0,100,0.0,8,0.9104347826086951,100,,0,0.0,74,0.0,100,0.0,100,0.0,100,0.0,100
pytest-dev/pytest,mewma,mewma,metric_shift,rerun_rate,1,medium,4,observed,controlled,100,0.53,100,2.0377358490566038,53,0.06521739130434773,100,1.27,100,0.41,100,0.55,100,0.065,100,0.18994047619047613,100,0.0,100,0.22359523809523804,100,0.07499999999999991,100,0.53,100,0.55,100,0.57,100,0.6,100
pytest-dev/pytest,causal_rolling_mad,latency_log,metric_shift,rerun_rate,1,low,8,observed,none,100,0.0,100,,0,0.13333333333333325,100,0.0,100,0.0,100,0.59,100,0.13303571428571426,100,0.0,100,0.021739130434782653,100,0.17666666666666667,100,0.13340682788051214,100,0.0,100,0.0,100,0.0,100,0.0,100
pytest-dev/pytest,causal_rolling_mad,failure_rate,metric_shift,rerun_rate,1,low,8,observed,none,100,0.0,100,,0,0.0,100,0.0,100,0.0,100,0.0,100,0.0,100,0.0,100,0.021739130434782653,100,,0,0.0,100,0.0,100,0.0,100,0.0,100,0.0,100
pytest-dev/pytest,causal_rolling_mad,rerun_rate,metric_shift,rerun_rate,1,low,8,observed,none,100,0.01,100,2.0,1,0.0,100,0.01,100,0.0,100,0.01,100,0.0,100,0.016666666666666666,10,0.8695652173913027,100,1.0,1,0.0,97,0.01,100,0.01,100,0.01,100,0.01,100
pytest-dev/pytest,causal_rolling_mad,union,metric_shift,rerun_rate,1,low,8,observed,none,100,0.02,100,3.5,2,0.3333333333333329,100,0.03,100,0.0,100,0.06,100,0.013999999999999999,100,0.05833333333333333,10,0.8695652173913027,100,0.04333333333333333,100,0.367697594501718,97,0.02,100,0.02,100,0.02,100,0.02,100
pytest-dev/pytest,causal_rolling_mad,two_of_three,metric_shift,rerun_rate,1,low,8,observed,none,100,0.0,100,,0,0.0,100,0.0,100,0.0,100,0.0,100,0.0,100,0.0,10,0.8695652173913027,100,,0,0.0,97,0.0,100,0.0,100,0.0,100,0.0,100
pytest-dev/pytest,mewma,mewma,metric_shift,rerun_rate,1,low,8,observed,none,100,0.62,100,4.725806451612903,62,0.06521739130434773,100,1.61,100,0.33,100,0.67,100,0.0675,100,0.1509823232323232,100,0.0,100,0.3370873015873016,100,0.07342105263157883,100,0.62,100,0.62,100,0.62,100,0.62,100
pytest-dev/pytest,causal_rolling_mad,latency_log,metric_shift,rerun_rate,1,medium,8,observed,none,100,0.0,100,,0,0.13333333333333325,100,0.0,100,0.0,100,0.52,100,0.10964285714285715,100,0.0,100,0.021739130434782653,100,0.14500000000000005,100,0.1384708392603129,100,0.0,100,0.0,100,0.0,100,0.0,100
pytest-dev/pytest,causal_rolling_mad,failure_rate,metric_shift,rerun_rate,1,medium,8,observed,none,100,0.0,100,,0,0.0,100,0.0,100,0.0,100,0.0,100,0.0,100,0.0,100,0.021739130434782653,100,,0,0.0,100,0.0,100,0.0,100,0.0,100,0.0,100
pytest-dev/pytest,causal_rolling_mad,rerun_rate,metric_shift,rerun_rate,1,medium,8,observed,none,100,0.03,100,2.0,3,0.0,100,0.05,100,0.0,100,0.03,100,0.0,100,0.05555555555555555,15,0.8695652173913027,100,1.0,3,0.0,97,0.03,100,0.03,100,0.03,100,0.03,100
pytest-dev/pytest,causal_rolling_mad,union,metric_shift,rerun_rate,1,medium,8,observed,none,100,0.03,100,2.0,3,0.3333333333333329,100,0.06,100,0.0,100,0.04,100,0.012,100,0.06666666666666667,15,0.8695652173913027,100,0.035,100,0.36632302405498257,97,0.03,100,0.03,100,0.03,100,0.03,100
pytest-dev/pytest,causal_rolling_mad,two_of_three,metric_shift,rerun_rate,1,medium,8,observed,none,100,0.0,100,,0,0.0,100,0.0,100,0.0,100,0.0,100,0.0,100,0.0,15,0.8695652173913027,100,,0,0.0,97,0.0,100,0.0,100,0.0,100,0.0,100
pytest-dev/pytest,mewma,mewma,metric_shift,rerun_rate,1,medium,8,observed,none,100,0.99,100,2.727272727272727,99,0.06521739130434773,100,6.71,100,2.01,100,0.99,100,0.05625,100,0.47188458763458757,100,0.0,100,0.5337826895326895,100,0.11999999999999998,100,0.99,100,0.99,100,0.99,100,0.99,100
pytest-dev/pytest,causal_rolling_mad,latency_log,metric_shift,rerun_rate,1,high,8,observed,none,100,0.0,100,,0,0.13333333333333325,100,0.0,100,0.0,100,0.56,100,0.12767857142857142,100,0.0,100,0.021739130434782653,100,0.17,100,0.13455903271692737,100,0.0,100,0.0,100,0.0,100,0.0,100
pytest-dev/pytest,causal_rolling_mad,failure_rate,metric_shift,rerun_rate,1,high,8,observed,none,100,0.0,100,,0,0.0,100,0.0,100,0.0,100,0.0,100,0.0,100,0.0,100,0.021739130434782653,100,,0,0.0,100,0.0,100,0.0,100,0.0,100,0.0,100
pytest-dev/pytest,causal_rolling_mad,rerun_rate,metric_shift,rerun_rate,1,high,8,observed,none,100,0.1,100,3.5,10,0.0,100,0.27,100,0.0,100,0.1,100,0.0,100,0.3678571428571428,14,0.8695652173913027,100,1.0,10,0.0,95,0.1,100,0.1,100,0.1,100,0.1,100
pytest-dev/pytest,causal_rolling_mad,union,metric_shift,rerun_rate,1,high,8,observed,none,100,0.11,100,3.727272727272727,11,0.3333333333333329,100,0.25,100,0.0,100,0.11,100,0.018666666666666665,100,0.3678571428571428,14,0.8695652173913027,100,0.07749999999999999,100,0.3691228070175437,95,0.11,100,0.11,100,0.11,100,0.11,100
pytest-dev/pytest,causal_rolling_mad,two_of_three,metric_shift,rerun_rate,1,high,8,observed,none,100,0.04,100,6.0,4,0.0,100,0.05,100,0.0,100,0.04,100,0.0,100,0.05952380952380952,14,0.8695652173913027,100,1.0,4,0.0,95,0.04,100,0.04,100,0.04,100,0.04,100
pytest-dev/pytest,mewma,mewma,metric_shift,rerun_rate,1,high,8,observed,none,100,1.0,100,1.22,100,0.06521739130434773,100,10.49,100,4.04,100,1.0,100,0.05,100,0.5457379564879564,100,0.0,100,0.5191383869398575,100,0.17473684210526316,100,1.0,100,1.0,100,1.0,100,1.0,100
pytest-dev/pytest,causal_rolling_mad,latency_log,metric_shift,rerun_rate,1,medium,8,low_volume,none,100,0.0,100,,0,0.13333333333333325,100,0.0,100,0.0,100,0.5,100,0.10642857142857143,100,0.0,100,0.021739130434782653,100,0.14166666666666672,100,0.13915362731152203,100,0.0,100,0.0,100,0.0,100,0.0,100
pytest-dev/pytest,causal_rolling_mad,failure_rate,metric_shift,rerun_rate,1,medium,8,low_volume,none,100,0.04,100,4.25,4,0.0,100,0.05,100,0.01,100,0.04,100,0.0,100,0.005,100,0.029565217391304407,100,0.8,5,0.0003125,100,0.04,100,0.05,100,0.05,100,0.05,100
pytest-dev/pytest,causal_rolling_mad,rerun_rate,metric_shift,rerun_rate,1,medium,8,low_volume,none,100,0.03,100,5.333333333333333,3,0.0,100,0.03,100,0.0,100,0.03,100,0.0,100,0.0738095238095238,14,0.8704347826086939,100,1.0,3,0.0,98,0.03,100,0.03,100,0.03,100,0.03,100
pytest-dev/pytest,causal_rolling_mad,union,metric_shift,rerun_rate,1,medium,8,low_volume,none,100,0.06,100,6.0,6,0.3673400673400672,99,0.08,100,0.02,100,0.11,100,0.01633333333333333,100,0.14523809523809522,14,0.8771739130434766,100,0.05555555555555555,99,0.4278350515463919,97,0.06,100,0.06,100,0.06,100,0.06,100
pytest-dev/pytest,causal_rolling_mad,two_of_three,metric_shift,rerun_rate,1,medium,8,low_volume,none,100,0.0,100,,0,0.0,99,0.0,100,0.0,100,0.0,100,0.0,100,0.0,14,0.8771739130434766,100,,0,0.0,97,0.0,100,0.0,100,0.0,100,0.0,100
pytest-dev/pytest,mewma,mewma,metric_shift,rerun_rate,1,medium,8,low_volume,none,100,0.97,100,2.7216494845360826,97,0.06521739130434773,100,5.64,100,1.66,100,0.97,100,0.06,100,0.41127375402375405,100,0.0,100,0.5117498612498612,100,0.10999999999999996,100,0.97,100,0.97,100,0.97,100,0.97,100
pytest-dev/pytest,causal_rolling_mad,latency_log,metric_shift,rerun_rate,1,medium,8,observed,controlled,100,0.0,100,,0,0.13333333333333325,100,0.0,100,0.0,100,0.49,100,0.11142857142857142,100,0.0,100,0.021739130434782653,100,0.14833333333333337,100,0.1380725462304409,100,0.0,100,0.0,100,0.0,100,0.0,100
pytest-dev/pytest,causal_rolling_mad,failure_rate,metric_shift,rerun_rate,1,medium,8,observed,controlled,100,0.0,100,,0,0.0,100,0.0,100,0.0,100,0.0,100,0.0,100,0.0,100,0.021739130434782653,100,,0,0.0,100,0.0,100,0.0,100,0.0,100,0.0,100
pytest-dev/pytest,causal_rolling_mad,rerun_rate,metric_shift,rerun_rate,1,medium,8,observed,controlled,100,0.0,100,,0,0.0,67,0.0,100,0.0,100,0.0,100,0.0,100,0.0,1,0.9189130434782598,100,,0,0.0,66,0.0,100,0.0,100,0.0,100,0.0,100
pytest-dev/pytest,causal_rolling_mad,union,metric_shift,rerun_rate,1,medium,8,observed,controlled,100,0.0,100,,0,0.37512437810945254,67,0.0,100,0.0,100,0.0,100,0.0,100,0.0,1,0.9189130434782598,100,0.0,66,0.3808080808080806,66,0.0,100,0.0,100,0.0,100,0.0,100
pytest-dev/pytest,causal_rolling_mad,two_of_three,metric_shift,rerun_rate,1,medium,8,observed,controlled,100,0.0,100,,0,0.0,67,0.0,100,0.0,100,0.0,100,0.0,100,0.0,1,0.9189130434782598,100,,0,0.0,66,0.0,100,0.0,100,0.0,100,0.0,100
pytest-dev/pytest,mewma,mewma,metric_shift,rerun_rate,1,medium,8,observed,controlled,100,0.96,100,3.6666666666666665,96,0.06521739130434773,100,4.69,100,1.2,100,0.96,100,0.05375,100,0.38024358974358985,100,0.0,100,0.4924720002220003,100,0.09921052631578943,100,0.96,100,0.96,100,0.96,100,0.96,100
pytest-dev/pytest,causal_rolling_mad,latency_log,metric_shift,latency_log+failure_rate,2,low,1,observed,none,100,0.03,100,0.0,3,0.13333333333333325,100,0.08,100,0.05,100,0.13,100,0.1,100,0.015789473684210527,95,0.021739130434782653,100,0.02041666666666667,100,0.12734848484848496,100,0.03,100,0.05,100,0.05,100,0.05,100
pytest-dev/pytest,causal_rolling_mad,failure_rate,metric_shift,latency_log+failure_rate,2,low,1,observed,none,100,0.0,100,,0,0.0,100,0.0,100,0.0,100,0.0,100,0.0,100,0.0,95,0.021739130434782653,100,,0,0.0,100,0.0,100,0.0,100,0.0,100,0.0,100
pytest-dev/pytest,causal_rolling_mad,rerun_rate,metric_shift,latency_log+failure_rate,2,low,1,observed,none,100,0.0,100,,0,0.0,100,0.0,100,0.0,100,0.0,100,0.0,100,0.0,13,0.8695652173913027,100,,0,0.0,100,0.0,100,0.0,100,0.0,100,0.0,100
pytest-dev/pytest,causal_rolling_mad,union,metric_shift,latency_log+failure_rate,2,low,1,observed,none,100,0.0,100,,0,0.3333333333333329,100,0.03,100,0.03,100,0.02,100,0.02,100,0.0,13,0.8695652173913027,100,0.01,100,0.34399999999999975,100,0.0,100,0.03,100,0.03,100,0.03,100
pytest-dev/pytest,causal_rolling_mad,two_of_three,metric_shift,latency_log+failure_rate,2,low,1,observed,none,100,0.0,100,,0,0.0,100,0.0,100,0.0,100,0.0,100,0.0,100,0.0,13,0.8695652173913027,100,,0,0.0,100,0.0,100,0.0,100,0.0,100,0.0,100
pytest-dev/pytest,mewma,mewma,metric_shift,latency_log+failure_rate,2,low,1,observed,none,100,0.0,100,,0,0.06521739130434773,100,0.07,100,0.07,100,0.07,100,0.07,100,0.0,100,0.0,100,0.02333333333333333,100,0.06666666666666661,100,0.0,100,0.02,100,0.04,100,0.07,100
pytest-dev/pytest,causal_rolling_mad,latency_log,metric_shift,latency_log+failure_rate,2,medium,1,observed,none,100,0.08,100,0.0,8,0.13333333333333325,100,0.14,100,0.06,100,0.22,100,0.14,100,0.07142857142857142,98,0.021739130434782653,100,0.03669047619047618,100,0.12403030303030314,100,0.08,100,0.12,100,0.12,100,0.12,100
pytest-dev/pytest,causal_rolling_mad,failure_rate,metric_shift,latency_log+failure_rate,2,medium,1,observed,none,100,0.0,100,,0,0.0,100,0.0,100,0.0,100,0.0,100,0.0,100,0.0,98,0.021739130434782653,100,,0,0.0,100,0.0,100,0.0,100,0.0,100,0.0,100
pytest-dev/pytest,causal_rolling_mad,rerun_rate,metric_shift,latency_log+failure_rate,2,medium,1,observed,none,100,0.0,100,,0,0.0,100,0.0,100,0.0,100,0.0,100,0.0,100,0.0,14,0.8695652173913027,100,,0,0.0,100,0.0,100,0.0,100,0.0,100,0.0,100
pytest-dev/pytest,causal_rolling_mad,union,metric_shift,latency_log+failure_rate,2,medium,1,observed,none,100,0.0,100,,0,0.3333333333333329,100,0.02,100,0.02,100,0.05,100,0.05,100,0.0,14,0.8695652173913027,100,0.025,100,0.3366666666666663,100,0.0,100,0.02,100,0.02,100,0.02,100
pytest-dev/pytest,causal_rolling_mad,two_of_three,metric_shift,latency_log+failure_rate,2,medium,1,observed,none,100,0.0,100,,0,0.0,100,0.0,100,0.0,100,0.0,100,0.0,100,0.0,14,0.8695652173913027,100,,0,0.0,100,0.0,100,0.0,100,0.0,100,0.0,100
pytest-dev/pytest,mewma,mewma,metric_shift,latency_log+failure_rate,2,medium,1,observed,none,100,0.03,100,0.0,3,0.06521739130434773,100,0.26,100,0.23,100,0.11,100,0.08,100,0.03,100,0.0,100,0.030833333333333334,100,0.06999999999999994,100,0.03,100,0.12,100,0.13,100,0.19,100
pytest-dev/pytest,causal_rolling_mad,latency_log,metric_shift,latency_log+failure_rate,2,high,1,observed,none,100,0.09,100,0.0,9,0.13333333333333325,100,0.2,100,0.11,100,0.15,100,0.06,100,0.0707070707070707,99,0.021739130434782653,100,0.023285714285714288,100,0.12928787878787887,100,0.09,100,0.16,100,0.16,100,0.16,100
pytest-dev/pytest,causal_rolling_mad,failure_rate,metric_shift,latency_log+failure_rate,2,high,1,observed,none,100,0.03,100,0.0,3,0.0,100,0.03,100,0.0,100,0.03,100,0.0,100,0.030303030303030304,99,0.021739130434782653,100,1.0,3,0.0,100,0.03,100,0.03,100,0.03,100,0.03,100
pytest-dev/pytest,causal_rolling_mad,rerun_rate,metric_shift,latency_log+failure_rate,2,high,1,observed,none,100,0.0,100,,0,0.0,100,0.0,100,0.0,100,0.0,100,0.0,100,0.0,10,0.8695652173913027,100,,0,0.0,100,0.0,100,0.0,100,0.0,100,0.0,100
pytest-dev/pytest,causal_rolling_mad,union,metric_shift,latency_log+failure_rate,2,high,1,observed,none,100,0.02,100,0.0,2,0.3333333333333329,100,0.06,100,0.04,100,0.04,100,0.02,100,0.1,10,0.8695652173913027,100,0.015,100,0.3439999999999997,100,0.02,100,0.04,100,0.04,100,0.04,100
pytest-dev/pytest,causal_rolling_mad,two_of_three,metric_shift,latency_log+failure_rate,2,high,1,observed,none,100,0.0,100,,0,0.0,100,0.0,100,0.0,100,0.0,100,0.0,100,0.0,10,0.8695652173913027,100,,0,0.0,100,0.0,100,0.0,100,0.0,100,0.0,100
pytest-dev/pytest,mewma,mewma,metric_shift,latency_log+failure_rate,2,high,1,observed,none,100,0.15,100,0.0,15,0.06521739130434773,100,0.47,100,0.32,100,0.18,100,0.03,100,0.1383333333333333,100,0.0,100,0.044500000000000005,100,0.07311111111111104,100,0.15,100,0.22,100,0.26,100,0.37,100
pytest-dev/pytest,causal_rolling_mad,latency_log,metric_shift,latency_log+failure_rate,2,medium,1,low_volume,none,100,0.08,100,0.0,8,0.13333333333333325,100,0.14,100,0.06,100,0.22,100,0.14,100,0.07653061224489796,98,0.021739130434782653,100,0.0351547619047619,100,0.12403030303030319,100,0.08,100,0.13,100,0.13,100,0.13,100
pytest-dev/pytest,causal_rolling_mad,failure_rate,metric_shift,latency_log+failure_rate,2,medium,1,low_volume,none,100,0.01,100,0.0,1,0.0,100,0.01,100,0.0,100,0.01,100,0.0,100,0.01020408163265306,98,0.021739130434782653,100,1.0,1,0.0,100,0.01,100,0.01,100,0.01,100,0.01,100
pytest-dev/pytest,causal_rolling_mad,rerun_rate,metric_shift,latency_log+failure_rate,2,medium,1,low_volume,none,100,0.0,100,,0,0.0,100,0.0,100,0.0,100,0.0,100,0.0,100,0.0,7,0.872173913043477,100,,0,0.0,100,0.0,100,0.0,100,0.0,100,0.0,100
pytest-dev/pytest,causal_rolling_mad,union,metric_shift,latency_log+failure_rate,2,medium,1,low_volume,none,100,0.0,100,,0,0.341333333333333,100,0.03,100,0.03,100,0.02,100,0.02,100,0.0,7,0.872173913043477,100,0.01,100,0.3479999999999997,100,0.0,100,0.03,100,0.03,100,0.03,100
pytest-dev/pytest,causal_rolling_mad,two_of_three,metric_shift,latency_log+failure_rate,2,medium,1,low_volume,none,100,0.0,100,,0,0.0,100,0.0,100,0.0,100,0.0,100,0.0,100,0.0,7,0.872173913043477,100,,0,0.0,100,0.0,100,0.0,100,0.0,100,0.0,100
pytest-dev/pytest,mewma,mewma,metric_shift,latency_log+failure_rate,2,medium,1,low_volume,none,100,0.05,100,0.0,5,0.06521739130434773,100,0.25,100,0.2,100,0.1,100,0.05,100,0.05,100,0.0,100,0.028333333333333335,100,0.06999999999999994,100,0.05,100,0.11,100,0.13,100,0.2,100
pytest-dev/pytest,causal_rolling_mad,latency_log,metric_shift,latency_log+failure_rate,2,medium,1,observed,controlled,100,0.02,100,0.0,2,0.13400469521572148,100,0.07,100,0.05,100,0.1,100,0.08,100,0.028846153846153848,52,0.15130434782608704,100,0.016011904761904762,100,0.12989863460966095,100,0.02,100,0.06,100,0.06,100,0.06,100
pytest-dev/pytest,causal_rolling_mad,failure_rate,metric_shift,latency_log+failure_rate,2,medium,1,observed,controlled,100,0.0,100,,0,0.0,100,0.0,100,0.0,100,0.0,100,0.0,100,0.0,45,0.1845652173913045,100,,0,0.0,100,0.0,100,0.0,100,0.0,100,0.0,100
pytest-dev/pytest,causal_rolling_mad,rerun_rate,metric_shift,latency_log+failure_rate,2,medium,1,observed,controlled,100,0.0,100,,0,0.0,100,0.0,100,0.0,100,0.0,100,0.0,100,0.0,8,0.8695652173913027,100,,0,0.0,100,0.0,100,0.0,100,0.0,100,0.0,100
pytest-dev/pytest,causal_rolling_mad,union,metric_shift,latency_log+failure_rate,2,medium,1,observed,controlled,100,0.0,100,,0,0.3616033755274259,79,0.0,100,0.0,100,0.0,100,0.0,100,,0,0.9063043478260855,100,0.0,75,0.3616033755274259,79,0.0,100,0.0,100,0.0,100,0.0,100
pytest-dev/pytest,causal_rolling_mad,two_of_three,metric_shift,latency_log+failure_rate,2,medium,1,observed,controlled,100,0.0,100,,0,0.0,79,0.0,100,0.0,100,0.0,100,0.0,100,,0,0.9063043478260855,100,,0,0.0,79,0.0,100,0.0,100,0.0,100,0.0,100
pytest-dev/pytest,mewma,mewma,metric_shift,latency_log+failure_rate,2,medium,1,observed,controlled,100,0.02,100,0.0,2,0.06521739130434773,100,0.16,100,0.14,100,0.06,100,0.06,100,0.02,100,0.0,100,0.016666666666666666,100,0.06666666666666661,100,0.02,100,0.05,100,0.08,100,0.11,100
pytest-dev/pytest,causal_rolling_mad,latency_log,metric_shift,latency_log+failure_rate,2,low,2,observed,none,100,0.09,100,0.5555555555555556,9,0.13333333333333325,100,0.15,100,0.02,100,0.23,100,0.12,100,0.06166666666666667,100,0.021739130434782653,100,0.057023809523809525,100,0.11764270613107836,100,0.09,100,0.09,100,0.09,100,0.09,100
pytest-dev/pytest,causal_rolling_mad,failure_rate,metric_shift,latency_log+failure_rate,2,low,2,observed,none,100,0.01,100,1.0,1,0.0,100,0.01,100,0.0,100,0.01,100,0.0,100,0.005,100,0.021739130434782653,100,1.0,1,0.0,100,0.01,100,0.01,100,0.01,100,0.01,100
pytest-dev/pytest,causal_rolling_mad,rerun_rate,metric_shift,latency_log+failure_rate,2,low,2,observed,none,100,0.0,100,,0,0.0,100,0.0,100,0.0,100,0.0,100,0.0,100,0.0,17,0.8695652173913027,100,,0,0.0,100,0.0,100,0.0,100,0.0,100,0.0,100
pytest-dev/pytest,causal_rolling_mad,union,metric_shift,latency_log+failure_rate,2,low,2,observed,none,100,0.03,100,1.0,3,0.3333333333333329,100,0.05,100,0.02,100,0.08,100,0.04,100,0.08823529411764706,17,0.8695652173913027,100,0.05,100,0.3436666666666664,100,0.03,100,0.05,100,0.05,100,0.05,100
pytest-dev/pytest,causal_rolling_mad,two_of_three,metric_shift,latency_log+failure_rate,2,low,2,observed,none,100,0.0,100,,0,0.0,100,0.0,100,0.0,100,0.0,100,0.0,100,0.0,17,0.8695652173913027,100,,0,0.0,100,0.0,100,0.0,100,0.0,100,0.0,100
pytest-dev/pytest,mewma,mewma,metric_shift,latency_log+failure_rate,2,low,2,observed,none,100,0.08,100,1.0,8,0.06521739130434773,100,0.15,100,0.07,100,0.15,100,0.065,100,0.04,100,0.0,100,0.05916666666666665,100,0.06681818181818192,100,0.08,100,0.1,100,0.11,100,0.13,100
pytest-dev/pytest,causal_rolling_mad,latency_log,metric_shift,latency_log+failure_rate,2,medium,2,observed,none,100,0.62,100,0.8709677419354839,62,0.13333333333333325,100,0.8,100,0.1,100,0.78,100,0.14,100,0.35333333333333333,100,0.021739130434782653,100,0.16078571428571423,100,0.11894291754756886,100,0.62,100,0.62,100,0.62,100,0.62,100
pytest-dev/pytest,causal_rolling_mad,failure_rate,metric_shift,latency_log+failure_rate,2,medium,2,observed,none,100,0.0,100,,0,0.0,100,0.0,100,0.0,100,0.0,100,0.0,100,0.0,100,0.021739130434782653,100,,0,0.0,100,0.0,100,0.0,100,0.0,100,0.0,100
pytest-dev/pytest,causal_rolling_mad,rerun_rate,metric_shift,latency_log+failure_rate,2,medium,2,observed,none,100,0.0,100,,0,0.0,100,0.0,100,0.0,100,0.0,100,0.0,100,0.0,16,0.8695652173913027,100,,0,0.0,100,0.0,100,0.0,100,0.0,100,0.0,100
pytest-dev/pytest,causal_rolling_mad,union,metric_shift,latency_log+failure_rate,2,medium,2,observed,none,100,0.1,100,0.9,10,0.3333333333333329,100,0.19,100,0.08,100,0.16,100,0.05,100,0.29166666666666663,16,0.8695652173913027,100,0.07833333333333332,100,0.35049999999999976,100,0.1,100,0.1,100,0.1,100,0.1,100
pytest-dev/pytest,causal_rolling_mad,two_of_three,metric_shift,latency_log+failure_rate,2,medium,2,observed,none,100,0.0,100,,0,0.0,100,0.0,100,0.0,100,0.0,100,0.0,100,0.0,16,0.8695652173913027,100,,0,0.0,100,0.0,100,0.0,100,0.0,100,0.0,100
pytest-dev/pytest,mewma,mewma,metric_shift,latency_log+failure_rate,2,medium,2,observed,none,100,0.25,100,0.68,25,0.06521739130434773,100,0.61,100,0.32,100,0.29,100,0.065,100,0.14,100,0.0,100,0.10100000000000002,100,0.07250000000000006,100,0.25,100,0.32,100,0.34,100,0.42,100
pytest-dev/pytest,causal_rolling_mad,latency_log,metric_shift,latency_log+failure_rate,2,high,2,observed,none,100,0.92,100,0.9130434782608695,92,0.13333333333333325,100,1.08,100,0.08,100,0.99,100,0.1,100,0.5066666666666667,100,0.021739130434782653,100,0.1952261904761903,100,0.11731501057082466,100,0.92,100,0.92,100,0.92,100,0.92,100
pytest-dev/pytest,causal_rolling_mad,failure_rate,metric_shift,latency_log+failure_rate,2,high,2,observed,none,100,0.18,100,0.7222222222222222,18,0.0,100,0.21,100,0.0,100,0.18,100,0.0,100,0.11,100,0.021739130434782653,100,1.0,18,0.0,100,0.18,100,0.18,100,0.18,100,0.18,100
pytest-dev/pytest,causal_rolling_mad,rerun_rate,metric_shift,latency_log+failure_rate,2,high,2,observed,none,100,0.0,100,,0,0.0,100,0.0,100,0.0,100,0.0,100,0.0,100,0.0,10,0.8695652173913027,100,,0,0.0,100,0.0,100,0.0,100,0.0,100,0.0,100
pytest-dev/pytest,causal_rolling_mad,union,metric_shift,latency_log+failure_rate,2,high,2,observed,none,100,0.07,100,0.5714285714285714,7,0.3333333333333329,100,0.12,100,0.02,100,0.1,100,0.025,100,0.4833333333333333,10,0.8695652173913027,100,0.05166666666666666,100,0.34099999999999975,100,0.07,100,0.07,100,0.07,100,0.07,100
pytest-dev/pytest,causal_rolling_mad,two_of_three,metric_shift,latency_log+failure_rate,2,high,2,observed,none,100,0.01,100,1.0,1,0.0,100,0.01,100,0.0,100,0.01,100,0.0,100,0.05,10,0.8695652173913027,100,1.0,1,0.0,100,0.01,100,0.01,100,0.01,100,0.01,100
pytest-dev/pytest,mewma,mewma,metric_shift,latency_log+failure_rate,2,high,2,observed,none,100,0.93,100,0.8602150537634409,93,0.06521739130434773,100,2.37,100,1.33,100,0.98,100,0.07,100,0.3433333333333332,100,0.0,100,0.22885714285714268,100,0.09522727272727276,100,0.93,100,0.98,100,0.99,100,0.99,100
pytest-dev/pytest,causal_rolling_mad,latency_log,metric_shift,latency_log+failure_rate,2,medium,2,low_volume,none,100,0.72,100,0.8333333333333334,72,0.13333333333333325,100,0.91,100,0.07,100,0.82,100,0.095,100,0.4133333333333333,100,0.021739130434782653,100,0.1679880952380951,100,0.11973572938689231,100,0.72,100,0.72,100,0.72,100,0.72,100
pytest-dev/pytest,causal_rolling_mad,failure_rate,metric_shift,latency_log+failure_rate,2,medium,2,low_volume,none,100,0.06,100,0.8333333333333334,6,0.0,100,0.07,100,0.0,100,0.06,100,0.0,100,0.035,100,0.021739130434782653,100,1.0,6,0.0,100,0.06,100,0.06,100,0.06,100,0.06,100
pytest-dev/pytest,causal_rolling_mad,rerun_rate,metric_shift,latency_log+failure_rate,2,medium,2,low_volume,none,100,0.0,100,,0,0.0,100,0.0,100,0.0,100,0.0,100,0.0,100,0.0,8,0.8736956521739121,100,,0,0.0,100,0.0,100,0.0,100,0.0,100,0.0,100
pytest-dev/pytest,causal_rolling_mad,union,metric_shift,latency_log+failure_rate,2,medium,2,low_volume,none,100,0.08,100,0.875,8,0.3479999999999997,100,0.15,100,0.06,100,0.08,100,0.0,100,0.45833333333333337,8,0.8736956521739121,100,0.025833333333333333,100,0.3629999999999998,100,0.08,100,0.08,100,0.08,100,0.08,100
pytest-dev/pytest,causal_rolling_mad,two_of_three,metric_shift,latency_log+failure_rate,2,medium,2,low_volume,none,100,0.01,100,1.0,1,0.0,100,0.01,100,0.0,100,0.01,100,0.0,100,0.0625,8,0.8736956521739121,100,1.0,1,0.0,100,0.01,100,0.01,100,0.01,100,0.01,100
pytest-dev/pytest,mewma,mewma,metric_shift,latency_log+failure_rate,2,medium,2,low_volume,none,100,0.3,100,0.9333333333333333,30,0.06521739130434773,100,0.71,100,0.39,100,0.37,100,0.08,100,0.137,100,0.0,100,0.11176190476190477,100,0.073409090909091,100,0.3,100,0.41,100,0.43,100,0.46,100
pytest-dev/pytest,causal_rolling_mad,latency_log,metric_shift,latency_log+failure_rate,2,medium,2,observed,controlled,100,0.38,100,0.8157894736842105,38,0.14092625622964158,100,0.44,100,0.03,100,0.47,100,0.085,100,0.30666666666666664,75,0.16304347826086954,100,0.08902380952380953,100,0.13600204322184029,100,0.38,100,0.38,100,0.38,100,0.38,100
pytest-dev/pytest,causal_rolling_mad,failure_rate,metric_shift,latency_log+failure_rate,2,medium,2,observed,controlled,100,0.02,100,1.0,2,0.0,100,0.02,100,0.0,100,0.02,100,0.0,100,0.014285714285714285,70,0.1632608695652175,100,1.0,2,0.0,100,0.02,100,0.02,100,0.02,100,0.02,100
pytest-dev/pytest,causal_rolling_mad,rerun_rate,metric_shift,latency_log+failure_rate,2,medium,2,observed,controlled,100,0.0,100,,0,0.0,100,0.0,100,0.0,100,0.0,100,0.0,100,0.0,9,0.8695652173913027,100,,0,0.0,100,0.0,100,0.0,100,0.0,100,0.0,100
pytest-dev/pytest,causal_rolling_mad,union,metric_shift,latency_log+failure_rate,2,medium,2,observed,controlled,100,0.0,100,,0,0.3871111111111109,75,0.0,100,0.0,100,0.0,100,0.0,100,0.0,2,0.9182608695652165,100,0.0,68,0.3923423423423421,74,0.0,100,0.0,100,0.0,100,0.0,100
pytest-dev/pytest,causal_rolling_mad,two_of_three,metric_shift,latency_log+failure_rate,2,medium,2,observed,controlled,100,0.0,100,,0,0.0,75,0.0,100,0.0,100,0.0,100,0.0,100,0.0,2,0.9182608695652165,100,,0,0.0,74,0.0,100,0.0,100,0.0,100,0.0,100
pytest-dev/pytest,mewma,mewma,metric_shift,latency_log+failure_rate,2,medium,2,observed,controlled,100,0.12,100,0.75,12,0.06521739130434773,100,0.29,100,0.16,100,0.14,100,0.035,100,0.06333333333333332,100,0.0,100,0.04883333333333334,100,0.07000000000000008,100,0.12,100,0.17,100,0.2,100,0.24,100
pytest-dev/pytest,causal_rolling_mad,latency_log,metric_shift,latency_log+failure_rate,2,low,4,observed,none,100,0.16,100,1.5625,16,0.13333333333333325,100,0.25,100,0.01,100,0.32,100,0.0875,100,0.059500000000000004,100,0.021739130434782653,100,0.09373809523809523,100,0.11752613240418118,100,0.16,100,0.16,100,0.16,100,0.16,100
pytest-dev/pytest,causal_rolling_mad,failure_rate,metric_shift,latency_log+failure_rate,2,low,4,observed,none,100,0.0,100,,0,0.0,100,0.0,100,0.0,100,0.0,100,0.0,100,0.0,100,0.021739130434782653,100,,0,0.0,100,0.0,100,0.0,100,0.0,100,0.0,100
pytest-dev/pytest,causal_rolling_mad,rerun_rate,metric_shift,latency_log+failure_rate,2,low,4,observed,none,100,0.0,100,,0,0.0,100,0.0,100,0.0,100,0.0,100,0.0,100,0.0,10,0.8695652173913027,100,,0,0.0,100,0.0,100,0.0,100,0.0,100,0.0,100
pytest-dev/pytest,causal_rolling_mad,union,metric_shift,latency_log+failure_rate,2,low,4,observed,none,100,0.06,100,2.1666666666666665,6,0.3333333333333329,100,0.07,100,0.01,100,0.09,100,0.01,100,0.225,10,0.8695652173913027,100,0.0898876404494382,89,0.2793333333333331,100,0.06,100,0.07,100,0.07,100,0.07,100
pytest-dev/pytest,causal_rolling_mad,two_of_three,metric_shift,latency_log+failure_rate,2,low,4,observed,none,100,0.0,100,,0,0.0,100,0.0,100,0.0,100,0.0,100,0.0,100,0.0,10,0.8695652173913027,100,,0,0.0,100,0.0,100,0.0,100,0.0,100,0.0,100
pytest-dev/pytest,mewma,mewma,metric_shift,latency_log+failure_rate,2,low,4,observed,none,100,0.19,100,2.263157894736842,19,0.06521739130434773,100,0.35,100,0.16,100,0.19,100,0.04,100,0.04650000000000001,100,0.0,100,0.0855,100,0.07142857142857134,100,0.19,100,0.21,100,0.29,100,0.33,100
pytest-dev/pytest,causal_rolling_mad,latency_log,metric_shift,latency_log+failure_rate,2,medium,4,observed,none,100,0.81,100,1.123456790123457,81,0.13333333333333325,100,1.6,100,0.04,100,0.81,100,0.135,100,0.3888333333333334,100,0.021739130434782653,100,0.30209920634920606,100,0.10874564459930319,100,0.81,100,0.81,100,0.81,100,0.81,100
pytest-dev/pytest,causal_rolling_mad,failure_rate,metric_shift,latency_log+failure_rate,2,medium,4,observed,none,100,0.05,100,1.6,5,0.0,100,0.05,100,0.0,100,0.05,100,0.0,100,0.0125,100,0.021739130434782653,100,1.0,5,0.0,100,0.05,100,0.05,100,0.05,100,0.05,100
pytest-dev/pytest,causal_rolling_mad,rerun_rate,metric_shift,latency_log+failure_rate,2,medium,4,observed,none,100,0.0,100,,0,0.0,100,0.0,100,0.0,100,0.0,100,0.0,100,0.0,13,0.8695652173913027,100,,0,0.0,100,0.0,100,0.0,100,0.0,100,0.0,100
pytest-dev/pytest,causal_rolling_mad,union,metric_shift,latency_log+failure_rate,2,medium,4,observed,none,100,0.13,100,1.0769230769230769,13,0.3333333333333329,100,0.3,100,0.01,100,0.13,100,0.0225,100,0.6923076923076923,13,0.8695652173913027,100,0.12790697674418605,86,0.27433333333333304,100,0.13,100,0.13,100,0.13,100,0.13,100
pytest-dev/pytest,causal_rolling_mad,two_of_three,metric_shift,latency_log+failure_rate,2,medium,4,observed,none,100,0.0,100,,0,0.0,100,0.0,100,0.0,100,0.0,100,0.0,100,0.0,13,0.8695652173913027,100,,0,0.0,100,0.0,100,0.0,100,0.0,100,0.0,100
pytest-dev/pytest,mewma,mewma,metric_shift,latency_log+failure_rate,2,medium,4,observed,none,100,0.89,100,1.9550561797752808,89,0.06521739130434773,100,2.64,100,0.9,100,0.89,100,0.0475,100,0.3713809523809525,100,0.0,100,0.3308809523809522,100,0.0883333333333332,100,0.89,100,0.91,100,0.93,100,0.94,100
pytest-dev/pytest,causal_rolling_mad,latency_log,metric_shift,latency_log+failure_rate,2,high,4,observed,none,100,1.0,100,1.02,100,0.13333333333333325,100,2.72,100,0.05,100,1.0,100,0.105,100,0.6645,100,0.021739130434782653,100,0.4047579365079363,100,0.11289198606271779,100,1.0,100,1.0,100,1.0,100,1.0,100
pytest-dev/pytest,causal_rolling_mad,failure_rate,metric_shift,latency_log+failure_rate,2,high,4,observed,none,100,0.22,100,1.3636363636363635,22,0.0,100,0.26,100,0.0,100,0.22,100,0.0,100,0.06583333333333334,100,0.021739130434782653,100,1.0,22,0.0,100,0.22,100,0.22,100,0.22,100,0.22,100
pytest-dev/pytest,causal_rolling_mad,rerun_rate,metric_shift,latency_log+failure_rate,2,high,4,observed,none,100,0.0,100,,0,0.0,100,0.0,100,0.0,100,0.0,100,0.0,100,0.0,20,0.8695652173913027,100,,0,0.0,100,0.0,100,0.0,100,0.0,100,0.0,100
pytest-dev/pytest,causal_rolling_mad,union,metric_shift,latency_log+failure_rate,2,high,4,observed,none,100,0.2,100,1.4,20,0.3333333333333329,100,0.49,100,0.04,100,0.2,100,0.0175,100,0.7375,20,0.8695652173913027,100,0.18406593406593408,91,0.26566666666666644,100,0.2,100,0.2,100,0.2,100,0.2,100
pytest-dev/pytest,causal_rolling_mad,two_of_three,metric_shift,latency_log+failure_rate,2,high,4,observed,none,100,0.04,100,2.25,4,0.0,100,0.04,100,0.0,100,0.04,100,0.0,100,0.05416666666666666,20,0.8695652173913027,100,1.0,4,0.0,100,0.04,100,0.04,100,0.04,100,0.04,100
pytest-dev/pytest,mewma,mewma,metric_shift,latency_log+failure_rate,2,high,4,observed,none,100,1.0,100,0.94,100,0.06521739130434773,100,6.1,100,3.13,100,1.0,100,0.05,100,0.4294484126984126,100,0.0,100,0.3615624098124098,100,0.14119047619047598,100,1.0,100,1.0,100,1.0,100,1.0,100
pytest-dev/pytest,causal_rolling_mad,latency_log,metric_shift,latency_log+failure_rate,2,medium,4,low_volume,none,100,0.83,100,1.1325301204819278,83,0.13333333333333325,100,1.83,100,0.03,100,0.83,100,0.1425,100,0.44933333333333336,100,0.021739130434782653,100,0.33330952380952367,100,0.10728222996515684,100,0.83,100,0.83,100,0.83,100,0.83,100
pytest-dev/pytest,causal_rolling_mad,failure_rate,metric_shift,latency_log+failure_rate,2,medium,4,low_volume,none,100,0.16,100,1.875,16,0.0,100,0.19,100,0.0,100,0.16,100,0.0,100,0.0475,100,0.021739130434782653,100,1.0,16,0.0,100,0.16,100,0.16,100,0.16,100,0.16,100
pytest-dev/pytest,causal_rolling_mad,rerun_rate,metric_shift,latency_log+failure_rate,2,medium,4,low_volume,none,100,0.0,100,,0,0.0,100,0.0,100,0.0,100,0.0,100,0.0,100,0.0,18,0.8773913043478246,100,,0,0.0,98,0.0,100,0.0,100,0.0,100,0.0,100
pytest-dev/pytest,causal_rolling_mad,union,metric_shift,latency_log+failure_rate,2,medium,4,low_volume,none,100,0.18,100,0.9444444444444444,18,0.35266666666666646,100,0.45,100,0.0,100,0.18,100,0.025,100,0.75,18,0.8773913043478246,100,0.20454545454545456,88,0.23996598639455763,98,0.18,100,0.18,100,0.18,100,0.18,100
pytest-dev/pytest,causal_rolling_mad,two_of_three,metric_shift,latency_log+failure_rate,2,medium,4,low_volume,none,100,0.03,100,2.0,3,0.0,100,0.04,100,0.0,100,0.03,100,0.0,100,0.06018518518518518,18,0.8773913043478246,100,1.0,3,0.0,98,0.03,100,0.03,100,0.03,100,0.03,100
pytest-dev/pytest,mewma,mewma,metric_shift,latency_log+failure_rate,2,medium,4,low_volume,none,100,0.95,100,1.8842105263157896,95,0.06521739130434773,100,3.08,100,1.19,100,0.95,100,0.0525,100,0.3791190476190476,100,0.0,100,0.3424404761904761,100,0.0947619047619046,100,0.95,100,0.97,100,0.97,100,0.97,100
pytest-dev/pytest,causal_rolling_mad,latency_log,metric_shift,latency_log+failure_rate,2,medium,4,observed,controlled,100,0.36,100,1.0833333333333333,36,0.1364444541046033,100,0.6,100,0.0,100,0.39,100,0.07166666666666666,100,0.2793427230046948,71,0.2573913043478262,100,0.1278928571428571,100,0.1329026249162567,100,0.36,100,0.36,100,0.36,100,0.36,100
pytest-dev/pytest,causal_rolling_mad,failure_rate,metric_shift,latency_log+failure_rate,2,medium,4,observed,controlled,100,0.04,100,1.75,4,0.0,100,0.04,100,0.0,100,0.04,100,0.0,100,0.015822784810126583,79,0.23000000000000007,100,1.0,4,0.0,100,0.04,100,0.04,100,0.04,100,0.04,100
pytest-dev/pytest,causal_rolling_mad,rerun_rate,metric_shift,latency_log+failure_rate,2,medium,4,observed,controlled,100,0.0,100,,0,0.0,100,0.0,100,0.0,100,0.0,100,0.0,100,0.0,11,0.8695652173913027,100,,0,0.0,100,0.0,100,0.0,100,0.0,100,0.0,100
pytest-dev/pytest,causal_rolling_mad,union,metric_shift,latency_log+failure_rate,2,medium,4,observed,controlled,100,0.01,100,0.0,1,0.37863247863247834,78,0.01,100,0.0,100,0.01,100,0.0,100,0.25,4,0.9128260869565213,100,0.0136986301369863,73,0.38354978354978325,77,0.01,100,0.01,100,0.01,100,0.01,100
pytest-dev/pytest,causal_rolling_mad,two_of_three,metric_shift,latency_log+failure_rate,2,medium,4,observed,controlled,100,0.0,100,,0,0.0,78,0.0,100,0.0,100,0.0,100,0.0,100,0.0,4,0.9128260869565213,100,,0,0.0,77,0.0,100,0.0,100,0.0,100,0.0,100
pytest-dev/pytest,mewma,mewma,metric_shift,latency_log+failure_rate,2,medium,4,observed,controlled,100,0.57,100,2.280701754385965,57,0.06521739130434773,100,1.45,100,0.53,100,0.61,100,0.0575,100,0.20116666666666666,100,0.0,100,0.2276428571428572,100,0.07761904761904752,100,0.57,100,0.61,100,0.61,100,0.66,100
pytest-dev/pytest,causal_rolling_mad,latency_log,metric_shift,latency_log+failure_rate,2,low,8,observed,none,100,0.17,100,2.176470588235294,17,0.13333333333333325,100,0.27,100,0.0,100,0.43,100,0.10571428571428573,100,0.03375,100,0.021739130434782653,100,0.1736269841269841,100,0.10256045519203416,100,0.17,100,0.17,100,0.17,100,0.17,100
pytest-dev/pytest,causal_rolling_mad,failure_rate,metric_shift,latency_log+failure_rate,2,low,8,observed,none,100,0.04,100,5.75,4,0.0,100,0.04,100,0.0,100,0.04,100,0.0,100,0.005,100,0.021739130434782653,100,1.0,4,0.0,100,0.04,100,0.04,100,0.04,100,0.04,100
pytest-dev/pytest,causal_rolling_mad,rerun_rate,metric_shift,latency_log+failure_rate,2,low,8,observed,none,100,0.0,100,,0,0.0,100,0.0,100,0.0,100,0.0,100,0.0,100,0.0,10,0.8695652173913027,100,,0,0.0,99,0.0,100,0.0,100,0.0,100,0.0,100
pytest-dev/pytest,causal_rolling_mad,union,metric_shift,latency_log+failure_rate,2,low,8,observed,none,100,0.01,100,3.0,1,0.3333333333333329,100,0.01,100,0.0,100,0.01,100,0.005333333333333333,100,0.016666666666666666,10,0.8695652173913027,100,0.014492753623188406,69,0.22895622895622883,99,0.01,100,0.01,100,0.01,100,0.01,100
pytest-dev/pytest,causal_rolling_mad,two_of_three,metric_shift,latency_log+failure_rate,2,low,8,observed,none,100,0.0,100,,0,0.0,100,0.0,100,0.0,100,0.0,100,0.0,100,0.0,10,0.8695652173913027,100,,0,0.0,99,0.0,100,0.0,100,0.0,100,0.0,100
pytest-dev/pytest,mewma,mewma,metric_shift,latency_log+failure_rate,2,low,8,observed,none,100,0.51,100,4.392156862745098,51,0.06521739130434773,100,0.99,100,0.25,100,0.51,100,0.065,100,0.08977777777777775,100,0.0,100,0.25883333333333336,100,0.07184210526315778,100,0.51,100,0.53,100,0.54,100,0.55,100
pytest-dev/pytest,causal_rolling_mad,latency_log,metric_shift,latency_log+failure_rate,2,medium,8,observed,none,100,0.85,100,1.035294117647059,85,0.13333333333333325,100,2.34,100,0.0,100,0.86,100,0.11892857142857143,100,0.2926785714285714,100,0.021739130434782653,100,0.3753015873015874,100,0.10916073968705554,100,0.85,100,0.85,100,0.85,100,0.85,100
pytest-dev/pytest,causal_rolling_mad,failure_rate,metric_shift,latency_log+failure_rate,2,medium,8,observed,none,100,0.12,100,2.5833333333333335,12,0.0,100,0.12,100,0.0,100,0.12,100,0.0,100,0.015178571428571428,100,0.021739130434782653,100,1.0,12,0.0,100,0.12,100,0.12,100,0.12,100,0.12,100
pytest-dev/pytest,causal_rolling_mad,rerun_rate,metric_shift,latency_log+failure_rate,2,medium,8,observed,none,100,0.0,100,,0,0.0,100,0.0,100,0.0,100,0.0,100,0.0,100,0.0,15,0.8695652173913027,100,,0,0.0,98,0.0,100,0.0,100,0.0,100,0.0,100
pytest-dev/pytest,causal_rolling_mad,union,metric_shift,latency_log+failure_rate,2,medium,8,observed,none,100,0.1,100,3.9,10,0.3333333333333329,100,0.25,100,0.0,100,0.1,100,0.006666666666666666,100,0.4055555555555556,15,0.8695652173913027,100,0.12195121951219512,82,0.2448979591836733,98,0.1,100,0.1,100,0.1,100,0.1,100
pytest-dev/pytest,causal_rolling_mad,two_of_three,metric_shift,latency_log+failure_rate,2,medium,8,observed,none,100,0.0,100,,0,0.0,100,0.0,100,0.0,100,0.0,100,0.0,100,0.0,15,0.8695652173913027,100,,0,0.0,98,0.0,100,0.0,100,0.0,100,0.0,100
pytest-dev/pytest,mewma,mewma,metric_shift,latency_log+failure_rate,2,medium,8,observed,none,100,1.0,100,2.35,100,0.06521739130434773,100,7.68,100,2.21,100,1.0,100,0.03875,100,0.5461315073815074,100,0.0,100,0.5470696803196804,100,0.12894736842105253,100,1.0,100,1.0,100,1.0,100,1.0,100
pytest-dev/pytest,causal_rolling_mad,latency_log,metric_shift,latency_log+failure_rate,2,high,8,observed,none,100,1.0,100,1.15,100,0.13333333333333325,100,3.85,100,0.0,100,1.0,100,0.09660714285714285,100,0.48232142857142857,100,0.021739130434782653,100,0.5324722222222225,100,0.1034566145092461,100,1.0,100,1.0,100,1.0,100,1.0,100
pytest-dev/pytest,causal_rolling_mad,failure_rate,metric_shift,latency_log+failure_rate,2,high,8,observed,none,100,0.38,100,2.5,38,0.0,100,0.5,100,0.0,100,0.38,100,0.0,100,0.06267857142857143,100,0.021739130434782653,100,1.0,38,0.0,100,0.38,100,0.38,100,0.38,100,0.38,100
pytest-dev/pytest,causal_rolling_mad,rerun_rate,metric_shift,latency_log+failure_rate,2,high,8,observed,none,100,0.0,100,,0,0.0,100,0.0,100,0.0,100,0.0,100,0.0,100,0.0,15,0.8695652173913027,100,,0,0.0,100,0.0,100,0.0,100,0.0,100,0.0,100
pytest-dev/pytest,causal_rolling_mad,union,metric_shift,latency_log+failure_rate,2,high,8,observed,none,100,0.13,100,4.3076923076923075,13,0.3333333333333329,100,0.35,100,0.0,100,0.13,100,0.008,100,0.6411111111111111,15,0.8695652173913027,100,0.16666666666666666,78,0.21666666666666656,100,0.13,100,0.13,100,0.13,100,0.13,100
pytest-dev/pytest,causal_rolling_mad,two_of_three,metric_shift,latency_log+failure_rate,2,high,8,observed,none,100,0.03,100,5.0,3,0.0,100,0.04,100,0.0,100,0.03,100,0.0,100,0.05333333333333334,15,0.8695652173913027,100,1.0,3,0.0,100,0.03,100,0.03,100,0.03,100,0.03,100
pytest-dev/pytest,mewma,mewma,metric_shift,latency_log+failure_rate,2,high,8,observed,none,100,1.0,100,1.0,100,0.06521739130434773,100,10.83,100,4.17,100,1.0,100,0.0675,100,0.5558865301365301,100,0.0,100,0.5333169665302014,100,0.17447368421052625,100,1.0,100,1.0,100,1.0,100,1.0,100
pytest-dev/pytest,causal_rolling_mad,latency_log,metric_shift,latency_log+failure_rate,2,medium,8,low_volume,none,100,0.65,100,1.1076923076923078,65,0.13333333333333325,100,1.92,100,0.0,100,0.76,100,0.10553571428571429,100,0.2405357142857143,100,0.021739130434782653,100,0.34929365079365093,100,0.10396870554765297,100,0.65,100,0.65,100,0.65,100,0.65,100
pytest-dev/pytest,causal_rolling_mad,failure_rate,metric_shift,latency_log+failure_rate,2,medium,8,low_volume,none,100,0.14,100,2.642857142857143,14,0.0,100,0.2,100,0.0,100,0.14,100,0.0,100,0.025,100,0.021739130434782653,100,1.0,14,0.0,100,0.14,100,0.14,100,0.14,100,0.14,100
pytest-dev/pytest,causal_rolling_mad,rerun_rate,metric_shift,latency_log+failure_rate,2,medium,8,low_volume,none,100,0.0,100,,0,0.0,84,0.0,100,0.0,100,0.0,100,0.0,100,0.0,3,0.9045652173913037,100,,0,0.0,83,0.0,100,0.0,100,0.0,100,0.0,100
pytest-dev/pytest,causal_rolling_mad,union,metric_shift,latency_log+failure_rate,2,medium,8,low_volume,none,100,0.02,100,3.5,2,0.4087301587301585,84,0.04,100,0.0,100,0.02,100,0.002,100,0.35555555555555557,3,0.9045652173913037,100,0.03225806451612903,62,0.24578313253012044,83,0.02,100,0.02,100,0.02,100,0.02,100
pytest-dev/pytest,causal_rolling_mad,two_of_three,metric_shift,latency_log+failure_rate,2,medium,8,low_volume,none,100,0.0,100,,0,0.0,84,0.0,100,0.0,100,0.0,100,0.0,100,0.0,3,0.9045652173913037,100,,0,0.0,83,0.0,100,0.0,100,0.0,100,0.0,100
pytest-dev/pytest,mewma,mewma,metric_shift,latency_log+failure_rate,2,medium,8,low_volume,none,100,1.0,100,2.44,100,0.06521739130434773,100,7.47,100,2.25,100,1.0,100,0.0475,100,0.5161734654234655,100,0.0,100,0.5437413697413698,100,0.12815789473684208,100,1.0,100,1.0,100,1.0,100,1.0,100
pytest-dev/pytest,causal_rolling_mad,latency_log,metric_shift,latency_log+failure_rate,2,medium,8,observed,controlled,100,0.44,100,1.0681818181818181,44,0.13626203335629436,100,0.82,100,0.0,100,0.47,100,0.07570238095238095,100,0.28925557564798066,79,0.35347826086956535,100,0.16951587301587304,100,0.13640441968174316,100,0.44,100,0.44,100,0.44,100,0.44,100
pytest-dev/pytest,causal_rolling_mad,failure_rate,metric_shift,latency_log+failure_rate,2,medium,8,observed,controlled,100,0.04,100,2.25,4,0.0,100,0.04,100,0.0,100,0.04,100,0.0,100,0.01282051282051282,65,0.3482608695652176,100,1.0,4,0.0,100,0.04,100,0.04,100,0.04,100,0.04,100
pytest-dev/pytest,causal_rolling_mad,rerun_rate,metric_shift,latency_log+failure_rate,2,medium,8,observed,controlled,100,0.0,100,,0,0.0,100,0.0,100,0.0,100,0.0,100,0.0,100,0.0,15,0.8695652173913027,100,,0,0.0,97,0.0,100,0.0,100,0.0,100,0.0,100
pytest-dev/pytest,causal_rolling_mad,union,metric_shift,latency_log+failure_rate,2,medium,8,observed,controlled,100,0.02,100,2.0,2,0.36616915422885554,67,0.03,100,0.0,100,0.02,100,0.0,100,1.0,2,0.9195652173913038,100,0.029850746268656716,67,0.3774358974358972,65,0.02,100,0.02,100,0.02,100,0.02,100
pytest-dev/pytest,causal_rolling_mad,two_of_three,metric_shift,latency_log+failure_rate,2,medium,8,observed,controlled,100,0.0,100,,0,0.0,67,0.0,100,0.0,100,0.0,100,0.0,100,0.0,2,0.9195652173913038,100,,0,0.0,65,0.0,100,0.0,100,0.0,100,0.0,100
pytest-dev/pytest,mewma,mewma,metric_shift,latency_log+failure_rate,2,medium,8,observed,controlled,100,0.99,100,3.202020202020202,99,0.06521739130434773,100,6.4,100,1.96,100,1.0,100,0.05625,100,0.4495023310023311,100,0.0,100,0.5293326673326674,100,0.11868421052631574,100,0.99,100,0.99,100,0.99,100,0.99,100
pytest-dev/pytest,causal_rolling_mad,latency_log,metric_shift,latency_log+rerun_rate,2,low,1,observed,none,100,0.0,100,,0,0.13333333333333325,100,0.02,100,0.02,100,0.13,100,0.13,100,0.0,97,0.021739130434782653,100,0.021666666666666664,100,0.12604545454545468,100,0.0,100,0.02,100,0.02,100,0.02,100
pytest-dev/pytest,causal_rolling_mad,failure_rate,metric_shift,latency_log+rerun_rate,2,low,1,observed,none,100,0.0,100,,0,0.0,100,0.0,100,0.0,100,0.0,100,0.0,100,0.0,97,0.021739130434782653,100,,0,0.0,100,0.0,100,0.0,100,0.0,100,0.0,100
pytest-dev/pytest,causal_rolling_mad,rerun_rate,metric_shift,latency_log+rerun_rate,2,low,1,observed,none,100,0.0,100,,0,0.0,100,0.0,100,0.0,100,0.0,100,0.0,100,0.0,15,0.8695652173913027,100,,0,0.0,100,0.0,100,0.0,100,0.0,100,0.0,100
pytest-dev/pytest,causal_rolling_mad,union,metric_shift,latency_log+rerun_rate,2,low,1,observed,none,100,0.03,100,0.0,3,0.3333333333333329,100,0.07,100,0.04,100,0.09,100,0.06,100,0.1,15,0.8695652173913027,100,0.0375,100,0.33933333333333315,100,0.03,100,0.04,100,0.04,100,0.04,100
pytest-dev/pytest,causal_rolling_mad,two_of_three,metric_shift,latency_log+rerun_rate,2,low,1,observed,none,100,0.0,100,,0,0.0,100,0.0,100,0.0,100,0.0,100,0.0,100,0.0,15,0.8695652173913027,100,,0,0.0,100,0.0,100,0.0,100,0.0,100,0.0,100
pytest-dev/pytest,mewma,mewma,metric_shift,latency_log+rerun_rate,2,low,1,observed,none,100,0.01,100,0.0,1,0.06521739130434773,100,0.14,100,0.13,100,0.11,100,0.1,100,0.01,100,0.0,100,0.03583333333333334,100,0.06733333333333329,100,0.01,100,0.02,100,0.1,100,0.14,100
pytest-dev/pytest,causal_rolling_mad,latency_log,metric_shift,latency_log+rerun_rate,2,medium,1,observed,none,100,0.15,100,0.0,15,0.13333333333333325,100,0.34,100,0.19,100,0.24,100,0.09,100,0.12626262626262627,99,0.021739130434782653,100,0.03725,100,0.13133333333333347,100,0.15,100,0.29,100,0.29,100,0.29,100
pytest-dev/pytest,causal_rolling_mad,failure_rate,metric_shift,latency_log+rerun_rate,2,medium,1,observed,none,100,0.0,100,,0,0.0,100,0.0,100,0.0,100,0.0,100,0.0,100,0.0,99,0.021739130434782653,100,,0,0.0,100,0.0,100,0.0,100,0.0,100,0.0,100
pytest-dev/pytest,causal_rolling_mad,rerun_rate,metric_shift,latency_log+rerun_rate,2,medium,1,observed,none,100,0.0,100,,0,0.0,100,0.0,100,0.0,100,0.0,100,0.0,100,0.0,9,0.8695652173913027,100,,0,0.0,100,0.0,100,0.0,100,0.0,100,0.0,100
pytest-dev/pytest,causal_rolling_mad,union,metric_shift,latency_log+rerun_rate,2,medium,1,observed,none,100,0.05,100,0.0,5,0.3333333333333329,100,0.1,100,0.05,100,0.07,100,0.02,100,0.2777777777777778,9,0.8695652173913027,100,0.0225,100,0.3453333333333331,100,0.05,100,0.05,100,0.05,100,0.05,100
pytest-dev/pytest,causal_rolling_mad,two_of_three,metric_shift,latency_log+rerun_rate,2,medium,1,observed,none,100,0.0,100,,0,0.0,100,0.0,100,0.0,100,0.0,100,0.0,100,0.0,9,0.8695652173913027,100,,0,0.0,100,0.0,100,0.0,100,0.0,100,0.0,100
pytest-dev/pytest,mewma,mewma,metric_shift,latency_log+rerun_rate,2,medium,1,observed,none,100,0.08,100,0.0,8,0.06521739130434773,100,0.32,100,0.24,100,0.12,100,0.04,100,0.08,100,0.0,100,0.03083333333333333,100,0.07111111111111104,100,0.08,100,0.14,100,0.24,100,0.27,100
pytest-dev/pytest,causal_rolling_mad,latency_log,metric_shift,latency_log+rerun_rate,2,high,1,observed,none,100,0.07,100,0.0,7,0.13333333333333325,100,0.22,100,0.15,100,0.26,100,0.19,100,0.061855670103092786,97,0.021739130434782653,100,0.04188095238095237,100,0.12763636363636363,100,0.07,100,0.2,100,0.2,100,0.2,100
pytest-dev/pytest,causal_rolling_mad,failure_rate,metric_shift,latency_log+rerun_rate,2,high,1,observed,none,100,0.0,100,,0,0.0,100,0.0,100,0.0,100,0.0,100,0.0,100,0.0,97,0.021739130434782653,100,,0,0.0,100,0.0,100,0.0,100,0.0,100,0.0,100
pytest-dev/pytest,causal_rolling_mad,rerun_rate,metric_shift,latency_log+rerun_rate,2,high,1,observed,none,100,0.0,100,,0,0.0,100,0.0,100,0.0,100,0.0,100,0.0,100,0.0,16,0.8695652173913027,100,,0,0.0,100,0.0,100,0.0,100,0.0,100,0.0,100
pytest-dev/pytest,causal_rolling_mad,union,metric_shift,latency_log+rerun_rate,2,high,1,observed,none,100,0.05,100,0.0,5,0.3333333333333329,100,0.11,100,0.06,100,0.1,100,0.05,100,0.15625,16,0.8695652173913027,100,0.0375,100,0.34599999999999975,100,0.05,100,0.06,100,0.06,100,0.06,100
pytest-dev/pytest,causal_rolling_mad,two_of_three,metric_shift,latency_log+rerun_rate,2,high,1,observed,none,100,0.0,100,,0,0.0,100,0.0,100,0.0,100,0.0,100,0.0,100,0.0,16,0.8695652173913027,100,,0,0.0,100,0.0,100,0.0,100,0.0,100,0.0,100
pytest-dev/pytest,mewma,mewma,metric_shift,latency_log+rerun_rate,2,high,1,observed,none,100,0.68,100,0.0,68,0.06521739130434773,100,1.44,100,0.76,100,0.72,100,0.04,100,0.4728333333333333,100,0.0,100,0.158845238095238,100,0.08266666666666657,100,0.68,100,0.74,100,0.75,100,0.77,100
pytest-dev/pytest,causal_rolling_mad,latency_log,metric_shift,latency_log+rerun_rate,2,medium,1,low_volume,none,100,0.1,100,0.0,10,0.13333333333333325,100,0.16,100,0.06,100,0.27,100,0.17,100,0.0979381443298969,97,0.021739130434782653,100,0.044154761904761905,100,0.12650000000000008,100,0.1,100,0.15,100,0.15,100,0.15,100
pytest-dev/pytest,causal_rolling_mad,failure_rate,metric_shift,latency_log+rerun_rate,2,medium,1,low_volume,none,100,0.0,100,,0,0.0,100,0.0,100,0.0,100,0.0,100,0.0,100,0.0,97,0.021739130434782653,100,,0,0.0,100,0.0,100,0.0,100,0.0,100,0.0,100
pytest-dev/pytest,causal_rolling_mad,rerun_rate,metric_shift,latency_log+rerun_rate,2,medium,1,low_volume,none,100,0.0,100,,0,0.0,100,0.0,100,0.0,100,0.0,100,0.0,100,0.0,13,0.870217391304346,100,,0,0.0,100,0.0,100,0.0,100,0.0,100,0.0,100
pytest-dev/pytest,causal_rolling_mad,union,metric_shift,latency_log+rerun_rate,2,medium,1,low_volume,none,100,0.02,100,0.0,2,0.335333333333333,100,0.06,100,0.04,100,0.06,100,0.04,100,0.07692307692307693,13,0.870217391304346,100,0.025,100,0.34399999999999964,100,0.02,100,0.04,100,0.04,100,0.04,100
pytest-dev/pytest,causal_rolling_mad,two_of_three,metric_shift,latency_log+rerun_rate,2,medium,1,low_volume,none,100,0.0,100,,0,0.0,100,0.0,100,0.0,100,0.0,100,0.0,100,0.0,13,0.870217391304346,100,,0,0.0,100,0.0,100,0.0,100,0.0,100,0.0,100
pytest-dev/pytest,mewma,mewma,metric_shift,latency_log+rerun_rate,2,medium,1,low_volume,none,100,0.22,100,0.0,22,0.06521739130434773,100,0.48,100,0.26,100,0.3,100,0.08,100,0.18166666666666664,100,0.0,100,0.075,100,0.0706666666666666,100,0.22,100,0.26,100,0.29,100,0.32,100
pytest-dev/pytest,causal_rolling_mad,latency_log,metric_shift,latency_log+rerun_rate,2,medium,1,observed,controlled,100,0.09,100,0.0,9,0.1362439077287755,100,0.16,100,0.07,100,0.12,100,0.03,100,0.14893617021276595,47,0.16934782608695648,100,0.018285714285714287,100,0.13312269560756348,100,0.09,100,0.12,100,0.12,100,0.12,100
pytest-dev/pytest,causal_rolling_mad,failure_rate,metric_shift,latency_log+rerun_rate,2,medium,1,observed,controlled,100,0.0,100,,0,0.0,100,0.0,100,0.0,100,0.0,100,0.0,100,0.0,99,0.021739130434782653,100,,0,0.0,100,0.0,100,0.0,100,0.0,100,0.0,100
pytest-dev/pytest,causal_rolling_mad,rerun_rate,metric_shift,latency_log+rerun_rate,2,medium,1,observed,controlled,100,0.0,100,,0,0.0,93,0.0,100,0.0,100,0.0,100,0.0,100,0.0,8,0.8823913043478246,100,,0,0.0,93,0.0,100,0.0,100,0.0,100,0.0,100
pytest-dev/pytest,causal_rolling_mad,union,metric_shift,latency_log+rerun_rate,2,medium,1,observed,controlled,100,0.0,100,,0,0.3799196787148591,83,0.0,100,0.0,100,0.0,100,0.0,100,,0,0.9021739130434773,100,0.0,81,0.3799196787148591,83,0.0,100,0.0,100,0.0,100,0.0,100
pytest-dev/pytest,causal_rolling_mad,two_of_three,metric_shift,latency_log+rerun_rate,2,medium,1,observed,controlled,100,0.0,100,,0,0.0,83,0.0,100,0.0,100,0.0,100,0.0,100,,0,0.9021739130434773,100,,0,0.0,83,0.0,100,0.0,100,0.0,100,0.0,100
pytest-dev/pytest,mewma,mewma,metric_shift,latency_log+rerun_rate,2,medium,1,observed,controlled,100,0.01,100,0.0,1,0.06521739130434773,100,0.14,100,0.13,100,0.07,100,0.06,100,0.01,100,0.0,100,0.02083333333333333,100,0.06711111111111105,100,0.01,100,0.07,100,0.11,100,0.13,100
pytest-dev/pytest,causal_rolling_mad,latency_log,metric_shift,latency_log+rerun_rate,2,low,2,observed,none,100,0.05,100,0.6,5,0.13333333333333325,100,0.08,100,0.01,100,0.24,100,0.14,100,0.03333333333333333,100,0.021739130434782653,100,0.05892857142857144,100,0.1194714587737845,100,0.05,100,0.05,100,0.05,100,0.05,100
pytest-dev/pytest,causal_rolling_mad,failure_rate,metric_shift,latency_log+rerun_rate,2,low,2,observed,none,100,0.0,100,,0,0.0,100,0.0,100,0.0,100,0.0,100,0.0,100,0.0,100,0.021739130434782653,100,,0,0.0,100,0.0,100,0.0,100,0.0,100,0.0,100
pytest-dev/pytest,causal_rolling_mad,rerun_rate,metric_shift,latency_log+rerun_rate,2,low,2,observed,none,100,0.03,100,1.0,3,0.0,100,0.03,100,0.0,100,0.03,100,0.0,100,0.11538461538461539,13,0.8697826086956505,100,1.0,3,0.0,100,0.03,100,0.03,100,0.03,100,0.03,100
pytest-dev/pytest,causal_rolling_mad,union,metric_shift,latency_log+rerun_rate,2,low,2,observed,none,100,0.05,100,0.4,5,0.33399999999999963,100,0.1,100,0.02,100,0.11,100,0.045,100,0.2948717948717948,13,0.8697826086956505,100,0.0675,100,0.3141666666666665,100,0.05,100,0.06,100,0.06,100,0.06,100
pytest-dev/pytest,causal_rolling_mad,two_of_three,metric_shift,latency_log+rerun_rate,2,low,2,observed,none,100,0.03,100,1.0,3,0.0,100,0.03,100,0.0,100,0.03,100,0.0,100,0.11538461538461539,13,0.8697826086956505,100,1.0,3,0.0,100,0.03,100,0.03,100,0.03,100,0.03,100
pytest-dev/pytest,mewma,mewma,metric_shift,latency_log+rerun_rate,2,low,2,observed,none,100,0.15,100,0.8,15,0.06521739130434773,100,0.36,100,0.21,100,0.22,100,0.08,100,0.06999999999999999,100,0.0,100,0.08349999999999999,100,0.06931818181818189,100,0.15,100,0.19,100,0.22,100,0.3,100
pytest-dev/pytest,causal_rolling_mad,latency_log,metric_shift,latency_log+rerun_rate,2,medium,2,observed,none,100,0.54,100,0.8703703703703703,54,0.13333333333333325,100,0.68,100,0.07,100,0.72,100,0.13,100,0.29333333333333333,100,0.021739130434782653,100,0.14247619047619045,100,0.12139534883720944,100,0.54,100,0.54,100,0.54,100,0.54,100
pytest-dev/pytest,causal_rolling_mad,failure_rate,metric_shift,latency_log+rerun_rate,2,medium,2,observed,none,100,0.0,100,,0,0.0,100,0.0,100,0.0,100,0.0,100,0.0,100,0.0,100,0.021739130434782653,100,,0,0.0,100,0.0,100,0.0,100,0.0,100,0.0,100
pytest-dev/pytest,causal_rolling_mad,rerun_rate,metric_shift,latency_log+rerun_rate,2,medium,2,observed,none,100,0.1,100,1.0,10,0.0,100,0.1,100,0.0,100,0.1,100,0.0,100,0.35714285714285715,14,0.8695652173913027,100,1.0,10,0.0,100,0.1,100,0.1,100,0.1,100,0.1,100
pytest-dev/pytest,causal_rolling_mad,union,metric_shift,latency_log+rerun_rate,2,medium,2,observed,none,100,0.06,100,0.5,6,0.3333333333333329,100,0.11,100,0.02,100,0.14,100,0.06,100,0.3095238095238095,14,0.8695652173913027,100,0.08583333333333332,100,0.3106666666666663,100,0.06,100,0.06,100,0.06,100,0.06,100
pytest-dev/pytest,causal_rolling_mad,two_of_three,metric_shift,latency_log+rerun_rate,2,medium,2,observed,none,100,0.11,100,1.0,11,0.0,100,0.11,100,0.0,100,0.11,100,0.0,100,0.39285714285714285,14,0.8695652173913027,100,1.0,11,0.0,100,0.11,100,0.11,100,0.11,100,0.11,100
pytest-dev/pytest,mewma,mewma,metric_shift,latency_log+rerun_rate,2,medium,2,observed,none,100,0.68,100,0.75,68,0.06521739130434773,100,1.48,100,0.68,100,0.69,100,0.045,100,0.31799999999999995,100,0.0,100,0.18528571428571425,100,0.08159090909090916,100,0.68,100,0.72,100,0.72,100,0.76,100
pytest-dev/pytest,causal_rolling_mad,latency_log,metric_shift,latency_log+rerun_rate,2,high,2,observed,none,100,0.84,100,0.8571428571428571,84,0.13333333333333325,100,1.03,100,0.07,100,0.96,100,0.14,100,0.47833333333333333,100,0.021739130434782653,100,0.19645238095238077,100,0.11970401691331939,100,0.84,100,0.84,100,0.84,100,0.84,100
pytest-dev/pytest,causal_rolling_mad,failure_rate,metric_shift,latency_log+rerun_rate,2,high,2,observed,none,100,0.0,100,,0,0.0,100,0.0,100,0.0,100,0.0,100,0.0,100,0.0,100,0.021739130434782653,100,,0,0.0,100,0.0,100,0.0,100,0.0,100,0.0,100
pytest-dev/pytest,causal_rolling_mad,rerun_rate,metric_shift,latency_log+rerun_rate,2,high,2,observed,none,100,0.13,100,1.0,13,0.0,100,0.13,100,0.0,100,0.13,100,0.0,100,0.5769230769230769,13,0.8695652173913027,100,1.0,13,0.0,100,0.13,100,0.13,100,0.13,100,0.13,100
pytest-dev/pytest,causal_rolling_mad,union,metric_shift,latency_log+rerun_rate,2,high,2,observed,none,100,0.07,100,1.0,7,0.3333333333333329,100,0.1,100,0.03,100,0.13,100,0.055,100,0.25641025641025644,13,0.8695652173913027,100,0.08416666666666668,100,0.30633333333333307,100,0.07,100,0.07,100,0.07,100,0.07,100
pytest-dev/pytest,causal_rolling_mad,two_of_three,metric_shift,latency_log+rerun_rate,2,high,2,observed,none,100,0.13,100,1.0,13,0.0,100,0.13,100,0.0,100,0.13,100,0.0,100,0.5769230769230769,13,0.8695652173913027,100,1.0,13,0.0,100,0.13,100,0.13,100,0.13,100,0.13,100
pytest-dev/pytest,mewma,mewma,metric_shift,latency_log+rerun_rate,2,high,2,observed,none,100,0.97,100,0.32989690721649484,97,0.06521739130434773,100,4.34,100,2.79,100,1.0,100,0.085,100,0.34607936507936493,100,0.0,100,0.2472846320346319,100,0.12772727272727272,100,0.97,100,1.0,100,1.0,100,1.0,100
pytest-dev/pytest,causal_rolling_mad,latency_log,metric_shift,latency_log+rerun_rate,2,medium,2,low_volume,none,100,0.64,100,0.890625,64,0.13333333333333325,100,0.77,100,0.06,100,0.73,100,0.09,100,0.35,100,0.021739130434782653,100,0.14567857142857135,100,0.12043340380549697,100,0.64,100,0.64,100,0.64,100,0.64,100
pytest-dev/pytest,causal_rolling_mad,failure_rate,metric_shift,latency_log+rerun_rate,2,medium,2,low_volume,none,100,0.01,100,1.0,1,0.0,100,0.01,100,0.0,100,0.01,100,0.0,100,0.005,100,0.021739130434782653,100,1.0,1,0.0,100,0.01,100,0.01,100,0.01,100,0.01,100
pytest-dev/pytest,causal_rolling_mad,rerun_rate,metric_shift,latency_log+rerun_rate,2,medium,2,low_volume,none,100,0.04,100,1.0,4,0.0,100,0.04,100,0.0,100,0.04,100,0.0,100,0.2222222222222222,9,0.8708695652173897,100,1.0,4,0.0,100,0.04,100,0.04,100,0.04,100,0.04,100
pytest-dev/pytest,causal_rolling_mad,union,metric_shift,latency_log+rerun_rate,2,medium,2,low_volume,none,100,0.06,100,0.6666666666666666,6,0.3376666666666664,100,0.1,100,0.02,100,0.09,100,0.02,100,0.4259259259259259,9,0.8708695652173897,100,0.04583333333333334,100,0.3124999999999997,100,0.06,100,0.06,100,0.06,100,0.06,100
pytest-dev/pytest,causal_rolling_mad,two_of_three,metric_shift,latency_log+rerun_rate,2,medium,2,low_volume,none,100,0.04,100,1.0,4,0.0,100,0.04,100,0.0,100,0.04,100,0.0,100,0.2222222222222222,9,0.8708695652173897,100,1.0,4,0.0,100,0.04,100,0.04,100,0.04,100,0.04,100
pytest-dev/pytest,mewma,mewma,metric_shift,latency_log+rerun_rate,2,medium,2,low_volume,none,100,0.62,100,0.7903225806451613,62,0.06521739130434773,100,1.61,100,0.87,100,0.65,100,0.04,100,0.263,100,0.0,100,0.1610952380952381,100,0.08613636363636372,100,0.62,100,0.67,100,0.67,100,0.73,100
pytest-dev/pytest,causal_rolling_mad,latency_log,metric_shift,latency_log+rerun_rate,2,medium,2,observed,controlled,100,0.41,100,0.8048780487804879,41,0.13169878488816603,100,0.55,100,0.08,100,0.53,100,0.13,100,0.32888888888888884,75,0.15304347826086956,100,0.11336904761904763,100,0.12484858408401418,100,0.41,100,0.41,100,0.41,100,0.41,100
pytest-dev/pytest,causal_rolling_mad,failure_rate,metric_shift,latency_log+rerun_rate,2,medium,2,observed,controlled,100,0.0,100,,0,0.0,100,0.0,100,0.0,100,0.0,100,0.0,100,0.0,100,0.021739130434782653,100,,0,0.0,100,0.0,100,0.0,100,0.0,100,0.0,100
pytest-dev/pytest,causal_rolling_mad,rerun_rate,metric_shift,latency_log+rerun_rate,2,medium,2,observed,controlled,100,0.04,100,1.0,4,0.0,93,0.04,100,0.0,100,0.04,100,0.0,100,0.3333333333333333,9,0.8869565217391293,100,1.0,4,0.0,92,0.04,100,0.04,100,0.04,100,0.04,100
pytest-dev/pytest,causal_rolling_mad,union,metric_shift,latency_log+rerun_rate,2,medium,2,observed,controlled,100,0.02,100,0.0,2,0.32716049382716017,81,0.02,100,0.0,100,0.03,100,0.01,100,0.2857142857142857,7,0.9049999999999991,100,0.04,75,0.3287499999999997,80,0.02,100,0.02,100,0.02,100,0.02,100
pytest-dev/pytest,causal_rolling_mad,two_of_three,metric_shift,latency_log+rerun_rate,2,medium,2,observed,controlled,100,0.0,100,,0,0.0,81,0.0,100,0.0,100,0.0,100,0.0,100,0.0,7,0.9049999999999991,100,,0,0.0,80,0.0,100,0.0,100,0.0,100,0.0,100
pytest-dev/pytest,mewma,mewma,metric_shift,latency_log+rerun_rate,2,medium,2,observed,controlled,100,0.36,100,0.6111111111111112,36,0.06521739130434773,100,0.98,100,0.55,100,0.41,100,0.075,100,0.17833333333333334,100,0.0,100,0.13235714285714284,100,0.07590909090909095,100,0.36,100,0.43,100,0.45,100,0.55,100
pytest-dev/pytest,causal_rolling_mad,latency_log,metric_shift,latency_log+rerun_rate,2,low,4,observed,none,100,0.17,100,1.8235294117647058,17,0.13333333333333325,100,0.24,100,0.03,100,0.38,100,0.135,100,0.051,100,0.021739130434782653,100,0.1280595238095238,100,0.10996515679442513,100,0.17,100,0.17,100,0.17,100,0.17,100
pytest-dev/pytest,causal_rolling_mad,failure_rate,metric_shift,latency_log+rerun_rate,2,low,4,observed,none,100,0.0,100,,0,0.0,100,0.0,100,0.0,100,0.0,100,0.0,100,0.0,100,0.021739130434782653,100,,0,0.0,100,0.0,100,0.0,100,0.0,100,0.0,100
pytest-dev/pytest,causal_rolling_mad,rerun_rate,metric_shift,latency_log+rerun_rate,2,low,4,observed,none,100,0.01,100,3.0,1,0.0,100,0.01,100,0.0,100,0.01,100,0.0,100,0.020833333333333332,12,0.8695652173913027,100,1.0,1,0.0,100,0.01,100,0.01,100,0.01,100,0.01,100
pytest-dev/pytest,causal_rolling_mad,union,metric_shift,latency_log+rerun_rate,2,low,4,observed,none,100,0.07,100,1.5714285714285714,7,0.3333333333333329,100,0.11,100,0.0,100,0.12,100,0.0225,100,0.3541666666666667,12,0.8695652173913027,100,0.1411764705882353,85,0.2366666666666665,100,0.07,100,0.07,100,0.07,100,0.07,100
pytest-dev/pytest,causal_rolling_mad,two_of_three,metric_shift,latency_log+rerun_rate,2,low,4,observed,none,100,0.01,100,3.0,1,0.0,100,0.01,100,0.0,100,0.01,100,0.0,100,0.020833333333333332,12,0.8695652173913027,100,1.0,1,0.0,100,0.01,100,0.01,100,0.01,100,0.01,100
pytest-dev/pytest,mewma,mewma,metric_shift,latency_log+rerun_rate,2,low,4,observed,none,100,0.42,100,2.261904761904762,42,0.06521739130434773,100,0.91,100,0.34,100,0.42,100,0.065,100,0.1281904761904762,100,0.0,100,0.17604761904761904,100,0.07333333333333324,100,0.42,100,0.45,100,0.49,100,0.51,100
pytest-dev/pytest,causal_rolling_mad,latency_log,metric_shift,latency_log+rerun_rate,2,medium,4,observed,none,100,0.71,100,1.1690140845070423,71,0.13333333333333325,100,1.34,100,0.02,100,0.71,100,0.1325,100,0.32983333333333337,100,0.021739130434782653,100,0.2684841269841268,100,0.11362369337979099,100,0.71,100,0.71,100,0.71,100,0.71,100
pytest-dev/pytest,causal_rolling_mad,failure_rate,metric_shift,latency_log+rerun_rate,2,medium,4,observed,none,100,0.0,100,,0,0.0,100,0.0,100,0.0,100,0.0,100,0.0,100,0.0,100,0.021739130434782653,100,,0,0.0,100,0.0,100,0.0,100,0.0,100,0.0,100
pytest-dev/pytest,causal_rolling_mad,rerun_rate,metric_shift,latency_log+rerun_rate,2,medium,4,observed,none,100,0.02,100,1.5,2,0.0,100,0.04,100,0.0,100,0.02,100,0.0,100,0.125,8,0.8695652173913027,100,1.0,2,0.0,100,0.02,100,0.02,100,0.02,100,0.02,100
pytest-dev/pytest,causal_rolling_mad,union,metric_shift,latency_log+rerun_rate,2,medium,4,observed,none,100,0.08,100,1.25,8,0.3333333333333329,100,0.17,100,0.02,100,0.08,100,0.0175,100,0.59375,8,0.8695652173913027,100,0.07575757575757575,88,0.26799999999999974,100,0.08,100,0.08,100,0.08,100,0.08,100
pytest-dev/pytest,causal_rolling_mad,two_of_three,metric_shift,latency_log+rerun_rate,2,medium,4,observed,none,100,0.02,100,1.5,2,0.0,100,0.04,100,0.0,100,0.02,100,0.0,100,0.125,8,0.8695652173913027,100,1.0,2,0.0,100,0.02,100,0.02,100,0.02,100,0.02,100
pytest-dev/pytest,mewma,mewma,metric_shift,latency_log+rerun_rate,2,medium,4,observed,none,100,0.99,100,1.3434343434343434,99,0.06521739130434773,100,4.85,100,2.35,100,0.99,100,0.0675,100,0.40732936507936507,100,0.0,100,0.36387229437229424,100,0.12095238095238077,100,0.99,100,0.99,100,0.99,100,0.99,100
pytest-dev/pytest,causal_rolling_mad,latency_log,metric_shift,latency_log+rerun_rate,2,high,4,observed,none,100,1.0,100,1.05,100,0.13333333333333325,100,2.63,100,0.06,100,1.0,100,0.1,100,0.6430000000000001,100,0.021739130434782653,100,0.3890277777777778,100,0.11599303135888503,100,1.0,100,1.0,100,1.0,100,1.0,100
pytest-dev/pytest,causal_rolling_mad,failure_rate,metric_shift,latency_log+rerun_rate,2,high,4,observed,none,100,0.0,100,,0,0.0,100,0.0,100,0.0,100,0.0,100,0.0,100,0.0,100,0.021739130434782653,100,,0,0.0,100,0.0,100,0.0,100,0.0,100,0.0,100
pytest-dev/pytest,causal_rolling_mad,rerun_rate,metric_shift,latency_log+rerun_rate,2,high,4,observed,none,100,0.18,100,1.7222222222222223,18,0.0,100,0.4,100,0.0,100,0.18,100,0.0,100,0.8611111111111112,18,0.8695652173913027,100,1.0,18,0.0,100,0.18,100,0.18,100,0.18,100,0.18,100
pytest-dev/pytest,causal_rolling_mad,union,metric_shift,latency_log+rerun_rate,2,high,4,observed,none,100,0.18,100,1.5555555555555556,18,0.3333333333333329,100,0.43,100,0.05,100,0.18,100,0.015,100,0.7083333333333334,18,0.8695652173913027,100,0.16666666666666669,88,0.24666666666666648,100,0.18,100,0.18,100,0.18,100,0.18,100
pytest-dev/pytest,causal_rolling_mad,two_of_three,metric_shift,latency_log+rerun_rate,2,high,4,observed,none,100,0.18,100,1.7222222222222223,18,0.0,100,0.4,100,0.0,100,0.18,100,0.0,100,0.8611111111111112,18,0.8695652173913027,100,1.0,18,0.0,100,0.18,100,0.18,100,0.18,100,0.18,100
pytest-dev/pytest,mewma,mewma,metric_shift,latency_log+rerun_rate,2,high,4,observed,none,100,1.0,100,0.36,100,0.06521739130434773,100,7.85,100,4.34,100,1.0,100,0.0375,100,0.446453352203352,100,0.0,100,0.35067912642912646,100,0.17119047619047595,100,1.0,100,1.0,100,1.0,100,1.0,100
pytest-dev/pytest,causal_rolling_mad,latency_log,metric_shift,latency_log+rerun_rate,2,medium,4,low_volume,none,100,0.82,100,1.2195121951219512,82,0.13333333333333325,100,1.56,100,0.04,100,0.82,100,0.1425,100,0.3796666666666667,100,0.021739130434782653,100,0.30113095238095205,100,0.11090592334494778,100,0.82,100,0.82,100,0.82,100,0.82,100
pytest-dev/pytest,causal_rolling_mad,failure_rate,metric_shift,latency_log+rerun_rate,2,medium,4,low_volume,none,100,0.01,100,1.0,1,0.0,100,0.01,100,0.0,100,0.01,100,0.0,100,0.0025,100,0.021739130434782653,100,1.0,1,0.0,100,0.01,100,0.01,100,0.01,100,0.01,100
pytest-dev/pytest,causal_rolling_mad,rerun_rate,metric_shift,latency_log+rerun_rate,2,medium,4,low_volume,none,100,0.08,100,1.875,8,0.0,100,0.13,100,0.0,100,0.08,100,0.0,100,0.36363636363636365,11,0.8695652173913027,100,1.0,8,0.0,100,0.08,100,0.08,100,0.08,100,0.08,100
pytest-dev/pytest,causal_rolling_mad,union,metric_shift,latency_log+rerun_rate,2,medium,4,low_volume,none,100,0.11,100,0.9090909090909091,11,0.3333333333333329,100,0.26,100,0.01,100,0.11,100,0.0225,100,0.6136363636363636,11,0.8695652173913027,100,0.11742424242424242,88,0.2573333333333331,100,0.11,100,0.11,100,0.11,100,0.11,100
pytest-dev/pytest,causal_rolling_mad,two_of_three,metric_shift,latency_log+rerun_rate,2,medium,4,low_volume,none,100,0.08,100,1.875,8,0.0,100,0.13,100,0.0,100,0.08,100,0.0,100,0.36363636363636365,11,0.8695652173913027,100,1.0,8,0.0,100,0.08,100,0.08,100,0.08,100,0.08,100
pytest-dev/pytest,mewma,mewma,metric_shift,latency_log+rerun_rate,2,medium,4,low_volume,none,100,0.97,100,1.2783505154639174,97,0.06521739130434773,100,4.76,100,2.26,100,0.97,100,0.04,100,0.4218463203463203,100,0.0,100,0.3471219058719057,100,0.12142857142857127,100,0.97,100,0.97,100,0.97,100,0.97,100
pytest-dev/pytest,causal_rolling_mad,latency_log,metric_shift,latency_log+rerun_rate,2,medium,4,observed,controlled,100,0.49,100,0.9183673469387755,49,0.1371319889066437,100,0.88,100,0.0,100,0.52,100,0.08166666666666668,100,0.3826754385964913,76,0.2258695652173914,100,0.17540873015873007,100,0.13115292843064785,100,0.49,100,0.49,100,0.49,100,0.49,100
pytest-dev/pytest,causal_rolling_mad,failure_rate,metric_shift,latency_log+rerun_rate,2,medium,4,observed,controlled,100,0.0,100,,0,0.0,100,0.0,100,0.0,100,0.0,100,0.0,100,0.0,100,0.021739130434782653,100,,0,0.0,100,0.0,100,0.0,100,0.0,100,0.0,100
pytest-dev/pytest,causal_rolling_mad,rerun_rate,metric_shift,latency_log+rerun_rate,2,medium,4,observed,controlled,100,0.02,100,1.5,2,0.0,79,0.03,100,0.0,100,0.02,100,0.0,100,0.09090909090909091,11,0.907608695652173,100,1.0,2,0.0,77,0.02,100,0.02,100,0.02,100,0.02,100
pytest-dev/pytest,causal_rolling_mad,union,metric_shift,latency_log+rerun_rate,2,medium,4,observed,controlled,100,0.03,100,0.3333333333333333,3,0.3305936073059359,73,0.03,100,0.0,100,0.03,100,0.0,100,0.42857142857142855,7,0.9184782608695644,100,0.04477611940298507,67,0.3399061032863848,71,0.03,100,0.03,100,0.03,100,0.03,100
pytest-dev/pytest,causal_rolling_mad,two_of_three,metric_shift,latency_log+rerun_rate,2,medium,4,observed,controlled,100,0.0,100,,0,0.0,73,0.0,100,0.0,100,0.0,100,0.0,100,0.0,7,0.9184782608695644,100,,0,0.0,71,0.0,100,0.0,100,0.0,100,0.0,100
pytest-dev/pytest,mewma,mewma,metric_shift,latency_log+rerun_rate,2,medium,4,observed,controlled,100,0.91,100,1.7142857142857142,91,0.06521739130434773,100,3.59,100,1.64,100,0.94,100,0.06,100,0.358626984126984,100,0.0,100,0.331080808080808,100,0.1047619047619046,100,0.91,100,0.95,100,0.95,100,0.97,100
pytest-dev/pytest,causal_rolling_mad,latency_log,metric_shift,latency_log+rerun_rate,2,low,8,observed,none,100,0.31,100,2.2903225806451615,31,0.13333333333333325,100,0.51,100,0.0,100,0.5,100,0.12803571428571428,100,0.06375,100,0.021739130434782653,100,0.19510317460317453,100,0.1058392603129446,100,0.31,100,0.31,100,0.31,100,0.31,100
pytest-dev/pytest,causal_rolling_mad,failure_rate,metric_shift,latency_log+rerun_rate,2,low,8,observed,none,100,0.0,100,,0,0.0,100,0.0,100,0.0,100,0.0,100,0.0,100,0.0,100,0.021739130434782653,100,,0,0.0,100,0.0,100,0.0,100,0.0,100,0.0,100
pytest-dev/pytest,causal_rolling_mad,rerun_rate,metric_shift,latency_log+rerun_rate,2,low,8,observed,none,100,0.0,100,,0,0.0,100,0.0,100,0.0,100,0.0,100,0.0,100,0.0,22,0.8695652173913027,100,,0,0.0,95,0.0,100,0.0,100,0.0,100,0.0,100
pytest-dev/pytest,causal_rolling_mad,union,metric_shift,latency_log+rerun_rate,2,low,8,observed,none,100,0.09,100,3.3333333333333335,9,0.3333333333333329,100,0.1,100,0.0,100,0.09,100,0.024666666666666667,100,0.0818181818181818,22,0.8695652173913027,100,0.11688311688311688,77,0.23859649122807003,95,0.09,100,0.09,100,0.09,100,0.09,100
pytest-dev/pytest,causal_rolling_mad,two_of_three,metric_shift,latency_log+rerun_rate,2,low,8,observed,none,100,0.0,100,,0,0.0,100,0.0,100,0.0,100,0.0,100,0.0,100,0.0,22,0.8695652173913027,100,,0,0.0,95,0.0,100,0.0,100,0.0,100,0.0,100
pytest-dev/pytest,mewma,mewma,metric_shift,latency_log+rerun_rate,2,low,8,observed,none,100,0.96,100,3.90625,96,0.06521739130434773,100,4.12,100,1.01,100,0.96,100,0.0475,100,0.3502536907536907,100,0.0,100,0.47601479076479086,100,0.09552631578947367,100,0.96,100,0.96,100,0.97,100,0.97,100
pytest-dev/pytest,causal_rolling_mad,latency_log,metric_shift,latency_log+rerun_rate,2,medium,8,observed,none,100,0.79,100,1.1518987341772151,79,0.13333333333333325,100,2.12,100,0.0,100,0.82,100,0.105,100,0.265,100,0.021739130434782653,100,0.36279365079365106,100,0.10594594594594599,100,0.79,100,0.79,100,0.79,100,0.79,100
pytest-dev/pytest,causal_rolling_mad,failure_rate,metric_shift,latency_log+rerun_rate,2,medium,8,observed,none,100,0.0,100,,0,0.0,100,0.0,100,0.0,100,0.0,100,0.0,100,0.0,100,0.021739130434782653,100,,0,0.0,100,0.0,100,0.0,100,0.0,100,0.0,100
pytest-dev/pytest,causal_rolling_mad,rerun_rate,metric_shift,latency_log+rerun_rate,2,medium,8,observed,none,100,0.04,100,2.25,4,0.0,100,0.08,100,0.0,100,0.04,100,0.0,100,0.07777777777777778,18,0.8695652173913027,100,1.0,4,0.0,94,0.04,100,0.04,100,0.04,100,0.04,100
pytest-dev/pytest,causal_rolling_mad,union,metric_shift,latency_log+rerun_rate,2,medium,8,observed,none,100,0.14,100,3.357142857142857,14,0.3333333333333329,100,0.4,100,0.0,100,0.14,100,0.022,100,0.47592592592592603,18,0.8695652173913027,100,0.175,80,0.23404255319148926,94,0.14,100,0.14,100,0.14,100,0.14,100
pytest-dev/pytest,causal_rolling_mad,two_of_three,metric_shift,latency_log+rerun_rate,2,medium,8,observed,none,100,0.04,100,2.25,4,0.0,100,0.09,100,0.0,100,0.04,100,0.0,100,0.08703703703703704,18,0.8695652173913027,100,1.0,4,0.0,94,0.04,100,0.04,100,0.04,100,0.04,100
pytest-dev/pytest,mewma,mewma,metric_shift,latency_log+rerun_rate,2,medium,8,observed,none,100,1.0,100,1.43,100,0.06521739130434773,100,9.88,100,3.66,100,1.0,100,0.05375,100,0.5422493201243201,100,0.0,100,0.5345244134950017,100,0.1639473684210526,100,1.0,100,1.0,100,1.0,100,1.0,100
pytest-dev/pytest,causal_rolling_mad,latency_log,metric_shift,latency_log+rerun_rate,2,high,8,observed,none,100,1.0,100,1.02,100,0.13333333333333325,100,3.76,100,0.0,100,1.0,100,0.11035714285714285,100,0.4710714285714286,100,0.021739130434782653,100,0.5209920634920637,100,0.10642958748221912,100,1.0,100,1.0,100,1.0,100,1.0,100
pytest-dev/pytest,causal_rolling_mad,failure_rate,metric_shift,latency_log+rerun_rate,2,high,8,observed,none,100,0.0,100,,0,0.0,100,0.0,100,0.0,100,0.0,100,0.0,100,0.0,100,0.021739130434782653,100,,0,0.0,100,0.0,100,0.0,100,0.0,100,0.0,100
pytest-dev/pytest,causal_rolling_mad,rerun_rate,metric_shift,latency_log+rerun_rate,2,high,8,observed,none,100,0.06,100,3.3333333333333335,6,0.0,100,0.18,100,0.0,100,0.06,100,0.0,100,0.3333333333333333,11,0.8695652173913027,100,1.0,6,0.0,99,0.06,100,0.06,100,0.06,100,0.06,100
pytest-dev/pytest,causal_rolling_mad,union,metric_shift,latency_log+rerun_rate,2,high,8,observed,none,100,0.11,100,4.454545454545454,11,0.3333333333333329,100,0.3,100,0.0,100,0.11,100,0.009333333333333334,100,0.8242424242424242,11,0.8695652173913027,100,0.13924050632911392,79,0.22895622895622883,99,0.11,100,0.11,100,0.11,100,0.11,100
pytest-dev/pytest,causal_rolling_mad,two_of_three,metric_shift,latency_log+rerun_rate,2,high,8,observed,none,100,0.06,100,3.3333333333333335,6,0.0,100,0.18,100,0.0,100,0.06,100,0.0,100,0.3333333333333333,11,0.8695652173913027,100,1.0,6,0.0,99,0.06,100,0.06,100,0.06,100,0.06,100
pytest-dev/pytest,mewma,mewma,metric_shift,latency_log+rerun_rate,2,high,8,observed,none,100,1.0,100,0.54,100,0.06521739130434773,100,13.03,100,5.92,100,1.0,100,0.0575,100,0.5243711019372781,100,0.0,100,0.48511270381665095,100,0.22263157894736843,100,1.0,100,1.0,100,1.0,100,1.0,100
pytest-dev/pytest,causal_rolling_mad,latency_log,metric_shift,latency_log+rerun_rate,2,medium,8,low_volume,none,100,0.79,100,1.0632911392405062,79,0.13333333333333325,100,2.3,100,0.0,100,0.83,100,0.11767857142857142,100,0.28767857142857145,100,0.021739130434782653,100,0.38167460317460317,100,0.10889046941678517,100,0.79,100,0.79,100,0.79,100,0.79,100
pytest-dev/pytest,causal_rolling_mad,failure_rate,metric_shift,latency_log+rerun_rate,2,medium,8,low_volume,none,100,0.04,100,6.0,4,0.0,100,0.04,100,0.0,100,0.04,100,0.0,100,0.005,100,0.025869565217391356,100,1.0,4,0.0,100,0.04,100,0.04,100,0.04,100,0.04,100
pytest-dev/pytest,causal_rolling_mad,rerun_rate,metric_shift,latency_log+rerun_rate,2,medium,8,low_volume,none,100,0.05,100,5.2,5,0.0,100,0.06,100,0.0,100,0.05,100,0.0,100,0.15757575757575756,11,0.8697826086956505,100,1.0,5,0.0,96,0.05,100,0.05,100,0.05,100,0.05,100
pytest-dev/pytest,causal_rolling_mad,union,metric_shift,latency_log+rerun_rate,2,medium,8,low_volume,none,100,0.09,100,3.888888888888889,9,0.3523333333333331,100,0.25,100,0.0,100,0.09,100,0.013999999999999999,100,0.5393939393939394,11,0.8739130434782594,100,0.1111111111111111,81,0.25347222222222204,96,0.09,100,0.09,100,0.09,100,0.09,100
pytest-dev/pytest,causal_rolling_mad,two_of_three,metric_shift,latency_log+rerun_rate,2,medium,8,low_volume,none,100,0.03,100,4.0,3,0.0,100,0.03,100,0.0,100,0.03,100,0.0,100,0.06363636363636363,11,0.8739130434782594,100,1.0,3,0.0,96,0.03,100,0.03,100,0.03,100,0.03,100
pytest-dev/pytest,mewma,mewma,metric_shift,latency_log+rerun_rate,2,medium,8,low_volume,none,100,1.0,100,1.41,100,0.06521739130434773,100,9.91,100,3.6,100,1.0,100,0.0525,100,0.5527655677655676,100,0.0,100,0.5365214475067418,100,0.16263157894736838,100,1.0,100,1.0,100,1.0,100,1.0,100
pytest-dev/pytest,causal_rolling_mad,latency_log,metric_shift,latency_log+rerun_rate,2,medium,8,observed,controlled,100,0.37,100,0.972972972972973,37,0.1413238626536095,100,0.68,100,0.0,100,0.41,100,0.07997619047619048,100,0.23954854669140385,77,0.3467391304347829,100,0.15453174603174605,100,0.13697679470173502,100,0.37,100,0.37,100,0.37,100,0.37,100
pytest-dev/pytest,causal_rolling_mad,failure_rate,metric_shift,latency_log+rerun_rate,2,medium,8,observed,controlled,100,0.0,100,,0,0.0,100,0.0,100,0.0,100,0.0,100,0.0,100,0.0,100,0.021739130434782653,100,,0,0.0,100,0.0,100,0.0,100,0.0,100,0.0,100
pytest-dev/pytest,causal_rolling_mad,rerun_rate,metric_shift,latency_log+rerun_rate,2,medium,8,observed,controlled,100,0.0,100,,0,0.0,68,0.0,100,0.0,100,0.0,100,0.0,100,0.0,1,0.917391304347825,100,,0,0.0,67,0.0,100,0.0,100,0.0,100,0.0,100
pytest-dev/pytest,causal_rolling_mad,union,metric_shift,latency_log+rerun_rate,2,medium,8,observed,controlled,100,0.0,100,,0,0.41093749999999973,64,0.0,100,0.0,100,0.0,100,0.0,100,,0,0.9247826086956511,100,0.0,63,0.39531249999999973,64,0.0,100,0.0,100,0.0,100,0.0,100
pytest-dev/pytest,causal_rolling_mad,two_of_three,metric_shift,latency_log+rerun_rate,2,medium,8,observed,controlled,100,0.0,100,,0,0.0,64,0.0,100,0.0,100,0.0,100,0.0,100,,0,0.9247826086956511,100,,0,0.0,64,0.0,100,0.0,100,0.0,100,0.0,100
pytest-dev/pytest,mewma,mewma,metric_shift,latency_log+rerun_rate,2,medium,8,observed,controlled,100,1.0,100,2.02,100,0.06521739130434773,100,8.8,100,3.15,100,1.0,100,0.0625,100,0.5135376012876012,100,0.0,100,0.5367399626517273,100,0.14868421052631575,100,1.0,100,1.0,100,1.0,100,1.0,100
pytest-dev/pytest,causal_rolling_mad,latency_log,metric_shift,failure_rate+rerun_rate,2,low,1,observed,none,100,0.0,100,,0,0.13333333333333325,100,0.0,100,0.0,100,0.13,100,0.13,100,0.0,96,0.021739130434782653,100,0.021666666666666664,100,0.1332878787878789,100,0.0,100,0.0,100,0.0,100,0.0,100
pytest-dev/pytest,causal_rolling_mad,failure_rate,metric_shift,failure_rate+rerun_rate,2,low,1,observed,none,100,0.01,100,0.0,1,0.0,100,0.01,100,0.0,100,0.01,100,0.0,100,0.010416666666666666,96,0.021739130434782653,100,1.0,1,0.0,100,0.01,100,0.01,100,0.01,100,0.01,100
pytest-dev/pytest,causal_rolling_mad,rerun_rate,metric_shift,failure_rate+rerun_rate,2,low,1,observed,none,100,0.0,100,,0,0.0,100,0.0,100,0.0,100,0.0,100,0.0,100,0.0,15,0.8695652173913027,100,,0,0.0,100,0.0,100,0.0,100,0.0,100,0.0,100
pytest-dev/pytest,causal_rolling_mad,union,metric_shift,failure_rate+rerun_rate,2,low,1,observed,none,100,0.04,100,0.0,4,0.3333333333333329,100,0.09,100,0.05,100,0.08,100,0.04,100,0.13333333333333333,15,0.8695652173913027,100,0.03,100,0.34533333333333305,100,0.04,100,0.05,100,0.05,100,0.05,100
pytest-dev/pytest,causal_rolling_mad,two_of_three,metric_shift,failure_rate+rerun_rate,2,low,1,observed,none,100,0.0,100,,0,0.0,100,0.0,100,0.0,100,0.0,100,0.0,100,0.0,15,0.8695652173913027,100,,0,0.0,100,0.0,100,0.0,100,0.0,100,0.0,100
pytest-dev/pytest,mewma,mewma,metric_shift,failure_rate+rerun_rate,2,low,1,observed,none,100,0.01,100,0.0,1,0.06521739130434773,100,0.02,100,0.01,100,0.08,100,0.07,100,0.01,100,0.0,100,0.025833333333333333,100,0.0653333333333333,100,0.01,100,0.02,100,0.02,100,0.02,100
pytest-dev/pytest,causal_rolling_mad,latency_log,metric_shift,failure_rate+rerun_rate,2,medium,1,observed,none,100,0.0,100,,0,0.13333333333333325,100,0.0,100,0.0,100,0.09,100,0.09,100,0.0,97,0.021739130434782653,100,0.015,100,0.1342272727272729,100,0.0,100,0.0,100,0.0,100,0.0,100
pytest-dev/pytest,causal_rolling_mad,failure_rate,metric_shift,failure_rate+rerun_rate,2,medium,1,observed,none,100,0.0,100,,0,0.0,100,0.0,100,0.0,100,0.0,100,0.0,100,0.0,97,0.021739130434782653,100,,0,0.0,100,0.0,100,0.0,100,0.0,100,0.0,100
pytest-dev/pytest,causal_rolling_mad,rerun_rate,metric_shift,failure_rate+rerun_rate,2,medium,1,observed,none,100,0.0,100,,0,0.0,100,0.0,100,0.0,100,0.0,100,0.0,100,0.0,16,0.8695652173913027,100,,0,0.0,100,0.0,100,0.0,100,0.0,100,0.0,100
pytest-dev/pytest,causal_rolling_mad,union,metric_shift,failure_rate+rerun_rate,2,medium,1,observed,none,100,0.01,100,0.0,1,0.3333333333333329,100,0.03,100,0.02,100,0.08,100,0.07,100,0.03125,16,0.8695652173913027,100,0.0375,100,0.3339999999999997,100,0.01,100,0.02,100,0.02,100,0.02,100
pytest-dev/pytest,causal_rolling_mad,two_of_three,metric_shift,failure_rate+rerun_rate,2,medium,1,observed,none,100,0.0,100,,0,0.0,100,0.0,100,0.0,100,0.0,100,0.0,100,0.0,16,0.8695652173913027,100,,0,0.0,100,0.0,100,0.0,100,0.0,100,0.0,100
pytest-dev/pytest,mewma,mewma,metric_shift,failure_rate+rerun_rate,2,medium,1,observed,none,100,0.02,100,0.0,2,0.06521739130434773,100,0.1,100,0.08,100,0.08,100,0.06,100,0.02,100,0.0,100,0.025,100,0.06711111111111107,100,0.02,100,0.07,100,0.09,100,0.1,100
pytest-dev/pytest,causal_rolling_mad,latency_log,metric_shift,failure_rate+rerun_rate,2,high,1,observed,none,100,0.0,100,,0,0.13333333333333325,100,0.0,100,0.0,100,0.12,100,0.12,100,0.0,97,0.021739130434782653,100,0.02,100,0.1335454545454547,100,0.0,100,0.0,100,0.0,100,0.0,100
pytest-dev/pytest,causal_rolling_mad,failure_rate,metric_shift,failure_rate+rerun_rate,2,high,1,observed,none,100,0.0,100,,0,0.0,100,0.0,100,0.0,100,0.0,100,0.0,100,0.0,97,0.021739130434782653,100,,0,0.0,100,0.0,100,0.0,100,0.0,100,0.0,100
pytest-dev/pytest,causal_rolling_mad,rerun_rate,metric_shift,failure_rate+rerun_rate,2,high,1,observed,none,100,0.0,100,,0,0.0,100,0.0,100,0.0,100,0.0,100,0.0,100,0.0,14,0.8695652173913027,100,,0,0.0,100,0.0,100,0.0,100,0.0,100,0.0,100
pytest-dev/pytest,causal_rolling_mad,union,metric_shift,failure_rate+rerun_rate,2,high,1,observed,none,100,0.01,100,0.0,1,0.3333333333333329,100,0.05,100,0.04,100,0.05,100,0.04,100,0.03571428571428571,14,0.8695652173913027,100,0.0225,100,0.34266666666666645,100,0.01,100,0.04,100,0.04,100,0.04,100
pytest-dev/pytest,causal_rolling_mad,two_of_three,metric_shift,failure_rate+rerun_rate,2,high,1,observed,none,100,0.0,100,,0,0.0,100,0.0,100,0.0,100,0.0,100,0.0,100,0.0,14,0.8695652173913027,100,,0,0.0,100,0.0,100,0.0,100,0.0,100,0.0,100
pytest-dev/pytest,mewma,mewma,metric_shift,failure_rate+rerun_rate,2,high,1,observed,none,100,0.12,100,0.0,12,0.06521739130434773,100,0.3,100,0.18,100,0.16,100,0.04,100,0.09833333333333333,100,0.0,100,0.04016666666666666,100,0.06977777777777772,100,0.12,100,0.15,100,0.18,100,0.24,100
pytest-dev/pytest,causal_rolling_mad,latency_log,metric_shift,failure_rate+rerun_rate,2,medium,1,low_volume,none,100,0.0,100,,0,0.13333333333333325,100,0.0,100,0.0,100,0.12,100,0.12,100,0.0,98,0.021739130434782653,100,0.02,100,0.1335757575757577,100,0.0,100,0.0,100,0.0,100,0.0,100
pytest-dev/pytest,causal_rolling_mad,failure_rate,metric_shift,failure_rate+rerun_rate,2,medium,1,low_volume,none,100,0.03,100,0.0,3,0.0,100,0.03,100,0.0,100,0.03,100,0.0,100,0.030612244897959183,98,0.021739130434782653,100,1.0,3,0.0,100,0.03,100,0.03,100,0.03,100,0.03,100
pytest-dev/pytest,causal_rolling_mad,rerun_rate,metric_shift,failure_rate+rerun_rate,2,medium,1,low_volume,none,100,0.0,100,,0,0.0,100,0.0,100,0.0,100,0.0,100,0.0,100,0.0,14,0.8702173913043464,100,,0,0.0,100,0.0,100,0.0,100,0.0,100,0.0,100
pytest-dev/pytest,causal_rolling_mad,union,metric_shift,failure_rate+rerun_rate,2,medium,1,low_volume,none,100,0.03,100,0.0,3,0.335333333333333,100,0.07,100,0.04,100,0.1,100,0.07,100,0.10714285714285714,14,0.8702173913043464,100,0.0425,100,0.3386666666666664,100,0.03,100,0.04,100,0.04,100,0.04,100
pytest-dev/pytest,causal_rolling_mad,two_of_three,metric_shift,failure_rate+rerun_rate,2,medium,1,low_volume,none,100,0.0,100,,0,0.0,100,0.0,100,0.0,100,0.0,100,0.0,100,0.0,14,0.8702173913043464,100,,0,0.0,100,0.0,100,0.0,100,0.0,100,0.0,100
pytest-dev/pytest,mewma,mewma,metric_shift,failure_rate+rerun_rate,2,medium,1,low_volume,none,100,0.12,100,0.0,12,0.06521739130434773,100,0.17,100,0.05,100,0.21,100,0.1,100,0.10333333333333332,100,0.0,100,0.05816666666666666,100,0.06555555555555552,100,0.12,100,0.13,100,0.13,100,0.13,100
pytest-dev/pytest,causal_rolling_mad,latency_log,metric_shift,failure_rate+rerun_rate,2,medium,1,observed,controlled,100,0.0,100,,0,0.13333333333333325,100,0.0,100,0.0,100,0.12,100,0.12,100,0.0,97,0.021739130434782653,100,0.02,100,0.13354545454545466,100,0.0,100,0.0,100,0.0,100,0.0,100
pytest-dev/pytest,causal_rolling_mad,failure_rate,metric_shift,failure_rate+rerun_rate,2,medium,1,observed,controlled,100,0.0,100,,0,0.0,100,0.0,100,0.0,100,0.0,100,0.0,100,0.0,45,0.16478260869565214,100,,0,0.0,100,0.0,100,0.0,100,0.0,100,0.0,100
pytest-dev/pytest,causal_rolling_mad,rerun_rate,metric_shift,failure_rate+rerun_rate,2,medium,1,observed,controlled,100,0.0,100,,0,0.0,87,0.0,100,0.0,100,0.0,100,0.0,100,0.0,7,0.8984782608695642,100,,0,0.0,87,0.0,100,0.0,100,0.0,100,0.0,100
pytest-dev/pytest,causal_rolling_mad,union,metric_shift,failure_rate+rerun_rate,2,medium,1,observed,controlled,100,0.0,100,,0,0.36197183098591534,71,0.0,100,0.0,100,0.0,100,0.0,100,,0,0.9260869565217387,100,0.0,61,0.36197183098591534,71,0.0,100,0.0,100,0.0,100,0.0,100
pytest-dev/pytest,causal_rolling_mad,two_of_three,metric_shift,failure_rate+rerun_rate,2,medium,1,observed,controlled,100,0.0,100,,0,0.0,71,0.0,100,0.0,100,0.0,100,0.0,100,,0,0.9260869565217387,100,,0,0.0,71,0.0,100,0.0,100,0.0,100,0.0,100
pytest-dev/pytest,mewma,mewma,metric_shift,failure_rate+rerun_rate,2,medium,1,observed,controlled,100,0.03,100,0.0,3,0.06521739130434773,100,0.03,100,0.0,100,0.09,100,0.06,100,0.03,100,0.0,100,0.0275,100,0.0653333333333333,100,0.03,100,0.03,100,0.03,100,0.03,100
pytest-dev/pytest,causal_rolling_mad,latency_log,metric_shift,failure_rate+rerun_rate,2,low,2,observed,none,100,0.0,100,,0,0.13333333333333325,100,0.0,100,0.0,100,0.23,100,0.175,100,0.0,100,0.021739130434782653,100,0.05833333333333333,100,0.13133192389006357,100,0.0,100,0.0,100,0.0,100,0.0,100
pytest-dev/pytest,causal_rolling_mad,failure_rate,metric_shift,failure_rate+rerun_rate,2,low,2,observed,none,100,0.01,100,1.0,1,0.0,100,0.01,100,0.0,100,0.01,100,0.0,100,0.005,100,0.021739130434782653,100,1.0,1,0.0,100,0.01,100,0.01,100,0.01,100,0.01,100
pytest-dev/pytest,causal_rolling_mad,rerun_rate,metric_shift,failure_rate+rerun_rate,2,low,2,observed,none,100,0.02,100,1.0,2,0.0,100,0.02,100,0.0,100,0.02,100,0.0,100,0.05555555555555555,18,0.8695652173913027,100,1.0,2,0.0,100,0.02,100,0.02,100,0.02,100,0.02,100
pytest-dev/pytest,causal_rolling_mad,union,metric_shift,failure_rate+rerun_rate,2,low,2,observed,none,100,0.02,100,1.0,2,0.3333333333333329,100,0.03,100,0.01,100,0.11,100,0.07,100,0.046296296296296294,18,0.8695652173913027,100,0.07583333333333334,100,0.329833333333333,100,0.02,100,0.02,100,0.02,100,0.02,100
pytest-dev/pytest,causal_rolling_mad,two_of_three,metric_shift,failure_rate+rerun_rate,2,low,2,observed,none,100,0.01,100,1.0,1,0.0,100,0.01,100,0.0,100,0.01,100,0.0,100,0.027777777777777776,18,0.8695652173913027,100,1.0,1,0.0,100,0.01,100,0.01,100,0.01,100,0.01,100
pytest-dev/pytest,mewma,mewma,metric_shift,failure_rate+rerun_rate,2,low,2,observed,none,100,0.04,100,0.75,4,0.06521739130434773,100,0.07,100,0.03,100,0.17,100,0.085,100,0.018333333333333333,100,0.0,100,0.06533333333333333,100,0.06500000000000009,100,0.04,100,0.06,100,0.06,100,0.06,100
pytest-dev/pytest,causal_rolling_mad,latency_log,metric_shift,failure_rate+rerun_rate,2,medium,2,observed,none,100,0.0,100,,0,0.13333333333333325,100,0.0,100,0.0,100,0.16,100,0.12,100,0.0,100,0.021739130434782653,100,0.04,100,0.1338900634249473,100,0.0,100,0.0,100,0.0,100,0.0,100
pytest-dev/pytest,causal_rolling_mad,failure_rate,metric_shift,failure_rate+rerun_rate,2,medium,2,observed,none,100,0.01,100,1.0,1,0.0,100,0.01,100,0.0,100,0.01,100,0.0,100,0.005,100,0.021739130434782653,100,1.0,1,0.0,100,0.01,100,0.01,100,0.01,100,0.01,100
pytest-dev/pytest,causal_rolling_mad,rerun_rate,metric_shift,failure_rate+rerun_rate,2,medium,2,observed,none,100,0.05,100,1.0,5,0.0,100,0.05,100,0.0,100,0.05,100,0.0,100,0.3125,8,0.8695652173913027,100,1.0,5,0.0,100,0.05,100,0.05,100,0.05,100,0.05,100
pytest-dev/pytest,causal_rolling_mad,union,metric_shift,failure_rate+rerun_rate,2,medium,2,observed,none,100,0.05,100,0.6,5,0.3333333333333329,100,0.09,100,0.02,100,0.07,100,0.015,100,0.39583333333333337,8,0.8695652173913027,100,0.03333333333333333,100,0.3431666666666664,100,0.05,100,0.05,100,0.05,100,0.05,100
pytest-dev/pytest,causal_rolling_mad,two_of_three,metric_shift,failure_rate+rerun_rate,2,medium,2,observed,none,100,0.02,100,1.0,2,0.0,100,0.02,100,0.0,100,0.02,100,0.0,100,0.125,8,0.8695652173913027,100,1.0,2,0.0,100,0.02,100,0.02,100,0.02,100,0.02,100
pytest-dev/pytest,mewma,mewma,metric_shift,failure_rate+rerun_rate,2,medium,2,observed,none,100,0.27,100,0.7037037037037037,27,0.06521739130434773,100,0.49,100,0.2,100,0.28,100,0.04,100,0.124,100,0.0,100,0.08485714285714285,100,0.07090909090909099,100,0.27,100,0.27,100,0.28,100,0.31,100
pytest-dev/pytest,causal_rolling_mad,latency_log,metric_shift,failure_rate+rerun_rate,2,high,2,observed,none,100,0.0,100,,0,0.13333333333333325,100,0.0,100,0.0,100,0.23,100,0.175,100,0.0,100,0.021739130434782653,100,0.05833333333333334,100,0.13133192389006354,100,0.0,100,0.0,100,0.0,100,0.0,100
pytest-dev/pytest,causal_rolling_mad,failure_rate,metric_shift,failure_rate+rerun_rate,2,high,2,observed,none,100,0.18,100,0.9444444444444444,18,0.0,100,0.18,100,0.0,100,0.18,100,0.0,100,0.095,100,0.021739130434782653,100,1.0,18,0.0,100,0.18,100,0.18,100,0.18,100,0.18,100
pytest-dev/pytest,causal_rolling_mad,rerun_rate,metric_shift,failure_rate+rerun_rate,2,high,2,observed,none,100,0.18,100,1.0,18,0.0,100,0.18,100,0.0,100,0.18,100,0.0,100,0.5526315789473685,19,0.8695652173913027,100,1.0,18,0.0,100,0.18,100,0.18,100,0.18,100,0.18,100
pytest-dev/pytest,causal_rolling_mad,union,metric_shift,failure_rate+rerun_rate,2,high,2,observed,none,100,0.09,100,0.6666666666666666,9,0.3333333333333329,100,0.18,100,0.06,100,0.18,100,0.07,100,0.2894736842105263,19,0.8695652173913027,100,0.1,100,0.34049999999999975,100,0.09,100,0.09,100,0.09,100,0.09,100
pytest-dev/pytest,causal_rolling_mad,two_of_three,metric_shift,failure_rate+rerun_rate,2,high,2,observed,none,100,0.1,100,1.0,10,0.0,100,0.1,100,0.0,100,0.1,100,0.0,100,0.2631578947368421,19,0.8695652173913027,100,1.0,10,0.0,100,0.1,100,0.1,100,0.1,100,0.1,100
pytest-dev/pytest,mewma,mewma,metric_shift,failure_rate+rerun_rate,2,high,2,observed,none,100,0.92,100,0.8260869565217391,92,0.06521739130434773,100,1.87,100,0.87,100,0.94,100,0.07,100,0.38033333333333325,100,0.0,100,0.236345238095238,100,0.0847727272727273,100,0.92,100,0.94,100,0.94,100,0.94,100
pytest-dev/pytest,causal_rolling_mad,latency_log,metric_shift,failure_rate+rerun_rate,2,medium,2,low_volume,none,100,0.0,100,,0,0.13333333333333325,100,0.0,100,0.0,100,0.19,100,0.12,100,0.0,100,0.021739130434782653,100,0.039999999999999994,100,0.1338266384778014,100,0.0,100,0.0,100,0.0,100,0.0,100
pytest-dev/pytest,causal_rolling_mad,failure_rate,metric_shift,failure_rate+rerun_rate,2,medium,2,low_volume,none,100,0.07,100,0.8571428571428571,7,0.0,100,0.07,100,0.0,100,0.07,100,0.0,100,0.035,100,0.021739130434782653,100,1.0,7,0.0,100,0.07,100,0.07,100,0.07,100,0.07,100
pytest-dev/pytest,causal_rolling_mad,rerun_rate,metric_shift,failure_rate+rerun_rate,2,medium,2,low_volume,none,100,0.02,100,1.0,2,0.0,100,0.02,100,0.0,100,0.02,100,0.0,100,0.125,8,0.8706521739130422,100,1.0,2,0.0,100,0.02,100,0.02,100,0.02,100,0.02,100
pytest-dev/pytest,causal_rolling_mad,union,metric_shift,failure_rate+rerun_rate,2,medium,2,low_volume,none,100,0.03,100,0.6666666666666666,3,0.3366666666666663,100,0.05,100,0.01,100,0.05,100,0.01,100,0.22916666666666666,8,0.8706521739130422,100,0.020833333333333336,100,0.3454999999999997,100,0.03,100,0.03,100,0.03,100,0.03,100
pytest-dev/pytest,causal_rolling_mad,two_of_three,metric_shift,failure_rate+rerun_rate,2,medium,2,low_volume,none,100,0.02,100,1.0,2,0.0,100,0.02,100,0.0,100,0.02,100,0.0,100,0.125,8,0.8706521739130422,100,1.0,2,0.0,100,0.02,100,0.02,100,0.02,100,0.02,100
pytest-dev/pytest,mewma,mewma,metric_shift,failure_rate+rerun_rate,2,medium,2,low_volume,none,100,0.26,100,0.7307692307692307,26,0.06521739130434773,100,0.62,100,0.32,100,0.3,100,0.05,100,0.122,100,0.0,100,0.09114285714285714,100,0.07318181818181825,100,0.26,100,0.3,100,0.33,100,0.4,100
pytest-dev/pytest,causal_rolling_mad,latency_log,metric_shift,failure_rate+rerun_rate,2,medium,2,observed,controlled,100,0.0,100,,0,0.13333333333333325,100,0.0,100,0.0,100,0.1,100,0.075,100,0.0,100,0.021739130434782653,100,0.024999999999999994,100,0.1359513742071883,100,0.0,100,0.0,100,0.0,100,0.0,100
pytest-dev/pytest,causal_rolling_mad,failure_rate,metric_shift,failure_rate+rerun_rate,2,medium,2,observed,controlled,100,0.02,100,0.5,2,0.0,100,0.02,100,0.0,100,0.02,100,0.0,100,0.02112676056338028,71,0.18673913043478269,100,1.0,2,0.0,100,0.02,100,0.02,100,0.02,100,0.02,100
pytest-dev/pytest,causal_rolling_mad,rerun_rate,metric_shift,failure_rate+rerun_rate,2,medium,2,observed,controlled,100,0.01,100,1.0,1,0.0,92,0.01,100,0.0,100,0.01,100,0.0,100,0.05,10,0.8902173913043464,100,1.0,1,0.0,89,0.01,100,0.01,100,0.01,100,0.01,100
pytest-dev/pytest,causal_rolling_mad,union,metric_shift,failure_rate+rerun_rate,2,medium,2,observed,controlled,100,0.0,100,,0,0.35128205128205114,78,0.0,100,0.0,100,0.01,100,0.01,100,0.0,5,0.9160869565217383,100,0.014492753623188406,69,0.3675675675675674,74,0.0,100,0.0,100,0.0,100,0.0,100
pytest-dev/pytest,causal_rolling_mad,two_of_three,metric_shift,failure_rate+rerun_rate,2,medium,2,observed,controlled,100,0.0,100,,0,0.0,78,0.0,100,0.0,100,0.0,100,0.0,100,0.0,5,0.9160869565217383,100,,0,0.0,74,0.0,100,0.0,100,0.0,100,0.0,100
pytest-dev/pytest,mewma,mewma,metric_shift,failure_rate+rerun_rate,2,medium,2,observed,controlled,100,0.07,100,1.0,7,0.06521739130434773,100,0.16,100,0.09,100,0.13,100,0.035,100,0.03333333333333333,100,0.0,100,0.04033333333333333,100,0.06863636363636372,100,0.07,100,0.1,100,0.11,100,0.15,100
pytest-dev/pytest,causal_rolling_mad,latency_log,metric_shift,failure_rate+rerun_rate,2,low,4,observed,none,100,0.0,100,,0,0.13333333333333325,100,0.0,100,0.0,100,0.26,100,0.1,100,0.0,100,0.021739130434782653,100,0.06666666666666667,100,0.13648083623693386,100,0.0,100,0.0,100,0.0,100,0.0,100
pytest-dev/pytest,causal_rolling_mad,failure_rate,metric_shift,failure_rate+rerun_rate,2,low,4,observed,none,100,0.04,100,1.5,4,0.0,100,0.04,100,0.0,100,0.04,100,0.0,100,0.01,100,0.021739130434782653,100,1.0,4,0.0,100,0.04,100,0.04,100,0.04,100,0.04,100
pytest-dev/pytest,causal_rolling_mad,rerun_rate,metric_shift,failure_rate+rerun_rate,2,low,4,observed,none,100,0.02,100,1.0,2,0.0,100,0.02,100,0.0,100,0.02,100,0.0,100,0.038461538461538464,13,0.8695652173913027,100,1.0,2,0.0,100,0.02,100,0.02,100,0.02,100,0.02,100
pytest-dev/pytest,causal_rolling_mad,union,metric_shift,failure_rate+rerun_rate,2,low,4,observed,none,100,0.03,100,0.3333333333333333,3,0.3333333333333329,100,0.06,100,0.0,100,0.06,100,0.0225,100,0.11538461538461539,13,0.8695652173913027,100,0.0475,100,0.34533333333333305,100,0.03,100,0.03,100,0.03,100,0.03,100
pytest-dev/pytest,causal_rolling_mad,two_of_three,metric_shift,failure_rate+rerun_rate,2,low,4,observed,none,100,0.0,100,,0,0.0,100,0.0,100,0.0,100,0.0,100,0.0,100,0.0,13,0.8695652173913027,100,,0,0.0,100,0.0,100,0.0,100,0.0,100,0.0,100
pytest-dev/pytest,mewma,mewma,metric_shift,failure_rate+rerun_rate,2,low,4,observed,none,100,0.23,100,1.9565217391304348,23,0.06521739130434773,100,0.4,100,0.11,100,0.24,100,0.0375,100,0.06883333333333334,100,0.0,100,0.10052380952380952,100,0.0704761904761904,100,0.23,100,0.25,100,0.25,100,0.29,100
pytest-dev/pytest,causal_rolling_mad,latency_log,metric_shift,failure_rate+rerun_rate,2,medium,4,observed,none,100,0.0,100,,0,0.13333333333333325,100,0.0,100,0.0,100,0.35,100,0.145,100,0.0,100,0.021739130434782653,100,0.09666666666666666,100,0.13209059233449483,100,0.0,100,0.0,100,0.0,100,0.0,100
pytest-dev/pytest,causal_rolling_mad,failure_rate,metric_shift,failure_rate+rerun_rate,2,medium,4,observed,none,100,0.06,100,1.8333333333333333,6,0.0,100,0.07,100,0.0,100,0.06,100,0.0,100,0.018333333333333333,100,0.021739130434782653,100,1.0,6,0.0,100,0.06,100,0.06,100,0.06,100,0.06,100
pytest-dev/pytest,causal_rolling_mad,rerun_rate,metric_shift,failure_rate+rerun_rate,2,medium,4,observed,none,100,0.11,100,1.3636363636363635,11,0.0,100,0.2,100,0.0,100,0.11,100,0.0,100,0.3382352941176471,17,0.8695652173913027,100,1.0,11,0.0,100,0.11,100,0.11,100,0.11,100,0.11,100
pytest-dev/pytest,causal_rolling_mad,union,metric_shift,failure_rate+rerun_rate,2,medium,4,observed,none,100,0.13,100,1.0769230769230769,13,0.3333333333333329,100,0.26,100,0.0,100,0.13,100,0.025,100,0.4264705882352941,17,0.8695652173913027,100,0.08866666666666666,100,0.3723333333333333,100,0.13,100,0.13,100,0.13,100,0.13,100
pytest-dev/pytest,causal_rolling_mad,two_of_three,metric_shift,failure_rate+rerun_rate,2,medium,4,observed,none,100,0.02,100,2.5,2,0.0,100,0.03,100,0.0,100,0.02,100,0.0,100,0.04411764705882353,17,0.8695652173913027,100,1.0,2,0.0,100,0.02,100,0.02,100,0.02,100,0.02,100
pytest-dev/pytest,mewma,mewma,metric_shift,failure_rate+rerun_rate,2,medium,4,observed,none,100,0.76,100,1.868421052631579,76,0.06521739130434773,100,2.25,100,0.9,100,0.76,100,0.065,100,0.27293253968253955,100,0.0,100,0.2766547619047619,100,0.08666666666666659,100,0.76,100,0.76,100,0.76,100,0.8,100
pytest-dev/pytest,causal_rolling_mad,latency_log,metric_shift,failure_rate+rerun_rate,2,high,4,observed,none,100,0.0,100,,0,0.13333333333333325,100,0.0,100,0.0,100,0.25,100,0.105,100,0.0,100,0.021739130434782653,100,0.06999999999999999,100,0.13602787456445997,100,0.0,100,0.0,100,0.0,100,0.0,100
pytest-dev/pytest,causal_rolling_mad,failure_rate,metric_shift,failure_rate+rerun_rate,2,high,4,observed,none,100,0.21,100,1.2857142857142858,21,0.0,100,0.28,100,0.0,100,0.21,100,0.0,100,0.07,100,0.021739130434782653,100,1.0,21,0.0,100,0.21,100,0.21,100,0.21,100,0.21,100
pytest-dev/pytest,causal_rolling_mad,rerun_rate,metric_shift,failure_rate+rerun_rate,2,high,4,observed,none,100,0.09,100,1.6666666666666667,9,0.0,100,0.21,100,0.0,100,0.09,100,0.0,100,0.8,10,0.8695652173913027,100,1.0,9,0.0,100,0.09,100,0.09,100,0.09,100,0.09,100
pytest-dev/pytest,causal_rolling_mad,union,metric_shift,failure_rate+rerun_rate,2,high,4,observed,none,100,0.09,100,1.4444444444444444,9,0.3333333333333329,100,0.21,100,0.03,100,0.09,100,0.0125,100,0.6,10,0.8695652173913027,100,0.0535,100,0.3509999999999998,100,0.09,100,0.09,100,0.09,100,0.09,100
pytest-dev/pytest,causal_rolling_mad,two_of_three,metric_shift,failure_rate+rerun_rate,2,high,4,observed,none,100,0.03,100,2.3333333333333335,3,0.0,100,0.05,100,0.0,100,0.03,100,0.0,100,0.125,10,0.8695652173913027,100,1.0,3,0.0,100,0.03,100,0.03,100,0.03,100,0.03,100
pytest-dev/pytest,mewma,mewma,metric_shift,failure_rate+rerun_rate,2,high,4,observed,none,100,1.0,100,1.0,100,0.06521739130434773,100,5.93,100,3.08,100,1.0,100,0.0425,100,0.41566486291486293,100,0.0,100,0.34798587523587515,100,0.14071428571428551,100,1.0,100,1.0,100,1.0,100,1.0,100
pytest-dev/pytest,causal_rolling_mad,latency_log,metric_shift,failure_rate+rerun_rate,2,medium,4,low_volume,none,100,0.0,100,,0,0.13333333333333325,100,0.0,100,0.0,100,0.3,100,0.1325,100,0.0,100,0.021739130434782653,100,0.08833333333333333,100,0.13327526132404185,100,0.0,100,0.0,100,0.0,100,0.0,100
pytest-dev/pytest,causal_rolling_mad,failure_rate,metric_shift,failure_rate+rerun_rate,2,medium,4,low_volume,none,100,0.08,100,1.25,8,0.0,100,0.09,100,0.0,100,0.08,100,0.0,100,0.0225,100,0.021739130434782653,100,1.0,8,0.0,100,0.08,100,0.08,100,0.08,100,0.08,100
pytest-dev/pytest,causal_rolling_mad,rerun_rate,metric_shift,failure_rate+rerun_rate,2,medium,4,low_volume,none,100,0.04,100,1.5,4,0.0,100,0.04,100,0.0,100,0.04,100,0.0,100,0.1,10,0.870217391304346,100,1.0,4,0.0,100,0.04,100,0.04,100,0.04,100,0.04,100
pytest-dev/pytest,causal_rolling_mad,union,metric_shift,failure_rate+rerun_rate,2,medium,4,low_volume,none,100,0.04,100,0.75,4,0.3366666666666663,100,0.08,100,0.0,100,0.08,100,0.0225,100,0.2,10,0.870217391304346,100,0.05683333333333333,100,0.3523333333333331,100,0.04,100,0.04,100,0.04,100,0.04,100
pytest-dev/pytest,causal_rolling_mad,two_of_three,metric_shift,failure_rate+rerun_rate,2,medium,4,low_volume,none,100,0.01,100,3.0,1,0.0,100,0.01,100,0.0,100,0.01,100,0.0,100,0.025,10,0.870217391304346,100,1.0,1,0.0,100,0.01,100,0.01,100,0.01,100,0.01,100
pytest-dev/pytest,mewma,mewma,metric_shift,failure_rate+rerun_rate,2,medium,4,low_volume,none,100,0.76,100,1.9210526315789473,76,0.06521739130434773,100,2.13,100,0.84,100,0.77,100,0.0675,100,0.26164285714285707,100,0.0,100,0.27911796536796535,100,0.0849999999999999,100,0.76,100,0.76,100,0.77,100,0.81,100
pytest-dev/pytest,causal_rolling_mad,latency_log,metric_shift,failure_rate+rerun_rate,2,medium,4,observed,controlled,100,0.0,100,,0,0.13333333333333325,100,0.0,100,0.0,100,0.3,100,0.1225,100,0.0,100,0.021739130434782653,100,0.08166666666666667,100,0.13425087108013942,100,0.0,100,0.0,100,0.0,100,0.0,100
pytest-dev/pytest,causal_rolling_mad,failure_rate,metric_shift,failure_rate+rerun_rate,2,medium,4,observed,controlled,100,0.01,100,1.0,1,0.0,100,0.01,100,0.0,100,0.01,100,0.0,100,0.0035714285714285713,70,0.27282608695652194,100,1.0,1,0.0,100,0.01,100,0.01,100,0.01,100,0.01,100
pytest-dev/pytest,causal_rolling_mad,rerun_rate,metric_shift,failure_rate+rerun_rate,2,medium,4,observed,controlled,100,0.02,100,1.0,2,0.0,76,0.04,100,0.0,100,0.02,100,0.0,100,0.3333333333333333,4,0.909999999999999,100,1.0,2,0.0,76,0.02,100,0.02,100,0.02,100,0.02,100
pytest-dev/pytest,causal_rolling_mad,union,metric_shift,failure_rate+rerun_rate,2,medium,4,observed,controlled,100,0.01,100,0.0,1,0.4023474178403753,71,0.01,100,0.0,100,0.01,100,0.0,100,1.0,1,0.9182608695652162,100,0.014285714285714285,70,0.4023474178403753,71,0.01,100,0.01,100,0.01,100,0.01,100
pytest-dev/pytest,causal_rolling_mad,two_of_three,metric_shift,failure_rate+rerun_rate,2,medium,4,observed,controlled,100,0.0,100,,0,0.0,71,0.0,100,0.0,100,0.0,100,0.0,100,0.0,1,0.9182608695652162,100,,0,0.0,71,0.0,100,0.0,100,0.0,100,0.0,100
pytest-dev/pytest,mewma,mewma,metric_shift,failure_rate+rerun_rate,2,medium,4,observed,controlled,100,0.63,100,2.0793650793650795,63,0.06521739130434773,100,1.62,100,0.61,100,0.63,100,0.0525,100,0.2116190476190475,100,0.0,100,0.22650396825396815,100,0.08095238095238085,100,0.63,100,0.65,100,0.65,100,0.68,100
pytest-dev/pytest,causal_rolling_mad,latency_log,metric_shift,failure_rate+rerun_rate,2,low,8,observed,none,100,0.0,100,,0,0.13333333333333325,100,0.0,100,0.0,100,0.5,100,0.10785714285714286,100,0.0,100,0.021739130434782653,100,0.14333333333333342,100,0.13884779516358461,100,0.0,100,0.0,100,0.0,100,0.0,100
pytest-dev/pytest,causal_rolling_mad,failure_rate,metric_shift,failure_rate+rerun_rate,2,low,8,observed,none,100,0.05,100,3.8,5,0.0,100,0.07,100,0.02,100,0.05,100,0.0,100,0.00625,100,0.021739130434782653,100,0.8333333333333334,6,0.0005405405405405405,100,0.05,100,0.05,100,0.05,100,0.05,100
pytest-dev/pytest,causal_rolling_mad,rerun_rate,metric_shift,failure_rate+rerun_rate,2,low,8,observed,none,100,0.0,100,,0,0.0,100,0.0,100,0.0,100,0.0,100,0.0,100,0.0,16,0.8695652173913027,100,,0,0.0,95,0.0,100,0.0,100,0.0,100,0.0,100
pytest-dev/pytest,causal_rolling_mad,union,metric_shift,failure_rate+rerun_rate,2,low,8,observed,none,100,0.01,100,7.0,1,0.3333333333333329,100,0.02,100,0.01,100,0.09,100,0.022666666666666665,100,0.015625,16,0.8695652173913027,100,0.0675,100,0.374035087719298,95,0.01,100,0.01,100,0.01,100,0.01,100
pytest-dev/pytest,causal_rolling_mad,two_of_three,metric_shift,failure_rate+rerun_rate,2,low,8,observed,none,100,0.0,100,,0,0.0,100,0.0,100,0.0,100,0.0,100,0.0,100,0.0,16,0.8695652173913027,100,,0,0.0,95,0.0,100,0.0,100,0.0,100,0.0,100
pytest-dev/pytest,mewma,mewma,metric_shift,failure_rate+rerun_rate,2,low,8,observed,none,100,0.52,100,4.461538461538462,52,0.06521739130434773,100,1.48,100,0.29,100,0.58,100,0.05625,100,0.1431313131313131,100,0.0,100,0.2963095238095239,100,0.074736842105263,100,0.52,100,0.53,100,0.54,100,0.54,100
pytest-dev/pytest,causal_rolling_mad,latency_log,metric_shift,failure_rate+rerun_rate,2,medium,8,observed,none,100,0.0,100,,0,0.13333333333333325,100,0.0,100,0.0,100,0.53,100,0.12,100,0.0,100,0.021739130434782653,100,0.16000000000000006,100,0.13621621621621618,100,0.0,100,0.0,100,0.0,100,0.0,100
pytest-dev/pytest,causal_rolling_mad,failure_rate,metric_shift,failure_rate+rerun_rate,2,medium,8,observed,none,100,0.07,100,2.857142857142857,7,0.0,100,0.07,100,0.0,100,0.07,100,0.0,100,0.00875,100,0.021739130434782653,100,1.0,7,0.0,100,0.07,100,0.07,100,0.07,100,0.07,100
pytest-dev/pytest,causal_rolling_mad,rerun_rate,metric_shift,failure_rate+rerun_rate,2,medium,8,observed,none,100,0.0,100,,0,0.0,100,0.0,100,0.0,100,0.0,100,0.0,100,0.0,14,0.8695652173913027,100,,0,0.0,98,0.0,100,0.0,100,0.0,100,0.0,100
pytest-dev/pytest,causal_rolling_mad,union,metric_shift,failure_rate+rerun_rate,2,medium,8,observed,none,100,0.03,100,5.666666666666667,3,0.3333333333333329,100,0.05,100,0.01,100,0.05,100,0.008666666666666666,100,0.06547619047619047,14,0.8695652173913027,100,0.030833333333333334,100,0.3721088435374147,98,0.03,100,0.03,100,0.03,100,0.03,100
pytest-dev/pytest,causal_rolling_mad,two_of_three,metric_shift,failure_rate+rerun_rate,2,medium,8,observed,none,100,0.0,100,,0,0.0,100,0.0,100,0.0,100,0.0,100,0.0,100,0.0,14,0.8695652173913027,100,,0,0.0,98,0.0,100,0.0,100,0.0,100,0.0,100
pytest-dev/pytest,mewma,mewma,metric_shift,failure_rate+rerun_rate,2,medium,8,observed,none,100,1.0,100,2.61,100,0.06521739130434773,100,6.97,100,2.05,100,1.0,100,0.065,100,0.4981863691863692,100,0.0,100,0.5534531579531582,100,0.11921052631578942,100,1.0,100,1.0,100,1.0,100,1.0,100
pytest-dev/pytest,causal_rolling_mad,latency_log,metric_shift,failure_rate+rerun_rate,2,high,8,observed,none,100,0.0,100,,0,0.13333333333333325,100,0.0,100,0.0,100,0.46,100,0.10303571428571429,100,0.0,100,0.021739130434782653,100,0.13666666666666671,100,0.1398933143669985,100,0.0,100,0.0,100,0.0,100,0.0,100
pytest-dev/pytest,causal_rolling_mad,failure_rate,metric_shift,failure_rate+rerun_rate,2,high,8,observed,none,100,0.34,100,1.6176470588235294,34,0.0,100,0.44,100,0.0,100,0.34,100,0.0,100,0.05517857142857143,100,0.021739130434782653,100,1.0,34,0.0,100,0.34,100,0.34,100,0.34,100,0.34,100
pytest-dev/pytest,causal_rolling_mad,rerun_rate,metric_shift,failure_rate+rerun_rate,2,high,8,observed,none,100,0.07,100,4.285714285714286,7,0.0,100,0.12,100,0.0,100,0.07,100,0.0,100,0.1473684210526316,19,0.8695652173913027,100,1.0,7,0.0,99,0.07,100,0.07,100,0.07,100,0.07,100
pytest-dev/pytest,causal_rolling_mad,union,metric_shift,failure_rate+rerun_rate,2,high,8,observed,none,100,0.08,100,4.5,8,0.3333333333333329,100,0.16,100,0.0,100,0.08,100,0.005333333333333333,100,0.21315789473684213,19,0.8695652173913027,100,0.045,100,0.38754208754208747,99,0.08,100,0.08,100,0.08,100,0.08,100
pytest-dev/pytest,causal_rolling_mad,two_of_three,metric_shift,failure_rate+rerun_rate,2,high,8,observed,none,100,0.0,100,,0,0.0,100,0.0,100,0.0,100,0.0,100,0.0,100,0.0,19,0.8695652173913027,100,,0,0.0,99,0.0,100,0.0,100,0.0,100,0.0,100
pytest-dev/pytest,mewma,mewma,metric_shift,failure_rate+rerun_rate,2,high,8,observed,none,100,1.0,100,1.04,100,0.06521739130434773,100,10.67,100,4.12,100,1.0,100,0.06,100,0.5486730491730494,100,0.0,100,0.5238642786951611,100,0.1747368421052632,100,1.0,100,1.0,100,1.0,100,1.0,100
pytest-dev/pytest,causal_rolling_mad,latency_log,metric_shift,failure_rate+rerun_rate,2,medium,8,low_volume,none,100,0.0,100,,0,0.13333333333333325,100,0.0,100,0.0,100,0.55,100,0.12535714285714283,100,0.0,100,0.021739130434782653,100,0.1666666666666667,100,0.1350640113798009,100,0.0,100,0.0,100,0.0,100,0.0,100
pytest-dev/pytest,causal_rolling_mad,failure_rate,metric_shift,failure_rate+rerun_rate,2,medium,8,low_volume,none,100,0.21,100,3.2857142857142856,21,0.0,100,0.21,100,0.0,100,0.21,100,0.0,100,0.02625,100,0.021739130434782653,100,1.0,21,0.0,100,0.21,100,0.21,100,0.21,100,0.21,100
pytest-dev/pytest,causal_rolling_mad,rerun_rate,metric_shift,failure_rate+rerun_rate,2,medium,8,low_volume,none,100,0.03,100,4.333333333333333,3,0.0,100,0.04,100,0.0,100,0.03,100,0.0,100,0.05357142857142856,14,0.8697826086956505,100,1.0,3,0.0,98,0.03,100,0.03,100,0.03,100,0.03,100
pytest-dev/pytest,causal_rolling_mad,union,metric_shift,failure_rate+rerun_rate,2,medium,8,low_volume,none,100,0.05,100,5.2,5,0.33399999999999963,100,0.12,100,0.02,100,0.07,100,0.011166666666666667,100,0.16071428571428573,14,0.8697826086956505,100,0.04083333333333333,100,0.37925170068027186,98,0.05,100,0.06,100,0.06,100,0.06,100
pytest-dev/pytest,causal_rolling_mad,two_of_three,metric_shift,failure_rate+rerun_rate,2,medium,8,low_volume,none,100,0.01,100,6.0,1,0.0,100,0.01,100,0.0,100,0.01,100,0.0,100,0.011904761904761904,14,0.8697826086956505,100,1.0,1,0.0,98,0.01,100,0.01,100,0.01,100,0.01,100
pytest-dev/pytest,mewma,mewma,metric_shift,failure_rate+rerun_rate,2,medium,8,low_volume,none,100,0.97,100,2.5876288659793816,97,0.06521739130434773,100,5.88,100,1.73,100,0.97,100,0.06375,100,0.4264196914196915,100,0.0,100,0.516465118215118,100,0.11105263157894729,100,0.97,100,0.97,100,0.97,100,0.97,100
pytest-dev/pytest,causal_rolling_mad,latency_log,metric_shift,failure_rate+rerun_rate,2,medium,8,observed,controlled,100,0.0,100,,0,0.13333333333333325,100,0.0,100,0.0,100,0.52,100,0.1175,100,0.0,100,0.021739130434782653,100,0.15666666666666673,100,0.1367567567567567,100,0.0,100,0.0,100,0.0,100,0.0,100
pytest-dev/pytest,causal_rolling_mad,failure_rate,metric_shift,failure_rate+rerun_rate,2,medium,8,observed,controlled,100,0.02,100,4.0,2,0.0,100,0.02,100,0.0,100,0.02,100,0.0,100,0.003246753246753247,77,0.3378260869565219,100,1.0,2,0.0,100,0.02,100,0.02,100,0.02,100,0.02,100
pytest-dev/pytest,causal_rolling_mad,rerun_rate,metric_shift,failure_rate+rerun_rate,2,medium,8,observed,controlled,100,0.02,100,2.0,2,0.0,68,0.02,100,0.0,100,0.02,100,0.0,100,1.0,2,0.9171739130434772,100,1.0,2,0.0,66,0.02,100,0.02,100,0.02,100,0.02,100
pytest-dev/pytest,causal_rolling_mad,union,metric_shift,failure_rate+rerun_rate,2,medium,8,observed,controlled,100,0.01,100,2.0,1,0.37812499999999977,64,0.01,100,0.0,100,0.01,100,0.0,100,1.0,1,0.9232608695652162,100,0.015625,64,0.3841269841269839,63,0.01,100,0.01,100,0.01,100,0.01,100
pytest-dev/pytest,causal_rolling_mad,two_of_three,metric_shift,failure_rate+rerun_rate,2,medium,8,observed,controlled,100,0.0,100,,0,0.0,64,0.0,100,0.0,100,0.0,100,0.0,100,0.0,1,0.9232608695652162,100,,0,0.0,63,0.0,100,0.0,100,0.0,100,0.0,100
pytest-dev/pytest,mewma,mewma,metric_shift,failure_rate+rerun_rate,2,medium,8,observed,controlled,100,0.94,100,3.2872340425531914,94,0.06521739130434773,100,5.63,100,1.61,100,0.95,100,0.0475,100,0.4178731546231546,100,0.0,100,0.4925404187315951,100,0.11131578947368417,100,0.94,100,0.94,100,0.94,100,0.94,100
pytest-dev/pytest,causal_rolling_mad,latency_log,metric_shift,latency_log+failure_rate+rerun_rate,3,low,1,observed,none,100,0.01,100,0.0,1,0.13333333333333325,100,0.03,100,0.02,100,0.09,100,0.08,100,0.005,100,0.021739130434782653,100,0.014583333333333332,100,0.12454545454545468,100,0.01,100,0.02,100,0.02,100,0.02,100
pytest-dev/pytest,causal_rolling_mad,failure_rate,metric_shift,latency_log+failure_rate+rerun_rate,3,low,1,observed,none,100,0.0,100,,0,0.0,100,0.0,100,0.0,100,0.0,100,0.0,100,0.0,100,0.021739130434782653,100,,0,0.0,100,0.0,100,0.0,100,0.0,100,0.0,100
pytest-dev/pytest,causal_rolling_mad,rerun_rate,metric_shift,latency_log+failure_rate+rerun_rate,3,low,1,observed,none,100,0.0,100,,0,0.0,100,0.0,100,0.0,100,0.0,100,0.0,100,0.0,14,0.8697826086956505,100,,0,0.0,100,0.0,100,0.0,100,0.0,100,0.0,100
pytest-dev/pytest,causal_rolling_mad,union,metric_shift,latency_log+failure_rate+rerun_rate,3,low,1,observed,none,100,0.0,100,,0,0.33399999999999963,100,0.02,100,0.02,100,0.04,100,0.04,100,0.0,14,0.8697826086956505,100,0.02,100,0.33933333333333304,100,0.0,100,0.02,100,0.02,100,0.02,100
pytest-dev/pytest,causal_rolling_mad,two_of_three,metric_shift,latency_log+failure_rate+rerun_rate,3,low,1,observed,none,100,0.0,100,,0,0.0,100,0.0,100,0.0,100,0.0,100,0.0,100,0.0,14,0.8697826086956505,100,,0,0.0,100,0.0,100,0.0,100,0.0,100,0.0,100
pytest-dev/pytest,mewma,mewma,metric_shift,latency_log+failure_rate+rerun_rate,3,low,1,observed,none,100,0.02,100,0.0,2,0.06521739130434773,100,0.17,100,0.15,100,0.08,100,0.06,100,0.02,100,0.0,100,0.024999999999999994,100,0.06866666666666661,100,0.02,100,0.04,100,0.07,100,0.16,100
pytest-dev/pytest,causal_rolling_mad,latency_log,metric_shift,latency_log+failure_rate+rerun_rate,3,medium,1,observed,none,100,0.09,100,0.0,9,0.13333333333333325,100,0.22,100,0.13,100,0.24,100,0.15,100,0.06701030927835051,97,0.021739130434782653,100,0.038107142857142846,100,0.1294545454545455,100,0.09,100,0.17,100,0.17,100,0.17,100
pytest-dev/pytest,causal_rolling_mad,failure_rate,metric_shift,latency_log+failure_rate+rerun_rate,3,medium,1,observed,none,100,0.0,100,,0,0.0,100,0.0,100,0.0,100,0.0,100,0.0,100,0.0,97,0.021739130434782653,100,,0,0.0,100,0.0,100,0.0,100,0.0,100,0.0,100
pytest-dev/pytest,causal_rolling_mad,rerun_rate,metric_shift,latency_log+failure_rate+rerun_rate,3,medium,1,observed,none,100,0.0,100,,0,0.0,100,0.0,100,0.0,100,0.0,100,0.0,100,0.0,15,0.8695652173913027,100,,0,0.0,100,0.0,100,0.0,100,0.0,100,0.0,100
pytest-dev/pytest,causal_rolling_mad,union,metric_shift,latency_log+failure_rate+rerun_rate,3,medium,1,observed,none,100,0.01,100,0.0,1,0.3333333333333329,100,0.03,100,0.02,100,0.06,100,0.05,100,0.03333333333333333,15,0.8695652173913027,100,0.0275,100,0.33733333333333293,100,0.01,100,0.02,100,0.02,100,0.02,100
pytest-dev/pytest,causal_rolling_mad,two_of_three,metric_shift,latency_log+failure_rate+rerun_rate,3,medium,1,observed,none,100,0.0,100,,0,0.0,100,0.0,100,0.0,100,0.0,100,0.0,100,0.0,15,0.8695652173913027,100,,0,0.0,100,0.0,100,0.0,100,0.0,100,0.0,100
pytest-dev/pytest,mewma,mewma,metric_shift,latency_log+failure_rate+rerun_rate,3,medium,1,observed,none,100,0.23,100,0.0,23,0.06521739130434773,100,0.62,100,0.39,100,0.3,100,0.07,100,0.17833333333333334,100,0.0,100,0.07383333333333335,100,0.07377777777777769,100,0.23,100,0.32,100,0.36,100,0.43,100
pytest-dev/pytest,causal_rolling_mad,latency_log,metric_shift,latency_log+failure_rate+rerun_rate,3,high,1,observed,none,100,0.06,100,0.0,6,0.13333333333333325,100,0.14,100,0.08,100,0.15,100,0.09,100,0.05789473684210526,95,0.021739130434782653,100,0.025107142857142856,100,0.12553030303030316,100,0.06,100,0.13,100,0.13,100,0.13,100
pytest-dev/pytest,causal_rolling_mad,failure_rate,metric_shift,latency_log+failure_rate+rerun_rate,3,high,1,observed,none,100,0.0,100,,0,0.0,100,0.0,100,0.0,100,0.0,100,0.0,100,0.0,95,0.021739130434782653,100,,0,0.0,100,0.0,100,0.0,100,0.0,100,0.0,100
pytest-dev/pytest,causal_rolling_mad,rerun_rate,metric_shift,latency_log+failure_rate+rerun_rate,3,high,1,observed,none,100,0.0,100,,0,0.0,100,0.0,100,0.0,100,0.0,100,0.0,100,0.0,14,0.8695652173913027,100,,0,0.0,100,0.0,100,0.0,100,0.0,100,0.0,100
pytest-dev/pytest,causal_rolling_mad,union,metric_shift,latency_log+failure_rate+rerun_rate,3,high,1,observed,none,100,0.02,100,0.0,2,0.3333333333333329,100,0.06,100,0.04,100,0.06,100,0.04,100,0.07142857142857142,14,0.8695652173913027,100,0.025,100,0.34266666666666645,100,0.02,100,0.04,100,0.04,100,0.04,100
pytest-dev/pytest,causal_rolling_mad,two_of_three,metric_shift,latency_log+failure_rate+rerun_rate,3,high,1,observed,none,100,0.0,100,,0,0.0,100,0.0,100,0.0,100,0.0,100,0.0,100,0.0,14,0.8695652173913027,100,,0,0.0,100,0.0,100,0.0,100,0.0,100,0.0,100
pytest-dev/pytest,mewma,mewma,metric_shift,latency_log+failure_rate+rerun_rate,3,high,1,observed,none,100,0.63,100,0.0,63,0.06521739130434773,100,1.38,100,0.75,100,0.7,100,0.07,100,0.435,100,0.0,100,0.15490476190476182,100,0.0817777777777777,100,0.63,100,0.68,100,0.68,100,0.74,100
pytest-dev/pytest,causal_rolling_mad,latency_log,metric_shift,latency_log+failure_rate+rerun_rate,3,medium,1,low_volume,none,100,0.09,100,0.0,9,0.13333333333333325,100,0.25,100,0.16,100,0.17,100,0.08,100,0.07142857142857142,98,0.021739130434782653,100,0.02719047619047619,100,0.1272121212121213,100,0.09,100,0.21,100,0.21,100,0.21,100
pytest-dev/pytest,causal_rolling_mad,failure_rate,metric_shift,latency_log+failure_rate+rerun_rate,3,medium,1,low_volume,none,100,0.0,100,,0,0.0,100,0.0,100,0.0,100,0.0,100,0.0,100,0.0,98,0.021739130434782653,100,,0,0.0,100,0.0,100,0.0,100,0.0,100,0.0,100
pytest-dev/pytest,causal_rolling_mad,rerun_rate,metric_shift,latency_log+failure_rate+rerun_rate,3,medium,1,low_volume,none,100,0.0,100,,0,0.0,100,0.0,100,0.0,100,0.0,100,0.0,100,0.0,14,0.8702173913043463,100,,0,0.0,100,0.0,100,0.0,100,0.0,100,0.0,100
pytest-dev/pytest,causal_rolling_mad,union,metric_shift,latency_log+failure_rate+rerun_rate,3,medium,1,low_volume,none,100,0.03,100,0.0,3,0.335333333333333,100,0.08,100,0.05,100,0.08,100,0.05,100,0.10714285714285714,14,0.8702173913043463,100,0.0325,100,0.3446666666666664,100,0.03,100,0.05,100,0.05,100,0.05,100
pytest-dev/pytest,causal_rolling_mad,two_of_three,metric_shift,latency_log+failure_rate+rerun_rate,3,medium,1,low_volume,none,100,0.0,100,,0,0.0,100,0.0,100,0.0,100,0.0,100,0.0,100,0.0,14,0.8702173913043463,100,,0,0.0,100,0.0,100,0.0,100,0.0,100,0.0,100
pytest-dev/pytest,mewma,mewma,metric_shift,latency_log+failure_rate+rerun_rate,3,medium,1,low_volume,none,100,0.12,100,0.0,12,0.06521739130434773,100,0.4,100,0.28,100,0.2,100,0.08,100,0.10166666666666668,100,0.0,100,0.052000000000000005,100,0.07111111111111104,100,0.12,100,0.17,100,0.23,100,0.28,100
pytest-dev/pytest,causal_rolling_mad,latency_log,metric_shift,latency_log+failure_rate+rerun_rate,3,medium,1,observed,controlled,100,0.08,100,0.0,8,0.13317255731417801,100,0.14,100,0.06,100,0.16,100,0.08,100,0.09210526315789473,76,0.08499999999999996,100,0.025547619047619045,100,0.12683922398084488,100,0.08,100,0.12,100,0.12,100,0.12,100
pytest-dev/pytest,causal_rolling_mad,failure_rate,metric_shift,latency_log+failure_rate+rerun_rate,3,medium,1,observed,controlled,100,0.0,100,,0,0.0,100,0.0,100,0.0,100,0.0,100,0.0,100,0.0,70,0.10217391304347834,100,,0,0.0,100,0.0,100,0.0,100,0.0,100,0.0,100
pytest-dev/pytest,causal_rolling_mad,rerun_rate,metric_shift,latency_log+failure_rate+rerun_rate,3,medium,1,observed,controlled,100,0.0,100,,0,0.0,84,0.0,100,0.0,100,0.0,100,0.0,100,0.0,9,0.8930434782608684,100,,0,0.0,84,0.0,100,0.0,100,0.0,100,0.0,100
pytest-dev/pytest,causal_rolling_mad,union,metric_shift,latency_log+failure_rate+rerun_rate,3,medium,1,observed,controlled,100,0.0,100,,0,0.2851851851851851,72,0.0,100,0.0,100,0.0,100,0.0,100,,0,0.9165217391304341,100,0.0,61,0.2851851851851851,72,0.0,100,0.0,100,0.0,100,0.0,100
pytest-dev/pytest,causal_rolling_mad,two_of_three,metric_shift,latency_log+failure_rate+rerun_rate,3,medium,1,observed,controlled,100,0.0,100,,0,0.0,72,0.0,100,0.0,100,0.0,100,0.0,100,,0,0.9165217391304341,100,,0,0.0,72,0.0,100,0.0,100,0.0,100,0.0,100
pytest-dev/pytest,mewma,mewma,metric_shift,latency_log+failure_rate+rerun_rate,3,medium,1,observed,controlled,100,0.07,100,0.0,7,0.06521739130434773,100,0.22,100,0.15,100,0.13,100,0.06,100,0.06,100,0.0,100,0.036500000000000005,100,0.06799999999999995,100,0.07,100,0.11,100,0.12,100,0.14,100
pytest-dev/pytest,causal_rolling_mad,latency_log,metric_shift,latency_log+failure_rate+rerun_rate,3,low,2,observed,none,100,0.08,100,0.75,8,0.13333333333333325,100,0.14,100,0.04,100,0.27,100,0.155,100,0.04333333333333333,100,0.021739130434782653,100,0.06583333333333333,100,0.11923890063424962,100,0.08,100,0.08,100,0.08,100,0.08,100
pytest-dev/pytest,causal_rolling_mad,failure_rate,metric_shift,latency_log+failure_rate+rerun_rate,3,low,2,observed,none,100,0.0,100,,0,0.0,100,0.0,100,0.0,100,0.0,100,0.0,100,0.0,100,0.021739130434782653,100,,0,0.0,100,0.0,100,0.0,100,0.0,100,0.0,100
pytest-dev/pytest,causal_rolling_mad,rerun_rate,metric_shift,latency_log+failure_rate+rerun_rate,3,low,2,observed,none,100,0.05,100,1.0,5,0.0,100,0.05,100,0.0,100,0.05,100,0.0,100,0.16666666666666666,15,0.8695652173913027,100,1.0,5,0.0,100,0.05,100,0.05,100,0.05,100,0.05,100
pytest-dev/pytest,causal_rolling_mad,union,metric_shift,latency_log+failure_rate+rerun_rate,3,low,2,observed,none,100,0.05,100,1.0,5,0.3333333333333329,100,0.1,100,0.05,100,0.1,100,0.04,100,0.14444444444444443,15,0.8695652173913027,100,0.05833333333333333,100,0.3189999999999997,100,0.05,100,0.08,100,0.08,100,0.08,100
pytest-dev/pytest,causal_rolling_mad,two_of_three,metric_shift,latency_log+failure_rate+rerun_rate,3,low,2,observed,none,100,0.04,100,1.0,4,0.0,100,0.04,100,0.0,100,0.04,100,0.0,100,0.13333333333333333,15,0.8695652173913027,100,1.0,4,0.0,100,0.04,100,0.04,100,0.04,100,0.04,100
pytest-dev/pytest,mewma,mewma,metric_shift,latency_log+failure_rate+rerun_rate,3,low,2,observed,none,100,0.18,100,0.8333333333333334,18,0.06521739130434773,100,0.4,100,0.22,100,0.24,100,0.08,100,0.0825,100,0.0,100,0.09016666666666667,100,0.06954545454545462,100,0.18,100,0.21,100,0.24,100,0.3,100
pytest-dev/pytest,causal_rolling_mad,latency_log,metric_shift,latency_log+failure_rate+rerun_rate,3,medium,2,observed,none,100,0.58,100,0.7931034482758621,58,0.13333333333333325,100,0.76,100,0.06,100,0.74,100,0.125,100,0.3500000000000001,100,0.021739130434782653,100,0.1558809523809523,100,0.11877378435517985,100,0.58,100,0.58,100,0.58,100,0.58,100
pytest-dev/pytest,causal_rolling_mad,failure_rate,metric_shift,latency_log+failure_rate+rerun_rate,3,medium,2,observed,none,100,0.01,100,0.0,1,0.0,100,0.02,100,0.0,100,0.01,100,0.0,100,0.01,100,0.021739130434782653,100,1.0,1,0.0,100,0.01,100,0.01,100,0.01,100,0.01,100
pytest-dev/pytest,causal_rolling_mad,rerun_rate,metric_shift,latency_log+failure_rate+rerun_rate,3,medium,2,observed,none,100,0.09,100,1.0,9,0.0,100,0.09,100,0.0,100,0.09,100,0.0,100,0.28125,16,0.8697826086956505,100,1.0,9,0.0,100,0.09,100,0.09,100,0.09,100,0.09,100
pytest-dev/pytest,causal_rolling_mad,union,metric_shift,latency_log+failure_rate+rerun_rate,3,medium,2,observed,none,100,0.09,100,0.8888888888888888,9,0.33399999999999963,100,0.17,100,0.07,100,0.16,100,0.04,100,0.28124999999999994,16,0.8697826086956505,100,0.07083333333333333,100,0.33166666666666633,100,0.09,100,0.09,100,0.09,100,0.09,100
pytest-dev/pytest,causal_rolling_mad,two_of_three,metric_shift,latency_log+failure_rate+rerun_rate,3,medium,2,observed,none,100,0.1,100,1.0,10,0.0,100,0.1,100,0.0,100,0.1,100,0.0,100,0.3125,16,0.8697826086956505,100,1.0,10,0.0,100,0.1,100,0.1,100,0.1,100,0.1,100
pytest-dev/pytest,mewma,mewma,metric_shift,latency_log+failure_rate+rerun_rate,3,medium,2,observed,none,100,0.66,100,0.7272727272727273,66,0.06521739130434773,100,1.61,100,0.81,100,0.69,100,0.055,100,0.3115952380952381,100,0.0,100,0.18646825396825392,100,0.08409090909090912,100,0.66,100,0.72,100,0.73,100,0.79,100
pytest-dev/pytest,causal_rolling_mad,latency_log,metric_shift,latency_log+failure_rate+rerun_rate,3,high,2,observed,none,100,0.84,100,0.9047619047619048,84,0.13333333333333325,100,0.99,100,0.07,100,1.0,100,0.135,100,0.46333333333333343,100,0.021739130434782653,100,0.19234523809523785,100,0.11757928118393249,100,0.84,100,0.84,100,0.84,100,0.84,100
pytest-dev/pytest,causal_rolling_mad,failure_rate,metric_shift,latency_log+failure_rate+rerun_rate,3,high,2,observed,none,100,0.14,100,1.0,14,0.0,100,0.14,100,0.0,100,0.14,100,0.0,100,0.075,100,0.021739130434782653,100,1.0,14,0.0,100,0.14,100,0.14,100,0.14,100,0.14,100
pytest-dev/pytest,causal_rolling_mad,rerun_rate,metric_shift,latency_log+failure_rate+rerun_rate,3,high,2,observed,none,100,0.21,100,1.0,21,0.0,100,0.21,100,0.0,100,0.21,100,0.0,100,0.5227272727272727,22,0.8695652173913027,100,1.0,21,0.0,100,0.21,100,0.21,100,0.21,100,0.21,100
pytest-dev/pytest,causal_rolling_mad,union,metric_shift,latency_log+failure_rate+rerun_rate,3,high,2,observed,none,100,0.14,100,0.8571428571428571,14,0.3333333333333329,100,0.23,100,0.07,100,0.22,100,0.06,100,0.32575757575757575,22,0.8695652173913027,100,0.11416666666666668,100,0.3179999999999997,100,0.14,100,0.14,100,0.14,100,0.14,100
pytest-dev/pytest,causal_rolling_mad,two_of_three,metric_shift,latency_log+failure_rate+rerun_rate,3,high,2,observed,none,100,0.22,100,1.0,22,0.0,100,0.22,100,0.0,100,0.22,100,0.0,100,0.5454545454545454,22,0.8695652173913027,100,1.0,22,0.0,100,0.22,100,0.22,100,0.22,100,0.22,100
pytest-dev/pytest,mewma,mewma,metric_shift,latency_log+failure_rate+rerun_rate,3,high,2,observed,none,100,0.99,100,0.2727272727272727,99,0.06521739130434773,100,4.55,100,2.91,100,1.0,100,0.05,100,0.3817896825396824,100,0.0,100,0.24616305916305906,100,0.1320454545454546,100,0.99,100,1.0,100,1.0,100,1.0,100
pytest-dev/pytest,causal_rolling_mad,latency_log,metric_shift,latency_log+failure_rate+rerun_rate,3,medium,2,low_volume,none,100,0.67,100,0.8805970149253731,67,0.13333333333333325,100,0.81,100,0.06,100,0.76,100,0.085,100,0.375,100,0.021739130434782653,100,0.15034523809523798,100,0.1208668076109938,100,0.67,100,0.67,100,0.67,100,0.67,100
pytest-dev/pytest,causal_rolling_mad,failure_rate,metric_shift,latency_log+failure_rate+rerun_rate,3,medium,2,low_volume,none,100,0.08,100,1.0,8,0.0,100,0.08,100,0.0,100,0.08,100,0.0,100,0.045,100,0.021739130434782653,100,1.0,8,0.0,100,0.08,100,0.08,100,0.08,100,0.08,100
pytest-dev/pytest,causal_rolling_mad,rerun_rate,metric_shift,latency_log+failure_rate+rerun_rate,3,medium,2,low_volume,none,100,0.06,100,1.0,6,0.0,100,0.06,100,0.0,100,0.06,100,0.0,100,0.3333333333333333,9,0.8708695652173898,100,1.0,6,0.0,100,0.06,100,0.06,100,0.06,100,0.06,100
pytest-dev/pytest,causal_rolling_mad,union,metric_shift,latency_log+failure_rate+rerun_rate,3,medium,2,low_volume,none,100,0.06,100,0.6666666666666666,6,0.3376666666666663,100,0.09,100,0.01,100,0.09,100,0.02,100,0.42592592592592593,9,0.8708695652173898,100,0.0475,100,0.31766666666666643,100,0.06,100,0.06,100,0.06,100,0.06,100
pytest-dev/pytest,causal_rolling_mad,two_of_three,metric_shift,latency_log+failure_rate+rerun_rate,3,medium,2,low_volume,none,100,0.06,100,1.0,6,0.0,100,0.06,100,0.0,100,0.06,100,0.0,100,0.3333333333333333,9,0.8708695652173898,100,1.0,6,0.0,100,0.06,100,0.06,100,0.06,100,0.06,100
pytest-dev/pytest,mewma,mewma,metric_shift,latency_log+failure_rate+rerun_rate,3,medium,2,low_volume,none,100,0.65,100,0.6923076923076923,65,0.06521739130434773,100,1.61,100,0.8,100,0.66,100,0.045,100,0.2991666666666666,100,0.0,100,0.17669047619047615,100,0.08431818181818185,100,0.65,100,0.7,100,0.7,100,0.72,100
pytest-dev/pytest,causal_rolling_mad,latency_log,metric_shift,latency_log+failure_rate+rerun_rate,3,medium,2,observed,controlled,100,0.26,100,0.6923076923076923,26,0.1363174535294845,100,0.36,100,0.03,100,0.34,100,0.07,100,0.25,66,0.17804347826086953,100,0.06898809523809528,100,0.13294615820972516,100,0.26,100,0.26,100,0.26,100,0.26,100
pytest-dev/pytest,causal_rolling_mad,failure_rate,metric_shift,latency_log+failure_rate+rerun_rate,3,medium,2,observed,controlled,100,0.01,100,1.0,1,0.0,100,0.01,100,0.0,100,0.01,100,0.0,100,0.007692307692307693,65,0.2086956521739131,100,1.0,1,0.0,100,0.01,100,0.01,100,0.01,100,0.01,100
pytest-dev/pytest,causal_rolling_mad,rerun_rate,metric_shift,latency_log+failure_rate+rerun_rate,3,medium,2,observed,controlled,100,0.03,100,1.0,3,0.0,90,0.03,100,0.0,100,0.03,100,0.0,100,0.25,8,0.8917391304347817,100,1.0,3,0.0,90,0.03,100,0.03,100,0.03,100,0.03,100
pytest-dev/pytest,causal_rolling_mad,union,metric_shift,latency_log+failure_rate+rerun_rate,3,medium,2,observed,controlled,100,0.0,100,,0,0.3723577235772354,82,0.0,100,0.0,100,0.0,100,0.0,100,,0,0.9093478260869559,100,0.0,74,0.3723577235772354,82,0.0,100,0.0,100,0.0,100,0.0,100
pytest-dev/pytest,causal_rolling_mad,two_of_three,metric_shift,latency_log+failure_rate+rerun_rate,3,medium,2,observed,controlled,100,0.0,100,,0,0.0,82,0.0,100,0.0,100,0.0,100,0.0,100,,0,0.9093478260869559,100,,0,0.0,82,0.0,100,0.0,100,0.0,100,0.0,100
pytest-dev/pytest,mewma,mewma,metric_shift,latency_log+failure_rate+rerun_rate,3,medium,2,observed,controlled,100,0.36,100,0.8055555555555556,36,0.06521739130434773,100,0.9,100,0.47,100,0.4,100,0.035,100,0.16999999999999996,100,0.0,100,0.10732142857142855,100,0.07659090909090914,100,0.36,100,0.41,100,0.41,100,0.49,100
pytest-dev/pytest,causal_rolling_mad,latency_log,metric_shift,latency_log+failure_rate+rerun_rate,3,low,4,observed,none,100,0.2,100,1.75,20,0.13333333333333325,100,0.26,100,0.01,100,0.35,100,0.0825,100,0.062,100,0.021739130434782653,100,0.0971547619047619,100,0.11574912891986067,100,0.2,100,0.2,100,0.2,100,0.2,100
pytest-dev/pytest,causal_rolling_mad,failure_rate,metric_shift,latency_log+failure_rate+rerun_rate,3,low,4,observed,none,100,0.01,100,1.0,1,0.0,100,0.01,100,0.0,100,0.01,100,0.0,100,0.0025,100,0.021739130434782653,100,1.0,1,0.0,100,0.01,100,0.01,100,0.01,100,0.01,100
pytest-dev/pytest,causal_rolling_mad,rerun_rate,metric_shift,latency_log+failure_rate+rerun_rate,3,low,4,observed,none,100,0.02,100,2.5,2,0.0,100,0.02,100,0.0,100,0.02,100,0.0,100,0.0625,16,0.8695652173913027,100,1.0,2,0.0,100,0.02,100,0.02,100,0.02,100,0.02,100
pytest-dev/pytest,causal_rolling_mad,union,metric_shift,latency_log+failure_rate+rerun_rate,3,low,4,observed,none,100,0.08,100,1.75,8,0.3333333333333329,100,0.16,100,0.04,100,0.12,100,0.015,100,0.3125,16,0.8695652173913027,100,0.1348314606741573,89,0.25099999999999983,100,0.08,100,0.12,100,0.12,100,0.12,100
pytest-dev/pytest,causal_rolling_mad,two_of_three,metric_shift,latency_log+failure_rate+rerun_rate,3,low,4,observed,none,100,0.01,100,3.0,1,0.0,100,0.01,100,0.0,100,0.01,100,0.0,100,0.03125,16,0.8695652173913027,100,1.0,1,0.0,100,0.01,100,0.01,100,0.01,100,0.01,100
pytest-dev/pytest,mewma,mewma,metric_shift,latency_log+failure_rate+rerun_rate,3,low,4,observed,none,100,0.46,100,2.4347826086956523,46,0.06521739130434773,100,1.15,100,0.56,100,0.46,100,0.0375,100,0.12442857142857143,100,0.0,100,0.1482380952380952,100,0.08119047619047612,100,0.46,100,0.46,100,0.51,100,0.61,100
pytest-dev/pytest,causal_rolling_mad,latency_log,metric_shift,latency_log+failure_rate+rerun_rate,3,medium,4,observed,none,100,0.81,100,1.0493827160493827,81,0.13333333333333325,100,1.68,100,0.04,100,0.81,100,0.09,100,0.4113333333333334,100,0.021739130434782653,100,0.28305952380952354,100,0.1166898954703833,100,0.81,100,0.81,100,0.81,100,0.81,100
pytest-dev/pytest,causal_rolling_mad,failure_rate,metric_shift,latency_log+failure_rate+rerun_rate,3,medium,4,observed,none,100,0.02,100,1.0,2,0.0,100,0.02,100,0.0,100,0.02,100,0.0,100,0.005,100,0.021739130434782653,100,1.0,2,0.0,100,0.02,100,0.02,100,0.02,100,0.02,100
pytest-dev/pytest,causal_rolling_mad,rerun_rate,metric_shift,latency_log+failure_rate+rerun_rate,3,medium,4,observed,none,100,0.12,100,1.25,12,0.0,100,0.14,100,0.0,100,0.12,100,0.0,100,0.22395833333333334,16,0.8695652173913027,100,1.0,12,0.0,100,0.12,100,0.12,100,0.12,100,0.12,100
pytest-dev/pytest,causal_rolling_mad,union,metric_shift,latency_log+failure_rate+rerun_rate,3,medium,4,observed,none,100,0.16,100,1.0625,16,0.3333333333333329,100,0.4,100,0.02,100,0.16,100,0.0225,100,0.65625,16,0.8695652173913027,100,0.16117216117216118,91,0.2496666666666665,100,0.16,100,0.16,100,0.16,100,0.16,100
pytest-dev/pytest,causal_rolling_mad,two_of_three,metric_shift,latency_log+failure_rate+rerun_rate,3,medium,4,observed,none,100,0.12,100,1.1666666666666667,12,0.0,100,0.15,100,0.0,100,0.12,100,0.0,100,0.23958333333333334,16,0.8695652173913027,100,1.0,12,0.0,100,0.12,100,0.12,100,0.12,100,0.12,100
pytest-dev/pytest,mewma,mewma,metric_shift,latency_log+failure_rate+rerun_rate,3,medium,4,observed,none,100,1.0,100,1.23,100,0.06521739130434773,100,5.04,100,2.34,100,1.0,100,0.03,100,0.45338095238095244,100,0.0,100,0.36477886002885995,100,0.12428571428571412,100,1.0,100,1.0,100,1.0,100,1.0,100
pytest-dev/pytest,causal_rolling_mad,latency_log,metric_shift,latency_log+failure_rate+rerun_rate,3,high,4,observed,none,100,1.0,100,1.13,100,0.13333333333333325,100,2.59,100,0.08,100,1.0,100,0.12,100,0.623,100,0.021739130434782653,100,0.39980952380952395,100,0.11216027874564462,100,1.0,100,1.0,100,1.0,100,1.0,100
pytest-dev/pytest,causal_rolling_mad,failure_rate,metric_shift,latency_log+failure_rate+rerun_rate,3,high,4,observed,none,100,0.23,100,1.391304347826087,23,0.0,100,0.27,100,0.0,100,0.23,100,0.0,100,0.0675,100,0.021739130434782653,100,1.0,23,0.0,100,0.23,100,0.23,100,0.23,100,0.23,100
pytest-dev/pytest,causal_rolling_mad,rerun_rate,metric_shift,latency_log+failure_rate+rerun_rate,3,high,4,observed,none,100,0.13,100,1.5384615384615385,13,0.0,100,0.32,100,0.0,100,0.13,100,0.0,100,0.734375,16,0.8695652173913027,100,1.0,13,0.0,100,0.13,100,0.13,100,0.13,100,0.13,100
pytest-dev/pytest,causal_rolling_mad,union,metric_shift,latency_log+failure_rate+rerun_rate,3,high,4,observed,none,100,0.16,100,1.6875,16,0.3333333333333329,100,0.37,100,0.05,100,0.16,100,0.0125,100,0.71875,16,0.8695652173913027,100,0.14074074074074075,90,0.25333333333333313,100,0.16,100,0.16,100,0.16,100,0.16,100
pytest-dev/pytest,causal_rolling_mad,two_of_three,metric_shift,latency_log+failure_rate+rerun_rate,3,high,4,observed,none,100,0.13,100,1.5384615384615385,13,0.0,100,0.32,100,0.0,100,0.13,100,0.0,100,0.734375,16,0.8695652173913027,100,1.0,13,0.0,100,0.13,100,0.13,100,0.13,100,0.13,100
pytest-dev/pytest,mewma,mewma,metric_shift,latency_log+failure_rate+rerun_rate,3,high,4,observed,none,100,1.0,100,0.34,100,0.06521739130434773,100,8.1,100,4.6,100,1.0,100,0.055,100,0.4243752636252633,100,0.0,100,0.347352564102564,100,0.17571428571428552,100,1.0,100,1.0,100,1.0,100,1.0,100
pytest-dev/pytest,causal_rolling_mad,latency_log,metric_shift,latency_log+failure_rate+rerun_rate,3,medium,4,low_volume,none,100,0.83,100,1.0963855421686748,83,0.13333333333333325,100,1.73,100,0.02,100,0.83,100,0.0975,100,0.42983333333333335,100,0.021739130434782653,100,0.2971150793650791,100,0.11229965156794432,100,0.83,100,0.83,100,0.83,100,0.83,100
pytest-dev/pytest,causal_rolling_mad,failure_rate,metric_shift,latency_log+failure_rate+rerun_rate,3,medium,4,low_volume,none,100,0.15,100,2.0,15,0.0,100,0.17,100,0.0,100,0.15,100,0.0,100,0.04333333333333333,100,0.022173913043478308,100,1.0,15,0.0,100,0.15,100,0.15,100,0.15,100,0.15,100
pytest-dev/pytest,causal_rolling_mad,rerun_rate,metric_shift,latency_log+failure_rate+rerun_rate,3,medium,4,low_volume,none,100,0.05,100,1.6,5,0.0,100,0.08,100,0.0,100,0.05,100,0.0,100,0.16071428571428573,14,0.8706521739130418,100,1.0,5,0.0,99,0.05,100,0.05,100,0.05,100,0.05,100
pytest-dev/pytest,causal_rolling_mad,union,metric_shift,latency_log+failure_rate+rerun_rate,3,medium,4,low_volume,none,100,0.14,100,1.3571428571428572,14,0.333333333333333,100,0.33,100,0.01,100,0.14,100,0.0125,100,0.7678571428571429,14,0.8710869565217375,100,0.1568627450980392,85,0.24057239057239044,99,0.14,100,0.14,100,0.14,100,0.14,100
pytest-dev/pytest,causal_rolling_mad,two_of_three,metric_shift,latency_log+failure_rate+rerun_rate,3,medium,4,low_volume,none,100,0.06,100,1.3333333333333333,6,0.0,100,0.11,100,0.0,100,0.06,100,0.0,100,0.21428571428571427,14,0.8710869565217375,100,1.0,6,0.0,99,0.06,100,0.06,100,0.06,100,0.06,100
pytest-dev/pytest,mewma,mewma,metric_shift,latency_log+failure_rate+rerun_rate,3,medium,4,low_volume,none,100,0.99,100,1.2626262626262625,99,0.06521739130434773,100,5.15,100,2.52,100,0.99,100,0.045,100,0.4213683261183261,100,0.0,100,0.3511377233877232,100,0.12714285714285697,100,0.99,100,0.99,100,0.99,100,0.99,100
pytest-dev/pytest,causal_rolling_mad,latency_log,metric_shift,latency_log+failure_rate+rerun_rate,3,medium,4,observed,controlled,100,0.34,100,0.9705882352941176,34,0.13937141237857248,100,0.53,100,0.0,100,0.4,100,0.0875,100,0.25586854460093894,71,0.26000000000000006,100,0.1206190476190476,100,0.13626008757816266,100,0.34,100,0.34,100,0.34,100,0.34,100
pytest-dev/pytest,causal_rolling_mad,failure_rate,metric_shift,latency_log+failure_rate+rerun_rate,3,medium,4,observed,controlled,100,0.01,100,3.0,1,0.0,100,0.01,100,0.0,100,0.01,100,0.0,100,0.002976190476190476,84,0.245217391304348,100,1.0,1,0.0,100,0.01,100,0.01,100,0.01,100,0.01,100
pytest-dev/pytest,causal_rolling_mad,rerun_rate,metric_shift,latency_log+failure_rate+rerun_rate,3,medium,4,observed,controlled,100,0.05,100,1.6,5,0.0,87,0.09,100,0.0,100,0.05,100,0.0,100,0.3958333333333333,8,0.9019565217391294,100,1.0,5,0.0,87,0.05,100,0.05,100,0.05,100,0.05,100
pytest-dev/pytest,causal_rolling_mad,union,metric_shift,latency_log+failure_rate+rerun_rate,3,medium,4,observed,controlled,100,0.02,100,0.5,2,0.38783783783783765,74,0.02,100,0.0,100,0.02,100,0.0,100,0.3,5,0.9267391304347822,100,0.03076923076923077,65,0.3986111111111109,72,0.02,100,0.02,100,0.02,100,0.02,100
pytest-dev/pytest,causal_rolling_mad,two_of_three,metric_shift,latency_log+failure_rate+rerun_rate,3,medium,4,observed,controlled,100,0.01,100,1.0,1,0.0,74,0.01,100,0.0,100,0.01,100,0.0,100,0.1,5,0.9267391304347822,100,1.0,1,0.0,72,0.01,100,0.01,100,0.01,100,0.01,100
pytest-dev/pytest,mewma,mewma,metric_shift,latency_log+failure_rate+rerun_rate,3,medium,4,observed,controlled,100,0.98,100,1.7653061224489797,98,0.06523188405797092,100,3.92,100,1.8,100,0.99,100,0.04,100,0.3868333333333333,100,0.00021739130434782607,100,0.3346399711399709,100,0.11047619047619031,100,0.98,100,1.0,100,1.0,100,1.0,100
pytest-dev/pytest,causal_rolling_mad,latency_log,metric_shift,latency_log+failure_rate+rerun_rate,3,low,8,observed,none,100,0.21,100,2.4285714285714284,21,0.13333333333333325,100,0.33,100,0.0,100,0.4,100,0.11071428571428571,100,0.04125,100,0.021739130434782653,100,0.14765873015873016,100,0.10931721194879092,100,0.21,100,0.21,100,0.21,100,0.21,100
pytest-dev/pytest,causal_rolling_mad,failure_rate,metric_shift,latency_log+failure_rate+rerun_rate,3,low,8,observed,none,100,0.02,100,3.5,2,0.0,100,0.02,100,0.0,100,0.02,100,0.0,100,0.0025,100,0.021739130434782653,100,1.0,2,0.0,100,0.02,100,0.02,100,0.02,100,0.02,100
pytest-dev/pytest,causal_rolling_mad,rerun_rate,metric_shift,latency_log+failure_rate+rerun_rate,3,low,8,observed,none,100,0.03,100,4.0,3,0.0,100,0.04,100,0.0,100,0.03,100,0.0,100,0.07142857142857142,14,0.8695652173913027,100,1.0,3,0.0,95,0.03,100,0.03,100,0.03,100,0.03,100
pytest-dev/pytest,causal_rolling_mad,union,metric_shift,latency_log+failure_rate+rerun_rate,3,low,8,observed,none,100,0.08,100,3.25,8,0.3333333333333329,100,0.14,100,0.0,100,0.08,100,0.020666666666666663,100,0.1976190476190476,14,0.8695652173913027,100,0.10810810810810811,74,0.23157894736842094,95,0.08,100,0.08,100,0.08,100,0.08,100
pytest-dev/pytest,causal_rolling_mad,two_of_three,metric_shift,latency_log+failure_rate+rerun_rate,3,low,8,observed,none,100,0.0,100,,0,0.0,100,0.0,100,0.0,100,0.0,100,0.0,100,0.0,14,0.8695652173913027,100,,0,0.0,95,0.0,100,0.0,100,0.0,100,0.0,100
pytest-dev/pytest,mewma,mewma,metric_shift,latency_log+failure_rate+rerun_rate,3,low,8,observed,none,100,0.92,100,3.902173913043478,92,0.06521739130434773,100,4.02,100,0.85,100,0.92,100,0.045,100,0.36137373737373724,100,0.0,100,0.47042568542568547,100,0.09184210526315788,100,0.92,100,0.92,100,0.92,100,0.92,100
pytest-dev/pytest,causal_rolling_mad,latency_log,metric_shift,latency_log+failure_rate+rerun_rate,3,medium,8,observed,none,100,0.83,100,1.0843373493975903,83,0.13333333333333325,100,2.11,100,0.0,100,0.85,100,0.11678571428571428,100,0.2642857142857143,100,0.021739130434782653,100,0.37976190476190474,100,0.10586059743954486,100,0.83,100,0.83,100,0.83,100,0.83,100
pytest-dev/pytest,causal_rolling_mad,failure_rate,metric_shift,latency_log+failure_rate+rerun_rate,3,medium,8,observed,none,100,0.04,100,3.75,4,0.0,100,0.04,100,0.0,100,0.04,100,0.0,100,0.005,100,0.021739130434782653,100,1.0,4,0.0,100,0.04,100,0.04,100,0.04,100,0.04,100
pytest-dev/pytest,causal_rolling_mad,rerun_rate,metric_shift,latency_log+failure_rate+rerun_rate,3,medium,8,observed,none,100,0.02,100,2.5,2,0.0,100,0.02,100,0.0,100,0.02,100,0.0,100,0.037037037037037035,9,0.8695652173913027,100,1.0,2,0.0,98,0.02,100,0.02,100,0.02,100,0.02,100
pytest-dev/pytest,causal_rolling_mad,union,metric_shift,latency_log+failure_rate+rerun_rate,3,medium,8,observed,none,100,0.05,100,3.2,5,0.3333333333333329,100,0.14,100,0.0,100,0.05,100,0.008666666666666666,100,0.3222222222222222,9,0.8695652173913027,100,0.0625,80,0.2551020408163263,98,0.05,100,0.05,100,0.05,100,0.05,100
pytest-dev/pytest,causal_rolling_mad,two_of_three,metric_shift,latency_log+failure_rate+rerun_rate,3,medium,8,observed,none,100,0.02,100,2.5,2,0.0,100,0.03,100,0.0,100,0.02,100,0.0,100,0.05555555555555555,9,0.8695652173913027,100,1.0,2,0.0,98,0.02,100,0.02,100,0.02,100,0.02,100
pytest-dev/pytest,mewma,mewma,metric_shift,latency_log+failure_rate+rerun_rate,3,medium,8,observed,none,100,1.0,100,1.22,100,0.06521739130434773,100,10.21,100,3.83,100,1.0,100,0.06,100,0.5451362942612943,100,0.0,100,0.5326291592394533,100,0.1671052631578947,100,1.0,100,1.0,100,1.0,100,1.0,100
pytest-dev/pytest,causal_rolling_mad,latency_log,metric_shift,latency_log+failure_rate+rerun_rate,3,high,8,observed,none,100,1.0,100,1.14,100,0.13333333333333325,100,3.72,100,0.0,100,1.0,100,0.11053571428571426,100,0.46660714285714294,100,0.021739130434782653,100,0.5069523809523813,100,0.1085633001422476,100,1.0,100,1.0,100,1.0,100,1.0,100
pytest-dev/pytest,causal_rolling_mad,failure_rate,metric_shift,latency_log+failure_rate+rerun_rate,3,high,8,observed,none,100,0.2,100,2.25,20,0.0,100,0.26,100,0.0,100,0.2,100,0.0,100,0.0325,100,0.021739130434782653,100,1.0,20,0.0,100,0.2,100,0.2,100,0.2,100,0.2,100
pytest-dev/pytest,causal_rolling_mad,rerun_rate,metric_shift,latency_log+failure_rate+rerun_rate,3,high,8,observed,none,100,0.18,100,3.2777777777777777,18,0.0,100,0.51,100,0.0,100,0.18,100,0.0,100,0.5601851851851853,18,0.8695652173913027,100,1.0,18,0.0,93,0.18,100,0.18,100,0.18,100,0.18,100
pytest-dev/pytest,causal_rolling_mad,union,metric_shift,latency_log+failure_rate+rerun_rate,3,high,8,observed,none,100,0.18,100,3.111111111111111,18,0.3333333333333329,100,0.57,100,0.0,100,0.18,100,0.029333333333333336,100,0.6379629629629631,18,0.8695652173913027,100,0.23376623376623376,77,0.21146953405017918,93,0.18,100,0.18,100,0.18,100,0.18,100
pytest-dev/pytest,causal_rolling_mad,two_of_three,metric_shift,latency_log+failure_rate+rerun_rate,3,high,8,observed,none,100,0.18,100,3.2777777777777777,18,0.0,100,0.55,100,0.0,100,0.18,100,0.0,100,0.6101851851851854,18,0.8695652173913027,100,1.0,18,0.0,93,0.18,100,0.18,100,0.18,100,0.18,100
pytest-dev/pytest,mewma,mewma,metric_shift,latency_log+failure_rate+rerun_rate,3,high,8,observed,none,100,1.0,100,0.32,100,0.06521739130434773,100,12.79,100,5.38,100,1.0,100,0.04,100,0.580014629977865,100,0.0,100,0.5085842044951947,100,0.21210526315789457,100,1.0,100,1.0,100,1.0,100,1.0,100
pytest-dev/pytest,causal_rolling_mad,latency_log,metric_shift,latency_log+failure_rate+rerun_rate,3,medium,8,low_volume,none,100,0.79,100,1.139240506329114,79,0.13333333333333325,100,2.09,100,0.0,100,0.86,100,0.11017857142857142,100,0.2614285714285714,100,0.021739130434782653,100,0.38034920634920655,100,0.10618776671408257,100,0.79,100,0.79,100,0.79,100,0.79,100
pytest-dev/pytest,causal_rolling_mad,failure_rate,metric_shift,latency_log+failure_rate+rerun_rate,3,medium,8,low_volume,none,100,0.21,100,3.0476190476190474,21,0.0,100,0.28,100,0.0,100,0.21,100,0.0,100,0.035,100,0.022608695652173966,100,1.0,21,0.0,100,0.21,100,0.21,100,0.21,100,0.21,100
pytest-dev/pytest,causal_rolling_mad,rerun_rate,metric_shift,latency_log+failure_rate+rerun_rate,3,medium,8,low_volume,none,100,0.03,100,4.666666666666667,3,0.0,100,0.05,100,0.0,100,0.03,100,0.0,100,0.11904761904761904,14,0.8697826086956505,100,1.0,3,0.0,98,0.03,100,0.03,100,0.03,100,0.03,100
pytest-dev/pytest,causal_rolling_mad,union,metric_shift,latency_log+failure_rate+rerun_rate,3,medium,8,low_volume,none,100,0.11,100,4.090909090909091,11,0.337333333333333,100,0.27,100,0.01,100,0.11,100,0.008666666666666666,100,0.4654761904761905,14,0.8706521739130418,100,0.125,84,0.2520408163265304,98,0.11,100,0.11,100,0.11,100,0.11,100
pytest-dev/pytest,causal_rolling_mad,two_of_three,metric_shift,latency_log+failure_rate+rerun_rate,3,medium,8,low_volume,none,100,0.02,100,3.5,2,0.0,100,0.05,100,0.0,100,0.02,100,0.0,100,0.05952380952380952,14,0.8706521739130418,100,1.0,2,0.0,98,0.02,100,0.02,100,0.02,100,0.02,100
pytest-dev/pytest,mewma,mewma,metric_shift,latency_log+failure_rate+rerun_rate,3,medium,8,low_volume,none,100,1.0,100,1.33,100,0.06521739130434773,100,9.86,100,3.54,100,1.0,100,0.0625,100,0.5553707819957819,100,0.0,100,0.5469372718784484,100,0.15894736842105267,100,1.0,100,1.0,100,1.0,100,1.0,100
pytest-dev/pytest,causal_rolling_mad,latency_log,metric_shift,latency_log+failure_rate+rerun_rate,3,medium,8,observed,controlled,100,0.41,100,0.8780487804878049,41,0.14510361804859678,100,0.85,100,0.0,100,0.5,100,0.09409523809523809,100,0.30319548872180446,76,0.3565217391304349,100,0.17352380952380952,100,0.14538454798235642,100,0.41,100,0.41,100,0.41,100,0.41,100
pytest-dev/pytest,causal_rolling_mad,failure_rate,metric_shift,latency_log+failure_rate+rerun_rate,3,medium,8,observed,controlled,100,0.02,100,3.0,2,0.0,100,0.02,100,0.0,100,0.02,100,0.0,100,0.0091324200913242,73,0.35282608695652196,100,1.0,2,0.0,100,0.02,100,0.02,100,0.02,100,0.02,100
pytest-dev/pytest,causal_rolling_mad,rerun_rate,metric_shift,latency_log+failure_rate+rerun_rate,3,medium,8,observed,controlled,100,0.01,100,5.0,1,0.0,74,0.01,100,0.0,100,0.01,100,0.0,100,0.125,2,0.9160869565217388,100,1.0,1,0.0,73,0.01,100,0.01,100,0.01,100,0.01,100
pytest-dev/pytest,causal_rolling_mad,union,metric_shift,latency_log+failure_rate+rerun_rate,3,medium,8,observed,controlled,100,0.0,100,,0,0.44010416666666646,64,0.0,100,0.0,100,0.0,100,0.0,100,,0,0.9278260869565211,100,0.0,64,0.44010416666666646,64,0.0,100,0.0,100,0.0,100,0.0,100
pytest-dev/pytest,causal_rolling_mad,two_of_three,metric_shift,latency_log+failure_rate+rerun_rate,3,medium,8,observed,controlled,100,0.0,100,,0,0.0,64,0.0,100,0.0,100,0.0,100,0.0,100,,0,0.9278260869565211,100,,0,0.0,64,0.0,100,0.0,100,0.0,100,0.0,100
pytest-dev/pytest,mewma,mewma,metric_shift,latency_log+failure_rate+rerun_rate,3,medium,8,observed,controlled,100,1.0,100,1.8,100,0.06531884057971006,100,8.98,100,3.16,100,1.0,100,0.06107142857142857,100,0.5320548063048061,100,0.0015217391304347828,100,0.538838258963259,100,0.14947368421052626,100,1.0,100,1.0,100,1.0,100,1.0,100
