repo_full,week,attempts_total,outcome_n,failure_count,failure_rate,latency_n,feedback_latency_median_min,feedback_latency_p90_min,queue_latency_median_min,execution_span_median_min,logical_run_n,rerun_count,rerun_rate,additional_attempt_count,failed_then_passed_count,failed_then_passed_rate_among_reruns,merged_pr_count,pr_cycle_hours_median,qualified_review_latency_hours_median,reviewed_pr_n,churn_median,changed_files_median,commits_median,created_pr_count,workflow_count,workflow_concentration_hhi,release_count,split,external_calibration,external_evaluation_eligible,workflow_adjusted_latency_log,latency_log_raw,latency_log,low_outcome_support,low_latency_support,missing_core_metric_count,reporting_partition,mad_w13_t2.5_latency_log,mad_w13_t2.5_latency_log_score,mad_w13_t2.5_failure_rate,mad_w13_t2.5_failure_rate_score,mad_w13_t2.5_rerun_rate,mad_w13_t2.5_rerun_rate_score,mad_w13_t2.5_latency_log_k1,mad_w13_t2.5_latency_log_k2,mad_w13_t2.5_latency_log_k3,mad_w13_t2.5_latency_log_k4,mad_w13_t2.5_failure_rate_k1,mad_w13_t2.5_failure_rate_k2,mad_w13_t2.5_failure_rate_k3,mad_w13_t2.5_failure_rate_k4,mad_w13_t2.5_rerun_rate_k1,mad_w13_t2.5_rerun_rate_k2,mad_w13_t2.5_rerun_rate_k3,mad_w13_t2.5_rerun_rate_k4,mad_w13_t2.5_union_k1,mad_w13_t2.5_union_k2,mad_w13_t2.5_union_k3,mad_w13_t2.5_union_k4,mad_w13_t2.5_two_of_three_k1,mad_w13_t2.5_two_of_three_k2,mad_w13_t2.5_two_of_three_k3,mad_w13_t2.5_two_of_three_k4,mad_w13_t3_latency_log,mad_w13_t3_latency_log_score,mad_w13_t3_failure_rate,mad_w13_t3_failure_rate_score,mad_w13_t3_rerun_rate,mad_w13_t3_rerun_rate_score,mad_w13_t3_latency_log_k1,mad_w13_t3_latency_log_k2,mad_w13_t3_latency_log_k3,mad_w13_t3_latency_log_k4,mad_w13_t3_failure_rate_k1,mad_w13_t3_failure_rate_k2,mad_w13_t3_failure_rate_k3,mad_w13_t3_failure_rate_k4,mad_w13_t3_rerun_rate_k1,mad_w13_t3_rerun_rate_k2,mad_w13_t3_rerun_rate_k3,mad_w13_t3_rerun_rate_k4,mad_w13_t3_union_k1,mad_w13_t3_union_k2,mad_w13_t3_union_k3,mad_w13_t3_union_k4,mad_w13_t3_two_of_three_k1,mad_w13_t3_two_of_three_k2,mad_w13_t3_two_of_three_k3,mad_w13_t3_two_of_three_k4,mad_w13_t3.5_latency_log,mad_w13_t3.5_latency_log_score,mad_w13_t3.5_failure_rate,mad_w13_t3.5_failure_rate_score,mad_w13_t3.5_rerun_rate,mad_w13_t3.5_rerun_rate_score,mad_w13_t3.5_latency_log_k1,mad_w13_t3.5_latency_log_k2,mad_w13_t3.5_latency_log_k3,mad_w13_t3.5_latency_log_k4,mad_w13_t3.5_failure_rate_k1,mad_w13_t3.5_failure_rate_k2,mad_w13_t3.5_failure_rate_k3,mad_w13_t3.5_failure_rate_k4,mad_w13_t3.5_rerun_rate_k1,mad_w13_t3.5_rerun_rate_k2,mad_w13_t3.5_rerun_rate_k3,mad_w13_t3.5_rerun_rate_k4,mad_w13_t3.5_union_k1,mad_w13_t3.5_union_k2,mad_w13_t3.5_union_k3,mad_w13_t3.5_union_k4,mad_w13_t3.5_two_of_three_k1,mad_w13_t3.5_two_of_three_k2,mad_w13_t3.5_two_of_three_k3,mad_w13_t3.5_two_of_three_k4,mad_w26_t2.5_latency_log,mad_w26_t2.5_latency_log_score,mad_w26_t2.5_failure_rate,mad_w26_t2.5_failure_rate_score,mad_w26_t2.5_rerun_rate,mad_w26_t2.5_rerun_rate_score,mad_w26_t2.5_latency_log_k1,mad_w26_t2.5_latency_log_k2,mad_w26_t2.5_latency_log_k3,mad_w26_t2.5_latency_log_k4,mad_w26_t2.5_failure_rate_k1,mad_w26_t2.5_failure_rate_k2,mad_w26_t2.5_failure_rate_k3,mad_w26_t2.5_failure_rate_k4,mad_w26_t2.5_rerun_rate_k1,mad_w26_t2.5_rerun_rate_k2,mad_w26_t2.5_rerun_rate_k3,mad_w26_t2.5_rerun_rate_k4,mad_w26_t2.5_union_k1,mad_w26_t2.5_union_k2,mad_w26_t2.5_union_k3,mad_w26_t2.5_union_k4,mad_w26_t2.5_two_of_three_k1,mad_w26_t2.5_two_of_three_k2,mad_w26_t2.5_two_of_three_k3,mad_w26_t2.5_two_of_three_k4,mad_w26_t3_latency_log,mad_w26_t3_latency_log_score,mad_w26_t3_failure_rate,mad_w26_t3_failure_rate_score,mad_w26_t3_rerun_rate,mad_w26_t3_rerun_rate_score,mad_w26_t3_latency_log_k1,mad_w26_t3_latency_log_k2,mad_w26_t3_latency_log_k3,mad_w26_t3_latency_log_k4,mad_w26_t3_failure_rate_k1,mad_w26_t3_failure_rate_k2,mad_w26_t3_failure_rate_k3,mad_w26_t3_failure_rate_k4,mad_w26_t3_rerun_rate_k1,mad_w26_t3_rerun_rate_k2,mad_w26_t3_rerun_rate_k3,mad_w26_t3_rerun_rate_k4,mad_w26_t3_union_k1,mad_w26_t3_union_k2,mad_w26_t3_union_k3,mad_w26_t3_union_k4,mad_w26_t3_two_of_three_k1,mad_w26_t3_two_of_three_k2,mad_w26_t3_two_of_three_k3,mad_w26_t3_two_of_three_k4,mad_w26_t3.5_latency_log,mad_w26_t3.5_latency_log_score,mad_w26_t3.5_failure_rate,mad_w26_t3.5_failure_rate_score,mad_w26_t3.5_rerun_rate,mad_w26_t3.5_rerun_rate_score,mad_w26_t3.5_latency_log_k1,mad_w26_t3.5_latency_log_k2,mad_w26_t3.5_latency_log_k3,mad_w26_t3.5_latency_log_k4,mad_w26_t3.5_failure_rate_k1,mad_w26_t3.5_failure_rate_k2,mad_w26_t3.5_failure_rate_k3,mad_w26_t3.5_failure_rate_k4,mad_w26_t3.5_rerun_rate_k1,mad_w26_t3.5_rerun_rate_k2,mad_w26_t3.5_rerun_rate_k3,mad_w26_t3.5_rerun_rate_k4,mad_w26_t3.5_union_k1,mad_w26_t3.5_union_k2,mad_w26_t3.5_union_k3,mad_w26_t3.5_union_k4,mad_w26_t3.5_two_of_three_k1,mad_w26_t3.5_two_of_three_k2,mad_w26_t3.5_two_of_three_k3,mad_w26_t3.5_two_of_three_k4,z_latency_log,z_failure_rate,z_rerun_rate,mewma_stat,mewma_limit,mewma_alarm
containerd/containerd,2025-06-23,268,268,74,0.2761194029850746,267,22.4,45.21666666666667,0.05,22.366666666666667,256,10,0.0390625,12,10,1.0,8,281.47875,2.754722222222222,8,50.0,6.5,1.0,19,5.0,0.2284194698151035,,external,True,False,-0.0353742011704557,3.152736022363656,-0.0353742011704557,False,False,0,external_calibration,,,,,,,,,,,,,,,,,,,,,,,,,,,,,,,,,,,,,,,,,,,,,,,,,,,,,,,,,,,,,,,,,,,,,,,,,,,,,,,,,,,,,,,,,,,,,,,,,,,,,,,,,,,,,,,,,,,,,,,,,,,,,,,,,,,,,,,,,,,,,,,,,,,,,,,,,,,,,-0.9419792107282758,0.5466123177847823,-0.06639836489597165,0.011951401038162073,7.150034791553729,False
containerd/containerd,2025-06-30,453,453,147,0.3245033112582781,453,22.5,42.6,0.0333333333333333,22.5,421,18,0.0427553444180522,32,17,0.9444444444444444,16,32.26819444444445,24.94875,16,36.5,2.0,1.0,21,5.0,0.2183871077779239,,external,True,False,-0.00151561429358,3.157000421150113,-0.00151561429358,False,False,0,external_calibration,,,,,,,,,,,,,,,,,,,,,,,,,,,,,,,,,,,,,,,,,,,,,,,,,,,,,,,,,,,,,,,,,,,,,,,,,,,,,,,,,,,,,,,,,,,,,,,,,,,,,,,,,,,,,,,,,,,,,,,,,,,,,,,,,,,,,,,,,,,,,,,,,,,,,,,,,,,,,0.013082217793491738,1.5591638014390912,0.2487115570222077,0.16096335072423792,7.150034791553729,False
containerd/containerd,2025-07-07,582,574,125,0.2177700348432055,574,22.78333333333333,43.88,0.05,22.725,554,23,0.0415162454873646,28,18,0.782608695652174,12,13.698194444444445,1.6006944444444444,12,20.0,2.0,1.0,24,5.0,0.207000389697807,,external,True,False,0.007766482782474,3.168985055254736,0.007766482782474,False,False,0,external_calibration,,,,,,,,,,,,,,,,,,,,,,,,,,,,,,,,,,,,,,,,,,,,,,,,,,,,,,,,,,,,,,,,,,,,,,,,,,,,,,,,,,,,,,,,,,,,,,,,,,,,,,,,,,,,,,,,,,,,,,,,,,,,,,,,,,,,,,,,,,,,,,,,,,,,,,,,,,,,,0.2749056933381353,-0.6744907594765952,0.14297941044458023,0.03763985776516562,7.150034791553729,False
containerd/containerd,2025-07-14,391,388,88,0.2268041237113402,388,19.05833333333333,37.49333333333333,0.0333333333333333,20.708333333333336,362,22,0.0607734806629834,29,16,0.7272727272727273,22,28.31736111111111,7.229722222222222,22,53.0,7.0,1.0,28,5.0,0.2126817590151817,,external,True,False,-0.0343783546629216,2.9986446950010257,-0.0343783546629216,False,False,0,external_calibration,,,,,,,,,,,,,,,,,,,,,,,,,,,,,,,,,,,,,,,,,,,,,,,,,,,,,,,,,,,,,,,,,,,,,,,,,,,,,,,,,,,,,,,,,,,,,,,,,,,,,,,,,,,,,,,,,,,,,,,,,,,,,,,,,,,,,,,,,,,,,,,,,,,,,,,,,,,,,-0.9138890074503743,-0.48543037941711953,1.786196720896538,0.16670253196061213,7.150034791553729,False
containerd/containerd,2025-07-21,229,228,72,0.3157894736842105,228,22.258333333333333,38.010000000000005,0.0333333333333333,22.3,208,13,0.0625,21,9,0.6923076923076923,7,119.84583333333332,2.043055555555556,7,27.0,2.0,1.0,8,5.0,0.2059266604374439,,external,True,False,-0.0166737864857741,3.146663490754276,-0.0166737864857741,False,False,0,external_calibration,,,,,,,,,,,,,,,,,,,,,,,,,,,,,,,,,,,,,,,,,,,,,,,,,,,,,,,,,,,,,,,,,,,,,,,,,,,,,,,,,,,,,,,,,,,,,,,,,,,,,,,,,,,,,,,,,,,,,,,,,,,,,,,,,,,,,,,,,,,,,,,,,,,,,,,,,,,,,-0.4144898377178721,1.3768054620894905,1.933520385770696,0.6049990914084254,7.150034791553729,False
containerd/containerd,2025-07-28,534,532,156,0.2932330827067669,532,22.316666666666663,36.98333333333334,0.05,22.266666666666666,518,14,0.027027027027027,16,13,0.9285714285714286,15,48.54083333333333,3.9966666666666666,15,10.0,2.0,1.0,16,5.0,0.2017842864958128,,external,True,False,-0.0433083984331579,3.1491684124433803,-0.0433083984331579,False,False,0,external_calibration,,,,,,,,,,,,,,,,,,,,,,,,,,,,,,,,,,,,,,,,,,,,,,,,,,,,,,,,,,,,,,,,,,,,,,,,,,,,,,,,,,,,,,,,,,,,,,,,,,,,,,,,,,,,,,,,,,,,,,,,,,,,,,,,,,,,,,,,,,,,,,,,,,,,,,,,,,,,,-1.1657819878331037,0.9047578750873795,-1.0933836692923706,0.3104863153322645,7.150034791553729,False
containerd/containerd,2025-08-04,267,264,48,0.1818181818181818,264,22.308333333333334,39.21,0.0333333333333333,22.35833333333333,251,10,0.0398406374501992,16,9,0.9,9,21.55666666666667,10.023333333333332,9,6.0,1.0,1.0,20,5.0,0.2077880177867553,,external,True,False,-0.0019794016421998,3.148810950419913,-0.0019794016421998,False,False,0,external_calibration,,,,,,,,,,,,,,,,,,,,,,,,,,,,,,,,,,,,,,,,,,,,,,,,,,,,,,,,,,,,,,,,,,,,,,,,,,,,,,,,,,,,,,,,,,,,,,,,,,,,,,,,,,,,,,,,,,,,,,,,,,,,,,,,,,,,,,,,,,,,,,,,,,,,,,,,,,,,,0.0,-1.426871115256382,0.0,0.08217440832025506,7.150034791553729,False
containerd/containerd,2025-08-11,280,280,45,0.1607142857142857,280,22.48333333333333,38.41333333333333,0.0333333333333333,22.433333333333334,266,14,0.0526315789473684,14,13,0.9285714285714286,13,63.31861111111111,11.755,13,20.0,2.0,1.0,16,7.0,0.1974489795918367,,external,True,False,-0.0037839543064915,3.1562909496765794,-0.0037839543064915,False,False,0,external_calibration,,,,,,,,,,,,,,,,,,,,,,,,,,,,,,,,,,,,,,,,,,,,,,,,,,,,,,,,,,,,,,,,,,,,,,,,,,,,,,,,,,,,,,,,,,,,,,,,,,,,,,,,,,,,,,,,,,,,,,,,,,,,,,,,,,,,,,,,,,,,,,,,,,,,,,,,,,,,,-0.050901670872101824,-1.8685216985500237,1.0914493328584127,0.19561113633262892,7.150034791553729,False
containerd/containerd,2025-08-18,527,525,205,0.3904761904761905,525,19.133333333333333,37.02666666666667,0.05,20.116666666666667,501,16,0.0319361277445109,26,14,0.875,19,79.57305555555556,13.20111111111111,19,26.0,2.0,1.0,14,5.0,0.2077168750832646,,external,True,False,-0.0258912708637801,3.00237681627266,-0.0258912708637801,False,False,0,external_calibration,,,,,,,,,,,,,,,,,,,,,,,,,,,,,,,,,,,,,,,,,,,,,,,,,,,,,,,,,,,,,,,,,,,,,,,,,,,,,,,,,,,,,,,,,,,,,,,,,,,,,,,,,,,,,,,,,,,,,,,,,,,,,,,,,,,,,,,,,,,,,,,,,,,,,,,,,,,,,-0.6744907594765952,2.9398074723853704,-0.6744907594765952,0.15574538868506826,7.150034791553729,False
containerd/containerd,2025-08-25,1218,1210,279,0.2305785123966942,1210,23.08333333333333,36.85,0.0333333333333333,23.05,1190,24,0.0201680672268907,28,17,0.7083333333333334,17,23.073055555555555,9.13888888888889,17,6.0,2.0,1.0,24,8.0,0.1988751108846233,,external,True,False,0.0149373075824621,3.181520038324432,0.0149373075824621,False,False,0,external_calibration,,,,,,,,,,,,,,,,,,,,,,,,,,,,,,,,,,,,,,,,,,,,,,,,,,,,,,,,,,,,,,,,,,,,,,,,,,,,,,,,,,,,,,,,,,,,,,,,,,,,,,,,,,,,,,,,,,,,,,,,,,,,,,,,,,,,,,,,,,,,,,,,,,,,,,,,,,,,,0.47717574678308006,-0.4064420752548486,-1.6786577947051275,0.0329043753283331,7.150034791553729,False
containerd/containerd,2025-09-01,772,763,196,0.2568807339449541,763,23.2,37.79666666666667,0.0333333333333333,23.216666666666665,746,18,0.0241286863270777,26,15,0.8333333333333334,12,39.153194444444445,0.955,12,5.0,1.0,1.0,15,6.0,0.2034920400547665,,external,True,False,0.0231611408927089,3.186352633162641,0.0231611408927089,False,False,0,external_calibration,,,,,,,,,,,,,,,,,,,,,,,,,,,,,,,,,,,,,,,,,,,,,,,,,,,,,,,,,,,,,,,,,,,,,,,,,,,,,,,,,,,,,,,,,,,,,,,,,,,,,,,,,,,,,,,,,,,,,,,,,,,,,,,,,,,,,,,,,,,,,,,,,,,,,,,,,,,,,0.7091483928291386,0.14399616759467984,-1.3406986948560595,0.03024668432836041,7.150034791553729,False
containerd/containerd,2025-09-08,446,432,108,0.25,431,23.33333333333333,40.66666666666666,0.0333333333333333,23.25,419,15,0.035799522673031,27,14,0.9333333333333332,6,42.1875,1.8877777777777776,6,14.0,5.5,1.0,17,7.0,0.1922922238532848,,external,True,False,0.0371734063063494,3.1918471524802814,0.0371734063063494,False,False,0,external_calibration,,,,,,,,,,,,,,,,,,,,,,,,,,,,,,,,,,,,,,,,,,,,,,,,,,,,,,,,,,,,,,,,,,,,,,,,,,,,,,,,,,,,,,,,,,,,,,,,,,,,,,,,,,,,,,,,,,,,,,,,,,,,,,,,,,,,,,,,,,,,,,,,,,,,,,,,,,,,,1.1043974406243822,0.0,-0.3448277852354066,0.061174352667630674,7.150034791553729,False
containerd/containerd,2025-09-15,366,365,89,0.2438356164383561,365,23.183333333333334,39.546666666666674,0.0333333333333333,23.166666666666668,346,15,0.0433526011560693,20,13,0.8666666666666667,12,61.17055555555555,16.380416666666665,12,6.0,2.0,1.0,11,5.0,0.2072172952312699,,external,True,False,0.0317005444091022,3.185663690662087,0.0317005444091022,False,False,0,external_calibration,,,,,,,,,,,,,,,,,,,,,,,,,,,,,,,,,,,,,,,,,,,,,,,,,,,,,,,,,,,,,,,,,,,,,,,,,,,,,,,,,,,,,,,,,,,,,,,,,,,,,,,,,,,,,,,,,,,,,,,,,,,,,,,,,,,,,,,,,,,,,,,,,,,,,,,,,,,,,0.950022442025221,-0.12900478576290694,0.29967539485996403,0.1323420366511313,7.150034791553729,False
containerd/containerd,2025-09-22,379,377,93,0.246684350132626,377,22.7,39.31,0.0333333333333333,22.73333333333333,359,15,0.0417827298050139,20,15,1.0,12,22.223750000000003,2.6063888888888886,12,22.5,2.5,1.0,17,6.0,0.2111444504006516,,external,False,True,0.0214045214083283,3.1654750481410856,0.0214045214083283,False,False,0,external_evaluation,False,0.6595987905311316,False,-0.06938807368620786,False,0.16571848174593268,False,,,,False,,,,False,,,,False,,,,False,,,,False,0.6595987905311316,False,-0.06938807368620786,False,0.16571848174593268,False,,,,False,,,,False,,,,False,,,,False,,,,False,0.6595987905311316,False,-0.06938807368620786,False,0.16571848174593268,False,,,,False,,,,False,,,,False,,,,False,,,,,,,,,,,,,,,,,,,,,,,,,,,,,,,,,,,,,,,,,,,,,,,,,,,,,,,,,,,,,,,,,,,,,,,,,,,,,,,,,,0.6595987905311316,-0.06938807368620786,0.16571848174593268,0.17503005397274274,7.150034791553729,False
containerd/containerd,2025-09-29,177,177,55,0.3107344632768362,177,22.7,41.37,0.0333333333333333,22.73333333333333,162,11,0.0679012345679012,15,9,0.8181818181818182,10,47.19555555555556,13.178888888888888,10,9.5,1.0,1.0,10,4.0,0.2827731494781194,,external,False,True,0.0158307084154559,3.1654750481410856,0.0158307084154559,False,False,0,external_evaluation,False,0.5104653188056655,False,1.4941114471075565,False,1.857642233780276,False,False,,,False,False,,,False,False,,,False,False,,,False,False,,,False,0.5104653188056655,False,1.4941114471075565,False,1.857642233780276,False,False,,,False,False,,,False,False,,,False,False,,,False,False,,,False,0.5104653188056655,False,1.4941114471075565,False,1.857642233780276,False,False,,,False,False,,,False,False,,,False,False,,,False,False,,,,,,,,,,,,,,,,,,,,,,,,,,,,,,,,,,,,,,,,,,,,,,,,,,,,,,,,,,,,,,,,,,,,,,,,,,,,,,,,,0.5023762277985574,1.271017019804649,2.394407011438732,0.3953045656971641,7.150034791553729,False
containerd/containerd,2025-10-06,278,274,79,0.2883211678832116,274,19.866666666666667,41.38166666666667,0.0333333333333333,21.525,256,21,0.08203125,22,20,0.9523809523809524,15,24.821944444444444,15.181944444444444,15,20.0,2.0,1.0,18,6.0,0.2601055845970705,,external,False,True,0.0315876296200942,3.038152989437944,0.0315876296200942,False,False,0,external_evaluation,False,1.0436830299873923,False,0.971271446191107,False,2.458495398474154,False,False,False,,False,False,False,,False,False,False,,False,False,False,,False,False,False,,False,1.0436830299873923,False,0.971271446191107,False,2.458495398474154,False,False,False,,False,False,False,,False,False,False,,False,False,False,,False,False,False,,False,1.0436830299873923,False,0.971271446191107,False,2.458495398474154,False,False,False,,False,False,False,,False,False,False,,False,False,False,,False,False,False,,,,,,,,,,,,,,,,,,,,,,,,,,,,,,,,,,,,,,,,,,,,,,,,,,,,,,,,,,,,,,,,,,,,,,,,,,,,,,,,0.9468374136575761,0.8019640574798625,3.6001193446595856,1.4390270245892984,7.150034791553729,False
containerd/containerd,2025-10-13,289,288,88,0.3055555555555556,288,22.8,41.665,0.0333333333333333,22.825,263,20,0.0760456273764258,26,14,0.7,7,49.48027777777778,25.15277777777778,7,20.0,2.0,1.0,15,5.0,0.2621975311598281,,external,False,True,0.0312953089415824,3.169685580677429,0.0312953089415824,False,False,0,external_evaluation,False,0.6522143647268812,False,0.9778331645322091,False,1.566174661588248,False,False,False,False,False,False,False,False,False,False,False,False,False,False,False,False,False,False,False,False,False,0.6522143647268812,False,0.9778331645322091,False,1.566174661588248,False,False,False,False,False,False,False,False,False,False,False,False,False,False,False,False,False,False,False,False,False,0.6522143647268812,False,0.9778331645322091,False,1.566174661588248,False,False,False,False,False,False,False,False,False,False,False,False,False,False,False,False,False,False,False,False,,,,,,,,,,,,,,,,,,,,,,,,,,,,,,,,,,,,,,,,,,,,,,,,,,,,,,,,,,,,,,,,,,,,,,,,,,,,,,,0.9385918183578916,1.1626357235422373,3.0893669641027572,2.6865714174580466,7.150034791553729,False
containerd/containerd,2025-10-20,393,393,124,0.3155216284987277,393,22.633333333333333,41.25666666666667,0.05,22.53333333333333,368,21,0.0570652173913043,25,18,0.8571428571428571,20,25.00138888888889,7.320555555555556,20,24.0,3.0,1.0,23,4.0,0.2636404249946584,,external,False,True,0.035509614147516,3.162658144869972,0.035509614147516,False,False,0,external_evaluation,False,0.8363816789410842,False,1.0880381282408587,False,0.6985703638695103,False,False,False,False,False,False,False,False,False,False,False,False,False,False,False,False,False,False,False,False,False,0.8363816789410842,False,1.0880381282408587,False,0.6985703638695103,False,False,False,False,False,False,False,False,False,False,False,False,False,False,False,False,False,False,False,False,False,0.8363816789410842,False,1.0880381282408587,False,0.6985703638695103,False,False,False,False,False,False,False,False,False,False,False,False,False,False,False,False,False,False,False,False,,,,,,,,,,,,,,,,,,,,,,,,,,,,,,,,,,,,,,,,,,,,,,,,,,,,,,,,,,,,,,,,,,,,,,,,,,,,,,,1.0574662523335916,1.371200147231111,1.4697711102537836,3.0417966245559005,7.150034791553729,False
containerd/containerd,2025-10-27,408,388,105,0.2706185567010309,387,22.03333333333333,41.87333333333335,0.0333333333333333,22.45,361,35,0.0969529085872576,47,28,0.8,28,11.953055555555554,2.8231944444444443,28,21.0,2.0,1.0,29,5.0,0.2603445790080738,,external,False,True,0.0341592907609966,3.1369424421055148,0.0341592907609966,False,False,0,external_evaluation,False,0.8355628252756817,False,0.2548950706050343,True,2.5218572335849014,False,False,False,False,False,False,False,False,True,False,False,False,True,False,False,False,False,False,False,False,False,0.8355628252756817,False,0.2548950706050343,False,2.5218572335849014,False,False,False,False,False,False,False,False,False,False,False,False,False,False,False,False,False,False,False,False,False,0.8355628252756817,False,0.2548950706050343,False,2.5218572335849014,False,False,False,False,False,False,False,False,False,False,False,False,False,False,False,False,False,False,False,False,,,,,,,,,,,,,,,,,,,,,,,,,,,,,,,,,,,,,,,,,,,,,,,,,,,,,,,,,,,,,,,,,,,,,,,,,,,,,,,1.019377191287268,0.4314936705929947,4.873382482780237,5.498409472933851,7.150034791553729,False
containerd/containerd,2025-11-03,490,480,123,0.25625,480,22.441666666666663,40.568333333333335,0.0333333333333333,22.491666666666667,462,23,0.0497835497835497,28,20,0.8695652173913043,27,10.771944444444443,0.6952777777777778,27,20.0,2.0,1.0,34,6.0,0.2361516034985422,,external,False,True,0.0360816717328208,3.1545150657078107,0.0360816717328208,False,False,0,external_evaluation,False,1.0205371654422786,False,-0.013531117871821078,False,0.3163229648882452,False,False,False,False,False,False,False,False,False,False,False,False,False,False,False,False,False,False,False,False,False,1.0205371654422786,False,-0.013531117871821078,False,0.3163229648882452,False,False,False,False,False,False,False,False,False,False,False,False,False,False,False,False,False,False,False,False,False,1.0205371654422786,False,-0.013531117871821078,False,0.3163229648882452,False,False,False,False,False,False,False,False,False,False,False,False,False,False,False,False,False,False,False,False,,,,,,,,,,,,,,,,,,,,,,,,,,,,,,,,,,,,,,,,,,,,,,,,,,,,,,,,,,,,,,,,,,,,,,,,,,,,,,,1.0736024879244235,0.13079651889850116,0.8484273839659745,4.460110699952567,7.150034791553729,False
containerd/containerd,2025-11-10,258,252,55,0.2182539682539682,252,22.34166666666667,39.281666666666666,0.0333333333333333,22.325000000000003,255,3,0.0117647058823529,3,1,0.3333333333333333,3,62.35111111111111,0.205,3,2.0,1.0,1.0,12,5.0,0.230575085631873,,external,False,True,0.0219067098382252,3.1502400324780626,0.0219067098382252,False,False,0,external_evaluation,False,-1.0773083442954663,False,-0.9905397716780013,False,-1.436810248631371,False,False,False,False,False,False,False,False,False,False,False,False,False,False,False,False,False,False,False,False,False,-1.0773083442954663,False,-0.9905397716780013,False,-1.436810248631371,False,False,False,False,False,False,False,False,False,False,False,False,False,False,False,False,False,False,False,False,False,-1.0773083442954663,False,-0.9905397716780013,False,-1.436810248631371,False,False,False,False,False,False,False,False,False,False,False,False,False,False,False,False,False,False,False,False,,,,,,,,,,,,,,,,,,,,,,,,,,,,,,,,,,,,,,,,,,,,,,,,,,,,,,,,,,,,,,,,,,,,,,,,,,,,,,,0.6737642015386418,-0.664363270595565,-2.395715498025388,1.753296316510339,7.150034791553729,False
containerd/containerd,2025-11-17,472,463,110,0.2375809935205183,463,22.2,38.61666666666667,0.0333333333333333,22.183333333333334,454,16,0.0352422907488986,18,15,0.9375,19,26.273333333333333,7.843055555555556,19,99.0,3.0,1.0,28,7.0,0.2470105573111174,,external,False,True,0.0211818306796077,3.1441522786722644,0.0211818306796077,False,False,0,external_evaluation,False,-1.1604856487673623,False,-0.4949200413620592,False,-0.2845585550490316,False,False,False,False,False,False,False,False,False,False,False,False,False,False,False,False,False,False,False,False,False,-1.1604856487673623,False,-0.4949200413620592,False,-0.2845585550490316,False,False,False,False,False,False,False,False,False,False,False,False,False,False,False,False,False,False,False,False,False,-1.1604856487673623,False,-0.4949200413620592,False,-0.2845585550490316,False,False,False,False,False,False,False,False,False,False,False,False,False,False,False,False,False,False,False,False,,,,,,,,,,,,,,,,,,,,,,,,,,,,,,,,,,,,,,,,,,,,,,,,,,,,,,,,,,,,,,,,,,,,,,,,,,,,,,,0.6533172724552633,-0.2598980505110625,-0.39237631103988463,1.1621425836366506,7.150034791553729,False
containerd/containerd,2025-11-24,544,541,178,0.3290203327171904,541,22.366666666666667,38.36666666666667,0.0333333333333333,22.35,517,20,0.0386847195357833,27,13,0.65,12,23.974027777777778,1.3630555555555557,12,20.0,1.5,1.0,30,7.0,0.2669496107266436,,external,False,True,0.0122594030499866,3.151310505372434,0.0122594030499866,False,False,0,external_evaluation,False,-2.184302474999304,True,2.6291124295086243,False,-0.16377741200066992,False,False,False,False,True,False,False,False,False,False,False,False,True,False,False,False,False,False,False,False,False,-2.184302474999304,False,2.6291124295086243,False,-0.16377741200066992,False,False,False,False,False,False,False,False,False,False,False,False,False,False,False,False,False,False,False,False,False,-2.184302474999304,False,2.6291124295086243,False,-0.16377741200066992,False,False,False,False,False,False,False,False,False,False,False,False,False,False,False,False,False,False,False,False,,,,,,,,,,,,,,,,,,,,,,,,,,,,,,,,,,,,,,,,,,,,,,,,,,,,,,,,,,,,,,,,,,,,,,,,,,,,,,,0.4016391233105364,1.6536935106575807,-0.09863432154759993,1.039306647016478,7.150034791553729,False
containerd/containerd,2025-12-01,479,477,176,0.3689727463312369,477,9.633333333333333,37.18666666666667,0.0333333333333333,9.783333333333331,448,25,0.0558035714285714,31,14,0.56,20,32.32111111111111,3.5663888888888886,20,22.5,2.0,1.0,32,5.0,0.2527490727463705,,external,False,True,0.0306646956532155,2.3639937211226894,0.0306646956532155,False,False,0,external_evaluation,False,-0.07236063124032394,True,3.917411576684152,False,0.6124334154223142,False,False,False,False,True,True,False,False,False,False,False,False,True,True,False,False,False,False,False,False,False,-0.07236063124032394,True,3.917411576684152,False,0.6124334154223142,False,False,False,False,True,False,False,False,False,False,False,False,True,False,False,False,False,False,False,False,False,-0.07236063124032394,True,3.917411576684152,False,0.6124334154223142,False,False,False,False,True,False,False,False,False,False,False,False,True,False,False,False,False,False,False,False,,,,,,,,,,,,,,,,,,,,,,,,,,,,,,,,,,,,,,,,,,,,,,,,,,,,,,,,,,,,,,,,,,,,,,,,,,,,,,,0.9208038808334276,2.4897953702272426,1.3621150284373595,1.8603178953162423,7.150034791553729,False
containerd/containerd,2025-12-08,506,496,98,0.1975806451612903,496,21.083333333333336,37.30833333333334,0.0333333333333333,21.141666666666666,471,30,0.0636942675159235,35,24,0.8,33,18.31055555555556,7.069166666666667,33,25.0,5.0,1.0,39,7.0,0.2567998250246059,,external,False,True,0.0021114542477908,3.094823176198222,0.0021114542477908,False,False,0,external_evaluation,False,-4.112567553989594,False,-1.491132870661669,False,0.670954832540032,False,False,False,False,False,False,False,False,False,False,False,False,False,False,False,False,False,False,False,False,False,-4.112567553989594,False,-1.491132870661669,False,0.670954832540032,False,False,False,False,False,False,False,False,False,False,False,False,False,False,False,False,False,False,False,False,False,-4.112567553989594,False,-1.491132870661669,False,0.670954832540032,False,False,False,False,False,False,False,False,False,False,False,False,False,False,False,False,False,False,False,False,,,,,,,,,,,,,,,,,,,,,,,,,,,,,,,,,,,,,,,,,,,,,,,,,,,,,,,,,,,,,,,,,,,,,,,,,,,,,,,0.11539225438966781,-1.0970030617293687,2.0354270737027496,1.5921560798014374,7.150034791553729,False
containerd/containerd,2025-12-15,529,525,104,0.1980952380952381,522,21.308333333333334,37.85833333333333,0.0333333333333333,21.316666666666663,503,24,0.0477137176938369,26,21,0.875,22,8.454444444444444,2.380138888888889,22,29.0,2.0,1.0,29,5.0,0.2552342222905149,,external,False,True,0.0003670991716073,3.1049603007383064,0.0003670991716073,False,False,0,external_evaluation,False,-3.7724827580712406,False,-1.4001290852104533,False,-0.389172899608801,False,False,False,False,False,False,False,False,False,False,False,False,False,False,False,False,False,False,False,False,False,-3.7724827580712406,False,-1.4001290852104533,False,-0.389172899608801,False,False,False,False,False,False,False,False,False,False,False,False,False,False,False,False,False,False,False,False,False,-3.7724827580712406,False,-1.4001290852104533,False,-0.389172899608801,False,False,False,False,False,False,False,False,False,False,False,False,False,False,False,False,False,False,False,False,,,,,,,,,,,,,,,,,,,,,,,,,,,,,,,,,,,,,,,,,,,,,,,,,,,,,,,,,,,,,,,,,,,,,,,,,,,,,,,0.06618859869762209,-1.0862339474237468,0.671808887669518,1.1388357793359,7.150034791553729,False
containerd/containerd,2025-12-22,170,169,28,0.165680473372781,169,21.33333333333333,36.23,0.0333333333333333,21.383333333333333,157,10,0.0636942675159235,13,10,1.0,6,70.05583333333333,4.805277777777778,6,69.0,2.5,1.0,11,4.0,0.2611072664359861,,external,False,True,-0.0118751771669675,3.106080330722856,-0.0118751771669675,False,False,0,external_evaluation,False,-2.3618581976125927,False,-1.7643816023038168,False,0.37959216284241276,False,False,False,False,False,False,False,False,False,False,False,False,False,False,False,False,False,False,False,False,False,-2.3618581976125927,False,-1.7643816023038168,False,0.37959216284241276,False,False,False,False,False,False,False,False,False,False,False,False,False,False,False,False,False,False,False,False,False,-2.3618581976125927,False,-1.7643816023038168,False,0.37959216284241276,False,False,False,False,False,False,False,False,False,False,False,False,False,False,False,False,False,False,False,False,False,-1.1307490257332018,False,-1.5900303445629274,False,1.166583925096996,False,,,,False,,,,False,,,,False,,,,False,,,,False,-1.1307490257332018,False,-1.5900303445629274,False,1.166583925096996,False,,,,False,,,,False,,,,False,,,,False,,,,False,-1.1307490257332018,False,-1.5900303445629274,False,1.166583925096996,False,,,,False,,,,False,,,,False,,,,False,,,,-0.27913372591075725,-1.764592089281562,2.0354270737027496,1.434216978178469,7.150034791553729,False
containerd/containerd,2025-12-29,222,222,40,0.1801801801801801,222,4.841666666666667,36.125,0.0333333333333333,4.775,219,3,0.0136986301369863,3,3,1.0,7,191.0186111111111,7.653611111111111,7,34.0,2.0,1.0,5,4.0,0.2515217920623326,,external,False,True,-0.012880539328453,1.765016144252544,-0.012880539328453,False,False,0,external_evaluation,False,-2.4237033917457422,False,-1.3584783139158816,False,-2.6993647108871777,False,False,False,False,False,False,False,False,False,False,False,False,False,False,False,False,False,False,False,False,False,-2.4237033917457422,False,-1.3584783139158816,False,-2.6993647108871777,False,False,False,False,False,False,False,False,False,False,False,False,False,False,False,False,False,False,False,False,False,-2.4237033917457422,False,-1.3584783139158816,False,-2.6993647108871777,False,False,False,False,False,False,False,False,False,False,False,False,False,False,False,False,False,False,False,False,False,-1.1724528506160437,False,-1.0633527323080558,False,-1.7089433910122238,False,False,,,False,False,,,False,False,,,False,False,,,False,False,,,False,-1.1724528506160437,False,-1.0633527323080558,False,-1.7089433910122238,False,False,,,False,False,,,False,False,,,False,False,,,False,False,,,False,-1.1724528506160437,False,-1.0633527323080558,False,-1.7089433910122238,False,False,,,False,False,,,False,False,,,False,False,,,False,False,,,-0.3074923406876146,-1.4611503012084888,-2.2306939991790777,0.26857489728501466,7.150034791553729,False
containerd/containerd,2026-01-05,660,657,121,0.1841704718417047,657,21.1,37.81333333333333,0.0333333333333333,21.066666666666663,643,15,0.0233281493001555,17,13,0.8666666666666667,19,25.419722222222223,11.976111111111113,19,55.0,3.0,1.0,24,4.0,0.2520936639118457,,external,False,True,0.0019912672333767,3.095577608523707,0.0019912672333767,False,False,0,external_evaluation,False,-1.0963226517355218,False,-0.8359930313156747,False,-1.2795467986346811,False,False,False,False,False,False,False,False,False,False,False,False,False,False,False,False,False,False,False,False,False,-1.0963226517355218,False,-0.8359930313156747,False,-1.2795467986346811,False,False,False,False,False,False,False,False,False,False,False,False,False,False,False,False,False,False,False,False,False,-1.0963226517355218,False,-0.8359930313156747,False,-1.2795467986346811,False,False,False,False,False,False,False,False,False,False,False,False,False,False,False,False,False,False,False,False,False,-0.5555495690864979,False,-0.9099054329348905,False,-1.0387273884397534,False,False,False,,False,False,False,,False,False,False,,False,False,False,,False,False,False,,False,-0.5555495690864979,False,-0.9099054329348905,False,-1.0387273884397534,False,False,False,,False,False,False,,False,False,False,,False,False,False,,False,False,False,,False,-0.5555495690864979,False,-0.9099054329348905,False,-1.0387273884397534,False,False,False,,False,False,False,,False,False,False,,False,False,False,,False,False,False,,0.11200209572493952,-1.3776436998137465,-1.4090084126478315,0.04748032437006943,7.150034791553729,False
containerd/containerd,2026-01-12,320,320,59,0.184375,320,18.016666666666666,38.50833333333333,0.0333333333333333,21.075000000000003,308,6,0.0194805194805194,12,6,1.0,13,98.96944444444443,8.9875,13,20.0,2.0,1.0,17,5.0,0.25,,external,False,True,0.0172907470890164,2.945315787639975,0.0172907470890164,False,False,0,external_evaluation,False,-0.18317557157973924,False,-0.6719078909988723,False,-1.4693069269866748,False,False,False,False,False,False,False,False,False,False,False,False,False,False,False,False,False,False,False,False,False,-0.18317557157973924,False,-0.6719078909988723,False,-1.4693069269866748,False,False,False,False,False,False,False,False,False,False,False,False,False,False,False,False,False,False,False,False,False,-0.18317557157973924,False,-0.6719078909988723,False,-1.4693069269866748,False,False,False,False,False,False,False,False,False,False,False,False,False,False,False,False,False,False,False,False,False,0.07909419725079798,False,-0.8542901367857425,False,-1.091202323537645,False,False,False,False,False,False,False,False,False,False,False,False,False,False,False,False,False,False,False,False,False,0.07909419725079798,False,-0.8542901367857425,False,-1.091202323537645,False,False,False,False,False,False,False,False,False,False,False,False,False,False,False,False,False,False,False,False,False,0.07909419725079798,False,-0.8542901367857425,False,-1.091202323537645,False,False,False,False,False,False,False,False,False,False,False,False,False,False,False,False,False,False,False,False,0.5435600677012222,-1.373363448434267,-1.7373261522495145,0.07063159101590066,7.150034791553729,False
containerd/containerd,2026-01-19,330,324,61,0.1882716049382716,324,7.625,38.26166666666666,0.0333333333333333,9.258333333333333,323,6,0.0185758513931888,7,4,0.6666666666666666,15,19.409444444444443,3.553333333333333,15,24.0,2.0,1.0,14,5.0,0.2110927456382001,,external,False,True,0.0201758479997014,2.1546649629174235,0.0201758479997014,False,False,0,external_evaluation,False,0.12719216096076721,False,-0.5322352381132387,False,-1.2298213634357598,False,False,False,False,False,False,False,False,False,False,False,False,False,False,False,False,False,False,False,False,False,0.12719216096076721,False,-0.5322352381132387,False,-1.2298213634357598,False,False,False,False,False,False,False,False,False,False,False,False,False,False,False,False,False,False,False,False,False,0.12719216096076721,False,-0.5322352381132387,False,-1.2298213634357598,False,False,False,False,False,False,False,False,False,False,False,False,False,False,False,False,False,False,False,False,False,0.16165929345703348,False,-0.7504899854958647,False,-0.9524684528337051,False,False,False,False,False,False,False,False,False,False,False,False,False,False,False,False,False,False,False,False,False,0.16165929345703348,False,-0.7504899854958647,False,-0.9524684528337051,False,False,False,False,False,False,False,False,False,False,False,False,False,False,False,False,False,False,False,False,False,0.16165929345703348,False,-0.7504899854958647,False,-0.9524684528337051,False,False,False,False,False,False,False,False,False,False,False,False,False,False,False,False,False,False,False,False,0.6249411544904688,-1.2918174706024852,-1.814521359544756,0.11397448071722542,7.150034791553729,False
containerd/containerd,2026-01-26,413,404,74,0.1831683168316831,404,18.925,39.04166666666667,0.0333333333333333,19.791666666666668,403,10,0.0248138957816377,10,8,0.8,5,24.13361111111111,1.566111111111111,5,10.0,1.0,1.0,22,5.0,0.2394514829775633,,external,False,True,0.0386479750700981,2.991975224676279,0.0386479750700981,False,False,0,external_evaluation,False,0.9490068524240609,False,-0.4994397157175294,False,-0.487171682318277,False,False,False,False,False,False,False,False,False,False,False,False,False,False,False,False,False,False,False,False,False,0.9490068524240609,False,-0.4994397157175294,False,-0.487171682318277,False,False,False,False,False,False,False,False,False,False,False,False,False,False,False,False,False,False,False,False,False,0.9490068524240609,False,-0.4994397157175294,False,-0.487171682318277,False,False,False,False,False,False,False,False,False,False,False,False,False,False,False,False,False,False,False,False,False,0.9461594330599548,False,-0.798011921211096,False,-0.6552214046544035,False,False,False,False,False,False,False,False,False,False,False,False,False,False,False,False,False,False,False,False,False,0.9461594330599548,False,-0.798011921211096,False,-0.6552214046544035,False,False,False,False,False,False,False,False,False,False,False,False,False,False,False,False,False,False,False,False,False,0.9461594330599548,False,-0.798011921211096,False,-0.6552214046544035,False,False,False,False,False,False,False,False,False,False,False,False,False,False,False,False,False,False,False,False,1.1459911360458894,-1.3986162416869494,-1.282229863440225,0.24927960086219517,7.150034791553729,False
containerd/containerd,2026-02-02,492,487,98,0.2012320328542094,487,15.05,39.586666666666666,0.0333333333333333,20.766666666666666,475,13,0.0273684210526315,17,8,0.6153846153846154,15,39.15277777777778,13.379444444444443,15,20.0,2.0,1.0,25,5.0,0.2445221098552449,,external,False,True,0.0195832508847309,2.775708849576025,0.0195832508847309,False,False,0,external_evaluation,False,0.10186723732444977,False,0.14153801411710035,False,-0.33694514791680924,False,False,False,False,False,False,False,False,False,False,False,False,False,False,False,False,False,False,False,False,False,0.10186723732444977,False,0.14153801411710035,False,-0.33694514791680924,False,False,False,False,False,False,False,False,False,False,False,False,False,False,False,False,False,False,False,False,False,0.10186723732444977,False,0.14153801411710035,False,-0.33694514791680924,False,False,False,False,False,False,False,False,False,False,False,False,False,False,False,False,False,False,False,False,False,-0.06031830621219125,False,-0.4895905035952914,False,-0.5505957118772931,False,False,False,False,False,False,False,False,False,False,False,False,False,False,False,False,False,False,False,False,False,-0.06031830621219125,False,-0.4895905035952914,False,-0.5505957118772931,False,False,False,False,False,False,False,False,False,False,False,False,False,False,False,False,False,False,False,False,False,-0.06031830621219125,False,-0.4895905035952914,False,-0.5505957118772931,False,False,False,False,False,False,False,False,False,False,False,False,False,False,False,False,False,False,False,False,0.6082255529439631,-1.0205888538281451,-1.0642525625970314,0.271512251945526,7.150034791553729,False
containerd/containerd,2026-02-09,368,364,85,0.2335164835164835,364,21.141666666666666,39.04,0.0333333333333333,21.125,349,14,0.0401146131805157,19,9,0.6428571428571429,10,24.34055555555556,16.549166666666665,10,20.0,6.5,1.0,20,4.0,0.2535591918714556,,external,False,True,0.0211624588370664,3.0974612029777675,0.0211624588370664,False,False,0,external_evaluation,False,0.19526273672139596,False,1.681781760052576,False,0.759717395363076,False,False,False,False,False,False,False,False,False,False,False,False,False,False,False,False,False,False,False,False,False,0.19526273672139596,False,1.681781760052576,False,0.759717395363076,False,False,False,False,False,False,False,False,False,False,False,False,False,False,False,False,False,False,False,False,False,0.19526273672139596,False,1.681781760052576,False,0.759717395363076,False,False,False,False,False,False,False,False,False,False,False,False,False,False,False,False,False,False,False,False,False,0.029748245710162304,False,-0.09696828207510048,False,-0.0048784493495590275,False,False,False,False,False,False,False,False,False,False,False,False,False,False,False,False,False,False,False,False,False,0.029748245710162304,False,-0.09696828207510048,False,-0.0048784493495590275,False,False,False,False,False,False,False,False,False,False,False,False,False,False,False,False,False,False,False,False,False,0.029748245710162304,False,-0.09696828207510048,False,-0.0048784493495590275,False,False,False,False,False,False,False,False,False,False,False,False,False,False,False,False,False,False,False,False,0.6527708438734129,-0.34495785204000484,0.02337831254560245,0.29965647005053075,7.150034791553729,False
containerd/containerd,2026-02-16,501,493,87,0.1764705882352941,493,18.916666666666668,39.53,0.0333333333333333,20.65,476,22,0.0462184873949579,25,18,0.8181818181818182,29,30.26,10.583055555555555,29,11.0,2.0,1.0,28,5.0,0.2526643320146134,,external,False,True,0.0052397793558632,2.99155690214351,0.0052397793558632,False,False,0,external_evaluation,False,-0.607768628669704,False,-0.9879415735595722,False,0.5936243899475949,False,False,False,False,False,False,False,False,False,False,False,False,False,False,False,False,False,False,False,False,False,-0.607768628669704,False,-0.9879415735595722,False,0.5936243899475949,False,False,False,False,False,False,False,False,False,False,False,False,False,False,False,False,False,False,False,False,False,-0.607768628669704,False,-0.9879415735595722,False,0.5936243899475949,False,False,False,False,False,False,False,False,False,False,False,False,False,False,False,False,False,False,False,False,False,-1.0464401253487514,False,-0.9549811937182564,False,0.2832438489430795,False,False,False,False,False,False,False,False,False,False,False,False,False,False,False,False,False,False,False,False,False,-1.0464401253487514,False,-0.9549811937182564,False,0.2832438489430795,False,False,False,False,False,False,False,False,False,False,False,False,False,False,False,False,False,False,False,False,False,-1.0464401253487514,False,-0.9549811937182564,False,0.2832438489430795,False,False,False,False,False,False,False,False,False,False,False,False,False,False,False,False,False,False,False,False,0.20363405424566444,-1.5387825752764903,0.5442210855876819,0.22910956190947063,7.150034791553729,False
containerd/containerd,2026-02-23,355,346,87,0.2514450867052023,346,19.4,40.54166666666666,0.0333333333333333,21.15833333333333,336,17,0.050595238095238,19,11,0.6470588235294118,10,91.83319444444444,25.592916666666667,10,46.0,2.0,1.0,22,6.0,0.2480698274151953,,external,False,True,0.0216810820737039,3.0155349008501706,0.0216810820737039,False,False,0,external_evaluation,False,0.6262187131725317,True,4.3374919456902585,False,0.5231333940887785,False,False,False,False,True,False,False,False,False,False,False,False,True,False,False,False,False,False,False,False,False,0.6262187131725317,True,4.3374919456902585,False,0.5231333940887785,False,False,False,False,True,False,False,False,False,False,False,False,True,False,False,False,False,False,False,False,False,0.6262187131725317,True,4.3374919456902585,False,0.5231333940887785,False,False,False,False,True,False,False,False,False,False,False,False,True,False,False,False,False,False,False,False,False,0.03342707844275601,False,0.25155519778770286,False,0.39487587595402424,False,False,False,False,False,False,False,False,False,False,False,False,False,False,False,False,False,False,False,False,False,0.03342707844275601,False,0.25155519778770286,False,0.39487587595402424,False,False,False,False,False,False,False,False,False,False,False,False,False,False,False,False,False,False,False,False,False,0.03342707844275601,False,0.25155519778770286,False,0.39487587595402424,False,False,False,False,False,False,False,False,False,False,False,False,False,False,False,False,False,False,False,False,0.6673998374297234,0.030241969687515104,0.9176886394003169,0.26667215387819965,7.150034791553729,False
containerd/containerd,2026-03-02,543,542,133,0.2453874538745387,542,21.15833333333333,40.81166666666668,0.0333333333333333,21.34166666666667,516,24,0.0465116279069767,27,20,0.8333333333333334,13,42.61,2.0294444444444446,13,6.0,2.0,1.0,31,7.0,0.246176856628308,,external,False,True,0.029714938955069,3.0982136484609737,0.029714938955069,False,False,0,external_evaluation,False,0.6265915086625421,True,3.921574809606326,False,0.27501681456564275,False,False,False,False,True,True,False,False,False,False,False,False,True,True,False,False,False,False,False,False,False,0.6265915086625421,True,3.921574809606326,False,0.27501681456564275,False,False,False,False,True,True,False,False,False,False,False,False,True,True,False,False,False,False,False,False,False,0.6265915086625421,True,3.921574809606326,False,0.27501681456564275,False,False,False,False,True,True,False,False,False,False,False,False,True,True,False,False,False,False,False,False,False,0.5597395669847781,False,0.0695619244256046,False,0.16145207246391352,False,False,False,False,False,False,False,False,False,False,False,False,False,False,False,False,False,False,False,False,False,0.5597395669847781,False,0.0695619244256046,False,0.16145207246391352,False,False,False,False,False,False,False,False,False,False,False,False,False,False,False,False,False,False,False,False,False,0.5597395669847781,False,0.0695619244256046,False,0.16145207246391352,False,False,False,False,False,False,False,False,False,False,False,False,False,False,False,False,False,False,False,False,0.8940137495093285,-0.09652879623505757,0.5692347264011827,0.3504633905023959,7.150034791553729,False
containerd/containerd,2026-03-09,428,427,93,0.2177985948477751,427,20.98333333333333,40.60666666666667,0.0333333333333333,21.183333333333334,408,19,0.0465686274509803,20,17,0.8947368421052632,26,44.407222222222224,23.77375,26,27.5,2.0,1.0,30,5.0,0.2518014673770635,,external,False,True,0.0338050952861672,3.090284590495214,0.0338050952861672,False,False,0,external_evaluation,False,0.8965392178297215,False,2.0273234485548195,False,0.28450777002636957,False,False,False,False,False,False,False,False,False,False,False,False,False,False,False,False,False,False,False,False,False,0.8965392178297215,False,2.0273234485548195,False,0.28450777002636957,False,False,False,False,False,False,False,False,False,False,False,False,False,False,False,False,False,False,False,False,False,0.8965392178297215,False,2.0273234485548195,False,0.28450777002636957,False,False,False,False,False,False,False,False,False,False,False,False,False,False,False,False,False,False,False,False,False,0.8315855400709112,False,-0.3405840593060722,False,0.08099682615692033,False,False,False,False,False,False,False,False,False,False,False,False,False,False,False,False,False,False,False,False,False,0.8315855400709112,False,-0.3405840593060722,False,0.08099682615692033,False,False,False,False,False,False,False,False,False,False,False,False,False,False,False,False,False,False,False,False,False,0.8315855400709112,False,-0.3405840593060722,False,0.08099682615692033,False,False,False,False,False,False,False,False,False,False,False,False,False,False,False,False,False,False,False,False,1.009386271187837,-0.6738930716082066,0.5740984898926921,0.47115112298919926,7.150034791553729,False
containerd/containerd,2026-03-16,881,872,229,0.2626146788990826,872,14.35,41.69833333333334,0.0333333333333333,19.275,832,41,0.0492788461538461,49,33,0.8048780487804879,26,16.06986111111111,5.8975,26,8.0,1.5,1.0,54,6.0,0.2401731084143624,,external,False,True,0.0460717900900355,2.731115474033206,0.0460717900900355,False,False,0,external_evaluation,False,1.2562558288295649,True,4.249101385052726,False,0.48494408339254497,False,False,False,False,True,False,False,False,False,False,False,False,True,False,False,False,False,False,False,False,False,1.2562558288295649,True,4.249101385052726,False,0.48494408339254497,False,False,False,False,True,False,False,False,False,False,False,False,True,False,False,False,False,False,False,False,False,1.2562558288295649,True,4.249101385052726,False,0.48494408339254497,False,False,False,False,True,False,False,False,False,False,False,False,True,False,False,False,False,False,False,False,False,1.6468726136123866,False,0.42831082370498896,False,0.13815021967392074,False,False,False,False,False,False,False,False,False,False,False,False,False,False,False,False,False,False,False,False,False,1.6468726136123866,False,0.42831082370498896,False,0.13815021967392074,False,False,False,False,False,False,False,False,False,False,False,False,False,False,False,False,False,False,False,False,False,1.6468726136123866,False,0.42831082370498896,False,0.13815021967392074,False,False,False,False,False,False,False,False,False,False,False,False,False,False,False,False,False,False,False,False,1.355397376294656,0.26399297392358145,0.8053610905228273,0.7254359551854285,7.150034791553729,False
containerd/containerd,2026-03-23,493,486,102,0.2098765432098765,486,21.03333333333333,41.325,0.0333333333333333,21.10833333333333,463,26,0.0561555075593952,30,23,0.8846153846153846,26,19.00777777777777,5.135416666666667,26,56.0,2.0,1.0,39,5.0,0.2425889429703475,,external,False,True,0.0406471753280761,3.092556458189531,0.0406471753280761,False,False,0,external_evaluation,False,1.013094914707495,False,1.124371148682502,False,0.8488366504867872,False,False,False,False,False,False,False,False,False,False,False,False,False,False,False,False,False,False,False,False,False,1.013094914707495,False,1.124371148682502,False,0.8488366504867872,False,False,False,False,False,False,False,False,False,False,False,False,False,False,False,False,False,False,False,False,False,1.013094914707495,False,1.124371148682502,False,0.8488366504867872,False,False,False,False,False,False,False,False,False,False,False,False,False,False,False,False,False,False,False,False,False,1.286333905746834,False,-0.4062552035635552,False,0.4558899320988298,False,False,False,False,False,False,False,False,False,False,False,False,False,False,False,False,False,False,False,False,False,1.286333905746834,False,-0.4062552035635552,False,0.4558899320988298,False,False,False,False,False,False,False,False,False,False,False,False,False,False,False,False,False,False,False,False,False,1.286333905746834,False,-0.4062552035635552,False,0.4558899320988298,False,False,False,False,False,False,False,False,False,False,False,False,False,False,False,False,False,False,False,False,1.2023833021226604,-0.8396813558916163,1.3921456915657477,1.0271817985527953,7.150034791553729,False
containerd/containerd,2026-03-30,515,505,117,0.2316831683168317,505,19.716666666666665,41.193333333333335,0.0333333333333333,20.216666666666665,493,21,0.0425963488843813,22,18,0.8571428571428571,27,150.95472222222222,12.14638888888889,27,26.0,3.0,1.0,24,5.0,0.2384202092562918,,external,False,True,0.0364016828750674,3.03093852928861,0.0364016828750674,False,False,0,external_evaluation,False,0.813019961193011,False,1.1370312431559315,False,0.13132610766619232,False,False,False,False,False,False,False,False,False,False,False,False,False,False,False,False,False,False,False,False,False,0.813019961193011,False,1.1370312431559315,False,0.13132610766619232,False,False,False,False,False,False,False,False,False,False,False,False,False,False,False,False,False,False,False,False,False,0.813019961193011,False,1.1370312431559315,False,0.13132610766619232,False,False,False,False,False,False,False,False,False,False,False,False,False,False,False,False,False,False,False,False,False,0.8963483025870028,False,0.09884905121940837,False,-0.215481799814874,False,False,False,False,False,False,False,False,False,False,False,False,False,False,False,False,False,False,False,False,False,0.8963483025870028,False,0.09884905121940837,False,-0.215481799814874,False,False,False,False,False,False,False,False,False,False,False,False,False,False,False,False,False,False,False,False,False,0.8963483025870028,False,0.09884905121940837,False,-0.215481799814874,False,False,False,False,False,False,False,False,False,False,False,False,False,False,False,False,False,False,False,False,1.0826291581681735,-0.3833244514253115,0.23514448932895224,1.0512257642676888,7.150034791553729,False
containerd/containerd,2026-04-06,707,690,160,0.2318840579710145,690,6.808333333333334,41.15,0.0333333333333333,16.608333333333334,659,38,0.0576631259484066,48,30,0.7894736842105263,38,16.054583333333333,2.494583333333333,38,42.0,4.0,1.0,44,5.0,0.2361373134686675,,external,False,True,0.0081549342739536,2.055191539456376,0.0081549342739536,False,False,0,external_evaluation,False,-0.7524951962991663,False,0.5820771403231575,False,1.270476642054973,False,False,False,False,False,False,False,False,False,False,False,False,False,False,False,False,False,False,False,False,False,-0.7524951962991663,False,0.5820771403231575,False,1.270476642054973,False,False,False,False,False,False,False,False,False,False,False,False,False,False,False,False,False,False,False,False,False,-0.7524951962991663,False,0.5820771403231575,False,1.270476642054973,False,False,False,False,False,False,False,False,False,False,False,False,False,False,False,False,False,False,False,False,False,-0.7547693966053043,False,0.12548402000868317,False,0.6875667662122859,False,False,False,False,False,False,False,False,False,False,False,False,False,False,False,False,False,False,False,False,False,-0.7547693966053043,False,0.12548402000868317,False,0.6875667662122859,False,False,False,False,False,False,False,False,False,False,False,False,False,False,False,False,False,False,False,False,False,-0.7547693966053043,False,0.12548402000868317,False,0.6875667662122859,False,False,False,False,False,False,False,False,False,False,False,False,False,False,False,False,False,False,False,False,0.28586288531171106,-0.37912034463333805,1.520790567727189,1.0654054897140997,7.150034791553729,False
containerd/containerd,2026-04-13,424,412,93,0.2257281553398058,412,19.566666666666663,41.64333333333334,0.0333333333333333,20.066666666666663,391,28,0.0716112531969309,33,23,0.8214285714285714,27,24.066944444444445,0.7466666666666667,27,35.0,2.0,1.0,35,6.0,0.2530704877180491,,external,False,True,0.0207963191599314,3.0236716422432326,0.0207963191599314,False,False,0,external_evaluation,False,-0.049221689156002904,False,0.193861416066426,True,2.805953282991962,False,False,False,False,False,False,False,False,True,False,False,False,True,False,False,False,False,False,False,False,False,-0.049221689156002904,False,0.193861416066426,False,2.805953282991962,False,False,False,False,False,False,False,False,False,False,False,False,False,False,False,False,False,False,False,False,False,-0.049221689156002904,False,0.193861416066426,False,2.805953282991962,False,False,False,False,False,False,False,False,False,False,False,False,False,False,False,False,False,False,False,False,False,-0.03294787809063793,False,0.015073449402550908,False,1.56228508548095,False,False,False,False,False,False,False,False,False,False,False,False,False,False,False,False,False,False,False,False,False,-0.03294787809063793,False,0.015073449402550908,False,1.56228508548095,False,False,False,False,False,False,False,False,False,False,False,False,False,False,False,False,False,False,False,False,False,-0.03294787809063793,False,0.015073449402550908,False,1.56228508548095,False,False,False,False,False,False,False,False,False,False,False,False,False,False,False,False,False,False,False,False,0.642443009331627,-0.5079476462077738,2.710982406490215,1.722852570895057,7.150034791553729,False
containerd/containerd,2026-04-20,576,576,129,0.2239583333333333,576,19.83333333333333,41.75,0.0333333333333333,19.875,543,27,0.0497237569060773,33,26,0.9629629629629628,28,47.19986111111111,18.403194444444445,28,133.0,2.0,1.0,29,5.0,0.2485472125771605,,external,False,True,0.029515597622494,3.036554268074246,0.029515597622494,False,False,0,external_evaluation,False,0.4358547165885994,False,-0.06072081296161372,False,0.3386816227229087,False,False,False,False,False,False,False,False,False,False,False,False,False,False,False,False,False,False,False,False,False,0.4358547165885994,False,-0.06072081296161372,False,0.3386816227229087,False,False,False,False,False,False,False,False,False,False,False,False,False,False,False,False,False,False,False,False,False,0.4358547165885994,False,-0.06072081296161372,False,0.3386816227229087,False,False,False,False,False,False,False,False,False,False,False,False,False,False,False,False,False,False,False,False,False,0.4328183903959636,False,0.042008337536619485,False,0.19838504879392863,False,False,False,False,False,False,False,False,False,False,False,False,False,False,False,False,False,False,False,False,False,0.4328183903959636,False,0.042008337536619485,False,0.19838504879392863,False,False,False,False,False,False,False,False,False,False,False,False,False,False,False,False,False,False,False,False,False,0.4328183903959636,False,0.042008337536619485,False,0.19838504879392863,False,False,False,False,False,False,False,False,False,False,False,False,False,False,False,False,False,False,False,False,0.8883908563110735,-0.5449854954104245,0.8433252657019372,1.668252903344821,7.150034791553729,False
containerd/containerd,2026-04-27,901,898,231,0.2572383073496659,896,14.325,41.56666666666667,0.0333333333333333,20.016666666666666,865,25,0.0289017341040462,36,24,0.96,22,10.013055555555557,2.585833333333333,22,48.0,3.0,1.0,39,6.0,0.241213055909022,,external,False,True,0.0274870161823325,2.729485481822275,0.0274870161823325,False,False,0,external_evaluation,False,-0.15692347045795838,False,1.3407662379162875,False,-2.9593515151903467,False,False,False,False,False,False,False,False,False,False,False,False,False,False,False,False,False,False,False,False,False,-0.15692347045795838,False,1.3407662379162875,False,-2.9593515151903467,False,False,False,False,False,False,False,False,False,False,False,False,False,False,False,False,False,False,False,False,False,-0.15692347045795838,False,1.3407662379162875,False,-2.9593515151903467,False,False,False,False,False,False,False,False,False,False,False,False,False,False,False,False,False,False,False,False,False,0.33249854602997675,False,0.892372723611381,False,-1.1473349933482833,False,False,False,False,False,False,False,False,False,False,False,False,False,False,False,False,False,False,False,False,False,0.33249854602997675,False,0.892372723611381,False,-1.1473349933482833,False,False,False,False,False,False,False,False,False,False,False,False,False,False,False,False,False,False,False,False,False,0.33249854602997675,False,0.892372723611381,False,-1.1473349933482833,False,False,False,False,False,False,False,False,False,False,False,False,False,False,False,False,False,False,False,False,0.8311699245823314,0.15147926464859843,-0.9334151643179409,1.0362162555242167,7.150034791553729,False
containerd/containerd,2026-05-04,273,272,84,0.3088235294117647,272,20.425,41.85333333333333,0.05,20.383333333333333,248,15,0.0604838709677419,25,13,0.8666666666666667,2,113.82472222222222,2.252361111111111,2,478.0,3.0,2.0,18,6.0,0.2485609628466771,,external,False,True,0.0386783411573639,3.064558464483844,0.0386783411573639,False,False,0,external_evaluation,False,1.1282001347072497,True,3.747357515675669,False,2.3309189780509683,False,False,False,False,True,False,False,False,False,False,False,False,True,False,False,False,False,False,False,False,False,1.1282001347072497,True,3.747357515675669,False,2.3309189780509683,False,False,False,False,True,False,False,False,False,False,False,False,True,False,False,False,False,False,False,False,False,1.1282001347072497,True,3.747357515675669,False,2.3309189780509683,False,False,False,False,True,False,False,False,False,False,False,False,True,False,False,False,False,False,False,False,False,1.0673446426490567,False,2.1663970138108426,False,0.9107168163780383,False,False,False,False,False,False,False,False,False,False,False,False,False,False,False,False,False,False,False,False,False,1.0673446426490567,False,2.1663970138108426,False,0.9107168163780383,False,False,False,False,False,False,False,False,False,False,False,False,False,False,False,False,False,False,False,False,False,1.0673446426490567,False,2.1663970138108426,False,0.9107168163780383,False,False,False,False,False,False,False,False,False,False,False,False,False,False,False,False,False,False,False,False,1.1468476832723922,1.2310260602211922,1.761484364207969,1.4882771639280268,7.150034791553729,False
containerd/containerd,2026-05-11,398,384,96,0.25,378,20.316666666666663,41.766666666666666,0.0333333333333333,20.316666666666663,365,29,0.0794520547945205,33,17,0.5862068965517241,24,26.400694444444444,0.9902777777777778,24,41.0,1.5,1.0,31,4.0,0.2594505189262897,,external,False,True,0.0271465572819959,3.059489239356742,0.0271465572819959,False,False,0,external_evaluation,False,-0.19129286122730899,False,0.867492633423207,True,3.0455007448920686,False,False,False,False,False,False,False,False,True,False,False,False,True,True,False,False,False,False,False,False,False,-0.19129286122730899,False,0.867492633423207,True,3.0455007448920686,False,False,False,False,False,False,False,False,True,False,False,False,True,True,False,False,False,False,False,False,False,-0.19129286122730899,False,0.867492633423207,False,3.0455007448920686,False,False,False,False,False,False,False,False,False,False,False,False,False,False,False,False,False,False,False,False,False,0.3642571495688911,False,0.7136048708278381,False,1.9907263608667753,False,False,False,False,False,False,False,False,False,False,False,False,False,False,False,False,False,False,False,False,False,0.3642571495688911,False,0.7136048708278381,False,1.9907263608667753,False,False,False,False,False,False,False,False,False,False,False,False,False,False,False,False,False,False,False,False,False,0.3642571495688911,False,0.7136048708278381,False,1.9907263608667753,False,False,False,False,False,False,False,False,False,False,False,False,False,False,False,False,False,False,False,False,0.8215664770169963,0.0,3.38003696159535,2.5906830650265067,7.150034791553729,False
containerd/containerd,2026-05-18,583,580,152,0.2620689655172414,580,18.78333333333333,41.57000000000001,0.0333333333333333,19.058333333333334,547,26,0.0475319926873857,36,20,0.7692307692307693,22,2.8916666666666666,0.1895833333333333,22,36.0,2.0,1.0,42,5.0,0.237521661483602,,external,False,True,0.0198655894577598,2.984839832387568,0.0198655894577598,False,False,0,external_evaluation,False,-0.8307905313931111,False,1.123841155100314,False,-0.22984795153654008,False,False,False,False,False,False,False,False,False,False,False,False,False,False,False,False,False,False,False,False,False,-0.8307905313931111,False,1.123841155100314,False,-0.22984795153654008,False,False,False,False,False,False,False,False,False,False,False,False,False,False,False,False,False,False,False,False,False,-0.8307905313931111,False,1.123841155100314,False,-0.22984795153654008,False,False,False,False,False,False,False,False,False,False,False,False,False,False,False,False,False,False,False,False,False,-0.0796600682757894,False,0.929758322742051,False,0.05967697250042785,False,False,False,False,False,False,False,False,False,False,False,False,False,False,False,False,False,False,False,False,False,-0.0796600682757894,False,0.929758322742051,False,0.05967697250042785,False,False,False,False,False,False,False,False,False,False,False,False,False,False,False,False,False,False,False,False,False,-0.0796600682757894,False,0.929758322742051,False,0.05967697250042785,False,False,False,False,False,False,False,False,False,False,False,False,False,False,False,False,False,False,False,False,0.6161895793773268,0.25257258821779677,0.6563023170938688,2.146075472872727,7.150034791553729,False
containerd/containerd,2026-05-25,497,495,111,0.2242424242424242,495,19.766666666666666,41.52,0.0333333333333333,19.883333333333333,468,24,0.0512820512820512,29,22,0.9166666666666666,16,18.66388888888889,0.81,16,8.0,1.0,1.0,27,5.0,0.2539543093571489,,external,False,True,0.002977666425096,3.0333491371252976,0.002977666425096,False,False,0,external_evaluation,False,-2.2847091510380477,False,-0.8549661086595209,False,0.16341665182504278,False,False,False,False,False,False,False,False,False,False,False,False,False,False,False,False,False,False,False,False,False,-2.2847091510380477,False,-0.8549661086595209,False,0.16341665182504278,False,False,False,False,False,False,False,False,False,False,False,False,False,False,False,False,False,False,False,False,False,-2.2847091510380477,False,-0.8549661086595209,False,0.16341665182504278,False,False,False,False,False,False,False,False,False,False,False,False,False,False,False,False,False,False,False,False,False,-1.0788204571202458,False,-0.013585768759402261,False,0.28950891665386347,False,False,False,False,False,False,False,False,False,False,False,False,False,False,False,False,False,False,False,False,False,-1.0788204571202458,False,-0.013585768759402261,False,0.28950891665386347,False,False,False,False,False,False,False,False,False,False,False,False,False,False,False,False,False,False,False,False,False,-1.0788204571202458,False,-0.013585768759402261,False,0.28950891665386347,False,False,False,False,False,False,False,False,False,False,False,False,False,False,False,False,False,False,False,False,0.1398258151424665,-0.5390401990968564,0.9762943170755315,1.8295589665198477,7.150034791553729,False
containerd/containerd,2026-06-01,447,446,116,0.2600896860986547,445,6.983333333333333,40.48666666666667,0.0333333333333333,6.933333333333334,426,19,0.0446009389671361,21,16,0.8421052631578947,11,95.21,2.1394444444444445,11,35.0,2.0,1.0,33,8.0,0.2239688902902272,,external,False,True,0.0017203919382759,2.0773560351888145,0.0017203919382759,False,False,0,external_evaluation,False,-2.150133118497343,False,1.3506432391234853,False,-0.5372243963646691,False,False,False,False,False,False,False,False,False,False,False,False,False,False,False,False,False,False,False,False,False,-2.150133118497343,False,1.3506432391234853,False,-0.5372243963646691,False,False,False,False,False,False,False,False,False,False,False,False,False,False,False,False,False,False,False,False,False,-2.150133118497343,False,1.3506432391234853,False,-0.5372243963646691,False,False,False,False,False,False,False,False,False,False,False,False,False,False,False,False,False,False,False,False,False,-1.0128603518490187,False,0.901316509567542,False,-0.21948667474206457,False,False,False,False,False,False,False,False,False,False,False,False,False,False,False,False,False,False,False,False,False,-1.0128603518490187,False,0.901316509567542,False,-0.21948667474206457,False,False,False,False,False,False,False,False,False,False,False,False,False,False,False,False,False,False,False,False,False,-1.0128603518490187,False,0.901316509567542,False,-0.21948667474206457,False,False,False,False,False,False,False,False,False,False,False,False,False,False,False,False,False,False,False,False,0.10436141812575385,0.21115133095722183,0.40619589386876087,1.3527768093528858,7.150034791553729,False
containerd/containerd,2026-06-08,538,536,131,0.2444029850746268,536,19.6,40.141666666666666,0.0333333333333333,19.95833333333333,501,30,0.059880239520958,37,28,0.9333333333333332,22,24.020694444444445,1.2190277777777778,22,18.5,1.0,1.0,42,6.0,0.2479788836527963,,external,False,True,-0.0058136853469713,3.025291075795536,-0.0058136853469713,False,False,0,external_evaluation,False,-2.5195575156958334,False,0.4661033158771071,False,1.0650993861193654,False,False,False,False,False,False,False,False,False,False,False,False,False,False,False,False,False,False,False,False,False,-2.5195575156958334,False,0.4661033158771071,False,1.0650993861193654,False,False,False,False,False,False,False,False,False,False,False,False,False,False,False,False,False,False,False,False,False,-2.5195575156958334,False,0.4661033158771071,False,1.0650993861193654,False,False,False,False,False,False,False,False,False,False,False,False,False,False,False,False,False,False,False,False,False,-1.2419922930850085,False,0.5084586395475488,False,0.8777424680493024,False,False,False,False,False,False,False,False,False,False,False,False,False,False,False,False,False,False,False,False,False,-1.2419922930850085,False,0.5084586395475488,False,0.8777424680493024,False,False,False,False,False,False,False,False,False,False,False,False,False,False,False,False,False,False,False,False,False,-1.2419922930850085,False,0.5084586395475488,False,0.8777424680493024,False,False,False,False,False,False,False,False,False,False,False,False,False,False,False,False,False,False,False,False,-0.10815502979357397,-0.11713121095388357,1.7099765733209216,1.5208382089931334,7.150034791553729,False
containerd/containerd,2026-06-15,466,448,114,0.2544642857142857,448,14.008333333333333,40.04166666666666,0.0333333333333333,18.491666666666667,426,33,0.0774647887323943,40,24,0.7272727272727273,21,14.473888888888888,0.2558333333333333,21,24.0,2.0,1.0,37,9.0,0.2404999171102801,,external,False,True,-0.0358810514080318,2.7086056023939102,-0.0358810514080318,False,False,0,external_evaluation,False,-3.686466908570451,False,0.3841425236380203,True,2.6432745979488352,False,False,False,False,False,False,False,False,True,False,False,False,True,False,False,False,False,False,False,False,False,-3.686466908570451,False,0.3841425236380203,False,2.6432745979488352,False,False,False,False,False,False,False,False,False,False,False,False,False,False,False,False,False,False,False,False,False,-3.686466908570451,False,0.3841425236380203,False,2.6432745979488352,False,False,False,False,False,False,False,False,False,False,False,False,False,False,False,False,False,False,False,False,False,-2.6619073130670525,False,0.7453933185149934,False,2.080765889370232,False,False,False,False,False,False,False,False,False,False,False,False,False,False,False,False,False,False,False,False,False,-2.6619073130670525,False,0.7453933185149934,False,2.080765889370232,False,False,False,False,False,False,False,False,False,False,False,False,False,False,False,False,False,False,False,False,False,-2.6619073130670525,False,0.7453933185149934,False,2.080765889370232,False,False,False,False,False,False,False,False,False,False,False,False,False,False,False,False,False,False,False,False,-0.9562761190341755,0.09342608492750085,3.2104638134264034,2.4792482926991672,7.150034791553729,False
containerd/containerd,2026-06-22,667,667,150,0.224887556221889,667,19.716666666666665,40.60666666666667,0.0333333333333333,19.816666666666663,631,32,0.0507131537242472,36,30,0.9375,37,68.30111111111111,7.5569444444444445,37,12.0,1.0,1.0,40,8.0,0.2382908995277473,,external,False,True,-0.0404474712313826,3.03093852928861,-0.0404474712313826,False,False,0,external_evaluation,False,-2.6470623465313308,False,-0.8391169314843426,False,-0.42567531060034447,False,False,False,False,False,False,False,False,False,False,False,False,False,False,False,False,False,False,False,False,False,-2.6470623465313308,False,-0.8391169314843426,False,-0.42567531060034447,False,False,False,False,False,False,False,False,False,False,False,False,False,False,False,False,False,False,False,False,False,-2.6470623465313308,False,-0.8391169314843426,False,-0.42567531060034447,False,False,False,False,False,False,False,False,False,False,False,False,False,False,False,False,False,False,False,False,False,-2.8775540072787122,False,-0.09675626380164296,False,0.21077345369455835,False,False,False,False,False,False,False,False,False,False,False,False,False,False,False,False,False,False,False,False,False,-2.8775540072787122,False,-0.09675626380164296,False,0.21077345369455835,False,False,False,False,False,False,False,False,False,False,False,False,False,False,False,False,False,False,False,False,False,-2.8775540072787122,False,-0.09675626380164296,False,0.21077345369455835,False,False,False,False,False,False,False,False,False,False,False,False,False,False,False,False,False,False,False,False,-1.0850827776102927,-0.525539236353801,0.9277503643049423,2.071778590581134,7.150034791553729,False
containerd/containerd,2026-06-29,458,450,96,0.2133333333333333,450,16.575,54.65166666666666,0.0333333333333333,20.10833333333333,436,19,0.0435779816513761,22,17,0.8947368421052632,26,7.521666666666666,1.67625,26,39.5,2.0,1.0,33,8.0,0.238544268797315,,external,False,True,0.0927919586399029,2.8664774376967284,0.0927919586399029,False,False,0,external_evaluation,True,2.974593871370561,False,-1.3359209796603513,False,-0.6043510134776128,True,False,False,False,False,False,False,False,False,False,False,False,True,False,False,False,False,False,False,False,False,2.974593871370561,False,-1.3359209796603513,False,-0.6043510134776128,False,False,False,False,False,False,False,False,False,False,False,False,False,False,False,False,False,False,False,False,False,2.974593871370561,False,-1.3359209796603513,False,-0.6043510134776128,False,False,False,False,False,False,False,False,False,False,False,False,False,False,False,False,False,False,False,False,True,3.4146056499350284,False,-0.4275839455812791,False,-0.23755470571990575,True,False,False,False,False,False,False,False,False,False,False,False,True,False,False,False,False,False,False,False,True,3.4146056499350284,False,-0.4275839455812791,False,-0.23755470571990575,True,False,False,False,False,False,False,False,False,False,False,False,True,False,False,False,False,False,False,False,False,3.4146056499350284,False,-0.4275839455812791,False,-0.23755470571990575,False,False,False,False,False,False,False,False,False,False,False,False,False,False,False,False,False,False,False,False,2.67325009939482,-0.7673395775378772,0.31890708248017136,1.6865690798365345,7.150034791553729,False
containerd/containerd,2026-07-06,565,554,123,0.2220216606498194,554,18.933333333333334,42.77833333333333,0.0333333333333333,19.48333333333333,517,38,0.0735009671179884,48,30,0.7894736842105263,27,12.221111111111112,3.913055555555556,27,29.0,8.0,1.0,52,6.0,0.2500023494400501,,external,False,True,0.0443535266752631,2.9923933722884763,0.0443535266752631,False,False,0,external_evaluation,False,0.9780295267750111,False,-0.8545235606038157,False,1.9452645335987948,False,False,False,False,False,False,False,False,False,False,False,False,False,False,False,False,False,False,False,False,False,0.9780295267750111,False,-0.8545235606038157,False,1.9452645335987948,False,False,False,False,False,False,False,False,False,False,False,False,False,False,False,False,False,False,False,False,False,0.9780295267750111,False,-0.8545235606038157,False,1.9452645335987948,False,False,False,False,False,False,False,False,False,False,False,False,False,False,False,False,False,False,False,False,False,1.1162305141637014,False,-0.20476546718281988,False,2.2244051160880383,False,False,False,False,False,False,False,False,False,False,False,False,False,False,False,False,False,False,False,False,False,1.1162305141637014,False,-0.20476546718281988,False,2.2244051160880383,False,False,False,False,False,False,False,False,False,False,False,False,False,False,False,False,False,False,False,False,False,1.1162305141637014,False,-0.20476546718281988,False,2.2244051160880383,False,False,False,False,False,False,False,False,False,False,False,False,False,False,False,False,False,False,False,False,1.3069296975502132,-0.5855151026503342,2.872231443465947,2.786194954190259,7.150034791553729,False
containerd/containerd,2026-07-13,432,414,88,0.2125603864734299,414,19.78333333333333,41.295,0.0333333333333333,19.741666666666667,398,31,0.0778894472361809,34,18,0.5806451612903226,24,29.14527777777778,6.363888888888889,24,12.0,1.0,1.0,30,5.0,0.2521219135802469,,external,False,True,-0.0118505713044298,3.034151383457936,-0.0118505713044298,False,False,0,external_evaluation,False,-1.2314058190409247,False,-1.150079482341023,False,2.087235381005939,False,False,False,False,False,False,False,False,False,False,False,False,False,False,False,False,False,False,False,False,False,-1.2314058190409247,False,-1.150079482341023,False,2.087235381005939,False,False,False,False,False,False,False,False,False,False,False,False,False,False,False,False,False,False,False,False,False,-1.2314058190409247,False,-1.150079482341023,False,2.087235381005939,False,False,False,False,False,False,False,False,False,False,False,False,False,False,False,False,False,False,False,False,False,-1.5889890464956038,False,-0.5428165919521821,False,2.4795006866866034,False,False,False,False,False,False,False,False,False,False,False,False,False,False,False,False,False,False,False,False,False,-1.5889890464956038,False,-0.5428165919521821,False,2.4795006866866034,False,False,False,False,False,False,False,False,False,False,False,False,False,False,False,False,False,False,False,False,False,-1.5889890464956038,False,-0.5428165919521821,False,2.4795006866866034,False,False,False,False,False,False,False,False,False,False,False,False,False,False,False,False,False,False,False,False,-0.27843965943034793,-0.7835153789088999,3.2466998669454585,3.7588789845763504,7.150034791553729,False
containerd/containerd,2026-07-20,537,527,94,0.1783681214421252,527,19.383333333333333,42.17333333333333,0.0333333333333333,19.383333333333333,510,25,0.0490196078431372,27,23,0.92,25,71.35444444444444,18.753888888888888,25,161.0,5.0,1.0,39,7.0,0.2512718079960051,,external,False,True,-0.0012196176195979,3.0147175734650715,-0.0012196176195979,False,False,0,external_evaluation,False,-0.7559647606270996,False,-2.2822919065481337,False,-0.17747892358076145,False,False,False,False,False,False,False,False,False,False,False,False,False,False,False,False,False,False,False,False,False,-0.7559647606270996,False,-2.2822919065481337,False,-0.17747892358076145,False,False,False,False,False,False,False,False,False,False,False,False,False,False,False,False,False,False,False,False,False,-0.7559647606270996,False,-2.2822919065481337,False,-0.17747892358076145,False,False,False,False,False,False,False,False,False,False,False,False,False,False,False,False,False,False,False,False,False,-0.9801331313979782,False,-1.9122126247837503,False,-0.043127729212518943,False,False,False,False,False,False,False,False,False,False,False,False,False,False,False,False,False,False,False,False,False,-0.9801331313979782,False,-1.9122126247837503,False,-0.043127729212518943,False,False,False,False,False,False,False,False,False,False,False,False,False,False,False,False,False,False,False,False,False,-0.9801331313979782,False,-1.9122126247837503,False,-0.043127729212518943,False,False,False,False,False,False,False,False,False,False,False,False,False,False,False,False,False,False,False,False,0.021431503229385335,-1.4990720572048395,0.7832403200277712,2.9061714596606523,7.150034791553729,False
containerd/containerd,2026-07-27,361,352,58,0.1647727272727272,352,20.083333333333336,42.281666666666666,0.0333333333333333,20.40833333333333,343,18,0.0524781341107871,18,16,0.8888888888888888,20,24.51458333333333,3.8115277777777776,20,85.0,2.0,1.0,32,6.0,0.2548553187897576,,external,False,True,0.0101676291298846,3.04848283893952,0.0101676291298846,False,False,0,external_evaluation,False,0.200653121985396,False,-2.7521748800608816,False,0.0938275358872073,False,False,False,False,False,False,False,False,False,False,False,False,False,False,False,False,False,False,False,False,False,0.200653121985396,False,-2.7521748800608816,False,0.0938275358872073,False,False,False,False,False,False,False,False,False,False,False,False,False,False,False,False,False,False,False,False,False,0.200653121985396,False,-2.7521748800608816,False,0.0938275358872073,False,False,False,False,False,False,False,False,False,False,False,False,False,False,False,False,False,False,False,False,False,-0.4544282723211797,False,-2.4286717956169097,False,0.2961608631331309,False,False,False,False,False,False,False,False,False,False,False,False,False,False,False,False,False,False,False,False,False,-0.4544282723211797,False,-2.4286717956169097,False,0.2961608631331309,False,False,False,False,False,False,False,False,False,False,False,False,False,False,False,False,False,False,False,False,False,-0.4544282723211797,False,-2.4286717956169097,False,0.2961608631331309,False,False,False,False,False,False,False,False,False,False,False,False,False,False,False,False,False,False,False,False,0.34263569840264085,-1.7835888940704783,1.0783559054078773,2.525680969187554,7.150034791553729,False
containerd/containerd,2026-08-03,326,317,50,0.1577287066246056,317,20.58333333333333,43.1,0.0333333333333333,20.566666666666663,308,17,0.0551948051948051,18,15,0.8823529411764706,23,50.005833333333335,4.108333333333333,23,20.0,2.0,1.0,28,6.0,0.2508938989047385,,external,False,True,0.0120797270396633,3.071921411911537,0.0120797270396633,False,False,0,external_evaluation,False,0.3635293555546916,False,-1.803807859987312,False,0.23261700507499744,False,False,False,False,False,False,False,False,False,False,False,False,False,False,False,False,False,False,False,False,False,0.3635293555546916,False,-1.803807859987312,False,0.23261700507499744,False,False,False,False,False,False,False,False,False,False,False,False,False,False,False,False,False,False,False,False,False,0.3635293555546916,False,-1.803807859987312,False,0.23261700507499744,False,False,False,False,False,False,False,False,False,False,False,False,False,False,False,False,False,False,False,False,False,-0.38526142987386297,False,-2.6962586723144044,False,0.5400535106285866,False,False,False,False,False,False,False,False,False,False,False,False,False,False,False,False,False,False,False,False,False,-0.38526142987386297,False,-2.6962586723144044,False,0.5400535106285866,False,False,False,False,False,False,False,False,False,False,False,False,False,False,False,False,False,False,False,False,False,-0.38526142987386297,False,-2.6962586723144044,False,0.5400535106285866,False,False,False,False,False,False,False,False,False,False,False,False,False,False,False,False,False,False,False,False,0.39657093698266405,-1.9310022348422338,1.3101690868615967,2.385980114973045,7.150034791553729,False
docker/cli,2025-06-23,50,46,10,0.217391304347826,46,1.7083333333333333,4.1,0.05,1.6833333333333331,48,2,0.0416666666666666,2,2,1.0,3,16.985833333333332,0.9891666666666666,3,8.0,3.0,1.0,3,6.0,0.1776,,train,False,False,-0.0190333191692831,0.9963334395476916,-0.0190333191692831,False,False,0,train,,,,,,,,,,,,,,,,,,,,,,,,,,,,,,,,,,,,,,,,,,,,,,,,,,,,,,,,,,,,,,,,,,,,,,,,,,,,,,,,,,,,,,,,,,,,,,,,,,,,,,,,,,,,,,,,,,,,,,,,,,,,,,,,,,,,,,,,,,,,,,,,,,,,,,,,,,,,,-0.922144909606751,0.9520764406886663,-0.6288043737804317,0.03625798195657598,7.150034791553729,False
docker/cli,2025-06-30,115,106,15,0.1415094339622641,106,1.7583333333333333,4.175000000000001,0.05,1.725,111,4,0.036036036036036,4,4,1.0,5,28.87388888888889,25.284166666666668,5,8.0,1.0,1.0,8,6.0,0.1803402646502835,,train,False,False,-0.0289498974796126,1.0146266325950168,-0.0289498974796126,False,False,0,train,,,,,,,,,,,,,,,,,,,,,,,,,,,,,,,,,,,,,,,,,,,,,,,,,,,,,,,,,,,,,,,,,,,,,,,,,,,,,,,,,,,,,,,,,,,,,,,,,,,,,,,,,,,,,,,,,,,,,,,,,,,,,,,,,,,,,,,,,,,,,,,,,,,,,,,,,,,,,-1.4076209322614197,-0.29909452552129695,-0.8009843838035592,0.008558715377662984,7.150034791553729,False
docker/cli,2025-07-07,258,247,50,0.2024291497975708,247,1.8666666666666667,4.266666666666667,0.05,1.8333333333333333,241,16,0.0663900414937759,17,14,0.875,6,5.342083333333333,3.912361111111111,6,13.0,2.5,1.0,13,6.0,0.169370831079863,,train,False,False,-0.0130952877884189,1.0531499145913523,-0.0130952877884189,False,False,0,train,,,,,,,,,,,,,,,,,,,,,,,,,,,,,,,,,,,,,,,,,,,,,,,,,,,,,,,,,,,,,,,,,,,,,,,,,,,,,,,,,,,,,,,,,,,,,,,,,,,,,,,,,,,,,,,,,,,,,,,,,,,,,,,,,,,,,,,,,,,,,,,,,,,,,,,,,,,,,-0.6314426364065531,0.7053743856377471,0.12721590259498192,0.046261788421140974,7.150034791553729,False
docker/cli,2025-07-14,252,246,54,0.2195121951219512,246,1.7,4.258333333333333,0.05,1.6833333333333331,235,16,0.0680851063829787,17,11,0.6875,18,30.65652777777778,18.183611111111112,18,36.0,4.5,1.0,14,6.0,0.1821932476694381,,train,False,False,-0.0126878365461745,0.9932517730102832,-0.0126878365461745,False,False,0,train,,,,,,,,,,,,,,,,,,,,,,,,,,,,,,,,,,,,,,,,,,,,,,,,,,,,,,,,,,,,,,,,,,,,,,,,,,,,,,,,,,,,,,,,,,,,,,,,,,,,,,,,,,,,,,,,,,,,,,,,,,,,,,,,,,,,,,,,,,,,,,,,,,,,,,,,,,,,,-0.611495452779266,0.9870465454792424,0.1790495796302133,0.13651379965917618,7.150034791553729,False
docker/cli,2025-07-21,441,384,97,0.2526041666666667,384,1.8833333333333333,4.316666666666666,0.0333333333333333,1.8333333333333333,392,45,0.1147959183673469,49,14,0.3111111111111111,11,18.70583333333333,8.537777777777778,11,172.0,9.0,1.0,18,6.0,0.1687722708130871,,train,False,False,-0.0188548188877526,1.0589470322756782,-0.0188548188877526,False,False,0,train,,,,,,,,,,,,,,,,,,,,,,,,,,,,,,,,,,,,,,,,,,,,,,,,,,,,,,,,,,,,,,,,,,,,,,,,,,,,,,,,,,,,,,,,,,,,,,,,,,,,,,,,,,,,,,,,,,,,,,,,,,,,,,,,,,,,,,,,,,,,,,,,,,,,,,,,,,,,,-0.9134062495560457,1.532680354991563,1.6074274298668931,0.41678163820053976,7.150034791553729,False
docker/cli,2025-07-28,404,381,90,0.2362204724409448,381,1.8166666666666669,4.333333333333333,0.0333333333333333,1.7833333333333334,370,31,0.0837837837837837,34,17,0.5483870967741935,12,5.120555555555556,3.839027777777778,12,33.5,8.0,1.0,17,6.0,0.1689050093128124,,train,False,False,-0.0159286034079953,1.0355541527009726,-0.0159286034079953,False,False,0,train,,,,,,,,,,,,,,,,,,,,,,,,,,,,,,,,,,,,,,,,,,,,,,,,,,,,,,,,,,,,,,,,,,,,,,,,,,,,,,,,,,,,,,,,,,,,,,,,,,,,,,,,,,,,,,,,,,,,,,,,,,,,,,,,,,,,,,,,,,,,,,,,,,,,,,,,,,,,,-0.7701504401340259,1.2625393788884574,0.6591021011925678,0.6402587774971106,7.150034791553729,False
docker/cli,2025-08-04,293,281,51,0.1814946619217081,281,1.8833333333333333,4.316666666666666,0.05,1.8333333333333333,262,22,0.0839694656488549,31,18,0.8181818181818182,16,13.337916666666668,6.287638888888889,16,66.5,7.0,1.0,13,6.0,0.1847546273107432,,train,False,False,-0.0014341722822259,1.0589470322756782,-0.0014341722822259,False,False,0,train,,,,,,,,,,,,,,,,,,,,,,,,,,,,,,,,,,,,,,,,,,,,,,,,,,,,,,,,,,,,,,,,,,,,,,,,,,,,,,,,,,,,,,,,,,,,,,,,,,,,,,,,,,,,,,,,,,,,,,,,,,,,,,,,,,,,,,,,,,,,,,,,,,,,,,,,,,,,,-0.060561048170987716,0.3601980834503201,0.6647800984696668,0.5849345655318474,7.150034791553729,False
docker/cli,2025-08-11,476,464,73,0.1573275862068965,464,1.6833333333333331,4.3116666666666665,0.05,1.6666666666666667,448,28,0.0625,28,27,0.9642857142857144,23,16.439722222222223,8.446666666666667,23,31.0,2.0,1.0,28,6.0,0.2162629757785467,,train,False,False,0.0069385725630481,0.9870598027623624,0.0069385725630481,False,False,0,train,,,,,,,,,,,,,,,,,,,,,,,,,,,,,,,,,,,,,,,,,,,,,,,,,,,,,,,,,,,,,,,,,,,,,,,,,,,,,,,,,,,,,,,,,,,,,,,,,,,,,,,,,,,,,,,,,,,,,,,,,,,,,,,,,,,,,,,,,,,,,,,,,,,,,,,,,,,,,0.34933506104966766,-0.038278434312523806,0.008261663305145123,0.3673667226889283,7.150034791553729,False
docker/cli,2025-08-18,1455,1392,226,0.1623563218390804,1392,1.65,4.25,0.05,1.6166666666666667,1369,79,0.0577063550036523,86,58,0.7341772151898734,69,2.24,1.6680555555555556,69,34.0,2.0,1.0,77,6.0,0.2442800628240101,,train,False,False,-0.0042854959739401,0.9745596399981308,-0.0042854959739401,False,False,0,train,,,,,,,,,,,,,,,,,,,,,,,,,,,,,,,,,,,,,,,,,,,,,,,,,,,,,,,,,,,,,,,,,,,,,,,,,,,,,,,,,,,,,,,,,,,,,,,,,,,,,,,,,,,,,,,,,,,,,,,,,,,,,,,,,,,,,,,,,,,,,,,,,,,,,,,,,,,,,-0.20015045510508597,0.04463739245564638,-0.13832402090373438,0.22959207445520124,7.150034791553729,False
docker/cli,2025-08-25,762,743,103,0.1386271870794078,743,1.65,4.283333333333333,0.05,1.6333333333333333,716,42,0.0586592178770949,46,41,0.9761904761904762,42,6.724305555555556,6.515000000000001,42,47.5,3.5,1.0,41,6.0,0.2309883508655906,,train,False,False,-0.0092388320954279,0.9745596399981308,-0.0092388320954279,False,False,0,train,,,,,,,,,,,,,,,,,,,,,,,,,,,,,,,,,,,,,,,,,,,,,,,,,,,,,,,,,,,,,,,,,,,,,,,,,,,,,,,,,,,,,,,,,,,,,,,,,,,,,,,,,,,,,,,,,,,,,,,,,,,,,,,,,,,,,,,,,,,,,,,,,,,,,,,,,,,,,-0.44264598570829256,-0.3466181777317084,-0.1091862653195719,0.09735777544500655,7.150034791553729,False
docker/cli,2025-09-01,487,484,87,0.1797520661157025,484,1.6583333333333332,4.278333333333333,0.0333333333333333,1.6333333333333333,469,18,0.0383795309168443,18,18,1.0,34,2.1930555555555555,1.9958333333333336,34,20.5,3.0,1.0,27,6.0,0.2226724403273615,,train,False,False,-0.0053870830247639,0.9776993600027986,-0.0053870830247639,False,False,0,train,,,,,,,,,,,,,,,,,,,,,,,,,,,,,,,,,,,,,,,,,,,,,,,,,,,,,,,,,,,,,,,,,,,,,,,,,,,,,,,,,,,,,,,,,,,,,,,,,,,,,,,,,,,,,,,,,,,,,,,,,,,,,,,,,,,,,,,,,,,,,,,,,,,,,,,,,,,,,-0.2540797524197416,0.3314654590798972,-0.7293222559645093,0.07993000774728574,7.150034791553729,False
docker/cli,2025-09-08,288,285,45,0.1578947368421052,285,1.7333333333333334,4.376666666666667,0.05,1.7,276,11,0.0398550724637681,12,9,0.8181818181818182,13,4.406944444444444,3.020277777777778,13,73.0,6.0,2.0,16,6.0,0.2007378472222222,,train,False,False,0.0010399288009101,1.0055218656020977,0.0010399288009101,False,False,0,train,,,,,,,,,,,,,,,,,,,,,,,,,,,,,,,,,,,,,,,,,,,,,,,,,,,,,,,,,,,,,,,,,,,,,,,,,,,,,,,,,,,,,,,,,,,,,,,,,,,,,,,,,,,,,,,,,,,,,,,,,,,,,,,,,,,,,,,,,,,,,,,,,,,,,,,,,,,,,0.060561048170987716,-0.02892702527851969,-0.6842014204835237,0.04857164599157938,7.150034791553729,False
docker/cli,2025-09-15,33,33,10,0.303030303030303,33,1.7,4.26,0.05,1.65,32,1,0.03125,1,1,1.0,2,95.86083333333332,12.605833333333331,2,47.5,8.0,1.5,2,6.0,0.2139577594123048,,train,False,False,-0.0072084671195133,0.9932517730102832,-0.0072084671195133,False,False,0,train,,,,,,,,,,,,,,,,,,,,,,,,,,,,,,,,,,,,,,,,,,,,,,,,,,,,,,,,,,,,,,,,,,,,,,,,,,,,,,,,,,,,,,,,,,,,,,,,,,,,,,,,,,,,,,,,,,,,,,,,,,,,,,,,,,,,,,,,,,,,,,,,,,,,,,,,,,,,,-0.34324743489791615,2.3641268841262835,-0.9473373923232171,0.4213790839658239,7.150034791553729,False
docker/cli,2025-09-22,879,855,138,0.1614035087719298,855,1.6666666666666667,4.233333333333333,0.05,1.6333333333333333,821,53,0.0645554202192448,58,32,0.6037735849056604,50,2.459027777777778,2.047083333333333,50,19.0,2.0,1.0,53,6.0,0.2454814072771183,,train,False,False,-0.0064293195944591,0.9808292530117262,-0.0064293195944591,False,False,0,train,False,0.2832668161582007,False,-0.37750876491152885,False,0.21149240810304779,False,,,,False,,,,False,,,,False,,,,False,,,,False,0.2832668161582007,False,-0.37750876491152885,False,0.21149240810304779,False,,,,False,,,,False,,,,False,,,,False,,,,False,0.2832668161582007,False,-0.37750876491152885,False,0.21149240810304779,False,,,,False,,,,False,,,,False,,,,False,,,,,,,,,,,,,,,,,,,,,,,,,,,,,,,,,,,,,,,,,,,,,,,,,,,,,,,,,,,,,,,,,,,,,,,,,,,,,,,,,,-0.3051034874911242,0.028927025278520146,0.07111470715889799,0.27572491912588193,7.150034791553729,False
docker/cli,2025-09-29,313,307,61,0.1986970684039088,307,1.65,4.3,0.0333333333333333,1.6166666666666667,284,18,0.0633802816901408,29,18,1.0,21,17.554166666666667,17.5525,21,14.0,3.0,1.0,19,6.0,0.2395553695556757,,train,False,False,-0.0057357781725993,0.9745596399981308,-0.0057357781725993,False,False,0,train,False,0.1720236174748989,False,0.5634864324231901,False,0.027896443215552093,False,False,,,False,False,,,False,False,,,False,False,,,False,False,,,False,0.1720236174748989,False,0.5634864324231901,False,0.027896443215552093,False,False,,,False,False,,,False,False,,,False,False,,,False,False,,,False,0.1720236174748989,False,0.5634864324231901,False,0.027896443215552093,False,False,,,False,False,,,False,False,,,False,False,,,False,False,,,,,,,,,,,,,,,,,,,,,,,,,,,,,,,,,,,,,,,,,,,,,,,,,,,,,,,,,,,,,,,,,,,,,,,,,,,,,,,,,-0.27115047260089314,0.6438383183326538,0.03517994656228078,0.30122950102035384,7.150034791553729,False
docker/cli,2025-10-06,578,535,136,0.2542056074766355,535,1.7666666666666666,4.3,0.05,1.7333333333333334,563,14,0.0248667850799289,15,13,0.9285714285714286,13,5.319722222222223,4.62,13,31.0,4.0,1.0,20,6.0,0.1897307264041379,,train,False,False,0.0253566285682905,1.0176432261344426,0.0253566285682905,False,False,0,train,True,4.292031240894815,False,2.0780939229333164,False,-4.578310403724626,True,False,False,,False,False,False,,False,False,False,,True,False,False,,False,False,False,,True,4.292031240894815,False,2.0780939229333164,False,-4.578310403724626,True,False,False,,False,False,False,,False,False,False,,True,False,False,,False,False,False,,True,4.292031240894815,False,2.0780939229333164,False,-4.578310403724626,True,False,False,,False,False,False,,False,False,False,,True,False,False,,False,False,False,,,,,,,,,,,,,,,,,,,,,,,,,,,,,,,,,,,,,,,,,,,,,,,,,,,,,,,,,,,,,,,,,,,,,,,,,,,,,,,,1.251009438505264,1.559085558703015,-1.1425308051069873,0.5649260810308335,7.150034791553729,False
docker/cli,2025-10-13,241,234,41,0.1752136752136752,234,1.6666666666666667,4.25,0.05,1.65,232,9,0.0387931034482758,9,7,0.7777777777777778,12,2.4169444444444443,2.115277777777778,12,14.5,2.0,1.0,12,6.0,0.2250477781029941,,train,False,False,0.0274725211324259,0.9808292530117262,0.0274725211324259,False,False,0,train,True,5.2070532703376555,False,-0.175299136103879,False,-0.7512800741843897,True,True,False,False,False,False,False,False,False,False,False,False,True,True,False,False,False,False,False,False,True,5.2070532703376555,False,-0.175299136103879,False,-0.7512800741843897,True,True,False,False,False,False,False,False,False,False,False,False,True,True,False,False,False,False,False,False,True,5.2070532703376555,False,-0.175299136103879,False,-0.7512800741843897,True,True,False,False,False,False,False,False,False,False,False,False,True,True,False,False,False,False,False,False,,,,,,,,,,,,,,,,,,,,,,,,,,,,,,,,,,,,,,,,,,,,,,,,,,,,,,,,,,,,,,,,,,,,,,,,,,,,,,,1.3545950780530356,0.25663463452225155,-0.7166755513094765,0.5135417098276298,7.150034791553729,False
docker/cli,2025-10-20,222,203,53,0.2610837438423645,203,1.933333333333333,4.376666666666667,0.1333333333333333,1.8333333333333333,215,7,0.0325581395348837,7,5,0.7142857142857143,3,46.33472222222223,43.63444444444445,3,1260.0,97.0,2.0,7,6.0,0.1709682655628601,,train,False,False,0.0431421210938954,1.0761394328160512,0.0431421210938954,False,False,0,train,True,8.28060684258533,True,2.509797258058759,False,-0.8861791377108579,True,True,True,False,True,False,False,False,False,False,False,False,True,True,True,False,True,False,False,False,True,8.28060684258533,False,2.509797258058759,False,-0.8861791377108579,True,True,True,False,False,False,False,False,False,False,False,False,True,True,True,False,False,False,False,False,True,8.28060684258533,False,2.509797258058759,False,-0.8861791377108579,True,True,True,False,False,False,False,False,False,False,False,False,True,True,True,False,False,False,False,False,,,,,,,,,,,,,,,,,,,,,,,,,,,,,,,,,,,,,,,,,,,,,,,,,,,,,,,,,,,,,,,,,,,,,,,,,,,,,,,2.1217160373016495,1.6724950526797269,-0.9073355713899375,1.1714431942095238,7.150034791553729,False
docker/cli,2025-10-27,502,483,86,0.1780538302277432,483,1.8666666666666667,4.383333333333334,0.05,1.8333333333333333,483,19,0.0393374741200828,19,18,0.9473684210526316,22,5.588611111111112,1.5697222222222222,22,56.5,2.5,1.0,25,6.0,0.1745210393485817,,train,False,False,0.0423959119437533,1.0531499145913523,0.0423959119437533,False,False,0,train,True,6.356560004731613,False,-0.05240550661528961,False,-0.6550772288740526,True,True,True,True,False,False,False,False,False,False,False,False,True,True,True,True,False,False,False,False,True,6.356560004731613,False,-0.05240550661528961,False,-0.6550772288740526,True,True,True,True,False,False,False,False,False,False,False,False,True,True,True,True,False,False,False,False,True,6.356560004731613,False,-0.05240550661528961,False,-0.6550772288740526,True,True,True,True,False,False,False,False,False,False,False,False,True,True,True,True,False,False,False,False,,,,,,,,,,,,,,,,,,,,,,,,,,,,,,,,,,,,,,,,,,,,,,,,,,,,,,,,,,,,,,,,,,,,,,,,,,,,,,,2.085184621026526,0.30346425897776147,-0.7000291481129789,1.4523102094455385,7.150034791553729,False
docker/cli,2025-11-03,738,718,107,0.149025069637883,718,1.7333333333333334,4.166666666666667,0.05,1.7166666666666666,694,43,0.0619596541786743,44,32,0.7441860465116279,34,4.102777777777778,3.5979166666666664,34,33.5,3.5,1.0,32,6.0,0.1907521243234112,,train,False,False,0.0320815737687275,1.0055218656020977,0.0320815737687275,False,False,0,train,True,3.9149474776303497,False,-0.9712555223772228,False,0.9947324685590975,True,True,True,True,False,False,False,False,False,False,False,False,True,True,True,True,False,False,False,False,True,3.9149474776303497,False,-0.9712555223772228,False,0.9947324685590975,True,True,True,True,False,False,False,False,False,False,False,False,True,True,True,True,False,False,False,False,True,3.9149474776303497,False,-0.9712555223772228,False,0.9947324685590975,True,True,True,True,False,False,False,False,False,False,False,False,True,True,True,True,False,False,False,False,,,,,,,,,,,,,,,,,,,,,,,,,,,,,,,,,,,,,,,,,,,,,,,,,,,,,,,,,,,,,,,,,,,,,,,,,,,,,,,1.5802358658383708,-0.1751736851128169,-0.008261663305145123,1.4675606422768204,7.150034791553729,False
docker/cli,2025-11-10,188,171,15,0.087719298245614,171,1.6833333333333331,4.133333333333334,0.05,1.65,180,7,0.0388888888888888,8,7,1.0,11,1.0880555555555556,0.5911111111111111,11,49.0,4.0,1.0,11,6.0,0.1956201901312811,,train,False,False,0.0375772115262558,0.9870598027623624,0.0375772115262558,False,False,0,train,True,2.987739654156235,False,-3.299443984023178,False,-0.04347941005700308,True,True,True,True,False,False,False,False,False,False,False,False,True,True,True,True,False,False,False,False,False,2.987739654156235,False,-3.299443984023178,False,-0.04347941005700308,False,False,False,False,False,False,False,False,False,False,False,False,False,False,False,False,False,False,False,False,False,2.987739654156235,False,-3.299443984023178,False,-0.04347941005700308,False,False,False,False,False,False,False,False,False,False,False,False,False,False,False,False,False,False,False,False,,,,,,,,,,,,,,,,,,,,,,,,,,,,,,,,,,,,,,,,,,,,,,,,,,,,,,,,,,,,,,,,,,,,,,,,,,,,,,,1.8492803161500846,-1.186008036419303,-0.7137465120585091,1.55446441264806,7.150034791553729,False
docker/cli,2025-11-17,71,71,8,0.1126760563380281,71,1.6833333333333331,4.15,0.05,1.6666666666666667,66,5,0.0757575757575757,5,5,1.0,3,0.3222222222222222,0.3094444444444444,3,8.0,2.0,1.0,5,6.0,0.2564967268399127,,train,False,False,0.0302340620666325,0.9870598027623624,0.0302340620666325,False,False,0,train,False,1.9157146777948089,False,-1.7962074607189031,True,3.037415841948422,False,False,False,False,False,False,False,False,True,False,False,False,True,True,True,True,False,False,False,False,False,1.9157146777948089,False,-1.7962074607189031,True,3.037415841948422,False,False,False,False,False,False,False,False,True,False,False,False,True,False,False,False,False,False,False,False,False,1.9157146777948089,False,-1.7962074607189031,False,3.037415841948422,False,False,False,False,False,False,False,False,False,False,False,False,False,False,False,False,False,False,False,False,,,,,,,,,,,,,,,,,,,,,,,,,,,,,,,,,,,,,,,,,,,,,,,,,,,,,,,,,,,,,,,,,,,,,,,,,,,,,,,1.489789080175743,-0.7745109162600812,0.41366732326869116,1.64082901625934,7.150034791553729,False
docker/cli,2025-11-24,115,111,9,0.081081081081081,111,1.7,4.116666666666666,0.05,1.6833333333333331,111,4,0.036036036036036,4,4,1.0,7,6.287222222222222,5.905833333333334,7,73.0,2.0,1.0,6,6.0,0.1933459357277883,,train,False,False,0.0237775244776141,0.9932517730102832,0.0237775244776141,False,False,0,train,False,-0.05988538781704051,False,-2.42439654620958,False,-0.2753380657063399,False,False,False,False,False,False,False,False,False,False,False,False,False,False,False,False,False,False,False,False,False,-0.05988538781704051,False,-2.42439654620958,False,-0.2753380657063399,False,False,False,False,False,False,False,False,False,False,False,False,False,False,False,False,False,False,False,False,False,-0.05988538781704051,False,-2.42439654620958,False,-0.2753380657063399,False,False,False,False,False,False,False,False,False,False,False,False,False,False,False,False,False,False,False,False,,,,,,,,,,,,,,,,,,,,,,,,,,,,,,,,,,,,,,,,,,,,,,,,,,,,,,,,,,,,,,,,,,,,,,,,,,,,,,,1.1737028162703789,-1.29546164558127,-0.8009843838035592,1.5861695455768299,7.150034791553729,False
docker/cli,2025-12-01,69,69,13,0.1884057971014492,69,1.65,4.203333333333334,0.05,1.6166666666666667,66,3,0.0454545454545454,3,3,1.0,5,1.9125,1.0911111111111111,5,20.0,1.0,1.0,5,6.0,0.22117202268431,,train,False,False,0.039257937738943,0.9745596399981308,0.039257937738943,False,False,0,train,False,0.5502757582947758,False,0.3397647226936532,False,0.6995182459135859,False,False,False,False,False,False,False,False,False,False,False,False,False,False,False,False,False,False,False,False,False,0.5502757582947758,False,0.3397647226936532,False,0.6995182459135859,False,False,False,False,False,False,False,False,False,False,False,False,False,False,False,False,False,False,False,False,False,0.5502757582947758,False,0.3397647226936532,False,0.6995182459135859,False,False,False,False,False,False,False,False,False,False,False,False,False,False,False,False,False,False,False,False,,,,,,,,,,,,,,,,,,,,,,,,,,,,,,,,,,,,,,,,,,,,,,,,,,,,,,,,,,,,,,,,,,,,,,,,,,,,,,,1.931561951142761,0.4741516752174731,-0.5129741852194177,1.9428406130635971,7.150034791553729,False
docker/cli,2025-12-08,135,131,15,0.1145038167938931,131,1.8,4.116666666666666,0.05,1.7666666666666666,128,6,0.046875,7,4,0.6666666666666666,6,1.2838888888888889,0.9241666666666668,6,167.0,7.0,1.0,8,6.0,0.1839780521262002,,train,False,False,0.0315607281136208,1.029619417181158,0.0315607281136208,False,False,0,train,False,0.23397202862721464,False,-1.5635898747937338,False,0.7499248623042449,False,False,False,False,False,False,False,False,False,False,False,False,False,False,False,False,False,False,False,False,False,0.23397202862721464,False,-1.5635898747937338,False,0.7499248623042449,False,False,False,False,False,False,False,False,False,False,False,False,False,False,False,False,False,False,False,False,False,0.23397202862721464,False,-1.5635898747937338,False,0.7499248623042449,False,False,False,False,False,False,False,False,False,False,False,False,False,False,False,False,False,False,False,False,,,,,,,,,,,,,,,,,,,,,,,,,,,,,,,,,,,,,,,,,,,,,,,,,,,,,,,,,,,,,,,,,,,,,,,,,,,,,,,1.5547373451646846,-0.7443740627014466,-0.469537864509036,2.033572995777341,7.150034791553729,False
docker/cli,2025-12-15,110,110,16,0.1454545454545454,110,1.625,4.130000000000001,0.0333333333333333,1.6166666666666667,103,7,0.0679611650485436,7,7,1.0,11,1.505,0.6786111111111112,11,4.0,1.0,1.0,11,6.0,0.2277685950413223,,train,False,False,0.0144596896927288,0.965080896043587,0.0144596896927288,False,False,0,train,False,-1.4489243969830266,False,-0.3306260063037395,True,2.5613729678594406,False,False,False,False,False,False,False,False,True,False,False,False,True,False,False,False,False,False,False,False,False,-1.4489243969830266,False,-0.3306260063037395,False,2.5613729678594406,False,False,False,False,False,False,False,False,False,False,False,False,False,False,False,False,False,False,False,False,False,-1.4489243969830266,False,-0.3306260063037395,False,2.5613729678594406,False,False,False,False,False,False,False,False,False,False,False,False,False,False,False,False,False,False,False,False,,,,,,,,,,,,,,,,,,,,,,,,,,,,,,,,,,,,,,,,,,,,,,,,,,,,,,,,,,,,,,,,,,,,,,,,,,,,,,,0.7175388825466374,-0.23404593179893135,0.17525955652174952,1.6495163510660868,7.150034791553729,False
docker/cli,2025-12-22,77,77,9,0.1168831168831168,77,1.75,4.083333333333333,0.05,1.7333333333333334,74,3,0.0405405405405405,3,3,1.0,2,1.6154166666666667,1.2336111111111112,2,55.0,4.0,4.0,7,6.0,0.1931185697419463,,train,False,False,-0.0020843829677301,1.01160091167848,-0.0020843829677301,False,False,0,train,False,-2.9685481217820766,False,-0.8051951391502943,False,-0.25700578340712077,False,False,False,False,False,False,False,False,False,False,False,False,False,False,False,False,False,False,False,False,False,-2.9685481217820766,False,-0.8051951391502943,False,-0.25700578340712077,False,False,False,False,False,False,False,False,False,False,False,False,False,False,False,False,False,False,False,False,False,-2.9685481217820766,False,-0.8051951391502943,False,-0.25700578340712077,False,False,False,False,False,False,False,False,False,False,False,False,False,False,False,False,False,False,False,False,False,-0.07403144257951544,False,-1.2156593822883308,False,-0.5783092839313196,False,,,,False,,,,False,,,,False,,,,False,,,,False,-0.07403144257951544,False,-1.2156593822883308,False,-0.5783092839313196,False,,,,False,,,,False,,,,False,,,,False,,,,False,-0.07403144257951544,False,-1.2156593822883308,False,-0.5783092839313196,False,,,,False,,,,False,,,,False,,,,False,,,,-0.09239276346711352,-0.7051432006205366,-0.6632403757850566,1.0180596789080716,7.150034791553729,False
docker/cli,2025-12-29,12,6,1,0.1666666666666666,6,1.9583333333333333,3.525,0.0333333333333333,1.933333333333333,6,6,1.0,6,0,0.0,0,,,0,,,,1,6.0,0.1666666666666666,,train,False,False,0.0601867524451083,1.0846260466933697,0.0601867524451083,False,False,0,train,True,2.7512463137011838,False,0.32735673125883147,True,102.16286703538766,True,False,False,False,False,False,False,False,True,False,False,False,True,False,False,False,True,False,False,False,False,2.7512463137011838,False,0.32735673125883147,True,102.16286703538766,False,False,False,False,False,False,False,False,True,False,False,False,True,False,False,False,False,False,False,False,False,2.7512463137011838,False,0.32735673125883147,True,102.16286703538766,False,False,False,False,False,False,False,False,True,False,False,False,True,False,False,False,False,False,False,False,True,2.6805299675568897,False,-0.047571103300891676,True,46.64363500397766,True,False,,,False,False,,,True,False,,,True,False,,,True,False,,,False,2.6805299675568897,False,-0.047571103300891676,True,46.64363500397766,False,False,,,False,False,,,True,False,,,True,False,,,False,False,,,False,2.6805299675568897,False,-0.047571103300891676,True,46.64363500397766,False,False,,,False,False,,,True,False,,,True,False,,,False,False,,,2.956153035331766,0.1157081011140783,28.676233332156016,3.616876441793358,7.150034791553729,False
docker/cli,2026-01-05,31,24,1,0.0416666666666666,24,1.7833333333333332,4.111666666666666,0.05,1.775,23,8,0.3478260869565217,8,1,0.125,4,350.5780555555556,349.89986111111114,4,55.0,3.5,1.0,3,6.0,0.1966701352757544,,train,False,False,0.035498209228497,1.0236492501946544,0.035498209228497,False,False,0,train,False,0.3450334285895755,False,-2.0976136377059955,True,32.71964449449341,False,False,False,False,False,False,False,False,True,True,False,False,True,True,False,False,False,False,False,False,False,0.3450334285895755,False,-2.0976136377059955,True,32.71964449449341,False,False,False,False,False,False,False,False,True,True,False,False,True,True,False,False,False,False,False,False,False,0.3450334285895755,False,-2.0976136377059955,True,32.71964449449341,False,False,False,False,False,False,False,False,True,True,False,False,True,True,False,False,False,False,False,False,False,1.1527464315454499,False,-2.943454953894493,True,10.862493614868455,False,False,False,,False,False,False,,True,True,False,,True,True,False,,False,False,False,,False,1.1527464315454499,False,-2.943454953894493,True,10.862493614868455,False,False,False,,False,False,False,,True,True,False,,True,True,False,,False,False,False,,False,1.1527464315454499,False,-2.943454953894493,True,10.862493614868455,False,False,False,,False,False,False,,True,True,False,,True,True,False,,False,False,False,,1.7475006765384529,-1.945342449980443,8.733296519042364,9.0785617497552,7.150034791553729,True
docker/cli,2026-01-12,221,209,35,0.1674641148325359,209,1.6833333333333331,4.033333333333333,0.0333333333333333,1.65,200,20,0.1,21,13,0.65,14,14.363055555555556,1.4305555555555556,14,15.0,1.5,1.0,11,6.0,0.2006715669212342,,train,False,False,-0.0072929896355989,0.9870598027623624,-0.0072929896355989,False,False,0,train,False,-3.7007291275732177,False,0.4553857935471935,True,3.9061812679253376,False,False,False,False,False,False,False,False,True,True,True,False,True,True,True,False,False,False,False,False,False,-3.7007291275732177,False,0.4553857935471935,True,3.9061812679253376,False,False,False,False,False,False,False,False,True,True,True,False,True,True,True,False,False,False,False,False,False,-3.7007291275732177,False,0.4553857935471935,True,3.9061812679253376,False,False,False,False,False,False,False,False,True,True,True,False,True,True,True,False,False,False,False,False,False,-0.648221125128988,False,0.06630661667082202,False,1.517515625860268,False,False,False,False,False,False,False,False,False,False,False,False,False,False,False,False,False,False,False,False,False,-0.648221125128988,False,0.06630661667082202,False,1.517515625860268,False,False,False,False,False,False,False,False,False,False,False,False,False,False,False,False,False,False,False,False,False,-0.648221125128988,False,0.06630661667082202,False,1.517515625860268,False,False,False,False,False,False,False,False,False,False,False,False,False,False,False,False,False,False,False,False,-0.3473853193223511,0.12885674896795213,1.15498053005918,6.677700466499937,7.150034791553729,False
docker/cli,2026-01-19,47,41,4,0.0975609756097561,41,1.7166666666666666,4.033333333333333,0.05,1.7,40,7,0.175,7,1,0.1428571428571428,1,258.4169444444444,258.3625,1,227.0,19.0,1.0,5,6.0,0.1724762335898596,,train,False,False,-0.0087752459618191,0.9994056385846616,-0.0087752459618191,False,False,0,train,False,-3.3185674125688887,False,-0.9909349399351395,True,6.036178725671246,False,False,False,False,False,False,False,False,True,True,True,True,True,True,True,True,False,False,False,False,False,-3.3185674125688887,False,-0.9909349399351395,True,6.036178725671246,False,False,False,False,False,False,False,False,True,True,True,True,True,True,True,True,False,False,False,False,False,-3.3185674125688887,False,-0.9909349399351395,True,6.036178725671246,False,False,False,False,False,False,False,False,True,True,True,True,True,True,True,True,False,False,False,False,False,-0.7317766130473754,False,-1.8143337528690724,True,4.131817694109131,False,False,False,False,False,False,False,False,True,False,False,False,True,False,False,False,False,False,False,False,False,-0.7317766130473754,False,-1.8143337528690724,True,4.131817694109131,False,False,False,False,False,False,False,False,True,False,False,False,True,False,False,False,False,False,False,False,False,-0.7317766130473754,False,-1.8143337528690724,True,4.131817694109131,False,False,False,False,False,False,False,False,True,False,False,False,True,False,False,False,False,False,False,False,-0.4199506622550581,-1.0237344799788266,3.448418263567249,7.185586837525524,7.150034791553729,True
docker/cli,2026-01-26,115,114,12,0.1052631578947368,114,1.6583333333333332,4.045,0.0333333333333333,1.625,109,6,0.055045871559633,6,6,1.0,9,2.362222222222222,0.1275,9,52.0,2.0,1.0,8,6.0,0.1880529300567107,,train,False,False,-0.0118390006396431,0.9776993600027986,-0.0118390006396431,False,False,0,train,False,-3.7610111949847456,False,-0.24384190416050922,False,-0.20613762588288734,False,False,False,False,False,False,False,False,False,False,False,False,False,False,False,False,False,False,False,False,False,-3.7610111949847456,False,-0.24384190416050922,False,-0.20613762588288734,False,False,False,False,False,False,False,False,False,False,False,False,False,False,False,False,False,False,False,False,False,-3.7610111949847456,False,-0.24384190416050922,False,-0.20613762588288734,False,False,False,False,False,False,False,False,False,False,False,False,False,False,False,False,False,False,False,False,False,-0.8469014260782896,False,-1.5342927288721921,False,-0.1109524873450481,False,False,False,False,False,False,False,False,False,False,False,False,False,False,False,False,False,False,False,False,False,-0.8469014260782896,False,-1.5342927288721921,False,-0.1109524873450481,False,False,False,False,False,False,False,False,False,False,False,False,False,False,False,False,False,False,False,False,False,-0.8469014260782896,False,-1.5342927288721921,False,-0.1109524873450481,False,False,False,False,False,False,False,False,False,False,False,False,False,False,False,False,False,False,False,False,-0.5699398408642079,-0.8967377836341074,-0.2196793958355659,4.28792717676164,7.150034791553729,False
docker/cli,2026-02-02,164,143,11,0.0769230769230769,143,1.6833333333333331,4.05,0.05,1.65,144,19,0.1319444444444444,20,6,0.3157894736842105,9,1.3463888888888889,0.5152777777777777,9,9.0,1.0,1.0,12,6.0,0.221743010113028,,train,False,False,0.007076518245622,0.9870598027623624,0.007076518245622,False,False,0,train,False,-1.7309136214469407,False,-0.8189746372396057,False,2.2038304262100312,False,False,False,False,False,False,False,False,False,False,False,False,False,False,False,False,False,False,False,False,False,-1.7309136214469407,False,-0.8189746372396057,False,2.2038304262100312,False,False,False,False,False,False,False,False,False,False,False,False,False,False,False,False,False,False,False,False,False,-1.7309136214469407,False,-0.8189746372396057,False,2.2038304262100312,False,False,False,False,False,False,False,False,False,False,False,False,False,False,False,False,False,False,False,False,False,-0.1361246818399029,False,-2.2053562386935335,True,2.9525773336961896,False,False,False,False,False,False,False,False,True,False,False,False,True,False,False,False,False,False,False,False,False,-0.1361246818399029,False,-2.2053562386935335,False,2.9525773336961896,False,False,False,False,False,False,False,False,False,False,False,False,False,False,False,False,False,False,False,False,False,-0.1361246818399029,False,-2.2053562386935335,False,2.9525773336961896,False,False,False,False,False,False,False,False,False,False,False,False,False,False,False,False,False,False,False,False,0.3560883300929426,-1.3640204996717311,2.13181512025706,4.357340702364689,7.150034791553729,False
docker/cli,2026-02-09,414,354,50,0.1412429378531073,354,1.7333333333333334,4.1,0.05,1.6833333333333331,377,34,0.0901856763925729,37,12,0.3529411764705882,10,19.79083333333333,18.74486111111111,10,38.0,2.0,1.5,16,6.0,0.182244626479031,,train,False,False,0.0182392880236518,1.0055218656020977,0.0182392880236518,False,False,0,train,False,-0.24130423709846935,False,0.6098468966120492,False,0.5156193293263114,False,False,False,False,False,False,False,False,False,False,False,False,False,False,False,False,False,False,False,False,False,-0.24130423709846935,False,0.6098468966120492,False,0.5156193293263114,False,False,False,False,False,False,False,False,False,False,False,False,False,False,False,False,False,False,False,False,False,-0.24130423709846935,False,0.6098468966120492,False,0.5156193293263114,False,False,False,False,False,False,False,False,False,False,False,False,False,False,False,False,False,False,False,False,False,0.2796654361461608,False,-0.30871929244539775,False,1.320994498190562,False,False,False,False,False,False,False,False,False,False,False,False,False,False,False,False,False,False,False,False,False,0.2796654361461608,False,-0.30871929244539775,False,1.320994498190562,False,False,False,False,False,False,False,False,False,False,False,False,False,False,False,False,False,False,False,False,False,0.2796654361461608,False,-0.30871929244539775,False,1.320994498190562,False,False,False,False,False,False,False,False,False,False,False,False,False,False,False,False,False,False,False,False,0.9025729041120613,-0.3034886211424343,0.8548666621907485,3.547579259259702,7.150034791553729,False
docker/cli,2026-02-16,55,55,7,0.1272727272727272,55,1.6333333333333333,4.03,0.05,1.6166666666666667,50,4,0.08,5,3,0.75,3,54.26361111111111,23.855,3,35.0,2.0,2.0,6,6.0,0.217190082644628,,train,False,False,-0.0057144161701298,0.968250470804866,-0.0057144161701298,False,False,0,train,False,-0.936127579596674,False,0.2782652460620926,False,0.09442870632672455,False,False,False,False,False,False,False,False,False,False,False,False,False,False,False,False,False,False,False,False,False,-0.936127579596674,False,0.2782652460620926,False,0.09442870632672455,False,False,False,False,False,False,False,False,False,False,False,False,False,False,False,False,False,False,False,False,False,-0.936127579596674,False,0.2782652460620926,False,0.09442870632672455,False,False,False,False,False,False,False,False,False,False,False,False,False,False,False,False,False,False,False,False,False,-0.7109860278149209,False,-0.49391348738023866,False,0.908696143385664,False,False,False,False,False,False,False,False,False,False,False,False,False,False,False,False,False,False,False,False,False,-0.7109860278149209,False,-0.49391348738023866,False,0.908696143385664,False,False,False,False,False,False,False,False,False,False,False,False,False,False,False,False,False,False,False,False,False,-0.7109860278149209,False,-0.49391348738023866,False,0.908696143385664,False,False,False,False,False,False,False,False,False,False,False,False,False,False,False,False,False,False,False,False,-0.27010467437591174,-0.5338351028672255,0.5433971344570281,2.547477990185119,7.150034791553729,False
docker/cli,2026-02-23,136,126,13,0.1031746031746031,126,1.7166666666666666,4.041666666666666,0.0333333333333333,1.675,119,17,0.1428571428571428,17,7,0.4117647058823529,9,1.1966666666666668,0.6158333333333333,9,34.0,7.0,1.0,14,6.0,0.2131271626297577,,train,False,False,0.0056143725610976,0.9994056385846616,0.0056143725610976,False,False,0,train,False,-0.2957298187330863,False,-0.323619303789275,False,1.2272689007017714,False,False,False,False,False,False,False,False,False,False,False,False,False,False,False,False,False,False,False,False,False,-0.2957298187330863,False,-0.323619303789275,False,1.2272689007017714,False,False,False,False,False,False,False,False,False,False,False,False,False,False,False,False,False,False,False,False,False,-0.2957298187330863,False,-0.323619303789275,False,1.2272689007017714,False,False,False,False,False,False,False,False,False,False,False,False,False,False,False,False,False,False,False,False,False,-0.3370583327370741,False,-0.9110305172023929,True,3.175768319068587,False,False,False,False,False,False,False,False,True,False,False,False,True,False,False,False,False,False,False,False,False,-0.3370583327370741,False,-0.9110305172023929,True,3.175768319068587,False,False,False,False,False,False,False,False,True,False,False,False,True,False,False,False,False,False,False,False,False,-0.3370583327370741,False,-0.9110305172023929,False,3.175768319068587,False,False,False,False,False,False,False,False,False,False,False,False,False,False,False,False,False,False,False,False,0.28450752376530036,-0.9311747184894883,2.4655163777780746,3.1316474205541485,7.150034791553729,False
docker/cli,2026-03-02,189,154,19,0.1233766233766233,154,1.6833333333333331,4.05,0.05,1.65,149,40,0.2684563758389262,40,5,0.125,11,6.787222222222222,3.216666666666667,11,21.0,2.0,1.0,14,6.0,0.2398309117885837,,purge,False,False,-0.0012645464552119,0.9870598027623624,-0.0012645464552119,False,False,0,purge,False,-0.39152148503716666,False,0.1797964825713215,True,2.776265564917713,False,False,False,False,False,False,False,False,True,False,False,False,True,False,False,False,False,False,False,False,False,-0.39152148503716666,False,0.1797964825713215,False,2.776265564917713,False,False,False,False,False,False,False,False,False,False,False,False,False,False,False,False,False,False,False,False,False,-0.39152148503716666,False,0.1797964825713215,False,2.776265564917713,False,False,False,False,False,False,False,False,False,False,False,False,False,False,False,False,False,False,False,False,False,-0.588486907808766,False,-0.478322702144159,True,7.110293377405207,False,False,False,False,False,False,False,False,True,True,False,False,True,True,False,False,False,False,False,False,False,-0.588486907808766,False,-0.478322702144159,True,7.110293377405207,False,False,False,False,False,False,False,False,True,True,False,False,True,True,False,False,False,False,False,False,False,-0.588486907808766,False,-0.478322702144159,True,7.110293377405207,False,False,False,False,False,False,False,False,True,False,False,False,True,False,False,False,False,False,False,False,-0.052256845928921276,-0.5980756395247171,6.306236647379317,7.076051051015946,7.150034791553729,False
docker/cli,2026-03-09,114,75,11,0.1466666666666666,75,1.6833333333333331,4.126666666666667,0.0333333333333333,1.65,73,39,0.5342465753424658,41,4,0.1025641025641025,6,109.04222222222222,60.41319444444444,6,12.5,1.5,1.0,3,6.0,0.2079101261926746,,purge,False,False,-0.0051052937946782,0.9870598027623624,-0.0051052937946782,False,False,0,purge,False,-0.5727021240726891,False,1.039674062476279,True,6.515426114675644,False,False,False,False,False,False,False,False,True,True,False,False,True,True,False,False,False,False,False,False,False,-0.5727021240726891,False,1.039674062476279,True,6.515426114675644,False,False,False,False,False,False,False,False,True,False,False,False,True,False,False,False,False,False,False,False,False,-0.5727021240726891,False,1.039674062476279,True,6.515426114675644,False,False,False,False,False,False,False,False,True,False,False,False,True,False,False,False,False,False,False,False,False,-0.770093375698087,False,0.0672347609348899,True,13.348207686335384,False,False,False,False,False,False,False,False,True,True,True,False,True,True,True,False,False,False,False,False,False,-0.770093375698087,False,0.0672347609348899,True,13.348207686335384,False,False,False,False,False,False,False,False,True,True,True,False,True,True,True,False,False,False,False,False,False,-0.770093375698087,False,0.0672347609348899,True,13.348207686335384,False,False,False,False,False,False,False,False,True,True,False,False,True,True,False,False,False,False,False,False,-0.2402844784484335,-0.21405998706104495,14.433880283886724,13.836299594556401,7.150034791553729,True
docker/cli,2026-03-16,303,281,43,0.1530249110320284,281,1.7666666666666666,4.15,0.05,1.7166666666666666,280,22,0.0785714285714285,23,6,0.2727272727272727,7,45.60888888888889,1.7791666666666666,7,50.0,2.0,1.0,16,6.0,0.194153078674204,,purge,False,False,0.0175818261076046,1.0176432261344426,0.0175818261076046,False,False,0,purge,False,1.692479393176417,False,0.9057689390919732,False,-0.5626408391635713,False,False,False,False,False,False,False,False,False,False,False,False,False,False,False,False,False,False,False,False,False,1.692479393176417,False,0.9057689390919732,False,-0.5626408391635713,False,False,False,False,False,False,False,False,False,False,False,False,False,False,False,False,False,False,False,False,False,1.692479393176417,False,0.9057689390919732,False,-0.5626408391635713,False,False,False,False,False,False,False,False,False,False,False,False,False,False,False,False,False,False,False,False,False,0.04117252658926941,False,0.19607885422099958,False,0.38332302095338056,False,False,False,False,False,False,False,False,False,False,False,False,False,False,False,False,False,False,False,False,False,0.04117252658926941,False,0.19607885422099958,False,0.38332302095338056,False,False,False,False,False,False,False,False,False,False,False,False,False,False,False,False,False,False,False,False,False,0.04117252658926941,False,0.19607885422099958,False,0.38332302095338056,False,False,False,False,False,False,False,False,False,False,False,False,False,False,False,False,False,False,False,False,0.8703861975625815,-0.10922268263526468,0.4997126061997293,9.541810356860104,7.150034791553729,True
docker/cli,2026-03-23,149,131,19,0.1450381679389313,131,1.6333333333333333,4.133333333333334,0.05,1.6166666666666667,133,14,0.1052631578947368,16,7,0.5,6,0.5495833333333333,0.1426388888888888,6,13.0,4.5,1.0,8,6.0,0.2182334129093284,,purge,False,False,0.0390847223339058,0.968250470804866,0.0390847223339058,False,False,0,purge,True,3.6235252024070355,False,0.6273286597759714,False,-0.3371793955121698,True,False,False,False,False,False,False,False,False,False,False,False,True,False,False,False,False,False,False,False,True,3.6235252024070355,False,0.6273286597759714,False,-0.3371793955121698,True,False,False,False,False,False,False,False,False,False,False,False,True,False,False,False,False,False,False,False,True,3.6235252024070355,False,0.6273286597759714,False,-0.3371793955121698,True,False,False,False,False,False,False,False,False,False,False,False,True,False,False,False,False,False,False,False,False,0.735382719798505,False,0.036442142780844,False,0.969177140872561,False,False,False,False,False,False,False,False,False,False,False,False,False,False,False,False,False,False,False,False,False,0.735382719798505,False,0.036442142780844,False,0.969177140872561,False,False,False,False,False,False,False,False,False,False,False,False,False,False,False,False,False,False,False,False,False,0.735382719798505,False,0.036442142780844,False,0.969177140872561,False,False,False,False,False,False,False,False,False,False,False,False,False,False,False,False,False,False,False,False,1.9230820175135996,-0.24091133266308987,1.31592352890185,7.816977946231197,7.150034791553729,True
docker/cli,2026-03-30,368,347,35,0.100864553314121,347,1.7,4.133333333333334,0.05,1.6666666666666667,341,27,0.0791788856304985,27,9,0.3333333333333333,28,34.11888888888889,34.115,28,54.5,3.5,1.0,22,6.0,0.2007029773156899,,holdout,False,False,0.0455404381589935,0.9932517730102832,0.0455404381589935,False,False,0,holdout,False,2.133064762921501,False,-0.7391475468049774,False,-0.685152805449472,False,False,False,False,False,False,False,False,False,False,False,False,False,False,False,False,False,False,False,False,False,2.133064762921501,False,-0.7391475468049774,False,-0.685152805449472,False,False,False,False,False,False,False,False,False,False,False,False,False,False,False,False,False,False,False,False,False,2.133064762921501,False,-0.7391475468049774,False,-0.685152805449472,False,False,False,False,False,False,False,False,False,False,False,False,False,False,False,False,False,False,False,False,False,0.9552068622859972,False,-0.9119237853403719,False,0.1507639682910017,False,False,False,False,False,False,False,False,False,False,False,False,False,False,False,False,False,False,False,False,False,0.9552068622859972,False,-0.9119237853403719,False,0.1507639682910017,False,False,False,False,False,False,False,False,False,False,False,False,False,False,False,False,False,False,False,False,False,0.9552068622859972,False,-0.9119237853403719,False,0.1507639682910017,False,False,False,False,False,False,False,False,False,False,False,False,False,False,False,False,False,False,False,False,2.239128051142738,-0.9692637547935079,0.5182881387431558,6.126762653670347,7.150034791553729,False
docker/cli,2026-04-06,84,71,2,0.028169014084507,71,1.6833333333333331,4.116666666666666,0.05,1.6833333333333331,70,14,0.2,14,1,0.0714285714285714,2,25.17652777777778,25.16958333333333,2,11.0,4.5,1.0,10,6.0,0.2001133786848072,,holdout,False,False,0.0431401862523743,0.9870598027623624,0.0431401862523743,False,False,0,holdout,False,2.004830420582135,False,-2.852543214422305,False,2.3939672026493235,False,False,False,False,False,False,False,False,False,False,False,False,False,False,False,False,False,False,False,False,False,2.004830420582135,False,-2.852543214422305,False,2.3939672026493235,False,False,False,False,False,False,False,False,False,False,False,False,False,False,False,False,False,False,False,False,False,2.004830420582135,False,-2.852543214422305,False,2.3939672026493235,False,False,False,False,False,False,False,False,False,False,False,False,False,False,False,False,False,False,False,False,False,0.7785480618615935,False,-2.254011724045543,False,2.2256630461136067,False,False,False,False,False,False,False,False,False,False,False,False,False,False,False,False,False,False,False,False,False,0.7785480618615935,False,-2.254011724045543,False,2.2256630461136067,False,False,False,False,False,False,False,False,False,False,False,False,False,False,False,False,False,False,False,False,False,0.7785480618615935,False,-2.254011724045543,False,2.2256630461136067,False,False,False,False,False,False,False,False,False,False,False,False,False,False,False,False,False,False,False,False,2.1216213151972365,-2.1678972043239826,4.212897508069939,8.53893566932665,7.150034791553729,True
docker/cli,2026-04-13,142,106,7,0.0660377358490566,106,1.7416666666666667,4.2,0.0333333333333333,1.7083333333333333,106,36,0.3396226415094339,36,2,0.0555555555555555,6,8.157222222222222,8.08875,6,17.5,1.5,1.0,12,6.0,0.1938107518349534,,holdout,False,False,0.0483309522620932,1.008566007983326,0.0483309522620932,False,False,0,holdout,False,2.2821490068764363,False,-1.717947291769965,True,5.922183017036058,False,False,False,False,False,False,False,False,True,False,False,False,True,False,False,False,False,False,False,False,False,2.2821490068764363,False,-1.717947291769965,True,5.922183017036058,False,False,False,False,False,False,False,False,True,False,False,False,True,False,False,False,False,False,False,False,False,2.2821490068764363,False,-1.717947291769965,True,5.922183017036058,False,False,False,False,False,False,False,False,True,False,False,False,True,False,False,False,False,False,False,False,False,0.8933626620136321,False,-1.5332905901534621,True,4.516927580827325,False,False,False,False,False,False,False,False,True,False,False,False,True,False,False,False,False,False,False,False,False,0.8933626620136321,False,-1.5332905901534621,True,4.516927580827325,False,False,False,False,False,False,False,False,True,False,False,False,True,False,False,False,False,False,False,False,False,0.8933626620136321,False,-1.5332905901534621,True,4.516927580827325,False,False,False,False,False,False,False,False,True,False,False,False,True,False,False,False,False,False,False,False,2.375740463765292,-1.543502405427422,8.482441967934015,15.985862655180904,7.150034791553729,True
docker/cli,2026-04-20,350,304,47,0.1546052631578947,304,1.7166666666666666,4.195,0.05,1.6833333333333331,304,46,0.1513157894736842,46,8,0.1739130434782608,14,1.8219444444444444,0.97625,14,33.5,3.5,1.0,17,7.0,0.1618938775510204,,holdout,False,False,0.0668462370668329,0.9994056385846616,0.0668462370668329,False,False,0,holdout,True,3.1517731020319353,False,1.1743365901601444,False,0.24761972609682387,True,False,False,False,False,False,False,False,False,False,False,False,True,True,False,False,False,False,False,False,True,3.1517731020319353,False,1.1743365901601444,False,0.24761972609682387,True,False,False,False,False,False,False,False,False,False,False,False,True,True,False,False,False,False,False,False,False,3.1517731020319353,False,1.1743365901601444,False,0.24761972609682387,False,False,False,False,False,False,False,False,False,False,False,False,False,False,False,False,False,False,False,False,False,1.6654112784052624,False,0.8389859895331633,False,1.220131820506926,False,False,False,False,False,False,False,False,False,False,False,False,False,False,False,False,False,False,False,False,False,1.6654112784052624,False,0.8389859895331633,False,1.220131820506926,False,False,False,False,False,False,False,False,False,False,False,False,False,False,False,False,False,False,False,False,False,1.6654112784052624,False,0.8389859895331633,False,1.220131820506926,False,False,False,False,False,False,False,False,False,False,False,False,False,False,False,False,False,False,False,False,3.282174774475111,-0.08316519767574364,2.7241747687752276,15.716117781948006,7.150034791553729,True
docker/cli,2026-04-27,34,34,25,0.7352941176470589,34,0.1416666666666666,3.871666666666666,0.05,0.0833333333333333,34,0,0.0,0,0,,0,,,0,,,,3,7.0,0.4065743944636678,,holdout,False,False,0.1536950114106444,0.1324891830460789,0.1536950114106444,False,False,0,holdout,True,4.046661106621476,True,18.3338402155632,False,-1.6866173796406254,True,True,False,False,True,False,False,False,False,False,False,False,True,True,True,False,True,False,False,False,True,4.046661106621476,True,18.3338402155632,False,-1.6866173796406254,True,True,False,False,True,False,False,False,False,False,False,False,True,True,True,False,True,False,False,False,True,4.046661106621476,True,18.3338402155632,False,-1.6866173796406254,True,False,False,False,True,False,False,False,False,False,False,False,True,False,False,False,True,False,False,False,True,4.92951129980941,True,14.970509096418116,False,-1.2710844674816104,True,False,False,False,True,False,False,False,False,False,False,False,True,False,False,False,True,False,False,False,True,4.92951129980941,True,14.970509096418116,False,-1.2710844674816104,True,False,False,False,True,False,False,False,False,False,False,False,True,False,False,False,True,False,False,False,True,4.92951129980941,True,14.970509096418116,False,-1.2710844674816104,True,False,False,False,True,False,False,False,False,False,False,False,True,False,False,False,True,False,False,False,7.533943501693027,9.49146747079896,-1.9029364479515793,15.553644215277144,7.150034791553729,True
docker/cli,2026-05-04,269,230,55,0.2391304347826087,229,1.6833333333333331,4.32,0.05,1.6333333333333333,225,44,0.1955555555555555,44,6,0.1363636363636363,12,212.6095833333333,212.6052777777778,12,22.0,1.5,1.0,8,7.0,0.1737538176642113,,holdout,False,False,0.121937939685472,0.9870598027623624,0.121937939685472,False,False,0,holdout,True,2.9961462946901296,True,2.929731738357949,False,0.813127115658323,True,True,True,False,True,True,False,False,False,False,False,False,True,True,True,True,True,True,False,False,False,2.9961462946901296,False,2.929731738357949,False,0.813127115658323,False,False,False,False,False,False,False,False,False,False,False,False,False,False,False,False,False,False,False,False,False,2.9961462946901296,False,2.929731738357949,False,0.813127115658323,False,False,False,False,False,False,False,False,False,False,False,False,False,False,False,False,False,False,False,False,True,3.3293983388741077,True,2.8959729743769573,False,1.6418942963950245,True,True,False,False,True,True,False,False,False,False,False,False,True,True,False,False,True,True,False,False,True,3.3293983388741077,False,2.8959729743769573,False,1.6418942963950245,True,True,False,False,False,False,False,False,False,False,False,False,True,True,False,False,False,False,False,False,False,3.3293983388741077,False,2.8959729743769573,False,1.6418942963950245,False,False,False,False,False,False,False,False,False,False,False,False,False,False,False,False,False,False,False,False,5.97924425061804,1.3105200147920628,4.076990086825016,21.342626149540262,7.150034791553729,True
docker/cli,2026-05-11,603,439,58,0.1321184510250569,439,1.7333333333333334,4.303333333333333,0.05,1.7,448,151,0.3370535714285714,155,7,0.0463576158940397,16,1.336666666666667,1.3340277777777776,16,12.0,1.0,1.0,18,7.0,0.1647236454543204,,holdout,False,False,0.1114598239596552,1.0055218656020977,0.1114598239596552,False,False,0,holdout,False,1.7584176415578605,False,-0.34446847213992704,False,2.083831536735222,False,False,False,False,False,False,False,False,False,False,False,False,False,False,False,False,False,False,False,False,False,1.7584176415578605,False,-0.34446847213992704,False,2.083831536735222,False,False,False,False,False,False,False,False,False,False,False,False,False,False,False,False,False,False,False,False,False,1.7584176415578605,False,-0.34446847213992704,False,2.083831536735222,False,False,False,False,False,False,False,False,False,False,False,False,False,False,False,False,False,False,False,False,True,2.761568042676329,False,0.27435277433532557,True,3.1327258651428855,True,True,True,False,False,False,False,False,True,False,False,False,True,True,True,False,True,True,True,False,False,2.761568042676329,False,0.27435277433532557,True,3.1327258651428855,False,False,False,False,False,False,False,False,True,False,False,False,True,True,True,False,False,False,False,False,False,2.761568042676329,False,0.27435277433532557,False,3.1327258651428855,False,False,False,False,False,False,False,False,False,False,False,False,False,False,False,False,False,False,False,False,5.466277601407375,-0.45393684998569805,8.403881937754326,30.585947375603574,7.150034791553729,True
docker/cli,2026-05-18,139,129,25,0.1937984496124031,129,0.1666666666666666,3.9100000000000006,0.05,0.1,133,6,0.0451127819548872,6,0,0.0,8,1.8319444444444444,1.2530555555555556,8,8.0,1.0,1.0,10,7.0,0.2045960354018943,,holdout,False,False,0.0503766417480529,0.1541506798272582,0.0503766417480529,False,False,0,holdout,False,0.13006839514138144,False,1.8500883471580059,False,-0.9930138858713803,False,False,False,False,False,False,False,False,False,False,False,False,False,False,False,False,False,False,False,False,False,0.13006839514138144,False,1.8500883471580059,False,-0.9930138858713803,False,False,False,False,False,False,False,False,False,False,False,False,False,False,False,False,False,False,False,False,False,0.13006839514138144,False,1.8500883471580059,False,-0.9930138858713803,False,False,False,False,False,False,False,False,False,False,False,False,False,False,False,False,False,False,False,False,False,0.7380469807499491,False,1.7708823345627702,False,-0.6870566916149023,False,False,False,False,False,False,False,False,False,False,False,False,False,False,False,False,False,False,False,False,False,0.7380469807499491,False,1.7708823345627702,False,-0.6870566916149023,False,False,False,False,False,False,False,False,False,False,False,False,False,False,False,False,False,False,False,False,False,0.7380469807499491,False,1.7708823345627702,False,-0.6870566916149023,False,False,False,False,False,False,False,False,False,False,False,False,False,False,False,False,False,False,False,False,2.4758892413124527,0.5630679106539757,-0.5234250293001096,22.453439471286487,7.150034791553729,True
docker/cli,2026-05-25,200,147,32,0.2176870748299319,147,1.7333333333333334,4.19,0.05,1.8166666666666669,138,61,0.4420289855072464,62,9,0.1475409836065573,5,3.905555555555555,3.9027777777777777,5,6.0,1.0,1.0,14,8.0,0.15165,,holdout,False,False,0.0652239816278372,1.0055218656020977,0.0652239816278372,False,False,0,holdout,False,0.474857913514753,False,1.1704931641609524,True,2.695512916059798,False,False,False,False,False,False,False,False,True,False,False,False,True,False,False,False,False,False,False,False,False,0.474857913514753,False,1.1704931641609524,False,2.695512916059798,False,False,False,False,False,False,False,False,False,False,False,False,False,False,False,False,False,False,False,False,False,0.474857913514753,False,1.1704931641609524,False,2.695512916059798,False,False,False,False,False,False,False,False,False,False,False,False,False,False,False,False,False,False,False,False,False,1.131774744898071,False,2.1444363571472715,True,3.9917826750343823,False,False,False,False,False,False,False,False,True,False,False,False,True,False,False,False,False,False,False,False,False,1.131774744898071,False,2.1444363571472715,True,3.9917826750343823,False,False,False,False,False,False,False,False,True,False,False,False,True,False,False,False,False,False,False,False,False,1.131774744898071,False,2.1444363571472715,True,3.9917826750343823,False,False,False,False,False,False,False,False,True,False,False,False,True,False,False,False,False,False,False,False,3.202755634767095,0.9569532240098013,11.613942947603226,28.872578020364053,7.150034791553729,True
docker/cli,2026-06-01,334,260,50,0.1923076923076923,259,0.4333333333333333,4.15,0.05,0.3666666666666666,263,71,0.2699619771863117,71,6,0.0845070422535211,11,21.95055555555556,1.242222222222222,11,18.0,2.0,1.0,12,9.0,0.1519954103768511,,holdout,False,False,0.0878031436023761,0.360002734031407,0.0878031436023761,False,False,0,holdout,False,1.4379270206255506,False,0.672118550752314,False,0.4290021657594116,False,False,False,False,False,False,False,False,False,False,False,False,False,False,False,False,False,False,False,False,False,1.4379270206255506,False,0.672118550752314,False,0.4290021657594116,False,False,False,False,False,False,False,False,False,False,False,False,False,False,False,False,False,False,False,False,False,1.4379270206255506,False,0.672118550752314,False,0.4290021657594116,False,False,False,False,False,False,False,False,False,False,False,False,False,False,False,False,False,False,False,False,False,1.3415977936756824,False,1.2064089649720884,False,1.4093188891372679,False,False,False,False,False,False,False,False,False,False,False,False,False,False,False,False,False,False,False,False,False,1.3415977936756824,False,1.2064089649720884,False,1.4093188891372679,False,False,False,False,False,False,False,False,False,False,False,False,False,False,False,False,False,False,False,False,False,1.3415977936756824,False,1.2064089649720884,False,1.4093188891372679,False,False,False,False,False,False,False,False,False,False,False,False,False,False,False,False,False,False,False,False,4.308141122305332,0.5384877013385962,6.3522766866021785,33.924728329683134,7.150034791553729,True
docker/cli,2026-06-08,504,428,69,0.161214953271028,427,0.4166666666666667,4.266666666666667,0.05,0.3666666666666666,436,66,0.1513761467889908,68,14,0.2121212121212121,20,5.474444444444444,0.0840277777777777,20,30.0,4.0,1.0,19,9.0,0.1265510833963214,,holdout,False,False,0.0985243442107199,0.3483066942682157,0.0985243442107199,False,False,0,holdout,False,1.9718262514966893,False,0.13548266847231955,False,-0.25472347181109795,False,False,False,False,False,False,False,False,False,False,False,False,False,False,False,False,False,False,False,False,False,1.9718262514966893,False,0.13548266847231955,False,-0.25472347181109795,False,False,False,False,False,False,False,False,False,False,False,False,False,False,False,False,False,False,False,False,False,1.9718262514966893,False,0.13548266847231955,False,-0.25472347181109795,False,False,False,False,False,False,False,False,False,False,False,False,False,False,False,False,False,False,False,False,False,1.4708515506535431,False,0.5320860542162613,False,0.12419743013272004,False,False,False,False,False,False,False,False,False,False,False,False,False,False,False,False,False,False,False,False,False,1.4708515506535431,False,0.5320860542162613,False,0.12419743013272004,False,False,False,False,False,False,False,False,False,False,False,False,False,False,False,False,False,False,False,False,False,1.4708515506535431,False,0.5320860542162613,False,0.12419743013272004,False,False,False,False,False,False,False,False,False,False,False,False,False,False,False,False,False,False,False,False,4.83300823539009,0.02581804592615569,2.7260204453674595,32.552621703388056,7.150034791553729,True
docker/cli,2026-06-15,83,66,15,0.2272727272727272,66,0.3249999999999999,4.075,0.05,0.2916666666666666,60,19,0.3166666666666666,23,2,0.1052631578947368,1,0.1858333333333333,0.055,1,16.0,3.0,2.0,12,9.0,0.1270140804180577,,holdout,False,False,0.0567715381235082,0.2814124594381855,0.0567715381235082,False,False,0,holdout,False,-0.2524936507872457,False,1.2505625975816403,False,1.531314604548272,False,False,False,False,False,False,False,False,False,False,False,False,False,False,False,False,False,False,False,False,False,-0.2524936507872457,False,1.2505625975816403,False,1.531314604548272,False,False,False,False,False,False,False,False,False,False,False,False,False,False,False,False,False,False,False,False,False,-0.2524936507872457,False,1.2505625975816403,False,1.531314604548272,False,False,False,False,False,False,False,False,False,False,False,False,False,False,False,False,False,False,False,False,False,0.42458217982140234,False,1.76959612411584,False,1.5494448092846862,False,False,False,False,False,False,False,False,False,False,False,False,False,False,False,False,False,False,False,False,False,0.42458217982140234,False,1.76959612411584,False,1.5494448092846862,False,False,False,False,False,False,False,False,False,False,False,False,False,False,False,False,False,False,False,False,False,0.42458217982140234,False,1.76959612411584,False,1.5494448092846862,False,False,False,False,False,False,False,False,False,False,False,False,False,False,False,False,False,False,False,False,2.7889577978740396,1.1150053380083917,7.7804673157491555,37.52378098702165,7.150034791553729,True
docker/cli,2026-06-22,164,149,21,0.1409395973154362,149,0.45,4.1,0.05,0.3666666666666666,142,19,0.1338028169014084,22,5,0.2631578947368421,7,0.7725,0.0955555555555555,7,2.0,1.0,1.0,8,9.0,0.125,,holdout,False,False,0.0756638475099027,0.371563556432483,0.0756638475099027,False,False,0,holdout,False,0.3188579203850077,False,-0.2421644496369945,False,-0.3579037931006082,False,False,False,False,False,False,False,False,False,False,False,False,False,False,False,False,False,False,False,False,False,0.3188579203850077,False,-0.2421644496369945,False,-0.3579037931006082,False,False,False,False,False,False,False,False,False,False,False,False,False,False,False,False,False,False,False,False,False,0.3188579203850077,False,-0.2421644496369945,False,-0.3579037931006082,False,False,False,False,False,False,False,False,False,False,False,False,False,False,False,False,False,False,False,False,False,0.670307748521878,False,-0.03814132618299114,False,-0.13997005899189582,False,False,False,False,False,False,False,False,False,False,False,False,False,False,False,False,False,False,False,False,False,0.670307748521878,False,-0.03814132618299114,False,-0.13997005899189582,False,False,False,False,False,False,False,False,False,False,False,False,False,False,False,False,False,False,False,False,False,0.670307748521878,False,-0.03814132618299114,False,-0.13997005899189582,False,False,False,False,False,False,False,False,False,False,False,False,False,False,False,False,False,False,False,False,3.713849724569622,-0.30849022260112474,2.188642607133238,32.48097660004045,7.150034791553729,True
docker/cli,2026-06-29,122,119,21,0.1764705882352941,118,0.4,4.1883333333333335,0.05,0.3333333333333333,120,2,0.0166666666666666,2,0,0.0,3,9.928055555555556,0.0383333333333333,3,6.0,1.0,1.0,3,9.0,0.1460628863208814,,holdout,False,False,0.0787508775360808,0.3364722366212129,0.0787508775360808,False,False,0,holdout,False,0.38314671956858565,False,0.18220999192694862,False,-1.0367963149855686,False,False,False,False,False,False,False,False,False,False,False,False,False,False,False,False,False,False,False,False,False,0.38314671956858565,False,0.18220999192694862,False,-1.0367963149855686,False,False,False,False,False,False,False,False,False,False,False,False,False,False,False,False,False,False,False,False,False,0.38314671956858565,False,0.18220999192694862,False,-1.0367963149855686,False,False,False,False,False,False,False,False,False,False,False,False,False,False,False,False,False,False,False,False,False,0.6767899725118947,False,0.5775908249948039,False,-1.2534694042903745,False,False,False,False,False,False,False,False,False,False,False,False,False,False,False,False,False,False,False,False,False,0.6767899725118947,False,0.5775908249948039,False,-1.2534694042903745,False,False,False,False,False,False,False,False,False,False,False,False,False,False,False,False,False,False,False,False,False,0.6767899725118947,False,0.5775908249948039,False,-1.2534694042903745,False,False,False,False,False,False,False,False,False,False,False,False,False,False,False,False,False,False,False,False,3.8649783711677537,0.27735912472933566,-1.3932836182831216,24.17260002992961,7.150034791553729,True
docker/cli,2026-07-06,435,372,31,0.0833333333333333,371,1.8333333333333333,4.3,0.05,1.1833333333333331,400,34,0.085,35,11,0.3235294117647059,15,12.262777777777778,0.0766666666666666,15,7.0,1.0,1.0,24,9.0,0.1178121284185493,,holdout,False,False,0.0818434682374748,1.041453874828161,0.0818434682374748,False,False,0,holdout,False,0.1823274941208265,False,-1.5241526627978421,False,-0.6157048675956074,False,False,False,False,False,False,False,False,False,False,False,False,False,False,False,False,False,False,False,False,False,0.1823274941208265,False,-1.5241526627978421,False,-0.6157048675956074,False,False,False,False,False,False,False,False,False,False,False,False,False,False,False,False,False,False,False,False,False,0.1823274941208265,False,-1.5241526627978421,False,-0.6157048675956074,False,False,False,False,False,False,False,False,False,False,False,False,False,False,False,False,False,False,False,False,False,0.705846063922031,False,-1.0364255823981008,False,-0.6139267563031242,False,False,False,False,False,False,False,False,False,False,False,False,False,False,False,False,False,False,False,False,False,0.705846063922031,False,-1.0364255823981008,False,-0.6139267563031242,False,False,False,False,False,False,False,False,False,False,False,False,False,False,False,False,False,False,False,False,False,0.705846063922031,False,-1.0364255823981008,False,-0.6139267563031242,False,False,False,False,False,False,False,False,False,False,False,False,False,False,False,False,False,False,False,False,4.016379246190106,-1.258325599615602,0.6962929833575662,21.529894447401105,7.150034791553729,True
docker/cli,2026-07-13,137,102,6,0.0588235294117647,102,1.6833333333333331,4.233333333333333,0.05,1.6333333333333333,126,11,0.0873015873015873,11,0,0.0,4,10.274027777777778,7.664583333333334,4,6.5,1.0,1.0,7,9.0,0.1173743939474665,,holdout,False,False,0.0888878025182721,0.9870598027623624,0.0888878025182721,False,False,0,holdout,False,0.34577964210821766,False,-1.925245468797274,False,-0.36444234650115037,False,False,False,False,False,False,False,False,False,False,False,False,False,False,False,False,False,False,False,False,False,0.34577964210821766,False,-1.925245468797274,False,-0.36444234650115037,False,False,False,False,False,False,False,False,False,False,False,False,False,False,False,False,False,False,False,False,False,0.34577964210821766,False,-1.925245468797274,False,-0.36444234650115037,False,False,False,False,False,False,False,False,False,False,False,False,False,False,False,False,False,False,False,False,False,0.7569202360860506,False,-1.4611667422383383,False,-0.5788963393756829,False,False,False,False,False,False,False,False,False,False,False,False,False,False,False,False,False,False,False,False,False,0.7569202360860506,False,-1.4611667422383383,False,-0.5788963393756829,False,False,False,False,False,False,False,False,False,False,False,False,False,False,False,False,False,False,False,False,False,0.7569202360860506,False,-1.4611667422383383,False,-0.5788963393756829,False,False,False,False,False,False,False,False,False,False,False,False,False,False,False,False,False,False,False,False,4.361241685821037,-1.6624531586537432,0.7666736122165436,20.50592297097219,7.150034791553729,True
docker/cli,2026-07-20,301,201,31,0.154228855721393,200,0.3166666666666666,4.171666666666667,0.05,0.2833333333333333,242,59,0.2438016528925619,59,3,0.0508474576271186,8,81.39541666666668,52.19513888888889,8,9.0,2.5,1.0,11,9.0,0.1490380900873059,,holdout,False,False,0.0635152745349007,0.2751032902449208,0.0635152745349007,False,False,0,holdout,False,-0.7438374951434746,False,-0.36397675529500734,False,0.5873737638475689,False,False,False,False,False,False,False,False,False,False,False,False,False,False,False,False,False,False,False,False,False,-0.7438374951434746,False,-0.36397675529500734,False,0.5873737638475689,False,False,False,False,False,False,False,False,False,False,False,False,False,False,False,False,False,False,False,False,False,-0.7438374951434746,False,-0.36397675529500734,False,0.5873737638475689,False,False,False,False,False,False,False,False,False,False,False,False,False,False,False,False,False,False,False,False,False,0.26929568597451053,False,0.22679290171480687,False,1.1965331912476729,False,False,False,False,False,False,False,False,False,False,False,False,False,False,False,False,False,False,False,False,False,0.26929568597451053,False,0.22679290171480687,False,1.1965331912476729,False,False,False,False,False,False,False,False,False,False,False,False,False,False,False,False,False,False,False,False,False,0.26929568597451053,False,0.22679290171480687,False,1.1965331912476729,False,False,False,False,False,False,False,False,False,False,False,False,False,False,False,False,False,False,False,False,3.119104167758908,-0.08937155571124673,5.55231568852093,22.713917143076525,7.150034791553729,True
docker/cli,2026-07-27,408,314,60,0.1910828025477707,313,0.3333333333333333,4.366666666666666,0.05,0.2666666666666666,375,32,0.0853333333333333,33,3,0.09375,19,32.096944444444446,0.0630555555555555,19,79.0,4.0,1.0,19,10.0,0.1315359477124182,,holdout,False,False,0.1386441793919567,0.2876820724517809,0.1386441793919567,False,False,0,holdout,False,2.296735187459348,False,0.2391228448506173,False,-0.4191968462058469,False,False,False,False,False,False,False,False,False,False,False,False,False,False,False,False,False,False,False,False,False,2.296735187459348,False,0.2391228448506173,False,-0.4191968462058469,False,False,False,False,False,False,False,False,False,False,False,False,False,False,False,False,False,False,False,False,False,2.296735187459348,False,0.2391228448506173,False,-0.4191968462058469,False,False,False,False,False,False,False,False,False,False,False,False,False,False,False,False,False,False,False,False,False,1.65017851146499,False,0.8308123062753539,False,-0.5887535027044632,False,False,False,False,False,False,False,False,False,False,False,False,False,False,False,False,False,False,False,False,False,1.65017851146499,False,0.8308123062753539,False,-0.5887535027044632,False,False,False,False,False,False,False,False,False,False,False,False,False,False,False,False,False,False,False,False,False,1.65017851146499,False,0.8308123062753539,False,-0.5887535027044632,False,False,False,False,False,False,False,False,False,False,False,False,False,False,False,False,False,False,False,False,6.797114946780596,0.5182912236208651,0.7064860399509343,25.224882548462276,7.150034791553729,True
docker/cli,2026-08-03,279,134,28,0.208955223880597,134,0.55,9.448333333333338,0.05,0.375,248,31,0.125,31,1,0.032258064516129,6,13.399583333333332,13.301666666666668,6,11.0,1.5,1.0,16,9.0,0.1271437931167379,,holdout,False,False,0.27013840519323,0.4382549309311553,0.27013840519323,False,False,0,holdout,True,7.613700577630863,False,0.6166612864004094,False,-0.19248439126572645,True,False,False,False,False,False,False,False,False,False,False,False,True,False,False,False,False,False,False,False,True,7.613700577630863,False,0.6166612864004094,False,-0.19248439126572645,True,False,False,False,False,False,False,False,False,False,False,False,True,False,False,False,False,False,False,False,True,7.613700577630863,False,0.6166612864004094,False,-0.19248439126572645,True,False,False,False,False,False,False,False,False,False,False,False,True,False,False,False,False,False,False,False,True,5.022315833108454,False,0.9710130771365433,False,-0.15122319489715205,True,False,False,False,False,False,False,False,False,False,False,False,True,False,False,False,False,False,False,False,True,5.022315833108454,False,0.9710130771365433,False,-0.15122319489715205,True,False,False,False,False,False,False,False,False,False,False,False,True,False,False,False,False,False,False,False,True,5.022315833108454,False,0.9710130771365433,False,-0.15122319489715205,True,False,False,False,False,False,False,False,False,False,False,False,True,False,False,False,False,False,False,False,13.234546462605127,0.812978934320186,1.9194597745618698,31.553341315331988,7.150034791553729,True
helm/helm,2025-06-23,69,51,7,0.1372549019607843,51,3.8333333333333335,5.833333333333333,0.05,3.7666666666666666,51,18,0.3529411764705882,18,0,0.0,9,162.33027777777778,30.54805555555556,9,11.0,2.0,1.0,10,3.0,0.3333333333333333,,external,True,False,-0.0396805224043921,1.5755363607584192,-0.0396805224043921,False,False,0,external_calibration,,,,,,,,,,,,,,,,,,,,,,,,,,,,,,,,,,,,,,,,,,,,,,,,,,,,,,,,,,,,,,,,,,,,,,,,,,,,,,,,,,,,,,,,,,,,,,,,,,,,,,,,,,,,,,,,,,,,,,,,,,,,,,,,,,,,,,,,,,,,,,,,,,,,,,,,,,,,,-0.9290837421725541,0.47801747518461485,1.265995228833484,0.07324978504044076,7.150034791553729,False
helm/helm,2025-06-30,96,84,14,0.1666666666666666,84,3.858333333333333,5.9783333333333335,0.0666666666666666,3.8,84,12,0.1428571428571428,12,0,0.0,6,42.72444444444445,8.124861111111112,6,27.5,2.5,1.0,8,3.0,0.3333333333333333,,external,True,False,-0.0309026829350424,1.5806954435684464,-0.0309026829350424,False,False,0,external_calibration,,,,,,,,,,,,,,,,,,,,,,,,,,,,,,,,,,,,,,,,,,,,,,,,,,,,,,,,,,,,,,,,,,,,,,,,,,,,,,,,,,,,,,,,,,,,,,,,,,,,,,,,,,,,,,,,,,,,,,,,,,,,,,,,,,,,,,,,,,,,,,,,,,,,,,,,,,,,,-0.6813821939578608,1.067437328060559,-0.34570409700545274,0.10188322668795358,7.150034791553729,False
helm/helm,2025-07-07,177,149,13,0.087248322147651,149,3.816666666666667,6.0,0.0666666666666666,3.7666666666666666,149,28,0.1879194630872483,28,0,0.0,10,15.586111111111112,15.58375,10,12.0,2.0,1.0,21,3.0,0.3335248491812697,,external,True,False,-0.0237609548877995,1.5720821258903317,-0.0237609548877995,False,False,0,external_calibration,,,,,,,,,,,,,,,,,,,,,,,,,,,,,,,,,,,,,,,,,,,,,,,,,,,,,,,,,,,,,,,,,,,,,,,,,,,,,,,,,,,,,,,,,,,,,,,,,,,,,,,,,,,,,,,,,,,,,,,,,,,,,,,,,,,,,,,,,,,,,,,,,,,,,,,,,,,,,-0.4798500173434006,-0.5241281359691168,0.0,0.027559573926239873,7.150034791553729,False
helm/helm,2025-07-14,106,84,13,0.1547619047619047,76,3.9166666666666665,6.058333333333334,0.05,3.866666666666666,84,22,0.2619047619047619,22,0,0.0,17,76.7725,19.136944444444445,17,48.0,2.0,1.0,12,3.0,0.3364186543253826,,external,True,False,-0.0141856666558403,1.5926307941177191,-0.0141856666558403,False,False,0,external_calibration,,,,,,,,,,,,,,,,,,,,,,,,,,,,,,,,,,,,,,,,,,,,,,,,,,,,,,,,,,,,,,,,,,,,,,,,,,,,,,,,,,,,,,,,,,,,,,,,,,,,,,,,,,,,,,,,,,,,,,,,,,,,,,,,,,,,,,,,,,,,,,,,,,,,,,,,,,,,,-0.20964529009359356,0.82886262570601,0.5675921876366118,0.11111618630883531,7.150034791553729,False
helm/helm,2025-07-21,108,87,5,0.057471264367816,87,3.85,6.1033333333333335,0.05,3.816666666666667,87,21,0.2413793103448276,21,0,0.0,7,20.050833333333333,17.56138888888889,7,6.0,2.0,1.0,14,3.0,0.3333333333333333,,external,True,False,-0.0306584700666688,1.5789787049493915,-0.0306584700666688,False,False,0,external_calibration,,,,,,,,,,,,,,,,,,,,,,,,,,,,,,,,,,,,,,,,,,,,,,,,,,,,,,,,,,,,,,,,,,,,,,,,,,,,,,,,,,,,,,,,,,,,,,,,,,,,,,,,,,,,,,,,,,,,,,,,,,,,,,,,,,,,,,,,,,,,,,,,,,,,,,,,,,,,,-0.6744907594765952,-1.120868562501858,0.410127310974187,0.05815353559450323,7.150034791553729,False
helm/helm,2025-07-28,48,33,5,0.1515151515151515,33,4.116666666666666,6.023333333333333,0.05,4.066666666666666,33,15,0.4545454545454545,15,0,0.0,2,40.16861111111111,22.924444444444443,2,18.0,2.0,1.0,7,3.0,0.3333333333333333,,external,True,False,-0.0152708714734987,1.6325031853650964,-0.0152708714734987,False,False,0,external_calibration,,,,,,,,,,,,,,,,,,,,,,,,,,,,,,,,,,,,,,,,,,,,,,,,,,,,,,,,,,,,,,,,,,,,,,,,,,,,,,,,,,,,,,,,,,,,,,,,,,,,,,,,,,,,,,,,,,,,,,,,,,,,,,,,,,,,,,,,,,,,,,,,,,,,,,,,,,,,,-0.24026864728788322,0.7637967977911335,2.045471630057406,0.3833354339044475,7.150034791553729,False
helm/helm,2025-08-04,186,146,14,0.0958904109589041,146,4.216666666666667,6.1,0.05,4.158333333333333,145,40,0.2758620689655172,41,0,0.0,14,119.32097222222222,16.27652777777778,14,25.0,2.0,1.0,11,3.0,0.3335067637877211,,external,True,False,-0.0036457174616624,1.6518586283180523,-0.0036457174616624,False,False,0,external_calibration,,,,,,,,,,,,,,,,,,,,,,,,,,,,,,,,,,,,,,,,,,,,,,,,,,,,,,,,,,,,,,,,,,,,,,,,,,,,,,,,,,,,,,,,,,,,,,,,,,,,,,,,,,,,,,,,,,,,,,,,,,,,,,,,,,,,,,,,,,,,,,,,,,,,,,,,,,,,,0.08778117146545916,-0.35093829963634865,0.6746683037670601,0.38219894636577095,7.150034791553729,False
helm/helm,2025-08-11,109,85,5,0.0588235294117647,85,4.15,6.07,0.05,4.116666666666666,84,24,0.2857142857142857,25,0,0.0,10,338.64722222222224,15.092083333333331,10,17.5,2.0,1.0,13,3.0,0.3333894453328844,,external,True,False,0.0027920135865936,1.6389967146756448,0.0027920135865936,False,False,0,external_calibration,,,,,,,,,,,,,,,,,,,,,,,,,,,,,,,,,,,,,,,,,,,,,,,,,,,,,,,,,,,,,,,,,,,,,,,,,,,,,,,,,,,,,,,,,,,,,,,,,,,,,,,,,,,,,,,,,,,,,,,,,,,,,,,,,,,,,,,,,,,,,,,,,,,,,,,,,,,,,0.26944728112842714,-1.0937687991512381,0.7502514445650244,0.4138176656669799,7.150034791553729,False
helm/helm,2025-08-18,196,178,15,0.0842696629213483,178,3.8333333333333335,6.171666666666667,0.05,3.783333333333333,177,19,0.1073446327683615,19,1,0.0526315789473684,20,112.1434722222222,20.783472222222223,20,48.0,2.0,1.0,21,3.0,0.342930029154519,,external,True,False,-0.0067564329057476,1.5755363607584192,-0.0067564329057476,False,False,0,external_calibration,,,,,,,,,,,,,,,,,,,,,,,,,,,,,,,,,,,,,,,,,,,,,,,,,,,,,,,,,,,,,,,,,,,,,,,,,,,,,,,,,,,,,,,,,,,,,,,,,,,,,,,,,,,,,,,,,,,,,,,,,,,,,,,,,,,,,,,,,,,,,,,,,,,,,,,,,,,,,0.0,-0.583821285988904,-0.618145022593594,0.15288122317119804,7.150034791553729,False
helm/helm,2025-08-25,204,204,30,0.1470588235294117,204,3.991666666666666,6.445,0.05,3.933333333333333,204,0,0.0,0,0,,13,114.00527777777778,58.196666666666665,13,33.0,2.0,1.0,24,3.0,0.3356401384083045,,external,True,False,0.0310061845750457,1.6077698553334034,0.0310061845750457,False,False,0,external_calibration,,,,,,,,,,,,,,,,,,,,,,,,,,,,,,,,,,,,,,,,,,,,,,,,,,,,,,,,,,,,,,,,,,,,,,,,,,,,,,,,,,,,,,,,,,,,,,,,,,,,,,,,,,,,,,,,,,,,,,,,,,,,,,,,,,,,,,,,,,,,,,,,,,,,,,,,,,,,,1.0656219958559705,0.6744907594765952,-1.441659638575929,0.013548021463196606,7.150034791553729,False
helm/helm,2025-09-01,253,223,34,0.1524663677130044,223,4.116666666666666,6.646666666666667,0.05,4.066666666666666,222,31,0.1396396396396396,31,0,0.0,22,35.090555555555554,12.952916666666669,22,76.5,2.0,1.0,32,3.0,0.3333437485353623,,external,True,False,0.0526844557794401,1.6325031853650964,0.0526844557794401,False,False,0,external_calibration,,,,,,,,,,,,,,,,,,,,,,,,,,,,,,,,,,,,,,,,,,,,,,,,,,,,,,,,,,,,,,,,,,,,,,,,,,,,,,,,,,,,,,,,,,,,,,,,,,,,,,,,,,,,,,,,,,,,,,,,,,,,,,,,,,,,,,,,,,,,,,,,,,,,,,,,,,,,,1.6773603807622406,0.7828594319784504,-0.370387780374157,0.1912018232518291,7.150034791553729,False
helm/helm,2025-09-08,198,180,16,0.0888888888888888,180,4.316666666666666,6.751666666666667,0.05,4.258333333333333,180,18,0.1,18,0,0.0,14,23.182916666666667,19.21208333333333,14,14.0,2.0,1.0,22,3.0,0.3333333333333333,,external,True,False,0.0747098396087015,1.6708465405627435,0.0747098396087015,False,False,0,external_calibration,,,,,,,,,,,,,,,,,,,,,,,,,,,,,,,,,,,,,,,,,,,,,,,,,,,,,,,,,,,,,,,,,,,,,,,,,,,,,,,,,,,,,,,,,,,,,,,,,,,,,,,,,,,,,,,,,,,,,,,,,,,,,,,,,,,,,,,,,,,,,,,,,,,,,,,,,,,,,2.298893924817256,-0.4912507273224962,-0.6744907594765952,0.6415774619008815,7.150034791553729,False
helm/helm,2025-09-15,103,97,11,0.1134020618556701,97,4.25,6.506666666666667,0.05,4.216666666666667,96,7,0.0729166666666666,7,0,0.0,7,65.39166666666667,18.523611111111112,7,64.0,4.0,1.0,16,3.0,0.333396173060609,,external,True,False,0.0282527923718148,1.6582280766035324,0.0282527923718148,False,False,0,external_calibration,,,,,,,,,,,,,,,,,,,,,,,,,,,,,,,,,,,,,,,,,,,,,,,,,,,,,,,,,,,,,,,,,,,,,,,,,,,,,,,,,,,,,,,,,,,,,,,,,,,,,,,,,,,,,,,,,,,,,,,,,,,,,,,,,,,,,,,,,,,,,,,,,,,,,,,,,,,,,0.9879241165584483,0.0,-0.8822656642326653,0.7028694025683855,7.150034791553729,False
helm/helm,2025-09-22,99,84,4,0.0476190476190476,84,4.333333333333333,5.773333333333333,0.05,4.283333333333333,84,15,0.1785714285714285,15,0,0.0,10,105.71638888888889,27.45083333333333,10,6.0,1.5,1.0,17,3.0,0.3333333333333333,,external,False,True,0.026319551832326,1.6739764335716716,0.026319551832326,False,False,0,external_evaluation,False,0.9333700686774311,False,-1.3183096954849318,False,-0.07171521161283366,False,,,,False,,,,False,,,,False,,,,False,,,,False,0.9333700686774311,False,-1.3183096954849318,False,-0.07171521161283366,False,,,,False,,,,False,,,,False,,,,False,,,,False,0.9333700686774311,False,-1.3183096954849318,False,-0.07171521161283366,False,,,,False,,,,False,,,,False,,,,False,,,,,,,,,,,,,,,,,,,,,,,,,,,,,,,,,,,,,,,,,,,,,,,,,,,,,,,,,,,,,,,,,,,,,,,,,,,,,,,,,,0.9333700686774311,-1.3183096954849318,-0.07171521161283366,0.7350875502790138,7.150034791553729,False
helm/helm,2025-09-29,99,90,6,0.0666666666666666,90,4.558333333333334,5.883333333333334,0.05,4.516666666666667,93,6,0.064516129032258,6,0,0.0,9,242.26416666666665,58.71666666666667,9,6.0,2.0,1.0,13,3.0,0.3333333333333333,,external,False,True,0.0489644609517726,1.7152983031335778,0.0489644609517726,False,False,0,external_evaluation,False,1.3136417348189957,False,-0.51305526622482,False,-0.9790994895628005,False,False,,,False,False,,,False,False,,,False,False,,,False,False,,,False,1.3136417348189957,False,-0.51305526622482,False,-0.9790994895628005,False,False,,,False,False,,,False,False,,,False,False,,,False,False,,,False,1.3136417348189957,False,-0.51305526622482,False,-0.9790994895628005,False,False,,,False,False,,,False,False,,,False,False,,,False,False,,,,,,,,,,,,,,,,,,,,,,,,,,,,,,,,,,,,,,,,,,,,,,,,,,,,,,,,,,,,,,,,,,,,,,,,,,,,,,,,,1.57238597545654,-0.9365901717176541,-0.9467119746408755,1.0007504810365324,7.150034791553729,False
helm/helm,2025-10-06,135,123,4,0.032520325203252,123,4.616666666666666,5.863333333333333,0.05,4.533333333333333,123,12,0.0975609756097561,12,0,0.0,16,71.28291666666667,48.07861111111112,16,24.0,2.0,1.0,21,3.0,0.3333333333333333,,external,False,True,0.0663449637855849,1.725738368130261,0.0663449637855849,False,False,0,external_evaluation,False,1.6836043393761986,False,-1.2645807664418054,False,-0.6556896233239361,False,False,False,,False,False,False,,False,False,False,,False,False,False,,False,False,False,,False,1.6836043393761986,False,-1.2645807664418054,False,-0.6556896233239361,False,False,False,,False,False,False,,False,False,False,,False,False,False,,False,False,False,,False,1.6836043393761986,False,-1.2645807664418054,False,-0.6556896233239361,False,False,False,,False,False,False,,False,False,False,,False,False,False,,False,False,False,,,,,,,,,,,,,,,,,,,,,,,,,,,,,,,,,,,,,,,,,,,,,,,,,,,,,,,,,,,,,,,,,,,,,,,,,,,,,,,,2.0628457834443608,-1.6208922448126528,-0.6932021955521888,1.4710519214230695,7.150034791553729,False
helm/helm,2025-10-13,120,111,9,0.081081081081081,111,4.483333333333333,5.783333333333333,0.05,4.45,111,9,0.081081081081081,9,0,0.0,10,64.07763888888888,9.934861111111111,10,35.0,2.0,1.0,18,3.0,0.3333333333333333,,external,False,True,0.0353867626221386,1.7017131885432712,0.0353867626221386,False,False,0,external_evaluation,False,0.20409460805953825,False,-0.16762229157724187,False,-0.5257635900755666,False,False,False,False,False,False,False,False,False,False,False,False,False,False,False,False,False,False,False,False,False,0.20409460805953825,False,-0.16762229157724187,False,-0.5257635900755666,False,False,False,False,False,False,False,False,False,False,False,False,False,False,False,False,False,False,False,False,False,0.20409460805953825,False,-0.16762229157724187,False,-0.5257635900755666,False,False,False,False,False,False,False,False,False,False,False,False,False,False,False,False,False,False,False,False,,,,,,,,,,,,,,,,,,,,,,,,,,,,,,,,,,,,,,,,,,,,,,,,,,,,,,,,,,,,,,,,,,,,,,,,,,,,,,,1.1892373761701192,-0.6477213429207949,-0.8196308176845779,1.459609289717059,7.150034791553729,False
helm/helm,2025-10-20,128,116,10,0.0862068965517241,116,4.65,5.883333333333333,0.1333333333333333,4.508333333333333,116,12,0.1034482758620689,12,0,0.0,13,329.31083333333333,30.32138888888889,13,24.0,3.0,1.0,10,3.0,0.33349609375,,external,False,True,0.0638146374628391,1.7316555451583495,0.0638146374628391,False,False,0,external_evaluation,False,0.9420817841501707,False,0.04875836815493396,False,-0.061362328815185246,False,False,False,False,False,False,False,False,False,False,False,False,False,False,False,False,False,False,False,False,False,0.9420817841501707,False,0.04875836815493396,False,-0.061362328815185246,False,False,False,False,False,False,False,False,False,False,False,False,False,False,False,False,False,False,False,False,False,0.9420817841501707,False,0.04875836815493396,False,-0.061362328815185246,False,False,False,False,False,False,False,False,False,False,False,False,False,False,False,False,False,False,False,False,,,,,,,,,,,,,,,,,,,,,,,,,,,,,,,,,,,,,,,,,,,,,,,,,,,,,,,,,,,,,,,,,,,,,,,,,,,,,,,1.9914425925087031,-0.5449985913012211,-0.6480366601973084,1.862686808674935,7.150034791553729,False
helm/helm,2025-10-27,135,126,7,0.0555555555555555,126,4.5,5.75,0.05,4.441666666666666,126,9,0.0714285714285714,9,0,0.0,6,295.41819444444445,22.99430555555556,6,63.5,6.5,1.0,8,3.0,0.3333333333333333,,external,False,True,-0.0170998809852278,1.7047480922384253,-0.0170998809852278,False,False,0,external_evaluation,False,-1.1500283566176785,False,-0.7602103549075346,False,-0.5967444303646381,False,False,False,False,False,False,False,False,False,False,False,False,False,False,False,False,False,False,False,False,False,-1.1500283566176785,False,-0.7602103549075346,False,-0.5967444303646381,False,False,False,False,False,False,False,False,False,False,False,False,False,False,False,False,False,False,False,False,False,-1.1500283566176785,False,-0.7602103549075346,False,-0.5967444303646381,False,False,False,False,False,False,False,False,False,False,False,False,False,False,False,False,False,False,False,False,,,,,,,,,,,,,,,,,,,,,,,,,,,,,,,,,,,,,,,,,,,,,,,,,,,,,,,,,,,,,,,,,,,,,,,,,,,,,,,-0.2918814034036272,-1.1592598939152332,-0.8936818677906908,1.0680519652712477,7.150034791553729,False
helm/helm,2025-11-03,108,96,7,0.0729166666666666,96,4.15,5.533333333333333,0.05,4.1,96,12,0.125,12,0,0.0,11,21.84805555555556,21.5075,11,17.0,2.0,1.0,12,3.0,0.3333333333333333,,external,False,True,-0.057632249417836,1.6389967146756448,-0.057632249417836,False,False,0,external_evaluation,False,-2.118999161348558,False,-0.30092945410630695,False,0.5901794145420199,False,False,False,False,False,False,False,False,False,False,False,False,False,False,False,False,False,False,False,False,False,-2.118999161348558,False,-0.30092945410630695,False,0.5901794145420199,False,False,False,False,False,False,False,False,False,False,False,False,False,False,False,False,False,False,False,False,False,-2.118999161348558,False,-0.30092945410630695,False,0.5901794145420199,False,False,False,False,False,False,False,False,False,False,False,False,False,False,False,False,False,False,False,False,,,,,,,,,,,,,,,,,,,,,,,,,,,,,,,,,,,,,,,,,,,,,,,,,,,,,,,,,,,,,,,,,,,,,,,,,,,,,,,-1.4356629055172916,-0.8113384529815157,-0.48269853970176185,0.2912115625569913,7.150034791553729,False
helm/helm,2025-11-10,204,192,11,0.0572916666666666,192,4.166666666666667,5.716666666666667,0.05,4.116666666666666,192,12,0.0625,12,0,0.0,24,43.20166666666667,17.018472222222222,24,12.5,2.0,1.0,30,3.0,0.3333333333333333,,external,False,True,-0.0097263280493214,1.642227735257091,-0.0097263280493214,False,False,0,external_evaluation,False,-0.9737554715552051,False,-0.7209121845149788,False,-0.9339102823522065,False,False,False,False,False,False,False,False,False,False,False,False,False,False,False,False,False,False,False,False,False,-0.9737554715552051,False,-0.7209121845149788,False,-0.9339102823522065,False,False,False,False,False,False,False,False,False,False,False,False,False,False,False,False,False,False,False,False,False,-0.9737554715552051,False,-0.7209121845149788,False,-0.9339102823522065,False,False,False,False,False,False,False,False,False,False,False,False,False,False,False,False,False,False,False,False,,,,,,,,,,,,,,,,,,,,,,,,,,,,,,,,,,,,,,,,,,,,,,,,,,,,,,,,,,,,,,,,,,,,,,,,,,,,,,,-0.08380736827863508,-1.1244677498218616,-0.9621790891388454,0.17218408261726137,7.150034791553729,False
helm/helm,2025-11-17,132,120,5,0.0416666666666666,120,4.216666666666667,5.65,0.05,4.158333333333333,120,12,0.1,12,0,0.0,15,39.12222222222222,11.036666666666669,15,12.0,2.0,1.0,27,3.0,0.3333333333333333,,external,False,True,-0.0181831437262334,1.6518586283180523,-0.0181831437262334,False,False,0,external_evaluation,False,-1.011256078350995,False,-1.1174994831564893,False,0.06295247088448219,False,False,False,False,False,False,False,False,False,False,False,False,False,False,False,False,False,False,False,False,False,-1.011256078350995,False,-1.1174994831564893,False,0.06295247088448219,False,False,False,False,False,False,False,False,False,False,False,False,False,False,False,False,False,False,False,False,False,-1.011256078350995,False,-1.1174994831564893,False,0.06295247088448219,False,False,False,False,False,False,False,False,False,False,False,False,False,False,False,False,False,False,False,False,,,,,,,,,,,,,,,,,,,,,,,,,,,,,,,,,,,,,,,,,,,,,,,,,,,,,,,,,,,,,,,,,,,,,,,,,,,,,,,-0.32244995720406006,-1.4375970466622072,-0.6744907594765952,0.07154050462601999,7.150034791553729,False
helm/helm,2025-11-24,75,60,4,0.0666666666666666,60,4.233333333333333,5.635000000000001,0.05,4.183333333333334,59,15,0.2542372881355932,16,0,0.0,8,141.7001388888889,1.92875,8,7.5,2.0,1.0,21,3.0,0.3336888888888888,,external,False,True,-0.0219540767237118,1.655048423686153,-0.0219540767237118,False,False,0,external_evaluation,False,-1.0887805952827538,False,-0.2428166734115746,True,4.043896011054022,False,False,False,False,False,False,False,False,True,False,False,False,True,False,False,False,False,False,False,False,False,-1.0887805952827538,False,-0.2428166734115746,True,4.043896011054022,False,False,False,False,False,False,False,False,True,False,False,False,True,False,False,False,False,False,False,False,False,-1.0887805952827538,False,-0.2428166734115746,True,4.043896011054022,False,False,False,False,False,False,False,False,True,False,False,False,True,False,False,False,False,False,False,False,,,,,,,,,,,,,,,,,,,,,,,,,,,,,,,,,,,,,,,,,,,,,,,,,,,,,,,,,,,,,,,,,,,,,,,,,,,,,,,-0.42886178496085925,-0.9365901717176541,0.5087697150664449,0.016436290546055762,7.150034791553729,False
helm/helm,2025-12-01,78,63,0,0.0,63,4.283333333333333,5.85,0.05,4.216666666666667,63,15,0.238095238095238,15,0,0.0,4,30.24194444444444,15.065833333333334,4,8.0,2.5,1.0,14,3.0,0.3333333333333333,,external,False,True,-0.0249726886650961,1.66455721165518,-0.0249726886650961,False,False,0,external_evaluation,False,-0.9452587297970695,False,-2.3607176581680873,True,3.4391616746938367,False,False,False,False,False,False,False,False,True,True,False,False,True,True,False,False,False,False,False,False,False,-0.9452587297970695,False,-2.3607176581680873,True,3.4391616746938367,False,False,False,False,False,False,False,False,True,True,False,False,True,True,False,False,False,False,False,False,False,-0.9452587297970695,False,-2.3607176581680873,False,3.4391616746938367,False,False,False,False,False,False,False,False,False,False,False,False,False,False,False,False,False,False,False,False,,,,,,,,,,,,,,,,,,,,,,,,,,,,,,,,,,,,,,,,,,,,,,,,,,,,,,,,,,,,,,,,,,,,,,,,,,,,,,,-0.5140438908709878,-2.272608504903128,0.3849329307081982,0.0,7.150034791553729,False
helm/helm,2025-12-08,179,161,7,0.0434782608695652,161,4.183333333333334,5.6,0.05,4.116666666666666,160,19,0.11875,19,1,0.0526315789473684,25,46.859722222222224,13.495555555555557,25,6.0,2.0,1.0,24,4.0,0.3003963671545832,,external,False,True,-0.0235258115597524,1.6454483499571335,-0.0235258115597524,False,False,0,external_evaluation,False,-0.8399722918522629,False,-0.8211191854497685,False,0.46695514117610293,False,False,False,False,False,False,False,False,False,False,False,False,False,False,False,False,False,False,False,False,False,-0.8399722918522629,False,-0.8211191854497685,False,0.46695514117610293,False,False,False,False,False,False,False,False,False,False,False,False,False,False,False,False,False,False,False,False,False,-0.8399722918522629,False,-0.8211191854497685,False,0.46695514117610293,False,False,False,False,False,False,False,False,False,False,False,False,False,False,False,False,False,False,False,False,,,,,,,,,,,,,,,,,,,,,,,,,,,,,,,,,,,,,,,,,,,,,,,,,,,,,,,,,,,,,,,,,,,,,,,,,,,,,,,-0.4732145159067428,-1.4012922006517314,-0.5306465946454703,0.0,7.150034791553729,False
helm/helm,2025-12-15,107,95,10,0.1052631578947368,95,4.016666666666667,5.616666666666666,0.0333333333333333,3.983333333333333,94,13,0.1382978723404255,13,0,0.0,13,30.94527777777778,30.93027777777778,13,6.0,2.0,1.0,14,4.0,0.310332780155472,,external,False,True,-0.0186736727477778,1.612765702526775,-0.0186736727477778,False,False,0,external_evaluation,False,-0.16742277732644248,False,2.0708049633053367,False,0.9537807138916143,False,False,False,False,False,False,False,False,False,False,False,False,False,False,False,False,False,False,False,False,False,-0.16742277732644248,False,2.0708049633053367,False,0.9537807138916143,False,False,False,False,False,False,False,False,False,False,False,False,False,False,False,False,False,False,False,False,False,-0.16742277732644248,False,2.0708049633053367,False,0.9537807138916143,False,False,False,False,False,False,False,False,False,False,False,False,False,False,False,False,False,False,False,False,,,,,,,,,,,,,,,,,,,,,,,,,,,,,,,,,,,,,,,,,,,,,,,,,,,,,,,,,,,,,,,,,,,,,,,,,,,,,,,-0.3362921786874963,-0.1631058735576417,-0.3806814015236591,0.0,7.150034791553729,False
helm/helm,2025-12-22,66,51,10,0.196078431372549,51,3.85,5.55,0.05,3.816666666666667,51,15,0.2941176470588235,15,0,0.0,9,96.34944444444444,6.145555555555555,9,66.0,3.0,1.0,9,4.0,0.2837465564738292,,external,False,True,-0.0166052506507584,1.5789787049493915,-0.0166052506507584,False,False,0,external_evaluation,False,0.04237669755474181,True,5.991064981233288,True,4.016424612991858,False,False,False,False,True,False,False,False,True,False,False,False,True,False,False,False,True,False,False,False,False,0.04237669755474181,True,5.991064981233288,True,4.016424612991858,False,False,False,False,True,False,False,False,True,False,False,False,True,False,False,False,True,False,False,False,False,0.04237669755474181,True,5.991064981233288,True,4.016424612991858,False,False,False,False,True,False,False,False,True,False,False,False,True,False,False,False,True,False,False,False,False,-0.1874937546848296,True,2.913683236813866,False,1.9057561660966806,False,,,,True,,,,False,,,,True,,,,False,,,,False,-0.1874937546848296,False,2.913683236813866,False,1.9057561660966806,False,,,,False,,,,False,,,,False,,,,False,,,,False,-0.1874937546848296,False,2.913683236813866,False,1.9057561660966806,False,,,,False,,,,False,,,,False,,,,False,,,,-0.27792344711269285,1.6568571809365045,0.8147194175985816,0.0,7.150034791553729,False
helm/helm,2025-12-29,27,21,1,0.0476190476190476,21,3.866666666666666,5.533333333333333,0.0333333333333333,3.8333333333333335,21,6,0.2857142857142857,6,0,0.0,6,91.94805555555556,25.45986111111112,6,8.0,1.0,1.0,10,3.0,0.3333333333333333,,external,False,True,-0.055765435285034,1.582409240046181,-0.055765435285034,False,False,0,external_evaluation,False,-3.536905384955233,False,-0.6574867907502915,True,3.839408938559086,False,False,False,False,False,False,False,False,True,True,False,False,True,True,False,False,False,False,False,False,False,-3.536905384955233,False,-0.6574867907502915,True,3.839408938559086,False,False,False,False,False,False,False,False,True,True,False,False,True,True,False,False,False,False,False,False,False,-3.536905384955233,False,-0.6574867907502915,True,3.839408938559086,False,False,False,False,False,False,False,False,True,True,False,False,True,True,False,False,False,False,False,False,False,-2.1285343379833863,False,-0.9007078403605108,False,1.8071848312796577,False,False,,,False,False,,,False,False,,,False,False,,,False,False,,,False,-2.1285343379833863,False,-0.9007078403605108,False,1.8071848312796577,False,False,,,False,False,,,False,False,,,False,False,,,False,False,,,False,-2.1285343379833863,False,-0.9007078403605108,False,1.8071848312796577,False,False,,,False,False,,,False,False,,,False,False,,,False,False,,,-1.3829833421077795,-1.3183096954849318,0.7502514445650244,0.004423978342697056,7.150034791553729,False
helm/helm,2026-01-05,131,112,14,0.125,112,3.775,5.515,0.05,3.725,112,19,0.1696428571428571,19,0,0.0,11,14.917777777777776,12.935,11,12.0,2.0,1.0,15,5.0,0.2832585513664705,,external,False,True,-0.0510230109911881,1.5633939739326936,-0.0510230109911881,False,False,0,external_evaluation,False,-3.262396406843754,True,2.9227932910652488,False,0.9112754719642122,False,False,False,False,True,False,False,False,False,False,False,False,True,True,True,False,False,False,False,False,False,-3.262396406843754,False,2.9227932910652488,False,0.9112754719642122,False,False,False,False,False,False,False,False,False,False,False,False,False,False,False,False,False,False,False,False,False,-3.262396406843754,False,2.9227932910652488,False,0.9112754719642122,False,False,False,False,False,False,False,False,False,False,False,False,False,False,False,False,False,False,False,False,False,-1.898117938432643,False,1.3026705973714823,False,0.4308697957795651,False,False,False,,False,False,False,,False,False,False,,False,False,False,,False,False,False,,False,-1.898117938432643,False,1.3026705973714823,False,0.4308697957795651,False,False,False,,False,False,False,,False,False,False,,False,False,False,,False,False,False,,False,-1.898117938432643,False,1.3026705973714823,False,0.4308697957795651,False,False,False,,False,False,False,,False,False,False,,False,False,False,,False,False,False,,-1.249157035078764,0.2324258698196381,-0.1402124329609882,0.0006334236151702442,7.150034791553729,False
helm/helm,2026-01-12,120,111,5,0.045045045045045,111,4.0,5.716666666666667,0.05,3.95,111,9,0.081081081081081,9,0,0.0,9,39.63472222222222,4.674722222222222,9,10.0,2.0,1.0,16,4.0,0.3226388888888889,,external,False,True,-0.0275235645847201,1.6094379124341005,-0.0275235645847201,False,False,0,external_evaluation,False,-0.9476353679268373,False,-0.7463363570678997,False,-0.6635530714850847,False,False,False,False,False,False,False,False,False,False,False,False,False,False,False,False,False,False,False,False,False,-0.9476353679268373,False,-0.7463363570678997,False,-0.6635530714850847,False,False,False,False,False,False,False,False,False,False,False,False,False,False,False,False,False,False,False,False,False,-0.9476353679268373,False,-0.7463363570678997,False,-0.6635530714850847,False,False,False,False,False,False,False,False,False,False,False,False,False,False,False,False,False,False,False,False,False,-0.627804390181634,False,-0.7477802041479832,False,-0.5734644079233711,False,False,False,False,False,False,False,False,False,False,False,False,False,False,False,False,False,False,False,False,False,-0.627804390181634,False,-0.7477802041479832,False,-0.5734644079233711,False,False,False,False,False,False,False,False,False,False,False,False,False,False,False,False,False,False,False,False,False,-0.627804390181634,False,-0.7477802041479832,False,-0.5734644079233711,False,False,False,False,False,False,False,False,False,False,False,False,False,False,False,False,False,False,False,False,-0.5860269701698,-1.369893414912943,-0.8196308176845779,0.0,7.150034791553729,False
helm/helm,2026-01-19,91,85,6,0.0705882352941176,85,3.9166666666666665,5.733333333333333,0.05,3.883333333333333,84,7,0.0833333333333333,7,0,0.0,7,113.76555555555557,41.33722222222222,7,83.0,2.0,1.0,13,4.0,0.3128849172805216,,external,False,True,-0.0287798847174791,1.5926307941177191,-0.0287798847174791,False,False,0,external_evaluation,False,-0.8607392266945438,False,0.5739784110055741,False,-0.6295247088448234,False,False,False,False,False,False,False,False,False,False,False,False,False,False,False,False,False,False,False,False,False,-0.8607392266945438,False,0.5739784110055741,False,-0.6295247088448234,False,False,False,False,False,False,False,False,False,False,False,False,False,False,False,False,False,False,False,False,False,-0.8607392266945438,False,0.5739784110055741,False,-0.6295247088448234,False,False,False,False,False,False,False,False,False,False,False,False,False,False,False,False,False,False,False,False,False,-0.656586994024097,False,0.022902253780798607,False,-0.5230332536061022,False,False,False,False,False,False,False,False,False,False,False,False,False,False,False,False,False,False,False,False,False,-0.656586994024097,False,0.022902253780798607,False,-0.5230332536061022,False,False,False,False,False,False,False,False,False,False,False,False,False,False,False,False,False,False,False,False,False,-0.656586994024097,False,0.022902253780798607,False,-0.5230332536061022,False,False,False,False,False,False,False,False,False,False,False,False,False,False,False,False,False,False,False,False,-0.6214790245192,-0.8580008580008609,-0.8023522393264845,0.0,7.150034791553729,False
helm/helm,2026-01-26,29,23,0,0.0,23,3.9,5.680000000000001,0.0333333333333333,3.85,23,6,0.2608695652173913,6,0,0.0,6,118.84986111111112,69.95305555555555,6,14.5,2.0,1.0,10,4.0,0.2936979785969084,,external,False,True,0.0068962446861856,1.589235205116581,0.0068962446861856,False,False,0,external_evaluation,True,3.840664713128368,False,-2.797478067993098,False,2.0527979636244225,True,False,False,False,False,False,False,False,False,False,False,False,True,False,False,False,False,False,False,False,True,3.840664713128368,False,-2.797478067993098,False,2.0527979636244225,True,False,False,False,False,False,False,False,False,False,False,False,True,False,False,False,False,False,False,False,True,3.840664713128368,False,-2.797478067993098,False,2.0527979636244225,True,False,False,False,False,False,False,False,False,False,False,False,True,False,False,False,False,False,False,False,False,0.828689059834056,False,-2.005179129304273,False,2.4392777776941763,False,False,False,False,False,False,False,False,False,False,False,False,False,False,False,False,False,False,False,False,False,0.828689059834056,False,-2.005179129304273,False,2.4392777776941763,False,False,False,False,False,False,False,False,False,False,False,False,False,False,False,False,False,False,False,False,False,0.828689059834056,False,-2.005179129304273,False,2.4392777776941763,False,False,False,False,False,False,False,False,False,False,False,False,False,False,False,False,False,False,False,False,0.385264436494467,-2.272608504903128,0.5596504808136372,0.0,7.150034791553729,False
helm/helm,2026-02-02,48,42,3,0.0714285714285714,42,3.966666666666667,5.648333333333333,0.05,3.9166666666666665,42,6,0.1428571428571428,6,0,0.0,6,86.87541666666667,64.23347222222222,6,62.0,4.5,1.0,11,3.0,0.3333333333333333,,external,False,True,-0.0334220752220828,1.6027489242833035,-0.0334220752220828,False,False,0,external_evaluation,False,-1.249364287951502,False,0.6102535442883494,False,0.053746212707754,False,False,False,False,False,False,False,False,False,False,False,False,False,False,False,False,False,False,False,False,False,-1.249364287951502,False,0.6102535442883494,False,0.053746212707754,False,False,False,False,False,False,False,False,False,False,False,False,False,False,False,False,False,False,False,False,False,-1.249364287951502,False,0.6102535442883494,False,0.053746212707754,False,False,False,False,False,False,False,False,False,False,False,False,False,False,False,False,False,False,False,False,False,-0.8530312572370542,False,0.08474077453526047,False,0.49190462089682035,False,False,False,False,False,False,False,False,False,False,False,False,False,False,False,False,False,False,False,False,False,-0.8530312572370542,False,0.08474077453526047,False,0.49190462089682035,False,False,False,False,False,False,False,False,False,False,False,False,False,False,False,False,False,False,False,False,False,-0.8530312572370542,False,0.08474077453526047,False,0.49190462089682035,False,False,False,False,False,False,False,False,False,False,False,False,False,False,False,False,False,False,False,False,-0.752476837718337,-0.8411602907758338,-0.34570409700545274,0.0,7.150034791553729,False
helm/helm,2026-02-09,127,117,6,0.0512820512820512,117,3.95,5.75,0.05,3.9,116,11,0.0948275862068965,11,1,0.0909090909090909,22,30.37486111111111,28.88236111111111,22,20.0,2.0,1.0,27,4.0,0.2892305784611569,,external,False,True,0.0244963929459111,1.599387576580599,0.0244963929459111,False,False,0,external_evaluation,True,6.062614071859863,False,-0.28672684107304686,False,-0.5244020290542706,True,False,False,False,False,False,False,False,False,False,False,False,True,False,False,False,False,False,False,False,True,6.062614071859863,False,-0.28672684107304686,False,-0.5244020290542706,True,False,False,False,False,False,False,False,False,False,False,False,True,False,False,False,False,False,False,False,True,6.062614071859863,False,-0.28672684107304686,False,-0.5244020290542706,True,False,False,False,False,False,False,False,False,False,False,False,True,False,False,False,False,False,False,False,False,1.2601117307535634,False,-0.5568872424396524,False,-0.3409034840054856,False,False,False,False,False,False,False,False,False,False,False,False,False,False,False,False,False,False,False,False,False,1.2601117307535634,False,-0.5568872424396524,False,-0.3409034840054856,False,False,False,False,False,False,False,False,False,False,False,False,False,False,False,False,False,False,False,False,False,1.2601117307535634,False,-0.5568872424396524,False,-0.3409034840054856,False,False,False,False,False,False,False,False,False,False,False,False,False,False,False,False,False,False,False,False,0.8819224111549585,-1.2449020947604563,-0.7141719083955267,0.0,7.150034791553729,False
helm/helm,2026-02-16,42,33,2,0.0606060606060606,33,3.9166666666666665,5.816666666666666,0.0333333333333333,3.883333333333333,33,9,0.2727272727272727,9,0,0.0,6,198.3680555555556,25.10111111111111,6,48.0,3.0,1.0,13,3.0,0.3333333333333333,,external,False,True,-0.0108843755888197,1.5926307941177191,-0.0108843755888197,False,False,0,external_evaluation,False,1.5959314736759633,False,0.32574837815631225,False,1.4716162024943906,False,False,False,False,False,False,False,False,False,False,False,False,False,False,False,False,False,False,False,False,False,1.5959314736759633,False,0.32574837815631225,False,1.4716162024943906,False,False,False,False,False,False,False,False,False,False,False,False,False,False,False,False,False,False,False,False,False,1.5959314736759633,False,0.32574837815631225,False,1.4716162024943906,False,False,False,False,False,False,False,False,False,False,False,False,False,False,False,False,False,False,False,False,False,0.05313650547602415,False,-0.25753283543651717,True,3.3756324428563405,False,False,False,False,False,False,False,False,True,False,False,False,True,False,False,False,False,False,False,False,False,0.05313650547602415,False,-0.25753283543651717,True,3.3756324428563405,False,False,False,False,False,False,False,False,True,False,False,False,True,False,False,False,False,False,False,False,False,0.05313650547602415,False,-0.25753283543651717,False,3.3756324428563405,False,False,False,False,False,False,False,False,False,False,False,False,False,False,False,False,False,False,False,False,-0.11648627171968833,-1.0580463838254233,0.650619122604072,0.0,7.150034791553729,False
helm/helm,2026-02-23,341,335,72,0.2149253731343283,335,3.883333333333333,5.86,0.05,3.8333333333333335,335,6,0.017910447761194,6,0,0.0,15,44.84916666666667,5.144166666666667,15,50.0,4.0,1.0,35,4.0,0.3238448241759186,,external,False,True,0.0017241195911658,1.5858280467949666,0.0017241195911658,False,False,0,external_evaluation,False,2.4609053316157037,True,6.688956122495133,False,-1.209797227075615,False,False,False,False,True,False,False,False,False,False,False,False,True,False,False,False,False,False,False,False,False,2.4609053316157037,True,6.688956122495133,False,-1.209797227075615,False,False,False,False,True,False,False,False,False,False,False,False,True,False,False,False,False,False,False,False,False,2.4609053316157037,True,6.688956122495133,False,-1.209797227075615,False,False,False,False,True,False,False,False,False,False,False,False,True,False,False,False,False,False,False,False,False,0.3602826745779544,True,4.858825532090773,False,-1.7973829699444843,False,False,False,False,True,False,False,False,False,False,False,False,True,True,False,False,False,False,False,False,False,0.3602826745779544,True,4.858825532090773,False,-1.7973829699444843,False,False,False,False,True,False,False,False,False,False,False,False,True,True,False,False,False,False,False,False,False,0.3602826745779544,True,4.858825532090773,False,-1.7973829699444843,False,False,False,False,True,False,False,False,False,False,False,False,True,False,False,False,False,False,False,False,0.2393124174275947,2.0345550767097462,-1.3042562572447054,0.0,7.150034791553729,False
helm/helm,2026-03-02,80,71,10,0.1408450704225352,71,3.883333333333333,5.75,0.05,3.8333333333333335,71,9,0.1267605633802817,9,0,0.0,5,93.44388888888888,1.1805555555555556,5,45.0,10.0,1.0,15,4.0,0.28,,external,False,True,-0.0339637447539741,1.5858280467949666,-0.0339637447539741,False,False,0,external_evaluation,False,-0.711408843555275,True,3.159802864546907,False,-0.17574759225798536,False,False,False,False,True,True,False,False,False,False,False,False,True,True,False,False,False,False,False,False,False,-0.711408843555275,True,3.159802864546907,False,-0.17574759225798536,False,False,False,False,True,True,False,False,False,False,False,False,True,True,False,False,False,False,False,False,False,-0.711408843555275,False,3.159802864546907,False,-0.17574759225798536,False,False,False,False,False,False,False,False,False,False,False,False,False,False,False,False,False,False,False,False,False,-0.6764906169093662,False,2.4310202799278264,False,0.30207076992098836,False,False,False,False,False,False,False,False,False,False,False,False,False,False,False,False,False,False,False,False,False,-0.6764906169093662,False,2.4310202799278264,False,0.30207076992098836,False,False,False,False,False,False,False,False,False,False,False,False,False,False,False,False,False,False,False,False,False,-0.6764906169093662,False,2.4310202799278264,False,0.30207076992098836,False,False,False,False,False,False,False,False,False,False,False,False,False,False,False,False,False,False,False,False,-0.7677621914934549,0.5499654384464672,-0.46919204535142145,0.0,7.150034791553729,False
helm/helm,2026-03-09,164,152,12,0.0789473684210526,152,3.908333333333333,5.965,0.05,3.858333333333333,152,12,0.0789473684210526,12,0,0.0,12,140.53958333333333,44.85666666666667,12,18.0,2.0,1.0,20,4.0,0.2836109458655562,,external,False,True,0.0533116528214796,1.5909344408695407,0.0533116528214796,False,False,0,external_evaluation,True,4.965174497901871,False,0.20797356585648788,False,-0.7283126027625034,True,False,False,False,False,False,False,False,False,False,False,False,True,True,True,False,False,False,False,False,True,4.965174497901871,False,0.20797356585648788,False,-0.7283126027625034,True,False,False,False,False,False,False,False,False,False,False,False,True,True,True,False,False,False,False,False,True,4.965174497901871,False,0.20797356585648788,False,-0.7283126027625034,True,False,False,False,False,False,False,False,False,False,False,False,True,False,False,False,False,False,False,False,True,2.6521686285587287,False,0.4024707125663334,False,-0.6201293618946532,True,False,False,False,False,False,False,False,False,False,False,False,True,False,False,False,False,False,False,False,False,2.6521686285587287,False,0.4024707125663334,False,-0.6201293618946532,False,False,False,False,False,False,False,False,False,False,False,False,False,False,False,False,False,False,False,False,False,2.6521686285587287,False,0.4024707125663334,False,-0.6201293618946532,False,False,False,False,False,False,False,False,False,False,False,False,False,False,False,False,False,False,False,False,1.6950592323864169,-0.6904815313940132,-0.8359999971817184,0.023849625472091667,7.150034791553729,False
helm/helm,2026-03-16,65,62,11,0.1774193548387097,62,3.933333333333333,5.833333333333333,0.0333333333333333,3.875,62,3,0.0483870967741935,3,0,0.0,0,,,0,,,,9,4.0,0.3140828402366864,,external,False,True,-0.0069747856629731,1.5960148921019597,-0.0069747856629731,False,False,0,external_evaluation,False,0.5160728629442104,True,2.709637936968918,False,-1.0598984312475457,False,False,False,False,True,False,False,False,False,False,False,False,True,True,True,True,False,False,False,False,False,0.5160728629442104,False,2.709637936968918,False,-1.0598984312475457,False,False,False,False,False,False,False,False,False,False,False,False,False,False,False,False,False,False,False,False,False,0.5160728629442104,False,2.709637936968918,False,-1.0598984312475457,False,False,False,False,False,False,False,False,False,False,False,False,False,False,False,False,False,False,False,False,False,0.3733746224917826,True,3.8717713904999713,False,-1.2027908967954946,False,False,False,False,True,False,False,False,False,False,False,False,True,True,False,False,False,False,False,False,False,0.3733746224917826,True,3.8717713904999713,False,-1.2027908967954946,False,False,False,False,True,False,False,False,False,False,False,False,True,False,False,False,False,False,False,False,False,0.3733746224917826,True,3.8717713904999713,False,-1.2027908967954946,False,False,False,False,True,False,False,False,False,False,False,False,True,False,False,False,False,False,False,False,-0.006161688899707155,1.2829241559937015,-1.0704488906246388,0.014960776693657732,7.150034791553729,False
helm/helm,2026-03-23,94,85,6,0.0705882352941176,85,3.933333333333333,5.863333333333334,0.05,3.883333333333333,84,9,0.1071428571428571,10,1,0.1111111111111111,9,19.52166666666667,8.024444444444445,9,9.0,2.0,1.0,21,4.0,0.2962879130828429,,external,False,True,0.0146551120837544,1.5960148921019597,0.0146551120837544,False,False,0,external_evaluation,False,1.2146690650088927,False,-0.021483062927375323,False,-0.2767428863633211,False,False,False,False,False,False,False,False,False,False,False,False,False,False,False,False,False,False,False,False,False,1.2146690650088927,False,-0.021483062927375323,False,-0.2767428863633211,False,False,False,False,False,False,False,False,False,False,False,False,False,False,False,False,False,False,False,False,False,1.2146690650088927,False,-0.021483062927375323,False,-0.2767428863633211,False,False,False,False,False,False,False,False,False,False,False,False,False,False,False,False,False,False,False,False,False,1.261947937804468,False,0.13709299041176456,False,-0.07430765919554684,False,False,False,False,False,False,False,False,False,False,False,False,False,False,False,False,False,False,False,False,False,1.261947937804468,False,0.13709299041176456,False,-0.07430765919554684,False,False,False,False,False,False,False,False,False,False,False,False,False,False,False,False,False,False,False,False,False,1.261947937804468,False,0.13709299041176456,False,-0.07430765919554684,False,False,False,False,False,False,False,False,False,False,False,False,False,False,False,False,False,False,False,False,0.6042116470786999,-0.8580008580008609,-0.6196929823980718,0.04782694863116677,7.150034791553729,False
helm/helm,2026-03-30,123,105,16,0.1523809523809524,105,3.966666666666667,5.816666666666666,0.05,3.9166666666666665,104,19,0.1826923076923076,19,1,0.0526315789473684,4,13.0875,13.085,4,6.0,2.0,1.0,18,4.0,0.2956573468173706,,external,False,True,-0.0021232889016297,1.6027489242833035,-0.0021232889016297,False,False,0,external_evaluation,False,0.26219499370564214,False,2.4018451435020265,False,1.4268073758158741,False,False,False,False,False,False,False,False,False,False,False,False,False,False,False,False,False,False,False,False,False,0.26219499370564214,False,2.4018451435020265,False,1.4268073758158741,False,False,False,False,False,False,False,False,False,False,False,False,False,False,False,False,False,False,False,False,False,0.26219499370564214,False,2.4018451435020265,False,1.4268073758158741,False,False,False,False,False,False,False,False,False,False,False,False,False,False,False,False,False,False,False,False,False,0.5899381315220578,True,2.927914580936953,False,1.5613558399530842,False,False,False,False,True,False,False,False,False,False,False,False,True,False,False,False,False,False,False,False,False,0.5899381315220578,False,2.927914580936953,False,1.5613558399530842,False,False,False,False,False,False,False,False,False,False,False,False,False,False,False,False,False,False,False,False,False,0.5899381315220578,False,2.927914580936953,False,1.5613558399530842,False,False,False,False,False,False,False,False,False,False,False,False,False,False,False,False,False,False,False,False,0.1307425303149966,0.7811476852351015,-0.040101109452146934,0.04080130486613888,7.150034791553729,False
helm/helm,2026-04-06,174,156,12,0.0769230769230769,152,3.866666666666666,5.945,0.05,3.816666666666667,154,19,0.1233766233766233,20,1,0.0526315789473684,18,11.637083333333331,1.9784722222222224,18,12.0,2.0,1.0,26,4.0,0.2765226582111243,,external,False,True,0.0278694067633893,1.582409240046181,0.0278694067633893,False,False,0,external_evaluation,False,1.0865555671228984,False,0.1404661806789909,False,0.30658670885299755,False,False,False,False,False,False,False,False,False,False,False,False,False,False,False,False,False,False,False,False,False,1.0865555671228984,False,0.1404661806789909,False,0.30658670885299755,False,False,False,False,False,False,False,False,False,False,False,False,False,False,False,False,False,False,False,False,False,1.0865555671228984,False,0.1404661806789909,False,0.30658670885299755,False,False,False,False,False,False,False,False,False,False,False,False,False,False,False,False,False,False,False,False,False,1.927522488755174,False,0.1761526572934416,False,0.21362281291648388,False,False,False,False,False,False,False,False,False,False,False,False,False,False,False,False,False,False,False,False,False,1.927522488755174,False,0.1761526572934416,False,0.21362281291648388,False,False,False,False,False,False,False,False,False,False,False,False,False,False,False,False,False,False,False,False,False,1.927522488755174,False,0.1761526572934416,False,0.21362281291648388,False,False,False,False,False,False,False,False,False,False,False,False,False,False,False,False,False,False,False,False,0.9771053713419485,-0.7310488896891185,-0.49515257994688144,0.1269524462901208,7.150034791553729,False
helm/helm,2026-04-13,92,73,8,0.1095890410958904,73,3.95,5.863333333333333,0.05,3.9,73,19,0.2602739726027397,19,0,0.0,7,61.6775,2.740833333333333,7,8.0,2.0,1.0,13,4.0,0.3010396975425331,,external,False,True,-0.003975520164589,1.599387576580599,-0.003975520164589,False,False,0,external_evaluation,False,-0.04918501227572938,False,1.2775846141518048,True,3.6631931932486896,False,False,False,False,False,False,False,False,True,False,False,False,True,False,False,False,False,False,False,False,False,-0.04918501227572938,False,1.2775846141518048,True,3.6631931932486896,False,False,False,False,False,False,False,False,True,False,False,False,True,False,False,False,False,False,False,False,False,-0.04918501227572938,False,1.2775846141518048,True,3.6631931932486896,False,False,False,False,False,False,False,False,True,False,False,False,True,False,False,False,False,False,False,False,False,0.5550022428124353,False,1.2070906387223719,False,2.287415175664161,False,False,False,False,False,False,False,False,False,False,False,False,False,False,False,False,False,False,False,False,False,0.5550022428124353,False,1.2070906387223719,False,2.287415175664161,False,False,False,False,False,False,False,False,False,False,False,False,False,False,False,False,False,False,False,False,False,0.5550022428124353,False,1.2070906387223719,False,2.287415175664161,False,False,False,False,False,False,False,False,False,False,False,False,False,False,False,False,False,False,False,False,0.07847448040491263,-0.0764139845982373,0.5550812796278162,0.09044333887691736,7.150034791553729,False
helm/helm,2026-04-20,108,102,25,0.2450980392156862,102,2.716666666666667,5.815,0.0333333333333333,2.6,102,6,0.0588235294117647,6,0,0.0,7,349.4663888888889,16.64666666666667,7,20.0,2.0,1.0,19,4.0,0.2541152263374486,,external,False,True,0.0049860197831907,1.3128272092380182,0.0049860197831907,False,False,0,external_evaluation,False,0.28579380230304424,True,4.423865863625892,False,-0.9799953975924649,False,False,False,False,True,False,False,False,False,False,False,False,True,True,False,False,False,False,False,False,False,0.28579380230304424,True,4.423865863625892,False,-0.9799953975924649,False,False,False,False,True,False,False,False,False,False,False,False,True,True,False,False,False,False,False,False,False,0.28579380230304424,True,4.423865863625892,False,-0.9799953975924649,False,False,False,False,True,False,False,False,False,False,False,False,True,True,False,False,False,False,False,False,False,1.0671413514647745,True,4.758475919479688,False,-0.9722190654038798,False,False,False,False,True,False,False,False,False,False,False,False,True,False,False,False,False,False,False,False,False,1.0671413514647745,True,4.758475919479688,False,-0.9722190654038798,False,False,False,False,True,False,False,False,False,False,False,False,True,False,False,False,False,False,False,False,False,1.0671413514647745,True,4.758475919479688,False,-0.9722190654038798,False,False,False,False,True,False,False,False,False,False,False,False,True,False,False,False,False,False,False,False,0.3313598660631792,2.6392236023964117,-0.9903838273410269,0.28056485049254815,7.150034791553729,False
helm/helm,2026-04-27,117,102,5,0.0490196078431372,100,4.1,6.068333333333333,0.05,4.008333333333333,102,15,0.1470588235294117,15,0,0.0,8,232.7038888888889,11.30263888888889,8,10.0,2.0,1.0,10,4.0,0.3122945430637738,,external,False,True,0.0141032079587376,1.62924053973028,0.0141032079587376,False,False,0,external_evaluation,False,0.6622186546040295,False,-0.6587759805360793,False,0.2692951341860734,False,False,False,False,False,False,False,False,False,False,False,False,False,False,False,False,False,False,False,False,False,0.6622186546040295,False,-0.6587759805360793,False,0.2692951341860734,False,False,False,False,False,False,False,False,False,False,False,False,False,False,False,False,False,False,False,False,False,0.6622186546040295,False,-0.6587759805360793,False,0.2692951341860734,False,False,False,False,False,False,False,False,False,False,False,False,False,False,False,False,False,False,False,False,False,1.5126522782660223,False,-0.5545062172042898,False,0.31412841399055763,False,False,False,False,False,False,False,False,False,False,False,False,False,False,False,False,False,False,False,False,False,1.5126522782660223,False,-0.5545062172042898,False,0.31412841399055763,False,False,False,False,False,False,False,False,False,False,False,False,False,False,False,False,False,False,False,False,False,1.5126522782660223,False,-0.5545062172042898,False,0.31412841399055763,False,False,False,False,False,False,False,False,False,False,False,False,False,False,False,False,False,False,False,False,0.5886374836743576,-1.2902420834432207,-0.3134701104886741,0.13955592086316565,7.150034791553729,False
helm/helm,2026-05-04,87,72,6,0.0833333333333333,72,4.15,6.071666666666666,0.05,4.066666666666666,72,15,0.2083333333333333,15,0,0.0,6,13.634305555555557,8.63875,6,20.5,2.0,1.0,14,4.0,0.3119302417756638,,external,False,True,0.016390948390112,1.6389967146756448,0.016390948390112,False,False,0,external_evaluation,False,0.7846012037517232,False,0.09884778371639749,False,1.2897473945632603,False,False,False,False,False,False,False,False,False,False,False,False,False,False,False,False,False,False,False,False,False,0.7846012037517232,False,0.09884778371639749,False,1.2897473945632603,False,False,False,False,False,False,False,False,False,False,False,False,False,False,False,False,False,False,False,False,False,0.7846012037517232,False,0.09884778371639749,False,1.2897473945632603,False,False,False,False,False,False,False,False,False,False,False,False,False,False,False,False,False,False,False,False,False,1.332696682216124,False,0.3108060325731047,False,1.2125267602108059,False,False,False,False,False,False,False,False,False,False,False,False,False,False,False,False,False,False,False,False,False,1.332696682216124,False,0.3108060325731047,False,1.2125267602108059,False,False,False,False,False,False,False,False,False,False,False,False,False,False,False,False,False,False,False,False,False,1.332696682216124,False,0.3108060325731047,False,1.2125267602108059,False,False,False,False,False,False,False,False,False,False,False,False,False,False,False,False,False,False,False,False,0.6531951517364704,-0.6025855884212846,0.15660885954768258,0.17742034224049733,7.150034791553729,False
helm/helm,2026-05-11,78,63,6,0.0952380952380952,60,4.083333333333333,6.006666666666667,0.05,4.0,63,15,0.238095238095238,15,0,0.0,8,115.18194444444444,17.9525,8,48.0,2.0,1.0,13,4.0,0.2899408284023669,,external,False,True,0.0583728814999655,1.6259672143853108,0.0583728814999655,False,False,0,external_evaluation,True,3.157314363508307,False,0.25052513923416353,False,1.3044887951701731,True,False,False,False,False,False,False,False,False,False,False,False,True,False,False,False,False,False,False,False,True,3.157314363508307,False,0.25052513923416353,False,1.3044887951701731,True,False,False,False,False,False,False,False,False,False,False,False,True,False,False,False,False,False,False,False,False,3.157314363508307,False,0.25052513923416353,False,1.3044887951701731,False,False,False,False,False,False,False,False,False,False,False,False,False,False,False,False,False,False,False,False,True,2.8512528370807986,False,0.6110164049448535,False,1.3558662192903752,True,False,False,False,False,False,False,False,False,False,False,False,True,False,False,False,False,False,False,False,False,2.8512528370807986,False,0.6110164049448535,False,1.3558662192903752,False,False,False,False,False,False,False,False,False,False,False,False,False,False,False,False,False,False,False,False,False,2.8512528370807986,False,0.6110164049448535,False,1.3558662192903752,False,False,False,False,False,False,False,False,False,False,False,False,False,False,False,False,False,False,False,False,1.8378818693128631,-0.36401088606673543,0.3849329307081982,0.4963860908198721,7.150034791553729,False
helm/helm,2026-05-18,90,81,9,0.1111111111111111,81,3.733333333333333,5.683333333333334,0.05,3.6666666666666665,80,9,0.1125,10,1,0.1111111111111111,10,53.592083333333335,23.826527777777777,10,6.0,1.0,1.0,19,4.0,0.3192592592592593,,external,False,True,-0.034905848730067,1.5546296759391054,-0.034905848730067,False,False,0,external_evaluation,False,-2.3592165823921794,False,0.3091415980934403,False,-0.141581368262084,False,False,False,False,False,False,False,False,False,False,False,False,False,False,False,False,False,False,False,False,False,-2.3592165823921794,False,0.3091415980934403,False,-0.141581368262084,False,False,False,False,False,False,False,False,False,False,False,False,False,False,False,False,False,False,False,False,False,-2.3592165823921794,False,0.3091415980934403,False,-0.141581368262084,False,False,False,False,False,False,False,False,False,False,False,False,False,False,False,False,False,False,False,False,False,-1.011675737844824,False,0.8327995970366383,False,-0.31269803309923405,False,False,False,False,False,False,False,False,False,False,False,False,False,False,False,False,False,False,False,False,False,-1.011675737844824,False,0.8327995970366383,False,-0.31269803309923405,False,False,False,False,False,False,False,False,False,False,False,False,False,False,False,False,False,False,False,False,False,-1.011675737844824,False,0.8327995970366383,False,-0.31269803309923405,False,False,False,False,False,False,False,False,False,False,False,False,False,False,False,False,False,False,False,False,-0.7943473909918366,-0.04591128292733603,-0.5785946495891785,0.16383705575902943,7.150034791553729,False
helm/helm,2026-05-25,170,138,25,0.181159420289855,138,3.158333333333333,5.843333333333333,0.0333333333333333,3.1166666666666667,138,32,0.2318840579710145,32,0,0.0,16,100.27791666666668,87.45263888888888,16,9.5,2.0,1.0,17,4.0,0.3049134948096885,,external,False,True,-0.0293678797819082,1.4251143529694728,-0.0293678797819082,False,False,0,external_evaluation,False,-2.0316995052984574,False,1.4777938028457496,False,1.2338601975645702,False,False,False,False,False,False,False,False,False,False,False,False,False,False,False,False,False,False,False,False,False,-2.0316995052984574,False,1.4777938028457496,False,1.2338601975645702,False,False,False,False,False,False,False,False,False,False,False,False,False,False,False,False,False,False,False,False,False,-2.0316995052984574,False,1.4777938028457496,False,1.2338601975645702,False,False,False,False,False,False,False,False,False,False,False,False,False,False,False,False,False,False,False,False,False,-0.7171647398996391,False,2.2470154841504955,False,1.0168772498777254,False,False,False,False,False,False,False,False,False,False,False,False,False,False,False,False,False,False,False,False,False,-0.7171647398996391,False,2.2470154841504955,False,1.0168772498777254,False,False,False,False,False,False,False,False,False,False,False,False,False,False,False,False,False,False,False,False,False,-0.7171647398996391,False,2.2470154841504955,False,1.0168772498777254,False,False,False,False,False,False,False,False,False,False,False,False,False,False,False,False,False,False,False,False,-0.6380716368938345,1.3578760961443574,0.33728268977035214,0.07524621678601123,7.150034791553729,False
helm/helm,2026-06-01,28,22,3,0.1363636363636363,22,3.158333333333333,5.986666666666667,0.05,3.1,22,6,0.2727272727272727,6,0,0.0,2,7.693611111111111,7.690972222222222,2,8.0,2.0,1.0,11,4.0,0.3112244897959184,,external,False,True,0.0433143874493751,1.4251143529694728,0.0433143874493751,False,False,0,external_evaluation,False,2.1614037560450807,False,0.5528450653187913,False,1.7602382664218634,False,False,False,False,False,False,False,False,False,False,False,False,False,False,False,False,False,False,False,False,False,2.1614037560450807,False,0.5528450653187913,False,1.7602382664218634,False,False,False,False,False,False,False,False,False,False,False,False,False,False,False,False,False,False,False,False,False,2.1614037560450807,False,0.5528450653187913,False,1.7602382664218634,False,False,False,False,False,False,False,False,False,False,False,False,False,False,False,False,False,False,False,False,False,1.7492824702114644,False,1.1348700374981873,False,1.4717464320798026,False,False,False,False,False,False,False,False,False,False,False,False,False,False,False,False,False,False,False,False,False,1.7492824702114644,False,1.1348700374981873,False,1.4717464320798026,False,False,False,False,False,False,False,False,False,False,False,False,False,False,False,False,False,False,False,False,False,1.7492824702114644,False,1.1348700374981873,False,1.4717464320798026,False,False,False,False,False,False,False,False,False,False,False,False,False,False,False,False,False,False,False,False,1.4129467468220298,0.4601562675217064,0.650619122604072,0.2544879010353127,7.150034791553729,False
helm/helm,2026-06-08,149,134,11,0.0820895522388059,134,3.125,5.916666666666667,0.0333333333333333,3.083333333333333,134,15,0.1119402985074626,15,0,0.0,16,44.92388888888889,13.061388888888889,16,24.0,2.0,1.0,22,4.0,0.2913832710238278,,external,False,True,-0.0237520624223464,1.4170660197866445,-0.0237520624223464,False,False,0,external_evaluation,False,-1.4123244674820057,False,-0.5678127553899031,False,-0.34776999810190834,False,False,False,False,False,False,False,False,False,False,False,False,False,False,False,False,False,False,False,False,False,-1.4123244674820057,False,-0.5678127553899031,False,-0.34776999810190834,False,False,False,False,False,False,False,False,False,False,False,False,False,False,False,False,False,False,False,False,False,-1.4123244674820057,False,-0.5678127553899031,False,-0.34776999810190834,False,False,False,False,False,False,False,False,False,False,False,False,False,False,False,False,False,False,False,False,False,-0.5614365611834219,False,-0.12402604067128813,False,-0.318931405318025,False,False,False,False,False,False,False,False,False,False,False,False,False,False,False,False,False,False,False,False,False,-0.5614365611834219,False,-0.12402604067128813,False,-0.318931405318025,False,False,False,False,False,False,False,False,False,False,False,False,False,False,False,False,False,False,False,False,False,-0.5614365611834219,False,-0.12402604067128813,False,-0.318931405318025,False,False,False,False,False,False,False,False,False,False,False,False,False,False,False,False,False,False,False,False,-0.4795990811685172,-0.6275113035926561,-0.58288850525578,0.07040738877116887,7.150034791553729,False
helm/helm,2026-06-15,150,135,12,0.0888888888888888,135,3.1,5.883333333333334,0.05,3.033333333333333,134,16,0.1194029850746268,16,0,0.0,18,76.06222222222223,7.935555555555555,18,16.5,2.0,1.0,28,4.0,0.3126222222222222,,external,False,True,-0.0349896933306678,1.410986973710262,-0.0349896933306678,False,False,0,external_evaluation,False,-2.2543004499277144,False,-0.4274192339622311,False,-0.3044268741279436,False,False,False,False,False,False,False,False,False,False,False,False,False,False,False,False,False,False,False,False,False,-2.2543004499277144,False,-0.4274192339622311,False,-0.3044268741279436,False,False,False,False,False,False,False,False,False,False,False,False,False,False,False,False,False,False,False,False,False,-2.2543004499277144,False,-0.4274192339622311,False,-0.3044268741279436,False,False,False,False,False,False,False,False,False,False,False,False,False,False,False,False,False,False,False,False,False,-0.9066380762458962,False,-0.0072615982386724,False,-0.23581977573415938,False,False,False,False,False,False,False,False,False,False,False,False,False,False,False,False,False,False,False,False,False,-0.9066380762458962,False,-0.0072615982386724,False,-0.23581977573415938,False,False,False,False,False,False,False,False,False,False,False,False,False,False,False,False,False,False,False,False,False,-0.9066380762458962,False,-0.0072615982386724,False,-0.23581977573415938,False,False,False,False,False,False,False,False,False,False,False,False,False,False,False,False,False,False,False,False,-0.7967133988746167,-0.4912507273224962,-0.5256370963677699,0.002046028677956448,7.150034791553729,False
helm/helm,2026-06-22,188,164,23,0.1402439024390244,164,3.033333333333333,5.883333333333334,0.0333333333333333,3.0,164,24,0.1463414634146341,24,0,0.0,10,9.89847222222222,8.903749999999999,10,155.0,3.5,1.0,16,4.0,0.3298438207333635,,external,False,True,-0.0604136511891542,1.3945931639345857,-0.0604136511891542,False,False,0,external_evaluation,False,-1.9276636706719503,False,1.6574376589577333,False,-0.012121785151054928,False,False,False,False,False,False,False,False,False,False,False,False,False,False,False,False,False,False,False,False,False,-1.9276636706719503,False,1.6574376589577333,False,-0.012121785151054928,False,False,False,False,False,False,False,False,False,False,False,False,False,False,False,False,False,False,False,False,False,-1.9276636706719503,False,1.6574376589577333,False,-0.012121785151054928,False,False,False,False,False,False,False,False,False,False,False,False,False,False,False,False,False,False,False,False,False,-1.6340878090173685,False,1.015344317760444,False,0.1419598838238858,False,False,False,False,False,False,False,False,False,False,False,False,False,False,False,False,False,False,False,False,False,-1.6340878090173685,False,1.015344317760444,False,0.1419598838238858,False,False,False,False,False,False,False,False,False,False,False,False,False,False,False,False,False,False,False,False,False,-1.6340878090173685,False,1.015344317760444,False,0.1419598838238858,False,False,False,False,False,False,False,False,False,False,False,False,False,False,False,False,False,False,False,False,-1.5141511858473542,0.5379178667370489,-0.31897347404031895,0.0055212951149359625,7.150034791553729,False
helm/helm,2026-06-29,81,68,7,0.1029411764705882,68,3.0,5.905,0.0333333333333333,2.966666666666667,68,13,0.1911764705882352,13,0,0.0,4,7.686111111111111,4.011527777777777,4,13.0,1.5,1.0,13,4.0,0.3104709647919524,,external,False,True,-0.0602968457663336,1.3862943611198906,-0.0602968457663336,False,False,0,external_evaluation,False,-1.4401951096843901,False,-0.16305478561149733,False,0.8350837974472132,False,False,False,False,False,False,False,False,False,False,False,False,False,False,False,False,False,False,False,False,False,-1.4401951096843901,False,-0.16305478561149733,False,0.8350837974472132,False,False,False,False,False,False,False,False,False,False,False,False,False,False,False,False,False,False,False,False,False,-1.4401951096843901,False,-0.16305478561149733,False,0.8350837974472132,False,False,False,False,False,False,False,False,False,False,False,False,False,False,False,False,False,False,False,False,False,-1.5668947561358544,False,0.3156739346169738,False,0.7227803704254258,False,False,False,False,False,False,False,False,False,False,False,False,False,False,False,False,False,False,False,False,False,-1.5668947561358544,False,0.3156739346169738,False,0.7227803704254258,False,False,False,False,False,False,False,False,False,False,False,False,False,False,False,False,False,False,False,False,False,-1.5668947561358544,False,0.3156739346169738,False,0.7227803704254258,False,False,False,False,False,False,False,False,False,False,False,False,False,False,False,False,False,False,False,False,-1.5108550576630144,-0.20963901983732128,0.0249867479375024,0.0003068288328835981,7.150034791553729,False
helm/helm,2026-07-06,283,252,16,0.0634920634920634,252,3.825,6.098333333333333,0.05,3.158333333333333,266,17,0.0639097744360902,17,1,0.0588235294117647,22,2.8318055555555555,2.4779166666666663,22,6.5,2.0,1.0,44,4.0,0.2912135249534893,,external,False,True,0.0423183726793473,1.5738107347909494,0.0423183726793473,False,False,0,external_evaluation,False,1.0095205706377584,False,-1.276066644871092,False,-1.2712206795147858,False,False,False,False,False,False,False,False,False,False,False,False,False,False,False,False,False,False,False,False,False,1.0095205706377584,False,-1.276066644871092,False,-1.2712206795147858,False,False,False,False,False,False,False,False,False,False,False,False,False,False,False,False,False,False,False,False,False,1.0095205706377584,False,-1.276066644871092,False,-1.2712206795147858,False,False,False,False,False,False,False,False,False,False,False,False,False,False,False,False,False,False,False,False,False,1.3660180985387196,False,-0.5985396991657859,False,-0.9091117321173635,False,False,False,False,False,False,False,False,False,False,False,False,False,False,False,False,False,False,False,False,False,1.3660180985387196,False,-0.5985396991657859,False,-0.9091117321173635,False,False,False,False,False,False,False,False,False,False,False,False,False,False,False,False,False,False,False,False,False,1.3660180985387196,False,-0.5985396991657859,False,-0.9091117321173635,False,False,False,False,False,False,False,False,False,False,False,False,False,False,False,False,False,False,False,False,1.3848402404952667,-1.0002100923455342,-0.9513637383996633,0.0,7.150034791553729,False
helm/helm,2026-07-13,486,288,36,0.125,288,3.7083333333333335,5.9,0.05,3.616666666666666,471,15,0.0318471337579617,15,0,0.0,37,52.958888888888886,9.1325,34,13.0,2.0,1.0,48,4.0,0.32926891225931,,external,False,True,-0.0053243870471606,1.549333988364395,-0.0053243870471606,False,False,0,external_evaluation,False,-0.02941443852213037,False,0.7135402244989243,False,-1.268214472595483,False,False,False,False,False,False,False,False,False,False,False,False,False,False,False,False,False,False,False,False,False,-0.02941443852213037,False,0.7135402244989243,False,-1.268214472595483,False,False,False,False,False,False,False,False,False,False,False,False,False,False,False,False,False,False,False,False,False,-0.02941443852213037,False,0.7135402244989243,False,-1.268214472595483,False,False,False,False,False,False,False,False,False,False,False,False,False,False,False,False,False,False,False,False,False,-0.05896197804271624,False,1.0387157695939582,False,-1.2121461256927675,False,False,False,False,False,False,False,False,False,False,False,False,False,False,False,False,False,False,False,False,False,-0.05896197804271624,False,1.0387157695939582,False,-1.2121461256927675,False,False,False,False,False,False,False,False,False,False,False,False,False,False,False,False,False,False,False,False,False,-0.05896197804271624,False,1.0387157695939582,False,-1.2121461256927675,False,False,False,False,False,False,False,False,False,False,False,False,False,False,False,False,False,False,False,False,0.040410852525276215,0.2324258698196381,-1.1973383394997088,0.0,7.150034791553729,False
helm/helm,2026-07-20,607,493,21,0.0425963488843813,493,2.65,5.916666666666667,0.05,2.466666666666667,583,24,0.0411663807890223,24,0,0.0,54,14.283194444444444,11.610833333333334,53,354.5,2.5,1.0,70,5.0,0.2468591311144825,,external,False,True,0.0036537075874831,1.2947271675944,0.0036537075874831,False,False,0,external_evaluation,False,0.20471070475441774,False,-1.8451586293727522,False,-1.1443374986300323,False,False,False,False,False,False,False,False,False,False,False,False,False,False,False,False,False,False,False,False,False,0.20471070475441774,False,-1.8451586293727522,False,-1.1443374986300323,False,False,False,False,False,False,False,False,False,False,False,False,False,False,False,False,False,False,False,False,False,0.20471070475441774,False,-1.8451586293727522,False,-1.1443374986300323,False,False,False,False,False,False,False,False,False,False,False,False,False,False,False,False,False,False,False,False,False,0.173728258231058,False,-1.111636334788798,False,-0.9528550290999857,False,False,False,False,False,False,False,False,False,False,False,False,False,False,False,False,False,False,False,False,False,0.173728258231058,False,-1.111636334788798,False,-0.9528550290999857,False,False,False,False,False,False,False,False,False,False,False,False,False,False,False,False,False,False,False,False,False,0.173728258231058,False,-1.111636334788798,False,-0.9528550290999857,False,False,False,False,False,False,False,False,False,False,False,False,False,False,False,False,False,False,False,False,0.29376339431925713,-1.4189659593586565,-1.125843976511023,0.0,7.150034791553729,False
helm/helm,2026-07-27,247,159,7,0.0440251572327044,159,1.15,5.053333333333336,0.05,0.8666666666666667,235,12,0.051063829787234,12,0,0.0,7,20.06,16.230555555555554,7,12.0,2.0,1.0,20,5.0,0.2514547034044157,,external,False,True,-0.0816313949510367,0.7654678421395714,-0.0816313949510367,False,False,0,external_evaluation,False,-1.7398860227455517,False,-1.1606331559295355,False,-1.036650185754332,False,False,False,False,False,False,False,False,False,False,False,False,False,False,False,False,False,False,False,False,False,-1.7398860227455517,False,-1.1606331559295355,False,-1.036650185754332,False,False,False,False,False,False,False,False,False,False,False,False,False,False,False,False,False,False,False,False,False,-1.7398860227455517,False,-1.1606331559295355,False,-1.036650185754332,False,False,False,False,False,False,False,False,False,False,False,False,False,False,False,False,False,False,False,False,False,-2.2767569719177514,False,-1.0063497667315706,False,-0.7844240592189765,False,False,False,False,False,False,False,False,False,False,False,False,False,False,False,False,False,False,False,False,False,-2.2767569719177514,False,-1.0063497667315706,False,-0.7844240592189765,False,False,False,False,False,False,False,False,False,False,False,False,False,False,False,False,False,False,False,False,False,-2.2767569719177514,False,-1.0063497667315706,False,-0.7844240592189765,False,False,False,False,False,False,False,False,False,False,False,False,False,False,False,False,False,False,False,False,-2.112893962790655,-1.3903322471391348,-1.0499138279720142,0.0,7.150034791553729,False
helm/helm,2026-08-03,130,87,3,0.0344827586206896,87,0.8833333333333333,5.07,0.05,0.7666666666666667,123,7,0.056910569105691,7,0,0.0,11,1.096666666666667,0.3419444444444444,11,8.0,2.0,1.0,16,5.0,0.2302958579881657,,external,False,True,-0.2475758807826481,0.6330432564902398,-0.2475758807826481,False,False,0,external_evaluation,False,-4.131016342709564,False,-1.3768914814142899,False,-0.5872719822199938,False,False,False,False,False,False,False,False,False,False,False,False,False,False,False,False,False,False,False,False,False,-4.131016342709564,False,-1.3768914814142899,False,-0.5872719822199938,False,False,False,False,False,False,False,False,False,False,False,False,False,False,False,False,False,False,False,False,False,-4.131016342709564,False,-1.3768914814142899,False,-0.5872719822199938,False,False,False,False,False,False,False,False,False,False,False,False,False,False,False,False,False,False,False,False,False,-6.123942284010646,False,-1.206252420541008,False,-0.7022051701844502,False,False,False,False,False,False,False,False,False,False,False,False,False,False,False,False,False,False,False,False,False,-6.123942284010646,False,-1.206252420541008,False,-0.7022051701844502,False,False,False,False,False,False,False,False,False,False,False,False,False,False,False,False,False,False,False,False,False,-6.123942284010646,False,-1.206252420541008,False,-0.7022051701844502,False,False,False,False,False,False,False,False,False,False,False,False,False,False,False,False,False,False,False,False,-6.795675665704001,-1.581564539462366,-1.0050594634787475,0.0,7.150034791553729,False
prometheus/prometheus,2025-06-23,383,264,61,0.231060606060606,264,6.275,17.186666666666667,0.0333333333333333,1.0833333333333333,380,3,0.0078947368421052,3,2,0.6666666666666666,12,92.18569444444444,13.379305555555554,12,75.5,2.0,2.0,27,3.0,0.3336923695709971,,train,False,False,0.0835041740963767,1.9844438130575563,0.0835041740963767,False,False,0,train,,,,,,,,,,,,,,,,,,,,,,,,,,,,,,,,,,,,,,,,,,,,,,,,,,,,,,,,,,,,,,,,,,,,,,,,,,,,,,,,,,,,,,,,,,,,,,,,,,,,,,,,,,,,,,,,,,,,,,,,,,,,,,,,,,,,,,,,,,,,,,,,,,,,,,,,,,,,,0.4126450069040115,-0.59299451993157,-0.36790788283527387,0.00681103606891247,7.150034791553729,False
prometheus/prometheus,2025-06-30,365,256,44,0.171875,256,5.716666666666667,16.983333333333334,0.0333333333333333,0.9666666666666668,363,2,0.0055096418732782,2,2,1.0,17,52.49944444444444,22.2075,17,72.0,3.0,3.0,32,3.0,0.3333533495965472,,train,False,False,0.1036089676493416,1.9045919997245824,0.1036089676493416,False,False,0,train,,,,,,,,,,,,,,,,,,,,,,,,,,,,,,,,,,,,,,,,,,,,,,,,,,,,,,,,,,,,,,,,,,,,,,,,,,,,,,,,,,,,,,,,,,,,,,,,,,,,,,,,,,,,,,,,,,,,,,,,,,,,,,,,,,,,,,,,,,,,,,,,,,,,,,,,,,,,,0.7480632118014462,-1.7409663943578655,-0.6978940325026483,0.04649881698683226,7.150034791553729,False
prometheus/prometheus,2025-07-07,374,256,55,0.21484375,256,6.074999999999999,19.65,0.0333333333333333,1.1166666666666667,369,5,0.013550135501355,5,4,0.8,40,226.25944444444443,207.26444444444445,40,13.5,2.0,1.0,25,3.0,0.3334524864880322,,train,False,False,0.094554794451003,1.9565674435293008,0.094554794451003,False,False,0,train,,,,,,,,,,,,,,,,,,,,,,,,,,,,,,,,,,,,,,,,,,,,,,,,,,,,,,,,,,,,,,,,,,,,,,,,,,,,,,,,,,,,,,,,,,,,,,,,,,,,,,,,,,,,,,,,,,,,,,,,,,,,,,,,,,,,,,,,,,,,,,,,,,,,,,,,,,,,,0.597007966542818,-0.907538813524374,0.4145361090354902,0.08521160461083432,7.150034791553729,False
prometheus/prometheus,2025-07-14,172,114,29,0.2543859649122807,114,4.266666666666667,19.81000000000001,0.0333333333333333,1.1666666666666667,171,1,0.0058479532163742,1,0,0.0,9,81.50416666666666,79.52888888888889,9,43.0,2.0,2.0,17,3.0,0.3333558680367766,,train,False,False,0.0922148222059787,1.6613976513648114,0.0922148222059787,False,False,0,train,,,,,,,,,,,,,,,,,,,,,,,,,,,,,,,,,,,,,,,,,,,,,,,,,,,,,,,,,,,,,,,,,,,,,,,,,,,,,,,,,,,,,,,,,,,,,,,,,,,,,,,,,,,,,,,,,,,,,,,,,,,,,,,,,,,,,,,,,,,,,,,,,,,,,,,,,,,,,0.5579690533668046,-0.14057276226293106,-0.6510874864505423,0.11910921223519395,7.150034791553729,False
prometheus/prometheus,2025-07-21,342,233,59,0.2532188841201717,232,1.0166666666666666,18.68,0.0333333333333333,0.95,338,3,0.0088757396449704,4,3,1.0,10,134.66055555555556,51.31277777777778,10,71.5,2.5,1.0,19,4.0,0.3133613761499265,,train,False,False,0.1308114471174556,0.7014459833746404,0.1308114471174556,False,False,0,train,,,,,,,,,,,,,,,,,,,,,,,,,,,,,,,,,,,,,,,,,,,,,,,,,,,,,,,,,,,,,,,,,,,,,,,,,,,,,,,,,,,,,,,,,,,,,,,,,,,,,,,,,,,,,,,,,,,,,,,,,,,,,,,,,,,,,,,,,,,,,,,,,,,,,,,,,,,,,1.201895617884947,-0.16320961628369418,-0.23218274737469483,0.2667482267697373,7.150034791553729,False
prometheus/prometheus,2025-07-28,401,289,67,0.231833910034602,289,14.316666666666666,31.679999999999986,0.0333333333333333,0.95,401,0,0.0,0,0,,11,96.74027777777778,24.96361111111111,11,4.0,1.0,1.0,37,4.0,0.3300414798415432,,train,False,False,0.2639706786146252,2.7289415601335865,0.2639706786146252,False,False,0,train,,,,,,,,,,,,,,,,,,,,,,,,,,,,,,,,,,,,,,,,,,,,,,,,,,,,,,,,,,,,,,,,,,,,,,,,,,,,,,,,,,,,,,,,,,,,,,,,,,,,,,,,,,,,,,,,,,,,,,,,,,,,,,,,,,,,,,,,,,,,,,,,,,,,,,,,,,,,,3.423456872748757,-0.5779954133646718,-1.4601720682084405,1.2053246180085337,7.150034791553729,False
prometheus/prometheus,2025-08-04,387,260,68,0.2615384615384615,260,1.9666666666666663,19.441666666666663,0.0333333333333333,1.3083333333333331,387,0,0.0,0,0,,17,41.57138888888889,16.45722222222222,17,35.0,2.0,1.0,30,3.0,0.3333333333333333,,train,False,False,0.101992753082326,1.0874389880699844,0.101992753082326,False,False,0,train,,,,,,,,,,,,,,,,,,,,,,,,,,,,,,,,,,,,,,,,,,,,,,,,,,,,,,,,,,,,,,,,,,,,,,,,,,,,,,,,,,,,,,,,,,,,,,,,,,,,,,,,,,,,,,,,,,,,,,,,,,,,,,,,,,,,,,,,,,,,,,,,,,,,,,,,,,,,,0.721099105586214,-0.001841987919307852,-1.4601720682084405,1.04554313541129,7.150034791553729,False
prometheus/prometheus,2025-08-11,395,295,122,0.4135593220338983,294,0.95,17.766666666666666,0.0333333333333333,0.8833333333333333,386,9,0.0233160621761658,9,3,0.3333333333333333,17,138.50805555555556,38.40027777777778,17,67.0,2.0,1.0,17,6.0,0.2365454254125941,,train,False,False,0.0745815807330013,0.6678293725756554,0.0745815807330013,False,False,0,train,,,,,,,,,,,,,,,,,,,,,,,,,,,,,,,,,,,,,,,,,,,,,,,,,,,,,,,,,,,,,,,,,,,,,,,,,,,,,,,,,,,,,,,,,,,,,,,,,,,,,,,,,,,,,,,,,,,,,,,,,,,,,,,,,,,,,,,,,,,,,,,,,,,,,,,,,,,,,0.26378497304746956,2.9467748091468757,1.765685888593165,0.8551027592746844,7.150034791553729,False
prometheus/prometheus,2025-08-18,435,346,122,0.3526011560693641,346,0.85,15.091666666666669,0.0333333333333333,0.8,424,8,0.0188679245283018,11,5,0.625,12,326.2468055555555,186.7826388888889,12,128.5,4.0,3.5,15,4.0,0.2644735103712511,,train,False,False,0.0121400746114913,0.6151856390902334,0.0121400746114913,False,False,0,train,,,,,,,,,,,,,,,,,,,,,,,,,,,,,,,,,,,,,,,,,,,,,,,,,,,,,,,,,,,,,,,,,,,,,,,,,,,,,,,,,,,,,,,,,,,,,,,,,,,,,,,,,,,,,,,,,,,,,,,,,,,,,,,,,,,,,,,,,,,,,,,,,,,,,,,,,,,,,-0.7779575267794132,1.7644221274452156,1.1502706389727213,0.6638907242068959,7.150034791553729,False
prometheus/prometheus,2025-08-25,393,303,93,0.3069306930693069,302,0.8666666666666667,17.483333333333334,0.0333333333333333,0.8166666666666667,376,15,0.0398936170212766,17,10,0.6666666666666666,9,167.2888888888889,26.979444444444443,9,70.0,2.0,2.0,20,4.0,0.2538248871795868,,train,False,False,0.0605595500867761,0.6241543090729939,0.0605595500867761,False,False,0,train,,,,,,,,,,,,,,,,,,,,,,,,,,,,,,,,,,,,,,,,,,,,,,,,,,,,,,,,,,,,,,,,,,,,,,,,,,,,,,,,,,,,,,,,,,,,,,,,,,,,,,,,,,,,,,,,,,,,,,,,,,,,,,,,,,,,,,,,,,,,,,,,,,,,,,,,,,,,,0.029848507299475312,0.8785917625013174,4.059248017453882,1.412122175744174,7.150034791553729,False
prometheus/prometheus,2025-09-01,613,507,154,0.3037475345167653,507,0.8166666666666667,17.6,0.0333333333333333,0.7333333333333333,609,4,0.0065681444991789,4,3,0.75,16,164.58819444444447,45.97444444444445,16,101.5,3.0,2.0,39,6.0,0.2628769270482664,,train,False,False,0.0345205509079967,0.597003320007043,0.0345205509079967,False,False,0,train,,,,,,,,,,,,,,,,,,,,,,,,,,,,,,,,,,,,,,,,,,,,,,,,,,,,,,,,,,,,,,,,,,,,,,,,,,,,,,,,,,,,,,,,,,,,,,,,,,,,,,,,,,,,,,,,,,,,,,,,,,,,,,,,,,,,,,,,,,,,,,,,,,,,,,,,,,,,,-0.404572982225541,0.8168507965236191,-0.5514465281059742,0.9075295436942619,7.150034791553729,False
prometheus/prometheus,2025-09-08,331,266,79,0.2969924812030075,266,0.9,15.3,0.0333333333333333,0.7833333333333333,328,2,0.0060975609756097,3,1,0.5,9,141.27527777777777,10.177222222222222,9,96.0,7.0,6.0,18,5.0,0.2630406805341316,,train,False,False,0.0405545173854311,0.6418538861723948,0.0405545173854311,False,False,0,train,,,,,,,,,,,,,,,,,,,,,,,,,,,,,,,,,,,,,,,,,,,,,,,,,,,,,,,,,,,,,,,,,,,,,,,,,,,,,,,,,,,,,,,,,,,,,,,,,,,,,,,,,,,,,,,,,,,,,,,,,,,,,,,,,,,,,,,,,,,,,,,,,,,,,,,,,,,,,-0.30390533801718383,0.6858288854443714,-0.6165533884486786,0.6251843368380425,7.150034791553729,False
prometheus/prometheus,2025-09-15,363,283,60,0.2120141342756183,283,0.8833333333333333,17.193333333333335,0.0333333333333333,0.8166666666666667,359,3,0.0083565459610027,4,2,0.6666666666666666,8,329.3120833333333,8.403472222222222,8,29.0,2.5,1.0,18,4.0,0.2565322647967276,,train,False,False,0.0290642618775811,0.6330432564902398,0.0290642618775811,False,False,0,train,,,,,,,,,,,,,,,,,,,,,,,,,,,,,,,,,,,,,,,,,,,,,,,,,,,,,,,,,,,,,,,,,,,,,,,,,,,,,,,,,,,,,,,,,,,,,,,,,,,,,,,,,,,,,,,,,,,,,,,,,,,,,,,,,,,,,,,,,,,,,,,,,,,,,,,,,,,,,-0.49560294814696026,-0.9624224158600214,-0.30401499176887953,0.1793471077795208,7.150034791553729,False
prometheus/prometheus,2025-09-22,240,191,59,0.3089005235602094,191,0.9,15.35,0.0333333333333333,0.8166666666666667,235,5,0.0212765957446808,5,4,0.8,10,143.5809722222222,4.9063888888888885,10,196.5,6.0,2.5,10,4.0,0.2594444444444445,,train,False,False,0.0322594982269794,0.6418538861723948,0.0322594982269794,False,False,0,train,False,-1.5064121483018975,False,0.8677832775333947,True,3.784310600783268,False,,,,False,,,,True,,,,True,,,,False,,,,False,-1.5064121483018975,False,0.8677832775333947,True,3.784310600783268,False,,,,False,,,,True,,,,True,,,,False,,,,False,-1.5064121483018975,False,0.8677832775333947,True,3.784310600783268,False,,,,False,,,,True,,,,True,,,,False,,,,,,,,,,,,,,,,,,,,,,,,,,,,,,,,,,,,,,,,,,,,,,,,,,,,,,,,,,,,,,,,,,,,,,,,,,,,,,,,,,-0.44229524131999026,0.9167988562772572,1.483518644144791,0.4476590577545252,7.150034791553729,False
prometheus/prometheus,2025-09-29,490,379,119,0.3139841688654353,379,0.7333333333333333,16.186666666666667,0.0333333333333333,0.6,485,4,0.0082474226804123,5,3,0.75,17,22.976944444444445,24.24597222222222,16,31.0,2.0,1.0,39,5.0,0.2533860891295293,,train,False,False,0.021135499214391,0.5500463369192718,0.021135499214391,False,False,0,train,False,-1.0594181386243446,False,0.7792995359177254,False,-0.014171825445605602,False,False,,,False,False,,,False,False,,,False,False,,,False,False,,,False,-1.0594181386243446,False,0.7792995359177254,False,-0.014171825445605602,False,False,,,False,False,,,False,False,,,False,False,,,False,False,,,False,-1.0594181386243446,False,0.7792995359177254,False,-0.014171825445605602,False,False,,,False,False,,,False,False,,,False,False,,,False,False,,,,,,,,,,,,,,,,,,,,,,,,,,,,,,,,,,,,,,,,,,,,,,,,,,,,,,,,,,,,,,,,,,,,,,,,,,,,,,,,,-0.6278824133669765,1.0154019156762375,-0.3191125755849268,0.43590485410760454,7.150034791553729,False
prometheus/prometheus,2025-10-06,684,519,96,0.1849710982658959,519,0.55,15.683333333333334,0.0333333333333333,0.5,681,3,0.0044052863436123,3,3,1.0,18,9.31486111111111,2.292777777777778,18,24.0,2.0,1.0,38,4.0,0.2520903867856776,,train,False,False,-0.0283759210322549,0.4382549309311553,-0.0283759210322549,False,False,0,train,False,-1.8949814499650264,False,-1.7733763337819723,False,-0.5131495432043843,False,False,False,,False,False,False,,False,False,False,,False,False,False,,False,False,False,,False,-1.8949814499650264,False,-1.7733763337819723,False,-0.5131495432043843,False,False,False,,False,False,False,,False,False,False,,False,False,False,,False,False,False,,False,-1.8949814499650264,False,-1.7733763337819723,False,-0.5131495432043843,False,False,False,,False,False,False,,False,False,False,,False,False,False,,False,False,False,,,,,,,,,,,,,,,,,,,,,,,,,,,,,,,,,,,,,,,,,,,,,,,,,,,,,,,,,,,,,,,,,,,,,,,,,,,,,,,,-1.4539059016113205,-1.4869527333576436,-0.8506854449458804,0.03449733158565867,7.150034791553729,False
prometheus/prometheus,2025-10-13,560,433,81,0.1870669745958429,433,0.5333333333333333,15.61,0.0333333333333333,0.4833333333333333,554,5,0.0090252707581227,6,4,0.8,20,48.51486111111111,2.7731944444444445,20,46.5,3.0,2.0,29,5.0,0.2493494897959183,,train,False,False,-0.0261337299850472,0.4274440148269396,-0.0261337299850472,False,False,0,train,False,-1.5830191348440152,False,-1.7401971550875937,False,0.136551984287279,False,False,False,False,False,False,False,False,False,False,False,False,False,False,False,False,False,False,False,False,False,-1.5830191348440152,False,-1.7401971550875937,False,0.136551984287279,False,False,False,False,False,False,False,False,False,False,False,False,False,False,False,False,False,False,False,False,False,-1.5830191348440152,False,-1.7401971550875937,False,0.136551984287279,False,False,False,False,False,False,False,False,False,False,False,False,False,False,False,False,False,False,False,False,,,,,,,,,,,,,,,,,,,,,,,,,,,,,,,,,,,,,,,,,,,,,,,,,,,,,,,,,,,,,,,,,,,,,,,,,,,,,,,-1.4164983204735078,-1.4463008377499307,-0.21149459997196435,0.0006030558697296751,7.150034791553729,False
prometheus/prometheus,2025-10-20,445,319,59,0.1849529780564263,319,0.5833333333333334,15.66,0.1166666666666666,0.45,439,5,0.0113895216400911,6,4,0.8,34,272.85513888888886,81.06083333333333,32,28.0,2.0,1.0,23,5.0,0.2498522913773513,,train,False,False,-0.0119893708263811,0.4595323293784402,-0.0119893708263811,False,False,0,train,False,-1.2047510819610545,False,-1.7263742211021027,False,0.5177371945540405,False,False,False,False,False,False,False,False,False,False,False,False,False,False,False,False,False,False,False,False,False,-1.2047510819610545,False,-1.7263742211021027,False,0.5177371945540405,False,False,False,False,False,False,False,False,False,False,False,False,False,False,False,False,False,False,False,False,False,-1.2047510819610545,False,-1.7263742211021027,False,0.5177371945540405,False,False,False,False,False,False,False,False,False,False,False,False,False,False,False,False,False,False,False,False,,,,,,,,,,,,,,,,,,,,,,,,,,,,,,,,,,,,,,,,,,,,,,,,,,,,,,,,,,,,,,,,,,,,,,,,,,,,,,,-1.1805209877082719,-1.4873041953467039,0.11560769808543217,0.0018290416349513623,7.150034791553729,False
prometheus/prometheus,2025-10-27,678,520,150,0.2884615384615384,520,0.5333333333333333,26.023333333333333,0.05,0.4166666666666667,665,8,0.0120300751879699,13,4,0.5,23,27.0175,2.9633333333333334,23,57.0,3.0,2.0,55,5.0,0.247539614169734,,train,False,False,0.1020656303727554,0.4274440148269396,0.1020656303727554,False,False,0,train,False,1.6637280850363168,False,-0.10347382063272371,False,0.6270814267307012,False,False,False,False,False,False,False,False,False,False,False,False,False,False,False,False,False,False,False,False,False,1.6637280850363168,False,-0.10347382063272371,False,0.6270814267307012,False,False,False,False,False,False,False,False,False,False,False,False,False,False,False,False,False,False,False,False,False,1.6637280850363168,False,-0.10347382063272371,False,0.6270814267307012,False,False,False,False,False,False,False,False,False,False,False,False,False,False,False,False,False,False,False,False,,,,,,,,,,,,,,,,,,,,,,,,,,,,,,,,,,,,,,,,,,,,,,,,,,,,,,,,,,,,,,,,,,,,,,,,,,,,,,,0.7223149534321132,0.5203615872043336,0.20423049997925188,0.005633994150829631,7.150034791553729,False
prometheus/prometheus,2025-11-03,612,430,120,0.2790697674418604,430,0.5333333333333333,24.413333333333348,0.0333333333333333,0.3916666666666667,603,6,0.0099502487562189,9,4,0.6666666666666666,31,108.6288888888889,107.24555555555555,31,43.0,2.0,1.0,36,5.0,0.2710976547481737,,train,False,False,0.0886026779506865,0.4274440148269396,0.0886026779506865,False,False,0,train,False,1.3428581075201786,False,-0.34096852574170644,False,0.2076305220525692,False,False,False,False,False,False,False,False,False,False,False,False,False,False,False,False,False,False,False,False,False,1.3428581075201786,False,-0.34096852574170644,False,0.2076305220525692,False,False,False,False,False,False,False,False,False,False,False,False,False,False,False,False,False,False,False,False,False,1.3428581075201786,False,-0.34096852574170644,False,0.2076305220525692,False,False,False,False,False,False,False,False,False,False,False,False,False,False,False,False,False,False,False,False,,,,,,,,,,,,,,,,,,,,,,,,,,,,,,,,,,,,,,,,,,,,,,,,,,,,,,,,,,,,,,,,,,,,,,,,,,,,,,,0.4977058659459115,0.33819754937050533,-0.08352069029200121,0.0018786860028275972,7.150034791553729,False
prometheus/prometheus,2025-11-10,640,503,149,0.2962226640159046,503,0.4666666666666667,16.98,0.0333333333333333,0.4166666666666667,605,16,0.0264462809917355,35,9,0.5625,24,158.18694444444444,22.95319444444445,24,32.0,2.0,2.0,26,5.0,0.254814453125,,train,False,False,-0.038564943668143,0.3829922522561058,-0.038564943668143,False,False,0,train,False,-1.687998023466882,False,-0.028970756667038137,True,3.289792527159342,False,False,False,False,False,False,False,False,True,False,False,False,True,False,False,False,False,False,False,False,False,-1.687998023466882,False,-0.028970756667038137,True,3.289792527159342,False,False,False,False,False,False,False,False,True,False,False,False,True,False,False,False,False,False,False,False,False,-1.687998023466882,False,-0.028970756667038137,False,3.289792527159342,False,False,False,False,False,False,False,False,False,False,False,False,False,False,False,False,False,False,False,False,,,,,,,,,,,,,,,,,,,,,,,,,,,,,,,,,,,,,,,,,,,,,,,,,,,,,,,,,,,,,,,,,,,,,,,,,,,,,,,-1.6238944007812066,0.6708974090590633,2.198762503179381,0.22656138250625543,7.150034791553729,False
prometheus/prometheus,2025-11-17,656,509,117,0.2298624754420432,509,0.4666666666666667,19.116666666666667,0.0333333333333333,0.3833333333333333,649,6,0.0092449922958397,7,5,0.8333333333333334,22,4.526666666666666,2.2461111111111114,22,20.0,1.5,1.0,53,5.0,0.2541595404521118,,train,False,False,0.1042953807181496,0.3829922522561058,0.1042953807181496,False,False,0,train,False,1.6111201823590489,False,-2.6094329780967622,False,-0.14064881784669234,False,False,False,False,False,False,False,False,False,False,False,False,False,False,False,False,False,False,False,False,False,1.6111201823590489,False,-2.6094329780967622,False,-0.14064881784669234,False,False,False,False,False,False,False,False,False,False,False,False,False,False,False,False,False,False,False,False,False,1.6111201823590489,False,-2.6094329780967622,False,-0.14064881784669234,False,False,False,False,False,False,False,False,False,False,False,False,False,False,False,False,False,False,False,False,,,,,,,,,,,,,,,,,,,,,,,,,,,,,,,,,,,,,,,,,,,,,,,,,,,,,,,,,,,,,,,,,,,,,,,,,,,,,,,0.7595149801944503,-0.6162336205093465,-0.18109536422753358,0.11787065972352874,7.150034791553729,False
prometheus/prometheus,2025-11-24,398,306,57,0.1862745098039215,306,0.45,17.55,0.0333333333333333,0.3833333333333333,396,2,0.005050505050505,2,2,1.0,11,73.56111111111112,9.381388888888887,11,16.0,2.0,1.0,18,4.0,0.2535542031766874,,train,False,False,-0.0443102466138947,0.371563556432483,-0.0443102466138947,False,False,0,train,False,-1.1671617027854415,False,-3.372193200161105,False,-1.0568934443153144,False,False,False,False,False,False,False,False,False,False,False,False,False,False,False,False,False,False,False,False,False,-1.1671617027854415,False,-3.372193200161105,False,-1.0568934443153144,False,False,False,False,False,False,False,False,False,False,False,False,False,False,False,False,False,False,False,False,False,-1.1671617027854415,False,-3.372193200161105,False,-1.0568934443153144,False,False,False,False,False,False,False,False,False,False,False,False,False,False,False,False,False,False,False,False,,,,,,,,,,,,,,,,,,,,,,,,,,,,,,,,,,,,,,,,,,,,,,,,,,,,,,,,,,,,,,,,,,,,,,,,,,,,,,,-1.7197461286579045,-1.461671590085681,-0.7614172021447999,0.014975624283970819,7.150034791553729,False
prometheus/prometheus,2025-12-01,523,390,108,0.2769230769230769,390,0.4333333333333333,17.868333333333336,0.0333333333333333,0.4,517,5,0.0096711798839458,6,3,0.6,9,41.91444444444444,10.560833333333331,9,138.0,5.0,1.0,22,5.0,0.2658182496188704,,train,False,False,-0.0209757916185716,0.360002734031407,-0.0209757916185716,False,False,0,train,False,-0.6114634345913753,False,-0.04147064991347206,False,0.17730457897452762,False,False,False,False,False,False,False,False,False,False,False,False,False,False,False,False,False,False,False,False,False,-0.6114634345913753,False,-0.04147064991347206,False,0.17730457897452762,False,False,False,False,False,False,False,False,False,False,False,False,False,False,False,False,False,False,False,False,False,-0.6114634345913753,False,-0.04147064991347206,False,0.17730457897452762,False,False,False,False,False,False,False,False,False,False,False,False,False,False,False,False,False,False,False,False,,,,,,,,,,,,,,,,,,,,,,,,,,,,,,,,,,,,,,,,,,,,,,,,,,,,,,,,,,,,,,,,,,,,,,,,,,,,,,,-1.330445886097741,0.29656005500848776,-0.12213083532061034,0.005398396277379383,7.150034791553729,False
prometheus/prometheus,2025-12-08,533,405,106,0.2617283950617284,405,0.4666666666666667,20.71,0.0333333333333333,0.4333333333333333,525,7,0.0133333333333333,8,2,0.2857142857142857,11,46.92944444444444,31.819166666666668,11,46.0,2.0,1.0,23,4.0,0.2510375269721812,,train,False,False,0.0368438822673114,0.3829922522561058,0.0368438822673114,False,False,0,train,False,0.22414495423249847,False,-0.27653455339648586,False,1.2858524220105643,False,False,False,False,False,False,False,False,False,False,False,False,False,False,False,False,False,False,False,False,False,0.22414495423249847,False,-0.27653455339648586,False,1.2858524220105643,False,False,False,False,False,False,False,False,False,False,False,False,False,False,False,False,False,False,False,False,False,0.22414495423249847,False,-0.27653455339648586,False,1.2858524220105643,False,False,False,False,False,False,False,False,False,False,False,False,False,False,False,False,False,False,False,False,,,,,,,,,,,,,,,,,,,,,,,,,,,,,,,,,,,,,,,,,,,,,,,,,,,,,,,,,,,,,,,,,,,,,,,,,,,,,,,-0.3658116971683101,0.001841987919307852,0.38454077819958443,0.018411010615056414,7.150034791553729,False
prometheus/prometheus,2025-12-15,725,544,172,0.3161764705882353,544,0.4666666666666667,18.595,0.0333333333333333,0.4166666666666667,717,8,0.0111576011157601,8,5,0.625,34,143.86888888888888,7.217083333333333,34,27.5,2.0,1.0,30,5.0,0.2496247324613555,,train,False,False,0.0059479419050315,0.3829922522561058,0.0059479419050315,False,False,0,train,False,-0.21671322417726147,False,0.7785259004179811,False,0.5834563362980908,False,False,False,False,False,False,False,False,False,False,False,False,False,False,False,False,False,False,False,False,False,-0.21671322417726147,False,0.7785259004179811,False,0.5834563362980908,False,False,False,False,False,False,False,False,False,False,False,False,False,False,False,False,False,False,False,False,False,-0.21671322417726147,False,0.7785259004179811,False,0.5834563362980908,False,False,False,False,False,False,False,False,False,False,False,False,False,False,False,False,False,False,False,False,,,,,,,,,,,,,,,,,,,,,,,,,,,,,,,,,,,,,,,,,,,,,,,,,,,,,,,,,,,,,,,,,,,,,,,,,,,,,,,-0.8812639363386969,1.0579240910080843,0.08352069029200121,0.01956830419485574,7.150034791553729,False
prometheus/prometheus,2025-12-22,316,250,66,0.264,250,0.3833333333333333,18.81833333333333,0.0333333333333333,0.35,315,1,0.0031746031746031,1,1,1.0,13,32.564166666666665,28.75805555555556,13,31.0,2.0,1.0,18,4.0,0.27950248357635,,train,False,False,-0.0049449109556722,0.3244960455744973,-0.0049449109556722,False,False,0,train,False,-0.22901327038242514,False,-0.235192637663711,False,-2.683838589988407,False,False,False,False,False,False,False,False,False,False,False,False,False,False,False,False,False,False,False,False,False,-0.22901327038242514,False,-0.235192637663711,False,-2.683838589988407,False,False,False,False,False,False,False,False,False,False,False,False,False,False,False,False,False,False,False,False,False,-0.22901327038242514,False,-0.235192637663711,False,-2.683838589988407,False,False,False,False,False,False,False,False,False,False,False,False,False,False,False,False,False,False,False,False,False,-0.5649974069454105,False,0.03652226764599282,False,-1.2712983180867838,False,,,,False,,,,False,,,,False,,,,False,,,,False,-0.5649974069454105,False,0.03652226764599282,False,-1.2712983180867838,False,,,,False,,,,False,,,,False,,,,False,,,,False,-0.5649974069454105,False,0.03652226764599282,False,-1.2712983180867838,False,,,,False,,,,False,,,,False,,,,False,,,,-1.0629947829213173,0.045902338949140475,-1.0209547238255865,0.003482263136644873,7.150034791553729,False
prometheus/prometheus,2025-12-29,452,342,100,0.2923976608187134,342,0.4666666666666667,21.19833333333333,0.0333333333333333,0.3833333333333333,444,7,0.0157657657657657,8,5,0.7142857142857143,19,58.52777777777778,53.83833333333333,19,7.0,2.0,1.0,30,4.0,0.2639498002975957,,train,False,False,0.0695794451944251,0.3829922522561058,0.0695794451944251,False,False,0,train,False,1.927346588930645,False,0.5610822712248565,False,2.3922725764085095,False,False,False,False,False,False,False,False,False,False,False,False,False,False,False,False,False,False,False,False,False,1.927346588930645,False,0.5610822712248565,False,2.3922725764085095,False,False,False,False,False,False,False,False,False,False,False,False,False,False,False,False,False,False,False,False,False,1.927346588930645,False,0.5610822712248565,False,2.3922725764085095,False,False,False,False,False,False,False,False,False,False,False,False,False,False,False,False,False,False,False,False,False,0.4177748161415531,False,0.4689838105869628,False,1.2939436832839932,False,False,,,False,False,,,False,False,,,False,False,,,False,False,,,False,0.4177748161415531,False,0.4689838105869628,False,1.2939436832839932,False,False,,,False,False,,,False,False,,,False,False,,,False,False,,,False,0.4177748161415531,False,0.4689838105869628,False,1.2939436832839932,False,False,,,False,False,,,False,False,,,False,False,,,False,False,,,0.1803318742338557,0.5967071391229949,0.7210762299091528,0.03146294688676581,7.150034791553729,False
prometheus/prometheus,2026-01-05,646,499,148,0.2965931863727455,499,0.4333333333333333,21.25333333333333,0.0333333333333333,0.3833333333333333,636,10,0.0157232704402515,10,9,0.9,30,30.84972222222222,21.00541666666667,30,33.0,2.0,1.0,35,4.0,0.2551447823711528,,train,False,False,0.0423767631558266,0.360002734031407,0.0423767631558266,False,False,0,train,False,0.9493753972264664,False,0.6822466019403141,False,1.8721993915904707,False,False,False,False,False,False,False,False,False,False,False,False,False,False,False,False,False,False,False,False,False,0.9493753972264664,False,0.6822466019403141,False,1.8721993915904707,False,False,False,False,False,False,False,False,False,False,False,False,False,False,False,False,False,False,False,False,False,0.9493753972264664,False,0.6822466019403141,False,1.8721993915904707,False,False,False,False,False,False,False,False,False,False,False,False,False,False,False,False,False,False,False,False,False,0.08977667428019483,False,0.47059118314988313,False,1.1290833290243292,False,False,False,,False,False,False,,False,False,False,,False,False,False,,False,False,False,,False,0.08977667428019483,False,0.47059118314988313,False,1.1290833290243292,False,False,False,,False,False,False,,False,False,False,,False,False,False,,False,False,False,,False,0.08977667428019483,False,0.47059118314988313,False,1.1290833290243292,False,False,False,,False,False,False,,False,False,False,,False,False,False,,False,False,False,,-0.2735039114331311,0.6780841098941273,0.7151968544425277,0.10909399702873132,7.150034791553729,False
prometheus/prometheus,2026-01-12,722,551,135,0.2450090744101633,551,0.45,21.316666666666663,0.0333333333333333,0.4166666666666667,715,7,0.0097902097902097,7,5,0.7142857142857143,18,12.929305555555556,4.300138888888889,18,29.5,2.0,1.5,46,4.0,0.2515979773021999,,train,False,False,0.0402325807525233,0.371563556432483,0.0402325807525233,False,False,0,train,False,0.634790566936634,False,-1.1153450946560735,False,-0.4325281072741881,False,False,False,False,False,False,False,False,False,False,False,False,False,False,False,False,False,False,False,False,False,0.634790566936634,False,-1.1153450946560735,False,-0.4325281072741881,False,False,False,False,False,False,False,False,False,False,False,False,False,False,False,False,False,False,False,False,False,0.634790566936634,False,-1.1153450946560735,False,-0.4325281072741881,False,False,False,False,False,False,False,False,False,False,False,False,False,False,False,False,False,False,False,False,False,0.06951808036934208,False,-0.8137333942449814,False,0.05985383864726479,False,False,False,False,False,False,False,False,False,False,False,False,False,False,False,False,False,False,False,False,False,0.06951808036934208,False,-0.8137333942449814,False,0.05985383864726479,False,False,False,False,False,False,False,False,False,False,False,False,False,False,False,False,False,False,False,False,False,0.06951808036934208,False,-0.8137333942449814,False,0.05985383864726479,False,False,False,False,False,False,False,False,False,False,False,False,False,False,False,False,False,False,False,False,-0.30927636593727587,-0.32244817560216593,-0.10566263553122829,0.04019693357414869,7.150034791553729,False
prometheus/prometheus,2026-01-19,1013,779,187,0.2400513478818998,779,0.4833333333333333,21.75,0.0333333333333333,0.4166666666666667,988,23,0.0232793522267206,25,21,0.9130434782608696,35,48.81666666666667,21.506944444444443,35,41.0,2.0,1.0,39,4.0,0.2517996548326835,,train,False,False,0.0594147895667574,0.3942918075100391,0.0594147895667574,False,False,0,train,False,0.31175208371374175,False,-1.2886099793005965,True,4.274794211896545,False,False,False,False,False,False,False,False,True,False,False,False,True,False,False,False,False,False,False,False,False,0.31175208371374175,False,-1.2886099793005965,True,4.274794211896545,False,False,False,False,False,False,False,False,True,False,False,False,True,False,False,False,False,False,False,False,False,0.31175208371374175,False,-1.2886099793005965,True,4.274794211896545,False,False,False,False,False,False,False,False,True,False,False,False,True,False,False,False,False,False,False,False,False,0.40256776913218173,False,-0.8554244046018787,True,2.525907052029862,False,False,False,False,False,False,False,False,True,False,False,False,True,False,False,False,False,False,False,False,False,0.40256776913218173,False,-0.8554244046018787,False,2.525907052029862,False,False,False,False,False,False,False,False,False,False,False,False,False,False,False,False,False,False,False,False,False,0.40256776913218173,False,-0.8554244046018787,False,2.525907052029862,False,False,False,False,False,False,False,False,False,False,False,False,False,False,False,False,False,False,False,False,0.01074990190218192,-0.4186088976823913,1.760606939943224,0.21111982184091538,7.150034791553729,False
prometheus/prometheus,2026-01-26,935,723,159,0.2199170124481327,723,0.4833333333333333,24.846666666666668,0.0333333333333333,0.4333333333333333,910,23,0.0252747252747252,25,21,0.9130434782608696,28,47.266666666666666,16.851944444444445,28,26.0,2.0,1.0,40,4.0,0.2534256055363322,,train,False,False,0.0648517606204202,0.3942918075100391,0.0648517606204202,False,False,0,train,False,0.3675593464560661,False,-1.9922739039720725,True,4.376397848365001,False,False,False,False,False,False,False,False,True,True,False,False,True,True,False,False,False,False,False,False,False,0.3675593464560661,False,-1.9922739039720725,True,4.376397848365001,False,False,False,False,False,False,False,False,True,True,False,False,True,True,False,False,False,False,False,False,False,0.3675593464560661,False,-1.9922739039720725,True,4.376397848365001,False,False,False,False,False,False,False,False,True,True,False,False,True,True,False,False,False,False,False,False,False,0.5405359554461816,False,-1.2262681689897579,False,2.4184626535273046,False,False,False,False,False,False,False,False,False,False,False,False,False,False,False,False,False,False,False,False,False,0.5405359554461816,False,-1.2262681689897579,False,2.4184626535273046,False,False,False,False,False,False,False,False,False,False,False,False,False,False,False,False,False,False,False,False,False,0.5405359554461816,False,-1.2262681689897579,False,2.4184626535273046,False,False,False,False,False,False,False,False,False,False,False,False,False,False,False,False,False,False,False,False,0.10145757647215774,-0.8091371414003159,2.036673712070506,0.5986720754471638,7.150034791553729,False
prometheus/prometheus,2026-02-02,1145,886,246,0.2776523702031602,886,0.5,26.383333333333333,0.0333333333333333,0.4333333333333333,1123,19,0.0169189670525378,22,17,0.8947368421052632,28,67.53736111111111,15.44097222222222,28,156.0,3.0,1.0,51,4.0,0.2542979729600885,,train,False,False,0.1155645409974569,0.4054651081081644,0.1155645409974569,False,False,0,train,False,1.4820255597408214,False,0.3242660585944121,False,0.8511321802204025,False,False,False,False,False,False,False,False,False,False,False,False,False,False,False,False,False,False,False,False,False,1.4820255597408214,False,0.3242660585944121,False,0.8511321802204025,False,False,False,False,False,False,False,False,False,False,False,False,False,False,False,False,False,False,False,False,False,1.4820255597408214,False,0.3242660585944121,False,0.8511321802204025,False,False,False,False,False,False,False,False,False,False,False,False,False,False,False,False,False,False,False,False,False,1.6934973047825084,False,-0.007264192123056102,False,0.8920198780279597,False,False,False,False,False,False,False,False,False,False,False,False,False,False,False,False,False,False,False,False,False,1.6934973047825084,False,-0.007264192123056102,False,0.8920198780279597,False,False,False,False,False,False,False,False,False,False,False,False,False,False,False,False,False,False,False,False,False,1.6934973047825084,False,-0.007264192123056102,False,0.8920198780279597,False,False,False,False,False,False,False,False,False,False,False,False,False,False,False,False,False,False,False,False,0.9475239493802742,0.31070552431206194,0.8806256220243602,0.6322099983768548,7.150034791553729,False
prometheus/prometheus,2026-02-09,881,672,169,0.2514880952380952,672,0.4833333333333333,26.75,0.0333333333333333,0.4333333333333333,860,19,0.0220930232558139,21,13,0.6842105263157895,31,43.65805555555556,19.879166666666663,31,22.0,2.0,1.0,38,4.0,0.2509827213683759,,train,False,False,0.1232321556776025,0.3942918075100391,0.1232321556776025,False,False,0,train,False,1.632872569446559,False,-0.2971781443278179,False,1.6133485366599252,False,False,False,False,False,False,False,False,False,False,False,False,False,False,False,False,False,False,False,False,False,1.632872569446559,False,-0.2971781443278179,False,1.6133485366599252,False,False,False,False,False,False,False,False,False,False,False,False,False,False,False,False,False,False,False,False,False,1.632872569446559,False,-0.2971781443278179,False,1.6133485366599252,False,False,False,False,False,False,False,False,False,False,False,False,False,False,False,False,False,False,False,False,False,1.8560499707305198,False,-0.5673864845287697,False,1.5868509580092922,False,False,False,False,False,False,False,False,False,False,False,False,False,False,False,False,False,False,False,False,False,1.8560499707305198,False,-0.5673864845287697,False,1.5868509580092922,False,False,False,False,False,False,False,False,False,False,False,False,False,False,False,False,False,False,False,False,False,1.8560499707305198,False,-0.5673864845287697,False,1.5868509580092922,False,False,False,False,False,False,False,False,False,False,False,False,False,False,False,False,False,False,False,False,1.0754465537623705,-0.1967802272724366,1.5964742179909035,0.9473869266544651,7.150034791553729,False
prometheus/prometheus,2026-02-16,901,688,195,0.2834302325581395,688,0.5333333333333333,28.335000000000008,0.0333333333333333,0.4333333333333333,877,20,0.0228050171037628,24,16,0.8,47,12.262777777777778,11.397222222222222,47,16.0,2.0,1.0,69,4.0,0.2507695851569534,,train,False,False,0.1334575746755961,0.4274440148269396,0.1334575746755961,False,False,0,train,False,1.6863890630107365,False,0.6752621209688072,False,1.744482657030014,False,False,False,False,False,False,False,False,False,False,False,False,False,False,False,False,False,False,False,False,False,1.6863890630107365,False,0.6752621209688072,False,1.744482657030014,False,False,False,False,False,False,False,False,False,False,False,False,False,False,False,False,False,False,False,False,False,1.6863890630107365,False,0.6752621209688072,False,1.744482657030014,False,False,False,False,False,False,False,False,False,False,False,False,False,False,False,False,False,False,False,False,False,2.0728278329336502,False,0.13527103130821663,False,1.6912764952925705,False,False,False,False,False,False,False,False,False,False,False,False,False,False,False,False,False,False,False,False,False,2.0728278329336502,False,0.13527103130821663,False,1.6912764952925705,False,False,False,False,False,False,False,False,False,False,False,False,False,False,False,False,False,False,False,False,False,2.0728278329336502,False,0.13527103130821663,False,1.6912764952925705,False,False,False,False,False,False,False,False,False,False,False,False,False,False,False,False,False,False,False,False,1.2460422714252033,0.42277370979335455,1.6949810328315151,1.3763655630872313,7.150034791553729,False
prometheus/prometheus,2026-02-23,748,602,114,0.1893687707641196,602,0.4333333333333333,25.683333333333334,0.0333333333333333,0.3666666666666666,737,11,0.0149253731343283,11,8,0.7272727272727273,24,36.93361111111111,21.62472222222222,23,52.5,2.0,1.0,30,5.0,0.2773635219766078,,train,False,False,0.0581261024573378,0.360002734031407,0.0581261024573378,False,False,0,train,False,0.2916038307580162,False,-2.5907088006980064,False,-0.08892371236840489,False,False,False,False,False,False,False,False,False,False,False,False,False,False,False,False,False,False,False,False,False,0.2916038307580162,False,-2.5907088006980064,False,-0.08892371236840489,False,False,False,False,False,False,False,False,False,False,False,False,False,False,False,False,False,False,False,False,False,0.2916038307580162,False,-2.5907088006980064,False,-0.08892371236840489,False,False,False,False,False,False,False,False,False,False,False,False,False,False,False,False,False,False,False,False,False,0.3473443380237015,False,-2.113995804120186,False,0.5355978929007736,False,False,False,False,False,False,False,False,False,False,False,False,False,False,False,False,False,False,False,False,False,0.3473443380237015,False,-2.113995804120186,False,0.5355978929007736,False,False,False,False,False,False,False,False,False,False,False,False,False,False,False,False,False,False,False,False,False,0.3473443380237015,False,-2.113995804120186,False,0.5355978929007736,False,False,False,False,False,False,False,False,False,False,False,False,False,False,False,False,False,False,False,False,-0.010749901902182037,-1.4016548936138167,0.6048049986662115,1.1072708646298397,7.150034791553729,False
prometheus/prometheus,2026-03-02,634,496,109,0.219758064516129,496,0.4833333333333333,28.75,0.0333333333333333,0.4416666666666666,611,19,0.0310965630114566,23,16,0.8421052631578947,27,47.08166666666666,16.84777777777778,27,49.0,2.0,1.0,35,4.0,0.2574460886266159,,purge,False,False,0.1487726732945583,0.3942918075100391,0.1487726732945583,False,False,0,purge,True,2.872833466716895,False,-1.5357910192757913,False,1.7476888226205771,True,False,False,False,False,False,False,False,False,False,False,False,True,False,False,False,False,False,False,False,False,2.872833466716895,False,-1.5357910192757913,False,1.7476888226205771,False,False,False,False,False,False,False,False,False,False,False,False,False,False,False,False,False,False,False,False,False,2.872833466716895,False,-1.5357910192757913,False,1.7476888226205771,False,False,False,False,False,False,False,False,False,False,False,False,False,False,False,False,False,False,False,False,False,1.9547458379666698,False,-1.2012063215069033,True,2.990507904470469,False,False,False,False,False,False,False,False,True,False,False,False,True,False,False,False,False,False,False,False,False,1.9547458379666698,False,-1.2012063215069033,False,2.990507904470469,False,False,False,False,False,False,False,False,False,False,False,False,False,False,False,False,False,False,False,False,False,1.9547458379666698,False,-1.2012063215069033,False,2.990507904470469,False,False,False,False,False,False,False,False,False,False,False,False,False,False,False,False,False,False,False,False,1.50155162908493,-0.8122201165962041,2.842145126769366,2.186698287652882,7.150034791553729,False
prometheus/prometheus,2026-03-09,937,729,191,0.262002743484225,729,0.5,29.183333333333334,0.0333333333333333,0.45,907,17,0.0187431091510474,30,14,0.8235294117647058,16,107.41222222222224,16.263333333333335,16,48.0,2.0,1.0,36,4.0,0.2542925775283637,,purge,False,False,0.1570876308088286,0.4054651081081644,0.1570876308088286,False,False,0,purge,True,2.91877628114748,False,0.008526719264279862,False,0.33606757419328165,True,True,False,False,False,False,False,False,False,False,False,False,True,True,False,False,False,False,False,False,False,2.91877628114748,False,0.008526719264279862,False,0.33606757419328165,False,False,False,False,False,False,False,False,False,False,False,False,False,False,False,False,False,False,False,False,False,2.91877628114748,False,0.008526719264279862,False,0.33606757419328165,False,False,False,False,False,False,False,False,False,False,False,False,False,False,False,False,False,False,False,False,False,1.6827602023591262,False,-0.017321950619245314,False,1.1757701814092918,False,False,False,False,False,False,False,False,False,False,False,False,False,False,False,False,False,False,False,False,False,1.6827602023591262,False,-0.017321950619245314,False,1.1757701814092918,False,False,False,False,False,False,False,False,False,False,False,False,False,False,False,False,False,False,False,False,False,1.6827602023591262,False,-0.017321950619245314,False,1.1757701814092918,False,False,False,False,False,False,False,False,False,False,False,False,False,False,False,False,False,False,False,False,1.6402741738296722,0.007163286352862553,1.1330019992339373,2.3460857088765,7.150034791553729,False
prometheus/prometheus,2026-03-16,663,514,112,0.2178988326848249,514,0.4833333333333333,29.385,0.0333333333333333,0.4333333333333333,648,14,0.0216049382716049,15,10,0.7142857142857143,19,65.83555555555556,18.16333333333333,19,44.0,2.0,2.0,27,5.0,0.2538554811645043,,purge,False,False,0.1513766404951502,0.3942918075100391,0.1513766404951502,False,False,0,purge,False,1.1507992956890598,False,-1.3551612311986385,False,0.5485928720927185,False,False,False,False,False,False,False,False,False,False,False,False,False,False,False,False,False,False,False,False,False,1.1507992956890598,False,-1.3551612311986385,False,0.5485928720927185,False,False,False,False,False,False,False,False,False,False,False,False,False,False,False,False,False,False,False,False,False,1.1507992956890598,False,-1.3551612311986385,False,0.5485928720927185,False,False,False,False,False,False,False,False,False,False,False,False,False,False,False,False,False,False,False,False,False,1.4761112147705193,False,-0.8937635106338668,False,1.4058264177138788,False,False,False,False,False,False,False,False,False,False,False,False,False,False,False,False,False,False,False,False,False,1.4761112147705193,False,-0.8937635106338668,False,1.4058264177138788,False,False,False,False,False,False,False,False,False,False,False,False,False,False,False,False,False,False,False,False,False,1.4761112147705193,False,-0.8937635106338668,False,1.4058264177138788,False,False,False,False,False,False,False,False,False,False,False,False,False,False,False,False,False,False,False,False,1.5449949005481942,-0.8482820240841434,1.528945969952713,2.7191456542312333,7.150034791553729,False
prometheus/prometheus,2026-03-23,792,611,133,0.2176759410801964,611,0.5,29.616666666666667,0.0333333333333333,0.4333333333333333,770,19,0.0246753246753246,22,16,0.8421052631578947,16,21.339166666666667,2.1220833333333333,16,140.0,3.0,1.0,40,5.0,0.2523785838179777,,purge,False,False,0.1610927183054395,0.4054651081081644,0.1610927183054395,False,False,0,purge,False,1.3422796235376693,False,-0.7223694445079871,False,1.0480621333758857,False,False,False,False,False,False,False,False,False,False,False,False,False,False,False,False,False,False,False,False,False,1.3422796235376693,False,-0.7223694445079871,False,1.0480621333758857,False,False,False,False,False,False,False,False,False,False,False,False,False,False,False,False,False,False,False,False,False,1.3422796235376693,False,-0.7223694445079871,False,1.0480621333758857,False,False,False,False,False,False,False,False,False,False,False,False,False,False,False,False,False,False,False,False,False,1.3687517982964543,False,-0.8982944901538997,False,1.4242780366029615,False,False,False,False,False,False,False,False,False,False,False,False,False,False,False,False,False,False,False,False,False,1.3687517982964543,False,-0.8982944901538997,False,1.4242780366029615,False,False,False,False,False,False,False,False,False,False,False,False,False,False,False,False,False,False,False,False,False,1.3687517982964543,False,-0.8982944901538997,False,1.4242780366029615,False,False,False,False,False,False,False,False,False,False,False,False,False,False,False,False,False,False,False,False,1.7070930275041125,-0.8526052592453627,1.9537445631310844,3.3683393109638886,7.150034791553729,False
prometheus/prometheus,2026-03-30,893,692,183,0.2644508670520231,691,0.5,29.666666666666668,0.0333333333333333,0.45,868,23,0.0264976958525345,25,12,0.5217391304347826,38,54.85,12.10263888888889,38,43.0,2.5,1.0,46,4.0,0.2559448942816406,,holdout,False,False,0.1591821503653585,0.4054651081081644,0.1591821503653585,False,False,0,holdout,False,0.6461860809866234,False,0.48370315607839864,False,0.8992673890583,False,False,False,False,False,False,False,False,False,False,False,False,False,False,False,False,False,False,False,False,False,0.6461860809866234,False,0.48370315607839864,False,0.8992673890583,False,False,False,False,False,False,False,False,False,False,False,False,False,False,False,False,False,False,False,False,False,0.6461860809866234,False,0.48370315607839864,False,0.8992673890583,False,False,False,False,False,False,False,False,False,False,False,False,False,False,False,False,False,False,False,False,False,1.1240075468262127,False,0.14596381577596163,False,1.6703969699452168,False,False,False,False,False,False,False,False,False,False,False,False,False,False,False,False,False,False,False,False,False,1.1240075468262127,False,0.14596381577596163,False,1.6703969699452168,False,False,False,False,False,False,False,False,False,False,False,False,False,False,False,False,False,False,False,False,False,1.1240075468262127,False,0.14596381577596163,False,1.6703969699452168,False,False,False,False,False,False,False,False,False,False,False,False,False,False,False,False,False,False,False,False,1.6752180785220048,0.05464741616095414,2.2058759272452964,4.089074177206907,7.150034791553729,False
prometheus/prometheus,2026-04-06,603,473,103,0.2177589852008456,472,0.5,29.8,0.0333333333333333,0.45,586,13,0.0221843003412969,17,12,0.9230769230769232,31,21.53,18.516944444444444,31,26.0,3.0,1.0,38,4.0,0.2580381673720947,,holdout,False,False,0.155640947823059,0.4054651081081644,0.155640947823059,False,False,0,holdout,False,0.6080510169130307,False,-0.7278890406256596,False,0.018378247556448915,False,False,False,False,False,False,False,False,False,False,False,False,False,False,False,False,False,False,False,False,False,0.6080510169130307,False,-0.7278890406256596,False,0.018378247556448915,False,False,False,False,False,False,False,False,False,False,False,False,False,False,False,False,False,False,False,False,False,0.6080510169130307,False,-0.7278890406256596,False,0.018378247556448915,False,False,False,False,False,False,False,False,False,False,False,False,False,False,False,False,False,False,False,False,False,0.9841083565539537,False,-0.7747610124760386,False,0.7487075030841925,False,False,False,False,False,False,False,False,False,False,False,False,False,False,False,False,False,False,False,False,False,0.9841083565539537,False,-0.7747610124760386,False,0.7487075030841925,False,False,False,False,False,False,False,False,False,False,False,False,False,False,False,False,False,False,False,False,False,0.9841083565539537,False,-0.7747610124760386,False,0.7487075030841925,False,False,False,False,False,False,False,False,False,False,False,False,False,False,False,False,False,False,False,False,1.6161384467522393,-0.8509945244537962,1.6091027189038916,4.2837963505272825,7.150034791553729,False
prometheus/prometheus,2026-04-13,646,498,105,0.2108433734939759,498,0.5,27.415,0.0333333333333333,0.45,640,6,0.009375,6,5,0.8333333333333334,21,39.84166666666667,3.3022222222222224,21,49.0,3.0,1.0,24,4.0,0.2538603839776093,,holdout,False,False,0.1347646806729158,0.4054651081081644,0.1347646806729158,False,False,0,holdout,False,0.03730972587952015,False,-0.8893125070639867,False,-2.795652669673755,False,False,False,False,False,False,False,False,False,False,False,False,False,False,False,False,False,False,False,False,False,0.03730972587952015,False,-0.8893125070639867,False,-2.795652669673755,False,False,False,False,False,False,False,False,False,False,False,False,False,False,False,False,False,False,False,False,False,0.03730972587952015,False,-0.8893125070639867,False,-2.795652669673755,False,False,False,False,False,False,False,False,False,False,False,False,False,False,False,False,False,False,False,False,False,0.7146319501362223,False,-0.9126773160280274,False,-0.6917139387746277,False,False,False,False,False,False,False,False,False,False,False,False,False,False,False,False,False,False,False,False,False,0.7146319501362223,False,-0.9126773160280274,False,-0.6917139387746277,False,False,False,False,False,False,False,False,False,False,False,False,False,False,False,False,False,False,False,False,False,0.7146319501362223,False,-0.9126773160280274,False,-0.6917139387746277,False,False,False,False,False,False,False,False,False,False,False,False,False,False,False,False,False,False,False,False,1.2678493666374289,-0.985130647446441,-0.1631083480777947,3.243050167995029,7.150034791553729,False
prometheus/prometheus,2026-04-20,611,490,69,0.1408163265306122,490,0.55,27.433333333333334,0.0333333333333333,0.5,601,10,0.016638935108153,10,10,1.0,19,47.21055555555556,3.202777777777778,19,47.0,2.0,1.0,31,7.0,0.2039612022897185,,holdout,False,False,0.1357994453673725,0.4382549309311553,0.1357994453673725,False,False,0,holdout,False,0.03343218496027362,False,-2.649835744275459,False,-1.210285863028265,False,False,False,False,False,False,False,False,False,False,False,False,False,False,False,False,False,False,False,False,False,0.03343218496027362,False,-2.649835744275459,False,-1.210285863028265,False,False,False,False,False,False,False,False,False,False,False,False,False,False,False,False,False,False,False,False,False,0.03343218496027362,False,-2.649835744275459,False,-1.210285863028265,False,False,False,False,False,False,False,False,False,False,False,False,False,False,False,False,False,False,False,False,False,0.6951878389923316,False,-2.309209087216809,False,0.0971314783206613,False,False,False,False,False,False,False,False,False,False,False,False,False,False,False,False,False,False,False,False,False,0.6951878389923316,False,-2.309209087216809,False,0.0971314783206613,False,False,False,False,False,False,False,False,False,False,False,False,False,False,False,False,False,False,False,False,False,0.6951878389923316,False,-2.309209087216809,False,0.0971314783206613,False,False,False,False,False,False,False,False,False,False,False,False,False,False,False,False,False,False,False,False,1.2851128573264305,-2.3433845492608874,0.8418822326335158,3.037680745625899,7.150034791553729,False
prometheus/prometheus,2026-04-27,388,320,76,0.2375,320,0.5416666666666667,28.19,0.0333333333333333,0.4833333333333333,379,9,0.0237467018469656,9,8,0.8888888888888888,14,0.7808333333333333,0.4430555555555555,14,20.0,2.0,1.0,31,6.0,0.2029572749495164,,holdout,False,False,0.1359253024315904,0.4328640822962789,0.1359253024315904,False,False,0,holdout,False,0.004278376953529993,False,0.39378248263204946,False,0.3329610533264231,False,False,False,False,False,False,False,False,False,False,False,False,False,False,False,False,False,False,False,False,False,0.004278376953529993,False,0.39378248263204946,False,0.3329610533264231,False,False,False,False,False,False,False,False,False,False,False,False,False,False,False,False,False,False,False,False,False,0.004278376953529993,False,0.39378248263204946,False,0.3329610533264231,False,False,False,False,False,False,False,False,False,False,False,False,False,False,False,False,False,False,False,False,False,0.5146505046833504,False,-0.38107092331734005,False,0.8036162260173585,False,False,False,False,False,False,False,False,False,False,False,False,False,False,False,False,False,False,False,False,False,0.5146505046833504,False,-0.38107092331734005,False,0.8036162260173585,False,False,False,False,False,False,False,False,False,False,False,False,False,False,False,False,False,False,False,False,False,0.5146505046833504,False,-0.38107092331734005,False,0.8036162260173585,False,False,False,False,False,False,False,False,False,False,False,False,False,False,False,False,False,False,False,False,1.2872125929164735,-0.46809517999398786,1.825266378560464,3.361504535188394,7.150034791553729,False
prometheus/prometheus,2026-05-04,445,365,66,0.1808219178082191,365,0.65,28.69333333333333,0.05,0.5166666666666667,427,16,0.0374707259953161,18,15,0.9375,18,13.400833333333331,2.1733333333333333,17,32.0,3.0,1.0,30,5.0,0.2054336573664941,,holdout,False,False,0.1798865569787189,0.5007752879124893,0.1798865569787189,False,False,0,holdout,False,1.9190221484420278,False,-0.8641882690141087,True,3.09623413478392,False,False,False,False,False,False,False,False,True,False,False,False,True,False,False,False,False,False,False,False,False,1.9190221484420278,False,-0.8641882690141087,True,3.09623413478392,False,False,False,False,False,False,False,False,True,False,False,False,True,False,False,False,False,False,False,False,False,1.9190221484420278,False,-0.8641882690141087,False,3.09623413478392,False,False,False,False,False,False,False,False,False,False,False,False,False,False,False,False,False,False,False,False,False,1.0578948253983091,False,-1.522208248526932,False,2.0941259865232382,False,False,False,False,False,False,False,False,False,False,False,False,False,False,False,False,False,False,False,False,False,1.0578948253983091,False,-1.522208248526932,False,2.0941259865232382,False,False,False,False,False,False,False,False,False,False,False,False,False,False,False,False,False,False,False,False,False,1.0578948253983091,False,-1.522208248526932,False,2.0941259865232382,False,False,False,False,False,False,False,False,False,False,False,False,False,False,False,False,False,False,False,False,2.020639924383027,-1.567430788485688,3.7240326523761773,5.260032214519104,7.150034791553729,False
prometheus/prometheus,2026-05-11,561,420,85,0.2023809523809523,419,0.6333333333333333,28.53666666666667,0.05,0.4666666666666667,536,16,0.0298507462686567,25,12,0.75,21,9.626111111111111,2.662777777777778,21,49.0,2.0,1.0,34,5.0,0.2511271888434518,,holdout,False,False,0.175791702777296,0.4906229164484712,0.175791702777296,False,False,0,holdout,False,1.418507016767344,False,-0.3668644989525903,False,1.502661912736167,False,False,False,False,False,False,False,False,False,False,False,False,False,False,False,False,False,False,False,False,False,1.418507016767344,False,-0.3668644989525903,False,1.502661912736167,False,False,False,False,False,False,False,False,False,False,False,False,False,False,False,False,False,False,False,False,False,1.418507016767344,False,-0.3668644989525903,False,1.502661912736167,False,False,False,False,False,False,False,False,False,False,False,False,False,False,False,False,False,False,False,False,False,0.9215475798264213,False,-1.0913867351921882,False,1.2879684201841914,False,False,False,False,False,False,False,False,False,False,False,False,False,False,False,False,False,False,False,False,False,0.9215475798264213,False,-1.0913867351921882,False,1.2879684201841914,False,False,False,False,False,False,False,False,False,False,False,False,False,False,False,False,False,False,False,False,False,0.9215475798264213,False,-1.0913867351921882,False,1.2879684201841914,False,False,False,False,False,False,False,False,False,False,False,False,False,False,False,False,False,False,False,False,1.9523234484172527,-1.1492688910821416,2.669782065540877,6.229246483648213,7.150034791553729,False
prometheus/prometheus,2026-05-18,726,571,106,0.1856392294220665,571,0.5166666666666667,24.58333333333333,0.0333333333333333,0.4166666666666667,708,12,0.0169491525423728,18,12,1.0,45,53.543055555555554,53.461666666666666,43,18.0,2.0,1.0,55,5.0,0.2470004325751884,,holdout,False,False,0.0961613506599183,0.4165149442947494,0.0961613506599183,False,False,0,holdout,False,-2.4102898158391426,False,-1.097434893284183,False,-0.9723820877732136,False,False,False,False,False,False,False,False,False,False,False,False,False,False,False,False,False,False,False,False,False,-2.4102898158391426,False,-1.097434893284183,False,-0.9723820877732136,False,False,False,False,False,False,False,False,False,False,False,False,False,False,False,False,False,False,False,False,False,-2.4102898158391426,False,-1.097434893284183,False,-0.9723820877732136,False,False,False,False,False,False,False,False,False,False,False,False,False,False,False,False,False,False,False,False,False,-0.34253261147188935,False,-1.4082663806562947,False,-0.09449819704279146,False,False,False,False,False,False,False,False,False,False,False,False,False,False,False,False,False,False,False,False,False,-0.34253261147188935,False,-1.4082663806562947,False,-0.09449819704279146,False,False,False,False,False,False,False,False,False,False,False,False,False,False,False,False,False,False,False,False,False,-0.34253261147188935,False,-1.4082663806562947,False,-0.09449819704279146,False,False,False,False,False,False,False,False,False,False,False,False,False,False,False,False,False,False,False,False,0.6238109375975358,-1.473993572731217,0.8848018890898911,4.897234936171467,7.150034791553729,False
prometheus/prometheus,2026-05-25,452,366,84,0.2295081967213114,366,0.45,21.433333333333334,0.0333333333333333,0.3833333333333333,441,11,0.0249433106575963,11,10,0.9090909090909092,15,1.741111111111111,1.0891666666666666,15,27.0,1.0,1.0,39,6.0,0.2678165870467538,,holdout,False,False,0.020544270300612,0.371563556432483,0.020544270300612,False,False,0,holdout,False,-5.711170409555227,False,0.40257886268307946,False,0.3554678941494242,False,False,False,False,False,False,False,False,False,False,False,False,False,False,False,False,False,False,False,False,False,-5.711170409555227,False,0.40257886268307946,False,0.3554678941494242,False,False,False,False,False,False,False,False,False,False,False,False,False,False,False,False,False,False,False,False,False,-5.711170409555227,False,0.40257886268307946,False,0.3554678941494242,False,False,False,False,False,False,False,False,False,False,False,False,False,False,False,False,False,False,False,False,False,-1.4571910697936603,False,-0.23320723777311103,False,0.8447273498889067,False,False,False,False,False,False,False,False,False,False,False,False,False,False,False,False,False,False,False,False,False,-1.4571910697936603,False,-0.23320723777311103,False,0.8447273498889067,False,False,False,False,False,False,False,False,False,False,False,False,False,False,False,False,False,False,False,False,False,-1.4571910697936603,False,-0.23320723777311103,False,0.8447273498889067,False,False,False,False,False,False,False,False,False,False,False,False,False,False,False,False,False,False,False,False,-0.6377461774698397,-0.6231052576214403,1.9908213519426252,4.148902481704054,7.150034791553729,False
prometheus/prometheus,2026-06-01,809,657,96,0.1461187214611872,657,0.4333333333333333,23.39,0.0333333333333333,0.1333333333333333,796,13,0.0163316582914572,13,11,0.8461538461538461,28,17.48097222222222,10.856944444444444,27,32.0,2.0,1.0,52,5.0,0.2877929229419952,,holdout,False,False,0.0717275150987693,0.360002734031407,0.0717275150987693,False,False,0,holdout,False,-3.4768897592726975,False,-3.142189671773703,False,-0.9995574506667754,False,False,False,False,False,False,False,False,False,False,False,False,False,False,False,False,False,False,False,False,False,-3.4768897592726975,False,-3.142189671773703,False,-0.9995574506667754,False,False,False,False,False,False,False,False,False,False,False,False,False,False,False,False,False,False,False,False,False,-3.4768897592726975,False,-3.142189671773703,False,-0.9995574506667754,False,False,False,False,False,False,False,False,False,False,False,False,False,False,False,False,False,False,False,False,False,-0.7027076056407313,False,-2.455671851829422,False,-0.5591101654649917,False,False,False,False,False,False,False,False,False,False,False,False,False,False,False,False,False,False,False,False,False,-0.7027076056407313,False,-2.455671851829422,False,-0.5591101654649917,False,False,False,False,False,False,False,False,False,False,False,False,False,False,False,False,False,False,False,False,False,-0.7027076056407313,False,-2.455671851829422,False,-0.5591101654649917,False,False,False,False,False,False,False,False,False,False,False,False,False,False,False,False,False,False,False,False,0.21616918583873318,-2.2405385930808053,0.7993694207963578,3.209041298983418,7.150034791553729,False
prometheus/prometheus,2026-06-08,889,746,91,0.1219839142091152,746,0.1666666666666666,23.35,0.0333333333333333,0.1166666666666666,880,9,0.0102272727272727,9,8,0.8888888888888888,13,106.78722222222224,96.53222222222222,13,56.0,2.0,1.0,35,5.0,0.337947492221515,,holdout,False,False,0.056494959602811,0.1541506798272582,0.056494959602811,False,False,0,holdout,False,-4.108365882338399,False,-3.255810938679845,False,-1.869734554935776,False,False,False,False,False,False,False,False,False,False,False,False,False,False,False,False,False,False,False,False,False,-4.108365882338399,False,-3.255810938679845,False,-1.869734554935776,False,False,False,False,False,False,False,False,False,False,False,False,False,False,False,False,False,False,False,False,False,-4.108365882338399,False,-3.255810938679845,False,-1.869734554935776,False,False,False,False,False,False,False,False,False,False,False,False,False,False,False,False,False,False,False,False,False,-0.9495363501431645,False,-2.550043617001844,False,-1.4988719794108796,False,False,False,False,False,False,False,False,False,False,False,False,False,False,False,False,False,False,False,False,False,-0.9495363501431645,False,-2.550043617001844,False,-1.4988719794108796,False,False,False,False,False,False,False,False,False,False,False,False,False,False,False,False,False,False,False,False,False,-0.9495363501431645,False,-2.550043617001844,False,-1.4988719794108796,False,False,False,False,False,False,False,False,False,False,False,False,False,False,False,False,False,False,False,False,-0.03796306411423428,-2.7086605194104516,-0.045193464429557975,2.0209942449649945,7.150034791553729,False
prometheus/prometheus,2026-06-15,973,789,135,0.1711026615969581,789,0.45,23.28666666666667,0.05,0.1333333333333333,957,16,0.0167189132706374,16,10,0.625,27,16.627222222222223,1.9452777777777777,26,57.0,2.0,1.0,54,5.0,0.2828169412788665,,holdout,False,False,0.0864222243685279,0.371563556432483,0.0864222243685279,False,False,0,holdout,False,-1.326690387545046,False,-1.0635053851892002,False,-0.7041545373141692,False,False,False,False,False,False,False,False,False,False,False,False,False,False,False,False,False,False,False,False,False,-1.326690387545046,False,-1.0635053851892002,False,-0.7041545373141692,False,False,False,False,False,False,False,False,False,False,False,False,False,False,False,False,False,False,False,False,False,-1.326690387545046,False,-1.0635053851892002,False,-0.7041545373141692,False,False,False,False,False,False,False,False,False,False,False,False,False,False,False,False,False,False,False,False,False,-0.4977796749145922,False,-0.9956611157881712,False,-0.520649228438603,False,False,False,False,False,False,False,False,False,False,False,False,False,False,False,False,False,False,False,False,False,-0.4977796749145922,False,-0.9956611157881712,False,-0.520649228438603,False,False,False,False,False,False,False,False,False,False,False,False,False,False,False,False,False,False,False,False,False,-0.4977796749145922,False,-0.9956611157881712,False,-0.520649228438603,False,False,False,False,False,False,False,False,False,False,False,False,False,False,False,False,False,False,False,False,0.4613282814428383,-1.7559467725823195,0.8529474884160468,1.7719836431216363,7.150034791553729,False
prometheus/prometheus,2026-06-22,727,608,90,0.1480263157894736,608,0.1666666666666666,17.70833333333334,0.0333333333333333,0.1166666666666666,723,4,0.0055325034578146,4,4,1.0,26,47.72541666666666,23.232777777777777,26,18.0,2.0,1.0,26,5.0,0.3301824497804283,,holdout,False,False,-0.0012076180303478,0.1541506798272582,-0.0012076180303478,False,False,0,holdout,False,-2.331343091205846,False,-1.3514715927528487,False,-2.055020620018902,False,False,False,False,False,False,False,False,False,False,False,False,False,False,False,False,False,False,False,False,False,-2.331343091205846,False,-1.3514715927528487,False,-2.055020620018902,False,False,False,False,False,False,False,False,False,False,False,False,False,False,False,False,False,False,False,False,False,-2.331343091205846,False,-1.3514715927528487,False,-2.055020620018902,False,False,False,False,False,False,False,False,False,False,False,False,False,False,False,False,False,False,False,False,False,-1.9967951626880627,False,-1.4711265116770833,False,-2.22949714684614,False,False,False,False,False,False,False,False,False,False,False,False,False,False,False,False,False,False,False,False,False,-1.9967951626880627,False,-1.4711265116770833,False,-2.22949714684614,False,False,False,False,False,False,False,False,False,False,False,False,False,False,False,False,False,False,False,False,False,-1.9967951626880627,False,-1.4711265116770833,False,-2.22949714684614,False,False,False,False,False,False,False,False,False,False,False,False,False,False,False,False,False,False,False,False,-1.0006436784006083,-2.203538640179327,-0.6947310531013827,0.7366107232690475,7.150034791553729,False
prometheus/prometheus,2026-06-29,956,787,113,0.1435832274459974,787,0.4,15.7,0.0333333333333333,0.1166666666666666,938,17,0.0181236673773987,18,11,0.6470588235294118,44,18.59777777777778,2.5758333333333336,44,43.0,2.0,1.0,64,6.0,0.298419145323086,,holdout,False,False,-0.0278534944564163,0.3364722366212129,-0.0278534944564163,False,False,0,holdout,False,-2.6734686268143957,False,-0.7541661087591884,False,0.11654191350372282,False,False,False,False,False,False,False,False,False,False,False,False,False,False,False,False,False,False,False,False,False,-2.6734686268143957,False,-0.7541661087591884,False,0.11654191350372282,False,False,False,False,False,False,False,False,False,False,False,False,False,False,False,False,False,False,False,False,False,-2.6734686268143957,False,-0.7541661087591884,False,0.11654191350372282,False,False,False,False,False,False,False,False,False,False,False,False,False,False,False,False,False,False,False,False,False,-2.4379537450990285,False,-1.5414754904135457,False,-0.31221236028497895,False,False,False,False,False,False,False,False,False,False,False,False,False,False,False,False,False,False,False,False,False,-2.4379537450990285,False,-1.5414754904135457,False,-0.31221236028497895,False,False,False,False,False,False,False,False,False,False,False,False,False,False,False,False,False,False,False,False,False,-2.4379537450990285,False,-1.5414754904135457,False,-0.31221236028497895,False,False,False,False,False,False,False,False,False,False,False,False,False,False,False,False,False,False,False,False,-1.4451900009084924,-2.2897173716884547,1.0473000844250722,0.7361257874015373,7.150034791553729,False
prometheus/prometheus,2026-07-06,1309,1100,118,0.1072727272727272,1100,0.1833333333333333,18.350000000000016,0.0333333333333333,0.1166666666666666,1298,11,0.0084745762711864,11,9,0.8181818181818182,34,20.45888888888889,17.779444444444444,34,37.5,2.0,1.0,59,8.0,0.3415415753078091,,holdout,False,False,0.0163927112956431,0.1683353148192147,0.0163927112956431,False,False,0,holdout,False,-1.3530649683956735,False,-1.429500870383533,False,-0.8503608428931312,False,False,False,False,False,False,False,False,False,False,False,False,False,False,False,False,False,False,False,False,False,-1.3530649683956735,False,-1.429500870383533,False,-0.8503608428931312,False,False,False,False,False,False,False,False,False,False,False,False,False,False,False,False,False,False,False,False,False,-1.3530649683956735,False,-1.429500870383533,False,-0.8503608428931312,False,False,False,False,False,False,False,False,False,False,False,False,False,False,False,False,False,False,False,False,False,-1.7053978668639327,False,-2.2648567143992415,False,-1.9030643316304692,False,False,False,False,False,False,False,False,False,False,False,False,False,False,False,False,False,False,False,False,False,-1.7053978668639327,False,-2.2648567143992415,False,-1.9030643316304692,False,False,False,False,False,False,False,False,False,False,False,False,False,False,False,False,False,False,False,False,False,-1.7053978668639327,False,-2.2648567143992415,False,-1.9030643316304692,False,False,False,False,False,False,False,False,False,False,False,False,False,False,False,False,False,False,False,False,-0.7070086876917908,-2.994000654731659,-0.28768508955927463,0.3954462442174006,7.150034791553729,False
prometheus/prometheus,2026-07-13,1353,1130,112,0.0991150442477876,1130,0.1666666666666666,16.018333333333334,0.0333333333333333,0.1166666666666666,1337,16,0.0119670905011219,16,15,0.9375,29,106.98055555555555,46.35027777777778,29,29.0,2.0,1.0,53,6.0,0.3278346167859986,,holdout,False,False,-0.028765130267574,0.1541506798272582,-0.028765130267574,False,False,0,holdout,False,-1.5694540491326736,False,-1.603197699305213,False,-0.45605534570353157,False,False,False,False,False,False,False,False,False,False,False,False,False,False,False,False,False,False,False,False,False,-1.5694540491326736,False,-1.603197699305213,False,-0.45605534570353157,False,False,False,False,False,False,False,False,False,False,False,False,False,False,False,False,False,False,False,False,False,-1.5694540491326736,False,-1.603197699305213,False,-0.45605534570353157,False,False,False,False,False,False,False,False,False,False,False,False,False,False,False,False,False,False,False,False,False,-2.453047110980285,False,-2.4296921322295173,False,-1.326874867534811,False,False,False,False,False,False,False,False,False,False,False,False,False,False,False,False,False,False,False,False,False,-2.453047110980285,False,-2.4296921322295173,False,-1.326874867534811,False,False,False,False,False,False,False,False,False,False,False,False,False,False,False,False,False,False,False,False,False,-2.453047110980285,False,-2.4296921322295173,False,-1.326874867534811,False,False,False,False,False,False,False,False,False,False,False,False,False,False,False,False,False,False,False,False,-1.4603992715977525,-3.152228157944618,0.1955163504075901,0.2939585058855248,7.150034791553729,False
prometheus/prometheus,2026-07-20,876,737,70,0.0949796472184531,737,0.2333333333333333,27.309999999999995,0.05,0.1166666666666666,870,5,0.0057471264367816,6,5,1.0,14,145.5548611111111,108.23222222222222,14,33.5,3.0,1.0,30,6.0,0.3404797648089073,,holdout,False,False,0.0890110234326671,0.209720530982069,0.0890110234326671,False,False,0,holdout,False,0.18194498922819685,False,-1.090984326243494,False,-1.1399843822139606,False,False,False,False,False,False,False,False,False,False,False,False,False,False,False,False,False,False,False,False,False,0.18194498922819685,False,-1.090984326243494,False,-1.1399843822139606,False,False,False,False,False,False,False,False,False,False,False,False,False,False,False,False,False,False,False,False,False,0.18194498922819685,False,-1.090984326243494,False,-1.1399843822139606,False,False,False,False,False,False,False,False,False,False,False,False,False,False,False,False,False,False,False,False,False,-0.5031033306592787,False,-2.2769949502760105,False,-2.3325019126874573,False,False,False,False,False,False,False,False,False,False,False,False,False,False,False,False,False,False,False,False,False,-0.5031033306592787,False,-2.2769949502760105,False,-2.3325019126874573,False,False,False,False,False,False,False,False,False,False,False,False,False,False,False,False,False,False,False,False,False,-0.5031033306592787,False,-2.2769949502760105,False,-2.3325019126874573,False,False,False,False,False,False,False,False,False,False,False,False,False,False,False,False,False,False,False,False,0.5045184953908785,-3.23243886786623,-0.6650372206187738,0.09044218915331007,7.150034791553729,False
prometheus/prometheus,2026-07-27,807,662,93,0.1404833836858006,662,0.2666666666666666,25.15,0.05,0.1166666666666666,799,7,0.0087609511889862,8,6,0.8571428571428571,12,27.675833333333333,26.550555555555555,12,16.5,3.0,1.5,44,6.0,0.3004027645339954,,holdout,False,False,0.0790114354450749,0.2363887780642304,0.0790114354450749,False,False,0,holdout,False,0.08878565800696166,False,-0.13526306557857745,False,-0.7637639963186333,False,False,False,False,False,False,False,False,False,False,False,False,False,False,False,False,False,False,False,False,False,0.08878565800696166,False,-0.13526306557857745,False,-0.7637639963186333,False,False,False,False,False,False,False,False,False,False,False,False,False,False,False,False,False,False,False,False,False,0.08878565800696166,False,-0.13526306557857745,False,-0.7637639963186333,False,False,False,False,False,False,False,False,False,False,False,False,False,False,False,False,False,False,False,False,False,-0.7032274428173478,False,-1.1097346501814231,False,-1.1291784136806442,False,False,False,False,False,False,False,False,False,False,False,False,False,False,False,False,False,False,False,False,False,-0.7032274428173478,False,-1.1097346501814231,False,-1.1291784136806442,False,False,False,False,False,False,False,False,False,False,False,False,False,False,False,False,False,False,False,False,False,-0.7032274428173478,False,-1.1097346501814231,False,-1.1291784136806442,False,False,False,False,False,False,False,False,False,False,False,False,False,False,False,False,False,False,False,False,0.33769042806076155,-2.3498423528904357,-0.2480641278276997,0.03647184692059339,7.150034791553729,False
prometheus/prometheus,2026-08-03,656,538,64,0.1189591078066914,538,0.3416666666666667,16.02166666666667,0.05,0.1166666666666666,651,4,0.0061443932411674,5,4,1.0,32,189.21027777777772,50.709583333333335,32,14.5,1.5,1.0,39,5.0,0.3032049375371803,,holdout,False,False,-0.009724617204327,0.293912622202417,-0.009724617204327,False,False,0,holdout,False,-1.073372952315861,False,-0.5278738090210116,False,-0.9076055971729046,False,False,False,False,False,False,False,False,False,False,False,False,False,False,False,False,False,False,False,False,False,-1.073372952315861,False,-0.5278738090210116,False,-0.9076055971729046,False,False,False,False,False,False,False,False,False,False,False,False,False,False,False,False,False,False,False,False,False,-1.073372952315861,False,-0.5278738090210116,False,-0.9076055971729046,False,False,False,False,False,False,False,False,False,False,False,False,False,False,False,False,False,False,False,False,False,-2.2483226957402938,False,-1.0630425106713017,False,-1.3045948262613187,False,False,False,False,False,False,False,False,False,False,False,False,False,False,False,False,False,False,False,False,False,-2.2483226957402938,False,-1.0630425106713017,False,-1.3045948262613187,False,False,False,False,False,False,False,False,False,False,False,False,False,False,False,False,False,False,False,False,False,-2.2483226957402938,False,-1.0630425106713017,False,-1.3045948262613187,False,False,False,False,False,False,False,False,False,False,False,False,False,False,False,False,False,False,False,False,-1.1427369839858201,-2.7673300660568336,-0.6100739823061274,0.0009465488224659785,7.150034791553729,False
pytest-dev/pytest,2025-06-23,26,16,2,0.125,16,14.166666666666666,17.433333333333334,0.05,13.875,26,0,0.0,0,0,,10,9.2825,4.6802777777777775,7,7.0,2.0,1.0,10,1.0,1.0,,external,True,False,-0.001098297749063,2.719100037288795,-0.001098297749063,False,False,0,external_calibration,,,,,,,,,,,,,,,,,,,,,,,,,,,,,,,,,,,,,,,,,,,,,,,,,,,,,,,,,,,,,,,,,,,,,,,,,,,,,,,,,,,,,,,,,,,,,,,,,,,,,,,,,,,,,,,,,,,,,,,,,,,,,,,,,,,,,,,,,,,,,,,,,,,,,,,,,,,,,-0.01811642852262755,-0.210778362336435,0.0,0.0,7.150034791553729,False
pytest-dev/pytest,2025-06-30,23,11,1,0.0909090909090909,11,14.116666666666667,19.33333333333333,0.0833333333333333,13.633333333333333,23,0,0.0,0,0,,4,6.448472222222222,9.381388888888887,3,17.0,2.0,1.0,6,1.0,1.0,,external,True,False,-0.004400447144822,2.715797887893036,-0.004400447144822,False,False,0,external_calibration,,,,,,,,,,,,,,,,,,,,,,,,,,,,,,,,,,,,,,,,,,,,,,,,,,,,,,,,,,,,,,,,,,,,,,,,,,,,,,,,,,,,,,,,,,,,,,,,,,,,,,,,,,,,,,,,,,,,,,,,,,,,,,,,,,,,,,,,,,,,,,,,,,,,,,,,,,,,,-0.07258540430842252,-0.6131734177059943,0.0,0.0,7.150034791553729,False
pytest-dev/pytest,2025-07-07,7,7,1,0.1428571428571428,7,13.916666666666666,29.950000000000006,0.05,13.85,7,0,0.0,0,0,,5,10.085555555555556,9.961666666666666,5,124.0,1.0,1.0,4,1.0,1.0,,external,True,False,-0.0177191789851032,2.7024791560527546,-0.0177191789851032,False,False,0,external_calibration,,,,,,,,,,,,,,,,,,,,,,,,,,,,,,,,,,,,,,,,,,,,,,,,,,,,,,,,,,,,,,,,,,,,,,,,,,,,,,,,,,,,,,,,,,,,,,,,,,,,,,,,,,,,,,,,,,,,,,,,,,,,,,,,,,,,,,,,,,,,,,,,,,,,,,,,,,,,,-0.29227797274202805,0.0,0.0,0.0,7.150034791553729,False
pytest-dev/pytest,2025-07-14,16,9,0,0.0,9,15.45,23.98333333333333,0.0666666666666666,14.733333333333333,16,0,0.0,0,0,,3,0.3505555555555555,0.1973611111111111,2,2.0,1.0,1.0,6,1.0,1.0,,external,True,False,0.0801271421735232,2.800325477211381,0.0801271421735232,False,False,0,external_calibration,,,,,,,,,,,,,,,,,,,,,,,,,,,,,,,,,,,,,,,,,,,,,,,,,,,,,,,,,,,,,,,,,,,,,,,,,,,,,,,,,,,,,,,,,,,,,,,,,,,,,,,,,,,,,,,,,,,,,,,,,,,,,,,,,,,,,,,,,,,,,,,,,,,,,,,,,,,,,1.321697731919672,-1.6862268986914852,0.0,0.04261293894110214,7.150034791553729,False
pytest-dev/pytest,2025-07-21,20,16,9,0.5625,16,14.9,23.28333333333333,0.0666666666666666,14.791666666666666,18,1,0.0555555555555555,2,1,1.0,4,122.76513888888888,109.11472222222224,3,5.0,1.0,1.5,6,1.0,1.0,,external,True,False,0.0461207741883282,2.766319109226186,0.0461207741883282,False,False,0,external_calibration,,,,,,,,,,,,,,,,,,,,,,,,,,,,,,,,,,,,,,,,,,,,,,,,,,,,,,,,,,,,,,,,,,,,,,,,,,,,,,,,,,,,,,,,,,,,,,,,,,,,,,,,,,,,,,,,,,,,,,,,,,,,,,,,,,,,,,,,,,,,,,,,,,,,,,,,,,,,,0.7607624705631308,4.95329151490624,2.0711173253196966,0.6828900743100097,7.150034791553729,False
pytest-dev/pytest,2025-07-28,7,7,0,0.0,7,15.45,24.56333333333334,0.05,15.4,7,0,0.0,0,0,,5,4.427777777777778,2.678333333333333,5,10.0,1.0,1.0,5,1.0,1.0,,external,True,False,0.0801271421735232,2.800325477211381,0.0801271421735232,False,False,0,external_calibration,,,,,,,,,,,,,,,,,,,,,,,,,,,,,,,,,,,,,,,,,,,,,,,,,,,,,,,,,,,,,,,,,,,,,,,,,,,,,,,,,,,,,,,,,,,,,,,,,,,,,,,,,,,,,,,,,,,,,,,,,,,,,,,,,,,,,,,,,,,,,,,,,,,,,,,,,,,,,1.321697731919672,-1.6862268986914852,0.0,0.40908335245221966,7.150034791553729,False
pytest-dev/pytest,2025-08-04,10,7,0,0.0,7,16.333333333333332,36.440000000000005,0.0666666666666666,15.816666666666666,10,0,0.0,0,0,,4,4.924305555555556,3.0797222222222222,4,3.0,1.0,1.0,5,1.0,1.0,,external,True,False,0.1324330948754597,2.852631429913317,0.1324330948754597,False,False,0,external_calibration,,,,,,,,,,,,,,,,,,,,,,,,,,,,,,,,,,,,,,,,,,,,,,,,,,,,,,,,,,,,,,,,,,,,,,,,,,,,,,,,,,,,,,,,,,,,,,,,,,,,,,,,,,,,,,,,,,,,,,,,,,,,,,,,,,,,,,,,,,,,,,,,,,,,,,,,,,,,,2.184484762341069,-1.6862268986914852,0.0,0.7952260093726475,7.150034791553729,False
pytest-dev/pytest,2025-08-11,8,7,1,0.1428571428571428,7,13.516666666666667,28.533333333333346,0.0666666666666666,13.483333333333333,8,0,0.0,0,0,,4,0.5498611111111111,0.5468055555555555,4,3.0,1.0,1.0,5,1.0,1.0,,external,True,False,-0.0449009204074557,2.675297414630402,-0.0449009204074557,False,False,0,external_calibration,,,,,,,,,,,,,,,,,,,,,,,,,,,,,,,,,,,,,,,,,,,,,,,,,,,,,,,,,,,,,,,,,,,,,,,,,,,,,,,,,,,,,,,,,,,,,,,,,,,,,,,,,,,,,,,,,,,,,,,,,,,,,,,,,,,,,,,,,,,,,,,,,,,,,,,,,,,,,-0.7406409745042638,0.0,0.0,0.32909148706750974,7.150034791553729,False
pytest-dev/pytest,2025-08-18,14,10,1,0.1,10,14.933333333333334,25.33666666666665,0.0583333333333333,15.133333333333333,13,1,0.0769230769230769,1,1,1.0,6,3.2172222222222224,0.2643055555555555,6,18.0,1.0,1.0,6,1.0,1.0,,external,True,False,0.0482150157914427,2.7684133508293005,0.0482150157914427,False,False,0,external_calibration,,,,,,,,,,,,,,,,,,,,,,,,,,,,,,,,,,,,,,,,,,,,,,,,,,,,,,,,,,,,,,,,,,,,,,,,,,,,,,,,,,,,,,,,,,,,,,,,,,,,,,,,,,,,,,,,,,,,,,,,,,,,,,,,,,,,,,,,,,,,,,,,,,,,,,,,,,,,,0.795306999443669,-0.505868069607445,2.8677009119811205,0.8951410607274608,7.150034791553729,False
pytest-dev/pytest,2025-08-25,42,28,6,0.2142857142857142,28,14.458333333333332,16.071666666666665,0.05,14.133333333333333,42,0,0.0,0,0,,9,2.3113888888888887,1.612777777777778,9,4.0,2.0,1.0,12,1.0,1.0,,external,True,False,0.0179498972216314,2.738148232259489,0.0179498972216314,False,False,0,external_calibration,,,,,,,,,,,,,,,,,,,,,,,,,,,,,,,,,,,,,,,,,,,,,,,,,,,,,,,,,,,,,,,,,,,,,,,,,,,,,,,,,,,,,,,,,,,,,,,,,,,,,,,,,,,,,,,,,,,,,,,,,,,,,,,,,,,,,,,,,,,,,,,,,,,,,,,,,,,,,0.29608367155593873,0.8431134493457426,0.0,0.6318691534852576,7.150034791553729,False
pytest-dev/pytest,2025-09-01,23,22,9,0.4090909090909091,22,13.858333333333334,19.59833333333334,0.05,14.05,22,1,0.0454545454545454,1,1,1.0,9,8.466666666666667,0.4425,7,39.0,4.0,1.0,9,1.0,1.0,,external,True,False,-0.0216374599567634,2.6985608750810943,-0.0216374599567634,False,False,0,external_calibration,,,,,,,,,,,,,,,,,,,,,,,,,,,,,,,,,,,,,,,,,,,,,,,,,,,,,,,,,,,,,,,,,,,,,,,,,,,,,,,,,,,,,,,,,,,,,,,,,,,,,,,,,,,,,,,,,,,,,,,,,,,,,,,,,,,,,,,,,,,,,,,,,,,,,,,,,,,,,-0.35691004288440414,3.142513765743225,1.6945505388979334,1.1684107460196511,7.150034791553729,False
pytest-dev/pytest,2025-09-08,38,33,5,0.1515151515151515,33,14.183333333333334,39.42,0.05,14.016666666666667,38,0,0.0,0,0,,13,7.7725,1.3711111111111112,11,6.0,1.0,1.0,18,1.0,1.0,,external,True,False,0.0,2.720198335037858,0.0,False,False,0,external_calibration,,,,,,,,,,,,,,,,,,,,,,,,,,,,,,,,,,,,,,,,,,,,,,,,,,,,,,,,,,,,,,,,,,,,,,,,,,,,,,,,,,,,,,,,,,,,,,,,,,,,,,,,,,,,,,,,,,,,,,,,,,,,,,,,,,,,,,,,,,,,,,,,,,,,,,,,,,,,,0.0,0.10219556961766628,0.0,0.7684104705250316,7.150034791553729,False
pytest-dev/pytest,2025-09-15,46,30,6,0.2,30,13.575,19.25166666666667,0.0583333333333333,13.45,46,0,0.0,0,0,,6,45.70527777777778,5.840833333333333,6,33.5,2.0,1.0,9,1.0,1.0,,external,True,False,-0.0408906028013018,2.679307732236556,-0.0408906028013018,False,False,0,external_calibration,,,,,,,,,,,,,,,,,,,,,,,,,,,,,,,,,,,,,,,,,,,,,,,,,,,,,,,,,,,,,,,,,,,,,,,,,,,,,,,,,,,,,,,,,,,,,,,,,,,,,,,,,,,,,,,,,,,,,,,,,,,,,,,,,,,,,,,,,,,,,,,,,,,,,,,,,,,,,-0.6744907594765952,0.6744907594765952,0.0,0.5787422824138344,7.150034791553729,False
pytest-dev/pytest,2025-09-22,58,32,6,0.1875,32,14.216666666666663,19.590000000000007,0.1083333333333333,13.825,58,0,0.0,0,0,,8,3.4344444444444444,2.0579166666666664,8,4.0,1.0,1.0,11,1.0,1.0,,external,False,True,0.0021929833350098,2.722391318372868,0.0021929833350098,False,False,0,external_evaluation,False,0.0361732743911319,False,0.5269459058410901,,,False,,,,False,,,,,,,,,,,,,,,,False,0.0361732743911319,False,0.5269459058410901,,,False,,,,False,,,,,,,,,,,,,,,,False,0.0361732743911319,False,0.5269459058410901,,,False,,,,False,,,,,,,,,,,,,,,,,,,,,,,,,,,,,,,,,,,,,,,,,,,,,,,,,,,,,,,,,,,,,,,,,,,,,,,,,,,,,,,,,,,,,,,,,,,,,,0.0361732743911319,0.5269459058410901,0.0,0.47478739082312393,7.150034791553729,False
pytest-dev/pytest,2025-09-29,69,47,12,0.2553191489361702,47,14.6,22.096666666666664,0.0666666666666666,14.55,68,1,0.0147058823529411,1,0,0.0,12,20.51222222222222,3.650833333333333,12,40.0,2.0,1.0,13,1.0,1.0,,external,False,True,0.0270725792176333,2.747270914255491,0.0270725792176333,False,False,0,external_evaluation,False,0.38950001676388135,False,1.32745521811883,,,False,False,,,False,False,,,,,,,,,,,,,,,False,0.38950001676388135,False,1.32745521811883,,,False,False,,,False,False,,,,,,,,,,,,,,,False,0.38950001676388135,False,1.32745521811883,,,False,False,,,False,False,,,,,,,,,,,,,,,,,,,,,,,,,,,,,,,,,,,,,,,,,,,,,,,,,,,,,,,,,,,,,,,,,,,,,,,,,,,,,,,,,,,,,,,,,,,,,0.4465623704845563,1.32745521811883,0.5482369390552115,0.709359508203472,7.150034791553729,False
pytest-dev/pytest,2025-10-06,63,43,8,0.1860465116279069,43,13.8,18.55666666666668,0.0666666666666666,13.716666666666669,63,0,0.0,0,0,,16,16.102083333333333,0.8613888888888889,15,41.5,2.0,1.0,14,1.0,1.0,,external,False,True,-0.0255711542677885,2.694627180770069,-0.0255711542677885,False,False,0,external_evaluation,False,-0.8229690867849409,False,0.3710510513239326,,,False,False,False,,False,False,False,,,,,,,,,,,,,,False,-0.8229690867849409,False,0.3710510513239326,,,False,False,False,,False,False,False,,,,,,,,,,,,,,False,-0.8229690867849409,False,0.3710510513239326,,,False,False,False,,False,False,False,,,,,,,,,,,,,,,,,,,,,,,,,,,,,,,,,,,,,,,,,,,,,,,,,,,,,,,,,,,,,,,,,,,,,,,,,,,,,,,,,,,,,,,,,,,,-0.421796356159972,0.5097895275113792,0.0,0.565079160849889,7.150034791553729,False
pytest-dev/pytest,2025-10-13,90,56,8,0.1428571428571428,56,13.458333333333332,16.75,0.0666666666666666,13.391666666666666,90,0,0.0,0,0,,7,9.135277777777778,3.503055555555556,7,6.0,1.0,1.0,17,2.0,0.9565432098765432,,external,False,True,-0.0431802431833761,2.671270949598913,-0.0431802431833761,False,False,0,external_evaluation,False,-1.0415374444643914,False,-0.42052434085734597,,,False,False,False,False,False,False,False,False,,,,,,,,,,,,,False,-1.0415374444643914,False,-0.42052434085734597,,,False,False,False,False,False,False,False,False,,,,,,,,,,,,,False,-1.0415374444643914,False,-0.42052434085734597,,,False,False,False,False,False,False,False,False,,,,,,,,,,,,,,,,,,,,,,,,,,,,,,,,,,,,,,,,,,,,,,,,,,,,,,,,,,,,,,,,,,,,,,,,,,,,,,,,,,,,,,,,,,,-0.7122583924884619,0.0,0.0,0.36074731196321197,7.150034791553729,False
pytest-dev/pytest,2025-10-20,63,40,6,0.15,40,13.858333333333334,16.108333333333334,0.1833333333333333,13.708333333333332,59,4,0.0677966101694915,4,0,0.0,8,30.06833333333333,2.625833333333333,8,84.5,3.0,2.5,12,1.0,1.0,,external,False,True,-0.0216374599567634,2.6985608750810943,-0.0216374599567634,False,False,0,external_evaluation,False,-0.37307511365645313,False,-0.5629403646400805,,,False,False,False,False,False,False,False,False,,,,,,,,,,,,,False,-0.37307511365645313,False,-0.5629403646400805,,,False,False,False,False,False,False,False,False,,,,,,,,,,,,,False,-0.37307511365645313,False,-0.5629403646400805,,,False,False,False,False,False,False,False,False,,,,,,,,,,,,,,,,,,,,,,,,,,,,,,,,,,,,,,,,,,,,,,,,,,,,,,,,,,,,,,,,,,,,,,,,,,,,,,,,,,,,,,,,,,,-0.35691004288440414,0.08431134493457498,2.5274652105596314,0.7304276402582437,7.150034791553729,False
pytest-dev/pytest,2025-10-27,86,43,11,0.2558139534883721,43,13.833333333333334,18.62333333333333,0.1,13.6,86,0,0.0,0,0,,14,24.86027777777777,10.759027777777778,14,108.0,3.0,2.0,16,1.0,1.0,,external,False,True,-0.0233214345337731,2.6968769005040847,-0.0233214345337731,False,False,0,external_evaluation,False,-0.5810341144194627,False,1.4509394244554659,,,False,False,False,False,False,False,False,False,,,,,,,,,,,,,False,-0.5810341144194627,False,1.4509394244554659,,,False,False,False,False,False,False,False,False,,,,,,,,,,,,,False,-0.5810341144194627,False,1.4509394244554659,,,False,False,False,False,False,False,False,False,,,,,,,,,,,,,,,,,,,,,,,,,,,,,,,,,,,,,,,,,,,,,,,,,,,,,,,,,,,,,,,,,,,,,,,,,,,,,,,,,,,,,,,,,,,-0.3846872144977899,1.3332956873374548,0.0,0.7264697748525382,7.150034791553729,False
pytest-dev/pytest,2025-11-03,53,42,8,0.1904761904761904,41,21.366666666666667,47.7,0.05,19.966666666666665,53,0,0.0,0,0,,18,2.3230555555555554,0.7248611111111111,16,9.0,2.5,1.0,25,2.0,0.9629761480954075,,external,False,True,0.3873734202716687,3.1075717553095266,0.3873734202716687,False,False,0,external_evaluation,True,12.749835691930821,False,0.06917853943349729,,,True,False,False,False,False,False,False,False,,,,,,,,,,,,,True,12.749835691930821,False,0.06917853943349729,,,True,False,False,False,False,False,False,False,,,,,,,,,,,,,True,12.749835691930821,False,0.06917853943349729,,,True,False,False,False,False,False,False,False,,,,,,,,,,,,,,,,,,,,,,,,,,,,,,,,,,,,,,,,,,,,,,,,,,,,,,,,,,,,,,,,,,,,,,,,,,,,,,,,,,,,,,,,,,,6.389727089857574,0.5620756328971619,0.0,1.8280414628132167,7.150034791553729,False
pytest-dev/pytest,2025-11-10,116,65,4,0.0615384615384615,65,26.0,33.25666666666667,0.0666666666666666,25.55,116,0,0.0,0,0,,37,1.8588888888888888,0.4156944444444445,36,10.0,3.0,1.0,50,1.0,1.0,,external,False,True,0.5756385309664713,3.295836866004329,0.5756385309664713,False,False,0,external_evaluation,True,18.618504091513024,False,-2.2655971664470256,,,True,True,False,False,False,False,False,False,,,,,,,,,,,,,True,18.618504091513024,False,-2.2655971664470256,,,True,True,False,False,False,False,False,False,,,,,,,,,,,,,True,18.618504091513024,False,-2.2655971664470256,,,True,True,False,False,False,False,False,False,,,,,,,,,,,,,,,,,,,,,,,,,,,,,,,,,,,,,,,,,,,,,,,,,,,,,,,,,,,,,,,,,,,,,,,,,,,,,,,,,,,,,,,,,,,9.495161316702477,-0.9598522346397687,0.0,6.429878726122187,7.150034791553729,False
pytest-dev/pytest,2025-11-17,59,35,4,0.1142857142857142,35,25.116666666666667,32.84666666666667,0.0833333333333333,25.0,58,1,0.0172413793103448,1,1,1.0,19,7.574722222222222,4.440277777777778,19,9.0,1.0,1.0,17,1.0,1.0,,external,False,True,0.5423753450960622,3.26257368013392,0.5423753450960622,False,False,0,external_evaluation,True,14.306243457146126,False,-1.3168629113590682,,,True,True,True,False,False,False,False,False,,,,,,,,,,,,,True,14.306243457146126,False,-1.3168629113590682,,,True,True,True,False,False,False,False,False,,,,,,,,,,,,,True,14.306243457146126,False,-1.3168629113590682,,,True,True,True,False,False,False,False,False,,,,,,,,,,,,,,,,,,,,,,,,,,,,,,,,,,,,,,,,,,,,,,,,,,,,,,,,,,,,,,,,,,,,,,,,,,,,,,,,,,,,,,,,,,,8.94648484916874,-0.33724537973829743,0.6427605492371469,13.11735451877453,7.150034791553729,True
pytest-dev/pytest,2025-11-24,31,25,4,0.16,25,13.383333333333333,16.74666666666667,0.05,13.183333333333334,31,0,0.0,0,0,,10,1.1129166666666666,0.9002777777777777,10,5.0,1.0,1.0,13,1.0,1.0,,external,False,True,-0.0541282061765304,2.666070128861328,-0.0541282061765304,False,False,0,external_evaluation,False,-1.4277405904630356,False,-0.49462655694950297,,,False,False,False,False,False,False,False,False,,,,,,,,,,,,,False,-1.4277405904630356,False,-0.49462655694950297,,,False,False,False,False,False,False,False,False,,,,,,,,,,,,,False,-1.4277405904630356,False,-0.49462655694950297,,,False,False,False,False,False,False,False,False,,,,,,,,,,,,,,,,,,,,,,,,,,,,,,,,,,,,,,,,,,,,,,,,,,,,,,,,,,,,,,,,,,,,,,,,,,,,,,,,,,,,,,,,,,,-0.8928451133508704,0.2023472278429791,0.0,7.413105274659475,7.150034791553729,True
pytest-dev/pytest,2025-12-01,29,22,2,0.0909090909090909,22,13.991666666666667,21.166666666666668,0.05,14.066666666666666,28,1,0.0357142857142857,1,1,1.0,8,1.5813888888888887,2.490833333333333,7,11.0,1.0,1.0,13,1.0,1.0,,external,False,True,-0.0127038438693705,2.707494491168488,-0.0127038438693705,False,False,0,external_evaluation,False,0.2784819249439896,False,-1.7801808901141836,,,False,False,False,False,False,False,False,False,,,,,,,,,,,,,False,0.2784819249439896,False,-1.7801808901141836,,,False,False,False,False,False,False,False,False,,,,,,,,,,,,,False,0.2784819249439896,False,-1.7801808901141836,,,False,False,False,False,False,False,False,False,,,,,,,,,,,,,,,,,,,,,,,,,,,,,,,,,,,,,,,,,,,,,,,,,,,,,,,,,,,,,,,,,,,,,,,,,,,,,,,,,,,,,,,,,,,-0.2095499873494407,-0.6131734177059943,1.3314325662769486,4.76314137631285,7.150034791553729,False
pytest-dev/pytest,2025-12-08,15,14,2,0.1428571428571428,14,13.608333333333334,20.01166666666667,0.05,13.558333333333334,15,0,0.0,0,0,,9,8.735,2.671944444444444,9,20.0,1.0,1.0,7,1.0,1.0,,external,False,True,-0.0386061928986691,2.6815921421391886,-0.0386061928986691,False,False,0,external_evaluation,False,-0.6198263202658465,False,-0.3794010522055871,,,False,False,False,False,False,False,False,False,,,,,,,,,,,,,False,-0.6198263202658465,False,-0.3794010522055871,,,False,False,False,False,False,False,False,False,,,,,,,,,,,,,False,-0.6198263202658465,False,-0.3794010522055871,,,False,False,False,False,False,False,False,False,,,,,,,,,,,,,,,,,,,,,,,,,,,,,,,,,,,,,,,,,,,,,,,,,,,,,,,,,,,,,,,,,,,,,,,,,,,,,,,,,,,,,,,,,,,-0.6368094032571773,0.0,0.0,2.6337638670688186,7.150034791553729,False
pytest-dev/pytest,2025-12-15,35,20,6,0.3,20,13.758333333333333,15.245,0.0666666666666666,13.516666666666666,35,0,0.0,0,0,,4,174.36277777777778,1.709861111111111,4,3.0,1.0,1.0,8,1.0,1.0,,external,False,True,-0.0283904400370702,2.6918078950007875,-0.0283904400370702,False,False,0,external_evaluation,False,-0.21143148567125208,True,3.0984419263456155,,,False,False,False,False,True,False,False,False,,,,,,,,,,,,,False,-0.21143148567125208,True,3.0984419263456155,,,False,False,False,False,True,False,False,False,,,,,,,,,,,,,False,-0.21143148567125208,False,3.0984419263456155,,,False,False,False,False,False,False,False,False,,,,,,,,,,,,,,,,,,,,,,,,,,,,,,,,,,,,,,,,,,,,,,,,,,,,,,,,,,,,,,,,,,,,,,,,,,,,,,,,,,,,,,,,,,,-0.4683004932827398,1.854849588560635,0.0,1.6057465998573401,7.150034791553729,False
pytest-dev/pytest,2025-12-22,31,21,2,0.0952380952380952,21,14.45,33.21666666666667,0.05,14.35,31,0,0.0,0,0,,12,130.72458333333333,7.434722222222222,7,3.5,1.0,1.0,14,1.0,1.0,,external,False,True,0.0174106683058967,2.7376090033437546,0.0174106683058967,False,False,0,external_evaluation,False,1.2225719124112604,False,-1.4332928638877689,,,False,False,False,False,False,False,False,False,,,,,,,,,,,,,False,1.2225719124112604,False,-1.4332928638877689,,,False,False,False,False,False,False,False,False,,,,,,,,,,,,,False,1.2225719124112604,False,-1.4332928638877689,,,False,False,False,False,False,False,False,False,,,,,,,,,,,,,False,0.4140686788231373,False,-0.6905500632736571,,,False,,,,False,,,,,,,,,,,,,,,,False,0.4140686788231373,False,-0.6905500632736571,,,False,,,,False,,,,,,,,,,,,,,,,False,0.4140686788231373,False,-0.6905500632736571,,,False,,,,False,,,,,,,,,,,,,,,,0.2871890870795744,-0.5620756328971617,0.0,1.0813049378938433,7.150034791553729,False
pytest-dev/pytest,2025-12-29,47,23,4,0.1739130434782608,23,13.483333333333333,15.476666666666668,0.1666666666666666,13.3,47,0,0.0,0,0,,2,345.38750000000005,53.39652777777778,2,16.0,4.0,1.5,10,1.0,1.0,,external,False,True,-0.0471997719945664,2.672998563043292,-0.0471997719945664,False,False,0,external_evaluation,False,-0.8003396348089443,False,0.39848431058591655,,,False,False,False,False,False,False,False,False,,,,,,,,,,,,,False,-0.8003396348089443,False,0.39848431058591655,,,False,False,False,False,False,False,False,False,,,,,,,,,,,,,False,-0.8003396348089443,False,0.39848431058591655,,,False,False,False,False,False,False,False,False,,,,,,,,,,,,,False,-0.9242493004472498,False,0.353907700871612,,,False,False,,,False,False,,,,,,,,,,,,,,,False,-0.9242493004472498,False,0.353907700871612,,,False,False,,,False,False,,,,,,,,,,,,,,,False,-0.9242493004472498,False,0.353907700871612,,,False,False,,,False,False,,,,,,,,,,,,,,,-0.7785605464031871,0.36657106493293173,0.0,0.49926791836270373,7.150034791553729,False
pytest-dev/pytest,2026-01-05,15,14,3,0.2142857142857142,14,13.583333333333334,15.576666666666668,0.05,13.541666666666668,15,0,0.0,0,0,,4,20.64055555555556,20.63861111111111,4,91.5,2.5,1.0,8,1.0,1.0,,external,False,True,-0.0403190109023441,2.6798793241355137,-0.0403190109023441,False,False,0,external_evaluation,False,-0.5773109755165535,False,1.2028936586057262,,,False,False,False,False,False,False,False,False,,,,,,,,,,,,,False,-0.5773109755165535,False,1.2028936586057262,,,False,False,False,False,False,False,False,False,,,,,,,,,,,,,False,-0.5773109755165535,False,1.2028936586057262,,,False,False,False,False,False,False,False,False,,,,,,,,,,,,,False,-0.6742029126482701,False,0.8569828480795688,,,False,False,False,,False,False,False,,,,,,,,,,,,,,False,-0.6742029126482701,False,0.8569828480795688,,,False,False,False,,False,False,False,,,,,,,,,,,,,,False,-0.6742029126482701,False,0.8569828480795688,,,False,False,False,,False,False,False,,,,,,,,,,,,,,-0.665062347381228,0.8431134493457426,0.0,0.2928054915160605,7.150034791553729,False
pytest-dev/pytest,2026-01-12,80,56,6,0.1071428571428571,56,13.908333333333331,18.90833333333333,0.05,13.891666666666666,79,1,0.0126582278481012,1,0,0.0,14,6.371805555555556,6.025555555555556,14,11.0,2.0,1.0,21,1.0,1.0,,external,False,True,-0.0182779943111848,2.701920340726673,-0.0182779943111848,False,False,0,external_evaluation,False,0.17129697385831838,False,-0.714166686504632,,,False,False,False,False,False,False,False,False,,,,,,,,,,,,,False,0.17129697385831838,False,-0.714166686504632,,,False,False,False,False,False,False,False,False,,,,,,,,,,,,,False,0.17129697385831838,False,-0.714166686504632,,,False,False,False,False,False,False,False,False,,,,,,,,,,,,,False,-0.23484228070883945,False,-0.5738281234031953,,,False,False,False,False,False,False,False,False,,,,,,,,,,,,,False,-0.23484228070883945,False,-0.5738281234031953,,,False,False,False,False,False,False,False,False,,,,,,,,,,,,,False,-0.23484228070883945,False,-0.5738281234031953,,,False,False,False,False,False,False,False,False,,,,,,,,,,,,,-0.30149563518460615,-0.4215567246728713,0.4719001500728403,0.15058209391939728,7.150034791553729,False
pytest-dev/pytest,2026-01-19,37,29,8,0.2758620689655172,29,13.75,15.756666666666664,0.05,13.716666666666669,37,0,0.0,0,0,,7,6.329166666666667,6.182222222222222,7,48.0,1.0,1.0,8,1.0,1.0,,external,False,True,-0.0289552522520288,2.691243082785829,-0.0289552522520288,False,False,0,external_evaluation,False,-0.26420629086436453,False,1.9808320580031016,,,False,False,False,False,False,False,False,False,,,,,,,,,,,,,False,-0.26420629086436453,False,1.9808320580031016,,,False,False,False,False,False,False,False,False,,,,,,,,,,,,,False,-0.26420629086436453,False,1.9808320580031016,,,False,False,False,False,False,False,False,False,,,,,,,,,,,,,False,-0.31809721865754226,False,1.552315608803554,,,False,False,False,False,False,False,False,False,,,,,,,,,,,,,False,-0.31809721865754226,False,1.552315608803554,,,False,False,False,False,False,False,False,False,,,,,,,,,,,,,False,-0.31809721865754226,False,1.552315608803554,,,False,False,False,False,False,False,False,False,,,,,,,,,,,,,-0.4776170744463943,1.5699353884369007,0.0,0.2664946600457014,7.150034791553729,False
pytest-dev/pytest,2026-01-26,24,16,3,0.1875,16,14.241666666666667,18.041666666666664,0.05,14.075,24,0,0.0,0,0,,5,157.2563888888889,6.346388888888889,5,84.0,2.0,1.0,8,1.0,1.0,,external,False,True,0.0038345705709619,2.72403290560882,0.0038345705709619,False,False,0,external_evaluation,False,1.077593305673313,False,0.34168281894538105,,,False,False,False,False,False,False,False,False,,,,,,,,,,,,,False,1.077593305673313,False,0.34168281894538105,,,False,False,False,False,False,False,False,False,,,,,,,,,,,,,False,1.077593305673313,False,0.34168281894538105,,,False,False,False,False,False,False,False,False,,,,,,,,,,,,,False,0.7073636230032164,False,0.410261592190969,,,False,False,False,False,False,False,False,False,,,,,,,,,,,,,False,0.7073636230032164,False,0.410261592190969,,,False,False,False,False,False,False,False,False,,,,,,,,,,,,,False,0.7073636230032164,False,0.410261592190969,,,False,False,False,False,False,False,False,False,,,,,,,,,,,,,0.063251266537757,0.5269459058410901,0.0,0.2631700933350884,7.150034791553729,False
pytest-dev/pytest,2026-02-02,31,20,4,0.2,20,15.483333333333334,24.910000000000032,0.05,15.216666666666669,30,1,0.0333333333333333,1,1,1.0,5,3.03,2.9472222222222224,5,10.0,1.0,1.0,10,1.0,1.0,,external,False,True,0.0821514343627538,2.802349769400612,0.0821514343627538,False,False,0,external_evaluation,True,3.063358863212492,False,0.5104254396039095,,,True,False,False,False,False,False,False,False,,,,,,,,,,,,,True,3.063358863212492,False,0.5104254396039095,,,True,False,False,False,False,False,False,False,,,,,,,,,,,,,False,3.063358863212492,False,0.5104254396039095,,,False,False,False,False,False,False,False,False,,,,,,,,,,,,,True,3.035785249238931,False,0.47090430976581316,,,True,False,False,False,False,False,False,False,,,,,,,,,,,,,True,3.035785249238931,False,0.47090430976581316,,,True,False,False,False,False,False,False,False,,,,,,,,,,,,,False,3.035785249238931,False,0.47090430976581316,,,False,False,False,False,False,False,False,False,,,,,,,,,,,,,1.3550884447627027,0.6744907594765952,1.2426703951918179,0.5242043473456833,7.150034791553729,False
pytest-dev/pytest,2026-02-09,50,38,4,0.1052631578947368,38,16.941666666666666,23.886666666666667,0.0666666666666666,16.358333333333334,48,2,0.0416666666666666,2,2,1.0,20,2.746388888888889,0.8593055555555555,20,22.0,1.0,1.0,22,1.0,1.0,,external,False,True,0.1669274195444594,2.887125754582317,0.1669274195444594,False,False,0,external_evaluation,True,5.649246974127741,False,-0.6984769173527188,,,True,True,False,False,False,False,False,False,,,,,,,,,,,,,True,5.649246974127741,False,-0.6984769173527188,,,True,True,False,False,False,False,False,False,,,,,,,,,,,,,True,5.649246974127741,False,-0.6984769173527188,,,True,False,False,False,False,False,False,False,,,,,,,,,,,,,True,5.556241607237398,False,-1.3575456039598557,,,True,True,False,False,False,False,False,False,,,,,,,,,,,,,True,5.556241607237398,False,-1.3575456039598557,,,True,True,False,False,False,False,False,False,,,,,,,,,,,,,True,5.556241607237398,False,-1.3575456039598557,,,True,False,False,False,False,False,False,False,,,,,,,,,,,,,2.7534688723744174,-0.44374392070828556,1.5533379939897718,1.153690138139196,7.150034791553729,False
pytest-dev/pytest,2026-02-16,45,34,3,0.088235294117647,34,15.508333333333333,19.63,0.05,15.466666666666663,42,3,0.0714285714285714,3,0,0.0,6,4.477222222222222,4.080416666666666,6,46.0,1.5,1.0,25,1.0,1.0,,external,False,True,0.0836669688786471,2.803865303916505,0.0836669688786471,False,False,0,external_evaluation,True,3.1095866089347077,False,-0.9157632887011323,,,True,True,True,False,False,False,False,False,,,,,,,,,,,,,True,3.1095866089347077,False,-0.9157632887011323,,,True,True,True,False,False,False,False,False,,,,,,,,,,,,,False,3.1095866089347077,False,-0.9157632887011323,,,False,False,False,False,False,False,False,False,,,,,,,,,,,,,True,2.6631113350225424,False,-1.666929268814039,,,True,True,True,False,False,False,False,False,,,,,,,,,,,,,False,2.6631113350225424,False,-1.666929268814039,,,False,False,False,False,False,False,False,False,,,,,,,,,,,,,False,2.6631113350225424,False,-1.666929268814039,,,False,False,False,False,False,False,False,False,,,,,,,,,,,,,1.3800871964711348,-0.6447338142055682,2.6628651325538972,1.9275637288351657,7.150034791553729,False
pytest-dev/pytest,2026-02-23,32,21,3,0.1428571428571428,21,15.35,21.48333333333333,0.05,15.75,30,2,0.0666666666666666,2,1,0.5,7,6.0675,5.052777777777778,6,4.0,1.0,1.0,14,1.0,1.0,,external,False,True,0.0740295623054048,2.7942278973432626,0.0740295623054048,False,False,0,external_evaluation,True,2.8156206346745627,False,-0.21299708193997866,,,True,True,True,True,False,False,False,False,,,,,,,,,,,,,False,2.8156206346745627,False,-0.21299708193997866,,,False,False,False,False,False,False,False,False,,,,,,,,,,,,,False,2.8156206346745627,False,-0.21299708193997866,,,False,False,False,False,False,False,False,False,,,,,,,,,,,,,False,2.404276791335351,False,-0.6744907594765952,,,False,False,False,False,False,False,False,False,,,,,,,,,,,,,False,2.404276791335351,False,-0.6744907594765952,,,False,False,False,False,False,False,False,False,,,,,,,,,,,,,False,2.404276791335351,False,-0.6744907594765952,,,False,False,False,False,False,False,False,False,,,,,,,,,,,,,1.2211181122891825,0.0,2.4853407903836358,2.715013666863819,7.150034791553729,False
pytest-dev/pytest,2026-03-02,42,27,1,0.037037037037037,27,16.333333333333332,30.43,0.2166666666666666,16.283333333333335,42,0,0.0,0,0,,12,13.295277777777777,4.7683333333333335,12,8.0,1.0,1.0,22,1.0,1.0,,external,False,True,0.1324330948754597,2.852631429913317,0.1324330948754597,False,False,0,external_evaluation,True,3.544918773267599,False,-1.4988683543924342,,,True,True,True,True,False,False,False,False,,,,,,,,,,,,,True,3.544918773267599,False,-1.4988683543924342,,,True,False,False,False,False,False,False,False,,,,,,,,,,,,,True,3.544918773267599,False,-1.4988683543924342,,,True,False,False,False,False,False,False,False,,,,,,,,,,,,,True,3.9728369208271648,False,-2.180579319491682,,,True,False,False,False,False,False,False,False,,,,,,,,,,,,,True,3.9728369208271648,False,-2.180579319491682,,,True,False,False,False,False,False,False,False,,,,,,,,,,,,,True,3.9728369208271648,False,-2.180579319491682,,,True,False,False,False,False,False,False,False,,,,,,,,,,,,,2.184484762341069,-1.2490569619936929,0.0,2.614866938637283,7.150034791553729,False
pytest-dev/pytest,2026-03-09,72,39,6,0.1538461538461538,39,15.833333333333334,18.780000000000005,0.05,15.516666666666667,72,0,0.0,0,0,,9,10.486944444444443,6.434444444444445,9,4.0,1.0,1.0,14,2.0,0.9726080246913582,,external,False,True,0.1041523217605129,2.8233610476132047,0.1041523217605129,False,False,0,external_evaluation,False,1.532455441462472,False,0.15565171372536846,,,False,False,False,False,False,False,False,False,,,,,,,,,,,,,False,1.532455441462472,False,0.15565171372536846,,,False,False,False,False,False,False,False,False,,,,,,,,,,,,,False,1.532455441462472,False,0.15565171372536846,,,False,False,False,False,False,False,False,False,,,,,,,,,,,,,False,2.2119701025800924,False,-0.029140275172329963,,,False,False,False,False,False,False,False,False,,,,,,,,,,,,,False,2.2119701025800924,False,-0.029140275172329963,,,False,False,False,False,False,False,False,False,,,,,,,,,,,,,False,2.2119701025800924,False,-0.029140275172329963,,,False,False,False,False,False,False,False,False,,,,,,,,,,,,,1.7179932256528772,0.1297097614378068,0.0,2.4681860558744715,7.150034791553729,False
pytest-dev/pytest,2026-03-16,55,36,1,0.0277777777777777,36,15.791666666666668,21.5,0.05,15.633333333333333,55,0,0.0,0,0,,14,18.367361111111112,16.37097222222222,14,20.0,2.0,1.0,15,1.0,1.0,,external,False,True,0.1006843965608794,2.8208827315987373,0.1006843965608794,False,False,0,external_evaluation,False,0.9729373345821936,False,-1.7502410679936653,,,False,False,False,False,False,False,False,False,,,,,,,,,,,,,False,0.9729373345821936,False,-1.7502410679936653,,,False,False,False,False,False,False,False,False,,,,,,,,,,,,,False,0.9729373345821936,False,-1.7502410679936653,,,False,False,False,False,False,False,False,False,,,,,,,,,,,,,False,2.0214057830689023,False,-2.0221340031133623,,,False,False,False,False,False,False,False,False,,,,,,,,,,,,,False,2.0214057830689023,False,-2.0221340031133623,,,False,False,False,False,False,False,False,False,,,,,,,,,,,,,False,2.0214057830689023,False,-2.0221340031133623,,,False,False,False,False,False,False,False,False,,,,,,,,,,,,,1.660789776902683,-1.3583494461681416,0.0,2.3958402515390786,7.150034791553729,False
pytest-dev/pytest,2026-03-23,39,27,7,0.2592592592592592,27,14.583333333333334,16.356666666666666,0.05,14.2,39,0,0.0,0,0,,2,5.569027777777778,5.565416666666667,2,163.0,1.5,1.0,11,1.0,1.0,,external,False,True,0.0260036320287286,2.7462019670665865,0.0260036320287286,False,False,0,external_evaluation,False,-0.5546418985534816,False,1.6487551898316781,,,False,False,False,False,False,False,False,False,,,,,,,,,,,,,False,-0.5546418985534816,False,1.6487551898316781,,,False,False,False,False,False,False,False,False,,,,,,,,,,,,,False,-0.5546418985534816,False,1.6487551898316781,,,False,False,False,False,False,False,False,False,,,,,,,,,,,,,False,0.34640897309180474,False,1.5834897909510317,,,False,False,False,False,False,False,False,False,,,,,,,,,,,,,False,0.34640897309180474,False,1.5834897909510317,,,False,False,False,False,False,False,False,False,,,,,,,,,,,,,False,0.34640897309180474,False,1.5834897909510317,,,False,False,False,False,False,False,False,False,,,,,,,,,,,,,0.42893007964286334,1.3739626581930626,0.0,1.7321320056852922,7.150034791553729,False
pytest-dev/pytest,2026-03-30,40,20,3,0.15,20,14.533333333333331,16.948333333333334,0.4083333333333333,14.225,40,0,0.0,0,0,,7,7.113611111111111,5.114166666666667,7,8.0,1.0,1.0,10,1.0,1.0,,external,False,True,0.0227899174256327,2.7429882524634905,0.0227899174256327,False,False,0,external_evaluation,False,-0.5917564481020575,False,-0.05339718512522988,,,False,False,False,False,False,False,False,False,,,,,,,,,,,,,False,-0.5917564481020575,False,-0.05339718512522988,,,False,False,False,False,False,False,False,False,,,,,,,,,,,,,False,-0.5917564481020575,False,-0.05339718512522988,,,False,False,False,False,False,False,False,False,,,,,,,,,,,,,False,0.15669998160378362,False,-0.02738317185909203,,,False,False,False,False,False,False,False,False,,,,,,,,,,,,,False,0.15669998160378362,False,-0.02738317185909203,,,False,False,False,False,False,False,False,False,,,,,,,,,,,,,False,0.15669998160378362,False,-0.02738317185909203,,,False,False,False,False,False,False,False,False,,,,,,,,,,,,,0.3759198363379108,0.08431134493457498,0.0,1.2588338508910102,7.150034791553729,False
pytest-dev/pytest,2026-04-06,67,49,0,0.0,49,14.783333333333331,18.046666666666667,0.0666666666666666,14.75,67,0,0.0,0,0,,20,18.067083333333336,5.736944444444444,17,49.0,3.0,1.0,25,1.0,1.0,,external,False,True,0.0387561959261195,2.7589545309639774,0.0387561959261195,False,False,0,external_evaluation,False,-0.46431937095357484,False,-2.023472278429785,,,False,False,False,False,False,False,False,False,,,,,,,,,,,,,False,-0.46431937095357484,False,-2.023472278429785,,,False,False,False,False,False,False,False,False,,,,,,,,,,,,,False,-0.46431937095357484,False,-2.023472278429785,,,False,False,False,False,False,False,False,False,,,,,,,,,,,,,False,0.36232620608998295,False,-2.3100584809541735,,,False,False,False,False,False,False,False,False,,,,,,,,,,,,,False,0.36232620608998295,False,-2.3100584809541735,,,False,False,False,False,False,False,False,False,,,,,,,,,,,,,False,0.36232620608998295,False,-2.3100584809541735,,,False,False,False,False,False,False,False,False,,,,,,,,,,,,,0.6392837041717528,-1.6862268986914852,0.0,1.033975311484652,7.150034791553729,False
pytest-dev/pytest,2026-04-13,14,12,2,0.1666666666666666,12,14.15,15.873333333333331,0.05,13.991666666666667,13,1,0.0769230769230769,1,1,1.0,3,180.6208333333333,0.0844444444444444,3,25.0,4.0,6.0,7,1.0,1.0,,external,False,True,-0.0021978030824794,2.7180005319553784,-0.0021978030824794,False,False,0,external_evaluation,False,-1.07056028435421,False,0.294008792592362,,,False,False,False,False,False,False,False,False,,,,,,,,,,,,,False,-1.07056028435421,False,0.294008792592362,,,False,False,False,False,False,False,False,False,,,,,,,,,,,,,False,-1.07056028435421,False,0.294008792592362,,,False,False,False,False,False,False,False,False,,,,,,,,,,,,,False,-0.2525038403527993,False,0.28665857277755247,,,False,False,False,False,False,False,False,False,,,,,,,,,,,,,False,-0.2525038403527993,False,0.28665857277755247,,,False,False,False,False,False,False,False,False,,,,,,,,,,,,,False,-0.2525038403527993,False,0.28665857277755247,,,False,False,False,False,False,False,False,False,,,,,,,,,,,,,-0.03625277615702791,0.28103781644858095,2.8677009119811205,1.2950396223725775,7.150034791553729,False
pytest-dev/pytest,2026-04-20,37,28,2,0.0714285714285714,28,15.091666666666669,29.581666666666667,0.05,14.741666666666667,36,1,0.0277777777777777,1,0,0.0,14,13.879444444444443,5.469305555555556,12,12.0,1.0,1.0,21,1.0,1.0,,external,False,True,0.0581032046086109,2.7783015396464688,0.0581032046086109,False,False,0,external_evaluation,False,-0.22367460737816,False,-1.0599140506060782,,,False,False,False,False,False,False,False,False,,,,,,,,,,,,,False,-0.22367460737816,False,-1.0599140506060782,,,False,False,False,False,False,False,False,False,,,,,,,,,,,,,False,-0.22367460737816,False,-1.0599140506060782,,,False,False,False,False,False,False,False,False,,,,,,,,,,,,,False,0.4551416689542869,False,-1.1187981645286378,,,False,False,False,False,False,False,False,False,,,,,,,,,,,,,False,0.4551416689542869,False,-1.1187981645286378,,,False,False,False,False,False,False,False,False,,,,,,,,,,,,,False,0.4551416689542869,False,-1.1187981645286378,,,False,False,False,False,False,False,False,False,,,,,,,,,,,,,0.958412738372209,-0.8431134493457426,1.0355586626598465,1.4222162106327936,7.150034791553729,False
pytest-dev/pytest,2026-04-27,39,23,1,0.0434782608695652,23,14.85,18.756666666666668,0.1333333333333333,14.533333333333331,39,0,0.0,0,0,,10,57.00333333333333,12.649444444444445,9,17.5,2.0,1.5,11,1.0,1.0,,external,False,True,0.0429711652854316,2.763169500323289,0.0429711652854316,False,False,0,external_evaluation,False,-0.5938928983662205,False,-1.227167134298554,,,False,False,False,False,False,False,False,False,,,,,,,,,,,,,False,-0.5938928983662205,False,-1.227167134298554,,,False,False,False,False,False,False,False,False,,,,,,,,,,,,,False,-0.5938928983662205,False,-1.227167134298554,,,False,False,False,False,False,False,False,False,,,,,,,,,,,,,False,0.22551756651489802,False,-1.3256542693665485,,,False,False,False,False,False,False,False,False,,,,,,,,,,,,,False,0.22551756651489802,False,-1.3256542693665485,,,False,False,False,False,False,False,False,False,,,,,,,,,,,,,False,0.22551756651489802,False,-1.3256542693665485,,,False,False,False,False,False,False,False,False,,,,,,,,,,,,,0.7088096512004057,-1.1730274077853808,0.0,1.1113985923851066,7.150034791553729,False
pytest-dev/pytest,2026-05-04,44,33,3,0.0909090909090909,33,14.45,16.17666666666667,0.1666666666666666,14.133333333333333,43,1,0.0232558139534883,1,1,1.0,7,63.201388888888886,20.35,7,47.0,4.0,2.0,16,1.0,1.0,,external,False,True,0.0174106683058967,2.7376090033437546,0.0174106683058967,False,False,0,external_evaluation,False,-1.229584411259033,False,-0.15767316455296995,,,False,False,False,False,False,False,False,False,,,,,,,,,,,,,False,-1.229584411259033,False,-0.15767316455296995,,,False,False,False,False,False,False,False,False,,,,,,,,,,,,,False,-1.229584411259033,False,-0.15767316455296995,,,False,False,False,False,False,False,False,False,,,,,,,,,,,,,False,-0.18020437879969678,False,-0.7038164446712295,,,False,False,False,False,False,False,False,False,,,,,,,,,,,,,False,-0.18020437879969678,False,-0.7038164446712295,,,False,False,False,False,False,False,False,False,,,,,,,,,,,,,False,-0.18020437879969678,False,-0.7038164446712295,,,False,False,False,False,False,False,False,False,,,,,,,,,,,,,0.2871890870795744,-0.6131734177059943,0.8669793454826619,1.0130087401190258,7.150034791553729,False
pytest-dev/pytest,2026-05-11,55,37,4,0.1081081081081081,37,15.466666666666669,17.99,0.1333333333333333,14.95,55,0,0.0,0,0,,10,11.840833333333332,8.195833333333333,10,19.0,2.5,1.0,20,1.0,1.0,,external,False,True,0.0811398004879095,2.8013381355257674,0.0811398004879095,False,False,0,external_evaluation,False,0.4400035309619425,False,0.21533573233289943,,,False,False,False,False,False,False,False,False,,,,,,,,,,,,,False,0.4400035309619425,False,0.21533573233289943,,,False,False,False,False,False,False,False,False,,,,,,,,,,,,,False,0.4400035309619425,False,0.21533573233289943,,,False,False,False,False,False,False,False,False,,,,,,,,,,,,,False,0.7211780659383155,False,-0.3221914829397439,,,False,False,False,False,False,False,False,False,,,,,,,,,,,,,False,0.7211780659383155,False,-0.3221914829397439,,,False,False,False,False,False,False,False,False,,,,,,,,,,,,,False,0.7211780659383155,False,-0.3221914829397439,,,False,False,False,False,False,False,False,False,,,,,,,,,,,,,1.3384015374096456,-0.4101632996817121,0.0,1.011985062324804,7.150034791553729,False
pytest-dev/pytest,2026-05-18,106,86,16,0.1860465116279069,86,14.716666666666669,20.383333333333333,0.05,14.75,103,3,0.029126213592233,3,2,0.6666666666666666,24,184.97152777777777,8.368611111111111,24,24.5,2.0,2.0,17,1.0,1.0,,external,False,True,0.0345233853734989,2.7547217204113568,0.0345233853734989,False,False,0,external_evaluation,False,-0.4954698429280406,False,1.1911428383198577,,,False,False,False,False,False,False,False,False,,,,,,,,,,,,,False,-0.4954698429280406,False,1.1911428383198577,,,False,False,False,False,False,False,False,False,,,,,,,,,,,,,False,-0.4954698429280406,False,1.1911428383198577,,,False,False,False,False,False,False,False,False,,,,,,,,,,,,,False,0.1287046184533312,False,0.9885435167544847,,,False,False,False,False,False,False,False,False,,,,,,,,,,,,,False,0.1287046184533312,False,0.9885435167544847,,,False,False,False,False,False,False,False,False,,,,,,,,,,,,,False,0.1287046184533312,False,0.9885435167544847,,,False,False,False,False,False,False,False,False,,,,,,,,,,,,,0.5694634665432989,0.5097895275113792,1.0858285006530457,1.0617805950708123,7.150034791553729,False
pytest-dev/pytest,2026-05-25,92,71,14,0.1971830985915492,71,13.6,17.95,0.05,13.45,85,3,0.0352941176470588,7,3,1.0,16,7.795694444444445,1.3733333333333333,16,16.5,3.0,1.0,19,2.0,0.8594045368620038,,external,False,True,-0.0272617717456959,2.681021528714291,-0.0272617717456959,False,False,0,external_evaluation,False,-1.8533077457893408,False,1.0259859439925674,,,False,False,False,False,False,False,False,False,,,,,,,,,,,,,False,-1.8533077457893408,False,1.0259859439925674,,,False,False,False,False,False,False,False,False,,,,,,,,,,,,,False,-1.8533077457893408,False,1.0259859439925674,,,False,False,False,False,False,False,False,False,,,,,,,,,,,,,False,-0.6803985832266971,False,0.7360333946033638,,,False,False,False,False,False,False,False,False,,,,,,,,,,,,,False,-0.6803985832266971,False,0.7360333946033638,,,False,False,False,False,False,False,False,False,,,,,,,,,,,,,False,-0.6803985832266971,False,0.7360333946033638,,,False,False,False,False,False,False,False,False,,,,,,,,,,,,,-0.4496831024669222,0.6412412149953534,1.3157686537325137,0.9378294596423156,7.150034791553729,False
pytest-dev/pytest,2026-06-01,105,70,20,0.2857142857142857,70,14.45,18.613333333333333,0.0666666666666666,14.316666666666666,105,0,0.0,0,0,,14,19.833472222222223,12.544166666666666,14,10.0,1.5,1.0,30,1.0,1.0,,external,False,True,0.0174106683058967,2.7376090033437546,0.0174106683058967,False,False,0,external_evaluation,False,-0.6744907594765952,False,1.8535356455226948,,,False,False,False,False,False,False,False,False,,,,,,,,,,,,,False,-0.6744907594765952,False,1.8535356455226948,,,False,False,False,False,False,False,False,False,,,,,,,,,,,,,False,-0.6744907594765952,False,1.8535356455226948,,,False,False,False,False,False,False,False,False,,,,,,,,,,,,,False,-0.09303982951787228,False,1.8548495885606393,,,False,False,False,False,False,False,False,False,,,,,,,,,,,,,False,-0.09303982951787228,False,1.8548495885606393,,,False,False,False,False,False,False,False,False,,,,,,,,,,,,,False,-0.09303982951787228,False,1.8548495885606393,,,False,False,False,False,False,False,False,False,,,,,,,,,,,,,0.2871890870795744,1.6862268986914866,0.0,0.7130290827703257,7.150034791553729,False
pytest-dev/pytest,2026-06-08,75,52,3,0.0576923076923076,52,15.308333333333334,21.32333333333333,0.05,14.983333333333334,74,1,0.0135135135135135,1,0,0.0,13,22.505,10.280833333333334,12,85.0,2.0,1.0,18,1.0,1.0,,external,False,True,0.0714778895761725,2.7916762246140303,0.0714778895761725,False,False,0,external_evaluation,False,1.4565467019221192,False,-1.053642369833262,,,False,False,False,False,False,False,False,False,,,,,,,,,,,,,False,1.4565467019221192,False,-1.053642369833262,,,False,False,False,False,False,False,False,False,,,,,,,,,,,,,False,1.4565467019221192,False,-1.053642369833262,,,False,False,False,False,False,False,False,False,,,,,,,,,,,,,False,0.6270186331138805,False,-1.1426250803021345,,,False,False,False,False,False,False,False,False,,,,,,,,,,,,,False,0.6270186331138805,False,-1.1426250803021345,,,False,False,False,False,False,False,False,False,,,,,,,,,,,,,False,0.6270186331138805,False,-1.1426250803021345,,,False,False,False,False,False,False,False,False,,,,,,,,,,,,,1.179028254004657,-1.0052506511430015,0.5037852953480344,0.7670112538683748,7.150034791553729,False
pytest-dev/pytest,2026-06-15,60,40,0,0.0,40,16.2,27.416666666666668,0.15,15.866666666666667,57,3,0.0526315789473684,3,0,0.0,21,3.0994444444444444,1.4772222222222222,18,41.0,3.0,1.0,26,1.0,1.0,,external,False,True,0.1247110487815494,2.844909383819408,0.1247110487815494,False,False,0,external_evaluation,True,3.5547099474156734,False,-1.1282390885790317,,,True,False,False,False,False,False,False,False,,,,,,,,,,,,,True,3.5547099474156734,False,-1.1282390885790317,,,True,False,False,False,False,False,False,False,,,,,,,,,,,,,True,3.5547099474156734,False,-1.1282390885790317,,,True,False,False,False,False,False,False,False,,,,,,,,,,,,,False,1.3802552114807094,False,-1.8106865031187163,,,False,False,False,False,False,False,False,False,,,,,,,,,,,,,False,1.3802552114807094,False,-1.8106865031187163,,,False,False,False,False,False,False,False,False,,,,,,,,,,,,,False,1.3802552114807094,False,-1.8106865031187163,,,False,False,False,False,False,False,False,False,,,,,,,,,,,,,2.057109561738034,-1.6862268986914852,1.9621111503028716,1.6105087446439073,7.150034791553729,False
pytest-dev/pytest,2026-06-22,55,38,0,0.0,38,14.308333333333334,19.17,0.0666666666666666,14.108333333333334,54,1,0.0185185185185185,1,0,0.0,12,27.775694444444444,20.50138888888889,12,68.5,1.0,2.0,16,1.0,1.0,,external,False,True,0.008199007395222,2.72839734243308,0.008199007395222,False,False,0,external_evaluation,False,-1.037564614968815,False,-1.1282390885790317,False,0.24981139239873895,False,False,False,False,False,False,False,False,False,,,,False,,,,False,,,,False,-1.037564614968815,False,-1.1282390885790317,False,0.24981139239873895,False,False,False,False,False,False,False,False,False,,,,False,,,,False,,,,False,-1.037564614968815,False,-1.1282390885790317,False,0.24981139239873895,False,False,False,False,False,False,False,False,False,,,,False,,,,False,,,,False,-0.4603695012970537,False,-1.3809104410471702,,,False,False,False,False,False,False,False,False,,,,,,,,,,,,,False,-0.4603695012970537,False,-1.3809104410471702,,,False,False,False,False,False,False,False,False,,,,,,,,,,,,,False,-0.4603695012970537,False,-1.3809104410471702,,,False,False,False,False,False,False,False,False,,,,,,,,,,,,,0.135242680374021,-1.6862268986914852,0.6903724417732322,1.2864338907584134,7.150034791553729,False
pytest-dev/pytest,2026-06-29,36,22,0,0.0,22,14.941666666666666,20.843333333333334,0.175,14.641666666666667,35,1,0.0285714285714285,1,0,0.0,5,0.72,0.7180555555555556,5,16.0,1.0,1.0,16,1.0,1.0,,external,False,True,0.0487378916203491,2.768936226658207,0.0487378916203491,False,False,0,external_evaluation,False,0.4065999411796278,False,-0.8093889113719147,False,0.3661521265730073,False,False,False,False,False,False,False,False,False,False,,,False,False,,,False,False,,,False,0.4065999411796278,False,-0.8093889113719147,False,0.3661521265730073,False,False,False,False,False,False,False,False,False,False,,,False,False,,,False,False,,,False,0.4065999411796278,False,-0.8093889113719147,False,0.3661521265730073,False,False,False,False,False,False,False,False,False,False,,,False,False,,,False,False,,,False,0.19583134052929213,False,-1.3040347587764276,False,2.370353240446329,False,False,False,False,False,False,False,False,False,,,,False,,,,False,,,,False,0.19583134052929213,False,-1.3040347587764276,False,2.370353240446329,False,False,False,False,False,False,False,False,False,,,,False,,,,False,,,,False,0.19583134052929213,False,-1.3040347587764276,False,2.370353240446329,False,False,False,False,False,False,False,False,False,,,,False,,,,False,,,,0.8039318396463133,-1.6862268986914852,1.0651460530215568,1.3774957695140082,7.150034791553729,False
pytest-dev/pytest,2026-07-06,29,23,12,0.5217391304347826,23,15.033333333333331,20.543333333333333,0.05,15.133333333333333,27,2,0.074074074074074,2,0,0.0,5,26.12861111111112,0.0666666666666666,3,8.0,3.0,1.0,16,1.0,1.0,,external,False,True,0.0544715534057478,2.7746698884436056,0.0544715534057478,False,False,0,external_evaluation,False,0.4965847455482127,True,4.252224353222015,True,2.8472821201810694,False,False,False,False,True,False,False,False,True,False,False,,True,False,False,,True,False,False,,False,0.4965847455482127,True,4.252224353222015,False,2.8472821201810694,False,False,False,False,True,False,False,False,False,False,False,,True,False,False,,False,False,False,,False,0.4965847455482127,True,4.252224353222015,False,2.8472821201810694,False,False,False,False,True,False,False,False,False,False,False,,True,False,False,,False,False,False,,False,0.2374583057207106,True,3.7489673671748154,True,3.1435416587274068,False,False,False,False,True,False,False,False,True,False,,,True,False,,,True,False,,,False,0.2374583057207106,True,3.7489673671748154,True,3.1435416587274068,False,False,False,False,True,False,False,False,True,False,,,True,False,,,True,False,,,False,0.2374583057207106,True,3.7489673671748154,False,3.1435416587274068,False,False,False,False,True,False,False,False,False,False,,,True,False,,,False,False,,,0.8985086281326005,4.4721669921817675,2.761489767092929,2.2826255362857,7.150034791553729,False
pytest-dev/pytest,2026-07-13,61,41,8,0.1951219512195122,41,14.833333333333334,27.566666666666663,0.05,14.8,59,2,0.0338983050847457,2,0,0.0,3,9.287222222222224,9.246944444444445,3,4.0,2.0,1.0,23,1.0,1.0,,external,False,True,0.041919087334628,2.762117422372486,0.041919087334628,False,False,0,external_evaluation,False,-0.027762247996752882,False,0.7731967242780483,False,0.2894112893026268,False,False,False,False,False,False,False,False,False,False,False,False,False,False,False,False,False,False,False,False,False,-0.027762247996752882,False,0.7731967242780483,False,0.2894112893026268,False,False,False,False,False,False,False,False,False,False,False,False,False,False,False,False,False,False,False,False,False,-0.027762247996752882,False,0.7731967242780483,False,0.2894112893026268,False,False,False,False,False,False,False,False,False,False,False,False,False,False,False,False,False,False,False,False,False,-0.07416423319156516,False,0.7921047935447602,False,0.7530860810257733,False,False,False,False,False,False,False,False,False,False,False,,False,False,False,,False,False,False,,False,-0.07416423319156516,False,0.7921047935447602,False,0.7530860810257733,False,False,False,False,False,False,False,False,False,False,False,,False,False,False,,False,False,False,,False,-0.07416423319156516,False,0.7921047935447602,False,0.7530860810257733,False,False,False,False,False,False,False,False,False,False,False,,False,False,False,,False,False,False,,0.6914556185510384,0.616912280009081,1.263732605279814,2.292411402288532,7.150034791553729,False
pytest-dev/pytest,2026-07-20,193,134,19,0.1417910447761194,134,18.616666666666667,44.11500000000001,0.0666666666666666,18.475,189,4,0.0211640211640211,4,3,0.75,31,40.88166666666667,10.110277777777778,31,48.0,3.0,2.0,44,1.0,1.0,,external,False,True,0.2561812100003182,2.976379545038176,0.2561812100003182,False,False,0,external_evaluation,True,5.626189706050051,False,0.37751348478167646,False,-0.48177911391185574,True,False,False,False,False,False,False,False,False,False,False,False,True,False,False,False,False,False,False,False,True,5.626189706050051,False,0.37751348478167646,False,-0.48177911391185574,True,False,False,False,False,False,False,False,False,False,False,False,True,False,False,False,False,False,False,False,True,5.626189706050051,False,0.37751348478167646,False,-0.48177911391185574,True,False,False,False,False,False,False,False,False,False,False,False,True,False,False,False,False,False,False,False,True,4.452073904598273,False,0.15565153205193683,False,0.008940230979807038,True,False,False,False,False,False,False,False,False,False,False,False,True,False,False,False,False,False,False,False,True,4.452073904598273,False,0.15565153205193683,False,0.008940230979807038,True,False,False,False,False,False,False,False,False,False,False,False,True,False,False,False,False,False,False,False,True,4.452073904598273,False,0.15565153205193683,False,0.008940230979807038,True,False,False,False,False,False,False,False,False,False,False,False,True,False,False,False,False,False,False,False,4.225710727141609,-0.0125837828260552,0.7889970763122638,3.5647278956581836,7.150034791553729,False
pytest-dev/pytest,2026-07-27,112,85,14,0.1647058823529411,85,18.08333333333333,49.21333333333334,0.1166666666666666,18.05,110,2,0.0181818181818181,2,0,0.0,16,73.61833333333334,5.464444444444444,16,68.5,1.0,1.5,40,1.0,1.0,,external,False,True,0.2286170187283813,2.948815353766239,0.2286170187283813,False,False,0,external_evaluation,True,4.898825432958944,False,0.4387195688645441,False,-0.3215753923969223,True,True,False,False,False,False,False,False,False,False,False,False,True,True,False,False,False,False,False,False,True,4.898825432958944,False,0.4387195688645441,False,-0.3215753923969223,True,True,False,False,False,False,False,False,False,False,False,False,True,True,False,False,False,False,False,False,True,4.898825432958944,False,0.4387195688645441,False,-0.3215753923969223,True,True,False,False,False,False,False,False,False,False,False,False,True,True,False,False,False,False,False,False,True,3.8139321117722003,False,0.3902398387938717,False,-0.12232894610300848,True,True,False,False,False,False,False,False,False,False,False,False,True,True,False,False,False,False,False,False,True,3.8139321117722003,False,0.3902398387938717,False,-0.12232894610300848,True,True,False,False,False,False,False,False,False,False,False,False,True,True,False,False,False,False,False,False,True,3.8139321117722003,False,0.3902398387938717,False,-0.12232894610300848,True,True,False,False,False,False,False,False,False,False,False,False,True,True,False,False,False,False,False,False,3.7710392126200634,0.257893525682227,0.6778202155591712,4.907911467847435,7.150034791553729,False
pytest-dev/pytest,2026-08-03,31,28,4,0.1428571428571428,28,18.691666666666663,23.688333333333336,0.05,18.65833333333333,29,2,0.0689655172413793,2,0,0.0,11,91.26944444444445,9.494444444444444,11,21.0,2.0,1.0,8,1.0,1.0,,external,False,True,0.259997199367004,2.980195534404862,0.259997199367004,False,False,0,external_evaluation,True,4.548518376437277,False,0.012981524511476227,True,3.164629614540934,True,True,True,False,False,False,False,False,True,False,False,False,True,True,True,False,True,False,False,False,True,4.548518376437277,False,0.012981524511476227,True,3.164629614540934,True,True,True,False,False,False,False,False,True,False,False,False,True,True,True,False,True,False,False,False,True,4.548518376437277,False,0.012981524511476227,False,3.164629614540934,True,True,True,False,False,False,False,False,False,False,False,False,True,True,True,False,False,False,False,False,True,4.308491311138758,False,0.17577704142497527,False,1.4199161188370186,True,True,True,False,False,False,False,False,False,False,False,False,True,True,True,False,False,False,False,False,True,4.308491311138758,False,0.17577704142497527,False,1.4199161188370186,True,True,True,False,False,False,False,False,False,False,False,False,True,True,True,False,False,False,False,False,True,4.308491311138758,False,0.17577704142497527,False,1.4199161188370186,True,True,True,False,False,False,False,False,False,False,False,False,True,True,True,False,False,False,False,False,4.288655496593836,0.0,2.571042196948591,7.66182260708651,7.150034791553729,True
tektoncd/pipeline,2025-06-23,45,36,5,0.1388888888888889,36,5.699999999999999,30.23333333333333,0.05,4.941666666666666,36,9,0.25,9,1,0.1111111111111111,4,68.29916666666666,18.910694444444445,4,13.0,3.0,1.0,7,4.0,0.2503703703703703,,train,False,False,-0.0590063052536681,1.9021075263969205,-0.0590063052536681,False,False,0,train,,,,,,,,,,,,,,,,,,,,,,,,,,,,,,,,,,,,,,,,,,,,,,,,,,,,,,,,,,,,,,,,,,,,,,,,,,,,,,,,,,,,,,,,,,,,,,,,,,,,,,,,,,,,,,,,,,,,,,,,,,,,,,,,,,,,,,,,,,,,,,,,,,,,,,,,,,,,,-0.9951453331048437,-0.33626683558690224,1.8550006710883113,0.13764109958952345,7.150034791553729,False
tektoncd/pipeline,2025-06-30,56,56,4,0.0714285714285714,56,4.908333333333333,31.3,0.0333333333333333,4.841666666666667,53,3,0.0566037735849056,3,3,1.0,7,15.945277777777775,85.55277777777778,2,10.0,4.0,1.0,11,4.0,0.2557397959183673,,train,False,False,-0.0939077132995987,1.7763637837500814,-0.0939077132995987,False,False,0,train,,,,,,,,,,,,,,,,,,,,,,,,,,,,,,,,,,,,,,,,,,,,,,,,,,,,,,,,,,,,,,,,,,,,,,,,,,,,,,,,,,,,,,,,,,,,,,,,,,,,,,,,,,,,,,,,,,,,,,,,,,,,,,,,,,,,,,,,,,,,,,,,,,,,,,,,,,,,,-1.6469657043773285,-1.1590397250889994,-0.713827418736989,0.023726665275829003,7.150034791553729,False
tektoncd/pipeline,2025-07-07,140,108,24,0.2222222222222222,108,0.7083333333333333,37.55833333333333,0.05,0.6416666666666666,109,30,0.2752293577981651,31,0,0.0,7,12.718055555555557,11.328611111111112,7,10.0,3.0,1.0,15,4.0,0.2509183673469387,,train,False,False,-0.0241027519576362,0.5355182363563621,-0.0241027519576362,False,False,0,train,,,,,,,,,,,,,,,,,,,,,,,,,,,,,,,,,,,,,,,,,,,,,,,,,,,,,,,,,,,,,,,,,,,,,,,,,,,,,,,,,,,,,,,,,,,,,,,,,,,,,,,,,,,,,,,,,,,,,,,,,,,,,,,,,,,,,,,,,,,,,,,,,,,,,,,,,,,,,-0.34328489703853565,0.6800996749745113,2.190115188064849,0.3150023892379065,7.150034791553729,False
tektoncd/pipeline,2025-07-14,211,186,31,0.1666666666666666,186,1.2333333333333334,37.91666666666666,0.05,0.6666666666666666,185,25,0.1351351351351351,26,2,0.08,10,61.79944444444445,61.11277777777778,9,36.5,3.5,1.0,12,4.0,0.2533860425417218,,train,False,False,-0.0254444576320369,0.8034952377288107,-0.0254444576320369,False,False,0,train,,,,,,,,,,,,,,,,,,,,,,,,,,,,,,,,,,,,,,,,,,,,,,,,,,,,,,,,,,,,,,,,,,,,,,,,,,,,,,,,,,,,,,,,,,,,,,,,,,,,,,,,,,,,,,,,,,,,,,,,,,,,,,,,,,,,,,,,,,,,,,,,,,,,,,,,,,,,,-0.3683426565901085,0.0025220012669014565,0.32928273507473466,0.2650778707232821,7.150034791553729,False
tektoncd/pipeline,2025-07-21,274,246,42,0.1707317073170731,246,0.7416666666666667,33.06666666666666,0.05,0.5,255,19,0.0745098039215686,19,10,0.5263157894736842,16,26.495555555555555,35.66638888888889,9,17.0,2.0,1.0,22,4.0,0.2696201182801428,,train,False,False,-0.0622892177842044,0.554842509182765,-0.0622892177842044,False,False,0,train,,,,,,,,,,,,,,,,,,,,,,,,,,,,,,,,,,,,,,,,,,,,,,,,,,,,,,,,,,,,,,,,,,,,,,,,,,,,,,,,,,,,,,,,,,,,,,,,,,,,,,,,,,,,,,,,,,,,,,,,,,,,,,,,,,,,,,,,,,,,,,,,,,,,,,,,,,,,,-1.056457165042775,0.05210085544062889,-0.47598661615918947,0.10029153366850203,7.150034791553729,False
tektoncd/pipeline,2025-07-28,312,284,55,0.1936619718309859,284,1.55,33.995000000000005,0.05,0.5333333333333333,294,15,0.0510204081632653,18,8,0.5333333333333333,14,56.92180555555555,21.0275,13,74.5,3.5,1.0,14,4.0,0.2553007889546351,,train,False,False,-0.0494630860139205,0.9360933591703348,-0.0494630860139205,False,False,0,train,,,,,,,,,,,,,,,,,,,,,,,,,,,,,,,,,,,,,,,,,,,,,,,,,,,,,,,,,,,,,,,,,,,,,,,,,,,,,,,,,,,,,,,,,,,,,,,,,,,,,,,,,,,,,,,,,,,,,,,,,,,,,,,,,,,,,,,,,,,,,,,,,,,,,,,,,,,,,-0.8169157126895066,0.33176749060369815,-0.7879897030624573,0.009934140696977262,7.150034791553729,False
tektoncd/pipeline,2025-08-04,104,94,21,0.2234042553191489,94,2.575,36.81333333333333,0.05,9.341666666666669,84,16,0.1904761904761904,20,6,0.375,5,1.4797222222222222,1.4622222222222223,3,8.0,4.0,1.0,16,4.0,0.2688609467455621,,train,False,False,-0.0591037284912836,1.273965176145971,-0.0591037284912836,False,False,0,train,,,,,,,,,,,,,,,,,,,,,,,,,,,,,,,,,,,,,,,,,,,,,,,,,,,,,,,,,,,,,,,,,,,,,,,,,,,,,,,,,,,,,,,,,,,,,,,,,,,,,,,,,,,,,,,,,,,,,,,,,,,,,,,,,,,,,,,,,,,,,,,,,,,,,,,,,,,,,-0.9969648141650211,0.694516221223609,1.0643625249748327,0.10972887522892269,7.150034791553729,False
tektoncd/pipeline,2025-08-11,180,151,21,0.1390728476821192,151,9.416666666666666,41.88333333333333,0.0833333333333333,0.75,153,23,0.1503267973856209,27,11,0.4782608695652174,14,113.10847222222222,15.00388888888889,13,14.0,2.0,1.0,12,4.0,0.2561111111111111,,train,False,False,-0.0195107093031107,2.3434070875143007,-0.0195107093031107,False,False,0,train,,,,,,,,,,,,,,,,,,,,,,,,,,,,,,,,,,,,,,,,,,,,,,,,,,,,,,,,,,,,,,,,,,,,,,,,,,,,,,,,,,,,,,,,,,,,,,,,,,,,,,,,,,,,,,,,,,,,,,,,,,,,,,,,,,,,,,,,,,,,,,,,,,,,,,,,,,,,,-0.2575236880915259,-0.33402320090575144,0.5310693440669191,0.11795174861159974,7.150034791553729,False
tektoncd/pipeline,2025-08-18,175,162,33,0.2037037037037037,162,9.083333333333334,36.75833333333334,0.0333333333333333,9.033333333333331,152,21,0.1381578947368421,23,12,0.5714285714285714,13,28.29861111111111,28.230833333333333,13,24.0,2.0,1.0,11,4.0,0.2590367346938775,,train,False,False,-0.0611341286684152,2.310883895808741,-0.0611341286684152,False,False,0,train,,,,,,,,,,,,,,,,,,,,,,,,,,,,,,,,,,,,,,,,,,,,,,,,,,,,,,,,,,,,,,,,,,,,,,,,,,,,,,,,,,,,,,,,,,,,,,,,,,,,,,,,,,,,,,,,,,,,,,,,,,,,,,,,,,,,,,,,,,,,,,,,,,,,,,,,,,,,,-1.0348846652938914,0.4542404504053082,0.36943320707509236,0.13815111474916614,7.150034791553729,False
tektoncd/pipeline,2025-08-25,88,77,25,0.3246753246753247,77,9.133333333333333,42.64666666666669,0.0333333333333333,9.1,68,11,0.1617647058823529,20,2,0.1818181818181818,4,163.26097222222222,24.519861111111112,4,138.5,4.0,1.0,9,4.0,0.2729855371900826,,train,False,False,-0.0262140182105537,2.3158303197440664,-0.0262140182105537,False,False,0,train,,,,,,,,,,,,,,,,,,,,,,,,,,,,,,,,,,,,,,,,,,,,,,,,,,,,,,,,,,,,,,,,,,,,,,,,,,,,,,,,,,,,,,,,,,,,,,,,,,,,,,,,,,,,,,,,,,,,,,,,,,,,,,,,,,,,,,,,,,,,,,,,,,,,,,,,,,,,,-0.3827150068788236,1.9296585018119206,0.6829958897906848,0.41796822878050366,7.150034791553729,False
tektoncd/pipeline,2025-09-01,276,250,72,0.288,250,7.825000000000001,41.80166666666666,0.0333333333333333,7.774999999999999,232,28,0.1206896551724138,44,7,0.25,6,26.207083333333333,4.191805555555556,4,649.0,2.0,1.0,21,4.0,0.2672495274102079,,train,False,False,-0.0014255566659763,2.1775886028193607,-0.0014255566659763,False,False,0,train,,,,,,,,,,,,,,,,,,,,,,,,,,,,,,,,,,,,,,,,,,,,,,,,,,,,,,,,,,,,,,,,,,,,,,,,,,,,,,,,,,,,,,,,,,,,,,,,,,,,,,,,,,,,,,,,,,,,,,,,,,,,,,,,,,,,,,,,,,,,,,,,,,,,,,,,,,,,,0.08023549030445798,1.4823516406443205,0.1374074571176528,0.6106338394509276,7.150034791553729,False
tektoncd/pipeline,2025-09-08,88,75,31,0.4133333333333333,75,27.28333333333333,50.83666666666669,0.0333333333333333,10.55,55,16,0.2909090909090909,33,3,0.1875,6,60.97708333333333,73.0638888888889,4,12.5,2.0,1.0,8,4.0,0.3207644628099173,,train,False,False,-0.0044072165360751,3.3422727030121258,-0.0044072165360751,False,False,0,train,,,,,,,,,,,,,,,,,,,,,,,,,,,,,,,,,,,,,,,,,,,,,,,,,,,,,,,,,,,,,,,,,,,,,,,,,,,,,,,,,,,,,,,,,,,,,,,,,,,,,,,,,,,,,,,,,,,,,,,,,,,,,,,,,,,,,,,,,,,,,,,,,,,,,,,,,,,,,0.024549867507280432,3.010966872528686,2.3983847060535743,1.9272734003833294,7.150034791553729,False
tektoncd/pipeline,2025-09-15,79,69,19,0.2753623188405797,69,9.266666666666667,39.57333333333334,0.0333333333333333,9.166666666666666,63,8,0.1269841269841269,16,3,0.375,1,174.07083333333333,,0,3.0,1.0,1.0,6,4.0,0.2683864765261977,,train,False,False,-0.0070362382147699,2.328902401311419,-0.0070362382147699,False,False,0,train,,,,,,,,,,,,,,,,,,,,,,,,,,,,,,,,,,,,,,,,,,,,,,,,,,,,,,,,,,,,,,,,,,,,,,,,,,,,,,,,,,,,,,,,,,,,,,,,,,,,,,,,,,,,,,,,,,,,,,,,,,,,,,,,,,,,,,,,,,,,,,,,,,,,,,,,,,,,,-0.024549867507280446,1.328217449825268,0.22101516912045607,1.8524051549397327,7.150034791553729,False
tektoncd/pipeline,2025-09-22,66,60,28,0.4666666666666667,60,17.708333333333332,49.84,0.0333333333333333,10.325,41,9,0.2195121951219512,25,1,0.1111111111111111,0,,,0,,,,3,4.0,0.3365472910927456,,train,False,False,0.0147167076372001,2.928969057394309,0.0147167076372001,False,False,0,train,False,1.187462508022873,True,2.7442942817262153,False,1.0488247577256193,False,,,,True,,,,False,,,,True,,,,False,,,,False,1.187462508022873,False,2.7442942817262153,False,1.0488247577256193,False,,,,False,,,,False,,,,False,,,,False,,,,False,1.187462508022873,False,2.7442942817262153,False,1.0488247577256193,False,,,,False,,,,False,,,,False,,,,False,,,,,,,,,,,,,,,,,,,,,,,,,,,,,,,,,,,,,,,,,,,,,,,,,,,,,,,,,,,,,,,,,,,,,,,,,,,,,,,,,,0.3817091929535933,3.6614414392879913,1.4500396694204323,3.5074181543126293,7.150034791553729,False
tektoncd/pipeline,2025-09-29,189,178,51,0.2865168539325842,169,1.2166666666666666,44.52666666666667,0.05,0.4666666666666667,164,20,0.1219512195121951,25,6,0.3,4,344.4780555555556,6.462083333333334,4,21.0,1.5,1.0,11,7.0,0.2099325326838553,,train,False,False,-0.0800354060707265,0.796004565999653,-0.0800354060707265,False,False,0,train,False,-1.5330221895906528,False,0.7805904295066198,False,-0.20893747639109975,False,False,,,False,False,,,False,False,,,False,False,,,False,False,,,False,-1.5330221895906528,False,0.7805904295066198,False,-0.20893747639109975,False,False,,,False,False,,,False,False,,,False,False,,,False,False,,,False,-1.5330221895906528,False,0.7805904295066198,False,-0.20893747639109975,False,False,,,False,False,,,False,False,,,False,False,,,False,False,,,,,,,,,,,,,,,,,,,,,,,,,,,,,,,,,,,,,,,,,,,,,,,,,,,,,,,,,,,,,,,,,,,,,,,,,,,,,,,,,-1.3878858289628535,1.464262600726013,0.1541644640832199,3.1617228832668154,7.150034791553729,False
tektoncd/pipeline,2025-10-06,498,459,101,0.2200435729847494,459,2.15,42.97666666666666,0.05,0.2666666666666666,435,40,0.0919540229885057,63,16,0.4,14,128.0963888888889,8.947222222222223,11,20.0,2.5,1.0,11,6.0,0.2427460847405686,,train,False,False,-0.1051032886952468,1.1474024528375415,-0.1051032886952468,False,False,0,train,False,-2.2369780908625168,False,-0.039951454299063056,False,-1.3201310568463176,False,False,False,,False,False,False,,False,False,False,,False,False,False,,False,False,False,,False,-2.2369780908625168,False,-0.039951454299063056,False,-1.3201310568463176,False,False,False,,False,False,False,,False,False,False,,False,False,False,,False,False,False,,False,-2.2369780908625168,False,-0.039951454299063056,False,-1.3201310568463176,False,False,False,,False,False,False,,False,False,False,,False,False,False,,False,False,False,,,,,,,,,,,,,,,,,,,,,,,,,,,,,,,,,,,,,,,,,,,,,,,,,,,,,,,,,,,,,,,,,,,,,,,,,,,,,,,,-1.856054807642069,0.6535280014957812,-0.24427992376471647,2.332922393446194,7.150034791553729,False
tektoncd/pipeline,2025-10-13,310,302,58,0.1920529801324503,302,0.5833333333333334,38.7266666666667,0.05,0.25,279,16,0.057347670250896,31,5,0.3125,4,361.18347222222224,19.409444444444446,4,106.0,11.0,1.0,8,5.0,0.269573361082206,,train,False,False,-0.1848584687060838,0.4595323293784402,-0.1848584687060838,False,False,0,train,False,-4.31669451164003,False,-0.37270081287303547,False,-1.970250544613492,False,False,False,False,False,False,False,False,False,False,False,False,False,False,False,False,False,False,False,False,False,-4.31669451164003,False,-0.37270081287303547,False,-1.970250544613492,False,False,False,False,False,False,False,False,False,False,False,False,False,False,False,False,False,False,False,False,False,-4.31669451164003,False,-0.37270081287303547,False,-1.970250544613492,False,False,False,False,False,False,False,False,False,False,False,False,False,False,False,False,False,False,False,False,,,,,,,,,,,,,,,,,,,,,,,,,,,,,,,,,,,,,,,,,,,,,,,,,,,,,,,,,,,,,,,,,,,,,,,,,,,,,,,-3.3455663762628385,0.3121435872657433,-0.7039464469778917,1.5489648951478052,7.150034791553729,False
tektoncd/pipeline,2025-10-20,475,439,49,0.1116173120728929,438,1.3583333333333334,35.76833333333334,0.15,0.2833333333333333,449,20,0.0445434298440979,26,7,0.35,12,103.19180555555556,14.543333333333331,11,5.0,1.0,1.0,12,6.0,0.2156808864265928,,train,False,False,-0.0891497086738984,0.8579551548611917,-0.0891497086738984,False,False,0,train,False,-0.8755717658735687,False,-1.4314716699629344,False,-1.5873629274040661,False,False,False,False,False,False,False,False,False,False,False,False,False,False,False,False,False,False,False,False,False,-0.8755717658735687,False,-1.4314716699629344,False,-1.5873629274040661,False,False,False,False,False,False,False,False,False,False,False,False,False,False,False,False,False,False,False,False,False,-0.8755717658735687,False,-1.4314716699629344,False,-1.5873629274040661,False,False,False,False,False,False,False,False,False,False,False,False,False,False,False,False,False,False,False,False,,,,,,,,,,,,,,,,,,,,,,,,,,,,,,,,,,,,,,,,,,,,,,,,,,,,,,,,,,,,,,,,,,,,,,,,,,,,,,,-1.5581049816936263,-0.6688818439786791,-0.8740215980579435,0.7072104875729636,7.150034791553729,False
tektoncd/pipeline,2025-10-27,684,639,96,0.1502347417840375,637,2.966666666666667,35.32,0.0833333333333333,0.45,629,34,0.054054054054054,55,17,0.5,17,22.411666666666665,69.24666666666667,9,68.0,4.0,1.0,19,6.0,0.2078887520946615,,train,False,False,-0.1273815500840247,1.377926111449374,-0.1273815500840247,False,False,0,train,False,-1.3242569028403093,False,-0.7819700319600578,False,-1.4042396301603113,False,False,False,False,False,False,False,False,False,False,False,False,False,False,False,False,False,False,False,False,False,-1.3242569028403093,False,-0.7819700319600578,False,-1.4042396301603113,False,False,False,False,False,False,False,False,False,False,False,False,False,False,False,False,False,False,False,False,False,-1.3242569028403093,False,-0.7819700319600578,False,-1.4042396301603113,False,False,False,False,False,False,False,False,False,False,False,False,False,False,False,False,False,False,False,False,,,,,,,,,,,,,,,,,,,,,,,,,,,,,,,,,,,,,,,,,,,,,,,,,,,,,,,,,,,,,,,,,,,,,,,,,,,,,,,-2.2721246862735653,-0.19788829659027857,-0.7476946315230838,0.4003504440811441,7.150034791553729,False
tektoncd/pipeline,2025-11-03,239,210,67,0.319047619047619,183,0.5333333333333333,39.81,0.05,0.4666666666666667,208,16,0.0769230769230769,31,7,0.4375,7,40.60777777777778,4.642222222222222,4,42.0,1.0,1.0,8,6.0,0.2394390854501847,,train,False,False,-0.1419147196534744,0.4274440148269396,-0.1419147196534744,False,False,0,train,False,-1.214256137978975,False,0.9986813428475844,False,-0.9639056646847015,False,False,False,False,False,False,False,False,False,False,False,False,False,False,False,False,False,False,False,False,False,-1.214256137978975,False,0.9986813428475844,False,-0.9639056646847015,False,False,False,False,False,False,False,False,False,False,False,False,False,False,False,False,False,False,False,False,False,-1.214256137978975,False,0.9986813428475844,False,-0.9639056646847015,False,False,False,False,False,False,False,False,False,False,False,False,False,False,False,False,False,False,False,False,,,,,,,,,,,,,,,,,,,,,,,,,,,,,,,,,,,,,,,,,,,,,,,,,,,,,,,,,,,,,,,,,,,,,,,,,,,,,,,-2.543546858469544,1.8610207634363443,-0.44393178453395515,0.771569290907085,7.150034791553729,False
tektoncd/pipeline,2025-11-10,292,283,130,0.4593639575971731,229,5.316666666666666,42.14333333333334,0.05,0.8333333333333334,237,18,0.0759493670886076,55,5,0.2777777777777778,2,58.97833333333334,40.39652777777778,2,2.0,1.0,1.0,10,6.0,0.2632060424094577,,train,False,False,0.0092871168614948,1.8431916428603257,0.0092871168614948,False,False,0,train,False,0.8780098259368665,False,1.7319258100762018,False,-0.7793294988045234,False,False,False,False,False,False,False,False,False,False,False,False,False,False,False,False,False,False,False,False,False,0.8780098259368665,False,1.7319258100762018,False,-0.7793294988045234,False,False,False,False,False,False,False,False,False,False,False,False,False,False,False,False,False,False,False,False,False,0.8780098259368665,False,1.7319258100762018,False,-0.7793294988045234,False,False,False,False,False,False,False,False,False,False,False,False,False,False,False,False,False,False,False,False,,,,,,,,,,,,,,,,,,,,,,,,,,,,,,,,,,,,,,,,,,,,,,,,,,,,,,,,,,,,,,,,,,,,,,,,,,,,,,,0.28030589510897985,3.5723746920727146,-0.4568653004586933,2.00841920408701,7.150034791553729,False
tektoncd/pipeline,2025-11-17,285,228,50,0.219298245614035,227,0.7333333333333333,38.223333333333336,0.05,0.6666666666666666,211,61,0.2890995260663507,74,11,0.180327868852459,11,182.85083333333333,15.101388888888888,6,10.0,1.0,1.0,6,6.0,0.1918990458602646,,train,False,False,-0.0191365640834815,0.5500463369192718,-0.0191365640834815,False,False,0,train,False,0.4993567985328438,False,-0.5474774241824049,True,2.595379996934712,False,False,False,False,False,False,False,False,True,False,False,False,True,False,False,False,False,False,False,False,False,0.4993567985328438,False,-0.5474774241824049,False,2.595379996934712,False,False,False,False,False,False,False,False,False,False,False,False,False,False,False,False,False,False,False,False,False,0.4993567985328438,False,-0.5474774241824049,False,2.595379996934712,False,False,False,False,False,False,False,False,False,False,False,False,False,False,False,False,False,False,False,False,,,,,,,,,,,,,,,,,,,,,,,,,,,,,,,,,,,,,,,,,,,,,,,,,,,,,,,,,,,,,,,,,,,,,,,,,,,,,,,-0.25053613401784536,0.644437692147794,2.3743487613789656,1.673252027616355,7.150034791553729,False
tektoncd/pipeline,2025-11-24,713,688,168,0.2441860465116279,683,4.516666666666667,38.31,0.05,0.6333333333333333,584,46,0.0787671232876712,129,30,0.6521739130434783,16,47.01805555555556,10.280833333333334,14,6.0,2.0,1.0,24,7.0,0.2559971202020579,,train,False,False,0.0294064009592525,1.7077738131549622,0.0294064009592525,False,False,0,train,False,0.9165598212890704,False,-0.42475944029235957,False,-0.6320111376385276,False,False,False,False,False,False,False,False,False,False,False,False,False,False,False,False,False,False,False,False,False,0.9165598212890704,False,-0.42475944029235957,False,-0.6320111376385276,False,False,False,False,False,False,False,False,False,False,False,False,False,False,False,False,False,False,False,False,False,0.9165598212890704,False,-0.42475944029235957,False,-0.6320111376385276,False,False,False,False,False,False,False,False,False,False,False,False,False,False,False,False,False,False,False,False,,,,,,,,,,,,,,,,,,,,,,,,,,,,,,,,,,,,,,,,,,,,,,,,,,,,,,,,,,,,,,,,,,,,,,,,,,,,,,,0.6560546102633558,0.9479792203937986,-0.41943783142991287,1.459165226269223,7.150034791553729,False
tektoncd/pipeline,2025-12-01,446,403,67,0.1662531017369727,395,0.75,36.10333333333334,0.05,0.6333333333333333,385,50,0.1298701298701298,61,8,0.16,15,45.69055555555556,1.8670833333333328,12,8.0,1.0,1.0,23,6.0,0.2620704216855355,,train,False,False,-0.0001564856166249,0.5596157879354227,-0.0001564856166249,False,False,0,train,False,0.26372281810073916,False,-1.3126616471966288,False,0.738999105767909,False,False,False,False,False,False,False,False,False,False,False,False,False,False,False,False,False,False,False,False,False,0.26372281810073916,False,-1.3126616471966288,False,0.738999105767909,False,False,False,False,False,False,False,False,False,False,False,False,False,False,False,False,False,False,False,False,False,0.26372281810073916,False,-1.3126616471966288,False,0.738999105767909,False,False,False,False,False,False,False,False,False,False,False,False,False,False,False,False,False,False,False,False,,,,,,,,,,,,,,,,,,,,,,,,,,,,,,,,,,,,,,,,,,,,,,,,,,,,,,,,,,,,,,,,,,,,,,,,,,,,,,,0.10393672211352366,-0.0025220012669014565,0.25934913984110985,0.947287361418908,7.150034791553729,False
tektoncd/pipeline,2025-12-08,276,266,35,0.131578947368421,266,2.05,40.875,0.05,0.6333333333333333,249,21,0.0843373493975903,27,11,0.5238095238095238,11,15.546666666666669,2.6444444444444444,11,10.0,1.0,1.0,13,6.0,0.300908422600294,,train,False,False,0.0313807104311421,1.1151415906193205,0.0313807104311421,False,False,0,train,False,0.701923230772165,False,-1.01457189918155,False,-0.14665602921601475,False,False,False,False,False,False,False,False,False,False,False,False,False,False,False,False,False,False,False,False,False,0.701923230772165,False,-1.01457189918155,False,-0.14665602921601475,False,False,False,False,False,False,False,False,False,False,False,False,False,False,False,False,False,False,False,False,False,0.701923230772165,False,-1.01457189918155,False,-0.14665602921601475,False,False,False,False,False,False,False,False,False,False,False,False,False,False,False,False,False,False,False,False,,,,,,,,,,,,,,,,,,,,,,,,,,,,,,,,,,,,,,,,,,,,,,,,,,,,,,,,,,,,,,,,,,,,,,,,,,,,,,,0.6929269086898346,-0.4254217926536938,-0.34545007291426016,0.46948749705817466,7.150034791553729,False
tektoncd/pipeline,2025-12-15,816,771,83,0.1076523994811932,757,1.6,37.17666666666666,0.0666666666666666,0.6333333333333333,766,36,0.0469973890339425,50,18,0.5,28,19.83458333333333,1.958888888888889,27,13.0,3.0,1.0,30,6.0,0.2498948721645521,,train,False,False,0.0429642075421604,0.9555114450274363,0.0429642075421604,False,False,0,train,False,0.8291499693978273,False,-1.1404102053330143,False,-0.8316617441661077,False,False,False,False,False,False,False,False,False,False,False,False,False,False,False,False,False,False,False,False,False,0.8291499693978273,False,-1.1404102053330143,False,-0.8316617441661077,False,False,False,False,False,False,False,False,False,False,False,False,False,False,False,False,False,False,False,False,False,0.8291499693978273,False,-1.1404102053330143,False,-0.8316617441661077,False,False,False,False,False,False,False,False,False,False,False,False,False,False,False,False,False,False,False,False,,,,,,,,,,,,,,,,,,,,,,,,,,,,,,,,,,,,,,,,,,,,,,,,,,,,,,,,,,,,,,,,,,,,,,,,,,,,,,,0.9092608565237259,-0.717239496484761,-0.8414263431503962,0.1619346661942417,7.150034791553729,False
tektoncd/pipeline,2025-12-22,118,117,8,0.0683760683760683,117,1.0666666666666669,10.683333333333348,0.0666666666666666,0.6333333333333333,116,2,0.0172413793103448,2,2,1.0,8,85.33402777777778,4.7941666666666665,7,7.0,2.5,1.0,5,6.0,0.3600976730824476,,train,False,False,0.0194609595283641,0.7259370033829362,0.0194609595283641,False,False,0,train,False,0.42749044424066707,False,-1.4739422169728218,False,-1.6792145641780079,False,False,False,False,False,False,False,False,False,False,False,False,False,False,False,False,False,False,False,False,False,0.42749044424066707,False,-1.4739422169728218,False,-1.6792145641780079,False,False,False,False,False,False,False,False,False,False,False,False,False,False,False,False,False,False,False,False,False,0.42749044424066707,False,-1.4739422169728218,False,-1.6792145641780079,False,False,False,False,False,False,False,False,False,False,False,False,False,False,False,False,False,False,False,False,False,0.8675739670549041,False,-1.4166380706909103,False,-1.5230866885584735,False,,,,False,,,,False,,,,False,,,,False,,,,False,0.8675739670549041,False,-1.4166380706909103,False,-1.5230866885584735,False,,,,False,,,,False,,,,False,,,,False,,,,False,0.8675739670549041,False,-1.4166380706909103,False,-1.5230866885584735,False,,,,False,,,,False,,,,False,,,,False,,,,0.4703130689072245,-1.1962692676004072,-1.2366671140588745,0.007976783614684381,7.150034791553729,False
tektoncd/pipeline,2025-12-29,77,59,9,0.1525423728813559,59,0.6833333333333333,16.123333333333413,0.0333333333333333,0.65,60,17,0.2833333333333333,17,0,0.0,0,,,0,,,,7,6.0,0.2491145218417945,,train,False,False,0.0025766796266766,0.5207759546191588,0.0025766796266766,False,False,0,train,False,0.24048703986575565,False,-0.4406773994411633,True,6.087790082124353,False,False,False,False,False,False,False,False,True,False,False,False,True,False,False,False,False,False,False,False,False,0.24048703986575565,False,-0.4406773994411633,True,6.087790082124353,False,False,False,False,False,False,False,False,True,False,False,False,True,False,False,False,False,False,False,False,False,0.24048703986575565,False,-0.4406773994411633,True,6.087790082124353,False,False,False,False,False,False,False,False,True,False,False,False,True,False,False,False,False,False,False,False,False,0.49941740038710325,False,-0.5835671934533668,True,2.5681595616984043,False,False,,,False,False,,,True,False,,,True,False,,,False,False,,,False,0.49941740038710325,False,-0.5835671934533668,False,2.5681595616984043,False,False,,,False,False,,,False,False,,,False,False,,,False,False,,,False,0.49941740038710325,False,-0.5835671934533668,False,2.5681595616984043,False,False,,,False,False,,,False,False,,,False,False,,,False,False,,,0.15498144733759828,-0.1697435089977447,2.297758032911859,0.03901654707100565,7.150034791553729,False
tektoncd/pipeline,2026-01-05,88,68,8,0.1176470588235294,68,0.6666666666666666,9.460000000000004,0.0333333333333333,0.6333333333333333,68,20,0.2941176470588235,20,0,0.0,7,406.4272222222222,164.14638888888888,7,322.0,5.0,1.0,4,6.0,0.4065082644628099,,train,False,False,-0.001982288747457,0.5108256237659907,-0.001982288747457,False,False,0,train,False,-0.03904872641513366,False,-0.6094820521059368,True,6.405858763799098,False,False,False,False,False,False,False,False,True,True,False,False,True,True,False,False,False,False,False,False,False,-0.03904872641513366,False,-0.6094820521059368,True,6.405858763799098,False,False,False,False,False,False,False,False,True,True,False,False,True,True,False,False,False,False,False,False,False,-0.03904872641513366,False,-0.6094820521059368,True,6.405858763799098,False,False,False,False,False,False,False,False,True,True,False,False,True,True,False,False,False,False,False,False,False,0.3622683246827519,False,-1.0118248984078944,True,2.5287039959418207,False,False,False,,False,False,False,,True,True,False,,True,True,False,,False,False,False,,False,0.3622683246827519,False,-1.0118248984078944,False,2.5287039959418207,False,False,False,,False,False,False,,False,False,False,,False,False,False,,False,False,False,,False,0.3622683246827519,False,-1.0118248984078944,False,2.5287039959418207,False,False,False,,False,False,False,,False,False,False,,False,False,False,,False,False,False,,0.06983793523812692,-0.5953406520045178,2.4410030617371237,0.4094636459731754,7.150034791553729,False
tektoncd/pipeline,2026-01-12,221,197,12,0.0609137055837563,197,0.7166666666666667,11.66,0.05,0.6333333333333333,200,20,0.1,21,1,0.05,5,9.786111111111111,9.716666666666669,3,12.0,3.0,1.0,7,6.0,0.2471489117749432,,train,False,False,0.010024724318578,0.540384426007535,0.010024724318578,False,False,0,train,False,0.23228895473248792,False,-1.5101428849338663,False,0.5201274380124886,False,False,False,False,False,False,False,False,False,False,False,False,False,False,False,False,False,False,False,False,False,0.23228895473248792,False,-1.5101428849338663,False,0.5201274380124886,False,False,False,False,False,False,False,False,False,False,False,False,False,False,False,False,False,False,False,False,False,0.23228895473248792,False,-1.5101428849338663,False,0.5201274380124886,False,False,False,False,False,False,False,False,False,False,False,False,False,False,False,False,False,False,False,False,False,0.5436378844446885,False,-1.4666744676099452,False,-0.3120020004440992,False,False,False,False,False,False,False,False,False,False,False,False,False,False,False,False,False,False,False,False,False,0.5436378844446885,False,-1.4666744676099452,False,-0.3120020004440992,False,False,False,False,False,False,False,False,False,False,False,False,False,False,False,False,False,False,False,False,False,0.5436378844446885,False,-1.4666744676099452,False,-0.3120020004440992,False,False,False,False,False,False,False,False,False,False,False,False,False,False,False,False,False,False,False,False,0.2940814873686561,-1.2872832151815927,-0.1374074571176526,0.24394350136193715,7.150034791553729,False
tektoncd/pipeline,2026-01-19,89,80,1,0.0125,80,0.9333333333333332,16.920000000000005,0.05,0.6166666666666667,79,10,0.1265822784810126,10,1,0.1,5,2.484722222222222,2.406388888888889,5,6.0,2.0,1.0,4,6.0,0.3993182678954678,,train,False,False,0.0944721561635234,0.659245628884264,0.0944721561635234,False,False,0,train,True,2.854601117602899,False,-2.181674505632417,False,1.0151447942018257,True,False,False,False,False,False,False,False,False,False,False,False,True,False,False,False,False,False,False,False,False,2.854601117602899,False,-2.181674505632417,False,1.0151447942018257,False,False,False,False,False,False,False,False,False,False,False,False,False,False,False,False,False,False,False,False,False,2.854601117602899,False,-2.181674505632417,False,1.0151447942018257,False,False,False,False,False,False,False,False,False,False,False,False,False,False,False,False,False,False,False,False,False,2.1051362391520727,False,-1.7467750597504987,False,0.239645276637102,False,False,False,False,False,False,False,False,False,False,False,False,False,False,False,False,False,False,False,False,False,2.1051362391520727,False,-1.7467750597504987,False,0.239645276637102,False,False,False,False,False,False,False,False,False,False,False,False,False,False,False,False,False,False,False,False,False,2.1051362391520727,False,-1.7467750597504987,False,0.239645276637102,False,False,False,False,False,False,False,False,False,False,False,False,False,False,False,False,False,False,False,False,1.8712257763824685,-1.877756043271713,0.21567752762770742,0.39546738420222144,7.150034791553729,False
tektoncd/pipeline,2026-01-26,614,589,76,0.1290322580645161,572,1.7666666666666666,40.545,0.05,0.6333333333333333,576,28,0.0486111111111111,38,9,0.3214285714285714,16,14.43736111111111,21.63222222222222,12,40.0,4.5,1.0,35,6.0,0.2569258029262909,,train,False,False,0.0566952410662517,1.0176432261344426,0.0566952410662517,False,False,0,train,False,1.5893379478542684,False,-0.20706854639133737,False,-0.6453412740777504,False,False,False,False,False,False,False,False,False,False,False,False,False,False,False,False,False,False,False,False,False,1.5893379478542684,False,-0.20706854639133737,False,-0.6453412740777504,False,False,False,False,False,False,False,False,False,False,False,False,False,False,False,False,False,False,False,False,False,1.5893379478542684,False,-0.20706854639133737,False,-0.6453412740777504,False,False,False,False,False,False,False,False,False,False,False,False,False,False,False,False,False,False,False,False,False,1.3960901799119962,False,-0.5957403538080878,False,-1.0926284062911866,False,False,False,False,False,False,False,False,False,False,False,False,False,False,False,False,False,False,False,False,False,1.3960901799119962,False,-0.5957403538080878,False,-1.0926284062911866,False,False,False,False,False,False,False,False,False,False,False,False,False,False,False,False,False,False,False,False,False,1.3960901799119962,False,-0.5957403538080878,False,-1.0926284062911866,False,False,False,False,False,False,False,False,False,False,False,False,False,False,False,False,False,False,False,False,1.1657022974492501,-0.45648222930922044,-0.8199917232622888,0.3933904633580016,7.150034791553729,False
tektoncd/pipeline,2026-02-02,464,443,41,0.09255079006772,427,5.283333333333333,39.760000000000005,0.2333333333333333,0.6166666666666667,446,17,0.0381165919282511,18,4,0.2352941176470588,18,64.80805555555555,31.82958333333333,18,18.5,2.0,1.0,21,6.0,0.3081339179548156,,train,False,False,0.7527569489023167,1.83790062522591,0.7527569489023167,False,False,0,train,True,25.84740378940678,False,-0.416502094183193,False,-0.8349091296687313,True,False,False,False,False,False,False,False,False,False,False,False,True,False,False,False,False,False,False,False,True,25.84740378940678,False,-0.416502094183193,False,-0.8349091296687313,True,False,False,False,False,False,False,False,False,False,False,False,True,False,False,False,False,False,False,False,True,25.84740378940678,False,-0.416502094183193,False,-0.8349091296687313,True,False,False,False,False,False,False,False,False,False,False,False,True,False,False,False,False,False,False,False,True,18.33436154968371,False,-0.9008952010563529,False,-1.2503332065406112,True,False,False,False,False,False,False,False,False,False,False,False,True,False,False,False,False,False,False,False,True,18.33436154968371,False,-0.9008952010563529,False,-1.2503332065406112,True,False,False,False,False,False,False,False,False,False,False,False,True,False,False,False,False,False,False,False,True,18.33436154968371,False,-0.9008952010563529,False,-1.2503332065406112,True,False,False,False,False,False,False,False,False,False,False,False,True,False,False,False,False,False,False,False,14.165384150776788,-0.9014247372459588,-0.95938749207258,4.330055403327204,7.150034791553729,False
tektoncd/pipeline,2026-02-09,546,516,26,0.0503875968992248,516,0.9333333333333332,28.916666666666664,0.05,0.6166666666666667,508,35,0.0688976377952756,38,15,0.4285714285714285,16,8.719722222222222,8.616666666666667,13,10.0,3.0,1.0,24,6.0,0.3125427685867245,,train,False,False,0.0177243733724503,0.659245628884264,0.0177243733724503,False,False,0,train,False,-0.059707638101796016,False,-1.4251449457984793,False,-0.24651344032747988,False,False,False,False,False,False,False,False,False,False,False,False,False,False,False,False,False,False,False,False,False,-0.059707638101796016,False,-1.4251449457984793,False,-0.24651344032747988,False,False,False,False,False,False,False,False,False,False,False,False,False,False,False,False,False,False,False,False,False,-0.059707638101796016,False,-1.4251449457984793,False,-0.24651344032747988,False,False,False,False,False,False,False,False,False,False,False,False,False,False,False,False,False,False,False,False,False,0.4712012736821355,False,-1.249329250250947,False,-0.6117107498970544,False,False,False,False,False,False,False,False,False,False,False,False,False,False,False,False,False,False,False,False,False,0.4712012736821355,False,-1.249329250250947,False,-0.6117107498970544,False,False,False,False,False,False,False,False,False,False,False,False,False,False,False,False,False,False,False,False,False,0.4712012736821355,False,-1.249329250250947,False,-0.6117107498970544,False,False,False,False,False,False,False,False,False,False,False,False,False,False,False,False,False,False,False,False,0.4378805025361274,-1.4156638274234425,-0.5505314522049786,3.0704813933738953,7.150034791553729,False
tektoncd/pipeline,2026-02-16,465,418,66,0.1578947368421052,397,0.6833333333333333,40.02666666666668,0.05,0.6,401,56,0.1396508728179551,64,16,0.2857142857142857,29,7.761111111111111,1.2491666666666663,28,6.0,1.0,1.0,24,6.0,0.2587721123829344,,train,False,False,0.0025621017162278,0.5207759546191588,0.0025621017162278,False,False,0,train,False,-0.5810197686678022,False,0.5585043605022725,False,0.8831464800770329,False,False,False,False,False,False,False,False,False,False,False,False,False,False,False,False,False,False,False,False,False,-0.5810197686678022,False,0.5585043605022725,False,0.8831464800770329,False,False,False,False,False,False,False,False,False,False,False,False,False,False,False,False,False,False,False,False,False,-0.5810197686678022,False,0.5585043605022725,False,0.8831464800770329,False,False,False,False,False,False,False,False,False,False,False,False,False,False,False,False,False,False,False,False,False,0.08132446380484701,False,-0.18138225635416017,False,0.731391068285256,False,False,False,False,False,False,False,False,False,False,False,False,False,False,False,False,False,False,False,False,False,0.08132446380484701,False,-0.18138225635416017,False,0.731391068285256,False,False,False,False,False,False,False,False,False,False,False,False,False,False,False,False,False,False,False,False,False,0.08132446380484701,False,-0.18138225635416017,False,0.731391068285256,False,False,False,False,False,False,False,False,False,False,False,False,False,False,False,False,False,False,False,False,0.15470918958259283,-0.10446394721324735,0.38926401816871176,2.052815457332444,7.150034791553729,False
tektoncd/pipeline,2026-02-23,727,678,76,0.1120943952802359,675,1.8166666666666669,40.303333333333335,0.05,0.6333333333333333,681,41,0.0602055800293685,46,8,0.1951219512195122,25,15.487777777777778,12.279583333333331,24,29.0,3.0,1.0,38,6.0,0.2775949853272006,,train,False,False,0.0653651725206875,1.0355541527009726,0.0653651725206875,False,False,0,train,False,1.8321929108209647,False,-0.09305431853001486,False,-0.38529252627088006,False,False,False,False,False,False,False,False,False,False,False,False,False,False,False,False,False,False,False,False,False,1.8321929108209647,False,-0.09305431853001486,False,-0.38529252627088006,False,False,False,False,False,False,False,False,False,False,False,False,False,False,False,False,False,False,False,False,False,1.8321929108209647,False,-0.09305431853001486,False,-0.38529252627088006,False,False,False,False,False,False,False,False,False,False,False,False,False,False,False,False,False,False,False,False,False,1.8124106774607596,False,-0.4446291436158666,False,-0.5990518053643158,False,False,False,False,False,False,False,False,False,False,False,False,False,False,False,False,False,False,False,False,False,1.8124106774607596,False,-0.4446291436158666,False,-0.5990518053643158,False,False,False,False,False,False,False,False,False,False,False,False,False,False,False,False,False,False,False,False,False,1.8124106774607596,False,-0.4446291436158666,False,-0.5990518053643158,False,False,False,False,False,False,False,False,False,False,False,False,False,False,False,False,False,False,False,False,1.327622353284827,-0.6630631472423432,-0.6659856291625056,1.992999793300932,7.150034791553729,False
tektoncd/pipeline,2026-03-02,677,597,70,0.117252931323283,597,4.533333333333333,45.29666666666667,0.3333333333333333,0.65,590,83,0.1406779661016949,87,12,0.144578313253012,17,15.473055555555556,14.893055555555556,17,10.0,3.0,1.0,48,6.0,0.2905925656024385,,purge,False,False,0.3338071032711158,1.7107904066943878,0.3338071032711158,False,False,0,purge,True,10.80790937171276,False,0.0860212326997997,False,0.8995452513386661,True,False,False,False,False,False,False,False,False,False,False,False,True,False,False,False,False,False,False,False,True,10.80790937171276,False,0.0860212326997997,False,0.8995452513386661,True,False,False,False,False,False,False,False,False,False,False,False,True,False,False,False,False,False,False,False,True,10.80790937171276,False,0.0860212326997997,False,0.8995452513386661,True,False,False,False,False,False,False,False,False,False,False,False,True,False,False,False,False,False,False,False,True,9.204908523488665,False,-0.39730840677383655,False,0.9170500732462165,True,False,False,False,False,False,False,False,False,False,False,False,True,False,False,False,False,False,False,False,True,9.204908523488665,False,-0.39730840677383655,False,0.9170500732462165,True,False,False,False,False,False,False,False,False,False,False,False,True,False,False,False,False,False,False,False,True,9.204908523488665,False,-0.39730840677383655,False,0.9170500732462165,True,False,False,False,False,False,False,False,False,False,False,False,True,False,False,False,False,False,False,False,6.341056732109221,-0.6001475879102184,0.40290661154837115,5.748488173506453,7.150034791553729,False
tektoncd/pipeline,2026-03-09,671,540,37,0.0685185185185185,537,1.4833333333333334,39.36333333333335,0.05,0.65,547,123,0.2248628884826325,124,2,0.016260162601626,12,14.886805555555554,4.611527777777778,12,6.0,1.5,1.0,35,6.0,0.2770227500383128,,purge,False,False,0.0299910250207638,0.9096017437233584,0.0299910250207638,False,False,0,purge,False,-0.03254162496362447,False,-1.5038947979284132,False,2.2436581061872998,False,False,False,False,False,False,False,False,False,False,False,False,False,False,False,False,False,False,False,False,False,-0.03254162496362447,False,-1.5038947979284132,False,2.2436581061872998,False,False,False,False,False,False,False,False,False,False,False,False,False,False,False,False,False,False,False,False,False,-0.03254162496362447,False,-1.5038947979284132,False,2.2436581061872998,False,False,False,False,False,False,False,False,False,False,False,False,False,False,False,False,False,False,False,False,False,0.6424597861964134,False,-0.8819912822187622,False,2.3532203929788302,False,False,False,False,False,False,False,False,False,False,False,False,False,False,False,False,False,False,False,False,False,0.6424597861964134,False,-0.8819912822187622,False,2.3532203929788302,False,False,False,False,False,False,False,False,False,False,False,False,False,False,False,False,False,False,False,False,False,0.6424597861964134,False,-0.8819912822187622,False,2.3532203929788302,False,False,False,False,False,False,False,False,False,False,False,False,False,False,False,False,False,False,False,False,0.6669730772870252,-1.1945318889498742,1.521111435709493,4.277337377624701,7.150034791553729,False
tektoncd/pipeline,2026-03-16,1311,1097,119,0.1084776663628076,1091,4.666666666666667,43.95,0.4333333333333333,0.65,1097,201,0.1832269826800364,214,12,0.0597014925373134,42,24.29402777777777,20.719166666666663,31,31.0,3.5,1.0,56,6.0,0.2568171332054475,,purge,False,False,0.3139216041420012,1.7346010553881064,0.3139216041420012,False,False,0,purge,True,6.985705811943918,False,0.014223861065093091,False,1.0923729228350885,True,False,False,False,False,False,False,False,False,False,False,False,True,False,False,False,False,False,False,False,True,6.985705811943918,False,0.014223861065093091,False,1.0923729228350885,True,False,False,False,False,False,False,False,False,False,False,False,True,False,False,False,False,False,False,False,True,6.985705811943918,False,0.014223861065093091,False,1.0923729228350885,True,False,False,False,False,False,False,False,False,False,False,False,True,False,False,False,False,False,False,False,True,8.12491940443946,False,-0.3541227404338458,False,1.6365698107990994,True,False,False,False,False,False,False,False,False,False,False,False,True,False,False,False,False,False,False,False,True,8.12491940443946,False,-0.3541227404338458,False,1.6365698107990994,True,False,False,False,False,False,False,False,False,False,False,False,True,False,False,False,False,False,False,False,True,8.12491940443946,False,-0.3541227404338458,False,1.6365698107990994,True,False,False,False,False,False,False,False,False,False,False,False,True,False,False,False,False,False,False,False,5.969674196246475,-0.7071742130357811,0.9680733214007574,8.20063508795763,7.150034791553729,True
tektoncd/pipeline,2026-03-23,779,684,90,0.131578947368421,663,0.9333333333333332,34.273333333333404,0.05,0.65,709,67,0.0944992947813822,70,8,0.1194029850746268,20,38.046388888888885,21.65277777777778,14,122.0,3.5,1.0,28,7.0,0.2157220754695216,,purge,False,False,0.0155579968509355,0.659245628884264,0.0155579968509355,False,False,0,purge,False,-0.35491528499788716,False,0.389938259721555,False,-0.32601314236205337,False,False,False,False,False,False,False,False,False,False,False,False,False,False,False,False,False,False,False,False,False,-0.35491528499788716,False,0.389938259721555,False,-0.32601314236205337,False,False,False,False,False,False,False,False,False,False,False,False,False,False,False,False,False,False,False,False,False,-0.35491528499788716,False,0.389938259721555,False,-0.32601314236205337,False,False,False,False,False,False,False,False,False,False,False,False,False,False,False,False,False,False,False,False,False,0.06923558082935831,False,0.017263121561689094,False,0.10622949240973115,False,False,False,False,False,False,False,False,False,False,False,False,False,False,False,False,False,False,False,False,False,0.06923558082935831,False,0.017263121561689094,False,0.10622949240973115,False,False,False,False,False,False,False,False,False,False,False,False,False,False,False,False,False,False,False,False,False,0.06923558082935831,False,0.017263121561689094,False,0.10622949240973115,False,False,False,False,False,False,False,False,False,False,False,False,False,False,False,False,False,False,False,False,0.397421150675267,-0.4254217926536938,-0.21047178904057973,5.58987954778868,7.150034791553729,False
tektoncd/pipeline,2026-03-30,867,807,82,0.1016109045848822,804,4.816666666666666,39.136666666666684,0.425,0.6166666666666667,808,36,0.0445544554455445,59,10,0.2777777777777778,19,12.401666666666667,15.9125,12,96.0,5.0,1.0,29,7.0,0.2052856966112315,,holdout,False,False,0.2081347660028228,1.7607273599803264,0.2081347660028228,False,False,0,holdout,True,4.380642499777606,False,-0.36180722667006165,False,-0.9591289466259028,True,False,False,False,False,False,False,False,False,False,False,False,True,False,False,False,False,False,False,False,True,4.380642499777606,False,-0.36180722667006165,False,-0.9591289466259028,True,False,False,False,False,False,False,False,False,False,False,False,True,False,False,False,False,False,False,False,True,4.380642499777606,False,-0.36180722667006165,False,-0.9591289466259028,True,False,False,False,False,False,False,False,False,False,False,False,True,False,False,False,False,False,False,False,True,4.243339283235964,False,-0.5252022167928713,False,-0.754173198252073,True,False,False,False,False,False,False,False,False,False,False,False,True,False,False,False,False,False,False,False,True,4.243339283235964,False,-0.5252022167928713,False,-0.754173198252073,True,False,False,False,False,False,False,False,False,False,False,False,True,False,False,False,False,False,False,False,True,4.243339283235964,False,-0.5252022167928713,False,-0.754173198252073,True,False,False,False,False,False,False,False,False,False,False,False,True,False,False,False,False,False,False,False,3.993994131394154,-0.7909239735208194,-0.8738751480716732,7.1680527207020175,7.150034791553729,True
tektoncd/pipeline,2026-04-06,401,382,85,0.2225130890052356,368,0.75,27.48000000000005,0.05,0.6333333333333333,371,16,0.0431266846361186,30,2,0.125,3,26.995833333333334,244.31444444444443,1,6.0,1.0,1.0,16,7.0,0.2059004608180296,,holdout,False,False,-0.0050195316322097,0.5596157879354227,-0.0050195316322097,False,False,0,holdout,False,-0.8919130708015041,True,3.742027082879615,False,-0.9430295894793509,False,False,False,False,True,False,False,False,False,False,False,False,True,True,False,False,False,False,False,False,False,-0.8919130708015041,True,3.742027082879615,False,-0.9430295894793509,False,False,False,False,True,False,False,False,False,False,False,False,True,True,False,False,False,False,False,False,False,-0.8919130708015041,True,3.742027082879615,False,-0.9430295894793509,False,False,False,False,True,False,False,False,False,False,False,False,True,True,False,False,False,False,False,False,False,-0.47052405002226105,False,2.047368296564336,False,-0.724436829330636,False,False,False,False,False,False,False,False,False,False,False,False,False,False,False,False,False,False,False,False,False,-0.47052405002226105,False,2.047368296564336,False,-0.724436829330636,False,False,False,False,False,False,False,False,False,False,False,False,False,False,False,False,False,False,False,False,False,-0.47052405002226105,False,2.047368296564336,False,-0.724436829330636,False,False,False,False,False,False,False,False,False,False,False,False,False,False,False,False,False,False,False,False,0.013114241392340973,0.6836472020619856,-0.8928398291777756,4.597210358094951,7.150034791553729,False
tektoncd/pipeline,2026-04-13,1174,1073,103,0.0959925442684063,1062,4.25,40.986666666666665,0.6,0.6166666666666667,1065,105,0.0985915492957746,109,25,0.238095238095238,32,85.63,62.91166666666667,31,16.5,3.0,1.0,43,7.0,0.2187863678972861,,holdout,False,False,0.2911214446571284,1.6582280766035324,0.2911214446571284,False,False,0,holdout,True,3.3879699459103763,False,-0.3645295462863948,False,0.06015029653858914,True,False,False,False,False,False,False,False,False,False,False,False,True,True,True,False,False,False,False,False,True,3.3879699459103763,False,-0.3645295462863948,False,0.06015029653858914,True,False,False,False,False,False,False,False,False,False,False,False,True,True,True,False,False,False,False,False,False,3.3879699459103763,False,-0.3645295462863948,False,0.06015029653858914,False,False,False,False,False,False,False,False,False,False,False,False,False,False,False,False,False,False,False,False,True,7.716547393247793,False,-0.5645626479677315,False,0.42026736230612244,True,False,False,False,False,False,False,False,False,False,False,False,True,False,False,False,False,False,False,False,True,7.716547393247793,False,-0.5645626479677315,False,0.42026736230612244,True,False,False,False,False,False,False,False,False,False,False,False,True,False,False,False,False,False,False,False,True,7.716547393247793,False,-0.5645626479677315,False,0.42026736230612244,True,False,False,False,False,False,False,False,False,False,False,False,True,False,False,False,False,False,False,False,5.5438573237310855,-0.8594477327600195,-0.15611551465949336,7.975314669580001,7.150034791553729,True
tektoncd/pipeline,2026-04-20,1076,1038,229,0.220616570327553,887,7.8,534.4733333333334,3.3833333333333333,0.6,1026,45,0.043859649122807,50,17,0.3777777777777777,33,11.924444444444443,1.7225,30,10.0,3.0,1.0,78,7.0,0.2937666698912397,,holdout,False,False,1.287197013577207,2.174751721484161,1.287197013577207,False,False,0,holdout,True,13.122197304536538,True,3.6797935760391285,False,-0.7443304643588711,True,True,False,False,True,False,False,False,False,False,False,False,True,True,True,True,True,False,False,False,True,13.122197304536538,True,3.6797935760391285,False,-0.7443304643588711,True,True,False,False,True,False,False,False,False,False,False,False,True,True,True,True,True,False,False,False,True,13.122197304536538,True,3.6797935760391285,False,-0.7443304643588711,True,False,False,False,True,False,False,False,False,False,False,False,True,False,False,False,True,False,False,False,True,35.66466158293501,False,2.050319667761421,False,-0.6870551034769558,True,True,False,False,False,False,False,False,False,False,False,False,True,True,False,False,False,False,False,False,True,35.66466158293501,False,2.050319667761421,False,-0.6870551034769558,True,True,False,False,False,False,False,False,False,False,False,False,True,True,False,False,False,False,False,False,True,35.66466158293501,False,2.050319667761421,False,-0.6870551034769558,True,True,False,False,False,False,False,False,False,False,False,False,True,True,False,False,False,False,False,False,24.146612441647857,0.660516505214176,-0.8831040665046804,14.89379489152703,7.150034791553729,True
tektoncd/pipeline,2026-04-27,638,610,193,0.3163934426229508,491,1.7833333333333334,93.5,0.2833333333333333,0.6,596,37,0.0620805369127516,42,17,0.4594594594594595,30,68.64875,25.58416666666667,29,18.0,3.0,1.0,36,7.0,0.2703786322854531,,holdout,False,False,0.3146575374853289,1.0236492501946544,0.3146575374853289,False,False,0,holdout,False,2.3889479767003645,True,7.072157418804079,False,-0.1784207019152637,False,False,False,False,True,True,False,False,False,False,False,False,True,True,True,True,False,False,False,False,False,2.3889479767003645,True,7.072157418804079,False,-0.1784207019152637,False,False,False,False,True,True,False,False,False,False,False,False,True,True,True,True,False,False,False,False,False,2.3889479767003645,True,7.072157418804079,False,-0.1784207019152637,False,False,False,False,True,True,False,False,False,False,False,False,True,True,False,False,False,False,False,False,True,7.007559690344135,True,3.9854646050158493,False,-0.3516780454529782,True,True,True,False,True,False,False,False,False,False,False,False,True,True,True,False,True,False,False,False,True,7.007559690344135,True,3.9854646050158493,False,-0.3516780454529782,True,True,True,False,True,False,False,False,False,False,False,False,True,True,True,False,True,False,False,False,True,7.007559690344135,True,3.9854646050158493,False,-0.3516780454529782,True,True,True,False,True,False,False,False,False,False,False,False,True,True,True,False,True,False,False,False,5.9834185226773275,1.8286493710624916,-0.6410811002659176,18.373366295649582,7.150034791553729,True
tektoncd/pipeline,2026-05-04,791,742,135,0.1819407008086253,695,4.683333333333334,65.31000000000002,0.7,0.6166666666666667,721,65,0.0901525658807212,70,22,0.3384615384615385,47,87.52055555555556,87.41305555555556,46,10.0,2.0,1.0,39,7.0,0.2942825497338101,,holdout,False,False,0.6000776099420397,1.737537915061416,0.6000776099420397,False,False,0,holdout,False,1.4839804363747093,False,2.4105423308647045,False,0.5562950077334888,False,False,False,False,False,False,False,False,False,False,False,False,False,False,False,False,False,False,False,False,False,1.4839804363747093,False,2.4105423308647045,False,0.5562950077334888,False,False,False,False,False,False,False,False,False,False,False,False,False,False,False,False,False,False,False,False,False,1.4839804363747093,False,2.4105423308647045,False,0.5562950077334888,False,False,False,False,False,False,False,False,False,False,False,False,False,False,False,False,False,False,False,False,True,12.50370654162418,False,1.0204367066216093,False,0.15533041135413267,True,True,True,True,False,False,False,False,False,False,False,False,True,True,True,True,False,False,False,False,True,12.50370654162418,False,1.0204367066216093,False,0.15533041135413267,True,True,True,True,False,False,False,False,False,False,False,False,True,True,True,True,False,False,False,False,True,12.50370654162418,False,1.0204367066216093,False,0.15533041135413267,True,True,True,True,False,False,False,False,False,False,False,False,True,True,True,True,False,False,False,False,11.313937490637556,0.18881020266360282,-0.2682081756591449,25.296176601344033,7.150034791553729,True
tektoncd/pipeline,2026-05-11,1043,1009,163,0.1615460852329038,941,5.066666666666666,71.95,1.1,0.6,992,38,0.0383064516129032,51,22,0.5789473684210527,28,88.60708333333334,10.233888888888888,26,17.0,3.0,1.0,49,7.0,0.2943285327283474,,holdout,False,False,0.678027547984966,1.80280930541464,0.678027547984966,False,False,0,holdout,False,1.7791157727153888,False,0.7350884794298296,False,-0.7669117131097932,False,False,False,False,False,False,False,False,False,False,False,False,False,False,False,False,False,False,False,False,False,1.7791157727153888,False,0.7350884794298296,False,-0.7669117131097932,False,False,False,False,False,False,False,False,False,False,False,False,False,False,False,False,False,False,False,False,False,1.7791157727153888,False,0.7350884794298296,False,-0.7669117131097932,False,False,False,False,False,False,False,False,False,False,False,False,False,False,False,False,False,False,False,False,True,13.749723717344278,False,0.6652994341236382,False,-0.796608625809645,True,True,True,True,False,False,False,False,False,False,False,False,True,True,True,True,False,False,False,False,True,13.749723717344278,False,0.6652994341236382,False,-0.796608625809645,True,True,True,True,False,False,False,False,False,False,False,False,True,True,True,True,False,False,False,False,True,13.749723717344278,False,0.6652994341236382,False,-0.796608625809645,True,True,True,True,False,False,False,False,False,False,False,False,True,True,True,True,False,False,False,False,12.769734273648195,-0.0599306485396471,-0.9568656388797835,31.61660249717618,7.150034791553729,True
tektoncd/pipeline,2026-05-18,782,759,99,0.1304347826086956,717,1.4833333333333334,60.32333333333332,0.0833333333333333,0.6,762,19,0.0249343832020997,20,7,0.3684210526315789,26,88.36263888888888,88.22083333333333,26,10.0,3.0,1.0,33,8.0,0.2924300599812926,,holdout,False,False,0.1947656461531409,0.9096017437233584,0.1947656461531409,False,False,0,holdout,False,-0.24888366435220843,False,-0.02575171703163222,False,-0.9502330949813484,False,False,False,False,False,False,False,False,False,False,False,False,False,False,False,False,False,False,False,False,False,-0.24888366435220843,False,-0.02575171703163222,False,-0.9502330949813484,False,False,False,False,False,False,False,False,False,False,False,False,False,False,False,False,False,False,False,False,False,-0.24888366435220843,False,-0.02575171703163222,False,-0.9502330949813484,False,False,False,False,False,False,False,False,False,False,False,False,False,False,False,False,False,False,False,False,True,2.779550653265386,False,0.131541965057324,False,-0.985232947144393,True,True,True,True,False,False,False,False,False,False,False,False,True,True,True,True,False,False,False,False,False,2.779550653265386,False,0.131541965057324,False,-0.985232947144393,False,False,False,False,False,False,False,False,False,False,False,False,False,False,False,False,False,False,False,False,False,2.779550653265386,False,0.131541965057324,False,-0.985232947144393,False,False,False,False,False,False,False,False,False,False,False,False,False,False,False,False,False,False,False,False,3.7443118076169033,-0.43937648158588705,-1.1344830908305241,27.523793658096945,7.150034791553729,True
tektoncd/pipeline,2026-05-25,1187,1101,168,0.1525885558583106,1057,3.8333333333333335,60.13333333333333,0.4333333333333333,0.6,1079,88,0.0815569972196478,108,28,0.3181818181818182,54,93.61,70.91569444444444,52,10.0,2.5,1.0,44,7.0,0.2291356303793767,,holdout,False,False,0.3052771127205786,1.5755363607584192,0.3052771127205786,False,False,0,holdout,False,0.04229281079395499,False,0.48029217949807373,False,0.4679637698900657,False,False,False,False,False,False,False,False,False,False,False,False,False,False,False,False,False,False,False,False,False,0.04229281079395499,False,0.48029217949807373,False,0.4679637698900657,False,False,False,False,False,False,False,False,False,False,False,False,False,False,False,False,False,False,False,False,False,0.04229281079395499,False,0.48029217949807373,False,0.4679637698900657,False,False,False,False,False,False,False,False,False,False,False,False,False,False,False,False,False,False,False,False,True,3.5432414039552707,False,0.6038236747141036,False,8.437325453034306e-05,True,True,True,True,False,False,False,False,False,False,False,False,True,True,True,True,False,False,False,False,True,3.5432414039552707,False,0.6038236747141036,False,8.437325453034306e-05,True,False,False,False,False,False,False,False,False,False,False,False,True,False,False,False,False,False,False,False,True,3.5432414039552707,False,0.6038236747141036,False,8.437325453034306e-05,True,False,False,False,False,False,False,False,False,False,False,False,True,False,False,False,False,False,False,False,5.808229259688093,-0.16918024302412704,-0.38238071477164537,28.715620261540376,7.150034791553729,True
tektoncd/pipeline,2026-06-01,995,917,134,0.1461286804798255,900,3.625,64.32500000000003,0.0666666666666666,0.6166666666666667,872,100,0.1146788990825688,123,27,0.27,44,27.420972222222225,14.9325,40,35.0,3.0,1.0,42,7.0,0.2340213630968914,,holdout,False,False,0.1519375967210656,1.5314763709643886,0.1519375967210656,False,False,0,holdout,False,-0.9358855675050795,False,0.32747085311435675,False,0.5926256851129286,False,False,False,False,False,False,False,False,False,False,False,False,False,False,False,False,False,False,False,False,False,-0.9358855675050795,False,0.32747085311435675,False,0.5926256851129286,False,False,False,False,False,False,False,False,False,False,False,False,False,False,False,False,False,False,False,False,False,-0.9358855675050795,False,0.32747085311435675,False,0.5926256851129286,False,False,False,False,False,False,False,False,False,False,False,False,False,False,False,False,False,False,False,False,False,0.9873847886747814,False,0.5120438636664414,False,0.5424735724927016,False,False,False,False,False,False,False,False,False,False,False,False,False,False,False,False,False,False,False,False,False,0.9873847886747814,False,0.5120438636664414,False,0.5424735724927016,False,False,False,False,False,False,False,False,False,False,False,False,False,False,False,False,False,False,False,False,False,0.9873847886747814,False,0.5120438636664414,False,0.5424735724927016,False,False,False,False,False,False,False,False,False,False,False,False,False,False,False,False,False,False,False,False,2.944453101488094,-0.24796745498923706,0.057568261850514967,23.773886203377685,7.150034791553729,True
tektoncd/pipeline,2026-06-08,1352,1184,147,0.1241554054054054,1124,3.2583333333333333,44.53333333333333,0.2583333333333333,0.6166666666666667,1163,179,0.1539122957867583,189,24,0.1340782122905028,55,10.858888888888888,2.7291666666666665,45,42.0,2.0,1.0,64,7.0,0.2287669374321627,,holdout,False,False,0.2121937598457609,1.4488778474216584,0.2121937598457609,False,False,0,holdout,False,-0.38248686799206577,False,-0.3936353731952974,False,1.3189088625485057,False,False,False,False,False,False,False,False,False,False,False,False,False,False,False,False,False,False,False,False,False,-0.38248686799206577,False,-0.3936353731952974,False,1.3189088625485057,False,False,False,False,False,False,False,False,False,False,False,False,False,False,False,False,False,False,False,False,False,-0.38248686799206577,False,-0.3936353731952974,False,1.3189088625485057,False,False,False,False,False,False,False,False,False,False,False,False,False,False,False,False,False,False,False,False,False,1.1204284987782205,False,0.018826299911811492,False,1.2355490403973912,False,False,False,False,False,False,False,False,False,False,False,False,False,False,False,False,False,False,False,False,False,1.1204284987782205,False,0.018826299911811492,False,1.2355490403973912,False,False,False,False,False,False,False,False,False,False,False,False,False,False,False,False,False,False,False,False,False,1.1204284987782205,False,0.018826299911811492,False,1.2355490403973912,False,False,False,False,False,False,False,False,False,False,False,False,False,False,False,False,False,False,False,False,4.069800095159708,-0.5159622659451704,0.5786945184542233,22.22780960842413,7.150034791553729,True
tektoncd/pipeline,2026-06-15,1033,954,87,0.0911949685534591,922,4.441666666666666,54.553333333333335,0.5666666666666667,0.6166666666666667,946,84,0.0887949260042283,87,9,0.1071428571428571,22,46.46972222222222,25.82527777777777,21,11.0,2.0,1.0,42,7.0,0.253235672001117,,holdout,False,False,0.5280402759154453,1.694085386494385,0.5280402759154453,False,False,0,holdout,False,1.6584322366766178,False,-1.0346325266739047,False,0.13193461445845522,False,False,False,False,False,False,False,False,False,False,False,False,False,False,False,False,False,False,False,False,False,1.6584322366766178,False,-1.0346325266739047,False,0.13193461445845522,False,False,False,False,False,False,False,False,False,False,False,False,False,False,False,False,False,False,False,False,False,1.6584322366766178,False,-1.0346325266739047,False,0.13193461445845522,False,False,False,False,False,False,False,False,False,False,False,False,False,False,False,False,False,False,False,False,False,2.335739825308855,False,-0.6679803842722465,False,0.047616047758873306,False,False,False,False,False,False,False,False,False,False,False,False,False,False,False,False,False,False,False,False,False,2.335739825308855,False,-0.6679803842722465,False,0.047616047758873306,False,False,False,False,False,False,False,False,False,False,False,False,False,False,False,False,False,False,False,False,False,2.335739825308855,False,-0.6679803842722465,False,0.047616047758873306,False,False,False,False,False,False,False,False,False,False,False,False,False,False,False,False,False,False,False,False,9.968564783928963,-0.9179608762226803,-0.2862413271598182,28.855270923699706,7.150034791553729,True
tektoncd/pipeline,2026-06-22,736,649,91,0.1402157164869029,631,4.666666666666667,45.41666666666666,0.1666666666666666,0.6166666666666667,631,85,0.1347068145800317,105,5,0.0588235294117647,18,15.115,12.60361111111111,17,9.0,1.5,1.0,31,7.0,0.2253034912570888,,holdout,False,False,0.1786060172054345,1.7346010553881064,0.1786060172054345,False,False,0,holdout,False,-0.5452544762923124,False,-0.11136594745917779,False,1.0823370235747132,False,False,False,False,False,False,False,False,False,False,False,False,False,False,False,False,False,False,False,False,False,-0.5452544762923124,False,-0.11136594745917779,False,1.0823370235747132,False,False,False,False,False,False,False,False,False,False,False,False,False,False,False,False,False,False,False,False,False,-0.5452544762923124,False,-0.11136594745917779,False,1.0823370235747132,False,False,False,False,False,False,False,False,False,False,False,False,False,False,False,False,False,False,False,False,False,0.022900396249619426,False,0.42471042991916175,False,0.6739897340217891,False,False,False,False,False,False,False,False,False,False,False,False,False,False,False,False,False,False,False,False,False,0.022900396249619426,False,0.42471042991916175,False,0.6739897340217891,False,False,False,False,False,False,False,False,False,False,False,False,False,False,False,False,False,False,False,False,False,0.022900396249619426,False,0.42471042991916175,False,0.6739897340217891,False,False,False,False,False,False,False,False,False,False,False,False,False,False,False,False,False,False,False,False,3.4425138020333517,-0.32008431795598136,0.32359347270496347,24.8589091697787,7.150034791553729,True
tektoncd/pipeline,2026-06-29,723,659,57,0.08649468892261,646,2.925,25.78333333333333,0.3333333333333333,0.6,660,60,0.0909090909090909,63,7,0.1166666666666666,28,17.91222222222222,17.5525,25,10.0,1.0,1.0,28,7.0,0.2302971520615844,,holdout,False,False,0.2948470749434243,1.3673663512343717,0.2948470749434243,False,False,0,holdout,False,0.02233385463883693,False,-1.123158534110973,False,0.17047209388473436,False,False,False,False,False,False,False,False,False,False,False,False,False,False,False,False,False,False,False,False,False,0.02233385463883693,False,-1.123158534110973,False,0.17047209388473436,False,False,False,False,False,False,False,False,False,False,False,False,False,False,False,False,False,False,False,False,False,0.02233385463883693,False,-1.123158534110973,False,0.17047209388473436,False,False,False,False,False,False,False,False,False,False,False,False,False,False,False,False,False,False,False,False,False,0.480249495255775,False,-0.9557741095200253,False,-0.020994015798327388,False,False,False,False,False,False,False,False,False,False,False,False,False,False,False,False,False,False,False,False,False,0.480249495255775,False,-0.9557741095200253,False,-0.020994015798327388,False,False,False,False,False,False,False,False,False,False,False,False,False,False,False,False,False,False,False,False,False,0.480249495255775,False,-0.9557741095200253,False,-0.020994015798327388,False,False,False,False,False,False,False,False,False,False,False,False,False,False,False,False,False,False,False,False,5.613437373717653,-0.9752873579075081,-0.25815946488771124,26.126248827764563,7.150034791553729,True
tektoncd/pipeline,2026-07-06,879,714,63,0.088235294117647,714,1.2833333333333334,13.285000000000023,0.1833333333333333,0.6166666666666667,746,132,0.1769436997319035,133,5,0.0378787878787878,23,15.789166666666668,9.189722222222224,22,25.0,2.0,1.0,30,7.0,0.2254669374263079,,holdout,False,False,0.0973317044035061,0.8256363636060243,0.0973317044035061,False,False,0,holdout,False,-1.1460863732336029,False,-1.0903756274452672,False,2.2255995873579475,False,False,False,False,False,False,False,False,False,False,False,False,False,False,False,False,False,False,False,False,False,-1.1460863732336029,False,-1.0903756274452672,False,2.2255995873579475,False,False,False,False,False,False,False,False,False,False,False,False,False,False,False,False,False,False,False,False,False,-1.1460863732336029,False,-1.0903756274452672,False,2.2255995873579475,False,False,False,False,False,False,False,False,False,False,False,False,False,False,False,False,False,False,False,False,False,-0.5001208348370078,False,-0.7590121794836195,False,1.3539510304990936,False,False,False,False,False,False,False,False,False,False,False,False,False,False,False,False,False,False,False,False,False,-0.5001208348370078,False,-0.7590121794836195,False,1.3539510304990936,False,False,False,False,False,False,False,False,False,False,False,False,False,False,False,False,False,False,False,False,False,-0.5001208348370078,False,-0.7590121794836195,False,1.3539510304990936,False,False,False,False,False,False,False,False,False,False,False,False,False,False,False,False,False,False,False,False,1.9246308365165514,-0.9540582439673703,0.8846142279495712,20.01981227670542,7.150034791553729,True
tektoncd/pipeline,2026-07-13,391,360,33,0.0916666666666666,360,0.75,10.79166666666668,0.05,0.6166666666666667,378,13,0.0343915343915343,13,4,0.3076923076923077,5,26.08,15.112777777777778,5,6.0,3.0,1.0,17,7.0,0.2323702749197087,,holdout,False,False,0.0044494487665417,0.5596157879354227,0.0044494487665417,False,False,0,holdout,False,-1.6850372772049518,False,-0.784802822995201,False,-1.3397784863094029,False,False,False,False,False,False,False,False,False,False,False,False,False,False,False,False,False,False,False,False,False,-1.6850372772049518,False,-0.784802822995201,False,-1.3397784863094029,False,False,False,False,False,False,False,False,False,False,False,False,False,False,False,False,False,False,False,False,False,-1.6850372772049518,False,-0.784802822995201,False,-1.3397784863094029,False,False,False,False,False,False,False,False,False,False,False,False,False,False,False,False,False,False,False,False,False,-0.98997343704842,False,-0.6380316718134428,False,-0.8796126525055457,False,False,False,False,False,False,False,False,False,False,False,False,False,False,False,False,False,False,False,False,False,-0.98997343704842,False,-0.6380316718134428,False,-0.8796126525055457,False,False,False,False,False,False,False,False,False,False,False,False,False,False,False,False,False,False,False,False,False,-0.98997343704842,False,-0.6380316718134428,False,-0.8796126525055457,False,False,False,False,False,False,False,False,False,False,False,False,False,False,False,False,False,False,False,False,0.1899573736511744,-0.9122078582383709,-1.0088663915005094,13.084268380681431,7.150034791553729,True
tektoncd/pipeline,2026-07-20,431,347,29,0.0835734870317002,342,0.75,11.368333333333345,0.0666666666666666,0.6166666666666667,397,34,0.0856423173803526,34,10,0.2941176470588235,14,86.01819444444445,6.897777777777778,14,29.5,3.0,1.0,22,7.0,0.2975920672261669,,holdout,False,False,0.0344609512479815,0.5596157879354227,0.0344609512479815,False,False,0,holdout,False,-1.228946018928423,False,-0.9156303108254868,False,-0.047321515135239973,False,False,False,False,False,False,False,False,False,False,False,False,False,False,False,False,False,False,False,False,False,-1.228946018928423,False,-0.9156303108254868,False,-0.047321515135239973,False,False,False,False,False,False,False,False,False,False,False,False,False,False,False,False,False,False,False,False,False,-1.228946018928423,False,-0.9156303108254868,False,-0.047321515135239973,False,False,False,False,False,False,False,False,False,False,False,False,False,False,False,False,False,False,False,False,False,-0.8391588378153397,False,-0.8555324486820374,False,-0.05733101575059032,False,False,False,False,False,False,False,False,False,False,False,False,False,False,False,False,False,False,False,False,False,-0.8391588378153397,False,-0.8555324486820374,False,-0.05733101575059032,False,False,False,False,False,False,False,False,False,False,False,False,False,False,False,False,False,False,False,False,False,-0.8391588378153397,False,-0.8555324486820374,False,-0.05733101575059032,False,False,False,False,False,False,False,False,False,False,False,False,False,False,False,False,False,False,False,False,0.7504536339783583,-1.0109154991776208,-0.3281165474748991,9.265116472713784,7.150034791553729,True
tektoncd/pipeline,2026-07-27,1094,865,119,0.1375722543352601,828,0.7666666666666667,30.46500000000004,0.0666666666666666,0.6166666666666667,1029,52,0.0505344995140913,65,21,0.4038461538461538,58,24.449166666666667,18.486944444444447,58,46.0,3.0,1.0,46,7.0,0.230171886540846,,holdout,False,False,0.0313545371541464,0.5690945318899665,0.0313545371541464,False,False,0,holdout,False,-1.1904146759598084,False,0.12417829983773168,False,-0.9660076460241617,False,False,False,False,False,False,False,False,False,False,False,False,False,False,False,False,False,False,False,False,False,-1.1904146759598084,False,0.12417829983773168,False,-0.9660076460241617,False,False,False,False,False,False,False,False,False,False,False,False,False,False,False,False,False,False,False,False,False,-1.1904146759598084,False,0.12417829983773168,False,-0.9660076460241617,False,False,False,False,False,False,False,False,False,False,False,False,False,False,False,False,False,False,False,False,False,-0.8170343077958645,False,0.3886595768602126,False,-0.5752661846381648,False,False,False,False,False,False,False,False,False,False,False,False,False,False,False,False,False,False,False,False,False,-0.8170343077958645,False,0.3886595768602126,False,-0.5752661846381648,False,False,False,False,False,False,False,False,False,False,False,False,False,False,False,False,False,False,False,False,False,-0.8170343077958645,False,0.3886595768602126,False,-0.5752661846381648,False,False,False,False,False,False,False,False,False,False,False,False,False,False,False,False,False,False,False,False,0.6924380953128413,-0.35232503479037763,-0.7944438920103231,6.6233136346973875,7.150034791553729,False
tektoncd/pipeline,2026-08-03,649,588,54,0.0918367346938775,573,0.8333333333333334,34.23333333333336,0.1333333333333333,0.6333333333333333,626,22,0.0351437699680511,23,7,0.3181818181818182,17,41.86666666666667,39.76888888888889,17,753.0,34.0,1.0,39,7.0,0.2884584794433061,,holdout,False,False,0.0385842505995928,0.6061358035703155,0.0385842505995928,False,False,0,holdout,False,-0.9532305685106758,False,-0.8368028483681091,False,-0.9458130057950878,False,False,False,False,False,False,False,False,False,False,False,False,False,False,False,False,False,False,False,False,False,-0.9532305685106758,False,-0.8368028483681091,False,-0.9458130057950878,False,False,False,False,False,False,False,False,False,False,False,False,False,False,False,False,False,False,False,False,False,-0.9532305685106758,False,-0.8368028483681091,False,-0.9458130057950878,False,False,False,False,False,False,False,False,False,False,False,False,False,False,False,False,False,False,False,False,False,-0.724915218562665,False,-0.6651379756273932,False,-0.8166176396829332,False,False,False,False,False,False,False,False,False,False,False,False,False,False,False,False,False,False,False,False,False,-0.724915218562665,False,-0.6651379756273932,False,-0.8166176396829332,False,False,False,False,False,False,False,False,False,False,False,False,False,False,False,False,False,False,False,False,False,-0.724915218562665,False,-0.6651379756273932,False,-0.8166176396829332,False,False,False,False,False,False,False,False,False,False,False,False,False,False,False,False,False,False,False,False,0.8274605705093401,-0.910133640869878,-0.9988746563206576,4.947759858416613,7.150034791553729,False
