repo_full,split,detector_family,detector_variant,metric,window_weeks,window_role,threshold,threshold_role,persistence_weeks,persistence_role,total_weeks,evaluable_weeks,excluded_weeks,alarm_weeks,alarm_prevalence,episode_count,total_episode_weeks,median_episode_duration_weeks,maximum_episode_duration_weeks,median_alarm_magnitude,maximum_alarm_magnitude,external_scoring_eligible,interpretation
containerd/containerd,external_evaluation,causal_rolling_mad,latency_log,latency_log,13,primary,2.5,sensitivity,1,sensitivity,46,46,0,1,0.021739130434782608,1,1,1.0,1.0,2.974593871370561,2.974593871370561,True,"detector signal, not ground truth"
docker/cli,holdout,causal_rolling_mad,latency_log,latency_log,13,primary,2.5,sensitivity,1,sensitivity,19,19,0,4,0.21052631578947367,2,4,2.0,3.0,3.599217104326706,7.613700577630863,False,"detector signal, not ground truth"
docker/cli,purge,causal_rolling_mad,latency_log,latency_log,13,primary,2.5,sensitivity,1,sensitivity,4,4,0,1,0.25,1,1,1.0,1.0,3.6235252024070355,3.6235252024070355,False,"detector signal, not ground truth"
docker/cli,train,causal_rolling_mad,latency_log,latency_log,13,primary,2.5,sensitivity,1,sensitivity,36,23,13,7,0.30434782608695654,2,7,3.5,6.0,4.292031240894815,8.28060684258533,False,"detector signal, not ground truth"
helm/helm,external_evaluation,causal_rolling_mad,latency_log,latency_log,13,primary,2.5,sensitivity,1,sensitivity,46,46,0,4,0.08695652173913043,4,4,1.0,1.0,4.40291960551512,6.062614071859863,True,"detector signal, not ground truth"
prometheus/prometheus,holdout,causal_rolling_mad,latency_log,latency_log,13,primary,2.5,sensitivity,1,sensitivity,19,19,0,0,0.0,0,0,,,,,False,"detector signal, not ground truth"
prometheus/prometheus,purge,causal_rolling_mad,latency_log,latency_log,13,primary,2.5,sensitivity,1,sensitivity,4,4,0,2,0.5,1,2,2.0,2.0,2.895804873932187,2.91877628114748,False,"detector signal, not ground truth"
prometheus/prometheus,train,causal_rolling_mad,latency_log,latency_log,13,primary,2.5,sensitivity,1,sensitivity,36,23,13,0,0.0,0,0,,,,,False,"detector signal, not ground truth"
pytest-dev/pytest,external_evaluation,causal_rolling_mad,latency_log,latency_log,13,primary,2.5,sensitivity,1,sensitivity,46,46,0,12,0.2608695652173913,4,12,3.0,5.0,4.723671904698111,18.618504091513024,True,"detector signal, not ground truth"
tektoncd/pipeline,holdout,causal_rolling_mad,latency_log,latency_log,13,primary,2.5,sensitivity,1,sensitivity,19,19,0,3,0.15789473684210525,2,3,1.5,2.0,4.380642499777606,13.122197304536538,False,"detector signal, not ground truth"
tektoncd/pipeline,purge,causal_rolling_mad,latency_log,latency_log,13,primary,2.5,sensitivity,1,sensitivity,4,4,0,2,0.5,2,2,1.0,1.0,8.896807591828338,10.80790937171276,False,"detector signal, not ground truth"
tektoncd/pipeline,train,causal_rolling_mad,latency_log,latency_log,13,primary,2.5,sensitivity,1,sensitivity,36,23,13,2,0.08695652173913043,2,2,1.0,1.0,14.35100245350484,25.84740378940678,False,"detector signal, not ground truth"
containerd/containerd,external_evaluation,causal_rolling_mad,latency_log,latency_log,13,primary,2.5,sensitivity,2,primary,46,45,1,0,0.0,0,0,,,,,True,"detector signal, not ground truth"
docker/cli,holdout,causal_rolling_mad,latency_log,latency_log,13,primary,2.5,sensitivity,2,primary,19,19,0,2,0.10526315789473684,1,2,2.0,2.0,3.521403700655803,4.046661106621476,False,"detector signal, not ground truth"
docker/cli,purge,causal_rolling_mad,latency_log,latency_log,13,primary,2.5,sensitivity,2,primary,4,4,0,0,0.0,0,0,,,,,False,"detector signal, not ground truth"
docker/cli,train,causal_rolling_mad,latency_log,latency_log,13,primary,2.5,sensitivity,2,primary,36,22,14,5,0.22727272727272727,1,5,5.0,5.0,5.2070532703376555,8.28060684258533,False,"detector signal, not ground truth"
helm/helm,external_evaluation,causal_rolling_mad,latency_log,latency_log,13,primary,2.5,sensitivity,2,primary,46,45,1,0,0.0,0,0,,,,,True,"detector signal, not ground truth"
prometheus/prometheus,holdout,causal_rolling_mad,latency_log,latency_log,13,primary,2.5,sensitivity,2,primary,19,19,0,0,0.0,0,0,,,,,False,"detector signal, not ground truth"
prometheus/prometheus,purge,causal_rolling_mad,latency_log,latency_log,13,primary,2.5,sensitivity,2,primary,4,4,0,1,0.25,1,1,1.0,1.0,2.91877628114748,2.91877628114748,False,"detector signal, not ground truth"
prometheus/prometheus,train,causal_rolling_mad,latency_log,latency_log,13,primary,2.5,sensitivity,2,primary,36,22,14,0,0.0,0,0,,,,,False,"detector signal, not ground truth"
pytest-dev/pytest,external_evaluation,causal_rolling_mad,latency_log,latency_log,13,primary,2.5,sensitivity,2,primary,46,45,1,8,0.17777777777777778,3,8,2.0,4.0,4.723671904698111,18.618504091513024,True,"detector signal, not ground truth"
tektoncd/pipeline,holdout,causal_rolling_mad,latency_log,latency_log,13,primary,2.5,sensitivity,2,primary,19,19,0,1,0.05263157894736842,1,1,1.0,1.0,13.122197304536538,13.122197304536538,False,"detector signal, not ground truth"
tektoncd/pipeline,purge,causal_rolling_mad,latency_log,latency_log,13,primary,2.5,sensitivity,2,primary,4,4,0,0,0.0,0,0,,,,,False,"detector signal, not ground truth"
tektoncd/pipeline,train,causal_rolling_mad,latency_log,latency_log,13,primary,2.5,sensitivity,2,primary,36,22,14,0,0.0,0,0,,,,,False,"detector signal, not ground truth"
containerd/containerd,external_evaluation,causal_rolling_mad,latency_log,latency_log,13,primary,2.5,sensitivity,3,sensitivity,46,44,2,0,0.0,0,0,,,,,True,"detector signal, not ground truth"
docker/cli,holdout,causal_rolling_mad,latency_log,latency_log,13,primary,2.5,sensitivity,3,sensitivity,19,19,0,1,0.05263157894736842,1,1,1.0,1.0,2.9961462946901296,2.9961462946901296,False,"detector signal, not ground truth"
docker/cli,purge,causal_rolling_mad,latency_log,latency_log,13,primary,2.5,sensitivity,3,sensitivity,4,4,0,0,0.0,0,0,,,,,False,"detector signal, not ground truth"
docker/cli,train,causal_rolling_mad,latency_log,latency_log,13,primary,2.5,sensitivity,3,sensitivity,36,21,15,4,0.19047619047619047,1,4,4.0,4.0,5.135753741180982,8.28060684258533,False,"detector signal, not ground truth"
helm/helm,external_evaluation,causal_rolling_mad,latency_log,latency_log,13,primary,2.5,sensitivity,3,sensitivity,46,44,2,0,0.0,0,0,,,,,True,"detector signal, not ground truth"
prometheus/prometheus,holdout,causal_rolling_mad,latency_log,latency_log,13,primary,2.5,sensitivity,3,sensitivity,19,19,0,0,0.0,0,0,,,,,False,"detector signal, not ground truth"
prometheus/prometheus,purge,causal_rolling_mad,latency_log,latency_log,13,primary,2.5,sensitivity,3,sensitivity,4,4,0,0,0.0,0,0,,,,,False,"detector signal, not ground truth"
prometheus/prometheus,train,causal_rolling_mad,latency_log,latency_log,13,primary,2.5,sensitivity,3,sensitivity,36,21,15,0,0.0,0,0,,,,,False,"detector signal, not ground truth"
pytest-dev/pytest,external_evaluation,causal_rolling_mad,latency_log,latency_log,13,primary,2.5,sensitivity,3,sensitivity,46,44,2,5,0.11363636363636363,3,5,1.0,3.0,3.544918773267599,14.306243457146126,True,"detector signal, not ground truth"
tektoncd/pipeline,holdout,causal_rolling_mad,latency_log,latency_log,13,primary,2.5,sensitivity,3,sensitivity,19,19,0,0,0.0,0,0,,,,,False,"detector signal, not ground truth"
tektoncd/pipeline,purge,causal_rolling_mad,latency_log,latency_log,13,primary,2.5,sensitivity,3,sensitivity,4,4,0,0,0.0,0,0,,,,,False,"detector signal, not ground truth"
tektoncd/pipeline,train,causal_rolling_mad,latency_log,latency_log,13,primary,2.5,sensitivity,3,sensitivity,36,21,15,0,0.0,0,0,,,,,False,"detector signal, not ground truth"
containerd/containerd,external_evaluation,causal_rolling_mad,latency_log,latency_log,13,primary,2.5,sensitivity,4,sensitivity,46,43,3,0,0.0,0,0,,,,,True,"detector signal, not ground truth"
docker/cli,holdout,causal_rolling_mad,latency_log,latency_log,13,primary,2.5,sensitivity,4,sensitivity,19,19,0,0,0.0,0,0,,,,,False,"detector signal, not ground truth"
docker/cli,purge,causal_rolling_mad,latency_log,latency_log,13,primary,2.5,sensitivity,4,sensitivity,4,4,0,0,0.0,0,0,,,,,False,"detector signal, not ground truth"
docker/cli,train,causal_rolling_mad,latency_log,latency_log,13,primary,2.5,sensitivity,4,sensitivity,36,20,16,3,0.15,1,3,3.0,3.0,3.9149474776303497,6.356560004731613,False,"detector signal, not ground truth"
helm/helm,external_evaluation,causal_rolling_mad,latency_log,latency_log,13,primary,2.5,sensitivity,4,sensitivity,46,43,3,0,0.0,0,0,,,,,True,"detector signal, not ground truth"
prometheus/prometheus,holdout,causal_rolling_mad,latency_log,latency_log,13,primary,2.5,sensitivity,4,sensitivity,19,19,0,0,0.0,0,0,,,,,False,"detector signal, not ground truth"
prometheus/prometheus,purge,causal_rolling_mad,latency_log,latency_log,13,primary,2.5,sensitivity,4,sensitivity,4,4,0,0,0.0,0,0,,,,,False,"detector signal, not ground truth"
prometheus/prometheus,train,causal_rolling_mad,latency_log,latency_log,13,primary,2.5,sensitivity,4,sensitivity,36,20,16,0,0.0,0,0,,,,,False,"detector signal, not ground truth"
pytest-dev/pytest,external_evaluation,causal_rolling_mad,latency_log,latency_log,13,primary,2.5,sensitivity,4,sensitivity,46,43,3,2,0.046511627906976744,1,2,2.0,2.0,3.1802697039710806,3.544918773267599,True,"detector signal, not ground truth"
tektoncd/pipeline,holdout,causal_rolling_mad,latency_log,latency_log,13,primary,2.5,sensitivity,4,sensitivity,19,19,0,0,0.0,0,0,,,,,False,"detector signal, not ground truth"
tektoncd/pipeline,purge,causal_rolling_mad,latency_log,latency_log,13,primary,2.5,sensitivity,4,sensitivity,4,4,0,0,0.0,0,0,,,,,False,"detector signal, not ground truth"
tektoncd/pipeline,train,causal_rolling_mad,latency_log,latency_log,13,primary,2.5,sensitivity,4,sensitivity,36,20,16,0,0.0,0,0,,,,,False,"detector signal, not ground truth"
containerd/containerd,external_evaluation,causal_rolling_mad,failure_rate,failure_rate,13,primary,2.5,sensitivity,1,sensitivity,46,46,0,6,0.13043478260869565,4,6,1.5,2.0,3.919493193145239,4.3374919456902585,True,"detector signal, not ground truth"
docker/cli,holdout,causal_rolling_mad,failure_rate,failure_rate,13,primary,2.5,sensitivity,1,sensitivity,19,19,0,2,0.10526315789473684,1,2,2.0,2.0,10.631785976960574,18.3338402155632,False,"detector signal, not ground truth"
docker/cli,purge,causal_rolling_mad,failure_rate,failure_rate,13,primary,2.5,sensitivity,1,sensitivity,4,4,0,0,0.0,0,0,,,,,False,"detector signal, not ground truth"
docker/cli,train,causal_rolling_mad,failure_rate,failure_rate,13,primary,2.5,sensitivity,1,sensitivity,36,23,13,1,0.043478260869565216,1,1,1.0,1.0,2.509797258058759,2.509797258058759,False,"detector signal, not ground truth"
helm/helm,external_evaluation,causal_rolling_mad,failure_rate,failure_rate,13,primary,2.5,sensitivity,1,sensitivity,46,46,0,6,0.13043478260869565,5,6,1.0,2.0,3.7918343640863994,6.688956122495133,True,"detector signal, not ground truth"
prometheus/prometheus,holdout,causal_rolling_mad,failure_rate,failure_rate,13,primary,2.5,sensitivity,1,sensitivity,19,19,0,0,0.0,0,0,,,,,False,"detector signal, not ground truth"
prometheus/prometheus,purge,causal_rolling_mad,failure_rate,failure_rate,13,primary,2.5,sensitivity,1,sensitivity,4,4,0,0,0.0,0,0,,,,,False,"detector signal, not ground truth"
prometheus/prometheus,train,causal_rolling_mad,failure_rate,failure_rate,13,primary,2.5,sensitivity,1,sensitivity,36,23,13,0,0.0,0,0,,,,,False,"detector signal, not ground truth"
pytest-dev/pytest,external_evaluation,causal_rolling_mad,failure_rate,failure_rate,13,primary,2.5,sensitivity,1,sensitivity,46,46,0,2,0.043478260869565216,2,2,1.0,1.0,3.6753331397838154,4.252224353222015,True,"detector signal, not ground truth"
tektoncd/pipeline,holdout,causal_rolling_mad,failure_rate,failure_rate,13,primary,2.5,sensitivity,1,sensitivity,19,19,0,3,0.15789473684210525,2,3,1.5,2.0,3.742027082879615,7.072157418804079,False,"detector signal, not ground truth"
tektoncd/pipeline,purge,causal_rolling_mad,failure_rate,failure_rate,13,primary,2.5,sensitivity,1,sensitivity,4,4,0,0,0.0,0,0,,,,,False,"detector signal, not ground truth"
tektoncd/pipeline,train,causal_rolling_mad,failure_rate,failure_rate,13,primary,2.5,sensitivity,1,sensitivity,36,23,13,1,0.043478260869565216,1,1,1.0,1.0,2.7442942817262153,2.7442942817262153,False,"detector signal, not ground truth"
containerd/containerd,external_evaluation,causal_rolling_mad,failure_rate,failure_rate,13,primary,2.5,sensitivity,2,primary,46,45,1,2,0.044444444444444446,2,2,1.0,1.0,3.919493193145239,3.921574809606326,True,"detector signal, not ground truth"
docker/cli,holdout,causal_rolling_mad,failure_rate,failure_rate,13,primary,2.5,sensitivity,2,primary,19,19,0,1,0.05263157894736842,1,1,1.0,1.0,2.929731738357949,2.929731738357949,False,"detector signal, not ground truth"
docker/cli,purge,causal_rolling_mad,failure_rate,failure_rate,13,primary,2.5,sensitivity,2,primary,4,4,0,0,0.0,0,0,,,,,False,"detector signal, not ground truth"
docker/cli,train,causal_rolling_mad,failure_rate,failure_rate,13,primary,2.5,sensitivity,2,primary,36,22,14,0,0.0,0,0,,,,,False,"detector signal, not ground truth"
helm/helm,external_evaluation,causal_rolling_mad,failure_rate,failure_rate,13,primary,2.5,sensitivity,2,primary,46,45,1,1,0.022222222222222223,1,1,1.0,1.0,3.159802864546907,3.159802864546907,True,"detector signal, not ground truth"
prometheus/prometheus,holdout,causal_rolling_mad,failure_rate,failure_rate,13,primary,2.5,sensitivity,2,primary,19,19,0,0,0.0,0,0,,,,,False,"detector signal, not ground truth"
prometheus/prometheus,purge,causal_rolling_mad,failure_rate,failure_rate,13,primary,2.5,sensitivity,2,primary,4,4,0,0,0.0,0,0,,,,,False,"detector signal, not ground truth"
prometheus/prometheus,train,causal_rolling_mad,failure_rate,failure_rate,13,primary,2.5,sensitivity,2,primary,36,22,14,0,0.0,0,0,,,,,False,"detector signal, not ground truth"
pytest-dev/pytest,external_evaluation,causal_rolling_mad,failure_rate,failure_rate,13,primary,2.5,sensitivity,2,primary,46,45,1,0,0.0,0,0,,,,,True,"detector signal, not ground truth"
tektoncd/pipeline,holdout,causal_rolling_mad,failure_rate,failure_rate,13,primary,2.5,sensitivity,2,primary,19,19,0,1,0.05263157894736842,1,1,1.0,1.0,7.072157418804079,7.072157418804079,False,"detector signal, not ground truth"
tektoncd/pipeline,purge,causal_rolling_mad,failure_rate,failure_rate,13,primary,2.5,sensitivity,2,primary,4,4,0,0,0.0,0,0,,,,,False,"detector signal, not ground truth"
tektoncd/pipeline,train,causal_rolling_mad,failure_rate,failure_rate,13,primary,2.5,sensitivity,2,primary,36,22,14,0,0.0,0,0,,,,,False,"detector signal, not ground truth"
containerd/containerd,external_evaluation,causal_rolling_mad,failure_rate,failure_rate,13,primary,2.5,sensitivity,3,sensitivity,46,44,2,0,0.0,0,0,,,,,True,"detector signal, not ground truth"
docker/cli,holdout,causal_rolling_mad,failure_rate,failure_rate,13,primary,2.5,sensitivity,3,sensitivity,19,19,0,0,0.0,0,0,,,,,False,"detector signal, not ground truth"
docker/cli,purge,causal_rolling_mad,failure_rate,failure_rate,13,primary,2.5,sensitivity,3,sensitivity,4,4,0,0,0.0,0,0,,,,,False,"detector signal, not ground truth"
docker/cli,train,causal_rolling_mad,failure_rate,failure_rate,13,primary,2.5,sensitivity,3,sensitivity,36,21,15,0,0.0,0,0,,,,,False,"detector signal, not ground truth"
helm/helm,external_evaluation,causal_rolling_mad,failure_rate,failure_rate,13,primary,2.5,sensitivity,3,sensitivity,46,44,2,0,0.0,0,0,,,,,True,"detector signal, not ground truth"
prometheus/prometheus,holdout,causal_rolling_mad,failure_rate,failure_rate,13,primary,2.5,sensitivity,3,sensitivity,19,19,0,0,0.0,0,0,,,,,False,"detector signal, not ground truth"
prometheus/prometheus,purge,causal_rolling_mad,failure_rate,failure_rate,13,primary,2.5,sensitivity,3,sensitivity,4,4,0,0,0.0,0,0,,,,,False,"detector signal, not ground truth"
prometheus/prometheus,train,causal_rolling_mad,failure_rate,failure_rate,13,primary,2.5,sensitivity,3,sensitivity,36,21,15,0,0.0,0,0,,,,,False,"detector signal, not ground truth"
pytest-dev/pytest,external_evaluation,causal_rolling_mad,failure_rate,failure_rate,13,primary,2.5,sensitivity,3,sensitivity,46,44,2,0,0.0,0,0,,,,,True,"detector signal, not ground truth"
tektoncd/pipeline,holdout,causal_rolling_mad,failure_rate,failure_rate,13,primary,2.5,sensitivity,3,sensitivity,19,19,0,0,0.0,0,0,,,,,False,"detector signal, not ground truth"
tektoncd/pipeline,purge,causal_rolling_mad,failure_rate,failure_rate,13,primary,2.5,sensitivity,3,sensitivity,4,4,0,0,0.0,0,0,,,,,False,"detector signal, not ground truth"
tektoncd/pipeline,train,causal_rolling_mad,failure_rate,failure_rate,13,primary,2.5,sensitivity,3,sensitivity,36,21,15,0,0.0,0,0,,,,,False,"detector signal, not ground truth"
containerd/containerd,external_evaluation,causal_rolling_mad,failure_rate,failure_rate,13,primary,2.5,sensitivity,4,sensitivity,46,43,3,0,0.0,0,0,,,,,True,"detector signal, not ground truth"
docker/cli,holdout,causal_rolling_mad,failure_rate,failure_rate,13,primary,2.5,sensitivity,4,sensitivity,19,19,0,0,0.0,0,0,,,,,False,"detector signal, not ground truth"
docker/cli,purge,causal_rolling_mad,failure_rate,failure_rate,13,primary,2.5,sensitivity,4,sensitivity,4,4,0,0,0.0,0,0,,,,,False,"detector signal, not ground truth"
docker/cli,train,causal_rolling_mad,failure_rate,failure_rate,13,primary,2.5,sensitivity,4,sensitivity,36,20,16,0,0.0,0,0,,,,,False,"detector signal, not ground truth"
helm/helm,external_evaluation,causal_rolling_mad,failure_rate,failure_rate,13,primary,2.5,sensitivity,4,sensitivity,46,43,3,0,0.0,0,0,,,,,True,"detector signal, not ground truth"
prometheus/prometheus,holdout,causal_rolling_mad,failure_rate,failure_rate,13,primary,2.5,sensitivity,4,sensitivity,19,19,0,0,0.0,0,0,,,,,False,"detector signal, not ground truth"
prometheus/prometheus,purge,causal_rolling_mad,failure_rate,failure_rate,13,primary,2.5,sensitivity,4,sensitivity,4,4,0,0,0.0,0,0,,,,,False,"detector signal, not ground truth"
prometheus/prometheus,train,causal_rolling_mad,failure_rate,failure_rate,13,primary,2.5,sensitivity,4,sensitivity,36,20,16,0,0.0,0,0,,,,,False,"detector signal, not ground truth"
pytest-dev/pytest,external_evaluation,causal_rolling_mad,failure_rate,failure_rate,13,primary,2.5,sensitivity,4,sensitivity,46,43,3,0,0.0,0,0,,,,,True,"detector signal, not ground truth"
tektoncd/pipeline,holdout,causal_rolling_mad,failure_rate,failure_rate,13,primary,2.5,sensitivity,4,sensitivity,19,19,0,0,0.0,0,0,,,,,False,"detector signal, not ground truth"
tektoncd/pipeline,purge,causal_rolling_mad,failure_rate,failure_rate,13,primary,2.5,sensitivity,4,sensitivity,4,4,0,0,0.0,0,0,,,,,False,"detector signal, not ground truth"
tektoncd/pipeline,train,causal_rolling_mad,failure_rate,failure_rate,13,primary,2.5,sensitivity,4,sensitivity,36,20,16,0,0.0,0,0,,,,,False,"detector signal, not ground truth"
containerd/containerd,external_evaluation,causal_rolling_mad,rerun_rate,rerun_rate,13,primary,2.5,sensitivity,1,sensitivity,46,46,0,4,0.08695652173913043,4,4,1.0,1.0,2.7246139404703986,3.0455007448920686,True,"detector signal, not ground truth"
docker/cli,holdout,causal_rolling_mad,rerun_rate,rerun_rate,13,primary,2.5,sensitivity,1,sensitivity,19,19,0,2,0.10526315789473684,2,2,1.0,1.0,4.308847966547928,5.922183017036058,False,"detector signal, not ground truth"
docker/cli,purge,causal_rolling_mad,rerun_rate,rerun_rate,13,primary,2.5,sensitivity,1,sensitivity,4,4,0,2,0.5,1,2,2.0,2.0,4.645845839796678,6.515426114675644,False,"detector signal, not ground truth"
docker/cli,train,causal_rolling_mad,rerun_rate,rerun_rate,13,primary,2.5,sensitivity,1,sensitivity,36,23,13,6,0.2608695652173913,3,6,1.0,4.0,4.971179996798292,102.16286703538766,False,"detector signal, not ground truth"
helm/helm,external_evaluation,causal_rolling_mad,rerun_rate,rerun_rate,13,primary,2.5,sensitivity,1,sensitivity,46,46,0,5,0.10869565217391304,3,5,2.0,2.0,3.839408938559086,4.043896011054022,True,"detector signal, not ground truth"
prometheus/prometheus,holdout,causal_rolling_mad,rerun_rate,rerun_rate,13,primary,2.5,sensitivity,1,sensitivity,19,19,0,1,0.05263157894736842,1,1,1.0,1.0,3.09623413478392,3.09623413478392,False,"detector signal, not ground truth"
prometheus/prometheus,purge,causal_rolling_mad,rerun_rate,rerun_rate,13,primary,2.5,sensitivity,1,sensitivity,4,4,0,0,0.0,0,0,,,,,False,"detector signal, not ground truth"
prometheus/prometheus,train,causal_rolling_mad,rerun_rate,rerun_rate,13,primary,2.5,sensitivity,1,sensitivity,36,23,13,4,0.17391304347826086,3,4,1.0,2.0,4.029552406339906,4.376397848365001,False,"detector signal, not ground truth"
pytest-dev/pytest,external_evaluation,causal_rolling_mad,rerun_rate,rerun_rate,13,primary,2.5,sensitivity,1,sensitivity,46,7,39,2,0.2857142857142857,2,2,1.0,1.0,3.005955867361002,3.164629614540934,True,"detector signal, not ground truth"
tektoncd/pipeline,holdout,causal_rolling_mad,rerun_rate,rerun_rate,13,primary,2.5,sensitivity,1,sensitivity,19,19,0,0,0.0,0,0,,,,,False,"detector signal, not ground truth"
tektoncd/pipeline,purge,causal_rolling_mad,rerun_rate,rerun_rate,13,primary,2.5,sensitivity,1,sensitivity,4,4,0,0,0.0,0,0,,,,,False,"detector signal, not ground truth"
tektoncd/pipeline,train,causal_rolling_mad,rerun_rate,rerun_rate,13,primary,2.5,sensitivity,1,sensitivity,36,23,13,3,0.13043478260869565,2,3,1.5,2.0,6.087790082124353,6.405858763799098,False,"detector signal, not ground truth"
containerd/containerd,external_evaluation,causal_rolling_mad,rerun_rate,rerun_rate,13,primary,2.5,sensitivity,2,primary,46,45,1,0,0.0,0,0,,,,,True,"detector signal, not ground truth"
docker/cli,holdout,causal_rolling_mad,rerun_rate,rerun_rate,13,primary,2.5,sensitivity,2,primary,19,19,0,0,0.0,0,0,,,,,False,"detector signal, not ground truth"
docker/cli,purge,causal_rolling_mad,rerun_rate,rerun_rate,13,primary,2.5,sensitivity,2,primary,4,4,0,1,0.25,1,1,1.0,1.0,6.515426114675644,6.515426114675644,False,"detector signal, not ground truth"
docker/cli,train,causal_rolling_mad,rerun_rate,rerun_rate,13,primary,2.5,sensitivity,2,primary,36,22,14,3,0.13636363636363635,1,3,3.0,3.0,6.036178725671246,32.71964449449341,False,"detector signal, not ground truth"
helm/helm,external_evaluation,causal_rolling_mad,rerun_rate,rerun_rate,13,primary,2.5,sensitivity,2,primary,46,45,1,2,0.044444444444444446,2,2,1.0,1.0,3.639285306626461,3.839408938559086,True,"detector signal, not ground truth"
prometheus/prometheus,holdout,causal_rolling_mad,rerun_rate,rerun_rate,13,primary,2.5,sensitivity,2,primary,19,19,0,0,0.0,0,0,,,,,False,"detector signal, not ground truth"
prometheus/prometheus,purge,causal_rolling_mad,rerun_rate,rerun_rate,13,primary,2.5,sensitivity,2,primary,4,4,0,0,0.0,0,0,,,,,False,"detector signal, not ground truth"
prometheus/prometheus,train,causal_rolling_mad,rerun_rate,rerun_rate,13,primary,2.5,sensitivity,2,primary,36,22,14,1,0.045454545454545456,1,1,1.0,1.0,4.376397848365001,4.376397848365001,False,"detector signal, not ground truth"
pytest-dev/pytest,external_evaluation,causal_rolling_mad,rerun_rate,rerun_rate,13,primary,2.5,sensitivity,2,primary,46,6,40,0,0.0,0,0,,,,,True,"detector signal, not ground truth"
tektoncd/pipeline,holdout,causal_rolling_mad,rerun_rate,rerun_rate,13,primary,2.5,sensitivity,2,primary,19,19,0,0,0.0,0,0,,,,,False,"detector signal, not ground truth"
tektoncd/pipeline,purge,causal_rolling_mad,rerun_rate,rerun_rate,13,primary,2.5,sensitivity,2,primary,4,4,0,0,0.0,0,0,,,,,False,"detector signal, not ground truth"
tektoncd/pipeline,train,causal_rolling_mad,rerun_rate,rerun_rate,13,primary,2.5,sensitivity,2,primary,36,22,14,1,0.045454545454545456,1,1,1.0,1.0,6.405858763799098,6.405858763799098,False,"detector signal, not ground truth"
containerd/containerd,external_evaluation,causal_rolling_mad,rerun_rate,rerun_rate,13,primary,2.5,sensitivity,3,sensitivity,46,44,2,0,0.0,0,0,,,,,True,"detector signal, not ground truth"
docker/cli,holdout,causal_rolling_mad,rerun_rate,rerun_rate,13,primary,2.5,sensitivity,3,sensitivity,19,19,0,0,0.0,0,0,,,,,False,"detector signal, not ground truth"
docker/cli,purge,causal_rolling_mad,rerun_rate,rerun_rate,13,primary,2.5,sensitivity,3,sensitivity,4,4,0,0,0.0,0,0,,,,,False,"detector signal, not ground truth"
docker/cli,train,causal_rolling_mad,rerun_rate,rerun_rate,13,primary,2.5,sensitivity,3,sensitivity,36,21,15,2,0.09523809523809523,1,2,2.0,2.0,4.971179996798292,6.036178725671246,False,"detector signal, not ground truth"
helm/helm,external_evaluation,causal_rolling_mad,rerun_rate,rerun_rate,13,primary,2.5,sensitivity,3,sensitivity,46,44,2,0,0.0,0,0,,,,,True,"detector signal, not ground truth"
prometheus/prometheus,holdout,causal_rolling_mad,rerun_rate,rerun_rate,13,primary,2.5,sensitivity,3,sensitivity,19,19,0,0,0.0,0,0,,,,,False,"detector signal, not ground truth"
prometheus/prometheus,purge,causal_rolling_mad,rerun_rate,rerun_rate,13,primary,2.5,sensitivity,3,sensitivity,4,4,0,0,0.0,0,0,,,,,False,"detector signal, not ground truth"
prometheus/prometheus,train,causal_rolling_mad,rerun_rate,rerun_rate,13,primary,2.5,sensitivity,3,sensitivity,36,21,15,0,0.0,0,0,,,,,False,"detector signal, not ground truth"
pytest-dev/pytest,external_evaluation,causal_rolling_mad,rerun_rate,rerun_rate,13,primary,2.5,sensitivity,3,sensitivity,46,5,41,0,0.0,0,0,,,,,True,"detector signal, not ground truth"
tektoncd/pipeline,holdout,causal_rolling_mad,rerun_rate,rerun_rate,13,primary,2.5,sensitivity,3,sensitivity,19,19,0,0,0.0,0,0,,,,,False,"detector signal, not ground truth"
tektoncd/pipeline,purge,causal_rolling_mad,rerun_rate,rerun_rate,13,primary,2.5,sensitivity,3,sensitivity,4,4,0,0,0.0,0,0,,,,,False,"detector signal, not ground truth"
tektoncd/pipeline,train,causal_rolling_mad,rerun_rate,rerun_rate,13,primary,2.5,sensitivity,3,sensitivity,36,21,15,0,0.0,0,0,,,,,False,"detector signal, not ground truth"
containerd/containerd,external_evaluation,causal_rolling_mad,rerun_rate,rerun_rate,13,primary,2.5,sensitivity,4,sensitivity,46,43,3,0,0.0,0,0,,,,,True,"detector signal, not ground truth"
docker/cli,holdout,causal_rolling_mad,rerun_rate,rerun_rate,13,primary,2.5,sensitivity,4,sensitivity,19,19,0,0,0.0,0,0,,,,,False,"detector signal, not ground truth"
docker/cli,purge,causal_rolling_mad,rerun_rate,rerun_rate,13,primary,2.5,sensitivity,4,sensitivity,4,4,0,0,0.0,0,0,,,,,False,"detector signal, not ground truth"
docker/cli,train,causal_rolling_mad,rerun_rate,rerun_rate,13,primary,2.5,sensitivity,4,sensitivity,36,20,16,1,0.05,1,1,1.0,1.0,6.036178725671246,6.036178725671246,False,"detector signal, not ground truth"
helm/helm,external_evaluation,causal_rolling_mad,rerun_rate,rerun_rate,13,primary,2.5,sensitivity,4,sensitivity,46,43,3,0,0.0,0,0,,,,,True,"detector signal, not ground truth"
prometheus/prometheus,holdout,causal_rolling_mad,rerun_rate,rerun_rate,13,primary,2.5,sensitivity,4,sensitivity,19,19,0,0,0.0,0,0,,,,,False,"detector signal, not ground truth"
prometheus/prometheus,purge,causal_rolling_mad,rerun_rate,rerun_rate,13,primary,2.5,sensitivity,4,sensitivity,4,4,0,0,0.0,0,0,,,,,False,"detector signal, not ground truth"
prometheus/prometheus,train,causal_rolling_mad,rerun_rate,rerun_rate,13,primary,2.5,sensitivity,4,sensitivity,36,20,16,0,0.0,0,0,,,,,False,"detector signal, not ground truth"
pytest-dev/pytest,external_evaluation,causal_rolling_mad,rerun_rate,rerun_rate,13,primary,2.5,sensitivity,4,sensitivity,46,4,42,0,0.0,0,0,,,,,True,"detector signal, not ground truth"
tektoncd/pipeline,holdout,causal_rolling_mad,rerun_rate,rerun_rate,13,primary,2.5,sensitivity,4,sensitivity,19,19,0,0,0.0,0,0,,,,,False,"detector signal, not ground truth"
tektoncd/pipeline,purge,causal_rolling_mad,rerun_rate,rerun_rate,13,primary,2.5,sensitivity,4,sensitivity,4,4,0,0,0.0,0,0,,,,,False,"detector signal, not ground truth"
tektoncd/pipeline,train,causal_rolling_mad,rerun_rate,rerun_rate,13,primary,2.5,sensitivity,4,sensitivity,36,20,16,0,0.0,0,0,,,,,False,"detector signal, not ground truth"
containerd/containerd,external_evaluation,causal_rolling_mad,union,composite,13,primary,2.5,sensitivity,1,sensitivity,46,46,0,11,0.2391304347826087,8,11,1.0,2.0,3.0455007448920686,4.3374919456902585,True,"detector signal, not ground truth"
docker/cli,holdout,causal_rolling_mad,union,composite,13,primary,2.5,sensitivity,1,sensitivity,19,19,0,6,0.3157894736842105,3,6,1.0,4.0,4.536978059533997,18.3338402155632,False,"detector signal, not ground truth"
docker/cli,purge,causal_rolling_mad,union,composite,13,primary,2.5,sensitivity,1,sensitivity,4,4,0,3,0.75,2,3,1.5,2.0,3.6235252024070355,6.515426114675644,False,"detector signal, not ground truth"
docker/cli,train,causal_rolling_mad,union,composite,13,primary,2.5,sensitivity,1,sensitivity,36,23,13,12,0.5217391304347826,3,12,4.0,7.0,4.749542255616236,102.16286703538766,False,"detector signal, not ground truth"
helm/helm,external_evaluation,causal_rolling_mad,union,composite,13,primary,2.5,sensitivity,1,sensitivity,46,46,0,14,0.30434782608695654,7,14,2.0,4.0,3.840036825843727,6.688956122495133,True,"detector signal, not ground truth"
prometheus/prometheus,holdout,causal_rolling_mad,union,composite,13,primary,2.5,sensitivity,1,sensitivity,19,19,0,1,0.05263157894736842,1,1,1.0,1.0,3.09623413478392,3.09623413478392,False,"detector signal, not ground truth"
prometheus/prometheus,purge,causal_rolling_mad,union,composite,13,primary,2.5,sensitivity,1,sensitivity,4,4,0,2,0.5,1,2,2.0,2.0,2.895804873932187,2.91877628114748,False,"detector signal, not ground truth"
prometheus/prometheus,train,causal_rolling_mad,union,composite,13,primary,2.5,sensitivity,1,sensitivity,36,23,13,4,0.17391304347826086,3,4,1.0,2.0,4.029552406339906,4.376397848365001,False,"detector signal, not ground truth"
pytest-dev/pytest,external_evaluation,causal_rolling_mad,union,composite,13,primary,2.5,sensitivity,1,sensitivity,46,7,39,4,0.5714285714285714,2,4,2.0,3.0,4.723671904698111,5.626189706050051,True,"detector signal, not ground truth"
tektoncd/pipeline,holdout,causal_rolling_mad,union,composite,13,primary,2.5,sensitivity,1,sensitivity,19,19,0,5,0.2631578947368421,1,5,5.0,5.0,4.380642499777606,13.122197304536538,False,"detector signal, not ground truth"
tektoncd/pipeline,purge,causal_rolling_mad,union,composite,13,primary,2.5,sensitivity,1,sensitivity,4,4,0,2,0.5,2,2,1.0,1.0,8.896807591828338,10.80790937171276,False,"detector signal, not ground truth"
tektoncd/pipeline,train,causal_rolling_mad,union,composite,13,primary,2.5,sensitivity,1,sensitivity,36,23,13,6,0.2608695652173913,5,6,1.0,2.0,4.471195599863626,25.84740378940678,False,"detector signal, not ground truth"
containerd/containerd,external_evaluation,causal_rolling_mad,union,composite,13,primary,2.5,sensitivity,2,primary,46,45,1,3,0.06666666666666667,3,3,1.0,1.0,3.917411576684152,3.921574809606326,True,"detector signal, not ground truth"
docker/cli,holdout,causal_rolling_mad,union,composite,13,primary,2.5,sensitivity,2,primary,19,19,0,3,0.15789473684210525,1,3,3.0,3.0,3.1517731020319353,18.3338402155632,False,"detector signal, not ground truth"
docker/cli,purge,causal_rolling_mad,union,composite,13,primary,2.5,sensitivity,2,primary,4,4,0,1,0.25,1,1,1.0,1.0,6.515426114675644,6.515426114675644,False,"detector signal, not ground truth"
docker/cli,train,causal_rolling_mad,union,composite,13,primary,2.5,sensitivity,2,primary,36,22,14,9,0.4090909090909091,2,9,4.5,6.0,5.2070532703376555,32.71964449449341,False,"detector signal, not ground truth"
helm/helm,external_evaluation,causal_rolling_mad,union,composite,13,primary,2.5,sensitivity,2,primary,46,45,1,7,0.15555555555555556,4,7,1.5,3.0,3.4391616746938367,4.965174497901871,True,"detector signal, not ground truth"
prometheus/prometheus,holdout,causal_rolling_mad,union,composite,13,primary,2.5,sensitivity,2,primary,19,19,0,0,0.0,0,0,,,,,False,"detector signal, not ground truth"
prometheus/prometheus,purge,causal_rolling_mad,union,composite,13,primary,2.5,sensitivity,2,primary,4,4,0,1,0.25,1,1,1.0,1.0,2.91877628114748,2.91877628114748,False,"detector signal, not ground truth"
prometheus/prometheus,train,causal_rolling_mad,union,composite,13,primary,2.5,sensitivity,2,primary,36,22,14,1,0.045454545454545456,1,1,1.0,1.0,4.376397848365001,4.376397848365001,False,"detector signal, not ground truth"
pytest-dev/pytest,external_evaluation,causal_rolling_mad,union,composite,13,primary,2.5,sensitivity,2,primary,46,6,40,2,0.3333333333333333,1,2,2.0,2.0,4.723671904698111,4.898825432958944,True,"detector signal, not ground truth"
tektoncd/pipeline,holdout,causal_rolling_mad,union,composite,13,primary,2.5,sensitivity,2,primary,19,19,0,4,0.21052631578947367,1,4,4.0,4.0,5.407092250841847,13.122197304536538,False,"detector signal, not ground truth"
tektoncd/pipeline,purge,causal_rolling_mad,union,composite,13,primary,2.5,sensitivity,2,primary,4,4,0,0,0.0,0,0,,,,,False,"detector signal, not ground truth"
tektoncd/pipeline,train,causal_rolling_mad,union,composite,13,primary,2.5,sensitivity,2,primary,36,22,14,1,0.045454545454545456,1,1,1.0,1.0,6.405858763799098,6.405858763799098,False,"detector signal, not ground truth"
containerd/containerd,external_evaluation,causal_rolling_mad,union,composite,13,primary,2.5,sensitivity,3,sensitivity,46,44,2,0,0.0,0,0,,,,,True,"detector signal, not ground truth"
docker/cli,holdout,causal_rolling_mad,union,composite,13,primary,2.5,sensitivity,3,sensitivity,19,19,0,2,0.10526315789473684,1,2,2.0,2.0,10.664993255126664,18.3338402155632,False,"detector signal, not ground truth"
docker/cli,purge,causal_rolling_mad,union,composite,13,primary,2.5,sensitivity,3,sensitivity,4,4,0,0,0.0,0,0,,,,,False,"detector signal, not ground truth"
docker/cli,train,causal_rolling_mad,union,composite,13,primary,2.5,sensitivity,3,sensitivity,36,21,15,7,0.3333333333333333,2,7,3.5,5.0,3.9149474776303497,8.28060684258533,False,"detector signal, not ground truth"
helm/helm,external_evaluation,causal_rolling_mad,union,composite,13,primary,2.5,sensitivity,3,sensitivity,46,44,2,3,0.06818181818181818,2,3,1.5,2.0,2.9227932910652488,4.965174497901871,True,"detector signal, not ground truth"
prometheus/prometheus,holdout,causal_rolling_mad,union,composite,13,primary,2.5,sensitivity,3,sensitivity,19,19,0,0,0.0,0,0,,,,,False,"detector signal, not ground truth"
prometheus/prometheus,purge,causal_rolling_mad,union,composite,13,primary,2.5,sensitivity,3,sensitivity,4,4,0,0,0.0,0,0,,,,,False,"detector signal, not ground truth"
prometheus/prometheus,train,causal_rolling_mad,union,composite,13,primary,2.5,sensitivity,3,sensitivity,36,21,15,0,0.0,0,0,,,,,False,"detector signal, not ground truth"
pytest-dev/pytest,external_evaluation,causal_rolling_mad,union,composite,13,primary,2.5,sensitivity,3,sensitivity,46,5,41,1,0.2,1,1,1.0,1.0,4.548518376437277,4.548518376437277,True,"detector signal, not ground truth"
tektoncd/pipeline,holdout,causal_rolling_mad,union,composite,13,primary,2.5,sensitivity,3,sensitivity,19,19,0,3,0.15789473684210525,1,3,3.0,3.0,7.072157418804079,13.122197304536538,False,"detector signal, not ground truth"
tektoncd/pipeline,purge,causal_rolling_mad,union,composite,13,primary,2.5,sensitivity,3,sensitivity,4,4,0,0,0.0,0,0,,,,,False,"detector signal, not ground truth"
tektoncd/pipeline,train,causal_rolling_mad,union,composite,13,primary,2.5,sensitivity,3,sensitivity,36,21,15,0,0.0,0,0,,,,,False,"detector signal, not ground truth"
containerd/containerd,external_evaluation,causal_rolling_mad,union,composite,13,primary,2.5,sensitivity,4,sensitivity,46,43,3,0,0.0,0,0,,,,,True,"detector signal, not ground truth"
docker/cli,holdout,causal_rolling_mad,union,composite,13,primary,2.5,sensitivity,4,sensitivity,19,19,0,1,0.05263157894736842,1,1,1.0,1.0,2.9961462946901296,2.9961462946901296,False,"detector signal, not ground truth"
docker/cli,purge,causal_rolling_mad,union,composite,13,primary,2.5,sensitivity,4,sensitivity,4,4,0,0,0.0,0,0,,,,,False,"detector signal, not ground truth"
docker/cli,train,causal_rolling_mad,union,composite,13,primary,2.5,sensitivity,4,sensitivity,36,20,16,5,0.25,2,5,2.5,4.0,3.9149474776303497,6.356560004731613,False,"detector signal, not ground truth"
helm/helm,external_evaluation,causal_rolling_mad,union,composite,13,primary,2.5,sensitivity,4,sensitivity,46,43,3,1,0.023255813953488372,1,1,1.0,1.0,2.709637936968918,2.709637936968918,True,"detector signal, not ground truth"
prometheus/prometheus,holdout,causal_rolling_mad,union,composite,13,primary,2.5,sensitivity,4,sensitivity,19,19,0,0,0.0,0,0,,,,,False,"detector signal, not ground truth"
prometheus/prometheus,purge,causal_rolling_mad,union,composite,13,primary,2.5,sensitivity,4,sensitivity,4,4,0,0,0.0,0,0,,,,,False,"detector signal, not ground truth"
prometheus/prometheus,train,causal_rolling_mad,union,composite,13,primary,2.5,sensitivity,4,sensitivity,36,20,16,0,0.0,0,0,,,,,False,"detector signal, not ground truth"
pytest-dev/pytest,external_evaluation,causal_rolling_mad,union,composite,13,primary,2.5,sensitivity,4,sensitivity,46,4,42,0,0.0,0,0,,,,,True,"detector signal, not ground truth"
tektoncd/pipeline,holdout,causal_rolling_mad,union,composite,13,primary,2.5,sensitivity,4,sensitivity,19,19,0,2,0.10526315789473684,1,2,2.0,2.0,10.097177361670308,13.122197304536538,False,"detector signal, not ground truth"
tektoncd/pipeline,purge,causal_rolling_mad,union,composite,13,primary,2.5,sensitivity,4,sensitivity,4,4,0,0,0.0,0,0,,,,,False,"detector signal, not ground truth"
tektoncd/pipeline,train,causal_rolling_mad,union,composite,13,primary,2.5,sensitivity,4,sensitivity,36,20,16,0,0.0,0,0,,,,,False,"detector signal, not ground truth"
containerd/containerd,external_evaluation,causal_rolling_mad,two_of_three,composite,13,primary,2.5,sensitivity,1,sensitivity,46,46,0,0,0.0,0,0,,,,,True,"detector signal, not ground truth"
docker/cli,holdout,causal_rolling_mad,two_of_three,composite,13,primary,2.5,sensitivity,1,sensitivity,19,19,0,2,0.10526315789473684,1,2,2.0,2.0,10.664993255126664,18.3338402155632,False,"detector signal, not ground truth"
docker/cli,purge,causal_rolling_mad,two_of_three,composite,13,primary,2.5,sensitivity,1,sensitivity,4,4,0,0,0.0,0,0,,,,,False,"detector signal, not ground truth"
docker/cli,train,causal_rolling_mad,two_of_three,composite,13,primary,2.5,sensitivity,1,sensitivity,36,23,13,2,0.08695652173913043,2,2,1.0,1.0,55.221736938986496,102.16286703538766,False,"detector signal, not ground truth"
helm/helm,external_evaluation,causal_rolling_mad,two_of_three,composite,13,primary,2.5,sensitivity,1,sensitivity,46,46,0,1,0.021739130434782608,1,1,1.0,1.0,5.991064981233288,5.991064981233288,True,"detector signal, not ground truth"
prometheus/prometheus,holdout,causal_rolling_mad,two_of_three,composite,13,primary,2.5,sensitivity,1,sensitivity,19,19,0,0,0.0,0,0,,,,,False,"detector signal, not ground truth"
prometheus/prometheus,purge,causal_rolling_mad,two_of_three,composite,13,primary,2.5,sensitivity,1,sensitivity,4,4,0,0,0.0,0,0,,,,,False,"detector signal, not ground truth"
prometheus/prometheus,train,causal_rolling_mad,two_of_three,composite,13,primary,2.5,sensitivity,1,sensitivity,36,23,13,0,0.0,0,0,,,,,False,"detector signal, not ground truth"
pytest-dev/pytest,external_evaluation,causal_rolling_mad,two_of_three,composite,13,primary,2.5,sensitivity,1,sensitivity,46,7,39,2,0.2857142857142857,2,2,1.0,1.0,4.400371364829646,4.548518376437277,True,"detector signal, not ground truth"
tektoncd/pipeline,holdout,causal_rolling_mad,two_of_three,composite,13,primary,2.5,sensitivity,1,sensitivity,19,19,0,1,0.05263157894736842,1,1,1.0,1.0,13.122197304536538,13.122197304536538,False,"detector signal, not ground truth"
tektoncd/pipeline,purge,causal_rolling_mad,two_of_three,composite,13,primary,2.5,sensitivity,1,sensitivity,4,4,0,0,0.0,0,0,,,,,False,"detector signal, not ground truth"
tektoncd/pipeline,train,causal_rolling_mad,two_of_three,composite,13,primary,2.5,sensitivity,1,sensitivity,36,23,13,0,0.0,0,0,,,,,False,"detector signal, not ground truth"
containerd/containerd,external_evaluation,causal_rolling_mad,two_of_three,composite,13,primary,2.5,sensitivity,2,primary,46,45,1,0,0.0,0,0,,,,,True,"detector signal, not ground truth"
docker/cli,holdout,causal_rolling_mad,two_of_three,composite,13,primary,2.5,sensitivity,2,primary,19,19,0,1,0.05263157894736842,1,1,1.0,1.0,2.9961462946901296,2.9961462946901296,False,"detector signal, not ground truth"
docker/cli,purge,causal_rolling_mad,two_of_three,composite,13,primary,2.5,sensitivity,2,primary,4,4,0,0,0.0,0,0,,,,,False,"detector signal, not ground truth"
docker/cli,train,causal_rolling_mad,two_of_three,composite,13,primary,2.5,sensitivity,2,primary,36,22,14,0,0.0,0,0,,,,,False,"detector signal, not ground truth"
helm/helm,external_evaluation,causal_rolling_mad,two_of_three,composite,13,primary,2.5,sensitivity,2,primary,46,45,1,0,0.0,0,0,,,,,True,"detector signal, not ground truth"
prometheus/prometheus,holdout,causal_rolling_mad,two_of_three,composite,13,primary,2.5,sensitivity,2,primary,19,19,0,0,0.0,0,0,,,,,False,"detector signal, not ground truth"
prometheus/prometheus,purge,causal_rolling_mad,two_of_three,composite,13,primary,2.5,sensitivity,2,primary,4,4,0,0,0.0,0,0,,,,,False,"detector signal, not ground truth"
prometheus/prometheus,train,causal_rolling_mad,two_of_three,composite,13,primary,2.5,sensitivity,2,primary,36,22,14,0,0.0,0,0,,,,,False,"detector signal, not ground truth"
pytest-dev/pytest,external_evaluation,causal_rolling_mad,two_of_three,composite,13,primary,2.5,sensitivity,2,primary,46,6,40,0,0.0,0,0,,,,,True,"detector signal, not ground truth"
tektoncd/pipeline,holdout,causal_rolling_mad,two_of_three,composite,13,primary,2.5,sensitivity,2,primary,19,19,0,0,0.0,0,0,,,,,False,"detector signal, not ground truth"
tektoncd/pipeline,purge,causal_rolling_mad,two_of_three,composite,13,primary,2.5,sensitivity,2,primary,4,4,0,0,0.0,0,0,,,,,False,"detector signal, not ground truth"
tektoncd/pipeline,train,causal_rolling_mad,two_of_three,composite,13,primary,2.5,sensitivity,2,primary,36,22,14,0,0.0,0,0,,,,,False,"detector signal, not ground truth"
containerd/containerd,external_evaluation,causal_rolling_mad,two_of_three,composite,13,primary,2.5,sensitivity,3,sensitivity,46,44,2,0,0.0,0,0,,,,,True,"detector signal, not ground truth"
docker/cli,holdout,causal_rolling_mad,two_of_three,composite,13,primary,2.5,sensitivity,3,sensitivity,19,19,0,0,0.0,0,0,,,,,False,"detector signal, not ground truth"
docker/cli,purge,causal_rolling_mad,two_of_three,composite,13,primary,2.5,sensitivity,3,sensitivity,4,4,0,0,0.0,0,0,,,,,False,"detector signal, not ground truth"
docker/cli,train,causal_rolling_mad,two_of_three,composite,13,primary,2.5,sensitivity,3,sensitivity,36,21,15,0,0.0,0,0,,,,,False,"detector signal, not ground truth"
helm/helm,external_evaluation,causal_rolling_mad,two_of_three,composite,13,primary,2.5,sensitivity,3,sensitivity,46,44,2,0,0.0,0,0,,,,,True,"detector signal, not ground truth"
prometheus/prometheus,holdout,causal_rolling_mad,two_of_three,composite,13,primary,2.5,sensitivity,3,sensitivity,19,19,0,0,0.0,0,0,,,,,False,"detector signal, not ground truth"
prometheus/prometheus,purge,causal_rolling_mad,two_of_three,composite,13,primary,2.5,sensitivity,3,sensitivity,4,4,0,0,0.0,0,0,,,,,False,"detector signal, not ground truth"
prometheus/prometheus,train,causal_rolling_mad,two_of_three,composite,13,primary,2.5,sensitivity,3,sensitivity,36,21,15,0,0.0,0,0,,,,,False,"detector signal, not ground truth"
pytest-dev/pytest,external_evaluation,causal_rolling_mad,two_of_three,composite,13,primary,2.5,sensitivity,3,sensitivity,46,5,41,0,0.0,0,0,,,,,True,"detector signal, not ground truth"
tektoncd/pipeline,holdout,causal_rolling_mad,two_of_three,composite,13,primary,2.5,sensitivity,3,sensitivity,19,19,0,0,0.0,0,0,,,,,False,"detector signal, not ground truth"
tektoncd/pipeline,purge,causal_rolling_mad,two_of_three,composite,13,primary,2.5,sensitivity,3,sensitivity,4,4,0,0,0.0,0,0,,,,,False,"detector signal, not ground truth"
tektoncd/pipeline,train,causal_rolling_mad,two_of_three,composite,13,primary,2.5,sensitivity,3,sensitivity,36,21,15,0,0.0,0,0,,,,,False,"detector signal, not ground truth"
containerd/containerd,external_evaluation,causal_rolling_mad,two_of_three,composite,13,primary,2.5,sensitivity,4,sensitivity,46,43,3,0,0.0,0,0,,,,,True,"detector signal, not ground truth"
docker/cli,holdout,causal_rolling_mad,two_of_three,composite,13,primary,2.5,sensitivity,4,sensitivity,19,19,0,0,0.0,0,0,,,,,False,"detector signal, not ground truth"
docker/cli,purge,causal_rolling_mad,two_of_three,composite,13,primary,2.5,sensitivity,4,sensitivity,4,4,0,0,0.0,0,0,,,,,False,"detector signal, not ground truth"
docker/cli,train,causal_rolling_mad,two_of_three,composite,13,primary,2.5,sensitivity,4,sensitivity,36,20,16,0,0.0,0,0,,,,,False,"detector signal, not ground truth"
helm/helm,external_evaluation,causal_rolling_mad,two_of_three,composite,13,primary,2.5,sensitivity,4,sensitivity,46,43,3,0,0.0,0,0,,,,,True,"detector signal, not ground truth"
prometheus/prometheus,holdout,causal_rolling_mad,two_of_three,composite,13,primary,2.5,sensitivity,4,sensitivity,19,19,0,0,0.0,0,0,,,,,False,"detector signal, not ground truth"
prometheus/prometheus,purge,causal_rolling_mad,two_of_three,composite,13,primary,2.5,sensitivity,4,sensitivity,4,4,0,0,0.0,0,0,,,,,False,"detector signal, not ground truth"
prometheus/prometheus,train,causal_rolling_mad,two_of_three,composite,13,primary,2.5,sensitivity,4,sensitivity,36,20,16,0,0.0,0,0,,,,,False,"detector signal, not ground truth"
pytest-dev/pytest,external_evaluation,causal_rolling_mad,two_of_three,composite,13,primary,2.5,sensitivity,4,sensitivity,46,4,42,0,0.0,0,0,,,,,True,"detector signal, not ground truth"
tektoncd/pipeline,holdout,causal_rolling_mad,two_of_three,composite,13,primary,2.5,sensitivity,4,sensitivity,19,19,0,0,0.0,0,0,,,,,False,"detector signal, not ground truth"
tektoncd/pipeline,purge,causal_rolling_mad,two_of_three,composite,13,primary,2.5,sensitivity,4,sensitivity,4,4,0,0,0.0,0,0,,,,,False,"detector signal, not ground truth"
tektoncd/pipeline,train,causal_rolling_mad,two_of_three,composite,13,primary,2.5,sensitivity,4,sensitivity,36,20,16,0,0.0,0,0,,,,,False,"detector signal, not ground truth"
containerd/containerd,external_evaluation,causal_rolling_mad,latency_log,latency_log,13,primary,3.0,primary,1,sensitivity,46,46,0,0,0.0,0,0,,,,,True,"detector signal, not ground truth"
docker/cli,holdout,causal_rolling_mad,latency_log,latency_log,13,primary,3.0,primary,1,sensitivity,19,19,0,3,0.15789473684210525,2,3,1.5,2.0,4.046661106621476,7.613700577630863,False,"detector signal, not ground truth"
docker/cli,purge,causal_rolling_mad,latency_log,latency_log,13,primary,3.0,primary,1,sensitivity,4,4,0,1,0.25,1,1,1.0,1.0,3.6235252024070355,3.6235252024070355,False,"detector signal, not ground truth"
docker/cli,train,causal_rolling_mad,latency_log,latency_log,13,primary,3.0,primary,1,sensitivity,36,23,13,5,0.21739130434782608,1,5,5.0,5.0,5.2070532703376555,8.28060684258533,False,"detector signal, not ground truth"
helm/helm,external_evaluation,causal_rolling_mad,latency_log,latency_log,13,primary,3.0,primary,1,sensitivity,46,46,0,4,0.08695652173913043,4,4,1.0,1.0,4.40291960551512,6.062614071859863,True,"detector signal, not ground truth"
prometheus/prometheus,holdout,causal_rolling_mad,latency_log,latency_log,13,primary,3.0,primary,1,sensitivity,19,19,0,0,0.0,0,0,,,,,False,"detector signal, not ground truth"
prometheus/prometheus,purge,causal_rolling_mad,latency_log,latency_log,13,primary,3.0,primary,1,sensitivity,4,4,0,0,0.0,0,0,,,,,False,"detector signal, not ground truth"
prometheus/prometheus,train,causal_rolling_mad,latency_log,latency_log,13,primary,3.0,primary,1,sensitivity,36,23,13,0,0.0,0,0,,,,,False,"detector signal, not ground truth"
pytest-dev/pytest,external_evaluation,causal_rolling_mad,latency_log,latency_log,13,primary,3.0,primary,1,sensitivity,46,46,0,11,0.2391304347826087,5,11,3.0,3.0,4.898825432958944,18.618504091513024,True,"detector signal, not ground truth"
tektoncd/pipeline,holdout,causal_rolling_mad,latency_log,latency_log,13,primary,3.0,primary,1,sensitivity,19,19,0,3,0.15789473684210525,2,3,1.5,2.0,4.380642499777606,13.122197304536538,False,"detector signal, not ground truth"
tektoncd/pipeline,purge,causal_rolling_mad,latency_log,latency_log,13,primary,3.0,primary,1,sensitivity,4,4,0,2,0.5,2,2,1.0,1.0,8.896807591828338,10.80790937171276,False,"detector signal, not ground truth"
tektoncd/pipeline,train,causal_rolling_mad,latency_log,latency_log,13,primary,3.0,primary,1,sensitivity,36,23,13,1,0.043478260869565216,1,1,1.0,1.0,25.84740378940678,25.84740378940678,False,"detector signal, not ground truth"
containerd/containerd,external_evaluation,causal_rolling_mad,latency_log,latency_log,13,primary,3.0,primary,2,primary,46,45,1,0,0.0,0,0,,,,,True,"detector signal, not ground truth"
docker/cli,holdout,causal_rolling_mad,latency_log,latency_log,13,primary,3.0,primary,2,primary,19,19,0,1,0.05263157894736842,1,1,1.0,1.0,4.046661106621476,4.046661106621476,False,"detector signal, not ground truth"
docker/cli,purge,causal_rolling_mad,latency_log,latency_log,13,primary,3.0,primary,2,primary,4,4,0,0,0.0,0,0,,,,,False,"detector signal, not ground truth"
docker/cli,train,causal_rolling_mad,latency_log,latency_log,13,primary,3.0,primary,2,primary,36,22,14,4,0.18181818181818182,1,4,4.0,4.0,5.781806637534634,8.28060684258533,False,"detector signal, not ground truth"
helm/helm,external_evaluation,causal_rolling_mad,latency_log,latency_log,13,primary,3.0,primary,2,primary,46,45,1,0,0.0,0,0,,,,,True,"detector signal, not ground truth"
prometheus/prometheus,holdout,causal_rolling_mad,latency_log,latency_log,13,primary,3.0,primary,2,primary,19,19,0,0,0.0,0,0,,,,,False,"detector signal, not ground truth"
prometheus/prometheus,purge,causal_rolling_mad,latency_log,latency_log,13,primary,3.0,primary,2,primary,4,4,0,0,0.0,0,0,,,,,False,"detector signal, not ground truth"
prometheus/prometheus,train,causal_rolling_mad,latency_log,latency_log,13,primary,3.0,primary,2,primary,36,22,14,0,0.0,0,0,,,,,False,"detector signal, not ground truth"
pytest-dev/pytest,external_evaluation,causal_rolling_mad,latency_log,latency_log,13,primary,3.0,primary,2,primary,46,45,1,6,0.13333333333333333,3,6,2.0,2.0,5.274036203543343,18.618504091513024,True,"detector signal, not ground truth"
tektoncd/pipeline,holdout,causal_rolling_mad,latency_log,latency_log,13,primary,3.0,primary,2,primary,19,19,0,1,0.05263157894736842,1,1,1.0,1.0,13.122197304536538,13.122197304536538,False,"detector signal, not ground truth"
tektoncd/pipeline,purge,causal_rolling_mad,latency_log,latency_log,13,primary,3.0,primary,2,primary,4,4,0,0,0.0,0,0,,,,,False,"detector signal, not ground truth"
tektoncd/pipeline,train,causal_rolling_mad,latency_log,latency_log,13,primary,3.0,primary,2,primary,36,22,14,0,0.0,0,0,,,,,False,"detector signal, not ground truth"
containerd/containerd,external_evaluation,causal_rolling_mad,latency_log,latency_log,13,primary,3.0,primary,3,sensitivity,46,44,2,0,0.0,0,0,,,,,True,"detector signal, not ground truth"
docker/cli,holdout,causal_rolling_mad,latency_log,latency_log,13,primary,3.0,primary,3,sensitivity,19,19,0,0,0.0,0,0,,,,,False,"detector signal, not ground truth"
docker/cli,purge,causal_rolling_mad,latency_log,latency_log,13,primary,3.0,primary,3,sensitivity,4,4,0,0,0.0,0,0,,,,,False,"detector signal, not ground truth"
docker/cli,train,causal_rolling_mad,latency_log,latency_log,13,primary,3.0,primary,3,sensitivity,36,21,15,3,0.14285714285714285,1,3,3.0,3.0,6.356560004731613,8.28060684258533,False,"detector signal, not ground truth"
helm/helm,external_evaluation,causal_rolling_mad,latency_log,latency_log,13,primary,3.0,primary,3,sensitivity,46,44,2,0,0.0,0,0,,,,,True,"detector signal, not ground truth"
prometheus/prometheus,holdout,causal_rolling_mad,latency_log,latency_log,13,primary,3.0,primary,3,sensitivity,19,19,0,0,0.0,0,0,,,,,False,"detector signal, not ground truth"
prometheus/prometheus,purge,causal_rolling_mad,latency_log,latency_log,13,primary,3.0,primary,3,sensitivity,4,4,0,0,0.0,0,0,,,,,False,"detector signal, not ground truth"
prometheus/prometheus,train,causal_rolling_mad,latency_log,latency_log,13,primary,3.0,primary,3,sensitivity,36,21,15,0,0.0,0,0,,,,,False,"detector signal, not ground truth"
pytest-dev/pytest,external_evaluation,causal_rolling_mad,latency_log,latency_log,13,primary,3.0,primary,3,sensitivity,46,44,2,3,0.06818181818181818,3,3,1.0,1.0,4.548518376437277,14.306243457146126,True,"detector signal, not ground truth"
tektoncd/pipeline,holdout,causal_rolling_mad,latency_log,latency_log,13,primary,3.0,primary,3,sensitivity,19,19,0,0,0.0,0,0,,,,,False,"detector signal, not ground truth"
tektoncd/pipeline,purge,causal_rolling_mad,latency_log,latency_log,13,primary,3.0,primary,3,sensitivity,4,4,0,0,0.0,0,0,,,,,False,"detector signal, not ground truth"
tektoncd/pipeline,train,causal_rolling_mad,latency_log,latency_log,13,primary,3.0,primary,3,sensitivity,36,21,15,0,0.0,0,0,,,,,False,"detector signal, not ground truth"
containerd/containerd,external_evaluation,causal_rolling_mad,latency_log,latency_log,13,primary,3.0,primary,4,sensitivity,46,43,3,0,0.0,0,0,,,,,True,"detector signal, not ground truth"
docker/cli,holdout,causal_rolling_mad,latency_log,latency_log,13,primary,3.0,primary,4,sensitivity,19,19,0,0,0.0,0,0,,,,,False,"detector signal, not ground truth"
docker/cli,purge,causal_rolling_mad,latency_log,latency_log,13,primary,3.0,primary,4,sensitivity,4,4,0,0,0.0,0,0,,,,,False,"detector signal, not ground truth"
docker/cli,train,causal_rolling_mad,latency_log,latency_log,13,primary,3.0,primary,4,sensitivity,36,20,16,2,0.1,1,2,2.0,2.0,5.135753741180982,6.356560004731613,False,"detector signal, not ground truth"
helm/helm,external_evaluation,causal_rolling_mad,latency_log,latency_log,13,primary,3.0,primary,4,sensitivity,46,43,3,0,0.0,0,0,,,,,True,"detector signal, not ground truth"
prometheus/prometheus,holdout,causal_rolling_mad,latency_log,latency_log,13,primary,3.0,primary,4,sensitivity,19,19,0,0,0.0,0,0,,,,,False,"detector signal, not ground truth"
prometheus/prometheus,purge,causal_rolling_mad,latency_log,latency_log,13,primary,3.0,primary,4,sensitivity,4,4,0,0,0.0,0,0,,,,,False,"detector signal, not ground truth"
prometheus/prometheus,train,causal_rolling_mad,latency_log,latency_log,13,primary,3.0,primary,4,sensitivity,36,20,16,0,0.0,0,0,,,,,False,"detector signal, not ground truth"
pytest-dev/pytest,external_evaluation,causal_rolling_mad,latency_log,latency_log,13,primary,3.0,primary,4,sensitivity,46,43,3,0,0.0,0,0,,,,,True,"detector signal, not ground truth"
tektoncd/pipeline,holdout,causal_rolling_mad,latency_log,latency_log,13,primary,3.0,primary,4,sensitivity,19,19,0,0,0.0,0,0,,,,,False,"detector signal, not ground truth"
tektoncd/pipeline,purge,causal_rolling_mad,latency_log,latency_log,13,primary,3.0,primary,4,sensitivity,4,4,0,0,0.0,0,0,,,,,False,"detector signal, not ground truth"
tektoncd/pipeline,train,causal_rolling_mad,latency_log,latency_log,13,primary,3.0,primary,4,sensitivity,36,20,16,0,0.0,0,0,,,,,False,"detector signal, not ground truth"
containerd/containerd,external_evaluation,causal_rolling_mad,failure_rate,failure_rate,13,primary,3.0,primary,1,sensitivity,46,46,0,5,0.10869565217391304,4,5,1.0,2.0,3.921574809606326,4.3374919456902585,True,"detector signal, not ground truth"
docker/cli,holdout,causal_rolling_mad,failure_rate,failure_rate,13,primary,3.0,primary,1,sensitivity,19,19,0,1,0.05263157894736842,1,1,1.0,1.0,18.3338402155632,18.3338402155632,False,"detector signal, not ground truth"
docker/cli,purge,causal_rolling_mad,failure_rate,failure_rate,13,primary,3.0,primary,1,sensitivity,4,4,0,0,0.0,0,0,,,,,False,"detector signal, not ground truth"
docker/cli,train,causal_rolling_mad,failure_rate,failure_rate,13,primary,3.0,primary,1,sensitivity,36,23,13,0,0.0,0,0,,,,,False,"detector signal, not ground truth"
helm/helm,external_evaluation,causal_rolling_mad,failure_rate,failure_rate,13,primary,3.0,primary,1,sensitivity,46,46,0,4,0.08695652173913043,3,4,1.0,2.0,5.20746542242959,6.688956122495133,True,"detector signal, not ground truth"
prometheus/prometheus,holdout,causal_rolling_mad,failure_rate,failure_rate,13,primary,3.0,primary,1,sensitivity,19,19,0,0,0.0,0,0,,,,,False,"detector signal, not ground truth"
prometheus/prometheus,purge,causal_rolling_mad,failure_rate,failure_rate,13,primary,3.0,primary,1,sensitivity,4,4,0,0,0.0,0,0,,,,,False,"detector signal, not ground truth"
prometheus/prometheus,train,causal_rolling_mad,failure_rate,failure_rate,13,primary,3.0,primary,1,sensitivity,36,23,13,0,0.0,0,0,,,,,False,"detector signal, not ground truth"
pytest-dev/pytest,external_evaluation,causal_rolling_mad,failure_rate,failure_rate,13,primary,3.0,primary,1,sensitivity,46,46,0,2,0.043478260869565216,2,2,1.0,1.0,3.6753331397838154,4.252224353222015,True,"detector signal, not ground truth"
tektoncd/pipeline,holdout,causal_rolling_mad,failure_rate,failure_rate,13,primary,3.0,primary,1,sensitivity,19,19,0,3,0.15789473684210525,2,3,1.5,2.0,3.742027082879615,7.072157418804079,False,"detector signal, not ground truth"
tektoncd/pipeline,purge,causal_rolling_mad,failure_rate,failure_rate,13,primary,3.0,primary,1,sensitivity,4,4,0,0,0.0,0,0,,,,,False,"detector signal, not ground truth"
tektoncd/pipeline,train,causal_rolling_mad,failure_rate,failure_rate,13,primary,3.0,primary,1,sensitivity,36,23,13,0,0.0,0,0,,,,,False,"detector signal, not ground truth"
containerd/containerd,external_evaluation,causal_rolling_mad,failure_rate,failure_rate,13,primary,3.0,primary,2,primary,46,45,1,1,0.022222222222222223,1,1,1.0,1.0,3.921574809606326,3.921574809606326,True,"detector signal, not ground truth"
docker/cli,holdout,causal_rolling_mad,failure_rate,failure_rate,13,primary,3.0,primary,2,primary,19,19,0,0,0.0,0,0,,,,,False,"detector signal, not ground truth"
docker/cli,purge,causal_rolling_mad,failure_rate,failure_rate,13,primary,3.0,primary,2,primary,4,4,0,0,0.0,0,0,,,,,False,"detector signal, not ground truth"
docker/cli,train,causal_rolling_mad,failure_rate,failure_rate,13,primary,3.0,primary,2,primary,36,22,14,0,0.0,0,0,,,,,False,"detector signal, not ground truth"
helm/helm,external_evaluation,causal_rolling_mad,failure_rate,failure_rate,13,primary,3.0,primary,2,primary,46,45,1,1,0.022222222222222223,1,1,1.0,1.0,3.159802864546907,3.159802864546907,True,"detector signal, not ground truth"
prometheus/prometheus,holdout,causal_rolling_mad,failure_rate,failure_rate,13,primary,3.0,primary,2,primary,19,19,0,0,0.0,0,0,,,,,False,"detector signal, not ground truth"
prometheus/prometheus,purge,causal_rolling_mad,failure_rate,failure_rate,13,primary,3.0,primary,2,primary,4,4,0,0,0.0,0,0,,,,,False,"detector signal, not ground truth"
prometheus/prometheus,train,causal_rolling_mad,failure_rate,failure_rate,13,primary,3.0,primary,2,primary,36,22,14,0,0.0,0,0,,,,,False,"detector signal, not ground truth"
pytest-dev/pytest,external_evaluation,causal_rolling_mad,failure_rate,failure_rate,13,primary,3.0,primary,2,primary,46,45,1,0,0.0,0,0,,,,,True,"detector signal, not ground truth"
tektoncd/pipeline,holdout,causal_rolling_mad,failure_rate,failure_rate,13,primary,3.0,primary,2,primary,19,19,0,1,0.05263157894736842,1,1,1.0,1.0,7.072157418804079,7.072157418804079,False,"detector signal, not ground truth"
tektoncd/pipeline,purge,causal_rolling_mad,failure_rate,failure_rate,13,primary,3.0,primary,2,primary,4,4,0,0,0.0,0,0,,,,,False,"detector signal, not ground truth"
tektoncd/pipeline,train,causal_rolling_mad,failure_rate,failure_rate,13,primary,3.0,primary,2,primary,36,22,14,0,0.0,0,0,,,,,False,"detector signal, not ground truth"
containerd/containerd,external_evaluation,causal_rolling_mad,failure_rate,failure_rate,13,primary,3.0,primary,3,sensitivity,46,44,2,0,0.0,0,0,,,,,True,"detector signal, not ground truth"
docker/cli,holdout,causal_rolling_mad,failure_rate,failure_rate,13,primary,3.0,primary,3,sensitivity,19,19,0,0,0.0,0,0,,,,,False,"detector signal, not ground truth"
docker/cli,purge,causal_rolling_mad,failure_rate,failure_rate,13,primary,3.0,primary,3,sensitivity,4,4,0,0,0.0,0,0,,,,,False,"detector signal, not ground truth"
docker/cli,train,causal_rolling_mad,failure_rate,failure_rate,13,primary,3.0,primary,3,sensitivity,36,21,15,0,0.0,0,0,,,,,False,"detector signal, not ground truth"
helm/helm,external_evaluation,causal_rolling_mad,failure_rate,failure_rate,13,primary,3.0,primary,3,sensitivity,46,44,2,0,0.0,0,0,,,,,True,"detector signal, not ground truth"
prometheus/prometheus,holdout,causal_rolling_mad,failure_rate,failure_rate,13,primary,3.0,primary,3,sensitivity,19,19,0,0,0.0,0,0,,,,,False,"detector signal, not ground truth"
prometheus/prometheus,purge,causal_rolling_mad,failure_rate,failure_rate,13,primary,3.0,primary,3,sensitivity,4,4,0,0,0.0,0,0,,,,,False,"detector signal, not ground truth"
prometheus/prometheus,train,causal_rolling_mad,failure_rate,failure_rate,13,primary,3.0,primary,3,sensitivity,36,21,15,0,0.0,0,0,,,,,False,"detector signal, not ground truth"
pytest-dev/pytest,external_evaluation,causal_rolling_mad,failure_rate,failure_rate,13,primary,3.0,primary,3,sensitivity,46,44,2,0,0.0,0,0,,,,,True,"detector signal, not ground truth"
tektoncd/pipeline,holdout,causal_rolling_mad,failure_rate,failure_rate,13,primary,3.0,primary,3,sensitivity,19,19,0,0,0.0,0,0,,,,,False,"detector signal, not ground truth"
tektoncd/pipeline,purge,causal_rolling_mad,failure_rate,failure_rate,13,primary,3.0,primary,3,sensitivity,4,4,0,0,0.0,0,0,,,,,False,"detector signal, not ground truth"
tektoncd/pipeline,train,causal_rolling_mad,failure_rate,failure_rate,13,primary,3.0,primary,3,sensitivity,36,21,15,0,0.0,0,0,,,,,False,"detector signal, not ground truth"
containerd/containerd,external_evaluation,causal_rolling_mad,failure_rate,failure_rate,13,primary,3.0,primary,4,sensitivity,46,43,3,0,0.0,0,0,,,,,True,"detector signal, not ground truth"
docker/cli,holdout,causal_rolling_mad,failure_rate,failure_rate,13,primary,3.0,primary,4,sensitivity,19,19,0,0,0.0,0,0,,,,,False,"detector signal, not ground truth"
docker/cli,purge,causal_rolling_mad,failure_rate,failure_rate,13,primary,3.0,primary,4,sensitivity,4,4,0,0,0.0,0,0,,,,,False,"detector signal, not ground truth"
docker/cli,train,causal_rolling_mad,failure_rate,failure_rate,13,primary,3.0,primary,4,sensitivity,36,20,16,0,0.0,0,0,,,,,False,"detector signal, not ground truth"
helm/helm,external_evaluation,causal_rolling_mad,failure_rate,failure_rate,13,primary,3.0,primary,4,sensitivity,46,43,3,0,0.0,0,0,,,,,True,"detector signal, not ground truth"
prometheus/prometheus,holdout,causal_rolling_mad,failure_rate,failure_rate,13,primary,3.0,primary,4,sensitivity,19,19,0,0,0.0,0,0,,,,,False,"detector signal, not ground truth"
prometheus/prometheus,purge,causal_rolling_mad,failure_rate,failure_rate,13,primary,3.0,primary,4,sensitivity,4,4,0,0,0.0,0,0,,,,,False,"detector signal, not ground truth"
prometheus/prometheus,train,causal_rolling_mad,failure_rate,failure_rate,13,primary,3.0,primary,4,sensitivity,36,20,16,0,0.0,0,0,,,,,False,"detector signal, not ground truth"
pytest-dev/pytest,external_evaluation,causal_rolling_mad,failure_rate,failure_rate,13,primary,3.0,primary,4,sensitivity,46,43,3,0,0.0,0,0,,,,,True,"detector signal, not ground truth"
tektoncd/pipeline,holdout,causal_rolling_mad,failure_rate,failure_rate,13,primary,3.0,primary,4,sensitivity,19,19,0,0,0.0,0,0,,,,,False,"detector signal, not ground truth"
tektoncd/pipeline,purge,causal_rolling_mad,failure_rate,failure_rate,13,primary,3.0,primary,4,sensitivity,4,4,0,0,0.0,0,0,,,,,False,"detector signal, not ground truth"
tektoncd/pipeline,train,causal_rolling_mad,failure_rate,failure_rate,13,primary,3.0,primary,4,sensitivity,36,20,16,0,0.0,0,0,,,,,False,"detector signal, not ground truth"
containerd/containerd,external_evaluation,causal_rolling_mad,rerun_rate,rerun_rate,13,primary,3.0,primary,1,sensitivity,46,46,0,1,0.021739130434782608,1,1,1.0,1.0,3.0455007448920686,3.0455007448920686,True,"detector signal, not ground truth"
docker/cli,holdout,causal_rolling_mad,rerun_rate,rerun_rate,13,primary,3.0,primary,1,sensitivity,19,19,0,1,0.05263157894736842,1,1,1.0,1.0,5.922183017036058,5.922183017036058,False,"detector signal, not ground truth"
docker/cli,purge,causal_rolling_mad,rerun_rate,rerun_rate,13,primary,3.0,primary,1,sensitivity,4,4,0,1,0.25,1,1,1.0,1.0,6.515426114675644,6.515426114675644,False,"detector signal, not ground truth"
docker/cli,train,causal_rolling_mad,rerun_rate,rerun_rate,13,primary,3.0,primary,1,sensitivity,36,23,13,5,0.21739130434782608,2,5,2.5,4.0,6.036178725671246,102.16286703538766,False,"detector signal, not ground truth"
helm/helm,external_evaluation,causal_rolling_mad,rerun_rate,rerun_rate,13,primary,3.0,primary,1,sensitivity,46,46,0,5,0.10869565217391304,3,5,2.0,2.0,3.839408938559086,4.043896011054022,True,"detector signal, not ground truth"
prometheus/prometheus,holdout,causal_rolling_mad,rerun_rate,rerun_rate,13,primary,3.0,primary,1,sensitivity,19,19,0,1,0.05263157894736842,1,1,1.0,1.0,3.09623413478392,3.09623413478392,False,"detector signal, not ground truth"
prometheus/prometheus,purge,causal_rolling_mad,rerun_rate,rerun_rate,13,primary,3.0,primary,1,sensitivity,4,4,0,0,0.0,0,0,,,,,False,"detector signal, not ground truth"
prometheus/prometheus,train,causal_rolling_mad,rerun_rate,rerun_rate,13,primary,3.0,primary,1,sensitivity,36,23,13,4,0.17391304347826086,3,4,1.0,2.0,4.029552406339906,4.376397848365001,False,"detector signal, not ground truth"
pytest-dev/pytest,external_evaluation,causal_rolling_mad,rerun_rate,rerun_rate,13,primary,3.0,primary,1,sensitivity,46,7,39,1,0.14285714285714285,1,1,1.0,1.0,3.164629614540934,3.164629614540934,True,"detector signal, not ground truth"
tektoncd/pipeline,holdout,causal_rolling_mad,rerun_rate,rerun_rate,13,primary,3.0,primary,1,sensitivity,19,19,0,0,0.0,0,0,,,,,False,"detector signal, not ground truth"
tektoncd/pipeline,purge,causal_rolling_mad,rerun_rate,rerun_rate,13,primary,3.0,primary,1,sensitivity,4,4,0,0,0.0,0,0,,,,,False,"detector signal, not ground truth"
tektoncd/pipeline,train,causal_rolling_mad,rerun_rate,rerun_rate,13,primary,3.0,primary,1,sensitivity,36,23,13,2,0.08695652173913043,1,2,2.0,2.0,6.246824422961725,6.405858763799098,False,"detector signal, not ground truth"
containerd/containerd,external_evaluation,causal_rolling_mad,rerun_rate,rerun_rate,13,primary,3.0,primary,2,primary,46,45,1,0,0.0,0,0,,,,,True,"detector signal, not ground truth"
docker/cli,holdout,causal_rolling_mad,rerun_rate,rerun_rate,13,primary,3.0,primary,2,primary,19,19,0,0,0.0,0,0,,,,,False,"detector signal, not ground truth"
docker/cli,purge,causal_rolling_mad,rerun_rate,rerun_rate,13,primary,3.0,primary,2,primary,4,4,0,0,0.0,0,0,,,,,False,"detector signal, not ground truth"
docker/cli,train,causal_rolling_mad,rerun_rate,rerun_rate,13,primary,3.0,primary,2,primary,36,22,14,3,0.13636363636363635,1,3,3.0,3.0,6.036178725671246,32.71964449449341,False,"detector signal, not ground truth"
helm/helm,external_evaluation,causal_rolling_mad,rerun_rate,rerun_rate,13,primary,3.0,primary,2,primary,46,45,1,2,0.044444444444444446,2,2,1.0,1.0,3.639285306626461,3.839408938559086,True,"detector signal, not ground truth"
prometheus/prometheus,holdout,causal_rolling_mad,rerun_rate,rerun_rate,13,primary,3.0,primary,2,primary,19,19,0,0,0.0,0,0,,,,,False,"detector signal, not ground truth"
prometheus/prometheus,purge,causal_rolling_mad,rerun_rate,rerun_rate,13,primary,3.0,primary,2,primary,4,4,0,0,0.0,0,0,,,,,False,"detector signal, not ground truth"
prometheus/prometheus,train,causal_rolling_mad,rerun_rate,rerun_rate,13,primary,3.0,primary,2,primary,36,22,14,1,0.045454545454545456,1,1,1.0,1.0,4.376397848365001,4.376397848365001,False,"detector signal, not ground truth"
pytest-dev/pytest,external_evaluation,causal_rolling_mad,rerun_rate,rerun_rate,13,primary,3.0,primary,2,primary,46,6,40,0,0.0,0,0,,,,,True,"detector signal, not ground truth"
tektoncd/pipeline,holdout,causal_rolling_mad,rerun_rate,rerun_rate,13,primary,3.0,primary,2,primary,19,19,0,0,0.0,0,0,,,,,False,"detector signal, not ground truth"
tektoncd/pipeline,purge,causal_rolling_mad,rerun_rate,rerun_rate,13,primary,3.0,primary,2,primary,4,4,0,0,0.0,0,0,,,,,False,"detector signal, not ground truth"
tektoncd/pipeline,train,causal_rolling_mad,rerun_rate,rerun_rate,13,primary,3.0,primary,2,primary,36,22,14,1,0.045454545454545456,1,1,1.0,1.0,6.405858763799098,6.405858763799098,False,"detector signal, not ground truth"
containerd/containerd,external_evaluation,causal_rolling_mad,rerun_rate,rerun_rate,13,primary,3.0,primary,3,sensitivity,46,44,2,0,0.0,0,0,,,,,True,"detector signal, not ground truth"
docker/cli,holdout,causal_rolling_mad,rerun_rate,rerun_rate,13,primary,3.0,primary,3,sensitivity,19,19,0,0,0.0,0,0,,,,,False,"detector signal, not ground truth"
docker/cli,purge,causal_rolling_mad,rerun_rate,rerun_rate,13,primary,3.0,primary,3,sensitivity,4,4,0,0,0.0,0,0,,,,,False,"detector signal, not ground truth"
docker/cli,train,causal_rolling_mad,rerun_rate,rerun_rate,13,primary,3.0,primary,3,sensitivity,36,21,15,2,0.09523809523809523,1,2,2.0,2.0,4.971179996798292,6.036178725671246,False,"detector signal, not ground truth"
helm/helm,external_evaluation,causal_rolling_mad,rerun_rate,rerun_rate,13,primary,3.0,primary,3,sensitivity,46,44,2,0,0.0,0,0,,,,,True,"detector signal, not ground truth"
prometheus/prometheus,holdout,causal_rolling_mad,rerun_rate,rerun_rate,13,primary,3.0,primary,3,sensitivity,19,19,0,0,0.0,0,0,,,,,False,"detector signal, not ground truth"
prometheus/prometheus,purge,causal_rolling_mad,rerun_rate,rerun_rate,13,primary,3.0,primary,3,sensitivity,4,4,0,0,0.0,0,0,,,,,False,"detector signal, not ground truth"
prometheus/prometheus,train,causal_rolling_mad,rerun_rate,rerun_rate,13,primary,3.0,primary,3,sensitivity,36,21,15,0,0.0,0,0,,,,,False,"detector signal, not ground truth"
pytest-dev/pytest,external_evaluation,causal_rolling_mad,rerun_rate,rerun_rate,13,primary,3.0,primary,3,sensitivity,46,5,41,0,0.0,0,0,,,,,True,"detector signal, not ground truth"
tektoncd/pipeline,holdout,causal_rolling_mad,rerun_rate,rerun_rate,13,primary,3.0,primary,3,sensitivity,19,19,0,0,0.0,0,0,,,,,False,"detector signal, not ground truth"
tektoncd/pipeline,purge,causal_rolling_mad,rerun_rate,rerun_rate,13,primary,3.0,primary,3,sensitivity,4,4,0,0,0.0,0,0,,,,,False,"detector signal, not ground truth"
tektoncd/pipeline,train,causal_rolling_mad,rerun_rate,rerun_rate,13,primary,3.0,primary,3,sensitivity,36,21,15,0,0.0,0,0,,,,,False,"detector signal, not ground truth"
containerd/containerd,external_evaluation,causal_rolling_mad,rerun_rate,rerun_rate,13,primary,3.0,primary,4,sensitivity,46,43,3,0,0.0,0,0,,,,,True,"detector signal, not ground truth"
docker/cli,holdout,causal_rolling_mad,rerun_rate,rerun_rate,13,primary,3.0,primary,4,sensitivity,19,19,0,0,0.0,0,0,,,,,False,"detector signal, not ground truth"
docker/cli,purge,causal_rolling_mad,rerun_rate,rerun_rate,13,primary,3.0,primary,4,sensitivity,4,4,0,0,0.0,0,0,,,,,False,"detector signal, not ground truth"
docker/cli,train,causal_rolling_mad,rerun_rate,rerun_rate,13,primary,3.0,primary,4,sensitivity,36,20,16,1,0.05,1,1,1.0,1.0,6.036178725671246,6.036178725671246,False,"detector signal, not ground truth"
helm/helm,external_evaluation,causal_rolling_mad,rerun_rate,rerun_rate,13,primary,3.0,primary,4,sensitivity,46,43,3,0,0.0,0,0,,,,,True,"detector signal, not ground truth"
prometheus/prometheus,holdout,causal_rolling_mad,rerun_rate,rerun_rate,13,primary,3.0,primary,4,sensitivity,19,19,0,0,0.0,0,0,,,,,False,"detector signal, not ground truth"
prometheus/prometheus,purge,causal_rolling_mad,rerun_rate,rerun_rate,13,primary,3.0,primary,4,sensitivity,4,4,0,0,0.0,0,0,,,,,False,"detector signal, not ground truth"
prometheus/prometheus,train,causal_rolling_mad,rerun_rate,rerun_rate,13,primary,3.0,primary,4,sensitivity,36,20,16,0,0.0,0,0,,,,,False,"detector signal, not ground truth"
pytest-dev/pytest,external_evaluation,causal_rolling_mad,rerun_rate,rerun_rate,13,primary,3.0,primary,4,sensitivity,46,4,42,0,0.0,0,0,,,,,True,"detector signal, not ground truth"
tektoncd/pipeline,holdout,causal_rolling_mad,rerun_rate,rerun_rate,13,primary,3.0,primary,4,sensitivity,19,19,0,0,0.0,0,0,,,,,False,"detector signal, not ground truth"
tektoncd/pipeline,purge,causal_rolling_mad,rerun_rate,rerun_rate,13,primary,3.0,primary,4,sensitivity,4,4,0,0,0.0,0,0,,,,,False,"detector signal, not ground truth"
tektoncd/pipeline,train,causal_rolling_mad,rerun_rate,rerun_rate,13,primary,3.0,primary,4,sensitivity,36,20,16,0,0.0,0,0,,,,,False,"detector signal, not ground truth"
containerd/containerd,external_evaluation,causal_rolling_mad,union,composite,13,primary,3.0,primary,1,sensitivity,46,46,0,6,0.13043478260869565,4,6,1.5,2.0,3.919493193145239,4.3374919456902585,True,"detector signal, not ground truth"
docker/cli,holdout,causal_rolling_mad,union,composite,13,primary,3.0,primary,1,sensitivity,19,19,0,4,0.21052631578947367,2,4,2.0,3.0,6.76794179733346,18.3338402155632,False,"detector signal, not ground truth"
docker/cli,purge,causal_rolling_mad,union,composite,13,primary,3.0,primary,1,sensitivity,4,4,0,2,0.5,2,2,1.0,1.0,5.069475658541339,6.515426114675644,False,"detector signal, not ground truth"
docker/cli,train,causal_rolling_mad,union,composite,13,primary,3.0,primary,1,sensitivity,36,23,13,10,0.43478260869565216,3,10,4.0,5.0,5.621615998004451,102.16286703538766,False,"detector signal, not ground truth"
helm/helm,external_evaluation,causal_rolling_mad,union,composite,13,primary,3.0,primary,1,sensitivity,46,46,0,12,0.2608695652173913,7,12,2.0,3.0,3.942280362091195,6.688956122495133,True,"detector signal, not ground truth"
prometheus/prometheus,holdout,causal_rolling_mad,union,composite,13,primary,3.0,primary,1,sensitivity,19,19,0,1,0.05263157894736842,1,1,1.0,1.0,3.09623413478392,3.09623413478392,False,"detector signal, not ground truth"
prometheus/prometheus,purge,causal_rolling_mad,union,composite,13,primary,3.0,primary,1,sensitivity,4,4,0,0,0.0,0,0,,,,,False,"detector signal, not ground truth"
prometheus/prometheus,train,causal_rolling_mad,union,composite,13,primary,3.0,primary,1,sensitivity,36,23,13,4,0.17391304347826086,3,4,1.0,2.0,4.029552406339906,4.376397848365001,False,"detector signal, not ground truth"
pytest-dev/pytest,external_evaluation,causal_rolling_mad,union,composite,13,primary,3.0,primary,1,sensitivity,46,7,39,4,0.5714285714285714,2,4,2.0,3.0,4.723671904698111,5.626189706050051,True,"detector signal, not ground truth"
tektoncd/pipeline,holdout,causal_rolling_mad,union,composite,13,primary,3.0,primary,1,sensitivity,19,19,0,5,0.2631578947368421,1,5,5.0,5.0,4.380642499777606,13.122197304536538,False,"detector signal, not ground truth"
tektoncd/pipeline,purge,causal_rolling_mad,union,composite,13,primary,3.0,primary,1,sensitivity,4,4,0,2,0.5,2,2,1.0,1.0,8.896807591828338,10.80790937171276,False,"detector signal, not ground truth"
tektoncd/pipeline,train,causal_rolling_mad,union,composite,13,primary,3.0,primary,1,sensitivity,36,23,13,3,0.13043478260869565,2,3,1.5,2.0,6.405858763799098,25.84740378940678,False,"detector signal, not ground truth"
containerd/containerd,external_evaluation,causal_rolling_mad,union,composite,13,primary,3.0,primary,2,primary,46,45,1,2,0.044444444444444446,2,2,1.0,1.0,3.4835377772491976,3.921574809606326,True,"detector signal, not ground truth"
docker/cli,holdout,causal_rolling_mad,union,composite,13,primary,3.0,primary,2,primary,19,19,0,2,0.10526315789473684,1,2,2.0,2.0,10.742806658797567,18.3338402155632,False,"detector signal, not ground truth"
docker/cli,purge,causal_rolling_mad,union,composite,13,primary,3.0,primary,2,primary,4,4,0,0,0.0,0,0,,,,,False,"detector signal, not ground truth"
docker/cli,train,causal_rolling_mad,union,composite,13,primary,3.0,primary,2,primary,36,22,14,7,0.3181818181818182,2,7,3.5,4.0,6.036178725671246,32.71964449449341,False,"detector signal, not ground truth"
helm/helm,external_evaluation,causal_rolling_mad,union,composite,13,primary,3.0,primary,2,primary,46,45,1,5,0.1111111111111111,4,5,1.0,2.0,3.839408938559086,4.965174497901871,True,"detector signal, not ground truth"
prometheus/prometheus,holdout,causal_rolling_mad,union,composite,13,primary,3.0,primary,2,primary,19,19,0,0,0.0,0,0,,,,,False,"detector signal, not ground truth"
prometheus/prometheus,purge,causal_rolling_mad,union,composite,13,primary,3.0,primary,2,primary,4,4,0,0,0.0,0,0,,,,,False,"detector signal, not ground truth"
prometheus/prometheus,train,causal_rolling_mad,union,composite,13,primary,3.0,primary,2,primary,36,22,14,1,0.045454545454545456,1,1,1.0,1.0,4.376397848365001,4.376397848365001,False,"detector signal, not ground truth"
pytest-dev/pytest,external_evaluation,causal_rolling_mad,union,composite,13,primary,3.0,primary,2,primary,46,6,40,2,0.3333333333333333,1,2,2.0,2.0,4.723671904698111,4.898825432958944,True,"detector signal, not ground truth"
tektoncd/pipeline,holdout,causal_rolling_mad,union,composite,13,primary,3.0,primary,2,primary,19,19,0,4,0.21052631578947367,1,4,4.0,4.0,5.407092250841847,13.122197304536538,False,"detector signal, not ground truth"
tektoncd/pipeline,purge,causal_rolling_mad,union,composite,13,primary,3.0,primary,2,primary,4,4,0,0,0.0,0,0,,,,,False,"detector signal, not ground truth"
tektoncd/pipeline,train,causal_rolling_mad,union,composite,13,primary,3.0,primary,2,primary,36,22,14,1,0.045454545454545456,1,1,1.0,1.0,6.405858763799098,6.405858763799098,False,"detector signal, not ground truth"
containerd/containerd,external_evaluation,causal_rolling_mad,union,composite,13,primary,3.0,primary,3,sensitivity,46,44,2,0,0.0,0,0,,,,,True,"detector signal, not ground truth"
docker/cli,holdout,causal_rolling_mad,union,composite,13,primary,3.0,primary,3,sensitivity,19,19,0,1,0.05263157894736842,1,1,1.0,1.0,18.3338402155632,18.3338402155632,False,"detector signal, not ground truth"
docker/cli,purge,causal_rolling_mad,union,composite,13,primary,3.0,primary,3,sensitivity,4,4,0,0,0.0,0,0,,,,,False,"detector signal, not ground truth"
docker/cli,train,causal_rolling_mad,union,composite,13,primary,3.0,primary,3,sensitivity,36,21,15,5,0.23809523809523808,2,5,2.5,3.0,6.036178725671246,8.28060684258533,False,"detector signal, not ground truth"
helm/helm,external_evaluation,causal_rolling_mad,union,composite,13,primary,3.0,primary,3,sensitivity,46,44,2,1,0.022727272727272728,1,1,1.0,1.0,4.965174497901871,4.965174497901871,True,"detector signal, not ground truth"
prometheus/prometheus,holdout,causal_rolling_mad,union,composite,13,primary,3.0,primary,3,sensitivity,19,19,0,0,0.0,0,0,,,,,False,"detector signal, not ground truth"
prometheus/prometheus,purge,causal_rolling_mad,union,composite,13,primary,3.0,primary,3,sensitivity,4,4,0,0,0.0,0,0,,,,,False,"detector signal, not ground truth"
prometheus/prometheus,train,causal_rolling_mad,union,composite,13,primary,3.0,primary,3,sensitivity,36,21,15,0,0.0,0,0,,,,,False,"detector signal, not ground truth"
pytest-dev/pytest,external_evaluation,causal_rolling_mad,union,composite,13,primary,3.0,primary,3,sensitivity,46,5,41,1,0.2,1,1,1.0,1.0,4.548518376437277,4.548518376437277,True,"detector signal, not ground truth"
tektoncd/pipeline,holdout,causal_rolling_mad,union,composite,13,primary,3.0,primary,3,sensitivity,19,19,0,3,0.15789473684210525,1,3,3.0,3.0,7.072157418804079,13.122197304536538,False,"detector signal, not ground truth"
tektoncd/pipeline,purge,causal_rolling_mad,union,composite,13,primary,3.0,primary,3,sensitivity,4,4,0,0,0.0,0,0,,,,,False,"detector signal, not ground truth"
tektoncd/pipeline,train,causal_rolling_mad,union,composite,13,primary,3.0,primary,3,sensitivity,36,21,15,0,0.0,0,0,,,,,False,"detector signal, not ground truth"
containerd/containerd,external_evaluation,causal_rolling_mad,union,composite,13,primary,3.0,primary,4,sensitivity,46,43,3,0,0.0,0,0,,,,,True,"detector signal, not ground truth"
docker/cli,holdout,causal_rolling_mad,union,composite,13,primary,3.0,primary,4,sensitivity,19,19,0,0,0.0,0,0,,,,,False,"detector signal, not ground truth"
docker/cli,purge,causal_rolling_mad,union,composite,13,primary,3.0,primary,4,sensitivity,4,4,0,0,0.0,0,0,,,,,False,"detector signal, not ground truth"
docker/cli,train,causal_rolling_mad,union,composite,13,primary,3.0,primary,4,sensitivity,36,20,16,3,0.15,2,3,1.5,2.0,6.036178725671246,6.356560004731613,False,"detector signal, not ground truth"
helm/helm,external_evaluation,causal_rolling_mad,union,composite,13,primary,3.0,primary,4,sensitivity,46,43,3,0,0.0,0,0,,,,,True,"detector signal, not ground truth"
prometheus/prometheus,holdout,causal_rolling_mad,union,composite,13,primary,3.0,primary,4,sensitivity,19,19,0,0,0.0,0,0,,,,,False,"detector signal, not ground truth"
prometheus/prometheus,purge,causal_rolling_mad,union,composite,13,primary,3.0,primary,4,sensitivity,4,4,0,0,0.0,0,0,,,,,False,"detector signal, not ground truth"
prometheus/prometheus,train,causal_rolling_mad,union,composite,13,primary,3.0,primary,4,sensitivity,36,20,16,0,0.0,0,0,,,,,False,"detector signal, not ground truth"
pytest-dev/pytest,external_evaluation,causal_rolling_mad,union,composite,13,primary,3.0,primary,4,sensitivity,46,4,42,0,0.0,0,0,,,,,True,"detector signal, not ground truth"
tektoncd/pipeline,holdout,causal_rolling_mad,union,composite,13,primary,3.0,primary,4,sensitivity,19,19,0,2,0.10526315789473684,1,2,2.0,2.0,10.097177361670308,13.122197304536538,False,"detector signal, not ground truth"
tektoncd/pipeline,purge,causal_rolling_mad,union,composite,13,primary,3.0,primary,4,sensitivity,4,4,0,0,0.0,0,0,,,,,False,"detector signal, not ground truth"
tektoncd/pipeline,train,causal_rolling_mad,union,composite,13,primary,3.0,primary,4,sensitivity,36,20,16,0,0.0,0,0,,,,,False,"detector signal, not ground truth"
containerd/containerd,external_evaluation,causal_rolling_mad,two_of_three,composite,13,primary,3.0,primary,1,sensitivity,46,46,0,0,0.0,0,0,,,,,True,"detector signal, not ground truth"
docker/cli,holdout,causal_rolling_mad,two_of_three,composite,13,primary,3.0,primary,1,sensitivity,19,19,0,1,0.05263157894736842,1,1,1.0,1.0,18.3338402155632,18.3338402155632,False,"detector signal, not ground truth"
docker/cli,purge,causal_rolling_mad,two_of_three,composite,13,primary,3.0,primary,1,sensitivity,4,4,0,0,0.0,0,0,,,,,False,"detector signal, not ground truth"
docker/cli,train,causal_rolling_mad,two_of_three,composite,13,primary,3.0,primary,1,sensitivity,36,23,13,0,0.0,0,0,,,,,False,"detector signal, not ground truth"
helm/helm,external_evaluation,causal_rolling_mad,two_of_three,composite,13,primary,3.0,primary,1,sensitivity,46,46,0,1,0.021739130434782608,1,1,1.0,1.0,5.991064981233288,5.991064981233288,True,"detector signal, not ground truth"
prometheus/prometheus,holdout,causal_rolling_mad,two_of_three,composite,13,primary,3.0,primary,1,sensitivity,19,19,0,0,0.0,0,0,,,,,False,"detector signal, not ground truth"
prometheus/prometheus,purge,causal_rolling_mad,two_of_three,composite,13,primary,3.0,primary,1,sensitivity,4,4,0,0,0.0,0,0,,,,,False,"detector signal, not ground truth"
prometheus/prometheus,train,causal_rolling_mad,two_of_three,composite,13,primary,3.0,primary,1,sensitivity,36,23,13,0,0.0,0,0,,,,,False,"detector signal, not ground truth"
pytest-dev/pytest,external_evaluation,causal_rolling_mad,two_of_three,composite,13,primary,3.0,primary,1,sensitivity,46,7,39,1,0.14285714285714285,1,1,1.0,1.0,4.548518376437277,4.548518376437277,True,"detector signal, not ground truth"
tektoncd/pipeline,holdout,causal_rolling_mad,two_of_three,composite,13,primary,3.0,primary,1,sensitivity,19,19,0,1,0.05263157894736842,1,1,1.0,1.0,13.122197304536538,13.122197304536538,False,"detector signal, not ground truth"
tektoncd/pipeline,purge,causal_rolling_mad,two_of_three,composite,13,primary,3.0,primary,1,sensitivity,4,4,0,0,0.0,0,0,,,,,False,"detector signal, not ground truth"
tektoncd/pipeline,train,causal_rolling_mad,two_of_three,composite,13,primary,3.0,primary,1,sensitivity,36,23,13,0,0.0,0,0,,,,,False,"detector signal, not ground truth"
containerd/containerd,external_evaluation,causal_rolling_mad,two_of_three,composite,13,primary,3.0,primary,2,primary,46,45,1,0,0.0,0,0,,,,,True,"detector signal, not ground truth"
docker/cli,holdout,causal_rolling_mad,two_of_three,composite,13,primary,3.0,primary,2,primary,19,19,0,0,0.0,0,0,,,,,False,"detector signal, not ground truth"
docker/cli,purge,causal_rolling_mad,two_of_three,composite,13,primary,3.0,primary,2,primary,4,4,0,0,0.0,0,0,,,,,False,"detector signal, not ground truth"
docker/cli,train,causal_rolling_mad,two_of_three,composite,13,primary,3.0,primary,2,primary,36,22,14,0,0.0,0,0,,,,,False,"detector signal, not ground truth"
helm/helm,external_evaluation,causal_rolling_mad,two_of_three,composite,13,primary,3.0,primary,2,primary,46,45,1,0,0.0,0,0,,,,,True,"detector signal, not ground truth"
prometheus/prometheus,holdout,causal_rolling_mad,two_of_three,composite,13,primary,3.0,primary,2,primary,19,19,0,0,0.0,0,0,,,,,False,"detector signal, not ground truth"
prometheus/prometheus,purge,causal_rolling_mad,two_of_three,composite,13,primary,3.0,primary,2,primary,4,4,0,0,0.0,0,0,,,,,False,"detector signal, not ground truth"
prometheus/prometheus,train,causal_rolling_mad,two_of_three,composite,13,primary,3.0,primary,2,primary,36,22,14,0,0.0,0,0,,,,,False,"detector signal, not ground truth"
pytest-dev/pytest,external_evaluation,causal_rolling_mad,two_of_three,composite,13,primary,3.0,primary,2,primary,46,6,40,0,0.0,0,0,,,,,True,"detector signal, not ground truth"
tektoncd/pipeline,holdout,causal_rolling_mad,two_of_three,composite,13,primary,3.0,primary,2,primary,19,19,0,0,0.0,0,0,,,,,False,"detector signal, not ground truth"
tektoncd/pipeline,purge,causal_rolling_mad,two_of_three,composite,13,primary,3.0,primary,2,primary,4,4,0,0,0.0,0,0,,,,,False,"detector signal, not ground truth"
tektoncd/pipeline,train,causal_rolling_mad,two_of_three,composite,13,primary,3.0,primary,2,primary,36,22,14,0,0.0,0,0,,,,,False,"detector signal, not ground truth"
containerd/containerd,external_evaluation,causal_rolling_mad,two_of_three,composite,13,primary,3.0,primary,3,sensitivity,46,44,2,0,0.0,0,0,,,,,True,"detector signal, not ground truth"
docker/cli,holdout,causal_rolling_mad,two_of_three,composite,13,primary,3.0,primary,3,sensitivity,19,19,0,0,0.0,0,0,,,,,False,"detector signal, not ground truth"
docker/cli,purge,causal_rolling_mad,two_of_three,composite,13,primary,3.0,primary,3,sensitivity,4,4,0,0,0.0,0,0,,,,,False,"detector signal, not ground truth"
docker/cli,train,causal_rolling_mad,two_of_three,composite,13,primary,3.0,primary,3,sensitivity,36,21,15,0,0.0,0,0,,,,,False,"detector signal, not ground truth"
helm/helm,external_evaluation,causal_rolling_mad,two_of_three,composite,13,primary,3.0,primary,3,sensitivity,46,44,2,0,0.0,0,0,,,,,True,"detector signal, not ground truth"
prometheus/prometheus,holdout,causal_rolling_mad,two_of_three,composite,13,primary,3.0,primary,3,sensitivity,19,19,0,0,0.0,0,0,,,,,False,"detector signal, not ground truth"
prometheus/prometheus,purge,causal_rolling_mad,two_of_three,composite,13,primary,3.0,primary,3,sensitivity,4,4,0,0,0.0,0,0,,,,,False,"detector signal, not ground truth"
prometheus/prometheus,train,causal_rolling_mad,two_of_three,composite,13,primary,3.0,primary,3,sensitivity,36,21,15,0,0.0,0,0,,,,,False,"detector signal, not ground truth"
pytest-dev/pytest,external_evaluation,causal_rolling_mad,two_of_three,composite,13,primary,3.0,primary,3,sensitivity,46,5,41,0,0.0,0,0,,,,,True,"detector signal, not ground truth"
tektoncd/pipeline,holdout,causal_rolling_mad,two_of_three,composite,13,primary,3.0,primary,3,sensitivity,19,19,0,0,0.0,0,0,,,,,False,"detector signal, not ground truth"
tektoncd/pipeline,purge,causal_rolling_mad,two_of_three,composite,13,primary,3.0,primary,3,sensitivity,4,4,0,0,0.0,0,0,,,,,False,"detector signal, not ground truth"
tektoncd/pipeline,train,causal_rolling_mad,two_of_three,composite,13,primary,3.0,primary,3,sensitivity,36,21,15,0,0.0,0,0,,,,,False,"detector signal, not ground truth"
containerd/containerd,external_evaluation,causal_rolling_mad,two_of_three,composite,13,primary,3.0,primary,4,sensitivity,46,43,3,0,0.0,0,0,,,,,True,"detector signal, not ground truth"
docker/cli,holdout,causal_rolling_mad,two_of_three,composite,13,primary,3.0,primary,4,sensitivity,19,19,0,0,0.0,0,0,,,,,False,"detector signal, not ground truth"
docker/cli,purge,causal_rolling_mad,two_of_three,composite,13,primary,3.0,primary,4,sensitivity,4,4,0,0,0.0,0,0,,,,,False,"detector signal, not ground truth"
docker/cli,train,causal_rolling_mad,two_of_three,composite,13,primary,3.0,primary,4,sensitivity,36,20,16,0,0.0,0,0,,,,,False,"detector signal, not ground truth"
helm/helm,external_evaluation,causal_rolling_mad,two_of_three,composite,13,primary,3.0,primary,4,sensitivity,46,43,3,0,0.0,0,0,,,,,True,"detector signal, not ground truth"
prometheus/prometheus,holdout,causal_rolling_mad,two_of_three,composite,13,primary,3.0,primary,4,sensitivity,19,19,0,0,0.0,0,0,,,,,False,"detector signal, not ground truth"
prometheus/prometheus,purge,causal_rolling_mad,two_of_three,composite,13,primary,3.0,primary,4,sensitivity,4,4,0,0,0.0,0,0,,,,,False,"detector signal, not ground truth"
prometheus/prometheus,train,causal_rolling_mad,two_of_three,composite,13,primary,3.0,primary,4,sensitivity,36,20,16,0,0.0,0,0,,,,,False,"detector signal, not ground truth"
pytest-dev/pytest,external_evaluation,causal_rolling_mad,two_of_three,composite,13,primary,3.0,primary,4,sensitivity,46,4,42,0,0.0,0,0,,,,,True,"detector signal, not ground truth"
tektoncd/pipeline,holdout,causal_rolling_mad,two_of_three,composite,13,primary,3.0,primary,4,sensitivity,19,19,0,0,0.0,0,0,,,,,False,"detector signal, not ground truth"
tektoncd/pipeline,purge,causal_rolling_mad,two_of_three,composite,13,primary,3.0,primary,4,sensitivity,4,4,0,0,0.0,0,0,,,,,False,"detector signal, not ground truth"
tektoncd/pipeline,train,causal_rolling_mad,two_of_three,composite,13,primary,3.0,primary,4,sensitivity,36,20,16,0,0.0,0,0,,,,,False,"detector signal, not ground truth"
containerd/containerd,external_evaluation,causal_rolling_mad,latency_log,latency_log,13,primary,3.5,sensitivity,1,sensitivity,46,46,0,0,0.0,0,0,,,,,True,"detector signal, not ground truth"
docker/cli,holdout,causal_rolling_mad,latency_log,latency_log,13,primary,3.5,sensitivity,1,sensitivity,19,19,0,2,0.10526315789473684,2,2,1.0,1.0,5.83018084212617,7.613700577630863,False,"detector signal, not ground truth"
docker/cli,purge,causal_rolling_mad,latency_log,latency_log,13,primary,3.5,sensitivity,1,sensitivity,4,4,0,1,0.25,1,1,1.0,1.0,3.6235252024070355,3.6235252024070355,False,"detector signal, not ground truth"
docker/cli,train,causal_rolling_mad,latency_log,latency_log,13,primary,3.5,sensitivity,1,sensitivity,36,23,13,5,0.21739130434782608,1,5,5.0,5.0,5.2070532703376555,8.28060684258533,False,"detector signal, not ground truth"
helm/helm,external_evaluation,causal_rolling_mad,latency_log,latency_log,13,primary,3.5,sensitivity,1,sensitivity,46,46,0,3,0.06521739130434782,3,3,1.0,1.0,4.965174497901871,6.062614071859863,True,"detector signal, not ground truth"
prometheus/prometheus,holdout,causal_rolling_mad,latency_log,latency_log,13,primary,3.5,sensitivity,1,sensitivity,19,19,0,0,0.0,0,0,,,,,False,"detector signal, not ground truth"
prometheus/prometheus,purge,causal_rolling_mad,latency_log,latency_log,13,primary,3.5,sensitivity,1,sensitivity,4,4,0,0,0.0,0,0,,,,,False,"detector signal, not ground truth"
prometheus/prometheus,train,causal_rolling_mad,latency_log,latency_log,13,primary,3.5,sensitivity,1,sensitivity,36,23,13,0,0.0,0,0,,,,,False,"detector signal, not ground truth"
pytest-dev/pytest,external_evaluation,causal_rolling_mad,latency_log,latency_log,13,primary,3.5,sensitivity,1,sensitivity,46,46,0,9,0.1956521739130435,5,9,1.0,3.0,5.626189706050051,18.618504091513024,True,"detector signal, not ground truth"
tektoncd/pipeline,holdout,causal_rolling_mad,latency_log,latency_log,13,primary,3.5,sensitivity,1,sensitivity,19,19,0,2,0.10526315789473684,2,2,1.0,1.0,8.751419902157071,13.122197304536538,False,"detector signal, not ground truth"
tektoncd/pipeline,purge,causal_rolling_mad,latency_log,latency_log,13,primary,3.5,sensitivity,1,sensitivity,4,4,0,2,0.5,2,2,1.0,1.0,8.896807591828338,10.80790937171276,False,"detector signal, not ground truth"
tektoncd/pipeline,train,causal_rolling_mad,latency_log,latency_log,13,primary,3.5,sensitivity,1,sensitivity,36,23,13,1,0.043478260869565216,1,1,1.0,1.0,25.84740378940678,25.84740378940678,False,"detector signal, not ground truth"
containerd/containerd,external_evaluation,causal_rolling_mad,latency_log,latency_log,13,primary,3.5,sensitivity,2,primary,46,45,1,0,0.0,0,0,,,,,True,"detector signal, not ground truth"
docker/cli,holdout,causal_rolling_mad,latency_log,latency_log,13,primary,3.5,sensitivity,2,primary,19,19,0,0,0.0,0,0,,,,,False,"detector signal, not ground truth"
docker/cli,purge,causal_rolling_mad,latency_log,latency_log,13,primary,3.5,sensitivity,2,primary,4,4,0,0,0.0,0,0,,,,,False,"detector signal, not ground truth"
docker/cli,train,causal_rolling_mad,latency_log,latency_log,13,primary,3.5,sensitivity,2,primary,36,22,14,4,0.18181818181818182,1,4,4.0,4.0,5.781806637534634,8.28060684258533,False,"detector signal, not ground truth"
helm/helm,external_evaluation,causal_rolling_mad,latency_log,latency_log,13,primary,3.5,sensitivity,2,primary,46,45,1,0,0.0,0,0,,,,,True,"detector signal, not ground truth"
prometheus/prometheus,holdout,causal_rolling_mad,latency_log,latency_log,13,primary,3.5,sensitivity,2,primary,19,19,0,0,0.0,0,0,,,,,False,"detector signal, not ground truth"
prometheus/prometheus,purge,causal_rolling_mad,latency_log,latency_log,13,primary,3.5,sensitivity,2,primary,4,4,0,0,0.0,0,0,,,,,False,"detector signal, not ground truth"
prometheus/prometheus,train,causal_rolling_mad,latency_log,latency_log,13,primary,3.5,sensitivity,2,primary,36,22,14,0,0.0,0,0,,,,,False,"detector signal, not ground truth"
pytest-dev/pytest,external_evaluation,causal_rolling_mad,latency_log,latency_log,13,primary,3.5,sensitivity,2,primary,46,45,1,4,0.08888888888888889,2,4,2.0,2.0,9.602534445052534,18.618504091513024,True,"detector signal, not ground truth"
tektoncd/pipeline,holdout,causal_rolling_mad,latency_log,latency_log,13,primary,3.5,sensitivity,2,primary,19,19,0,0,0.0,0,0,,,,,False,"detector signal, not ground truth"
tektoncd/pipeline,purge,causal_rolling_mad,latency_log,latency_log,13,primary,3.5,sensitivity,2,primary,4,4,0,0,0.0,0,0,,,,,False,"detector signal, not ground truth"
tektoncd/pipeline,train,causal_rolling_mad,latency_log,latency_log,13,primary,3.5,sensitivity,2,primary,36,22,14,0,0.0,0,0,,,,,False,"detector signal, not ground truth"
containerd/containerd,external_evaluation,causal_rolling_mad,latency_log,latency_log,13,primary,3.5,sensitivity,3,sensitivity,46,44,2,0,0.0,0,0,,,,,True,"detector signal, not ground truth"
docker/cli,holdout,causal_rolling_mad,latency_log,latency_log,13,primary,3.5,sensitivity,3,sensitivity,19,19,0,0,0.0,0,0,,,,,False,"detector signal, not ground truth"
docker/cli,purge,causal_rolling_mad,latency_log,latency_log,13,primary,3.5,sensitivity,3,sensitivity,4,4,0,0,0.0,0,0,,,,,False,"detector signal, not ground truth"
docker/cli,train,causal_rolling_mad,latency_log,latency_log,13,primary,3.5,sensitivity,3,sensitivity,36,21,15,3,0.14285714285714285,1,3,3.0,3.0,6.356560004731613,8.28060684258533,False,"detector signal, not ground truth"
helm/helm,external_evaluation,causal_rolling_mad,latency_log,latency_log,13,primary,3.5,sensitivity,3,sensitivity,46,44,2,0,0.0,0,0,,,,,True,"detector signal, not ground truth"
prometheus/prometheus,holdout,causal_rolling_mad,latency_log,latency_log,13,primary,3.5,sensitivity,3,sensitivity,19,19,0,0,0.0,0,0,,,,,False,"detector signal, not ground truth"
prometheus/prometheus,purge,causal_rolling_mad,latency_log,latency_log,13,primary,3.5,sensitivity,3,sensitivity,4,4,0,0,0.0,0,0,,,,,False,"detector signal, not ground truth"
prometheus/prometheus,train,causal_rolling_mad,latency_log,latency_log,13,primary,3.5,sensitivity,3,sensitivity,36,21,15,0,0.0,0,0,,,,,False,"detector signal, not ground truth"
pytest-dev/pytest,external_evaluation,causal_rolling_mad,latency_log,latency_log,13,primary,3.5,sensitivity,3,sensitivity,46,44,2,2,0.045454545454545456,2,2,1.0,1.0,9.427380916791702,14.306243457146126,True,"detector signal, not ground truth"
tektoncd/pipeline,holdout,causal_rolling_mad,latency_log,latency_log,13,primary,3.5,sensitivity,3,sensitivity,19,19,0,0,0.0,0,0,,,,,False,"detector signal, not ground truth"
tektoncd/pipeline,purge,causal_rolling_mad,latency_log,latency_log,13,primary,3.5,sensitivity,3,sensitivity,4,4,0,0,0.0,0,0,,,,,False,"detector signal, not ground truth"
tektoncd/pipeline,train,causal_rolling_mad,latency_log,latency_log,13,primary,3.5,sensitivity,3,sensitivity,36,21,15,0,0.0,0,0,,,,,False,"detector signal, not ground truth"
containerd/containerd,external_evaluation,causal_rolling_mad,latency_log,latency_log,13,primary,3.5,sensitivity,4,sensitivity,46,43,3,0,0.0,0,0,,,,,True,"detector signal, not ground truth"
docker/cli,holdout,causal_rolling_mad,latency_log,latency_log,13,primary,3.5,sensitivity,4,sensitivity,19,19,0,0,0.0,0,0,,,,,False,"detector signal, not ground truth"
docker/cli,purge,causal_rolling_mad,latency_log,latency_log,13,primary,3.5,sensitivity,4,sensitivity,4,4,0,0,0.0,0,0,,,,,False,"detector signal, not ground truth"
docker/cli,train,causal_rolling_mad,latency_log,latency_log,13,primary,3.5,sensitivity,4,sensitivity,36,20,16,2,0.1,1,2,2.0,2.0,5.135753741180982,6.356560004731613,False,"detector signal, not ground truth"
helm/helm,external_evaluation,causal_rolling_mad,latency_log,latency_log,13,primary,3.5,sensitivity,4,sensitivity,46,43,3,0,0.0,0,0,,,,,True,"detector signal, not ground truth"
prometheus/prometheus,holdout,causal_rolling_mad,latency_log,latency_log,13,primary,3.5,sensitivity,4,sensitivity,19,19,0,0,0.0,0,0,,,,,False,"detector signal, not ground truth"
prometheus/prometheus,purge,causal_rolling_mad,latency_log,latency_log,13,primary,3.5,sensitivity,4,sensitivity,4,4,0,0,0.0,0,0,,,,,False,"detector signal, not ground truth"
prometheus/prometheus,train,causal_rolling_mad,latency_log,latency_log,13,primary,3.5,sensitivity,4,sensitivity,36,20,16,0,0.0,0,0,,,,,False,"detector signal, not ground truth"
pytest-dev/pytest,external_evaluation,causal_rolling_mad,latency_log,latency_log,13,primary,3.5,sensitivity,4,sensitivity,46,43,3,0,0.0,0,0,,,,,True,"detector signal, not ground truth"
tektoncd/pipeline,holdout,causal_rolling_mad,latency_log,latency_log,13,primary,3.5,sensitivity,4,sensitivity,19,19,0,0,0.0,0,0,,,,,False,"detector signal, not ground truth"
tektoncd/pipeline,purge,causal_rolling_mad,latency_log,latency_log,13,primary,3.5,sensitivity,4,sensitivity,4,4,0,0,0.0,0,0,,,,,False,"detector signal, not ground truth"
tektoncd/pipeline,train,causal_rolling_mad,latency_log,latency_log,13,primary,3.5,sensitivity,4,sensitivity,36,20,16,0,0.0,0,0,,,,,False,"detector signal, not ground truth"
containerd/containerd,external_evaluation,causal_rolling_mad,failure_rate,failure_rate,13,primary,3.5,sensitivity,1,sensitivity,46,46,0,5,0.10869565217391304,4,5,1.0,2.0,3.921574809606326,4.3374919456902585,True,"detector signal, not ground truth"
docker/cli,holdout,causal_rolling_mad,failure_rate,failure_rate,13,primary,3.5,sensitivity,1,sensitivity,19,19,0,1,0.05263157894736842,1,1,1.0,1.0,18.3338402155632,18.3338402155632,False,"detector signal, not ground truth"
docker/cli,purge,causal_rolling_mad,failure_rate,failure_rate,13,primary,3.5,sensitivity,1,sensitivity,4,4,0,0,0.0,0,0,,,,,False,"detector signal, not ground truth"
docker/cli,train,causal_rolling_mad,failure_rate,failure_rate,13,primary,3.5,sensitivity,1,sensitivity,36,23,13,0,0.0,0,0,,,,,False,"detector signal, not ground truth"
helm/helm,external_evaluation,causal_rolling_mad,failure_rate,failure_rate,13,primary,3.5,sensitivity,1,sensitivity,46,46,0,3,0.06521739130434782,3,3,1.0,1.0,5.991064981233288,6.688956122495133,True,"detector signal, not ground truth"
prometheus/prometheus,holdout,causal_rolling_mad,failure_rate,failure_rate,13,primary,3.5,sensitivity,1,sensitivity,19,19,0,0,0.0,0,0,,,,,False,"detector signal, not ground truth"
prometheus/prometheus,purge,causal_rolling_mad,failure_rate,failure_rate,13,primary,3.5,sensitivity,1,sensitivity,4,4,0,0,0.0,0,0,,,,,False,"detector signal, not ground truth"
prometheus/prometheus,train,causal_rolling_mad,failure_rate,failure_rate,13,primary,3.5,sensitivity,1,sensitivity,36,23,13,0,0.0,0,0,,,,,False,"detector signal, not ground truth"
pytest-dev/pytest,external_evaluation,causal_rolling_mad,failure_rate,failure_rate,13,primary,3.5,sensitivity,1,sensitivity,46,46,0,1,0.021739130434782608,1,1,1.0,1.0,4.252224353222015,4.252224353222015,True,"detector signal, not ground truth"
tektoncd/pipeline,holdout,causal_rolling_mad,failure_rate,failure_rate,13,primary,3.5,sensitivity,1,sensitivity,19,19,0,3,0.15789473684210525,2,3,1.5,2.0,3.742027082879615,7.072157418804079,False,"detector signal, not ground truth"
tektoncd/pipeline,purge,causal_rolling_mad,failure_rate,failure_rate,13,primary,3.5,sensitivity,1,sensitivity,4,4,0,0,0.0,0,0,,,,,False,"detector signal, not ground truth"
tektoncd/pipeline,train,causal_rolling_mad,failure_rate,failure_rate,13,primary,3.5,sensitivity,1,sensitivity,36,23,13,0,0.0,0,0,,,,,False,"detector signal, not ground truth"
containerd/containerd,external_evaluation,causal_rolling_mad,failure_rate,failure_rate,13,primary,3.5,sensitivity,2,primary,46,45,1,1,0.022222222222222223,1,1,1.0,1.0,3.921574809606326,3.921574809606326,True,"detector signal, not ground truth"
docker/cli,holdout,causal_rolling_mad,failure_rate,failure_rate,13,primary,3.5,sensitivity,2,primary,19,19,0,0,0.0,0,0,,,,,False,"detector signal, not ground truth"
docker/cli,purge,causal_rolling_mad,failure_rate,failure_rate,13,primary,3.5,sensitivity,2,primary,4,4,0,0,0.0,0,0,,,,,False,"detector signal, not ground truth"
docker/cli,train,causal_rolling_mad,failure_rate,failure_rate,13,primary,3.5,sensitivity,2,primary,36,22,14,0,0.0,0,0,,,,,False,"detector signal, not ground truth"
helm/helm,external_evaluation,causal_rolling_mad,failure_rate,failure_rate,13,primary,3.5,sensitivity,2,primary,46,45,1,0,0.0,0,0,,,,,True,"detector signal, not ground truth"
prometheus/prometheus,holdout,causal_rolling_mad,failure_rate,failure_rate,13,primary,3.5,sensitivity,2,primary,19,19,0,0,0.0,0,0,,,,,False,"detector signal, not ground truth"
prometheus/prometheus,purge,causal_rolling_mad,failure_rate,failure_rate,13,primary,3.5,sensitivity,2,primary,4,4,0,0,0.0,0,0,,,,,False,"detector signal, not ground truth"
prometheus/prometheus,train,causal_rolling_mad,failure_rate,failure_rate,13,primary,3.5,sensitivity,2,primary,36,22,14,0,0.0,0,0,,,,,False,"detector signal, not ground truth"
pytest-dev/pytest,external_evaluation,causal_rolling_mad,failure_rate,failure_rate,13,primary,3.5,sensitivity,2,primary,46,45,1,0,0.0,0,0,,,,,True,"detector signal, not ground truth"
tektoncd/pipeline,holdout,causal_rolling_mad,failure_rate,failure_rate,13,primary,3.5,sensitivity,2,primary,19,19,0,1,0.05263157894736842,1,1,1.0,1.0,7.072157418804079,7.072157418804079,False,"detector signal, not ground truth"
tektoncd/pipeline,purge,causal_rolling_mad,failure_rate,failure_rate,13,primary,3.5,sensitivity,2,primary,4,4,0,0,0.0,0,0,,,,,False,"detector signal, not ground truth"
tektoncd/pipeline,train,causal_rolling_mad,failure_rate,failure_rate,13,primary,3.5,sensitivity,2,primary,36,22,14,0,0.0,0,0,,,,,False,"detector signal, not ground truth"
containerd/containerd,external_evaluation,causal_rolling_mad,failure_rate,failure_rate,13,primary,3.5,sensitivity,3,sensitivity,46,44,2,0,0.0,0,0,,,,,True,"detector signal, not ground truth"
docker/cli,holdout,causal_rolling_mad,failure_rate,failure_rate,13,primary,3.5,sensitivity,3,sensitivity,19,19,0,0,0.0,0,0,,,,,False,"detector signal, not ground truth"
docker/cli,purge,causal_rolling_mad,failure_rate,failure_rate,13,primary,3.5,sensitivity,3,sensitivity,4,4,0,0,0.0,0,0,,,,,False,"detector signal, not ground truth"
docker/cli,train,causal_rolling_mad,failure_rate,failure_rate,13,primary,3.5,sensitivity,3,sensitivity,36,21,15,0,0.0,0,0,,,,,False,"detector signal, not ground truth"
helm/helm,external_evaluation,causal_rolling_mad,failure_rate,failure_rate,13,primary,3.5,sensitivity,3,sensitivity,46,44,2,0,0.0,0,0,,,,,True,"detector signal, not ground truth"
prometheus/prometheus,holdout,causal_rolling_mad,failure_rate,failure_rate,13,primary,3.5,sensitivity,3,sensitivity,19,19,0,0,0.0,0,0,,,,,False,"detector signal, not ground truth"
prometheus/prometheus,purge,causal_rolling_mad,failure_rate,failure_rate,13,primary,3.5,sensitivity,3,sensitivity,4,4,0,0,0.0,0,0,,,,,False,"detector signal, not ground truth"
prometheus/prometheus,train,causal_rolling_mad,failure_rate,failure_rate,13,primary,3.5,sensitivity,3,sensitivity,36,21,15,0,0.0,0,0,,,,,False,"detector signal, not ground truth"
pytest-dev/pytest,external_evaluation,causal_rolling_mad,failure_rate,failure_rate,13,primary,3.5,sensitivity,3,sensitivity,46,44,2,0,0.0,0,0,,,,,True,"detector signal, not ground truth"
tektoncd/pipeline,holdout,causal_rolling_mad,failure_rate,failure_rate,13,primary,3.5,sensitivity,3,sensitivity,19,19,0,0,0.0,0,0,,,,,False,"detector signal, not ground truth"
tektoncd/pipeline,purge,causal_rolling_mad,failure_rate,failure_rate,13,primary,3.5,sensitivity,3,sensitivity,4,4,0,0,0.0,0,0,,,,,False,"detector signal, not ground truth"
tektoncd/pipeline,train,causal_rolling_mad,failure_rate,failure_rate,13,primary,3.5,sensitivity,3,sensitivity,36,21,15,0,0.0,0,0,,,,,False,"detector signal, not ground truth"
containerd/containerd,external_evaluation,causal_rolling_mad,failure_rate,failure_rate,13,primary,3.5,sensitivity,4,sensitivity,46,43,3,0,0.0,0,0,,,,,True,"detector signal, not ground truth"
docker/cli,holdout,causal_rolling_mad,failure_rate,failure_rate,13,primary,3.5,sensitivity,4,sensitivity,19,19,0,0,0.0,0,0,,,,,False,"detector signal, not ground truth"
docker/cli,purge,causal_rolling_mad,failure_rate,failure_rate,13,primary,3.5,sensitivity,4,sensitivity,4,4,0,0,0.0,0,0,,,,,False,"detector signal, not ground truth"
docker/cli,train,causal_rolling_mad,failure_rate,failure_rate,13,primary,3.5,sensitivity,4,sensitivity,36,20,16,0,0.0,0,0,,,,,False,"detector signal, not ground truth"
helm/helm,external_evaluation,causal_rolling_mad,failure_rate,failure_rate,13,primary,3.5,sensitivity,4,sensitivity,46,43,3,0,0.0,0,0,,,,,True,"detector signal, not ground truth"
prometheus/prometheus,holdout,causal_rolling_mad,failure_rate,failure_rate,13,primary,3.5,sensitivity,4,sensitivity,19,19,0,0,0.0,0,0,,,,,False,"detector signal, not ground truth"
prometheus/prometheus,purge,causal_rolling_mad,failure_rate,failure_rate,13,primary,3.5,sensitivity,4,sensitivity,4,4,0,0,0.0,0,0,,,,,False,"detector signal, not ground truth"
prometheus/prometheus,train,causal_rolling_mad,failure_rate,failure_rate,13,primary,3.5,sensitivity,4,sensitivity,36,20,16,0,0.0,0,0,,,,,False,"detector signal, not ground truth"
pytest-dev/pytest,external_evaluation,causal_rolling_mad,failure_rate,failure_rate,13,primary,3.5,sensitivity,4,sensitivity,46,43,3,0,0.0,0,0,,,,,True,"detector signal, not ground truth"
tektoncd/pipeline,holdout,causal_rolling_mad,failure_rate,failure_rate,13,primary,3.5,sensitivity,4,sensitivity,19,19,0,0,0.0,0,0,,,,,False,"detector signal, not ground truth"
tektoncd/pipeline,purge,causal_rolling_mad,failure_rate,failure_rate,13,primary,3.5,sensitivity,4,sensitivity,4,4,0,0,0.0,0,0,,,,,False,"detector signal, not ground truth"
tektoncd/pipeline,train,causal_rolling_mad,failure_rate,failure_rate,13,primary,3.5,sensitivity,4,sensitivity,36,20,16,0,0.0,0,0,,,,,False,"detector signal, not ground truth"
containerd/containerd,external_evaluation,causal_rolling_mad,rerun_rate,rerun_rate,13,primary,3.5,sensitivity,1,sensitivity,46,46,0,0,0.0,0,0,,,,,True,"detector signal, not ground truth"
docker/cli,holdout,causal_rolling_mad,rerun_rate,rerun_rate,13,primary,3.5,sensitivity,1,sensitivity,19,19,0,1,0.05263157894736842,1,1,1.0,1.0,5.922183017036058,5.922183017036058,False,"detector signal, not ground truth"
docker/cli,purge,causal_rolling_mad,rerun_rate,rerun_rate,13,primary,3.5,sensitivity,1,sensitivity,4,4,0,1,0.25,1,1,1.0,1.0,6.515426114675644,6.515426114675644,False,"detector signal, not ground truth"
docker/cli,train,causal_rolling_mad,rerun_rate,rerun_rate,13,primary,3.5,sensitivity,1,sensitivity,36,23,13,4,0.17391304347826086,1,4,4.0,4.0,19.37791161008233,102.16286703538766,False,"detector signal, not ground truth"
helm/helm,external_evaluation,causal_rolling_mad,rerun_rate,rerun_rate,13,primary,3.5,sensitivity,1,sensitivity,46,46,0,4,0.08695652173913043,3,4,1.0,2.0,3.927916775775472,4.043896011054022,True,"detector signal, not ground truth"
prometheus/prometheus,holdout,causal_rolling_mad,rerun_rate,rerun_rate,13,primary,3.5,sensitivity,1,sensitivity,19,19,0,0,0.0,0,0,,,,,False,"detector signal, not ground truth"
prometheus/prometheus,purge,causal_rolling_mad,rerun_rate,rerun_rate,13,primary,3.5,sensitivity,1,sensitivity,4,4,0,0,0.0,0,0,,,,,False,"detector signal, not ground truth"
prometheus/prometheus,train,causal_rolling_mad,rerun_rate,rerun_rate,13,primary,3.5,sensitivity,1,sensitivity,36,23,13,3,0.13043478260869565,2,3,1.5,2.0,4.274794211896545,4.376397848365001,False,"detector signal, not ground truth"
pytest-dev/pytest,external_evaluation,causal_rolling_mad,rerun_rate,rerun_rate,13,primary,3.5,sensitivity,1,sensitivity,46,7,39,0,0.0,0,0,,,,,True,"detector signal, not ground truth"
tektoncd/pipeline,holdout,causal_rolling_mad,rerun_rate,rerun_rate,13,primary,3.5,sensitivity,1,sensitivity,19,19,0,0,0.0,0,0,,,,,False,"detector signal, not ground truth"
tektoncd/pipeline,purge,causal_rolling_mad,rerun_rate,rerun_rate,13,primary,3.5,sensitivity,1,sensitivity,4,4,0,0,0.0,0,0,,,,,False,"detector signal, not ground truth"
tektoncd/pipeline,train,causal_rolling_mad,rerun_rate,rerun_rate,13,primary,3.5,sensitivity,1,sensitivity,36,23,13,2,0.08695652173913043,1,2,2.0,2.0,6.246824422961725,6.405858763799098,False,"detector signal, not ground truth"
containerd/containerd,external_evaluation,causal_rolling_mad,rerun_rate,rerun_rate,13,primary,3.5,sensitivity,2,primary,46,45,1,0,0.0,0,0,,,,,True,"detector signal, not ground truth"
docker/cli,holdout,causal_rolling_mad,rerun_rate,rerun_rate,13,primary,3.5,sensitivity,2,primary,19,19,0,0,0.0,0,0,,,,,False,"detector signal, not ground truth"
docker/cli,purge,causal_rolling_mad,rerun_rate,rerun_rate,13,primary,3.5,sensitivity,2,primary,4,4,0,0,0.0,0,0,,,,,False,"detector signal, not ground truth"
docker/cli,train,causal_rolling_mad,rerun_rate,rerun_rate,13,primary,3.5,sensitivity,2,primary,36,22,14,3,0.13636363636363635,1,3,3.0,3.0,6.036178725671246,32.71964449449341,False,"detector signal, not ground truth"
helm/helm,external_evaluation,causal_rolling_mad,rerun_rate,rerun_rate,13,primary,3.5,sensitivity,2,primary,46,45,1,1,0.022222222222222223,1,1,1.0,1.0,3.839408938559086,3.839408938559086,True,"detector signal, not ground truth"
prometheus/prometheus,holdout,causal_rolling_mad,rerun_rate,rerun_rate,13,primary,3.5,sensitivity,2,primary,19,19,0,0,0.0,0,0,,,,,False,"detector signal, not ground truth"
prometheus/prometheus,purge,causal_rolling_mad,rerun_rate,rerun_rate,13,primary,3.5,sensitivity,2,primary,4,4,0,0,0.0,0,0,,,,,False,"detector signal, not ground truth"
prometheus/prometheus,train,causal_rolling_mad,rerun_rate,rerun_rate,13,primary,3.5,sensitivity,2,primary,36,22,14,1,0.045454545454545456,1,1,1.0,1.0,4.376397848365001,4.376397848365001,False,"detector signal, not ground truth"
pytest-dev/pytest,external_evaluation,causal_rolling_mad,rerun_rate,rerun_rate,13,primary,3.5,sensitivity,2,primary,46,6,40,0,0.0,0,0,,,,,True,"detector signal, not ground truth"
tektoncd/pipeline,holdout,causal_rolling_mad,rerun_rate,rerun_rate,13,primary,3.5,sensitivity,2,primary,19,19,0,0,0.0,0,0,,,,,False,"detector signal, not ground truth"
tektoncd/pipeline,purge,causal_rolling_mad,rerun_rate,rerun_rate,13,primary,3.5,sensitivity,2,primary,4,4,0,0,0.0,0,0,,,,,False,"detector signal, not ground truth"
tektoncd/pipeline,train,causal_rolling_mad,rerun_rate,rerun_rate,13,primary,3.5,sensitivity,2,primary,36,22,14,1,0.045454545454545456,1,1,1.0,1.0,6.405858763799098,6.405858763799098,False,"detector signal, not ground truth"
containerd/containerd,external_evaluation,causal_rolling_mad,rerun_rate,rerun_rate,13,primary,3.5,sensitivity,3,sensitivity,46,44,2,0,0.0,0,0,,,,,True,"detector signal, not ground truth"
docker/cli,holdout,causal_rolling_mad,rerun_rate,rerun_rate,13,primary,3.5,sensitivity,3,sensitivity,19,19,0,0,0.0,0,0,,,,,False,"detector signal, not ground truth"
docker/cli,purge,causal_rolling_mad,rerun_rate,rerun_rate,13,primary,3.5,sensitivity,3,sensitivity,4,4,0,0,0.0,0,0,,,,,False,"detector signal, not ground truth"
docker/cli,train,causal_rolling_mad,rerun_rate,rerun_rate,13,primary,3.5,sensitivity,3,sensitivity,36,21,15,2,0.09523809523809523,1,2,2.0,2.0,4.971179996798292,6.036178725671246,False,"detector signal, not ground truth"
helm/helm,external_evaluation,causal_rolling_mad,rerun_rate,rerun_rate,13,primary,3.5,sensitivity,3,sensitivity,46,44,2,0,0.0,0,0,,,,,True,"detector signal, not ground truth"
prometheus/prometheus,holdout,causal_rolling_mad,rerun_rate,rerun_rate,13,primary,3.5,sensitivity,3,sensitivity,19,19,0,0,0.0,0,0,,,,,False,"detector signal, not ground truth"
prometheus/prometheus,purge,causal_rolling_mad,rerun_rate,rerun_rate,13,primary,3.5,sensitivity,3,sensitivity,4,4,0,0,0.0,0,0,,,,,False,"detector signal, not ground truth"
prometheus/prometheus,train,causal_rolling_mad,rerun_rate,rerun_rate,13,primary,3.5,sensitivity,3,sensitivity,36,21,15,0,0.0,0,0,,,,,False,"detector signal, not ground truth"
pytest-dev/pytest,external_evaluation,causal_rolling_mad,rerun_rate,rerun_rate,13,primary,3.5,sensitivity,3,sensitivity,46,5,41,0,0.0,0,0,,,,,True,"detector signal, not ground truth"
tektoncd/pipeline,holdout,causal_rolling_mad,rerun_rate,rerun_rate,13,primary,3.5,sensitivity,3,sensitivity,19,19,0,0,0.0,0,0,,,,,False,"detector signal, not ground truth"
tektoncd/pipeline,purge,causal_rolling_mad,rerun_rate,rerun_rate,13,primary,3.5,sensitivity,3,sensitivity,4,4,0,0,0.0,0,0,,,,,False,"detector signal, not ground truth"
tektoncd/pipeline,train,causal_rolling_mad,rerun_rate,rerun_rate,13,primary,3.5,sensitivity,3,sensitivity,36,21,15,0,0.0,0,0,,,,,False,"detector signal, not ground truth"
containerd/containerd,external_evaluation,causal_rolling_mad,rerun_rate,rerun_rate,13,primary,3.5,sensitivity,4,sensitivity,46,43,3,0,0.0,0,0,,,,,True,"detector signal, not ground truth"
docker/cli,holdout,causal_rolling_mad,rerun_rate,rerun_rate,13,primary,3.5,sensitivity,4,sensitivity,19,19,0,0,0.0,0,0,,,,,False,"detector signal, not ground truth"
docker/cli,purge,causal_rolling_mad,rerun_rate,rerun_rate,13,primary,3.5,sensitivity,4,sensitivity,4,4,0,0,0.0,0,0,,,,,False,"detector signal, not ground truth"
docker/cli,train,causal_rolling_mad,rerun_rate,rerun_rate,13,primary,3.5,sensitivity,4,sensitivity,36,20,16,1,0.05,1,1,1.0,1.0,6.036178725671246,6.036178725671246,False,"detector signal, not ground truth"
helm/helm,external_evaluation,causal_rolling_mad,rerun_rate,rerun_rate,13,primary,3.5,sensitivity,4,sensitivity,46,43,3,0,0.0,0,0,,,,,True,"detector signal, not ground truth"
prometheus/prometheus,holdout,causal_rolling_mad,rerun_rate,rerun_rate,13,primary,3.5,sensitivity,4,sensitivity,19,19,0,0,0.0,0,0,,,,,False,"detector signal, not ground truth"
prometheus/prometheus,purge,causal_rolling_mad,rerun_rate,rerun_rate,13,primary,3.5,sensitivity,4,sensitivity,4,4,0,0,0.0,0,0,,,,,False,"detector signal, not ground truth"
prometheus/prometheus,train,causal_rolling_mad,rerun_rate,rerun_rate,13,primary,3.5,sensitivity,4,sensitivity,36,20,16,0,0.0,0,0,,,,,False,"detector signal, not ground truth"
pytest-dev/pytest,external_evaluation,causal_rolling_mad,rerun_rate,rerun_rate,13,primary,3.5,sensitivity,4,sensitivity,46,4,42,0,0.0,0,0,,,,,True,"detector signal, not ground truth"
tektoncd/pipeline,holdout,causal_rolling_mad,rerun_rate,rerun_rate,13,primary,3.5,sensitivity,4,sensitivity,19,19,0,0,0.0,0,0,,,,,False,"detector signal, not ground truth"
tektoncd/pipeline,purge,causal_rolling_mad,rerun_rate,rerun_rate,13,primary,3.5,sensitivity,4,sensitivity,4,4,0,0,0.0,0,0,,,,,False,"detector signal, not ground truth"
tektoncd/pipeline,train,causal_rolling_mad,rerun_rate,rerun_rate,13,primary,3.5,sensitivity,4,sensitivity,36,20,16,0,0.0,0,0,,,,,False,"detector signal, not ground truth"
containerd/containerd,external_evaluation,causal_rolling_mad,union,composite,13,primary,3.5,sensitivity,1,sensitivity,46,46,0,5,0.10869565217391304,4,5,1.0,2.0,3.921574809606326,4.3374919456902585,True,"detector signal, not ground truth"
docker/cli,holdout,causal_rolling_mad,union,composite,13,primary,3.5,sensitivity,1,sensitivity,19,19,0,3,0.15789473684210525,3,3,1.0,1.0,7.613700577630863,18.3338402155632,False,"detector signal, not ground truth"
docker/cli,purge,causal_rolling_mad,union,composite,13,primary,3.5,sensitivity,1,sensitivity,4,4,0,2,0.5,2,2,1.0,1.0,5.069475658541339,6.515426114675644,False,"detector signal, not ground truth"
docker/cli,train,causal_rolling_mad,union,composite,13,primary,3.5,sensitivity,1,sensitivity,36,23,13,9,0.391304347826087,2,9,4.5,5.0,6.036178725671246,102.16286703538766,False,"detector signal, not ground truth"
helm/helm,external_evaluation,causal_rolling_mad,union,composite,13,primary,3.5,sensitivity,1,sensitivity,46,46,0,9,0.1956521739130435,7,9,1.0,2.0,4.423865863625892,6.688956122495133,True,"detector signal, not ground truth"
prometheus/prometheus,holdout,causal_rolling_mad,union,composite,13,primary,3.5,sensitivity,1,sensitivity,19,19,0,0,0.0,0,0,,,,,False,"detector signal, not ground truth"
prometheus/prometheus,purge,causal_rolling_mad,union,composite,13,primary,3.5,sensitivity,1,sensitivity,4,4,0,0,0.0,0,0,,,,,False,"detector signal, not ground truth"
prometheus/prometheus,train,causal_rolling_mad,union,composite,13,primary,3.5,sensitivity,1,sensitivity,36,23,13,3,0.13043478260869565,2,3,1.5,2.0,4.274794211896545,4.376397848365001,False,"detector signal, not ground truth"
pytest-dev/pytest,external_evaluation,causal_rolling_mad,union,composite,13,primary,3.5,sensitivity,1,sensitivity,46,7,39,4,0.5714285714285714,2,4,2.0,3.0,4.723671904698111,5.626189706050051,True,"detector signal, not ground truth"
tektoncd/pipeline,holdout,causal_rolling_mad,union,composite,13,primary,3.5,sensitivity,1,sensitivity,19,19,0,4,0.21052631578947367,2,4,2.0,2.0,5.726399959290843,13.122197304536538,False,"detector signal, not ground truth"
tektoncd/pipeline,purge,causal_rolling_mad,union,composite,13,primary,3.5,sensitivity,1,sensitivity,4,4,0,2,0.5,2,2,1.0,1.0,8.896807591828338,10.80790937171276,False,"detector signal, not ground truth"
tektoncd/pipeline,train,causal_rolling_mad,union,composite,13,primary,3.5,sensitivity,1,sensitivity,36,23,13,3,0.13043478260869565,2,3,1.5,2.0,6.405858763799098,25.84740378940678,False,"detector signal, not ground truth"
containerd/containerd,external_evaluation,causal_rolling_mad,union,composite,13,primary,3.5,sensitivity,2,primary,46,45,1,1,0.022222222222222223,1,1,1.0,1.0,3.921574809606326,3.921574809606326,True,"detector signal, not ground truth"
docker/cli,holdout,causal_rolling_mad,union,composite,13,primary,3.5,sensitivity,2,primary,19,19,0,0,0.0,0,0,,,,,False,"detector signal, not ground truth"
docker/cli,purge,causal_rolling_mad,union,composite,13,primary,3.5,sensitivity,2,primary,4,4,0,0,0.0,0,0,,,,,False,"detector signal, not ground truth"
docker/cli,train,causal_rolling_mad,union,composite,13,primary,3.5,sensitivity,2,primary,36,22,14,7,0.3181818181818182,2,7,3.5,4.0,6.036178725671246,32.71964449449341,False,"detector signal, not ground truth"
helm/helm,external_evaluation,causal_rolling_mad,union,composite,13,primary,3.5,sensitivity,2,primary,46,45,1,2,0.044444444444444446,2,2,1.0,1.0,4.131637401092489,4.423865863625892,True,"detector signal, not ground truth"
prometheus/prometheus,holdout,causal_rolling_mad,union,composite,13,primary,3.5,sensitivity,2,primary,19,19,0,0,0.0,0,0,,,,,False,"detector signal, not ground truth"
prometheus/prometheus,purge,causal_rolling_mad,union,composite,13,primary,3.5,sensitivity,2,primary,4,4,0,0,0.0,0,0,,,,,False,"detector signal, not ground truth"
prometheus/prometheus,train,causal_rolling_mad,union,composite,13,primary,3.5,sensitivity,2,primary,36,22,14,1,0.045454545454545456,1,1,1.0,1.0,4.376397848365001,4.376397848365001,False,"detector signal, not ground truth"
pytest-dev/pytest,external_evaluation,causal_rolling_mad,union,composite,13,primary,3.5,sensitivity,2,primary,46,6,40,2,0.3333333333333333,1,2,2.0,2.0,4.723671904698111,4.898825432958944,True,"detector signal, not ground truth"
tektoncd/pipeline,holdout,causal_rolling_mad,union,composite,13,primary,3.5,sensitivity,2,primary,19,19,0,2,0.10526315789473684,2,2,1.0,1.0,5.407092250841847,7.072157418804079,False,"detector signal, not ground truth"
tektoncd/pipeline,purge,causal_rolling_mad,union,composite,13,primary,3.5,sensitivity,2,primary,4,4,0,0,0.0,0,0,,,,,False,"detector signal, not ground truth"
tektoncd/pipeline,train,causal_rolling_mad,union,composite,13,primary,3.5,sensitivity,2,primary,36,22,14,1,0.045454545454545456,1,1,1.0,1.0,6.405858763799098,6.405858763799098,False,"detector signal, not ground truth"
containerd/containerd,external_evaluation,causal_rolling_mad,union,composite,13,primary,3.5,sensitivity,3,sensitivity,46,44,2,0,0.0,0,0,,,,,True,"detector signal, not ground truth"
docker/cli,holdout,causal_rolling_mad,union,composite,13,primary,3.5,sensitivity,3,sensitivity,19,19,0,0,0.0,0,0,,,,,False,"detector signal, not ground truth"
docker/cli,purge,causal_rolling_mad,union,composite,13,primary,3.5,sensitivity,3,sensitivity,4,4,0,0,0.0,0,0,,,,,False,"detector signal, not ground truth"
docker/cli,train,causal_rolling_mad,union,composite,13,primary,3.5,sensitivity,3,sensitivity,36,21,15,5,0.23809523809523808,2,5,2.5,3.0,6.036178725671246,8.28060684258533,False,"detector signal, not ground truth"
helm/helm,external_evaluation,causal_rolling_mad,union,composite,13,primary,3.5,sensitivity,3,sensitivity,46,44,2,0,0.0,0,0,,,,,True,"detector signal, not ground truth"
prometheus/prometheus,holdout,causal_rolling_mad,union,composite,13,primary,3.5,sensitivity,3,sensitivity,19,19,0,0,0.0,0,0,,,,,False,"detector signal, not ground truth"
prometheus/prometheus,purge,causal_rolling_mad,union,composite,13,primary,3.5,sensitivity,3,sensitivity,4,4,0,0,0.0,0,0,,,,,False,"detector signal, not ground truth"
prometheus/prometheus,train,causal_rolling_mad,union,composite,13,primary,3.5,sensitivity,3,sensitivity,36,21,15,0,0.0,0,0,,,,,False,"detector signal, not ground truth"
pytest-dev/pytest,external_evaluation,causal_rolling_mad,union,composite,13,primary,3.5,sensitivity,3,sensitivity,46,5,41,1,0.2,1,1,1.0,1.0,4.548518376437277,4.548518376437277,True,"detector signal, not ground truth"
tektoncd/pipeline,holdout,causal_rolling_mad,union,composite,13,primary,3.5,sensitivity,3,sensitivity,19,19,0,0,0.0,0,0,,,,,False,"detector signal, not ground truth"
tektoncd/pipeline,purge,causal_rolling_mad,union,composite,13,primary,3.5,sensitivity,3,sensitivity,4,4,0,0,0.0,0,0,,,,,False,"detector signal, not ground truth"
tektoncd/pipeline,train,causal_rolling_mad,union,composite,13,primary,3.5,sensitivity,3,sensitivity,36,21,15,0,0.0,0,0,,,,,False,"detector signal, not ground truth"
containerd/containerd,external_evaluation,causal_rolling_mad,union,composite,13,primary,3.5,sensitivity,4,sensitivity,46,43,3,0,0.0,0,0,,,,,True,"detector signal, not ground truth"
docker/cli,holdout,causal_rolling_mad,union,composite,13,primary,3.5,sensitivity,4,sensitivity,19,19,0,0,0.0,0,0,,,,,False,"detector signal, not ground truth"
docker/cli,purge,causal_rolling_mad,union,composite,13,primary,3.5,sensitivity,4,sensitivity,4,4,0,0,0.0,0,0,,,,,False,"detector signal, not ground truth"
docker/cli,train,causal_rolling_mad,union,composite,13,primary,3.5,sensitivity,4,sensitivity,36,20,16,3,0.15,2,3,1.5,2.0,6.036178725671246,6.356560004731613,False,"detector signal, not ground truth"
helm/helm,external_evaluation,causal_rolling_mad,union,composite,13,primary,3.5,sensitivity,4,sensitivity,46,43,3,0,0.0,0,0,,,,,True,"detector signal, not ground truth"
prometheus/prometheus,holdout,causal_rolling_mad,union,composite,13,primary,3.5,sensitivity,4,sensitivity,19,19,0,0,0.0,0,0,,,,,False,"detector signal, not ground truth"
prometheus/prometheus,purge,causal_rolling_mad,union,composite,13,primary,3.5,sensitivity,4,sensitivity,4,4,0,0,0.0,0,0,,,,,False,"detector signal, not ground truth"
prometheus/prometheus,train,causal_rolling_mad,union,composite,13,primary,3.5,sensitivity,4,sensitivity,36,20,16,0,0.0,0,0,,,,,False,"detector signal, not ground truth"
pytest-dev/pytest,external_evaluation,causal_rolling_mad,union,composite,13,primary,3.5,sensitivity,4,sensitivity,46,4,42,0,0.0,0,0,,,,,True,"detector signal, not ground truth"
tektoncd/pipeline,holdout,causal_rolling_mad,union,composite,13,primary,3.5,sensitivity,4,sensitivity,19,19,0,0,0.0,0,0,,,,,False,"detector signal, not ground truth"
tektoncd/pipeline,purge,causal_rolling_mad,union,composite,13,primary,3.5,sensitivity,4,sensitivity,4,4,0,0,0.0,0,0,,,,,False,"detector signal, not ground truth"
tektoncd/pipeline,train,causal_rolling_mad,union,composite,13,primary,3.5,sensitivity,4,sensitivity,36,20,16,0,0.0,0,0,,,,,False,"detector signal, not ground truth"
containerd/containerd,external_evaluation,causal_rolling_mad,two_of_three,composite,13,primary,3.5,sensitivity,1,sensitivity,46,46,0,0,0.0,0,0,,,,,True,"detector signal, not ground truth"
docker/cli,holdout,causal_rolling_mad,two_of_three,composite,13,primary,3.5,sensitivity,1,sensitivity,19,19,0,1,0.05263157894736842,1,1,1.0,1.0,18.3338402155632,18.3338402155632,False,"detector signal, not ground truth"
docker/cli,purge,causal_rolling_mad,two_of_three,composite,13,primary,3.5,sensitivity,1,sensitivity,4,4,0,0,0.0,0,0,,,,,False,"detector signal, not ground truth"
docker/cli,train,causal_rolling_mad,two_of_three,composite,13,primary,3.5,sensitivity,1,sensitivity,36,23,13,0,0.0,0,0,,,,,False,"detector signal, not ground truth"
helm/helm,external_evaluation,causal_rolling_mad,two_of_three,composite,13,primary,3.5,sensitivity,1,sensitivity,46,46,0,1,0.021739130434782608,1,1,1.0,1.0,5.991064981233288,5.991064981233288,True,"detector signal, not ground truth"
prometheus/prometheus,holdout,causal_rolling_mad,two_of_three,composite,13,primary,3.5,sensitivity,1,sensitivity,19,19,0,0,0.0,0,0,,,,,False,"detector signal, not ground truth"
prometheus/prometheus,purge,causal_rolling_mad,two_of_three,composite,13,primary,3.5,sensitivity,1,sensitivity,4,4,0,0,0.0,0,0,,,,,False,"detector signal, not ground truth"
prometheus/prometheus,train,causal_rolling_mad,two_of_three,composite,13,primary,3.5,sensitivity,1,sensitivity,36,23,13,0,0.0,0,0,,,,,False,"detector signal, not ground truth"
pytest-dev/pytest,external_evaluation,causal_rolling_mad,two_of_three,composite,13,primary,3.5,sensitivity,1,sensitivity,46,7,39,0,0.0,0,0,,,,,True,"detector signal, not ground truth"
tektoncd/pipeline,holdout,causal_rolling_mad,two_of_three,composite,13,primary,3.5,sensitivity,1,sensitivity,19,19,0,1,0.05263157894736842,1,1,1.0,1.0,13.122197304536538,13.122197304536538,False,"detector signal, not ground truth"
tektoncd/pipeline,purge,causal_rolling_mad,two_of_three,composite,13,primary,3.5,sensitivity,1,sensitivity,4,4,0,0,0.0,0,0,,,,,False,"detector signal, not ground truth"
tektoncd/pipeline,train,causal_rolling_mad,two_of_three,composite,13,primary,3.5,sensitivity,1,sensitivity,36,23,13,0,0.0,0,0,,,,,False,"detector signal, not ground truth"
containerd/containerd,external_evaluation,causal_rolling_mad,two_of_three,composite,13,primary,3.5,sensitivity,2,primary,46,45,1,0,0.0,0,0,,,,,True,"detector signal, not ground truth"
docker/cli,holdout,causal_rolling_mad,two_of_three,composite,13,primary,3.5,sensitivity,2,primary,19,19,0,0,0.0,0,0,,,,,False,"detector signal, not ground truth"
docker/cli,purge,causal_rolling_mad,two_of_three,composite,13,primary,3.5,sensitivity,2,primary,4,4,0,0,0.0,0,0,,,,,False,"detector signal, not ground truth"
docker/cli,train,causal_rolling_mad,two_of_three,composite,13,primary,3.5,sensitivity,2,primary,36,22,14,0,0.0,0,0,,,,,False,"detector signal, not ground truth"
helm/helm,external_evaluation,causal_rolling_mad,two_of_three,composite,13,primary,3.5,sensitivity,2,primary,46,45,1,0,0.0,0,0,,,,,True,"detector signal, not ground truth"
prometheus/prometheus,holdout,causal_rolling_mad,two_of_three,composite,13,primary,3.5,sensitivity,2,primary,19,19,0,0,0.0,0,0,,,,,False,"detector signal, not ground truth"
prometheus/prometheus,purge,causal_rolling_mad,two_of_three,composite,13,primary,3.5,sensitivity,2,primary,4,4,0,0,0.0,0,0,,,,,False,"detector signal, not ground truth"
prometheus/prometheus,train,causal_rolling_mad,two_of_three,composite,13,primary,3.5,sensitivity,2,primary,36,22,14,0,0.0,0,0,,,,,False,"detector signal, not ground truth"
pytest-dev/pytest,external_evaluation,causal_rolling_mad,two_of_three,composite,13,primary,3.5,sensitivity,2,primary,46,6,40,0,0.0,0,0,,,,,True,"detector signal, not ground truth"
tektoncd/pipeline,holdout,causal_rolling_mad,two_of_three,composite,13,primary,3.5,sensitivity,2,primary,19,19,0,0,0.0,0,0,,,,,False,"detector signal, not ground truth"
tektoncd/pipeline,purge,causal_rolling_mad,two_of_three,composite,13,primary,3.5,sensitivity,2,primary,4,4,0,0,0.0,0,0,,,,,False,"detector signal, not ground truth"
tektoncd/pipeline,train,causal_rolling_mad,two_of_three,composite,13,primary,3.5,sensitivity,2,primary,36,22,14,0,0.0,0,0,,,,,False,"detector signal, not ground truth"
containerd/containerd,external_evaluation,causal_rolling_mad,two_of_three,composite,13,primary,3.5,sensitivity,3,sensitivity,46,44,2,0,0.0,0,0,,,,,True,"detector signal, not ground truth"
docker/cli,holdout,causal_rolling_mad,two_of_three,composite,13,primary,3.5,sensitivity,3,sensitivity,19,19,0,0,0.0,0,0,,,,,False,"detector signal, not ground truth"
docker/cli,purge,causal_rolling_mad,two_of_three,composite,13,primary,3.5,sensitivity,3,sensitivity,4,4,0,0,0.0,0,0,,,,,False,"detector signal, not ground truth"
docker/cli,train,causal_rolling_mad,two_of_three,composite,13,primary,3.5,sensitivity,3,sensitivity,36,21,15,0,0.0,0,0,,,,,False,"detector signal, not ground truth"
helm/helm,external_evaluation,causal_rolling_mad,two_of_three,composite,13,primary,3.5,sensitivity,3,sensitivity,46,44,2,0,0.0,0,0,,,,,True,"detector signal, not ground truth"
prometheus/prometheus,holdout,causal_rolling_mad,two_of_three,composite,13,primary,3.5,sensitivity,3,sensitivity,19,19,0,0,0.0,0,0,,,,,False,"detector signal, not ground truth"
prometheus/prometheus,purge,causal_rolling_mad,two_of_three,composite,13,primary,3.5,sensitivity,3,sensitivity,4,4,0,0,0.0,0,0,,,,,False,"detector signal, not ground truth"
prometheus/prometheus,train,causal_rolling_mad,two_of_three,composite,13,primary,3.5,sensitivity,3,sensitivity,36,21,15,0,0.0,0,0,,,,,False,"detector signal, not ground truth"
pytest-dev/pytest,external_evaluation,causal_rolling_mad,two_of_three,composite,13,primary,3.5,sensitivity,3,sensitivity,46,5,41,0,0.0,0,0,,,,,True,"detector signal, not ground truth"
tektoncd/pipeline,holdout,causal_rolling_mad,two_of_three,composite,13,primary,3.5,sensitivity,3,sensitivity,19,19,0,0,0.0,0,0,,,,,False,"detector signal, not ground truth"
tektoncd/pipeline,purge,causal_rolling_mad,two_of_three,composite,13,primary,3.5,sensitivity,3,sensitivity,4,4,0,0,0.0,0,0,,,,,False,"detector signal, not ground truth"
tektoncd/pipeline,train,causal_rolling_mad,two_of_three,composite,13,primary,3.5,sensitivity,3,sensitivity,36,21,15,0,0.0,0,0,,,,,False,"detector signal, not ground truth"
containerd/containerd,external_evaluation,causal_rolling_mad,two_of_three,composite,13,primary,3.5,sensitivity,4,sensitivity,46,43,3,0,0.0,0,0,,,,,True,"detector signal, not ground truth"
docker/cli,holdout,causal_rolling_mad,two_of_three,composite,13,primary,3.5,sensitivity,4,sensitivity,19,19,0,0,0.0,0,0,,,,,False,"detector signal, not ground truth"
docker/cli,purge,causal_rolling_mad,two_of_three,composite,13,primary,3.5,sensitivity,4,sensitivity,4,4,0,0,0.0,0,0,,,,,False,"detector signal, not ground truth"
docker/cli,train,causal_rolling_mad,two_of_three,composite,13,primary,3.5,sensitivity,4,sensitivity,36,20,16,0,0.0,0,0,,,,,False,"detector signal, not ground truth"
helm/helm,external_evaluation,causal_rolling_mad,two_of_three,composite,13,primary,3.5,sensitivity,4,sensitivity,46,43,3,0,0.0,0,0,,,,,True,"detector signal, not ground truth"
prometheus/prometheus,holdout,causal_rolling_mad,two_of_three,composite,13,primary,3.5,sensitivity,4,sensitivity,19,19,0,0,0.0,0,0,,,,,False,"detector signal, not ground truth"
prometheus/prometheus,purge,causal_rolling_mad,two_of_three,composite,13,primary,3.5,sensitivity,4,sensitivity,4,4,0,0,0.0,0,0,,,,,False,"detector signal, not ground truth"
prometheus/prometheus,train,causal_rolling_mad,two_of_three,composite,13,primary,3.5,sensitivity,4,sensitivity,36,20,16,0,0.0,0,0,,,,,False,"detector signal, not ground truth"
pytest-dev/pytest,external_evaluation,causal_rolling_mad,two_of_three,composite,13,primary,3.5,sensitivity,4,sensitivity,46,4,42,0,0.0,0,0,,,,,True,"detector signal, not ground truth"
tektoncd/pipeline,holdout,causal_rolling_mad,two_of_three,composite,13,primary,3.5,sensitivity,4,sensitivity,19,19,0,0,0.0,0,0,,,,,False,"detector signal, not ground truth"
tektoncd/pipeline,purge,causal_rolling_mad,two_of_three,composite,13,primary,3.5,sensitivity,4,sensitivity,4,4,0,0,0.0,0,0,,,,,False,"detector signal, not ground truth"
tektoncd/pipeline,train,causal_rolling_mad,two_of_three,composite,13,primary,3.5,sensitivity,4,sensitivity,36,20,16,0,0.0,0,0,,,,,False,"detector signal, not ground truth"
containerd/containerd,external_evaluation,causal_rolling_mad,latency_log,latency_log,26,sensitivity,2.5,sensitivity,1,sensitivity,46,33,13,1,0.030303030303030304,1,1,1.0,1.0,3.4146056499350284,3.4146056499350284,True,"detector signal, not ground truth"
docker/cli,holdout,causal_rolling_mad,latency_log,latency_log,26,sensitivity,2.5,sensitivity,1,sensitivity,19,19,0,4,0.21052631578947367,2,4,2.0,3.0,4.129454819341759,5.022315833108454,False,"detector signal, not ground truth"
docker/cli,purge,causal_rolling_mad,latency_log,latency_log,26,sensitivity,2.5,sensitivity,1,sensitivity,4,4,0,0,0.0,0,0,,,,,False,"detector signal, not ground truth"
docker/cli,train,causal_rolling_mad,latency_log,latency_log,26,sensitivity,2.5,sensitivity,1,sensitivity,36,10,26,1,0.1,1,1,1.0,1.0,2.6805299675568897,2.6805299675568897,False,"detector signal, not ground truth"
helm/helm,external_evaluation,causal_rolling_mad,latency_log,latency_log,26,sensitivity,2.5,sensitivity,1,sensitivity,46,33,13,2,0.06060606060606061,2,2,1.0,1.0,2.7517107328197636,2.8512528370807986,True,"detector signal, not ground truth"
prometheus/prometheus,holdout,causal_rolling_mad,latency_log,latency_log,26,sensitivity,2.5,sensitivity,1,sensitivity,19,19,0,0,0.0,0,0,,,,,False,"detector signal, not ground truth"
prometheus/prometheus,purge,causal_rolling_mad,latency_log,latency_log,26,sensitivity,2.5,sensitivity,1,sensitivity,4,4,0,0,0.0,0,0,,,,,False,"detector signal, not ground truth"
prometheus/prometheus,train,causal_rolling_mad,latency_log,latency_log,26,sensitivity,2.5,sensitivity,1,sensitivity,36,10,26,0,0.0,0,0,,,,,False,"detector signal, not ground truth"
pytest-dev/pytest,external_evaluation,causal_rolling_mad,latency_log,latency_log,26,sensitivity,2.5,sensitivity,1,sensitivity,46,33,13,7,0.21212121212121213,3,7,3.0,3.0,3.9728369208271648,5.556241607237398,True,"detector signal, not ground truth"
tektoncd/pipeline,holdout,causal_rolling_mad,latency_log,latency_log,26,sensitivity,2.5,sensitivity,1,sensitivity,19,19,0,8,0.42105263157894735,2,8,4.0,7.0,7.362053541795964,35.66466158293501,False,"detector signal, not ground truth"
tektoncd/pipeline,purge,causal_rolling_mad,latency_log,latency_log,26,sensitivity,2.5,sensitivity,1,sensitivity,4,4,0,2,0.5,2,2,1.0,1.0,8.664913963964063,9.204908523488665,False,"detector signal, not ground truth"
tektoncd/pipeline,train,causal_rolling_mad,latency_log,latency_log,26,sensitivity,2.5,sensitivity,1,sensitivity,36,10,26,1,0.1,1,1,1.0,1.0,18.33436154968371,18.33436154968371,False,"detector signal, not ground truth"
containerd/containerd,external_evaluation,causal_rolling_mad,latency_log,latency_log,26,sensitivity,2.5,sensitivity,2,primary,46,32,14,0,0.0,0,0,,,,,True,"detector signal, not ground truth"
docker/cli,holdout,causal_rolling_mad,latency_log,latency_log,26,sensitivity,2.5,sensitivity,2,primary,19,19,0,2,0.10526315789473684,1,2,2.0,2.0,3.0454831907752187,3.3293983388741077,False,"detector signal, not ground truth"
docker/cli,purge,causal_rolling_mad,latency_log,latency_log,26,sensitivity,2.5,sensitivity,2,primary,4,4,0,0,0.0,0,0,,,,,False,"detector signal, not ground truth"
docker/cli,train,causal_rolling_mad,latency_log,latency_log,26,sensitivity,2.5,sensitivity,2,primary,36,9,27,0,0.0,0,0,,,,,False,"detector signal, not ground truth"
helm/helm,external_evaluation,causal_rolling_mad,latency_log,latency_log,26,sensitivity,2.5,sensitivity,2,primary,46,32,14,0,0.0,0,0,,,,,True,"detector signal, not ground truth"
prometheus/prometheus,holdout,causal_rolling_mad,latency_log,latency_log,26,sensitivity,2.5,sensitivity,2,primary,19,19,0,0,0.0,0,0,,,,,False,"detector signal, not ground truth"
prometheus/prometheus,purge,causal_rolling_mad,latency_log,latency_log,26,sensitivity,2.5,sensitivity,2,primary,4,4,0,0,0.0,0,0,,,,,False,"detector signal, not ground truth"
prometheus/prometheus,train,causal_rolling_mad,latency_log,latency_log,26,sensitivity,2.5,sensitivity,2,primary,36,9,27,0,0.0,0,0,,,,,False,"detector signal, not ground truth"
pytest-dev/pytest,external_evaluation,causal_rolling_mad,latency_log,latency_log,26,sensitivity,2.5,sensitivity,2,primary,46,32,14,4,0.125,2,4,2.0,2.0,4.0612117114554795,5.556241607237398,True,"detector signal, not ground truth"
tektoncd/pipeline,holdout,causal_rolling_mad,latency_log,latency_log,26,sensitivity,2.5,sensitivity,2,primary,19,19,0,6,0.3157894736842105,1,6,6.0,6.0,9.755633115984157,35.66466158293501,False,"detector signal, not ground truth"
tektoncd/pipeline,purge,causal_rolling_mad,latency_log,latency_log,26,sensitivity,2.5,sensitivity,2,primary,4,4,0,0,0.0,0,0,,,,,False,"detector signal, not ground truth"
tektoncd/pipeline,train,causal_rolling_mad,latency_log,latency_log,26,sensitivity,2.5,sensitivity,2,primary,36,9,27,0,0.0,0,0,,,,,False,"detector signal, not ground truth"
containerd/containerd,external_evaluation,causal_rolling_mad,latency_log,latency_log,26,sensitivity,2.5,sensitivity,3,sensitivity,46,31,15,0,0.0,0,0,,,,,True,"detector signal, not ground truth"
docker/cli,holdout,causal_rolling_mad,latency_log,latency_log,26,sensitivity,2.5,sensitivity,3,sensitivity,19,19,0,1,0.05263157894736842,1,1,1.0,1.0,2.761568042676329,2.761568042676329,False,"detector signal, not ground truth"
docker/cli,purge,causal_rolling_mad,latency_log,latency_log,26,sensitivity,2.5,sensitivity,3,sensitivity,4,4,0,0,0.0,0,0,,,,,False,"detector signal, not ground truth"
docker/cli,train,causal_rolling_mad,latency_log,latency_log,26,sensitivity,2.5,sensitivity,3,sensitivity,36,8,28,0,0.0,0,0,,,,,False,"detector signal, not ground truth"
helm/helm,external_evaluation,causal_rolling_mad,latency_log,latency_log,26,sensitivity,2.5,sensitivity,3,sensitivity,46,31,15,0,0.0,0,0,,,,,True,"detector signal, not ground truth"
prometheus/prometheus,holdout,causal_rolling_mad,latency_log,latency_log,26,sensitivity,2.5,sensitivity,3,sensitivity,19,19,0,0,0.0,0,0,,,,,False,"detector signal, not ground truth"
prometheus/prometheus,purge,causal_rolling_mad,latency_log,latency_log,26,sensitivity,2.5,sensitivity,3,sensitivity,4,4,0,0,0.0,0,0,,,,,False,"detector signal, not ground truth"
prometheus/prometheus,train,causal_rolling_mad,latency_log,latency_log,26,sensitivity,2.5,sensitivity,3,sensitivity,36,8,28,0,0.0,0,0,,,,,False,"detector signal, not ground truth"
pytest-dev/pytest,external_evaluation,causal_rolling_mad,latency_log,latency_log,26,sensitivity,2.5,sensitivity,3,sensitivity,46,31,15,2,0.06451612903225806,2,2,1.0,1.0,3.4858013230806506,4.308491311138758,True,"detector signal, not ground truth"
tektoncd/pipeline,holdout,causal_rolling_mad,latency_log,latency_log,26,sensitivity,2.5,sensitivity,3,sensitivity,19,19,0,5,0.2631578947368421,1,5,5.0,5.0,7.007559690344135,13.749723717344278,False,"detector signal, not ground truth"
tektoncd/pipeline,purge,causal_rolling_mad,latency_log,latency_log,26,sensitivity,2.5,sensitivity,3,sensitivity,4,4,0,0,0.0,0,0,,,,,False,"detector signal, not ground truth"
tektoncd/pipeline,train,causal_rolling_mad,latency_log,latency_log,26,sensitivity,2.5,sensitivity,3,sensitivity,36,8,28,0,0.0,0,0,,,,,False,"detector signal, not ground truth"
containerd/containerd,external_evaluation,causal_rolling_mad,latency_log,latency_log,26,sensitivity,2.5,sensitivity,4,sensitivity,46,30,16,0,0.0,0,0,,,,,True,"detector signal, not ground truth"
docker/cli,holdout,causal_rolling_mad,latency_log,latency_log,26,sensitivity,2.5,sensitivity,4,sensitivity,19,19,0,0,0.0,0,0,,,,,False,"detector signal, not ground truth"
docker/cli,purge,causal_rolling_mad,latency_log,latency_log,26,sensitivity,2.5,sensitivity,4,sensitivity,4,4,0,0,0.0,0,0,,,,,False,"detector signal, not ground truth"
docker/cli,train,causal_rolling_mad,latency_log,latency_log,26,sensitivity,2.5,sensitivity,4,sensitivity,36,7,29,0,0.0,0,0,,,,,False,"detector signal, not ground truth"
helm/helm,external_evaluation,causal_rolling_mad,latency_log,latency_log,26,sensitivity,2.5,sensitivity,4,sensitivity,46,30,16,0,0.0,0,0,,,,,True,"detector signal, not ground truth"
prometheus/prometheus,holdout,causal_rolling_mad,latency_log,latency_log,26,sensitivity,2.5,sensitivity,4,sensitivity,19,19,0,0,0.0,0,0,,,,,False,"detector signal, not ground truth"
prometheus/prometheus,purge,causal_rolling_mad,latency_log,latency_log,26,sensitivity,2.5,sensitivity,4,sensitivity,4,4,0,0,0.0,0,0,,,,,False,"detector signal, not ground truth"
prometheus/prometheus,train,causal_rolling_mad,latency_log,latency_log,26,sensitivity,2.5,sensitivity,4,sensitivity,36,7,29,0,0.0,0,0,,,,,False,"detector signal, not ground truth"
pytest-dev/pytest,external_evaluation,causal_rolling_mad,latency_log,latency_log,26,sensitivity,2.5,sensitivity,4,sensitivity,46,30,16,0,0.0,0,0,,,,,True,"detector signal, not ground truth"
tektoncd/pipeline,holdout,causal_rolling_mad,latency_log,latency_log,26,sensitivity,2.5,sensitivity,4,sensitivity,19,19,0,4,0.21052631578947367,1,4,4.0,4.0,8.023473972789725,13.749723717344278,False,"detector signal, not ground truth"
tektoncd/pipeline,purge,causal_rolling_mad,latency_log,latency_log,26,sensitivity,2.5,sensitivity,4,sensitivity,4,4,0,0,0.0,0,0,,,,,False,"detector signal, not ground truth"
tektoncd/pipeline,train,causal_rolling_mad,latency_log,latency_log,26,sensitivity,2.5,sensitivity,4,sensitivity,36,7,29,0,0.0,0,0,,,,,False,"detector signal, not ground truth"
containerd/containerd,external_evaluation,causal_rolling_mad,failure_rate,failure_rate,26,sensitivity,2.5,sensitivity,1,sensitivity,46,33,13,0,0.0,0,0,,,,,True,"detector signal, not ground truth"
docker/cli,holdout,causal_rolling_mad,failure_rate,failure_rate,26,sensitivity,2.5,sensitivity,1,sensitivity,19,19,0,2,0.10526315789473684,1,2,2.0,2.0,8.933241035397536,14.970509096418116,False,"detector signal, not ground truth"
docker/cli,purge,causal_rolling_mad,failure_rate,failure_rate,26,sensitivity,2.5,sensitivity,1,sensitivity,4,4,0,0,0.0,0,0,,,,,False,"detector signal, not ground truth"
docker/cli,train,causal_rolling_mad,failure_rate,failure_rate,26,sensitivity,2.5,sensitivity,1,sensitivity,36,10,26,0,0.0,0,0,,,,,False,"detector signal, not ground truth"
helm/helm,external_evaluation,causal_rolling_mad,failure_rate,failure_rate,26,sensitivity,2.5,sensitivity,1,sensitivity,46,33,13,5,0.15151515151515152,5,5,1.0,1.0,3.8717713904999713,4.858825532090773,True,"detector signal, not ground truth"
prometheus/prometheus,holdout,causal_rolling_mad,failure_rate,failure_rate,26,sensitivity,2.5,sensitivity,1,sensitivity,19,19,0,0,0.0,0,0,,,,,False,"detector signal, not ground truth"
prometheus/prometheus,purge,causal_rolling_mad,failure_rate,failure_rate,26,sensitivity,2.5,sensitivity,1,sensitivity,4,4,0,0,0.0,0,0,,,,,False,"detector signal, not ground truth"
prometheus/prometheus,train,causal_rolling_mad,failure_rate,failure_rate,26,sensitivity,2.5,sensitivity,1,sensitivity,36,10,26,0,0.0,0,0,,,,,False,"detector signal, not ground truth"
pytest-dev/pytest,external_evaluation,causal_rolling_mad,failure_rate,failure_rate,26,sensitivity,2.5,sensitivity,1,sensitivity,46,33,13,1,0.030303030303030304,1,1,1.0,1.0,3.7489673671748154,3.7489673671748154,True,"detector signal, not ground truth"
tektoncd/pipeline,holdout,causal_rolling_mad,failure_rate,failure_rate,26,sensitivity,2.5,sensitivity,1,sensitivity,19,19,0,1,0.05263157894736842,1,1,1.0,1.0,3.9854646050158493,3.9854646050158493,False,"detector signal, not ground truth"
tektoncd/pipeline,purge,causal_rolling_mad,failure_rate,failure_rate,26,sensitivity,2.5,sensitivity,1,sensitivity,4,4,0,0,0.0,0,0,,,,,False,"detector signal, not ground truth"
tektoncd/pipeline,train,causal_rolling_mad,failure_rate,failure_rate,26,sensitivity,2.5,sensitivity,1,sensitivity,36,10,26,0,0.0,0,0,,,,,False,"detector signal, not ground truth"
containerd/containerd,external_evaluation,causal_rolling_mad,failure_rate,failure_rate,26,sensitivity,2.5,sensitivity,2,primary,46,32,14,0,0.0,0,0,,,,,True,"detector signal, not ground truth"
docker/cli,holdout,causal_rolling_mad,failure_rate,failure_rate,26,sensitivity,2.5,sensitivity,2,primary,19,19,0,1,0.05263157894736842,1,1,1.0,1.0,2.8959729743769573,2.8959729743769573,False,"detector signal, not ground truth"
docker/cli,purge,causal_rolling_mad,failure_rate,failure_rate,26,sensitivity,2.5,sensitivity,2,primary,4,4,0,0,0.0,0,0,,,,,False,"detector signal, not ground truth"
docker/cli,train,causal_rolling_mad,failure_rate,failure_rate,26,sensitivity,2.5,sensitivity,2,primary,36,9,27,0,0.0,0,0,,,,,False,"detector signal, not ground truth"
helm/helm,external_evaluation,causal_rolling_mad,failure_rate,failure_rate,26,sensitivity,2.5,sensitivity,2,primary,46,32,14,0,0.0,0,0,,,,,True,"detector signal, not ground truth"
prometheus/prometheus,holdout,causal_rolling_mad,failure_rate,failure_rate,26,sensitivity,2.5,sensitivity,2,primary,19,19,0,0,0.0,0,0,,,,,False,"detector signal, not ground truth"
prometheus/prometheus,purge,causal_rolling_mad,failure_rate,failure_rate,26,sensitivity,2.5,sensitivity,2,primary,4,4,0,0,0.0,0,0,,,,,False,"detector signal, not ground truth"
prometheus/prometheus,train,causal_rolling_mad,failure_rate,failure_rate,26,sensitivity,2.5,sensitivity,2,primary,36,9,27,0,0.0,0,0,,,,,False,"detector signal, not ground truth"
pytest-dev/pytest,external_evaluation,causal_rolling_mad,failure_rate,failure_rate,26,sensitivity,2.5,sensitivity,2,primary,46,32,14,0,0.0,0,0,,,,,True,"detector signal, not ground truth"
tektoncd/pipeline,holdout,causal_rolling_mad,failure_rate,failure_rate,26,sensitivity,2.5,sensitivity,2,primary,19,19,0,0,0.0,0,0,,,,,False,"detector signal, not ground truth"
tektoncd/pipeline,purge,causal_rolling_mad,failure_rate,failure_rate,26,sensitivity,2.5,sensitivity,2,primary,4,4,0,0,0.0,0,0,,,,,False,"detector signal, not ground truth"
tektoncd/pipeline,train,causal_rolling_mad,failure_rate,failure_rate,26,sensitivity,2.5,sensitivity,2,primary,36,9,27,0,0.0,0,0,,,,,False,"detector signal, not ground truth"
containerd/containerd,external_evaluation,causal_rolling_mad,failure_rate,failure_rate,26,sensitivity,2.5,sensitivity,3,sensitivity,46,31,15,0,0.0,0,0,,,,,True,"detector signal, not ground truth"
docker/cli,holdout,causal_rolling_mad,failure_rate,failure_rate,26,sensitivity,2.5,sensitivity,3,sensitivity,19,19,0,0,0.0,0,0,,,,,False,"detector signal, not ground truth"
docker/cli,purge,causal_rolling_mad,failure_rate,failure_rate,26,sensitivity,2.5,sensitivity,3,sensitivity,4,4,0,0,0.0,0,0,,,,,False,"detector signal, not ground truth"
docker/cli,train,causal_rolling_mad,failure_rate,failure_rate,26,sensitivity,2.5,sensitivity,3,sensitivity,36,8,28,0,0.0,0,0,,,,,False,"detector signal, not ground truth"
helm/helm,external_evaluation,causal_rolling_mad,failure_rate,failure_rate,26,sensitivity,2.5,sensitivity,3,sensitivity,46,31,15,0,0.0,0,0,,,,,True,"detector signal, not ground truth"
prometheus/prometheus,holdout,causal_rolling_mad,failure_rate,failure_rate,26,sensitivity,2.5,sensitivity,3,sensitivity,19,19,0,0,0.0,0,0,,,,,False,"detector signal, not ground truth"
prometheus/prometheus,purge,causal_rolling_mad,failure_rate,failure_rate,26,sensitivity,2.5,sensitivity,3,sensitivity,4,4,0,0,0.0,0,0,,,,,False,"detector signal, not ground truth"
prometheus/prometheus,train,causal_rolling_mad,failure_rate,failure_rate,26,sensitivity,2.5,sensitivity,3,sensitivity,36,8,28,0,0.0,0,0,,,,,False,"detector signal, not ground truth"
pytest-dev/pytest,external_evaluation,causal_rolling_mad,failure_rate,failure_rate,26,sensitivity,2.5,sensitivity,3,sensitivity,46,31,15,0,0.0,0,0,,,,,True,"detector signal, not ground truth"
tektoncd/pipeline,holdout,causal_rolling_mad,failure_rate,failure_rate,26,sensitivity,2.5,sensitivity,3,sensitivity,19,19,0,0,0.0,0,0,,,,,False,"detector signal, not ground truth"
tektoncd/pipeline,purge,causal_rolling_mad,failure_rate,failure_rate,26,sensitivity,2.5,sensitivity,3,sensitivity,4,4,0,0,0.0,0,0,,,,,False,"detector signal, not ground truth"
tektoncd/pipeline,train,causal_rolling_mad,failure_rate,failure_rate,26,sensitivity,2.5,sensitivity,3,sensitivity,36,8,28,0,0.0,0,0,,,,,False,"detector signal, not ground truth"
containerd/containerd,external_evaluation,causal_rolling_mad,failure_rate,failure_rate,26,sensitivity,2.5,sensitivity,4,sensitivity,46,30,16,0,0.0,0,0,,,,,True,"detector signal, not ground truth"
docker/cli,holdout,causal_rolling_mad,failure_rate,failure_rate,26,sensitivity,2.5,sensitivity,4,sensitivity,19,19,0,0,0.0,0,0,,,,,False,"detector signal, not ground truth"
docker/cli,purge,causal_rolling_mad,failure_rate,failure_rate,26,sensitivity,2.5,sensitivity,4,sensitivity,4,4,0,0,0.0,0,0,,,,,False,"detector signal, not ground truth"
docker/cli,train,causal_rolling_mad,failure_rate,failure_rate,26,sensitivity,2.5,sensitivity,4,sensitivity,36,7,29,0,0.0,0,0,,,,,False,"detector signal, not ground truth"
helm/helm,external_evaluation,causal_rolling_mad,failure_rate,failure_rate,26,sensitivity,2.5,sensitivity,4,sensitivity,46,30,16,0,0.0,0,0,,,,,True,"detector signal, not ground truth"
prometheus/prometheus,holdout,causal_rolling_mad,failure_rate,failure_rate,26,sensitivity,2.5,sensitivity,4,sensitivity,19,19,0,0,0.0,0,0,,,,,False,"detector signal, not ground truth"
prometheus/prometheus,purge,causal_rolling_mad,failure_rate,failure_rate,26,sensitivity,2.5,sensitivity,4,sensitivity,4,4,0,0,0.0,0,0,,,,,False,"detector signal, not ground truth"
prometheus/prometheus,train,causal_rolling_mad,failure_rate,failure_rate,26,sensitivity,2.5,sensitivity,4,sensitivity,36,7,29,0,0.0,0,0,,,,,False,"detector signal, not ground truth"
pytest-dev/pytest,external_evaluation,causal_rolling_mad,failure_rate,failure_rate,26,sensitivity,2.5,sensitivity,4,sensitivity,46,30,16,0,0.0,0,0,,,,,True,"detector signal, not ground truth"
tektoncd/pipeline,holdout,causal_rolling_mad,failure_rate,failure_rate,26,sensitivity,2.5,sensitivity,4,sensitivity,19,19,0,0,0.0,0,0,,,,,False,"detector signal, not ground truth"
tektoncd/pipeline,purge,causal_rolling_mad,failure_rate,failure_rate,26,sensitivity,2.5,sensitivity,4,sensitivity,4,4,0,0,0.0,0,0,,,,,False,"detector signal, not ground truth"
tektoncd/pipeline,train,causal_rolling_mad,failure_rate,failure_rate,26,sensitivity,2.5,sensitivity,4,sensitivity,36,7,29,0,0.0,0,0,,,,,False,"detector signal, not ground truth"
containerd/containerd,external_evaluation,causal_rolling_mad,rerun_rate,rerun_rate,26,sensitivity,2.5,sensitivity,1,sensitivity,46,33,13,0,0.0,0,0,,,,,True,"detector signal, not ground truth"
docker/cli,holdout,causal_rolling_mad,rerun_rate,rerun_rate,26,sensitivity,2.5,sensitivity,1,sensitivity,19,19,0,3,0.15789473684210525,3,3,1.0,1.0,3.9917826750343823,4.516927580827325,False,"detector signal, not ground truth"
docker/cli,purge,causal_rolling_mad,rerun_rate,rerun_rate,26,sensitivity,2.5,sensitivity,1,sensitivity,4,4,0,2,0.5,1,2,2.0,2.0,10.229250531870296,13.348207686335384,False,"detector signal, not ground truth"
docker/cli,train,causal_rolling_mad,rerun_rate,rerun_rate,26,sensitivity,2.5,sensitivity,1,sensitivity,36,10,26,5,0.5,4,5,1.0,2.0,4.131817694109131,46.64363500397766,False,"detector signal, not ground truth"
helm/helm,external_evaluation,causal_rolling_mad,rerun_rate,rerun_rate,26,sensitivity,2.5,sensitivity,1,sensitivity,46,33,13,1,0.030303030303030304,1,1,1.0,1.0,3.3756324428563405,3.3756324428563405,True,"detector signal, not ground truth"
prometheus/prometheus,holdout,causal_rolling_mad,rerun_rate,rerun_rate,26,sensitivity,2.5,sensitivity,1,sensitivity,19,19,0,0,0.0,0,0,,,,,False,"detector signal, not ground truth"
prometheus/prometheus,purge,causal_rolling_mad,rerun_rate,rerun_rate,26,sensitivity,2.5,sensitivity,1,sensitivity,4,4,0,1,0.25,1,1,1.0,1.0,2.990507904470469,2.990507904470469,False,"detector signal, not ground truth"
prometheus/prometheus,train,causal_rolling_mad,rerun_rate,rerun_rate,26,sensitivity,2.5,sensitivity,1,sensitivity,36,10,26,1,0.1,1,1,1.0,1.0,2.525907052029862,2.525907052029862,False,"detector signal, not ground truth"
pytest-dev/pytest,external_evaluation,causal_rolling_mad,rerun_rate,rerun_rate,26,sensitivity,2.5,sensitivity,1,sensitivity,46,6,40,1,0.16666666666666666,1,1,1.0,1.0,3.1435416587274068,3.1435416587274068,True,"detector signal, not ground truth"
tektoncd/pipeline,holdout,causal_rolling_mad,rerun_rate,rerun_rate,26,sensitivity,2.5,sensitivity,1,sensitivity,19,19,0,0,0.0,0,0,,,,,False,"detector signal, not ground truth"
tektoncd/pipeline,purge,causal_rolling_mad,rerun_rate,rerun_rate,26,sensitivity,2.5,sensitivity,1,sensitivity,4,4,0,0,0.0,0,0,,,,,False,"detector signal, not ground truth"
tektoncd/pipeline,train,causal_rolling_mad,rerun_rate,rerun_rate,26,sensitivity,2.5,sensitivity,1,sensitivity,36,10,26,2,0.2,1,2,2.0,2.0,2.5484317788201123,2.5681595616984043,False,"detector signal, not ground truth"
containerd/containerd,external_evaluation,causal_rolling_mad,rerun_rate,rerun_rate,26,sensitivity,2.5,sensitivity,2,primary,46,32,14,0,0.0,0,0,,,,,True,"detector signal, not ground truth"
docker/cli,holdout,causal_rolling_mad,rerun_rate,rerun_rate,26,sensitivity,2.5,sensitivity,2,primary,19,19,0,0,0.0,0,0,,,,,False,"detector signal, not ground truth"
docker/cli,purge,causal_rolling_mad,rerun_rate,rerun_rate,26,sensitivity,2.5,sensitivity,2,primary,4,4,0,2,0.5,1,2,2.0,2.0,10.229250531870296,13.348207686335384,False,"detector signal, not ground truth"
docker/cli,train,causal_rolling_mad,rerun_rate,rerun_rate,26,sensitivity,2.5,sensitivity,2,primary,36,9,27,1,0.1111111111111111,1,1,1.0,1.0,10.862493614868455,10.862493614868455,False,"detector signal, not ground truth"
helm/helm,external_evaluation,causal_rolling_mad,rerun_rate,rerun_rate,26,sensitivity,2.5,sensitivity,2,primary,46,32,14,0,0.0,0,0,,,,,True,"detector signal, not ground truth"
prometheus/prometheus,holdout,causal_rolling_mad,rerun_rate,rerun_rate,26,sensitivity,2.5,sensitivity,2,primary,19,19,0,0,0.0,0,0,,,,,False,"detector signal, not ground truth"
prometheus/prometheus,purge,causal_rolling_mad,rerun_rate,rerun_rate,26,sensitivity,2.5,sensitivity,2,primary,4,4,0,0,0.0,0,0,,,,,False,"detector signal, not ground truth"
prometheus/prometheus,train,causal_rolling_mad,rerun_rate,rerun_rate,26,sensitivity,2.5,sensitivity,2,primary,36,9,27,0,0.0,0,0,,,,,False,"detector signal, not ground truth"
pytest-dev/pytest,external_evaluation,causal_rolling_mad,rerun_rate,rerun_rate,26,sensitivity,2.5,sensitivity,2,primary,46,5,41,0,0.0,0,0,,,,,True,"detector signal, not ground truth"
tektoncd/pipeline,holdout,causal_rolling_mad,rerun_rate,rerun_rate,26,sensitivity,2.5,sensitivity,2,primary,19,19,0,0,0.0,0,0,,,,,False,"detector signal, not ground truth"
tektoncd/pipeline,purge,causal_rolling_mad,rerun_rate,rerun_rate,26,sensitivity,2.5,sensitivity,2,primary,4,4,0,0,0.0,0,0,,,,,False,"detector signal, not ground truth"
tektoncd/pipeline,train,causal_rolling_mad,rerun_rate,rerun_rate,26,sensitivity,2.5,sensitivity,2,primary,36,9,27,1,0.1111111111111111,1,1,1.0,1.0,2.5287039959418207,2.5287039959418207,False,"detector signal, not ground truth"
containerd/containerd,external_evaluation,causal_rolling_mad,rerun_rate,rerun_rate,26,sensitivity,2.5,sensitivity,3,sensitivity,46,31,15,0,0.0,0,0,,,,,True,"detector signal, not ground truth"
docker/cli,holdout,causal_rolling_mad,rerun_rate,rerun_rate,26,sensitivity,2.5,sensitivity,3,sensitivity,19,19,0,0,0.0,0,0,,,,,False,"detector signal, not ground truth"
docker/cli,purge,causal_rolling_mad,rerun_rate,rerun_rate,26,sensitivity,2.5,sensitivity,3,sensitivity,4,4,0,1,0.25,1,1,1.0,1.0,13.348207686335384,13.348207686335384,False,"detector signal, not ground truth"
docker/cli,train,causal_rolling_mad,rerun_rate,rerun_rate,26,sensitivity,2.5,sensitivity,3,sensitivity,36,8,28,0,0.0,0,0,,,,,False,"detector signal, not ground truth"
helm/helm,external_evaluation,causal_rolling_mad,rerun_rate,rerun_rate,26,sensitivity,2.5,sensitivity,3,sensitivity,46,31,15,0,0.0,0,0,,,,,True,"detector signal, not ground truth"
prometheus/prometheus,holdout,causal_rolling_mad,rerun_rate,rerun_rate,26,sensitivity,2.5,sensitivity,3,sensitivity,19,19,0,0,0.0,0,0,,,,,False,"detector signal, not ground truth"
prometheus/prometheus,purge,causal_rolling_mad,rerun_rate,rerun_rate,26,sensitivity,2.5,sensitivity,3,sensitivity,4,4,0,0,0.0,0,0,,,,,False,"detector signal, not ground truth"
prometheus/prometheus,train,causal_rolling_mad,rerun_rate,rerun_rate,26,sensitivity,2.5,sensitivity,3,sensitivity,36,8,28,0,0.0,0,0,,,,,False,"detector signal, not ground truth"
pytest-dev/pytest,external_evaluation,causal_rolling_mad,rerun_rate,rerun_rate,26,sensitivity,2.5,sensitivity,3,sensitivity,46,4,42,0,0.0,0,0,,,,,True,"detector signal, not ground truth"
tektoncd/pipeline,holdout,causal_rolling_mad,rerun_rate,rerun_rate,26,sensitivity,2.5,sensitivity,3,sensitivity,19,19,0,0,0.0,0,0,,,,,False,"detector signal, not ground truth"
tektoncd/pipeline,purge,causal_rolling_mad,rerun_rate,rerun_rate,26,sensitivity,2.5,sensitivity,3,sensitivity,4,4,0,0,0.0,0,0,,,,,False,"detector signal, not ground truth"
tektoncd/pipeline,train,causal_rolling_mad,rerun_rate,rerun_rate,26,sensitivity,2.5,sensitivity,3,sensitivity,36,8,28,0,0.0,0,0,,,,,False,"detector signal, not ground truth"
containerd/containerd,external_evaluation,causal_rolling_mad,rerun_rate,rerun_rate,26,sensitivity,2.5,sensitivity,4,sensitivity,46,30,16,0,0.0,0,0,,,,,True,"detector signal, not ground truth"
docker/cli,holdout,causal_rolling_mad,rerun_rate,rerun_rate,26,sensitivity,2.5,sensitivity,4,sensitivity,19,19,0,0,0.0,0,0,,,,,False,"detector signal, not ground truth"
docker/cli,purge,causal_rolling_mad,rerun_rate,rerun_rate,26,sensitivity,2.5,sensitivity,4,sensitivity,4,4,0,0,0.0,0,0,,,,,False,"detector signal, not ground truth"
docker/cli,train,causal_rolling_mad,rerun_rate,rerun_rate,26,sensitivity,2.5,sensitivity,4,sensitivity,36,7,29,0,0.0,0,0,,,,,False,"detector signal, not ground truth"
helm/helm,external_evaluation,causal_rolling_mad,rerun_rate,rerun_rate,26,sensitivity,2.5,sensitivity,4,sensitivity,46,30,16,0,0.0,0,0,,,,,True,"detector signal, not ground truth"
prometheus/prometheus,holdout,causal_rolling_mad,rerun_rate,rerun_rate,26,sensitivity,2.5,sensitivity,4,sensitivity,19,19,0,0,0.0,0,0,,,,,False,"detector signal, not ground truth"
prometheus/prometheus,purge,causal_rolling_mad,rerun_rate,rerun_rate,26,sensitivity,2.5,sensitivity,4,sensitivity,4,4,0,0,0.0,0,0,,,,,False,"detector signal, not ground truth"
prometheus/prometheus,train,causal_rolling_mad,rerun_rate,rerun_rate,26,sensitivity,2.5,sensitivity,4,sensitivity,36,7,29,0,0.0,0,0,,,,,False,"detector signal, not ground truth"
pytest-dev/pytest,external_evaluation,causal_rolling_mad,rerun_rate,rerun_rate,26,sensitivity,2.5,sensitivity,4,sensitivity,46,3,43,0,0.0,0,0,,,,,True,"detector signal, not ground truth"
tektoncd/pipeline,holdout,causal_rolling_mad,rerun_rate,rerun_rate,26,sensitivity,2.5,sensitivity,4,sensitivity,19,19,0,0,0.0,0,0,,,,,False,"detector signal, not ground truth"
tektoncd/pipeline,purge,causal_rolling_mad,rerun_rate,rerun_rate,26,sensitivity,2.5,sensitivity,4,sensitivity,4,4,0,0,0.0,0,0,,,,,False,"detector signal, not ground truth"
tektoncd/pipeline,train,causal_rolling_mad,rerun_rate,rerun_rate,26,sensitivity,2.5,sensitivity,4,sensitivity,36,7,29,0,0.0,0,0,,,,,False,"detector signal, not ground truth"
containerd/containerd,external_evaluation,causal_rolling_mad,union,composite,26,sensitivity,2.5,sensitivity,1,sensitivity,46,33,13,1,0.030303030303030304,1,1,1.0,1.0,3.4146056499350284,3.4146056499350284,True,"detector signal, not ground truth"
docker/cli,holdout,causal_rolling_mad,union,composite,26,sensitivity,2.5,sensitivity,1,sensitivity,19,19,0,6,0.3157894736842105,4,6,1.0,3.0,4.254355127930854,14.970509096418116,False,"detector signal, not ground truth"
docker/cli,purge,causal_rolling_mad,union,composite,26,sensitivity,2.5,sensitivity,1,sensitivity,4,4,0,2,0.5,1,2,2.0,2.0,10.229250531870296,13.348207686335384,False,"detector signal, not ground truth"
docker/cli,train,causal_rolling_mad,union,composite,26,sensitivity,2.5,sensitivity,1,sensitivity,36,10,26,5,0.5,4,5,1.0,2.0,4.131817694109131,46.64363500397766,False,"detector signal, not ground truth"
helm/helm,external_evaluation,causal_rolling_mad,union,composite,26,sensitivity,2.5,sensitivity,1,sensitivity,46,33,13,8,0.24242424242424243,6,8,1.0,2.0,3.151773511896647,4.858825532090773,True,"detector signal, not ground truth"
prometheus/prometheus,holdout,causal_rolling_mad,union,composite,26,sensitivity,2.5,sensitivity,1,sensitivity,19,19,0,0,0.0,0,0,,,,,False,"detector signal, not ground truth"
prometheus/prometheus,purge,causal_rolling_mad,union,composite,26,sensitivity,2.5,sensitivity,1,sensitivity,4,4,0,1,0.25,1,1,1.0,1.0,2.990507904470469,2.990507904470469,False,"detector signal, not ground truth"
prometheus/prometheus,train,causal_rolling_mad,union,composite,26,sensitivity,2.5,sensitivity,1,sensitivity,36,10,26,1,0.1,1,1,1.0,1.0,2.525907052029862,2.525907052029862,False,"detector signal, not ground truth"
pytest-dev/pytest,external_evaluation,causal_rolling_mad,union,composite,26,sensitivity,2.5,sensitivity,1,sensitivity,46,6,40,4,0.6666666666666666,2,4,2.0,3.0,4.0612117114554795,4.452073904598273,True,"detector signal, not ground truth"
tektoncd/pipeline,holdout,causal_rolling_mad,union,composite,26,sensitivity,2.5,sensitivity,1,sensitivity,19,19,0,8,0.42105263157894735,2,8,4.0,7.0,7.362053541795964,35.66466158293501,False,"detector signal, not ground truth"
tektoncd/pipeline,purge,causal_rolling_mad,union,composite,26,sensitivity,2.5,sensitivity,1,sensitivity,4,4,0,2,0.5,2,2,1.0,1.0,8.664913963964063,9.204908523488665,False,"detector signal, not ground truth"
tektoncd/pipeline,train,causal_rolling_mad,union,composite,26,sensitivity,2.5,sensitivity,1,sensitivity,36,10,26,3,0.3,2,3,1.5,2.0,2.5681595616984043,18.33436154968371,False,"detector signal, not ground truth"
containerd/containerd,external_evaluation,causal_rolling_mad,union,composite,26,sensitivity,2.5,sensitivity,2,primary,46,32,14,0,0.0,0,0,,,,,True,"detector signal, not ground truth"
docker/cli,holdout,causal_rolling_mad,union,composite,26,sensitivity,2.5,sensitivity,2,primary,19,19,0,2,0.10526315789473684,1,2,2.0,2.0,3.2310621020084964,3.3293983388741077,False,"detector signal, not ground truth"
docker/cli,purge,causal_rolling_mad,union,composite,26,sensitivity,2.5,sensitivity,2,primary,4,4,0,2,0.5,1,2,2.0,2.0,10.229250531870296,13.348207686335384,False,"detector signal, not ground truth"
docker/cli,train,causal_rolling_mad,union,composite,26,sensitivity,2.5,sensitivity,2,primary,36,9,27,1,0.1111111111111111,1,1,1.0,1.0,10.862493614868455,10.862493614868455,False,"detector signal, not ground truth"
helm/helm,external_evaluation,causal_rolling_mad,union,composite,26,sensitivity,2.5,sensitivity,2,primary,46,32,14,2,0.0625,2,2,1.0,1.0,4.365298461295372,4.858825532090773,True,"detector signal, not ground truth"
prometheus/prometheus,holdout,causal_rolling_mad,union,composite,26,sensitivity,2.5,sensitivity,2,primary,19,19,0,0,0.0,0,0,,,,,False,"detector signal, not ground truth"
prometheus/prometheus,purge,causal_rolling_mad,union,composite,26,sensitivity,2.5,sensitivity,2,primary,4,4,0,0,0.0,0,0,,,,,False,"detector signal, not ground truth"
prometheus/prometheus,train,causal_rolling_mad,union,composite,26,sensitivity,2.5,sensitivity,2,primary,36,9,27,0,0.0,0,0,,,,,False,"detector signal, not ground truth"
pytest-dev/pytest,external_evaluation,causal_rolling_mad,union,composite,26,sensitivity,2.5,sensitivity,2,primary,46,5,41,2,0.4,1,2,2.0,2.0,4.0612117114554795,4.308491311138758,True,"detector signal, not ground truth"
tektoncd/pipeline,holdout,causal_rolling_mad,union,composite,26,sensitivity,2.5,sensitivity,2,primary,19,19,0,6,0.3157894736842105,1,6,6.0,6.0,9.755633115984157,35.66466158293501,False,"detector signal, not ground truth"
tektoncd/pipeline,purge,causal_rolling_mad,union,composite,26,sensitivity,2.5,sensitivity,2,primary,4,4,0,0,0.0,0,0,,,,,False,"detector signal, not ground truth"
tektoncd/pipeline,train,causal_rolling_mad,union,composite,26,sensitivity,2.5,sensitivity,2,primary,36,9,27,1,0.1111111111111111,1,1,1.0,1.0,2.5287039959418207,2.5287039959418207,False,"detector signal, not ground truth"
containerd/containerd,external_evaluation,causal_rolling_mad,union,composite,26,sensitivity,2.5,sensitivity,3,sensitivity,46,31,15,0,0.0,0,0,,,,,True,"detector signal, not ground truth"
docker/cli,holdout,causal_rolling_mad,union,composite,26,sensitivity,2.5,sensitivity,3,sensitivity,19,19,0,1,0.05263157894736842,1,1,1.0,1.0,3.1327258651428855,3.1327258651428855,False,"detector signal, not ground truth"
docker/cli,purge,causal_rolling_mad,union,composite,26,sensitivity,2.5,sensitivity,3,sensitivity,4,4,0,1,0.25,1,1,1.0,1.0,13.348207686335384,13.348207686335384,False,"detector signal, not ground truth"
docker/cli,train,causal_rolling_mad,union,composite,26,sensitivity,2.5,sensitivity,3,sensitivity,36,8,28,0,0.0,0,0,,,,,False,"detector signal, not ground truth"
helm/helm,external_evaluation,causal_rolling_mad,union,composite,26,sensitivity,2.5,sensitivity,3,sensitivity,46,31,15,0,0.0,0,0,,,,,True,"detector signal, not ground truth"
prometheus/prometheus,holdout,causal_rolling_mad,union,composite,26,sensitivity,2.5,sensitivity,3,sensitivity,19,19,0,0,0.0,0,0,,,,,False,"detector signal, not ground truth"
prometheus/prometheus,purge,causal_rolling_mad,union,composite,26,sensitivity,2.5,sensitivity,3,sensitivity,4,4,0,0,0.0,0,0,,,,,False,"detector signal, not ground truth"
prometheus/prometheus,train,causal_rolling_mad,union,composite,26,sensitivity,2.5,sensitivity,3,sensitivity,36,8,28,0,0.0,0,0,,,,,False,"detector signal, not ground truth"
pytest-dev/pytest,external_evaluation,causal_rolling_mad,union,composite,26,sensitivity,2.5,sensitivity,3,sensitivity,46,4,42,1,0.25,1,1,1.0,1.0,4.308491311138758,4.308491311138758,True,"detector signal, not ground truth"
tektoncd/pipeline,holdout,causal_rolling_mad,union,composite,26,sensitivity,2.5,sensitivity,3,sensitivity,19,19,0,5,0.2631578947368421,1,5,5.0,5.0,7.007559690344135,13.749723717344278,False,"detector signal, not ground truth"
tektoncd/pipeline,purge,causal_rolling_mad,union,composite,26,sensitivity,2.5,sensitivity,3,sensitivity,4,4,0,0,0.0,0,0,,,,,False,"detector signal, not ground truth"
tektoncd/pipeline,train,causal_rolling_mad,union,composite,26,sensitivity,2.5,sensitivity,3,sensitivity,36,8,28,0,0.0,0,0,,,,,False,"detector signal, not ground truth"
containerd/containerd,external_evaluation,causal_rolling_mad,union,composite,26,sensitivity,2.5,sensitivity,4,sensitivity,46,30,16,0,0.0,0,0,,,,,True,"detector signal, not ground truth"
docker/cli,holdout,causal_rolling_mad,union,composite,26,sensitivity,2.5,sensitivity,4,sensitivity,19,19,0,0,0.0,0,0,,,,,False,"detector signal, not ground truth"
docker/cli,purge,causal_rolling_mad,union,composite,26,sensitivity,2.5,sensitivity,4,sensitivity,4,4,0,0,0.0,0,0,,,,,False,"detector signal, not ground truth"
docker/cli,train,causal_rolling_mad,union,composite,26,sensitivity,2.5,sensitivity,4,sensitivity,36,7,29,0,0.0,0,0,,,,,False,"detector signal, not ground truth"
helm/helm,external_evaluation,causal_rolling_mad,union,composite,26,sensitivity,2.5,sensitivity,4,sensitivity,46,30,16,0,0.0,0,0,,,,,True,"detector signal, not ground truth"
prometheus/prometheus,holdout,causal_rolling_mad,union,composite,26,sensitivity,2.5,sensitivity,4,sensitivity,19,19,0,0,0.0,0,0,,,,,False,"detector signal, not ground truth"
prometheus/prometheus,purge,causal_rolling_mad,union,composite,26,sensitivity,2.5,sensitivity,4,sensitivity,4,4,0,0,0.0,0,0,,,,,False,"detector signal, not ground truth"
prometheus/prometheus,train,causal_rolling_mad,union,composite,26,sensitivity,2.5,sensitivity,4,sensitivity,36,7,29,0,0.0,0,0,,,,,False,"detector signal, not ground truth"
pytest-dev/pytest,external_evaluation,causal_rolling_mad,union,composite,26,sensitivity,2.5,sensitivity,4,sensitivity,46,3,43,0,0.0,0,0,,,,,True,"detector signal, not ground truth"
tektoncd/pipeline,holdout,causal_rolling_mad,union,composite,26,sensitivity,2.5,sensitivity,4,sensitivity,19,19,0,4,0.21052631578947367,1,4,4.0,4.0,8.023473972789725,13.749723717344278,False,"detector signal, not ground truth"
tektoncd/pipeline,purge,causal_rolling_mad,union,composite,26,sensitivity,2.5,sensitivity,4,sensitivity,4,4,0,0,0.0,0,0,,,,,False,"detector signal, not ground truth"
tektoncd/pipeline,train,causal_rolling_mad,union,composite,26,sensitivity,2.5,sensitivity,4,sensitivity,36,7,29,0,0.0,0,0,,,,,False,"detector signal, not ground truth"
containerd/containerd,external_evaluation,causal_rolling_mad,two_of_three,composite,26,sensitivity,2.5,sensitivity,1,sensitivity,46,33,13,0,0.0,0,0,,,,,True,"detector signal, not ground truth"
docker/cli,holdout,causal_rolling_mad,two_of_three,composite,26,sensitivity,2.5,sensitivity,1,sensitivity,19,19,0,3,0.15789473684210525,1,3,3.0,3.0,3.3293983388741077,14.970509096418116,False,"detector signal, not ground truth"
docker/cli,purge,causal_rolling_mad,two_of_three,composite,26,sensitivity,2.5,sensitivity,1,sensitivity,4,4,0,0,0.0,0,0,,,,,False,"detector signal, not ground truth"
docker/cli,train,causal_rolling_mad,two_of_three,composite,26,sensitivity,2.5,sensitivity,1,sensitivity,36,10,26,1,0.1,1,1,1.0,1.0,46.64363500397766,46.64363500397766,False,"detector signal, not ground truth"
helm/helm,external_evaluation,causal_rolling_mad,two_of_three,composite,26,sensitivity,2.5,sensitivity,1,sensitivity,46,33,13,0,0.0,0,0,,,,,True,"detector signal, not ground truth"
prometheus/prometheus,holdout,causal_rolling_mad,two_of_three,composite,26,sensitivity,2.5,sensitivity,1,sensitivity,19,19,0,0,0.0,0,0,,,,,False,"detector signal, not ground truth"
prometheus/prometheus,purge,causal_rolling_mad,two_of_three,composite,26,sensitivity,2.5,sensitivity,1,sensitivity,4,4,0,0,0.0,0,0,,,,,False,"detector signal, not ground truth"
prometheus/prometheus,train,causal_rolling_mad,two_of_three,composite,26,sensitivity,2.5,sensitivity,1,sensitivity,36,10,26,0,0.0,0,0,,,,,False,"detector signal, not ground truth"
pytest-dev/pytest,external_evaluation,causal_rolling_mad,two_of_three,composite,26,sensitivity,2.5,sensitivity,1,sensitivity,46,6,40,1,0.16666666666666666,1,1,1.0,1.0,3.7489673671748154,3.7489673671748154,True,"detector signal, not ground truth"
tektoncd/pipeline,holdout,causal_rolling_mad,two_of_three,composite,26,sensitivity,2.5,sensitivity,1,sensitivity,19,19,0,1,0.05263157894736842,1,1,1.0,1.0,7.007559690344135,7.007559690344135,False,"detector signal, not ground truth"
tektoncd/pipeline,purge,causal_rolling_mad,two_of_three,composite,26,sensitivity,2.5,sensitivity,1,sensitivity,4,4,0,0,0.0,0,0,,,,,False,"detector signal, not ground truth"
tektoncd/pipeline,train,causal_rolling_mad,two_of_three,composite,26,sensitivity,2.5,sensitivity,1,sensitivity,36,10,26,0,0.0,0,0,,,,,False,"detector signal, not ground truth"
containerd/containerd,external_evaluation,causal_rolling_mad,two_of_three,composite,26,sensitivity,2.5,sensitivity,2,primary,46,32,14,0,0.0,0,0,,,,,True,"detector signal, not ground truth"
docker/cli,holdout,causal_rolling_mad,two_of_three,composite,26,sensitivity,2.5,sensitivity,2,primary,19,19,0,2,0.10526315789473684,1,2,2.0,2.0,3.2310621020084964,3.3293983388741077,False,"detector signal, not ground truth"
docker/cli,purge,causal_rolling_mad,two_of_three,composite,26,sensitivity,2.5,sensitivity,2,primary,4,4,0,0,0.0,0,0,,,,,False,"detector signal, not ground truth"
docker/cli,train,causal_rolling_mad,two_of_three,composite,26,sensitivity,2.5,sensitivity,2,primary,36,9,27,0,0.0,0,0,,,,,False,"detector signal, not ground truth"
helm/helm,external_evaluation,causal_rolling_mad,two_of_three,composite,26,sensitivity,2.5,sensitivity,2,primary,46,32,14,0,0.0,0,0,,,,,True,"detector signal, not ground truth"
prometheus/prometheus,holdout,causal_rolling_mad,two_of_three,composite,26,sensitivity,2.5,sensitivity,2,primary,19,19,0,0,0.0,0,0,,,,,False,"detector signal, not ground truth"
prometheus/prometheus,purge,causal_rolling_mad,two_of_three,composite,26,sensitivity,2.5,sensitivity,2,primary,4,4,0,0,0.0,0,0,,,,,False,"detector signal, not ground truth"
prometheus/prometheus,train,causal_rolling_mad,two_of_three,composite,26,sensitivity,2.5,sensitivity,2,primary,36,9,27,0,0.0,0,0,,,,,False,"detector signal, not ground truth"
pytest-dev/pytest,external_evaluation,causal_rolling_mad,two_of_three,composite,26,sensitivity,2.5,sensitivity,2,primary,46,5,41,0,0.0,0,0,,,,,True,"detector signal, not ground truth"
tektoncd/pipeline,holdout,causal_rolling_mad,two_of_three,composite,26,sensitivity,2.5,sensitivity,2,primary,19,19,0,0,0.0,0,0,,,,,False,"detector signal, not ground truth"
tektoncd/pipeline,purge,causal_rolling_mad,two_of_three,composite,26,sensitivity,2.5,sensitivity,2,primary,4,4,0,0,0.0,0,0,,,,,False,"detector signal, not ground truth"
tektoncd/pipeline,train,causal_rolling_mad,two_of_three,composite,26,sensitivity,2.5,sensitivity,2,primary,36,9,27,0,0.0,0,0,,,,,False,"detector signal, not ground truth"
containerd/containerd,external_evaluation,causal_rolling_mad,two_of_three,composite,26,sensitivity,2.5,sensitivity,3,sensitivity,46,31,15,0,0.0,0,0,,,,,True,"detector signal, not ground truth"
docker/cli,holdout,causal_rolling_mad,two_of_three,composite,26,sensitivity,2.5,sensitivity,3,sensitivity,19,19,0,1,0.05263157894736842,1,1,1.0,1.0,3.1327258651428855,3.1327258651428855,False,"detector signal, not ground truth"
docker/cli,purge,causal_rolling_mad,two_of_three,composite,26,sensitivity,2.5,sensitivity,3,sensitivity,4,4,0,0,0.0,0,0,,,,,False,"detector signal, not ground truth"
docker/cli,train,causal_rolling_mad,two_of_three,composite,26,sensitivity,2.5,sensitivity,3,sensitivity,36,8,28,0,0.0,0,0,,,,,False,"detector signal, not ground truth"
helm/helm,external_evaluation,causal_rolling_mad,two_of_three,composite,26,sensitivity,2.5,sensitivity,3,sensitivity,46,31,15,0,0.0,0,0,,,,,True,"detector signal, not ground truth"
prometheus/prometheus,holdout,causal_rolling_mad,two_of_three,composite,26,sensitivity,2.5,sensitivity,3,sensitivity,19,19,0,0,0.0,0,0,,,,,False,"detector signal, not ground truth"
prometheus/prometheus,purge,causal_rolling_mad,two_of_three,composite,26,sensitivity,2.5,sensitivity,3,sensitivity,4,4,0,0,0.0,0,0,,,,,False,"detector signal, not ground truth"
prometheus/prometheus,train,causal_rolling_mad,two_of_three,composite,26,sensitivity,2.5,sensitivity,3,sensitivity,36,8,28,0,0.0,0,0,,,,,False,"detector signal, not ground truth"
pytest-dev/pytest,external_evaluation,causal_rolling_mad,two_of_three,composite,26,sensitivity,2.5,sensitivity,3,sensitivity,46,4,42,0,0.0,0,0,,,,,True,"detector signal, not ground truth"
tektoncd/pipeline,holdout,causal_rolling_mad,two_of_three,composite,26,sensitivity,2.5,sensitivity,3,sensitivity,19,19,0,0,0.0,0,0,,,,,False,"detector signal, not ground truth"
tektoncd/pipeline,purge,causal_rolling_mad,two_of_three,composite,26,sensitivity,2.5,sensitivity,3,sensitivity,4,4,0,0,0.0,0,0,,,,,False,"detector signal, not ground truth"
tektoncd/pipeline,train,causal_rolling_mad,two_of_three,composite,26,sensitivity,2.5,sensitivity,3,sensitivity,36,8,28,0,0.0,0,0,,,,,False,"detector signal, not ground truth"
containerd/containerd,external_evaluation,causal_rolling_mad,two_of_three,composite,26,sensitivity,2.5,sensitivity,4,sensitivity,46,30,16,0,0.0,0,0,,,,,True,"detector signal, not ground truth"
docker/cli,holdout,causal_rolling_mad,two_of_three,composite,26,sensitivity,2.5,sensitivity,4,sensitivity,19,19,0,0,0.0,0,0,,,,,False,"detector signal, not ground truth"
docker/cli,purge,causal_rolling_mad,two_of_three,composite,26,sensitivity,2.5,sensitivity,4,sensitivity,4,4,0,0,0.0,0,0,,,,,False,"detector signal, not ground truth"
docker/cli,train,causal_rolling_mad,two_of_three,composite,26,sensitivity,2.5,sensitivity,4,sensitivity,36,7,29,0,0.0,0,0,,,,,False,"detector signal, not ground truth"
helm/helm,external_evaluation,causal_rolling_mad,two_of_three,composite,26,sensitivity,2.5,sensitivity,4,sensitivity,46,30,16,0,0.0,0,0,,,,,True,"detector signal, not ground truth"
prometheus/prometheus,holdout,causal_rolling_mad,two_of_three,composite,26,sensitivity,2.5,sensitivity,4,sensitivity,19,19,0,0,0.0,0,0,,,,,False,"detector signal, not ground truth"
prometheus/prometheus,purge,causal_rolling_mad,two_of_three,composite,26,sensitivity,2.5,sensitivity,4,sensitivity,4,4,0,0,0.0,0,0,,,,,False,"detector signal, not ground truth"
prometheus/prometheus,train,causal_rolling_mad,two_of_three,composite,26,sensitivity,2.5,sensitivity,4,sensitivity,36,7,29,0,0.0,0,0,,,,,False,"detector signal, not ground truth"
pytest-dev/pytest,external_evaluation,causal_rolling_mad,two_of_three,composite,26,sensitivity,2.5,sensitivity,4,sensitivity,46,3,43,0,0.0,0,0,,,,,True,"detector signal, not ground truth"
tektoncd/pipeline,holdout,causal_rolling_mad,two_of_three,composite,26,sensitivity,2.5,sensitivity,4,sensitivity,19,19,0,0,0.0,0,0,,,,,False,"detector signal, not ground truth"
tektoncd/pipeline,purge,causal_rolling_mad,two_of_three,composite,26,sensitivity,2.5,sensitivity,4,sensitivity,4,4,0,0,0.0,0,0,,,,,False,"detector signal, not ground truth"
tektoncd/pipeline,train,causal_rolling_mad,two_of_three,composite,26,sensitivity,2.5,sensitivity,4,sensitivity,36,7,29,0,0.0,0,0,,,,,False,"detector signal, not ground truth"
containerd/containerd,external_evaluation,causal_rolling_mad,latency_log,latency_log,26,sensitivity,3.0,primary,1,sensitivity,46,33,13,1,0.030303030303030304,1,1,1.0,1.0,3.4146056499350284,3.4146056499350284,True,"detector signal, not ground truth"
docker/cli,holdout,causal_rolling_mad,latency_log,latency_log,26,sensitivity,3.0,primary,1,sensitivity,19,19,0,3,0.15789473684210525,2,3,1.5,2.0,4.92951129980941,5.022315833108454,False,"detector signal, not ground truth"
docker/cli,purge,causal_rolling_mad,latency_log,latency_log,26,sensitivity,3.0,primary,1,sensitivity,4,4,0,0,0.0,0,0,,,,,False,"detector signal, not ground truth"
docker/cli,train,causal_rolling_mad,latency_log,latency_log,26,sensitivity,3.0,primary,1,sensitivity,36,10,26,0,0.0,0,0,,,,,False,"detector signal, not ground truth"
helm/helm,external_evaluation,causal_rolling_mad,latency_log,latency_log,26,sensitivity,3.0,primary,1,sensitivity,46,33,13,0,0.0,0,0,,,,,True,"detector signal, not ground truth"
prometheus/prometheus,holdout,causal_rolling_mad,latency_log,latency_log,26,sensitivity,3.0,primary,1,sensitivity,19,19,0,0,0.0,0,0,,,,,False,"detector signal, not ground truth"
prometheus/prometheus,purge,causal_rolling_mad,latency_log,latency_log,26,sensitivity,3.0,primary,1,sensitivity,4,4,0,0,0.0,0,0,,,,,False,"detector signal, not ground truth"
prometheus/prometheus,train,causal_rolling_mad,latency_log,latency_log,26,sensitivity,3.0,primary,1,sensitivity,36,10,26,0,0.0,0,0,,,,,False,"detector signal, not ground truth"
pytest-dev/pytest,external_evaluation,causal_rolling_mad,latency_log,latency_log,26,sensitivity,3.0,primary,1,sensitivity,46,33,13,6,0.18181818181818182,3,6,2.0,3.0,4.140664115982961,5.556241607237398,True,"detector signal, not ground truth"
tektoncd/pipeline,holdout,causal_rolling_mad,latency_log,latency_log,26,sensitivity,3.0,primary,1,sensitivity,19,19,0,7,0.3684210526315789,3,7,1.0,5.0,7.716547393247793,35.66466158293501,False,"detector signal, not ground truth"
tektoncd/pipeline,purge,causal_rolling_mad,latency_log,latency_log,26,sensitivity,3.0,primary,1,sensitivity,4,4,0,2,0.5,2,2,1.0,1.0,8.664913963964063,9.204908523488665,False,"detector signal, not ground truth"
tektoncd/pipeline,train,causal_rolling_mad,latency_log,latency_log,26,sensitivity,3.0,primary,1,sensitivity,36,10,26,1,0.1,1,1,1.0,1.0,18.33436154968371,18.33436154968371,False,"detector signal, not ground truth"
containerd/containerd,external_evaluation,causal_rolling_mad,latency_log,latency_log,26,sensitivity,3.0,primary,2,primary,46,32,14,0,0.0,0,0,,,,,True,"detector signal, not ground truth"
docker/cli,holdout,causal_rolling_mad,latency_log,latency_log,26,sensitivity,3.0,primary,2,primary,19,19,0,1,0.05263157894736842,1,1,1.0,1.0,3.3293983388741077,3.3293983388741077,False,"detector signal, not ground truth"
docker/cli,purge,causal_rolling_mad,latency_log,latency_log,26,sensitivity,3.0,primary,2,primary,4,4,0,0,0.0,0,0,,,,,False,"detector signal, not ground truth"
docker/cli,train,causal_rolling_mad,latency_log,latency_log,26,sensitivity,3.0,primary,2,primary,36,9,27,0,0.0,0,0,,,,,False,"detector signal, not ground truth"
helm/helm,external_evaluation,causal_rolling_mad,latency_log,latency_log,26,sensitivity,3.0,primary,2,primary,46,32,14,0,0.0,0,0,,,,,True,"detector signal, not ground truth"
prometheus/prometheus,holdout,causal_rolling_mad,latency_log,latency_log,26,sensitivity,3.0,primary,2,primary,19,19,0,0,0.0,0,0,,,,,False,"detector signal, not ground truth"
prometheus/prometheus,purge,causal_rolling_mad,latency_log,latency_log,26,sensitivity,3.0,primary,2,primary,4,4,0,0,0.0,0,0,,,,,False,"detector signal, not ground truth"
prometheus/prometheus,train,causal_rolling_mad,latency_log,latency_log,26,sensitivity,3.0,primary,2,primary,36,9,27,0,0.0,0,0,,,,,False,"detector signal, not ground truth"
pytest-dev/pytest,external_evaluation,causal_rolling_mad,latency_log,latency_log,26,sensitivity,3.0,primary,2,primary,46,32,14,3,0.09375,2,3,1.5,2.0,4.308491311138758,5.556241607237398,True,"detector signal, not ground truth"
tektoncd/pipeline,holdout,causal_rolling_mad,latency_log,latency_log,26,sensitivity,3.0,primary,2,primary,19,19,0,4,0.21052631578947367,1,4,4.0,4.0,13.126715129484229,35.66466158293501,False,"detector signal, not ground truth"
tektoncd/pipeline,purge,causal_rolling_mad,latency_log,latency_log,26,sensitivity,3.0,primary,2,primary,4,4,0,0,0.0,0,0,,,,,False,"detector signal, not ground truth"
tektoncd/pipeline,train,causal_rolling_mad,latency_log,latency_log,26,sensitivity,3.0,primary,2,primary,36,9,27,0,0.0,0,0,,,,,False,"detector signal, not ground truth"
containerd/containerd,external_evaluation,causal_rolling_mad,latency_log,latency_log,26,sensitivity,3.0,primary,3,sensitivity,46,31,15,0,0.0,0,0,,,,,True,"detector signal, not ground truth"
docker/cli,holdout,causal_rolling_mad,latency_log,latency_log,26,sensitivity,3.0,primary,3,sensitivity,19,19,0,0,0.0,0,0,,,,,False,"detector signal, not ground truth"
docker/cli,purge,causal_rolling_mad,latency_log,latency_log,26,sensitivity,3.0,primary,3,sensitivity,4,4,0,0,0.0,0,0,,,,,False,"detector signal, not ground truth"
docker/cli,train,causal_rolling_mad,latency_log,latency_log,26,sensitivity,3.0,primary,3,sensitivity,36,8,28,0,0.0,0,0,,,,,False,"detector signal, not ground truth"
helm/helm,external_evaluation,causal_rolling_mad,latency_log,latency_log,26,sensitivity,3.0,primary,3,sensitivity,46,31,15,0,0.0,0,0,,,,,True,"detector signal, not ground truth"
prometheus/prometheus,holdout,causal_rolling_mad,latency_log,latency_log,26,sensitivity,3.0,primary,3,sensitivity,19,19,0,0,0.0,0,0,,,,,False,"detector signal, not ground truth"
prometheus/prometheus,purge,causal_rolling_mad,latency_log,latency_log,26,sensitivity,3.0,primary,3,sensitivity,4,4,0,0,0.0,0,0,,,,,False,"detector signal, not ground truth"
prometheus/prometheus,train,causal_rolling_mad,latency_log,latency_log,26,sensitivity,3.0,primary,3,sensitivity,36,8,28,0,0.0,0,0,,,,,False,"detector signal, not ground truth"
pytest-dev/pytest,external_evaluation,causal_rolling_mad,latency_log,latency_log,26,sensitivity,3.0,primary,3,sensitivity,46,31,15,1,0.03225806451612903,1,1,1.0,1.0,4.308491311138758,4.308491311138758,True,"detector signal, not ground truth"
tektoncd/pipeline,holdout,causal_rolling_mad,latency_log,latency_log,26,sensitivity,3.0,primary,3,sensitivity,19,19,0,3,0.15789473684210525,1,3,3.0,3.0,12.50370654162418,13.749723717344278,False,"detector signal, not ground truth"
tektoncd/pipeline,purge,causal_rolling_mad,latency_log,latency_log,26,sensitivity,3.0,primary,3,sensitivity,4,4,0,0,0.0,0,0,,,,,False,"detector signal, not ground truth"
tektoncd/pipeline,train,causal_rolling_mad,latency_log,latency_log,26,sensitivity,3.0,primary,3,sensitivity,36,8,28,0,0.0,0,0,,,,,False,"detector signal, not ground truth"
containerd/containerd,external_evaluation,causal_rolling_mad,latency_log,latency_log,26,sensitivity,3.0,primary,4,sensitivity,46,30,16,0,0.0,0,0,,,,,True,"detector signal, not ground truth"
docker/cli,holdout,causal_rolling_mad,latency_log,latency_log,26,sensitivity,3.0,primary,4,sensitivity,19,19,0,0,0.0,0,0,,,,,False,"detector signal, not ground truth"
docker/cli,purge,causal_rolling_mad,latency_log,latency_log,26,sensitivity,3.0,primary,4,sensitivity,4,4,0,0,0.0,0,0,,,,,False,"detector signal, not ground truth"
docker/cli,train,causal_rolling_mad,latency_log,latency_log,26,sensitivity,3.0,primary,4,sensitivity,36,7,29,0,0.0,0,0,,,,,False,"detector signal, not ground truth"
helm/helm,external_evaluation,causal_rolling_mad,latency_log,latency_log,26,sensitivity,3.0,primary,4,sensitivity,46,30,16,0,0.0,0,0,,,,,True,"detector signal, not ground truth"
prometheus/prometheus,holdout,causal_rolling_mad,latency_log,latency_log,26,sensitivity,3.0,primary,4,sensitivity,19,19,0,0,0.0,0,0,,,,,False,"detector signal, not ground truth"
prometheus/prometheus,purge,causal_rolling_mad,latency_log,latency_log,26,sensitivity,3.0,primary,4,sensitivity,4,4,0,0,0.0,0,0,,,,,False,"detector signal, not ground truth"
prometheus/prometheus,train,causal_rolling_mad,latency_log,latency_log,26,sensitivity,3.0,primary,4,sensitivity,36,7,29,0,0.0,0,0,,,,,False,"detector signal, not ground truth"
pytest-dev/pytest,external_evaluation,causal_rolling_mad,latency_log,latency_log,26,sensitivity,3.0,primary,4,sensitivity,46,30,16,0,0.0,0,0,,,,,True,"detector signal, not ground truth"
tektoncd/pipeline,holdout,causal_rolling_mad,latency_log,latency_log,26,sensitivity,3.0,primary,4,sensitivity,19,19,0,2,0.10526315789473684,1,2,2.0,2.0,13.126715129484229,13.749723717344278,False,"detector signal, not ground truth"
tektoncd/pipeline,purge,causal_rolling_mad,latency_log,latency_log,26,sensitivity,3.0,primary,4,sensitivity,4,4,0,0,0.0,0,0,,,,,False,"detector signal, not ground truth"
tektoncd/pipeline,train,causal_rolling_mad,latency_log,latency_log,26,sensitivity,3.0,primary,4,sensitivity,36,7,29,0,0.0,0,0,,,,,False,"detector signal, not ground truth"
containerd/containerd,external_evaluation,causal_rolling_mad,failure_rate,failure_rate,26,sensitivity,3.0,primary,1,sensitivity,46,33,13,0,0.0,0,0,,,,,True,"detector signal, not ground truth"
docker/cli,holdout,causal_rolling_mad,failure_rate,failure_rate,26,sensitivity,3.0,primary,1,sensitivity,19,19,0,1,0.05263157894736842,1,1,1.0,1.0,14.970509096418116,14.970509096418116,False,"detector signal, not ground truth"
docker/cli,purge,causal_rolling_mad,failure_rate,failure_rate,26,sensitivity,3.0,primary,1,sensitivity,4,4,0,0,0.0,0,0,,,,,False,"detector signal, not ground truth"
docker/cli,train,causal_rolling_mad,failure_rate,failure_rate,26,sensitivity,3.0,primary,1,sensitivity,36,10,26,0,0.0,0,0,,,,,False,"detector signal, not ground truth"
helm/helm,external_evaluation,causal_rolling_mad,failure_rate,failure_rate,26,sensitivity,3.0,primary,1,sensitivity,46,33,13,3,0.09090909090909091,3,3,1.0,1.0,4.758475919479688,4.858825532090773,True,"detector signal, not ground truth"
prometheus/prometheus,holdout,causal_rolling_mad,failure_rate,failure_rate,26,sensitivity,3.0,primary,1,sensitivity,19,19,0,0,0.0,0,0,,,,,False,"detector signal, not ground truth"
prometheus/prometheus,purge,causal_rolling_mad,failure_rate,failure_rate,26,sensitivity,3.0,primary,1,sensitivity,4,4,0,0,0.0,0,0,,,,,False,"detector signal, not ground truth"
prometheus/prometheus,train,causal_rolling_mad,failure_rate,failure_rate,26,sensitivity,3.0,primary,1,sensitivity,36,10,26,0,0.0,0,0,,,,,False,"detector signal, not ground truth"
pytest-dev/pytest,external_evaluation,causal_rolling_mad,failure_rate,failure_rate,26,sensitivity,3.0,primary,1,sensitivity,46,33,13,1,0.030303030303030304,1,1,1.0,1.0,3.7489673671748154,3.7489673671748154,True,"detector signal, not ground truth"
tektoncd/pipeline,holdout,causal_rolling_mad,failure_rate,failure_rate,26,sensitivity,3.0,primary,1,sensitivity,19,19,0,1,0.05263157894736842,1,1,1.0,1.0,3.9854646050158493,3.9854646050158493,False,"detector signal, not ground truth"
tektoncd/pipeline,purge,causal_rolling_mad,failure_rate,failure_rate,26,sensitivity,3.0,primary,1,sensitivity,4,4,0,0,0.0,0,0,,,,,False,"detector signal, not ground truth"
tektoncd/pipeline,train,causal_rolling_mad,failure_rate,failure_rate,26,sensitivity,3.0,primary,1,sensitivity,36,10,26,0,0.0,0,0,,,,,False,"detector signal, not ground truth"
containerd/containerd,external_evaluation,causal_rolling_mad,failure_rate,failure_rate,26,sensitivity,3.0,primary,2,primary,46,32,14,0,0.0,0,0,,,,,True,"detector signal, not ground truth"
docker/cli,holdout,causal_rolling_mad,failure_rate,failure_rate,26,sensitivity,3.0,primary,2,primary,19,19,0,0,0.0,0,0,,,,,False,"detector signal, not ground truth"
docker/cli,purge,causal_rolling_mad,failure_rate,failure_rate,26,sensitivity,3.0,primary,2,primary,4,4,0,0,0.0,0,0,,,,,False,"detector signal, not ground truth"
docker/cli,train,causal_rolling_mad,failure_rate,failure_rate,26,sensitivity,3.0,primary,2,primary,36,9,27,0,0.0,0,0,,,,,False,"detector signal, not ground truth"
helm/helm,external_evaluation,causal_rolling_mad,failure_rate,failure_rate,26,sensitivity,3.0,primary,2,primary,46,32,14,0,0.0,0,0,,,,,True,"detector signal, not ground truth"
prometheus/prometheus,holdout,causal_rolling_mad,failure_rate,failure_rate,26,sensitivity,3.0,primary,2,primary,19,19,0,0,0.0,0,0,,,,,False,"detector signal, not ground truth"
prometheus/prometheus,purge,causal_rolling_mad,failure_rate,failure_rate,26,sensitivity,3.0,primary,2,primary,4,4,0,0,0.0,0,0,,,,,False,"detector signal, not ground truth"
prometheus/prometheus,train,causal_rolling_mad,failure_rate,failure_rate,26,sensitivity,3.0,primary,2,primary,36,9,27,0,0.0,0,0,,,,,False,"detector signal, not ground truth"
pytest-dev/pytest,external_evaluation,causal_rolling_mad,failure_rate,failure_rate,26,sensitivity,3.0,primary,2,primary,46,32,14,0,0.0,0,0,,,,,True,"detector signal, not ground truth"
tektoncd/pipeline,holdout,causal_rolling_mad,failure_rate,failure_rate,26,sensitivity,3.0,primary,2,primary,19,19,0,0,0.0,0,0,,,,,False,"detector signal, not ground truth"
tektoncd/pipeline,purge,causal_rolling_mad,failure_rate,failure_rate,26,sensitivity,3.0,primary,2,primary,4,4,0,0,0.0,0,0,,,,,False,"detector signal, not ground truth"
tektoncd/pipeline,train,causal_rolling_mad,failure_rate,failure_rate,26,sensitivity,3.0,primary,2,primary,36,9,27,0,0.0,0,0,,,,,False,"detector signal, not ground truth"
containerd/containerd,external_evaluation,causal_rolling_mad,failure_rate,failure_rate,26,sensitivity,3.0,primary,3,sensitivity,46,31,15,0,0.0,0,0,,,,,True,"detector signal, not ground truth"
docker/cli,holdout,causal_rolling_mad,failure_rate,failure_rate,26,sensitivity,3.0,primary,3,sensitivity,19,19,0,0,0.0,0,0,,,,,False,"detector signal, not ground truth"
docker/cli,purge,causal_rolling_mad,failure_rate,failure_rate,26,sensitivity,3.0,primary,3,sensitivity,4,4,0,0,0.0,0,0,,,,,False,"detector signal, not ground truth"
docker/cli,train,causal_rolling_mad,failure_rate,failure_rate,26,sensitivity,3.0,primary,3,sensitivity,36,8,28,0,0.0,0,0,,,,,False,"detector signal, not ground truth"
helm/helm,external_evaluation,causal_rolling_mad,failure_rate,failure_rate,26,sensitivity,3.0,primary,3,sensitivity,46,31,15,0,0.0,0,0,,,,,True,"detector signal, not ground truth"
prometheus/prometheus,holdout,causal_rolling_mad,failure_rate,failure_rate,26,sensitivity,3.0,primary,3,sensitivity,19,19,0,0,0.0,0,0,,,,,False,"detector signal, not ground truth"
prometheus/prometheus,purge,causal_rolling_mad,failure_rate,failure_rate,26,sensitivity,3.0,primary,3,sensitivity,4,4,0,0,0.0,0,0,,,,,False,"detector signal, not ground truth"
prometheus/prometheus,train,causal_rolling_mad,failure_rate,failure_rate,26,sensitivity,3.0,primary,3,sensitivity,36,8,28,0,0.0,0,0,,,,,False,"detector signal, not ground truth"
pytest-dev/pytest,external_evaluation,causal_rolling_mad,failure_rate,failure_rate,26,sensitivity,3.0,primary,3,sensitivity,46,31,15,0,0.0,0,0,,,,,True,"detector signal, not ground truth"
tektoncd/pipeline,holdout,causal_rolling_mad,failure_rate,failure_rate,26,sensitivity,3.0,primary,3,sensitivity,19,19,0,0,0.0,0,0,,,,,False,"detector signal, not ground truth"
tektoncd/pipeline,purge,causal_rolling_mad,failure_rate,failure_rate,26,sensitivity,3.0,primary,3,sensitivity,4,4,0,0,0.0,0,0,,,,,False,"detector signal, not ground truth"
tektoncd/pipeline,train,causal_rolling_mad,failure_rate,failure_rate,26,sensitivity,3.0,primary,3,sensitivity,36,8,28,0,0.0,0,0,,,,,False,"detector signal, not ground truth"
containerd/containerd,external_evaluation,causal_rolling_mad,failure_rate,failure_rate,26,sensitivity,3.0,primary,4,sensitivity,46,30,16,0,0.0,0,0,,,,,True,"detector signal, not ground truth"
docker/cli,holdout,causal_rolling_mad,failure_rate,failure_rate,26,sensitivity,3.0,primary,4,sensitivity,19,19,0,0,0.0,0,0,,,,,False,"detector signal, not ground truth"
docker/cli,purge,causal_rolling_mad,failure_rate,failure_rate,26,sensitivity,3.0,primary,4,sensitivity,4,4,0,0,0.0,0,0,,,,,False,"detector signal, not ground truth"
docker/cli,train,causal_rolling_mad,failure_rate,failure_rate,26,sensitivity,3.0,primary,4,sensitivity,36,7,29,0,0.0,0,0,,,,,False,"detector signal, not ground truth"
helm/helm,external_evaluation,causal_rolling_mad,failure_rate,failure_rate,26,sensitivity,3.0,primary,4,sensitivity,46,30,16,0,0.0,0,0,,,,,True,"detector signal, not ground truth"
prometheus/prometheus,holdout,causal_rolling_mad,failure_rate,failure_rate,26,sensitivity,3.0,primary,4,sensitivity,19,19,0,0,0.0,0,0,,,,,False,"detector signal, not ground truth"
prometheus/prometheus,purge,causal_rolling_mad,failure_rate,failure_rate,26,sensitivity,3.0,primary,4,sensitivity,4,4,0,0,0.0,0,0,,,,,False,"detector signal, not ground truth"
prometheus/prometheus,train,causal_rolling_mad,failure_rate,failure_rate,26,sensitivity,3.0,primary,4,sensitivity,36,7,29,0,0.0,0,0,,,,,False,"detector signal, not ground truth"
pytest-dev/pytest,external_evaluation,causal_rolling_mad,failure_rate,failure_rate,26,sensitivity,3.0,primary,4,sensitivity,46,30,16,0,0.0,0,0,,,,,True,"detector signal, not ground truth"
tektoncd/pipeline,holdout,causal_rolling_mad,failure_rate,failure_rate,26,sensitivity,3.0,primary,4,sensitivity,19,19,0,0,0.0,0,0,,,,,False,"detector signal, not ground truth"
tektoncd/pipeline,purge,causal_rolling_mad,failure_rate,failure_rate,26,sensitivity,3.0,primary,4,sensitivity,4,4,0,0,0.0,0,0,,,,,False,"detector signal, not ground truth"
tektoncd/pipeline,train,causal_rolling_mad,failure_rate,failure_rate,26,sensitivity,3.0,primary,4,sensitivity,36,7,29,0,0.0,0,0,,,,,False,"detector signal, not ground truth"
containerd/containerd,external_evaluation,causal_rolling_mad,rerun_rate,rerun_rate,26,sensitivity,3.0,primary,1,sensitivity,46,33,13,0,0.0,0,0,,,,,True,"detector signal, not ground truth"
docker/cli,holdout,causal_rolling_mad,rerun_rate,rerun_rate,26,sensitivity,3.0,primary,1,sensitivity,19,19,0,3,0.15789473684210525,3,3,1.0,1.0,3.9917826750343823,4.516927580827325,False,"detector signal, not ground truth"
docker/cli,purge,causal_rolling_mad,rerun_rate,rerun_rate,26,sensitivity,3.0,primary,1,sensitivity,4,4,0,2,0.5,1,2,2.0,2.0,10.229250531870296,13.348207686335384,False,"detector signal, not ground truth"
docker/cli,train,causal_rolling_mad,rerun_rate,rerun_rate,26,sensitivity,3.0,primary,1,sensitivity,36,10,26,4,0.4,3,4,1.0,2.0,7.497155654488793,46.64363500397766,False,"detector signal, not ground truth"
helm/helm,external_evaluation,causal_rolling_mad,rerun_rate,rerun_rate,26,sensitivity,3.0,primary,1,sensitivity,46,33,13,1,0.030303030303030304,1,1,1.0,1.0,3.3756324428563405,3.3756324428563405,True,"detector signal, not ground truth"
prometheus/prometheus,holdout,causal_rolling_mad,rerun_rate,rerun_rate,26,sensitivity,3.0,primary,1,sensitivity,19,19,0,0,0.0,0,0,,,,,False,"detector signal, not ground truth"
prometheus/prometheus,purge,causal_rolling_mad,rerun_rate,rerun_rate,26,sensitivity,3.0,primary,1,sensitivity,4,4,0,0,0.0,0,0,,,,,False,"detector signal, not ground truth"
prometheus/prometheus,train,causal_rolling_mad,rerun_rate,rerun_rate,26,sensitivity,3.0,primary,1,sensitivity,36,10,26,0,0.0,0,0,,,,,False,"detector signal, not ground truth"
pytest-dev/pytest,external_evaluation,causal_rolling_mad,rerun_rate,rerun_rate,26,sensitivity,3.0,primary,1,sensitivity,46,6,40,1,0.16666666666666666,1,1,1.0,1.0,3.1435416587274068,3.1435416587274068,True,"detector signal, not ground truth"
tektoncd/pipeline,holdout,causal_rolling_mad,rerun_rate,rerun_rate,26,sensitivity,3.0,primary,1,sensitivity,19,19,0,0,0.0,0,0,,,,,False,"detector signal, not ground truth"
tektoncd/pipeline,purge,causal_rolling_mad,rerun_rate,rerun_rate,26,sensitivity,3.0,primary,1,sensitivity,4,4,0,0,0.0,0,0,,,,,False,"detector signal, not ground truth"
tektoncd/pipeline,train,causal_rolling_mad,rerun_rate,rerun_rate,26,sensitivity,3.0,primary,1,sensitivity,36,10,26,0,0.0,0,0,,,,,False,"detector signal, not ground truth"
containerd/containerd,external_evaluation,causal_rolling_mad,rerun_rate,rerun_rate,26,sensitivity,3.0,primary,2,primary,46,32,14,0,0.0,0,0,,,,,True,"detector signal, not ground truth"
docker/cli,holdout,causal_rolling_mad,rerun_rate,rerun_rate,26,sensitivity,3.0,primary,2,primary,19,19,0,0,0.0,0,0,,,,,False,"detector signal, not ground truth"
docker/cli,purge,causal_rolling_mad,rerun_rate,rerun_rate,26,sensitivity,3.0,primary,2,primary,4,4,0,2,0.5,1,2,2.0,2.0,10.229250531870296,13.348207686335384,False,"detector signal, not ground truth"
docker/cli,train,causal_rolling_mad,rerun_rate,rerun_rate,26,sensitivity,3.0,primary,2,primary,36,9,27,1,0.1111111111111111,1,1,1.0,1.0,10.862493614868455,10.862493614868455,False,"detector signal, not ground truth"
helm/helm,external_evaluation,causal_rolling_mad,rerun_rate,rerun_rate,26,sensitivity,3.0,primary,2,primary,46,32,14,0,0.0,0,0,,,,,True,"detector signal, not ground truth"
prometheus/prometheus,holdout,causal_rolling_mad,rerun_rate,rerun_rate,26,sensitivity,3.0,primary,2,primary,19,19,0,0,0.0,0,0,,,,,False,"detector signal, not ground truth"
prometheus/prometheus,purge,causal_rolling_mad,rerun_rate,rerun_rate,26,sensitivity,3.0,primary,2,primary,4,4,0,0,0.0,0,0,,,,,False,"detector signal, not ground truth"
prometheus/prometheus,train,causal_rolling_mad,rerun_rate,rerun_rate,26,sensitivity,3.0,primary,2,primary,36,9,27,0,0.0,0,0,,,,,False,"detector signal, not ground truth"
pytest-dev/pytest,external_evaluation,causal_rolling_mad,rerun_rate,rerun_rate,26,sensitivity,3.0,primary,2,primary,46,5,41,0,0.0,0,0,,,,,True,"detector signal, not ground truth"
tektoncd/pipeline,holdout,causal_rolling_mad,rerun_rate,rerun_rate,26,sensitivity,3.0,primary,2,primary,19,19,0,0,0.0,0,0,,,,,False,"detector signal, not ground truth"
tektoncd/pipeline,purge,causal_rolling_mad,rerun_rate,rerun_rate,26,sensitivity,3.0,primary,2,primary,4,4,0,0,0.0,0,0,,,,,False,"detector signal, not ground truth"
tektoncd/pipeline,train,causal_rolling_mad,rerun_rate,rerun_rate,26,sensitivity,3.0,primary,2,primary,36,9,27,0,0.0,0,0,,,,,False,"detector signal, not ground truth"
containerd/containerd,external_evaluation,causal_rolling_mad,rerun_rate,rerun_rate,26,sensitivity,3.0,primary,3,sensitivity,46,31,15,0,0.0,0,0,,,,,True,"detector signal, not ground truth"
docker/cli,holdout,causal_rolling_mad,rerun_rate,rerun_rate,26,sensitivity,3.0,primary,3,sensitivity,19,19,0,0,0.0,0,0,,,,,False,"detector signal, not ground truth"
docker/cli,purge,causal_rolling_mad,rerun_rate,rerun_rate,26,sensitivity,3.0,primary,3,sensitivity,4,4,0,1,0.25,1,1,1.0,1.0,13.348207686335384,13.348207686335384,False,"detector signal, not ground truth"
docker/cli,train,causal_rolling_mad,rerun_rate,rerun_rate,26,sensitivity,3.0,primary,3,sensitivity,36,8,28,0,0.0,0,0,,,,,False,"detector signal, not ground truth"
helm/helm,external_evaluation,causal_rolling_mad,rerun_rate,rerun_rate,26,sensitivity,3.0,primary,3,sensitivity,46,31,15,0,0.0,0,0,,,,,True,"detector signal, not ground truth"
prometheus/prometheus,holdout,causal_rolling_mad,rerun_rate,rerun_rate,26,sensitivity,3.0,primary,3,sensitivity,19,19,0,0,0.0,0,0,,,,,False,"detector signal, not ground truth"
prometheus/prometheus,purge,causal_rolling_mad,rerun_rate,rerun_rate,26,sensitivity,3.0,primary,3,sensitivity,4,4,0,0,0.0,0,0,,,,,False,"detector signal, not ground truth"
prometheus/prometheus,train,causal_rolling_mad,rerun_rate,rerun_rate,26,sensitivity,3.0,primary,3,sensitivity,36,8,28,0,0.0,0,0,,,,,False,"detector signal, not ground truth"
pytest-dev/pytest,external_evaluation,causal_rolling_mad,rerun_rate,rerun_rate,26,sensitivity,3.0,primary,3,sensitivity,46,4,42,0,0.0,0,0,,,,,True,"detector signal, not ground truth"
tektoncd/pipeline,holdout,causal_rolling_mad,rerun_rate,rerun_rate,26,sensitivity,3.0,primary,3,sensitivity,19,19,0,0,0.0,0,0,,,,,False,"detector signal, not ground truth"
tektoncd/pipeline,purge,causal_rolling_mad,rerun_rate,rerun_rate,26,sensitivity,3.0,primary,3,sensitivity,4,4,0,0,0.0,0,0,,,,,False,"detector signal, not ground truth"
tektoncd/pipeline,train,causal_rolling_mad,rerun_rate,rerun_rate,26,sensitivity,3.0,primary,3,sensitivity,36,8,28,0,0.0,0,0,,,,,False,"detector signal, not ground truth"
containerd/containerd,external_evaluation,causal_rolling_mad,rerun_rate,rerun_rate,26,sensitivity,3.0,primary,4,sensitivity,46,30,16,0,0.0,0,0,,,,,True,"detector signal, not ground truth"
docker/cli,holdout,causal_rolling_mad,rerun_rate,rerun_rate,26,sensitivity,3.0,primary,4,sensitivity,19,19,0,0,0.0,0,0,,,,,False,"detector signal, not ground truth"
docker/cli,purge,causal_rolling_mad,rerun_rate,rerun_rate,26,sensitivity,3.0,primary,4,sensitivity,4,4,0,0,0.0,0,0,,,,,False,"detector signal, not ground truth"
docker/cli,train,causal_rolling_mad,rerun_rate,rerun_rate,26,sensitivity,3.0,primary,4,sensitivity,36,7,29,0,0.0,0,0,,,,,False,"detector signal, not ground truth"
helm/helm,external_evaluation,causal_rolling_mad,rerun_rate,rerun_rate,26,sensitivity,3.0,primary,4,sensitivity,46,30,16,0,0.0,0,0,,,,,True,"detector signal, not ground truth"
prometheus/prometheus,holdout,causal_rolling_mad,rerun_rate,rerun_rate,26,sensitivity,3.0,primary,4,sensitivity,19,19,0,0,0.0,0,0,,,,,False,"detector signal, not ground truth"
prometheus/prometheus,purge,causal_rolling_mad,rerun_rate,rerun_rate,26,sensitivity,3.0,primary,4,sensitivity,4,4,0,0,0.0,0,0,,,,,False,"detector signal, not ground truth"
prometheus/prometheus,train,causal_rolling_mad,rerun_rate,rerun_rate,26,sensitivity,3.0,primary,4,sensitivity,36,7,29,0,0.0,0,0,,,,,False,"detector signal, not ground truth"
pytest-dev/pytest,external_evaluation,causal_rolling_mad,rerun_rate,rerun_rate,26,sensitivity,3.0,primary,4,sensitivity,46,3,43,0,0.0,0,0,,,,,True,"detector signal, not ground truth"
tektoncd/pipeline,holdout,causal_rolling_mad,rerun_rate,rerun_rate,26,sensitivity,3.0,primary,4,sensitivity,19,19,0,0,0.0,0,0,,,,,False,"detector signal, not ground truth"
tektoncd/pipeline,purge,causal_rolling_mad,rerun_rate,rerun_rate,26,sensitivity,3.0,primary,4,sensitivity,4,4,0,0,0.0,0,0,,,,,False,"detector signal, not ground truth"
tektoncd/pipeline,train,causal_rolling_mad,rerun_rate,rerun_rate,26,sensitivity,3.0,primary,4,sensitivity,36,7,29,0,0.0,0,0,,,,,False,"detector signal, not ground truth"
containerd/containerd,external_evaluation,causal_rolling_mad,union,composite,26,sensitivity,3.0,primary,1,sensitivity,46,33,13,1,0.030303030303030304,1,1,1.0,1.0,3.4146056499350284,3.4146056499350284,True,"detector signal, not ground truth"
docker/cli,holdout,causal_rolling_mad,union,composite,26,sensitivity,3.0,primary,1,sensitivity,19,19,0,6,0.3157894736842105,4,6,1.0,3.0,4.254355127930854,14.970509096418116,False,"detector signal, not ground truth"
docker/cli,purge,causal_rolling_mad,union,composite,26,sensitivity,3.0,primary,1,sensitivity,4,4,0,2,0.5,1,2,2.0,2.0,10.229250531870296,13.348207686335384,False,"detector signal, not ground truth"
docker/cli,train,causal_rolling_mad,union,composite,26,sensitivity,3.0,primary,1,sensitivity,36,10,26,4,0.4,3,4,1.0,2.0,7.497155654488793,46.64363500397766,False,"detector signal, not ground truth"
helm/helm,external_evaluation,causal_rolling_mad,union,composite,26,sensitivity,3.0,primary,1,sensitivity,46,33,13,4,0.12121212121212122,3,4,1.0,2.0,4.315123654989829,4.858825532090773,True,"detector signal, not ground truth"
prometheus/prometheus,holdout,causal_rolling_mad,union,composite,26,sensitivity,3.0,primary,1,sensitivity,19,19,0,0,0.0,0,0,,,,,False,"detector signal, not ground truth"
prometheus/prometheus,purge,causal_rolling_mad,union,composite,26,sensitivity,3.0,primary,1,sensitivity,4,4,0,0,0.0,0,0,,,,,False,"detector signal, not ground truth"
prometheus/prometheus,train,causal_rolling_mad,union,composite,26,sensitivity,3.0,primary,1,sensitivity,36,10,26,0,0.0,0,0,,,,,False,"detector signal, not ground truth"
pytest-dev/pytest,external_evaluation,causal_rolling_mad,union,composite,26,sensitivity,3.0,primary,1,sensitivity,46,6,40,4,0.6666666666666666,2,4,2.0,3.0,4.0612117114554795,4.452073904598273,True,"detector signal, not ground truth"
tektoncd/pipeline,holdout,causal_rolling_mad,union,composite,26,sensitivity,3.0,primary,1,sensitivity,19,19,0,7,0.3684210526315789,3,7,1.0,5.0,7.716547393247793,35.66466158293501,False,"detector signal, not ground truth"
tektoncd/pipeline,purge,causal_rolling_mad,union,composite,26,sensitivity,3.0,primary,1,sensitivity,4,4,0,2,0.5,2,2,1.0,1.0,8.664913963964063,9.204908523488665,False,"detector signal, not ground truth"
tektoncd/pipeline,train,causal_rolling_mad,union,composite,26,sensitivity,3.0,primary,1,sensitivity,36,10,26,1,0.1,1,1,1.0,1.0,18.33436154968371,18.33436154968371,False,"detector signal, not ground truth"
containerd/containerd,external_evaluation,causal_rolling_mad,union,composite,26,sensitivity,3.0,primary,2,primary,46,32,14,0,0.0,0,0,,,,,True,"detector signal, not ground truth"
docker/cli,holdout,causal_rolling_mad,union,composite,26,sensitivity,3.0,primary,2,primary,19,19,0,2,0.10526315789473684,1,2,2.0,2.0,3.2310621020084964,3.3293983388741077,False,"detector signal, not ground truth"
docker/cli,purge,causal_rolling_mad,union,composite,26,sensitivity,3.0,primary,2,primary,4,4,0,2,0.5,1,2,2.0,2.0,10.229250531870296,13.348207686335384,False,"detector signal, not ground truth"
docker/cli,train,causal_rolling_mad,union,composite,26,sensitivity,3.0,primary,2,primary,36,9,27,1,0.1111111111111111,1,1,1.0,1.0,10.862493614868455,10.862493614868455,False,"detector signal, not ground truth"
helm/helm,external_evaluation,causal_rolling_mad,union,composite,26,sensitivity,3.0,primary,2,primary,46,32,14,1,0.03125,1,1,1.0,1.0,4.858825532090773,4.858825532090773,True,"detector signal, not ground truth"
prometheus/prometheus,holdout,causal_rolling_mad,union,composite,26,sensitivity,3.0,primary,2,primary,19,19,0,0,0.0,0,0,,,,,False,"detector signal, not ground truth"
prometheus/prometheus,purge,causal_rolling_mad,union,composite,26,sensitivity,3.0,primary,2,primary,4,4,0,0,0.0,0,0,,,,,False,"detector signal, not ground truth"
prometheus/prometheus,train,causal_rolling_mad,union,composite,26,sensitivity,3.0,primary,2,primary,36,9,27,0,0.0,0,0,,,,,False,"detector signal, not ground truth"
pytest-dev/pytest,external_evaluation,causal_rolling_mad,union,composite,26,sensitivity,3.0,primary,2,primary,46,5,41,2,0.4,1,2,2.0,2.0,4.0612117114554795,4.308491311138758,True,"detector signal, not ground truth"
tektoncd/pipeline,holdout,causal_rolling_mad,union,composite,26,sensitivity,3.0,primary,2,primary,19,19,0,4,0.21052631578947367,1,4,4.0,4.0,13.126715129484229,35.66466158293501,False,"detector signal, not ground truth"
tektoncd/pipeline,purge,causal_rolling_mad,union,composite,26,sensitivity,3.0,primary,2,primary,4,4,0,0,0.0,0,0,,,,,False,"detector signal, not ground truth"
tektoncd/pipeline,train,causal_rolling_mad,union,composite,26,sensitivity,3.0,primary,2,primary,36,9,27,0,0.0,0,0,,,,,False,"detector signal, not ground truth"
containerd/containerd,external_evaluation,causal_rolling_mad,union,composite,26,sensitivity,3.0,primary,3,sensitivity,46,31,15,0,0.0,0,0,,,,,True,"detector signal, not ground truth"
docker/cli,holdout,causal_rolling_mad,union,composite,26,sensitivity,3.0,primary,3,sensitivity,19,19,0,1,0.05263157894736842,1,1,1.0,1.0,3.1327258651428855,3.1327258651428855,False,"detector signal, not ground truth"
docker/cli,purge,causal_rolling_mad,union,composite,26,sensitivity,3.0,primary,3,sensitivity,4,4,0,1,0.25,1,1,1.0,1.0,13.348207686335384,13.348207686335384,False,"detector signal, not ground truth"
docker/cli,train,causal_rolling_mad,union,composite,26,sensitivity,3.0,primary,3,sensitivity,36,8,28,0,0.0,0,0,,,,,False,"detector signal, not ground truth"
helm/helm,external_evaluation,causal_rolling_mad,union,composite,26,sensitivity,3.0,primary,3,sensitivity,46,31,15,0,0.0,0,0,,,,,True,"detector signal, not ground truth"
prometheus/prometheus,holdout,causal_rolling_mad,union,composite,26,sensitivity,3.0,primary,3,sensitivity,19,19,0,0,0.0,0,0,,,,,False,"detector signal, not ground truth"
prometheus/prometheus,purge,causal_rolling_mad,union,composite,26,sensitivity,3.0,primary,3,sensitivity,4,4,0,0,0.0,0,0,,,,,False,"detector signal, not ground truth"
prometheus/prometheus,train,causal_rolling_mad,union,composite,26,sensitivity,3.0,primary,3,sensitivity,36,8,28,0,0.0,0,0,,,,,False,"detector signal, not ground truth"
pytest-dev/pytest,external_evaluation,causal_rolling_mad,union,composite,26,sensitivity,3.0,primary,3,sensitivity,46,4,42,1,0.25,1,1,1.0,1.0,4.308491311138758,4.308491311138758,True,"detector signal, not ground truth"
tektoncd/pipeline,holdout,causal_rolling_mad,union,composite,26,sensitivity,3.0,primary,3,sensitivity,19,19,0,3,0.15789473684210525,1,3,3.0,3.0,12.50370654162418,13.749723717344278,False,"detector signal, not ground truth"
tektoncd/pipeline,purge,causal_rolling_mad,union,composite,26,sensitivity,3.0,primary,3,sensitivity,4,4,0,0,0.0,0,0,,,,,False,"detector signal, not ground truth"
tektoncd/pipeline,train,causal_rolling_mad,union,composite,26,sensitivity,3.0,primary,3,sensitivity,36,8,28,0,0.0,0,0,,,,,False,"detector signal, not ground truth"
containerd/containerd,external_evaluation,causal_rolling_mad,union,composite,26,sensitivity,3.0,primary,4,sensitivity,46,30,16,0,0.0,0,0,,,,,True,"detector signal, not ground truth"
docker/cli,holdout,causal_rolling_mad,union,composite,26,sensitivity,3.0,primary,4,sensitivity,19,19,0,0,0.0,0,0,,,,,False,"detector signal, not ground truth"
docker/cli,purge,causal_rolling_mad,union,composite,26,sensitivity,3.0,primary,4,sensitivity,4,4,0,0,0.0,0,0,,,,,False,"detector signal, not ground truth"
docker/cli,train,causal_rolling_mad,union,composite,26,sensitivity,3.0,primary,4,sensitivity,36,7,29,0,0.0,0,0,,,,,False,"detector signal, not ground truth"
helm/helm,external_evaluation,causal_rolling_mad,union,composite,26,sensitivity,3.0,primary,4,sensitivity,46,30,16,0,0.0,0,0,,,,,True,"detector signal, not ground truth"
prometheus/prometheus,holdout,causal_rolling_mad,union,composite,26,sensitivity,3.0,primary,4,sensitivity,19,19,0,0,0.0,0,0,,,,,False,"detector signal, not ground truth"
prometheus/prometheus,purge,causal_rolling_mad,union,composite,26,sensitivity,3.0,primary,4,sensitivity,4,4,0,0,0.0,0,0,,,,,False,"detector signal, not ground truth"
prometheus/prometheus,train,causal_rolling_mad,union,composite,26,sensitivity,3.0,primary,4,sensitivity,36,7,29,0,0.0,0,0,,,,,False,"detector signal, not ground truth"
pytest-dev/pytest,external_evaluation,causal_rolling_mad,union,composite,26,sensitivity,3.0,primary,4,sensitivity,46,3,43,0,0.0,0,0,,,,,True,"detector signal, not ground truth"
tektoncd/pipeline,holdout,causal_rolling_mad,union,composite,26,sensitivity,3.0,primary,4,sensitivity,19,19,0,2,0.10526315789473684,1,2,2.0,2.0,13.126715129484229,13.749723717344278,False,"detector signal, not ground truth"
tektoncd/pipeline,purge,causal_rolling_mad,union,composite,26,sensitivity,3.0,primary,4,sensitivity,4,4,0,0,0.0,0,0,,,,,False,"detector signal, not ground truth"
tektoncd/pipeline,train,causal_rolling_mad,union,composite,26,sensitivity,3.0,primary,4,sensitivity,36,7,29,0,0.0,0,0,,,,,False,"detector signal, not ground truth"
containerd/containerd,external_evaluation,causal_rolling_mad,two_of_three,composite,26,sensitivity,3.0,primary,1,sensitivity,46,33,13,0,0.0,0,0,,,,,True,"detector signal, not ground truth"
docker/cli,holdout,causal_rolling_mad,two_of_three,composite,26,sensitivity,3.0,primary,1,sensitivity,19,19,0,1,0.05263157894736842,1,1,1.0,1.0,14.970509096418116,14.970509096418116,False,"detector signal, not ground truth"
docker/cli,purge,causal_rolling_mad,two_of_three,composite,26,sensitivity,3.0,primary,1,sensitivity,4,4,0,0,0.0,0,0,,,,,False,"detector signal, not ground truth"
docker/cli,train,causal_rolling_mad,two_of_three,composite,26,sensitivity,3.0,primary,1,sensitivity,36,10,26,0,0.0,0,0,,,,,False,"detector signal, not ground truth"
helm/helm,external_evaluation,causal_rolling_mad,two_of_three,composite,26,sensitivity,3.0,primary,1,sensitivity,46,33,13,0,0.0,0,0,,,,,True,"detector signal, not ground truth"
prometheus/prometheus,holdout,causal_rolling_mad,two_of_three,composite,26,sensitivity,3.0,primary,1,sensitivity,19,19,0,0,0.0,0,0,,,,,False,"detector signal, not ground truth"
prometheus/prometheus,purge,causal_rolling_mad,two_of_three,composite,26,sensitivity,3.0,primary,1,sensitivity,4,4,0,0,0.0,0,0,,,,,False,"detector signal, not ground truth"
prometheus/prometheus,train,causal_rolling_mad,two_of_three,composite,26,sensitivity,3.0,primary,1,sensitivity,36,10,26,0,0.0,0,0,,,,,False,"detector signal, not ground truth"
pytest-dev/pytest,external_evaluation,causal_rolling_mad,two_of_three,composite,26,sensitivity,3.0,primary,1,sensitivity,46,6,40,1,0.16666666666666666,1,1,1.0,1.0,3.7489673671748154,3.7489673671748154,True,"detector signal, not ground truth"
tektoncd/pipeline,holdout,causal_rolling_mad,two_of_three,composite,26,sensitivity,3.0,primary,1,sensitivity,19,19,0,1,0.05263157894736842,1,1,1.0,1.0,7.007559690344135,7.007559690344135,False,"detector signal, not ground truth"
tektoncd/pipeline,purge,causal_rolling_mad,two_of_three,composite,26,sensitivity,3.0,primary,1,sensitivity,4,4,0,0,0.0,0,0,,,,,False,"detector signal, not ground truth"
tektoncd/pipeline,train,causal_rolling_mad,two_of_three,composite,26,sensitivity,3.0,primary,1,sensitivity,36,10,26,0,0.0,0,0,,,,,False,"detector signal, not ground truth"
containerd/containerd,external_evaluation,causal_rolling_mad,two_of_three,composite,26,sensitivity,3.0,primary,2,primary,46,32,14,0,0.0,0,0,,,,,True,"detector signal, not ground truth"
docker/cli,holdout,causal_rolling_mad,two_of_three,composite,26,sensitivity,3.0,primary,2,primary,19,19,0,0,0.0,0,0,,,,,False,"detector signal, not ground truth"
docker/cli,purge,causal_rolling_mad,two_of_three,composite,26,sensitivity,3.0,primary,2,primary,4,4,0,0,0.0,0,0,,,,,False,"detector signal, not ground truth"
docker/cli,train,causal_rolling_mad,two_of_three,composite,26,sensitivity,3.0,primary,2,primary,36,9,27,0,0.0,0,0,,,,,False,"detector signal, not ground truth"
helm/helm,external_evaluation,causal_rolling_mad,two_of_three,composite,26,sensitivity,3.0,primary,2,primary,46,32,14,0,0.0,0,0,,,,,True,"detector signal, not ground truth"
prometheus/prometheus,holdout,causal_rolling_mad,two_of_three,composite,26,sensitivity,3.0,primary,2,primary,19,19,0,0,0.0,0,0,,,,,False,"detector signal, not ground truth"
prometheus/prometheus,purge,causal_rolling_mad,two_of_three,composite,26,sensitivity,3.0,primary,2,primary,4,4,0,0,0.0,0,0,,,,,False,"detector signal, not ground truth"
prometheus/prometheus,train,causal_rolling_mad,two_of_three,composite,26,sensitivity,3.0,primary,2,primary,36,9,27,0,0.0,0,0,,,,,False,"detector signal, not ground truth"
pytest-dev/pytest,external_evaluation,causal_rolling_mad,two_of_three,composite,26,sensitivity,3.0,primary,2,primary,46,5,41,0,0.0,0,0,,,,,True,"detector signal, not ground truth"
tektoncd/pipeline,holdout,causal_rolling_mad,two_of_three,composite,26,sensitivity,3.0,primary,2,primary,19,19,0,0,0.0,0,0,,,,,False,"detector signal, not ground truth"
tektoncd/pipeline,purge,causal_rolling_mad,two_of_three,composite,26,sensitivity,3.0,primary,2,primary,4,4,0,0,0.0,0,0,,,,,False,"detector signal, not ground truth"
tektoncd/pipeline,train,causal_rolling_mad,two_of_three,composite,26,sensitivity,3.0,primary,2,primary,36,9,27,0,0.0,0,0,,,,,False,"detector signal, not ground truth"
containerd/containerd,external_evaluation,causal_rolling_mad,two_of_three,composite,26,sensitivity,3.0,primary,3,sensitivity,46,31,15,0,0.0,0,0,,,,,True,"detector signal, not ground truth"
docker/cli,holdout,causal_rolling_mad,two_of_three,composite,26,sensitivity,3.0,primary,3,sensitivity,19,19,0,0,0.0,0,0,,,,,False,"detector signal, not ground truth"
docker/cli,purge,causal_rolling_mad,two_of_three,composite,26,sensitivity,3.0,primary,3,sensitivity,4,4,0,0,0.0,0,0,,,,,False,"detector signal, not ground truth"
docker/cli,train,causal_rolling_mad,two_of_three,composite,26,sensitivity,3.0,primary,3,sensitivity,36,8,28,0,0.0,0,0,,,,,False,"detector signal, not ground truth"
helm/helm,external_evaluation,causal_rolling_mad,two_of_three,composite,26,sensitivity,3.0,primary,3,sensitivity,46,31,15,0,0.0,0,0,,,,,True,"detector signal, not ground truth"
prometheus/prometheus,holdout,causal_rolling_mad,two_of_three,composite,26,sensitivity,3.0,primary,3,sensitivity,19,19,0,0,0.0,0,0,,,,,False,"detector signal, not ground truth"
prometheus/prometheus,purge,causal_rolling_mad,two_of_three,composite,26,sensitivity,3.0,primary,3,sensitivity,4,4,0,0,0.0,0,0,,,,,False,"detector signal, not ground truth"
prometheus/prometheus,train,causal_rolling_mad,two_of_three,composite,26,sensitivity,3.0,primary,3,sensitivity,36,8,28,0,0.0,0,0,,,,,False,"detector signal, not ground truth"
pytest-dev/pytest,external_evaluation,causal_rolling_mad,two_of_three,composite,26,sensitivity,3.0,primary,3,sensitivity,46,4,42,0,0.0,0,0,,,,,True,"detector signal, not ground truth"
tektoncd/pipeline,holdout,causal_rolling_mad,two_of_three,composite,26,sensitivity,3.0,primary,3,sensitivity,19,19,0,0,0.0,0,0,,,,,False,"detector signal, not ground truth"
tektoncd/pipeline,purge,causal_rolling_mad,two_of_three,composite,26,sensitivity,3.0,primary,3,sensitivity,4,4,0,0,0.0,0,0,,,,,False,"detector signal, not ground truth"
tektoncd/pipeline,train,causal_rolling_mad,two_of_three,composite,26,sensitivity,3.0,primary,3,sensitivity,36,8,28,0,0.0,0,0,,,,,False,"detector signal, not ground truth"
containerd/containerd,external_evaluation,causal_rolling_mad,two_of_three,composite,26,sensitivity,3.0,primary,4,sensitivity,46,30,16,0,0.0,0,0,,,,,True,"detector signal, not ground truth"
docker/cli,holdout,causal_rolling_mad,two_of_three,composite,26,sensitivity,3.0,primary,4,sensitivity,19,19,0,0,0.0,0,0,,,,,False,"detector signal, not ground truth"
docker/cli,purge,causal_rolling_mad,two_of_three,composite,26,sensitivity,3.0,primary,4,sensitivity,4,4,0,0,0.0,0,0,,,,,False,"detector signal, not ground truth"
docker/cli,train,causal_rolling_mad,two_of_three,composite,26,sensitivity,3.0,primary,4,sensitivity,36,7,29,0,0.0,0,0,,,,,False,"detector signal, not ground truth"
helm/helm,external_evaluation,causal_rolling_mad,two_of_three,composite,26,sensitivity,3.0,primary,4,sensitivity,46,30,16,0,0.0,0,0,,,,,True,"detector signal, not ground truth"
prometheus/prometheus,holdout,causal_rolling_mad,two_of_three,composite,26,sensitivity,3.0,primary,4,sensitivity,19,19,0,0,0.0,0,0,,,,,False,"detector signal, not ground truth"
prometheus/prometheus,purge,causal_rolling_mad,two_of_three,composite,26,sensitivity,3.0,primary,4,sensitivity,4,4,0,0,0.0,0,0,,,,,False,"detector signal, not ground truth"
prometheus/prometheus,train,causal_rolling_mad,two_of_three,composite,26,sensitivity,3.0,primary,4,sensitivity,36,7,29,0,0.0,0,0,,,,,False,"detector signal, not ground truth"
pytest-dev/pytest,external_evaluation,causal_rolling_mad,two_of_three,composite,26,sensitivity,3.0,primary,4,sensitivity,46,3,43,0,0.0,0,0,,,,,True,"detector signal, not ground truth"
tektoncd/pipeline,holdout,causal_rolling_mad,two_of_three,composite,26,sensitivity,3.0,primary,4,sensitivity,19,19,0,0,0.0,0,0,,,,,False,"detector signal, not ground truth"
tektoncd/pipeline,purge,causal_rolling_mad,two_of_three,composite,26,sensitivity,3.0,primary,4,sensitivity,4,4,0,0,0.0,0,0,,,,,False,"detector signal, not ground truth"
tektoncd/pipeline,train,causal_rolling_mad,two_of_three,composite,26,sensitivity,3.0,primary,4,sensitivity,36,7,29,0,0.0,0,0,,,,,False,"detector signal, not ground truth"
containerd/containerd,external_evaluation,causal_rolling_mad,latency_log,latency_log,26,sensitivity,3.5,sensitivity,1,sensitivity,46,33,13,0,0.0,0,0,,,,,True,"detector signal, not ground truth"
docker/cli,holdout,causal_rolling_mad,latency_log,latency_log,26,sensitivity,3.5,sensitivity,1,sensitivity,19,19,0,2,0.10526315789473684,2,2,1.0,1.0,4.975913566458932,5.022315833108454,False,"detector signal, not ground truth"
docker/cli,purge,causal_rolling_mad,latency_log,latency_log,26,sensitivity,3.5,sensitivity,1,sensitivity,4,4,0,0,0.0,0,0,,,,,False,"detector signal, not ground truth"
docker/cli,train,causal_rolling_mad,latency_log,latency_log,26,sensitivity,3.5,sensitivity,1,sensitivity,36,10,26,0,0.0,0,0,,,,,False,"detector signal, not ground truth"
helm/helm,external_evaluation,causal_rolling_mad,latency_log,latency_log,26,sensitivity,3.5,sensitivity,1,sensitivity,46,33,13,0,0.0,0,0,,,,,True,"detector signal, not ground truth"
prometheus/prometheus,holdout,causal_rolling_mad,latency_log,latency_log,26,sensitivity,3.5,sensitivity,1,sensitivity,19,19,0,0,0.0,0,0,,,,,False,"detector signal, not ground truth"
prometheus/prometheus,purge,causal_rolling_mad,latency_log,latency_log,26,sensitivity,3.5,sensitivity,1,sensitivity,4,4,0,0,0.0,0,0,,,,,False,"detector signal, not ground truth"
prometheus/prometheus,train,causal_rolling_mad,latency_log,latency_log,26,sensitivity,3.5,sensitivity,1,sensitivity,36,10,26,0,0.0,0,0,,,,,False,"detector signal, not ground truth"
pytest-dev/pytest,external_evaluation,causal_rolling_mad,latency_log,latency_log,26,sensitivity,3.5,sensitivity,1,sensitivity,46,33,13,5,0.15151515151515152,3,5,1.0,3.0,4.308491311138758,5.556241607237398,True,"detector signal, not ground truth"
tektoncd/pipeline,holdout,causal_rolling_mad,latency_log,latency_log,26,sensitivity,3.5,sensitivity,1,sensitivity,19,19,0,7,0.3684210526315789,3,7,1.0,5.0,7.716547393247793,35.66466158293501,False,"detector signal, not ground truth"
tektoncd/pipeline,purge,causal_rolling_mad,latency_log,latency_log,26,sensitivity,3.5,sensitivity,1,sensitivity,4,4,0,2,0.5,2,2,1.0,1.0,8.664913963964063,9.204908523488665,False,"detector signal, not ground truth"
tektoncd/pipeline,train,causal_rolling_mad,latency_log,latency_log,26,sensitivity,3.5,sensitivity,1,sensitivity,36,10,26,1,0.1,1,1,1.0,1.0,18.33436154968371,18.33436154968371,False,"detector signal, not ground truth"
containerd/containerd,external_evaluation,causal_rolling_mad,latency_log,latency_log,26,sensitivity,3.5,sensitivity,2,primary,46,32,14,0,0.0,0,0,,,,,True,"detector signal, not ground truth"
docker/cli,holdout,causal_rolling_mad,latency_log,latency_log,26,sensitivity,3.5,sensitivity,2,primary,19,19,0,0,0.0,0,0,,,,,False,"detector signal, not ground truth"
docker/cli,purge,causal_rolling_mad,latency_log,latency_log,26,sensitivity,3.5,sensitivity,2,primary,4,4,0,0,0.0,0,0,,,,,False,"detector signal, not ground truth"
docker/cli,train,causal_rolling_mad,latency_log,latency_log,26,sensitivity,3.5,sensitivity,2,primary,36,9,27,0,0.0,0,0,,,,,False,"detector signal, not ground truth"
helm/helm,external_evaluation,causal_rolling_mad,latency_log,latency_log,26,sensitivity,3.5,sensitivity,2,primary,46,32,14,0,0.0,0,0,,,,,True,"detector signal, not ground truth"
prometheus/prometheus,holdout,causal_rolling_mad,latency_log,latency_log,26,sensitivity,3.5,sensitivity,2,primary,19,19,0,0,0.0,0,0,,,,,False,"detector signal, not ground truth"
prometheus/prometheus,purge,causal_rolling_mad,latency_log,latency_log,26,sensitivity,3.5,sensitivity,2,primary,4,4,0,0,0.0,0,0,,,,,False,"detector signal, not ground truth"
prometheus/prometheus,train,causal_rolling_mad,latency_log,latency_log,26,sensitivity,3.5,sensitivity,2,primary,36,9,27,0,0.0,0,0,,,,,False,"detector signal, not ground truth"
pytest-dev/pytest,external_evaluation,causal_rolling_mad,latency_log,latency_log,26,sensitivity,3.5,sensitivity,2,primary,46,32,14,2,0.0625,1,2,2.0,2.0,4.0612117114554795,4.308491311138758,True,"detector signal, not ground truth"
tektoncd/pipeline,holdout,causal_rolling_mad,latency_log,latency_log,26,sensitivity,3.5,sensitivity,2,primary,19,19,0,4,0.21052631578947367,1,4,4.0,4.0,13.126715129484229,35.66466158293501,False,"detector signal, not ground truth"
tektoncd/pipeline,purge,causal_rolling_mad,latency_log,latency_log,26,sensitivity,3.5,sensitivity,2,primary,4,4,0,0,0.0,0,0,,,,,False,"detector signal, not ground truth"
tektoncd/pipeline,train,causal_rolling_mad,latency_log,latency_log,26,sensitivity,3.5,sensitivity,2,primary,36,9,27,0,0.0,0,0,,,,,False,"detector signal, not ground truth"
containerd/containerd,external_evaluation,causal_rolling_mad,latency_log,latency_log,26,sensitivity,3.5,sensitivity,3,sensitivity,46,31,15,0,0.0,0,0,,,,,True,"detector signal, not ground truth"
docker/cli,holdout,causal_rolling_mad,latency_log,latency_log,26,sensitivity,3.5,sensitivity,3,sensitivity,19,19,0,0,0.0,0,0,,,,,False,"detector signal, not ground truth"
docker/cli,purge,causal_rolling_mad,latency_log,latency_log,26,sensitivity,3.5,sensitivity,3,sensitivity,4,4,0,0,0.0,0,0,,,,,False,"detector signal, not ground truth"
docker/cli,train,causal_rolling_mad,latency_log,latency_log,26,sensitivity,3.5,sensitivity,3,sensitivity,36,8,28,0,0.0,0,0,,,,,False,"detector signal, not ground truth"
helm/helm,external_evaluation,causal_rolling_mad,latency_log,latency_log,26,sensitivity,3.5,sensitivity,3,sensitivity,46,31,15,0,0.0,0,0,,,,,True,"detector signal, not ground truth"
prometheus/prometheus,holdout,causal_rolling_mad,latency_log,latency_log,26,sensitivity,3.5,sensitivity,3,sensitivity,19,19,0,0,0.0,0,0,,,,,False,"detector signal, not ground truth"
prometheus/prometheus,purge,causal_rolling_mad,latency_log,latency_log,26,sensitivity,3.5,sensitivity,3,sensitivity,4,4,0,0,0.0,0,0,,,,,False,"detector signal, not ground truth"
prometheus/prometheus,train,causal_rolling_mad,latency_log,latency_log,26,sensitivity,3.5,sensitivity,3,sensitivity,36,8,28,0,0.0,0,0,,,,,False,"detector signal, not ground truth"
pytest-dev/pytest,external_evaluation,causal_rolling_mad,latency_log,latency_log,26,sensitivity,3.5,sensitivity,3,sensitivity,46,31,15,1,0.03225806451612903,1,1,1.0,1.0,4.308491311138758,4.308491311138758,True,"detector signal, not ground truth"
tektoncd/pipeline,holdout,causal_rolling_mad,latency_log,latency_log,26,sensitivity,3.5,sensitivity,3,sensitivity,19,19,0,3,0.15789473684210525,1,3,3.0,3.0,12.50370654162418,13.749723717344278,False,"detector signal, not ground truth"
tektoncd/pipeline,purge,causal_rolling_mad,latency_log,latency_log,26,sensitivity,3.5,sensitivity,3,sensitivity,4,4,0,0,0.0,0,0,,,,,False,"detector signal, not ground truth"
tektoncd/pipeline,train,causal_rolling_mad,latency_log,latency_log,26,sensitivity,3.5,sensitivity,3,sensitivity,36,8,28,0,0.0,0,0,,,,,False,"detector signal, not ground truth"
containerd/containerd,external_evaluation,causal_rolling_mad,latency_log,latency_log,26,sensitivity,3.5,sensitivity,4,sensitivity,46,30,16,0,0.0,0,0,,,,,True,"detector signal, not ground truth"
docker/cli,holdout,causal_rolling_mad,latency_log,latency_log,26,sensitivity,3.5,sensitivity,4,sensitivity,19,19,0,0,0.0,0,0,,,,,False,"detector signal, not ground truth"
docker/cli,purge,causal_rolling_mad,latency_log,latency_log,26,sensitivity,3.5,sensitivity,4,sensitivity,4,4,0,0,0.0,0,0,,,,,False,"detector signal, not ground truth"
docker/cli,train,causal_rolling_mad,latency_log,latency_log,26,sensitivity,3.5,sensitivity,4,sensitivity,36,7,29,0,0.0,0,0,,,,,False,"detector signal, not ground truth"
helm/helm,external_evaluation,causal_rolling_mad,latency_log,latency_log,26,sensitivity,3.5,sensitivity,4,sensitivity,46,30,16,0,0.0,0,0,,,,,True,"detector signal, not ground truth"
prometheus/prometheus,holdout,causal_rolling_mad,latency_log,latency_log,26,sensitivity,3.5,sensitivity,4,sensitivity,19,19,0,0,0.0,0,0,,,,,False,"detector signal, not ground truth"
prometheus/prometheus,purge,causal_rolling_mad,latency_log,latency_log,26,sensitivity,3.5,sensitivity,4,sensitivity,4,4,0,0,0.0,0,0,,,,,False,"detector signal, not ground truth"
prometheus/prometheus,train,causal_rolling_mad,latency_log,latency_log,26,sensitivity,3.5,sensitivity,4,sensitivity,36,7,29,0,0.0,0,0,,,,,False,"detector signal, not ground truth"
pytest-dev/pytest,external_evaluation,causal_rolling_mad,latency_log,latency_log,26,sensitivity,3.5,sensitivity,4,sensitivity,46,30,16,0,0.0,0,0,,,,,True,"detector signal, not ground truth"
tektoncd/pipeline,holdout,causal_rolling_mad,latency_log,latency_log,26,sensitivity,3.5,sensitivity,4,sensitivity,19,19,0,2,0.10526315789473684,1,2,2.0,2.0,13.126715129484229,13.749723717344278,False,"detector signal, not ground truth"
tektoncd/pipeline,purge,causal_rolling_mad,latency_log,latency_log,26,sensitivity,3.5,sensitivity,4,sensitivity,4,4,0,0,0.0,0,0,,,,,False,"detector signal, not ground truth"
tektoncd/pipeline,train,causal_rolling_mad,latency_log,latency_log,26,sensitivity,3.5,sensitivity,4,sensitivity,36,7,29,0,0.0,0,0,,,,,False,"detector signal, not ground truth"
containerd/containerd,external_evaluation,causal_rolling_mad,failure_rate,failure_rate,26,sensitivity,3.5,sensitivity,1,sensitivity,46,33,13,0,0.0,0,0,,,,,True,"detector signal, not ground truth"
docker/cli,holdout,causal_rolling_mad,failure_rate,failure_rate,26,sensitivity,3.5,sensitivity,1,sensitivity,19,19,0,1,0.05263157894736842,1,1,1.0,1.0,14.970509096418116,14.970509096418116,False,"detector signal, not ground truth"
docker/cli,purge,causal_rolling_mad,failure_rate,failure_rate,26,sensitivity,3.5,sensitivity,1,sensitivity,4,4,0,0,0.0,0,0,,,,,False,"detector signal, not ground truth"
docker/cli,train,causal_rolling_mad,failure_rate,failure_rate,26,sensitivity,3.5,sensitivity,1,sensitivity,36,10,26,0,0.0,0,0,,,,,False,"detector signal, not ground truth"
helm/helm,external_evaluation,causal_rolling_mad,failure_rate,failure_rate,26,sensitivity,3.5,sensitivity,1,sensitivity,46,33,13,3,0.09090909090909091,3,3,1.0,1.0,4.758475919479688,4.858825532090773,True,"detector signal, not ground truth"
prometheus/prometheus,holdout,causal_rolling_mad,failure_rate,failure_rate,26,sensitivity,3.5,sensitivity,1,sensitivity,19,19,0,0,0.0,0,0,,,,,False,"detector signal, not ground truth"
prometheus/prometheus,purge,causal_rolling_mad,failure_rate,failure_rate,26,sensitivity,3.5,sensitivity,1,sensitivity,4,4,0,0,0.0,0,0,,,,,False,"detector signal, not ground truth"
prometheus/prometheus,train,causal_rolling_mad,failure_rate,failure_rate,26,sensitivity,3.5,sensitivity,1,sensitivity,36,10,26,0,0.0,0,0,,,,,False,"detector signal, not ground truth"
pytest-dev/pytest,external_evaluation,causal_rolling_mad,failure_rate,failure_rate,26,sensitivity,3.5,sensitivity,1,sensitivity,46,33,13,1,0.030303030303030304,1,1,1.0,1.0,3.7489673671748154,3.7489673671748154,True,"detector signal, not ground truth"
tektoncd/pipeline,holdout,causal_rolling_mad,failure_rate,failure_rate,26,sensitivity,3.5,sensitivity,1,sensitivity,19,19,0,1,0.05263157894736842,1,1,1.0,1.0,3.9854646050158493,3.9854646050158493,False,"detector signal, not ground truth"
tektoncd/pipeline,purge,causal_rolling_mad,failure_rate,failure_rate,26,sensitivity,3.5,sensitivity,1,sensitivity,4,4,0,0,0.0,0,0,,,,,False,"detector signal, not ground truth"
tektoncd/pipeline,train,causal_rolling_mad,failure_rate,failure_rate,26,sensitivity,3.5,sensitivity,1,sensitivity,36,10,26,0,0.0,0,0,,,,,False,"detector signal, not ground truth"
containerd/containerd,external_evaluation,causal_rolling_mad,failure_rate,failure_rate,26,sensitivity,3.5,sensitivity,2,primary,46,32,14,0,0.0,0,0,,,,,True,"detector signal, not ground truth"
docker/cli,holdout,causal_rolling_mad,failure_rate,failure_rate,26,sensitivity,3.5,sensitivity,2,primary,19,19,0,0,0.0,0,0,,,,,False,"detector signal, not ground truth"
docker/cli,purge,causal_rolling_mad,failure_rate,failure_rate,26,sensitivity,3.5,sensitivity,2,primary,4,4,0,0,0.0,0,0,,,,,False,"detector signal, not ground truth"
docker/cli,train,causal_rolling_mad,failure_rate,failure_rate,26,sensitivity,3.5,sensitivity,2,primary,36,9,27,0,0.0,0,0,,,,,False,"detector signal, not ground truth"
helm/helm,external_evaluation,causal_rolling_mad,failure_rate,failure_rate,26,sensitivity,3.5,sensitivity,2,primary,46,32,14,0,0.0,0,0,,,,,True,"detector signal, not ground truth"
prometheus/prometheus,holdout,causal_rolling_mad,failure_rate,failure_rate,26,sensitivity,3.5,sensitivity,2,primary,19,19,0,0,0.0,0,0,,,,,False,"detector signal, not ground truth"
prometheus/prometheus,purge,causal_rolling_mad,failure_rate,failure_rate,26,sensitivity,3.5,sensitivity,2,primary,4,4,0,0,0.0,0,0,,,,,False,"detector signal, not ground truth"
prometheus/prometheus,train,causal_rolling_mad,failure_rate,failure_rate,26,sensitivity,3.5,sensitivity,2,primary,36,9,27,0,0.0,0,0,,,,,False,"detector signal, not ground truth"
pytest-dev/pytest,external_evaluation,causal_rolling_mad,failure_rate,failure_rate,26,sensitivity,3.5,sensitivity,2,primary,46,32,14,0,0.0,0,0,,,,,True,"detector signal, not ground truth"
tektoncd/pipeline,holdout,causal_rolling_mad,failure_rate,failure_rate,26,sensitivity,3.5,sensitivity,2,primary,19,19,0,0,0.0,0,0,,,,,False,"detector signal, not ground truth"
tektoncd/pipeline,purge,causal_rolling_mad,failure_rate,failure_rate,26,sensitivity,3.5,sensitivity,2,primary,4,4,0,0,0.0,0,0,,,,,False,"detector signal, not ground truth"
tektoncd/pipeline,train,causal_rolling_mad,failure_rate,failure_rate,26,sensitivity,3.5,sensitivity,2,primary,36,9,27,0,0.0,0,0,,,,,False,"detector signal, not ground truth"
containerd/containerd,external_evaluation,causal_rolling_mad,failure_rate,failure_rate,26,sensitivity,3.5,sensitivity,3,sensitivity,46,31,15,0,0.0,0,0,,,,,True,"detector signal, not ground truth"
docker/cli,holdout,causal_rolling_mad,failure_rate,failure_rate,26,sensitivity,3.5,sensitivity,3,sensitivity,19,19,0,0,0.0,0,0,,,,,False,"detector signal, not ground truth"
docker/cli,purge,causal_rolling_mad,failure_rate,failure_rate,26,sensitivity,3.5,sensitivity,3,sensitivity,4,4,0,0,0.0,0,0,,,,,False,"detector signal, not ground truth"
docker/cli,train,causal_rolling_mad,failure_rate,failure_rate,26,sensitivity,3.5,sensitivity,3,sensitivity,36,8,28,0,0.0,0,0,,,,,False,"detector signal, not ground truth"
helm/helm,external_evaluation,causal_rolling_mad,failure_rate,failure_rate,26,sensitivity,3.5,sensitivity,3,sensitivity,46,31,15,0,0.0,0,0,,,,,True,"detector signal, not ground truth"
prometheus/prometheus,holdout,causal_rolling_mad,failure_rate,failure_rate,26,sensitivity,3.5,sensitivity,3,sensitivity,19,19,0,0,0.0,0,0,,,,,False,"detector signal, not ground truth"
prometheus/prometheus,purge,causal_rolling_mad,failure_rate,failure_rate,26,sensitivity,3.5,sensitivity,3,sensitivity,4,4,0,0,0.0,0,0,,,,,False,"detector signal, not ground truth"
prometheus/prometheus,train,causal_rolling_mad,failure_rate,failure_rate,26,sensitivity,3.5,sensitivity,3,sensitivity,36,8,28,0,0.0,0,0,,,,,False,"detector signal, not ground truth"
pytest-dev/pytest,external_evaluation,causal_rolling_mad,failure_rate,failure_rate,26,sensitivity,3.5,sensitivity,3,sensitivity,46,31,15,0,0.0,0,0,,,,,True,"detector signal, not ground truth"
tektoncd/pipeline,holdout,causal_rolling_mad,failure_rate,failure_rate,26,sensitivity,3.5,sensitivity,3,sensitivity,19,19,0,0,0.0,0,0,,,,,False,"detector signal, not ground truth"
tektoncd/pipeline,purge,causal_rolling_mad,failure_rate,failure_rate,26,sensitivity,3.5,sensitivity,3,sensitivity,4,4,0,0,0.0,0,0,,,,,False,"detector signal, not ground truth"
tektoncd/pipeline,train,causal_rolling_mad,failure_rate,failure_rate,26,sensitivity,3.5,sensitivity,3,sensitivity,36,8,28,0,0.0,0,0,,,,,False,"detector signal, not ground truth"
containerd/containerd,external_evaluation,causal_rolling_mad,failure_rate,failure_rate,26,sensitivity,3.5,sensitivity,4,sensitivity,46,30,16,0,0.0,0,0,,,,,True,"detector signal, not ground truth"
docker/cli,holdout,causal_rolling_mad,failure_rate,failure_rate,26,sensitivity,3.5,sensitivity,4,sensitivity,19,19,0,0,0.0,0,0,,,,,False,"detector signal, not ground truth"
docker/cli,purge,causal_rolling_mad,failure_rate,failure_rate,26,sensitivity,3.5,sensitivity,4,sensitivity,4,4,0,0,0.0,0,0,,,,,False,"detector signal, not ground truth"
docker/cli,train,causal_rolling_mad,failure_rate,failure_rate,26,sensitivity,3.5,sensitivity,4,sensitivity,36,7,29,0,0.0,0,0,,,,,False,"detector signal, not ground truth"
helm/helm,external_evaluation,causal_rolling_mad,failure_rate,failure_rate,26,sensitivity,3.5,sensitivity,4,sensitivity,46,30,16,0,0.0,0,0,,,,,True,"detector signal, not ground truth"
prometheus/prometheus,holdout,causal_rolling_mad,failure_rate,failure_rate,26,sensitivity,3.5,sensitivity,4,sensitivity,19,19,0,0,0.0,0,0,,,,,False,"detector signal, not ground truth"
prometheus/prometheus,purge,causal_rolling_mad,failure_rate,failure_rate,26,sensitivity,3.5,sensitivity,4,sensitivity,4,4,0,0,0.0,0,0,,,,,False,"detector signal, not ground truth"
prometheus/prometheus,train,causal_rolling_mad,failure_rate,failure_rate,26,sensitivity,3.5,sensitivity,4,sensitivity,36,7,29,0,0.0,0,0,,,,,False,"detector signal, not ground truth"
pytest-dev/pytest,external_evaluation,causal_rolling_mad,failure_rate,failure_rate,26,sensitivity,3.5,sensitivity,4,sensitivity,46,30,16,0,0.0,0,0,,,,,True,"detector signal, not ground truth"
tektoncd/pipeline,holdout,causal_rolling_mad,failure_rate,failure_rate,26,sensitivity,3.5,sensitivity,4,sensitivity,19,19,0,0,0.0,0,0,,,,,False,"detector signal, not ground truth"
tektoncd/pipeline,purge,causal_rolling_mad,failure_rate,failure_rate,26,sensitivity,3.5,sensitivity,4,sensitivity,4,4,0,0,0.0,0,0,,,,,False,"detector signal, not ground truth"
tektoncd/pipeline,train,causal_rolling_mad,failure_rate,failure_rate,26,sensitivity,3.5,sensitivity,4,sensitivity,36,7,29,0,0.0,0,0,,,,,False,"detector signal, not ground truth"
containerd/containerd,external_evaluation,causal_rolling_mad,rerun_rate,rerun_rate,26,sensitivity,3.5,sensitivity,1,sensitivity,46,33,13,0,0.0,0,0,,,,,True,"detector signal, not ground truth"
docker/cli,holdout,causal_rolling_mad,rerun_rate,rerun_rate,26,sensitivity,3.5,sensitivity,1,sensitivity,19,19,0,2,0.10526315789473684,2,2,1.0,1.0,4.254355127930854,4.516927580827325,False,"detector signal, not ground truth"
docker/cli,purge,causal_rolling_mad,rerun_rate,rerun_rate,26,sensitivity,3.5,sensitivity,1,sensitivity,4,4,0,2,0.5,1,2,2.0,2.0,10.229250531870296,13.348207686335384,False,"detector signal, not ground truth"
docker/cli,train,causal_rolling_mad,rerun_rate,rerun_rate,26,sensitivity,3.5,sensitivity,1,sensitivity,36,10,26,3,0.3,2,3,1.5,2.0,10.862493614868455,46.64363500397766,False,"detector signal, not ground truth"
helm/helm,external_evaluation,causal_rolling_mad,rerun_rate,rerun_rate,26,sensitivity,3.5,sensitivity,1,sensitivity,46,33,13,0,0.0,0,0,,,,,True,"detector signal, not ground truth"
prometheus/prometheus,holdout,causal_rolling_mad,rerun_rate,rerun_rate,26,sensitivity,3.5,sensitivity,1,sensitivity,19,19,0,0,0.0,0,0,,,,,False,"detector signal, not ground truth"
prometheus/prometheus,purge,causal_rolling_mad,rerun_rate,rerun_rate,26,sensitivity,3.5,sensitivity,1,sensitivity,4,4,0,0,0.0,0,0,,,,,False,"detector signal, not ground truth"
prometheus/prometheus,train,causal_rolling_mad,rerun_rate,rerun_rate,26,sensitivity,3.5,sensitivity,1,sensitivity,36,10,26,0,0.0,0,0,,,,,False,"detector signal, not ground truth"
pytest-dev/pytest,external_evaluation,causal_rolling_mad,rerun_rate,rerun_rate,26,sensitivity,3.5,sensitivity,1,sensitivity,46,6,40,0,0.0,0,0,,,,,True,"detector signal, not ground truth"
tektoncd/pipeline,holdout,causal_rolling_mad,rerun_rate,rerun_rate,26,sensitivity,3.5,sensitivity,1,sensitivity,19,19,0,0,0.0,0,0,,,,,False,"detector signal, not ground truth"
tektoncd/pipeline,purge,causal_rolling_mad,rerun_rate,rerun_rate,26,sensitivity,3.5,sensitivity,1,sensitivity,4,4,0,0,0.0,0,0,,,,,False,"detector signal, not ground truth"
tektoncd/pipeline,train,causal_rolling_mad,rerun_rate,rerun_rate,26,sensitivity,3.5,sensitivity,1,sensitivity,36,10,26,0,0.0,0,0,,,,,False,"detector signal, not ground truth"
containerd/containerd,external_evaluation,causal_rolling_mad,rerun_rate,rerun_rate,26,sensitivity,3.5,sensitivity,2,primary,46,32,14,0,0.0,0,0,,,,,True,"detector signal, not ground truth"
docker/cli,holdout,causal_rolling_mad,rerun_rate,rerun_rate,26,sensitivity,3.5,sensitivity,2,primary,19,19,0,0,0.0,0,0,,,,,False,"detector signal, not ground truth"
docker/cli,purge,causal_rolling_mad,rerun_rate,rerun_rate,26,sensitivity,3.5,sensitivity,2,primary,4,4,0,1,0.25,1,1,1.0,1.0,13.348207686335384,13.348207686335384,False,"detector signal, not ground truth"
docker/cli,train,causal_rolling_mad,rerun_rate,rerun_rate,26,sensitivity,3.5,sensitivity,2,primary,36,9,27,1,0.1111111111111111,1,1,1.0,1.0,10.862493614868455,10.862493614868455,False,"detector signal, not ground truth"
helm/helm,external_evaluation,causal_rolling_mad,rerun_rate,rerun_rate,26,sensitivity,3.5,sensitivity,2,primary,46,32,14,0,0.0,0,0,,,,,True,"detector signal, not ground truth"
prometheus/prometheus,holdout,causal_rolling_mad,rerun_rate,rerun_rate,26,sensitivity,3.5,sensitivity,2,primary,19,19,0,0,0.0,0,0,,,,,False,"detector signal, not ground truth"
prometheus/prometheus,purge,causal_rolling_mad,rerun_rate,rerun_rate,26,sensitivity,3.5,sensitivity,2,primary,4,4,0,0,0.0,0,0,,,,,False,"detector signal, not ground truth"
prometheus/prometheus,train,causal_rolling_mad,rerun_rate,rerun_rate,26,sensitivity,3.5,sensitivity,2,primary,36,9,27,0,0.0,0,0,,,,,False,"detector signal, not ground truth"
pytest-dev/pytest,external_evaluation,causal_rolling_mad,rerun_rate,rerun_rate,26,sensitivity,3.5,sensitivity,2,primary,46,5,41,0,0.0,0,0,,,,,True,"detector signal, not ground truth"
tektoncd/pipeline,holdout,causal_rolling_mad,rerun_rate,rerun_rate,26,sensitivity,3.5,sensitivity,2,primary,19,19,0,0,0.0,0,0,,,,,False,"detector signal, not ground truth"
tektoncd/pipeline,purge,causal_rolling_mad,rerun_rate,rerun_rate,26,sensitivity,3.5,sensitivity,2,primary,4,4,0,0,0.0,0,0,,,,,False,"detector signal, not ground truth"
tektoncd/pipeline,train,causal_rolling_mad,rerun_rate,rerun_rate,26,sensitivity,3.5,sensitivity,2,primary,36,9,27,0,0.0,0,0,,,,,False,"detector signal, not ground truth"
containerd/containerd,external_evaluation,causal_rolling_mad,rerun_rate,rerun_rate,26,sensitivity,3.5,sensitivity,3,sensitivity,46,31,15,0,0.0,0,0,,,,,True,"detector signal, not ground truth"
docker/cli,holdout,causal_rolling_mad,rerun_rate,rerun_rate,26,sensitivity,3.5,sensitivity,3,sensitivity,19,19,0,0,0.0,0,0,,,,,False,"detector signal, not ground truth"
docker/cli,purge,causal_rolling_mad,rerun_rate,rerun_rate,26,sensitivity,3.5,sensitivity,3,sensitivity,4,4,0,0,0.0,0,0,,,,,False,"detector signal, not ground truth"
docker/cli,train,causal_rolling_mad,rerun_rate,rerun_rate,26,sensitivity,3.5,sensitivity,3,sensitivity,36,8,28,0,0.0,0,0,,,,,False,"detector signal, not ground truth"
helm/helm,external_evaluation,causal_rolling_mad,rerun_rate,rerun_rate,26,sensitivity,3.5,sensitivity,3,sensitivity,46,31,15,0,0.0,0,0,,,,,True,"detector signal, not ground truth"
prometheus/prometheus,holdout,causal_rolling_mad,rerun_rate,rerun_rate,26,sensitivity,3.5,sensitivity,3,sensitivity,19,19,0,0,0.0,0,0,,,,,False,"detector signal, not ground truth"
prometheus/prometheus,purge,causal_rolling_mad,rerun_rate,rerun_rate,26,sensitivity,3.5,sensitivity,3,sensitivity,4,4,0,0,0.0,0,0,,,,,False,"detector signal, not ground truth"
prometheus/prometheus,train,causal_rolling_mad,rerun_rate,rerun_rate,26,sensitivity,3.5,sensitivity,3,sensitivity,36,8,28,0,0.0,0,0,,,,,False,"detector signal, not ground truth"
pytest-dev/pytest,external_evaluation,causal_rolling_mad,rerun_rate,rerun_rate,26,sensitivity,3.5,sensitivity,3,sensitivity,46,4,42,0,0.0,0,0,,,,,True,"detector signal, not ground truth"
tektoncd/pipeline,holdout,causal_rolling_mad,rerun_rate,rerun_rate,26,sensitivity,3.5,sensitivity,3,sensitivity,19,19,0,0,0.0,0,0,,,,,False,"detector signal, not ground truth"
tektoncd/pipeline,purge,causal_rolling_mad,rerun_rate,rerun_rate,26,sensitivity,3.5,sensitivity,3,sensitivity,4,4,0,0,0.0,0,0,,,,,False,"detector signal, not ground truth"
tektoncd/pipeline,train,causal_rolling_mad,rerun_rate,rerun_rate,26,sensitivity,3.5,sensitivity,3,sensitivity,36,8,28,0,0.0,0,0,,,,,False,"detector signal, not ground truth"
containerd/containerd,external_evaluation,causal_rolling_mad,rerun_rate,rerun_rate,26,sensitivity,3.5,sensitivity,4,sensitivity,46,30,16,0,0.0,0,0,,,,,True,"detector signal, not ground truth"
docker/cli,holdout,causal_rolling_mad,rerun_rate,rerun_rate,26,sensitivity,3.5,sensitivity,4,sensitivity,19,19,0,0,0.0,0,0,,,,,False,"detector signal, not ground truth"
docker/cli,purge,causal_rolling_mad,rerun_rate,rerun_rate,26,sensitivity,3.5,sensitivity,4,sensitivity,4,4,0,0,0.0,0,0,,,,,False,"detector signal, not ground truth"
docker/cli,train,causal_rolling_mad,rerun_rate,rerun_rate,26,sensitivity,3.5,sensitivity,4,sensitivity,36,7,29,0,0.0,0,0,,,,,False,"detector signal, not ground truth"
helm/helm,external_evaluation,causal_rolling_mad,rerun_rate,rerun_rate,26,sensitivity,3.5,sensitivity,4,sensitivity,46,30,16,0,0.0,0,0,,,,,True,"detector signal, not ground truth"
prometheus/prometheus,holdout,causal_rolling_mad,rerun_rate,rerun_rate,26,sensitivity,3.5,sensitivity,4,sensitivity,19,19,0,0,0.0,0,0,,,,,False,"detector signal, not ground truth"
prometheus/prometheus,purge,causal_rolling_mad,rerun_rate,rerun_rate,26,sensitivity,3.5,sensitivity,4,sensitivity,4,4,0,0,0.0,0,0,,,,,False,"detector signal, not ground truth"
prometheus/prometheus,train,causal_rolling_mad,rerun_rate,rerun_rate,26,sensitivity,3.5,sensitivity,4,sensitivity,36,7,29,0,0.0,0,0,,,,,False,"detector signal, not ground truth"
pytest-dev/pytest,external_evaluation,causal_rolling_mad,rerun_rate,rerun_rate,26,sensitivity,3.5,sensitivity,4,sensitivity,46,3,43,0,0.0,0,0,,,,,True,"detector signal, not ground truth"
tektoncd/pipeline,holdout,causal_rolling_mad,rerun_rate,rerun_rate,26,sensitivity,3.5,sensitivity,4,sensitivity,19,19,0,0,0.0,0,0,,,,,False,"detector signal, not ground truth"
tektoncd/pipeline,purge,causal_rolling_mad,rerun_rate,rerun_rate,26,sensitivity,3.5,sensitivity,4,sensitivity,4,4,0,0,0.0,0,0,,,,,False,"detector signal, not ground truth"
tektoncd/pipeline,train,causal_rolling_mad,rerun_rate,rerun_rate,26,sensitivity,3.5,sensitivity,4,sensitivity,36,7,29,0,0.0,0,0,,,,,False,"detector signal, not ground truth"
containerd/containerd,external_evaluation,causal_rolling_mad,union,composite,26,sensitivity,3.5,sensitivity,1,sensitivity,46,33,13,0,0.0,0,0,,,,,True,"detector signal, not ground truth"
docker/cli,holdout,causal_rolling_mad,union,composite,26,sensitivity,3.5,sensitivity,1,sensitivity,19,19,0,4,0.21052631578947367,4,4,1.0,1.0,4.7696217069678895,14.970509096418116,False,"detector signal, not ground truth"
docker/cli,purge,causal_rolling_mad,union,composite,26,sensitivity,3.5,sensitivity,1,sensitivity,4,4,0,2,0.5,1,2,2.0,2.0,10.229250531870296,13.348207686335384,False,"detector signal, not ground truth"
docker/cli,train,causal_rolling_mad,union,composite,26,sensitivity,3.5,sensitivity,1,sensitivity,36,10,26,3,0.3,2,3,1.5,2.0,10.862493614868455,46.64363500397766,False,"detector signal, not ground truth"
helm/helm,external_evaluation,causal_rolling_mad,union,composite,26,sensitivity,3.5,sensitivity,1,sensitivity,46,33,13,3,0.09090909090909091,3,3,1.0,1.0,4.758475919479688,4.858825532090773,True,"detector signal, not ground truth"
prometheus/prometheus,holdout,causal_rolling_mad,union,composite,26,sensitivity,3.5,sensitivity,1,sensitivity,19,19,0,0,0.0,0,0,,,,,False,"detector signal, not ground truth"
prometheus/prometheus,purge,causal_rolling_mad,union,composite,26,sensitivity,3.5,sensitivity,1,sensitivity,4,4,0,0,0.0,0,0,,,,,False,"detector signal, not ground truth"
prometheus/prometheus,train,causal_rolling_mad,union,composite,26,sensitivity,3.5,sensitivity,1,sensitivity,36,10,26,0,0.0,0,0,,,,,False,"detector signal, not ground truth"
pytest-dev/pytest,external_evaluation,causal_rolling_mad,union,composite,26,sensitivity,3.5,sensitivity,1,sensitivity,46,6,40,4,0.6666666666666666,2,4,2.0,3.0,4.0612117114554795,4.452073904598273,True,"detector signal, not ground truth"
tektoncd/pipeline,holdout,causal_rolling_mad,union,composite,26,sensitivity,3.5,sensitivity,1,sensitivity,19,19,0,7,0.3684210526315789,3,7,1.0,5.0,7.716547393247793,35.66466158293501,False,"detector signal, not ground truth"
tektoncd/pipeline,purge,causal_rolling_mad,union,composite,26,sensitivity,3.5,sensitivity,1,sensitivity,4,4,0,2,0.5,2,2,1.0,1.0,8.664913963964063,9.204908523488665,False,"detector signal, not ground truth"
tektoncd/pipeline,train,causal_rolling_mad,union,composite,26,sensitivity,3.5,sensitivity,1,sensitivity,36,10,26,1,0.1,1,1,1.0,1.0,18.33436154968371,18.33436154968371,False,"detector signal, not ground truth"
containerd/containerd,external_evaluation,causal_rolling_mad,union,composite,26,sensitivity,3.5,sensitivity,2,primary,46,32,14,0,0.0,0,0,,,,,True,"detector signal, not ground truth"
docker/cli,holdout,causal_rolling_mad,union,composite,26,sensitivity,3.5,sensitivity,2,primary,19,19,0,0,0.0,0,0,,,,,False,"detector signal, not ground truth"
docker/cli,purge,causal_rolling_mad,union,composite,26,sensitivity,3.5,sensitivity,2,primary,4,4,0,1,0.25,1,1,1.0,1.0,13.348207686335384,13.348207686335384,False,"detector signal, not ground truth"
docker/cli,train,causal_rolling_mad,union,composite,26,sensitivity,3.5,sensitivity,2,primary,36,9,27,1,0.1111111111111111,1,1,1.0,1.0,10.862493614868455,10.862493614868455,False,"detector signal, not ground truth"
helm/helm,external_evaluation,causal_rolling_mad,union,composite,26,sensitivity,3.5,sensitivity,2,primary,46,32,14,0,0.0,0,0,,,,,True,"detector signal, not ground truth"
prometheus/prometheus,holdout,causal_rolling_mad,union,composite,26,sensitivity,3.5,sensitivity,2,primary,19,19,0,0,0.0,0,0,,,,,False,"detector signal, not ground truth"
prometheus/prometheus,purge,causal_rolling_mad,union,composite,26,sensitivity,3.5,sensitivity,2,primary,4,4,0,0,0.0,0,0,,,,,False,"detector signal, not ground truth"
prometheus/prometheus,train,causal_rolling_mad,union,composite,26,sensitivity,3.5,sensitivity,2,primary,36,9,27,0,0.0,0,0,,,,,False,"detector signal, not ground truth"
pytest-dev/pytest,external_evaluation,causal_rolling_mad,union,composite,26,sensitivity,3.5,sensitivity,2,primary,46,5,41,2,0.4,1,2,2.0,2.0,4.0612117114554795,4.308491311138758,True,"detector signal, not ground truth"
tektoncd/pipeline,holdout,causal_rolling_mad,union,composite,26,sensitivity,3.5,sensitivity,2,primary,19,19,0,4,0.21052631578947367,1,4,4.0,4.0,13.126715129484229,35.66466158293501,False,"detector signal, not ground truth"
tektoncd/pipeline,purge,causal_rolling_mad,union,composite,26,sensitivity,3.5,sensitivity,2,primary,4,4,0,0,0.0,0,0,,,,,False,"detector signal, not ground truth"
tektoncd/pipeline,train,causal_rolling_mad,union,composite,26,sensitivity,3.5,sensitivity,2,primary,36,9,27,0,0.0,0,0,,,,,False,"detector signal, not ground truth"
containerd/containerd,external_evaluation,causal_rolling_mad,union,composite,26,sensitivity,3.5,sensitivity,3,sensitivity,46,31,15,0,0.0,0,0,,,,,True,"detector signal, not ground truth"
docker/cli,holdout,causal_rolling_mad,union,composite,26,sensitivity,3.5,sensitivity,3,sensitivity,19,19,0,0,0.0,0,0,,,,,False,"detector signal, not ground truth"
docker/cli,purge,causal_rolling_mad,union,composite,26,sensitivity,3.5,sensitivity,3,sensitivity,4,4,0,0,0.0,0,0,,,,,False,"detector signal, not ground truth"
docker/cli,train,causal_rolling_mad,union,composite,26,sensitivity,3.5,sensitivity,3,sensitivity,36,8,28,0,0.0,0,0,,,,,False,"detector signal, not ground truth"
helm/helm,external_evaluation,causal_rolling_mad,union,composite,26,sensitivity,3.5,sensitivity,3,sensitivity,46,31,15,0,0.0,0,0,,,,,True,"detector signal, not ground truth"
prometheus/prometheus,holdout,causal_rolling_mad,union,composite,26,sensitivity,3.5,sensitivity,3,sensitivity,19,19,0,0,0.0,0,0,,,,,False,"detector signal, not ground truth"
prometheus/prometheus,purge,causal_rolling_mad,union,composite,26,sensitivity,3.5,sensitivity,3,sensitivity,4,4,0,0,0.0,0,0,,,,,False,"detector signal, not ground truth"
prometheus/prometheus,train,causal_rolling_mad,union,composite,26,sensitivity,3.5,sensitivity,3,sensitivity,36,8,28,0,0.0,0,0,,,,,False,"detector signal, not ground truth"
pytest-dev/pytest,external_evaluation,causal_rolling_mad,union,composite,26,sensitivity,3.5,sensitivity,3,sensitivity,46,4,42,1,0.25,1,1,1.0,1.0,4.308491311138758,4.308491311138758,True,"detector signal, not ground truth"
tektoncd/pipeline,holdout,causal_rolling_mad,union,composite,26,sensitivity,3.5,sensitivity,3,sensitivity,19,19,0,3,0.15789473684210525,1,3,3.0,3.0,12.50370654162418,13.749723717344278,False,"detector signal, not ground truth"
tektoncd/pipeline,purge,causal_rolling_mad,union,composite,26,sensitivity,3.5,sensitivity,3,sensitivity,4,4,0,0,0.0,0,0,,,,,False,"detector signal, not ground truth"
tektoncd/pipeline,train,causal_rolling_mad,union,composite,26,sensitivity,3.5,sensitivity,3,sensitivity,36,8,28,0,0.0,0,0,,,,,False,"detector signal, not ground truth"
containerd/containerd,external_evaluation,causal_rolling_mad,union,composite,26,sensitivity,3.5,sensitivity,4,sensitivity,46,30,16,0,0.0,0,0,,,,,True,"detector signal, not ground truth"
docker/cli,holdout,causal_rolling_mad,union,composite,26,sensitivity,3.5,sensitivity,4,sensitivity,19,19,0,0,0.0,0,0,,,,,False,"detector signal, not ground truth"
docker/cli,purge,causal_rolling_mad,union,composite,26,sensitivity,3.5,sensitivity,4,sensitivity,4,4,0,0,0.0,0,0,,,,,False,"detector signal, not ground truth"
docker/cli,train,causal_rolling_mad,union,composite,26,sensitivity,3.5,sensitivity,4,sensitivity,36,7,29,0,0.0,0,0,,,,,False,"detector signal, not ground truth"
helm/helm,external_evaluation,causal_rolling_mad,union,composite,26,sensitivity,3.5,sensitivity,4,sensitivity,46,30,16,0,0.0,0,0,,,,,True,"detector signal, not ground truth"
prometheus/prometheus,holdout,causal_rolling_mad,union,composite,26,sensitivity,3.5,sensitivity,4,sensitivity,19,19,0,0,0.0,0,0,,,,,False,"detector signal, not ground truth"
prometheus/prometheus,purge,causal_rolling_mad,union,composite,26,sensitivity,3.5,sensitivity,4,sensitivity,4,4,0,0,0.0,0,0,,,,,False,"detector signal, not ground truth"
prometheus/prometheus,train,causal_rolling_mad,union,composite,26,sensitivity,3.5,sensitivity,4,sensitivity,36,7,29,0,0.0,0,0,,,,,False,"detector signal, not ground truth"
pytest-dev/pytest,external_evaluation,causal_rolling_mad,union,composite,26,sensitivity,3.5,sensitivity,4,sensitivity,46,3,43,0,0.0,0,0,,,,,True,"detector signal, not ground truth"
tektoncd/pipeline,holdout,causal_rolling_mad,union,composite,26,sensitivity,3.5,sensitivity,4,sensitivity,19,19,0,2,0.10526315789473684,1,2,2.0,2.0,13.126715129484229,13.749723717344278,False,"detector signal, not ground truth"
tektoncd/pipeline,purge,causal_rolling_mad,union,composite,26,sensitivity,3.5,sensitivity,4,sensitivity,4,4,0,0,0.0,0,0,,,,,False,"detector signal, not ground truth"
tektoncd/pipeline,train,causal_rolling_mad,union,composite,26,sensitivity,3.5,sensitivity,4,sensitivity,36,7,29,0,0.0,0,0,,,,,False,"detector signal, not ground truth"
containerd/containerd,external_evaluation,causal_rolling_mad,two_of_three,composite,26,sensitivity,3.5,sensitivity,1,sensitivity,46,33,13,0,0.0,0,0,,,,,True,"detector signal, not ground truth"
docker/cli,holdout,causal_rolling_mad,two_of_three,composite,26,sensitivity,3.5,sensitivity,1,sensitivity,19,19,0,1,0.05263157894736842,1,1,1.0,1.0,14.970509096418116,14.970509096418116,False,"detector signal, not ground truth"
docker/cli,purge,causal_rolling_mad,two_of_three,composite,26,sensitivity,3.5,sensitivity,1,sensitivity,4,4,0,0,0.0,0,0,,,,,False,"detector signal, not ground truth"
docker/cli,train,causal_rolling_mad,two_of_three,composite,26,sensitivity,3.5,sensitivity,1,sensitivity,36,10,26,0,0.0,0,0,,,,,False,"detector signal, not ground truth"
helm/helm,external_evaluation,causal_rolling_mad,two_of_three,composite,26,sensitivity,3.5,sensitivity,1,sensitivity,46,33,13,0,0.0,0,0,,,,,True,"detector signal, not ground truth"
prometheus/prometheus,holdout,causal_rolling_mad,two_of_three,composite,26,sensitivity,3.5,sensitivity,1,sensitivity,19,19,0,0,0.0,0,0,,,,,False,"detector signal, not ground truth"
prometheus/prometheus,purge,causal_rolling_mad,two_of_three,composite,26,sensitivity,3.5,sensitivity,1,sensitivity,4,4,0,0,0.0,0,0,,,,,False,"detector signal, not ground truth"
prometheus/prometheus,train,causal_rolling_mad,two_of_three,composite,26,sensitivity,3.5,sensitivity,1,sensitivity,36,10,26,0,0.0,0,0,,,,,False,"detector signal, not ground truth"
pytest-dev/pytest,external_evaluation,causal_rolling_mad,two_of_three,composite,26,sensitivity,3.5,sensitivity,1,sensitivity,46,6,40,0,0.0,0,0,,,,,True,"detector signal, not ground truth"
tektoncd/pipeline,holdout,causal_rolling_mad,two_of_three,composite,26,sensitivity,3.5,sensitivity,1,sensitivity,19,19,0,1,0.05263157894736842,1,1,1.0,1.0,7.007559690344135,7.007559690344135,False,"detector signal, not ground truth"
tektoncd/pipeline,purge,causal_rolling_mad,two_of_three,composite,26,sensitivity,3.5,sensitivity,1,sensitivity,4,4,0,0,0.0,0,0,,,,,False,"detector signal, not ground truth"
tektoncd/pipeline,train,causal_rolling_mad,two_of_three,composite,26,sensitivity,3.5,sensitivity,1,sensitivity,36,10,26,0,0.0,0,0,,,,,False,"detector signal, not ground truth"
containerd/containerd,external_evaluation,causal_rolling_mad,two_of_three,composite,26,sensitivity,3.5,sensitivity,2,primary,46,32,14,0,0.0,0,0,,,,,True,"detector signal, not ground truth"
docker/cli,holdout,causal_rolling_mad,two_of_three,composite,26,sensitivity,3.5,sensitivity,2,primary,19,19,0,0,0.0,0,0,,,,,False,"detector signal, not ground truth"
docker/cli,purge,causal_rolling_mad,two_of_three,composite,26,sensitivity,3.5,sensitivity,2,primary,4,4,0,0,0.0,0,0,,,,,False,"detector signal, not ground truth"
docker/cli,train,causal_rolling_mad,two_of_three,composite,26,sensitivity,3.5,sensitivity,2,primary,36,9,27,0,0.0,0,0,,,,,False,"detector signal, not ground truth"
helm/helm,external_evaluation,causal_rolling_mad,two_of_three,composite,26,sensitivity,3.5,sensitivity,2,primary,46,32,14,0,0.0,0,0,,,,,True,"detector signal, not ground truth"
prometheus/prometheus,holdout,causal_rolling_mad,two_of_three,composite,26,sensitivity,3.5,sensitivity,2,primary,19,19,0,0,0.0,0,0,,,,,False,"detector signal, not ground truth"
prometheus/prometheus,purge,causal_rolling_mad,two_of_three,composite,26,sensitivity,3.5,sensitivity,2,primary,4,4,0,0,0.0,0,0,,,,,False,"detector signal, not ground truth"
prometheus/prometheus,train,causal_rolling_mad,two_of_three,composite,26,sensitivity,3.5,sensitivity,2,primary,36,9,27,0,0.0,0,0,,,,,False,"detector signal, not ground truth"
pytest-dev/pytest,external_evaluation,causal_rolling_mad,two_of_three,composite,26,sensitivity,3.5,sensitivity,2,primary,46,5,41,0,0.0,0,0,,,,,True,"detector signal, not ground truth"
tektoncd/pipeline,holdout,causal_rolling_mad,two_of_three,composite,26,sensitivity,3.5,sensitivity,2,primary,19,19,0,0,0.0,0,0,,,,,False,"detector signal, not ground truth"
tektoncd/pipeline,purge,causal_rolling_mad,two_of_three,composite,26,sensitivity,3.5,sensitivity,2,primary,4,4,0,0,0.0,0,0,,,,,False,"detector signal, not ground truth"
tektoncd/pipeline,train,causal_rolling_mad,two_of_three,composite,26,sensitivity,3.5,sensitivity,2,primary,36,9,27,0,0.0,0,0,,,,,False,"detector signal, not ground truth"
containerd/containerd,external_evaluation,causal_rolling_mad,two_of_three,composite,26,sensitivity,3.5,sensitivity,3,sensitivity,46,31,15,0,0.0,0,0,,,,,True,"detector signal, not ground truth"
docker/cli,holdout,causal_rolling_mad,two_of_three,composite,26,sensitivity,3.5,sensitivity,3,sensitivity,19,19,0,0,0.0,0,0,,,,,False,"detector signal, not ground truth"
docker/cli,purge,causal_rolling_mad,two_of_three,composite,26,sensitivity,3.5,sensitivity,3,sensitivity,4,4,0,0,0.0,0,0,,,,,False,"detector signal, not ground truth"
docker/cli,train,causal_rolling_mad,two_of_three,composite,26,sensitivity,3.5,sensitivity,3,sensitivity,36,8,28,0,0.0,0,0,,,,,False,"detector signal, not ground truth"
helm/helm,external_evaluation,causal_rolling_mad,two_of_three,composite,26,sensitivity,3.5,sensitivity,3,sensitivity,46,31,15,0,0.0,0,0,,,,,True,"detector signal, not ground truth"
prometheus/prometheus,holdout,causal_rolling_mad,two_of_three,composite,26,sensitivity,3.5,sensitivity,3,sensitivity,19,19,0,0,0.0,0,0,,,,,False,"detector signal, not ground truth"
prometheus/prometheus,purge,causal_rolling_mad,two_of_three,composite,26,sensitivity,3.5,sensitivity,3,sensitivity,4,4,0,0,0.0,0,0,,,,,False,"detector signal, not ground truth"
prometheus/prometheus,train,causal_rolling_mad,two_of_three,composite,26,sensitivity,3.5,sensitivity,3,sensitivity,36,8,28,0,0.0,0,0,,,,,False,"detector signal, not ground truth"
pytest-dev/pytest,external_evaluation,causal_rolling_mad,two_of_three,composite,26,sensitivity,3.5,sensitivity,3,sensitivity,46,4,42,0,0.0,0,0,,,,,True,"detector signal, not ground truth"
tektoncd/pipeline,holdout,causal_rolling_mad,two_of_three,composite,26,sensitivity,3.5,sensitivity,3,sensitivity,19,19,0,0,0.0,0,0,,,,,False,"detector signal, not ground truth"
tektoncd/pipeline,purge,causal_rolling_mad,two_of_three,composite,26,sensitivity,3.5,sensitivity,3,sensitivity,4,4,0,0,0.0,0,0,,,,,False,"detector signal, not ground truth"
tektoncd/pipeline,train,causal_rolling_mad,two_of_three,composite,26,sensitivity,3.5,sensitivity,3,sensitivity,36,8,28,0,0.0,0,0,,,,,False,"detector signal, not ground truth"
containerd/containerd,external_evaluation,causal_rolling_mad,two_of_three,composite,26,sensitivity,3.5,sensitivity,4,sensitivity,46,30,16,0,0.0,0,0,,,,,True,"detector signal, not ground truth"
docker/cli,holdout,causal_rolling_mad,two_of_three,composite,26,sensitivity,3.5,sensitivity,4,sensitivity,19,19,0,0,0.0,0,0,,,,,False,"detector signal, not ground truth"
docker/cli,purge,causal_rolling_mad,two_of_three,composite,26,sensitivity,3.5,sensitivity,4,sensitivity,4,4,0,0,0.0,0,0,,,,,False,"detector signal, not ground truth"
docker/cli,train,causal_rolling_mad,two_of_three,composite,26,sensitivity,3.5,sensitivity,4,sensitivity,36,7,29,0,0.0,0,0,,,,,False,"detector signal, not ground truth"
helm/helm,external_evaluation,causal_rolling_mad,two_of_three,composite,26,sensitivity,3.5,sensitivity,4,sensitivity,46,30,16,0,0.0,0,0,,,,,True,"detector signal, not ground truth"
prometheus/prometheus,holdout,causal_rolling_mad,two_of_three,composite,26,sensitivity,3.5,sensitivity,4,sensitivity,19,19,0,0,0.0,0,0,,,,,False,"detector signal, not ground truth"
prometheus/prometheus,purge,causal_rolling_mad,two_of_three,composite,26,sensitivity,3.5,sensitivity,4,sensitivity,4,4,0,0,0.0,0,0,,,,,False,"detector signal, not ground truth"
prometheus/prometheus,train,causal_rolling_mad,two_of_three,composite,26,sensitivity,3.5,sensitivity,4,sensitivity,36,7,29,0,0.0,0,0,,,,,False,"detector signal, not ground truth"
pytest-dev/pytest,external_evaluation,causal_rolling_mad,two_of_three,composite,26,sensitivity,3.5,sensitivity,4,sensitivity,46,3,43,0,0.0,0,0,,,,,True,"detector signal, not ground truth"
tektoncd/pipeline,holdout,causal_rolling_mad,two_of_three,composite,26,sensitivity,3.5,sensitivity,4,sensitivity,19,19,0,0,0.0,0,0,,,,,False,"detector signal, not ground truth"
tektoncd/pipeline,purge,causal_rolling_mad,two_of_three,composite,26,sensitivity,3.5,sensitivity,4,sensitivity,4,4,0,0,0.0,0,0,,,,,False,"detector signal, not ground truth"
tektoncd/pipeline,train,causal_rolling_mad,two_of_three,composite,26,sensitivity,3.5,sensitivity,4,sensitivity,36,7,29,0,0.0,0,0,,,,,False,"detector signal, not ground truth"
