evidence_domain,repo_full,week,evaluation_population,source_split,detector_family,detector_variant,metric,specification_role,window_weeks,threshold_scaled_mad,persistence_weeks,evaluable,alarm,magnitude,magnitude_definition,raw_mewma_stat,frozen_control_limit,attempts_total,outcome_n,failure_count,latency_n,logical_run_n,rerun_count,low_outcome_support,low_latency_support,missing_core_metric_count,workflow_count,workflow_concentration_hhi,external_calibration,external_evaluation_eligible,causal_history_policy
observed_research,containerd/containerd,2025-09-22,external_evaluation,external,causal_rolling_mad,latency_log,latency_log,primary,13.0,3.0,2.0,False,,0.6595987905311316,frozen component scaled-MAD score,,,379,377,93,377,359,15,False,False,0,6.0,0.2111444504006516,False,True,frozen external sequence; 13 calibration weeks retained for causal initialization only
observed_research,containerd/containerd,2025-09-22,external_evaluation,external,causal_rolling_mad,failure_rate,failure_rate,primary,13.0,3.0,2.0,False,,-0.0693880736862078,frozen component scaled-MAD score,,,379,377,93,377,359,15,False,False,0,6.0,0.2111444504006516,False,True,frozen external sequence; 13 calibration weeks retained for causal initialization only
observed_research,containerd/containerd,2025-09-22,external_evaluation,external,causal_rolling_mad,rerun_rate,rerun_rate,primary,13.0,3.0,2.0,False,,0.1657184817459326,frozen component scaled-MAD score,,,379,377,93,377,359,15,False,False,0,6.0,0.2111444504006516,False,True,frozen external sequence; 13 calibration weeks retained for causal initialization only
observed_research,containerd/containerd,2025-09-22,external_evaluation,external,causal_rolling_mad,union,composite,primary,13.0,3.0,2.0,False,,0.6595987905311316,maximum of three frozen component scaled-MAD scores,,,379,377,93,377,359,15,False,False,0,6.0,0.2111444504006516,False,True,frozen external sequence; 13 calibration weeks retained for causal initialization only
observed_research,containerd/containerd,2025-09-22,external_evaluation,external,causal_rolling_mad,two_of_three,composite,primary,13.0,3.0,2.0,False,,0.1657184817459326,second-highest of three frozen component scaled-MAD scores,,,379,377,93,377,359,15,False,False,0,6.0,0.2111444504006516,False,True,frozen external sequence; 13 calibration weeks retained for causal initialization only
observed_research,containerd/containerd,2025-09-22,external_evaluation,external,mewma,mewma,composite,primary,,,,True,False,0.024479608711765168,raw mewma_stat divided by frozen control limit,0.1750300539727427,7.150034791553729,379,377,93,377,359,15,False,False,0,6.0,0.2111444504006516,False,True,frozen external sequence; 13 calibration weeks retained for causal initialization only
observed_research,containerd/containerd,2025-09-29,external_evaluation,external,causal_rolling_mad,latency_log,latency_log,primary,13.0,3.0,2.0,True,False,0.5104653188056655,frozen component scaled-MAD score,,,177,177,55,177,162,11,False,False,0,4.0,0.2827731494781194,False,True,frozen external sequence; 13 calibration weeks retained for causal initialization only
observed_research,containerd/containerd,2025-09-29,external_evaluation,external,causal_rolling_mad,failure_rate,failure_rate,primary,13.0,3.0,2.0,True,False,1.4941114471075565,frozen component scaled-MAD score,,,177,177,55,177,162,11,False,False,0,4.0,0.2827731494781194,False,True,frozen external sequence; 13 calibration weeks retained for causal initialization only
observed_research,containerd/containerd,2025-09-29,external_evaluation,external,causal_rolling_mad,rerun_rate,rerun_rate,primary,13.0,3.0,2.0,True,False,1.857642233780276,frozen component scaled-MAD score,,,177,177,55,177,162,11,False,False,0,4.0,0.2827731494781194,False,True,frozen external sequence; 13 calibration weeks retained for causal initialization only
observed_research,containerd/containerd,2025-09-29,external_evaluation,external,causal_rolling_mad,union,composite,primary,13.0,3.0,2.0,True,False,1.857642233780276,maximum of three frozen component scaled-MAD scores,,,177,177,55,177,162,11,False,False,0,4.0,0.2827731494781194,False,True,frozen external sequence; 13 calibration weeks retained for causal initialization only
observed_research,containerd/containerd,2025-09-29,external_evaluation,external,causal_rolling_mad,two_of_three,composite,primary,13.0,3.0,2.0,True,False,1.4941114471075565,second-highest of three frozen component scaled-MAD scores,,,177,177,55,177,162,11,False,False,0,4.0,0.2827731494781194,False,True,frozen external sequence; 13 calibration weeks retained for causal initialization only
observed_research,containerd/containerd,2025-09-29,external_evaluation,external,mewma,mewma,composite,primary,,,,True,False,0.05528708282148973,raw mewma_stat divided by frozen control limit,0.3953045656971641,7.150034791553729,177,177,55,177,162,11,False,False,0,4.0,0.2827731494781194,False,True,frozen external sequence; 13 calibration weeks retained for causal initialization only
observed_research,containerd/containerd,2025-10-06,external_evaluation,external,causal_rolling_mad,latency_log,latency_log,primary,13.0,3.0,2.0,True,False,1.0436830299873925,frozen component scaled-MAD score,,,278,274,79,274,256,21,False,False,0,6.0,0.2601055845970705,False,True,frozen external sequence; 13 calibration weeks retained for causal initialization only
observed_research,containerd/containerd,2025-10-06,external_evaluation,external,causal_rolling_mad,failure_rate,failure_rate,primary,13.0,3.0,2.0,True,False,0.971271446191107,frozen component scaled-MAD score,,,278,274,79,274,256,21,False,False,0,6.0,0.2601055845970705,False,True,frozen external sequence; 13 calibration weeks retained for causal initialization only
observed_research,containerd/containerd,2025-10-06,external_evaluation,external,causal_rolling_mad,rerun_rate,rerun_rate,primary,13.0,3.0,2.0,True,False,2.458495398474154,frozen component scaled-MAD score,,,278,274,79,274,256,21,False,False,0,6.0,0.2601055845970705,False,True,frozen external sequence; 13 calibration weeks retained for causal initialization only
observed_research,containerd/containerd,2025-10-06,external_evaluation,external,causal_rolling_mad,union,composite,primary,13.0,3.0,2.0,True,False,2.458495398474154,maximum of three frozen component scaled-MAD scores,,,278,274,79,274,256,21,False,False,0,6.0,0.2601055845970705,False,True,frozen external sequence; 13 calibration weeks retained for causal initialization only
observed_research,containerd/containerd,2025-10-06,external_evaluation,external,causal_rolling_mad,two_of_three,composite,primary,13.0,3.0,2.0,True,False,1.0436830299873925,second-highest of three frozen component scaled-MAD scores,,,278,274,79,274,256,21,False,False,0,6.0,0.2601055845970705,False,True,frozen external sequence; 13 calibration weeks retained for causal initialization only
observed_research,containerd/containerd,2025-10-06,external_evaluation,external,mewma,mewma,composite,primary,,,,True,False,0.20126154159266582,raw mewma_stat divided by frozen control limit,1.4390270245892984,7.150034791553729,278,274,79,274,256,21,False,False,0,6.0,0.2601055845970705,False,True,frozen external sequence; 13 calibration weeks retained for causal initialization only
observed_research,containerd/containerd,2025-10-13,external_evaluation,external,causal_rolling_mad,latency_log,latency_log,primary,13.0,3.0,2.0,True,False,0.6522143647268812,frozen component scaled-MAD score,,,289,288,88,288,263,20,False,False,0,5.0,0.2621975311598281,False,True,frozen external sequence; 13 calibration weeks retained for causal initialization only
observed_research,containerd/containerd,2025-10-13,external_evaluation,external,causal_rolling_mad,failure_rate,failure_rate,primary,13.0,3.0,2.0,True,False,0.9778331645322093,frozen component scaled-MAD score,,,289,288,88,288,263,20,False,False,0,5.0,0.2621975311598281,False,True,frozen external sequence; 13 calibration weeks retained for causal initialization only
observed_research,containerd/containerd,2025-10-13,external_evaluation,external,causal_rolling_mad,rerun_rate,rerun_rate,primary,13.0,3.0,2.0,True,False,1.566174661588248,frozen component scaled-MAD score,,,289,288,88,288,263,20,False,False,0,5.0,0.2621975311598281,False,True,frozen external sequence; 13 calibration weeks retained for causal initialization only
observed_research,containerd/containerd,2025-10-13,external_evaluation,external,causal_rolling_mad,union,composite,primary,13.0,3.0,2.0,True,False,1.566174661588248,maximum of three frozen component scaled-MAD scores,,,289,288,88,288,263,20,False,False,0,5.0,0.2621975311598281,False,True,frozen external sequence; 13 calibration weeks retained for causal initialization only
observed_research,containerd/containerd,2025-10-13,external_evaluation,external,causal_rolling_mad,two_of_three,composite,primary,13.0,3.0,2.0,True,False,0.9778331645322093,second-highest of three frozen component scaled-MAD scores,,,289,288,88,288,263,20,False,False,0,5.0,0.2621975311598281,False,True,frozen external sequence; 13 calibration weeks retained for causal initialization only
observed_research,containerd/containerd,2025-10-13,external_evaluation,external,mewma,mewma,composite,primary,,,,True,False,0.37574242584548945,raw mewma_stat divided by frozen control limit,2.6865714174580466,7.150034791553729,289,288,88,288,263,20,False,False,0,5.0,0.2621975311598281,False,True,frozen external sequence; 13 calibration weeks retained for causal initialization only
observed_research,containerd/containerd,2025-10-20,external_evaluation,external,causal_rolling_mad,latency_log,latency_log,primary,13.0,3.0,2.0,True,False,0.8363816789410842,frozen component scaled-MAD score,,,393,393,124,393,368,21,False,False,0,4.0,0.2636404249946584,False,True,frozen external sequence; 13 calibration weeks retained for causal initialization only
observed_research,containerd/containerd,2025-10-20,external_evaluation,external,causal_rolling_mad,failure_rate,failure_rate,primary,13.0,3.0,2.0,True,False,1.0880381282408589,frozen component scaled-MAD score,,,393,393,124,393,368,21,False,False,0,4.0,0.2636404249946584,False,True,frozen external sequence; 13 calibration weeks retained for causal initialization only
observed_research,containerd/containerd,2025-10-20,external_evaluation,external,causal_rolling_mad,rerun_rate,rerun_rate,primary,13.0,3.0,2.0,True,False,0.6985703638695103,frozen component scaled-MAD score,,,393,393,124,393,368,21,False,False,0,4.0,0.2636404249946584,False,True,frozen external sequence; 13 calibration weeks retained for causal initialization only
observed_research,containerd/containerd,2025-10-20,external_evaluation,external,causal_rolling_mad,union,composite,primary,13.0,3.0,2.0,True,False,1.0880381282408589,maximum of three frozen component scaled-MAD scores,,,393,393,124,393,368,21,False,False,0,4.0,0.2636404249946584,False,True,frozen external sequence; 13 calibration weeks retained for causal initialization only
observed_research,containerd/containerd,2025-10-20,external_evaluation,external,causal_rolling_mad,two_of_three,composite,primary,13.0,3.0,2.0,True,False,0.8363816789410842,second-highest of three frozen component scaled-MAD scores,,,393,393,124,393,368,21,False,False,0,4.0,0.2636404249946584,False,True,frozen external sequence; 13 calibration weeks retained for causal initialization only
observed_research,containerd/containerd,2025-10-20,external_evaluation,external,mewma,mewma,composite,primary,,,,True,False,0.4254240312437566,raw mewma_stat divided by frozen control limit,3.0417966245559005,7.150034791553729,393,393,124,393,368,21,False,False,0,4.0,0.2636404249946584,False,True,frozen external sequence; 13 calibration weeks retained for causal initialization only
observed_research,containerd/containerd,2025-10-27,external_evaluation,external,causal_rolling_mad,latency_log,latency_log,primary,13.0,3.0,2.0,True,False,0.8355628252756817,frozen component scaled-MAD score,,,408,388,105,387,361,35,False,False,0,5.0,0.2603445790080738,False,True,frozen external sequence; 13 calibration weeks retained for causal initialization only
observed_research,containerd/containerd,2025-10-27,external_evaluation,external,causal_rolling_mad,failure_rate,failure_rate,primary,13.0,3.0,2.0,True,False,0.2548950706050343,frozen component scaled-MAD score,,,408,388,105,387,361,35,False,False,0,5.0,0.2603445790080738,False,True,frozen external sequence; 13 calibration weeks retained for causal initialization only
observed_research,containerd/containerd,2025-10-27,external_evaluation,external,causal_rolling_mad,rerun_rate,rerun_rate,primary,13.0,3.0,2.0,True,False,2.521857233584901,frozen component scaled-MAD score,,,408,388,105,387,361,35,False,False,0,5.0,0.2603445790080738,False,True,frozen external sequence; 13 calibration weeks retained for causal initialization only
observed_research,containerd/containerd,2025-10-27,external_evaluation,external,causal_rolling_mad,union,composite,primary,13.0,3.0,2.0,True,False,2.521857233584901,maximum of three frozen component scaled-MAD scores,,,408,388,105,387,361,35,False,False,0,5.0,0.2603445790080738,False,True,frozen external sequence; 13 calibration weeks retained for causal initialization only
observed_research,containerd/containerd,2025-10-27,external_evaluation,external,causal_rolling_mad,two_of_three,composite,primary,13.0,3.0,2.0,True,False,0.8355628252756817,second-highest of three frozen component scaled-MAD scores,,,408,388,105,387,361,35,False,False,0,5.0,0.2603445790080738,False,True,frozen external sequence; 13 calibration weeks retained for causal initialization only
observed_research,containerd/containerd,2025-10-27,external_evaluation,external,mewma,mewma,composite,primary,,,,True,False,0.7690045759538222,raw mewma_stat divided by frozen control limit,5.498409472933851,7.150034791553729,408,388,105,387,361,35,False,False,0,5.0,0.2603445790080738,False,True,frozen external sequence; 13 calibration weeks retained for causal initialization only
observed_research,containerd/containerd,2025-11-03,external_evaluation,external,causal_rolling_mad,latency_log,latency_log,primary,13.0,3.0,2.0,True,False,1.0205371654422786,frozen component scaled-MAD score,,,490,480,123,480,462,23,False,False,0,6.0,0.2361516034985422,False,True,frozen external sequence; 13 calibration weeks retained for causal initialization only
observed_research,containerd/containerd,2025-11-03,external_evaluation,external,causal_rolling_mad,failure_rate,failure_rate,primary,13.0,3.0,2.0,True,False,-0.013531117871821,frozen component scaled-MAD score,,,490,480,123,480,462,23,False,False,0,6.0,0.2361516034985422,False,True,frozen external sequence; 13 calibration weeks retained for causal initialization only
observed_research,containerd/containerd,2025-11-03,external_evaluation,external,causal_rolling_mad,rerun_rate,rerun_rate,primary,13.0,3.0,2.0,True,False,0.3163229648882452,frozen component scaled-MAD score,,,490,480,123,480,462,23,False,False,0,6.0,0.2361516034985422,False,True,frozen external sequence; 13 calibration weeks retained for causal initialization only
observed_research,containerd/containerd,2025-11-03,external_evaluation,external,causal_rolling_mad,union,composite,primary,13.0,3.0,2.0,True,False,1.0205371654422786,maximum of three frozen component scaled-MAD scores,,,490,480,123,480,462,23,False,False,0,6.0,0.2361516034985422,False,True,frozen external sequence; 13 calibration weeks retained for causal initialization only
observed_research,containerd/containerd,2025-11-03,external_evaluation,external,causal_rolling_mad,two_of_three,composite,primary,13.0,3.0,2.0,True,False,0.3163229648882452,second-highest of three frozen component scaled-MAD scores,,,490,480,123,480,462,23,False,False,0,6.0,0.2361516034985422,False,True,frozen external sequence; 13 calibration weeks retained for causal initialization only
observed_research,containerd/containerd,2025-11-03,external_evaluation,external,mewma,mewma,composite,primary,,,,True,False,0.6237886709616092,raw mewma_stat divided by frozen control limit,4.460110699952567,7.150034791553729,490,480,123,480,462,23,False,False,0,6.0,0.2361516034985422,False,True,frozen external sequence; 13 calibration weeks retained for causal initialization only
observed_research,containerd/containerd,2025-11-10,external_evaluation,external,causal_rolling_mad,latency_log,latency_log,primary,13.0,3.0,2.0,True,False,-1.0773083442954663,frozen component scaled-MAD score,,,258,252,55,252,255,3,False,False,0,5.0,0.230575085631873,False,True,frozen external sequence; 13 calibration weeks retained for causal initialization only
observed_research,containerd/containerd,2025-11-10,external_evaluation,external,causal_rolling_mad,failure_rate,failure_rate,primary,13.0,3.0,2.0,True,False,-0.9905397716780012,frozen component scaled-MAD score,,,258,252,55,252,255,3,False,False,0,5.0,0.230575085631873,False,True,frozen external sequence; 13 calibration weeks retained for causal initialization only
observed_research,containerd/containerd,2025-11-10,external_evaluation,external,causal_rolling_mad,rerun_rate,rerun_rate,primary,13.0,3.0,2.0,True,False,-1.436810248631371,frozen component scaled-MAD score,,,258,252,55,252,255,3,False,False,0,5.0,0.230575085631873,False,True,frozen external sequence; 13 calibration weeks retained for causal initialization only
observed_research,containerd/containerd,2025-11-10,external_evaluation,external,causal_rolling_mad,union,composite,primary,13.0,3.0,2.0,True,False,-0.9905397716780012,maximum of three frozen component scaled-MAD scores,,,258,252,55,252,255,3,False,False,0,5.0,0.230575085631873,False,True,frozen external sequence; 13 calibration weeks retained for causal initialization only
observed_research,containerd/containerd,2025-11-10,external_evaluation,external,causal_rolling_mad,two_of_three,composite,primary,13.0,3.0,2.0,True,False,-1.0773083442954663,second-highest of three frozen component scaled-MAD scores,,,258,252,55,252,255,3,False,False,0,5.0,0.230575085631873,False,True,frozen external sequence; 13 calibration weeks retained for causal initialization only
observed_research,containerd/containerd,2025-11-10,external_evaluation,external,mewma,mewma,composite,primary,,,,True,False,0.24521507483872554,raw mewma_stat divided by frozen control limit,1.753296316510339,7.150034791553729,258,252,55,252,255,3,False,False,0,5.0,0.230575085631873,False,True,frozen external sequence; 13 calibration weeks retained for causal initialization only
observed_research,containerd/containerd,2025-11-17,external_evaluation,external,causal_rolling_mad,latency_log,latency_log,primary,13.0,3.0,2.0,True,False,-1.1604856487673625,frozen component scaled-MAD score,,,472,463,110,463,454,16,False,False,0,7.0,0.2470105573111174,False,True,frozen external sequence; 13 calibration weeks retained for causal initialization only
observed_research,containerd/containerd,2025-11-17,external_evaluation,external,causal_rolling_mad,failure_rate,failure_rate,primary,13.0,3.0,2.0,True,False,-0.4949200413620592,frozen component scaled-MAD score,,,472,463,110,463,454,16,False,False,0,7.0,0.2470105573111174,False,True,frozen external sequence; 13 calibration weeks retained for causal initialization only
observed_research,containerd/containerd,2025-11-17,external_evaluation,external,causal_rolling_mad,rerun_rate,rerun_rate,primary,13.0,3.0,2.0,True,False,-0.2845585550490316,frozen component scaled-MAD score,,,472,463,110,463,454,16,False,False,0,7.0,0.2470105573111174,False,True,frozen external sequence; 13 calibration weeks retained for causal initialization only
observed_research,containerd/containerd,2025-11-17,external_evaluation,external,causal_rolling_mad,union,composite,primary,13.0,3.0,2.0,True,False,-0.2845585550490316,maximum of three frozen component scaled-MAD scores,,,472,463,110,463,454,16,False,False,0,7.0,0.2470105573111174,False,True,frozen external sequence; 13 calibration weeks retained for causal initialization only
observed_research,containerd/containerd,2025-11-17,external_evaluation,external,causal_rolling_mad,two_of_three,composite,primary,13.0,3.0,2.0,True,False,-0.4949200413620592,second-highest of three frozen component scaled-MAD scores,,,472,463,110,463,454,16,False,False,0,7.0,0.2470105573111174,False,True,frozen external sequence; 13 calibration weeks retained for causal initialization only
observed_research,containerd/containerd,2025-11-17,external_evaluation,external,mewma,mewma,composite,primary,,,,True,False,0.16253663338945973,raw mewma_stat divided by frozen control limit,1.1621425836366506,7.150034791553729,472,463,110,463,454,16,False,False,0,7.0,0.2470105573111174,False,True,frozen external sequence; 13 calibration weeks retained for causal initialization only
observed_research,containerd/containerd,2025-11-24,external_evaluation,external,causal_rolling_mad,latency_log,latency_log,primary,13.0,3.0,2.0,True,False,-2.184302474999304,frozen component scaled-MAD score,,,544,541,178,541,517,20,False,False,0,7.0,0.2669496107266436,False,True,frozen external sequence; 13 calibration weeks retained for causal initialization only
observed_research,containerd/containerd,2025-11-24,external_evaluation,external,causal_rolling_mad,failure_rate,failure_rate,primary,13.0,3.0,2.0,True,False,2.6291124295086243,frozen component scaled-MAD score,,,544,541,178,541,517,20,False,False,0,7.0,0.2669496107266436,False,True,frozen external sequence; 13 calibration weeks retained for causal initialization only
observed_research,containerd/containerd,2025-11-24,external_evaluation,external,causal_rolling_mad,rerun_rate,rerun_rate,primary,13.0,3.0,2.0,True,False,-0.1637774120006699,frozen component scaled-MAD score,,,544,541,178,541,517,20,False,False,0,7.0,0.2669496107266436,False,True,frozen external sequence; 13 calibration weeks retained for causal initialization only
observed_research,containerd/containerd,2025-11-24,external_evaluation,external,causal_rolling_mad,union,composite,primary,13.0,3.0,2.0,True,False,2.6291124295086243,maximum of three frozen component scaled-MAD scores,,,544,541,178,541,517,20,False,False,0,7.0,0.2669496107266436,False,True,frozen external sequence; 13 calibration weeks retained for causal initialization only
observed_research,containerd/containerd,2025-11-24,external_evaluation,external,causal_rolling_mad,two_of_three,composite,primary,13.0,3.0,2.0,True,False,-0.1637774120006699,second-highest of three frozen component scaled-MAD scores,,,544,541,178,541,517,20,False,False,0,7.0,0.2669496107266436,False,True,frozen external sequence; 13 calibration weeks retained for causal initialization only
observed_research,containerd/containerd,2025-11-24,external_evaluation,external,mewma,mewma,composite,primary,,,,True,False,0.14535686570982864,raw mewma_stat divided by frozen control limit,1.039306647016478,7.150034791553729,544,541,178,541,517,20,False,False,0,7.0,0.2669496107266436,False,True,frozen external sequence; 13 calibration weeks retained for causal initialization only
observed_research,containerd/containerd,2025-12-01,external_evaluation,external,causal_rolling_mad,latency_log,latency_log,primary,13.0,3.0,2.0,True,False,-0.0723606312403239,frozen component scaled-MAD score,,,479,477,176,477,448,25,False,False,0,5.0,0.2527490727463705,False,True,frozen external sequence; 13 calibration weeks retained for causal initialization only
observed_research,containerd/containerd,2025-12-01,external_evaluation,external,causal_rolling_mad,failure_rate,failure_rate,primary,13.0,3.0,2.0,True,False,3.917411576684152,frozen component scaled-MAD score,,,479,477,176,477,448,25,False,False,0,5.0,0.2527490727463705,False,True,frozen external sequence; 13 calibration weeks retained for causal initialization only
observed_research,containerd/containerd,2025-12-01,external_evaluation,external,causal_rolling_mad,rerun_rate,rerun_rate,primary,13.0,3.0,2.0,True,False,0.6124334154223142,frozen component scaled-MAD score,,,479,477,176,477,448,25,False,False,0,5.0,0.2527490727463705,False,True,frozen external sequence; 13 calibration weeks retained for causal initialization only
observed_research,containerd/containerd,2025-12-01,external_evaluation,external,causal_rolling_mad,union,composite,primary,13.0,3.0,2.0,True,False,3.917411576684152,maximum of three frozen component scaled-MAD scores,,,479,477,176,477,448,25,False,False,0,5.0,0.2527490727463705,False,True,frozen external sequence; 13 calibration weeks retained for causal initialization only
observed_research,containerd/containerd,2025-12-01,external_evaluation,external,causal_rolling_mad,two_of_three,composite,primary,13.0,3.0,2.0,True,False,0.6124334154223142,second-highest of three frozen component scaled-MAD scores,,,479,477,176,477,448,25,False,False,0,5.0,0.2527490727463705,False,True,frozen external sequence; 13 calibration weeks retained for causal initialization only
observed_research,containerd/containerd,2025-12-01,external_evaluation,external,mewma,mewma,composite,primary,,,,True,False,0.2601830549851057,raw mewma_stat divided by frozen control limit,1.8603178953162425,7.150034791553729,479,477,176,477,448,25,False,False,0,5.0,0.2527490727463705,False,True,frozen external sequence; 13 calibration weeks retained for causal initialization only
observed_research,containerd/containerd,2025-12-08,external_evaluation,external,causal_rolling_mad,latency_log,latency_log,primary,13.0,3.0,2.0,True,False,-4.112567553989594,frozen component scaled-MAD score,,,506,496,98,496,471,30,False,False,0,7.0,0.2567998250246059,False,True,frozen external sequence; 13 calibration weeks retained for causal initialization only
observed_research,containerd/containerd,2025-12-08,external_evaluation,external,causal_rolling_mad,failure_rate,failure_rate,primary,13.0,3.0,2.0,True,False,-1.491132870661669,frozen component scaled-MAD score,,,506,496,98,496,471,30,False,False,0,7.0,0.2567998250246059,False,True,frozen external sequence; 13 calibration weeks retained for causal initialization only
observed_research,containerd/containerd,2025-12-08,external_evaluation,external,causal_rolling_mad,rerun_rate,rerun_rate,primary,13.0,3.0,2.0,True,False,0.670954832540032,frozen component scaled-MAD score,,,506,496,98,496,471,30,False,False,0,7.0,0.2567998250246059,False,True,frozen external sequence; 13 calibration weeks retained for causal initialization only
observed_research,containerd/containerd,2025-12-08,external_evaluation,external,causal_rolling_mad,union,composite,primary,13.0,3.0,2.0,True,False,0.670954832540032,maximum of three frozen component scaled-MAD scores,,,506,496,98,496,471,30,False,False,0,7.0,0.2567998250246059,False,True,frozen external sequence; 13 calibration weeks retained for causal initialization only
observed_research,containerd/containerd,2025-12-08,external_evaluation,external,causal_rolling_mad,two_of_three,composite,primary,13.0,3.0,2.0,True,False,-1.491132870661669,second-highest of three frozen component scaled-MAD scores,,,506,496,98,496,471,30,False,False,0,7.0,0.2567998250246059,False,True,frozen external sequence; 13 calibration weeks retained for causal initialization only
observed_research,containerd/containerd,2025-12-08,external_evaluation,external,mewma,mewma,composite,primary,,,,True,False,0.2226780884594068,raw mewma_stat divided by frozen control limit,1.5921560798014374,7.150034791553729,506,496,98,496,471,30,False,False,0,7.0,0.2567998250246059,False,True,frozen external sequence; 13 calibration weeks retained for causal initialization only
observed_research,containerd/containerd,2025-12-15,external_evaluation,external,causal_rolling_mad,latency_log,latency_log,primary,13.0,3.0,2.0,True,False,-3.772482758071241,frozen component scaled-MAD score,,,529,525,104,522,503,24,False,False,0,5.0,0.2552342222905149,False,True,frozen external sequence; 13 calibration weeks retained for causal initialization only
observed_research,containerd/containerd,2025-12-15,external_evaluation,external,causal_rolling_mad,failure_rate,failure_rate,primary,13.0,3.0,2.0,True,False,-1.400129085210453,frozen component scaled-MAD score,,,529,525,104,522,503,24,False,False,0,5.0,0.2552342222905149,False,True,frozen external sequence; 13 calibration weeks retained for causal initialization only
observed_research,containerd/containerd,2025-12-15,external_evaluation,external,causal_rolling_mad,rerun_rate,rerun_rate,primary,13.0,3.0,2.0,True,False,-0.389172899608801,frozen component scaled-MAD score,,,529,525,104,522,503,24,False,False,0,5.0,0.2552342222905149,False,True,frozen external sequence; 13 calibration weeks retained for causal initialization only
observed_research,containerd/containerd,2025-12-15,external_evaluation,external,causal_rolling_mad,union,composite,primary,13.0,3.0,2.0,True,False,-0.389172899608801,maximum of three frozen component scaled-MAD scores,,,529,525,104,522,503,24,False,False,0,5.0,0.2552342222905149,False,True,frozen external sequence; 13 calibration weeks retained for causal initialization only
observed_research,containerd/containerd,2025-12-15,external_evaluation,external,causal_rolling_mad,two_of_three,composite,primary,13.0,3.0,2.0,True,False,-1.400129085210453,second-highest of three frozen component scaled-MAD scores,,,529,525,104,522,503,24,False,False,0,5.0,0.2552342222905149,False,True,frozen external sequence; 13 calibration weeks retained for causal initialization only
observed_research,containerd/containerd,2025-12-15,external_evaluation,external,mewma,mewma,composite,primary,,,,True,False,0.1592769563416945,raw mewma_stat divided by frozen control limit,1.1388357793359,7.150034791553729,529,525,104,522,503,24,False,False,0,5.0,0.2552342222905149,False,True,frozen external sequence; 13 calibration weeks retained for causal initialization only
observed_research,containerd/containerd,2025-12-22,external_evaluation,external,causal_rolling_mad,latency_log,latency_log,primary,13.0,3.0,2.0,True,False,-2.3618581976125927,frozen component scaled-MAD score,,,170,169,28,169,157,10,False,False,0,4.0,0.2611072664359861,False,True,frozen external sequence; 13 calibration weeks retained for causal initialization only
observed_research,containerd/containerd,2025-12-22,external_evaluation,external,causal_rolling_mad,failure_rate,failure_rate,primary,13.0,3.0,2.0,True,False,-1.7643816023038168,frozen component scaled-MAD score,,,170,169,28,169,157,10,False,False,0,4.0,0.2611072664359861,False,True,frozen external sequence; 13 calibration weeks retained for causal initialization only
observed_research,containerd/containerd,2025-12-22,external_evaluation,external,causal_rolling_mad,rerun_rate,rerun_rate,primary,13.0,3.0,2.0,True,False,0.3795921628424127,frozen component scaled-MAD score,,,170,169,28,169,157,10,False,False,0,4.0,0.2611072664359861,False,True,frozen external sequence; 13 calibration weeks retained for causal initialization only
observed_research,containerd/containerd,2025-12-22,external_evaluation,external,causal_rolling_mad,union,composite,primary,13.0,3.0,2.0,True,False,0.3795921628424127,maximum of three frozen component scaled-MAD scores,,,170,169,28,169,157,10,False,False,0,4.0,0.2611072664359861,False,True,frozen external sequence; 13 calibration weeks retained for causal initialization only
observed_research,containerd/containerd,2025-12-22,external_evaluation,external,causal_rolling_mad,two_of_three,composite,primary,13.0,3.0,2.0,True,False,-1.7643816023038168,second-highest of three frozen component scaled-MAD scores,,,170,169,28,169,157,10,False,False,0,4.0,0.2611072664359861,False,True,frozen external sequence; 13 calibration weeks retained for causal initialization only
observed_research,containerd/containerd,2025-12-22,external_evaluation,external,mewma,mewma,composite,primary,,,,True,False,0.20058881110238744,raw mewma_stat divided by frozen control limit,1.434216978178469,7.150034791553729,170,169,28,169,157,10,False,False,0,4.0,0.2611072664359861,False,True,frozen external sequence; 13 calibration weeks retained for causal initialization only
observed_research,containerd/containerd,2025-12-29,external_evaluation,external,causal_rolling_mad,latency_log,latency_log,primary,13.0,3.0,2.0,True,False,-2.4237033917457422,frozen component scaled-MAD score,,,222,222,40,222,219,3,False,False,0,4.0,0.2515217920623326,False,True,frozen external sequence; 13 calibration weeks retained for causal initialization only
observed_research,containerd/containerd,2025-12-29,external_evaluation,external,causal_rolling_mad,failure_rate,failure_rate,primary,13.0,3.0,2.0,True,False,-1.3584783139158816,frozen component scaled-MAD score,,,222,222,40,222,219,3,False,False,0,4.0,0.2515217920623326,False,True,frozen external sequence; 13 calibration weeks retained for causal initialization only
observed_research,containerd/containerd,2025-12-29,external_evaluation,external,causal_rolling_mad,rerun_rate,rerun_rate,primary,13.0,3.0,2.0,True,False,-2.6993647108871777,frozen component scaled-MAD score,,,222,222,40,222,219,3,False,False,0,4.0,0.2515217920623326,False,True,frozen external sequence; 13 calibration weeks retained for causal initialization only
observed_research,containerd/containerd,2025-12-29,external_evaluation,external,causal_rolling_mad,union,composite,primary,13.0,3.0,2.0,True,False,-1.3584783139158816,maximum of three frozen component scaled-MAD scores,,,222,222,40,222,219,3,False,False,0,4.0,0.2515217920623326,False,True,frozen external sequence; 13 calibration weeks retained for causal initialization only
observed_research,containerd/containerd,2025-12-29,external_evaluation,external,causal_rolling_mad,two_of_three,composite,primary,13.0,3.0,2.0,True,False,-2.4237033917457422,second-highest of three frozen component scaled-MAD scores,,,222,222,40,222,219,3,False,False,0,4.0,0.2515217920623326,False,True,frozen external sequence; 13 calibration weeks retained for causal initialization only
observed_research,containerd/containerd,2025-12-29,external_evaluation,external,mewma,mewma,composite,primary,,,,True,False,0.03756273991873154,raw mewma_stat divided by frozen control limit,0.2685748972850146,7.150034791553729,222,222,40,222,219,3,False,False,0,4.0,0.2515217920623326,False,True,frozen external sequence; 13 calibration weeks retained for causal initialization only
observed_research,containerd/containerd,2026-01-05,external_evaluation,external,causal_rolling_mad,latency_log,latency_log,primary,13.0,3.0,2.0,True,False,-1.0963226517355218,frozen component scaled-MAD score,,,660,657,121,657,643,15,False,False,0,4.0,0.2520936639118457,False,True,frozen external sequence; 13 calibration weeks retained for causal initialization only
observed_research,containerd/containerd,2026-01-05,external_evaluation,external,causal_rolling_mad,failure_rate,failure_rate,primary,13.0,3.0,2.0,True,False,-0.8359930313156747,frozen component scaled-MAD score,,,660,657,121,657,643,15,False,False,0,4.0,0.2520936639118457,False,True,frozen external sequence; 13 calibration weeks retained for causal initialization only
observed_research,containerd/containerd,2026-01-05,external_evaluation,external,causal_rolling_mad,rerun_rate,rerun_rate,primary,13.0,3.0,2.0,True,False,-1.2795467986346811,frozen component scaled-MAD score,,,660,657,121,657,643,15,False,False,0,4.0,0.2520936639118457,False,True,frozen external sequence; 13 calibration weeks retained for causal initialization only
observed_research,containerd/containerd,2026-01-05,external_evaluation,external,causal_rolling_mad,union,composite,primary,13.0,3.0,2.0,True,False,-0.8359930313156747,maximum of three frozen component scaled-MAD scores,,,660,657,121,657,643,15,False,False,0,4.0,0.2520936639118457,False,True,frozen external sequence; 13 calibration weeks retained for causal initialization only
observed_research,containerd/containerd,2026-01-05,external_evaluation,external,causal_rolling_mad,two_of_three,composite,primary,13.0,3.0,2.0,True,False,-1.0963226517355218,second-highest of three frozen component scaled-MAD scores,,,660,657,121,657,643,15,False,False,0,4.0,0.2520936639118457,False,True,frozen external sequence; 13 calibration weeks retained for causal initialization only
observed_research,containerd/containerd,2026-01-05,external_evaluation,external,mewma,mewma,composite,primary,,,,True,False,0.006640572494298556,raw mewma_stat divided by frozen control limit,0.0474803243700694,7.150034791553729,660,657,121,657,643,15,False,False,0,4.0,0.2520936639118457,False,True,frozen external sequence; 13 calibration weeks retained for causal initialization only
observed_research,containerd/containerd,2026-01-12,external_evaluation,external,causal_rolling_mad,latency_log,latency_log,primary,13.0,3.0,2.0,True,False,-0.1831755715797392,frozen component scaled-MAD score,,,320,320,59,320,308,6,False,False,0,5.0,0.25,False,True,frozen external sequence; 13 calibration weeks retained for causal initialization only
observed_research,containerd/containerd,2026-01-12,external_evaluation,external,causal_rolling_mad,failure_rate,failure_rate,primary,13.0,3.0,2.0,True,False,-0.6719078909988723,frozen component scaled-MAD score,,,320,320,59,320,308,6,False,False,0,5.0,0.25,False,True,frozen external sequence; 13 calibration weeks retained for causal initialization only
observed_research,containerd/containerd,2026-01-12,external_evaluation,external,causal_rolling_mad,rerun_rate,rerun_rate,primary,13.0,3.0,2.0,True,False,-1.4693069269866748,frozen component scaled-MAD score,,,320,320,59,320,308,6,False,False,0,5.0,0.25,False,True,frozen external sequence; 13 calibration weeks retained for causal initialization only
observed_research,containerd/containerd,2026-01-12,external_evaluation,external,causal_rolling_mad,union,composite,primary,13.0,3.0,2.0,True,False,-0.1831755715797392,maximum of three frozen component scaled-MAD scores,,,320,320,59,320,308,6,False,False,0,5.0,0.25,False,True,frozen external sequence; 13 calibration weeks retained for causal initialization only
observed_research,containerd/containerd,2026-01-12,external_evaluation,external,causal_rolling_mad,two_of_three,composite,primary,13.0,3.0,2.0,True,False,-0.6719078909988723,second-highest of three frozen component scaled-MAD scores,,,320,320,59,320,308,6,False,False,0,5.0,0.25,False,True,frozen external sequence; 13 calibration weeks retained for causal initialization only
observed_research,containerd/containerd,2026-01-12,external_evaluation,external,mewma,mewma,composite,primary,,,,True,False,0.0098784961297443,raw mewma_stat divided by frozen control limit,0.0706315910159006,7.150034791553729,320,320,59,320,308,6,False,False,0,5.0,0.25,False,True,frozen external sequence; 13 calibration weeks retained for causal initialization only
observed_research,containerd/containerd,2026-01-19,external_evaluation,external,causal_rolling_mad,latency_log,latency_log,primary,13.0,3.0,2.0,True,False,0.1271921609607672,frozen component scaled-MAD score,,,330,324,61,324,323,6,False,False,0,5.0,0.2110927456382001,False,True,frozen external sequence; 13 calibration weeks retained for causal initialization only
observed_research,containerd/containerd,2026-01-19,external_evaluation,external,causal_rolling_mad,failure_rate,failure_rate,primary,13.0,3.0,2.0,True,False,-0.5322352381132387,frozen component scaled-MAD score,,,330,324,61,324,323,6,False,False,0,5.0,0.2110927456382001,False,True,frozen external sequence; 13 calibration weeks retained for causal initialization only
observed_research,containerd/containerd,2026-01-19,external_evaluation,external,causal_rolling_mad,rerun_rate,rerun_rate,primary,13.0,3.0,2.0,True,False,-1.2298213634357598,frozen component scaled-MAD score,,,330,324,61,324,323,6,False,False,0,5.0,0.2110927456382001,False,True,frozen external sequence; 13 calibration weeks retained for causal initialization only
observed_research,containerd/containerd,2026-01-19,external_evaluation,external,causal_rolling_mad,union,composite,primary,13.0,3.0,2.0,True,False,0.1271921609607672,maximum of three frozen component scaled-MAD scores,,,330,324,61,324,323,6,False,False,0,5.0,0.2110927456382001,False,True,frozen external sequence; 13 calibration weeks retained for causal initialization only
observed_research,containerd/containerd,2026-01-19,external_evaluation,external,causal_rolling_mad,two_of_three,composite,primary,13.0,3.0,2.0,True,False,-0.5322352381132387,second-highest of three frozen component scaled-MAD scores,,,330,324,61,324,323,6,False,False,0,5.0,0.2110927456382001,False,True,frozen external sequence; 13 calibration weeks retained for causal initialization only
observed_research,containerd/containerd,2026-01-19,external_evaluation,external,mewma,mewma,composite,primary,,,,True,False,0.01594040924833854,raw mewma_stat divided by frozen control limit,0.1139744807172254,7.150034791553729,330,324,61,324,323,6,False,False,0,5.0,0.2110927456382001,False,True,frozen external sequence; 13 calibration weeks retained for causal initialization only
observed_research,containerd/containerd,2026-01-26,external_evaluation,external,causal_rolling_mad,latency_log,latency_log,primary,13.0,3.0,2.0,True,False,0.9490068524240608,frozen component scaled-MAD score,,,413,404,74,404,403,10,False,False,0,5.0,0.2394514829775633,False,True,frozen external sequence; 13 calibration weeks retained for causal initialization only
observed_research,containerd/containerd,2026-01-26,external_evaluation,external,causal_rolling_mad,failure_rate,failure_rate,primary,13.0,3.0,2.0,True,False,-0.4994397157175294,frozen component scaled-MAD score,,,413,404,74,404,403,10,False,False,0,5.0,0.2394514829775633,False,True,frozen external sequence; 13 calibration weeks retained for causal initialization only
observed_research,containerd/containerd,2026-01-26,external_evaluation,external,causal_rolling_mad,rerun_rate,rerun_rate,primary,13.0,3.0,2.0,True,False,-0.487171682318277,frozen component scaled-MAD score,,,413,404,74,404,403,10,False,False,0,5.0,0.2394514829775633,False,True,frozen external sequence; 13 calibration weeks retained for causal initialization only
observed_research,containerd/containerd,2026-01-26,external_evaluation,external,causal_rolling_mad,union,composite,primary,13.0,3.0,2.0,True,False,0.9490068524240608,maximum of three frozen component scaled-MAD scores,,,413,404,74,404,403,10,False,False,0,5.0,0.2394514829775633,False,True,frozen external sequence; 13 calibration weeks retained for causal initialization only
observed_research,containerd/containerd,2026-01-26,external_evaluation,external,causal_rolling_mad,two_of_three,composite,primary,13.0,3.0,2.0,True,False,-0.487171682318277,second-highest of three frozen component scaled-MAD scores,,,413,404,74,404,403,10,False,False,0,5.0,0.2394514829775633,False,True,frozen external sequence; 13 calibration weeks retained for causal initialization only
observed_research,containerd/containerd,2026-01-26,external_evaluation,external,mewma,mewma,composite,primary,,,,True,False,0.0348641101937947,raw mewma_stat divided by frozen control limit,0.2492796008621951,7.150034791553729,413,404,74,404,403,10,False,False,0,5.0,0.2394514829775633,False,True,frozen external sequence; 13 calibration weeks retained for causal initialization only
observed_research,containerd/containerd,2026-02-02,external_evaluation,external,causal_rolling_mad,latency_log,latency_log,primary,13.0,3.0,2.0,True,False,0.1018672373244497,frozen component scaled-MAD score,,,492,487,98,487,475,13,False,False,0,5.0,0.2445221098552449,False,True,frozen external sequence; 13 calibration weeks retained for causal initialization only
observed_research,containerd/containerd,2026-02-02,external_evaluation,external,causal_rolling_mad,failure_rate,failure_rate,primary,13.0,3.0,2.0,True,False,0.1415380141171003,frozen component scaled-MAD score,,,492,487,98,487,475,13,False,False,0,5.0,0.2445221098552449,False,True,frozen external sequence; 13 calibration weeks retained for causal initialization only
observed_research,containerd/containerd,2026-02-02,external_evaluation,external,causal_rolling_mad,rerun_rate,rerun_rate,primary,13.0,3.0,2.0,True,False,-0.3369451479168092,frozen component scaled-MAD score,,,492,487,98,487,475,13,False,False,0,5.0,0.2445221098552449,False,True,frozen external sequence; 13 calibration weeks retained for causal initialization only
observed_research,containerd/containerd,2026-02-02,external_evaluation,external,causal_rolling_mad,union,composite,primary,13.0,3.0,2.0,True,False,0.1415380141171003,maximum of three frozen component scaled-MAD scores,,,492,487,98,487,475,13,False,False,0,5.0,0.2445221098552449,False,True,frozen external sequence; 13 calibration weeks retained for causal initialization only
observed_research,containerd/containerd,2026-02-02,external_evaluation,external,causal_rolling_mad,two_of_three,composite,primary,13.0,3.0,2.0,True,False,0.1018672373244497,second-highest of three frozen component scaled-MAD scores,,,492,487,98,487,475,13,False,False,0,5.0,0.2445221098552449,False,True,frozen external sequence; 13 calibration weeks retained for causal initialization only
observed_research,containerd/containerd,2026-02-02,external_evaluation,external,mewma,mewma,composite,primary,,,,True,False,0.03797355675335467,raw mewma_stat divided by frozen control limit,0.271512251945526,7.150034791553729,492,487,98,487,475,13,False,False,0,5.0,0.2445221098552449,False,True,frozen external sequence; 13 calibration weeks retained for causal initialization only
observed_research,containerd/containerd,2026-02-09,external_evaluation,external,causal_rolling_mad,latency_log,latency_log,primary,13.0,3.0,2.0,True,False,0.1952627367213959,frozen component scaled-MAD score,,,368,364,85,364,349,14,False,False,0,4.0,0.2535591918714556,False,True,frozen external sequence; 13 calibration weeks retained for causal initialization only
observed_research,containerd/containerd,2026-02-09,external_evaluation,external,causal_rolling_mad,failure_rate,failure_rate,primary,13.0,3.0,2.0,True,False,1.681781760052576,frozen component scaled-MAD score,,,368,364,85,364,349,14,False,False,0,4.0,0.2535591918714556,False,True,frozen external sequence; 13 calibration weeks retained for causal initialization only
observed_research,containerd/containerd,2026-02-09,external_evaluation,external,causal_rolling_mad,rerun_rate,rerun_rate,primary,13.0,3.0,2.0,True,False,0.759717395363076,frozen component scaled-MAD score,,,368,364,85,364,349,14,False,False,0,4.0,0.2535591918714556,False,True,frozen external sequence; 13 calibration weeks retained for causal initialization only
observed_research,containerd/containerd,2026-02-09,external_evaluation,external,causal_rolling_mad,union,composite,primary,13.0,3.0,2.0,True,False,1.681781760052576,maximum of three frozen component scaled-MAD scores,,,368,364,85,364,349,14,False,False,0,4.0,0.2535591918714556,False,True,frozen external sequence; 13 calibration weeks retained for causal initialization only
observed_research,containerd/containerd,2026-02-09,external_evaluation,external,causal_rolling_mad,two_of_three,composite,primary,13.0,3.0,2.0,True,False,0.759717395363076,second-highest of three frozen component scaled-MAD scores,,,368,364,85,364,349,14,False,False,0,4.0,0.2535591918714556,False,True,frozen external sequence; 13 calibration weeks retained for causal initialization only
observed_research,containerd/containerd,2026-02-09,external_evaluation,external,mewma,mewma,composite,primary,,,,True,False,0.04190979188024541,raw mewma_stat divided by frozen control limit,0.2996564700505307,7.150034791553729,368,364,85,364,349,14,False,False,0,4.0,0.2535591918714556,False,True,frozen external sequence; 13 calibration weeks retained for causal initialization only
observed_research,containerd/containerd,2026-02-16,external_evaluation,external,causal_rolling_mad,latency_log,latency_log,primary,13.0,3.0,2.0,True,False,-0.607768628669704,frozen component scaled-MAD score,,,501,493,87,493,476,22,False,False,0,5.0,0.2526643320146134,False,True,frozen external sequence; 13 calibration weeks retained for causal initialization only
observed_research,containerd/containerd,2026-02-16,external_evaluation,external,causal_rolling_mad,failure_rate,failure_rate,primary,13.0,3.0,2.0,True,False,-0.9879415735595722,frozen component scaled-MAD score,,,501,493,87,493,476,22,False,False,0,5.0,0.2526643320146134,False,True,frozen external sequence; 13 calibration weeks retained for causal initialization only
observed_research,containerd/containerd,2026-02-16,external_evaluation,external,causal_rolling_mad,rerun_rate,rerun_rate,primary,13.0,3.0,2.0,True,False,0.5936243899475949,frozen component scaled-MAD score,,,501,493,87,493,476,22,False,False,0,5.0,0.2526643320146134,False,True,frozen external sequence; 13 calibration weeks retained for causal initialization only
observed_research,containerd/containerd,2026-02-16,external_evaluation,external,causal_rolling_mad,union,composite,primary,13.0,3.0,2.0,True,False,0.5936243899475949,maximum of three frozen component scaled-MAD scores,,,501,493,87,493,476,22,False,False,0,5.0,0.2526643320146134,False,True,frozen external sequence; 13 calibration weeks retained for causal initialization only
observed_research,containerd/containerd,2026-02-16,external_evaluation,external,causal_rolling_mad,two_of_three,composite,primary,13.0,3.0,2.0,True,False,-0.607768628669704,second-highest of three frozen component scaled-MAD scores,,,501,493,87,493,476,22,False,False,0,5.0,0.2526643320146134,False,True,frozen external sequence; 13 calibration weeks retained for causal initialization only
observed_research,containerd/containerd,2026-02-16,external_evaluation,external,mewma,mewma,composite,primary,,,,True,False,0.032043139451589195,raw mewma_stat divided by frozen control limit,0.2291095619094706,7.150034791553729,501,493,87,493,476,22,False,False,0,5.0,0.2526643320146134,False,True,frozen external sequence; 13 calibration weeks retained for causal initialization only
observed_research,containerd/containerd,2026-02-23,external_evaluation,external,causal_rolling_mad,latency_log,latency_log,primary,13.0,3.0,2.0,True,False,0.6262187131725317,frozen component scaled-MAD score,,,355,346,87,346,336,17,False,False,0,6.0,0.2480698274151953,False,True,frozen external sequence; 13 calibration weeks retained for causal initialization only
observed_research,containerd/containerd,2026-02-23,external_evaluation,external,causal_rolling_mad,failure_rate,failure_rate,primary,13.0,3.0,2.0,True,False,4.3374919456902585,frozen component scaled-MAD score,,,355,346,87,346,336,17,False,False,0,6.0,0.2480698274151953,False,True,frozen external sequence; 13 calibration weeks retained for causal initialization only
observed_research,containerd/containerd,2026-02-23,external_evaluation,external,causal_rolling_mad,rerun_rate,rerun_rate,primary,13.0,3.0,2.0,True,False,0.5231333940887785,frozen component scaled-MAD score,,,355,346,87,346,336,17,False,False,0,6.0,0.2480698274151953,False,True,frozen external sequence; 13 calibration weeks retained for causal initialization only
observed_research,containerd/containerd,2026-02-23,external_evaluation,external,causal_rolling_mad,union,composite,primary,13.0,3.0,2.0,True,False,4.3374919456902585,maximum of three frozen component scaled-MAD scores,,,355,346,87,346,336,17,False,False,0,6.0,0.2480698274151953,False,True,frozen external sequence; 13 calibration weeks retained for causal initialization only
observed_research,containerd/containerd,2026-02-23,external_evaluation,external,causal_rolling_mad,two_of_three,composite,primary,13.0,3.0,2.0,True,False,0.6262187131725317,second-highest of three frozen component scaled-MAD scores,,,355,346,87,346,336,17,False,False,0,6.0,0.2480698274151953,False,True,frozen external sequence; 13 calibration weeks retained for causal initialization only
observed_research,containerd/containerd,2026-02-23,external_evaluation,external,mewma,mewma,composite,primary,,,,True,False,0.037296623254647235,raw mewma_stat divided by frozen control limit,0.2666721538781996,7.150034791553729,355,346,87,346,336,17,False,False,0,6.0,0.2480698274151953,False,True,frozen external sequence; 13 calibration weeks retained for causal initialization only
observed_research,containerd/containerd,2026-03-02,external_evaluation,external,causal_rolling_mad,latency_log,latency_log,primary,13.0,3.0,2.0,True,False,0.6265915086625421,frozen component scaled-MAD score,,,543,542,133,542,516,24,False,False,0,7.0,0.246176856628308,False,True,frozen external sequence; 13 calibration weeks retained for causal initialization only
observed_research,containerd/containerd,2026-03-02,external_evaluation,external,causal_rolling_mad,failure_rate,failure_rate,primary,13.0,3.0,2.0,True,True,3.921574809606326,frozen component scaled-MAD score,,,543,542,133,542,516,24,False,False,0,7.0,0.246176856628308,False,True,frozen external sequence; 13 calibration weeks retained for causal initialization only
observed_research,containerd/containerd,2026-03-02,external_evaluation,external,causal_rolling_mad,rerun_rate,rerun_rate,primary,13.0,3.0,2.0,True,False,0.2750168145656427,frozen component scaled-MAD score,,,543,542,133,542,516,24,False,False,0,7.0,0.246176856628308,False,True,frozen external sequence; 13 calibration weeks retained for causal initialization only
observed_research,containerd/containerd,2026-03-02,external_evaluation,external,causal_rolling_mad,union,composite,primary,13.0,3.0,2.0,True,True,3.921574809606326,maximum of three frozen component scaled-MAD scores,,,543,542,133,542,516,24,False,False,0,7.0,0.246176856628308,False,True,frozen external sequence; 13 calibration weeks retained for causal initialization only
observed_research,containerd/containerd,2026-03-02,external_evaluation,external,causal_rolling_mad,two_of_three,composite,primary,13.0,3.0,2.0,True,False,0.6265915086625421,second-highest of three frozen component scaled-MAD scores,,,543,542,133,542,516,24,False,False,0,7.0,0.246176856628308,False,True,frozen external sequence; 13 calibration weeks retained for causal initialization only
observed_research,containerd/containerd,2026-03-02,external_evaluation,external,mewma,mewma,composite,primary,,,,True,False,0.049015620303889305,raw mewma_stat divided by frozen control limit,0.3504633905023959,7.150034791553729,543,542,133,542,516,24,False,False,0,7.0,0.246176856628308,False,True,frozen external sequence; 13 calibration weeks retained for causal initialization only
observed_research,containerd/containerd,2026-03-09,external_evaluation,external,causal_rolling_mad,latency_log,latency_log,primary,13.0,3.0,2.0,True,False,0.8965392178297215,frozen component scaled-MAD score,,,428,427,93,427,408,19,False,False,0,5.0,0.2518014673770635,False,True,frozen external sequence; 13 calibration weeks retained for causal initialization only
observed_research,containerd/containerd,2026-03-09,external_evaluation,external,causal_rolling_mad,failure_rate,failure_rate,primary,13.0,3.0,2.0,True,False,2.0273234485548195,frozen component scaled-MAD score,,,428,427,93,427,408,19,False,False,0,5.0,0.2518014673770635,False,True,frozen external sequence; 13 calibration weeks retained for causal initialization only
observed_research,containerd/containerd,2026-03-09,external_evaluation,external,causal_rolling_mad,rerun_rate,rerun_rate,primary,13.0,3.0,2.0,True,False,0.2845077700263695,frozen component scaled-MAD score,,,428,427,93,427,408,19,False,False,0,5.0,0.2518014673770635,False,True,frozen external sequence; 13 calibration weeks retained for causal initialization only
observed_research,containerd/containerd,2026-03-09,external_evaluation,external,causal_rolling_mad,union,composite,primary,13.0,3.0,2.0,True,False,2.0273234485548195,maximum of three frozen component scaled-MAD scores,,,428,427,93,427,408,19,False,False,0,5.0,0.2518014673770635,False,True,frozen external sequence; 13 calibration weeks retained for causal initialization only
observed_research,containerd/containerd,2026-03-09,external_evaluation,external,causal_rolling_mad,two_of_three,composite,primary,13.0,3.0,2.0,True,False,0.8965392178297215,second-highest of three frozen component scaled-MAD scores,,,428,427,93,427,408,19,False,False,0,5.0,0.2518014673770635,False,True,frozen external sequence; 13 calibration weeks retained for causal initialization only
observed_research,containerd/containerd,2026-03-09,external_evaluation,external,mewma,mewma,composite,primary,,,,True,False,0.06589494131493817,raw mewma_stat divided by frozen control limit,0.4711511229891992,7.150034791553729,428,427,93,427,408,19,False,False,0,5.0,0.2518014673770635,False,True,frozen external sequence; 13 calibration weeks retained for causal initialization only
observed_research,containerd/containerd,2026-03-16,external_evaluation,external,causal_rolling_mad,latency_log,latency_log,primary,13.0,3.0,2.0,True,False,1.2562558288295649,frozen component scaled-MAD score,,,881,872,229,872,832,41,False,False,0,6.0,0.2401731084143624,False,True,frozen external sequence; 13 calibration weeks retained for causal initialization only
observed_research,containerd/containerd,2026-03-16,external_evaluation,external,causal_rolling_mad,failure_rate,failure_rate,primary,13.0,3.0,2.0,True,False,4.249101385052726,frozen component scaled-MAD score,,,881,872,229,872,832,41,False,False,0,6.0,0.2401731084143624,False,True,frozen external sequence; 13 calibration weeks retained for causal initialization only
observed_research,containerd/containerd,2026-03-16,external_evaluation,external,causal_rolling_mad,rerun_rate,rerun_rate,primary,13.0,3.0,2.0,True,False,0.4849440833925449,frozen component scaled-MAD score,,,881,872,229,872,832,41,False,False,0,6.0,0.2401731084143624,False,True,frozen external sequence; 13 calibration weeks retained for causal initialization only
observed_research,containerd/containerd,2026-03-16,external_evaluation,external,causal_rolling_mad,union,composite,primary,13.0,3.0,2.0,True,False,4.249101385052726,maximum of three frozen component scaled-MAD scores,,,881,872,229,872,832,41,False,False,0,6.0,0.2401731084143624,False,True,frozen external sequence; 13 calibration weeks retained for causal initialization only
observed_research,containerd/containerd,2026-03-16,external_evaluation,external,causal_rolling_mad,two_of_three,composite,primary,13.0,3.0,2.0,True,False,1.2562558288295649,second-highest of three frozen component scaled-MAD scores,,,881,872,229,872,832,41,False,False,0,6.0,0.2401731084143624,False,True,frozen external sequence; 13 calibration weeks retained for causal initialization only
observed_research,containerd/containerd,2026-03-16,external_evaluation,external,mewma,mewma,composite,primary,,,,True,False,0.10145908045683628,raw mewma_stat divided by frozen control limit,0.7254359551854285,7.150034791553729,881,872,229,872,832,41,False,False,0,6.0,0.2401731084143624,False,True,frozen external sequence; 13 calibration weeks retained for causal initialization only
observed_research,containerd/containerd,2026-03-23,external_evaluation,external,causal_rolling_mad,latency_log,latency_log,primary,13.0,3.0,2.0,True,False,1.013094914707495,frozen component scaled-MAD score,,,493,486,102,486,463,26,False,False,0,5.0,0.2425889429703475,False,True,frozen external sequence; 13 calibration weeks retained for causal initialization only
observed_research,containerd/containerd,2026-03-23,external_evaluation,external,causal_rolling_mad,failure_rate,failure_rate,primary,13.0,3.0,2.0,True,False,1.124371148682502,frozen component scaled-MAD score,,,493,486,102,486,463,26,False,False,0,5.0,0.2425889429703475,False,True,frozen external sequence; 13 calibration weeks retained for causal initialization only
observed_research,containerd/containerd,2026-03-23,external_evaluation,external,causal_rolling_mad,rerun_rate,rerun_rate,primary,13.0,3.0,2.0,True,False,0.8488366504867872,frozen component scaled-MAD score,,,493,486,102,486,463,26,False,False,0,5.0,0.2425889429703475,False,True,frozen external sequence; 13 calibration weeks retained for causal initialization only
observed_research,containerd/containerd,2026-03-23,external_evaluation,external,causal_rolling_mad,union,composite,primary,13.0,3.0,2.0,True,False,1.124371148682502,maximum of three frozen component scaled-MAD scores,,,493,486,102,486,463,26,False,False,0,5.0,0.2425889429703475,False,True,frozen external sequence; 13 calibration weeks retained for causal initialization only
observed_research,containerd/containerd,2026-03-23,external_evaluation,external,causal_rolling_mad,two_of_three,composite,primary,13.0,3.0,2.0,True,False,1.013094914707495,second-highest of three frozen component scaled-MAD scores,,,493,486,102,486,463,26,False,False,0,5.0,0.2425889429703475,False,True,frozen external sequence; 13 calibration weeks retained for causal initialization only
observed_research,containerd/containerd,2026-03-23,external_evaluation,external,mewma,mewma,composite,primary,,,,True,False,0.14366109095947277,raw mewma_stat divided by frozen control limit,1.0271817985527951,7.150034791553729,493,486,102,486,463,26,False,False,0,5.0,0.2425889429703475,False,True,frozen external sequence; 13 calibration weeks retained for causal initialization only
observed_research,containerd/containerd,2026-03-30,external_evaluation,external,causal_rolling_mad,latency_log,latency_log,primary,13.0,3.0,2.0,True,False,0.813019961193011,frozen component scaled-MAD score,,,515,505,117,505,493,21,False,False,0,5.0,0.2384202092562918,False,True,frozen external sequence; 13 calibration weeks retained for causal initialization only
observed_research,containerd/containerd,2026-03-30,external_evaluation,external,causal_rolling_mad,failure_rate,failure_rate,primary,13.0,3.0,2.0,True,False,1.1370312431559315,frozen component scaled-MAD score,,,515,505,117,505,493,21,False,False,0,5.0,0.2384202092562918,False,True,frozen external sequence; 13 calibration weeks retained for causal initialization only
observed_research,containerd/containerd,2026-03-30,external_evaluation,external,causal_rolling_mad,rerun_rate,rerun_rate,primary,13.0,3.0,2.0,True,False,0.1313261076661923,frozen component scaled-MAD score,,,515,505,117,505,493,21,False,False,0,5.0,0.2384202092562918,False,True,frozen external sequence; 13 calibration weeks retained for causal initialization only
observed_research,containerd/containerd,2026-03-30,external_evaluation,external,causal_rolling_mad,union,composite,primary,13.0,3.0,2.0,True,False,1.1370312431559315,maximum of three frozen component scaled-MAD scores,,,515,505,117,505,493,21,False,False,0,5.0,0.2384202092562918,False,True,frozen external sequence; 13 calibration weeks retained for causal initialization only
observed_research,containerd/containerd,2026-03-30,external_evaluation,external,causal_rolling_mad,two_of_three,composite,primary,13.0,3.0,2.0,True,False,0.813019961193011,second-highest of three frozen component scaled-MAD scores,,,515,505,117,505,493,21,False,False,0,5.0,0.2384202092562918,False,True,frozen external sequence; 13 calibration weeks retained for causal initialization only
observed_research,containerd/containerd,2026-03-30,external_evaluation,external,mewma,mewma,composite,primary,,,,True,False,0.14702386700404482,raw mewma_stat divided by frozen control limit,1.0512257642676888,7.150034791553729,515,505,117,505,493,21,False,False,0,5.0,0.2384202092562918,False,True,frozen external sequence; 13 calibration weeks retained for causal initialization only
observed_research,containerd/containerd,2026-04-06,external_evaluation,external,causal_rolling_mad,latency_log,latency_log,primary,13.0,3.0,2.0,True,False,-0.7524951962991663,frozen component scaled-MAD score,,,707,690,160,690,659,38,False,False,0,5.0,0.2361373134686675,False,True,frozen external sequence; 13 calibration weeks retained for causal initialization only
observed_research,containerd/containerd,2026-04-06,external_evaluation,external,causal_rolling_mad,failure_rate,failure_rate,primary,13.0,3.0,2.0,True,False,0.5820771403231575,frozen component scaled-MAD score,,,707,690,160,690,659,38,False,False,0,5.0,0.2361373134686675,False,True,frozen external sequence; 13 calibration weeks retained for causal initialization only
observed_research,containerd/containerd,2026-04-06,external_evaluation,external,causal_rolling_mad,rerun_rate,rerun_rate,primary,13.0,3.0,2.0,True,False,1.270476642054973,frozen component scaled-MAD score,,,707,690,160,690,659,38,False,False,0,5.0,0.2361373134686675,False,True,frozen external sequence; 13 calibration weeks retained for causal initialization only
observed_research,containerd/containerd,2026-04-06,external_evaluation,external,causal_rolling_mad,union,composite,primary,13.0,3.0,2.0,True,False,1.270476642054973,maximum of three frozen component scaled-MAD scores,,,707,690,160,690,659,38,False,False,0,5.0,0.2361373134686675,False,True,frozen external sequence; 13 calibration weeks retained for causal initialization only
observed_research,containerd/containerd,2026-04-06,external_evaluation,external,causal_rolling_mad,two_of_three,composite,primary,13.0,3.0,2.0,True,False,0.5820771403231575,second-highest of three frozen component scaled-MAD scores,,,707,690,160,690,659,38,False,False,0,5.0,0.2361373134686675,False,True,frozen external sequence; 13 calibration weeks retained for causal initialization only
observed_research,containerd/containerd,2026-04-06,external_evaluation,external,mewma,mewma,composite,primary,,,,True,False,0.1490070357381552,raw mewma_stat divided by frozen control limit,1.0654054897140997,7.150034791553729,707,690,160,690,659,38,False,False,0,5.0,0.2361373134686675,False,True,frozen external sequence; 13 calibration weeks retained for causal initialization only
observed_research,containerd/containerd,2026-04-13,external_evaluation,external,causal_rolling_mad,latency_log,latency_log,primary,13.0,3.0,2.0,True,False,-0.0492216891560029,frozen component scaled-MAD score,,,424,412,93,412,391,28,False,False,0,6.0,0.2530704877180491,False,True,frozen external sequence; 13 calibration weeks retained for causal initialization only
observed_research,containerd/containerd,2026-04-13,external_evaluation,external,causal_rolling_mad,failure_rate,failure_rate,primary,13.0,3.0,2.0,True,False,0.193861416066426,frozen component scaled-MAD score,,,424,412,93,412,391,28,False,False,0,6.0,0.2530704877180491,False,True,frozen external sequence; 13 calibration weeks retained for causal initialization only
observed_research,containerd/containerd,2026-04-13,external_evaluation,external,causal_rolling_mad,rerun_rate,rerun_rate,primary,13.0,3.0,2.0,True,False,2.805953282991962,frozen component scaled-MAD score,,,424,412,93,412,391,28,False,False,0,6.0,0.2530704877180491,False,True,frozen external sequence; 13 calibration weeks retained for causal initialization only
observed_research,containerd/containerd,2026-04-13,external_evaluation,external,causal_rolling_mad,union,composite,primary,13.0,3.0,2.0,True,False,2.805953282991962,maximum of three frozen component scaled-MAD scores,,,424,412,93,412,391,28,False,False,0,6.0,0.2530704877180491,False,True,frozen external sequence; 13 calibration weeks retained for causal initialization only
observed_research,containerd/containerd,2026-04-13,external_evaluation,external,causal_rolling_mad,two_of_three,composite,primary,13.0,3.0,2.0,True,False,0.193861416066426,second-highest of three frozen component scaled-MAD scores,,,424,412,93,412,391,28,False,False,0,6.0,0.2530704877180491,False,True,frozen external sequence; 13 calibration weeks retained for causal initialization only
observed_research,containerd/containerd,2026-04-13,external_evaluation,external,mewma,mewma,composite,primary,,,,True,False,0.24095722903757716,raw mewma_stat divided by frozen control limit,1.722852570895057,7.150034791553729,424,412,93,412,391,28,False,False,0,6.0,0.2530704877180491,False,True,frozen external sequence; 13 calibration weeks retained for causal initialization only
observed_research,containerd/containerd,2026-04-20,external_evaluation,external,causal_rolling_mad,latency_log,latency_log,primary,13.0,3.0,2.0,True,False,0.4358547165885994,frozen component scaled-MAD score,,,576,576,129,576,543,27,False,False,0,5.0,0.2485472125771605,False,True,frozen external sequence; 13 calibration weeks retained for causal initialization only
observed_research,containerd/containerd,2026-04-20,external_evaluation,external,causal_rolling_mad,failure_rate,failure_rate,primary,13.0,3.0,2.0,True,False,-0.0607208129616137,frozen component scaled-MAD score,,,576,576,129,576,543,27,False,False,0,5.0,0.2485472125771605,False,True,frozen external sequence; 13 calibration weeks retained for causal initialization only
observed_research,containerd/containerd,2026-04-20,external_evaluation,external,causal_rolling_mad,rerun_rate,rerun_rate,primary,13.0,3.0,2.0,True,False,0.3386816227229087,frozen component scaled-MAD score,,,576,576,129,576,543,27,False,False,0,5.0,0.2485472125771605,False,True,frozen external sequence; 13 calibration weeks retained for causal initialization only
observed_research,containerd/containerd,2026-04-20,external_evaluation,external,causal_rolling_mad,union,composite,primary,13.0,3.0,2.0,True,False,0.4358547165885994,maximum of three frozen component scaled-MAD scores,,,576,576,129,576,543,27,False,False,0,5.0,0.2485472125771605,False,True,frozen external sequence; 13 calibration weeks retained for causal initialization only
observed_research,containerd/containerd,2026-04-20,external_evaluation,external,causal_rolling_mad,two_of_three,composite,primary,13.0,3.0,2.0,True,False,0.3386816227229087,second-highest of three frozen component scaled-MAD scores,,,576,576,129,576,543,27,False,False,0,5.0,0.2485472125771605,False,True,frozen external sequence; 13 calibration weeks retained for causal initialization only
observed_research,containerd/containerd,2026-04-20,external_evaluation,external,mewma,mewma,composite,primary,,,,True,False,0.23332094905545256,raw mewma_stat divided by frozen control limit,1.668252903344821,7.150034791553729,576,576,129,576,543,27,False,False,0,5.0,0.2485472125771605,False,True,frozen external sequence; 13 calibration weeks retained for causal initialization only
observed_research,containerd/containerd,2026-04-27,external_evaluation,external,causal_rolling_mad,latency_log,latency_log,primary,13.0,3.0,2.0,True,False,-0.1569234704579583,frozen component scaled-MAD score,,,901,898,231,896,865,25,False,False,0,6.0,0.241213055909022,False,True,frozen external sequence; 13 calibration weeks retained for causal initialization only
observed_research,containerd/containerd,2026-04-27,external_evaluation,external,causal_rolling_mad,failure_rate,failure_rate,primary,13.0,3.0,2.0,True,False,1.3407662379162877,frozen component scaled-MAD score,,,901,898,231,896,865,25,False,False,0,6.0,0.241213055909022,False,True,frozen external sequence; 13 calibration weeks retained for causal initialization only
observed_research,containerd/containerd,2026-04-27,external_evaluation,external,causal_rolling_mad,rerun_rate,rerun_rate,primary,13.0,3.0,2.0,True,False,-2.9593515151903467,frozen component scaled-MAD score,,,901,898,231,896,865,25,False,False,0,6.0,0.241213055909022,False,True,frozen external sequence; 13 calibration weeks retained for causal initialization only
observed_research,containerd/containerd,2026-04-27,external_evaluation,external,causal_rolling_mad,union,composite,primary,13.0,3.0,2.0,True,False,1.3407662379162877,maximum of three frozen component scaled-MAD scores,,,901,898,231,896,865,25,False,False,0,6.0,0.241213055909022,False,True,frozen external sequence; 13 calibration weeks retained for causal initialization only
observed_research,containerd/containerd,2026-04-27,external_evaluation,external,causal_rolling_mad,two_of_three,composite,primary,13.0,3.0,2.0,True,False,-0.1569234704579583,second-highest of three frozen component scaled-MAD scores,,,901,898,231,896,865,25,False,False,0,6.0,0.241213055909022,False,True,frozen external sequence; 13 calibration weeks retained for causal initialization only
observed_research,containerd/containerd,2026-04-27,external_evaluation,external,mewma,mewma,composite,primary,,,,True,False,0.14492464522666232,raw mewma_stat divided by frozen control limit,1.0362162555242167,7.150034791553729,901,898,231,896,865,25,False,False,0,6.0,0.241213055909022,False,True,frozen external sequence; 13 calibration weeks retained for causal initialization only
observed_research,containerd/containerd,2026-05-04,external_evaluation,external,causal_rolling_mad,latency_log,latency_log,primary,13.0,3.0,2.0,True,False,1.1282001347072497,frozen component scaled-MAD score,,,273,272,84,272,248,15,False,False,0,6.0,0.2485609628466771,False,True,frozen external sequence; 13 calibration weeks retained for causal initialization only
observed_research,containerd/containerd,2026-05-04,external_evaluation,external,causal_rolling_mad,failure_rate,failure_rate,primary,13.0,3.0,2.0,True,False,3.747357515675669,frozen component scaled-MAD score,,,273,272,84,272,248,15,False,False,0,6.0,0.2485609628466771,False,True,frozen external sequence; 13 calibration weeks retained for causal initialization only
observed_research,containerd/containerd,2026-05-04,external_evaluation,external,causal_rolling_mad,rerun_rate,rerun_rate,primary,13.0,3.0,2.0,True,False,2.3309189780509683,frozen component scaled-MAD score,,,273,272,84,272,248,15,False,False,0,6.0,0.2485609628466771,False,True,frozen external sequence; 13 calibration weeks retained for causal initialization only
observed_research,containerd/containerd,2026-05-04,external_evaluation,external,causal_rolling_mad,union,composite,primary,13.0,3.0,2.0,True,False,3.747357515675669,maximum of three frozen component scaled-MAD scores,,,273,272,84,272,248,15,False,False,0,6.0,0.2485609628466771,False,True,frozen external sequence; 13 calibration weeks retained for causal initialization only
observed_research,containerd/containerd,2026-05-04,external_evaluation,external,causal_rolling_mad,two_of_three,composite,primary,13.0,3.0,2.0,True,False,2.3309189780509683,second-highest of three frozen component scaled-MAD scores,,,273,272,84,272,248,15,False,False,0,6.0,0.2485609628466771,False,True,frozen external sequence; 13 calibration weeks retained for causal initialization only
observed_research,containerd/containerd,2026-05-04,external_evaluation,external,mewma,mewma,composite,primary,,,,True,False,0.20814963945156115,raw mewma_stat divided by frozen control limit,1.4882771639280268,7.150034791553729,273,272,84,272,248,15,False,False,0,6.0,0.2485609628466771,False,True,frozen external sequence; 13 calibration weeks retained for causal initialization only
observed_research,containerd/containerd,2026-05-11,external_evaluation,external,causal_rolling_mad,latency_log,latency_log,primary,13.0,3.0,2.0,True,False,-0.1912928612273089,frozen component scaled-MAD score,,,398,384,96,378,365,29,False,False,0,4.0,0.2594505189262897,False,True,frozen external sequence; 13 calibration weeks retained for causal initialization only
observed_research,containerd/containerd,2026-05-11,external_evaluation,external,causal_rolling_mad,failure_rate,failure_rate,primary,13.0,3.0,2.0,True,False,0.867492633423207,frozen component scaled-MAD score,,,398,384,96,378,365,29,False,False,0,4.0,0.2594505189262897,False,True,frozen external sequence; 13 calibration weeks retained for causal initialization only
observed_research,containerd/containerd,2026-05-11,external_evaluation,external,causal_rolling_mad,rerun_rate,rerun_rate,primary,13.0,3.0,2.0,True,False,3.045500744892069,frozen component scaled-MAD score,,,398,384,96,378,365,29,False,False,0,4.0,0.2594505189262897,False,True,frozen external sequence; 13 calibration weeks retained for causal initialization only
observed_research,containerd/containerd,2026-05-11,external_evaluation,external,causal_rolling_mad,union,composite,primary,13.0,3.0,2.0,True,True,3.045500744892069,maximum of three frozen component scaled-MAD scores,,,398,384,96,378,365,29,False,False,0,4.0,0.2594505189262897,False,True,frozen external sequence; 13 calibration weeks retained for causal initialization only
observed_research,containerd/containerd,2026-05-11,external_evaluation,external,causal_rolling_mad,two_of_three,composite,primary,13.0,3.0,2.0,True,False,0.867492633423207,second-highest of three frozen component scaled-MAD scores,,,398,384,96,378,365,29,False,False,0,4.0,0.2594505189262897,False,True,frozen external sequence; 13 calibration weeks retained for causal initialization only
observed_research,containerd/containerd,2026-05-11,external_evaluation,external,mewma,mewma,composite,primary,,,,True,False,0.36233153272021235,raw mewma_stat divided by frozen control limit,2.5906830650265067,7.150034791553729,398,384,96,378,365,29,False,False,0,4.0,0.2594505189262897,False,True,frozen external sequence; 13 calibration weeks retained for causal initialization only
observed_research,containerd/containerd,2026-05-18,external_evaluation,external,causal_rolling_mad,latency_log,latency_log,primary,13.0,3.0,2.0,True,False,-0.8307905313931111,frozen component scaled-MAD score,,,583,580,152,580,547,26,False,False,0,5.0,0.237521661483602,False,True,frozen external sequence; 13 calibration weeks retained for causal initialization only
observed_research,containerd/containerd,2026-05-18,external_evaluation,external,causal_rolling_mad,failure_rate,failure_rate,primary,13.0,3.0,2.0,True,False,1.123841155100314,frozen component scaled-MAD score,,,583,580,152,580,547,26,False,False,0,5.0,0.237521661483602,False,True,frozen external sequence; 13 calibration weeks retained for causal initialization only
observed_research,containerd/containerd,2026-05-18,external_evaluation,external,causal_rolling_mad,rerun_rate,rerun_rate,primary,13.0,3.0,2.0,True,False,-0.22984795153654,frozen component scaled-MAD score,,,583,580,152,580,547,26,False,False,0,5.0,0.237521661483602,False,True,frozen external sequence; 13 calibration weeks retained for causal initialization only
observed_research,containerd/containerd,2026-05-18,external_evaluation,external,causal_rolling_mad,union,composite,primary,13.0,3.0,2.0,True,False,1.123841155100314,maximum of three frozen component scaled-MAD scores,,,583,580,152,580,547,26,False,False,0,5.0,0.237521661483602,False,True,frozen external sequence; 13 calibration weeks retained for causal initialization only
observed_research,containerd/containerd,2026-05-18,external_evaluation,external,causal_rolling_mad,two_of_three,composite,primary,13.0,3.0,2.0,True,False,-0.22984795153654,second-highest of three frozen component scaled-MAD scores,,,583,580,152,580,547,26,False,False,0,5.0,0.237521661483602,False,True,frozen external sequence; 13 calibration weeks retained for causal initialization only
observed_research,containerd/containerd,2026-05-18,external_evaluation,external,mewma,mewma,composite,primary,,,,True,False,0.30014895527611507,raw mewma_stat divided by frozen control limit,2.146075472872727,7.150034791553729,583,580,152,580,547,26,False,False,0,5.0,0.237521661483602,False,True,frozen external sequence; 13 calibration weeks retained for causal initialization only
observed_research,containerd/containerd,2026-05-25,external_evaluation,external,causal_rolling_mad,latency_log,latency_log,primary,13.0,3.0,2.0,True,False,-2.284709151038048,frozen component scaled-MAD score,,,497,495,111,495,468,24,False,False,0,5.0,0.2539543093571489,False,True,frozen external sequence; 13 calibration weeks retained for causal initialization only
observed_research,containerd/containerd,2026-05-25,external_evaluation,external,causal_rolling_mad,failure_rate,failure_rate,primary,13.0,3.0,2.0,True,False,-0.8549661086595209,frozen component scaled-MAD score,,,497,495,111,495,468,24,False,False,0,5.0,0.2539543093571489,False,True,frozen external sequence; 13 calibration weeks retained for causal initialization only
observed_research,containerd/containerd,2026-05-25,external_evaluation,external,causal_rolling_mad,rerun_rate,rerun_rate,primary,13.0,3.0,2.0,True,False,0.1634166518250427,frozen component scaled-MAD score,,,497,495,111,495,468,24,False,False,0,5.0,0.2539543093571489,False,True,frozen external sequence; 13 calibration weeks retained for causal initialization only
observed_research,containerd/containerd,2026-05-25,external_evaluation,external,causal_rolling_mad,union,composite,primary,13.0,3.0,2.0,True,False,0.1634166518250427,maximum of three frozen component scaled-MAD scores,,,497,495,111,495,468,24,False,False,0,5.0,0.2539543093571489,False,True,frozen external sequence; 13 calibration weeks retained for causal initialization only
observed_research,containerd/containerd,2026-05-25,external_evaluation,external,causal_rolling_mad,two_of_three,composite,primary,13.0,3.0,2.0,True,False,-0.8549661086595209,second-highest of three frozen component scaled-MAD scores,,,497,495,111,495,468,24,False,False,0,5.0,0.2539543093571489,False,True,frozen external sequence; 13 calibration weeks retained for causal initialization only
observed_research,containerd/containerd,2026-05-25,external_evaluation,external,mewma,mewma,composite,primary,,,,True,False,0.25588112783466305,raw mewma_stat divided by frozen control limit,1.829558966519848,7.150034791553729,497,495,111,495,468,24,False,False,0,5.0,0.2539543093571489,False,True,frozen external sequence; 13 calibration weeks retained for causal initialization only
observed_research,containerd/containerd,2026-06-01,external_evaluation,external,causal_rolling_mad,latency_log,latency_log,primary,13.0,3.0,2.0,True,False,-2.150133118497343,frozen component scaled-MAD score,,,447,446,116,445,426,19,False,False,0,8.0,0.2239688902902272,False,True,frozen external sequence; 13 calibration weeks retained for causal initialization only
observed_research,containerd/containerd,2026-06-01,external_evaluation,external,causal_rolling_mad,failure_rate,failure_rate,primary,13.0,3.0,2.0,True,False,1.3506432391234853,frozen component scaled-MAD score,,,447,446,116,445,426,19,False,False,0,8.0,0.2239688902902272,False,True,frozen external sequence; 13 calibration weeks retained for causal initialization only
observed_research,containerd/containerd,2026-06-01,external_evaluation,external,causal_rolling_mad,rerun_rate,rerun_rate,primary,13.0,3.0,2.0,True,False,-0.5372243963646691,frozen component scaled-MAD score,,,447,446,116,445,426,19,False,False,0,8.0,0.2239688902902272,False,True,frozen external sequence; 13 calibration weeks retained for causal initialization only
observed_research,containerd/containerd,2026-06-01,external_evaluation,external,causal_rolling_mad,union,composite,primary,13.0,3.0,2.0,True,False,1.3506432391234853,maximum of three frozen component scaled-MAD scores,,,447,446,116,445,426,19,False,False,0,8.0,0.2239688902902272,False,True,frozen external sequence; 13 calibration weeks retained for causal initialization only
observed_research,containerd/containerd,2026-06-01,external_evaluation,external,causal_rolling_mad,two_of_three,composite,primary,13.0,3.0,2.0,True,False,-0.5372243963646691,second-highest of three frozen component scaled-MAD scores,,,447,446,116,445,426,19,False,False,0,8.0,0.2239688902902272,False,True,frozen external sequence; 13 calibration weeks retained for causal initialization only
observed_research,containerd/containerd,2026-06-01,external_evaluation,external,mewma,mewma,composite,primary,,,,True,False,0.18919863312426238,raw mewma_stat divided by frozen control limit,1.3527768093528858,7.150034791553729,447,446,116,445,426,19,False,False,0,8.0,0.2239688902902272,False,True,frozen external sequence; 13 calibration weeks retained for causal initialization only
observed_research,containerd/containerd,2026-06-08,external_evaluation,external,causal_rolling_mad,latency_log,latency_log,primary,13.0,3.0,2.0,True,False,-2.5195575156958334,frozen component scaled-MAD score,,,538,536,131,536,501,30,False,False,0,6.0,0.2479788836527963,False,True,frozen external sequence; 13 calibration weeks retained for causal initialization only
observed_research,containerd/containerd,2026-06-08,external_evaluation,external,causal_rolling_mad,failure_rate,failure_rate,primary,13.0,3.0,2.0,True,False,0.4661033158771071,frozen component scaled-MAD score,,,538,536,131,536,501,30,False,False,0,6.0,0.2479788836527963,False,True,frozen external sequence; 13 calibration weeks retained for causal initialization only
observed_research,containerd/containerd,2026-06-08,external_evaluation,external,causal_rolling_mad,rerun_rate,rerun_rate,primary,13.0,3.0,2.0,True,False,1.0650993861193654,frozen component scaled-MAD score,,,538,536,131,536,501,30,False,False,0,6.0,0.2479788836527963,False,True,frozen external sequence; 13 calibration weeks retained for causal initialization only
observed_research,containerd/containerd,2026-06-08,external_evaluation,external,causal_rolling_mad,union,composite,primary,13.0,3.0,2.0,True,False,1.0650993861193654,maximum of three frozen component scaled-MAD scores,,,538,536,131,536,501,30,False,False,0,6.0,0.2479788836527963,False,True,frozen external sequence; 13 calibration weeks retained for causal initialization only
observed_research,containerd/containerd,2026-06-08,external_evaluation,external,causal_rolling_mad,two_of_three,composite,primary,13.0,3.0,2.0,True,False,0.4661033158771071,second-highest of three frozen component scaled-MAD scores,,,538,536,131,536,501,30,False,False,0,6.0,0.2479788836527963,False,True,frozen external sequence; 13 calibration weeks retained for causal initialization only
observed_research,containerd/containerd,2026-06-08,external_evaluation,external,mewma,mewma,composite,primary,,,,True,False,0.21270360960896104,raw mewma_stat divided by frozen control limit,1.5208382089931334,7.150034791553729,538,536,131,536,501,30,False,False,0,6.0,0.2479788836527963,False,True,frozen external sequence; 13 calibration weeks retained for causal initialization only
observed_research,containerd/containerd,2026-06-15,external_evaluation,external,causal_rolling_mad,latency_log,latency_log,primary,13.0,3.0,2.0,True,False,-3.686466908570451,frozen component scaled-MAD score,,,466,448,114,448,426,33,False,False,0,9.0,0.2404999171102801,False,True,frozen external sequence; 13 calibration weeks retained for causal initialization only
observed_research,containerd/containerd,2026-06-15,external_evaluation,external,causal_rolling_mad,failure_rate,failure_rate,primary,13.0,3.0,2.0,True,False,0.3841425236380203,frozen component scaled-MAD score,,,466,448,114,448,426,33,False,False,0,9.0,0.2404999171102801,False,True,frozen external sequence; 13 calibration weeks retained for causal initialization only
observed_research,containerd/containerd,2026-06-15,external_evaluation,external,causal_rolling_mad,rerun_rate,rerun_rate,primary,13.0,3.0,2.0,True,False,2.6432745979488352,frozen component scaled-MAD score,,,466,448,114,448,426,33,False,False,0,9.0,0.2404999171102801,False,True,frozen external sequence; 13 calibration weeks retained for causal initialization only
observed_research,containerd/containerd,2026-06-15,external_evaluation,external,causal_rolling_mad,union,composite,primary,13.0,3.0,2.0,True,False,2.6432745979488352,maximum of three frozen component scaled-MAD scores,,,466,448,114,448,426,33,False,False,0,9.0,0.2404999171102801,False,True,frozen external sequence; 13 calibration weeks retained for causal initialization only
observed_research,containerd/containerd,2026-06-15,external_evaluation,external,causal_rolling_mad,two_of_three,composite,primary,13.0,3.0,2.0,True,False,0.3841425236380203,second-highest of three frozen component scaled-MAD scores,,,466,448,114,448,426,33,False,False,0,9.0,0.2404999171102801,False,True,frozen external sequence; 13 calibration weeks retained for causal initialization only
observed_research,containerd/containerd,2026-06-15,external_evaluation,external,mewma,mewma,composite,primary,,,,True,False,0.3467463257140903,raw mewma_stat divided by frozen control limit,2.4792482926991672,7.150034791553729,466,448,114,448,426,33,False,False,0,9.0,0.2404999171102801,False,True,frozen external sequence; 13 calibration weeks retained for causal initialization only
observed_research,containerd/containerd,2026-06-22,external_evaluation,external,causal_rolling_mad,latency_log,latency_log,primary,13.0,3.0,2.0,True,False,-2.6470623465313308,frozen component scaled-MAD score,,,667,667,150,667,631,32,False,False,0,8.0,0.2382908995277473,False,True,frozen external sequence; 13 calibration weeks retained for causal initialization only
observed_research,containerd/containerd,2026-06-22,external_evaluation,external,causal_rolling_mad,failure_rate,failure_rate,primary,13.0,3.0,2.0,True,False,-0.8391169314843426,frozen component scaled-MAD score,,,667,667,150,667,631,32,False,False,0,8.0,0.2382908995277473,False,True,frozen external sequence; 13 calibration weeks retained for causal initialization only
observed_research,containerd/containerd,2026-06-22,external_evaluation,external,causal_rolling_mad,rerun_rate,rerun_rate,primary,13.0,3.0,2.0,True,False,-0.4256753106003444,frozen component scaled-MAD score,,,667,667,150,667,631,32,False,False,0,8.0,0.2382908995277473,False,True,frozen external sequence; 13 calibration weeks retained for causal initialization only
observed_research,containerd/containerd,2026-06-22,external_evaluation,external,causal_rolling_mad,union,composite,primary,13.0,3.0,2.0,True,False,-0.4256753106003444,maximum of three frozen component scaled-MAD scores,,,667,667,150,667,631,32,False,False,0,8.0,0.2382908995277473,False,True,frozen external sequence; 13 calibration weeks retained for causal initialization only
observed_research,containerd/containerd,2026-06-22,external_evaluation,external,causal_rolling_mad,two_of_three,composite,primary,13.0,3.0,2.0,True,False,-0.8391169314843426,second-highest of three frozen component scaled-MAD scores,,,667,667,150,667,631,32,False,False,0,8.0,0.2382908995277473,False,True,frozen external sequence; 13 calibration weeks retained for causal initialization only
observed_research,containerd/containerd,2026-06-22,external_evaluation,external,mewma,mewma,composite,primary,,,,True,False,0.2897578334903359,raw mewma_stat divided by frozen control limit,2.071778590581134,7.150034791553729,667,667,150,667,631,32,False,False,0,8.0,0.2382908995277473,False,True,frozen external sequence; 13 calibration weeks retained for causal initialization only
observed_research,containerd/containerd,2026-06-29,external_evaluation,external,causal_rolling_mad,latency_log,latency_log,primary,13.0,3.0,2.0,True,False,2.974593871370561,frozen component scaled-MAD score,,,458,450,96,450,436,19,False,False,0,8.0,0.238544268797315,False,True,frozen external sequence; 13 calibration weeks retained for causal initialization only
observed_research,containerd/containerd,2026-06-29,external_evaluation,external,causal_rolling_mad,failure_rate,failure_rate,primary,13.0,3.0,2.0,True,False,-1.3359209796603513,frozen component scaled-MAD score,,,458,450,96,450,436,19,False,False,0,8.0,0.238544268797315,False,True,frozen external sequence; 13 calibration weeks retained for causal initialization only
observed_research,containerd/containerd,2026-06-29,external_evaluation,external,causal_rolling_mad,rerun_rate,rerun_rate,primary,13.0,3.0,2.0,True,False,-0.6043510134776128,frozen component scaled-MAD score,,,458,450,96,450,436,19,False,False,0,8.0,0.238544268797315,False,True,frozen external sequence; 13 calibration weeks retained for causal initialization only
observed_research,containerd/containerd,2026-06-29,external_evaluation,external,causal_rolling_mad,union,composite,primary,13.0,3.0,2.0,True,False,2.974593871370561,maximum of three frozen component scaled-MAD scores,,,458,450,96,450,436,19,False,False,0,8.0,0.238544268797315,False,True,frozen external sequence; 13 calibration weeks retained for causal initialization only
observed_research,containerd/containerd,2026-06-29,external_evaluation,external,causal_rolling_mad,two_of_three,composite,primary,13.0,3.0,2.0,True,False,-0.6043510134776128,second-highest of three frozen component scaled-MAD scores,,,458,450,96,450,436,19,False,False,0,8.0,0.238544268797315,False,True,frozen external sequence; 13 calibration weeks retained for causal initialization only
observed_research,containerd/containerd,2026-06-29,external_evaluation,external,mewma,mewma,composite,primary,,,,True,False,0.23588263959622452,raw mewma_stat divided by frozen control limit,1.6865690798365345,7.150034791553729,458,450,96,450,436,19,False,False,0,8.0,0.238544268797315,False,True,frozen external sequence; 13 calibration weeks retained for causal initialization only
observed_research,containerd/containerd,2026-07-06,external_evaluation,external,causal_rolling_mad,latency_log,latency_log,primary,13.0,3.0,2.0,True,False,0.9780295267750112,frozen component scaled-MAD score,,,565,554,123,554,517,38,False,False,0,6.0,0.2500023494400501,False,True,frozen external sequence; 13 calibration weeks retained for causal initialization only
observed_research,containerd/containerd,2026-07-06,external_evaluation,external,causal_rolling_mad,failure_rate,failure_rate,primary,13.0,3.0,2.0,True,False,-0.8545235606038157,frozen component scaled-MAD score,,,565,554,123,554,517,38,False,False,0,6.0,0.2500023494400501,False,True,frozen external sequence; 13 calibration weeks retained for causal initialization only
observed_research,containerd/containerd,2026-07-06,external_evaluation,external,causal_rolling_mad,rerun_rate,rerun_rate,primary,13.0,3.0,2.0,True,False,1.9452645335987948,frozen component scaled-MAD score,,,565,554,123,554,517,38,False,False,0,6.0,0.2500023494400501,False,True,frozen external sequence; 13 calibration weeks retained for causal initialization only
observed_research,containerd/containerd,2026-07-06,external_evaluation,external,causal_rolling_mad,union,composite,primary,13.0,3.0,2.0,True,False,1.9452645335987948,maximum of three frozen component scaled-MAD scores,,,565,554,123,554,517,38,False,False,0,6.0,0.2500023494400501,False,True,frozen external sequence; 13 calibration weeks retained for causal initialization only
observed_research,containerd/containerd,2026-07-06,external_evaluation,external,causal_rolling_mad,two_of_three,composite,primary,13.0,3.0,2.0,True,False,0.9780295267750112,second-highest of three frozen component scaled-MAD scores,,,565,554,123,554,517,38,False,False,0,6.0,0.2500023494400501,False,True,frozen external sequence; 13 calibration weeks retained for causal initialization only
observed_research,containerd/containerd,2026-07-06,external_evaluation,external,mewma,mewma,composite,primary,,,,True,False,0.3896757198274847,raw mewma_stat divided by frozen control limit,2.786194954190259,7.150034791553729,565,554,123,554,517,38,False,False,0,6.0,0.2500023494400501,False,True,frozen external sequence; 13 calibration weeks retained for causal initialization only
observed_research,containerd/containerd,2026-07-13,external_evaluation,external,causal_rolling_mad,latency_log,latency_log,primary,13.0,3.0,2.0,True,False,-1.2314058190409247,frozen component scaled-MAD score,,,432,414,88,414,398,31,False,False,0,5.0,0.2521219135802469,False,True,frozen external sequence; 13 calibration weeks retained for causal initialization only
observed_research,containerd/containerd,2026-07-13,external_evaluation,external,causal_rolling_mad,failure_rate,failure_rate,primary,13.0,3.0,2.0,True,False,-1.150079482341023,frozen component scaled-MAD score,,,432,414,88,414,398,31,False,False,0,5.0,0.2521219135802469,False,True,frozen external sequence; 13 calibration weeks retained for causal initialization only
observed_research,containerd/containerd,2026-07-13,external_evaluation,external,causal_rolling_mad,rerun_rate,rerun_rate,primary,13.0,3.0,2.0,True,False,2.087235381005939,frozen component scaled-MAD score,,,432,414,88,414,398,31,False,False,0,5.0,0.2521219135802469,False,True,frozen external sequence; 13 calibration weeks retained for causal initialization only
observed_research,containerd/containerd,2026-07-13,external_evaluation,external,causal_rolling_mad,union,composite,primary,13.0,3.0,2.0,True,False,2.087235381005939,maximum of three frozen component scaled-MAD scores,,,432,414,88,414,398,31,False,False,0,5.0,0.2521219135802469,False,True,frozen external sequence; 13 calibration weeks retained for causal initialization only
observed_research,containerd/containerd,2026-07-13,external_evaluation,external,causal_rolling_mad,two_of_three,composite,primary,13.0,3.0,2.0,True,False,-1.150079482341023,second-highest of three frozen component scaled-MAD scores,,,432,414,88,414,398,31,False,False,0,5.0,0.2521219135802469,False,True,frozen external sequence; 13 calibration weeks retained for causal initialization only
observed_research,containerd/containerd,2026-07-13,external_evaluation,external,mewma,mewma,composite,primary,,,,True,False,0.5257147823975178,raw mewma_stat divided by frozen control limit,3.7588789845763504,7.150034791553729,432,414,88,414,398,31,False,False,0,5.0,0.2521219135802469,False,True,frozen external sequence; 13 calibration weeks retained for causal initialization only
observed_research,containerd/containerd,2026-07-20,external_evaluation,external,causal_rolling_mad,latency_log,latency_log,primary,13.0,3.0,2.0,True,False,-0.7559647606270996,frozen component scaled-MAD score,,,537,527,94,527,510,25,False,False,0,7.0,0.2512718079960051,False,True,frozen external sequence; 13 calibration weeks retained for causal initialization only
observed_research,containerd/containerd,2026-07-20,external_evaluation,external,causal_rolling_mad,failure_rate,failure_rate,primary,13.0,3.0,2.0,True,False,-2.2822919065481337,frozen component scaled-MAD score,,,537,527,94,527,510,25,False,False,0,7.0,0.2512718079960051,False,True,frozen external sequence; 13 calibration weeks retained for causal initialization only
observed_research,containerd/containerd,2026-07-20,external_evaluation,external,causal_rolling_mad,rerun_rate,rerun_rate,primary,13.0,3.0,2.0,True,False,-0.1774789235807614,frozen component scaled-MAD score,,,537,527,94,527,510,25,False,False,0,7.0,0.2512718079960051,False,True,frozen external sequence; 13 calibration weeks retained for causal initialization only
observed_research,containerd/containerd,2026-07-20,external_evaluation,external,causal_rolling_mad,union,composite,primary,13.0,3.0,2.0,True,False,-0.1774789235807614,maximum of three frozen component scaled-MAD scores,,,537,527,94,527,510,25,False,False,0,7.0,0.2512718079960051,False,True,frozen external sequence; 13 calibration weeks retained for causal initialization only
observed_research,containerd/containerd,2026-07-20,external_evaluation,external,causal_rolling_mad,two_of_three,composite,primary,13.0,3.0,2.0,True,False,-0.7559647606270996,second-highest of three frozen component scaled-MAD scores,,,537,527,94,527,510,25,False,False,0,7.0,0.2512718079960051,False,True,frozen external sequence; 13 calibration weeks retained for causal initialization only
observed_research,containerd/containerd,2026-07-20,external_evaluation,external,mewma,mewma,composite,primary,,,,True,False,0.40645556901257124,raw mewma_stat divided by frozen control limit,2.9061714596606523,7.150034791553729,537,527,94,527,510,25,False,False,0,7.0,0.2512718079960051,False,True,frozen external sequence; 13 calibration weeks retained for causal initialization only
observed_research,containerd/containerd,2026-07-27,external_evaluation,external,causal_rolling_mad,latency_log,latency_log,primary,13.0,3.0,2.0,True,False,0.200653121985396,frozen component scaled-MAD score,,,361,352,58,352,343,18,False,False,0,6.0,0.2548553187897576,False,True,frozen external sequence; 13 calibration weeks retained for causal initialization only
observed_research,containerd/containerd,2026-07-27,external_evaluation,external,causal_rolling_mad,failure_rate,failure_rate,primary,13.0,3.0,2.0,True,False,-2.7521748800608816,frozen component scaled-MAD score,,,361,352,58,352,343,18,False,False,0,6.0,0.2548553187897576,False,True,frozen external sequence; 13 calibration weeks retained for causal initialization only
observed_research,containerd/containerd,2026-07-27,external_evaluation,external,causal_rolling_mad,rerun_rate,rerun_rate,primary,13.0,3.0,2.0,True,False,0.0938275358872073,frozen component scaled-MAD score,,,361,352,58,352,343,18,False,False,0,6.0,0.2548553187897576,False,True,frozen external sequence; 13 calibration weeks retained for causal initialization only
observed_research,containerd/containerd,2026-07-27,external_evaluation,external,causal_rolling_mad,union,composite,primary,13.0,3.0,2.0,True,False,0.200653121985396,maximum of three frozen component scaled-MAD scores,,,361,352,58,352,343,18,False,False,0,6.0,0.2548553187897576,False,True,frozen external sequence; 13 calibration weeks retained for causal initialization only
observed_research,containerd/containerd,2026-07-27,external_evaluation,external,causal_rolling_mad,two_of_three,composite,primary,13.0,3.0,2.0,True,False,0.0938275358872073,second-highest of three frozen component scaled-MAD scores,,,361,352,58,352,343,18,False,False,0,6.0,0.2548553187897576,False,True,frozen external sequence; 13 calibration weeks retained for causal initialization only
observed_research,containerd/containerd,2026-07-27,external_evaluation,external,mewma,mewma,composite,primary,,,,True,False,0.3532403747421087,raw mewma_stat divided by frozen control limit,2.525680969187554,7.150034791553729,361,352,58,352,343,18,False,False,0,6.0,0.2548553187897576,False,True,frozen external sequence; 13 calibration weeks retained for causal initialization only
observed_research,containerd/containerd,2026-08-03,external_evaluation,external,causal_rolling_mad,latency_log,latency_log,primary,13.0,3.0,2.0,True,False,0.3635293555546916,frozen component scaled-MAD score,,,326,317,50,317,308,17,False,False,0,6.0,0.2508938989047385,False,True,frozen external sequence; 13 calibration weeks retained for causal initialization only
observed_research,containerd/containerd,2026-08-03,external_evaluation,external,causal_rolling_mad,failure_rate,failure_rate,primary,13.0,3.0,2.0,True,False,-1.803807859987312,frozen component scaled-MAD score,,,326,317,50,317,308,17,False,False,0,6.0,0.2508938989047385,False,True,frozen external sequence; 13 calibration weeks retained for causal initialization only
observed_research,containerd/containerd,2026-08-03,external_evaluation,external,causal_rolling_mad,rerun_rate,rerun_rate,primary,13.0,3.0,2.0,True,False,0.2326170050749974,frozen component scaled-MAD score,,,326,317,50,317,308,17,False,False,0,6.0,0.2508938989047385,False,True,frozen external sequence; 13 calibration weeks retained for causal initialization only
observed_research,containerd/containerd,2026-08-03,external_evaluation,external,causal_rolling_mad,union,composite,primary,13.0,3.0,2.0,True,False,0.3635293555546916,maximum of three frozen component scaled-MAD scores,,,326,317,50,317,308,17,False,False,0,6.0,0.2508938989047385,False,True,frozen external sequence; 13 calibration weeks retained for causal initialization only
observed_research,containerd/containerd,2026-08-03,external_evaluation,external,causal_rolling_mad,two_of_three,composite,primary,13.0,3.0,2.0,True,False,0.2326170050749974,second-highest of three frozen component scaled-MAD scores,,,326,317,50,317,308,17,False,False,0,6.0,0.2508938989047385,False,True,frozen external sequence; 13 calibration weeks retained for causal initialization only
observed_research,containerd/containerd,2026-08-03,external_evaluation,external,mewma,mewma,composite,primary,,,,True,False,0.3337018888064127,raw mewma_stat divided by frozen control limit,2.385980114973045,7.150034791553729,326,317,50,317,308,17,False,False,0,6.0,0.2508938989047385,False,True,frozen external sequence; 13 calibration weeks retained for causal initialization only
observed_research,docker/cli,2026-03-30,holdout,holdout,causal_rolling_mad,latency_log,latency_log,primary,13.0,3.0,2.0,True,False,2.133064762921501,frozen component scaled-MAD score,,,368,347,35,347,341,27,False,False,0,6.0,0.2007029773156899,False,False,frozen full development sequence; preceding purge observations retained
observed_research,docker/cli,2026-03-30,holdout,holdout,causal_rolling_mad,failure_rate,failure_rate,primary,13.0,3.0,2.0,True,False,-0.7391475468049774,frozen component scaled-MAD score,,,368,347,35,347,341,27,False,False,0,6.0,0.2007029773156899,False,False,frozen full development sequence; preceding purge observations retained
observed_research,docker/cli,2026-03-30,holdout,holdout,causal_rolling_mad,rerun_rate,rerun_rate,primary,13.0,3.0,2.0,True,False,-0.685152805449472,frozen component scaled-MAD score,,,368,347,35,347,341,27,False,False,0,6.0,0.2007029773156899,False,False,frozen full development sequence; preceding purge observations retained
observed_research,docker/cli,2026-03-30,holdout,holdout,causal_rolling_mad,union,composite,primary,13.0,3.0,2.0,True,False,2.133064762921501,maximum of three frozen component scaled-MAD scores,,,368,347,35,347,341,27,False,False,0,6.0,0.2007029773156899,False,False,frozen full development sequence; preceding purge observations retained
observed_research,docker/cli,2026-03-30,holdout,holdout,causal_rolling_mad,two_of_three,composite,primary,13.0,3.0,2.0,True,False,-0.685152805449472,second-highest of three frozen component scaled-MAD scores,,,368,347,35,347,341,27,False,False,0,6.0,0.2007029773156899,False,False,frozen full development sequence; preceding purge observations retained
observed_research,docker/cli,2026-03-30,holdout,holdout,mewma,mewma,composite,primary,,,,True,False,0.8568857120678399,raw mewma_stat divided by frozen control limit,6.126762653670347,7.150034791553729,368,347,35,347,341,27,False,False,0,6.0,0.2007029773156899,False,False,frozen full development sequence; preceding purge observations retained
observed_research,docker/cli,2026-04-06,holdout,holdout,causal_rolling_mad,latency_log,latency_log,primary,13.0,3.0,2.0,True,False,2.004830420582135,frozen component scaled-MAD score,,,84,71,2,71,70,14,False,False,0,6.0,0.2001133786848072,False,False,frozen full development sequence; preceding purge observations retained
observed_research,docker/cli,2026-04-06,holdout,holdout,causal_rolling_mad,failure_rate,failure_rate,primary,13.0,3.0,2.0,True,False,-2.852543214422305,frozen component scaled-MAD score,,,84,71,2,71,70,14,False,False,0,6.0,0.2001133786848072,False,False,frozen full development sequence; preceding purge observations retained
observed_research,docker/cli,2026-04-06,holdout,holdout,causal_rolling_mad,rerun_rate,rerun_rate,primary,13.0,3.0,2.0,True,False,2.3939672026493235,frozen component scaled-MAD score,,,84,71,2,71,70,14,False,False,0,6.0,0.2001133786848072,False,False,frozen full development sequence; preceding purge observations retained
observed_research,docker/cli,2026-04-06,holdout,holdout,causal_rolling_mad,union,composite,primary,13.0,3.0,2.0,True,False,2.3939672026493235,maximum of three frozen component scaled-MAD scores,,,84,71,2,71,70,14,False,False,0,6.0,0.2001133786848072,False,False,frozen full development sequence; preceding purge observations retained
observed_research,docker/cli,2026-04-06,holdout,holdout,causal_rolling_mad,two_of_three,composite,primary,13.0,3.0,2.0,True,False,2.004830420582135,second-highest of three frozen component scaled-MAD scores,,,84,71,2,71,70,14,False,False,0,6.0,0.2001133786848072,False,False,frozen full development sequence; preceding purge observations retained
observed_research,docker/cli,2026-04-06,holdout,holdout,mewma,mewma,composite,primary,,,,True,True,1.1942509258015943,raw mewma_stat divided by frozen control limit,8.53893566932665,7.150034791553729,84,71,2,71,70,14,False,False,0,6.0,0.2001133786848072,False,False,frozen full development sequence; preceding purge observations retained
observed_research,docker/cli,2026-04-13,holdout,holdout,causal_rolling_mad,latency_log,latency_log,primary,13.0,3.0,2.0,True,False,2.2821490068764363,frozen component scaled-MAD score,,,142,106,7,106,106,36,False,False,0,6.0,0.1938107518349534,False,False,frozen full development sequence; preceding purge observations retained
observed_research,docker/cli,2026-04-13,holdout,holdout,causal_rolling_mad,failure_rate,failure_rate,primary,13.0,3.0,2.0,True,False,-1.717947291769965,frozen component scaled-MAD score,,,142,106,7,106,106,36,False,False,0,6.0,0.1938107518349534,False,False,frozen full development sequence; preceding purge observations retained
observed_research,docker/cli,2026-04-13,holdout,holdout,causal_rolling_mad,rerun_rate,rerun_rate,primary,13.0,3.0,2.0,True,False,5.922183017036058,frozen component scaled-MAD score,,,142,106,7,106,106,36,False,False,0,6.0,0.1938107518349534,False,False,frozen full development sequence; preceding purge observations retained
observed_research,docker/cli,2026-04-13,holdout,holdout,causal_rolling_mad,union,composite,primary,13.0,3.0,2.0,True,False,5.922183017036058,maximum of three frozen component scaled-MAD scores,,,142,106,7,106,106,36,False,False,0,6.0,0.1938107518349534,False,False,frozen full development sequence; preceding purge observations retained
observed_research,docker/cli,2026-04-13,holdout,holdout,causal_rolling_mad,two_of_three,composite,primary,13.0,3.0,2.0,True,False,2.2821490068764363,second-highest of three frozen component scaled-MAD scores,,,142,106,7,106,106,36,False,False,0,6.0,0.1938107518349534,False,False,frozen full development sequence; preceding purge observations retained
observed_research,docker/cli,2026-04-13,holdout,holdout,mewma,mewma,composite,primary,,,,True,True,2.235774107570058,raw mewma_stat divided by frozen control limit,15.985862655180904,7.150034791553729,142,106,7,106,106,36,False,False,0,6.0,0.1938107518349534,False,False,frozen full development sequence; preceding purge observations retained
observed_research,docker/cli,2026-04-20,holdout,holdout,causal_rolling_mad,latency_log,latency_log,primary,13.0,3.0,2.0,True,False,3.1517731020319357,frozen component scaled-MAD score,,,350,304,47,304,304,46,False,False,0,7.0,0.1618938775510204,False,False,frozen full development sequence; preceding purge observations retained
observed_research,docker/cli,2026-04-20,holdout,holdout,causal_rolling_mad,failure_rate,failure_rate,primary,13.0,3.0,2.0,True,False,1.1743365901601444,frozen component scaled-MAD score,,,350,304,47,304,304,46,False,False,0,7.0,0.1618938775510204,False,False,frozen full development sequence; preceding purge observations retained
observed_research,docker/cli,2026-04-20,holdout,holdout,causal_rolling_mad,rerun_rate,rerun_rate,primary,13.0,3.0,2.0,True,False,0.2476197260968238,frozen component scaled-MAD score,,,350,304,47,304,304,46,False,False,0,7.0,0.1618938775510204,False,False,frozen full development sequence; preceding purge observations retained
observed_research,docker/cli,2026-04-20,holdout,holdout,causal_rolling_mad,union,composite,primary,13.0,3.0,2.0,True,True,3.1517731020319357,maximum of three frozen component scaled-MAD scores,,,350,304,47,304,304,46,False,False,0,7.0,0.1618938775510204,False,False,frozen full development sequence; preceding purge observations retained
observed_research,docker/cli,2026-04-20,holdout,holdout,causal_rolling_mad,two_of_three,composite,primary,13.0,3.0,2.0,True,False,1.1743365901601444,second-highest of three frozen component scaled-MAD scores,,,350,304,47,304,304,46,False,False,0,7.0,0.1618938775510204,False,False,frozen full development sequence; preceding purge observations retained
observed_research,docker/cli,2026-04-20,holdout,holdout,mewma,mewma,composite,primary,,,,True,True,2.1980477354478487,raw mewma_stat divided by frozen control limit,15.716117781948006,7.150034791553729,350,304,47,304,304,46,False,False,0,7.0,0.1618938775510204,False,False,frozen full development sequence; preceding purge observations retained
observed_research,docker/cli,2026-04-27,holdout,holdout,causal_rolling_mad,latency_log,latency_log,primary,13.0,3.0,2.0,True,True,4.046661106621476,frozen component scaled-MAD score,,,34,34,25,34,34,0,False,False,0,7.0,0.4065743944636678,False,False,frozen full development sequence; preceding purge observations retained
observed_research,docker/cli,2026-04-27,holdout,holdout,causal_rolling_mad,failure_rate,failure_rate,primary,13.0,3.0,2.0,True,False,18.3338402155632,frozen component scaled-MAD score,,,34,34,25,34,34,0,False,False,0,7.0,0.4065743944636678,False,False,frozen full development sequence; preceding purge observations retained
observed_research,docker/cli,2026-04-27,holdout,holdout,causal_rolling_mad,rerun_rate,rerun_rate,primary,13.0,3.0,2.0,True,False,-1.6866173796406254,frozen component scaled-MAD score,,,34,34,25,34,34,0,False,False,0,7.0,0.4065743944636678,False,False,frozen full development sequence; preceding purge observations retained
observed_research,docker/cli,2026-04-27,holdout,holdout,causal_rolling_mad,union,composite,primary,13.0,3.0,2.0,True,True,18.3338402155632,maximum of three frozen component scaled-MAD scores,,,34,34,25,34,34,0,False,False,0,7.0,0.4065743944636678,False,False,frozen full development sequence; preceding purge observations retained
observed_research,docker/cli,2026-04-27,holdout,holdout,causal_rolling_mad,two_of_three,composite,primary,13.0,3.0,2.0,True,False,4.046661106621476,second-highest of three frozen component scaled-MAD scores,,,34,34,25,34,34,0,False,False,0,7.0,0.4065743944636678,False,False,frozen full development sequence; preceding purge observations retained
observed_research,docker/cli,2026-04-27,holdout,holdout,mewma,mewma,composite,primary,,,,True,True,2.1753242702609676,raw mewma_stat divided by frozen control limit,15.553644215277144,7.150034791553729,34,34,25,34,34,0,False,False,0,7.0,0.4065743944636678,False,False,frozen full development sequence; preceding purge observations retained
observed_research,docker/cli,2026-05-04,holdout,holdout,causal_rolling_mad,latency_log,latency_log,primary,13.0,3.0,2.0,True,False,2.9961462946901296,frozen component scaled-MAD score,,,269,230,55,229,225,44,False,False,0,7.0,0.1737538176642113,False,False,frozen full development sequence; preceding purge observations retained
observed_research,docker/cli,2026-05-04,holdout,holdout,causal_rolling_mad,failure_rate,failure_rate,primary,13.0,3.0,2.0,True,False,2.929731738357949,frozen component scaled-MAD score,,,269,230,55,229,225,44,False,False,0,7.0,0.1737538176642113,False,False,frozen full development sequence; preceding purge observations retained
observed_research,docker/cli,2026-05-04,holdout,holdout,causal_rolling_mad,rerun_rate,rerun_rate,primary,13.0,3.0,2.0,True,False,0.813127115658323,frozen component scaled-MAD score,,,269,230,55,229,225,44,False,False,0,7.0,0.1737538176642113,False,False,frozen full development sequence; preceding purge observations retained
observed_research,docker/cli,2026-05-04,holdout,holdout,causal_rolling_mad,union,composite,primary,13.0,3.0,2.0,True,False,2.9961462946901296,maximum of three frozen component scaled-MAD scores,,,269,230,55,229,225,44,False,False,0,7.0,0.1737538176642113,False,False,frozen full development sequence; preceding purge observations retained
observed_research,docker/cli,2026-05-04,holdout,holdout,causal_rolling_mad,two_of_three,composite,primary,13.0,3.0,2.0,True,False,2.929731738357949,second-highest of three frozen component scaled-MAD scores,,,269,230,55,229,225,44,False,False,0,7.0,0.1737538176642113,False,False,frozen full development sequence; preceding purge observations retained
observed_research,docker/cli,2026-05-04,holdout,holdout,mewma,mewma,composite,primary,,,,True,True,2.9849681535469053,raw mewma_stat divided by frozen control limit,21.342626149540266,7.150034791553729,269,230,55,229,225,44,False,False,0,7.0,0.1737538176642113,False,False,frozen full development sequence; preceding purge observations retained
observed_research,docker/cli,2026-05-11,holdout,holdout,causal_rolling_mad,latency_log,latency_log,primary,13.0,3.0,2.0,True,False,1.7584176415578603,frozen component scaled-MAD score,,,603,439,58,439,448,151,False,False,0,7.0,0.1647236454543204,False,False,frozen full development sequence; preceding purge observations retained
observed_research,docker/cli,2026-05-11,holdout,holdout,causal_rolling_mad,failure_rate,failure_rate,primary,13.0,3.0,2.0,True,False,-0.344468472139927,frozen component scaled-MAD score,,,603,439,58,439,448,151,False,False,0,7.0,0.1647236454543204,False,False,frozen full development sequence; preceding purge observations retained
observed_research,docker/cli,2026-05-11,holdout,holdout,causal_rolling_mad,rerun_rate,rerun_rate,primary,13.0,3.0,2.0,True,False,2.083831536735222,frozen component scaled-MAD score,,,603,439,58,439,448,151,False,False,0,7.0,0.1647236454543204,False,False,frozen full development sequence; preceding purge observations retained
observed_research,docker/cli,2026-05-11,holdout,holdout,causal_rolling_mad,union,composite,primary,13.0,3.0,2.0,True,False,2.083831536735222,maximum of three frozen component scaled-MAD scores,,,603,439,58,439,448,151,False,False,0,7.0,0.1647236454543204,False,False,frozen full development sequence; preceding purge observations retained
observed_research,docker/cli,2026-05-11,holdout,holdout,causal_rolling_mad,two_of_three,composite,primary,13.0,3.0,2.0,True,False,1.7584176415578603,second-highest of three frozen component scaled-MAD scores,,,603,439,58,439,448,151,False,False,0,7.0,0.1647236454543204,False,False,frozen full development sequence; preceding purge observations retained
observed_research,docker/cli,2026-05-11,holdout,holdout,mewma,mewma,composite,primary,,,,True,True,4.277734062460014,raw mewma_stat divided by frozen control limit,30.58594737560357,7.150034791553729,603,439,58,439,448,151,False,False,0,7.0,0.1647236454543204,False,False,frozen full development sequence; preceding purge observations retained
observed_research,docker/cli,2026-05-18,holdout,holdout,causal_rolling_mad,latency_log,latency_log,primary,13.0,3.0,2.0,True,False,0.1300683951413814,frozen component scaled-MAD score,,,139,129,25,129,133,6,False,False,0,7.0,0.2045960354018943,False,False,frozen full development sequence; preceding purge observations retained
observed_research,docker/cli,2026-05-18,holdout,holdout,causal_rolling_mad,failure_rate,failure_rate,primary,13.0,3.0,2.0,True,False,1.8500883471580056,frozen component scaled-MAD score,,,139,129,25,129,133,6,False,False,0,7.0,0.2045960354018943,False,False,frozen full development sequence; preceding purge observations retained
observed_research,docker/cli,2026-05-18,holdout,holdout,causal_rolling_mad,rerun_rate,rerun_rate,primary,13.0,3.0,2.0,True,False,-0.9930138858713804,frozen component scaled-MAD score,,,139,129,25,129,133,6,False,False,0,7.0,0.2045960354018943,False,False,frozen full development sequence; preceding purge observations retained
observed_research,docker/cli,2026-05-18,holdout,holdout,causal_rolling_mad,union,composite,primary,13.0,3.0,2.0,True,False,1.8500883471580056,maximum of three frozen component scaled-MAD scores,,,139,129,25,129,133,6,False,False,0,7.0,0.2045960354018943,False,False,frozen full development sequence; preceding purge observations retained
observed_research,docker/cli,2026-05-18,holdout,holdout,causal_rolling_mad,two_of_three,composite,primary,13.0,3.0,2.0,True,False,0.1300683951413814,second-highest of three frozen component scaled-MAD scores,,,139,129,25,129,133,6,False,False,0,7.0,0.2045960354018943,False,False,frozen full development sequence; preceding purge observations retained
observed_research,docker/cli,2026-05-18,holdout,holdout,mewma,mewma,composite,primary,,,,True,True,3.1403259041215477,raw mewma_stat divided by frozen control limit,22.453439471286487,7.150034791553729,139,129,25,129,133,6,False,False,0,7.0,0.2045960354018943,False,False,frozen full development sequence; preceding purge observations retained
observed_research,docker/cli,2026-05-25,holdout,holdout,causal_rolling_mad,latency_log,latency_log,primary,13.0,3.0,2.0,True,False,0.474857913514753,frozen component scaled-MAD score,,,200,147,32,147,138,61,False,False,0,8.0,0.15165,False,False,frozen full development sequence; preceding purge observations retained
observed_research,docker/cli,2026-05-25,holdout,holdout,causal_rolling_mad,failure_rate,failure_rate,primary,13.0,3.0,2.0,True,False,1.1704931641609524,frozen component scaled-MAD score,,,200,147,32,147,138,61,False,False,0,8.0,0.15165,False,False,frozen full development sequence; preceding purge observations retained
observed_research,docker/cli,2026-05-25,holdout,holdout,causal_rolling_mad,rerun_rate,rerun_rate,primary,13.0,3.0,2.0,True,False,2.695512916059798,frozen component scaled-MAD score,,,200,147,32,147,138,61,False,False,0,8.0,0.15165,False,False,frozen full development sequence; preceding purge observations retained
observed_research,docker/cli,2026-05-25,holdout,holdout,causal_rolling_mad,union,composite,primary,13.0,3.0,2.0,True,False,2.695512916059798,maximum of three frozen component scaled-MAD scores,,,200,147,32,147,138,61,False,False,0,8.0,0.15165,False,False,frozen full development sequence; preceding purge observations retained
observed_research,docker/cli,2026-05-25,holdout,holdout,causal_rolling_mad,two_of_three,composite,primary,13.0,3.0,2.0,True,False,1.1704931641609524,second-highest of three frozen component scaled-MAD scores,,,200,147,32,147,138,61,False,False,0,8.0,0.15165,False,False,frozen full development sequence; preceding purge observations retained
observed_research,docker/cli,2026-05-25,holdout,holdout,mewma,mewma,composite,primary,,,,True,True,4.038103150836548,raw mewma_stat divided by frozen control limit,28.872578020364053,7.150034791553729,200,147,32,147,138,61,False,False,0,8.0,0.15165,False,False,frozen full development sequence; preceding purge observations retained
observed_research,docker/cli,2026-06-01,holdout,holdout,causal_rolling_mad,latency_log,latency_log,primary,13.0,3.0,2.0,True,False,1.4379270206255506,frozen component scaled-MAD score,,,334,260,50,259,263,71,False,False,0,9.0,0.1519954103768511,False,False,frozen full development sequence; preceding purge observations retained
observed_research,docker/cli,2026-06-01,holdout,holdout,causal_rolling_mad,failure_rate,failure_rate,primary,13.0,3.0,2.0,True,False,0.672118550752314,frozen component scaled-MAD score,,,334,260,50,259,263,71,False,False,0,9.0,0.1519954103768511,False,False,frozen full development sequence; preceding purge observations retained
observed_research,docker/cli,2026-06-01,holdout,holdout,causal_rolling_mad,rerun_rate,rerun_rate,primary,13.0,3.0,2.0,True,False,0.4290021657594116,frozen component scaled-MAD score,,,334,260,50,259,263,71,False,False,0,9.0,0.1519954103768511,False,False,frozen full development sequence; preceding purge observations retained
observed_research,docker/cli,2026-06-01,holdout,holdout,causal_rolling_mad,union,composite,primary,13.0,3.0,2.0,True,False,1.4379270206255506,maximum of three frozen component scaled-MAD scores,,,334,260,50,259,263,71,False,False,0,9.0,0.1519954103768511,False,False,frozen full development sequence; preceding purge observations retained
observed_research,docker/cli,2026-06-01,holdout,holdout,causal_rolling_mad,two_of_three,composite,primary,13.0,3.0,2.0,True,False,0.672118550752314,second-highest of three frozen component scaled-MAD scores,,,334,260,50,259,263,71,False,False,0,9.0,0.1519954103768511,False,False,frozen full development sequence; preceding purge observations retained
observed_research,docker/cli,2026-06-01,holdout,holdout,mewma,mewma,composite,primary,,,,True,True,4.744694161454726,raw mewma_stat divided by frozen control limit,33.924728329683134,7.150034791553729,334,260,50,259,263,71,False,False,0,9.0,0.1519954103768511,False,False,frozen full development sequence; preceding purge observations retained
observed_research,docker/cli,2026-06-08,holdout,holdout,causal_rolling_mad,latency_log,latency_log,primary,13.0,3.0,2.0,True,False,1.971826251496689,frozen component scaled-MAD score,,,504,428,69,427,436,66,False,False,0,9.0,0.1265510833963214,False,False,frozen full development sequence; preceding purge observations retained
observed_research,docker/cli,2026-06-08,holdout,holdout,causal_rolling_mad,failure_rate,failure_rate,primary,13.0,3.0,2.0,True,False,0.1354826684723195,frozen component scaled-MAD score,,,504,428,69,427,436,66,False,False,0,9.0,0.1265510833963214,False,False,frozen full development sequence; preceding purge observations retained
observed_research,docker/cli,2026-06-08,holdout,holdout,causal_rolling_mad,rerun_rate,rerun_rate,primary,13.0,3.0,2.0,True,False,-0.2547234718110979,frozen component scaled-MAD score,,,504,428,69,427,436,66,False,False,0,9.0,0.1265510833963214,False,False,frozen full development sequence; preceding purge observations retained
observed_research,docker/cli,2026-06-08,holdout,holdout,causal_rolling_mad,union,composite,primary,13.0,3.0,2.0,True,False,1.971826251496689,maximum of three frozen component scaled-MAD scores,,,504,428,69,427,436,66,False,False,0,9.0,0.1265510833963214,False,False,frozen full development sequence; preceding purge observations retained
observed_research,docker/cli,2026-06-08,holdout,holdout,causal_rolling_mad,two_of_three,composite,primary,13.0,3.0,2.0,True,False,0.1354826684723195,second-highest of three frozen component scaled-MAD scores,,,504,428,69,427,436,66,False,False,0,9.0,0.1265510833963214,False,False,frozen full development sequence; preceding purge observations retained
observed_research,docker/cli,2026-06-08,holdout,holdout,mewma,mewma,composite,primary,,,,True,True,4.552792070584352,raw mewma_stat divided by frozen control limit,32.552621703388056,7.150034791553729,504,428,69,427,436,66,False,False,0,9.0,0.1265510833963214,False,False,frozen full development sequence; preceding purge observations retained
observed_research,docker/cli,2026-06-15,holdout,holdout,causal_rolling_mad,latency_log,latency_log,primary,13.0,3.0,2.0,True,False,-0.2524936507872457,frozen component scaled-MAD score,,,83,66,15,66,60,19,False,False,0,9.0,0.1270140804180577,False,False,frozen full development sequence; preceding purge observations retained
observed_research,docker/cli,2026-06-15,holdout,holdout,causal_rolling_mad,failure_rate,failure_rate,primary,13.0,3.0,2.0,True,False,1.2505625975816403,frozen component scaled-MAD score,,,83,66,15,66,60,19,False,False,0,9.0,0.1270140804180577,False,False,frozen full development sequence; preceding purge observations retained
observed_research,docker/cli,2026-06-15,holdout,holdout,causal_rolling_mad,rerun_rate,rerun_rate,primary,13.0,3.0,2.0,True,False,1.531314604548272,frozen component scaled-MAD score,,,83,66,15,66,60,19,False,False,0,9.0,0.1270140804180577,False,False,frozen full development sequence; preceding purge observations retained
observed_research,docker/cli,2026-06-15,holdout,holdout,causal_rolling_mad,union,composite,primary,13.0,3.0,2.0,True,False,1.531314604548272,maximum of three frozen component scaled-MAD scores,,,83,66,15,66,60,19,False,False,0,9.0,0.1270140804180577,False,False,frozen full development sequence; preceding purge observations retained
observed_research,docker/cli,2026-06-15,holdout,holdout,causal_rolling_mad,two_of_three,composite,primary,13.0,3.0,2.0,True,False,1.2505625975816403,second-highest of three frozen component scaled-MAD scores,,,83,66,15,66,60,19,False,False,0,9.0,0.1270140804180577,False,False,frozen full development sequence; preceding purge observations retained
observed_research,docker/cli,2026-06-15,holdout,holdout,mewma,mewma,composite,primary,,,,True,True,5.2480557201411315,raw mewma_stat divided by frozen control limit,37.52378098702165,7.150034791553729,83,66,15,66,60,19,False,False,0,9.0,0.1270140804180577,False,False,frozen full development sequence; preceding purge observations retained
observed_research,docker/cli,2026-06-22,holdout,holdout,causal_rolling_mad,latency_log,latency_log,primary,13.0,3.0,2.0,True,False,0.3188579203850077,frozen component scaled-MAD score,,,164,149,21,149,142,19,False,False,0,9.0,0.125,False,False,frozen full development sequence; preceding purge observations retained
observed_research,docker/cli,2026-06-22,holdout,holdout,causal_rolling_mad,failure_rate,failure_rate,primary,13.0,3.0,2.0,True,False,-0.2421644496369945,frozen component scaled-MAD score,,,164,149,21,149,142,19,False,False,0,9.0,0.125,False,False,frozen full development sequence; preceding purge observations retained
observed_research,docker/cli,2026-06-22,holdout,holdout,causal_rolling_mad,rerun_rate,rerun_rate,primary,13.0,3.0,2.0,True,False,-0.3579037931006082,frozen component scaled-MAD score,,,164,149,21,149,142,19,False,False,0,9.0,0.125,False,False,frozen full development sequence; preceding purge observations retained
observed_research,docker/cli,2026-06-22,holdout,holdout,causal_rolling_mad,union,composite,primary,13.0,3.0,2.0,True,False,0.3188579203850077,maximum of three frozen component scaled-MAD scores,,,164,149,21,149,142,19,False,False,0,9.0,0.125,False,False,frozen full development sequence; preceding purge observations retained
observed_research,docker/cli,2026-06-22,holdout,holdout,causal_rolling_mad,two_of_three,composite,primary,13.0,3.0,2.0,True,False,-0.2421644496369945,second-highest of three frozen component scaled-MAD scores,,,164,149,21,149,142,19,False,False,0,9.0,0.125,False,False,frozen full development sequence; preceding purge observations retained
observed_research,docker/cli,2026-06-22,holdout,holdout,mewma,mewma,composite,primary,,,,True,True,4.542771825167891,raw mewma_stat divided by frozen control limit,32.48097660004045,7.150034791553729,164,149,21,149,142,19,False,False,0,9.0,0.125,False,False,frozen full development sequence; preceding purge observations retained
observed_research,docker/cli,2026-06-29,holdout,holdout,causal_rolling_mad,latency_log,latency_log,primary,13.0,3.0,2.0,True,False,0.3831467195685856,frozen component scaled-MAD score,,,122,119,21,118,120,2,False,False,0,9.0,0.1460628863208814,False,False,frozen full development sequence; preceding purge observations retained
observed_research,docker/cli,2026-06-29,holdout,holdout,causal_rolling_mad,failure_rate,failure_rate,primary,13.0,3.0,2.0,True,False,0.1822099919269486,frozen component scaled-MAD score,,,122,119,21,118,120,2,False,False,0,9.0,0.1460628863208814,False,False,frozen full development sequence; preceding purge observations retained
observed_research,docker/cli,2026-06-29,holdout,holdout,causal_rolling_mad,rerun_rate,rerun_rate,primary,13.0,3.0,2.0,True,False,-1.0367963149855686,frozen component scaled-MAD score,,,122,119,21,118,120,2,False,False,0,9.0,0.1460628863208814,False,False,frozen full development sequence; preceding purge observations retained
observed_research,docker/cli,2026-06-29,holdout,holdout,causal_rolling_mad,union,composite,primary,13.0,3.0,2.0,True,False,0.3831467195685856,maximum of three frozen component scaled-MAD scores,,,122,119,21,118,120,2,False,False,0,9.0,0.1460628863208814,False,False,frozen full development sequence; preceding purge observations retained
observed_research,docker/cli,2026-06-29,holdout,holdout,causal_rolling_mad,two_of_three,composite,primary,13.0,3.0,2.0,True,False,0.1822099919269486,second-highest of three frozen component scaled-MAD scores,,,122,119,21,118,120,2,False,False,0,9.0,0.1460628863208814,False,False,frozen full development sequence; preceding purge observations retained
observed_research,docker/cli,2026-06-29,holdout,holdout,mewma,mewma,composite,primary,,,,True,True,3.380766770321801,raw mewma_stat divided by frozen control limit,24.17260002992961,7.150034791553729,122,119,21,118,120,2,False,False,0,9.0,0.1460628863208814,False,False,frozen full development sequence; preceding purge observations retained
observed_research,docker/cli,2026-07-06,holdout,holdout,causal_rolling_mad,latency_log,latency_log,primary,13.0,3.0,2.0,True,False,0.1823274941208265,frozen component scaled-MAD score,,,435,372,31,371,400,34,False,False,0,9.0,0.1178121284185493,False,False,frozen full development sequence; preceding purge observations retained
observed_research,docker/cli,2026-07-06,holdout,holdout,causal_rolling_mad,failure_rate,failure_rate,primary,13.0,3.0,2.0,True,False,-1.524152662797842,frozen component scaled-MAD score,,,435,372,31,371,400,34,False,False,0,9.0,0.1178121284185493,False,False,frozen full development sequence; preceding purge observations retained
observed_research,docker/cli,2026-07-06,holdout,holdout,causal_rolling_mad,rerun_rate,rerun_rate,primary,13.0,3.0,2.0,True,False,-0.6157048675956074,frozen component scaled-MAD score,,,435,372,31,371,400,34,False,False,0,9.0,0.1178121284185493,False,False,frozen full development sequence; preceding purge observations retained
observed_research,docker/cli,2026-07-06,holdout,holdout,causal_rolling_mad,union,composite,primary,13.0,3.0,2.0,True,False,0.1823274941208265,maximum of three frozen component scaled-MAD scores,,,435,372,31,371,400,34,False,False,0,9.0,0.1178121284185493,False,False,frozen full development sequence; preceding purge observations retained
observed_research,docker/cli,2026-07-06,holdout,holdout,causal_rolling_mad,two_of_three,composite,primary,13.0,3.0,2.0,True,False,-0.6157048675956074,second-highest of three frozen component scaled-MAD scores,,,435,372,31,371,400,34,False,False,0,9.0,0.1178121284185493,False,False,frozen full development sequence; preceding purge observations retained
observed_research,docker/cli,2026-07-06,holdout,holdout,mewma,mewma,composite,primary,,,,True,True,3.011159396431773,raw mewma_stat divided by frozen control limit,21.529894447401105,7.150034791553729,435,372,31,371,400,34,False,False,0,9.0,0.1178121284185493,False,False,frozen full development sequence; preceding purge observations retained
observed_research,docker/cli,2026-07-13,holdout,holdout,causal_rolling_mad,latency_log,latency_log,primary,13.0,3.0,2.0,True,False,0.3457796421082176,frozen component scaled-MAD score,,,137,102,6,102,126,11,False,False,0,9.0,0.1173743939474665,False,False,frozen full development sequence; preceding purge observations retained
observed_research,docker/cli,2026-07-13,holdout,holdout,causal_rolling_mad,failure_rate,failure_rate,primary,13.0,3.0,2.0,True,False,-1.925245468797274,frozen component scaled-MAD score,,,137,102,6,102,126,11,False,False,0,9.0,0.1173743939474665,False,False,frozen full development sequence; preceding purge observations retained
observed_research,docker/cli,2026-07-13,holdout,holdout,causal_rolling_mad,rerun_rate,rerun_rate,primary,13.0,3.0,2.0,True,False,-0.3644423465011503,frozen component scaled-MAD score,,,137,102,6,102,126,11,False,False,0,9.0,0.1173743939474665,False,False,frozen full development sequence; preceding purge observations retained
observed_research,docker/cli,2026-07-13,holdout,holdout,causal_rolling_mad,union,composite,primary,13.0,3.0,2.0,True,False,0.3457796421082176,maximum of three frozen component scaled-MAD scores,,,137,102,6,102,126,11,False,False,0,9.0,0.1173743939474665,False,False,frozen full development sequence; preceding purge observations retained
observed_research,docker/cli,2026-07-13,holdout,holdout,causal_rolling_mad,two_of_three,composite,primary,13.0,3.0,2.0,True,False,-0.3644423465011503,second-highest of three frozen component scaled-MAD scores,,,137,102,6,102,126,11,False,False,0,9.0,0.1173743939474665,False,False,frozen full development sequence; preceding purge observations retained
observed_research,docker/cli,2026-07-13,holdout,holdout,mewma,mewma,composite,primary,,,,True,True,2.8679472993887596,raw mewma_stat divided by frozen control limit,20.50592297097219,7.150034791553729,137,102,6,102,126,11,False,False,0,9.0,0.1173743939474665,False,False,frozen full development sequence; preceding purge observations retained
observed_research,docker/cli,2026-07-20,holdout,holdout,causal_rolling_mad,latency_log,latency_log,primary,13.0,3.0,2.0,True,False,-0.7438374951434746,frozen component scaled-MAD score,,,301,201,31,200,242,59,False,False,0,9.0,0.1490380900873059,False,False,frozen full development sequence; preceding purge observations retained
observed_research,docker/cli,2026-07-20,holdout,holdout,causal_rolling_mad,failure_rate,failure_rate,primary,13.0,3.0,2.0,True,False,-0.3639767552950073,frozen component scaled-MAD score,,,301,201,31,200,242,59,False,False,0,9.0,0.1490380900873059,False,False,frozen full development sequence; preceding purge observations retained
observed_research,docker/cli,2026-07-20,holdout,holdout,causal_rolling_mad,rerun_rate,rerun_rate,primary,13.0,3.0,2.0,True,False,0.5873737638475689,frozen component scaled-MAD score,,,301,201,31,200,242,59,False,False,0,9.0,0.1490380900873059,False,False,frozen full development sequence; preceding purge observations retained
observed_research,docker/cli,2026-07-20,holdout,holdout,causal_rolling_mad,union,composite,primary,13.0,3.0,2.0,True,False,0.5873737638475689,maximum of three frozen component scaled-MAD scores,,,301,201,31,200,242,59,False,False,0,9.0,0.1490380900873059,False,False,frozen full development sequence; preceding purge observations retained
observed_research,docker/cli,2026-07-20,holdout,holdout,causal_rolling_mad,two_of_three,composite,primary,13.0,3.0,2.0,True,False,-0.3639767552950073,second-highest of three frozen component scaled-MAD scores,,,301,201,31,200,242,59,False,False,0,9.0,0.1490380900873059,False,False,frozen full development sequence; preceding purge observations retained
observed_research,docker/cli,2026-07-20,holdout,holdout,mewma,mewma,composite,primary,,,,True,True,3.1767561704606346,raw mewma_stat divided by frozen control limit,22.713917143076525,7.150034791553729,301,201,31,200,242,59,False,False,0,9.0,0.1490380900873059,False,False,frozen full development sequence; preceding purge observations retained
observed_research,docker/cli,2026-07-27,holdout,holdout,causal_rolling_mad,latency_log,latency_log,primary,13.0,3.0,2.0,True,False,2.296735187459348,frozen component scaled-MAD score,,,408,314,60,313,375,32,False,False,0,10.0,0.1315359477124182,False,False,frozen full development sequence; preceding purge observations retained
observed_research,docker/cli,2026-07-27,holdout,holdout,causal_rolling_mad,failure_rate,failure_rate,primary,13.0,3.0,2.0,True,False,0.2391228448506173,frozen component scaled-MAD score,,,408,314,60,313,375,32,False,False,0,10.0,0.1315359477124182,False,False,frozen full development sequence; preceding purge observations retained
observed_research,docker/cli,2026-07-27,holdout,holdout,causal_rolling_mad,rerun_rate,rerun_rate,primary,13.0,3.0,2.0,True,False,-0.4191968462058469,frozen component scaled-MAD score,,,408,314,60,313,375,32,False,False,0,10.0,0.1315359477124182,False,False,frozen full development sequence; preceding purge observations retained
observed_research,docker/cli,2026-07-27,holdout,holdout,causal_rolling_mad,union,composite,primary,13.0,3.0,2.0,True,False,2.296735187459348,maximum of three frozen component scaled-MAD scores,,,408,314,60,313,375,32,False,False,0,10.0,0.1315359477124182,False,False,frozen full development sequence; preceding purge observations retained
observed_research,docker/cli,2026-07-27,holdout,holdout,causal_rolling_mad,two_of_three,composite,primary,13.0,3.0,2.0,True,False,0.2391228448506173,second-highest of three frozen component scaled-MAD scores,,,408,314,60,313,375,32,False,False,0,10.0,0.1315359477124182,False,False,frozen full development sequence; preceding purge observations retained
observed_research,docker/cli,2026-07-27,holdout,holdout,mewma,mewma,composite,primary,,,,True,True,3.52793843440597,raw mewma_stat divided by frozen control limit,25.22488254846228,7.150034791553729,408,314,60,313,375,32,False,False,0,10.0,0.1315359477124182,False,False,frozen full development sequence; preceding purge observations retained
observed_research,docker/cli,2026-08-03,holdout,holdout,causal_rolling_mad,latency_log,latency_log,primary,13.0,3.0,2.0,True,False,7.613700577630863,frozen component scaled-MAD score,,,279,134,28,134,248,31,False,False,0,9.0,0.1271437931167379,False,False,frozen full development sequence; preceding purge observations retained
observed_research,docker/cli,2026-08-03,holdout,holdout,causal_rolling_mad,failure_rate,failure_rate,primary,13.0,3.0,2.0,True,False,0.6166612864004094,frozen component scaled-MAD score,,,279,134,28,134,248,31,False,False,0,9.0,0.1271437931167379,False,False,frozen full development sequence; preceding purge observations retained
observed_research,docker/cli,2026-08-03,holdout,holdout,causal_rolling_mad,rerun_rate,rerun_rate,primary,13.0,3.0,2.0,True,False,-0.1924843912657264,frozen component scaled-MAD score,,,279,134,28,134,248,31,False,False,0,9.0,0.1271437931167379,False,False,frozen full development sequence; preceding purge observations retained
observed_research,docker/cli,2026-08-03,holdout,holdout,causal_rolling_mad,union,composite,primary,13.0,3.0,2.0,True,False,7.613700577630863,maximum of three frozen component scaled-MAD scores,,,279,134,28,134,248,31,False,False,0,9.0,0.1271437931167379,False,False,frozen full development sequence; preceding purge observations retained
observed_research,docker/cli,2026-08-03,holdout,holdout,causal_rolling_mad,two_of_three,composite,primary,13.0,3.0,2.0,True,False,0.6166612864004094,second-highest of three frozen component scaled-MAD scores,,,279,134,28,134,248,31,False,False,0,9.0,0.1271437931167379,False,False,frozen full development sequence; preceding purge observations retained
observed_research,docker/cli,2026-08-03,holdout,holdout,mewma,mewma,composite,primary,,,,True,True,4.4130332558109595,raw mewma_stat divided by frozen control limit,31.553341315331988,7.150034791553729,279,134,28,134,248,31,False,False,0,9.0,0.1271437931167379,False,False,frozen full development sequence; preceding purge observations retained
observed_research,helm/helm,2025-09-22,external_evaluation,external,causal_rolling_mad,latency_log,latency_log,primary,13.0,3.0,2.0,False,,0.9333700686774312,frozen component scaled-MAD score,,,99,84,4,84,84,15,False,False,0,3.0,0.3333333333333333,False,True,frozen external sequence; 13 calibration weeks retained for causal initialization only
observed_research,helm/helm,2025-09-22,external_evaluation,external,causal_rolling_mad,failure_rate,failure_rate,primary,13.0,3.0,2.0,False,,-1.3183096954849318,frozen component scaled-MAD score,,,99,84,4,84,84,15,False,False,0,3.0,0.3333333333333333,False,True,frozen external sequence; 13 calibration weeks retained for causal initialization only
observed_research,helm/helm,2025-09-22,external_evaluation,external,causal_rolling_mad,rerun_rate,rerun_rate,primary,13.0,3.0,2.0,False,,-0.0717152116128336,frozen component scaled-MAD score,,,99,84,4,84,84,15,False,False,0,3.0,0.3333333333333333,False,True,frozen external sequence; 13 calibration weeks retained for causal initialization only
observed_research,helm/helm,2025-09-22,external_evaluation,external,causal_rolling_mad,union,composite,primary,13.0,3.0,2.0,False,,0.9333700686774312,maximum of three frozen component scaled-MAD scores,,,99,84,4,84,84,15,False,False,0,3.0,0.3333333333333333,False,True,frozen external sequence; 13 calibration weeks retained for causal initialization only
observed_research,helm/helm,2025-09-22,external_evaluation,external,causal_rolling_mad,two_of_three,composite,primary,13.0,3.0,2.0,False,,-0.0717152116128336,second-highest of three frozen component scaled-MAD scores,,,99,84,4,84,84,15,False,False,0,3.0,0.3333333333333333,False,True,frozen external sequence; 13 calibration weeks retained for causal initialization only
observed_research,helm/helm,2025-09-22,external_evaluation,external,mewma,mewma,composite,primary,,,,True,False,0.10280894732811176,raw mewma_stat divided by frozen control limit,0.7350875502790138,7.150034791553729,99,84,4,84,84,15,False,False,0,3.0,0.3333333333333333,False,True,frozen external sequence; 13 calibration weeks retained for causal initialization only
observed_research,helm/helm,2025-09-29,external_evaluation,external,causal_rolling_mad,latency_log,latency_log,primary,13.0,3.0,2.0,True,False,1.3136417348189957,frozen component scaled-MAD score,,,99,90,6,90,93,6,False,False,0,3.0,0.3333333333333333,False,True,frozen external sequence; 13 calibration weeks retained for causal initialization only
observed_research,helm/helm,2025-09-29,external_evaluation,external,causal_rolling_mad,failure_rate,failure_rate,primary,13.0,3.0,2.0,True,False,-0.51305526622482,frozen component scaled-MAD score,,,99,90,6,90,93,6,False,False,0,3.0,0.3333333333333333,False,True,frozen external sequence; 13 calibration weeks retained for causal initialization only
observed_research,helm/helm,2025-09-29,external_evaluation,external,causal_rolling_mad,rerun_rate,rerun_rate,primary,13.0,3.0,2.0,True,False,-0.9790994895628004,frozen component scaled-MAD score,,,99,90,6,90,93,6,False,False,0,3.0,0.3333333333333333,False,True,frozen external sequence; 13 calibration weeks retained for causal initialization only
observed_research,helm/helm,2025-09-29,external_evaluation,external,causal_rolling_mad,union,composite,primary,13.0,3.0,2.0,True,False,1.3136417348189957,maximum of three frozen component scaled-MAD scores,,,99,90,6,90,93,6,False,False,0,3.0,0.3333333333333333,False,True,frozen external sequence; 13 calibration weeks retained for causal initialization only
observed_research,helm/helm,2025-09-29,external_evaluation,external,causal_rolling_mad,two_of_three,composite,primary,13.0,3.0,2.0,True,False,-0.51305526622482,second-highest of three frozen component scaled-MAD scores,,,99,90,6,90,93,6,False,False,0,3.0,0.3333333333333333,False,True,frozen external sequence; 13 calibration weeks retained for causal initialization only
observed_research,helm/helm,2025-09-29,external_evaluation,external,mewma,mewma,composite,primary,,,,True,False,0.1399644211827766,raw mewma_stat divided by frozen control limit,1.0007504810365324,7.150034791553729,99,90,6,90,93,6,False,False,0,3.0,0.3333333333333333,False,True,frozen external sequence; 13 calibration weeks retained for causal initialization only
observed_research,helm/helm,2025-10-06,external_evaluation,external,causal_rolling_mad,latency_log,latency_log,primary,13.0,3.0,2.0,True,False,1.6836043393761986,frozen component scaled-MAD score,,,135,123,4,123,123,12,False,False,0,3.0,0.3333333333333333,False,True,frozen external sequence; 13 calibration weeks retained for causal initialization only
observed_research,helm/helm,2025-10-06,external_evaluation,external,causal_rolling_mad,failure_rate,failure_rate,primary,13.0,3.0,2.0,True,False,-1.2645807664418054,frozen component scaled-MAD score,,,135,123,4,123,123,12,False,False,0,3.0,0.3333333333333333,False,True,frozen external sequence; 13 calibration weeks retained for causal initialization only
observed_research,helm/helm,2025-10-06,external_evaluation,external,causal_rolling_mad,rerun_rate,rerun_rate,primary,13.0,3.0,2.0,True,False,-0.6556896233239361,frozen component scaled-MAD score,,,135,123,4,123,123,12,False,False,0,3.0,0.3333333333333333,False,True,frozen external sequence; 13 calibration weeks retained for causal initialization only
observed_research,helm/helm,2025-10-06,external_evaluation,external,causal_rolling_mad,union,composite,primary,13.0,3.0,2.0,True,False,1.6836043393761986,maximum of three frozen component scaled-MAD scores,,,135,123,4,123,123,12,False,False,0,3.0,0.3333333333333333,False,True,frozen external sequence; 13 calibration weeks retained for causal initialization only
observed_research,helm/helm,2025-10-06,external_evaluation,external,causal_rolling_mad,two_of_three,composite,primary,13.0,3.0,2.0,True,False,-0.6556896233239361,second-highest of three frozen component scaled-MAD scores,,,135,123,4,123,123,12,False,False,0,3.0,0.3333333333333333,False,True,frozen external sequence; 13 calibration weeks retained for causal initialization only
observed_research,helm/helm,2025-10-06,external_evaluation,external,mewma,mewma,composite,primary,,,,True,False,0.20574052634832068,raw mewma_stat divided by frozen control limit,1.4710519214230695,7.150034791553729,135,123,4,123,123,12,False,False,0,3.0,0.3333333333333333,False,True,frozen external sequence; 13 calibration weeks retained for causal initialization only
observed_research,helm/helm,2025-10-13,external_evaluation,external,causal_rolling_mad,latency_log,latency_log,primary,13.0,3.0,2.0,True,False,0.2040946080595382,frozen component scaled-MAD score,,,120,111,9,111,111,9,False,False,0,3.0,0.3333333333333333,False,True,frozen external sequence; 13 calibration weeks retained for causal initialization only
observed_research,helm/helm,2025-10-13,external_evaluation,external,causal_rolling_mad,failure_rate,failure_rate,primary,13.0,3.0,2.0,True,False,-0.1676222915772418,frozen component scaled-MAD score,,,120,111,9,111,111,9,False,False,0,3.0,0.3333333333333333,False,True,frozen external sequence; 13 calibration weeks retained for causal initialization only
observed_research,helm/helm,2025-10-13,external_evaluation,external,causal_rolling_mad,rerun_rate,rerun_rate,primary,13.0,3.0,2.0,True,False,-0.5257635900755666,frozen component scaled-MAD score,,,120,111,9,111,111,9,False,False,0,3.0,0.3333333333333333,False,True,frozen external sequence; 13 calibration weeks retained for causal initialization only
observed_research,helm/helm,2025-10-13,external_evaluation,external,causal_rolling_mad,union,composite,primary,13.0,3.0,2.0,True,False,0.2040946080595382,maximum of three frozen component scaled-MAD scores,,,120,111,9,111,111,9,False,False,0,3.0,0.3333333333333333,False,True,frozen external sequence; 13 calibration weeks retained for causal initialization only
observed_research,helm/helm,2025-10-13,external_evaluation,external,causal_rolling_mad,two_of_three,composite,primary,13.0,3.0,2.0,True,False,-0.1676222915772418,second-highest of three frozen component scaled-MAD scores,,,120,111,9,111,111,9,False,False,0,3.0,0.3333333333333333,False,True,frozen external sequence; 13 calibration weeks retained for causal initialization only
observed_research,helm/helm,2025-10-13,external_evaluation,external,mewma,mewma,composite,primary,,,,True,False,0.2041401660648256,raw mewma_stat divided by frozen control limit,1.459609289717059,7.150034791553729,120,111,9,111,111,9,False,False,0,3.0,0.3333333333333333,False,True,frozen external sequence; 13 calibration weeks retained for causal initialization only
observed_research,helm/helm,2025-10-20,external_evaluation,external,causal_rolling_mad,latency_log,latency_log,primary,13.0,3.0,2.0,True,False,0.9420817841501709,frozen component scaled-MAD score,,,128,116,10,116,116,12,False,False,0,3.0,0.33349609375,False,True,frozen external sequence; 13 calibration weeks retained for causal initialization only
observed_research,helm/helm,2025-10-20,external_evaluation,external,causal_rolling_mad,failure_rate,failure_rate,primary,13.0,3.0,2.0,True,False,0.0487583681549339,frozen component scaled-MAD score,,,128,116,10,116,116,12,False,False,0,3.0,0.33349609375,False,True,frozen external sequence; 13 calibration weeks retained for causal initialization only
observed_research,helm/helm,2025-10-20,external_evaluation,external,causal_rolling_mad,rerun_rate,rerun_rate,primary,13.0,3.0,2.0,True,False,-0.0613623288151852,frozen component scaled-MAD score,,,128,116,10,116,116,12,False,False,0,3.0,0.33349609375,False,True,frozen external sequence; 13 calibration weeks retained for causal initialization only
observed_research,helm/helm,2025-10-20,external_evaluation,external,causal_rolling_mad,union,composite,primary,13.0,3.0,2.0,True,False,0.9420817841501709,maximum of three frozen component scaled-MAD scores,,,128,116,10,116,116,12,False,False,0,3.0,0.33349609375,False,True,frozen external sequence; 13 calibration weeks retained for causal initialization only
observed_research,helm/helm,2025-10-20,external_evaluation,external,causal_rolling_mad,two_of_three,composite,primary,13.0,3.0,2.0,True,False,0.0487583681549339,second-highest of three frozen component scaled-MAD scores,,,128,116,10,116,116,12,False,False,0,3.0,0.33349609375,False,True,frozen external sequence; 13 calibration weeks retained for causal initialization only
observed_research,helm/helm,2025-10-20,external_evaluation,external,mewma,mewma,composite,primary,,,,True,False,0.26051436992660654,raw mewma_stat divided by frozen control limit,1.862686808674935,7.150034791553729,128,116,10,116,116,12,False,False,0,3.0,0.33349609375,False,True,frozen external sequence; 13 calibration weeks retained for causal initialization only
observed_research,helm/helm,2025-10-27,external_evaluation,external,causal_rolling_mad,latency_log,latency_log,primary,13.0,3.0,2.0,True,False,-1.1500283566176783,frozen component scaled-MAD score,,,135,126,7,126,126,9,False,False,0,3.0,0.3333333333333333,False,True,frozen external sequence; 13 calibration weeks retained for causal initialization only
observed_research,helm/helm,2025-10-27,external_evaluation,external,causal_rolling_mad,failure_rate,failure_rate,primary,13.0,3.0,2.0,True,False,-0.7602103549075346,frozen component scaled-MAD score,,,135,126,7,126,126,9,False,False,0,3.0,0.3333333333333333,False,True,frozen external sequence; 13 calibration weeks retained for causal initialization only
observed_research,helm/helm,2025-10-27,external_evaluation,external,causal_rolling_mad,rerun_rate,rerun_rate,primary,13.0,3.0,2.0,True,False,-0.5967444303646381,frozen component scaled-MAD score,,,135,126,7,126,126,9,False,False,0,3.0,0.3333333333333333,False,True,frozen external sequence; 13 calibration weeks retained for causal initialization only
observed_research,helm/helm,2025-10-27,external_evaluation,external,causal_rolling_mad,union,composite,primary,13.0,3.0,2.0,True,False,-0.5967444303646381,maximum of three frozen component scaled-MAD scores,,,135,126,7,126,126,9,False,False,0,3.0,0.3333333333333333,False,True,frozen external sequence; 13 calibration weeks retained for causal initialization only
observed_research,helm/helm,2025-10-27,external_evaluation,external,causal_rolling_mad,two_of_three,composite,primary,13.0,3.0,2.0,True,False,-0.7602103549075346,second-highest of three frozen component scaled-MAD scores,,,135,126,7,126,126,9,False,False,0,3.0,0.3333333333333333,False,True,frozen external sequence; 13 calibration weeks retained for causal initialization only
observed_research,helm/helm,2025-10-27,external_evaluation,external,mewma,mewma,composite,primary,,,,True,False,0.14937717037865714,raw mewma_stat divided by frozen control limit,1.0680519652712477,7.150034791553729,135,126,7,126,126,9,False,False,0,3.0,0.3333333333333333,False,True,frozen external sequence; 13 calibration weeks retained for causal initialization only
observed_research,helm/helm,2025-11-03,external_evaluation,external,causal_rolling_mad,latency_log,latency_log,primary,13.0,3.0,2.0,True,False,-2.118999161348558,frozen component scaled-MAD score,,,108,96,7,96,96,12,False,False,0,3.0,0.3333333333333333,False,True,frozen external sequence; 13 calibration weeks retained for causal initialization only
observed_research,helm/helm,2025-11-03,external_evaluation,external,causal_rolling_mad,failure_rate,failure_rate,primary,13.0,3.0,2.0,True,False,-0.3009294541063069,frozen component scaled-MAD score,,,108,96,7,96,96,12,False,False,0,3.0,0.3333333333333333,False,True,frozen external sequence; 13 calibration weeks retained for causal initialization only
observed_research,helm/helm,2025-11-03,external_evaluation,external,causal_rolling_mad,rerun_rate,rerun_rate,primary,13.0,3.0,2.0,True,False,0.5901794145420199,frozen component scaled-MAD score,,,108,96,7,96,96,12,False,False,0,3.0,0.3333333333333333,False,True,frozen external sequence; 13 calibration weeks retained for causal initialization only
observed_research,helm/helm,2025-11-03,external_evaluation,external,causal_rolling_mad,union,composite,primary,13.0,3.0,2.0,True,False,0.5901794145420199,maximum of three frozen component scaled-MAD scores,,,108,96,7,96,96,12,False,False,0,3.0,0.3333333333333333,False,True,frozen external sequence; 13 calibration weeks retained for causal initialization only
observed_research,helm/helm,2025-11-03,external_evaluation,external,causal_rolling_mad,two_of_three,composite,primary,13.0,3.0,2.0,True,False,-0.3009294541063069,second-highest of three frozen component scaled-MAD scores,,,108,96,7,96,96,12,False,False,0,3.0,0.3333333333333333,False,True,frozen external sequence; 13 calibration weeks retained for causal initialization only
observed_research,helm/helm,2025-11-03,external_evaluation,external,mewma,mewma,composite,primary,,,,True,False,0.04072869168426941,raw mewma_stat divided by frozen control limit,0.2912115625569913,7.150034791553729,108,96,7,96,96,12,False,False,0,3.0,0.3333333333333333,False,True,frozen external sequence; 13 calibration weeks retained for causal initialization only
observed_research,helm/helm,2025-11-10,external_evaluation,external,causal_rolling_mad,latency_log,latency_log,primary,13.0,3.0,2.0,True,False,-0.9737554715552053,frozen component scaled-MAD score,,,204,192,11,192,192,12,False,False,0,3.0,0.3333333333333333,False,True,frozen external sequence; 13 calibration weeks retained for causal initialization only
observed_research,helm/helm,2025-11-10,external_evaluation,external,causal_rolling_mad,failure_rate,failure_rate,primary,13.0,3.0,2.0,True,False,-0.7209121845149788,frozen component scaled-MAD score,,,204,192,11,192,192,12,False,False,0,3.0,0.3333333333333333,False,True,frozen external sequence; 13 calibration weeks retained for causal initialization only
observed_research,helm/helm,2025-11-10,external_evaluation,external,causal_rolling_mad,rerun_rate,rerun_rate,primary,13.0,3.0,2.0,True,False,-0.9339102823522064,frozen component scaled-MAD score,,,204,192,11,192,192,12,False,False,0,3.0,0.3333333333333333,False,True,frozen external sequence; 13 calibration weeks retained for causal initialization only
observed_research,helm/helm,2025-11-10,external_evaluation,external,causal_rolling_mad,union,composite,primary,13.0,3.0,2.0,True,False,-0.7209121845149788,maximum of three frozen component scaled-MAD scores,,,204,192,11,192,192,12,False,False,0,3.0,0.3333333333333333,False,True,frozen external sequence; 13 calibration weeks retained for causal initialization only
observed_research,helm/helm,2025-11-10,external_evaluation,external,causal_rolling_mad,two_of_three,composite,primary,13.0,3.0,2.0,True,False,-0.9339102823522064,second-highest of three frozen component scaled-MAD scores,,,204,192,11,192,192,12,False,False,0,3.0,0.3333333333333333,False,True,frozen external sequence; 13 calibration weeks retained for causal initialization only
observed_research,helm/helm,2025-11-10,external_evaluation,external,mewma,mewma,composite,primary,,,,True,False,0.02408157269677356,raw mewma_stat divided by frozen control limit,0.1721840826172613,7.150034791553729,204,192,11,192,192,12,False,False,0,3.0,0.3333333333333333,False,True,frozen external sequence; 13 calibration weeks retained for causal initialization only
observed_research,helm/helm,2025-11-17,external_evaluation,external,causal_rolling_mad,latency_log,latency_log,primary,13.0,3.0,2.0,True,False,-1.011256078350995,frozen component scaled-MAD score,,,132,120,5,120,120,12,False,False,0,3.0,0.3333333333333333,False,True,frozen external sequence; 13 calibration weeks retained for causal initialization only
observed_research,helm/helm,2025-11-17,external_evaluation,external,causal_rolling_mad,failure_rate,failure_rate,primary,13.0,3.0,2.0,True,False,-1.1174994831564893,frozen component scaled-MAD score,,,132,120,5,120,120,12,False,False,0,3.0,0.3333333333333333,False,True,frozen external sequence; 13 calibration weeks retained for causal initialization only
observed_research,helm/helm,2025-11-17,external_evaluation,external,causal_rolling_mad,rerun_rate,rerun_rate,primary,13.0,3.0,2.0,True,False,0.0629524708844821,frozen component scaled-MAD score,,,132,120,5,120,120,12,False,False,0,3.0,0.3333333333333333,False,True,frozen external sequence; 13 calibration weeks retained for causal initialization only
observed_research,helm/helm,2025-11-17,external_evaluation,external,causal_rolling_mad,union,composite,primary,13.0,3.0,2.0,True,False,0.0629524708844821,maximum of three frozen component scaled-MAD scores,,,132,120,5,120,120,12,False,False,0,3.0,0.3333333333333333,False,True,frozen external sequence; 13 calibration weeks retained for causal initialization only
observed_research,helm/helm,2025-11-17,external_evaluation,external,causal_rolling_mad,two_of_three,composite,primary,13.0,3.0,2.0,True,False,-1.011256078350995,second-highest of three frozen component scaled-MAD scores,,,132,120,5,120,120,12,False,False,0,3.0,0.3333333333333333,False,True,frozen external sequence; 13 calibration weeks retained for causal initialization only
observed_research,helm/helm,2025-11-17,external_evaluation,external,mewma,mewma,composite,primary,,,,True,False,0.010005616295815797,raw mewma_stat divided by frozen control limit,0.0715405046260199,7.150034791553729,132,120,5,120,120,12,False,False,0,3.0,0.3333333333333333,False,True,frozen external sequence; 13 calibration weeks retained for causal initialization only
observed_research,helm/helm,2025-11-24,external_evaluation,external,causal_rolling_mad,latency_log,latency_log,primary,13.0,3.0,2.0,True,False,-1.0887805952827538,frozen component scaled-MAD score,,,75,60,4,60,59,15,False,False,0,3.0,0.3336888888888888,False,True,frozen external sequence; 13 calibration weeks retained for causal initialization only
observed_research,helm/helm,2025-11-24,external_evaluation,external,causal_rolling_mad,failure_rate,failure_rate,primary,13.0,3.0,2.0,True,False,-0.2428166734115746,frozen component scaled-MAD score,,,75,60,4,60,59,15,False,False,0,3.0,0.3336888888888888,False,True,frozen external sequence; 13 calibration weeks retained for causal initialization only
observed_research,helm/helm,2025-11-24,external_evaluation,external,causal_rolling_mad,rerun_rate,rerun_rate,primary,13.0,3.0,2.0,True,False,4.043896011054022,frozen component scaled-MAD score,,,75,60,4,60,59,15,False,False,0,3.0,0.3336888888888888,False,True,frozen external sequence; 13 calibration weeks retained for causal initialization only
observed_research,helm/helm,2025-11-24,external_evaluation,external,causal_rolling_mad,union,composite,primary,13.0,3.0,2.0,True,False,4.043896011054022,maximum of three frozen component scaled-MAD scores,,,75,60,4,60,59,15,False,False,0,3.0,0.3336888888888888,False,True,frozen external sequence; 13 calibration weeks retained for causal initialization only
observed_research,helm/helm,2025-11-24,external_evaluation,external,causal_rolling_mad,two_of_three,composite,primary,13.0,3.0,2.0,True,False,-0.2428166734115746,second-highest of three frozen component scaled-MAD scores,,,75,60,4,60,59,15,False,False,0,3.0,0.3336888888888888,False,True,frozen external sequence; 13 calibration weeks retained for causal initialization only
observed_research,helm/helm,2025-11-24,external_evaluation,external,mewma,mewma,composite,primary,,,,True,False,0.002298770708846304,raw mewma_stat divided by frozen control limit,0.0164362905460557,7.150034791553729,75,60,4,60,59,15,False,False,0,3.0,0.3336888888888888,False,True,frozen external sequence; 13 calibration weeks retained for causal initialization only
observed_research,helm/helm,2025-12-01,external_evaluation,external,causal_rolling_mad,latency_log,latency_log,primary,13.0,3.0,2.0,True,False,-0.9452587297970696,frozen component scaled-MAD score,,,78,63,0,63,63,15,False,False,0,3.0,0.3333333333333333,False,True,frozen external sequence; 13 calibration weeks retained for causal initialization only
observed_research,helm/helm,2025-12-01,external_evaluation,external,causal_rolling_mad,failure_rate,failure_rate,primary,13.0,3.0,2.0,True,False,-2.3607176581680878,frozen component scaled-MAD score,,,78,63,0,63,63,15,False,False,0,3.0,0.3333333333333333,False,True,frozen external sequence; 13 calibration weeks retained for causal initialization only
observed_research,helm/helm,2025-12-01,external_evaluation,external,causal_rolling_mad,rerun_rate,rerun_rate,primary,13.0,3.0,2.0,True,True,3.4391616746938367,frozen component scaled-MAD score,,,78,63,0,63,63,15,False,False,0,3.0,0.3333333333333333,False,True,frozen external sequence; 13 calibration weeks retained for causal initialization only
observed_research,helm/helm,2025-12-01,external_evaluation,external,causal_rolling_mad,union,composite,primary,13.0,3.0,2.0,True,True,3.4391616746938367,maximum of three frozen component scaled-MAD scores,,,78,63,0,63,63,15,False,False,0,3.0,0.3333333333333333,False,True,frozen external sequence; 13 calibration weeks retained for causal initialization only
observed_research,helm/helm,2025-12-01,external_evaluation,external,causal_rolling_mad,two_of_three,composite,primary,13.0,3.0,2.0,True,False,-0.9452587297970696,second-highest of three frozen component scaled-MAD scores,,,78,63,0,63,63,15,False,False,0,3.0,0.3333333333333333,False,True,frozen external sequence; 13 calibration weeks retained for causal initialization only
observed_research,helm/helm,2025-12-01,external_evaluation,external,mewma,mewma,composite,primary,,,,True,False,0.0,raw mewma_stat divided by frozen control limit,0.0,7.150034791553729,78,63,0,63,63,15,False,False,0,3.0,0.3333333333333333,False,True,frozen external sequence; 13 calibration weeks retained for causal initialization only
observed_research,helm/helm,2025-12-08,external_evaluation,external,causal_rolling_mad,latency_log,latency_log,primary,13.0,3.0,2.0,True,False,-0.8399722918522629,frozen component scaled-MAD score,,,179,161,7,161,160,19,False,False,0,4.0,0.3003963671545832,False,True,frozen external sequence; 13 calibration weeks retained for causal initialization only
observed_research,helm/helm,2025-12-08,external_evaluation,external,causal_rolling_mad,failure_rate,failure_rate,primary,13.0,3.0,2.0,True,False,-0.8211191854497685,frozen component scaled-MAD score,,,179,161,7,161,160,19,False,False,0,4.0,0.3003963671545832,False,True,frozen external sequence; 13 calibration weeks retained for causal initialization only
observed_research,helm/helm,2025-12-08,external_evaluation,external,causal_rolling_mad,rerun_rate,rerun_rate,primary,13.0,3.0,2.0,True,False,0.4669551411761029,frozen component scaled-MAD score,,,179,161,7,161,160,19,False,False,0,4.0,0.3003963671545832,False,True,frozen external sequence; 13 calibration weeks retained for causal initialization only
observed_research,helm/helm,2025-12-08,external_evaluation,external,causal_rolling_mad,union,composite,primary,13.0,3.0,2.0,True,False,0.4669551411761029,maximum of three frozen component scaled-MAD scores,,,179,161,7,161,160,19,False,False,0,4.0,0.3003963671545832,False,True,frozen external sequence; 13 calibration weeks retained for causal initialization only
observed_research,helm/helm,2025-12-08,external_evaluation,external,causal_rolling_mad,two_of_three,composite,primary,13.0,3.0,2.0,True,False,-0.8211191854497685,second-highest of three frozen component scaled-MAD scores,,,179,161,7,161,160,19,False,False,0,4.0,0.3003963671545832,False,True,frozen external sequence; 13 calibration weeks retained for causal initialization only
observed_research,helm/helm,2025-12-08,external_evaluation,external,mewma,mewma,composite,primary,,,,True,False,0.0,raw mewma_stat divided by frozen control limit,0.0,7.150034791553729,179,161,7,161,160,19,False,False,0,4.0,0.3003963671545832,False,True,frozen external sequence; 13 calibration weeks retained for causal initialization only
observed_research,helm/helm,2025-12-15,external_evaluation,external,causal_rolling_mad,latency_log,latency_log,primary,13.0,3.0,2.0,True,False,-0.1674227773264424,frozen component scaled-MAD score,,,107,95,10,95,94,13,False,False,0,4.0,0.310332780155472,False,True,frozen external sequence; 13 calibration weeks retained for causal initialization only
observed_research,helm/helm,2025-12-15,external_evaluation,external,causal_rolling_mad,failure_rate,failure_rate,primary,13.0,3.0,2.0,True,False,2.0708049633053367,frozen component scaled-MAD score,,,107,95,10,95,94,13,False,False,0,4.0,0.310332780155472,False,True,frozen external sequence; 13 calibration weeks retained for causal initialization only
observed_research,helm/helm,2025-12-15,external_evaluation,external,causal_rolling_mad,rerun_rate,rerun_rate,primary,13.0,3.0,2.0,True,False,0.9537807138916145,frozen component scaled-MAD score,,,107,95,10,95,94,13,False,False,0,4.0,0.310332780155472,False,True,frozen external sequence; 13 calibration weeks retained for causal initialization only
observed_research,helm/helm,2025-12-15,external_evaluation,external,causal_rolling_mad,union,composite,primary,13.0,3.0,2.0,True,False,2.0708049633053367,maximum of three frozen component scaled-MAD scores,,,107,95,10,95,94,13,False,False,0,4.0,0.310332780155472,False,True,frozen external sequence; 13 calibration weeks retained for causal initialization only
observed_research,helm/helm,2025-12-15,external_evaluation,external,causal_rolling_mad,two_of_three,composite,primary,13.0,3.0,2.0,True,False,0.9537807138916145,second-highest of three frozen component scaled-MAD scores,,,107,95,10,95,94,13,False,False,0,4.0,0.310332780155472,False,True,frozen external sequence; 13 calibration weeks retained for causal initialization only
observed_research,helm/helm,2025-12-15,external_evaluation,external,mewma,mewma,composite,primary,,,,True,False,0.0,raw mewma_stat divided by frozen control limit,0.0,7.150034791553729,107,95,10,95,94,13,False,False,0,4.0,0.310332780155472,False,True,frozen external sequence; 13 calibration weeks retained for causal initialization only
observed_research,helm/helm,2025-12-22,external_evaluation,external,causal_rolling_mad,latency_log,latency_log,primary,13.0,3.0,2.0,True,False,0.0423766975547418,frozen component scaled-MAD score,,,66,51,10,51,51,15,False,False,0,4.0,0.2837465564738292,False,True,frozen external sequence; 13 calibration weeks retained for causal initialization only
observed_research,helm/helm,2025-12-22,external_evaluation,external,causal_rolling_mad,failure_rate,failure_rate,primary,13.0,3.0,2.0,True,False,5.991064981233288,frozen component scaled-MAD score,,,66,51,10,51,51,15,False,False,0,4.0,0.2837465564738292,False,True,frozen external sequence; 13 calibration weeks retained for causal initialization only
observed_research,helm/helm,2025-12-22,external_evaluation,external,causal_rolling_mad,rerun_rate,rerun_rate,primary,13.0,3.0,2.0,True,False,4.016424612991858,frozen component scaled-MAD score,,,66,51,10,51,51,15,False,False,0,4.0,0.2837465564738292,False,True,frozen external sequence; 13 calibration weeks retained for causal initialization only
observed_research,helm/helm,2025-12-22,external_evaluation,external,causal_rolling_mad,union,composite,primary,13.0,3.0,2.0,True,False,5.991064981233288,maximum of three frozen component scaled-MAD scores,,,66,51,10,51,51,15,False,False,0,4.0,0.2837465564738292,False,True,frozen external sequence; 13 calibration weeks retained for causal initialization only
observed_research,helm/helm,2025-12-22,external_evaluation,external,causal_rolling_mad,two_of_three,composite,primary,13.0,3.0,2.0,True,False,4.016424612991858,second-highest of three frozen component scaled-MAD scores,,,66,51,10,51,51,15,False,False,0,4.0,0.2837465564738292,False,True,frozen external sequence; 13 calibration weeks retained for causal initialization only
observed_research,helm/helm,2025-12-22,external_evaluation,external,mewma,mewma,composite,primary,,,,True,False,0.0,raw mewma_stat divided by frozen control limit,0.0,7.150034791553729,66,51,10,51,51,15,False,False,0,4.0,0.2837465564738292,False,True,frozen external sequence; 13 calibration weeks retained for causal initialization only
observed_research,helm/helm,2025-12-29,external_evaluation,external,causal_rolling_mad,latency_log,latency_log,primary,13.0,3.0,2.0,True,False,-3.536905384955233,frozen component scaled-MAD score,,,27,21,1,21,21,6,False,False,0,3.0,0.3333333333333333,False,True,frozen external sequence; 13 calibration weeks retained for causal initialization only
observed_research,helm/helm,2025-12-29,external_evaluation,external,causal_rolling_mad,failure_rate,failure_rate,primary,13.0,3.0,2.0,True,False,-0.6574867907502915,frozen component scaled-MAD score,,,27,21,1,21,21,6,False,False,0,3.0,0.3333333333333333,False,True,frozen external sequence; 13 calibration weeks retained for causal initialization only
observed_research,helm/helm,2025-12-29,external_evaluation,external,causal_rolling_mad,rerun_rate,rerun_rate,primary,13.0,3.0,2.0,True,True,3.839408938559086,frozen component scaled-MAD score,,,27,21,1,21,21,6,False,False,0,3.0,0.3333333333333333,False,True,frozen external sequence; 13 calibration weeks retained for causal initialization only
observed_research,helm/helm,2025-12-29,external_evaluation,external,causal_rolling_mad,union,composite,primary,13.0,3.0,2.0,True,True,3.839408938559086,maximum of three frozen component scaled-MAD scores,,,27,21,1,21,21,6,False,False,0,3.0,0.3333333333333333,False,True,frozen external sequence; 13 calibration weeks retained for causal initialization only
observed_research,helm/helm,2025-12-29,external_evaluation,external,causal_rolling_mad,two_of_three,composite,primary,13.0,3.0,2.0,True,False,-0.6574867907502915,second-highest of three frozen component scaled-MAD scores,,,27,21,1,21,21,6,False,False,0,3.0,0.3333333333333333,False,True,frozen external sequence; 13 calibration weeks retained for causal initialization only
observed_research,helm/helm,2025-12-29,external_evaluation,external,mewma,mewma,composite,primary,,,,True,False,0.0006187352190122216,raw mewma_stat divided by frozen control limit,0.004423978342697,7.150034791553729,27,21,1,21,21,6,False,False,0,3.0,0.3333333333333333,False,True,frozen external sequence; 13 calibration weeks retained for causal initialization only
observed_research,helm/helm,2026-01-05,external_evaluation,external,causal_rolling_mad,latency_log,latency_log,primary,13.0,3.0,2.0,True,False,-3.262396406843754,frozen component scaled-MAD score,,,131,112,14,112,112,19,False,False,0,5.0,0.2832585513664705,False,True,frozen external sequence; 13 calibration weeks retained for causal initialization only
observed_research,helm/helm,2026-01-05,external_evaluation,external,causal_rolling_mad,failure_rate,failure_rate,primary,13.0,3.0,2.0,True,False,2.9227932910652488,frozen component scaled-MAD score,,,131,112,14,112,112,19,False,False,0,5.0,0.2832585513664705,False,True,frozen external sequence; 13 calibration weeks retained for causal initialization only
observed_research,helm/helm,2026-01-05,external_evaluation,external,causal_rolling_mad,rerun_rate,rerun_rate,primary,13.0,3.0,2.0,True,False,0.9112754719642122,frozen component scaled-MAD score,,,131,112,14,112,112,19,False,False,0,5.0,0.2832585513664705,False,True,frozen external sequence; 13 calibration weeks retained for causal initialization only
observed_research,helm/helm,2026-01-05,external_evaluation,external,causal_rolling_mad,union,composite,primary,13.0,3.0,2.0,True,False,2.9227932910652488,maximum of three frozen component scaled-MAD scores,,,131,112,14,112,112,19,False,False,0,5.0,0.2832585513664705,False,True,frozen external sequence; 13 calibration weeks retained for causal initialization only
observed_research,helm/helm,2026-01-05,external_evaluation,external,causal_rolling_mad,two_of_three,composite,primary,13.0,3.0,2.0,True,False,0.9112754719642122,second-highest of three frozen component scaled-MAD scores,,,131,112,14,112,112,19,False,False,0,5.0,0.2832585513664705,False,True,frozen external sequence; 13 calibration weeks retained for causal initialization only
observed_research,helm/helm,2026-01-05,external_evaluation,external,mewma,mewma,composite,primary,,,,True,False,8.85902843323864e-05,raw mewma_stat divided by frozen control limit,0.0006334236151702,7.150034791553729,131,112,14,112,112,19,False,False,0,5.0,0.2832585513664705,False,True,frozen external sequence; 13 calibration weeks retained for causal initialization only
observed_research,helm/helm,2026-01-12,external_evaluation,external,causal_rolling_mad,latency_log,latency_log,primary,13.0,3.0,2.0,True,False,-0.9476353679268372,frozen component scaled-MAD score,,,120,111,5,111,111,9,False,False,0,4.0,0.3226388888888889,False,True,frozen external sequence; 13 calibration weeks retained for causal initialization only
observed_research,helm/helm,2026-01-12,external_evaluation,external,causal_rolling_mad,failure_rate,failure_rate,primary,13.0,3.0,2.0,True,False,-0.7463363570678997,frozen component scaled-MAD score,,,120,111,5,111,111,9,False,False,0,4.0,0.3226388888888889,False,True,frozen external sequence; 13 calibration weeks retained for causal initialization only
observed_research,helm/helm,2026-01-12,external_evaluation,external,causal_rolling_mad,rerun_rate,rerun_rate,primary,13.0,3.0,2.0,True,False,-0.6635530714850847,frozen component scaled-MAD score,,,120,111,5,111,111,9,False,False,0,4.0,0.3226388888888889,False,True,frozen external sequence; 13 calibration weeks retained for causal initialization only
observed_research,helm/helm,2026-01-12,external_evaluation,external,causal_rolling_mad,union,composite,primary,13.0,3.0,2.0,True,False,-0.6635530714850847,maximum of three frozen component scaled-MAD scores,,,120,111,5,111,111,9,False,False,0,4.0,0.3226388888888889,False,True,frozen external sequence; 13 calibration weeks retained for causal initialization only
observed_research,helm/helm,2026-01-12,external_evaluation,external,causal_rolling_mad,two_of_three,composite,primary,13.0,3.0,2.0,True,False,-0.7463363570678997,second-highest of three frozen component scaled-MAD scores,,,120,111,5,111,111,9,False,False,0,4.0,0.3226388888888889,False,True,frozen external sequence; 13 calibration weeks retained for causal initialization only
observed_research,helm/helm,2026-01-12,external_evaluation,external,mewma,mewma,composite,primary,,,,True,False,0.0,raw mewma_stat divided by frozen control limit,0.0,7.150034791553729,120,111,5,111,111,9,False,False,0,4.0,0.3226388888888889,False,True,frozen external sequence; 13 calibration weeks retained for causal initialization only
observed_research,helm/helm,2026-01-19,external_evaluation,external,causal_rolling_mad,latency_log,latency_log,primary,13.0,3.0,2.0,True,False,-0.8607392266945438,frozen component scaled-MAD score,,,91,85,6,85,84,7,False,False,0,4.0,0.3128849172805216,False,True,frozen external sequence; 13 calibration weeks retained for causal initialization only
observed_research,helm/helm,2026-01-19,external_evaluation,external,causal_rolling_mad,failure_rate,failure_rate,primary,13.0,3.0,2.0,True,False,0.5739784110055741,frozen component scaled-MAD score,,,91,85,6,85,84,7,False,False,0,4.0,0.3128849172805216,False,True,frozen external sequence; 13 calibration weeks retained for causal initialization only
observed_research,helm/helm,2026-01-19,external_evaluation,external,causal_rolling_mad,rerun_rate,rerun_rate,primary,13.0,3.0,2.0,True,False,-0.6295247088448234,frozen component scaled-MAD score,,,91,85,6,85,84,7,False,False,0,4.0,0.3128849172805216,False,True,frozen external sequence; 13 calibration weeks retained for causal initialization only
observed_research,helm/helm,2026-01-19,external_evaluation,external,causal_rolling_mad,union,composite,primary,13.0,3.0,2.0,True,False,0.5739784110055741,maximum of three frozen component scaled-MAD scores,,,91,85,6,85,84,7,False,False,0,4.0,0.3128849172805216,False,True,frozen external sequence; 13 calibration weeks retained for causal initialization only
observed_research,helm/helm,2026-01-19,external_evaluation,external,causal_rolling_mad,two_of_three,composite,primary,13.0,3.0,2.0,True,False,-0.6295247088448234,second-highest of three frozen component scaled-MAD scores,,,91,85,6,85,84,7,False,False,0,4.0,0.3128849172805216,False,True,frozen external sequence; 13 calibration weeks retained for causal initialization only
observed_research,helm/helm,2026-01-19,external_evaluation,external,mewma,mewma,composite,primary,,,,True,False,0.0,raw mewma_stat divided by frozen control limit,0.0,7.150034791553729,91,85,6,85,84,7,False,False,0,4.0,0.3128849172805216,False,True,frozen external sequence; 13 calibration weeks retained for causal initialization only
observed_research,helm/helm,2026-01-26,external_evaluation,external,causal_rolling_mad,latency_log,latency_log,primary,13.0,3.0,2.0,True,False,3.840664713128368,frozen component scaled-MAD score,,,29,23,0,23,23,6,False,False,0,4.0,0.2936979785969084,False,True,frozen external sequence; 13 calibration weeks retained for causal initialization only
observed_research,helm/helm,2026-01-26,external_evaluation,external,causal_rolling_mad,failure_rate,failure_rate,primary,13.0,3.0,2.0,True,False,-2.797478067993098,frozen component scaled-MAD score,,,29,23,0,23,23,6,False,False,0,4.0,0.2936979785969084,False,True,frozen external sequence; 13 calibration weeks retained for causal initialization only
observed_research,helm/helm,2026-01-26,external_evaluation,external,causal_rolling_mad,rerun_rate,rerun_rate,primary,13.0,3.0,2.0,True,False,2.0527979636244225,frozen component scaled-MAD score,,,29,23,0,23,23,6,False,False,0,4.0,0.2936979785969084,False,True,frozen external sequence; 13 calibration weeks retained for causal initialization only
observed_research,helm/helm,2026-01-26,external_evaluation,external,causal_rolling_mad,union,composite,primary,13.0,3.0,2.0,True,False,3.840664713128368,maximum of three frozen component scaled-MAD scores,,,29,23,0,23,23,6,False,False,0,4.0,0.2936979785969084,False,True,frozen external sequence; 13 calibration weeks retained for causal initialization only
observed_research,helm/helm,2026-01-26,external_evaluation,external,causal_rolling_mad,two_of_three,composite,primary,13.0,3.0,2.0,True,False,2.0527979636244225,second-highest of three frozen component scaled-MAD scores,,,29,23,0,23,23,6,False,False,0,4.0,0.2936979785969084,False,True,frozen external sequence; 13 calibration weeks retained for causal initialization only
observed_research,helm/helm,2026-01-26,external_evaluation,external,mewma,mewma,composite,primary,,,,True,False,0.0,raw mewma_stat divided by frozen control limit,0.0,7.150034791553729,29,23,0,23,23,6,False,False,0,4.0,0.2936979785969084,False,True,frozen external sequence; 13 calibration weeks retained for causal initialization only
observed_research,helm/helm,2026-02-02,external_evaluation,external,causal_rolling_mad,latency_log,latency_log,primary,13.0,3.0,2.0,True,False,-1.249364287951502,frozen component scaled-MAD score,,,48,42,3,42,42,6,False,False,0,3.0,0.3333333333333333,False,True,frozen external sequence; 13 calibration weeks retained for causal initialization only
observed_research,helm/helm,2026-02-02,external_evaluation,external,causal_rolling_mad,failure_rate,failure_rate,primary,13.0,3.0,2.0,True,False,0.6102535442883494,frozen component scaled-MAD score,,,48,42,3,42,42,6,False,False,0,3.0,0.3333333333333333,False,True,frozen external sequence; 13 calibration weeks retained for causal initialization only
observed_research,helm/helm,2026-02-02,external_evaluation,external,causal_rolling_mad,rerun_rate,rerun_rate,primary,13.0,3.0,2.0,True,False,0.053746212707754,frozen component scaled-MAD score,,,48,42,3,42,42,6,False,False,0,3.0,0.3333333333333333,False,True,frozen external sequence; 13 calibration weeks retained for causal initialization only
observed_research,helm/helm,2026-02-02,external_evaluation,external,causal_rolling_mad,union,composite,primary,13.0,3.0,2.0,True,False,0.6102535442883494,maximum of three frozen component scaled-MAD scores,,,48,42,3,42,42,6,False,False,0,3.0,0.3333333333333333,False,True,frozen external sequence; 13 calibration weeks retained for causal initialization only
observed_research,helm/helm,2026-02-02,external_evaluation,external,causal_rolling_mad,two_of_three,composite,primary,13.0,3.0,2.0,True,False,0.053746212707754,second-highest of three frozen component scaled-MAD scores,,,48,42,3,42,42,6,False,False,0,3.0,0.3333333333333333,False,True,frozen external sequence; 13 calibration weeks retained for causal initialization only
observed_research,helm/helm,2026-02-02,external_evaluation,external,mewma,mewma,composite,primary,,,,True,False,0.0,raw mewma_stat divided by frozen control limit,0.0,7.150034791553729,48,42,3,42,42,6,False,False,0,3.0,0.3333333333333333,False,True,frozen external sequence; 13 calibration weeks retained for causal initialization only
observed_research,helm/helm,2026-02-09,external_evaluation,external,causal_rolling_mad,latency_log,latency_log,primary,13.0,3.0,2.0,True,False,6.062614071859863,frozen component scaled-MAD score,,,127,117,6,117,116,11,False,False,0,4.0,0.2892305784611569,False,True,frozen external sequence; 13 calibration weeks retained for causal initialization only
observed_research,helm/helm,2026-02-09,external_evaluation,external,causal_rolling_mad,failure_rate,failure_rate,primary,13.0,3.0,2.0,True,False,-0.2867268410730468,frozen component scaled-MAD score,,,127,117,6,117,116,11,False,False,0,4.0,0.2892305784611569,False,True,frozen external sequence; 13 calibration weeks retained for causal initialization only
observed_research,helm/helm,2026-02-09,external_evaluation,external,causal_rolling_mad,rerun_rate,rerun_rate,primary,13.0,3.0,2.0,True,False,-0.5244020290542706,frozen component scaled-MAD score,,,127,117,6,117,116,11,False,False,0,4.0,0.2892305784611569,False,True,frozen external sequence; 13 calibration weeks retained for causal initialization only
observed_research,helm/helm,2026-02-09,external_evaluation,external,causal_rolling_mad,union,composite,primary,13.0,3.0,2.0,True,False,6.062614071859863,maximum of three frozen component scaled-MAD scores,,,127,117,6,117,116,11,False,False,0,4.0,0.2892305784611569,False,True,frozen external sequence; 13 calibration weeks retained for causal initialization only
observed_research,helm/helm,2026-02-09,external_evaluation,external,causal_rolling_mad,two_of_three,composite,primary,13.0,3.0,2.0,True,False,-0.2867268410730468,second-highest of three frozen component scaled-MAD scores,,,127,117,6,117,116,11,False,False,0,4.0,0.2892305784611569,False,True,frozen external sequence; 13 calibration weeks retained for causal initialization only
observed_research,helm/helm,2026-02-09,external_evaluation,external,mewma,mewma,composite,primary,,,,True,False,0.0,raw mewma_stat divided by frozen control limit,0.0,7.150034791553729,127,117,6,117,116,11,False,False,0,4.0,0.2892305784611569,False,True,frozen external sequence; 13 calibration weeks retained for causal initialization only
observed_research,helm/helm,2026-02-16,external_evaluation,external,causal_rolling_mad,latency_log,latency_log,primary,13.0,3.0,2.0,True,False,1.595931473675963,frozen component scaled-MAD score,,,42,33,2,33,33,9,False,False,0,3.0,0.3333333333333333,False,True,frozen external sequence; 13 calibration weeks retained for causal initialization only
observed_research,helm/helm,2026-02-16,external_evaluation,external,causal_rolling_mad,failure_rate,failure_rate,primary,13.0,3.0,2.0,True,False,0.3257483781563122,frozen component scaled-MAD score,,,42,33,2,33,33,9,False,False,0,3.0,0.3333333333333333,False,True,frozen external sequence; 13 calibration weeks retained for causal initialization only
observed_research,helm/helm,2026-02-16,external_evaluation,external,causal_rolling_mad,rerun_rate,rerun_rate,primary,13.0,3.0,2.0,True,False,1.4716162024943906,frozen component scaled-MAD score,,,42,33,2,33,33,9,False,False,0,3.0,0.3333333333333333,False,True,frozen external sequence; 13 calibration weeks retained for causal initialization only
observed_research,helm/helm,2026-02-16,external_evaluation,external,causal_rolling_mad,union,composite,primary,13.0,3.0,2.0,True,False,1.595931473675963,maximum of three frozen component scaled-MAD scores,,,42,33,2,33,33,9,False,False,0,3.0,0.3333333333333333,False,True,frozen external sequence; 13 calibration weeks retained for causal initialization only
observed_research,helm/helm,2026-02-16,external_evaluation,external,causal_rolling_mad,two_of_three,composite,primary,13.0,3.0,2.0,True,False,1.4716162024943906,second-highest of three frozen component scaled-MAD scores,,,42,33,2,33,33,9,False,False,0,3.0,0.3333333333333333,False,True,frozen external sequence; 13 calibration weeks retained for causal initialization only
observed_research,helm/helm,2026-02-16,external_evaluation,external,mewma,mewma,composite,primary,,,,True,False,0.0,raw mewma_stat divided by frozen control limit,0.0,7.150034791553729,42,33,2,33,33,9,False,False,0,3.0,0.3333333333333333,False,True,frozen external sequence; 13 calibration weeks retained for causal initialization only
observed_research,helm/helm,2026-02-23,external_evaluation,external,causal_rolling_mad,latency_log,latency_log,primary,13.0,3.0,2.0,True,False,2.460905331615704,frozen component scaled-MAD score,,,341,335,72,335,335,6,False,False,0,4.0,0.3238448241759186,False,True,frozen external sequence; 13 calibration weeks retained for causal initialization only
observed_research,helm/helm,2026-02-23,external_evaluation,external,causal_rolling_mad,failure_rate,failure_rate,primary,13.0,3.0,2.0,True,False,6.688956122495133,frozen component scaled-MAD score,,,341,335,72,335,335,6,False,False,0,4.0,0.3238448241759186,False,True,frozen external sequence; 13 calibration weeks retained for causal initialization only
observed_research,helm/helm,2026-02-23,external_evaluation,external,causal_rolling_mad,rerun_rate,rerun_rate,primary,13.0,3.0,2.0,True,False,-1.209797227075615,frozen component scaled-MAD score,,,341,335,72,335,335,6,False,False,0,4.0,0.3238448241759186,False,True,frozen external sequence; 13 calibration weeks retained for causal initialization only
observed_research,helm/helm,2026-02-23,external_evaluation,external,causal_rolling_mad,union,composite,primary,13.0,3.0,2.0,True,False,6.688956122495133,maximum of three frozen component scaled-MAD scores,,,341,335,72,335,335,6,False,False,0,4.0,0.3238448241759186,False,True,frozen external sequence; 13 calibration weeks retained for causal initialization only
observed_research,helm/helm,2026-02-23,external_evaluation,external,causal_rolling_mad,two_of_three,composite,primary,13.0,3.0,2.0,True,False,2.460905331615704,second-highest of three frozen component scaled-MAD scores,,,341,335,72,335,335,6,False,False,0,4.0,0.3238448241759186,False,True,frozen external sequence; 13 calibration weeks retained for causal initialization only
observed_research,helm/helm,2026-02-23,external_evaluation,external,mewma,mewma,composite,primary,,,,True,False,0.0,raw mewma_stat divided by frozen control limit,0.0,7.150034791553729,341,335,72,335,335,6,False,False,0,4.0,0.3238448241759186,False,True,frozen external sequence; 13 calibration weeks retained for causal initialization only
observed_research,helm/helm,2026-03-02,external_evaluation,external,causal_rolling_mad,latency_log,latency_log,primary,13.0,3.0,2.0,True,False,-0.711408843555275,frozen component scaled-MAD score,,,80,71,10,71,71,9,False,False,0,4.0,0.28,False,True,frozen external sequence; 13 calibration weeks retained for causal initialization only
observed_research,helm/helm,2026-03-02,external_evaluation,external,causal_rolling_mad,failure_rate,failure_rate,primary,13.0,3.0,2.0,True,True,3.159802864546907,frozen component scaled-MAD score,,,80,71,10,71,71,9,False,False,0,4.0,0.28,False,True,frozen external sequence; 13 calibration weeks retained for causal initialization only
observed_research,helm/helm,2026-03-02,external_evaluation,external,causal_rolling_mad,rerun_rate,rerun_rate,primary,13.0,3.0,2.0,True,False,-0.1757475922579853,frozen component scaled-MAD score,,,80,71,10,71,71,9,False,False,0,4.0,0.28,False,True,frozen external sequence; 13 calibration weeks retained for causal initialization only
observed_research,helm/helm,2026-03-02,external_evaluation,external,causal_rolling_mad,union,composite,primary,13.0,3.0,2.0,True,True,3.159802864546907,maximum of three frozen component scaled-MAD scores,,,80,71,10,71,71,9,False,False,0,4.0,0.28,False,True,frozen external sequence; 13 calibration weeks retained for causal initialization only
observed_research,helm/helm,2026-03-02,external_evaluation,external,causal_rolling_mad,two_of_three,composite,primary,13.0,3.0,2.0,True,False,-0.1757475922579853,second-highest of three frozen component scaled-MAD scores,,,80,71,10,71,71,9,False,False,0,4.0,0.28,False,True,frozen external sequence; 13 calibration weeks retained for causal initialization only
observed_research,helm/helm,2026-03-02,external_evaluation,external,mewma,mewma,composite,primary,,,,True,False,0.0,raw mewma_stat divided by frozen control limit,0.0,7.150034791553729,80,71,10,71,71,9,False,False,0,4.0,0.28,False,True,frozen external sequence; 13 calibration weeks retained for causal initialization only
observed_research,helm/helm,2026-03-09,external_evaluation,external,causal_rolling_mad,latency_log,latency_log,primary,13.0,3.0,2.0,True,False,4.965174497901871,frozen component scaled-MAD score,,,164,152,12,152,152,12,False,False,0,4.0,0.2836109458655562,False,True,frozen external sequence; 13 calibration weeks retained for causal initialization only
observed_research,helm/helm,2026-03-09,external_evaluation,external,causal_rolling_mad,failure_rate,failure_rate,primary,13.0,3.0,2.0,True,False,0.2079735658564878,frozen component scaled-MAD score,,,164,152,12,152,152,12,False,False,0,4.0,0.2836109458655562,False,True,frozen external sequence; 13 calibration weeks retained for causal initialization only
observed_research,helm/helm,2026-03-09,external_evaluation,external,causal_rolling_mad,rerun_rate,rerun_rate,primary,13.0,3.0,2.0,True,False,-0.7283126027625034,frozen component scaled-MAD score,,,164,152,12,152,152,12,False,False,0,4.0,0.2836109458655562,False,True,frozen external sequence; 13 calibration weeks retained for causal initialization only
observed_research,helm/helm,2026-03-09,external_evaluation,external,causal_rolling_mad,union,composite,primary,13.0,3.0,2.0,True,True,4.965174497901871,maximum of three frozen component scaled-MAD scores,,,164,152,12,152,152,12,False,False,0,4.0,0.2836109458655562,False,True,frozen external sequence; 13 calibration weeks retained for causal initialization only
observed_research,helm/helm,2026-03-09,external_evaluation,external,causal_rolling_mad,two_of_three,composite,primary,13.0,3.0,2.0,True,False,0.2079735658564878,second-highest of three frozen component scaled-MAD scores,,,164,152,12,152,152,12,False,False,0,4.0,0.2836109458655562,False,True,frozen external sequence; 13 calibration weeks retained for causal initialization only
observed_research,helm/helm,2026-03-09,external_evaluation,external,mewma,mewma,composite,primary,,,,True,False,0.0033355957232914374,raw mewma_stat divided by frozen control limit,0.0238496254720916,7.150034791553729,164,152,12,152,152,12,False,False,0,4.0,0.2836109458655562,False,True,frozen external sequence; 13 calibration weeks retained for causal initialization only
observed_research,helm/helm,2026-03-16,external_evaluation,external,causal_rolling_mad,latency_log,latency_log,primary,13.0,3.0,2.0,True,False,0.5160728629442104,frozen component scaled-MAD score,,,65,62,11,62,62,3,False,False,0,4.0,0.3140828402366864,False,True,frozen external sequence; 13 calibration weeks retained for causal initialization only
observed_research,helm/helm,2026-03-16,external_evaluation,external,causal_rolling_mad,failure_rate,failure_rate,primary,13.0,3.0,2.0,True,False,2.709637936968918,frozen component scaled-MAD score,,,65,62,11,62,62,3,False,False,0,4.0,0.3140828402366864,False,True,frozen external sequence; 13 calibration weeks retained for causal initialization only
observed_research,helm/helm,2026-03-16,external_evaluation,external,causal_rolling_mad,rerun_rate,rerun_rate,primary,13.0,3.0,2.0,True,False,-1.0598984312475457,frozen component scaled-MAD score,,,65,62,11,62,62,3,False,False,0,4.0,0.3140828402366864,False,True,frozen external sequence; 13 calibration weeks retained for causal initialization only
observed_research,helm/helm,2026-03-16,external_evaluation,external,causal_rolling_mad,union,composite,primary,13.0,3.0,2.0,True,False,2.709637936968918,maximum of three frozen component scaled-MAD scores,,,65,62,11,62,62,3,False,False,0,4.0,0.3140828402366864,False,True,frozen external sequence; 13 calibration weeks retained for causal initialization only
observed_research,helm/helm,2026-03-16,external_evaluation,external,causal_rolling_mad,two_of_three,composite,primary,13.0,3.0,2.0,True,False,0.5160728629442104,second-highest of three frozen component scaled-MAD scores,,,65,62,11,62,62,3,False,False,0,4.0,0.3140828402366864,False,True,frozen external sequence; 13 calibration weeks retained for causal initialization only
observed_research,helm/helm,2026-03-16,external_evaluation,external,mewma,mewma,composite,primary,,,,True,False,0.002092406139244347,raw mewma_stat divided by frozen control limit,0.0149607766936577,7.150034791553729,65,62,11,62,62,3,False,False,0,4.0,0.3140828402366864,False,True,frozen external sequence; 13 calibration weeks retained for causal initialization only
observed_research,helm/helm,2026-03-23,external_evaluation,external,causal_rolling_mad,latency_log,latency_log,primary,13.0,3.0,2.0,True,False,1.2146690650088927,frozen component scaled-MAD score,,,94,85,6,85,84,9,False,False,0,4.0,0.2962879130828429,False,True,frozen external sequence; 13 calibration weeks retained for causal initialization only
observed_research,helm/helm,2026-03-23,external_evaluation,external,causal_rolling_mad,failure_rate,failure_rate,primary,13.0,3.0,2.0,True,False,-0.0214830629273753,frozen component scaled-MAD score,,,94,85,6,85,84,9,False,False,0,4.0,0.2962879130828429,False,True,frozen external sequence; 13 calibration weeks retained for causal initialization only
observed_research,helm/helm,2026-03-23,external_evaluation,external,causal_rolling_mad,rerun_rate,rerun_rate,primary,13.0,3.0,2.0,True,False,-0.2767428863633211,frozen component scaled-MAD score,,,94,85,6,85,84,9,False,False,0,4.0,0.2962879130828429,False,True,frozen external sequence; 13 calibration weeks retained for causal initialization only
observed_research,helm/helm,2026-03-23,external_evaluation,external,causal_rolling_mad,union,composite,primary,13.0,3.0,2.0,True,False,1.2146690650088927,maximum of three frozen component scaled-MAD scores,,,94,85,6,85,84,9,False,False,0,4.0,0.2962879130828429,False,True,frozen external sequence; 13 calibration weeks retained for causal initialization only
observed_research,helm/helm,2026-03-23,external_evaluation,external,causal_rolling_mad,two_of_three,composite,primary,13.0,3.0,2.0,True,False,-0.0214830629273753,second-highest of three frozen component scaled-MAD scores,,,94,85,6,85,84,9,False,False,0,4.0,0.2962879130828429,False,True,frozen external sequence; 13 calibration weeks retained for causal initialization only
observed_research,helm/helm,2026-03-23,external_evaluation,external,mewma,mewma,composite,primary,,,,True,False,0.006689051176039624,raw mewma_stat divided by frozen control limit,0.0478269486311667,7.150034791553729,94,85,6,85,84,9,False,False,0,4.0,0.2962879130828429,False,True,frozen external sequence; 13 calibration weeks retained for causal initialization only
observed_research,helm/helm,2026-03-30,external_evaluation,external,causal_rolling_mad,latency_log,latency_log,primary,13.0,3.0,2.0,True,False,0.2621949937056421,frozen component scaled-MAD score,,,123,105,16,105,104,19,False,False,0,4.0,0.2956573468173706,False,True,frozen external sequence; 13 calibration weeks retained for causal initialization only
observed_research,helm/helm,2026-03-30,external_evaluation,external,causal_rolling_mad,failure_rate,failure_rate,primary,13.0,3.0,2.0,True,False,2.4018451435020265,frozen component scaled-MAD score,,,123,105,16,105,104,19,False,False,0,4.0,0.2956573468173706,False,True,frozen external sequence; 13 calibration weeks retained for causal initialization only
observed_research,helm/helm,2026-03-30,external_evaluation,external,causal_rolling_mad,rerun_rate,rerun_rate,primary,13.0,3.0,2.0,True,False,1.426807375815874,frozen component scaled-MAD score,,,123,105,16,105,104,19,False,False,0,4.0,0.2956573468173706,False,True,frozen external sequence; 13 calibration weeks retained for causal initialization only
observed_research,helm/helm,2026-03-30,external_evaluation,external,causal_rolling_mad,union,composite,primary,13.0,3.0,2.0,True,False,2.4018451435020265,maximum of three frozen component scaled-MAD scores,,,123,105,16,105,104,19,False,False,0,4.0,0.2956573468173706,False,True,frozen external sequence; 13 calibration weeks retained for causal initialization only
observed_research,helm/helm,2026-03-30,external_evaluation,external,causal_rolling_mad,two_of_three,composite,primary,13.0,3.0,2.0,True,False,1.426807375815874,second-highest of three frozen component scaled-MAD scores,,,123,105,16,105,104,19,False,False,0,4.0,0.2956573468173706,False,True,frozen external sequence; 13 calibration weeks retained for causal initialization only
observed_research,helm/helm,2026-03-30,external_evaluation,external,mewma,mewma,composite,primary,,,,True,False,0.005706448437752641,raw mewma_stat divided by frozen control limit,0.0408013048661388,7.150034791553729,123,105,16,105,104,19,False,False,0,4.0,0.2956573468173706,False,True,frozen external sequence; 13 calibration weeks retained for causal initialization only
observed_research,helm/helm,2026-04-06,external_evaluation,external,causal_rolling_mad,latency_log,latency_log,primary,13.0,3.0,2.0,True,False,1.0865555671228984,frozen component scaled-MAD score,,,174,156,12,152,154,19,False,False,0,4.0,0.2765226582111243,False,True,frozen external sequence; 13 calibration weeks retained for causal initialization only
observed_research,helm/helm,2026-04-06,external_evaluation,external,causal_rolling_mad,failure_rate,failure_rate,primary,13.0,3.0,2.0,True,False,0.1404661806789909,frozen component scaled-MAD score,,,174,156,12,152,154,19,False,False,0,4.0,0.2765226582111243,False,True,frozen external sequence; 13 calibration weeks retained for causal initialization only
observed_research,helm/helm,2026-04-06,external_evaluation,external,causal_rolling_mad,rerun_rate,rerun_rate,primary,13.0,3.0,2.0,True,False,0.3065867088529975,frozen component scaled-MAD score,,,174,156,12,152,154,19,False,False,0,4.0,0.2765226582111243,False,True,frozen external sequence; 13 calibration weeks retained for causal initialization only
observed_research,helm/helm,2026-04-06,external_evaluation,external,causal_rolling_mad,union,composite,primary,13.0,3.0,2.0,True,False,1.0865555671228984,maximum of three frozen component scaled-MAD scores,,,174,156,12,152,154,19,False,False,0,4.0,0.2765226582111243,False,True,frozen external sequence; 13 calibration weeks retained for causal initialization only
observed_research,helm/helm,2026-04-06,external_evaluation,external,causal_rolling_mad,two_of_three,composite,primary,13.0,3.0,2.0,True,False,0.3065867088529975,second-highest of three frozen component scaled-MAD scores,,,174,156,12,152,154,19,False,False,0,4.0,0.2765226582111243,False,True,frozen external sequence; 13 calibration weeks retained for causal initialization only
observed_research,helm/helm,2026-04-06,external_evaluation,external,mewma,mewma,composite,primary,,,,True,False,0.017755500496317664,raw mewma_stat divided by frozen control limit,0.1269524462901208,7.150034791553729,174,156,12,152,154,19,False,False,0,4.0,0.2765226582111243,False,True,frozen external sequence; 13 calibration weeks retained for causal initialization only
observed_research,helm/helm,2026-04-13,external_evaluation,external,causal_rolling_mad,latency_log,latency_log,primary,13.0,3.0,2.0,True,False,-0.0491850122757293,frozen component scaled-MAD score,,,92,73,8,73,73,19,False,False,0,4.0,0.3010396975425331,False,True,frozen external sequence; 13 calibration weeks retained for causal initialization only
observed_research,helm/helm,2026-04-13,external_evaluation,external,causal_rolling_mad,failure_rate,failure_rate,primary,13.0,3.0,2.0,True,False,1.2775846141518048,frozen component scaled-MAD score,,,92,73,8,73,73,19,False,False,0,4.0,0.3010396975425331,False,True,frozen external sequence; 13 calibration weeks retained for causal initialization only
observed_research,helm/helm,2026-04-13,external_evaluation,external,causal_rolling_mad,rerun_rate,rerun_rate,primary,13.0,3.0,2.0,True,False,3.6631931932486896,frozen component scaled-MAD score,,,92,73,8,73,73,19,False,False,0,4.0,0.3010396975425331,False,True,frozen external sequence; 13 calibration weeks retained for causal initialization only
observed_research,helm/helm,2026-04-13,external_evaluation,external,causal_rolling_mad,union,composite,primary,13.0,3.0,2.0,True,False,3.6631931932486896,maximum of three frozen component scaled-MAD scores,,,92,73,8,73,73,19,False,False,0,4.0,0.3010396975425331,False,True,frozen external sequence; 13 calibration weeks retained for causal initialization only
observed_research,helm/helm,2026-04-13,external_evaluation,external,causal_rolling_mad,two_of_three,composite,primary,13.0,3.0,2.0,True,False,1.2775846141518048,second-highest of three frozen component scaled-MAD scores,,,92,73,8,73,73,19,False,False,0,4.0,0.3010396975425331,False,True,frozen external sequence; 13 calibration weeks retained for causal initialization only
observed_research,helm/helm,2026-04-13,external_evaluation,external,mewma,mewma,composite,primary,,,,True,False,0.01264935647358768,raw mewma_stat divided by frozen control limit,0.0904433388769173,7.150034791553729,92,73,8,73,73,19,False,False,0,4.0,0.3010396975425331,False,True,frozen external sequence; 13 calibration weeks retained for causal initialization only
observed_research,helm/helm,2026-04-20,external_evaluation,external,causal_rolling_mad,latency_log,latency_log,primary,13.0,3.0,2.0,True,False,0.2857938023030442,frozen component scaled-MAD score,,,108,102,25,102,102,6,False,False,0,4.0,0.2541152263374486,False,True,frozen external sequence; 13 calibration weeks retained for causal initialization only
observed_research,helm/helm,2026-04-20,external_evaluation,external,causal_rolling_mad,failure_rate,failure_rate,primary,13.0,3.0,2.0,True,False,4.423865863625892,frozen component scaled-MAD score,,,108,102,25,102,102,6,False,False,0,4.0,0.2541152263374486,False,True,frozen external sequence; 13 calibration weeks retained for causal initialization only
observed_research,helm/helm,2026-04-20,external_evaluation,external,causal_rolling_mad,rerun_rate,rerun_rate,primary,13.0,3.0,2.0,True,False,-0.9799953975924648,frozen component scaled-MAD score,,,108,102,25,102,102,6,False,False,0,4.0,0.2541152263374486,False,True,frozen external sequence; 13 calibration weeks retained for causal initialization only
observed_research,helm/helm,2026-04-20,external_evaluation,external,causal_rolling_mad,union,composite,primary,13.0,3.0,2.0,True,True,4.423865863625892,maximum of three frozen component scaled-MAD scores,,,108,102,25,102,102,6,False,False,0,4.0,0.2541152263374486,False,True,frozen external sequence; 13 calibration weeks retained for causal initialization only
observed_research,helm/helm,2026-04-20,external_evaluation,external,causal_rolling_mad,two_of_three,composite,primary,13.0,3.0,2.0,True,False,0.2857938023030442,second-highest of three frozen component scaled-MAD scores,,,108,102,25,102,102,6,False,False,0,4.0,0.2541152263374486,False,True,frozen external sequence; 13 calibration weeks retained for causal initialization only
observed_research,helm/helm,2026-04-20,external_evaluation,external,mewma,mewma,composite,primary,,,,True,False,0.03923964829149878,raw mewma_stat divided by frozen control limit,0.2805648504925481,7.150034791553729,108,102,25,102,102,6,False,False,0,4.0,0.2541152263374486,False,True,frozen external sequence; 13 calibration weeks retained for causal initialization only
observed_research,helm/helm,2026-04-27,external_evaluation,external,causal_rolling_mad,latency_log,latency_log,primary,13.0,3.0,2.0,True,False,0.6622186546040295,frozen component scaled-MAD score,,,117,102,5,100,102,15,False,False,0,4.0,0.3122945430637738,False,True,frozen external sequence; 13 calibration weeks retained for causal initialization only
observed_research,helm/helm,2026-04-27,external_evaluation,external,causal_rolling_mad,failure_rate,failure_rate,primary,13.0,3.0,2.0,True,False,-0.6587759805360793,frozen component scaled-MAD score,,,117,102,5,100,102,15,False,False,0,4.0,0.3122945430637738,False,True,frozen external sequence; 13 calibration weeks retained for causal initialization only
observed_research,helm/helm,2026-04-27,external_evaluation,external,causal_rolling_mad,rerun_rate,rerun_rate,primary,13.0,3.0,2.0,True,False,0.2692951341860734,frozen component scaled-MAD score,,,117,102,5,100,102,15,False,False,0,4.0,0.3122945430637738,False,True,frozen external sequence; 13 calibration weeks retained for causal initialization only
observed_research,helm/helm,2026-04-27,external_evaluation,external,causal_rolling_mad,union,composite,primary,13.0,3.0,2.0,True,False,0.6622186546040295,maximum of three frozen component scaled-MAD scores,,,117,102,5,100,102,15,False,False,0,4.0,0.3122945430637738,False,True,frozen external sequence; 13 calibration weeks retained for causal initialization only
observed_research,helm/helm,2026-04-27,external_evaluation,external,causal_rolling_mad,two_of_three,composite,primary,13.0,3.0,2.0,True,False,0.2692951341860734,second-highest of three frozen component scaled-MAD scores,,,117,102,5,100,102,15,False,False,0,4.0,0.3122945430637738,False,True,frozen external sequence; 13 calibration weeks retained for causal initialization only
observed_research,helm/helm,2026-04-27,external_evaluation,external,mewma,mewma,composite,primary,,,,True,False,0.019518215635540924,raw mewma_stat divided by frozen control limit,0.1395559208631656,7.150034791553729,117,102,5,100,102,15,False,False,0,4.0,0.3122945430637738,False,True,frozen external sequence; 13 calibration weeks retained for causal initialization only
observed_research,helm/helm,2026-05-04,external_evaluation,external,causal_rolling_mad,latency_log,latency_log,primary,13.0,3.0,2.0,True,False,0.7846012037517232,frozen component scaled-MAD score,,,87,72,6,72,72,15,False,False,0,4.0,0.3119302417756638,False,True,frozen external sequence; 13 calibration weeks retained for causal initialization only
observed_research,helm/helm,2026-05-04,external_evaluation,external,causal_rolling_mad,failure_rate,failure_rate,primary,13.0,3.0,2.0,True,False,0.0988477837163974,frozen component scaled-MAD score,,,87,72,6,72,72,15,False,False,0,4.0,0.3119302417756638,False,True,frozen external sequence; 13 calibration weeks retained for causal initialization only
observed_research,helm/helm,2026-05-04,external_evaluation,external,causal_rolling_mad,rerun_rate,rerun_rate,primary,13.0,3.0,2.0,True,False,1.2897473945632605,frozen component scaled-MAD score,,,87,72,6,72,72,15,False,False,0,4.0,0.3119302417756638,False,True,frozen external sequence; 13 calibration weeks retained for causal initialization only
observed_research,helm/helm,2026-05-04,external_evaluation,external,causal_rolling_mad,union,composite,primary,13.0,3.0,2.0,True,False,1.2897473945632605,maximum of three frozen component scaled-MAD scores,,,87,72,6,72,72,15,False,False,0,4.0,0.3119302417756638,False,True,frozen external sequence; 13 calibration weeks retained for causal initialization only
observed_research,helm/helm,2026-05-04,external_evaluation,external,causal_rolling_mad,two_of_three,composite,primary,13.0,3.0,2.0,True,False,0.7846012037517232,second-highest of three frozen component scaled-MAD scores,,,87,72,6,72,72,15,False,False,0,4.0,0.3119302417756638,False,True,frozen external sequence; 13 calibration weeks retained for causal initialization only
observed_research,helm/helm,2026-05-04,external_evaluation,external,mewma,mewma,composite,primary,,,,True,False,0.024813913136490236,raw mewma_stat divided by frozen control limit,0.1774203422404973,7.150034791553729,87,72,6,72,72,15,False,False,0,4.0,0.3119302417756638,False,True,frozen external sequence; 13 calibration weeks retained for causal initialization only
observed_research,helm/helm,2026-05-11,external_evaluation,external,causal_rolling_mad,latency_log,latency_log,primary,13.0,3.0,2.0,True,False,3.157314363508307,frozen component scaled-MAD score,,,78,63,6,60,63,15,False,False,0,4.0,0.2899408284023669,False,True,frozen external sequence; 13 calibration weeks retained for causal initialization only
observed_research,helm/helm,2026-05-11,external_evaluation,external,causal_rolling_mad,failure_rate,failure_rate,primary,13.0,3.0,2.0,True,False,0.2505251392341635,frozen component scaled-MAD score,,,78,63,6,60,63,15,False,False,0,4.0,0.2899408284023669,False,True,frozen external sequence; 13 calibration weeks retained for causal initialization only
observed_research,helm/helm,2026-05-11,external_evaluation,external,causal_rolling_mad,rerun_rate,rerun_rate,primary,13.0,3.0,2.0,True,False,1.3044887951701731,frozen component scaled-MAD score,,,78,63,6,60,63,15,False,False,0,4.0,0.2899408284023669,False,True,frozen external sequence; 13 calibration weeks retained for causal initialization only
observed_research,helm/helm,2026-05-11,external_evaluation,external,causal_rolling_mad,union,composite,primary,13.0,3.0,2.0,True,False,3.157314363508307,maximum of three frozen component scaled-MAD scores,,,78,63,6,60,63,15,False,False,0,4.0,0.2899408284023669,False,True,frozen external sequence; 13 calibration weeks retained for causal initialization only
observed_research,helm/helm,2026-05-11,external_evaluation,external,causal_rolling_mad,two_of_three,composite,primary,13.0,3.0,2.0,True,False,1.3044887951701731,second-highest of three frozen component scaled-MAD scores,,,78,63,6,60,63,15,False,False,0,4.0,0.2899408284023669,False,True,frozen external sequence; 13 calibration weeks retained for causal initialization only
observed_research,helm/helm,2026-05-11,external_evaluation,external,mewma,mewma,composite,primary,,,,True,False,0.06942429027146113,raw mewma_stat divided by frozen control limit,0.4963860908198721,7.150034791553729,78,63,6,60,63,15,False,False,0,4.0,0.2899408284023669,False,True,frozen external sequence; 13 calibration weeks retained for causal initialization only
observed_research,helm/helm,2026-05-18,external_evaluation,external,causal_rolling_mad,latency_log,latency_log,primary,13.0,3.0,2.0,True,False,-2.35921658239218,frozen component scaled-MAD score,,,90,81,9,81,80,9,False,False,0,4.0,0.3192592592592593,False,True,frozen external sequence; 13 calibration weeks retained for causal initialization only
observed_research,helm/helm,2026-05-18,external_evaluation,external,causal_rolling_mad,failure_rate,failure_rate,primary,13.0,3.0,2.0,True,False,0.3091415980934403,frozen component scaled-MAD score,,,90,81,9,81,80,9,False,False,0,4.0,0.3192592592592593,False,True,frozen external sequence; 13 calibration weeks retained for causal initialization only
observed_research,helm/helm,2026-05-18,external_evaluation,external,causal_rolling_mad,rerun_rate,rerun_rate,primary,13.0,3.0,2.0,True,False,-0.141581368262084,frozen component scaled-MAD score,,,90,81,9,81,80,9,False,False,0,4.0,0.3192592592592593,False,True,frozen external sequence; 13 calibration weeks retained for causal initialization only
observed_research,helm/helm,2026-05-18,external_evaluation,external,causal_rolling_mad,union,composite,primary,13.0,3.0,2.0,True,False,0.3091415980934403,maximum of three frozen component scaled-MAD scores,,,90,81,9,81,80,9,False,False,0,4.0,0.3192592592592593,False,True,frozen external sequence; 13 calibration weeks retained for causal initialization only
observed_research,helm/helm,2026-05-18,external_evaluation,external,causal_rolling_mad,two_of_three,composite,primary,13.0,3.0,2.0,True,False,-0.141581368262084,second-highest of three frozen component scaled-MAD scores,,,90,81,9,81,80,9,False,False,0,4.0,0.3192592592592593,False,True,frozen external sequence; 13 calibration weeks retained for causal initialization only
observed_research,helm/helm,2026-05-18,external_evaluation,external,mewma,mewma,composite,primary,,,,True,False,0.02291416203352865,raw mewma_stat divided by frozen control limit,0.1638370557590294,7.150034791553729,90,81,9,81,80,9,False,False,0,4.0,0.3192592592592593,False,True,frozen external sequence; 13 calibration weeks retained for causal initialization only
observed_research,helm/helm,2026-05-25,external_evaluation,external,causal_rolling_mad,latency_log,latency_log,primary,13.0,3.0,2.0,True,False,-2.031699505298457,frozen component scaled-MAD score,,,170,138,25,138,138,32,False,False,0,4.0,0.3049134948096885,False,True,frozen external sequence; 13 calibration weeks retained for causal initialization only
observed_research,helm/helm,2026-05-25,external_evaluation,external,causal_rolling_mad,failure_rate,failure_rate,primary,13.0,3.0,2.0,True,False,1.4777938028457496,frozen component scaled-MAD score,,,170,138,25,138,138,32,False,False,0,4.0,0.3049134948096885,False,True,frozen external sequence; 13 calibration weeks retained for causal initialization only
observed_research,helm/helm,2026-05-25,external_evaluation,external,causal_rolling_mad,rerun_rate,rerun_rate,primary,13.0,3.0,2.0,True,False,1.2338601975645702,frozen component scaled-MAD score,,,170,138,25,138,138,32,False,False,0,4.0,0.3049134948096885,False,True,frozen external sequence; 13 calibration weeks retained for causal initialization only
observed_research,helm/helm,2026-05-25,external_evaluation,external,causal_rolling_mad,union,composite,primary,13.0,3.0,2.0,True,False,1.4777938028457496,maximum of three frozen component scaled-MAD scores,,,170,138,25,138,138,32,False,False,0,4.0,0.3049134948096885,False,True,frozen external sequence; 13 calibration weeks retained for causal initialization only
observed_research,helm/helm,2026-05-25,external_evaluation,external,causal_rolling_mad,two_of_three,composite,primary,13.0,3.0,2.0,True,False,1.2338601975645702,second-highest of three frozen component scaled-MAD scores,,,170,138,25,138,138,32,False,False,0,4.0,0.3049134948096885,False,True,frozen external sequence; 13 calibration weeks retained for causal initialization only
observed_research,helm/helm,2026-05-25,external_evaluation,external,mewma,mewma,composite,primary,,,,True,False,0.01052389519487358,raw mewma_stat divided by frozen control limit,0.0752462167860112,7.150034791553729,170,138,25,138,138,32,False,False,0,4.0,0.3049134948096885,False,True,frozen external sequence; 13 calibration weeks retained for causal initialization only
observed_research,helm/helm,2026-06-01,external_evaluation,external,causal_rolling_mad,latency_log,latency_log,primary,13.0,3.0,2.0,True,False,2.1614037560450807,frozen component scaled-MAD score,,,28,22,3,22,22,6,False,False,0,4.0,0.3112244897959184,False,True,frozen external sequence; 13 calibration weeks retained for causal initialization only
observed_research,helm/helm,2026-06-01,external_evaluation,external,causal_rolling_mad,failure_rate,failure_rate,primary,13.0,3.0,2.0,True,False,0.5528450653187913,frozen component scaled-MAD score,,,28,22,3,22,22,6,False,False,0,4.0,0.3112244897959184,False,True,frozen external sequence; 13 calibration weeks retained for causal initialization only
observed_research,helm/helm,2026-06-01,external_evaluation,external,causal_rolling_mad,rerun_rate,rerun_rate,primary,13.0,3.0,2.0,True,False,1.7602382664218634,frozen component scaled-MAD score,,,28,22,3,22,22,6,False,False,0,4.0,0.3112244897959184,False,True,frozen external sequence; 13 calibration weeks retained for causal initialization only
observed_research,helm/helm,2026-06-01,external_evaluation,external,causal_rolling_mad,union,composite,primary,13.0,3.0,2.0,True,False,2.1614037560450807,maximum of three frozen component scaled-MAD scores,,,28,22,3,22,22,6,False,False,0,4.0,0.3112244897959184,False,True,frozen external sequence; 13 calibration weeks retained for causal initialization only
observed_research,helm/helm,2026-06-01,external_evaluation,external,causal_rolling_mad,two_of_three,composite,primary,13.0,3.0,2.0,True,False,1.7602382664218634,second-highest of three frozen component scaled-MAD scores,,,28,22,3,22,22,6,False,False,0,4.0,0.3112244897959184,False,True,frozen external sequence; 13 calibration weeks retained for causal initialization only
observed_research,helm/helm,2026-06-01,external_evaluation,external,mewma,mewma,composite,primary,,,,True,False,0.03559254023993519,raw mewma_stat divided by frozen control limit,0.2544879010353127,7.150034791553729,28,22,3,22,22,6,False,False,0,4.0,0.3112244897959184,False,True,frozen external sequence; 13 calibration weeks retained for causal initialization only
observed_research,helm/helm,2026-06-08,external_evaluation,external,causal_rolling_mad,latency_log,latency_log,primary,13.0,3.0,2.0,True,False,-1.4123244674820057,frozen component scaled-MAD score,,,149,134,11,134,134,15,False,False,0,4.0,0.2913832710238278,False,True,frozen external sequence; 13 calibration weeks retained for causal initialization only
observed_research,helm/helm,2026-06-08,external_evaluation,external,causal_rolling_mad,failure_rate,failure_rate,primary,13.0,3.0,2.0,True,False,-0.5678127553899031,frozen component scaled-MAD score,,,149,134,11,134,134,15,False,False,0,4.0,0.2913832710238278,False,True,frozen external sequence; 13 calibration weeks retained for causal initialization only
observed_research,helm/helm,2026-06-08,external_evaluation,external,causal_rolling_mad,rerun_rate,rerun_rate,primary,13.0,3.0,2.0,True,False,-0.3477699981019083,frozen component scaled-MAD score,,,149,134,11,134,134,15,False,False,0,4.0,0.2913832710238278,False,True,frozen external sequence; 13 calibration weeks retained for causal initialization only
observed_research,helm/helm,2026-06-08,external_evaluation,external,causal_rolling_mad,union,composite,primary,13.0,3.0,2.0,True,False,-0.3477699981019083,maximum of three frozen component scaled-MAD scores,,,149,134,11,134,134,15,False,False,0,4.0,0.2913832710238278,False,True,frozen external sequence; 13 calibration weeks retained for causal initialization only
observed_research,helm/helm,2026-06-08,external_evaluation,external,causal_rolling_mad,two_of_three,composite,primary,13.0,3.0,2.0,True,False,-0.5678127553899031,second-highest of three frozen component scaled-MAD scores,,,149,134,11,134,134,15,False,False,0,4.0,0.2913832710238278,False,True,frozen external sequence; 13 calibration weeks retained for causal initialization only
observed_research,helm/helm,2026-06-08,external_evaluation,external,mewma,mewma,composite,primary,,,,True,False,0.009847139325019846,raw mewma_stat divided by frozen control limit,0.0704073887711688,7.150034791553729,149,134,11,134,134,15,False,False,0,4.0,0.2913832710238278,False,True,frozen external sequence; 13 calibration weeks retained for causal initialization only
observed_research,helm/helm,2026-06-15,external_evaluation,external,causal_rolling_mad,latency_log,latency_log,primary,13.0,3.0,2.0,True,False,-2.2543004499277144,frozen component scaled-MAD score,,,150,135,12,135,134,16,False,False,0,4.0,0.3126222222222222,False,True,frozen external sequence; 13 calibration weeks retained for causal initialization only
observed_research,helm/helm,2026-06-15,external_evaluation,external,causal_rolling_mad,failure_rate,failure_rate,primary,13.0,3.0,2.0,True,False,-0.4274192339622311,frozen component scaled-MAD score,,,150,135,12,135,134,16,False,False,0,4.0,0.3126222222222222,False,True,frozen external sequence; 13 calibration weeks retained for causal initialization only
observed_research,helm/helm,2026-06-15,external_evaluation,external,causal_rolling_mad,rerun_rate,rerun_rate,primary,13.0,3.0,2.0,True,False,-0.3044268741279436,frozen component scaled-MAD score,,,150,135,12,135,134,16,False,False,0,4.0,0.3126222222222222,False,True,frozen external sequence; 13 calibration weeks retained for causal initialization only
observed_research,helm/helm,2026-06-15,external_evaluation,external,causal_rolling_mad,union,composite,primary,13.0,3.0,2.0,True,False,-0.3044268741279436,maximum of three frozen component scaled-MAD scores,,,150,135,12,135,134,16,False,False,0,4.0,0.3126222222222222,False,True,frozen external sequence; 13 calibration weeks retained for causal initialization only
observed_research,helm/helm,2026-06-15,external_evaluation,external,causal_rolling_mad,two_of_three,composite,primary,13.0,3.0,2.0,True,False,-0.4274192339622311,second-highest of three frozen component scaled-MAD scores,,,150,135,12,135,134,16,False,False,0,4.0,0.3126222222222222,False,True,frozen external sequence; 13 calibration weeks retained for causal initialization only
observed_research,helm/helm,2026-06-15,external_evaluation,external,mewma,mewma,composite,primary,,,,True,False,0.0002861564646333407,raw mewma_stat divided by frozen control limit,0.0020460286779564,7.150034791553729,150,135,12,135,134,16,False,False,0,4.0,0.3126222222222222,False,True,frozen external sequence; 13 calibration weeks retained for causal initialization only
observed_research,helm/helm,2026-06-22,external_evaluation,external,causal_rolling_mad,latency_log,latency_log,primary,13.0,3.0,2.0,True,False,-1.9276636706719503,frozen component scaled-MAD score,,,188,164,23,164,164,24,False,False,0,4.0,0.3298438207333635,False,True,frozen external sequence; 13 calibration weeks retained for causal initialization only
observed_research,helm/helm,2026-06-22,external_evaluation,external,causal_rolling_mad,failure_rate,failure_rate,primary,13.0,3.0,2.0,True,False,1.657437658957733,frozen component scaled-MAD score,,,188,164,23,164,164,24,False,False,0,4.0,0.3298438207333635,False,True,frozen external sequence; 13 calibration weeks retained for causal initialization only
observed_research,helm/helm,2026-06-22,external_evaluation,external,causal_rolling_mad,rerun_rate,rerun_rate,primary,13.0,3.0,2.0,True,False,-0.0121217851510549,frozen component scaled-MAD score,,,188,164,23,164,164,24,False,False,0,4.0,0.3298438207333635,False,True,frozen external sequence; 13 calibration weeks retained for causal initialization only
observed_research,helm/helm,2026-06-22,external_evaluation,external,causal_rolling_mad,union,composite,primary,13.0,3.0,2.0,True,False,1.657437658957733,maximum of three frozen component scaled-MAD scores,,,188,164,23,164,164,24,False,False,0,4.0,0.3298438207333635,False,True,frozen external sequence; 13 calibration weeks retained for causal initialization only
observed_research,helm/helm,2026-06-22,external_evaluation,external,causal_rolling_mad,two_of_three,composite,primary,13.0,3.0,2.0,True,False,-0.0121217851510549,second-highest of three frozen component scaled-MAD scores,,,188,164,23,164,164,24,False,False,0,4.0,0.3298438207333635,False,True,frozen external sequence; 13 calibration weeks retained for causal initialization only
observed_research,helm/helm,2026-06-22,external_evaluation,external,mewma,mewma,composite,primary,,,,True,False,0.0007722053494702089,raw mewma_stat divided by frozen control limit,0.0055212951149359,7.150034791553729,188,164,23,164,164,24,False,False,0,4.0,0.3298438207333635,False,True,frozen external sequence; 13 calibration weeks retained for causal initialization only
observed_research,helm/helm,2026-06-29,external_evaluation,external,causal_rolling_mad,latency_log,latency_log,primary,13.0,3.0,2.0,True,False,-1.44019510968439,frozen component scaled-MAD score,,,81,68,7,68,68,13,False,False,0,4.0,0.3104709647919524,False,True,frozen external sequence; 13 calibration weeks retained for causal initialization only
observed_research,helm/helm,2026-06-29,external_evaluation,external,causal_rolling_mad,failure_rate,failure_rate,primary,13.0,3.0,2.0,True,False,-0.1630547856114973,frozen component scaled-MAD score,,,81,68,7,68,68,13,False,False,0,4.0,0.3104709647919524,False,True,frozen external sequence; 13 calibration weeks retained for causal initialization only
observed_research,helm/helm,2026-06-29,external_evaluation,external,causal_rolling_mad,rerun_rate,rerun_rate,primary,13.0,3.0,2.0,True,False,0.8350837974472132,frozen component scaled-MAD score,,,81,68,7,68,68,13,False,False,0,4.0,0.3104709647919524,False,True,frozen external sequence; 13 calibration weeks retained for causal initialization only
observed_research,helm/helm,2026-06-29,external_evaluation,external,causal_rolling_mad,union,composite,primary,13.0,3.0,2.0,True,False,0.8350837974472132,maximum of three frozen component scaled-MAD scores,,,81,68,7,68,68,13,False,False,0,4.0,0.3104709647919524,False,True,frozen external sequence; 13 calibration weeks retained for causal initialization only
observed_research,helm/helm,2026-06-29,external_evaluation,external,causal_rolling_mad,two_of_three,composite,primary,13.0,3.0,2.0,True,False,-0.1630547856114973,second-highest of three frozen component scaled-MAD scores,,,81,68,7,68,68,13,False,False,0,4.0,0.3104709647919524,False,True,frozen external sequence; 13 calibration weeks retained for causal initialization only
observed_research,helm/helm,2026-06-29,external_evaluation,external,mewma,mewma,composite,primary,,,,True,False,4.291291466804527e-05,raw mewma_stat divided by frozen control limit,0.0003068288328835,7.150034791553729,81,68,7,68,68,13,False,False,0,4.0,0.3104709647919524,False,True,frozen external sequence; 13 calibration weeks retained for causal initialization only
observed_research,helm/helm,2026-07-06,external_evaluation,external,causal_rolling_mad,latency_log,latency_log,primary,13.0,3.0,2.0,True,False,1.0095205706377584,frozen component scaled-MAD score,,,283,252,16,252,266,17,False,False,0,4.0,0.2912135249534893,False,True,frozen external sequence; 13 calibration weeks retained for causal initialization only
observed_research,helm/helm,2026-07-06,external_evaluation,external,causal_rolling_mad,failure_rate,failure_rate,primary,13.0,3.0,2.0,True,False,-1.276066644871092,frozen component scaled-MAD score,,,283,252,16,252,266,17,False,False,0,4.0,0.2912135249534893,False,True,frozen external sequence; 13 calibration weeks retained for causal initialization only
observed_research,helm/helm,2026-07-06,external_evaluation,external,causal_rolling_mad,rerun_rate,rerun_rate,primary,13.0,3.0,2.0,True,False,-1.2712206795147858,frozen component scaled-MAD score,,,283,252,16,252,266,17,False,False,0,4.0,0.2912135249534893,False,True,frozen external sequence; 13 calibration weeks retained for causal initialization only
observed_research,helm/helm,2026-07-06,external_evaluation,external,causal_rolling_mad,union,composite,primary,13.0,3.0,2.0,True,False,1.0095205706377584,maximum of three frozen component scaled-MAD scores,,,283,252,16,252,266,17,False,False,0,4.0,0.2912135249534893,False,True,frozen external sequence; 13 calibration weeks retained for causal initialization only
observed_research,helm/helm,2026-07-06,external_evaluation,external,causal_rolling_mad,two_of_three,composite,primary,13.0,3.0,2.0,True,False,-1.2712206795147858,second-highest of three frozen component scaled-MAD scores,,,283,252,16,252,266,17,False,False,0,4.0,0.2912135249534893,False,True,frozen external sequence; 13 calibration weeks retained for causal initialization only
observed_research,helm/helm,2026-07-06,external_evaluation,external,mewma,mewma,composite,primary,,,,True,False,0.0,raw mewma_stat divided by frozen control limit,0.0,7.150034791553729,283,252,16,252,266,17,False,False,0,4.0,0.2912135249534893,False,True,frozen external sequence; 13 calibration weeks retained for causal initialization only
observed_research,helm/helm,2026-07-13,external_evaluation,external,causal_rolling_mad,latency_log,latency_log,primary,13.0,3.0,2.0,True,False,-0.0294144385221303,frozen component scaled-MAD score,,,486,288,36,288,471,15,False,False,0,4.0,0.32926891225931,False,True,frozen external sequence; 13 calibration weeks retained for causal initialization only
observed_research,helm/helm,2026-07-13,external_evaluation,external,causal_rolling_mad,failure_rate,failure_rate,primary,13.0,3.0,2.0,True,False,0.7135402244989243,frozen component scaled-MAD score,,,486,288,36,288,471,15,False,False,0,4.0,0.32926891225931,False,True,frozen external sequence; 13 calibration weeks retained for causal initialization only
observed_research,helm/helm,2026-07-13,external_evaluation,external,causal_rolling_mad,rerun_rate,rerun_rate,primary,13.0,3.0,2.0,True,False,-1.268214472595483,frozen component scaled-MAD score,,,486,288,36,288,471,15,False,False,0,4.0,0.32926891225931,False,True,frozen external sequence; 13 calibration weeks retained for causal initialization only
observed_research,helm/helm,2026-07-13,external_evaluation,external,causal_rolling_mad,union,composite,primary,13.0,3.0,2.0,True,False,0.7135402244989243,maximum of three frozen component scaled-MAD scores,,,486,288,36,288,471,15,False,False,0,4.0,0.32926891225931,False,True,frozen external sequence; 13 calibration weeks retained for causal initialization only
observed_research,helm/helm,2026-07-13,external_evaluation,external,causal_rolling_mad,two_of_three,composite,primary,13.0,3.0,2.0,True,False,-0.0294144385221303,second-highest of three frozen component scaled-MAD scores,,,486,288,36,288,471,15,False,False,0,4.0,0.32926891225931,False,True,frozen external sequence; 13 calibration weeks retained for causal initialization only
observed_research,helm/helm,2026-07-13,external_evaluation,external,mewma,mewma,composite,primary,,,,True,False,0.0,raw mewma_stat divided by frozen control limit,0.0,7.150034791553729,486,288,36,288,471,15,False,False,0,4.0,0.32926891225931,False,True,frozen external sequence; 13 calibration weeks retained for causal initialization only
observed_research,helm/helm,2026-07-20,external_evaluation,external,causal_rolling_mad,latency_log,latency_log,primary,13.0,3.0,2.0,True,False,0.2047107047544177,frozen component scaled-MAD score,,,607,493,21,493,583,24,False,False,0,5.0,0.2468591311144825,False,True,frozen external sequence; 13 calibration weeks retained for causal initialization only
observed_research,helm/helm,2026-07-20,external_evaluation,external,causal_rolling_mad,failure_rate,failure_rate,primary,13.0,3.0,2.0,True,False,-1.845158629372752,frozen component scaled-MAD score,,,607,493,21,493,583,24,False,False,0,5.0,0.2468591311144825,False,True,frozen external sequence; 13 calibration weeks retained for causal initialization only
observed_research,helm/helm,2026-07-20,external_evaluation,external,causal_rolling_mad,rerun_rate,rerun_rate,primary,13.0,3.0,2.0,True,False,-1.1443374986300323,frozen component scaled-MAD score,,,607,493,21,493,583,24,False,False,0,5.0,0.2468591311144825,False,True,frozen external sequence; 13 calibration weeks retained for causal initialization only
observed_research,helm/helm,2026-07-20,external_evaluation,external,causal_rolling_mad,union,composite,primary,13.0,3.0,2.0,True,False,0.2047107047544177,maximum of three frozen component scaled-MAD scores,,,607,493,21,493,583,24,False,False,0,5.0,0.2468591311144825,False,True,frozen external sequence; 13 calibration weeks retained for causal initialization only
observed_research,helm/helm,2026-07-20,external_evaluation,external,causal_rolling_mad,two_of_three,composite,primary,13.0,3.0,2.0,True,False,-1.1443374986300323,second-highest of three frozen component scaled-MAD scores,,,607,493,21,493,583,24,False,False,0,5.0,0.2468591311144825,False,True,frozen external sequence; 13 calibration weeks retained for causal initialization only
observed_research,helm/helm,2026-07-20,external_evaluation,external,mewma,mewma,composite,primary,,,,True,False,0.0,raw mewma_stat divided by frozen control limit,0.0,7.150034791553729,607,493,21,493,583,24,False,False,0,5.0,0.2468591311144825,False,True,frozen external sequence; 13 calibration weeks retained for causal initialization only
observed_research,helm/helm,2026-07-27,external_evaluation,external,causal_rolling_mad,latency_log,latency_log,primary,13.0,3.0,2.0,True,False,-1.7398860227455517,frozen component scaled-MAD score,,,247,159,7,159,235,12,False,False,0,5.0,0.2514547034044157,False,True,frozen external sequence; 13 calibration weeks retained for causal initialization only
observed_research,helm/helm,2026-07-27,external_evaluation,external,causal_rolling_mad,failure_rate,failure_rate,primary,13.0,3.0,2.0,True,False,-1.1606331559295355,frozen component scaled-MAD score,,,247,159,7,159,235,12,False,False,0,5.0,0.2514547034044157,False,True,frozen external sequence; 13 calibration weeks retained for causal initialization only
observed_research,helm/helm,2026-07-27,external_evaluation,external,causal_rolling_mad,rerun_rate,rerun_rate,primary,13.0,3.0,2.0,True,False,-1.036650185754332,frozen component scaled-MAD score,,,247,159,7,159,235,12,False,False,0,5.0,0.2514547034044157,False,True,frozen external sequence; 13 calibration weeks retained for causal initialization only
observed_research,helm/helm,2026-07-27,external_evaluation,external,causal_rolling_mad,union,composite,primary,13.0,3.0,2.0,True,False,-1.036650185754332,maximum of three frozen component scaled-MAD scores,,,247,159,7,159,235,12,False,False,0,5.0,0.2514547034044157,False,True,frozen external sequence; 13 calibration weeks retained for causal initialization only
observed_research,helm/helm,2026-07-27,external_evaluation,external,causal_rolling_mad,two_of_three,composite,primary,13.0,3.0,2.0,True,False,-1.1606331559295355,second-highest of three frozen component scaled-MAD scores,,,247,159,7,159,235,12,False,False,0,5.0,0.2514547034044157,False,True,frozen external sequence; 13 calibration weeks retained for causal initialization only
observed_research,helm/helm,2026-07-27,external_evaluation,external,mewma,mewma,composite,primary,,,,True,False,0.0,raw mewma_stat divided by frozen control limit,0.0,7.150034791553729,247,159,7,159,235,12,False,False,0,5.0,0.2514547034044157,False,True,frozen external sequence; 13 calibration weeks retained for causal initialization only
observed_research,helm/helm,2026-08-03,external_evaluation,external,causal_rolling_mad,latency_log,latency_log,primary,13.0,3.0,2.0,True,False,-4.131016342709564,frozen component scaled-MAD score,,,130,87,3,87,123,7,False,False,0,5.0,0.2302958579881657,False,True,frozen external sequence; 13 calibration weeks retained for causal initialization only
observed_research,helm/helm,2026-08-03,external_evaluation,external,causal_rolling_mad,failure_rate,failure_rate,primary,13.0,3.0,2.0,True,False,-1.37689148141429,frozen component scaled-MAD score,,,130,87,3,87,123,7,False,False,0,5.0,0.2302958579881657,False,True,frozen external sequence; 13 calibration weeks retained for causal initialization only
observed_research,helm/helm,2026-08-03,external_evaluation,external,causal_rolling_mad,rerun_rate,rerun_rate,primary,13.0,3.0,2.0,True,False,-0.5872719822199938,frozen component scaled-MAD score,,,130,87,3,87,123,7,False,False,0,5.0,0.2302958579881657,False,True,frozen external sequence; 13 calibration weeks retained for causal initialization only
observed_research,helm/helm,2026-08-03,external_evaluation,external,causal_rolling_mad,union,composite,primary,13.0,3.0,2.0,True,False,-0.5872719822199938,maximum of three frozen component scaled-MAD scores,,,130,87,3,87,123,7,False,False,0,5.0,0.2302958579881657,False,True,frozen external sequence; 13 calibration weeks retained for causal initialization only
observed_research,helm/helm,2026-08-03,external_evaluation,external,causal_rolling_mad,two_of_three,composite,primary,13.0,3.0,2.0,True,False,-1.37689148141429,second-highest of three frozen component scaled-MAD scores,,,130,87,3,87,123,7,False,False,0,5.0,0.2302958579881657,False,True,frozen external sequence; 13 calibration weeks retained for causal initialization only
observed_research,helm/helm,2026-08-03,external_evaluation,external,mewma,mewma,composite,primary,,,,True,False,0.0,raw mewma_stat divided by frozen control limit,0.0,7.150034791553729,130,87,3,87,123,7,False,False,0,5.0,0.2302958579881657,False,True,frozen external sequence; 13 calibration weeks retained for causal initialization only
observed_research,prometheus/prometheus,2026-03-30,holdout,holdout,causal_rolling_mad,latency_log,latency_log,primary,13.0,3.0,2.0,True,False,0.6461860809866234,frozen component scaled-MAD score,,,893,692,183,691,868,23,False,False,0,4.0,0.2559448942816406,False,False,frozen full development sequence; preceding purge observations retained
observed_research,prometheus/prometheus,2026-03-30,holdout,holdout,causal_rolling_mad,failure_rate,failure_rate,primary,13.0,3.0,2.0,True,False,0.4837031560783986,frozen component scaled-MAD score,,,893,692,183,691,868,23,False,False,0,4.0,0.2559448942816406,False,False,frozen full development sequence; preceding purge observations retained
observed_research,prometheus/prometheus,2026-03-30,holdout,holdout,causal_rolling_mad,rerun_rate,rerun_rate,primary,13.0,3.0,2.0,True,False,0.8992673890583,frozen component scaled-MAD score,,,893,692,183,691,868,23,False,False,0,4.0,0.2559448942816406,False,False,frozen full development sequence; preceding purge observations retained
observed_research,prometheus/prometheus,2026-03-30,holdout,holdout,causal_rolling_mad,union,composite,primary,13.0,3.0,2.0,True,False,0.8992673890583,maximum of three frozen component scaled-MAD scores,,,893,692,183,691,868,23,False,False,0,4.0,0.2559448942816406,False,False,frozen full development sequence; preceding purge observations retained
observed_research,prometheus/prometheus,2026-03-30,holdout,holdout,causal_rolling_mad,two_of_three,composite,primary,13.0,3.0,2.0,True,False,0.6461860809866234,second-highest of three frozen component scaled-MAD scores,,,893,692,183,691,868,23,False,False,0,4.0,0.2559448942816406,False,False,frozen full development sequence; preceding purge observations retained
observed_research,prometheus/prometheus,2026-03-30,holdout,holdout,mewma,mewma,composite,primary,,,,True,False,0.5718957035058477,raw mewma_stat divided by frozen control limit,4.089074177206907,7.150034791553729,893,692,183,691,868,23,False,False,0,4.0,0.2559448942816406,False,False,frozen full development sequence; preceding purge observations retained
observed_research,prometheus/prometheus,2026-04-06,holdout,holdout,causal_rolling_mad,latency_log,latency_log,primary,13.0,3.0,2.0,True,False,0.6080510169130307,frozen component scaled-MAD score,,,603,473,103,472,586,13,False,False,0,4.0,0.2580381673720947,False,False,frozen full development sequence; preceding purge observations retained
observed_research,prometheus/prometheus,2026-04-06,holdout,holdout,causal_rolling_mad,failure_rate,failure_rate,primary,13.0,3.0,2.0,True,False,-0.7278890406256596,frozen component scaled-MAD score,,,603,473,103,472,586,13,False,False,0,4.0,0.2580381673720947,False,False,frozen full development sequence; preceding purge observations retained
observed_research,prometheus/prometheus,2026-04-06,holdout,holdout,causal_rolling_mad,rerun_rate,rerun_rate,primary,13.0,3.0,2.0,True,False,0.0183782475564489,frozen component scaled-MAD score,,,603,473,103,472,586,13,False,False,0,4.0,0.2580381673720947,False,False,frozen full development sequence; preceding purge observations retained
observed_research,prometheus/prometheus,2026-04-06,holdout,holdout,causal_rolling_mad,union,composite,primary,13.0,3.0,2.0,True,False,0.6080510169130307,maximum of three frozen component scaled-MAD scores,,,603,473,103,472,586,13,False,False,0,4.0,0.2580381673720947,False,False,frozen full development sequence; preceding purge observations retained
observed_research,prometheus/prometheus,2026-04-06,holdout,holdout,causal_rolling_mad,two_of_three,composite,primary,13.0,3.0,2.0,True,False,0.0183782475564489,second-highest of three frozen component scaled-MAD scores,,,603,473,103,472,586,13,False,False,0,4.0,0.2580381673720947,False,False,frozen full development sequence; preceding purge observations retained
observed_research,prometheus/prometheus,2026-04-06,holdout,holdout,mewma,mewma,composite,primary,,,,True,False,0.5991294413822562,raw mewma_stat divided by frozen control limit,4.2837963505272825,7.150034791553729,603,473,103,472,586,13,False,False,0,4.0,0.2580381673720947,False,False,frozen full development sequence; preceding purge observations retained
observed_research,prometheus/prometheus,2026-04-13,holdout,holdout,causal_rolling_mad,latency_log,latency_log,primary,13.0,3.0,2.0,True,False,0.0373097258795201,frozen component scaled-MAD score,,,646,498,105,498,640,6,False,False,0,4.0,0.2538603839776093,False,False,frozen full development sequence; preceding purge observations retained
observed_research,prometheus/prometheus,2026-04-13,holdout,holdout,causal_rolling_mad,failure_rate,failure_rate,primary,13.0,3.0,2.0,True,False,-0.8893125070639867,frozen component scaled-MAD score,,,646,498,105,498,640,6,False,False,0,4.0,0.2538603839776093,False,False,frozen full development sequence; preceding purge observations retained
observed_research,prometheus/prometheus,2026-04-13,holdout,holdout,causal_rolling_mad,rerun_rate,rerun_rate,primary,13.0,3.0,2.0,True,False,-2.795652669673755,frozen component scaled-MAD score,,,646,498,105,498,640,6,False,False,0,4.0,0.2538603839776093,False,False,frozen full development sequence; preceding purge observations retained
observed_research,prometheus/prometheus,2026-04-13,holdout,holdout,causal_rolling_mad,union,composite,primary,13.0,3.0,2.0,True,False,0.0373097258795201,maximum of three frozen component scaled-MAD scores,,,646,498,105,498,640,6,False,False,0,4.0,0.2538603839776093,False,False,frozen full development sequence; preceding purge observations retained
observed_research,prometheus/prometheus,2026-04-13,holdout,holdout,causal_rolling_mad,two_of_three,composite,primary,13.0,3.0,2.0,True,False,-0.8893125070639867,second-highest of three frozen component scaled-MAD scores,,,646,498,105,498,640,6,False,False,0,4.0,0.2538603839776093,False,False,frozen full development sequence; preceding purge observations retained
observed_research,prometheus/prometheus,2026-04-13,holdout,holdout,mewma,mewma,composite,primary,,,,True,False,0.4535712430135326,raw mewma_stat divided by frozen control limit,3.243050167995029,7.150034791553729,646,498,105,498,640,6,False,False,0,4.0,0.2538603839776093,False,False,frozen full development sequence; preceding purge observations retained
observed_research,prometheus/prometheus,2026-04-20,holdout,holdout,causal_rolling_mad,latency_log,latency_log,primary,13.0,3.0,2.0,True,False,0.0334321849602736,frozen component scaled-MAD score,,,611,490,69,490,601,10,False,False,0,7.0,0.2039612022897185,False,False,frozen full development sequence; preceding purge observations retained
observed_research,prometheus/prometheus,2026-04-20,holdout,holdout,causal_rolling_mad,failure_rate,failure_rate,primary,13.0,3.0,2.0,True,False,-2.649835744275459,frozen component scaled-MAD score,,,611,490,69,490,601,10,False,False,0,7.0,0.2039612022897185,False,False,frozen full development sequence; preceding purge observations retained
observed_research,prometheus/prometheus,2026-04-20,holdout,holdout,causal_rolling_mad,rerun_rate,rerun_rate,primary,13.0,3.0,2.0,True,False,-1.210285863028265,frozen component scaled-MAD score,,,611,490,69,490,601,10,False,False,0,7.0,0.2039612022897185,False,False,frozen full development sequence; preceding purge observations retained
observed_research,prometheus/prometheus,2026-04-20,holdout,holdout,causal_rolling_mad,union,composite,primary,13.0,3.0,2.0,True,False,0.0334321849602736,maximum of three frozen component scaled-MAD scores,,,611,490,69,490,601,10,False,False,0,7.0,0.2039612022897185,False,False,frozen full development sequence; preceding purge observations retained
observed_research,prometheus/prometheus,2026-04-20,holdout,holdout,causal_rolling_mad,two_of_three,composite,primary,13.0,3.0,2.0,True,False,-1.210285863028265,second-highest of three frozen component scaled-MAD scores,,,611,490,69,490,601,10,False,False,0,7.0,0.2039612022897185,False,False,frozen full development sequence; preceding purge observations retained
observed_research,prometheus/prometheus,2026-04-20,holdout,holdout,mewma,mewma,composite,primary,,,,True,False,0.424848386642018,raw mewma_stat divided by frozen control limit,3.037680745625899,7.150034791553729,611,490,69,490,601,10,False,False,0,7.0,0.2039612022897185,False,False,frozen full development sequence; preceding purge observations retained
observed_research,prometheus/prometheus,2026-04-27,holdout,holdout,causal_rolling_mad,latency_log,latency_log,primary,13.0,3.0,2.0,True,False,0.0042783769535299,frozen component scaled-MAD score,,,388,320,76,320,379,9,False,False,0,6.0,0.2029572749495164,False,False,frozen full development sequence; preceding purge observations retained
observed_research,prometheus/prometheus,2026-04-27,holdout,holdout,causal_rolling_mad,failure_rate,failure_rate,primary,13.0,3.0,2.0,True,False,0.3937824826320494,frozen component scaled-MAD score,,,388,320,76,320,379,9,False,False,0,6.0,0.2029572749495164,False,False,frozen full development sequence; preceding purge observations retained
observed_research,prometheus/prometheus,2026-04-27,holdout,holdout,causal_rolling_mad,rerun_rate,rerun_rate,primary,13.0,3.0,2.0,True,False,0.3329610533264231,frozen component scaled-MAD score,,,388,320,76,320,379,9,False,False,0,6.0,0.2029572749495164,False,False,frozen full development sequence; preceding purge observations retained
observed_research,prometheus/prometheus,2026-04-27,holdout,holdout,causal_rolling_mad,union,composite,primary,13.0,3.0,2.0,True,False,0.3937824826320494,maximum of three frozen component scaled-MAD scores,,,388,320,76,320,379,9,False,False,0,6.0,0.2029572749495164,False,False,frozen full development sequence; preceding purge observations retained
observed_research,prometheus/prometheus,2026-04-27,holdout,holdout,causal_rolling_mad,two_of_three,composite,primary,13.0,3.0,2.0,True,False,0.3329610533264231,second-highest of three frozen component scaled-MAD scores,,,388,320,76,320,379,9,False,False,0,6.0,0.2029572749495164,False,False,frozen full development sequence; preceding purge observations retained
observed_research,prometheus/prometheus,2026-04-27,holdout,holdout,mewma,mewma,composite,primary,,,,True,False,0.4701382067621977,raw mewma_stat divided by frozen control limit,3.361504535188394,7.150034791553729,388,320,76,320,379,9,False,False,0,6.0,0.2029572749495164,False,False,frozen full development sequence; preceding purge observations retained
observed_research,prometheus/prometheus,2026-05-04,holdout,holdout,causal_rolling_mad,latency_log,latency_log,primary,13.0,3.0,2.0,True,False,1.919022148442028,frozen component scaled-MAD score,,,445,365,66,365,427,16,False,False,0,5.0,0.2054336573664941,False,False,frozen full development sequence; preceding purge observations retained
observed_research,prometheus/prometheus,2026-05-04,holdout,holdout,causal_rolling_mad,failure_rate,failure_rate,primary,13.0,3.0,2.0,True,False,-0.8641882690141087,frozen component scaled-MAD score,,,445,365,66,365,427,16,False,False,0,5.0,0.2054336573664941,False,False,frozen full development sequence; preceding purge observations retained
observed_research,prometheus/prometheus,2026-05-04,holdout,holdout,causal_rolling_mad,rerun_rate,rerun_rate,primary,13.0,3.0,2.0,True,False,3.09623413478392,frozen component scaled-MAD score,,,445,365,66,365,427,16,False,False,0,5.0,0.2054336573664941,False,False,frozen full development sequence; preceding purge observations retained
observed_research,prometheus/prometheus,2026-05-04,holdout,holdout,causal_rolling_mad,union,composite,primary,13.0,3.0,2.0,True,False,3.09623413478392,maximum of three frozen component scaled-MAD scores,,,445,365,66,365,427,16,False,False,0,5.0,0.2054336573664941,False,False,frozen full development sequence; preceding purge observations retained
observed_research,prometheus/prometheus,2026-05-04,holdout,holdout,causal_rolling_mad,two_of_three,composite,primary,13.0,3.0,2.0,True,False,1.919022148442028,second-highest of three frozen component scaled-MAD scores,,,445,365,66,365,427,16,False,False,0,5.0,0.2054336573664941,False,False,frozen full development sequence; preceding purge observations retained
observed_research,prometheus/prometheus,2026-05-04,holdout,holdout,mewma,mewma,composite,primary,,,,True,False,0.7356652614799486,raw mewma_stat divided by frozen control limit,5.260032214519104,7.150034791553729,445,365,66,365,427,16,False,False,0,5.0,0.2054336573664941,False,False,frozen full development sequence; preceding purge observations retained
observed_research,prometheus/prometheus,2026-05-11,holdout,holdout,causal_rolling_mad,latency_log,latency_log,primary,13.0,3.0,2.0,True,False,1.418507016767344,frozen component scaled-MAD score,,,561,420,85,419,536,16,False,False,0,5.0,0.2511271888434518,False,False,frozen full development sequence; preceding purge observations retained
observed_research,prometheus/prometheus,2026-05-11,holdout,holdout,causal_rolling_mad,failure_rate,failure_rate,primary,13.0,3.0,2.0,True,False,-0.3668644989525903,frozen component scaled-MAD score,,,561,420,85,419,536,16,False,False,0,5.0,0.2511271888434518,False,False,frozen full development sequence; preceding purge observations retained
observed_research,prometheus/prometheus,2026-05-11,holdout,holdout,causal_rolling_mad,rerun_rate,rerun_rate,primary,13.0,3.0,2.0,True,False,1.502661912736167,frozen component scaled-MAD score,,,561,420,85,419,536,16,False,False,0,5.0,0.2511271888434518,False,False,frozen full development sequence; preceding purge observations retained
observed_research,prometheus/prometheus,2026-05-11,holdout,holdout,causal_rolling_mad,union,composite,primary,13.0,3.0,2.0,True,False,1.502661912736167,maximum of three frozen component scaled-MAD scores,,,561,420,85,419,536,16,False,False,0,5.0,0.2511271888434518,False,False,frozen full development sequence; preceding purge observations retained
observed_research,prometheus/prometheus,2026-05-11,holdout,holdout,causal_rolling_mad,two_of_three,composite,primary,13.0,3.0,2.0,True,False,1.418507016767344,second-highest of three frozen component scaled-MAD scores,,,561,420,85,419,536,16,False,False,0,5.0,0.2511271888434518,False,False,frozen full development sequence; preceding purge observations retained
observed_research,prometheus/prometheus,2026-05-11,holdout,holdout,mewma,mewma,composite,primary,,,,True,False,0.8712190451166426,raw mewma_stat divided by frozen control limit,6.229246483648213,7.150034791553729,561,420,85,419,536,16,False,False,0,5.0,0.2511271888434518,False,False,frozen full development sequence; preceding purge observations retained
observed_research,prometheus/prometheus,2026-05-18,holdout,holdout,causal_rolling_mad,latency_log,latency_log,primary,13.0,3.0,2.0,True,False,-2.4102898158391426,frozen component scaled-MAD score,,,726,571,106,571,708,12,False,False,0,5.0,0.2470004325751884,False,False,frozen full development sequence; preceding purge observations retained
observed_research,prometheus/prometheus,2026-05-18,holdout,holdout,causal_rolling_mad,failure_rate,failure_rate,primary,13.0,3.0,2.0,True,False,-1.097434893284183,frozen component scaled-MAD score,,,726,571,106,571,708,12,False,False,0,5.0,0.2470004325751884,False,False,frozen full development sequence; preceding purge observations retained
observed_research,prometheus/prometheus,2026-05-18,holdout,holdout,causal_rolling_mad,rerun_rate,rerun_rate,primary,13.0,3.0,2.0,True,False,-0.9723820877732136,frozen component scaled-MAD score,,,726,571,106,571,708,12,False,False,0,5.0,0.2470004325751884,False,False,frozen full development sequence; preceding purge observations retained
observed_research,prometheus/prometheus,2026-05-18,holdout,holdout,causal_rolling_mad,union,composite,primary,13.0,3.0,2.0,True,False,-0.9723820877732136,maximum of three frozen component scaled-MAD scores,,,726,571,106,571,708,12,False,False,0,5.0,0.2470004325751884,False,False,frozen full development sequence; preceding purge observations retained
observed_research,prometheus/prometheus,2026-05-18,holdout,holdout,causal_rolling_mad,two_of_three,composite,primary,13.0,3.0,2.0,True,False,-1.097434893284183,second-highest of three frozen component scaled-MAD scores,,,726,571,106,571,708,12,False,False,0,5.0,0.2470004325751884,False,False,frozen full development sequence; preceding purge observations retained
observed_research,prometheus/prometheus,2026-05-18,holdout,holdout,mewma,mewma,composite,primary,,,,True,False,0.684924630290824,raw mewma_stat divided by frozen control limit,4.897234936171467,7.150034791553729,726,571,106,571,708,12,False,False,0,5.0,0.2470004325751884,False,False,frozen full development sequence; preceding purge observations retained
observed_research,prometheus/prometheus,2026-05-25,holdout,holdout,causal_rolling_mad,latency_log,latency_log,primary,13.0,3.0,2.0,True,False,-5.711170409555227,frozen component scaled-MAD score,,,452,366,84,366,441,11,False,False,0,6.0,0.2678165870467538,False,False,frozen full development sequence; preceding purge observations retained
observed_research,prometheus/prometheus,2026-05-25,holdout,holdout,causal_rolling_mad,failure_rate,failure_rate,primary,13.0,3.0,2.0,True,False,0.4025788626830794,frozen component scaled-MAD score,,,452,366,84,366,441,11,False,False,0,6.0,0.2678165870467538,False,False,frozen full development sequence; preceding purge observations retained
observed_research,prometheus/prometheus,2026-05-25,holdout,holdout,causal_rolling_mad,rerun_rate,rerun_rate,primary,13.0,3.0,2.0,True,False,0.3554678941494242,frozen component scaled-MAD score,,,452,366,84,366,441,11,False,False,0,6.0,0.2678165870467538,False,False,frozen full development sequence; preceding purge observations retained
observed_research,prometheus/prometheus,2026-05-25,holdout,holdout,causal_rolling_mad,union,composite,primary,13.0,3.0,2.0,True,False,0.4025788626830794,maximum of three frozen component scaled-MAD scores,,,452,366,84,366,441,11,False,False,0,6.0,0.2678165870467538,False,False,frozen full development sequence; preceding purge observations retained
observed_research,prometheus/prometheus,2026-05-25,holdout,holdout,causal_rolling_mad,two_of_three,composite,primary,13.0,3.0,2.0,True,False,0.3554678941494242,second-highest of three frozen component scaled-MAD scores,,,452,366,84,366,441,11,False,False,0,6.0,0.2678165870467538,False,False,frozen full development sequence; preceding purge observations retained
observed_research,prometheus/prometheus,2026-05-25,holdout,holdout,mewma,mewma,composite,primary,,,,True,False,0.5802632578242997,raw mewma_stat divided by frozen control limit,4.148902481704054,7.150034791553729,452,366,84,366,441,11,False,False,0,6.0,0.2678165870467538,False,False,frozen full development sequence; preceding purge observations retained
observed_research,prometheus/prometheus,2026-06-01,holdout,holdout,causal_rolling_mad,latency_log,latency_log,primary,13.0,3.0,2.0,True,False,-3.476889759272697,frozen component scaled-MAD score,,,809,657,96,657,796,13,False,False,0,5.0,0.2877929229419952,False,False,frozen full development sequence; preceding purge observations retained
observed_research,prometheus/prometheus,2026-06-01,holdout,holdout,causal_rolling_mad,failure_rate,failure_rate,primary,13.0,3.0,2.0,True,False,-3.142189671773703,frozen component scaled-MAD score,,,809,657,96,657,796,13,False,False,0,5.0,0.2877929229419952,False,False,frozen full development sequence; preceding purge observations retained
observed_research,prometheus/prometheus,2026-06-01,holdout,holdout,causal_rolling_mad,rerun_rate,rerun_rate,primary,13.0,3.0,2.0,True,False,-0.9995574506667754,frozen component scaled-MAD score,,,809,657,96,657,796,13,False,False,0,5.0,0.2877929229419952,False,False,frozen full development sequence; preceding purge observations retained
observed_research,prometheus/prometheus,2026-06-01,holdout,holdout,causal_rolling_mad,union,composite,primary,13.0,3.0,2.0,True,False,-0.9995574506667754,maximum of three frozen component scaled-MAD scores,,,809,657,96,657,796,13,False,False,0,5.0,0.2877929229419952,False,False,frozen full development sequence; preceding purge observations retained
observed_research,prometheus/prometheus,2026-06-01,holdout,holdout,causal_rolling_mad,two_of_three,composite,primary,13.0,3.0,2.0,True,False,-3.142189671773703,second-highest of three frozen component scaled-MAD scores,,,809,657,96,657,796,13,False,False,0,5.0,0.2877929229419952,False,False,frozen full development sequence; preceding purge observations retained
observed_research,prometheus/prometheus,2026-06-01,holdout,holdout,mewma,mewma,composite,primary,,,,True,False,0.4488147809817974,raw mewma_stat divided by frozen control limit,3.209041298983418,7.150034791553729,809,657,96,657,796,13,False,False,0,5.0,0.2877929229419952,False,False,frozen full development sequence; preceding purge observations retained
observed_research,prometheus/prometheus,2026-06-08,holdout,holdout,causal_rolling_mad,latency_log,latency_log,primary,13.0,3.0,2.0,True,False,-4.108365882338399,frozen component scaled-MAD score,,,889,746,91,746,880,9,False,False,0,5.0,0.337947492221515,False,False,frozen full development sequence; preceding purge observations retained
observed_research,prometheus/prometheus,2026-06-08,holdout,holdout,causal_rolling_mad,failure_rate,failure_rate,primary,13.0,3.0,2.0,True,False,-3.255810938679845,frozen component scaled-MAD score,,,889,746,91,746,880,9,False,False,0,5.0,0.337947492221515,False,False,frozen full development sequence; preceding purge observations retained
observed_research,prometheus/prometheus,2026-06-08,holdout,holdout,causal_rolling_mad,rerun_rate,rerun_rate,primary,13.0,3.0,2.0,True,False,-1.869734554935776,frozen component scaled-MAD score,,,889,746,91,746,880,9,False,False,0,5.0,0.337947492221515,False,False,frozen full development sequence; preceding purge observations retained
observed_research,prometheus/prometheus,2026-06-08,holdout,holdout,causal_rolling_mad,union,composite,primary,13.0,3.0,2.0,True,False,-1.869734554935776,maximum of three frozen component scaled-MAD scores,,,889,746,91,746,880,9,False,False,0,5.0,0.337947492221515,False,False,frozen full development sequence; preceding purge observations retained
observed_research,prometheus/prometheus,2026-06-08,holdout,holdout,causal_rolling_mad,two_of_three,composite,primary,13.0,3.0,2.0,True,False,-3.255810938679845,second-highest of three frozen component scaled-MAD scores,,,889,746,91,746,880,9,False,False,0,5.0,0.337947492221515,False,False,frozen full development sequence; preceding purge observations retained
observed_research,prometheus/prometheus,2026-06-08,holdout,holdout,mewma,mewma,composite,primary,,,,True,False,0.2826551623710106,raw mewma_stat divided by frozen control limit,2.0209942449649945,7.150034791553729,889,746,91,746,880,9,False,False,0,5.0,0.337947492221515,False,False,frozen full development sequence; preceding purge observations retained
observed_research,prometheus/prometheus,2026-06-15,holdout,holdout,causal_rolling_mad,latency_log,latency_log,primary,13.0,3.0,2.0,True,False,-1.326690387545046,frozen component scaled-MAD score,,,973,789,135,789,957,16,False,False,0,5.0,0.2828169412788665,False,False,frozen full development sequence; preceding purge observations retained
observed_research,prometheus/prometheus,2026-06-15,holdout,holdout,causal_rolling_mad,failure_rate,failure_rate,primary,13.0,3.0,2.0,True,False,-1.0635053851892002,frozen component scaled-MAD score,,,973,789,135,789,957,16,False,False,0,5.0,0.2828169412788665,False,False,frozen full development sequence; preceding purge observations retained
observed_research,prometheus/prometheus,2026-06-15,holdout,holdout,causal_rolling_mad,rerun_rate,rerun_rate,primary,13.0,3.0,2.0,True,False,-0.7041545373141692,frozen component scaled-MAD score,,,973,789,135,789,957,16,False,False,0,5.0,0.2828169412788665,False,False,frozen full development sequence; preceding purge observations retained
observed_research,prometheus/prometheus,2026-06-15,holdout,holdout,causal_rolling_mad,union,composite,primary,13.0,3.0,2.0,True,False,-0.7041545373141692,maximum of three frozen component scaled-MAD scores,,,973,789,135,789,957,16,False,False,0,5.0,0.2828169412788665,False,False,frozen full development sequence; preceding purge observations retained
observed_research,prometheus/prometheus,2026-06-15,holdout,holdout,causal_rolling_mad,two_of_three,composite,primary,13.0,3.0,2.0,True,False,-1.0635053851892002,second-highest of three frozen component scaled-MAD scores,,,973,789,135,789,957,16,False,False,0,5.0,0.2828169412788665,False,False,frozen full development sequence; preceding purge observations retained
observed_research,prometheus/prometheus,2026-06-15,holdout,holdout,mewma,mewma,composite,primary,,,,True,False,0.24782867423454563,raw mewma_stat divided by frozen control limit,1.7719836431216365,7.150034791553729,973,789,135,789,957,16,False,False,0,5.0,0.2828169412788665,False,False,frozen full development sequence; preceding purge observations retained
observed_research,prometheus/prometheus,2026-06-22,holdout,holdout,causal_rolling_mad,latency_log,latency_log,primary,13.0,3.0,2.0,True,False,-2.331343091205846,frozen component scaled-MAD score,,,727,608,90,608,723,4,False,False,0,5.0,0.3301824497804283,False,False,frozen full development sequence; preceding purge observations retained
observed_research,prometheus/prometheus,2026-06-22,holdout,holdout,causal_rolling_mad,failure_rate,failure_rate,primary,13.0,3.0,2.0,True,False,-1.351471592752849,frozen component scaled-MAD score,,,727,608,90,608,723,4,False,False,0,5.0,0.3301824497804283,False,False,frozen full development sequence; preceding purge observations retained
observed_research,prometheus/prometheus,2026-06-22,holdout,holdout,causal_rolling_mad,rerun_rate,rerun_rate,primary,13.0,3.0,2.0,True,False,-2.055020620018902,frozen component scaled-MAD score,,,727,608,90,608,723,4,False,False,0,5.0,0.3301824497804283,False,False,frozen full development sequence; preceding purge observations retained
observed_research,prometheus/prometheus,2026-06-22,holdout,holdout,causal_rolling_mad,union,composite,primary,13.0,3.0,2.0,True,False,-1.351471592752849,maximum of three frozen component scaled-MAD scores,,,727,608,90,608,723,4,False,False,0,5.0,0.3301824497804283,False,False,frozen full development sequence; preceding purge observations retained
observed_research,prometheus/prometheus,2026-06-22,holdout,holdout,causal_rolling_mad,two_of_three,composite,primary,13.0,3.0,2.0,True,False,-2.055020620018902,second-highest of three frozen component scaled-MAD scores,,,727,608,90,608,723,4,False,False,0,5.0,0.3301824497804283,False,False,frozen full development sequence; preceding purge observations retained
observed_research,prometheus/prometheus,2026-06-22,holdout,holdout,mewma,mewma,composite,primary,,,,True,False,0.10302197747893466,raw mewma_stat divided by frozen control limit,0.7366107232690475,7.150034791553729,727,608,90,608,723,4,False,False,0,5.0,0.3301824497804283,False,False,frozen full development sequence; preceding purge observations retained
observed_research,prometheus/prometheus,2026-06-29,holdout,holdout,causal_rolling_mad,latency_log,latency_log,primary,13.0,3.0,2.0,True,False,-2.673468626814396,frozen component scaled-MAD score,,,956,787,113,787,938,17,False,False,0,6.0,0.298419145323086,False,False,frozen full development sequence; preceding purge observations retained
observed_research,prometheus/prometheus,2026-06-29,holdout,holdout,causal_rolling_mad,failure_rate,failure_rate,primary,13.0,3.0,2.0,True,False,-0.7541661087591884,frozen component scaled-MAD score,,,956,787,113,787,938,17,False,False,0,6.0,0.298419145323086,False,False,frozen full development sequence; preceding purge observations retained
observed_research,prometheus/prometheus,2026-06-29,holdout,holdout,causal_rolling_mad,rerun_rate,rerun_rate,primary,13.0,3.0,2.0,True,False,0.1165419135037228,frozen component scaled-MAD score,,,956,787,113,787,938,17,False,False,0,6.0,0.298419145323086,False,False,frozen full development sequence; preceding purge observations retained
observed_research,prometheus/prometheus,2026-06-29,holdout,holdout,causal_rolling_mad,union,composite,primary,13.0,3.0,2.0,True,False,0.1165419135037228,maximum of three frozen component scaled-MAD scores,,,956,787,113,787,938,17,False,False,0,6.0,0.298419145323086,False,False,frozen full development sequence; preceding purge observations retained
observed_research,prometheus/prometheus,2026-06-29,holdout,holdout,causal_rolling_mad,two_of_three,composite,primary,13.0,3.0,2.0,True,False,-0.7541661087591884,second-highest of three frozen component scaled-MAD scores,,,956,787,113,787,938,17,False,False,0,6.0,0.298419145323086,False,False,frozen full development sequence; preceding purge observations retained
observed_research,prometheus/prometheus,2026-06-29,holdout,holdout,mewma,mewma,composite,primary,,,,True,False,0.10295415461070427,raw mewma_stat divided by frozen control limit,0.7361257874015373,7.150034791553729,956,787,113,787,938,17,False,False,0,6.0,0.298419145323086,False,False,frozen full development sequence; preceding purge observations retained
observed_research,prometheus/prometheus,2026-07-06,holdout,holdout,causal_rolling_mad,latency_log,latency_log,primary,13.0,3.0,2.0,True,False,-1.3530649683956737,frozen component scaled-MAD score,,,1309,1100,118,1100,1298,11,False,False,0,8.0,0.3415415753078091,False,False,frozen full development sequence; preceding purge observations retained
observed_research,prometheus/prometheus,2026-07-06,holdout,holdout,causal_rolling_mad,failure_rate,failure_rate,primary,13.0,3.0,2.0,True,False,-1.429500870383533,frozen component scaled-MAD score,,,1309,1100,118,1100,1298,11,False,False,0,8.0,0.3415415753078091,False,False,frozen full development sequence; preceding purge observations retained
observed_research,prometheus/prometheus,2026-07-06,holdout,holdout,causal_rolling_mad,rerun_rate,rerun_rate,primary,13.0,3.0,2.0,True,False,-0.8503608428931312,frozen component scaled-MAD score,,,1309,1100,118,1100,1298,11,False,False,0,8.0,0.3415415753078091,False,False,frozen full development sequence; preceding purge observations retained
observed_research,prometheus/prometheus,2026-07-06,holdout,holdout,causal_rolling_mad,union,composite,primary,13.0,3.0,2.0,True,False,-0.8503608428931312,maximum of three frozen component scaled-MAD scores,,,1309,1100,118,1100,1298,11,False,False,0,8.0,0.3415415753078091,False,False,frozen full development sequence; preceding purge observations retained
observed_research,prometheus/prometheus,2026-07-06,holdout,holdout,causal_rolling_mad,two_of_three,composite,primary,13.0,3.0,2.0,True,False,-1.3530649683956737,second-highest of three frozen component scaled-MAD scores,,,1309,1100,118,1100,1298,11,False,False,0,8.0,0.3415415753078091,False,False,frozen full development sequence; preceding purge observations retained
observed_research,prometheus/prometheus,2026-07-06,holdout,holdout,mewma,mewma,composite,primary,,,,True,False,0.055306897902725964,raw mewma_stat divided by frozen control limit,0.3954462442174006,7.150034791553729,1309,1100,118,1100,1298,11,False,False,0,8.0,0.3415415753078091,False,False,frozen full development sequence; preceding purge observations retained
observed_research,prometheus/prometheus,2026-07-13,holdout,holdout,causal_rolling_mad,latency_log,latency_log,primary,13.0,3.0,2.0,True,False,-1.5694540491326736,frozen component scaled-MAD score,,,1353,1130,112,1130,1337,16,False,False,0,6.0,0.3278346167859986,False,False,frozen full development sequence; preceding purge observations retained
observed_research,prometheus/prometheus,2026-07-13,holdout,holdout,causal_rolling_mad,failure_rate,failure_rate,primary,13.0,3.0,2.0,True,False,-1.603197699305213,frozen component scaled-MAD score,,,1353,1130,112,1130,1337,16,False,False,0,6.0,0.3278346167859986,False,False,frozen full development sequence; preceding purge observations retained
observed_research,prometheus/prometheus,2026-07-13,holdout,holdout,causal_rolling_mad,rerun_rate,rerun_rate,primary,13.0,3.0,2.0,True,False,-0.4560553457035315,frozen component scaled-MAD score,,,1353,1130,112,1130,1337,16,False,False,0,6.0,0.3278346167859986,False,False,frozen full development sequence; preceding purge observations retained
observed_research,prometheus/prometheus,2026-07-13,holdout,holdout,causal_rolling_mad,union,composite,primary,13.0,3.0,2.0,True,False,-0.4560553457035315,maximum of three frozen component scaled-MAD scores,,,1353,1130,112,1130,1337,16,False,False,0,6.0,0.3278346167859986,False,False,frozen full development sequence; preceding purge observations retained
observed_research,prometheus/prometheus,2026-07-13,holdout,holdout,causal_rolling_mad,two_of_three,composite,primary,13.0,3.0,2.0,True,False,-1.5694540491326736,second-highest of three frozen component scaled-MAD scores,,,1353,1130,112,1130,1337,16,False,False,0,6.0,0.3278346167859986,False,False,frozen full development sequence; preceding purge observations retained
observed_research,prometheus/prometheus,2026-07-13,holdout,holdout,mewma,mewma,composite,primary,,,,True,False,0.04111287769295547,raw mewma_stat divided by frozen control limit,0.2939585058855248,7.150034791553729,1353,1130,112,1130,1337,16,False,False,0,6.0,0.3278346167859986,False,False,frozen full development sequence; preceding purge observations retained
observed_research,prometheus/prometheus,2026-07-20,holdout,holdout,causal_rolling_mad,latency_log,latency_log,primary,13.0,3.0,2.0,True,False,0.1819449892281968,frozen component scaled-MAD score,,,876,737,70,737,870,5,False,False,0,6.0,0.3404797648089073,False,False,frozen full development sequence; preceding purge observations retained
observed_research,prometheus/prometheus,2026-07-20,holdout,holdout,causal_rolling_mad,failure_rate,failure_rate,primary,13.0,3.0,2.0,True,False,-1.090984326243494,frozen component scaled-MAD score,,,876,737,70,737,870,5,False,False,0,6.0,0.3404797648089073,False,False,frozen full development sequence; preceding purge observations retained
observed_research,prometheus/prometheus,2026-07-20,holdout,holdout,causal_rolling_mad,rerun_rate,rerun_rate,primary,13.0,3.0,2.0,True,False,-1.1399843822139606,frozen component scaled-MAD score,,,876,737,70,737,870,5,False,False,0,6.0,0.3404797648089073,False,False,frozen full development sequence; preceding purge observations retained
observed_research,prometheus/prometheus,2026-07-20,holdout,holdout,causal_rolling_mad,union,composite,primary,13.0,3.0,2.0,True,False,0.1819449892281968,maximum of three frozen component scaled-MAD scores,,,876,737,70,737,870,5,False,False,0,6.0,0.3404797648089073,False,False,frozen full development sequence; preceding purge observations retained
observed_research,prometheus/prometheus,2026-07-20,holdout,holdout,causal_rolling_mad,two_of_three,composite,primary,13.0,3.0,2.0,True,False,-1.090984326243494,second-highest of three frozen component scaled-MAD scores,,,876,737,70,737,870,5,False,False,0,6.0,0.3404797648089073,False,False,frozen full development sequence; preceding purge observations retained
observed_research,prometheus/prometheus,2026-07-20,holdout,holdout,mewma,mewma,composite,primary,,,,True,False,0.012649195673865606,raw mewma_stat divided by frozen control limit,0.09044218915331,7.150034791553729,876,737,70,737,870,5,False,False,0,6.0,0.3404797648089073,False,False,frozen full development sequence; preceding purge observations retained
observed_research,prometheus/prometheus,2026-07-27,holdout,holdout,causal_rolling_mad,latency_log,latency_log,primary,13.0,3.0,2.0,True,False,0.0887856580069616,frozen component scaled-MAD score,,,807,662,93,662,799,7,False,False,0,6.0,0.3004027645339954,False,False,frozen full development sequence; preceding purge observations retained
observed_research,prometheus/prometheus,2026-07-27,holdout,holdout,causal_rolling_mad,failure_rate,failure_rate,primary,13.0,3.0,2.0,True,False,-0.1352630655785774,frozen component scaled-MAD score,,,807,662,93,662,799,7,False,False,0,6.0,0.3004027645339954,False,False,frozen full development sequence; preceding purge observations retained
observed_research,prometheus/prometheus,2026-07-27,holdout,holdout,causal_rolling_mad,rerun_rate,rerun_rate,primary,13.0,3.0,2.0,True,False,-0.7637639963186333,frozen component scaled-MAD score,,,807,662,93,662,799,7,False,False,0,6.0,0.3004027645339954,False,False,frozen full development sequence; preceding purge observations retained
observed_research,prometheus/prometheus,2026-07-27,holdout,holdout,causal_rolling_mad,union,composite,primary,13.0,3.0,2.0,True,False,0.0887856580069616,maximum of three frozen component scaled-MAD scores,,,807,662,93,662,799,7,False,False,0,6.0,0.3004027645339954,False,False,frozen full development sequence; preceding purge observations retained
observed_research,prometheus/prometheus,2026-07-27,holdout,holdout,causal_rolling_mad,two_of_three,composite,primary,13.0,3.0,2.0,True,False,-0.1352630655785774,second-highest of three frozen component scaled-MAD scores,,,807,662,93,662,799,7,False,False,0,6.0,0.3004027645339954,False,False,frozen full development sequence; preceding purge observations retained
observed_research,prometheus/prometheus,2026-07-27,holdout,holdout,mewma,mewma,composite,primary,,,,True,False,0.005100932790379867,raw mewma_stat divided by frozen control limit,0.0364718469205933,7.150034791553729,807,662,93,662,799,7,False,False,0,6.0,0.3004027645339954,False,False,frozen full development sequence; preceding purge observations retained
observed_research,prometheus/prometheus,2026-08-03,holdout,holdout,causal_rolling_mad,latency_log,latency_log,primary,13.0,3.0,2.0,True,False,-1.073372952315861,frozen component scaled-MAD score,,,656,538,64,538,651,4,False,False,0,5.0,0.3032049375371803,False,False,frozen full development sequence; preceding purge observations retained
observed_research,prometheus/prometheus,2026-08-03,holdout,holdout,causal_rolling_mad,failure_rate,failure_rate,primary,13.0,3.0,2.0,True,False,-0.5278738090210116,frozen component scaled-MAD score,,,656,538,64,538,651,4,False,False,0,5.0,0.3032049375371803,False,False,frozen full development sequence; preceding purge observations retained
observed_research,prometheus/prometheus,2026-08-03,holdout,holdout,causal_rolling_mad,rerun_rate,rerun_rate,primary,13.0,3.0,2.0,True,False,-0.9076055971729046,frozen component scaled-MAD score,,,656,538,64,538,651,4,False,False,0,5.0,0.3032049375371803,False,False,frozen full development sequence; preceding purge observations retained
observed_research,prometheus/prometheus,2026-08-03,holdout,holdout,causal_rolling_mad,union,composite,primary,13.0,3.0,2.0,True,False,-0.5278738090210116,maximum of three frozen component scaled-MAD scores,,,656,538,64,538,651,4,False,False,0,5.0,0.3032049375371803,False,False,frozen full development sequence; preceding purge observations retained
observed_research,prometheus/prometheus,2026-08-03,holdout,holdout,causal_rolling_mad,two_of_three,composite,primary,13.0,3.0,2.0,True,False,-0.9076055971729046,second-highest of three frozen component scaled-MAD scores,,,656,538,64,538,651,4,False,False,0,5.0,0.3032049375371803,False,False,frozen full development sequence; preceding purge observations retained
observed_research,prometheus/prometheus,2026-08-03,holdout,holdout,mewma,mewma,composite,primary,,,,True,False,0.00013238380652134021,raw mewma_stat divided by frozen control limit,0.0009465488224659,7.150034791553729,656,538,64,538,651,4,False,False,0,5.0,0.3032049375371803,False,False,frozen full development sequence; preceding purge observations retained
observed_research,pytest-dev/pytest,2025-09-22,external_evaluation,external,causal_rolling_mad,latency_log,latency_log,primary,13.0,3.0,2.0,False,,0.0361732743911319,frozen component scaled-MAD score,,,58,32,6,32,58,0,False,False,0,1.0,1.0,False,True,frozen external sequence; 13 calibration weeks retained for causal initialization only
observed_research,pytest-dev/pytest,2025-09-22,external_evaluation,external,causal_rolling_mad,failure_rate,failure_rate,primary,13.0,3.0,2.0,False,,0.5269459058410901,frozen component scaled-MAD score,,,58,32,6,32,58,0,False,False,0,1.0,1.0,False,True,frozen external sequence; 13 calibration weeks retained for causal initialization only
observed_research,pytest-dev/pytest,2025-09-22,external_evaluation,external,causal_rolling_mad,rerun_rate,rerun_rate,primary,13.0,3.0,2.0,False,,,frozen component scaled-MAD score,,,58,32,6,32,58,0,False,False,0,1.0,1.0,False,True,frozen external sequence; 13 calibration weeks retained for causal initialization only
observed_research,pytest-dev/pytest,2025-09-22,external_evaluation,external,causal_rolling_mad,union,composite,primary,13.0,3.0,2.0,False,,,maximum of three frozen component scaled-MAD scores,,,58,32,6,32,58,0,False,False,0,1.0,1.0,False,True,frozen external sequence; 13 calibration weeks retained for causal initialization only
observed_research,pytest-dev/pytest,2025-09-22,external_evaluation,external,causal_rolling_mad,two_of_three,composite,primary,13.0,3.0,2.0,False,,,second-highest of three frozen component scaled-MAD scores,,,58,32,6,32,58,0,False,False,0,1.0,1.0,False,True,frozen external sequence; 13 calibration weeks retained for causal initialization only
observed_research,pytest-dev/pytest,2025-09-22,external_evaluation,external,mewma,mewma,composite,primary,,,,True,False,0.06640350776810008,raw mewma_stat divided by frozen control limit,0.4747873908231239,7.150034791553729,58,32,6,32,58,0,False,False,0,1.0,1.0,False,True,frozen external sequence; 13 calibration weeks retained for causal initialization only
observed_research,pytest-dev/pytest,2025-09-29,external_evaluation,external,causal_rolling_mad,latency_log,latency_log,primary,13.0,3.0,2.0,True,False,0.3895000167638813,frozen component scaled-MAD score,,,69,47,12,47,68,1,False,False,0,1.0,1.0,False,True,frozen external sequence; 13 calibration weeks retained for causal initialization only
observed_research,pytest-dev/pytest,2025-09-29,external_evaluation,external,causal_rolling_mad,failure_rate,failure_rate,primary,13.0,3.0,2.0,True,False,1.32745521811883,frozen component scaled-MAD score,,,69,47,12,47,68,1,False,False,0,1.0,1.0,False,True,frozen external sequence; 13 calibration weeks retained for causal initialization only
observed_research,pytest-dev/pytest,2025-09-29,external_evaluation,external,causal_rolling_mad,rerun_rate,rerun_rate,primary,13.0,3.0,2.0,False,,,frozen component scaled-MAD score,,,69,47,12,47,68,1,False,False,0,1.0,1.0,False,True,frozen external sequence; 13 calibration weeks retained for causal initialization only
observed_research,pytest-dev/pytest,2025-09-29,external_evaluation,external,causal_rolling_mad,union,composite,primary,13.0,3.0,2.0,False,,,maximum of three frozen component scaled-MAD scores,,,69,47,12,47,68,1,False,False,0,1.0,1.0,False,True,frozen external sequence; 13 calibration weeks retained for causal initialization only
observed_research,pytest-dev/pytest,2025-09-29,external_evaluation,external,causal_rolling_mad,two_of_three,composite,primary,13.0,3.0,2.0,False,,,second-highest of three frozen component scaled-MAD scores,,,69,47,12,47,68,1,False,False,0,1.0,1.0,False,True,frozen external sequence; 13 calibration weeks retained for causal initialization only
observed_research,pytest-dev/pytest,2025-09-29,external_evaluation,external,mewma,mewma,composite,primary,,,,True,False,0.09921063727430138,raw mewma_stat divided by frozen control limit,0.709359508203472,7.150034791553729,69,47,12,47,68,1,False,False,0,1.0,1.0,False,True,frozen external sequence; 13 calibration weeks retained for causal initialization only
observed_research,pytest-dev/pytest,2025-10-06,external_evaluation,external,causal_rolling_mad,latency_log,latency_log,primary,13.0,3.0,2.0,True,False,-0.8229690867849409,frozen component scaled-MAD score,,,63,43,8,43,63,0,False,False,0,1.0,1.0,False,True,frozen external sequence; 13 calibration weeks retained for causal initialization only
observed_research,pytest-dev/pytest,2025-10-06,external_evaluation,external,causal_rolling_mad,failure_rate,failure_rate,primary,13.0,3.0,2.0,True,False,0.3710510513239326,frozen component scaled-MAD score,,,63,43,8,43,63,0,False,False,0,1.0,1.0,False,True,frozen external sequence; 13 calibration weeks retained for causal initialization only
observed_research,pytest-dev/pytest,2025-10-06,external_evaluation,external,causal_rolling_mad,rerun_rate,rerun_rate,primary,13.0,3.0,2.0,False,,,frozen component scaled-MAD score,,,63,43,8,43,63,0,False,False,0,1.0,1.0,False,True,frozen external sequence; 13 calibration weeks retained for causal initialization only
observed_research,pytest-dev/pytest,2025-10-06,external_evaluation,external,causal_rolling_mad,union,composite,primary,13.0,3.0,2.0,False,,,maximum of three frozen component scaled-MAD scores,,,63,43,8,43,63,0,False,False,0,1.0,1.0,False,True,frozen external sequence; 13 calibration weeks retained for causal initialization only
observed_research,pytest-dev/pytest,2025-10-06,external_evaluation,external,causal_rolling_mad,two_of_three,composite,primary,13.0,3.0,2.0,False,,,second-highest of three frozen component scaled-MAD scores,,,63,43,8,43,63,0,False,False,0,1.0,1.0,False,True,frozen external sequence; 13 calibration weeks retained for causal initialization only
observed_research,pytest-dev/pytest,2025-10-06,external_evaluation,external,mewma,mewma,composite,primary,,,,True,False,0.07903166590425711,raw mewma_stat divided by frozen control limit,0.565079160849889,7.150034791553729,63,43,8,43,63,0,False,False,0,1.0,1.0,False,True,frozen external sequence; 13 calibration weeks retained for causal initialization only
observed_research,pytest-dev/pytest,2025-10-13,external_evaluation,external,causal_rolling_mad,latency_log,latency_log,primary,13.0,3.0,2.0,True,False,-1.0415374444643914,frozen component scaled-MAD score,,,90,56,8,56,90,0,False,False,0,2.0,0.9565432098765432,False,True,frozen external sequence; 13 calibration weeks retained for causal initialization only
observed_research,pytest-dev/pytest,2025-10-13,external_evaluation,external,causal_rolling_mad,failure_rate,failure_rate,primary,13.0,3.0,2.0,True,False,-0.4205243408573459,frozen component scaled-MAD score,,,90,56,8,56,90,0,False,False,0,2.0,0.9565432098765432,False,True,frozen external sequence; 13 calibration weeks retained for causal initialization only
observed_research,pytest-dev/pytest,2025-10-13,external_evaluation,external,causal_rolling_mad,rerun_rate,rerun_rate,primary,13.0,3.0,2.0,False,,,frozen component scaled-MAD score,,,90,56,8,56,90,0,False,False,0,2.0,0.9565432098765432,False,True,frozen external sequence; 13 calibration weeks retained for causal initialization only
observed_research,pytest-dev/pytest,2025-10-13,external_evaluation,external,causal_rolling_mad,union,composite,primary,13.0,3.0,2.0,False,,,maximum of three frozen component scaled-MAD scores,,,90,56,8,56,90,0,False,False,0,2.0,0.9565432098765432,False,True,frozen external sequence; 13 calibration weeks retained for causal initialization only
observed_research,pytest-dev/pytest,2025-10-13,external_evaluation,external,causal_rolling_mad,two_of_three,composite,primary,13.0,3.0,2.0,False,,,second-highest of three frozen component scaled-MAD scores,,,90,56,8,56,90,0,False,False,0,2.0,0.9565432098765432,False,True,frozen external sequence; 13 calibration weeks retained for causal initialization only
observed_research,pytest-dev/pytest,2025-10-13,external_evaluation,external,mewma,mewma,composite,primary,,,,True,False,0.0504539239989936,raw mewma_stat divided by frozen control limit,0.3607473119632119,7.150034791553729,90,56,8,56,90,0,False,False,0,2.0,0.9565432098765432,False,True,frozen external sequence; 13 calibration weeks retained for causal initialization only
observed_research,pytest-dev/pytest,2025-10-20,external_evaluation,external,causal_rolling_mad,latency_log,latency_log,primary,13.0,3.0,2.0,True,False,-0.3730751136564531,frozen component scaled-MAD score,,,63,40,6,40,59,4,False,False,0,1.0,1.0,False,True,frozen external sequence; 13 calibration weeks retained for causal initialization only
observed_research,pytest-dev/pytest,2025-10-20,external_evaluation,external,causal_rolling_mad,failure_rate,failure_rate,primary,13.0,3.0,2.0,True,False,-0.5629403646400805,frozen component scaled-MAD score,,,63,40,6,40,59,4,False,False,0,1.0,1.0,False,True,frozen external sequence; 13 calibration weeks retained for causal initialization only
observed_research,pytest-dev/pytest,2025-10-20,external_evaluation,external,causal_rolling_mad,rerun_rate,rerun_rate,primary,13.0,3.0,2.0,False,,,frozen component scaled-MAD score,,,63,40,6,40,59,4,False,False,0,1.0,1.0,False,True,frozen external sequence; 13 calibration weeks retained for causal initialization only
observed_research,pytest-dev/pytest,2025-10-20,external_evaluation,external,causal_rolling_mad,union,composite,primary,13.0,3.0,2.0,False,,,maximum of three frozen component scaled-MAD scores,,,63,40,6,40,59,4,False,False,0,1.0,1.0,False,True,frozen external sequence; 13 calibration weeks retained for causal initialization only
observed_research,pytest-dev/pytest,2025-10-20,external_evaluation,external,causal_rolling_mad,two_of_three,composite,primary,13.0,3.0,2.0,False,,,second-highest of three frozen component scaled-MAD scores,,,63,40,6,40,59,4,False,False,0,1.0,1.0,False,True,frozen external sequence; 13 calibration weeks retained for causal initialization only
observed_research,pytest-dev/pytest,2025-10-20,external_evaluation,external,mewma,mewma,composite,primary,,,,True,False,0.10215721483216994,raw mewma_stat divided by frozen control limit,0.7304276402582437,7.150034791553729,63,40,6,40,59,4,False,False,0,1.0,1.0,False,True,frozen external sequence; 13 calibration weeks retained for causal initialization only
observed_research,pytest-dev/pytest,2025-10-27,external_evaluation,external,causal_rolling_mad,latency_log,latency_log,primary,13.0,3.0,2.0,True,False,-0.5810341144194627,frozen component scaled-MAD score,,,86,43,11,43,86,0,False,False,0,1.0,1.0,False,True,frozen external sequence; 13 calibration weeks retained for causal initialization only
observed_research,pytest-dev/pytest,2025-10-27,external_evaluation,external,causal_rolling_mad,failure_rate,failure_rate,primary,13.0,3.0,2.0,True,False,1.450939424455466,frozen component scaled-MAD score,,,86,43,11,43,86,0,False,False,0,1.0,1.0,False,True,frozen external sequence; 13 calibration weeks retained for causal initialization only
observed_research,pytest-dev/pytest,2025-10-27,external_evaluation,external,causal_rolling_mad,rerun_rate,rerun_rate,primary,13.0,3.0,2.0,False,,,frozen component scaled-MAD score,,,86,43,11,43,86,0,False,False,0,1.0,1.0,False,True,frozen external sequence; 13 calibration weeks retained for causal initialization only
observed_research,pytest-dev/pytest,2025-10-27,external_evaluation,external,causal_rolling_mad,union,composite,primary,13.0,3.0,2.0,False,,,maximum of three frozen component scaled-MAD scores,,,86,43,11,43,86,0,False,False,0,1.0,1.0,False,True,frozen external sequence; 13 calibration weeks retained for causal initialization only
observed_research,pytest-dev/pytest,2025-10-27,external_evaluation,external,causal_rolling_mad,two_of_three,composite,primary,13.0,3.0,2.0,False,,,second-highest of three frozen component scaled-MAD scores,,,86,43,11,43,86,0,False,False,0,1.0,1.0,False,True,frozen external sequence; 13 calibration weeks retained for causal initialization only
observed_research,pytest-dev/pytest,2025-10-27,external_evaluation,external,mewma,mewma,composite,primary,,,,True,False,0.1016036699165031,raw mewma_stat divided by frozen control limit,0.7264697748525382,7.150034791553729,86,43,11,43,86,0,False,False,0,1.0,1.0,False,True,frozen external sequence; 13 calibration weeks retained for causal initialization only
observed_research,pytest-dev/pytest,2025-11-03,external_evaluation,external,causal_rolling_mad,latency_log,latency_log,primary,13.0,3.0,2.0,True,False,12.74983569193082,frozen component scaled-MAD score,,,53,42,8,41,53,0,False,False,0,2.0,0.9629761480954075,False,True,frozen external sequence; 13 calibration weeks retained for causal initialization only
observed_research,pytest-dev/pytest,2025-11-03,external_evaluation,external,causal_rolling_mad,failure_rate,failure_rate,primary,13.0,3.0,2.0,True,False,0.0691785394334972,frozen component scaled-MAD score,,,53,42,8,41,53,0,False,False,0,2.0,0.9629761480954075,False,True,frozen external sequence; 13 calibration weeks retained for causal initialization only
observed_research,pytest-dev/pytest,2025-11-03,external_evaluation,external,causal_rolling_mad,rerun_rate,rerun_rate,primary,13.0,3.0,2.0,False,,,frozen component scaled-MAD score,,,53,42,8,41,53,0,False,False,0,2.0,0.9629761480954075,False,True,frozen external sequence; 13 calibration weeks retained for causal initialization only
observed_research,pytest-dev/pytest,2025-11-03,external_evaluation,external,causal_rolling_mad,union,composite,primary,13.0,3.0,2.0,False,,,maximum of three frozen component scaled-MAD scores,,,53,42,8,41,53,0,False,False,0,2.0,0.9629761480954075,False,True,frozen external sequence; 13 calibration weeks retained for causal initialization only
observed_research,pytest-dev/pytest,2025-11-03,external_evaluation,external,causal_rolling_mad,two_of_three,composite,primary,13.0,3.0,2.0,False,,,second-highest of three frozen component scaled-MAD scores,,,53,42,8,41,53,0,False,False,0,2.0,0.9629761480954075,False,True,frozen external sequence; 13 calibration weeks retained for causal initialization only
observed_research,pytest-dev/pytest,2025-11-03,external_evaluation,external,mewma,mewma,composite,primary,,,,True,False,0.2556688905867515,raw mewma_stat divided by frozen control limit,1.8280414628132169,7.150034791553729,53,42,8,41,53,0,False,False,0,2.0,0.9629761480954075,False,True,frozen external sequence; 13 calibration weeks retained for causal initialization only
observed_research,pytest-dev/pytest,2025-11-10,external_evaluation,external,causal_rolling_mad,latency_log,latency_log,primary,13.0,3.0,2.0,True,True,18.618504091513024,frozen component scaled-MAD score,,,116,65,4,65,116,0,False,False,0,1.0,1.0,False,True,frozen external sequence; 13 calibration weeks retained for causal initialization only
observed_research,pytest-dev/pytest,2025-11-10,external_evaluation,external,causal_rolling_mad,failure_rate,failure_rate,primary,13.0,3.0,2.0,True,False,-2.2655971664470256,frozen component scaled-MAD score,,,116,65,4,65,116,0,False,False,0,1.0,1.0,False,True,frozen external sequence; 13 calibration weeks retained for causal initialization only
observed_research,pytest-dev/pytest,2025-11-10,external_evaluation,external,causal_rolling_mad,rerun_rate,rerun_rate,primary,13.0,3.0,2.0,False,,,frozen component scaled-MAD score,,,116,65,4,65,116,0,False,False,0,1.0,1.0,False,True,frozen external sequence; 13 calibration weeks retained for causal initialization only
observed_research,pytest-dev/pytest,2025-11-10,external_evaluation,external,causal_rolling_mad,union,composite,primary,13.0,3.0,2.0,False,,,maximum of three frozen component scaled-MAD scores,,,116,65,4,65,116,0,False,False,0,1.0,1.0,False,True,frozen external sequence; 13 calibration weeks retained for causal initialization only
observed_research,pytest-dev/pytest,2025-11-10,external_evaluation,external,causal_rolling_mad,two_of_three,composite,primary,13.0,3.0,2.0,False,,,second-highest of three frozen component scaled-MAD scores,,,116,65,4,65,116,0,False,False,0,1.0,1.0,False,True,frozen external sequence; 13 calibration weeks retained for causal initialization only
observed_research,pytest-dev/pytest,2025-11-10,external_evaluation,external,mewma,mewma,composite,primary,,,,True,False,0.8992793620693628,raw mewma_stat divided by frozen control limit,6.429878726122187,7.150034791553729,116,65,4,65,116,0,False,False,0,1.0,1.0,False,True,frozen external sequence; 13 calibration weeks retained for causal initialization only
observed_research,pytest-dev/pytest,2025-11-17,external_evaluation,external,causal_rolling_mad,latency_log,latency_log,primary,13.0,3.0,2.0,True,True,14.306243457146126,frozen component scaled-MAD score,,,59,35,4,35,58,1,False,False,0,1.0,1.0,False,True,frozen external sequence; 13 calibration weeks retained for causal initialization only
observed_research,pytest-dev/pytest,2025-11-17,external_evaluation,external,causal_rolling_mad,failure_rate,failure_rate,primary,13.0,3.0,2.0,True,False,-1.3168629113590682,frozen component scaled-MAD score,,,59,35,4,35,58,1,False,False,0,1.0,1.0,False,True,frozen external sequence; 13 calibration weeks retained for causal initialization only
observed_research,pytest-dev/pytest,2025-11-17,external_evaluation,external,causal_rolling_mad,rerun_rate,rerun_rate,primary,13.0,3.0,2.0,False,,,frozen component scaled-MAD score,,,59,35,4,35,58,1,False,False,0,1.0,1.0,False,True,frozen external sequence; 13 calibration weeks retained for causal initialization only
observed_research,pytest-dev/pytest,2025-11-17,external_evaluation,external,causal_rolling_mad,union,composite,primary,13.0,3.0,2.0,False,,,maximum of three frozen component scaled-MAD scores,,,59,35,4,35,58,1,False,False,0,1.0,1.0,False,True,frozen external sequence; 13 calibration weeks retained for causal initialization only
observed_research,pytest-dev/pytest,2025-11-17,external_evaluation,external,causal_rolling_mad,two_of_three,composite,primary,13.0,3.0,2.0,False,,,second-highest of three frozen component scaled-MAD scores,,,59,35,4,35,58,1,False,False,0,1.0,1.0,False,True,frozen external sequence; 13 calibration weeks retained for causal initialization only
observed_research,pytest-dev/pytest,2025-11-17,external_evaluation,external,mewma,mewma,composite,primary,,,,True,True,1.8345861105836774,raw mewma_stat divided by frozen control limit,13.11735451877453,7.150034791553729,59,35,4,35,58,1,False,False,0,1.0,1.0,False,True,frozen external sequence; 13 calibration weeks retained for causal initialization only
observed_research,pytest-dev/pytest,2025-11-24,external_evaluation,external,causal_rolling_mad,latency_log,latency_log,primary,13.0,3.0,2.0,True,False,-1.4277405904630356,frozen component scaled-MAD score,,,31,25,4,25,31,0,False,False,0,1.0,1.0,False,True,frozen external sequence; 13 calibration weeks retained for causal initialization only
observed_research,pytest-dev/pytest,2025-11-24,external_evaluation,external,causal_rolling_mad,failure_rate,failure_rate,primary,13.0,3.0,2.0,True,False,-0.4946265569495029,frozen component scaled-MAD score,,,31,25,4,25,31,0,False,False,0,1.0,1.0,False,True,frozen external sequence; 13 calibration weeks retained for causal initialization only
observed_research,pytest-dev/pytest,2025-11-24,external_evaluation,external,causal_rolling_mad,rerun_rate,rerun_rate,primary,13.0,3.0,2.0,False,,,frozen component scaled-MAD score,,,31,25,4,25,31,0,False,False,0,1.0,1.0,False,True,frozen external sequence; 13 calibration weeks retained for causal initialization only
observed_research,pytest-dev/pytest,2025-11-24,external_evaluation,external,causal_rolling_mad,union,composite,primary,13.0,3.0,2.0,False,,,maximum of three frozen component scaled-MAD scores,,,31,25,4,25,31,0,False,False,0,1.0,1.0,False,True,frozen external sequence; 13 calibration weeks retained for causal initialization only
observed_research,pytest-dev/pytest,2025-11-24,external_evaluation,external,causal_rolling_mad,two_of_three,composite,primary,13.0,3.0,2.0,False,,,second-highest of three frozen component scaled-MAD scores,,,31,25,4,25,31,0,False,False,0,1.0,1.0,False,True,frozen external sequence; 13 calibration weeks retained for causal initialization only
observed_research,pytest-dev/pytest,2025-11-24,external_evaluation,external,mewma,mewma,composite,primary,,,,True,True,1.0367928955277965,raw mewma_stat divided by frozen control limit,7.413105274659475,7.150034791553729,31,25,4,25,31,0,False,False,0,1.0,1.0,False,True,frozen external sequence; 13 calibration weeks retained for causal initialization only
observed_research,pytest-dev/pytest,2025-12-01,external_evaluation,external,causal_rolling_mad,latency_log,latency_log,primary,13.0,3.0,2.0,True,False,0.2784819249439896,frozen component scaled-MAD score,,,29,22,2,22,28,1,False,False,0,1.0,1.0,False,True,frozen external sequence; 13 calibration weeks retained for causal initialization only
observed_research,pytest-dev/pytest,2025-12-01,external_evaluation,external,causal_rolling_mad,failure_rate,failure_rate,primary,13.0,3.0,2.0,True,False,-1.7801808901141836,frozen component scaled-MAD score,,,29,22,2,22,28,1,False,False,0,1.0,1.0,False,True,frozen external sequence; 13 calibration weeks retained for causal initialization only
observed_research,pytest-dev/pytest,2025-12-01,external_evaluation,external,causal_rolling_mad,rerun_rate,rerun_rate,primary,13.0,3.0,2.0,False,,,frozen component scaled-MAD score,,,29,22,2,22,28,1,False,False,0,1.0,1.0,False,True,frozen external sequence; 13 calibration weeks retained for causal initialization only
observed_research,pytest-dev/pytest,2025-12-01,external_evaluation,external,causal_rolling_mad,union,composite,primary,13.0,3.0,2.0,False,,,maximum of three frozen component scaled-MAD scores,,,29,22,2,22,28,1,False,False,0,1.0,1.0,False,True,frozen external sequence; 13 calibration weeks retained for causal initialization only
observed_research,pytest-dev/pytest,2025-12-01,external_evaluation,external,causal_rolling_mad,two_of_three,composite,primary,13.0,3.0,2.0,False,,,second-highest of three frozen component scaled-MAD scores,,,29,22,2,22,28,1,False,False,0,1.0,1.0,False,True,frozen external sequence; 13 calibration weeks retained for causal initialization only
observed_research,pytest-dev/pytest,2025-12-01,external_evaluation,external,mewma,mewma,composite,primary,,,,True,False,0.6661703775119396,raw mewma_stat divided by frozen control limit,4.76314137631285,7.150034791553729,29,22,2,22,28,1,False,False,0,1.0,1.0,False,True,frozen external sequence; 13 calibration weeks retained for causal initialization only
observed_research,pytest-dev/pytest,2025-12-08,external_evaluation,external,causal_rolling_mad,latency_log,latency_log,primary,13.0,3.0,2.0,True,False,-0.6198263202658465,frozen component scaled-MAD score,,,15,14,2,14,15,0,False,False,0,1.0,1.0,False,True,frozen external sequence; 13 calibration weeks retained for causal initialization only
observed_research,pytest-dev/pytest,2025-12-08,external_evaluation,external,causal_rolling_mad,failure_rate,failure_rate,primary,13.0,3.0,2.0,True,False,-0.3794010522055871,frozen component scaled-MAD score,,,15,14,2,14,15,0,False,False,0,1.0,1.0,False,True,frozen external sequence; 13 calibration weeks retained for causal initialization only
observed_research,pytest-dev/pytest,2025-12-08,external_evaluation,external,causal_rolling_mad,rerun_rate,rerun_rate,primary,13.0,3.0,2.0,False,,,frozen component scaled-MAD score,,,15,14,2,14,15,0,False,False,0,1.0,1.0,False,True,frozen external sequence; 13 calibration weeks retained for causal initialization only
observed_research,pytest-dev/pytest,2025-12-08,external_evaluation,external,causal_rolling_mad,union,composite,primary,13.0,3.0,2.0,False,,,maximum of three frozen component scaled-MAD scores,,,15,14,2,14,15,0,False,False,0,1.0,1.0,False,True,frozen external sequence; 13 calibration weeks retained for causal initialization only
observed_research,pytest-dev/pytest,2025-12-08,external_evaluation,external,causal_rolling_mad,two_of_three,composite,primary,13.0,3.0,2.0,False,,,second-highest of three frozen component scaled-MAD scores,,,15,14,2,14,15,0,False,False,0,1.0,1.0,False,True,frozen external sequence; 13 calibration weeks retained for causal initialization only
observed_research,pytest-dev/pytest,2025-12-08,external_evaluation,external,mewma,mewma,composite,primary,,,,True,False,0.36835679040052505,raw mewma_stat divided by frozen control limit,2.6337638670688186,7.150034791553729,15,14,2,14,15,0,False,False,0,1.0,1.0,False,True,frozen external sequence; 13 calibration weeks retained for causal initialization only
observed_research,pytest-dev/pytest,2025-12-15,external_evaluation,external,causal_rolling_mad,latency_log,latency_log,primary,13.0,3.0,2.0,True,False,-0.211431485671252,frozen component scaled-MAD score,,,35,20,6,20,35,0,False,False,0,1.0,1.0,False,True,frozen external sequence; 13 calibration weeks retained for causal initialization only
observed_research,pytest-dev/pytest,2025-12-15,external_evaluation,external,causal_rolling_mad,failure_rate,failure_rate,primary,13.0,3.0,2.0,True,False,3.0984419263456155,frozen component scaled-MAD score,,,35,20,6,20,35,0,False,False,0,1.0,1.0,False,True,frozen external sequence; 13 calibration weeks retained for causal initialization only
observed_research,pytest-dev/pytest,2025-12-15,external_evaluation,external,causal_rolling_mad,rerun_rate,rerun_rate,primary,13.0,3.0,2.0,False,,,frozen component scaled-MAD score,,,35,20,6,20,35,0,False,False,0,1.0,1.0,False,True,frozen external sequence; 13 calibration weeks retained for causal initialization only
observed_research,pytest-dev/pytest,2025-12-15,external_evaluation,external,causal_rolling_mad,union,composite,primary,13.0,3.0,2.0,False,,,maximum of three frozen component scaled-MAD scores,,,35,20,6,20,35,0,False,False,0,1.0,1.0,False,True,frozen external sequence; 13 calibration weeks retained for causal initialization only
observed_research,pytest-dev/pytest,2025-12-15,external_evaluation,external,causal_rolling_mad,two_of_three,composite,primary,13.0,3.0,2.0,False,,,second-highest of three frozen component scaled-MAD scores,,,35,20,6,20,35,0,False,False,0,1.0,1.0,False,True,frozen external sequence; 13 calibration weeks retained for causal initialization only
observed_research,pytest-dev/pytest,2025-12-15,external_evaluation,external,mewma,mewma,composite,primary,,,,True,False,0.22457885124617769,raw mewma_stat divided by frozen control limit,1.60574659985734,7.150034791553729,35,20,6,20,35,0,False,False,0,1.0,1.0,False,True,frozen external sequence; 13 calibration weeks retained for causal initialization only
observed_research,pytest-dev/pytest,2025-12-22,external_evaluation,external,causal_rolling_mad,latency_log,latency_log,primary,13.0,3.0,2.0,True,False,1.2225719124112604,frozen component scaled-MAD score,,,31,21,2,21,31,0,False,False,0,1.0,1.0,False,True,frozen external sequence; 13 calibration weeks retained for causal initialization only
observed_research,pytest-dev/pytest,2025-12-22,external_evaluation,external,causal_rolling_mad,failure_rate,failure_rate,primary,13.0,3.0,2.0,True,False,-1.4332928638877689,frozen component scaled-MAD score,,,31,21,2,21,31,0,False,False,0,1.0,1.0,False,True,frozen external sequence; 13 calibration weeks retained for causal initialization only
observed_research,pytest-dev/pytest,2025-12-22,external_evaluation,external,causal_rolling_mad,rerun_rate,rerun_rate,primary,13.0,3.0,2.0,False,,,frozen component scaled-MAD score,,,31,21,2,21,31,0,False,False,0,1.0,1.0,False,True,frozen external sequence; 13 calibration weeks retained for causal initialization only
observed_research,pytest-dev/pytest,2025-12-22,external_evaluation,external,causal_rolling_mad,union,composite,primary,13.0,3.0,2.0,False,,,maximum of three frozen component scaled-MAD scores,,,31,21,2,21,31,0,False,False,0,1.0,1.0,False,True,frozen external sequence; 13 calibration weeks retained for causal initialization only
observed_research,pytest-dev/pytest,2025-12-22,external_evaluation,external,causal_rolling_mad,two_of_three,composite,primary,13.0,3.0,2.0,False,,,second-highest of three frozen component scaled-MAD scores,,,31,21,2,21,31,0,False,False,0,1.0,1.0,False,True,frozen external sequence; 13 calibration weeks retained for causal initialization only
observed_research,pytest-dev/pytest,2025-12-22,external_evaluation,external,mewma,mewma,composite,primary,,,,True,False,0.151230723963914,raw mewma_stat divided by frozen control limit,1.0813049378938433,7.150034791553729,31,21,2,21,31,0,False,False,0,1.0,1.0,False,True,frozen external sequence; 13 calibration weeks retained for causal initialization only
observed_research,pytest-dev/pytest,2025-12-29,external_evaluation,external,causal_rolling_mad,latency_log,latency_log,primary,13.0,3.0,2.0,True,False,-0.8003396348089443,frozen component scaled-MAD score,,,47,23,4,23,47,0,False,False,0,1.0,1.0,False,True,frozen external sequence; 13 calibration weeks retained for causal initialization only
observed_research,pytest-dev/pytest,2025-12-29,external_evaluation,external,causal_rolling_mad,failure_rate,failure_rate,primary,13.0,3.0,2.0,True,False,0.3984843105859165,frozen component scaled-MAD score,,,47,23,4,23,47,0,False,False,0,1.0,1.0,False,True,frozen external sequence; 13 calibration weeks retained for causal initialization only
observed_research,pytest-dev/pytest,2025-12-29,external_evaluation,external,causal_rolling_mad,rerun_rate,rerun_rate,primary,13.0,3.0,2.0,False,,,frozen component scaled-MAD score,,,47,23,4,23,47,0,False,False,0,1.0,1.0,False,True,frozen external sequence; 13 calibration weeks retained for causal initialization only
observed_research,pytest-dev/pytest,2025-12-29,external_evaluation,external,causal_rolling_mad,union,composite,primary,13.0,3.0,2.0,False,,,maximum of three frozen component scaled-MAD scores,,,47,23,4,23,47,0,False,False,0,1.0,1.0,False,True,frozen external sequence; 13 calibration weeks retained for causal initialization only
observed_research,pytest-dev/pytest,2025-12-29,external_evaluation,external,causal_rolling_mad,two_of_three,composite,primary,13.0,3.0,2.0,False,,,second-highest of three frozen component scaled-MAD scores,,,47,23,4,23,47,0,False,False,0,1.0,1.0,False,True,frozen external sequence; 13 calibration weeks retained for causal initialization only
observed_research,pytest-dev/pytest,2025-12-29,external_evaluation,external,mewma,mewma,composite,primary,,,,True,False,0.06982734111342848,raw mewma_stat divided by frozen control limit,0.4992679183627037,7.150034791553729,47,23,4,23,47,0,False,False,0,1.0,1.0,False,True,frozen external sequence; 13 calibration weeks retained for causal initialization only
observed_research,pytest-dev/pytest,2026-01-05,external_evaluation,external,causal_rolling_mad,latency_log,latency_log,primary,13.0,3.0,2.0,True,False,-0.5773109755165535,frozen component scaled-MAD score,,,15,14,3,14,15,0,False,False,0,1.0,1.0,False,True,frozen external sequence; 13 calibration weeks retained for causal initialization only
observed_research,pytest-dev/pytest,2026-01-05,external_evaluation,external,causal_rolling_mad,failure_rate,failure_rate,primary,13.0,3.0,2.0,True,False,1.2028936586057262,frozen component scaled-MAD score,,,15,14,3,14,15,0,False,False,0,1.0,1.0,False,True,frozen external sequence; 13 calibration weeks retained for causal initialization only
observed_research,pytest-dev/pytest,2026-01-05,external_evaluation,external,causal_rolling_mad,rerun_rate,rerun_rate,primary,13.0,3.0,2.0,False,,,frozen component scaled-MAD score,,,15,14,3,14,15,0,False,False,0,1.0,1.0,False,True,frozen external sequence; 13 calibration weeks retained for causal initialization only
observed_research,pytest-dev/pytest,2026-01-05,external_evaluation,external,causal_rolling_mad,union,composite,primary,13.0,3.0,2.0,False,,,maximum of three frozen component scaled-MAD scores,,,15,14,3,14,15,0,False,False,0,1.0,1.0,False,True,frozen external sequence; 13 calibration weeks retained for causal initialization only
observed_research,pytest-dev/pytest,2026-01-05,external_evaluation,external,causal_rolling_mad,two_of_three,composite,primary,13.0,3.0,2.0,False,,,second-highest of three frozen component scaled-MAD scores,,,15,14,3,14,15,0,False,False,0,1.0,1.0,False,True,frozen external sequence; 13 calibration weeks retained for causal initialization only
observed_research,pytest-dev/pytest,2026-01-05,external_evaluation,external,mewma,mewma,composite,primary,,,,True,False,0.04095161772666463,raw mewma_stat divided by frozen control limit,0.2928054915160605,7.150034791553729,15,14,3,14,15,0,False,False,0,1.0,1.0,False,True,frozen external sequence; 13 calibration weeks retained for causal initialization only
observed_research,pytest-dev/pytest,2026-01-12,external_evaluation,external,causal_rolling_mad,latency_log,latency_log,primary,13.0,3.0,2.0,True,False,0.1712969738583183,frozen component scaled-MAD score,,,80,56,6,56,79,1,False,False,0,1.0,1.0,False,True,frozen external sequence; 13 calibration weeks retained for causal initialization only
observed_research,pytest-dev/pytest,2026-01-12,external_evaluation,external,causal_rolling_mad,failure_rate,failure_rate,primary,13.0,3.0,2.0,True,False,-0.714166686504632,frozen component scaled-MAD score,,,80,56,6,56,79,1,False,False,0,1.0,1.0,False,True,frozen external sequence; 13 calibration weeks retained for causal initialization only
observed_research,pytest-dev/pytest,2026-01-12,external_evaluation,external,causal_rolling_mad,rerun_rate,rerun_rate,primary,13.0,3.0,2.0,False,,,frozen component scaled-MAD score,,,80,56,6,56,79,1,False,False,0,1.0,1.0,False,True,frozen external sequence; 13 calibration weeks retained for causal initialization only
observed_research,pytest-dev/pytest,2026-01-12,external_evaluation,external,causal_rolling_mad,union,composite,primary,13.0,3.0,2.0,False,,,maximum of three frozen component scaled-MAD scores,,,80,56,6,56,79,1,False,False,0,1.0,1.0,False,True,frozen external sequence; 13 calibration weeks retained for causal initialization only
observed_research,pytest-dev/pytest,2026-01-12,external_evaluation,external,causal_rolling_mad,two_of_three,composite,primary,13.0,3.0,2.0,False,,,second-highest of three frozen component scaled-MAD scores,,,80,56,6,56,79,1,False,False,0,1.0,1.0,False,True,frozen external sequence; 13 calibration weeks retained for causal initialization only
observed_research,pytest-dev/pytest,2026-01-12,external_evaluation,external,mewma,mewma,composite,primary,,,,True,False,0.021060330237452615,raw mewma_stat divided by frozen control limit,0.1505820939193972,7.150034791553729,80,56,6,56,79,1,False,False,0,1.0,1.0,False,True,frozen external sequence; 13 calibration weeks retained for causal initialization only
observed_research,pytest-dev/pytest,2026-01-19,external_evaluation,external,causal_rolling_mad,latency_log,latency_log,primary,13.0,3.0,2.0,True,False,-0.2642062908643645,frozen component scaled-MAD score,,,37,29,8,29,37,0,False,False,0,1.0,1.0,False,True,frozen external sequence; 13 calibration weeks retained for causal initialization only
observed_research,pytest-dev/pytest,2026-01-19,external_evaluation,external,causal_rolling_mad,failure_rate,failure_rate,primary,13.0,3.0,2.0,True,False,1.9808320580031016,frozen component scaled-MAD score,,,37,29,8,29,37,0,False,False,0,1.0,1.0,False,True,frozen external sequence; 13 calibration weeks retained for causal initialization only
observed_research,pytest-dev/pytest,2026-01-19,external_evaluation,external,causal_rolling_mad,rerun_rate,rerun_rate,primary,13.0,3.0,2.0,False,,,frozen component scaled-MAD score,,,37,29,8,29,37,0,False,False,0,1.0,1.0,False,True,frozen external sequence; 13 calibration weeks retained for causal initialization only
observed_research,pytest-dev/pytest,2026-01-19,external_evaluation,external,causal_rolling_mad,union,composite,primary,13.0,3.0,2.0,False,,,maximum of three frozen component scaled-MAD scores,,,37,29,8,29,37,0,False,False,0,1.0,1.0,False,True,frozen external sequence; 13 calibration weeks retained for causal initialization only
observed_research,pytest-dev/pytest,2026-01-19,external_evaluation,external,causal_rolling_mad,two_of_three,composite,primary,13.0,3.0,2.0,False,,,second-highest of three frozen component scaled-MAD scores,,,37,29,8,29,37,0,False,False,0,1.0,1.0,False,True,frozen external sequence; 13 calibration weeks retained for causal initialization only
observed_research,pytest-dev/pytest,2026-01-19,external_evaluation,external,mewma,mewma,composite,primary,,,,True,False,0.037271799063203034,raw mewma_stat divided by frozen control limit,0.2664946600457014,7.150034791553729,37,29,8,29,37,0,False,False,0,1.0,1.0,False,True,frozen external sequence; 13 calibration weeks retained for causal initialization only
observed_research,pytest-dev/pytest,2026-01-26,external_evaluation,external,causal_rolling_mad,latency_log,latency_log,primary,13.0,3.0,2.0,True,False,1.077593305673313,frozen component scaled-MAD score,,,24,16,3,16,24,0,False,False,0,1.0,1.0,False,True,frozen external sequence; 13 calibration weeks retained for causal initialization only
observed_research,pytest-dev/pytest,2026-01-26,external_evaluation,external,causal_rolling_mad,failure_rate,failure_rate,primary,13.0,3.0,2.0,True,False,0.341682818945381,frozen component scaled-MAD score,,,24,16,3,16,24,0,False,False,0,1.0,1.0,False,True,frozen external sequence; 13 calibration weeks retained for causal initialization only
observed_research,pytest-dev/pytest,2026-01-26,external_evaluation,external,causal_rolling_mad,rerun_rate,rerun_rate,primary,13.0,3.0,2.0,False,,,frozen component scaled-MAD score,,,24,16,3,16,24,0,False,False,0,1.0,1.0,False,True,frozen external sequence; 13 calibration weeks retained for causal initialization only
observed_research,pytest-dev/pytest,2026-01-26,external_evaluation,external,causal_rolling_mad,union,composite,primary,13.0,3.0,2.0,False,,,maximum of three frozen component scaled-MAD scores,,,24,16,3,16,24,0,False,False,0,1.0,1.0,False,True,frozen external sequence; 13 calibration weeks retained for causal initialization only
observed_research,pytest-dev/pytest,2026-01-26,external_evaluation,external,causal_rolling_mad,two_of_three,composite,primary,13.0,3.0,2.0,False,,,second-highest of three frozen component scaled-MAD scores,,,24,16,3,16,24,0,False,False,0,1.0,1.0,False,True,frozen external sequence; 13 calibration weeks retained for causal initialization only
observed_research,pytest-dev/pytest,2026-01-26,external_evaluation,external,mewma,mewma,composite,primary,,,,True,False,0.03680682696061407,raw mewma_stat divided by frozen control limit,0.2631700933350884,7.150034791553729,24,16,3,16,24,0,False,False,0,1.0,1.0,False,True,frozen external sequence; 13 calibration weeks retained for causal initialization only
observed_research,pytest-dev/pytest,2026-02-02,external_evaluation,external,causal_rolling_mad,latency_log,latency_log,primary,13.0,3.0,2.0,True,False,3.063358863212492,frozen component scaled-MAD score,,,31,20,4,20,30,1,False,False,0,1.0,1.0,False,True,frozen external sequence; 13 calibration weeks retained for causal initialization only
observed_research,pytest-dev/pytest,2026-02-02,external_evaluation,external,causal_rolling_mad,failure_rate,failure_rate,primary,13.0,3.0,2.0,True,False,0.5104254396039095,frozen component scaled-MAD score,,,31,20,4,20,30,1,False,False,0,1.0,1.0,False,True,frozen external sequence; 13 calibration weeks retained for causal initialization only
observed_research,pytest-dev/pytest,2026-02-02,external_evaluation,external,causal_rolling_mad,rerun_rate,rerun_rate,primary,13.0,3.0,2.0,False,,,frozen component scaled-MAD score,,,31,20,4,20,30,1,False,False,0,1.0,1.0,False,True,frozen external sequence; 13 calibration weeks retained for causal initialization only
observed_research,pytest-dev/pytest,2026-02-02,external_evaluation,external,causal_rolling_mad,union,composite,primary,13.0,3.0,2.0,False,,,maximum of three frozen component scaled-MAD scores,,,31,20,4,20,30,1,False,False,0,1.0,1.0,False,True,frozen external sequence; 13 calibration weeks retained for causal initialization only
observed_research,pytest-dev/pytest,2026-02-02,external_evaluation,external,causal_rolling_mad,two_of_three,composite,primary,13.0,3.0,2.0,False,,,second-highest of three frozen component scaled-MAD scores,,,31,20,4,20,30,1,False,False,0,1.0,1.0,False,True,frozen external sequence; 13 calibration weeks retained for causal initialization only
observed_research,pytest-dev/pytest,2026-02-02,external_evaluation,external,mewma,mewma,composite,primary,,,,True,False,0.07331493658812978,raw mewma_stat divided by frozen control limit,0.5242043473456833,7.150034791553729,31,20,4,20,30,1,False,False,0,1.0,1.0,False,True,frozen external sequence; 13 calibration weeks retained for causal initialization only
observed_research,pytest-dev/pytest,2026-02-09,external_evaluation,external,causal_rolling_mad,latency_log,latency_log,primary,13.0,3.0,2.0,True,True,5.649246974127741,frozen component scaled-MAD score,,,50,38,4,38,48,2,False,False,0,1.0,1.0,False,True,frozen external sequence; 13 calibration weeks retained for causal initialization only
observed_research,pytest-dev/pytest,2026-02-09,external_evaluation,external,causal_rolling_mad,failure_rate,failure_rate,primary,13.0,3.0,2.0,True,False,-0.6984769173527188,frozen component scaled-MAD score,,,50,38,4,38,48,2,False,False,0,1.0,1.0,False,True,frozen external sequence; 13 calibration weeks retained for causal initialization only
observed_research,pytest-dev/pytest,2026-02-09,external_evaluation,external,causal_rolling_mad,rerun_rate,rerun_rate,primary,13.0,3.0,2.0,False,,,frozen component scaled-MAD score,,,50,38,4,38,48,2,False,False,0,1.0,1.0,False,True,frozen external sequence; 13 calibration weeks retained for causal initialization only
observed_research,pytest-dev/pytest,2026-02-09,external_evaluation,external,causal_rolling_mad,union,composite,primary,13.0,3.0,2.0,False,,,maximum of three frozen component scaled-MAD scores,,,50,38,4,38,48,2,False,False,0,1.0,1.0,False,True,frozen external sequence; 13 calibration weeks retained for causal initialization only
observed_research,pytest-dev/pytest,2026-02-09,external_evaluation,external,causal_rolling_mad,two_of_three,composite,primary,13.0,3.0,2.0,False,,,second-highest of three frozen component scaled-MAD scores,,,50,38,4,38,48,2,False,False,0,1.0,1.0,False,True,frozen external sequence; 13 calibration weeks retained for causal initialization only
observed_research,pytest-dev/pytest,2026-02-09,external_evaluation,external,mewma,mewma,composite,primary,,,,True,False,0.16135447893233185,raw mewma_stat divided by frozen control limit,1.153690138139196,7.150034791553729,50,38,4,38,48,2,False,False,0,1.0,1.0,False,True,frozen external sequence; 13 calibration weeks retained for causal initialization only
observed_research,pytest-dev/pytest,2026-02-16,external_evaluation,external,causal_rolling_mad,latency_log,latency_log,primary,13.0,3.0,2.0,True,True,3.109586608934708,frozen component scaled-MAD score,,,45,34,3,34,42,3,False,False,0,1.0,1.0,False,True,frozen external sequence; 13 calibration weeks retained for causal initialization only
observed_research,pytest-dev/pytest,2026-02-16,external_evaluation,external,causal_rolling_mad,failure_rate,failure_rate,primary,13.0,3.0,2.0,True,False,-0.9157632887011324,frozen component scaled-MAD score,,,45,34,3,34,42,3,False,False,0,1.0,1.0,False,True,frozen external sequence; 13 calibration weeks retained for causal initialization only
observed_research,pytest-dev/pytest,2026-02-16,external_evaluation,external,causal_rolling_mad,rerun_rate,rerun_rate,primary,13.0,3.0,2.0,False,,,frozen component scaled-MAD score,,,45,34,3,34,42,3,False,False,0,1.0,1.0,False,True,frozen external sequence; 13 calibration weeks retained for causal initialization only
observed_research,pytest-dev/pytest,2026-02-16,external_evaluation,external,causal_rolling_mad,union,composite,primary,13.0,3.0,2.0,False,,,maximum of three frozen component scaled-MAD scores,,,45,34,3,34,42,3,False,False,0,1.0,1.0,False,True,frozen external sequence; 13 calibration weeks retained for causal initialization only
observed_research,pytest-dev/pytest,2026-02-16,external_evaluation,external,causal_rolling_mad,two_of_three,composite,primary,13.0,3.0,2.0,False,,,second-highest of three frozen component scaled-MAD scores,,,45,34,3,34,42,3,False,False,0,1.0,1.0,False,True,frozen external sequence; 13 calibration weeks retained for causal initialization only
observed_research,pytest-dev/pytest,2026-02-16,external_evaluation,external,mewma,mewma,composite,primary,,,,True,False,0.26958802090196526,raw mewma_stat divided by frozen control limit,1.9275637288351657,7.150034791553729,45,34,3,34,42,3,False,False,0,1.0,1.0,False,True,frozen external sequence; 13 calibration weeks retained for causal initialization only
observed_research,pytest-dev/pytest,2026-02-23,external_evaluation,external,causal_rolling_mad,latency_log,latency_log,primary,13.0,3.0,2.0,True,False,2.8156206346745627,frozen component scaled-MAD score,,,32,21,3,21,30,2,False,False,0,1.0,1.0,False,True,frozen external sequence; 13 calibration weeks retained for causal initialization only
observed_research,pytest-dev/pytest,2026-02-23,external_evaluation,external,causal_rolling_mad,failure_rate,failure_rate,primary,13.0,3.0,2.0,True,False,-0.2129970819399786,frozen component scaled-MAD score,,,32,21,3,21,30,2,False,False,0,1.0,1.0,False,True,frozen external sequence; 13 calibration weeks retained for causal initialization only
observed_research,pytest-dev/pytest,2026-02-23,external_evaluation,external,causal_rolling_mad,rerun_rate,rerun_rate,primary,13.0,3.0,2.0,False,,,frozen component scaled-MAD score,,,32,21,3,21,30,2,False,False,0,1.0,1.0,False,True,frozen external sequence; 13 calibration weeks retained for causal initialization only
observed_research,pytest-dev/pytest,2026-02-23,external_evaluation,external,causal_rolling_mad,union,composite,primary,13.0,3.0,2.0,False,,,maximum of three frozen component scaled-MAD scores,,,32,21,3,21,30,2,False,False,0,1.0,1.0,False,True,frozen external sequence; 13 calibration weeks retained for causal initialization only
observed_research,pytest-dev/pytest,2026-02-23,external_evaluation,external,causal_rolling_mad,two_of_three,composite,primary,13.0,3.0,2.0,False,,,second-highest of three frozen component scaled-MAD scores,,,32,21,3,21,30,2,False,False,0,1.0,1.0,False,True,frozen external sequence; 13 calibration weeks retained for causal initialization only
observed_research,pytest-dev/pytest,2026-02-23,external_evaluation,external,mewma,mewma,composite,primary,,,,True,False,0.3797203434689633,raw mewma_stat divided by frozen control limit,2.715013666863819,7.150034791553729,32,21,3,21,30,2,False,False,0,1.0,1.0,False,True,frozen external sequence; 13 calibration weeks retained for causal initialization only
observed_research,pytest-dev/pytest,2026-03-02,external_evaluation,external,causal_rolling_mad,latency_log,latency_log,primary,13.0,3.0,2.0,True,False,3.544918773267599,frozen component scaled-MAD score,,,42,27,1,27,42,0,False,False,0,1.0,1.0,False,True,frozen external sequence; 13 calibration weeks retained for causal initialization only
observed_research,pytest-dev/pytest,2026-03-02,external_evaluation,external,causal_rolling_mad,failure_rate,failure_rate,primary,13.0,3.0,2.0,True,False,-1.4988683543924342,frozen component scaled-MAD score,,,42,27,1,27,42,0,False,False,0,1.0,1.0,False,True,frozen external sequence; 13 calibration weeks retained for causal initialization only
observed_research,pytest-dev/pytest,2026-03-02,external_evaluation,external,causal_rolling_mad,rerun_rate,rerun_rate,primary,13.0,3.0,2.0,False,,,frozen component scaled-MAD score,,,42,27,1,27,42,0,False,False,0,1.0,1.0,False,True,frozen external sequence; 13 calibration weeks retained for causal initialization only
observed_research,pytest-dev/pytest,2026-03-02,external_evaluation,external,causal_rolling_mad,union,composite,primary,13.0,3.0,2.0,False,,,maximum of three frozen component scaled-MAD scores,,,42,27,1,27,42,0,False,False,0,1.0,1.0,False,True,frozen external sequence; 13 calibration weeks retained for causal initialization only
observed_research,pytest-dev/pytest,2026-03-02,external_evaluation,external,causal_rolling_mad,two_of_three,composite,primary,13.0,3.0,2.0,False,,,second-highest of three frozen component scaled-MAD scores,,,42,27,1,27,42,0,False,False,0,1.0,1.0,False,True,frozen external sequence; 13 calibration weeks retained for causal initialization only
observed_research,pytest-dev/pytest,2026-03-02,external_evaluation,external,mewma,mewma,composite,primary,,,,True,False,0.3657138762074559,raw mewma_stat divided by frozen control limit,2.614866938637283,7.150034791553729,42,27,1,27,42,0,False,False,0,1.0,1.0,False,True,frozen external sequence; 13 calibration weeks retained for causal initialization only
observed_research,pytest-dev/pytest,2026-03-09,external_evaluation,external,causal_rolling_mad,latency_log,latency_log,primary,13.0,3.0,2.0,True,False,1.532455441462472,frozen component scaled-MAD score,,,72,39,6,39,72,0,False,False,0,2.0,0.9726080246913582,False,True,frozen external sequence; 13 calibration weeks retained for causal initialization only
observed_research,pytest-dev/pytest,2026-03-09,external_evaluation,external,causal_rolling_mad,failure_rate,failure_rate,primary,13.0,3.0,2.0,True,False,0.1556517137253684,frozen component scaled-MAD score,,,72,39,6,39,72,0,False,False,0,2.0,0.9726080246913582,False,True,frozen external sequence; 13 calibration weeks retained for causal initialization only
observed_research,pytest-dev/pytest,2026-03-09,external_evaluation,external,causal_rolling_mad,rerun_rate,rerun_rate,primary,13.0,3.0,2.0,False,,,frozen component scaled-MAD score,,,72,39,6,39,72,0,False,False,0,2.0,0.9726080246913582,False,True,frozen external sequence; 13 calibration weeks retained for causal initialization only
observed_research,pytest-dev/pytest,2026-03-09,external_evaluation,external,causal_rolling_mad,union,composite,primary,13.0,3.0,2.0,False,,,maximum of three frozen component scaled-MAD scores,,,72,39,6,39,72,0,False,False,0,2.0,0.9726080246913582,False,True,frozen external sequence; 13 calibration weeks retained for causal initialization only
observed_research,pytest-dev/pytest,2026-03-09,external_evaluation,external,causal_rolling_mad,two_of_three,composite,primary,13.0,3.0,2.0,False,,,second-highest of three frozen component scaled-MAD scores,,,72,39,6,39,72,0,False,False,0,2.0,0.9726080246913582,False,True,frozen external sequence; 13 calibration weeks retained for causal initialization only
observed_research,pytest-dev/pytest,2026-03-09,external_evaluation,external,mewma,mewma,composite,primary,,,,True,False,0.3451991672530205,raw mewma_stat divided by frozen control limit,2.4681860558744715,7.150034791553729,72,39,6,39,72,0,False,False,0,2.0,0.9726080246913582,False,True,frozen external sequence; 13 calibration weeks retained for causal initialization only
observed_research,pytest-dev/pytest,2026-03-16,external_evaluation,external,causal_rolling_mad,latency_log,latency_log,primary,13.0,3.0,2.0,True,False,0.9729373345821936,frozen component scaled-MAD score,,,55,36,1,36,55,0,False,False,0,1.0,1.0,False,True,frozen external sequence; 13 calibration weeks retained for causal initialization only
observed_research,pytest-dev/pytest,2026-03-16,external_evaluation,external,causal_rolling_mad,failure_rate,failure_rate,primary,13.0,3.0,2.0,True,False,-1.7502410679936653,frozen component scaled-MAD score,,,55,36,1,36,55,0,False,False,0,1.0,1.0,False,True,frozen external sequence; 13 calibration weeks retained for causal initialization only
observed_research,pytest-dev/pytest,2026-03-16,external_evaluation,external,causal_rolling_mad,rerun_rate,rerun_rate,primary,13.0,3.0,2.0,False,,,frozen component scaled-MAD score,,,55,36,1,36,55,0,False,False,0,1.0,1.0,False,True,frozen external sequence; 13 calibration weeks retained for causal initialization only
observed_research,pytest-dev/pytest,2026-03-16,external_evaluation,external,causal_rolling_mad,union,composite,primary,13.0,3.0,2.0,False,,,maximum of three frozen component scaled-MAD scores,,,55,36,1,36,55,0,False,False,0,1.0,1.0,False,True,frozen external sequence; 13 calibration weeks retained for causal initialization only
observed_research,pytest-dev/pytest,2026-03-16,external_evaluation,external,causal_rolling_mad,two_of_three,composite,primary,13.0,3.0,2.0,False,,,second-highest of three frozen component scaled-MAD scores,,,55,36,1,36,55,0,False,False,0,1.0,1.0,False,True,frozen external sequence; 13 calibration weeks retained for causal initialization only
observed_research,pytest-dev/pytest,2026-03-16,external_evaluation,external,mewma,mewma,composite,primary,,,,True,False,0.33508092217526864,raw mewma_stat divided by frozen control limit,2.395840251539078,7.150034791553729,55,36,1,36,55,0,False,False,0,1.0,1.0,False,True,frozen external sequence; 13 calibration weeks retained for causal initialization only
observed_research,pytest-dev/pytest,2026-03-23,external_evaluation,external,causal_rolling_mad,latency_log,latency_log,primary,13.0,3.0,2.0,True,False,-0.5546418985534816,frozen component scaled-MAD score,,,39,27,7,27,39,0,False,False,0,1.0,1.0,False,True,frozen external sequence; 13 calibration weeks retained for causal initialization only
observed_research,pytest-dev/pytest,2026-03-23,external_evaluation,external,causal_rolling_mad,failure_rate,failure_rate,primary,13.0,3.0,2.0,True,False,1.648755189831678,frozen component scaled-MAD score,,,39,27,7,27,39,0,False,False,0,1.0,1.0,False,True,frozen external sequence; 13 calibration weeks retained for causal initialization only
observed_research,pytest-dev/pytest,2026-03-23,external_evaluation,external,causal_rolling_mad,rerun_rate,rerun_rate,primary,13.0,3.0,2.0,False,,,frozen component scaled-MAD score,,,39,27,7,27,39,0,False,False,0,1.0,1.0,False,True,frozen external sequence; 13 calibration weeks retained for causal initialization only
observed_research,pytest-dev/pytest,2026-03-23,external_evaluation,external,causal_rolling_mad,union,composite,primary,13.0,3.0,2.0,False,,,maximum of three frozen component scaled-MAD scores,,,39,27,7,27,39,0,False,False,0,1.0,1.0,False,True,frozen external sequence; 13 calibration weeks retained for causal initialization only
observed_research,pytest-dev/pytest,2026-03-23,external_evaluation,external,causal_rolling_mad,two_of_three,composite,primary,13.0,3.0,2.0,False,,,second-highest of three frozen component scaled-MAD scores,,,39,27,7,27,39,0,False,False,0,1.0,1.0,False,True,frozen external sequence; 13 calibration weeks retained for causal initialization only
observed_research,pytest-dev/pytest,2026-03-23,external_evaluation,external,mewma,mewma,composite,primary,,,,True,False,0.2422550457700491,raw mewma_stat divided by frozen control limit,1.7321320056852922,7.150034791553729,39,27,7,27,39,0,False,False,0,1.0,1.0,False,True,frozen external sequence; 13 calibration weeks retained for causal initialization only
observed_research,pytest-dev/pytest,2026-03-30,external_evaluation,external,causal_rolling_mad,latency_log,latency_log,primary,13.0,3.0,2.0,True,False,-0.5917564481020575,frozen component scaled-MAD score,,,40,20,3,20,40,0,False,False,0,1.0,1.0,False,True,frozen external sequence; 13 calibration weeks retained for causal initialization only
observed_research,pytest-dev/pytest,2026-03-30,external_evaluation,external,causal_rolling_mad,failure_rate,failure_rate,primary,13.0,3.0,2.0,True,False,-0.0533971851252298,frozen component scaled-MAD score,,,40,20,3,20,40,0,False,False,0,1.0,1.0,False,True,frozen external sequence; 13 calibration weeks retained for causal initialization only
observed_research,pytest-dev/pytest,2026-03-30,external_evaluation,external,causal_rolling_mad,rerun_rate,rerun_rate,primary,13.0,3.0,2.0,False,,,frozen component scaled-MAD score,,,40,20,3,20,40,0,False,False,0,1.0,1.0,False,True,frozen external sequence; 13 calibration weeks retained for causal initialization only
observed_research,pytest-dev/pytest,2026-03-30,external_evaluation,external,causal_rolling_mad,union,composite,primary,13.0,3.0,2.0,False,,,maximum of three frozen component scaled-MAD scores,,,40,20,3,20,40,0,False,False,0,1.0,1.0,False,True,frozen external sequence; 13 calibration weeks retained for causal initialization only
observed_research,pytest-dev/pytest,2026-03-30,external_evaluation,external,causal_rolling_mad,two_of_three,composite,primary,13.0,3.0,2.0,False,,,second-highest of three frozen component scaled-MAD scores,,,40,20,3,20,40,0,False,False,0,1.0,1.0,False,True,frozen external sequence; 13 calibration weeks retained for causal initialization only
observed_research,pytest-dev/pytest,2026-03-30,external_evaluation,external,mewma,mewma,composite,primary,,,,True,False,0.176059821747729,raw mewma_stat divided by frozen control limit,1.2588338508910102,7.150034791553729,40,20,3,20,40,0,False,False,0,1.0,1.0,False,True,frozen external sequence; 13 calibration weeks retained for causal initialization only
observed_research,pytest-dev/pytest,2026-04-06,external_evaluation,external,causal_rolling_mad,latency_log,latency_log,primary,13.0,3.0,2.0,True,False,-0.4643193709535748,frozen component scaled-MAD score,,,67,49,0,49,67,0,False,False,0,1.0,1.0,False,True,frozen external sequence; 13 calibration weeks retained for causal initialization only
observed_research,pytest-dev/pytest,2026-04-06,external_evaluation,external,causal_rolling_mad,failure_rate,failure_rate,primary,13.0,3.0,2.0,True,False,-2.023472278429785,frozen component scaled-MAD score,,,67,49,0,49,67,0,False,False,0,1.0,1.0,False,True,frozen external sequence; 13 calibration weeks retained for causal initialization only
observed_research,pytest-dev/pytest,2026-04-06,external_evaluation,external,causal_rolling_mad,rerun_rate,rerun_rate,primary,13.0,3.0,2.0,False,,,frozen component scaled-MAD score,,,67,49,0,49,67,0,False,False,0,1.0,1.0,False,True,frozen external sequence; 13 calibration weeks retained for causal initialization only
observed_research,pytest-dev/pytest,2026-04-06,external_evaluation,external,causal_rolling_mad,union,composite,primary,13.0,3.0,2.0,False,,,maximum of three frozen component scaled-MAD scores,,,67,49,0,49,67,0,False,False,0,1.0,1.0,False,True,frozen external sequence; 13 calibration weeks retained for causal initialization only
observed_research,pytest-dev/pytest,2026-04-06,external_evaluation,external,causal_rolling_mad,two_of_three,composite,primary,13.0,3.0,2.0,False,,,second-highest of three frozen component scaled-MAD scores,,,67,49,0,49,67,0,False,False,0,1.0,1.0,False,True,frozen external sequence; 13 calibration weeks retained for causal initialization only
observed_research,pytest-dev/pytest,2026-04-06,external_evaluation,external,mewma,mewma,composite,primary,,,,True,False,0.14461122800494308,raw mewma_stat divided by frozen control limit,1.033975311484652,7.150034791553729,67,49,0,49,67,0,False,False,0,1.0,1.0,False,True,frozen external sequence; 13 calibration weeks retained for causal initialization only
observed_research,pytest-dev/pytest,2026-04-13,external_evaluation,external,causal_rolling_mad,latency_log,latency_log,primary,13.0,3.0,2.0,True,False,-1.07056028435421,frozen component scaled-MAD score,,,14,12,2,12,13,1,False,False,0,1.0,1.0,False,True,frozen external sequence; 13 calibration weeks retained for causal initialization only
observed_research,pytest-dev/pytest,2026-04-13,external_evaluation,external,causal_rolling_mad,failure_rate,failure_rate,primary,13.0,3.0,2.0,True,False,0.294008792592362,frozen component scaled-MAD score,,,14,12,2,12,13,1,False,False,0,1.0,1.0,False,True,frozen external sequence; 13 calibration weeks retained for causal initialization only
observed_research,pytest-dev/pytest,2026-04-13,external_evaluation,external,causal_rolling_mad,rerun_rate,rerun_rate,primary,13.0,3.0,2.0,False,,,frozen component scaled-MAD score,,,14,12,2,12,13,1,False,False,0,1.0,1.0,False,True,frozen external sequence; 13 calibration weeks retained for causal initialization only
observed_research,pytest-dev/pytest,2026-04-13,external_evaluation,external,causal_rolling_mad,union,composite,primary,13.0,3.0,2.0,False,,,maximum of three frozen component scaled-MAD scores,,,14,12,2,12,13,1,False,False,0,1.0,1.0,False,True,frozen external sequence; 13 calibration weeks retained for causal initialization only
observed_research,pytest-dev/pytest,2026-04-13,external_evaluation,external,causal_rolling_mad,two_of_three,composite,primary,13.0,3.0,2.0,False,,,second-highest of three frozen component scaled-MAD scores,,,14,12,2,12,13,1,False,False,0,1.0,1.0,False,True,frozen external sequence; 13 calibration weeks retained for causal initialization only
observed_research,pytest-dev/pytest,2026-04-13,external_evaluation,external,mewma,mewma,composite,primary,,,,True,False,0.1811235413710708,raw mewma_stat divided by frozen control limit,1.2950396223725775,7.150034791553729,14,12,2,12,13,1,False,False,0,1.0,1.0,False,True,frozen external sequence; 13 calibration weeks retained for causal initialization only
observed_research,pytest-dev/pytest,2026-04-20,external_evaluation,external,causal_rolling_mad,latency_log,latency_log,primary,13.0,3.0,2.0,True,False,-0.22367460737816,frozen component scaled-MAD score,,,37,28,2,28,36,1,False,False,0,1.0,1.0,False,True,frozen external sequence; 13 calibration weeks retained for causal initialization only
observed_research,pytest-dev/pytest,2026-04-20,external_evaluation,external,causal_rolling_mad,failure_rate,failure_rate,primary,13.0,3.0,2.0,True,False,-1.0599140506060782,frozen component scaled-MAD score,,,37,28,2,28,36,1,False,False,0,1.0,1.0,False,True,frozen external sequence; 13 calibration weeks retained for causal initialization only
observed_research,pytest-dev/pytest,2026-04-20,external_evaluation,external,causal_rolling_mad,rerun_rate,rerun_rate,primary,13.0,3.0,2.0,False,,,frozen component scaled-MAD score,,,37,28,2,28,36,1,False,False,0,1.0,1.0,False,True,frozen external sequence; 13 calibration weeks retained for causal initialization only
observed_research,pytest-dev/pytest,2026-04-20,external_evaluation,external,causal_rolling_mad,union,composite,primary,13.0,3.0,2.0,False,,,maximum of three frozen component scaled-MAD scores,,,37,28,2,28,36,1,False,False,0,1.0,1.0,False,True,frozen external sequence; 13 calibration weeks retained for causal initialization only
observed_research,pytest-dev/pytest,2026-04-20,external_evaluation,external,causal_rolling_mad,two_of_three,composite,primary,13.0,3.0,2.0,False,,,second-highest of three frozen component scaled-MAD scores,,,37,28,2,28,36,1,False,False,0,1.0,1.0,False,True,frozen external sequence; 13 calibration weeks retained for causal initialization only
observed_research,pytest-dev/pytest,2026-04-20,external_evaluation,external,mewma,mewma,composite,primary,,,,True,False,0.19891039024213486,raw mewma_stat divided by frozen control limit,1.4222162106327936,7.150034791553729,37,28,2,28,36,1,False,False,0,1.0,1.0,False,True,frozen external sequence; 13 calibration weeks retained for causal initialization only
observed_research,pytest-dev/pytest,2026-04-27,external_evaluation,external,causal_rolling_mad,latency_log,latency_log,primary,13.0,3.0,2.0,True,False,-0.5938928983662205,frozen component scaled-MAD score,,,39,23,1,23,39,0,False,False,0,1.0,1.0,False,True,frozen external sequence; 13 calibration weeks retained for causal initialization only
observed_research,pytest-dev/pytest,2026-04-27,external_evaluation,external,causal_rolling_mad,failure_rate,failure_rate,primary,13.0,3.0,2.0,True,False,-1.227167134298554,frozen component scaled-MAD score,,,39,23,1,23,39,0,False,False,0,1.0,1.0,False,True,frozen external sequence; 13 calibration weeks retained for causal initialization only
observed_research,pytest-dev/pytest,2026-04-27,external_evaluation,external,causal_rolling_mad,rerun_rate,rerun_rate,primary,13.0,3.0,2.0,False,,,frozen component scaled-MAD score,,,39,23,1,23,39,0,False,False,0,1.0,1.0,False,True,frozen external sequence; 13 calibration weeks retained for causal initialization only
observed_research,pytest-dev/pytest,2026-04-27,external_evaluation,external,causal_rolling_mad,union,composite,primary,13.0,3.0,2.0,False,,,maximum of three frozen component scaled-MAD scores,,,39,23,1,23,39,0,False,False,0,1.0,1.0,False,True,frozen external sequence; 13 calibration weeks retained for causal initialization only
observed_research,pytest-dev/pytest,2026-04-27,external_evaluation,external,causal_rolling_mad,two_of_three,composite,primary,13.0,3.0,2.0,False,,,second-highest of three frozen component scaled-MAD scores,,,39,23,1,23,39,0,False,False,0,1.0,1.0,False,True,frozen external sequence; 13 calibration weeks retained for causal initialization only
observed_research,pytest-dev/pytest,2026-04-27,external_evaluation,external,mewma,mewma,composite,primary,,,,True,False,0.15543960620974764,raw mewma_stat divided by frozen control limit,1.1113985923851066,7.150034791553729,39,23,1,23,39,0,False,False,0,1.0,1.0,False,True,frozen external sequence; 13 calibration weeks retained for causal initialization only
observed_research,pytest-dev/pytest,2026-05-04,external_evaluation,external,causal_rolling_mad,latency_log,latency_log,primary,13.0,3.0,2.0,True,False,-1.229584411259033,frozen component scaled-MAD score,,,44,33,3,33,43,1,False,False,0,1.0,1.0,False,True,frozen external sequence; 13 calibration weeks retained for causal initialization only
observed_research,pytest-dev/pytest,2026-05-04,external_evaluation,external,causal_rolling_mad,failure_rate,failure_rate,primary,13.0,3.0,2.0,True,False,-0.1576731645529699,frozen component scaled-MAD score,,,44,33,3,33,43,1,False,False,0,1.0,1.0,False,True,frozen external sequence; 13 calibration weeks retained for causal initialization only
observed_research,pytest-dev/pytest,2026-05-04,external_evaluation,external,causal_rolling_mad,rerun_rate,rerun_rate,primary,13.0,3.0,2.0,False,,,frozen component scaled-MAD score,,,44,33,3,33,43,1,False,False,0,1.0,1.0,False,True,frozen external sequence; 13 calibration weeks retained for causal initialization only
observed_research,pytest-dev/pytest,2026-05-04,external_evaluation,external,causal_rolling_mad,union,composite,primary,13.0,3.0,2.0,False,,,maximum of three frozen component scaled-MAD scores,,,44,33,3,33,43,1,False,False,0,1.0,1.0,False,True,frozen external sequence; 13 calibration weeks retained for causal initialization only
observed_research,pytest-dev/pytest,2026-05-04,external_evaluation,external,causal_rolling_mad,two_of_three,composite,primary,13.0,3.0,2.0,False,,,second-highest of three frozen component scaled-MAD scores,,,44,33,3,33,43,1,False,False,0,1.0,1.0,False,True,frozen external sequence; 13 calibration weeks retained for causal initialization only
observed_research,pytest-dev/pytest,2026-05-04,external_evaluation,external,mewma,mewma,composite,primary,,,,True,False,0.14167885467014563,raw mewma_stat divided by frozen control limit,1.0130087401190258,7.150034791553729,44,33,3,33,43,1,False,False,0,1.0,1.0,False,True,frozen external sequence; 13 calibration weeks retained for causal initialization only
observed_research,pytest-dev/pytest,2026-05-11,external_evaluation,external,causal_rolling_mad,latency_log,latency_log,primary,13.0,3.0,2.0,True,False,0.4400035309619425,frozen component scaled-MAD score,,,55,37,4,37,55,0,False,False,0,1.0,1.0,False,True,frozen external sequence; 13 calibration weeks retained for causal initialization only
observed_research,pytest-dev/pytest,2026-05-11,external_evaluation,external,causal_rolling_mad,failure_rate,failure_rate,primary,13.0,3.0,2.0,True,False,0.2153357323328994,frozen component scaled-MAD score,,,55,37,4,37,55,0,False,False,0,1.0,1.0,False,True,frozen external sequence; 13 calibration weeks retained for causal initialization only
observed_research,pytest-dev/pytest,2026-05-11,external_evaluation,external,causal_rolling_mad,rerun_rate,rerun_rate,primary,13.0,3.0,2.0,False,,,frozen component scaled-MAD score,,,55,37,4,37,55,0,False,False,0,1.0,1.0,False,True,frozen external sequence; 13 calibration weeks retained for causal initialization only
observed_research,pytest-dev/pytest,2026-05-11,external_evaluation,external,causal_rolling_mad,union,composite,primary,13.0,3.0,2.0,False,,,maximum of three frozen component scaled-MAD scores,,,55,37,4,37,55,0,False,False,0,1.0,1.0,False,True,frozen external sequence; 13 calibration weeks retained for causal initialization only
observed_research,pytest-dev/pytest,2026-05-11,external_evaluation,external,causal_rolling_mad,two_of_three,composite,primary,13.0,3.0,2.0,False,,,second-highest of three frozen component scaled-MAD scores,,,55,37,4,37,55,0,False,False,0,1.0,1.0,False,True,frozen external sequence; 13 calibration weeks retained for causal initialization only
observed_research,pytest-dev/pytest,2026-05-11,external_evaluation,external,mewma,mewma,composite,primary,,,,True,False,0.1415356836473373,raw mewma_stat divided by frozen control limit,1.011985062324804,7.150034791553729,55,37,4,37,55,0,False,False,0,1.0,1.0,False,True,frozen external sequence; 13 calibration weeks retained for causal initialization only
observed_research,pytest-dev/pytest,2026-05-18,external_evaluation,external,causal_rolling_mad,latency_log,latency_log,primary,13.0,3.0,2.0,True,False,-0.4954698429280406,frozen component scaled-MAD score,,,106,86,16,86,103,3,False,False,0,1.0,1.0,False,True,frozen external sequence; 13 calibration weeks retained for causal initialization only
observed_research,pytest-dev/pytest,2026-05-18,external_evaluation,external,causal_rolling_mad,failure_rate,failure_rate,primary,13.0,3.0,2.0,True,False,1.1911428383198577,frozen component scaled-MAD score,,,106,86,16,86,103,3,False,False,0,1.0,1.0,False,True,frozen external sequence; 13 calibration weeks retained for causal initialization only
observed_research,pytest-dev/pytest,2026-05-18,external_evaluation,external,causal_rolling_mad,rerun_rate,rerun_rate,primary,13.0,3.0,2.0,False,,,frozen component scaled-MAD score,,,106,86,16,86,103,3,False,False,0,1.0,1.0,False,True,frozen external sequence; 13 calibration weeks retained for causal initialization only
observed_research,pytest-dev/pytest,2026-05-18,external_evaluation,external,causal_rolling_mad,union,composite,primary,13.0,3.0,2.0,False,,,maximum of three frozen component scaled-MAD scores,,,106,86,16,86,103,3,False,False,0,1.0,1.0,False,True,frozen external sequence; 13 calibration weeks retained for causal initialization only
observed_research,pytest-dev/pytest,2026-05-18,external_evaluation,external,causal_rolling_mad,two_of_three,composite,primary,13.0,3.0,2.0,False,,,second-highest of three frozen component scaled-MAD scores,,,106,86,16,86,103,3,False,False,0,1.0,1.0,False,True,frozen external sequence; 13 calibration weeks retained for causal initialization only
observed_research,pytest-dev/pytest,2026-05-18,external_evaluation,external,mewma,mewma,composite,primary,,,,True,False,0.1485000599332865,raw mewma_stat divided by frozen control limit,1.0617805950708123,7.150034791553729,106,86,16,86,103,3,False,False,0,1.0,1.0,False,True,frozen external sequence; 13 calibration weeks retained for causal initialization only
observed_research,pytest-dev/pytest,2026-05-25,external_evaluation,external,causal_rolling_mad,latency_log,latency_log,primary,13.0,3.0,2.0,True,False,-1.8533077457893408,frozen component scaled-MAD score,,,92,71,14,71,85,3,False,False,0,2.0,0.8594045368620038,False,True,frozen external sequence; 13 calibration weeks retained for causal initialization only
observed_research,pytest-dev/pytest,2026-05-25,external_evaluation,external,causal_rolling_mad,failure_rate,failure_rate,primary,13.0,3.0,2.0,True,False,1.0259859439925674,frozen component scaled-MAD score,,,92,71,14,71,85,3,False,False,0,2.0,0.8594045368620038,False,True,frozen external sequence; 13 calibration weeks retained for causal initialization only
observed_research,pytest-dev/pytest,2026-05-25,external_evaluation,external,causal_rolling_mad,rerun_rate,rerun_rate,primary,13.0,3.0,2.0,False,,,frozen component scaled-MAD score,,,92,71,14,71,85,3,False,False,0,2.0,0.8594045368620038,False,True,frozen external sequence; 13 calibration weeks retained for causal initialization only
observed_research,pytest-dev/pytest,2026-05-25,external_evaluation,external,causal_rolling_mad,union,composite,primary,13.0,3.0,2.0,False,,,maximum of three frozen component scaled-MAD scores,,,92,71,14,71,85,3,False,False,0,2.0,0.8594045368620038,False,True,frozen external sequence; 13 calibration weeks retained for causal initialization only
observed_research,pytest-dev/pytest,2026-05-25,external_evaluation,external,causal_rolling_mad,two_of_three,composite,primary,13.0,3.0,2.0,False,,,second-highest of three frozen component scaled-MAD scores,,,92,71,14,71,85,3,False,False,0,2.0,0.8594045368620038,False,True,frozen external sequence; 13 calibration weeks retained for causal initialization only
observed_research,pytest-dev/pytest,2026-05-25,external_evaluation,external,mewma,mewma,composite,primary,,,,True,False,0.13116432115129914,raw mewma_stat divided by frozen control limit,0.9378294596423156,7.150034791553729,92,71,14,71,85,3,False,False,0,2.0,0.8594045368620038,False,True,frozen external sequence; 13 calibration weeks retained for causal initialization only
observed_research,pytest-dev/pytest,2026-06-01,external_evaluation,external,causal_rolling_mad,latency_log,latency_log,primary,13.0,3.0,2.0,True,False,-0.6744907594765952,frozen component scaled-MAD score,,,105,70,20,70,105,0,False,False,0,1.0,1.0,False,True,frozen external sequence; 13 calibration weeks retained for causal initialization only
observed_research,pytest-dev/pytest,2026-06-01,external_evaluation,external,causal_rolling_mad,failure_rate,failure_rate,primary,13.0,3.0,2.0,True,False,1.8535356455226948,frozen component scaled-MAD score,,,105,70,20,70,105,0,False,False,0,1.0,1.0,False,True,frozen external sequence; 13 calibration weeks retained for causal initialization only
observed_research,pytest-dev/pytest,2026-06-01,external_evaluation,external,causal_rolling_mad,rerun_rate,rerun_rate,primary,13.0,3.0,2.0,False,,,frozen component scaled-MAD score,,,105,70,20,70,105,0,False,False,0,1.0,1.0,False,True,frozen external sequence; 13 calibration weeks retained for causal initialization only
observed_research,pytest-dev/pytest,2026-06-01,external_evaluation,external,causal_rolling_mad,union,composite,primary,13.0,3.0,2.0,False,,,maximum of three frozen component scaled-MAD scores,,,105,70,20,70,105,0,False,False,0,1.0,1.0,False,True,frozen external sequence; 13 calibration weeks retained for causal initialization only
observed_research,pytest-dev/pytest,2026-06-01,external_evaluation,external,causal_rolling_mad,two_of_three,composite,primary,13.0,3.0,2.0,False,,,second-highest of three frozen component scaled-MAD scores,,,105,70,20,70,105,0,False,False,0,1.0,1.0,False,True,frozen external sequence; 13 calibration weeks retained for causal initialization only
observed_research,pytest-dev/pytest,2026-06-01,external_evaluation,external,mewma,mewma,composite,primary,,,,True,False,0.09972386198912214,raw mewma_stat divided by frozen control limit,0.7130290827703257,7.150034791553729,105,70,20,70,105,0,False,False,0,1.0,1.0,False,True,frozen external sequence; 13 calibration weeks retained for causal initialization only
observed_research,pytest-dev/pytest,2026-06-08,external_evaluation,external,causal_rolling_mad,latency_log,latency_log,primary,13.0,3.0,2.0,True,False,1.4565467019221192,frozen component scaled-MAD score,,,75,52,3,52,74,1,False,False,0,1.0,1.0,False,True,frozen external sequence; 13 calibration weeks retained for causal initialization only
observed_research,pytest-dev/pytest,2026-06-08,external_evaluation,external,causal_rolling_mad,failure_rate,failure_rate,primary,13.0,3.0,2.0,True,False,-1.053642369833262,frozen component scaled-MAD score,,,75,52,3,52,74,1,False,False,0,1.0,1.0,False,True,frozen external sequence; 13 calibration weeks retained for causal initialization only
observed_research,pytest-dev/pytest,2026-06-08,external_evaluation,external,causal_rolling_mad,rerun_rate,rerun_rate,primary,13.0,3.0,2.0,False,,,frozen component scaled-MAD score,,,75,52,3,52,74,1,False,False,0,1.0,1.0,False,True,frozen external sequence; 13 calibration weeks retained for causal initialization only
observed_research,pytest-dev/pytest,2026-06-08,external_evaluation,external,causal_rolling_mad,union,composite,primary,13.0,3.0,2.0,False,,,maximum of three frozen component scaled-MAD scores,,,75,52,3,52,74,1,False,False,0,1.0,1.0,False,True,frozen external sequence; 13 calibration weeks retained for causal initialization only
observed_research,pytest-dev/pytest,2026-06-08,external_evaluation,external,causal_rolling_mad,two_of_three,composite,primary,13.0,3.0,2.0,False,,,second-highest of three frozen component scaled-MAD scores,,,75,52,3,52,74,1,False,False,0,1.0,1.0,False,True,frozen external sequence; 13 calibration weeks retained for causal initialization only
observed_research,pytest-dev/pytest,2026-06-08,external_evaluation,external,mewma,mewma,composite,primary,,,,True,False,0.10727377925131751,raw mewma_stat divided by frozen control limit,0.7670112538683748,7.150034791553729,75,52,3,52,74,1,False,False,0,1.0,1.0,False,True,frozen external sequence; 13 calibration weeks retained for causal initialization only
observed_research,pytest-dev/pytest,2026-06-15,external_evaluation,external,causal_rolling_mad,latency_log,latency_log,primary,13.0,3.0,2.0,True,False,3.5547099474156734,frozen component scaled-MAD score,,,60,40,0,40,57,3,False,False,0,1.0,1.0,False,True,frozen external sequence; 13 calibration weeks retained for causal initialization only
observed_research,pytest-dev/pytest,2026-06-15,external_evaluation,external,causal_rolling_mad,failure_rate,failure_rate,primary,13.0,3.0,2.0,True,False,-1.1282390885790317,frozen component scaled-MAD score,,,60,40,0,40,57,3,False,False,0,1.0,1.0,False,True,frozen external sequence; 13 calibration weeks retained for causal initialization only
observed_research,pytest-dev/pytest,2026-06-15,external_evaluation,external,causal_rolling_mad,rerun_rate,rerun_rate,primary,13.0,3.0,2.0,False,,,frozen component scaled-MAD score,,,60,40,0,40,57,3,False,False,0,1.0,1.0,False,True,frozen external sequence; 13 calibration weeks retained for causal initialization only
observed_research,pytest-dev/pytest,2026-06-15,external_evaluation,external,causal_rolling_mad,union,composite,primary,13.0,3.0,2.0,False,,,maximum of three frozen component scaled-MAD scores,,,60,40,0,40,57,3,False,False,0,1.0,1.0,False,True,frozen external sequence; 13 calibration weeks retained for causal initialization only
observed_research,pytest-dev/pytest,2026-06-15,external_evaluation,external,causal_rolling_mad,two_of_three,composite,primary,13.0,3.0,2.0,False,,,second-highest of three frozen component scaled-MAD scores,,,60,40,0,40,57,3,False,False,0,1.0,1.0,False,True,frozen external sequence; 13 calibration weeks retained for causal initialization only
observed_research,pytest-dev/pytest,2026-06-15,external_evaluation,external,mewma,mewma,composite,primary,,,,True,False,0.22524488224118666,raw mewma_stat divided by frozen control limit,1.6105087446439073,7.150034791553729,60,40,0,40,57,3,False,False,0,1.0,1.0,False,True,frozen external sequence; 13 calibration weeks retained for causal initialization only
observed_research,pytest-dev/pytest,2026-06-22,external_evaluation,external,causal_rolling_mad,latency_log,latency_log,primary,13.0,3.0,2.0,True,False,-1.037564614968815,frozen component scaled-MAD score,,,55,38,0,38,54,1,False,False,0,1.0,1.0,False,True,frozen external sequence; 13 calibration weeks retained for causal initialization only
observed_research,pytest-dev/pytest,2026-06-22,external_evaluation,external,causal_rolling_mad,failure_rate,failure_rate,primary,13.0,3.0,2.0,True,False,-1.1282390885790317,frozen component scaled-MAD score,,,55,38,0,38,54,1,False,False,0,1.0,1.0,False,True,frozen external sequence; 13 calibration weeks retained for causal initialization only
observed_research,pytest-dev/pytest,2026-06-22,external_evaluation,external,causal_rolling_mad,rerun_rate,rerun_rate,primary,13.0,3.0,2.0,False,,0.2498113923987389,frozen component scaled-MAD score,,,55,38,0,38,54,1,False,False,0,1.0,1.0,False,True,frozen external sequence; 13 calibration weeks retained for causal initialization only
observed_research,pytest-dev/pytest,2026-06-22,external_evaluation,external,causal_rolling_mad,union,composite,primary,13.0,3.0,2.0,False,,0.2498113923987389,maximum of three frozen component scaled-MAD scores,,,55,38,0,38,54,1,False,False,0,1.0,1.0,False,True,frozen external sequence; 13 calibration weeks retained for causal initialization only
observed_research,pytest-dev/pytest,2026-06-22,external_evaluation,external,causal_rolling_mad,two_of_three,composite,primary,13.0,3.0,2.0,False,,-1.037564614968815,second-highest of three frozen component scaled-MAD scores,,,55,38,0,38,54,1,False,False,0,1.0,1.0,False,True,frozen external sequence; 13 calibration weeks retained for causal initialization only
observed_research,pytest-dev/pytest,2026-06-22,external_evaluation,external,mewma,mewma,composite,primary,,,,True,False,0.1799199484005401,raw mewma_stat divided by frozen control limit,1.2864338907584134,7.150034791553729,55,38,0,38,54,1,False,False,0,1.0,1.0,False,True,frozen external sequence; 13 calibration weeks retained for causal initialization only
observed_research,pytest-dev/pytest,2026-06-29,external_evaluation,external,causal_rolling_mad,latency_log,latency_log,primary,13.0,3.0,2.0,True,False,0.4065999411796278,frozen component scaled-MAD score,,,36,22,0,22,35,1,False,False,0,1.0,1.0,False,True,frozen external sequence; 13 calibration weeks retained for causal initialization only
observed_research,pytest-dev/pytest,2026-06-29,external_evaluation,external,causal_rolling_mad,failure_rate,failure_rate,primary,13.0,3.0,2.0,True,False,-0.8093889113719147,frozen component scaled-MAD score,,,36,22,0,22,35,1,False,False,0,1.0,1.0,False,True,frozen external sequence; 13 calibration weeks retained for causal initialization only
observed_research,pytest-dev/pytest,2026-06-29,external_evaluation,external,causal_rolling_mad,rerun_rate,rerun_rate,primary,13.0,3.0,2.0,True,False,0.3661521265730073,frozen component scaled-MAD score,,,36,22,0,22,35,1,False,False,0,1.0,1.0,False,True,frozen external sequence; 13 calibration weeks retained for causal initialization only
observed_research,pytest-dev/pytest,2026-06-29,external_evaluation,external,causal_rolling_mad,union,composite,primary,13.0,3.0,2.0,True,False,0.4065999411796278,maximum of three frozen component scaled-MAD scores,,,36,22,0,22,35,1,False,False,0,1.0,1.0,False,True,frozen external sequence; 13 calibration weeks retained for causal initialization only
observed_research,pytest-dev/pytest,2026-06-29,external_evaluation,external,causal_rolling_mad,two_of_three,composite,primary,13.0,3.0,2.0,True,False,0.3661521265730073,second-highest of three frozen component scaled-MAD scores,,,36,22,0,22,35,1,False,False,0,1.0,1.0,False,True,frozen external sequence; 13 calibration weeks retained for causal initialization only
observed_research,pytest-dev/pytest,2026-06-29,external_evaluation,external,mewma,mewma,composite,primary,,,,True,False,0.19265581352712177,raw mewma_stat divided by frozen control limit,1.3774957695140082,7.150034791553729,36,22,0,22,35,1,False,False,0,1.0,1.0,False,True,frozen external sequence; 13 calibration weeks retained for causal initialization only
observed_research,pytest-dev/pytest,2026-07-06,external_evaluation,external,causal_rolling_mad,latency_log,latency_log,primary,13.0,3.0,2.0,True,False,0.4965847455482127,frozen component scaled-MAD score,,,29,23,12,23,27,2,False,False,0,1.0,1.0,False,True,frozen external sequence; 13 calibration weeks retained for causal initialization only
observed_research,pytest-dev/pytest,2026-07-06,external_evaluation,external,causal_rolling_mad,failure_rate,failure_rate,primary,13.0,3.0,2.0,True,False,4.252224353222015,frozen component scaled-MAD score,,,29,23,12,23,27,2,False,False,0,1.0,1.0,False,True,frozen external sequence; 13 calibration weeks retained for causal initialization only
observed_research,pytest-dev/pytest,2026-07-06,external_evaluation,external,causal_rolling_mad,rerun_rate,rerun_rate,primary,13.0,3.0,2.0,True,False,2.8472821201810694,frozen component scaled-MAD score,,,29,23,12,23,27,2,False,False,0,1.0,1.0,False,True,frozen external sequence; 13 calibration weeks retained for causal initialization only
observed_research,pytest-dev/pytest,2026-07-06,external_evaluation,external,causal_rolling_mad,union,composite,primary,13.0,3.0,2.0,True,False,4.252224353222015,maximum of three frozen component scaled-MAD scores,,,29,23,12,23,27,2,False,False,0,1.0,1.0,False,True,frozen external sequence; 13 calibration weeks retained for causal initialization only
observed_research,pytest-dev/pytest,2026-07-06,external_evaluation,external,causal_rolling_mad,two_of_three,composite,primary,13.0,3.0,2.0,True,False,2.8472821201810694,second-highest of three frozen component scaled-MAD scores,,,29,23,12,23,27,2,False,False,0,1.0,1.0,False,True,frozen external sequence; 13 calibration weeks retained for causal initialization only
observed_research,pytest-dev/pytest,2026-07-06,external_evaluation,external,mewma,mewma,composite,primary,,,,True,False,0.31924677331390683,raw mewma_stat divided by frozen control limit,2.2826255362857,7.150034791553729,29,23,12,23,27,2,False,False,0,1.0,1.0,False,True,frozen external sequence; 13 calibration weeks retained for causal initialization only
observed_research,pytest-dev/pytest,2026-07-13,external_evaluation,external,causal_rolling_mad,latency_log,latency_log,primary,13.0,3.0,2.0,True,False,-0.0277622479967528,frozen component scaled-MAD score,,,61,41,8,41,59,2,False,False,0,1.0,1.0,False,True,frozen external sequence; 13 calibration weeks retained for causal initialization only
observed_research,pytest-dev/pytest,2026-07-13,external_evaluation,external,causal_rolling_mad,failure_rate,failure_rate,primary,13.0,3.0,2.0,True,False,0.7731967242780483,frozen component scaled-MAD score,,,61,41,8,41,59,2,False,False,0,1.0,1.0,False,True,frozen external sequence; 13 calibration weeks retained for causal initialization only
observed_research,pytest-dev/pytest,2026-07-13,external_evaluation,external,causal_rolling_mad,rerun_rate,rerun_rate,primary,13.0,3.0,2.0,True,False,0.2894112893026268,frozen component scaled-MAD score,,,61,41,8,41,59,2,False,False,0,1.0,1.0,False,True,frozen external sequence; 13 calibration weeks retained for causal initialization only
observed_research,pytest-dev/pytest,2026-07-13,external_evaluation,external,causal_rolling_mad,union,composite,primary,13.0,3.0,2.0,True,False,0.7731967242780483,maximum of three frozen component scaled-MAD scores,,,61,41,8,41,59,2,False,False,0,1.0,1.0,False,True,frozen external sequence; 13 calibration weeks retained for causal initialization only
observed_research,pytest-dev/pytest,2026-07-13,external_evaluation,external,causal_rolling_mad,two_of_three,composite,primary,13.0,3.0,2.0,True,False,0.2894112893026268,second-highest of three frozen component scaled-MAD scores,,,61,41,8,41,59,2,False,False,0,1.0,1.0,False,True,frozen external sequence; 13 calibration weeks retained for causal initialization only
observed_research,pytest-dev/pytest,2026-07-13,external_evaluation,external,mewma,mewma,composite,primary,,,,True,False,0.32061541924195064,raw mewma_stat divided by frozen control limit,2.292411402288532,7.150034791553729,61,41,8,41,59,2,False,False,0,1.0,1.0,False,True,frozen external sequence; 13 calibration weeks retained for causal initialization only
observed_research,pytest-dev/pytest,2026-07-20,external_evaluation,external,causal_rolling_mad,latency_log,latency_log,primary,13.0,3.0,2.0,True,False,5.626189706050051,frozen component scaled-MAD score,,,193,134,19,134,189,4,False,False,0,1.0,1.0,False,True,frozen external sequence; 13 calibration weeks retained for causal initialization only
observed_research,pytest-dev/pytest,2026-07-20,external_evaluation,external,causal_rolling_mad,failure_rate,failure_rate,primary,13.0,3.0,2.0,True,False,0.3775134847816764,frozen component scaled-MAD score,,,193,134,19,134,189,4,False,False,0,1.0,1.0,False,True,frozen external sequence; 13 calibration weeks retained for causal initialization only
observed_research,pytest-dev/pytest,2026-07-20,external_evaluation,external,causal_rolling_mad,rerun_rate,rerun_rate,primary,13.0,3.0,2.0,True,False,-0.4817791139118557,frozen component scaled-MAD score,,,193,134,19,134,189,4,False,False,0,1.0,1.0,False,True,frozen external sequence; 13 calibration weeks retained for causal initialization only
observed_research,pytest-dev/pytest,2026-07-20,external_evaluation,external,causal_rolling_mad,union,composite,primary,13.0,3.0,2.0,True,False,5.626189706050051,maximum of three frozen component scaled-MAD scores,,,193,134,19,134,189,4,False,False,0,1.0,1.0,False,True,frozen external sequence; 13 calibration weeks retained for causal initialization only
observed_research,pytest-dev/pytest,2026-07-20,external_evaluation,external,causal_rolling_mad,two_of_three,composite,primary,13.0,3.0,2.0,True,False,0.3775134847816764,second-highest of three frozen component scaled-MAD scores,,,193,134,19,134,189,4,False,False,0,1.0,1.0,False,True,frozen external sequence; 13 calibration weeks retained for causal initialization only
observed_research,pytest-dev/pytest,2026-07-20,external_evaluation,external,mewma,mewma,composite,primary,,,,True,False,0.4985609160768231,raw mewma_stat divided by frozen control limit,3.564727895658184,7.150034791553729,193,134,19,134,189,4,False,False,0,1.0,1.0,False,True,frozen external sequence; 13 calibration weeks retained for causal initialization only
observed_research,pytest-dev/pytest,2026-07-27,external_evaluation,external,causal_rolling_mad,latency_log,latency_log,primary,13.0,3.0,2.0,True,True,4.898825432958944,frozen component scaled-MAD score,,,112,85,14,85,110,2,False,False,0,1.0,1.0,False,True,frozen external sequence; 13 calibration weeks retained for causal initialization only
observed_research,pytest-dev/pytest,2026-07-27,external_evaluation,external,causal_rolling_mad,failure_rate,failure_rate,primary,13.0,3.0,2.0,True,False,0.4387195688645441,frozen component scaled-MAD score,,,112,85,14,85,110,2,False,False,0,1.0,1.0,False,True,frozen external sequence; 13 calibration weeks retained for causal initialization only
observed_research,pytest-dev/pytest,2026-07-27,external_evaluation,external,causal_rolling_mad,rerun_rate,rerun_rate,primary,13.0,3.0,2.0,True,False,-0.3215753923969223,frozen component scaled-MAD score,,,112,85,14,85,110,2,False,False,0,1.0,1.0,False,True,frozen external sequence; 13 calibration weeks retained for causal initialization only
observed_research,pytest-dev/pytest,2026-07-27,external_evaluation,external,causal_rolling_mad,union,composite,primary,13.0,3.0,2.0,True,True,4.898825432958944,maximum of three frozen component scaled-MAD scores,,,112,85,14,85,110,2,False,False,0,1.0,1.0,False,True,frozen external sequence; 13 calibration weeks retained for causal initialization only
observed_research,pytest-dev/pytest,2026-07-27,external_evaluation,external,causal_rolling_mad,two_of_three,composite,primary,13.0,3.0,2.0,True,False,0.4387195688645441,second-highest of three frozen component scaled-MAD scores,,,112,85,14,85,110,2,False,False,0,1.0,1.0,False,True,frozen external sequence; 13 calibration weeks retained for causal initialization only
observed_research,pytest-dev/pytest,2026-07-27,external_evaluation,external,mewma,mewma,composite,primary,,,,True,False,0.6864178442383394,raw mewma_stat divided by frozen control limit,4.907911467847435,7.150034791553729,112,85,14,85,110,2,False,False,0,1.0,1.0,False,True,frozen external sequence; 13 calibration weeks retained for causal initialization only
observed_research,pytest-dev/pytest,2026-08-03,external_evaluation,external,causal_rolling_mad,latency_log,latency_log,primary,13.0,3.0,2.0,True,True,4.548518376437277,frozen component scaled-MAD score,,,31,28,4,28,29,2,False,False,0,1.0,1.0,False,True,frozen external sequence; 13 calibration weeks retained for causal initialization only
observed_research,pytest-dev/pytest,2026-08-03,external_evaluation,external,causal_rolling_mad,failure_rate,failure_rate,primary,13.0,3.0,2.0,True,False,0.0129815245114762,frozen component scaled-MAD score,,,31,28,4,28,29,2,False,False,0,1.0,1.0,False,True,frozen external sequence; 13 calibration weeks retained for causal initialization only
observed_research,pytest-dev/pytest,2026-08-03,external_evaluation,external,causal_rolling_mad,rerun_rate,rerun_rate,primary,13.0,3.0,2.0,True,False,3.164629614540934,frozen component scaled-MAD score,,,31,28,4,28,29,2,False,False,0,1.0,1.0,False,True,frozen external sequence; 13 calibration weeks retained for causal initialization only
observed_research,pytest-dev/pytest,2026-08-03,external_evaluation,external,causal_rolling_mad,union,composite,primary,13.0,3.0,2.0,True,True,4.548518376437277,maximum of three frozen component scaled-MAD scores,,,31,28,4,28,29,2,False,False,0,1.0,1.0,False,True,frozen external sequence; 13 calibration weeks retained for causal initialization only
observed_research,pytest-dev/pytest,2026-08-03,external_evaluation,external,causal_rolling_mad,two_of_three,composite,primary,13.0,3.0,2.0,True,False,3.164629614540934,second-highest of three frozen component scaled-MAD scores,,,31,28,4,28,29,2,False,False,0,1.0,1.0,False,True,frozen external sequence; 13 calibration weeks retained for causal initialization only
observed_research,pytest-dev/pytest,2026-08-03,external_evaluation,external,mewma,mewma,composite,primary,,,,True,True,1.071578367162262,raw mewma_stat divided by frozen control limit,7.66182260708651,7.150034791553729,31,28,4,28,29,2,False,False,0,1.0,1.0,False,True,frozen external sequence; 13 calibration weeks retained for causal initialization only
observed_research,tektoncd/pipeline,2026-03-30,holdout,holdout,causal_rolling_mad,latency_log,latency_log,primary,13.0,3.0,2.0,True,False,4.380642499777606,frozen component scaled-MAD score,,,867,807,82,804,808,36,False,False,0,7.0,0.2052856966112315,False,False,frozen full development sequence; preceding purge observations retained
observed_research,tektoncd/pipeline,2026-03-30,holdout,holdout,causal_rolling_mad,failure_rate,failure_rate,primary,13.0,3.0,2.0,True,False,-0.3618072266700616,frozen component scaled-MAD score,,,867,807,82,804,808,36,False,False,0,7.0,0.2052856966112315,False,False,frozen full development sequence; preceding purge observations retained
observed_research,tektoncd/pipeline,2026-03-30,holdout,holdout,causal_rolling_mad,rerun_rate,rerun_rate,primary,13.0,3.0,2.0,True,False,-0.9591289466259028,frozen component scaled-MAD score,,,867,807,82,804,808,36,False,False,0,7.0,0.2052856966112315,False,False,frozen full development sequence; preceding purge observations retained
observed_research,tektoncd/pipeline,2026-03-30,holdout,holdout,causal_rolling_mad,union,composite,primary,13.0,3.0,2.0,True,False,4.380642499777606,maximum of three frozen component scaled-MAD scores,,,867,807,82,804,808,36,False,False,0,7.0,0.2052856966112315,False,False,frozen full development sequence; preceding purge observations retained
observed_research,tektoncd/pipeline,2026-03-30,holdout,holdout,causal_rolling_mad,two_of_three,composite,primary,13.0,3.0,2.0,True,False,-0.3618072266700616,second-highest of three frozen component scaled-MAD scores,,,867,807,82,804,808,36,False,False,0,7.0,0.2052856966112315,False,False,frozen full development sequence; preceding purge observations retained
observed_research,tektoncd/pipeline,2026-03-30,holdout,holdout,mewma,mewma,composite,primary,,,,True,True,1.0025199778285796,raw mewma_stat divided by frozen control limit,7.1680527207020175,7.150034791553729,867,807,82,804,808,36,False,False,0,7.0,0.2052856966112315,False,False,frozen full development sequence; preceding purge observations retained
observed_research,tektoncd/pipeline,2026-04-06,holdout,holdout,causal_rolling_mad,latency_log,latency_log,primary,13.0,3.0,2.0,True,False,-0.8919130708015041,frozen component scaled-MAD score,,,401,382,85,368,371,16,False,False,0,7.0,0.2059004608180296,False,False,frozen full development sequence; preceding purge observations retained
observed_research,tektoncd/pipeline,2026-04-06,holdout,holdout,causal_rolling_mad,failure_rate,failure_rate,primary,13.0,3.0,2.0,True,False,3.742027082879615,frozen component scaled-MAD score,,,401,382,85,368,371,16,False,False,0,7.0,0.2059004608180296,False,False,frozen full development sequence; preceding purge observations retained
observed_research,tektoncd/pipeline,2026-04-06,holdout,holdout,causal_rolling_mad,rerun_rate,rerun_rate,primary,13.0,3.0,2.0,True,False,-0.9430295894793508,frozen component scaled-MAD score,,,401,382,85,368,371,16,False,False,0,7.0,0.2059004608180296,False,False,frozen full development sequence; preceding purge observations retained
observed_research,tektoncd/pipeline,2026-04-06,holdout,holdout,causal_rolling_mad,union,composite,primary,13.0,3.0,2.0,True,True,3.742027082879615,maximum of three frozen component scaled-MAD scores,,,401,382,85,368,371,16,False,False,0,7.0,0.2059004608180296,False,False,frozen full development sequence; preceding purge observations retained
observed_research,tektoncd/pipeline,2026-04-06,holdout,holdout,causal_rolling_mad,two_of_three,composite,primary,13.0,3.0,2.0,True,False,-0.8919130708015041,second-highest of three frozen component scaled-MAD scores,,,401,382,85,368,371,16,False,False,0,7.0,0.2059004608180296,False,False,frozen full development sequence; preceding purge observations retained
observed_research,tektoncd/pipeline,2026-04-06,holdout,holdout,mewma,mewma,composite,primary,,,,True,False,0.6429633550210964,raw mewma_stat divided by frozen control limit,4.597210358094951,7.150034791553729,401,382,85,368,371,16,False,False,0,7.0,0.2059004608180296,False,False,frozen full development sequence; preceding purge observations retained
observed_research,tektoncd/pipeline,2026-04-13,holdout,holdout,causal_rolling_mad,latency_log,latency_log,primary,13.0,3.0,2.0,True,False,3.3879699459103763,frozen component scaled-MAD score,,,1174,1073,103,1062,1065,105,False,False,0,7.0,0.2187863678972861,False,False,frozen full development sequence; preceding purge observations retained
observed_research,tektoncd/pipeline,2026-04-13,holdout,holdout,causal_rolling_mad,failure_rate,failure_rate,primary,13.0,3.0,2.0,True,False,-0.3645295462863948,frozen component scaled-MAD score,,,1174,1073,103,1062,1065,105,False,False,0,7.0,0.2187863678972861,False,False,frozen full development sequence; preceding purge observations retained
observed_research,tektoncd/pipeline,2026-04-13,holdout,holdout,causal_rolling_mad,rerun_rate,rerun_rate,primary,13.0,3.0,2.0,True,False,0.0601502965385891,frozen component scaled-MAD score,,,1174,1073,103,1062,1065,105,False,False,0,7.0,0.2187863678972861,False,False,frozen full development sequence; preceding purge observations retained
observed_research,tektoncd/pipeline,2026-04-13,holdout,holdout,causal_rolling_mad,union,composite,primary,13.0,3.0,2.0,True,True,3.3879699459103763,maximum of three frozen component scaled-MAD scores,,,1174,1073,103,1062,1065,105,False,False,0,7.0,0.2187863678972861,False,False,frozen full development sequence; preceding purge observations retained
observed_research,tektoncd/pipeline,2026-04-13,holdout,holdout,causal_rolling_mad,two_of_three,composite,primary,13.0,3.0,2.0,True,False,0.0601502965385891,second-highest of three frozen component scaled-MAD scores,,,1174,1073,103,1062,1065,105,False,False,0,7.0,0.2187863678972861,False,False,frozen full development sequence; preceding purge observations retained
observed_research,tektoncd/pipeline,2026-04-13,holdout,holdout,mewma,mewma,composite,primary,,,,True,True,1.1154231975208244,raw mewma_stat divided by frozen control limit,7.975314669580001,7.150034791553729,1174,1073,103,1062,1065,105,False,False,0,7.0,0.2187863678972861,False,False,frozen full development sequence; preceding purge observations retained
observed_research,tektoncd/pipeline,2026-04-20,holdout,holdout,causal_rolling_mad,latency_log,latency_log,primary,13.0,3.0,2.0,True,True,13.122197304536538,frozen component scaled-MAD score,,,1076,1038,229,887,1026,45,False,False,0,7.0,0.2937666698912397,False,False,frozen full development sequence; preceding purge observations retained
observed_research,tektoncd/pipeline,2026-04-20,holdout,holdout,causal_rolling_mad,failure_rate,failure_rate,primary,13.0,3.0,2.0,True,False,3.679793576039129,frozen component scaled-MAD score,,,1076,1038,229,887,1026,45,False,False,0,7.0,0.2937666698912397,False,False,frozen full development sequence; preceding purge observations retained
observed_research,tektoncd/pipeline,2026-04-20,holdout,holdout,causal_rolling_mad,rerun_rate,rerun_rate,primary,13.0,3.0,2.0,True,False,-0.7443304643588711,frozen component scaled-MAD score,,,1076,1038,229,887,1026,45,False,False,0,7.0,0.2937666698912397,False,False,frozen full development sequence; preceding purge observations retained
observed_research,tektoncd/pipeline,2026-04-20,holdout,holdout,causal_rolling_mad,union,composite,primary,13.0,3.0,2.0,True,True,13.122197304536538,maximum of three frozen component scaled-MAD scores,,,1076,1038,229,887,1026,45,False,False,0,7.0,0.2937666698912397,False,False,frozen full development sequence; preceding purge observations retained
observed_research,tektoncd/pipeline,2026-04-20,holdout,holdout,causal_rolling_mad,two_of_three,composite,primary,13.0,3.0,2.0,True,False,3.679793576039129,second-highest of three frozen component scaled-MAD scores,,,1076,1038,229,887,1026,45,False,False,0,7.0,0.2937666698912397,False,False,frozen full development sequence; preceding purge observations retained
observed_research,tektoncd/pipeline,2026-04-20,holdout,holdout,mewma,mewma,composite,primary,,,,True,True,2.08303810061469,raw mewma_stat divided by frozen control limit,14.89379489152703,7.150034791553729,1076,1038,229,887,1026,45,False,False,0,7.0,0.2937666698912397,False,False,frozen full development sequence; preceding purge observations retained
observed_research,tektoncd/pipeline,2026-04-27,holdout,holdout,causal_rolling_mad,latency_log,latency_log,primary,13.0,3.0,2.0,True,False,2.3889479767003645,frozen component scaled-MAD score,,,638,610,193,491,596,37,False,False,0,7.0,0.2703786322854531,False,False,frozen full development sequence; preceding purge observations retained
observed_research,tektoncd/pipeline,2026-04-27,holdout,holdout,causal_rolling_mad,failure_rate,failure_rate,primary,13.0,3.0,2.0,True,True,7.072157418804079,frozen component scaled-MAD score,,,638,610,193,491,596,37,False,False,0,7.0,0.2703786322854531,False,False,frozen full development sequence; preceding purge observations retained
observed_research,tektoncd/pipeline,2026-04-27,holdout,holdout,causal_rolling_mad,rerun_rate,rerun_rate,primary,13.0,3.0,2.0,True,False,-0.1784207019152637,frozen component scaled-MAD score,,,638,610,193,491,596,37,False,False,0,7.0,0.2703786322854531,False,False,frozen full development sequence; preceding purge observations retained
observed_research,tektoncd/pipeline,2026-04-27,holdout,holdout,causal_rolling_mad,union,composite,primary,13.0,3.0,2.0,True,True,7.072157418804079,maximum of three frozen component scaled-MAD scores,,,638,610,193,491,596,37,False,False,0,7.0,0.2703786322854531,False,False,frozen full development sequence; preceding purge observations retained
observed_research,tektoncd/pipeline,2026-04-27,holdout,holdout,causal_rolling_mad,two_of_three,composite,primary,13.0,3.0,2.0,True,False,2.3889479767003645,second-highest of three frozen component scaled-MAD scores,,,638,610,193,491,596,37,False,False,0,7.0,0.2703786322854531,False,False,frozen full development sequence; preceding purge observations retained
observed_research,tektoncd/pipeline,2026-04-27,holdout,holdout,mewma,mewma,composite,primary,,,,True,True,2.5696890758285367,raw mewma_stat divided by frozen control limit,18.373366295649586,7.150034791553729,638,610,193,491,596,37,False,False,0,7.0,0.2703786322854531,False,False,frozen full development sequence; preceding purge observations retained
observed_research,tektoncd/pipeline,2026-05-04,holdout,holdout,causal_rolling_mad,latency_log,latency_log,primary,13.0,3.0,2.0,True,False,1.483980436374709,frozen component scaled-MAD score,,,791,742,135,695,721,65,False,False,0,7.0,0.2942825497338101,False,False,frozen full development sequence; preceding purge observations retained
observed_research,tektoncd/pipeline,2026-05-04,holdout,holdout,causal_rolling_mad,failure_rate,failure_rate,primary,13.0,3.0,2.0,True,False,2.4105423308647045,frozen component scaled-MAD score,,,791,742,135,695,721,65,False,False,0,7.0,0.2942825497338101,False,False,frozen full development sequence; preceding purge observations retained
observed_research,tektoncd/pipeline,2026-05-04,holdout,holdout,causal_rolling_mad,rerun_rate,rerun_rate,primary,13.0,3.0,2.0,True,False,0.5562950077334888,frozen component scaled-MAD score,,,791,742,135,695,721,65,False,False,0,7.0,0.2942825497338101,False,False,frozen full development sequence; preceding purge observations retained
observed_research,tektoncd/pipeline,2026-05-04,holdout,holdout,causal_rolling_mad,union,composite,primary,13.0,3.0,2.0,True,False,2.4105423308647045,maximum of three frozen component scaled-MAD scores,,,791,742,135,695,721,65,False,False,0,7.0,0.2942825497338101,False,False,frozen full development sequence; preceding purge observations retained
observed_research,tektoncd/pipeline,2026-05-04,holdout,holdout,causal_rolling_mad,two_of_three,composite,primary,13.0,3.0,2.0,True,False,1.483980436374709,second-highest of three frozen component scaled-MAD scores,,,791,742,135,695,721,65,False,False,0,7.0,0.2942825497338101,False,False,frozen full development sequence; preceding purge observations retained
observed_research,tektoncd/pipeline,2026-05-04,holdout,holdout,mewma,mewma,composite,primary,,,,True,True,3.537909582094087,raw mewma_stat divided by frozen control limit,25.296176601344037,7.150034791553729,791,742,135,695,721,65,False,False,0,7.0,0.2942825497338101,False,False,frozen full development sequence; preceding purge observations retained
observed_research,tektoncd/pipeline,2026-05-11,holdout,holdout,causal_rolling_mad,latency_log,latency_log,primary,13.0,3.0,2.0,True,False,1.7791157727153888,frozen component scaled-MAD score,,,1043,1009,163,941,992,38,False,False,0,7.0,0.2943285327283474,False,False,frozen full development sequence; preceding purge observations retained
observed_research,tektoncd/pipeline,2026-05-11,holdout,holdout,causal_rolling_mad,failure_rate,failure_rate,primary,13.0,3.0,2.0,True,False,0.7350884794298296,frozen component scaled-MAD score,,,1043,1009,163,941,992,38,False,False,0,7.0,0.2943285327283474,False,False,frozen full development sequence; preceding purge observations retained
observed_research,tektoncd/pipeline,2026-05-11,holdout,holdout,causal_rolling_mad,rerun_rate,rerun_rate,primary,13.0,3.0,2.0,True,False,-0.7669117131097932,frozen component scaled-MAD score,,,1043,1009,163,941,992,38,False,False,0,7.0,0.2943285327283474,False,False,frozen full development sequence; preceding purge observations retained
observed_research,tektoncd/pipeline,2026-05-11,holdout,holdout,causal_rolling_mad,union,composite,primary,13.0,3.0,2.0,True,False,1.7791157727153888,maximum of three frozen component scaled-MAD scores,,,1043,1009,163,941,992,38,False,False,0,7.0,0.2943285327283474,False,False,frozen full development sequence; preceding purge observations retained
observed_research,tektoncd/pipeline,2026-05-11,holdout,holdout,causal_rolling_mad,two_of_three,composite,primary,13.0,3.0,2.0,True,False,0.7350884794298296,second-highest of three frozen component scaled-MAD scores,,,1043,1009,163,941,992,38,False,False,0,7.0,0.2943285327283474,False,False,frozen full development sequence; preceding purge observations retained
observed_research,tektoncd/pipeline,2026-05-11,holdout,holdout,mewma,mewma,composite,primary,,,,True,True,4.421880930499049,raw mewma_stat divided by frozen control limit,31.61660249717618,7.150034791553729,1043,1009,163,941,992,38,False,False,0,7.0,0.2943285327283474,False,False,frozen full development sequence; preceding purge observations retained
observed_research,tektoncd/pipeline,2026-05-18,holdout,holdout,causal_rolling_mad,latency_log,latency_log,primary,13.0,3.0,2.0,True,False,-0.2488836643522084,frozen component scaled-MAD score,,,782,759,99,717,762,19,False,False,0,8.0,0.2924300599812926,False,False,frozen full development sequence; preceding purge observations retained
observed_research,tektoncd/pipeline,2026-05-18,holdout,holdout,causal_rolling_mad,failure_rate,failure_rate,primary,13.0,3.0,2.0,True,False,-0.0257517170316322,frozen component scaled-MAD score,,,782,759,99,717,762,19,False,False,0,8.0,0.2924300599812926,False,False,frozen full development sequence; preceding purge observations retained
observed_research,tektoncd/pipeline,2026-05-18,holdout,holdout,causal_rolling_mad,rerun_rate,rerun_rate,primary,13.0,3.0,2.0,True,False,-0.9502330949813484,frozen component scaled-MAD score,,,782,759,99,717,762,19,False,False,0,8.0,0.2924300599812926,False,False,frozen full development sequence; preceding purge observations retained
observed_research,tektoncd/pipeline,2026-05-18,holdout,holdout,causal_rolling_mad,union,composite,primary,13.0,3.0,2.0,True,False,-0.0257517170316322,maximum of three frozen component scaled-MAD scores,,,782,759,99,717,762,19,False,False,0,8.0,0.2924300599812926,False,False,frozen full development sequence; preceding purge observations retained
observed_research,tektoncd/pipeline,2026-05-18,holdout,holdout,causal_rolling_mad,two_of_three,composite,primary,13.0,3.0,2.0,True,False,-0.2488836643522084,second-highest of three frozen component scaled-MAD scores,,,782,759,99,717,762,19,False,False,0,8.0,0.2924300599812926,False,False,frozen full development sequence; preceding purge observations retained
observed_research,tektoncd/pipeline,2026-05-18,holdout,holdout,mewma,mewma,composite,primary,,,,True,True,3.8494628992030293,raw mewma_stat divided by frozen control limit,27.523793658096945,7.150034791553729,782,759,99,717,762,19,False,False,0,8.0,0.2924300599812926,False,False,frozen full development sequence; preceding purge observations retained
observed_research,tektoncd/pipeline,2026-05-25,holdout,holdout,causal_rolling_mad,latency_log,latency_log,primary,13.0,3.0,2.0,True,False,0.0422928107939549,frozen component scaled-MAD score,,,1187,1101,168,1057,1079,88,False,False,0,7.0,0.2291356303793767,False,False,frozen full development sequence; preceding purge observations retained
observed_research,tektoncd/pipeline,2026-05-25,holdout,holdout,causal_rolling_mad,failure_rate,failure_rate,primary,13.0,3.0,2.0,True,False,0.4802921794980737,frozen component scaled-MAD score,,,1187,1101,168,1057,1079,88,False,False,0,7.0,0.2291356303793767,False,False,frozen full development sequence; preceding purge observations retained
observed_research,tektoncd/pipeline,2026-05-25,holdout,holdout,causal_rolling_mad,rerun_rate,rerun_rate,primary,13.0,3.0,2.0,True,False,0.4679637698900657,frozen component scaled-MAD score,,,1187,1101,168,1057,1079,88,False,False,0,7.0,0.2291356303793767,False,False,frozen full development sequence; preceding purge observations retained
observed_research,tektoncd/pipeline,2026-05-25,holdout,holdout,causal_rolling_mad,union,composite,primary,13.0,3.0,2.0,True,False,0.4802921794980737,maximum of three frozen component scaled-MAD scores,,,1187,1101,168,1057,1079,88,False,False,0,7.0,0.2291356303793767,False,False,frozen full development sequence; preceding purge observations retained
observed_research,tektoncd/pipeline,2026-05-25,holdout,holdout,causal_rolling_mad,two_of_three,composite,primary,13.0,3.0,2.0,True,False,0.4679637698900657,second-highest of three frozen component scaled-MAD scores,,,1187,1101,168,1057,1079,88,False,False,0,7.0,0.2291356303793767,False,False,frozen full development sequence; preceding purge observations retained
observed_research,tektoncd/pipeline,2026-05-25,holdout,holdout,mewma,mewma,composite,primary,,,,True,True,4.016151123552836,raw mewma_stat divided by frozen control limit,28.715620261540376,7.150034791553729,1187,1101,168,1057,1079,88,False,False,0,7.0,0.2291356303793767,False,False,frozen full development sequence; preceding purge observations retained
observed_research,tektoncd/pipeline,2026-06-01,holdout,holdout,causal_rolling_mad,latency_log,latency_log,primary,13.0,3.0,2.0,True,False,-0.9358855675050796,frozen component scaled-MAD score,,,995,917,134,900,872,100,False,False,0,7.0,0.2340213630968914,False,False,frozen full development sequence; preceding purge observations retained
observed_research,tektoncd/pipeline,2026-06-01,holdout,holdout,causal_rolling_mad,failure_rate,failure_rate,primary,13.0,3.0,2.0,True,False,0.3274708531143567,frozen component scaled-MAD score,,,995,917,134,900,872,100,False,False,0,7.0,0.2340213630968914,False,False,frozen full development sequence; preceding purge observations retained
observed_research,tektoncd/pipeline,2026-06-01,holdout,holdout,causal_rolling_mad,rerun_rate,rerun_rate,primary,13.0,3.0,2.0,True,False,0.5926256851129286,frozen component scaled-MAD score,,,995,917,134,900,872,100,False,False,0,7.0,0.2340213630968914,False,False,frozen full development sequence; preceding purge observations retained
observed_research,tektoncd/pipeline,2026-06-01,holdout,holdout,causal_rolling_mad,union,composite,primary,13.0,3.0,2.0,True,False,0.5926256851129286,maximum of three frozen component scaled-MAD scores,,,995,917,134,900,872,100,False,False,0,7.0,0.2340213630968914,False,False,frozen full development sequence; preceding purge observations retained
observed_research,tektoncd/pipeline,2026-06-01,holdout,holdout,causal_rolling_mad,two_of_three,composite,primary,13.0,3.0,2.0,True,False,0.3274708531143567,second-highest of three frozen component scaled-MAD scores,,,995,917,134,900,872,100,False,False,0,7.0,0.2340213630968914,False,False,frozen full development sequence; preceding purge observations retained
observed_research,tektoncd/pipeline,2026-06-01,holdout,holdout,mewma,mewma,composite,primary,,,,True,True,3.3250028701205148,raw mewma_stat divided by frozen control limit,23.773886203377685,7.150034791553729,995,917,134,900,872,100,False,False,0,7.0,0.2340213630968914,False,False,frozen full development sequence; preceding purge observations retained
observed_research,tektoncd/pipeline,2026-06-08,holdout,holdout,causal_rolling_mad,latency_log,latency_log,primary,13.0,3.0,2.0,True,False,-0.3824868679920657,frozen component scaled-MAD score,,,1352,1184,147,1124,1163,179,False,False,0,7.0,0.2287669374321627,False,False,frozen full development sequence; preceding purge observations retained
observed_research,tektoncd/pipeline,2026-06-08,holdout,holdout,causal_rolling_mad,failure_rate,failure_rate,primary,13.0,3.0,2.0,True,False,-0.3936353731952974,frozen component scaled-MAD score,,,1352,1184,147,1124,1163,179,False,False,0,7.0,0.2287669374321627,False,False,frozen full development sequence; preceding purge observations retained
observed_research,tektoncd/pipeline,2026-06-08,holdout,holdout,causal_rolling_mad,rerun_rate,rerun_rate,primary,13.0,3.0,2.0,True,False,1.3189088625485057,frozen component scaled-MAD score,,,1352,1184,147,1124,1163,179,False,False,0,7.0,0.2287669374321627,False,False,frozen full development sequence; preceding purge observations retained
observed_research,tektoncd/pipeline,2026-06-08,holdout,holdout,causal_rolling_mad,union,composite,primary,13.0,3.0,2.0,True,False,1.3189088625485057,maximum of three frozen component scaled-MAD scores,,,1352,1184,147,1124,1163,179,False,False,0,7.0,0.2287669374321627,False,False,frozen full development sequence; preceding purge observations retained
observed_research,tektoncd/pipeline,2026-06-08,holdout,holdout,causal_rolling_mad,two_of_three,composite,primary,13.0,3.0,2.0,True,False,-0.3824868679920657,second-highest of three frozen component scaled-MAD scores,,,1352,1184,147,1124,1163,179,False,False,0,7.0,0.2287669374321627,False,False,frozen full development sequence; preceding purge observations retained
observed_research,tektoncd/pipeline,2026-06-08,holdout,holdout,mewma,mewma,composite,primary,,,,True,True,3.1087694334972524,raw mewma_stat divided by frozen control limit,22.22780960842413,7.150034791553729,1352,1184,147,1124,1163,179,False,False,0,7.0,0.2287669374321627,False,False,frozen full development sequence; preceding purge observations retained
observed_research,tektoncd/pipeline,2026-06-15,holdout,holdout,causal_rolling_mad,latency_log,latency_log,primary,13.0,3.0,2.0,True,False,1.6584322366766178,frozen component scaled-MAD score,,,1033,954,87,922,946,84,False,False,0,7.0,0.253235672001117,False,False,frozen full development sequence; preceding purge observations retained
observed_research,tektoncd/pipeline,2026-06-15,holdout,holdout,causal_rolling_mad,failure_rate,failure_rate,primary,13.0,3.0,2.0,True,False,-1.0346325266739047,frozen component scaled-MAD score,,,1033,954,87,922,946,84,False,False,0,7.0,0.253235672001117,False,False,frozen full development sequence; preceding purge observations retained
observed_research,tektoncd/pipeline,2026-06-15,holdout,holdout,causal_rolling_mad,rerun_rate,rerun_rate,primary,13.0,3.0,2.0,True,False,0.1319346144584552,frozen component scaled-MAD score,,,1033,954,87,922,946,84,False,False,0,7.0,0.253235672001117,False,False,frozen full development sequence; preceding purge observations retained
observed_research,tektoncd/pipeline,2026-06-15,holdout,holdout,causal_rolling_mad,union,composite,primary,13.0,3.0,2.0,True,False,1.6584322366766178,maximum of three frozen component scaled-MAD scores,,,1033,954,87,922,946,84,False,False,0,7.0,0.253235672001117,False,False,frozen full development sequence; preceding purge observations retained
observed_research,tektoncd/pipeline,2026-06-15,holdout,holdout,causal_rolling_mad,two_of_three,composite,primary,13.0,3.0,2.0,True,False,0.1319346144584552,second-highest of three frozen component scaled-MAD scores,,,1033,954,87,922,946,84,False,False,0,7.0,0.253235672001117,False,False,frozen full development sequence; preceding purge observations retained
observed_research,tektoncd/pipeline,2026-06-15,holdout,holdout,mewma,mewma,composite,primary,,,,True,True,4.035682589654832,raw mewma_stat divided by frozen control limit,28.855270923699702,7.150034791553729,1033,954,87,922,946,84,False,False,0,7.0,0.253235672001117,False,False,frozen full development sequence; preceding purge observations retained
observed_research,tektoncd/pipeline,2026-06-22,holdout,holdout,causal_rolling_mad,latency_log,latency_log,primary,13.0,3.0,2.0,True,False,-0.5452544762923124,frozen component scaled-MAD score,,,736,649,91,631,631,85,False,False,0,7.0,0.2253034912570888,False,False,frozen full development sequence; preceding purge observations retained
observed_research,tektoncd/pipeline,2026-06-22,holdout,holdout,causal_rolling_mad,failure_rate,failure_rate,primary,13.0,3.0,2.0,True,False,-0.1113659474591777,frozen component scaled-MAD score,,,736,649,91,631,631,85,False,False,0,7.0,0.2253034912570888,False,False,frozen full development sequence; preceding purge observations retained
observed_research,tektoncd/pipeline,2026-06-22,holdout,holdout,causal_rolling_mad,rerun_rate,rerun_rate,primary,13.0,3.0,2.0,True,False,1.0823370235747132,frozen component scaled-MAD score,,,736,649,91,631,631,85,False,False,0,7.0,0.2253034912570888,False,False,frozen full development sequence; preceding purge observations retained
observed_research,tektoncd/pipeline,2026-06-22,holdout,holdout,causal_rolling_mad,union,composite,primary,13.0,3.0,2.0,True,False,1.0823370235747132,maximum of three frozen component scaled-MAD scores,,,736,649,91,631,631,85,False,False,0,7.0,0.2253034912570888,False,False,frozen full development sequence; preceding purge observations retained
observed_research,tektoncd/pipeline,2026-06-22,holdout,holdout,causal_rolling_mad,two_of_three,composite,primary,13.0,3.0,2.0,True,False,-0.1113659474591777,second-highest of three frozen component scaled-MAD scores,,,736,649,91,631,631,85,False,False,0,7.0,0.2253034912570888,False,False,frozen full development sequence; preceding purge observations retained
observed_research,tektoncd/pipeline,2026-06-22,holdout,holdout,mewma,mewma,composite,primary,,,,True,True,3.4767535955411435,raw mewma_stat divided by frozen control limit,24.8589091697787,7.150034791553729,736,649,91,631,631,85,False,False,0,7.0,0.2253034912570888,False,False,frozen full development sequence; preceding purge observations retained
observed_research,tektoncd/pipeline,2026-06-29,holdout,holdout,causal_rolling_mad,latency_log,latency_log,primary,13.0,3.0,2.0,True,False,0.0223338546388369,frozen component scaled-MAD score,,,723,659,57,646,660,60,False,False,0,7.0,0.2302971520615844,False,False,frozen full development sequence; preceding purge observations retained
observed_research,tektoncd/pipeline,2026-06-29,holdout,holdout,causal_rolling_mad,failure_rate,failure_rate,primary,13.0,3.0,2.0,True,False,-1.123158534110973,frozen component scaled-MAD score,,,723,659,57,646,660,60,False,False,0,7.0,0.2302971520615844,False,False,frozen full development sequence; preceding purge observations retained
observed_research,tektoncd/pipeline,2026-06-29,holdout,holdout,causal_rolling_mad,rerun_rate,rerun_rate,primary,13.0,3.0,2.0,True,False,0.1704720938847343,frozen component scaled-MAD score,,,723,659,57,646,660,60,False,False,0,7.0,0.2302971520615844,False,False,frozen full development sequence; preceding purge observations retained
observed_research,tektoncd/pipeline,2026-06-29,holdout,holdout,causal_rolling_mad,union,composite,primary,13.0,3.0,2.0,True,False,0.1704720938847343,maximum of three frozen component scaled-MAD scores,,,723,659,57,646,660,60,False,False,0,7.0,0.2302971520615844,False,False,frozen full development sequence; preceding purge observations retained
observed_research,tektoncd/pipeline,2026-06-29,holdout,holdout,causal_rolling_mad,two_of_three,composite,primary,13.0,3.0,2.0,True,False,0.0223338546388369,second-highest of three frozen component scaled-MAD scores,,,723,659,57,646,660,60,False,False,0,7.0,0.2302971520615844,False,False,frozen full development sequence; preceding purge observations retained
observed_research,tektoncd/pipeline,2026-06-29,holdout,holdout,mewma,mewma,composite,primary,,,,True,True,3.654003034870161,raw mewma_stat divided by frozen control limit,26.126248827764563,7.150034791553729,723,659,57,646,660,60,False,False,0,7.0,0.2302971520615844,False,False,frozen full development sequence; preceding purge observations retained
observed_research,tektoncd/pipeline,2026-07-06,holdout,holdout,causal_rolling_mad,latency_log,latency_log,primary,13.0,3.0,2.0,True,False,-1.1460863732336029,frozen component scaled-MAD score,,,879,714,63,714,746,132,False,False,0,7.0,0.2254669374263079,False,False,frozen full development sequence; preceding purge observations retained
observed_research,tektoncd/pipeline,2026-07-06,holdout,holdout,causal_rolling_mad,failure_rate,failure_rate,primary,13.0,3.0,2.0,True,False,-1.0903756274452672,frozen component scaled-MAD score,,,879,714,63,714,746,132,False,False,0,7.0,0.2254669374263079,False,False,frozen full development sequence; preceding purge observations retained
observed_research,tektoncd/pipeline,2026-07-06,holdout,holdout,causal_rolling_mad,rerun_rate,rerun_rate,primary,13.0,3.0,2.0,True,False,2.2255995873579475,frozen component scaled-MAD score,,,879,714,63,714,746,132,False,False,0,7.0,0.2254669374263079,False,False,frozen full development sequence; preceding purge observations retained
observed_research,tektoncd/pipeline,2026-07-06,holdout,holdout,causal_rolling_mad,union,composite,primary,13.0,3.0,2.0,True,False,2.2255995873579475,maximum of three frozen component scaled-MAD scores,,,879,714,63,714,746,132,False,False,0,7.0,0.2254669374263079,False,False,frozen full development sequence; preceding purge observations retained
observed_research,tektoncd/pipeline,2026-07-06,holdout,holdout,causal_rolling_mad,two_of_three,composite,primary,13.0,3.0,2.0,True,False,-1.0903756274452672,second-highest of three frozen component scaled-MAD scores,,,879,714,63,714,746,132,False,False,0,7.0,0.2254669374263079,False,False,frozen full development sequence; preceding purge observations retained
observed_research,tektoncd/pipeline,2026-07-06,holdout,holdout,mewma,mewma,composite,primary,,,,True,True,2.7999601205234192,raw mewma_stat divided by frozen control limit,20.01981227670542,7.150034791553729,879,714,63,714,746,132,False,False,0,7.0,0.2254669374263079,False,False,frozen full development sequence; preceding purge observations retained
observed_research,tektoncd/pipeline,2026-07-13,holdout,holdout,causal_rolling_mad,latency_log,latency_log,primary,13.0,3.0,2.0,True,False,-1.6850372772049518,frozen component scaled-MAD score,,,391,360,33,360,378,13,False,False,0,7.0,0.2323702749197087,False,False,frozen full development sequence; preceding purge observations retained
observed_research,tektoncd/pipeline,2026-07-13,holdout,holdout,causal_rolling_mad,failure_rate,failure_rate,primary,13.0,3.0,2.0,True,False,-0.784802822995201,frozen component scaled-MAD score,,,391,360,33,360,378,13,False,False,0,7.0,0.2323702749197087,False,False,frozen full development sequence; preceding purge observations retained
observed_research,tektoncd/pipeline,2026-07-13,holdout,holdout,causal_rolling_mad,rerun_rate,rerun_rate,primary,13.0,3.0,2.0,True,False,-1.3397784863094029,frozen component scaled-MAD score,,,391,360,33,360,378,13,False,False,0,7.0,0.2323702749197087,False,False,frozen full development sequence; preceding purge observations retained
observed_research,tektoncd/pipeline,2026-07-13,holdout,holdout,causal_rolling_mad,union,composite,primary,13.0,3.0,2.0,True,False,-0.784802822995201,maximum of three frozen component scaled-MAD scores,,,391,360,33,360,378,13,False,False,0,7.0,0.2323702749197087,False,False,frozen full development sequence; preceding purge observations retained
observed_research,tektoncd/pipeline,2026-07-13,holdout,holdout,causal_rolling_mad,two_of_three,composite,primary,13.0,3.0,2.0,True,False,-1.3397784863094029,second-highest of three frozen component scaled-MAD scores,,,391,360,33,360,378,13,False,False,0,7.0,0.2323702749197087,False,False,frozen full development sequence; preceding purge observations retained
observed_research,tektoncd/pipeline,2026-07-13,holdout,holdout,mewma,mewma,composite,primary,,,,True,True,1.8299587011992948,raw mewma_stat divided by frozen control limit,13.084268380681433,7.150034791553729,391,360,33,360,378,13,False,False,0,7.0,0.2323702749197087,False,False,frozen full development sequence; preceding purge observations retained
observed_research,tektoncd/pipeline,2026-07-20,holdout,holdout,causal_rolling_mad,latency_log,latency_log,primary,13.0,3.0,2.0,True,False,-1.228946018928423,frozen component scaled-MAD score,,,431,347,29,342,397,34,False,False,0,7.0,0.2975920672261669,False,False,frozen full development sequence; preceding purge observations retained
observed_research,tektoncd/pipeline,2026-07-20,holdout,holdout,causal_rolling_mad,failure_rate,failure_rate,primary,13.0,3.0,2.0,True,False,-0.9156303108254868,frozen component scaled-MAD score,,,431,347,29,342,397,34,False,False,0,7.0,0.2975920672261669,False,False,frozen full development sequence; preceding purge observations retained
observed_research,tektoncd/pipeline,2026-07-20,holdout,holdout,causal_rolling_mad,rerun_rate,rerun_rate,primary,13.0,3.0,2.0,True,False,-0.0473215151352399,frozen component scaled-MAD score,,,431,347,29,342,397,34,False,False,0,7.0,0.2975920672261669,False,False,frozen full development sequence; preceding purge observations retained
observed_research,tektoncd/pipeline,2026-07-20,holdout,holdout,causal_rolling_mad,union,composite,primary,13.0,3.0,2.0,True,False,-0.0473215151352399,maximum of three frozen component scaled-MAD scores,,,431,347,29,342,397,34,False,False,0,7.0,0.2975920672261669,False,False,frozen full development sequence; preceding purge observations retained
observed_research,tektoncd/pipeline,2026-07-20,holdout,holdout,causal_rolling_mad,two_of_three,composite,primary,13.0,3.0,2.0,True,False,-0.9156303108254868,second-highest of three frozen component scaled-MAD scores,,,431,347,29,342,397,34,False,False,0,7.0,0.2975920672261669,False,False,frozen full development sequence; preceding purge observations retained
observed_research,tektoncd/pipeline,2026-07-20,holdout,holdout,mewma,mewma,composite,primary,,,,True,True,1.2958141803251897,raw mewma_stat divided by frozen control limit,9.265116472713784,7.150034791553729,431,347,29,342,397,34,False,False,0,7.0,0.2975920672261669,False,False,frozen full development sequence; preceding purge observations retained
observed_research,tektoncd/pipeline,2026-07-27,holdout,holdout,causal_rolling_mad,latency_log,latency_log,primary,13.0,3.0,2.0,True,False,-1.1904146759598084,frozen component scaled-MAD score,,,1094,865,119,828,1029,52,False,False,0,7.0,0.230171886540846,False,False,frozen full development sequence; preceding purge observations retained
observed_research,tektoncd/pipeline,2026-07-27,holdout,holdout,causal_rolling_mad,failure_rate,failure_rate,primary,13.0,3.0,2.0,True,False,0.1241782998377316,frozen component scaled-MAD score,,,1094,865,119,828,1029,52,False,False,0,7.0,0.230171886540846,False,False,frozen full development sequence; preceding purge observations retained
observed_research,tektoncd/pipeline,2026-07-27,holdout,holdout,causal_rolling_mad,rerun_rate,rerun_rate,primary,13.0,3.0,2.0,True,False,-0.9660076460241616,frozen component scaled-MAD score,,,1094,865,119,828,1029,52,False,False,0,7.0,0.230171886540846,False,False,frozen full development sequence; preceding purge observations retained
observed_research,tektoncd/pipeline,2026-07-27,holdout,holdout,causal_rolling_mad,union,composite,primary,13.0,3.0,2.0,True,False,0.1241782998377316,maximum of three frozen component scaled-MAD scores,,,1094,865,119,828,1029,52,False,False,0,7.0,0.230171886540846,False,False,frozen full development sequence; preceding purge observations retained
observed_research,tektoncd/pipeline,2026-07-27,holdout,holdout,causal_rolling_mad,two_of_three,composite,primary,13.0,3.0,2.0,True,False,-0.9660076460241616,second-highest of three frozen component scaled-MAD scores,,,1094,865,119,828,1029,52,False,False,0,7.0,0.230171886540846,False,False,frozen full development sequence; preceding purge observations retained
observed_research,tektoncd/pipeline,2026-07-27,holdout,holdout,mewma,mewma,composite,primary,,,,True,False,0.9263330637945215,raw mewma_stat divided by frozen control limit,6.623313634697388,7.150034791553729,1094,865,119,828,1029,52,False,False,0,7.0,0.230171886540846,False,False,frozen full development sequence; preceding purge observations retained
observed_research,tektoncd/pipeline,2026-08-03,holdout,holdout,causal_rolling_mad,latency_log,latency_log,primary,13.0,3.0,2.0,True,False,-0.9532305685106758,frozen component scaled-MAD score,,,649,588,54,573,626,22,False,False,0,7.0,0.2884584794433061,False,False,frozen full development sequence; preceding purge observations retained
observed_research,tektoncd/pipeline,2026-08-03,holdout,holdout,causal_rolling_mad,failure_rate,failure_rate,primary,13.0,3.0,2.0,True,False,-0.8368028483681091,frozen component scaled-MAD score,,,649,588,54,573,626,22,False,False,0,7.0,0.2884584794433061,False,False,frozen full development sequence; preceding purge observations retained
observed_research,tektoncd/pipeline,2026-08-03,holdout,holdout,causal_rolling_mad,rerun_rate,rerun_rate,primary,13.0,3.0,2.0,True,False,-0.9458130057950878,frozen component scaled-MAD score,,,649,588,54,573,626,22,False,False,0,7.0,0.2884584794433061,False,False,frozen full development sequence; preceding purge observations retained
observed_research,tektoncd/pipeline,2026-08-03,holdout,holdout,causal_rolling_mad,union,composite,primary,13.0,3.0,2.0,True,False,-0.8368028483681091,maximum of three frozen component scaled-MAD scores,,,649,588,54,573,626,22,False,False,0,7.0,0.2884584794433061,False,False,frozen full development sequence; preceding purge observations retained
observed_research,tektoncd/pipeline,2026-08-03,holdout,holdout,causal_rolling_mad,two_of_three,composite,primary,13.0,3.0,2.0,True,False,-0.9458130057950878,second-highest of three frozen component scaled-MAD scores,,,649,588,54,573,626,22,False,False,0,7.0,0.2884584794433061,False,False,frozen full development sequence; preceding purge observations retained
observed_research,tektoncd/pipeline,2026-08-03,holdout,holdout,mewma,mewma,composite,primary,,,,True,False,0.6919910185977496,raw mewma_stat divided by frozen control limit,4.947759858416613,7.150034791553729,649,588,54,573,626,22,False,False,0,7.0,0.2884584794433061,False,False,frozen full development sequence; preceding purge observations retained
