repo_full,workflow_key,week,attempts_total,outcome_n,failure_count,failure_rate,latency_n,feedback_latency_median_min,feedback_latency_p90_min,queue_latency_median_min,execution_span_median_min,logical_run_n,rerun_count,rerun_rate,additional_attempt_count,failed_then_passed_count,failed_then_passed_rate_among_reruns,split,external_calibration,external_evaluation_eligible,latency_log_raw,workflow_training_latency_log_median,workflow_latency_residual
containerd/containerd,1294966,2025-06-23,56,56,0,0.0,56,3.933333333333333,4.3,0.058333333333333334,3.8666666666666667,56,0,0.0,0,0,,external,True,False,1.5960148921019597,1.66455721165518,-0.06854231955322021
containerd/containerd,1294966,2025-06-30,82,82,6,0.07317073170731707,82,4.0,4.215,0.05,3.95,82,0,0.0,0,0,,external,True,False,1.6094379124341003,1.66455721165518,-0.05511929922107961
containerd/containerd,1294966,2025-07-07,100,100,2,0.02,100,4.016666666666667,4.306666666666667,0.05,3.966666666666667,100,0,0.0,0,0,,external,True,False,1.612765702526775,1.66455721165518,-0.05179150912840491
containerd/containerd,1294966,2025-07-14,76,76,3,0.039473684210526314,76,4.058333333333334,4.324999999999999,0.05,4.008333333333333,76,0,0.0,0,0,,external,True,False,1.6210370482774523,1.66455721165518,-0.04352016337772757
containerd/containerd,1294966,2025-07-21,41,41,3,0.07317073170731707,41,4.05,4.3,0.05,3.9833333333333334,41,0,0.0,0,0,,external,True,False,1.6193882432872684,1.66455721165518,-0.04516896836791151
containerd/containerd,1294966,2025-07-28,100,100,2,0.02,100,4.116666666666666,4.501666666666667,0.05,4.041666666666666,100,0,0.0,0,0,,external,True,False,1.6325031853650964,1.66455721165518,-0.03205402629008347
containerd/containerd,1294966,2025-08-04,51,51,1,0.0196078431372549,51,4.333333333333333,4.483333333333333,0.05,4.266666666666667,51,0,0.0,0,0,,external,True,False,1.6739764335716716,1.66455721165518,0.009419221916491693
containerd/containerd,1294966,2025-08-11,48,48,1,0.020833333333333332,48,4.283333333333333,4.5,0.05,4.233333333333333,48,0,0.0,0,0,,external,True,False,1.66455721165518,1.66455721165518,0.0
containerd/containerd,1294966,2025-08-18,90,90,19,0.2111111111111111,90,4.475,6.098333333333349,0.05,4.3,90,0,0.0,0,0,,external,True,False,1.7001922757025645,1.66455721165518,0.03563506404738459
containerd/containerd,1294966,2025-08-25,230,230,9,0.0391304347826087,230,4.666666666666667,4.968333333333334,0.05,4.616666666666666,230,0,0.0,0,0,,external,True,False,1.7346010553881064,1.66455721165518,0.07004384373292649
containerd/containerd,1294966,2025-09-01,138,138,9,0.06521739130434782,138,4.658333333333333,5.121666666666666,0.05,4.6083333333333325,138,0,0.0,0,0,,external,True,False,1.73312938477665,1.66455721165518,0.06857217312147013
containerd/containerd,1294966,2025-09-08,75,75,2,0.02666666666666667,75,4.7,5.1433333333333335,0.05,4.616666666666666,75,0,0.0,0,0,,external,True,False,1.7404661748405046,1.66455721165518,0.0759089631853247
containerd/containerd,1294966,2025-09-15,62,62,2,0.03225806451612903,62,4.725,4.948333333333333,0.05,4.666666666666667,62,0,0.0,0,0,,external,True,False,1.7448425494403033,1.66455721165518,0.08028533778512337
containerd/containerd,1294966,2025-09-22,67,67,0,0.0,67,4.65,4.866666666666666,0.05,4.583333333333333,67,0,0.0,0,0,,external,False,True,1.7316555451583497,1.66455721165518,0.06709833350316985
containerd/containerd,1294966,2025-09-29,35,35,0,0.0,35,4.6,4.87,0.05,4.55,35,0,0.0,0,0,,external,False,True,1.7227665977411035,1.66455721165518,0.05820938608592363
containerd/containerd,1294966,2025-10-06,58,58,1,0.017241379310344827,58,4.658333333333333,5.23,0.05,4.591666666666667,58,0,0.0,0,0,,external,False,True,1.73312938477665,1.66455721165518,0.06857217312147013
containerd/containerd,1294966,2025-10-13,61,61,0,0.0,61,4.6,4.95,0.05,4.55,61,0,0.0,0,0,,external,False,True,1.7227665977411035,1.66455721165518,0.05820938608592363
containerd/containerd,1294966,2025-10-20,85,85,7,0.08235294117647059,85,4.666666666666667,4.859999999999999,0.13333333333333333,4.516666666666667,85,0,0.0,0,0,,external,False,True,1.7346010553881064,1.66455721165518,0.07004384373292649
containerd/containerd,1294966,2025-10-27,84,84,1,0.011904761904761904,84,4.583333333333333,5.086666666666667,0.05,4.525,84,0,0.0,0,0,,external,False,True,1.7197859696029656,1.66455721165518,0.0552287579477857
containerd/containerd,1294966,2025-11-03,103,103,4,0.038834951456310676,103,4.683333333333334,4.983333333333333,0.05,4.633333333333334,103,0,0.0,0,0,,external,False,True,1.737537915061416,1.66455721165518,0.07298070340623619
containerd/containerd,1294966,2025-11-10,59,59,0,0.0,59,4.516666666666667,4.816666666666666,0.05,4.466666666666667,59,0,0.0,0,0,,external,False,True,1.7077738131549622,1.66455721165518,0.04321660149978235
containerd/containerd,1294966,2025-11-17,105,104,5,0.04807692307692308,104,4.525,4.711666666666667,0.05,4.466666666666667,105,0,0.0,0,0,,external,False,True,1.7092832474038167,1.66455721165518,0.04472603574863676
containerd/containerd,1294966,2025-11-24,111,111,6,0.05405405405405406,111,4.6,4.85,0.05,4.55,111,0,0.0,0,0,,external,False,True,1.7227665977411035,1.66455721165518,0.05820938608592363
containerd/containerd,1294966,2025-12-01,110,110,9,0.08181818181818182,110,4.55,4.751666666666667,0.05,4.5,109,1,0.009174311926605505,1,0,0.0,external,False,True,1.713797927758343,1.66455721165518,0.04924071610316316
containerd/containerd,1294966,2025-12-08,111,111,2,0.018018018018018018,111,4.566666666666666,4.8,0.05,4.533333333333333,111,0,0.0,0,0,,external,False,True,1.7167964307545998,1.66455721165518,0.052239219099419865
containerd/containerd,1294966,2025-12-15,120,120,0,0.0,120,4.55,4.785,0.03333333333333333,4.5,120,0,0.0,0,0,,external,False,True,1.713797927758343,1.66455721165518,0.04924071610316316
containerd/containerd,1294966,2025-12-22,37,37,0,0.0,37,4.466666666666667,4.623333333333333,0.05,4.433333333333334,37,0,0.0,0,0,,external,False,True,1.698669046162043,1.66455721165518,0.03411183450686317
containerd/containerd,1294966,2025-12-29,53,53,4,0.07547169811320754,53,4.516666666666667,4.71,0.05,4.466666666666667,53,0,0.0,0,0,,external,False,True,1.7077738131549622,1.66455721165518,0.04321660149978235
containerd/containerd,1294966,2026-01-05,155,155,1,0.0064516129032258064,155,4.533333333333333,4.75,0.05,4.483333333333333,155,0,0.0,0,0,,external,False,True,1.7107904066943878,1.66455721165518,0.046233195039207864
containerd/containerd,1294966,2026-01-12,73,73,3,0.0410958904109589,73,4.566666666666666,4.76,0.05,4.5,73,0,0.0,0,0,,external,False,True,1.7167964307545998,1.66455721165518,0.052239219099419865
containerd/containerd,1294966,2026-01-19,67,67,1,0.014925373134328358,67,4.55,4.680000000000001,0.05,4.5,67,0,0.0,0,0,,external,False,True,1.713797927758343,1.66455721165518,0.04924071610316316
containerd/containerd,1294966,2026-01-26,97,96,3,0.03125,96,4.558333333333334,4.791666666666666,0.05,4.5,97,0,0.0,0,0,,external,False,True,1.7152983031335778,1.66455721165518,0.05074109147839789
containerd/containerd,1294966,2026-02-02,112,112,5,0.044642857142857144,112,4.516666666666667,4.816666666666666,0.05,4.45,112,0,0.0,0,0,,external,False,True,1.7077738131549622,1.66455721165518,0.04321660149978235
containerd/containerd,1294966,2026-02-09,85,85,1,0.011764705882352941,85,4.533333333333333,4.76,0.05,4.483333333333333,85,0,0.0,0,0,,external,False,True,1.7107904066943878,1.66455721165518,0.046233195039207864
containerd/containerd,1294966,2026-02-16,113,113,2,0.017699115044247787,113,4.466666666666667,4.696666666666667,0.05,4.416666666666667,113,0,0.0,0,0,,external,False,True,1.698669046162043,1.66455721165518,0.03411183450686317
containerd/containerd,1294966,2026-02-23,80,80,0,0.0,80,4.558333333333334,4.766666666666667,0.05,4.516666666666667,80,0,0.0,0,0,,external,False,True,1.7152983031335778,1.66455721165518,0.05074109147839789
containerd/containerd,1294966,2026-03-02,123,123,0,0.0,123,4.533333333333333,5.076666666666666,0.05,4.45,123,0,0.0,0,0,,external,False,True,1.7107904066943878,1.66455721165518,0.046233195039207864
containerd/containerd,1294966,2026-03-09,97,97,1,0.010309278350515464,97,4.616666666666666,5.016666666666667,0.05,4.55,97,0,0.0,0,0,,external,False,True,1.725738368130261,1.66455721165518,0.061181156475081044
containerd/containerd,1294966,2026-03-16,195,195,3,0.015384615384615385,195,4.6,5.076666666666666,0.05,4.516666666666667,194,1,0.005154639175257732,1,0,0.0,external,False,True,1.7227665977411035,1.66455721165518,0.05820938608592363
containerd/containerd,1294966,2026-03-23,102,102,1,0.00980392156862745,102,4.533333333333333,4.715,0.05,4.483333333333333,102,0,0.0,0,0,,external,False,True,1.7107904066943878,1.66455721165518,0.046233195039207864
containerd/containerd,1294966,2026-03-30,107,107,3,0.028037383177570093,107,4.583333333333333,4.816666666666666,0.05,4.516666666666667,107,0,0.0,0,0,,external,False,True,1.7197859696029656,1.66455721165518,0.0552287579477857
containerd/containerd,1294966,2026-04-06,147,147,5,0.034013605442176874,147,4.466666666666667,4.816666666666666,0.05,4.416666666666667,147,0,0.0,0,0,,external,False,True,1.698669046162043,1.66455721165518,0.03411183450686317
containerd/containerd,1294966,2026-04-13,92,92,3,0.03260869565217391,92,4.525,4.931666666666667,0.05,4.466666666666667,92,0,0.0,0,0,,external,False,True,1.7092832474038167,1.66455721165518,0.04472603574863676
containerd/containerd,1294966,2026-04-20,128,128,2,0.015625,128,4.55,4.931666666666667,0.05,4.483333333333333,128,0,0.0,0,0,,external,False,True,1.713797927758343,1.66455721165518,0.04924071610316316
containerd/containerd,1294966,2026-04-27,202,202,8,0.039603960396039604,202,4.566666666666666,4.866666666666666,0.05,4.491666666666667,202,0,0.0,0,0,,external,False,True,1.7167964307545998,1.66455721165518,0.052239219099419865
containerd/containerd,1294966,2026-05-04,56,56,0,0.0,56,4.65,5.033333333333333,0.13333333333333333,4.516666666666667,56,0,0.0,0,0,,external,False,True,1.7316555451583497,1.66455721165518,0.06709833350316985
containerd/containerd,1294966,2026-05-11,88,86,0,0.0,86,4.558333333333334,4.925000000000001,0.05,4.466666666666667,86,2,0.023255813953488372,2,0,0.0,external,False,True,1.7152983031335778,1.66455721165518,0.05074109147839789
containerd/containerd,1294966,2026-05-18,129,129,3,0.023255813953488372,129,4.6,5.466666666666667,0.05,4.483333333333333,129,0,0.0,0,0,,external,False,True,1.7227665977411035,1.66455721165518,0.05820938608592363
containerd/containerd,1294966,2026-05-25,112,112,3,0.026785714285714284,112,4.483333333333333,4.665,0.03333333333333333,4.45,112,0,0.0,0,0,,external,False,True,1.7017131885432712,1.66455721165518,0.03715597688809136
containerd/containerd,1294966,2026-06-01,96,96,1,0.010416666666666666,96,4.441666666666666,4.683333333333334,0.05,4.3916666666666675,96,0,0.0,0,0,,external,False,True,1.694085386494385,1.66455721165518,0.029528174839205112
containerd/containerd,1294966,2026-06-08,120,120,2,0.016666666666666666,120,4.3916666666666675,4.703333333333334,0.05,4.341666666666667,120,0,0.0,0,0,,external,False,True,1.6848545517188547,1.66455721165518,0.020297340063674785
containerd/containerd,1294966,2026-06-15,100,100,3,0.03,100,3.683333333333333,4.516666666666667,0.05,3.525,100,0,0.0,0,0,,external,False,True,1.5440101071116452,1.66455721165518,-0.12054710454353468
containerd/containerd,1294966,2026-06-22,144,144,2,0.013888888888888888,144,3.575,4.461666666666667,0.05,3.5083333333333333,144,0,0.0,0,0,,external,False,True,1.5206066987274847,1.66455721165518,-0.14395051292769523
containerd/containerd,1294966,2026-06-29,100,100,3,0.03,100,3.425,4.335,0.05,3.3833333333333333,100,0,0.0,0,0,,external,False,True,1.4872702784598928,1.66455721165518,-0.1772869331952871
containerd/containerd,1294966,2026-07-06,126,125,6,0.048,125,3.9,4.873333333333334,0.05,3.6666666666666665,124,2,0.016129032258064516,2,0,0.0,external,False,True,1.589235205116581,1.66455721165518,-0.07532200653859888
containerd/containerd,1294966,2026-07-13,100,96,7,0.07291666666666667,96,3.675,4.6416666666666675,0.05,3.55,94,5,0.05319148936170213,6,1,0.2,external,False,True,1.5422291627406504,1.66455721165518,-0.12232804891452953
containerd/containerd,1294966,2026-07-20,120,119,3,0.025210084033613446,119,3.716666666666667,5.17,0.05,3.5833333333333335,120,0,0.0,0,0,,external,False,True,1.551102335421137,1.66455721165518,-0.11345487623404282
containerd/containerd,1294966,2026-07-27,80,80,1,0.0125,80,3.716666666666667,4.756666666666667,0.05,3.55,80,0,0.0,0,0,,external,False,True,1.551102335421137,1.66455721165518,-0.11345487623404282
containerd/containerd,1294966,2026-08-03,71,70,1,0.014285714285714285,70,3.7,4.9350000000000005,0.13333333333333333,3.5666666666666664,71,0,0.0,0,0,,external,False,True,1.547562508716013,1.66455721165518,-0.11699470293916692
containerd/containerd,1412342,2025-06-23,56,56,0,0.0,56,3.2666666666666666,3.5166666666666666,0.0,3.2583333333333333,56,0,0.0,0,0,,external,True,False,1.4508328822574619,1.4663370687934272,-0.015504186535965303
containerd/containerd,1412342,2025-06-30,83,83,9,0.10843373493975904,83,3.3333333333333335,5.693333333333333,0.0,3.3333333333333335,82,1,0.012195121951219513,1,1,1.0,external,True,False,1.4663370687934272,1.4663370687934272,0.0
containerd/containerd,1412342,2025-07-07,102,102,6,0.058823529411764705,102,3.2916666666666665,3.5166666666666666,0.0,3.283333333333333,100,1,0.01,2,1,1.0,external,True,False,1.45667515788169,1.4663370687934272,-0.00966191091173707
containerd/containerd,1412342,2025-07-14,76,76,3,0.039473684210526314,76,3.4166666666666665,6.733333333333333,0.016666666666666666,3.4166666666666665,76,0,0.0,0,0,,external,True,False,1.4853852637641214,1.4663370687934272,0.01904819497069421
containerd/containerd,1412342,2025-07-21,41,41,3,0.07317073170731707,41,3.2666666666666666,3.4833333333333334,0.0,3.2666666666666666,41,0,0.0,0,0,,external,True,False,1.4508328822574619,1.4663370687934272,-0.015504186535965303
containerd/containerd,1412342,2025-07-28,100,100,2,0.02,100,3.316666666666667,3.6333333333333333,0.008333333333333333,3.316666666666667,100,0,0.0,0,0,,external,True,False,1.462483499477437,1.4663370687934272,-0.003853569315990235
containerd/containerd,1412342,2025-08-04,51,51,1,0.0196078431372549,51,3.316666666666667,3.533333333333333,0.016666666666666666,3.3,51,0,0.0,0,0,,external,True,False,1.462483499477437,1.4663370687934272,-0.003853569315990235
containerd/containerd,1412342,2025-08-11,48,48,1,0.020833333333333332,48,3.2416666666666667,3.4383333333333335,0.016666666666666666,3.2333333333333334,48,0,0.0,0,0,,external,True,False,1.444956273768477,1.4663370687934272,-0.021380795024950272
containerd/containerd,1412342,2025-08-18,90,90,25,0.2777777777777778,90,3.3333333333333335,8.590000000000002,0.016666666666666666,3.325,90,0,0.0,0,0,,external,True,False,1.4663370687934272,1.4663370687934272,0.0
containerd/containerd,1412342,2025-08-25,230,230,10,0.043478260869565216,230,3.4,3.5349999999999997,0.0,3.4,230,0,0.0,0,0,,external,True,False,1.4816045409242156,1.4663370687934272,0.015267472130788384
containerd/containerd,1412342,2025-09-01,138,138,13,0.09420289855072464,138,3.45,3.6983333333333333,0.0,3.45,138,0,0.0,0,0,,external,True,False,1.4929040961781488,1.4663370687934272,0.02656702738472161
containerd/containerd,1412342,2025-09-08,75,75,4,0.05333333333333334,75,3.466666666666667,3.6100000000000003,0.016666666666666666,3.45,75,0,0.0,0,0,,external,True,False,1.496642418288756,1.4663370687934272,0.030305349495328926
containerd/containerd,1412342,2025-09-15,62,62,2,0.03225806451612903,62,3.433333333333333,3.6333333333333333,0.0,3.425,62,0,0.0,0,0,,external,True,False,1.4891517465595985,1.4663370687934272,0.0228146777661713
containerd/containerd,1412342,2025-09-22,67,67,4,0.05970149253731343,67,3.433333333333333,3.6333333333333333,0.016666666666666666,3.433333333333333,67,0,0.0,0,0,,external,False,True,1.4891517465595985,1.4663370687934272,0.0228146777661713
containerd/containerd,1412342,2025-09-29,35,35,0,0.0,35,3.4,3.61,0.016666666666666666,3.4,35,0,0.0,0,0,,external,False,True,1.4816045409242156,1.4663370687934272,0.015267472130788384
containerd/containerd,1412342,2025-10-06,58,58,1,0.017241379310344827,58,3.45,4.276666666666669,0.016666666666666666,3.433333333333333,58,0,0.0,0,0,,external,False,True,1.4929040961781488,1.4663370687934272,0.02656702738472161
containerd/containerd,1412342,2025-10-13,61,61,3,0.04918032786885246,61,3.3833333333333333,3.566666666666667,0.0,3.3666666666666667,61,0,0.0,0,0,,external,False,True,1.4778094699556639,1.4663370687934272,0.01147240116223669
containerd/containerd,1412342,2025-10-20,85,85,9,0.10588235294117647,85,3.4833333333333334,3.6333333333333333,0.0,3.466666666666667,85,0,0.0,0,0,,external,False,True,1.5003668173797384,1.4663370687934272,0.03402974858631125
containerd/containerd,1412342,2025-10-27,96,89,14,0.15730337078651685,89,3.433333333333333,7.0633333333333335,0.016666666666666666,3.45,84,9,0.10714285714285714,12,7,0.7777777777777778,external,False,True,1.4891517465595985,1.4663370687934272,0.0228146777661713
containerd/containerd,1412342,2025-11-03,106,106,10,0.09433962264150944,106,3.4,5.075,0.016666666666666666,3.3833333333333333,103,3,0.02912621359223301,3,3,1.0,external,False,True,1.4816045409242156,1.4663370687934272,0.015267472130788384
containerd/containerd,1412342,2025-11-10,59,59,2,0.03389830508474576,59,3.4166666666666665,3.5900000000000003,0.016666666666666666,3.4166666666666665,59,0,0.0,0,0,,external,False,True,1.4853852637641214,1.4663370687934272,0.01904819497069421
containerd/containerd,1412342,2025-11-17,105,105,7,0.06666666666666667,105,3.433333333333333,4.756666666666667,0.016666666666666666,3.4166666666666665,105,0,0.0,0,0,,external,False,True,1.4891517465595985,1.4663370687934272,0.0228146777661713
containerd/containerd,1412342,2025-11-24,111,110,10,0.09090909090909091,110,3.4583333333333335,6.943333333333334,0.016666666666666666,3.433333333333333,111,0,0.0,0,0,,external,False,True,1.4947750041139607,1.4663370687934272,0.028437935320533514
containerd/containerd,1412342,2025-12-01,111,111,13,0.11711711711711711,111,3.433333333333333,3.683333333333333,0.016666666666666666,3.433333333333333,109,1,0.009174311926605505,2,0,0.0,external,False,True,1.4891517465595985,1.4663370687934272,0.0228146777661713
containerd/containerd,1412342,2025-12-08,111,111,3,0.02702702702702703,111,3.4833333333333334,6.966666666666667,0.016666666666666666,3.466666666666667,111,0,0.0,0,0,,external,False,True,1.5003668173797384,1.4663370687934272,0.03402974858631125
containerd/containerd,1412342,2025-12-15,120,120,3,0.025,120,3.45,3.8916666666666675,0.0,3.433333333333333,120,0,0.0,0,0,,external,False,True,1.4929040961781488,1.4663370687934272,0.02656702738472161
containerd/containerd,1412342,2025-12-22,37,37,0,0.0,37,3.4166666666666665,3.54,0.016666666666666666,3.4,37,0,0.0,0,0,,external,False,True,1.4853852637641214,1.4663370687934272,0.01904819497069421
containerd/containerd,1412342,2025-12-29,53,53,4,0.07547169811320754,53,3.3833333333333333,3.55,0.016666666666666666,3.3666666666666667,53,0,0.0,0,0,,external,False,True,1.4778094699556639,1.4663370687934272,0.01147240116223669
containerd/containerd,1412342,2026-01-05,159,159,11,0.06918238993710692,159,3.4166666666666665,3.566666666666667,0.016666666666666666,3.4,155,3,0.01935483870967742,4,2,0.6666666666666666,external,False,True,1.4853852637641214,1.4663370687934272,0.01904819497069421
containerd/containerd,1412342,2026-01-12,73,73,6,0.0821917808219178,73,3.4833333333333334,3.716666666666667,0.016666666666666666,3.466666666666667,73,0,0.0,0,0,,external,False,True,1.5003668173797384,1.4663370687934272,0.03402974858631125
containerd/containerd,1412342,2026-01-19,67,66,2,0.030303030303030304,66,3.625,15.083333333333332,0.016666666666666666,3.6083333333333334,67,0,0.0,0,0,,external,False,True,1.5314763709643886,1.4663370687934272,0.06513930217096142
containerd/containerd,1412342,2026-01-26,98,96,7,0.07291666666666667,96,3.8,17.391666666666666,0.016666666666666666,3.775,97,1,0.010309278350515464,1,0,0.0,external,False,True,1.5686159179138452,1.4663370687934272,0.10227884912041807
containerd/containerd,1412342,2026-02-02,114,114,8,0.07017543859649122,114,3.5083333333333333,4.511666666666667,0.016666666666666666,3.5,112,2,0.017857142857142856,2,2,1.0,external,False,True,1.5059275360644355,1.4663370687934272,0.039590467271008345
containerd/containerd,1412342,2026-02-09,86,86,7,0.08139534883720931,86,3.533333333333333,4.058333333333334,0.016666666666666666,3.5,85,1,0.011764705882352941,1,1,1.0,external,False,True,1.5114575040738967,1.4663370687934272,0.045120435280469495
containerd/containerd,1412342,2026-02-16,114,114,3,0.02631578947368421,114,3.4166666666666665,3.7233333333333336,0.016666666666666666,3.408333333333333,113,1,0.008849557522123894,1,1,1.0,external,False,True,1.4853852637641214,1.4663370687934272,0.01904819497069421
containerd/containerd,1412342,2026-02-23,81,80,0,0.0,80,3.533333333333333,3.818333333333334,0.016666666666666666,3.533333333333333,80,1,0.0125,1,0,0.0,external,False,True,1.5114575040738967,1.4663370687934272,0.045120435280469495
containerd/containerd,1412342,2026-03-02,124,124,4,0.03225806451612903,124,3.5583333333333336,5.041666666666667,0.016666666666666666,3.533333333333333,123,1,0.008130081300813009,1,1,1.0,external,False,True,1.5169570596399353,1.4663370687934272,0.050619990846508145
containerd/containerd,1412342,2026-03-09,97,97,1,0.010309278350515464,97,3.5166666666666666,4.413333333333334,0.016666666666666666,3.5,97,0,0.0,0,0,,external,False,True,1.5077742586576002,1.4663370687934272,0.041437189864172996
containerd/containerd,1412342,2026-03-16,195,195,4,0.020512820512820513,195,3.5833333333333335,4.836666666666666,0.016666666666666666,3.566666666666667,194,1,0.005154639175257732,1,0,0.0,external,False,True,1.5224265354444708,1.4663370687934272,0.05608946665104364
containerd/containerd,1412342,2026-03-23,102,100,4,0.04,100,3.5,3.861666666666669,0.016666666666666666,3.4916666666666667,102,0,0.0,0,0,,external,False,True,1.5040773967762742,1.4663370687934272,0.03774032798284699
containerd/containerd,1412342,2026-03-30,108,108,5,0.046296296296296294,108,3.4833333333333334,4.371666666666666,0.016666666666666666,3.466666666666667,107,1,0.009345794392523364,1,1,1.0,external,False,True,1.5003668173797384,1.4663370687934272,0.03402974858631125
containerd/containerd,1412342,2026-04-06,148,148,6,0.04054054054054054,148,3.3333333333333335,3.9383333333333335,0.016666666666666666,3.3333333333333335,147,1,0.006802721088435374,1,1,1.0,external,False,True,1.4663370687934272,1.4663370687934272,0.0
containerd/containerd,1412342,2026-04-13,93,93,6,0.06451612903225806,93,3.4,6.116666666666666,0.016666666666666666,3.4,92,1,0.010869565217391304,1,1,1.0,external,False,True,1.4816045409242156,1.4663370687934272,0.015267472130788384
containerd/containerd,1412342,2026-04-20,129,129,5,0.03875968992248062,129,3.4833333333333334,6.260000000000002,0.016666666666666666,3.466666666666667,128,1,0.0078125,1,1,1.0,external,False,True,1.5003668173797384,1.4663370687934272,0.03402974858631125
containerd/containerd,1412342,2026-04-27,202,202,8,0.039603960396039604,202,3.4166666666666665,3.9800000000000004,0.016666666666666666,3.4,202,0,0.0,0,0,,external,False,True,1.4853852637641214,1.4663370687934272,0.01904819497069421
containerd/containerd,1412342,2026-05-04,58,58,4,0.06896551724137931,58,3.4583333333333335,7.765000000000005,0.016666666666666666,3.45,56,2,0.03571428571428571,2,1,0.5,external,False,True,1.4947750041139607,1.4663370687934272,0.028437935320533514
containerd/containerd,1412342,2026-05-11,88,86,0,0.0,86,3.35,4.683333333333334,0.016666666666666666,3.3333333333333335,86,2,0.023255813953488372,2,0,0.0,external,False,True,1.4701758451005926,1.4663370687934272,0.003838776307165448
containerd/containerd,1412342,2026-05-18,129,129,4,0.031007751937984496,129,3.3,6.890000000000001,0.016666666666666666,3.2666666666666666,129,0,0.0,0,0,,external,False,True,1.4586150226995167,1.4663370687934272,-0.007722046093910473
containerd/containerd,1412342,2026-05-25,112,112,4,0.03571428571428571,112,3.175,3.495,0.016666666666666666,3.1666666666666665,112,0,0.0,0,0,,external,False,True,1.4291143583028187,1.4663370687934272,-0.037222710490608435
containerd/containerd,1412342,2026-06-01,98,98,5,0.05102040816326531,98,3.183333333333333,3.4466666666666663,0.016666666666666666,3.1666666666666665,96,2,0.020833333333333332,2,2,1.0,external,False,True,1.4311083769096833,1.4663370687934272,-0.03522869188374389
containerd/containerd,1412342,2026-06-08,121,121,8,0.06611570247933884,121,3.2,4.0,0.016666666666666666,3.183333333333333,120,1,0.008333333333333333,1,1,1.0,external,False,True,1.4350845252893227,1.4663370687934272,-0.031252543504104446
containerd/containerd,1412342,2026-06-15,100,100,5,0.05,100,3.2416666666666667,3.9183333333333334,0.016666666666666666,3.216666666666667,100,0,0.0,0,0,,external,False,True,1.444956273768477,1.4663370687934272,-0.021380795024950272
containerd/containerd,1412342,2026-06-22,144,144,5,0.034722222222222224,144,3.2,3.3833333333333333,0.016666666666666666,3.183333333333333,144,0,0.0,0,0,,external,False,True,1.4350845252893227,1.4663370687934272,-0.031252543504104446
containerd/containerd,1412342,2026-06-29,100,100,5,0.05,100,3.2083333333333335,3.4,0.016666666666666666,3.183333333333333,100,0,0.0,0,0,,external,False,True,1.437066686493314,1.4663370687934272,-0.02927038230011325
containerd/containerd,1412342,2026-07-06,129,127,6,0.047244094488188976,127,3.3833333333333333,5.193333333333336,0.016666666666666666,3.35,124,3,0.024193548387096774,5,2,0.6666666666666666,external,False,True,1.4778094699556639,1.4663370687934272,0.01147240116223669
containerd/containerd,1412342,2026-07-13,97,93,2,0.021505376344086023,93,3.5,5.669999999999999,0.016666666666666666,3.466666666666667,94,3,0.031914893617021274,3,0,0.0,external,False,True,1.5040773967762742,1.4663370687934272,0.03774032798284699
containerd/containerd,1412342,2026-07-20,120,119,2,0.01680672268907563,119,3.5,5.690000000000001,0.016666666666666666,3.466666666666667,120,0,0.0,0,0,,external,False,True,1.5040773967762742,1.4663370687934272,0.03774032798284699
containerd/containerd,1412342,2026-07-27,81,79,2,0.02531645569620253,79,3.5833333333333335,5.333333333333335,0.016666666666666666,3.566666666666667,80,1,0.0125,1,0,0.0,external,False,True,1.5224265354444708,1.4663370687934272,0.05608946665104364
containerd/containerd,1412342,2026-08-03,73,70,4,0.05714285714285714,70,3.566666666666667,4.665,0.016666666666666666,3.55,71,2,0.028169014084507043,2,1,0.5,external,False,True,1.5187835441659694,1.4663370687934272,0.05244647537254221
containerd/containerd,170754234,2025-06-23,18,18,14,0.7777777777777778,17,12.916666666666666,33.97666666666667,0.05,12.866666666666667,18,0,0.0,0,0,,external,True,False,2.6330871626287546,3.481240089335692,-0.8481529267069372
containerd/containerd,170754234,2025-06-30,65,65,7,0.1076923076923077,65,30.35,31.426666666666666,0.05,30.3,65,0,0.0,0,0,,external,True,False,3.4452142670789296,3.481240089335692,-0.03602582225676221
containerd/containerd,170754234,2025-07-07,124,119,2,0.01680672268907563,119,30.55,31.526666666666667,0.05,30.516666666666666,124,0,0.0,0,0,,external,True,False,3.4515735889872223,3.481240089335692,-0.029666500348469516
containerd/containerd,170754234,2025-07-14,57,57,3,0.05263157894736842,57,31.3,32.769999999999996,0.05,31.116666666666667,57,0,0.0,0,0,,external,True,False,3.475067230228611,3.481240089335692,-0.006172859107080875
containerd/containerd,170754234,2025-07-21,46,46,28,0.6086956521739131,46,31.525,32.88333333333333,0.05,31.466666666666665,41,3,0.07317073170731707,5,0,0.0,external,True,False,3.482009024398569,3.481240089335692,0.0007689350628772296
containerd/containerd,170754234,2025-07-28,108,108,51,0.4722222222222222,108,31.5,32.93833333333333,0.05,31.40833333333333,108,0,0.0,0,0,,external,True,False,3.481240089335692,3.481240089335692,0.0
containerd/containerd,170754234,2025-08-04,41,41,1,0.024390243902439025,41,31.533333333333335,32.86666666666667,0.05,31.483333333333334,41,0,0.0,0,0,,external,True,False,3.482265204750937,3.481240089335692,0.0010251154152451925
containerd/containerd,170754234,2025-08-11,58,58,1,0.017241379310344827,58,31.40833333333333,32.39333333333333,0.05,31.35,58,0,0.0,0,0,,external,True,False,3.478415591373701,3.481240089335692,-0.0028244979619906907
containerd/containerd,170754234,2025-08-18,115,115,25,0.21739130434782608,115,31.166666666666668,33.52666666666667,0.05,31.083333333333332,114,1,0.008771929824561403,1,1,1.0,external,True,False,3.4709307196768306,3.481240089335692,-0.0103093696588612
containerd/containerd,170754234,2025-08-25,242,240,11,0.04583333333333333,240,31.75,33.11833333333333,0.05,31.7,241,1,0.004149377593360996,1,0,0.0,external,True,False,3.488902962081261,3.481240089335692,0.007662872745568983
containerd/containerd,170754234,2025-09-01,164,162,13,0.08024691358024691,162,31.633333333333333,33.296666666666674,0.05,31.55,164,0,0.0,0,0,,external,True,False,3.485334260868355,3.481240089335692,0.004094171532663005
containerd/containerd,170754234,2025-09-08,86,86,1,0.011627906976744186,86,32.016666666666666,33.63333333333333,0.05,31.966666666666665,86,0,0.0,0,0,,external,True,False,3.4970124844764503,3.481240089335692,0.015772395140758455
containerd/containerd,170754234,2025-09-15,79,79,2,0.02531645569620253,79,32.45,33.68666666666667,0.05,32.36666666666667,79,0,0.0,0,0,,external,True,False,3.5100517865742376,3.481240089335692,0.028811697238545708
containerd/containerd,170754234,2025-09-22,65,65,0,0.0,65,32.35,34.33,0.05,32.3,65,0,0.0,0,0,,external,False,True,3.507057772361633,3.481240089335692,0.02581768302594112
containerd/containerd,183940976,2025-08-25,1,0,0,,0,,,,,1,0,0.0,0,0,,external,True,False,,3.119423745896541,
containerd/containerd,183940976,2025-09-01,1,0,0,,0,,,,,1,0,0.0,0,0,,external,True,False,,3.119423745896541,
containerd/containerd,183940976,2025-09-08,17,11,11,1.0,10,21.633333333333333,30.278333333333332,0.05,21.45,17,0,0.0,0,0,,external,True,False,3.119423745896541,3.119423745896541,0.0
containerd/containerd,183940976,2025-10-13,2,1,1,1.0,1,27.116666666666667,27.116666666666667,0.1,27.016666666666666,2,0,0.0,0,0,,external,False,True,3.336362520323868,3.119423745896541,0.216938774427327
containerd/containerd,183940976,2025-11-03,23,20,14,0.7,20,26.675,28.84666666666667,0.04166666666666667,26.75,21,2,0.09523809523809523,2,2,1.0,external,False,True,3.320529478594701,3.119423745896541,0.20110573269816
containerd/containerd,183940976,2025-11-10,12,8,4,0.5,8,26.225,27.19333333333333,0.05,26.183333333333334,12,0,0.0,0,0,,external,False,True,3.304135668819024,3.119423745896541,0.1847119229224834
containerd/containerd,183940976,2025-11-17,7,5,2,0.4,5,25.883333333333333,26.723333333333333,0.03333333333333333,26.333333333333332,6,1,0.16666666666666666,1,1,1.0,external,False,True,3.2915065159031083,3.119423745896541,0.17208277000656746
containerd/containerd,183940976,2025-12-01,1,1,0,0.0,1,26.383333333333333,26.383333333333333,0.03333333333333333,26.35,1,0,0.0,0,0,,external,False,True,3.3099345558151674,3.119423745896541,0.19051080991862657
containerd/containerd,223195081,2026-01-12,3,3,0,0.0,3,0.26666666666666666,0.27999999999999997,0.05,0.21666666666666667,3,0,0.0,0,0,,external,False,True,0.2363887780642304,,
containerd/containerd,223195081,2026-01-19,40,40,4,0.1,40,0.21666666666666667,0.26666666666666666,0.03333333333333333,0.18333333333333332,40,0,0.0,0,0,,external,False,True,0.19611487892629045,,
containerd/containerd,223195081,2026-01-26,10,10,0,0.0,10,0.25,0.2833333333333333,0.04166666666666667,0.20833333333333334,10,0,0.0,0,0,,external,False,True,0.22314355131420976,,
containerd/containerd,223195081,2026-02-02,9,9,0,0.0,9,0.23333333333333334,0.2866666666666667,0.03333333333333333,0.18333333333333332,9,0,0.0,0,0,,external,False,True,0.20972053098206905,,
containerd/containerd,223195081,2026-02-16,3,3,0,0.0,3,0.23333333333333334,0.23333333333333334,0.05,0.18333333333333332,3,0,0.0,0,0,,external,False,True,0.20972053098206905,,
containerd/containerd,223195081,2026-02-23,3,3,0,0.0,3,0.2,0.22666666666666668,0.03333333333333333,0.16666666666666666,3,0,0.0,0,0,,external,False,True,0.18232155679395465,,
containerd/containerd,223195081,2026-03-02,1,1,0,0.0,1,0.25,0.25,0.05,0.2,1,0,0.0,0,0,,external,False,True,0.22314355131420976,,
containerd/containerd,223195081,2026-03-09,2,2,0,0.0,2,1.0250000000000001,1.5383333333333333,0.85,0.175,2,0,0.0,0,0,,external,False,True,0.7055697005585025,,
containerd/containerd,223195081,2026-03-16,25,25,0,0.0,25,0.25,1.5500000000000005,0.05,0.2,25,0,0.0,0,0,,external,False,True,0.22314355131420976,,
containerd/containerd,223195081,2026-03-23,21,21,0,0.0,21,0.23333333333333334,0.25,0.03333333333333333,0.18333333333333332,21,0,0.0,0,0,,external,False,True,0.20972053098206905,,
containerd/containerd,223195081,2026-03-30,24,24,0,0.0,24,0.23333333333333334,0.295,0.05,0.18333333333333332,24,0,0.0,0,0,,external,False,True,0.20972053098206905,,
containerd/containerd,223195081,2026-04-06,34,34,6,0.17647058823529413,34,0.21666666666666667,0.2783333333333333,0.05,0.16666666666666666,34,0,0.0,0,0,,external,False,True,0.19611487892629045,,
containerd/containerd,223195081,2026-04-13,3,3,0,0.0,3,0.25,0.29,0.06666666666666667,0.18333333333333332,3,0,0.0,0,0,,external,False,True,0.22314355131420976,,
containerd/containerd,223195081,2026-04-20,8,8,0,0.0,8,0.225,0.29833333333333334,0.04166666666666667,0.18333333333333332,8,0,0.0,0,0,,external,False,True,0.20294084399669032,,
containerd/containerd,223195081,2026-04-27,18,18,0,0.0,18,0.25,0.7566666666666668,0.03333333333333333,0.19166666666666665,18,0,0.0,0,0,,external,False,True,0.22314355131420976,,
containerd/containerd,223195081,2026-05-04,7,7,0,0.0,7,0.25,0.38,0.05,0.18333333333333332,7,0,0.0,0,0,,external,False,True,0.22314355131420976,,
containerd/containerd,223195081,2026-05-18,21,21,0,0.0,21,0.25,0.85,0.05,0.18333333333333332,21,0,0.0,0,0,,external,False,True,0.22314355131420976,,
containerd/containerd,223195081,2026-06-29,5,5,0,0.0,5,0.23333333333333334,0.23333333333333334,0.03333333333333333,0.2,5,0,0.0,0,0,,external,False,True,0.20972053098206905,,
containerd/containerd,223195081,2026-07-20,4,4,0,0.0,4,1.0083333333333333,1.7850000000000001,0.775,0.25,4,0,0.0,0,0,,external,False,True,0.697305190708609,,
containerd/containerd,223195081,2026-07-27,1,1,0,0.0,1,0.38333333333333336,0.38333333333333336,0.15,0.23333333333333334,1,0,0.0,0,0,,external,False,True,0.3244960455744973,,
containerd/containerd,223195081,2026-08-03,4,3,1,0.3333333333333333,3,0.6333333333333333,18.42,0.06666666666666667,0.23333333333333334,4,0,0.0,0,0,,external,False,True,0.4906229164484712,,
containerd/containerd,248551100,2026-03-16,1,1,1,1.0,1,0.1,0.1,0.05,0.05,1,0,0.0,0,0,,external,False,True,0.09531017980432487,,
containerd/containerd,28263710,2025-06-23,57,57,2,0.03508771929824561,57,22.716666666666665,23.113333333333333,0.05,22.683333333333334,56,1,0.017857142857142856,1,1,1.0,external,True,False,3.166178035867752,3.164419639072142,0.0017583967956098512
containerd/containerd,28263710,2025-06-30,79,79,8,0.10126582278481013,79,22.683333333333334,23.1,0.05,22.633333333333333,78,1,0.01282051282051282,1,1,1.0,external,True,False,3.1647715658749997,3.164419639072142,0.00035192680285778266
containerd/containerd,28263710,2025-07-07,100,100,2,0.02,100,22.675,23.366666666666667,0.05,22.616666666666667,100,0,0.0,0,0,,external,True,False,3.164419639072142,3.164419639072142,0.0
containerd/containerd,28263710,2025-07-14,67,67,7,0.1044776119402985,67,22.366666666666667,22.950000000000003,0.05,22.333333333333332,66,1,0.015151515151515152,1,0,0.0,external,True,False,3.1513105053724346,3.164419639072142,-0.013109133699707343
containerd/containerd,28263710,2025-07-21,40,40,3,0.075,40,22.366666666666667,22.903333333333332,0.03333333333333333,22.316666666666666,40,0,0.0,0,0,,external,True,False,3.1513105053724346,3.164419639072142,-0.013109133699707343
containerd/containerd,28263710,2025-07-28,100,100,2,0.02,100,22.516666666666666,23.06833333333333,0.05,22.475,100,0,0.0,0,0,,external,True,False,3.157709389630713,3.164419639072142,-0.006710249441428839
containerd/containerd,28263710,2025-08-04,51,51,1,0.0196078431372549,51,22.583333333333332,23.266666666666666,0.05,22.533333333333335,51,0,0.0,0,0,,external,True,False,3.1605402478552374,3.164419639072142,-0.003879391216904615
containerd/containerd,28263710,2025-08-11,48,48,1,0.020833333333333332,48,22.466666666666665,22.96,0.05,22.433333333333334,48,0,0.0,0,0,,external,True,False,3.155580974495887,3.164419639072142,-0.008838664576254818
containerd/containerd,28263710,2025-08-18,90,90,21,0.23333333333333334,90,22.466666666666665,23.865000000000002,0.05,22.35,90,0,0.0,0,0,,external,True,False,3.155580974495887,3.164419639072142,-0.008838664576254818
containerd/containerd,28263710,2025-08-25,231,231,11,0.047619047619047616,231,23.183333333333334,23.916666666666668,0.03333333333333333,23.15,231,0,0.0,0,0,,external,True,False,3.185663690662087,3.164419639072142,0.021244051589945023
containerd/containerd,28263710,2025-09-01,138,138,11,0.07971014492753623,138,23.35,24.105,0.04166666666666667,23.3,138,0,0.0,0,0,,external,True,False,3.192531849528599,3.164419639072142,0.028112210456456843
containerd/containerd,28263710,2025-09-08,75,75,2,0.02666666666666667,75,23.3,24.283333333333335,0.05,23.2,75,0,0.0,0,0,,external,True,False,3.190476350346503,3.164419639072142,0.026056711274360822
containerd/containerd,28263710,2025-09-15,65,65,6,0.09230769230769231,65,22.933333333333334,23.656666666666666,0.05,22.9,62,1,0.016129032258064516,3,1,1.0,external,True,False,3.175272187386069,3.164419639072142,0.010852548313927013
containerd/containerd,28263710,2025-09-22,66,66,2,0.030303030303030304,66,22.608333333333334,23.5,0.05,22.541666666666664,66,0,0.0,0,0,,external,False,True,3.1615997570484704,3.164419639072142,-0.0028198820236715605
containerd/containerd,28263710,2025-09-29,35,35,1,0.02857142857142857,35,22.766666666666666,23.74,0.05,22.716666666666665,35,0,0.0,0,0,,external,False,True,3.1682840387521405,3.164419639072142,0.0038643996799985203
containerd/containerd,28263710,2025-10-06,58,58,8,0.13793103448275862,58,22.741666666666667,23.735,0.05,22.675,58,0,0.0,0,0,,external,False,True,3.167231591715862,3.164419639072142,0.0028119526437202502
containerd/containerd,28263710,2025-10-13,62,62,3,0.04838709677419355,62,22.966666666666665,23.759999999999998,0.03333333333333333,22.941666666666666,61,1,0.01639344262295082,1,1,1.0,external,False,True,3.176663976058891,3.164419639072142,0.012244336986749094
containerd/containerd,28263710,2025-10-20,85,85,9,0.10588235294117647,85,22.783333333333335,23.900000000000002,0.13333333333333333,22.683333333333334,85,0,0.0,0,0,,external,False,True,3.1689850552547356,3.164419639072142,0.004565416182593651
containerd/containerd,28263710,2025-10-27,88,88,8,0.09090909090909091,88,22.883333333333333,24.49,0.03333333333333333,22.866666666666667,84,3,0.03571428571428571,4,3,1.0,external,False,True,3.173180865606071,3.164419639072142,0.00876122653392919
containerd/containerd,28263710,2025-11-03,103,103,4,0.038834951456310676,103,22.833333333333332,23.866666666666667,0.05,22.783333333333335,103,0,0.0,0,0,,external,False,True,3.1710851610318525,3.164419639072142,0.006665521959710485
containerd/containerd,28263710,2025-11-10,59,59,0,0.0,59,22.883333333333333,24.12666666666667,0.05,22.816666666666666,59,0,0.0,0,0,,external,False,True,3.173180865606071,3.164419639072142,0.00876122653392919
containerd/containerd,28263710,2025-11-17,105,103,5,0.04854368932038835,103,22.75,24.26,0.05,22.7,105,0,0.0,0,0,,external,False,True,3.1675825304806504,3.164419639072142,0.0031628914085084503
containerd/containerd,28263710,2025-11-24,111,111,6,0.05405405405405406,111,22.65,24.966666666666665,0.05,22.583333333333332,111,0,0.0,0,0,,external,False,True,3.1633631149379418,3.164419639072142,-0.0010565241342002096
containerd/containerd,28263710,2025-12-01,112,112,67,0.5982142857142857,112,25.05,26.41166666666667,0.05,25.0,109,3,0.027522935779816515,3,0,0.0,external,False,True,3.260017768199376,3.164419639072142,0.09559812912723409
containerd/containerd,28263710,2025-12-08,112,112,8,0.07142857142857142,112,21.733333333333334,23.275000000000002,0.05,21.674999999999997,111,1,0.009009009009009009,1,0,0.0,external,False,True,3.123832276181307,3.164419639072142,-0.04058736289083509
containerd/containerd,28263710,2025-12-15,120,120,4,0.03333333333333333,119,21.65,22.453333333333333,0.03333333333333333,21.616666666666667,120,0,0.0,0,0,,external,False,True,3.120159851929043,3.164419639072142,-0.04425978714309897
containerd/containerd,28263710,2025-12-22,38,38,1,0.02631578947368421,38,21.65833333333333,22.323333333333334,0.03333333333333333,21.608333333333334,37,1,0.02702702702702703,1,1,1.0,external,False,True,3.1205277018504245,3.164419639072142,-0.04389193722171747
containerd/containerd,28263710,2025-12-29,53,53,4,0.07547169811320754,53,21.566666666666666,22.173333333333336,0.05,21.533333333333335,53,0,0.0,0,0,,external,False,True,3.1164738912501195,3.164419639072142,-0.04794574782202243
containerd/containerd,28263710,2026-01-05,155,155,3,0.01935483870967742,155,21.566666666666666,22.16,0.03333333333333333,21.533333333333335,155,0,0.0,0,0,,external,False,True,3.1164738912501195,3.164419639072142,-0.04794574782202243
containerd/containerd,28263710,2026-01-12,73,73,3,0.0410958904109589,73,21.75,22.413333333333334,0.03333333333333333,21.7,73,0,0.0,0,0,,external,False,True,3.1245651453969594,3.164419639072142,-0.03985449367518257
containerd/containerd,28263710,2026-01-19,67,65,9,0.13846153846153847,65,21.666666666666668,22.093333333333334,0.03333333333333333,21.6,67,0,0.0,0,0,,external,False,True,3.120895416507997,3.164419639072142,-0.04352422256414501
containerd/containerd,28263710,2026-01-26,97,95,3,0.031578947368421054,95,21.8,22.476666666666667,0.03333333333333333,21.766666666666666,97,0,0.0,0,0,,external,False,True,3.126760535960395,3.164419639072142,-0.037659103111746806
containerd/containerd,28263710,2026-02-02,112,112,7,0.0625,112,21.825,22.5,0.03333333333333333,21.766666666666666,112,0,0.0,0,0,,external,False,True,3.1278564264810322,3.164419639072142,-0.03656321259110973
containerd/containerd,28263710,2026-02-09,86,86,7,0.08139534883720931,86,21.708333333333332,22.68333333333333,0.05,21.641666666666666,85,1,0.011764705882352941,1,1,1.0,external,False,True,3.122731964315298,3.164419639072142,-0.04168767475684376
containerd/containerd,28263710,2026-02-16,114,114,14,0.12280701754385964,114,21.5,22.545,0.05,21.483333333333334,113,1,0.008849557522123894,1,1,1.0,external,False,True,3.1135153092103742,3.164419639072142,-0.05090432986176774
containerd/containerd,28263710,2026-02-23,84,84,21,0.25,84,21.708333333333332,23.27166666666667,0.05,21.7,80,4,0.05,4,4,1.0,external,False,True,3.122731964315298,3.164419639072142,-0.04168767475684376
containerd/containerd,28263710,2026-03-02,127,127,16,0.12598425196850394,127,21.916666666666668,22.936666666666667,0.05,21.866666666666667,123,4,0.032520325203252036,4,3,0.75,external,False,True,3.131864447878571,3.164419639072142,-0.03255519119357109
containerd/containerd,28263710,2026-03-09,102,102,18,0.17647058823529413,102,21.8,22.583333333333332,0.05,21.766666666666666,97,5,0.05154639175257732,5,4,0.8,external,False,True,3.126760535960395,3.164419639072142,-0.037659103111746806
containerd/containerd,28263710,2026-03-16,204,203,56,0.27586206896551724,203,21.7,23.063333333333333,0.05,21.716666666666665,194,9,0.04639175257731959,10,9,1.0,external,False,True,3.122364924487357,3.164419639072142,-0.042054714584784936
containerd/containerd,28263710,2026-03-23,104,104,10,0.09615384615384616,104,21.675,22.423333333333332,0.03333333333333333,21.65833333333333,102,2,0.0196078431372549,2,2,1.0,external,False,True,3.1212629960012004,3.164419639072142,-0.04315664307094158
containerd/containerd,28263710,2026-03-30,111,111,21,0.1891891891891892,111,21.333333333333332,22.283333333333335,0.03333333333333333,21.283333333333335,107,4,0.037383177570093455,4,4,1.0,external,False,True,3.106080330722856,3.164419639072142,-0.0583393083492858
containerd/containerd,28263710,2026-04-06,158,158,24,0.1518987341772152,158,20.375,21.455,0.04166666666666667,20.441666666666666,147,8,0.05442176870748299,11,8,1.0,external,False,True,3.062222014822824,3.164419639072142,-0.10219762424931789
containerd/containerd,28263710,2026-04-13,98,98,19,0.19387755102040816,98,20.625,21.60333333333333,0.05,20.55,92,5,0.05434782608695652,6,5,1.0,external,False,True,3.073850052817943,3.164419639072142,-0.09056958625419886
containerd/containerd,28263710,2026-04-20,133,133,21,0.15789473684210525,133,20.633333333333333,22.023333333333333,0.05,20.6,128,5,0.0390625,5,5,1.0,external,False,True,3.0742353350419345,3.164419639072142,-0.0901843040302075
containerd/containerd,28263710,2026-04-27,205,205,25,0.12195121951219512,205,20.916666666666668,21.919999999999998,0.05,20.85,202,3,0.01485148514851485,3,3,1.0,external,False,True,3.0872473823897644,3.164419639072142,-0.0771722566823776
containerd/containerd,28263710,2026-05-04,56,56,5,0.08928571428571429,56,20.983333333333334,22.191666666666666,0.06666666666666667,20.9,56,0,0.0,0,0,,external,False,True,3.090284590495214,3.164419639072142,-0.07413504857692788
containerd/containerd,28263710,2026-05-11,89,87,7,0.08045977011494253,87,20.866666666666667,21.803333333333335,0.05,20.783333333333335,86,3,0.03488372093023256,3,1,0.3333333333333333,external,False,True,3.0849634072819336,3.164419639072142,-0.07945623179020833
containerd/containerd,28263710,2026-05-18,132,132,20,0.15151515151515152,132,20.641666666666666,21.746666666666666,0.05,20.55,129,3,0.023255813953488372,3,3,1.0,external,False,True,3.0746204688807026,3.164419639072142,-0.08979917019143935
containerd/containerd,28263710,2026-05-25,118,118,12,0.1016949152542373,118,20.391666666666666,21.238333333333333,0.03333333333333333,20.40833333333333,112,4,0.03571428571428571,6,4,1.0,external,False,True,3.063001438089094,3.164419639072142,-0.10141820098304777
containerd/containerd,28263710,2026-06-01,98,98,13,0.1326530612244898,98,20.71666666666667,21.558333333333334,0.04166666666666667,20.75,96,2,0.020833333333333332,2,2,1.0,external,False,True,3.0780800149027443,3.164419639072142,-0.08633962416939767
containerd/containerd,28263710,2026-06-08,127,127,16,0.12598425196850394,127,20.516666666666666,21.740000000000002,0.03333333333333333,20.583333333333332,120,5,0.041666666666666664,7,5,1.0,external,False,True,3.0688278286245416,3.164419639072142,-0.09559181044760034
containerd/containerd,28263710,2026-06-15,104,104,15,0.14423076923076922,104,20.525,21.28,0.05,20.5,100,4,0.04,4,4,1.0,external,False,True,3.0692150503137943,3.164419639072142,-0.0952045887583477
containerd/containerd,28263710,2026-06-22,152,152,19,0.125,152,20.6,21.566666666666666,0.03333333333333333,20.6,144,8,0.05555555555555555,8,8,1.0,external,False,True,3.0726933146901194,3.164419639072142,-0.09172632438202255
containerd/containerd,28263710,2026-06-29,103,101,12,0.1188118811881188,101,25.683333333333334,25.866666666666667,0.03333333333333333,25.666666666666668,100,3,0.03,3,3,1.0,external,False,True,3.284039150774614,3.164419639072142,0.11961951170247209
containerd/containerd,28263710,2026-07-06,133,132,20,0.15151515151515152,132,25.65833333333333,26.23166666666667,0.03333333333333333,25.65,124,8,0.06451612903225806,9,7,0.875,external,False,True,3.283101797167472,3.164419639072142,0.11868215809532989
containerd/containerd,28263710,2026-07-13,97,93,3,0.03225806451612903,93,20.716666666666665,21.56,0.03333333333333333,20.566666666666666,94,3,0.031914893617021274,3,0,0.0,external,False,True,3.0780800149027443,3.164419639072142,-0.08633962416939767
containerd/containerd,28263710,2026-07-20,120,118,5,0.0423728813559322,118,20.941666666666666,22.461666666666666,0.05,20.85,120,0,0.0,0,0,,external,False,True,3.0883874167142635,3.164419639072142,-0.07603222235787843
containerd/containerd,28263710,2026-07-27,81,79,1,0.012658227848101266,79,21.333333333333332,23.473333333333333,0.05,21.266666666666666,80,1,0.0125,1,0,0.0,external,False,True,3.106080330722856,3.164419639072142,-0.0583393083492858
containerd/containerd,28263710,2026-08-03,71,70,2,0.02857142857142857,70,21.325,22.901666666666667,0.05,21.225,71,0,0.0,0,0,,external,False,True,3.105707126762563,3.164419639072142,-0.05871251230957908
containerd/containerd,289116224,2026-06-01,7,7,1,0.14285714285714285,6,0.36666666666666664,0.45833333333333337,0.05,0.32499999999999996,7,0,0.0,0,0,,external,False,True,0.3123746850421524,,
containerd/containerd,289116224,2026-06-15,1,1,0,0.0,1,0.5166666666666667,0.5166666666666667,0.06666666666666667,0.45,1,0,0.0,0,0,,external,False,True,0.4165149442947494,,
containerd/containerd,289116224,2026-06-22,1,1,0,0.0,1,0.36666666666666664,0.36666666666666664,0.05,0.31666666666666665,1,0,0.0,0,0,,external,False,True,0.3123746850421524,,
containerd/containerd,295201062,2026-06-08,6,6,6,1.0,6,2.2750000000000004,2.5166666666666666,0.016666666666666666,2.2666666666666666,6,0,0.0,0,0,,external,False,True,1.1863178690872154,,
containerd/containerd,295201062,2026-06-15,2,2,2,1.0,2,2.091666666666667,2.591666666666667,0.008333333333333333,2.0833333333333335,2,0,0.0,0,0,,external,False,True,1.1287103198253892,,
containerd/containerd,34966,2025-08-11,2,2,0,0.0,2,6.791666666666667,7.265000000000001,0.058333333333333334,6.733333333333333,2,0,0.0,0,0,,external,True,False,2.053054786506641,2.0361962020583855,0.01685858444825561
containerd/containerd,34966,2025-08-25,1,1,0,0.0,1,6.533333333333333,6.533333333333333,0.03333333333333333,6.5,1,0,0.0,0,0,,external,True,False,2.0193376176101303,2.0361962020583855,-0.016858584448255165
containerd/containerd,34966,2025-10-06,3,3,0,0.0,3,8.15,8.603333333333333,0.05,8.116666666666667,3,0,0.0,0,0,,external,False,True,2.21375387928743,2.0361962020583855,0.17755767722904459
containerd/containerd,34966,2025-10-27,1,1,0,0.0,1,8.166666666666666,8.166666666666666,0.03333333333333333,8.133333333333333,1,0,0.0,0,0,,external,False,True,2.2155737160044158,2.0361962020583855,0.1793775139460303
containerd/containerd,34966,2025-11-17,1,1,0,0.0,1,6.416666666666667,6.416666666666667,0.05,6.366666666666666,1,0,0.0,0,0,,external,False,True,2.0037297199441397,2.0361962020583855,-0.03246648211424574
containerd/containerd,34966,2025-11-24,2,2,0,0.0,2,6.6,6.666666666666667,0.04166666666666667,6.558333333333334,2,0,0.0,0,0,,external,False,True,2.028148247292285,2.0361962020583855,-0.008047954766100318
containerd/containerd,34966,2025-12-08,1,1,0,0.0,1,6.4,6.4,0.05,6.35,1,0,0.0,0,0,,external,False,True,2.0014800002101243,2.0361962020583855,-0.034716201848261186
containerd/containerd,34966,2025-12-15,1,1,0,0.0,1,6.433333333333334,6.433333333333334,0.03333333333333333,6.4,1,0,0.0,0,0,,external,False,True,2.0059743897979634,2.0361962020583855,-0.030221812260422087
containerd/containerd,34966,2026-03-02,2,2,0,0.0,2,6.4,6.533333333333333,0.03333333333333333,6.366666666666667,2,0,0.0,0,0,,external,False,True,2.0014800002101243,2.0361962020583855,-0.034716201848261186
containerd/containerd,34966,2026-04-13,1,1,0,0.0,1,6.533333333333333,6.533333333333333,0.03333333333333333,6.5,1,0,0.0,0,0,,external,False,True,2.0193376176101303,2.0361962020583855,-0.016858584448255165
containerd/containerd,34966,2026-04-27,6,6,1,0.16666666666666666,6,6.35,6.791666666666666,0.04166666666666667,6.3,6,0,0.0,0,0,,external,False,True,1.9947003132247452,2.0361962020583855,-0.041495888833640304
containerd/containerd,34966,2026-05-04,2,2,0,0.0,2,6.591666666666667,6.678333333333334,0.18333333333333335,6.408333333333333,2,0,0.0,0,0,,external,False,True,2.0270511544779124,2.0361962020583855,-0.009145047580473076
containerd/containerd,34966,2026-06-01,7,7,0,0.0,7,6.483333333333333,6.783333333333334,0.03333333333333333,6.433333333333334,7,0,0.0,0,0,,external,False,True,2.0126783255201537,2.0361962020583855,-0.023517876538231786
containerd/containerd,34966,2026-06-15,2,2,0,0.0,2,6.449999999999999,6.516666666666667,0.058333333333333334,6.391666666666667,2,0,0.0,0,0,,external,False,True,2.008214032391468,2.0361962020583855,-0.027982169666917578
containerd/containerd,34966,2026-06-22,13,13,0,0.0,13,6.766666666666667,8.21,0.05,6.733333333333333,13,0,0.0,0,0,,external,False,True,2.049841071903545,2.0361962020583855,0.013644869845159668
containerd/containerd,34966,2026-06-29,1,1,0,0.0,1,7.166666666666667,7.166666666666667,0.05,7.116666666666666,1,0,0.0,0,0,,external,False,True,2.100060828882572,2.0361962020583855,0.06386462682418648
containerd/containerd,34966,2026-07-06,4,4,0,0.0,4,7.066666666666666,7.083333333333333,0.03333333333333333,7.033333333333333,4,0,0.0,0,0,,external,False,True,2.087740344494531,2.0361962020583855,0.05154414243614536
containerd/containerd,34966,2026-07-20,1,1,0,0.0,1,6.416666666666667,6.416666666666667,0.03333333333333333,6.383333333333334,1,0,0.0,0,0,,external,False,True,2.0037297199441397,2.0361962020583855,-0.03246648211424574
containerd/containerd,67233922,2025-09-08,1,1,0,0.0,1,0.23333333333333334,0.23333333333333334,0.05,0.18333333333333332,1,0,0.0,0,0,,external,True,False,0.20972053098206905,0.20972053098206905,0.0
containerd/containerd,67233922,2025-09-22,1,1,0,0.0,1,0.31666666666666665,0.31666666666666665,0.08333333333333333,0.23333333333333334,1,0,0.0,0,0,,external,False,True,0.2751032902449208,0.20972053098206905,0.06538275926285175
containerd/containerd,67233922,2025-10-06,1,1,0,0.0,1,0.2833333333333333,0.2833333333333333,0.11666666666666667,0.16666666666666666,1,0,0.0,0,0,,external,False,True,0.24946085963158315,0.20972053098206905,0.0397403286495141
containerd/containerd,67233922,2025-11-24,2,2,0,0.0,2,0.16666666666666666,0.18,0.04166666666666667,0.125,2,0,0.0,0,0,,external,False,True,0.15415067982725827,0.20972053098206905,-0.05556985115481078
containerd/containerd,67233922,2025-12-08,1,1,0,0.0,1,0.16666666666666666,0.16666666666666666,0.03333333333333333,0.13333333333333333,1,0,0.0,0,0,,external,False,True,0.15415067982725827,0.20972053098206905,-0.05556985115481078
containerd/containerd,67233922,2026-02-23,1,1,0,0.0,1,0.18333333333333332,0.18333333333333332,0.03333333333333333,0.15,1,0,0.0,0,0,,external,False,True,0.1683353148192147,0.20972053098206905,-0.041385216162854344
containerd/containerd,67233922,2026-05-25,1,1,0,0.0,1,0.23333333333333334,0.23333333333333334,0.03333333333333333,0.2,1,0,0.0,0,0,,external,False,True,0.20972053098206905,0.20972053098206905,0.0
containerd/containerd,67233922,2026-06-01,6,6,0,0.0,6,0.19166666666666665,0.24166666666666667,0.03333333333333333,0.15833333333333333,6,0,0.0,0,0,,external,False,True,0.17535288747786126,0.20972053098206905,-0.03436764350420779
containerd/containerd,67233922,2026-06-15,2,2,0,0.0,2,0.4083333333333333,0.42833333333333334,0.11666666666666667,0.29166666666666663,2,0,0.0,0,0,,external,False,True,0.34240697214102744,0.20972053098206905,0.1326864411589584
containerd/containerd,67233922,2026-06-22,3,3,0,0.0,3,0.25,0.25,0.05,0.2,3,0,0.0,0,0,,external,False,True,0.22314355131420976,0.20972053098206905,0.013423020332140712
containerd/containerd,67233922,2026-06-29,9,9,0,0.0,9,0.23333333333333334,0.31333333333333335,0.05,0.18333333333333332,9,0,0.0,0,0,,external,False,True,0.20972053098206905,0.20972053098206905,0.0
containerd/containerd,67233922,2026-07-13,3,3,0,0.0,3,0.36666666666666664,0.6733333333333333,0.03333333333333333,0.3333333333333333,3,0,0.0,0,0,,external,False,True,0.3123746850421524,0.20972053098206905,0.10265415406008332
containerd/containerd,67233922,2026-07-27,1,1,0,0.0,1,1.4833333333333334,1.4833333333333334,0.8,0.6833333333333333,1,0,0.0,0,0,,external,False,True,0.9096017437233584,0.20972053098206905,0.6998812127412894
containerd/containerd,67233922,2026-08-03,1,1,0,0.0,1,0.5666666666666667,0.5666666666666667,0.03333333333333333,0.5333333333333333,1,0,0.0,0,0,,external,False,True,0.4489502200479032,0.20972053098206905,0.23922968906583414
containerd/containerd,78878241,2025-08-11,4,4,1,0.25,4,0.7333333333333334,1.0816666666666668,0.05,0.6583333333333333,4,0,0.0,0,0,,external,True,False,0.550046336919272,0.5304359803426313,0.019610356576640675
containerd/containerd,78878241,2025-08-25,5,5,3,0.6,5,0.6666666666666666,0.7466666666666667,0.03333333333333333,0.6333333333333333,5,0,0.0,0,0,,external,True,False,0.5108256237659907,0.5304359803426313,-0.019610356576640564
containerd/containerd,78878241,2025-11-03,1,1,0,0.0,1,0.43333333333333335,0.43333333333333335,0.03333333333333333,0.4,1,0,0.0,0,0,,external,False,True,0.36000273403140703,0.5304359803426313,-0.17043324631122425
containerd/containerd,78878241,2025-11-17,1,1,0,0.0,1,0.75,0.75,0.05,0.7,1,0,0.0,0,0,,external,False,True,0.5596157879354227,0.5304359803426313,0.029179807592791374
containerd/containerd,78878241,2025-11-24,2,2,0,0.0,2,0.47500000000000003,0.5083333333333334,0.041666666666666664,0.43333333333333335,2,0,0.0,0,0,,external,False,True,0.3886579897917832,0.5304359803426313,-0.1417779905508481
containerd/containerd,78878241,2025-12-08,1,1,0,0.0,1,0.48333333333333334,0.48333333333333334,0.03333333333333333,0.45,1,0,0.0,0,0,,external,False,True,0.3942918075100391,0.5304359803426313,-0.13614417283259217
containerd/containerd,78878241,2026-03-02,5,5,4,0.8,5,0.9333333333333333,2.0633333333333335,0.05,0.9,4,1,0.25,1,1,1.0,external,False,True,0.659245628884264,0.5304359803426313,0.12880964854163268
containerd/containerd,78878241,2026-06-01,8,8,8,1.0,8,0.9833333333333334,1.0166666666666666,0.05,0.925,7,1,0.14285714285714285,1,0,0.0,external,False,True,0.6847789308894288,0.5304359803426313,0.15434295054679747
containerd/containerd,78878241,2026-06-08,1,1,1,1.0,1,1.3,1.3,0.06666666666666667,1.2333333333333334,1,0,0.0,0,0,,external,False,True,0.832909122935104,0.5304359803426313,0.3024731425924727
containerd/containerd,78878241,2026-06-15,9,9,9,1.0,9,0.85,1.4733333333333334,0.16666666666666666,0.7,7,1,0.14285714285714285,2,0,0.0,external,False,True,0.6151856390902334,0.5304359803426313,0.0847496587476021
containerd/containerd,78878241,2026-06-22,7,7,7,1.0,7,0.75,1.02,0.05,0.6666666666666666,6,1,0.16666666666666666,1,0,0.0,external,False,True,0.5596157879354227,0.5304359803426313,0.029179807592791374
containerd/containerd,78878241,2026-06-29,1,1,1,1.0,1,1.0,1.0,0.05,0.95,1,0,0.0,0,0,,external,False,True,0.6931471805599453,0.5304359803426313,0.162711200217314
containerd/containerd,78878241,2026-07-06,1,1,1,1.0,1,1.3833333333333333,1.3833333333333333,0.1,1.2833333333333334,1,0,0.0,0,0,,external,False,True,0.8685000680378065,0.5304359803426313,0.33806408769517526
containerd/containerd,78878241,2026-07-20,1,1,1,1.0,1,0.95,0.95,0.03333333333333333,0.9166666666666666,1,0,0.0,0,0,,external,False,True,0.6678293725756554,0.5304359803426313,0.13739339223302416
containerd/containerd,962330,2025-06-02,2,2,2,1.0,2,34.15833333333333,40.39166666666667,-17410.675,17444.833333333332,1,1,1.0,1,0,0.0,outside,False,False,3.5598616693422924,3.6331905482533475,-0.0733288789110551
containerd/containerd,962330,2025-06-23,81,81,58,0.7160493827160493,81,41.583333333333336,57.016666666666666,0.05,43.916666666666664,70,9,0.12857142857142856,11,9,1.0,external,True,False,3.751462940415704,3.6331905482533475,0.11827239216235652
containerd/containerd,962330,2025-06-30,144,144,117,0.8125,144,38.483333333333334,51.26333333333335,0.03333333333333333,41.791666666666664,114,16,0.14035087719298245,30,15,0.9375,external,True,False,3.6758786419366847,3.6331905482533475,0.04268809368333715
containerd/containerd,962330,2025-07-07,156,153,113,0.738562091503268,153,40.5,53.25666666666667,0.03333333333333333,43.93333333333333,130,22,0.16923076923076924,26,17,0.7727272727272727,external,True,False,3.7256934272366524,3.6331905482533475,0.09250287898330489
containerd/containerd,962330,2025-07-14,115,112,72,0.6428571428571429,112,33.525,42.56166666666667,0.03333333333333333,38.475,87,21,0.2413793103448276,28,16,0.7619047619047619,external,True,False,3.5416836992953558,3.6331905482533475,-0.09150684895799177
containerd/containerd,962330,2025-07-21,61,60,35,0.5833333333333334,60,36.31666666666666,45.53333333333333,0.03333333333333333,41.58333333333333,45,10,0.2222222222222222,16,9,0.9,external,True,False,3.619440054376654,3.6331905482533475,-0.013750493876693692
containerd/containerd,962330,2025-07-28,126,124,99,0.7983870967741935,124,31.516666666666666,45.29833333333333,0.03333333333333333,38.61666666666667,110,14,0.12727272727272726,16,13,0.9285714285714286,external,True,False,3.4817527784010105,3.6331905482533475,-0.15143776985233703
containerd/containerd,962330,2025-08-04,73,70,44,0.6285714285714286,70,36.483333333333334,44.50333333333333,0.03333333333333333,40.525000000000006,57,10,0.17543859649122806,16,9,0.9,external,True,False,3.623896389737215,3.6331905482533475,-0.009294158516132356
containerd/containerd,962330,2025-08-11,72,72,40,0.5555555555555556,72,37.06666666666667,41.49,0.03333333333333333,38.725,58,14,0.2413793103448276,14,13,0.9285714285714286,external,True,False,3.6393390085538004,3.6331905482533475,0.006148460300452907
containerd/containerd,962330,2025-08-18,142,140,115,0.8214285714285714,140,33.03333333333333,42.678333333333335,0.03333333333333333,37.36666666666666,117,15,0.1282051282051282,25,13,0.8666666666666667,external,True,False,3.5273404365025103,3.6331905482533475,-0.10585011175083725
containerd/containerd,962330,2025-08-25,278,273,235,0.8608058608058609,273,35.71666666666667,41.64666666666667,0.03333333333333333,37.016666666666666,251,23,0.09163346613545817,27,17,0.7391304347826086,external,True,False,3.6032307845802425,3.6331905482533475,-0.029959763673105044
containerd/containerd,962330,2025-09-01,193,187,150,0.8021390374331551,187,36.833333333333336,43.29666666666667,0.03333333333333333,38.0,167,18,0.10778443113772455,26,15,0.8333333333333334,external,True,False,3.6331905482533475,3.6331905482533475,0.0
containerd/containerd,962330,2025-09-08,117,109,88,0.8073394495412844,109,38.516666666666666,47.013333333333335,0.03333333333333333,42.333333333333336,90,15,0.16666666666666666,27,14,0.9333333333333333,external,True,False,3.6767225238433046,3.6331905482533475,0.04353197558995703
containerd/containerd,962330,2025-09-15,98,97,77,0.7938144329896907,97,37.7,41.85666666666667,0.03333333333333333,39.81666666666667,81,14,0.1728395061728395,17,12,0.8571428571428571,external,True,False,3.655839600035736,3.6331905482533475,0.02264905178238852
containerd/containerd,962330,2025-09-22,113,111,87,0.7837837837837838,111,37.0,44.166666666666664,0.03333333333333333,39.43333333333333,93,15,0.16129032258064516,20,15,1.0,external,False,True,3.6375861597263857,3.6331905482533475,0.00439561147303813
containerd/containerd,962330,2025-09-29,72,72,54,0.75,72,36.88333333333333,46.46333333333333,0.03333333333333333,40.983333333333334,57,11,0.19298245614035087,15,9,0.8181818181818182,external,False,True,3.6345112616304425,3.6331905482533475,0.0013207133770949397
containerd/containerd,962330,2025-10-06,100,96,69,0.71875,96,37.79166666666667,44.525000000000006,0.03333333333333333,41.46666666666667,78,21,0.2692307692307692,22,20,0.9523809523809523,external,False,True,3.6582054469291214,3.6331905482533475,0.02501489867577389
containerd/containerd,962330,2025-10-13,103,103,81,0.7864077669902912,103,38.25,45.526666666666664,0.03333333333333333,41.666666666666664,78,19,0.24358974358974358,25,13,0.6842105263157895,external,False,True,3.6699514442284173,3.6331905482533475,0.03676089597506982
containerd/containerd,962330,2025-10-20,138,138,99,0.717391304347826,138,38.150000000000006,45.461666666666666,0.03333333333333333,40.775,113,21,0.18584070796460178,25,18,0.8571428571428571,external,False,True,3.6674004224368124,3.6331905482533475,0.03420987418346488
containerd/containerd,962330,2025-10-27,139,126,82,0.6507936507936508,125,38.56666666666667,45.82333333333334,0.03333333333333333,42.7,108,23,0.21296296296296297,31,18,0.782608695652174,external,False,True,3.6779870129475127,3.6331905482533475,0.044796464694165206
containerd/containerd,962330,2025-11-03,154,147,91,0.6190476190476191,147,37.78333333333333,45.04,0.03333333333333333,40.11666666666667,131,18,0.13740458015267176,23,15,0.8333333333333334,external,False,True,3.657990601080191,3.6331905482533475,0.024800052826843277
containerd/containerd,962330,2025-11-10,69,67,49,0.7313432835820896,67,36.75,42.416666666666664,0.03333333333333333,37.35,66,3,0.045454545454545456,3,1,0.3333333333333333,external,False,True,3.6309854756950335,3.6331905482533475,-0.0022050725583140363
containerd/containerd,962330,2025-11-17,148,144,91,0.6319444444444444,144,37.25,42.44666666666667,0.03333333333333333,38.06666666666667,131,15,0.11450381679389313,17,14,0.9333333333333333,external,False,True,3.644143560272545,3.6331905482533475,0.010953012019197406
containerd/containerd,962330,2025-11-24,205,203,156,0.7684729064039408,203,36.38333333333333,41.14,0.03333333333333333,37.35,178,20,0.11235955056179775,27,13,0.65,external,False,True,3.6212249722981076,3.6331905482533475,-0.011965575955239949
containerd/containerd,962330,2025-12-01,145,143,87,0.6083916083916084,143,35.733333333333334,41.11666666666667,0.03333333333333333,37.016666666666666,120,20,0.16666666666666666,25,14,0.7,external,False,True,3.6036846080507043,3.6331905482533475,-0.02950594020264319
containerd/containerd,962330,2025-12-08,169,159,85,0.5345911949685535,159,35.95,40.870000000000005,0.03333333333333333,37.516666666666666,135,29,0.21481481481481482,34,24,0.8275862068965517,external,False,True,3.609565647394211,3.6331905482533475,-0.02362490085913649
containerd/containerd,962330,2025-12-15,168,164,97,0.5914634146341463,162,36.0,40.99166666666667,0.03333333333333333,37.358333333333334,142,24,0.16901408450704225,26,21,0.875,external,False,True,3.6109179126442243,3.6331905482533475,-0.02227263560912318
containerd/containerd,962330,2025-12-22,58,57,27,0.47368421052631576,57,35.333333333333336,38.35666666666667,0.03333333333333333,36.13333333333333,46,9,0.1956521739130435,12,9,1.0,external,False,True,3.592735593561034,3.6331905482533475,-0.04045495469231364
containerd/containerd,962330,2025-12-29,63,63,28,0.4444444444444444,63,34.95,40.04,0.03333333333333333,35.3,60,3,0.05,3,3,1.0,external,False,True,3.5821290841670557,3.6331905482533475,-0.05106146408629186
containerd/containerd,962330,2026-01-05,191,188,106,0.5638297872340425,188,36.54166666666667,40.45166666666667,0.03333333333333333,37.083333333333336,178,12,0.06741573033707865,13,11,0.9166666666666666,external,False,True,3.6254514272603924,3.6331905482533475,-0.007739120992955151
containerd/containerd,962330,2026-01-12,98,98,47,0.47959183673469385,98,37.65,41.166666666666664,0.03333333333333333,38.2,86,6,0.06976744186046512,12,6,1.0,external,False,True,3.654546775033431,3.6331905482533475,0.02135622678008353
containerd/containerd,962330,2026-01-19,89,86,45,0.5232558139534884,86,37.25833333333333,41.358333333333334,0.03333333333333333,37.849999999999994,82,6,0.07317073170731707,7,4,0.6666666666666666,external,False,True,3.644361401467176,3.6331905482533475,0.01117085321382838
containerd/containerd,962330,2026-01-26,111,107,61,0.5700934579439252,107,38.31666666666667,42.63,0.03333333333333333,38.71666666666667,102,9,0.08823529411764706,9,8,0.8888888888888888,external,False,True,3.6716485171855746,3.6331905482533475,0.03845796893222708
containerd/containerd,962330,2026-02-02,145,140,78,0.5571428571428572,140,37.95833333333333,43.02333333333333,0.03333333333333333,38.925,130,11,0.08461538461538462,15,6,0.5454545454545454,external,False,True,3.662492698940741,3.6331905482533475,0.029302150687393613
containerd/containerd,962330,2026-02-09,111,107,70,0.6542056074766355,107,38.083333333333336,42.48,0.03333333333333333,39.0,94,12,0.1276595744680851,17,7,0.5833333333333334,external,False,True,3.6656961186582793,3.6331905482533475,0.03250557040493174
containerd/containerd,962330,2026-02-16,157,149,68,0.4563758389261745,149,37.43333333333333,42.09333333333334,0.03333333333333333,39.4,134,20,0.14925373134328357,23,16,0.8,external,False,True,3.6489251386069035,3.6331905482533475,0.015734590353555955
containerd/containerd,962330,2026-02-23,106,98,66,0.673469387755102,98,38.13333333333333,43.43666666666667,0.03333333333333333,40.5,92,12,0.13043478260869565,14,7,0.5833333333333334,external,False,True,3.6669746187258863,3.6331905482533475,0.03378407047253873
containerd/containerd,962330,2026-03-02,161,160,109,0.68125,160,38.69166666666666,44.730000000000004,0.03333333333333333,40.400000000000006,140,18,0.12857142857142856,21,15,0.8333333333333334,external,False,True,3.681141258018814,3.6331905482533475,0.04795070976546656
containerd/containerd,962330,2026-03-09,130,129,73,0.5658914728682171,129,39.333333333333336,42.736666666666665,0.03333333333333333,40.15,115,14,0.12173913043478261,15,13,0.9285714285714286,external,False,True,3.6971782569286313,3.6331905482533475,0.0639877086752838
containerd/containerd,962330,2026-03-16,261,253,165,0.6521739130434783,253,40.8,45.67666666666667,0.03333333333333333,41.53333333333333,224,30,0.13392857142857142,37,24,0.8,external,False,True,3.7328963395307104,3.6331905482533475,0.0997057912773629
containerd/containerd,962330,2026-03-23,164,159,87,0.5471698113207547,159,40.55,42.81666666666667,0.03333333333333333,41.25,136,24,0.17647058823529413,28,21,0.875,external,False,True,3.7268975213014572,3.6331905482533475,0.09370697304810971
containerd/containerd,962330,2026-03-30,165,155,88,0.567741935483871,155,40.516666666666666,43.38333333333333,0.03333333333333333,40.95,148,16,0.10810810810810811,17,13,0.8125,external,False,True,3.7260949530400795,3.6331905482533475,0.09290440478673201
containerd/containerd,962330,2026-04-06,220,203,119,0.5862068965517241,203,40.03333333333333,46.20666666666667,0.03333333333333333,41.083333333333336,184,29,0.15760869565217392,36,21,0.7241379310344828,external,False,True,3.714384744522298,3.6331905482533475,0.08119419626895041
containerd/containerd,962330,2026-04-13,137,125,65,0.52,125,40.6,50.56333333333333,0.03333333333333333,41.68333333333333,111,22,0.1981981981981982,26,17,0.7727272727272727,external,False,True,3.728100167267218,3.6331905482533475,0.0949096190138703
containerd/containerd,962330,2026-04-20,178,178,101,0.5674157303370787,178,40.875,45.321666666666665,0.03333333333333333,41.325,151,21,0.1390728476821192,27,20,0.9523809523809523,external,False,True,3.7346889901452305,3.6331905482533475,0.10149844189188295
containerd/containerd,962330,2026-04-27,268,265,189,0.7132075471698113,263,40.733333333333334,45.22666666666667,0.03333333333333333,41.3,235,22,0.09361702127659574,33,21,0.9545454545454546,external,False,True,3.7313001699978883,3.6331905482533475,0.09810962174454074
containerd/containerd,962330,2026-05-04,94,93,75,0.8064516129032258,93,40.68333333333333,50.72333333333333,0.03333333333333333,42.11666666666667,71,13,0.18309859154929578,23,12,0.9230769230769231,external,False,True,3.7301013686555184,3.6331905482533475,0.09691082040217092
containerd/containerd,962330,2026-05-11,133,125,89,0.712,119,41.016666666666666,47.27,0.03333333333333333,41.8,107,22,0.205607476635514,26,16,0.7272727272727273,external,False,True,3.7380663649658192,3.6331905482533475,0.1048758167124717
containerd/containerd,962330,2026-05-18,172,169,125,0.7396449704142012,169,40.7,45.02,0.03333333333333333,41.56666666666667,139,23,0.16546762589928057,33,17,0.7391304347826086,external,False,True,3.730501128804756,3.6331905482533475,0.09731058055140851
containerd/containerd,962330,2026-05-25,154,152,92,0.6052631578947368,152,40.33333333333333,48.01000000000001,0.03333333333333333,41.175,131,20,0.15267175572519084,23,18,0.9,external,False,True,3.721669276936927,3.6331905482533475,0.08847872868357953
containerd/containerd,962330,2026-06-01,127,126,88,0.6984126984126984,126,39.625,43.65833333333333,0.03333333333333333,40.21666666666667,111,14,0.12612612612612611,16,12,0.8571428571428571,external,False,True,3.7043836406499016,3.6331905482533475,0.07119309239655403
containerd/containerd,962330,2026-06-08,163,161,98,0.6086956521739131,161,39.28333333333333,43.666666666666664,0.03333333333333333,40.2,134,24,0.1791044776119403,29,22,0.9166666666666666,external,False,True,3.6959378184813825,3.6331905482533475,0.06274727022803495
containerd/containerd,962330,2026-06-15,146,128,80,0.625,128,39.00833333333333,50.471666666666664,0.03333333333333333,40.93333333333334,112,28,0.25,34,20,0.7142857142857143,external,False,True,3.6890877657488943,3.6331905482533475,0.05589721749554677
containerd/containerd,962330,2026-06-22,203,203,117,0.5763546798029556,203,39.1,47.42666666666667,0.03333333333333333,39.93333333333333,176,23,0.13068181818181818,27,22,0.9565217391304348,external,False,True,3.6913763343125234,3.6331905482533475,0.058185786059175904
containerd/containerd,962330,2026-06-29,139,133,75,0.5639097744360902,133,53.95,56.519999999999996,0.03333333333333333,54.583333333333336,120,16,0.13333333333333333,19,14,0.875,external,False,True,4.006423680849631,3.6331905482533475,0.3732331325962832
containerd/containerd,962330,2026-07-06,172,165,90,0.5454545454545454,165,40.766666666666666,58.586666666666666,0.03333333333333333,42.78333333333333,140,25,0.17857142857142858,32,21,0.84,external,False,True,3.732098573233913,3.6331905482533475,0.09890802498056539
containerd/containerd,962330,2026-07-13,135,129,76,0.5891472868217055,129,40.21666666666667,45.24666666666667,0.03333333333333333,40.8,113,20,0.17699115044247787,22,17,0.85,external,False,True,3.7188427052993154,3.6331905482533475,0.08565215704596785
containerd/containerd,962330,2026-07-20,171,165,83,0.503030303030303,165,41.0,44.22666666666667,0.03333333333333333,42.03333333333333,144,25,0.1736111111111111,27,23,0.92,external,False,True,3.7376696182833684,3.6331905482533475,0.10447907003002088
containerd/containerd,962330,2026-07-27,117,112,54,0.48214285714285715,112,41.15833333333333,44.333333333333336,0.03333333333333333,42.03333333333333,101,16,0.15841584158415842,16,16,1.0,external,False,True,3.74143237150989,3.6331905482533475,0.10824182325654252
containerd/containerd,962330,2026-08-03,106,103,42,0.4077669902912621,103,41.583333333333336,48.22666666666667,0.03333333333333333,42.516666666666666,90,15,0.16666666666666666,16,14,0.9333333333333333,external,False,True,3.751462940415704,3.6331905482533475,0.11827239216235652
docker/cli,11633413,2025-06-23,7,6,3,0.5,6,1.6166666666666667,1.7,0.05,1.5583333333333333,7,0,0.0,0,0,,train,False,False,0.9619012431262074,0.9745596399981308,-0.012658396871923383
docker/cli,11633413,2025-06-30,16,14,2,0.14285714285714285,14,1.6416666666666666,1.74,0.05,1.5833333333333333,16,0,0.0,0,0,,train,False,False,0.9714100310952346,0.9745596399981308,-0.0031496089028961727
docker/cli,11633413,2025-07-07,39,38,10,0.2631578947368421,38,1.6333333333333333,1.7333333333333334,0.05,1.5833333333333333,38,1,0.02631578947368421,1,0,0.0,train,False,False,0.9682504708048661,0.9745596399981308,-0.00630916919326463
docker/cli,11633413,2025-07-14,34,33,9,0.2727272727272727,33,1.6166666666666667,1.7466666666666666,0.05,1.5666666666666667,33,1,0.030303030303030304,1,0,0.0,train,False,False,0.9619012431262074,0.9745596399981308,-0.012658396871923383
docker/cli,11633413,2025-07-21,73,63,23,0.36507936507936506,63,1.6666666666666667,1.7333333333333334,0.05,1.6,68,5,0.07352941176470588,5,0,0.0,train,False,False,0.9808292530117262,0.9745596399981308,0.00626961301359541
docker/cli,11633413,2025-07-28,63,61,19,0.3114754098360656,61,1.65,1.7333333333333334,0.03333333333333333,1.6,61,2,0.03278688524590164,2,0,0.0,train,False,False,0.9745596399981308,0.9745596399981308,0.0
docker/cli,11633413,2025-08-04,37,35,2,0.05714285714285714,35,1.6666666666666667,1.7933333333333334,0.05,1.6,37,0,0.0,0,0,,train,False,False,0.9808292530117262,0.9745596399981308,0.00626961301359541
docker/cli,11633413,2025-08-11,62,60,9,0.15,60,1.65,1.735,0.05,1.6166666666666667,62,0,0.0,0,0,,train,False,False,0.9745596399981308,0.9745596399981308,0.0
docker/cli,11633413,2025-08-18,166,157,38,0.24203821656050956,157,1.6666666666666667,1.7833333333333334,0.05,1.6166666666666667,164,2,0.012195121951219513,2,0,0.0,train,False,False,0.9808292530117262,0.9745596399981308,0.00626961301359541
docker/cli,11633413,2025-08-25,89,88,19,0.2159090909090909,88,1.65,1.75,0.05,1.6083333333333334,87,2,0.022988505747126436,2,2,1.0,train,False,False,0.9745596399981308,0.9745596399981308,0.0
docker/cli,11633413,2025-09-01,59,59,15,0.2542372881355932,59,1.65,1.7533333333333334,0.05,1.6166666666666667,59,0,0.0,0,0,,train,False,False,0.9745596399981308,0.9745596399981308,0.0
docker/cli,11633413,2025-09-08,36,36,4,0.1111111111111111,36,1.6583333333333332,1.75,0.05,1.6166666666666667,36,0,0.0,0,0,,train,False,False,0.9776993600027986,0.9745596399981308,0.0031397200046677787
docker/cli,11633413,2025-09-15,4,4,1,0.25,4,1.6583333333333332,1.695,0.05,1.6083333333333334,4,0,0.0,0,0,,train,False,False,0.9776993600027986,0.9745596399981308,0.0031397200046677787
docker/cli,11633413,2025-09-22,101,98,18,0.1836734693877551,98,1.6666666666666667,1.7666666666666666,0.05,1.6166666666666667,99,2,0.020202020202020204,2,0,0.0,train,False,False,0.9808292530117262,0.9745596399981308,0.00626961301359541
docker/cli,11633413,2025-09-29,33,32,6,0.1875,32,1.6583333333333332,1.75,0.05,1.6166666666666667,33,0,0.0,0,0,,train,False,False,0.9776993600027986,0.9745596399981308,0.0031397200046677787
docker/cli,11633413,2025-10-06,79,76,48,0.631578947368421,76,1.65,1.7166666666666666,0.05,1.6,78,1,0.01282051282051282,1,1,1.0,train,False,False,0.9745596399981308,0.9745596399981308,0.0
docker/cli,11633413,2025-10-13,28,27,8,0.2962962962962963,27,1.6833333333333333,1.7833333333333334,0.05,1.6333333333333333,28,0,0.0,0,0,,train,False,False,0.9870598027623623,0.9745596399981308,0.012500162764231493
docker/cli,11633413,2025-10-20,33,30,12,0.4,30,1.7416666666666667,1.8416666666666668,0.13333333333333333,1.6,33,0,0.0,0,0,,train,False,False,1.0085660079833259,0.9745596399981308,0.034006367985195074
docker/cli,11633413,2025-10-27,72,70,17,0.24285714285714285,70,1.6916666666666667,1.8516666666666668,0.05,1.6333333333333333,72,0,0.0,0,0,,train,False,False,0.9901605804406106,0.9745596399981308,0.015600940442479838
docker/cli,11633413,2025-11-03,97,95,24,0.25263157894736843,95,1.6666666666666667,1.7666666666666666,0.05,1.6166666666666667,96,1,0.010416666666666666,1,0,0.0,train,False,False,0.9808292530117262,0.9745596399981308,0.00626961301359541
docker/cli,11633413,2025-11-10,24,21,0,0.0,21,1.6333333333333333,1.7666666666666666,0.05,1.5833333333333333,24,0,0.0,0,0,,train,False,False,0.9682504708048661,0.9745596399981308,-0.00630916919326463
docker/cli,11633413,2025-11-17,7,7,0,0.0,7,1.6666666666666667,1.8133333333333335,0.05,1.6166666666666667,7,0,0.0,0,0,,train,False,False,0.9808292530117262,0.9745596399981308,0.00626961301359541
docker/cli,11633413,2025-11-24,15,14,0,0.0,14,1.6416666666666666,1.7183333333333335,0.03333333333333333,1.5916666666666668,15,0,0.0,0,0,,train,False,False,0.9714100310952346,0.9745596399981308,-0.0031496089028961727
docker/cli,11633413,2025-12-01,8,8,1,0.125,8,1.6333333333333333,1.7166666666666666,0.05,1.5833333333333333,8,0,0.0,0,0,,train,False,False,0.9682504708048661,0.9745596399981308,-0.00630916919326463
docker/cli,11633413,2025-12-08,18,18,2,0.1111111111111111,18,1.65,1.7833333333333334,0.05,1.6,18,0,0.0,0,0,,train,False,False,0.9745596399981308,0.9745596399981308,0.0
docker/cli,11633413,2025-12-15,12,12,0,0.0,12,1.5916666666666668,1.6333333333333333,0.03333333333333333,1.5583333333333333,12,0,0.0,0,0,,train,False,False,0.9523011693971882,0.9745596399981308,-0.022258470600942548
docker/cli,11633413,2025-12-22,10,10,2,0.2,10,1.6416666666666666,5.2,0.05,1.5916666666666668,10,0,0.0,0,0,,train,False,False,0.9714100310952346,0.9745596399981308,-0.0031496089028961727
docker/cli,11633413,2025-12-29,2,1,1,1.0,1,1.65,1.65,0.03333333333333333,1.6166666666666667,1,1,1.0,1,0,0.0,train,False,False,0.9745596399981308,0.9745596399981308,0.0
docker/cli,11633413,2026-01-05,4,3,0,0.0,3,1.6333333333333333,1.6333333333333333,0.05,1.5833333333333333,3,1,0.3333333333333333,1,0,0.0,train,False,False,0.9682504708048661,0.9745596399981308,-0.00630916919326463
docker/cli,11633413,2026-01-12,27,25,1,0.04,25,1.6666666666666667,1.7266666666666668,0.05,1.6166666666666667,26,1,0.038461538461538464,1,0,0.0,train,False,False,0.9808292530117262,0.9745596399981308,0.00626961301359541
docker/cli,11633413,2026-01-19,7,6,2,0.3333333333333333,6,1.5916666666666668,1.6833333333333331,0.05,1.55,6,1,0.16666666666666666,1,0,0.0,train,False,False,0.9523011693971882,0.9745596399981308,-0.022258470600942548
docker/cli,11633413,2026-01-26,15,15,1,0.06666666666666667,15,1.6166666666666667,1.65,0.03333333333333333,1.5666666666666667,15,0,0.0,0,0,,train,False,False,0.9619012431262074,0.9745596399981308,-0.012658396871923383
docker/cli,11633413,2026-02-02,19,17,2,0.11764705882352941,17,1.6666666666666667,1.8166666666666669,0.05,1.6166666666666667,18,1,0.05555555555555555,1,0,0.0,train,False,False,0.9808292530117262,0.9745596399981308,0.00626961301359541
docker/cli,11633413,2026-02-09,57,46,6,0.13043478260869565,46,1.625,1.7666666666666666,0.05,1.5666666666666667,54,3,0.05555555555555555,3,0,0.0,train,False,False,0.965080896043587,0.9745596399981308,-0.009478743954543734
docker/cli,11633413,2026-02-16,6,6,0,0.0,6,1.5916666666666668,1.6416666666666666,0.05,1.5333333333333334,6,0,0.0,0,0,,train,False,False,0.9523011693971882,0.9745596399981308,-0.022258470600942548
docker/cli,11633413,2026-02-23,16,15,2,0.13333333333333333,15,1.6333333333333333,1.7833333333333332,0.05,1.5833333333333333,15,1,0.06666666666666667,1,0,0.0,train,False,False,0.9682504708048661,0.9745596399981308,-0.00630916919326463
docker/cli,11633413,2026-03-02,21,17,2,0.11764705882352941,17,1.6833333333333333,1.8,0.05,1.65,17,4,0.23529411764705882,4,0,0.0,purge,False,False,0.9870598027623623,0.9745596399981308,0.012500162764231493
docker/cli,11633413,2026-03-09,14,9,0,0.0,9,1.6666666666666667,1.7333333333333334,0.03333333333333333,1.6333333333333333,9,5,0.5555555555555556,5,0,0.0,purge,False,False,0.9808292530117262,0.9745596399981308,0.00626961301359541
docker/cli,11633413,2026-03-16,40,37,7,0.1891891891891892,37,1.65,1.8133333333333332,0.05,1.6166666666666667,38,2,0.05263157894736842,2,0,0.0,purge,False,False,0.9745596399981308,0.9745596399981308,0.0
docker/cli,11633413,2026-03-23,18,15,2,0.13333333333333333,15,1.6666666666666667,1.7866666666666666,0.05,1.6166666666666667,17,1,0.058823529411764705,1,0,0.0,purge,False,False,0.9808292530117262,0.9745596399981308,0.00626961301359541
docker/cli,11633413,2026-03-30,47,45,6,0.13333333333333333,45,1.7166666666666666,1.8166666666666667,0.05,1.6666666666666667,45,2,0.044444444444444446,2,0,0.0,holdout,False,False,0.9994056385846616,0.9745596399981308,0.024845998586530804
docker/cli,11633413,2026-04-06,11,9,0,0.0,9,1.6833333333333333,1.79,0.03333333333333333,1.65,9,2,0.2222222222222222,2,0,0.0,holdout,False,False,0.9870598027623623,0.9745596399981308,0.012500162764231493
docker/cli,11633413,2026-04-13,19,14,2,0.14285714285714285,14,1.6833333333333333,1.8066666666666666,0.03333333333333333,1.65,14,5,0.35714285714285715,5,0,0.0,holdout,False,False,0.9870598027623623,0.9745596399981308,0.012500162764231493
docker/cli,11633413,2026-04-20,39,32,3,0.09375,32,1.7833333333333334,1.8483333333333334,0.05,1.7333333333333334,34,5,0.14705882352941177,5,0,0.0,holdout,False,False,1.0236492501946544,0.9745596399981308,0.04908961019652358
docker/cli,11633413,2026-04-27,2,2,1,0.5,2,1.8416666666666668,1.9816666666666667,0.05,1.7916666666666665,2,0,0.0,0,0,,holdout,False,False,1.044390734501471,0.9745596399981308,0.06983109450334013
docker/cli,11633413,2026-05-04,27,24,3,0.125,24,1.8166666666666667,1.9916666666666665,0.05,1.7916666666666667,23,4,0.17391304347826086,4,1,0.25,holdout,False,False,1.0355541527009726,0.9745596399981308,0.06099451270284184
docker/cli,11633413,2026-05-11,64,46,1,0.021739130434782608,46,1.8166666666666667,1.9583333333333333,0.05,1.7666666666666666,48,16,0.3333333333333333,16,0,0.0,holdout,False,False,1.0355541527009726,0.9745596399981308,0.06099451270284184
docker/cli,11633413,2026-05-18,12,11,1,0.09090909090909091,11,1.7666666666666666,1.8166666666666667,0.05,1.6833333333333333,12,0,0.0,0,0,,holdout,False,False,1.0176432261344426,0.9745596399981308,0.0430835861363118
docker/cli,11633413,2026-05-25,22,15,1,0.06666666666666667,15,1.9,1.98,0.05,1.85,15,7,0.4666666666666667,7,0,0.0,holdout,False,False,1.0647107369924282,0.9745596399981308,0.09015109699429746
docker/cli,11633413,2026-06-01,31,24,4,0.16666666666666666,24,1.9583333333333333,2.033333333333333,0.05,1.9083333333333332,25,6,0.24,6,1,0.16666666666666666,holdout,False,False,1.0846260466933697,0.9745596399981308,0.11006640669523893
docker/cli,11633413,2026-06-08,45,35,3,0.08571428571428572,35,1.95,2.09,0.05,1.8833333333333333,39,6,0.15384615384615385,6,1,0.16666666666666666,holdout,False,False,1.0818051703517284,0.9745596399981308,0.10724553035359763
docker/cli,11633413,2026-06-15,12,10,5,0.5,10,1.9583333333333333,2.085,0.04166666666666667,2.05,5,3,0.6,7,1,0.3333333333333333,holdout,False,False,1.0846260466933697,0.9745596399981308,0.11006640669523893
docker/cli,11633413,2026-06-22,16,15,2,0.13333333333333333,15,1.9666666666666666,2.043333333333333,0.05,1.9333333333333333,13,2,0.15384615384615385,3,1,0.5,holdout,False,False,1.0874389880699844,0.9745596399981308,0.11287934807185362
docker/cli,11633413,2026-06-29,11,11,0,0.0,11,1.9666666666666666,2.0166666666666666,0.05,1.9166666666666667,11,0,0.0,0,0,,holdout,False,False,1.0874389880699844,0.9745596399981308,0.11287934807185362
docker/cli,11633413,2026-07-06,44,37,3,0.08108108108108109,37,2.0166666666666666,4.759999999999999,0.05,1.9166666666666667,39,4,0.10256410256410256,5,3,0.75,holdout,False,False,1.104152469043725,0.9745596399981308,0.12959282904559422
docker/cli,11633413,2026-07-13,13,10,0,0.0,10,1.9666666666666668,2.0349999999999997,0.05,1.9249999999999998,12,1,0.08333333333333333,1,0,0.0,holdout,False,False,1.0874389880699844,0.9745596399981308,0.11287934807185362
docker/cli,11633413,2026-07-20,24,16,1,0.0625,16,2.0083333333333333,2.8666666666666667,0.05,1.975,20,4,0.2,4,0,0.0,holdout,False,False,1.101386215550835,0.9745596399981308,0.12682657555270416
docker/cli,11633413,2026-07-27,33,24,0,0.0,24,1.975,2.1283333333333334,0.05,1.9333333333333333,30,3,0.1,3,0,0.0,holdout,False,False,1.0902440389975931,0.9745596399981308,0.11568439899946237
docker/cli,11633413,2026-08-03,23,11,2,0.18181818181818182,11,3.45,16.0,0.05,3.4,21,2,0.09523809523809523,2,0,0.0,holdout,False,False,1.4929040961781488,0.9745596399981308,0.518344456180018
docker/cli,11960887,2025-06-23,7,6,1,0.16666666666666666,6,1.75,4.383333333333333,0.008333333333333333,1.7416666666666667,7,0,0.0,0,0,,train,False,False,1.0116009116784799,0.9963334395476915,0.015267472130788384
docker/cli,11960887,2025-06-30,16,14,0,0.0,14,1.6916666666666667,2.0183333333333335,0.016666666666666666,1.6833333333333333,16,0,0.0,0,0,,train,False,False,0.9901605804406106,0.9963334395476915,-0.006172859107080875
docker/cli,11960887,2025-07-07,38,35,1,0.02857142857142857,35,1.6666666666666667,2.0166666666666666,0.016666666666666666,1.65,38,0,0.0,0,0,,train,False,False,0.9808292530117262,0.9963334395476915,-0.015504186535965303
docker/cli,11960887,2025-07-14,34,33,3,0.09090909090909091,33,1.65,1.9133333333333333,0.016666666666666666,1.6333333333333333,33,1,0.030303030303030304,1,0,0.0,train,False,False,0.9745596399981308,0.9963334395476915,-0.021773799549560713
docker/cli,11960887,2025-07-21,74,63,10,0.15873015873015872,63,1.6833333333333333,2.006666666666667,0.016666666666666666,1.675,68,6,0.08823529411764706,6,0,0.0,train,False,False,0.9870598027623623,0.9963334395476915,-0.00927363678532922
docker/cli,11960887,2025-07-28,64,62,4,0.06451612903225806,62,1.6833333333333333,1.865,0.016666666666666666,1.6666666666666667,61,2,0.03278688524590164,3,1,0.5,train,False,False,0.9870598027623623,0.9963334395476915,-0.00927363678532922
docker/cli,11960887,2025-08-04,37,35,0,0.0,35,1.75,2.2833333333333337,0.016666666666666666,1.7333333333333334,37,0,0.0,0,0,,train,False,False,1.0116009116784799,0.9963334395476915,0.015267472130788384
docker/cli,11960887,2025-08-11,64,62,8,0.12903225806451613,62,1.725,2.3283333333333336,0.0,1.7333333333333334,62,2,0.03225806451612903,2,2,1.0,train,False,False,1.0024684281152074,0.9963334395476915,0.006134988567515931
docker/cli,11960887,2025-08-18,167,157,11,0.07006369426751592,157,1.7166666666666666,2.1366666666666667,0.016666666666666666,1.7,164,3,0.018292682926829267,3,1,0.3333333333333333,train,False,False,0.9994056385846616,0.9963334395476915,0.0030721990369700913
docker/cli,11960887,2025-08-25,94,92,14,0.15217391304347827,92,1.7166666666666666,2.1433333333333335,0.016666666666666666,1.7333333333333334,87,7,0.08045977011494253,7,7,1.0,train,False,False,0.9994056385846616,0.9963334395476915,0.0030721990369700913
docker/cli,11960887,2025-09-01,59,59,8,0.13559322033898305,59,1.7,1.8833333333333333,0.0,1.7,59,0,0.0,0,0,,train,False,False,0.9932517730102833,0.9963334395476915,-0.0030816665374081564
docker/cli,11960887,2025-09-08,36,36,2,0.05555555555555555,36,1.7333333333333334,2.041666666666667,0.016666666666666666,1.7333333333333334,36,0,0.0,0,0,,train,False,False,1.0055218656020977,0.9963334395476915,0.009188426054406174
docker/cli,11960887,2025-09-15,4,4,0,0.0,4,1.7083333333333333,1.845,0.016666666666666666,1.6916666666666667,4,0,0.0,0,0,,train,False,False,0.9963334395476915,0.9963334395476915,0.0
docker/cli,11960887,2025-09-22,103,99,10,0.10101010101010101,99,1.75,1.9200000000000002,0.016666666666666666,1.75,99,4,0.04040404040404041,4,2,0.5,train,False,False,1.0116009116784799,0.9963334395476915,0.015267472130788384
docker/cli,11960887,2025-09-29,33,32,4,0.125,32,1.7416666666666667,2.116666666666667,0.016666666666666666,1.7333333333333334,33,0,0.0,0,0,,train,False,False,1.0085660079833259,0.9963334395476915,0.012232568435634361
docker/cli,11960887,2025-10-06,80,73,4,0.0547945205479452,73,1.7666666666666666,4.3599999999999985,0.016666666666666666,1.75,78,2,0.02564102564102564,2,1,0.5,train,False,False,1.0176432261344426,0.9963334395476915,0.02130978658675109
docker/cli,11960887,2025-10-13,28,28,3,0.10714285714285714,28,1.7,1.805,0.016666666666666666,1.6916666666666667,28,0,0.0,0,0,,train,False,False,0.9932517730102833,0.9963334395476915,-0.0030816665374081564
docker/cli,11960887,2025-10-20,34,30,7,0.23333333333333334,30,1.9,2.19,0.016666666666666666,1.8833333333333333,33,1,0.030303030303030304,1,0,0.0,train,False,False,1.0647107369924282,0.9963334395476915,0.06837729744473675
docker/cli,11960887,2025-10-27,73,70,6,0.08571428571428572,70,1.8333333333333333,2.118333333333333,0.016666666666666666,1.8166666666666667,72,1,0.013888888888888888,1,1,1.0,train,False,False,1.041453874828161,0.9963334395476915,0.045120435280469495
docker/cli,11960887,2025-11-03,98,96,3,0.03125,96,1.7166666666666666,1.8833333333333333,0.0,1.7083333333333333,96,2,0.020833333333333332,2,0,0.0,train,False,False,0.9994056385846616,0.9963334395476915,0.0030721990369700913
docker/cli,11960887,2025-11-10,24,20,0,0.0,20,1.6833333333333333,1.7750000000000001,0.016666666666666666,1.6583333333333332,24,0,0.0,0,0,,train,False,False,0.9870598027623623,0.9963334395476915,-0.00927363678532922
docker/cli,11960887,2025-11-17,7,7,0,0.0,7,1.7333333333333334,1.8133333333333332,0.016666666666666666,1.7166666666666666,7,0,0.0,0,0,,train,False,False,1.0055218656020977,0.9963334395476915,0.009188426054406174
docker/cli,11960887,2025-11-24,15,14,0,0.0,14,1.7,2.8933333333333344,0.016666666666666666,1.6833333333333333,15,0,0.0,0,0,,train,False,False,0.9932517730102833,0.9963334395476915,-0.0030816665374081564
docker/cli,11960887,2025-12-01,8,8,1,0.125,8,1.7,6.641666666666663,0.016666666666666666,1.6833333333333333,8,0,0.0,0,0,,train,False,False,0.9932517730102833,0.9963334395476915,-0.0030816665374081564
docker/cli,11960887,2025-12-08,18,18,0,0.0,18,1.7083333333333335,1.9366666666666668,0.016666666666666666,1.7000000000000002,18,0,0.0,0,0,,train,False,False,0.9963334395476915,0.9963334395476915,0.0
docker/cli,11960887,2025-12-15,15,15,4,0.26666666666666666,15,2.0166666666666666,6.04,0.0,3.8666666666666667,12,3,0.25,3,3,1.0,train,False,False,1.104152469043725,0.9963334395476915,0.1078190294960335
docker/cli,11960887,2025-12-22,10,10,1,0.1,10,1.675,5.5616666666666665,0.016666666666666666,1.6666666666666665,10,0,0.0,0,0,,train,False,False,0.9839493803479699,0.9963334395476915,-0.012384059199721631
docker/cli,11960887,2025-12-29,2,1,0,0.0,1,1.8666666666666667,1.8666666666666667,0.016666666666666666,1.85,1,1,1.0,1,0,0.0,train,False,False,1.0531499145913523,0.9963334395476915,0.05681647504366083
docker/cli,11960887,2026-01-05,4,3,0,0.0,3,1.8,1.8133333333333332,0.0,1.8,3,1,0.3333333333333333,1,0,0.0,train,False,False,1.0296194171811581,0.9963334395476915,0.033285977633466635
docker/cli,11960887,2026-01-12,27,25,2,0.08,25,1.6333333333333333,1.876666666666667,0.016666666666666666,1.6333333333333333,26,1,0.038461538461538464,1,0,0.0,train,False,False,0.9682504708048661,0.9963334395476915,-0.028082968742825343
docker/cli,11960887,2026-01-19,7,6,0,0.0,6,1.6833333333333333,1.775,0.016666666666666666,1.6749999999999998,6,1,0.16666666666666666,1,0,0.0,train,False,False,0.9870598027623623,0.9963334395476915,-0.00927363678532922
docker/cli,11960887,2026-01-26,15,15,1,0.06666666666666667,15,1.6166666666666667,1.7833333333333334,0.016666666666666666,1.6,15,0,0.0,0,0,,train,False,False,0.9619012431262074,0.9963334395476915,-0.034432196421484096
docker/cli,11960887,2026-02-02,19,17,0,0.0,17,1.7,1.7666666666666666,0.016666666666666666,1.6666666666666667,18,1,0.05555555555555555,1,0,0.0,train,False,False,0.9932517730102833,0.9963334395476915,-0.0030816665374081564
docker/cli,11960887,2026-02-09,57,46,0,0.0,46,1.6666666666666667,2.291666666666667,0.016666666666666666,1.6583333333333332,54,3,0.05555555555555555,3,0,0.0,train,False,False,0.9808292530117262,0.9963334395476915,-0.015504186535965303
docker/cli,11960887,2026-02-16,6,6,0,0.0,6,1.6583333333333332,2.025,0.016666666666666666,1.6416666666666666,6,0,0.0,0,0,,train,False,False,0.9776993600027986,0.9963334395476915,-0.018634079544892934
docker/cli,11960887,2026-02-23,16,15,1,0.06666666666666667,15,1.7166666666666666,3.4533333333333323,0.016666666666666666,1.7,15,1,0.06666666666666667,1,0,0.0,train,False,False,0.9994056385846616,0.9963334395476915,0.0030721990369700913
docker/cli,11960887,2026-03-02,21,17,0,0.0,17,1.7666666666666666,2.6500000000000004,0.016666666666666666,1.7666666666666666,17,4,0.23529411764705882,4,0,0.0,purge,False,False,1.0176432261344426,0.9963334395476915,0.02130978658675109
docker/cli,11960887,2026-03-09,14,9,0,0.0,9,1.6833333333333333,1.7333333333333334,0.0,1.6833333333333333,9,5,0.5555555555555556,5,0,0.0,purge,False,False,0.9870598027623623,0.9963334395476915,-0.00927363678532922
docker/cli,11960887,2026-03-16,40,37,2,0.05405405405405406,37,1.7166666666666666,1.9966666666666666,0.016666666666666666,1.7,38,2,0.05263157894736842,2,0,0.0,purge,False,False,0.9994056385846616,0.9963334395476915,0.0030721990369700913
docker/cli,11960887,2026-03-23,20,17,3,0.17647058823529413,17,1.6333333333333333,2.106666666666667,0.016666666666666666,1.6666666666666667,17,3,0.17647058823529413,3,2,0.6666666666666666,purge,False,False,0.9682504708048661,0.9963334395476915,-0.028082968742825343
docker/cli,11960887,2026-03-30,48,46,1,0.021739130434782608,46,1.6333333333333333,1.7416666666666667,0.016666666666666666,1.6166666666666667,45,3,0.06666666666666667,3,1,0.3333333333333333,holdout,False,False,0.9682504708048661,0.9963334395476915,-0.028082968742825343
docker/cli,11960887,2026-04-06,11,9,0,0.0,9,1.6666666666666667,1.9866666666666668,0.0,1.6666666666666667,9,2,0.2222222222222222,2,0,0.0,holdout,False,False,0.9808292530117262,0.9963334395476915,-0.015504186535965303
docker/cli,11960887,2026-04-13,19,14,0,0.0,14,1.7416666666666667,2.1100000000000003,0.016666666666666666,1.725,14,5,0.35714285714285715,5,0,0.0,holdout,False,False,1.0085660079833259,0.9963334395476915,0.012232568435634361
docker/cli,11960887,2026-04-20,40,33,2,0.06060606060606061,33,1.8,2.466666666666667,0.016666666666666666,1.8,34,6,0.17647058823529413,6,1,0.16666666666666666,holdout,False,False,1.0296194171811581,0.9963334395476915,0.033285977633466635
docker/cli,11960887,2026-04-27,2,2,1,0.5,2,2.658333333333333,3.3583333333333334,0.008333333333333333,2.65,2,0,0.0,0,0,,holdout,False,False,1.2970076702931252,0.9963334395476915,0.30067423074543376
docker/cli,11960887,2026-05-04,27,24,1,0.041666666666666664,24,1.9916666666666667,2.283333333333333,0.016666666666666666,2.0166666666666666,23,4,0.17391304347826086,4,1,0.25,holdout,False,False,1.0958306457062328,0.9963334395476915,0.0994972061585413
docker/cli,11960887,2026-05-11,64,45,0,0.0,45,1.8666666666666667,2.22,0.016666666666666666,1.85,48,16,0.3333333333333333,16,0,0.0,holdout,False,False,1.0531499145913523,0.9963334395476915,0.05681647504366083
docker/cli,11960887,2026-05-18,12,11,0,0.0,11,1.8166666666666667,2.066666666666667,0.016666666666666666,1.6666666666666667,12,0,0.0,0,0,,holdout,False,False,1.0355541527009726,0.9963334395476915,0.03922071315328113
docker/cli,11960887,2026-05-25,26,19,4,0.21052631578947367,19,1.9166666666666667,2.283333333333333,0.016666666666666666,1.9666666666666666,15,11,0.7333333333333333,11,4,0.36363636363636365,holdout,False,False,1.0704414117014134,0.9963334395476915,0.07410797215372189
docker/cli,11960887,2026-06-01,32,25,4,0.16,25,2.033333333333333,2.656666666666667,0.016666666666666666,2.05,25,7,0.28,7,2,0.2857142857142857,holdout,False,False,1.1096621248546947,0.9963334395476915,0.11332868530700324
docker/cli,11960887,2026-06-08,48,37,7,0.1891891891891892,36,2.3583333333333334,4.725,0.016666666666666666,2.6166666666666667,39,9,0.23076923076923078,9,4,0.4444444444444444,holdout,False,False,1.211444819164637,0.9963334395476915,0.2151113796169455
docker/cli,11960887,2026-06-15,7,5,0,0.0,5,2.066666666666667,3.7800000000000002,0.016666666666666666,2.05,5,2,0.4,2,0,0.0,holdout,False,False,1.120591195386885,0.9963334395476915,0.12425775583919352
docker/cli,11960887,2026-06-22,16,15,2,0.13333333333333333,15,2.0166666666666666,2.4299999999999997,0.016666666666666666,2.0166666666666666,13,2,0.15384615384615385,3,1,0.5,holdout,False,False,1.104152469043725,0.9963334395476915,0.1078190294960335
docker/cli,11960887,2026-06-29,11,11,0,0.0,11,2.15,2.433333333333333,0.016666666666666666,2.1,11,0,0.0,0,0,,holdout,False,False,1.1474024528375417,0.9963334395476915,0.15106901328985023
docker/cli,11960887,2026-07-06,42,35,1,0.02857142857142857,35,2.1166666666666667,4.696666666666668,0.016666666666666666,2.1,39,3,0.07692307692307693,3,1,0.3333333333333333,holdout,False,False,1.136764054632486,0.9963334395476915,0.14043061508479449
docker/cli,11960887,2026-07-13,13,10,0,0.0,10,2.033333333333333,2.1466666666666665,0.016666666666666666,2.0166666666666666,12,1,0.08333333333333333,1,0,0.0,holdout,False,False,1.1096621248546947,0.9963334395476915,0.11332868530700324
docker/cli,11960887,2026-07-20,26,18,3,0.16666666666666666,18,2.1,3.3383333333333343,0.016666666666666666,2.1416666666666666,20,6,0.3,6,2,0.3333333333333333,holdout,False,False,1.1314021114911006,0.9963334395476915,0.1350686719434091
docker/cli,11960887,2026-07-27,34,25,1,0.04,25,3.0,6.81666666666667,0.016666666666666666,3.0,30,3,0.1,4,1,0.3333333333333333,holdout,False,False,1.3862943611198906,0.9963334395476915,0.3899609215721991
docker/cli,11960887,2026-08-03,23,11,1,0.09090909090909091,11,6.7,20.433333333333334,0.016666666666666666,6.683333333333334,21,2,0.09523809523809523,2,0,0.0,holdout,False,False,2.0412203288596382,0.9963334395476915,1.0448868893119467
docker/cli,13745641,2025-06-23,8,7,3,0.42857142857142855,7,4.166666666666667,4.8966666666666665,0.05,4.183333333333334,7,1,0.14285714285714285,1,1,1.0,train,False,False,1.6422277352570913,1.6470534877722576,-0.0048257525151662595
docker/cli,13745641,2025-06-30,20,17,8,0.47058823529411764,17,4.2,4.493333333333333,0.03333333333333333,4.283333333333333,16,4,0.25,4,4,1.0,train,False,False,1.6486586255873816,1.6470534877722576,0.001605137815124058
docker/cli,13745641,2025-07-07,50,46,23,0.5,46,4.266666666666667,4.675000000000001,0.03333333333333333,4.324999999999999,38,11,0.2894736842105263,12,10,0.9090909090909091,train,False,False,1.6613976513648114,1.6470534877722576,0.01434416359255386
docker/cli,13745641,2025-07-14,41,39,18,0.46153846153846156,39,4.283333333333333,4.47,0.05,4.283333333333333,33,8,0.24242424242424243,8,7,0.875,train,False,False,1.66455721165518,1.6470534877722576,0.017503723882922317
docker/cli,13745641,2025-07-21,89,75,41,0.5466666666666666,75,4.316666666666666,4.720000000000001,0.03333333333333333,4.366666666666666,68,17,0.25,21,13,0.7647058823529411,train,False,False,1.6708465405627437,1.6470534877722576,0.023793052790486158
docker/cli,13745641,2025-07-28,82,68,41,0.6029411764705882,68,4.333333333333333,4.676666666666667,0.03333333333333333,4.35,61,19,0.3114754098360656,21,12,0.631578947368421,train,False,False,1.6739764335716716,1.6470534877722576,0.02692294579941401
docker/cli,13745641,2025-08-04,65,60,38,0.6333333333333333,60,4.3,4.6049999999999995,0.03333333333333333,4.533333333333333,37,19,0.5135135135135135,28,15,0.7894736842105263,train,False,False,1.667706820558076,1.6470534877722576,0.02065333278581849
docker/cli,13745641,2025-08-11,87,81,36,0.4444444444444444,81,4.35,4.683333333333334,0.03333333333333333,4.433333333333334,62,25,0.4032258064516129,25,24,0.96,train,False,False,1.6770965609079151,1.6470534877722576,0.030043073135657572
docker/cli,13745641,2025-08-18,218,198,78,0.3939393939393939,198,4.366666666666666,4.655,0.03333333333333333,4.4,164,49,0.29878048780487804,54,48,0.9795918367346939,train,False,False,1.6802069833223074,1.6470534877722576,0.03315349555004987
docker/cli,13745641,2025-08-25,121,111,45,0.40540540540540543,111,4.316666666666666,4.733333333333333,0.05,4.383333333333334,87,30,0.3448275862068966,34,29,0.9666666666666667,train,False,False,1.6708465405627437,1.6470534877722576,0.023793052790486158
docker/cli,13745641,2025-09-01,74,71,31,0.43661971830985913,71,4.35,4.616666666666666,0.03333333333333333,4.366666666666666,59,15,0.2542372881355932,15,15,1.0,train,False,False,1.6770965609079151,1.6470534877722576,0.030043073135657572
docker/cli,13745641,2025-09-08,45,43,18,0.4186046511627907,43,4.433333333333334,4.916666666666667,0.05,4.483333333333333,36,9,0.25,9,8,0.8888888888888888,train,False,False,1.692552819144607,1.6470534877722576,0.045499331372349516
docker/cli,13745641,2025-09-15,5,5,2,0.4,5,4.4,4.46,0.05,4.35,4,1,0.25,1,1,1.0,train,False,False,1.6863989535702288,1.6470534877722576,0.03934546579797127
docker/cli,13745641,2025-09-22,136,129,69,0.5348837209302325,129,4.283333333333333,4.653333333333333,0.05,4.35,99,32,0.32323232323232326,37,24,0.75,train,False,False,1.66455721165518,1.6470534877722576,0.017503723882922317
docker/cli,13745641,2025-09-29,44,43,15,0.3488372093023256,43,4.266666666666667,4.51,0.03333333333333333,4.333333333333333,33,11,0.3333333333333333,11,11,1.0,train,False,False,1.6613976513648114,1.6470534877722576,0.01434416359255386
docker/cli,13745641,2025-10-06,88,80,37,0.4625,80,4.308333333333334,4.701666666666667,0.05,4.275,78,9,0.11538461538461539,10,9,1.0,train,False,False,1.6692779127901174,1.6470534877722576,0.022224425017859817
docker/cli,13745641,2025-10-13,35,32,18,0.5625,32,4.316666666666666,4.648333333333333,0.05,4.333333333333333,28,7,0.25,7,5,0.7142857142857143,train,False,False,1.6708465405627437,1.6470534877722576,0.023793052790486158
docker/cli,13745641,2025-10-20,36,29,13,0.4482758620689655,29,4.533333333333333,4.906666666666667,0.13333333333333333,4.35,33,3,0.09090909090909091,3,2,0.6666666666666666,train,False,False,1.7107904066943878,1.6470534877722576,0.06373691892213018
docker/cli,13745641,2025-10-27,85,78,31,0.3974358974358974,78,4.425000000000001,4.8,0.03333333333333333,4.45,72,13,0.18055555555555555,13,12,0.9230769230769231,train,False,False,1.6910178994265235,1.6470534877722576,0.0439644116542659
docker/cli,13745641,2025-11-03,123,117,49,0.4188034188034188,117,4.166666666666667,4.423333333333334,0.03333333333333333,4.183333333333334,96,26,0.2708333333333333,27,24,0.9230769230769231,train,False,False,1.6422277352570913,1.6470534877722576,-0.0048257525151662595
docker/cli,13745641,2025-11-10,31,25,8,0.32,25,4.183333333333334,4.75,0.05,4.2,24,6,0.25,7,6,1.0,train,False,False,1.6454483499571335,1.6470534877722576,-0.001605137815124058
docker/cli,13745641,2025-11-17,11,11,4,0.36363636363636365,11,4.15,5.283333333333333,0.05,5.233333333333333,7,4,0.5714285714285714,4,4,1.0,train,False,False,1.6389967146756448,1.6470534877722576,-0.00805677309661279
docker/cli,13745641,2025-11-24,19,18,6,0.3333333333333333,18,4.125,6.5116666666666685,0.04166666666666667,4.125,15,4,0.26666666666666666,4,4,1.0,train,False,False,1.634130525024472,1.6470534877722576,-0.012922962747785594
docker/cli,13745641,2025-12-01,11,11,4,0.36363636363636365,11,4.066666666666666,5.533333333333333,0.05,4.1,8,3,0.375,3,3,1.0,train,False,False,1.622683139184121,1.6470534877722576,-0.02437034858813658
docker/cli,13745641,2025-12-08,24,22,9,0.4090909090909091,22,4.116666666666666,4.525,0.05,4.116666666666667,18,5,0.2777777777777778,6,4,0.8,train,False,False,1.6325031853650964,1.6470534877722576,-0.014550302407161153
docker/cli,13745641,2025-12-15,15,15,6,0.4,15,4.066666666666666,6.753333333333332,0.03333333333333333,4.2,12,3,0.25,3,3,1.0,train,False,False,1.622683139184121,1.6470534877722576,-0.02437034858813658
docker/cli,13745641,2025-12-22,13,13,4,0.3076923076923077,13,4.05,4.123333333333334,0.05,4.033333333333333,10,3,0.3,3,3,1.0,train,False,False,1.6193882432872684,1.6470534877722576,-0.027665244484989193
docker/cli,13745641,2025-12-29,2,1,0,0.0,1,4.016666666666667,4.016666666666667,0.03333333333333333,3.9833333333333334,1,1,1.0,1,0,0.0,train,False,False,1.612765702526775,1.6470534877722576,-0.034287785245482594
docker/cli,13745641,2026-01-05,5,4,1,0.25,4,4.1083333333333325,4.128333333333334,0.05,4.074999999999999,3,2,0.6666666666666666,2,1,0.5,train,False,False,1.6308731931541653,1.6470534877722576,-0.016180294618092228
docker/cli,13745641,2026-01-12,38,36,16,0.4444444444444444,36,4.041666666666666,4.266666666666667,0.03333333333333333,4.116666666666666,26,11,0.4230769230769231,12,11,1.0,train,False,False,1.6177367152487954,1.6470534877722576,-0.02931677252346221
docker/cli,13745641,2026-01-19,8,7,1,0.14285714285714285,7,4.066666666666666,4.743333333333334,0.03333333333333333,4.033333333333333,6,2,0.3333333333333333,2,1,0.5,train,False,False,1.622683139184121,1.6470534877722576,-0.02437034858813658
docker/cli,13745641,2026-01-26,20,20,7,0.35,20,4.041666666666666,4.133333333333334,0.03333333333333333,4.041666666666666,15,5,0.3333333333333333,5,5,1.0,train,False,False,1.6177367152487954,1.6470534877722576,-0.02931677252346221
docker/cli,13745641,2026-02-02,26,22,9,0.4090909090909091,22,4.074999999999999,4.451666666666667,0.03333333333333333,4.1,18,7,0.3888888888888889,8,6,0.8571428571428571,train,False,False,1.624326524927851,1.6470534877722576,-0.022726962844406673
docker/cli,13745641,2026-02-09,70,56,27,0.48214285714285715,56,4.091666666666667,4.308333333333334,0.05,4.066666666666666,54,14,0.25925925925925924,16,11,0.7857142857142857,train,False,False,1.6276052163895494,1.6470534877722576,-0.019448271382708215
docker/cli,13745641,2026-02-16,10,10,5,0.5,10,4.083333333333333,4.233333333333333,0.04166666666666667,4.133333333333333,6,3,0.5,4,3,1.0,train,False,False,1.6259672143853108,1.6470534877722576,-0.021086273386946797
docker/cli,13745641,2026-02-23,22,21,7,0.3333333333333333,21,4.05,4.166666666666667,0.03333333333333333,4.05,15,7,0.4666666666666667,7,6,0.8571428571428571,train,False,False,1.6193882432872684,1.6470534877722576,-0.027665244484989193
docker/cli,13745641,2026-03-02,26,21,4,0.19047619047619047,21,4.066666666666666,4.333333333333333,0.03333333333333333,4.183333333333334,17,9,0.5294117647058824,9,4,0.4444444444444444,purge,False,False,1.622683139184121,1.6470534877722576,-0.02437034858813658
docker/cli,13745641,2026-03-09,17,11,4,0.36363636363636365,11,4.133333333333334,4.55,0.03333333333333333,4.133333333333334,9,6,0.6666666666666666,8,3,0.5,purge,False,False,1.6357552207514738,1.6470534877722576,-0.011298267020783737
docker/cli,13745641,2026-03-16,47,43,21,0.4883720930232558,43,4.15,4.373333333333334,0.05,4.133333333333334,38,8,0.21052631578947367,9,6,0.75,purge,False,False,1.6389967146756448,1.6470534877722576,-0.00805677309661279
docker/cli,13745641,2026-03-23,24,19,9,0.47368421052631576,19,4.133333333333334,5.1099999999999985,0.05,4.383333333333334,17,5,0.29411764705882354,7,5,1.0,purge,False,False,1.6357552207514738,1.6470534877722576,-0.011298267020783737
docker/cli,13745641,2026-03-30,55,51,13,0.2549019607843137,51,4.15,4.5,0.05,4.166666666666667,45,10,0.2222222222222222,10,7,0.7,holdout,False,False,1.6389967146756448,1.6470534877722576,-0.00805677309661279
docker/cli,13745641,2026-04-06,11,9,0,0.0,9,4.166666666666667,4.413333333333334,0.05,4.116666666666666,9,2,0.2222222222222222,2,0,0.0,holdout,False,False,1.6422277352570913,1.6470534877722576,-0.0048257525151662595
docker/cli,13745641,2026-04-13,20,14,2,0.14285714285714285,14,4.158333333333333,5.165,0.03333333333333333,4.158333333333333,14,6,0.42857142857142855,6,1,0.16666666666666666,holdout,False,False,1.6406135299025502,1.6470534877722576,-0.006439957869707413
docker/cli,13745641,2026-04-20,45,38,10,0.2631578947368421,38,4.308333333333334,5.13,0.05,4.408333333333333,34,11,0.3235294117647059,11,6,0.5454545454545454,holdout,False,False,1.6692779127901174,1.6470534877722576,0.022224425017859817
docker/cli,13745641,2026-04-27,2,2,0,0.0,2,4.358333333333333,4.418333333333334,0.04166666666666667,4.316666666666666,2,0,0.0,0,0,,holdout,False,False,1.6786529814555735,1.6470534877722576,0.03159949368331594
docker/cli,13745641,2026-05-04,29,25,5,0.2,24,4.416666666666666,4.678333333333334,0.05,4.425000000000001,23,6,0.2608695652173913,6,3,0.5,holdout,False,False,1.6894806201076367,1.6470534877722576,0.04242713233537909
docker/cli,13745641,2026-05-11,67,46,6,0.13043478260869565,46,4.425000000000001,4.9,0.05,4.383333333333334,48,18,0.375,19,3,0.16666666666666666,holdout,False,False,1.6910178994265235,1.6470534877722576,0.0439644116542659
docker/cli,13745641,2026-05-18,12,11,0,0.0,11,4.166666666666667,4.75,0.05,4.133333333333334,12,0,0.0,0,0,,holdout,False,False,1.6422277352570913,1.6470534877722576,-0.0048257525151662595
docker/cli,13745641,2026-05-25,27,20,8,0.4,20,4.216666666666667,5.093333333333333,0.04166666666666667,4.241666666666667,15,11,0.7333333333333333,12,5,0.45454545454545453,holdout,False,False,1.6518586283180525,1.6470534877722576,0.00480514054579495
docker/cli,13745641,2026-06-01,33,26,4,0.15384615384615385,26,4.15,4.333333333333333,0.05,4.125,25,8,0.32,8,3,0.375,holdout,False,False,1.6389967146756448,1.6470534877722576,-0.00805677309661279
docker/cli,13745641,2026-06-08,51,40,15,0.375,40,4.225,4.71,0.05,4.233333333333333,39,11,0.28205128205128205,12,7,0.6363636363636364,holdout,False,False,1.6534547978508747,1.6470534877722576,0.006401310078617106
docker/cli,13745641,2026-06-15,7,5,0,0.0,5,4.166666666666667,20.893333333333338,0.05,4.133333333333334,5,2,0.4,2,0,0.0,holdout,False,False,1.6422277352570913,1.6470534877722576,-0.0048257525151662595
docker/cli,13745641,2026-06-22,16,14,4,0.2857142857142857,14,4.1416666666666675,4.465,0.05,4.15,13,2,0.15384615384615385,3,1,0.5,holdout,False,False,1.637377281123342,1.6470534877722576,-0.009676206648915553
docker/cli,13745641,2026-06-29,11,11,2,0.18181818181818182,11,4.216666666666667,4.333333333333333,0.05,4.183333333333334,11,0,0.0,0,0,,holdout,False,False,1.6518586283180525,1.6470534877722576,0.00480514054579495
docker/cli,13745641,2026-07-06,46,38,8,0.21052631578947367,38,4.241666666666667,5.550000000000001,0.05,4.233333333333333,39,7,0.1794871794871795,7,5,0.7142857142857143,holdout,False,False,1.6566395139183947,1.6470534877722576,0.009586026146137128
docker/cli,13745641,2026-07-13,13,10,1,0.1,10,4.233333333333333,4.573333333333333,0.05,4.183333333333334,12,1,0.08333333333333333,1,0,0.0,holdout,False,False,1.6550484236861527,1.6470534877722576,0.007994935913895107
docker/cli,13745641,2026-07-20,24,16,1,0.0625,15,4.333333333333333,4.863333333333333,0.03333333333333333,4.3,20,4,0.2,4,0,0.0,holdout,False,False,1.6739764335716716,1.6470534877722576,0.02692294579941401
docker/cli,13745641,2026-07-27,34,25,2,0.08,25,4.383333333333334,4.876666666666667,0.05,4.35,30,4,0.13333333333333333,4,1,0.25,holdout,False,False,1.683307761000556,1.6470534877722576,0.03625427322829844
docker/cli,13745641,2026-08-03,23,11,1,0.09090909090909091,11,4.466666666666667,17.15,0.05,4.416666666666667,21,2,0.09523809523809523,2,0,0.0,holdout,False,False,1.698669046162043,1.6470534877722576,0.05161555838978549
docker/cli,15373816,2025-06-23,8,7,2,0.2857142857142857,7,2.1,2.48,0.05,2.066666666666667,7,1,0.14285714285714285,1,1,1.0,train,False,False,1.1314021114911006,1.2431935174792172,-0.11179140598811665
docker/cli,15373816,2025-06-30,16,14,0,0.0,14,1.9666666666666668,2.8216666666666668,0.05,1.9166666666666665,16,0,0.0,0,0,,train,False,False,1.0874389880699844,1.2431935174792172,-0.15575452940923284
docker/cli,15373816,2025-07-07,42,39,7,0.1794871794871795,39,2.3666666666666667,3.046666666666667,0.05,2.3666666666666667,38,4,0.10526315789473684,4,4,1.0,train,False,False,1.213923135179104,1.2431935174792172,-0.02927038230011325
docker/cli,15373816,2025-07-14,39,38,13,0.34210526315789475,38,2.25,2.9933333333333336,0.05,2.4416666666666664,33,5,0.15151515151515152,6,4,0.8,train,False,False,1.1786549963416462,1.2431935174792172,-0.06453852113757108
docker/cli,15373816,2025-07-21,74,63,19,0.30158730158730157,63,2.1333333333333333,2.5933333333333337,0.05,2.066666666666667,68,6,0.08823529411764706,6,1,0.16666666666666666,train,False,False,1.1420974006078486,1.2431935174792172,-0.10109611687136866
docker/cli,15373816,2025-07-28,67,64,21,0.328125,64,2.05,2.8000000000000003,0.05,2.033333333333333,61,6,0.09836065573770492,6,4,0.6666666666666666,train,False,False,1.1151415906193203,1.2431935174792172,-0.12805192685989697
docker/cli,15373816,2025-08-04,40,37,5,0.13513513513513514,37,2.1166666666666667,2.783333333333333,0.05,2.066666666666667,37,3,0.08108108108108109,3,3,1.0,train,False,False,1.136764054632486,1.2431935174792172,-0.10642946284673127
docker/cli,15373816,2025-08-11,63,61,8,0.13114754098360656,61,2.4166666666666665,3.4166666666666665,0.05,2.3666666666666667,62,1,0.016129032258064516,1,1,1.0,train,False,False,1.2286654169163074,1.2431935174792172,-0.014528100562909874
docker/cli,15373816,2025-08-18,177,167,38,0.2275449101796407,167,2.2,2.963333333333334,0.05,2.183333333333333,164,11,0.06707317073170732,13,9,0.8181818181818182,train,False,False,1.1631508098056809,1.2431935174792172,-0.08004270767353638
docker/cli,15373816,2025-08-25,90,86,12,0.13953488372093023,86,2.1333333333333333,2.833333333333333,0.05,2.0833333333333335,87,3,0.034482758620689655,3,3,1.0,train,False,False,1.1420974006078486,1.2431935174792172,-0.10109611687136866
docker/cli,15373816,2025-09-01,62,62,21,0.3387096774193548,62,2.275,3.131666666666667,0.05,2.283333333333333,59,3,0.05084745762711865,3,3,1.0,train,False,False,1.1863178690872151,1.2431935174792172,-0.0568756483920021
docker/cli,15373816,2025-09-08,39,38,14,0.3684210526315789,38,2.4,3.4716666666666667,0.05,2.3583333333333334,36,2,0.05555555555555555,3,1,0.5,train,False,False,1.2237754316221157,1.2431935174792172,-0.019418085857101586
docker/cli,15373816,2025-09-15,4,4,0,0.0,4,2.1,2.811666666666667,0.05,2.05,4,0,0.0,0,0,,train,False,False,1.1314021114911006,1.2431935174792172,-0.11179140598811665
docker/cli,15373816,2025-09-22,107,104,28,0.2692307692307692,104,2.183333333333333,2.895,0.05,2.15,99,8,0.08080808080808081,8,6,0.75,train,False,False,1.157928865824529,1.2431935174792172,-0.08526465165468822
docker/cli,15373816,2025-09-29,51,48,21,0.4375,48,2.3499999999999996,15.033333333333333,0.03333333333333333,2.783333333333333,33,7,0.21212121212121213,18,7,1.0,train,False,False,1.2089603458369749,1.2431935174792172,-0.03423317164224238
docker/cli,15373816,2025-10-06,80,75,47,0.6266666666666667,75,3.15,3.960000000000001,0.05,3.1,78,2,0.02564102564102564,2,2,1.0,train,False,False,1.423108334242607,1.2431935174792172,0.17991481676338972
docker/cli,15373816,2025-10-13,30,27,5,0.18518518518518517,27,3.5,4.186666666666667,0.05,3.6,28,2,0.07142857142857142,2,2,1.0,train,False,False,1.5040773967762742,1.2431935174792172,0.2608838792970569
docker/cli,15373816,2025-10-20,36,31,16,0.5161290322580645,31,2.4166666666666665,3.716666666666667,0.05,2.5833333333333335,33,3,0.09090909090909091,3,3,1.0,train,False,False,1.2286654169163074,1.2431935174792172,-0.014528100562909874
docker/cli,15373816,2025-10-27,77,70,22,0.3142857142857143,70,3.075,3.935,0.05,3.075,72,5,0.06944444444444445,5,5,1.0,train,False,False,1.404870746692826,1.2431935174792172,0.16167722921360883
docker/cli,15373816,2025-11-03,105,100,20,0.2,100,3.25,4.233333333333333,0.05,3.316666666666667,96,9,0.09375,9,8,0.8888888888888888,train,False,False,1.4469189829363254,1.2431935174792172,0.20372546545710812
docker/cli,15373816,2025-11-10,25,21,1,0.047619047619047616,21,3.6333333333333333,4.0,0.05,3.566666666666667,24,1,0.041666666666666664,1,1,1.0,train,False,False,1.5332765514685363,1.2431935174792172,0.290083033989319
docker/cli,15373816,2025-11-17,8,8,2,0.25,8,3.0166666666666666,4.426666666666667,0.05,3.1166666666666667,7,1,0.14285714285714285,1,1,1.0,train,False,False,1.3904523712685544,1.2431935174792172,0.14725885378933712
docker/cli,15373816,2025-11-24,15,14,3,0.21428571428571427,14,3.2583333333333333,3.725,0.05,3.216666666666667,15,0,0.0,0,0,,train,False,False,1.4488778474216584,1.2431935174792172,0.20568432994244112
docker/cli,15373816,2025-12-01,8,8,2,0.25,8,4.05,4.861666666666666,0.05,4.0,8,0,0.0,0,0,,train,False,False,1.6193882432872684,1.2431935174792172,0.37619472580805113
docker/cli,15373816,2025-12-08,19,17,3,0.17647058823529413,17,3.1,4.27,0.05,2.966666666666667,18,1,0.05555555555555555,1,0,0.0,train,False,False,1.410986973710262,1.2431935174792172,0.1677934562310448
docker/cli,15373816,2025-12-15,13,13,1,0.07692307692307693,13,2.65,4.383333333333334,0.03333333333333333,2.6166666666666667,12,1,0.08333333333333333,1,1,1.0,train,False,False,1.2947271675944,1.2431935174792172,0.05153365011518285
docker/cli,15373816,2025-12-22,10,10,2,0.2,10,2.666666666666667,2.983333333333333,0.05,2.6166666666666667,10,0,0.0,0,0,,train,False,False,1.2992829841302609,1.2431935174792172,0.05608946665104364
docker/cli,15373816,2025-12-29,2,1,0,0.0,1,3.033333333333333,3.033333333333333,0.05,2.9833333333333334,1,1,1.0,1,0,0.0,train,False,False,1.3945931639345857,1.2431935174792172,0.1513996464553684
docker/cli,15373816,2026-01-05,4,3,0,0.0,3,2.85,4.1433333333333335,0.05,2.816666666666667,3,1,0.3333333333333333,1,0,0.0,train,False,False,1.3480731482996928,1.2431935174792172,0.10487963082047558
docker/cli,15373816,2026-01-12,29,27,4,0.14814814814814814,27,2.45,2.94,0.05,2.3833333333333333,26,3,0.11538461538461539,3,2,0.6666666666666666,train,False,False,1.2383742310432684,1.2431935174792172,-0.004819286435948866
docker/cli,15373816,2026-01-19,7,6,0,0.0,6,2.466666666666667,3.591666666666667,0.04166666666666667,2.416666666666667,6,1,0.16666666666666666,1,0,0.0,train,False,False,1.2431935174792172,1.2431935174792172,0.0
docker/cli,15373816,2026-01-26,16,16,3,0.1875,16,2.55,4.175,0.05,2.6416666666666666,15,1,0.06666666666666667,1,1,1.0,train,False,False,1.2669476034873244,1.2431935174792172,0.023754086008107134
docker/cli,15373816,2026-02-02,19,15,0,0.0,15,2.9,3.966666666666667,0.05,2.85,18,1,0.05555555555555555,1,0,0.0,train,False,False,1.3609765531356006,1.2431935174792172,0.11778303565638337
docker/cli,15373816,2026-02-09,58,45,3,0.06666666666666667,45,3.05,4.5633333333333335,0.05,3.0,54,3,0.05555555555555555,4,1,0.3333333333333333,train,False,False,1.3987168811184478,1.2431935174792172,0.15552336363923058
docker/cli,15373816,2026-02-16,7,7,2,0.2857142857142857,7,2.466666666666667,3.013333333333333,0.05,2.4166666666666665,6,1,0.16666666666666666,1,0,0.0,train,False,False,1.2431935174792172,1.2431935174792172,0.0
docker/cli,15373816,2026-02-23,17,16,3,0.1875,16,2.475,3.4,0.03333333333333333,2.475,15,2,0.13333333333333333,2,1,0.5,train,False,False,1.2455944790167555,1.2431935174792172,0.0024009615375382154
docker/cli,15373816,2026-03-02,22,18,2,0.1111111111111111,18,2.3666666666666667,4.238333333333334,0.05,2.4000000000000004,17,5,0.29411764705882354,5,1,0.2,purge,False,False,1.213923135179104,1.2431935174792172,-0.02927038230011325
docker/cli,15373816,2026-03-09,15,9,1,0.1111111111111111,9,2.466666666666667,4.293333333333334,0.05,2.683333333333333,9,6,0.6666666666666666,6,1,0.16666666666666666,purge,False,False,1.2431935174792172,1.2431935174792172,0.0
docker/cli,15373816,2026-03-16,40,36,4,0.1111111111111111,36,3.025,4.508333333333333,0.05,2.9833333333333334,38,2,0.05263157894736842,2,0,0.0,purge,False,False,1.3925249108705269,1.2431935174792172,0.14933139339130963
docker/cli,15373816,2026-03-23,18,15,0,0.0,15,3.5,4.826666666666666,0.05,3.2333333333333334,17,1,0.058823529411764705,1,0,0.0,purge,False,False,1.5040773967762742,1.2431935174792172,0.2608838792970569
docker/cli,15373816,2026-03-30,48,44,5,0.11363636363636363,44,3.225,4.3500000000000005,0.05,3.2750000000000004,45,3,0.06666666666666667,3,1,0.3333333333333333,holdout,False,False,1.441019260809137,1.2431935174792172,0.19782574332991976
docker/cli,15373816,2026-04-06,12,10,2,0.2,10,3.0999999999999996,4.141666666666667,0.05,3.3916666666666666,9,3,0.3333333333333333,3,1,0.3333333333333333,holdout,False,False,1.410986973710262,1.2431935174792172,0.1677934562310448
docker/cli,15373816,2026-04-13,20,14,2,0.14285714285714285,14,3.175,4.971666666666667,0.05,3.333333333333333,14,6,0.42857142857142855,6,1,0.16666666666666666,holdout,False,False,1.4291143583028187,1.2431935174792172,0.1859208408236015
docker/cli,15373816,2026-04-20,40,33,3,0.09090909090909091,33,3.35,4.83,0.05,3.316666666666667,34,6,0.17647058823529413,6,1,0.16666666666666666,holdout,False,False,1.4701758451005926,1.2431935174792172,0.22698232762137538
docker/cli,15373816,2026-04-27,2,2,0,0.0,2,4.25,4.4366666666666665,0.05,4.2,2,0,0.0,0,0,,holdout,False,False,1.6582280766035324,1.2431935174792172,0.4150345591243152
docker/cli,15373816,2026-05-04,27,24,5,0.20833333333333334,24,3.6166666666666667,5.088333333333333,0.05,3.7333333333333334,23,4,0.17391304347826086,4,1,0.25,holdout,False,False,1.529672943965238,1.2431935174792172,0.28647942648602065
docker/cli,15373816,2026-05-11,69,49,9,0.1836734693877551,49,3.816666666666667,5.003333333333334,0.05,3.933333333333333,48,19,0.3958333333333333,21,4,0.21052631578947367,holdout,False,False,1.5720821258903315,1.2431935174792172,0.3288886084111142
docker/cli,15373816,2026-05-18,12,11,0,0.0,11,3.3333333333333335,4.733333333333333,0.05,3.183333333333333,12,0,0.0,0,0,,holdout,False,False,1.4663370687934272,1.2431935174792172,0.22314355131420993
docker/cli,15373816,2026-05-25,22,15,0,0.0,15,3.3833333333333333,4.753333333333333,0.05,3.3333333333333335,15,7,0.4666666666666667,7,0,0.0,holdout,False,False,1.4778094699556639,1.2431935174792172,0.23461595247644662
docker/cli,15373816,2026-06-01,30,22,2,0.09090909090909091,22,4.208333333333334,6.081666666666667,0.05,3.8916666666666666,25,5,0.2,5,0,0.0,holdout,False,False,1.6502599069543555,1.2431935174792172,0.4070663894751383
docker/cli,15373816,2026-06-08,45,34,4,0.11764705882352941,34,3.9833333333333334,5.2716666666666665,0.05,3.7666666666666666,39,6,0.15384615384615385,6,1,0.16666666666666666,holdout,False,False,1.6060990111685858,1.2431935174792172,0.36290549368936853
docker/cli,15373816,2026-06-15,7,5,0,0.0,5,2.8,4.153333333333333,0.05,2.75,5,2,0.4,2,0,0.0,holdout,False,False,1.33500106673234,1.2431935174792172,0.09180754925312273
docker/cli,15373816,2026-06-22,15,14,1,0.07142857142857142,14,3.291666666666667,4.896666666666667,0.05,3.375,13,2,0.15384615384615385,2,1,0.5,holdout,False,False,1.4566751578816903,1.2431935174792172,0.21348164040247308
docker/cli,15373816,2026-06-29,11,11,1,0.09090909090909091,11,3.25,4.45,0.05,3.2,11,0,0.0,0,0,,holdout,False,False,1.4469189829363254,1.2431935174792172,0.20372546545710812
docker/cli,15373816,2026-07-06,43,35,2,0.05714285714285714,35,3.3333333333333335,5.36,0.05,3.3333333333333335,39,4,0.10256410256410256,4,2,0.5,holdout,False,False,1.4663370687934272,1.2431935174792172,0.22314355131420993
docker/cli,15373816,2026-07-13,13,10,0,0.0,10,3.75,17.09,0.05,3.7,12,1,0.08333333333333333,1,0,0.0,holdout,False,False,1.55814461804655,1.2431935174792172,0.31495110056733266
docker/cli,15373816,2026-07-20,25,17,3,0.17647058823529413,17,3.2,4.1866666666666665,0.05,3.15,20,5,0.25,5,1,0.2,holdout,False,False,1.4350845252893227,1.2431935174792172,0.19189100781010549
docker/cli,15373816,2026-07-27,33,24,1,0.041666666666666664,24,3.6333333333333333,5.456666666666666,0.05,3.591666666666667,30,3,0.1,3,0,0.0,holdout,False,False,1.5332765514685363,1.2431935174792172,0.290083033989319
docker/cli,15373816,2026-08-03,23,11,3,0.2727272727272727,11,3.6166666666666667,7.4,0.05,3.5833333333333335,21,2,0.09523809523809523,2,0,0.0,holdout,False,False,1.529672943965238,1.2431935174792172,0.28647942648602065
docker/cli,1895642,2025-06-23,7,7,0,0.0,7,2.1,2.5533333333333332,0.05,2.05,7,0,0.0,0,0,,train,False,False,1.1314021114911006,1.1420974006078486,-0.010695289116747997
docker/cli,1895642,2025-06-30,16,16,0,0.0,16,1.9833333333333334,2.5083333333333333,0.05,1.9166666666666667,16,0,0.0,0,0,,train,False,False,1.0930412436186543,1.1420974006078486,-0.0490561569891943
docker/cli,1895642,2025-07-07,38,38,0,0.0,38,1.975,2.1716666666666664,0.05,1.925,38,0,0.0,0,0,,train,False,False,1.0902440389975931,1.1420974006078486,-0.051853361610255444
docker/cli,1895642,2025-07-14,34,33,0,0.0,33,2.0166666666666666,2.1766666666666663,0.05,1.9833333333333334,33,1,0.030303030303030304,1,0,0.0,train,False,False,1.104152469043725,1.1420974006078486,-0.037944931564123596
docker/cli,1895642,2025-07-21,70,65,0,0.0,65,2.0166666666666666,2.6333333333333333,0.05,1.95,65,5,0.07692307692307693,5,0,0.0,train,False,False,1.104152469043725,1.1420974006078486,-0.037944931564123596
docker/cli,1895642,2025-07-28,57,55,0,0.0,55,2.183333333333333,2.5500000000000003,0.05,2.1333333333333333,55,2,0.03636363636363636,2,0,0.0,train,False,False,1.157928865824529,1.1420974006078486,0.01583146521668044
docker/cli,1895642,2025-08-04,37,37,0,0.0,37,2.2666666666666666,2.8733333333333335,0.05,2.2,37,0,0.0,0,0,,train,False,False,1.1837700970084166,1.1420974006078486,0.04167269640056803
docker/cli,1895642,2025-08-11,31,31,0,0.0,31,2.2666666666666666,2.5,0.05,2.216666666666667,31,0,0.0,0,0,,train,False,False,1.1837700970084166,1.1420974006078486,0.04167269640056803
docker/cli,1895642,2025-08-18,120,118,0,0.0,118,2.1166666666666667,2.3333333333333335,0.05,2.066666666666667,118,2,0.01694915254237288,2,0,0.0,train,False,False,1.136764054632486,1.1420974006078486,-0.005333345975362613
docker/cli,1895642,2025-08-25,68,68,0,0.0,68,2.0833333333333335,2.451666666666667,0.05,2.025,68,0,0.0,0,0,,train,False,False,1.1260112628562242,1.1420974006078486,-0.016086137751624374
docker/cli,1895642,2025-09-01,48,48,0,0.0,48,2.066666666666667,2.5200000000000005,0.05,1.9916666666666667,48,0,0.0,0,0,,train,False,False,1.120591195386885,1.1420974006078486,-0.02150620522096358
docker/cli,1895642,2025-09-08,36,36,0,0.0,36,2.0166666666666666,2.1666666666666665,0.05,1.9666666666666666,36,0,0.0,0,0,,train,False,False,1.104152469043725,1.1420974006078486,-0.037944931564123596
docker/cli,1895642,2025-09-15,4,4,0,0.0,4,2.1333333333333337,2.3866666666666667,0.05,2.083333333333333,4,0,0.0,0,0,,train,False,False,1.1420974006078486,1.1420974006078486,0.0
docker/cli,1895642,2025-09-22,65,63,0,0.0,63,2.0833333333333335,2.63,0.05,2.033333333333333,63,2,0.031746031746031744,2,0,0.0,train,False,False,1.1260112628562242,1.1420974006078486,-0.016086137751624374
docker/cli,1895642,2025-09-29,25,25,0,0.0,25,1.9833333333333334,2.3366666666666673,0.05,1.9,25,0,0.0,0,0,,train,False,False,1.0930412436186543,1.1420974006078486,-0.0490561569891943
docker/cli,1895642,2025-10-06,75,75,0,0.0,75,2.0,2.466666666666667,0.05,1.9166666666666667,75,0,0.0,0,0,,train,False,False,1.0986122886681098,1.1420974006078486,-0.04348511193973881
docker/cli,1895642,2025-10-13,27,27,0,0.0,27,1.95,2.4633333333333334,0.05,1.9,27,0,0.0,0,0,,train,False,False,1.0818051703517284,1.1420974006078486,-0.06029223025612018
docker/cli,1895642,2025-10-20,33,33,0,0.0,33,2.1333333333333333,2.533333333333333,0.13333333333333333,1.9833333333333334,33,0,0.0,0,0,,train,False,False,1.1420974006078486,1.1420974006078486,0.0
docker/cli,1895642,2025-10-27,72,72,0,0.0,72,2.0416666666666665,2.6483333333333334,0.05,1.95,72,0,0.0,0,0,,train,False,False,1.1124056108004454,1.1420974006078486,-0.02969178980740317
docker/cli,1895642,2025-11-03,90,89,0,0.0,89,2.216666666666667,2.7333333333333334,0.05,2.1333333333333333,89,1,0.011235955056179775,1,0,0.0,train,False,False,1.168345626682785,1.1420974006078486,0.026248226074936376
docker/cli,1895642,2025-11-10,24,24,0,0.0,24,2.225,2.711666666666667,0.05,2.1666666666666665,24,0,0.0,0,0,,train,False,False,1.170932950247736,1.1420974006078486,0.028835549639887326
docker/cli,1895642,2025-11-17,7,7,0,0.0,7,2.15,2.2266666666666666,0.05,2.1,7,0,0.0,0,0,,train,False,False,1.1474024528375417,1.1420974006078486,0.00530505222969313
docker/cli,1895642,2025-11-24,15,15,0,0.0,15,2.15,2.6533333333333333,0.05,2.1166666666666667,15,0,0.0,0,0,,train,False,False,1.1474024528375417,1.1420974006078486,0.00530505222969313
docker/cli,1895642,2025-12-01,8,8,0,0.0,8,2.15,2.4,0.05,2.1,8,0,0.0,0,0,,train,False,False,1.1474024528375417,1.1420974006078486,0.00530505222969313
docker/cli,1895642,2025-12-08,18,18,0,0.0,18,2.425,2.7333333333333334,0.05,2.216666666666667,18,0,0.0,0,0,,train,False,False,1.2311014717141886,1.1420974006078486,0.08900407110634001
docker/cli,1895642,2025-12-15,12,12,0,0.0,12,2.1166666666666667,2.631666666666667,0.05,2.0666666666666664,12,0,0.0,0,0,,train,False,False,1.136764054632486,1.1420974006078486,-0.005333345975362613
docker/cli,1895642,2025-12-22,10,10,0,0.0,10,2.125,2.67,0.05,2.0666666666666664,10,0,0.0,0,0,,train,False,False,1.1394342831883648,1.1420974006078486,-0.0026631174194837737
docker/cli,1895642,2025-12-29,2,1,0,0.0,1,2.05,2.05,0.03333333333333333,2.0166666666666666,1,1,1.0,1,0,0.0,train,False,False,1.1151415906193203,1.1420974006078486,-0.026955809988528312
docker/cli,1895642,2026-01-05,4,3,0,0.0,3,2.5833333333333335,2.6233333333333335,0.05,2.533333333333333,3,1,0.3333333333333333,1,0,0.0,train,False,False,1.2762934659055623,1.1420974006078486,0.13419606529771366
docker/cli,1895642,2026-01-12,27,26,0,0.0,26,2.158333333333333,3.0583333333333336,0.05,2.1083333333333334,26,1,0.038461538461538464,1,0,0.0,train,False,False,1.1500444623003803,1.1420974006078486,0.007947061692531676
docker/cli,1895642,2026-01-19,7,6,0,0.0,6,2.1333333333333333,2.5083333333333333,0.05,2.091666666666667,6,1,0.16666666666666666,1,0,0.0,train,False,False,1.1420974006078486,1.1420974006078486,0.0
docker/cli,1895642,2026-01-26,15,14,0,0.0,14,2.15,2.6533333333333333,0.05,2.1083333333333334,15,0,0.0,0,0,,train,False,False,1.1474024528375417,1.1420974006078486,0.00530505222969313
docker/cli,1895642,2026-02-02,19,18,0,0.0,18,2.15,2.36,0.05,2.0833333333333335,18,1,0.05555555555555555,1,0,0.0,train,False,False,1.1474024528375417,1.1420974006078486,0.00530505222969313
docker/cli,1895642,2026-02-09,57,54,0,0.0,54,2.2333333333333334,2.3833333333333333,0.05,2.183333333333333,54,3,0.05555555555555555,3,0,0.0,train,False,False,1.1735135968412274,1.1420974006078486,0.03141619623337877
docker/cli,1895642,2026-02-16,6,6,0,0.0,6,2.2083333333333335,2.275,0.05,2.158333333333333,6,0,0.0,0,0,,train,False,False,1.1657515915057384,1.1420974006078486,0.023654190897889782
docker/cli,1895642,2026-02-23,16,15,0,0.0,15,2.4166666666666665,2.7533333333333334,0.05,2.3833333333333333,15,1,0.06666666666666667,1,0,0.0,train,False,False,1.2286654169163074,1.1420974006078486,0.08656801630845878
docker/cli,1895642,2026-03-02,21,17,0,0.0,17,2.183333333333333,2.47,0.05,2.1,17,4,0.23529411764705882,4,0,0.0,purge,False,False,1.157928865824529,1.1420974006078486,0.01583146521668044
docker/cli,1895642,2026-03-09,14,9,0,0.0,9,2.2,2.5333333333333337,0.05,2.15,9,5,0.5555555555555556,5,0,0.0,purge,False,False,1.1631508098056809,1.1420974006078486,0.021053409197832273
docker/cli,1895642,2026-03-16,40,38,0,0.0,38,2.1166666666666667,2.5350000000000006,0.05,2.066666666666667,38,2,0.05263157894736842,2,0,0.0,purge,False,False,1.136764054632486,1.1420974006078486,-0.005333345975362613
docker/cli,1895642,2026-03-23,14,13,2,0.15384615384615385,13,2.6,2.7733333333333334,0.06666666666666667,2.533333333333333,13,1,0.07692307692307693,1,0,0.0,purge,False,False,1.2809338454620642,1.1420974006078486,0.13883644485421565
docker/cli,1895642,2026-03-30,47,45,0,0.0,45,2.716666666666667,2.8333333333333335,0.05,2.65,45,2,0.044444444444444446,2,0,0.0,holdout,False,False,1.3128272092380182,1.1420974006078486,0.17072980863016962
docker/cli,1895642,2026-04-06,11,9,0,0.0,9,2.683333333333333,2.813333333333333,0.05,2.6333333333333333,9,2,0.2222222222222222,2,0,0.0,holdout,False,False,1.303818139295652,1.1420974006078486,0.16172073868780346
docker/cli,1895642,2026-04-13,19,14,0,0.0,14,2.683333333333333,2.8283333333333336,0.05,2.6333333333333333,14,5,0.35714285714285715,5,0,0.0,holdout,False,False,1.303818139295652,1.1420974006078486,0.16172073868780346
docker/cli,1895642,2026-04-20,39,34,1,0.029411764705882353,34,2.75,2.8733333333333335,0.05,2.7,34,5,0.14705882352941177,5,0,0.0,holdout,False,False,1.3217558399823195,1.1420974006078486,0.1796584393744709
docker/cli,1895642,2026-04-27,2,2,0,0.0,2,2.7583333333333337,2.805,0.04166666666666667,2.716666666666667,2,0,0.0,0,0,,holdout,False,False,1.3239755967206324,1.1420974006078486,0.18187819611278377
docker/cli,1895642,2026-05-04,26,23,0,0.0,23,2.816666666666667,2.9433333333333334,0.1,2.683333333333333,23,3,0.13043478260869565,3,0,0.0,holdout,False,False,1.339377441332139,1.1420974006078486,0.1972800407242905
docker/cli,1895642,2026-05-11,64,48,0,0.0,48,2.75,2.9600000000000004,0.06666666666666667,2.6666666666666665,48,16,0.3333333333333333,16,0,0.0,holdout,False,False,1.3217558399823195,1.1420974006078486,0.1796584393744709
docker/cli,1895642,2026-05-18,12,12,0,0.0,12,2.4416666666666664,2.7616666666666667,0.05,2.3666666666666667,12,0,0.0,0,0,,holdout,False,False,1.2359558501789867,1.1420974006078486,0.09385844957113809
docker/cli,1895642,2026-05-25,22,15,0,0.0,15,2.466666666666667,3.3299999999999996,0.05,2.4166666666666665,15,7,0.4666666666666667,7,0,0.0,holdout,False,False,1.2431935174792172,1.1420974006078486,0.10109611687136866
docker/cli,1895642,2026-06-01,30,25,0,0.0,25,2.35,2.4766666666666666,0.05,2.283333333333333,25,5,0.2,5,0,0.0,holdout,False,False,1.208960345836975,1.1420974006078486,0.0668629452291265
docker/cli,1895642,2026-06-08,44,39,0,0.0,39,2.35,2.7166666666666672,0.05,2.3,39,5,0.1282051282051282,5,0,0.0,holdout,False,False,1.208960345836975,1.1420974006078486,0.0668629452291265
docker/cli,1895642,2026-06-15,7,5,0,0.0,5,2.316666666666667,2.3633333333333333,0.05,2.2666666666666666,5,2,0.4,2,0,0.0,holdout,False,False,1.1989602625023918,1.1420974006078486,0.05686286189454326
docker/cli,1895642,2026-06-22,14,13,0,0.0,13,2.283333333333333,2.5,0.05,2.2333333333333334,13,1,0.07692307692307693,1,0,0.0,holdout,False,False,1.1888591665158879,1.1420974006078486,0.046761765908039266
docker/cli,1895642,2026-06-29,11,11,0,0.0,10,2.2083333333333335,2.919999999999998,0.058333333333333334,2.1416666666666666,11,0,0.0,0,0,,holdout,False,False,1.1657515915057384,1.1420974006078486,0.023654190897889782
docker/cli,1895642,2026-07-06,39,36,0,0.0,36,2.3083333333333336,2.9916666666666667,0.05,2.2083333333333335,37,2,0.05405405405405406,2,0,0.0,holdout,False,False,1.1964445379051445,1.1420974006078486,0.0543471372972959
docker/cli,1895642,2026-07-13,12,9,0,0.0,9,2.2666666666666666,9.610000000000005,0.05,2.216666666666667,11,1,0.09090909090909091,1,0,0.0,holdout,False,False,1.1837700970084166,1.1420974006078486,0.04167269640056803
docker/cli,1895642,2026-07-20,24,16,0,0.0,16,2.3,2.466666666666667,0.05,2.2333333333333334,20,4,0.2,4,0,0.0,holdout,False,False,1.1939224684724346,1.1420974006078486,0.05182506786458596
docker/cli,1895642,2026-07-27,31,25,0,0.0,25,2.2,2.46,0.06666666666666667,2.1333333333333333,28,3,0.10714285714285714,3,0,0.0,holdout,False,False,1.1631508098056809,1.1420974006078486,0.021053409197832273
docker/cli,1895642,2026-08-03,23,11,0,0.0,11,2.3333333333333335,2.8,0.05,2.183333333333333,21,2,0.09523809523809523,2,0,0.0,holdout,False,False,1.2039728043259361,1.1420974006078486,0.06187540371808753
docker/cli,263482405,2026-04-20,54,48,21,0.4375,48,0.11666666666666667,0.15,0.05,0.06666666666666667,48,6,0.125,6,0,0.0,holdout,False,False,0.11034805716886538,,
docker/cli,263482405,2026-04-27,21,21,21,1.0,21,0.13333333333333333,0.18333333333333332,0.05,0.06666666666666667,21,0,0.0,0,0,,holdout,False,False,0.12516314295400602,,
docker/cli,263482405,2026-05-04,70,61,32,0.5245901639344263,61,0.21666666666666667,0.26666666666666666,0.15,0.08333333333333333,61,9,0.14754098360655737,9,0,0.0,holdout,False,False,0.19611487892629045,,
docker/cli,263482405,2026-05-11,121,92,37,0.40217391304347827,92,0.15,0.25,0.05,0.08333333333333333,91,29,0.31868131868131866,30,0,0.0,holdout,False,False,0.1397619423751587,,
docker/cli,263482405,2026-05-18,47,41,24,0.5853658536585366,41,0.13333333333333333,0.16666666666666666,0.05,0.08333333333333333,41,6,0.14634146341463414,6,0,0.0,holdout,False,False,0.12516314295400602,,
docker/cli,263482405,2026-05-25,33,24,16,0.6666666666666666,24,0.13333333333333333,0.16166666666666665,0.05,0.075,24,9,0.375,9,0,0.0,holdout,False,False,0.12516314295400602,,
docker/cli,263482405,2026-06-01,75,57,28,0.49122807017543857,57,0.13333333333333333,0.16666666666666666,0.05,0.06666666666666667,57,18,0.3157894736842105,18,0,0.0,holdout,False,False,0.12516314295400602,,
docker/cli,263482405,2026-06-08,94,85,32,0.3764705882352941,85,0.11666666666666667,0.16666666666666666,0.05,0.06666666666666667,85,9,0.10588235294117647,9,0,0.0,holdout,False,False,0.11034805716886538,,
docker/cli,263482405,2026-06-15,15,13,9,0.6923076923076923,13,0.13333333333333333,0.16333333333333333,0.05,0.08333333333333333,12,3,0.25,3,1,0.3333333333333333,holdout,False,False,0.12516314295400602,,
docker/cli,263482405,2026-06-22,34,32,12,0.375,32,0.125,0.16666666666666666,0.05,0.06666666666666667,31,3,0.0967741935483871,3,1,0.3333333333333333,holdout,False,False,0.11778303565638346,,
docker/cli,263482405,2026-06-29,34,32,18,0.5625,32,0.11666666666666667,0.16500000000000004,0.05,0.06666666666666667,32,2,0.0625,2,0,0.0,holdout,False,False,0.11034805716886538,,
docker/cli,263482405,2026-07-06,56,53,15,0.2830188679245283,53,0.13333333333333333,0.29666666666666675,0.05,0.06666666666666667,54,2,0.037037037037037035,2,0,0.0,holdout,False,False,0.12516314295400602,,
docker/cli,263482405,2026-07-13,21,16,3,0.1875,16,0.125,1.2999999999999998,0.05,0.075,20,1,0.05,1,0,0.0,holdout,False,False,0.11778303565638346,,
docker/cli,263482405,2026-07-20,49,34,9,0.2647058823529412,34,0.125,0.16666666666666666,0.05,0.08333333333333333,40,9,0.225,9,0,0.0,holdout,False,False,0.11778303565638346,,
docker/cli,263482405,2026-07-27,93,78,53,0.6794871794871795,78,0.13333333333333333,0.25,0.05,0.075,89,4,0.0449438202247191,4,1,0.25,holdout,False,False,0.12516314295400602,,
docker/cli,263482405,2026-08-03,39,25,16,0.64,25,0.13333333333333333,0.25,0.05,0.08333333333333333,34,5,0.14705882352941177,5,1,0.2,holdout,False,False,0.12516314295400602,,
docker/cli,285566573,2026-05-25,2,2,0,0.0,2,0.11666666666666667,0.13,0.05,0.06666666666666667,2,0,0.0,0,0,,holdout,False,False,0.11034805716886538,,
docker/cli,285566573,2026-06-01,7,7,0,0.0,7,0.1,0.14,0.05,0.06666666666666667,7,0,0.0,0,0,,holdout,False,False,0.09531017980432487,,
docker/cli,285566573,2026-06-08,37,31,0,0.0,31,0.13333333333333333,0.15,0.05,0.08333333333333333,31,6,0.1935483870967742,6,0,0.0,holdout,False,False,0.12516314295400602,,
docker/cli,285566573,2026-06-15,6,5,0,0.0,5,0.13333333333333333,0.13333333333333333,0.05,0.08333333333333333,5,1,0.2,1,0,0.0,holdout,False,False,0.12516314295400602,,
docker/cli,285566573,2026-06-22,14,10,0,0.0,10,0.13333333333333333,0.15166666666666664,0.06666666666666667,0.06666666666666667,10,4,0.4,4,0,0.0,holdout,False,False,0.12516314295400602,,
docker/cli,285566573,2026-06-29,6,6,0,0.0,6,0.11666666666666667,1.2166666666666666,0.05,0.06666666666666667,6,0,0.0,0,0,,holdout,False,False,0.11034805716886538,,
docker/cli,285566573,2026-07-06,47,26,0,0.0,26,0.11666666666666667,0.15833333333333333,0.05,0.06666666666666667,39,8,0.20512820512820512,8,0,0.0,holdout,False,False,0.11034805716886538,,
docker/cli,285566573,2026-07-13,17,10,0,0.0,10,0.125,0.1783333333333333,0.05,0.08333333333333333,14,3,0.21428571428571427,3,0,0.0,holdout,False,False,0.11778303565638346,,
docker/cli,285566573,2026-07-20,21,9,0,0.0,9,0.13333333333333333,0.15,0.05,0.08333333333333333,19,2,0.10526315789473684,2,0,0.0,holdout,False,False,0.12516314295400602,,
docker/cli,285566573,2026-07-27,47,26,0,0.0,26,0.13333333333333333,0.2583333333333333,0.05,0.06666666666666667,41,6,0.14634146341463414,6,0,0.0,holdout,False,False,0.12516314295400602,,
docker/cli,285566573,2026-08-03,51,9,1,0.1111111111111111,9,0.3,18.016666666666676,0.15,0.1,44,7,0.1590909090909091,7,0,0.0,holdout,False,False,0.262364264467491,,
docker/cli,288443892,2026-06-01,18,14,0,0.0,14,0.4166666666666667,0.43333333333333335,0.05,0.36666666666666664,14,4,0.2857142857142857,4,0,0.0,holdout,False,False,0.34830669426821576,,
docker/cli,288443892,2026-06-08,45,40,1,0.025,40,0.4166666666666667,0.45,0.05,0.3583333333333333,39,6,0.15384615384615385,6,1,0.16666666666666666,holdout,False,False,0.34830669426821576,,
docker/cli,288443892,2026-06-15,7,5,0,0.0,5,0.31666666666666665,0.37333333333333335,0.05,0.2833333333333333,5,2,0.4,2,0,0.0,holdout,False,False,0.2751032902449208,,
docker/cli,288443892,2026-06-22,14,13,0,0.0,13,0.35,0.43333333333333335,0.06666666666666667,0.3,13,1,0.07692307692307693,1,0,0.0,holdout,False,False,0.3001045924503381,,
docker/cli,288443892,2026-06-29,11,11,0,0.0,11,0.35,0.4166666666666667,0.06666666666666667,0.2833333333333333,11,0,0.0,0,0,,holdout,False,False,0.3001045924503381,,
docker/cli,288443892,2026-07-06,39,36,0,0.0,36,0.4,0.5666666666666667,0.05,0.30833333333333335,37,2,0.05405405405405406,2,0,0.0,holdout,False,False,0.33647223662121295,,
docker/cli,288443892,2026-07-13,13,10,0,0.0,10,0.36666666666666664,0.4,0.05,0.31666666666666665,12,1,0.08333333333333333,1,0,0.0,holdout,False,False,0.3123746850421524,,
docker/cli,288443892,2026-07-20,24,16,0,0.0,16,0.375,0.44166666666666665,0.05,0.31666666666666665,20,4,0.2,4,0,0.0,holdout,False,False,0.3184537311185346,,
docker/cli,288443892,2026-07-27,33,27,0,0.0,27,0.4166666666666667,0.5233333333333334,0.06666666666666667,0.3,30,3,0.1,3,0,0.0,holdout,False,False,0.34830669426821576,,
docker/cli,288443892,2026-08-03,23,11,1,0.09090909090909091,11,0.5166666666666667,15.15,0.15,0.38333333333333336,21,2,0.09523809523809523,2,0,0.0,holdout,False,False,0.4165149442947494,,
docker/cli,81226332,2026-07-27,3,1,1,1.0,1,0.9,0.9,0.25,0.65,3,0,0.0,0,0,,holdout,False,False,0.6418538861723948,,
docker/cli,92398885,2025-06-23,13,13,1,0.07692307692307693,13,0.11666666666666667,0.16,0.05,0.06666666666666667,13,0,0.0,0,0,,train,False,False,0.11034805716886538,0.11034805716886538,0.0
docker/cli,92398885,2025-06-30,31,31,5,0.16129032258064516,31,0.11666666666666667,0.16666666666666666,0.05,0.06666666666666667,31,0,0.0,0,0,,train,False,False,0.11034805716886538,0.11034805716886538,0.0
docker/cli,92398885,2025-07-07,51,51,9,0.17647058823529413,51,0.11666666666666667,0.16666666666666666,0.05,0.06666666666666667,51,0,0.0,0,0,,train,False,False,0.11034805716886538,0.11034805716886538,0.0
docker/cli,92398885,2025-07-14,70,70,11,0.15714285714285714,70,0.13333333333333333,0.18333333333333332,0.05,0.08333333333333333,70,0,0.0,0,0,,train,False,False,0.12516314295400602,0.11034805716886538,0.014815085785140639
docker/cli,92398885,2025-07-21,61,55,4,0.07272727272727272,55,0.11666666666666667,0.13333333333333333,0.05,0.06666666666666667,55,6,0.10909090909090909,6,0,0.0,train,False,False,0.11034805716886538,0.11034805716886538,0.0
docker/cli,92398885,2025-07-28,71,71,5,0.07042253521126761,71,0.11666666666666667,0.16666666666666666,0.03333333333333333,0.06666666666666667,71,0,0.0,0,0,,train,False,False,0.11034805716886538,0.11034805716886538,0.0
docker/cli,92398885,2025-08-04,77,77,6,0.07792207792207792,77,0.11666666666666667,0.16666666666666666,0.05,0.06666666666666667,77,0,0.0,0,0,,train,False,False,0.11034805716886538,0.11034805716886538,0.0
docker/cli,92398885,2025-08-11,169,169,12,0.07100591715976332,169,0.11666666666666667,0.16666666666666666,0.05,0.08333333333333333,169,0,0.0,0,0,,train,False,False,0.11034805716886538,0.11034805716886538,0.0
docker/cli,92398885,2025-08-18,607,595,61,0.10252100840336134,595,0.11666666666666667,0.18333333333333332,0.05,0.06666666666666667,595,12,0.020168067226890758,12,0,0.0,train,False,False,0.11034805716886538,0.11034805716886538,0.0
docker/cli,92398885,2025-08-25,300,298,13,0.0436241610738255,298,0.11666666666666667,0.15,0.05,0.06666666666666667,300,0,0.0,0,0,,train,False,False,0.11034805716886538,0.11034805716886538,0.0
docker/cli,92398885,2025-09-01,185,185,12,0.06486486486486487,185,0.11666666666666667,0.16666666666666666,0.03333333333333333,0.06666666666666667,185,0,0.0,0,0,,train,False,False,0.11034805716886538,0.11034805716886538,0.0
docker/cli,92398885,2025-09-08,96,96,7,0.07291666666666667,96,0.11666666666666667,0.16666666666666666,0.05,0.06666666666666667,96,0,0.0,0,0,,train,False,False,0.11034805716886538,0.11034805716886538,0.0
docker/cli,92398885,2025-09-15,12,12,7,0.5833333333333334,12,0.11666666666666667,0.13333333333333333,0.05,0.075,12,0,0.0,0,0,,train,False,False,0.11034805716886538,0.11034805716886538,0.0
docker/cli,92398885,2025-09-22,367,362,13,0.03591160220994475,362,0.11666666666666667,0.16666666666666666,0.05,0.06666666666666667,362,5,0.013812154696132596,5,0,0.0,train,False,False,0.11034805716886538,0.11034805716886538,0.0
docker/cli,92398885,2025-09-29,127,127,15,0.11811023622047244,127,0.11666666666666667,0.15,0.05,0.06666666666666667,127,0,0.0,0,0,,train,False,False,0.11034805716886538,0.11034805716886538,0.0
docker/cli,92398885,2025-10-06,176,156,0,0.0,156,0.11666666666666667,0.16666666666666666,0.05,0.06666666666666667,176,0,0.0,0,0,,train,False,False,0.11034805716886538,0.11034805716886538,0.0
docker/cli,92398885,2025-10-13,93,93,7,0.07526881720430108,93,0.11666666666666667,0.15,0.05,0.06666666666666667,93,0,0.0,0,0,,train,False,False,0.11034805716886538,0.11034805716886538,0.0
docker/cli,92398885,2025-10-20,50,50,5,0.1,50,0.21666666666666667,0.25,0.13333333333333333,0.06666666666666667,50,0,0.0,0,0,,train,False,False,0.19611487892629045,0.11034805716886538,0.08576682175742507
docker/cli,92398885,2025-10-27,123,123,10,0.08130081300813008,123,0.15,0.21666666666666667,0.05,0.08333333333333333,123,0,0.0,0,0,,train,False,False,0.1397619423751587,0.11034805716886538,0.02941388520629333
docker/cli,92398885,2025-11-03,225,221,11,0.049773755656108594,221,0.11666666666666667,0.15,0.05,0.06666666666666667,221,4,0.01809954751131222,4,0,0.0,train,False,False,0.11034805716886538,0.11034805716886538,0.0
docker/cli,92398885,2025-11-10,60,60,6,0.1,60,0.11666666666666667,0.135,0.05,0.06666666666666667,60,0,0.0,0,0,,train,False,False,0.11034805716886538,0.11034805716886538,0.0
docker/cli,92398885,2025-11-17,31,31,2,0.06451612903225806,31,0.15,0.18333333333333332,0.05,0.08333333333333333,31,0,0.0,0,0,,train,False,False,0.1397619423751587,0.11034805716886538,0.02941388520629333
docker/cli,92398885,2025-11-24,36,36,0,0.0,36,0.11666666666666667,0.15,0.05,0.06666666666666667,36,0,0.0,0,0,,train,False,False,0.11034805716886538,0.11034805716886538,0.0
docker/cli,92398885,2025-12-01,26,26,5,0.19230769230769232,26,0.11666666666666667,0.175,0.05,0.06666666666666667,26,0,0.0,0,0,,train,False,False,0.11034805716886538,0.11034805716886538,0.0
docker/cli,92398885,2025-12-08,38,38,1,0.02631578947368421,38,0.11666666666666667,0.13333333333333333,0.05,0.06666666666666667,38,0,0.0,0,0,,train,False,False,0.11034805716886538,0.11034805716886538,0.0
docker/cli,92398885,2025-12-15,43,43,5,0.11627906976744186,43,0.11666666666666667,0.14666666666666672,0.03333333333333333,0.06666666666666667,43,0,0.0,0,0,,train,False,False,0.11034805716886538,0.11034805716886538,0.0
docker/cli,92398885,2025-12-22,24,24,0,0.0,24,0.10833333333333334,0.13333333333333333,0.05,0.06666666666666667,24,0,0.0,0,0,,train,False,False,0.10285738543970777,0.11034805716886538,-0.007490671729157614
docker/cli,92398885,2025-12-29,2,1,0,0.0,1,0.38333333333333336,0.38333333333333336,0.03333333333333333,0.35,1,1,1.0,1,0,0.0,train,False,False,0.3244960455744973,0.11034805716886538,0.21414798840563193
docker/cli,92398885,2026-01-05,10,8,0,0.0,8,0.13333333333333333,0.18666666666666665,0.05,0.08333333333333333,8,2,0.25,2,0,0.0,train,False,False,0.12516314295400602,0.11034805716886538,0.014815085785140639
docker/cli,92398885,2026-01-12,73,70,12,0.17142857142857143,70,0.11666666666666667,0.135,0.03333333333333333,0.06666666666666667,70,3,0.04285714285714286,3,0,0.0,train,False,False,0.11034805716886538,0.11034805716886538,0.0
docker/cli,92398885,2026-01-19,11,10,1,0.1,10,0.11666666666666667,0.13666666666666666,0.05,0.06666666666666667,10,1,0.1,1,0,0.0,train,False,False,0.11034805716886538,0.11034805716886538,0.0
docker/cli,92398885,2026-01-26,34,34,0,0.0,34,0.1,0.11666666666666667,0.03333333333333333,0.06666666666666667,34,0,0.0,0,0,,train,False,False,0.09531017980432487,0.11034805716886538,-0.015037877364540514
docker/cli,92398885,2026-02-02,62,54,0,0.0,54,0.10833333333333334,0.13333333333333333,0.05,0.06666666666666667,54,8,0.14814814814814814,8,0,0.0,train,False,False,0.10285738543970777,0.11034805716886538,-0.007490671729157614
docker/cli,92398885,2026-02-09,115,107,14,0.1308411214953271,107,0.11666666666666667,0.1400000000000001,0.05,0.06666666666666667,107,8,0.07476635514018691,8,0,0.0,train,False,False,0.11034805716886538,0.11034805716886538,0.0
docker/cli,92398885,2026-02-16,20,20,0,0.0,20,0.11666666666666667,0.11666666666666667,0.05,0.06666666666666667,20,0,0.0,0,0,,train,False,False,0.11034805716886538,0.11034805716886538,0.0
docker/cli,92398885,2026-02-23,49,44,0,0.0,44,0.11666666666666667,0.12833333333333338,0.05,0.06666666666666667,44,5,0.11363636363636363,5,0,0.0,train,False,False,0.11034805716886538,0.11034805716886538,0.0
docker/cli,92398885,2026-03-02,78,64,11,0.171875,64,0.11666666666666667,0.21166666666666673,0.05,0.06666666666666667,64,14,0.21875,14,0,0.0,purge,False,False,0.11034805716886538,0.11034805716886538,0.0
docker/cli,92398885,2026-03-09,40,28,6,0.21428571428571427,28,0.1,0.11666666666666667,0.05,0.06666666666666667,28,12,0.42857142857142855,12,0,0.0,purge,False,False,0.09531017980432487,0.11034805716886538,-0.015037877364540514
docker/cli,92398885,2026-03-16,96,90,9,0.1,90,0.11666666666666667,0.13333333333333333,0.05,0.06666666666666667,90,6,0.06666666666666667,6,0,0.0,purge,False,False,0.11034805716886538,0.11034805716886538,0.0
docker/cli,92398885,2026-03-23,55,52,3,0.057692307692307696,52,0.11666666666666667,0.13333333333333333,0.05,0.06666666666666667,52,3,0.057692307692307696,3,0,0.0,purge,False,False,0.11034805716886538,0.11034805716886538,0.0
docker/cli,92398885,2026-03-30,123,116,10,0.08620689655172414,116,0.11666666666666667,0.13333333333333333,0.05,0.06666666666666667,116,7,0.0603448275862069,7,0,0.0,holdout,False,False,0.11034805716886538,0.11034805716886538,0.0
docker/cli,92398885,2026-04-06,28,25,0,0.0,25,0.11666666666666667,0.13333333333333333,0.05,0.06666666666666667,25,3,0.12,3,0,0.0,holdout,False,False,0.11034805716886538,0.11034805716886538,0.0
docker/cli,92398885,2026-04-13,45,36,1,0.027777777777777776,36,0.11666666666666667,0.13333333333333333,0.05,0.06666666666666667,36,9,0.25,9,0,0.0,holdout,False,False,0.11034805716886538,0.11034805716886538,0.0
docker/cli,92398885,2026-04-20,93,86,7,0.08139534883720931,86,0.11666666666666667,0.13333333333333333,0.05,0.06666666666666667,86,7,0.08139534883720931,7,0,0.0,holdout,False,False,0.11034805716886538,0.11034805716886538,0.0
docker/cli,92398885,2026-04-27,3,3,2,0.6666666666666666,3,0.11666666666666667,0.11666666666666667,0.05,0.06666666666666667,3,0,0.0,0,0,,holdout,False,False,0.11034805716886538,0.11034805716886538,0.0
docker/cli,92398885,2026-05-04,63,49,9,0.1836734693877551,49,0.21666666666666667,0.25,0.05,0.15,49,14,0.2857142857142857,14,0,0.0,holdout,False,False,0.19611487892629045,0.11034805716886538,0.08576682175742507
docker/cli,92398885,2026-05-11,154,113,5,0.04424778761061947,113,0.18333333333333332,0.23333333333333334,0.05,0.13333333333333333,117,37,0.3162393162393162,37,0,0.0,holdout,False,False,0.1683353148192147,0.11034805716886538,0.05798725765034933
docker/cli,92398885,2026-05-18,32,32,0,0.0,32,0.11666666666666667,0.15,0.05,0.075,32,0,0.0,0,0,,holdout,False,False,0.11034805716886538,0.11034805716886538,0.0
docker/cli,92398885,2026-05-25,46,37,3,0.08108108108108109,37,0.11666666666666667,0.13333333333333333,0.05,0.06666666666666667,37,9,0.24324324324324326,9,0,0.0,holdout,False,False,0.11034805716886538,0.11034805716886538,0.0
docker/cli,92398885,2026-06-01,78,60,8,0.13333333333333333,59,0.11666666666666667,0.15,0.05,0.06666666666666667,60,18,0.3,18,0,0.0,holdout,False,False,0.11034805716886538,0.11034805716886538,0.0
docker/cli,92398885,2026-06-08,95,87,7,0.08045977011494253,87,0.11666666666666667,0.15,0.05,0.06666666666666667,86,8,0.09302325581395349,9,0,0.0,holdout,False,False,0.11034805716886538,0.11034805716886538,0.0
docker/cli,92398885,2026-06-15,15,13,1,0.07692307692307693,13,0.11666666666666667,0.15,0.05,0.08333333333333333,13,2,0.15384615384615385,2,0,0.0,holdout,False,False,0.11034805716886538,0.11034805716886538,0.0
docker/cli,92398885,2026-06-22,25,23,0,0.0,23,0.13333333333333333,0.17666666666666667,0.05,0.08333333333333333,23,2,0.08695652173913043,2,0,0.0,holdout,False,False,0.12516314295400602,0.11034805716886538,0.014815085785140639
docker/cli,92398885,2026-06-29,16,15,0,0.0,15,0.11666666666666667,0.13333333333333333,0.05,0.06666666666666667,16,0,0.0,0,0,,holdout,False,False,0.11034805716886538,0.11034805716886538,0.0
docker/cli,92398885,2026-07-06,79,76,2,0.02631578947368421,75,0.13333333333333333,2.570000000000004,0.05,0.08333333333333333,77,2,0.025974025974025976,2,0,0.0,holdout,False,False,0.12516314295400602,0.11034805716886538,0.014815085785140639
docker/cli,92398885,2026-07-13,22,17,2,0.11764705882352941,17,0.11666666666666667,0.13333333333333333,0.05,0.06666666666666667,21,1,0.047619047619047616,1,0,0.0,holdout,False,False,0.11034805716886538,0.11034805716886538,0.0
docker/cli,92398885,2026-07-20,84,59,14,0.23728813559322035,59,0.11666666666666667,0.13333333333333333,0.03333333333333333,0.08333333333333333,63,21,0.3333333333333333,21,0,0.0,holdout,False,False,0.11034805716886538,0.11034805716886538,0.0
docker/cli,92398885,2026-07-27,67,59,2,0.03389830508474576,58,0.2,0.2383333333333334,0.05,0.15,64,3,0.046875,3,0,0.0,holdout,False,False,0.18232155679395465,0.11034805716886538,0.07197349962508927
docker/cli,92398885,2026-08-03,51,34,3,0.08823529411764706,34,0.2,0.25666666666666665,0.05,0.15,44,7,0.1590909090909091,7,0,0.0,holdout,False,False,0.18232155679395465,0.11034805716886538,0.07197349962508927
helm/helm,116594022,2025-12-08,10,10,0,0.0,10,0.8,1.0033333333333334,0.04166666666666667,0.75,10,0,0.0,0,0,,external,False,True,0.5877866649021191,,
helm/helm,116594022,2025-12-15,4,4,0,0.0,4,0.825,0.9199999999999999,0.04166666666666667,0.7833333333333334,4,0,0.0,0,0,,external,False,True,0.6015799870344548,,
helm/helm,116594022,2025-12-22,6,6,0,0.0,6,0.675,0.825,0.05,0.625,6,0,0.0,0,0,,external,False,True,0.5158131652770298,,
helm/helm,116594022,2026-01-05,6,5,0,0.0,5,0.8333333333333334,0.86,0.03333333333333333,0.8,5,1,0.2,1,0,0.0,external,False,True,0.6061358035703155,,
helm/helm,116594022,2026-01-12,2,2,0,0.0,2,0.625,0.7916666666666667,0.03333333333333333,0.5916666666666667,2,0,0.0,0,0,,external,False,True,0.4855078157817008,,
helm/helm,116594022,2026-01-19,3,3,0,0.0,3,0.8166666666666667,0.9233333333333333,0.03333333333333333,0.7833333333333333,3,0,0.0,0,0,,external,False,True,0.597003320007043,,
helm/helm,116594022,2026-01-26,2,2,0,0.0,2,0.7583333333333333,0.7916666666666667,0.04166666666666667,0.7166666666666667,2,0,0.0,0,0,,external,False,True,0.5643663906940205,,
helm/helm,116594022,2026-02-09,10,10,0,0.0,10,0.8583333333333334,1.085,0.05,0.8083333333333333,10,0,0.0,0,0,,external,False,True,0.6196800286780728,,
helm/helm,116594022,2026-02-23,5,5,5,1.0,5,1.0333333333333334,1.06,0.03333333333333333,1.0,5,0,0.0,0,0,,external,False,True,0.7096764825111559,,
helm/helm,116594022,2026-03-02,8,8,6,0.75,8,1.0083333333333333,1.1183333333333332,0.05,0.9666666666666666,8,0,0.0,0,0,,external,False,True,0.697305190708609,,
helm/helm,116594022,2026-03-09,15,15,3,0.2,15,1.1,1.2066666666666668,0.05,1.05,15,0,0.0,0,0,,external,False,True,0.7419373447293773,,
helm/helm,116594022,2026-03-16,2,2,0,0.0,2,0.675,0.815,0.04166666666666667,0.6333333333333333,2,0,0.0,0,0,,external,False,True,0.5158131652770298,,
helm/helm,116594022,2026-03-23,6,6,0,0.0,6,0.8583333333333334,0.95,0.05,0.8166666666666667,6,0,0.0,0,0,,external,False,True,0.6196800286780728,,
helm/helm,116594022,2026-03-30,8,8,0,0.0,8,0.9083333333333333,1.0,0.05,0.8583333333333334,8,0,0.0,0,0,,external,False,True,0.6462302607721937,,
helm/helm,116594022,2026-04-06,19,19,1,0.05263157894736842,18,1.0166666666666666,1.7166666666666666,0.05,0.95,19,0,0.0,0,0,,external,False,True,0.7014459833746404,,
helm/helm,116594022,2026-04-13,5,4,1,0.25,4,1.275,2.0100000000000002,0.058333333333333334,0.8916666666666666,4,1,0.25,1,0,0.0,external,False,True,0.8219800524029137,,
helm/helm,116594022,2026-04-20,21,21,2,0.09523809523809523,21,0.6833333333333333,1.1833333333333333,0.03333333333333333,0.5666666666666667,21,0,0.0,0,0,,external,False,True,0.5207759546191588,,
helm/helm,116594022,2026-04-27,4,4,0,0.0,4,1.0666666666666669,1.17,0.15,0.9166666666666667,4,0,0.0,0,0,,external,False,True,0.7259370033829363,,
helm/helm,116594022,2026-05-04,3,3,1,0.3333333333333333,3,1.0666666666666667,1.0933333333333335,0.13333333333333333,0.9333333333333333,3,0,0.0,0,0,,external,False,True,0.7259370033829362,,
helm/helm,116594022,2026-05-11,6,6,0,0.0,6,0.8833333333333333,1.0666666666666667,0.03333333333333333,0.8583333333333334,6,0,0.0,0,0,,external,False,True,0.6330432564902398,,
helm/helm,116594022,2026-05-18,2,2,1,0.5,2,0.8916666666666666,0.9383333333333334,0.03333333333333333,0.8583333333333334,2,0,0.0,0,0,,external,False,True,0.6374582746993567,,
helm/helm,116594022,2026-05-25,8,6,2,0.3333333333333333,6,0.75,0.85,0.03333333333333333,0.7166666666666667,6,2,0.3333333333333333,2,0,0.0,external,False,True,0.5596157879354227,,
helm/helm,116594022,2026-06-01,1,1,1,1.0,1,1.1,1.1,0.31666666666666665,0.7833333333333333,1,0,0.0,0,0,,external,False,True,0.7419373447293773,,
helm/helm,116594022,2026-06-08,11,11,0,0.0,11,0.8333333333333334,0.9666666666666667,0.03333333333333333,0.8,11,0,0.0,0,0,,external,False,True,0.6061358035703155,,
helm/helm,116594022,2026-06-15,5,5,0,0.0,5,0.6333333333333333,1.0,0.05,0.5666666666666667,5,0,0.0,0,0,,external,False,True,0.4906229164484712,,
helm/helm,116594022,2026-06-22,1,1,0,0.0,1,0.55,0.55,0.05,0.5,1,0,0.0,0,0,,external,False,True,0.4382549309311553,,
helm/helm,116594022,2026-06-29,3,2,0,0.0,2,0.8416666666666667,0.875,0.058333333333333334,0.7833333333333333,2,1,0.5,1,0,0.0,external,False,True,0.6106709587357068,,
helm/helm,116594022,2026-07-06,21,20,2,0.1,20,0.825,1.9550000000000016,0.03333333333333333,0.775,20,1,0.05,1,0,0.0,external,False,True,0.6015799870344548,,
helm/helm,116594022,2026-07-13,3,3,0,0.0,3,0.6,0.6933333333333334,0.05,0.55,3,0,0.0,0,0,,external,False,True,0.4700036292457356,,
helm/helm,116594022,2026-07-20,4,4,0,0.0,4,0.8083333333333333,1.1083333333333334,0.04166666666666667,0.6333333333333333,4,0,0.0,0,0,,external,False,True,0.5924056107584136,,
helm/helm,116594022,2026-07-27,2,1,1,1.0,1,1.25,1.25,0.38333333333333336,0.8666666666666667,2,0,0.0,0,0,,external,False,True,0.8109302162163288,,
helm/helm,116594022,2026-08-03,6,5,3,0.6,5,0.8833333333333333,1.0366666666666666,0.03333333333333333,0.8166666666666667,5,1,0.2,1,0,0.0,external,False,True,0.6330432564902398,,
helm/helm,221854429,2026-01-05,5,5,1,0.2,5,0.15,0.16666666666666666,0.05,0.1,5,0,0.0,0,0,,external,False,True,0.1397619423751587,,
helm/helm,316380396,2026-07-20,156,156,0,0.0,156,0.15,1.3166666666666669,0.05,0.08333333333333333,156,0,0.0,0,0,,external,False,True,0.1397619423751587,,
helm/helm,316380396,2026-07-27,77,77,0,0.0,77,0.16666666666666666,0.4166666666666667,0.06666666666666667,0.08333333333333333,77,0,0.0,0,0,,external,False,True,0.15415067982725827,,
helm/helm,316380396,2026-08-03,34,34,0,0.0,34,0.16666666666666666,0.29,0.05,0.08333333333333333,34,0,0.0,0,0,,external,False,True,0.15415067982725827,,
helm/helm,4013033,2025-06-09,2,1,0,0.0,1,3.783333333333333,3.783333333333333,0.06666666666666667,3.716666666666667,1,1,1.0,1,0,0.0,outside,False,False,1.5651376535375203,1.6357552207514738,-0.07061756721395351
helm/helm,4013033,2025-06-16,2,1,0,0.0,1,3.8833333333333333,3.8833333333333333,0.06666666666666667,3.816666666666667,1,1,1.0,1,0,0.0,outside,False,False,1.5858280467949666,1.6357552207514738,-0.049927173956507254
helm/helm,4013033,2025-06-23,23,17,0,0.0,17,4.133333333333334,4.293333333333333,0.05,4.066666666666666,17,6,0.35294117647058826,6,0,0.0,external,True,False,1.6357552207514738,1.6357552207514738,0.0
helm/helm,4013033,2025-06-30,32,28,0,0.0,28,3.966666666666667,4.3933333333333335,0.06666666666666667,3.9,28,4,0.14285714285714285,4,0,0.0,external,True,False,1.6027489242833037,1.6357552207514738,-0.033006296468170104
helm/helm,4013033,2025-07-07,58,49,0,0.0,49,3.8333333333333335,4.05,0.06666666666666667,3.7666666666666666,49,9,0.1836734693877551,9,0,0.0,external,True,False,1.5755363607584192,1.6357552207514738,-0.06021885999305465
helm/helm,4013033,2025-07-14,32,25,0,0.0,25,3.9166666666666665,4.08,0.05,3.8666666666666667,25,7,0.28,7,0,0.0,external,True,False,1.5926307941177191,1.6357552207514738,-0.04312442663375471
helm/helm,4013033,2025-07-21,36,29,0,0.0,29,3.8833333333333333,4.056666666666667,0.05,3.816666666666667,29,7,0.2413793103448276,7,0,0.0,external,True,False,1.5858280467949666,1.6357552207514738,-0.049927173956507254
helm/helm,4013033,2025-07-28,16,11,0,0.0,11,4.133333333333334,4.4,0.05,4.083333333333333,11,5,0.45454545454545453,5,0,0.0,external,True,False,1.6357552207514738,1.6357552207514738,0.0
helm/helm,4013033,2025-08-04,61,48,0,0.0,48,4.258333333333333,4.405,0.05,4.2,48,13,0.2708333333333333,13,0,0.0,external,True,False,1.6598141197591672,1.6357552207514738,0.024058899007693313
helm/helm,4013033,2025-08-11,36,28,0,0.0,28,4.2,4.398333333333333,0.05,4.158333333333333,28,8,0.2857142857142857,8,0,0.0,external,True,False,1.6486586255873816,1.6357552207514738,0.012903404835907795
helm/helm,4013033,2025-08-18,57,51,0,0.0,51,3.9166666666666665,4.3,0.03333333333333333,3.8833333333333333,51,6,0.11764705882352941,6,0,0.0,external,True,False,1.5926307941177191,1.6357552207514738,-0.04312442663375471
helm/helm,4013033,2025-08-25,64,64,0,0.0,64,4.208333333333334,4.6066666666666665,0.05,4.158333333333333,64,0,0.0,0,0,,external,True,False,1.6502599069543555,1.6357552207514738,0.0145046862028817
helm/helm,4013033,2025-09-01,84,74,0,0.0,74,4.191666666666666,4.566666666666666,0.05,4.15,74,10,0.13513513513513514,10,0,0.0,external,True,False,1.647054776005407,1.6357552207514738,0.011299555253933224
helm/helm,4013033,2025-09-08,66,60,0,0.0,60,4.375,4.716666666666667,0.05,4.324999999999999,60,6,0.1,6,0,0.0,external,True,False,1.6817585740137264,1.6357552207514738,0.04600335326225258
helm/helm,4013033,2025-09-15,34,32,0,0.0,32,4.316666666666666,4.5,0.05,4.258333333333333,32,2,0.0625,2,0,0.0,external,True,False,1.6708465405627437,1.6357552207514738,0.035091319811269894
helm/helm,4013033,2025-09-22,33,28,0,0.0,28,4.35,4.7250000000000005,0.05,4.3,28,5,0.17857142857142858,5,0,0.0,external,False,True,1.6770965609079151,1.6357552207514738,0.04134134015644131
helm/helm,4013033,2025-09-29,33,30,0,0.0,30,4.6416666666666675,4.838333333333333,0.05,4.583333333333333,31,2,0.06451612903225806,2,0,0.0,external,False,True,1.7301795301302292,1.6357552207514738,0.09442430937875534
helm/helm,4013033,2025-10-06,45,41,0,0.0,41,4.65,5.016666666666667,0.05,4.6,41,4,0.0975609756097561,4,0,0.0,external,False,True,1.7316555451583497,1.6357552207514738,0.0959003244068759
helm/helm,4013033,2025-10-13,40,37,0,0.0,37,4.516666666666667,4.796666666666667,0.05,4.466666666666667,37,3,0.08108108108108109,3,0,0.0,external,False,True,1.7077738131549622,1.6357552207514738,0.0720185924034884
helm/helm,4013033,2025-10-20,42,38,0,0.0,38,4.7,4.883333333333334,0.13333333333333333,4.558333333333334,38,4,0.10526315789473684,4,0,0.0,external,False,True,1.7404661748405046,1.6357552207514738,0.10471095408903075
helm/helm,4013033,2025-10-27,45,42,0,0.0,42,4.6416666666666675,4.975,0.05,4.566666666666666,42,3,0.07142857142857142,3,0,0.0,external,False,True,1.7301795301302292,1.6357552207514738,0.09442430937875534
helm/helm,4013033,2025-11-03,36,32,0,0.0,32,4.216666666666667,4.381666666666667,0.05,4.175000000000001,32,4,0.125,4,0,0.0,external,False,True,1.6518586283180525,1.6357552207514738,0.016103407566578687
helm/helm,4013033,2025-11-10,68,64,0,0.0,64,4.216666666666667,4.4783333333333335,0.05,4.175000000000001,64,4,0.0625,4,0,0.0,external,False,True,1.6518586283180525,1.6357552207514738,0.016103407566578687
helm/helm,4013033,2025-11-17,44,40,0,0.0,40,4.258333333333333,4.4,0.05,4.191666666666666,40,4,0.1,4,0,0.0,external,False,True,1.6598141197591672,1.6357552207514738,0.024058899007693313
helm/helm,4013033,2025-11-24,24,19,0,0.0,19,4.233333333333333,4.463333333333334,0.05,4.2,19,5,0.2631578947368421,5,0,0.0,external,False,True,1.6550484236861527,1.6357552207514738,0.019293202934678844
helm/helm,4013033,2025-12-01,26,21,0,0.0,21,4.283333333333333,4.5,0.05,4.216666666666667,21,5,0.23809523809523808,5,0,0.0,external,False,True,1.66455721165518,1.6357552207514738,0.028801990903706054
helm/helm,4013033,2025-12-08,55,49,0,0.0,49,4.2,4.353333333333333,0.05,4.166666666666667,49,6,0.12244897959183673,6,0,0.0,external,False,True,1.6486586255873816,1.6357552207514738,0.012903404835907795
helm/helm,4013033,2025-12-15,34,30,0,0.0,30,4.1083333333333325,4.2683333333333335,0.03333333333333333,4.066666666666666,30,4,0.13333333333333333,4,0,0.0,external,False,True,1.6308731931541653,1.6357552207514738,-0.0048820275973084915
helm/helm,4013033,2025-12-22,20,15,0,0.0,15,4.033333333333333,4.156666666666666,0.03333333333333333,3.9833333333333334,15,5,0.3333333333333333,5,0,0.0,external,False,True,1.6160824551527688,1.6357552207514738,-0.01967276559870501
helm/helm,4013033,2025-12-29,9,7,0,0.0,7,3.8666666666666667,4.006666666666667,0.03333333333333333,3.8333333333333335,7,2,0.2857142857142857,2,0,0.0,external,False,True,1.582409240046181,1.6357552207514738,-0.05334598070529273
helm/helm,4013033,2026-01-05,40,34,0,0.0,34,3.9166666666666665,4.111666666666666,0.05,3.8583333333333334,34,6,0.17647058823529413,6,0,0.0,external,False,True,1.5926307941177191,1.6357552207514738,-0.04312442663375471
helm/helm,4013033,2026-01-12,39,36,0,0.0,36,4.008333333333333,4.125,0.03333333333333333,3.9583333333333335,36,3,0.08333333333333333,3,0,0.0,external,False,True,1.6111031917531615,1.6357552207514738,-0.024652028998312314
helm/helm,4013033,2026-01-19,29,27,2,0.07407407407407407,27,3.933333333333333,4.036666666666667,0.05,3.9,27,2,0.07407407407407407,2,0,0.0,external,False,True,1.5960148921019597,1.6357552207514738,-0.039740328649514156
helm/helm,4013033,2026-01-26,9,7,0,0.0,7,3.9,3.99,0.03333333333333333,3.8666666666666667,7,2,0.2857142857142857,2,0,0.0,external,False,True,1.589235205116581,1.6357552207514738,-0.04652001563489283
helm/helm,4013033,2026-02-02,16,14,0,0.0,14,3.9833333333333334,4.101666666666667,0.05,3.9416666666666664,14,2,0.14285714285714285,2,0,0.0,external,False,True,1.6060990111685858,1.6357552207514738,-0.02965620958288806
helm/helm,4013033,2026-02-09,38,35,0,0.0,35,4.0,4.133333333333334,0.05,3.933333333333333,35,3,0.08571428571428572,3,0,0.0,external,False,True,1.6094379124341003,1.6357552207514738,-0.026317308317373556
helm/helm,4013033,2026-02-16,14,11,0,0.0,11,3.9166666666666665,4.016666666666667,0.03333333333333333,3.8833333333333333,11,3,0.2727272727272727,3,0,0.0,external,False,True,1.5926307941177191,1.6357552207514738,-0.04312442663375471
helm/helm,4013033,2026-02-23,112,110,0,0.0,110,3.95,4.118333333333333,0.05,3.9,110,2,0.01818181818181818,2,0,0.0,external,False,True,1.599387576580599,1.6357552207514738,-0.0363676441708749
helm/helm,4013033,2026-03-02,24,21,0,0.0,21,3.933333333333333,4.183333333333334,0.05,3.8833333333333333,21,3,0.14285714285714285,3,0,0.0,external,False,True,1.5960148921019597,1.6357552207514738,-0.039740328649514156
helm/helm,4013033,2026-03-09,49,45,0,0.0,45,3.95,4.1,0.03333333333333333,3.9,45,4,0.08888888888888889,4,0,0.0,external,False,True,1.599387576580599,1.6357552207514738,-0.0363676441708749
helm/helm,4013033,2026-03-16,21,20,0,0.0,20,3.966666666666667,4.051666666666667,0.05,3.9166666666666665,20,1,0.05,1,0,0.0,external,False,True,1.6027489242833037,1.6357552207514738,-0.033006296468170104
helm/helm,4013033,2026-03-23,29,26,0,0.0,26,3.95,4.1,0.05,3.9,26,3,0.11538461538461539,3,0,0.0,external,False,True,1.599387576580599,1.6357552207514738,-0.0363676441708749
helm/helm,4013033,2026-03-30,38,32,0,0.0,32,4.0,4.248333333333333,0.05,3.95,32,6,0.1875,6,0,0.0,external,False,True,1.6094379124341003,1.6357552207514738,-0.026317308317373556
helm/helm,4013033,2026-04-06,51,45,1,0.022222222222222223,44,3.9583333333333335,4.316666666666667,0.05,3.8916666666666666,45,6,0.13333333333333333,6,0,0.0,external,False,True,1.6010696627635839,1.6357552207514738,-0.03468555798788997
helm/helm,4013033,2026-04-13,29,23,0,0.0,23,4.0,4.196666666666667,0.05,3.933333333333333,23,6,0.2608695652173913,6,0,0.0,external,False,True,1.6094379124341003,1.6357552207514738,-0.026317308317373556
helm/helm,4013033,2026-04-20,29,27,0,0.0,27,4.066666666666666,4.343333333333334,0.05,4.033333333333333,27,2,0.07407407407407407,2,0,0.0,external,False,True,1.622683139184121,1.6357552207514738,-0.013072081567352845
helm/helm,4013033,2026-04-27,37,32,0,0.0,32,4.116666666666666,4.358333333333333,0.05,4.05,32,5,0.15625,5,0,0.0,external,False,True,1.6325031853650964,1.6357552207514738,-0.0032520353863774165
helm/helm,4013033,2026-05-04,28,23,0,0.0,23,4.166666666666667,4.359999999999999,0.05,4.1,23,5,0.21739130434782608,5,0,0.0,external,False,True,1.6422277352570913,1.6357552207514738,0.006472514505617477
helm/helm,4013033,2026-05-11,24,19,1,0.05263157894736842,18,4.133333333333333,4.31,0.05,4.066666666666666,19,5,0.2631578947368421,5,0,0.0,external,False,True,1.6357552207514736,1.6357552207514738,-2.220446049250313e-16
helm/helm,4013033,2026-05-18,29,26,0,0.0,26,3.8583333333333334,4.15,0.05,3.8083333333333336,26,3,0.11538461538461539,3,0,0.0,external,False,True,1.5806954435684464,1.6357552207514738,-0.05505977718302746
helm/helm,4013033,2026-05-25,54,44,0,0.0,44,3.25,3.978333333333334,0.04166666666666667,3.216666666666667,44,10,0.22727272727272727,10,0,0.0,external,False,True,1.4469189829363254,1.6357552207514738,-0.18883623781514847
helm/helm,4013033,2026-06-01,9,7,0,0.0,7,3.966666666666667,4.073333333333333,0.03333333333333333,3.1333333333333333,7,2,0.2857142857142857,2,0,0.0,external,False,True,1.6027489242833037,1.6357552207514738,-0.033006296468170104
helm/helm,4013033,2026-06-08,46,41,0,0.0,41,3.183333333333333,4.066666666666666,0.03333333333333333,3.15,41,5,0.12195121951219512,5,0,0.0,external,False,True,1.4311083769096833,1.6357552207514738,-0.20464684384179055
helm/helm,4013033,2026-06-15,48,43,0,0.0,43,3.1166666666666667,3.6166666666666667,0.05,3.066666666666667,43,5,0.11627906976744186,5,0,0.0,external,False,True,1.4150437744058766,1.6357552207514738,-0.22071144634559725
helm/helm,4013033,2026-06-22,62,54,0,0.0,54,3.0833333333333335,3.295,0.03333333333333333,3.05,54,8,0.14814814814814814,8,0,0.0,external,False,True,1.4069136483226266,1.6357552207514738,-0.22884157242884728
helm/helm,4013033,2026-06-29,26,22,4,0.18181818181818182,22,3.05,3.3866666666666667,0.03333333333333333,3.0083333333333333,22,4,0.18181818181818182,4,0,0.0,external,False,True,1.3987168811184478,1.6357552207514738,-0.237038339633026
helm/helm,4013033,2026-07-06,87,77,5,0.06493506493506493,77,3.8833333333333333,4.573333333333334,0.05,3.816666666666667,82,5,0.06097560975609756,5,0,0.0,external,False,True,1.5858280467949666,1.6357552207514738,-0.049927173956507254
helm/helm,4013033,2026-07-13,161,95,9,0.09473684210526316,95,3.9833333333333334,4.35,0.05,3.8833333333333333,156,5,0.03205128205128205,5,0,0.0,external,False,True,1.6060990111685858,1.6357552207514738,-0.02965620958288806
helm/helm,4013033,2026-07-20,149,111,6,0.05405405405405406,111,3.283333333333333,4.683333333333334,0.05,3.1166666666666667,141,8,0.05673758865248227,8,0,0.0,external,False,True,1.454731522673119,1.6357552207514738,-0.18102369807835483
helm/helm,4013033,2026-07-27,56,27,0,0.0,27,4.083333333333333,4.483333333333333,0.05,3.933333333333333,52,4,0.07692307692307693,4,0,0.0,external,False,True,1.6259672143853108,1.6357552207514738,-0.00978800636616306
helm/helm,4013033,2026-08-03,30,16,0,0.0,16,3.2,3.825,0.13333333333333333,3.083333333333333,28,2,0.07142857142857142,2,0,0.0,external,False,True,1.4350845252893227,1.6357552207514738,-0.2006706954621511
helm/helm,50024049,2025-06-09,2,1,0,0.0,1,5.283333333333333,5.283333333333333,0.08333333333333333,5.2,1,1,1.0,1,0,0.0,outside,False,False,1.83790062522591,1.9411368703026557,-0.10323624507674567
helm/helm,50024049,2025-06-16,2,1,0,0.0,1,5.05,5.05,0.06666666666666667,4.983333333333333,1,1,1.0,1,0,0.0,outside,False,False,1.80005827204275,1.9411368703026557,-0.14107859825990565
helm/helm,50024049,2025-06-23,23,17,4,0.23529411764705882,17,5.783333333333333,7.343333333333334,0.05,5.733333333333333,17,6,0.35294117647058826,6,0,0.0,external,True,False,1.9144686232204944,1.9411368703026557,-0.02666824708216131
helm/helm,50024049,2025-06-30,32,28,5,0.17857142857142858,28,5.908333333333333,6.123333333333333,0.058333333333333334,5.858333333333333,28,4,0.14285714285714285,4,0,0.0,external,True,False,1.9327284123532489,1.9411368703026557,-0.008408457949406811
helm/helm,50024049,2025-07-07,58,49,4,0.08163265306122448,49,5.883333333333334,6.1866666666666665,0.06666666666666667,5.833333333333333,49,9,0.1836734693877551,9,0,0.0,external,True,False,1.929103030738932,1.9411368703026557,-0.012033839563723614
helm/helm,50024049,2025-07-14,40,33,9,0.2727272727272727,25,5.966666666666667,6.283333333333333,0.05,5.9,33,7,0.21212121212121213,7,0,0.0,external,True,False,1.9411368703026557,1.9411368703026557,0.0
helm/helm,50024049,2025-07-21,36,29,2,0.06896551724137931,29,5.966666666666667,6.226666666666667,0.05,5.916666666666667,29,7,0.2413793103448276,7,0,0.0,external,True,False,1.9411368703026557,1.9411368703026557,0.0
helm/helm,50024049,2025-07-28,16,11,2,0.18181818181818182,11,5.983333333333333,6.1,0.05,5.933333333333334,11,5,0.45454545454545453,5,0,0.0,external,True,False,1.943526357700037,1.9411368703026557,0.002389487397381318
helm/helm,50024049,2025-08-04,61,48,3,0.0625,48,5.916666666666667,6.2700000000000005,0.05,5.875,48,13,0.2708333333333333,13,0,0.0,external,True,False,1.9339339580085977,1.9411368703026557,-0.007202912294058006
helm/helm,50024049,2025-08-11,37,29,3,0.10344827586206896,29,6.016666666666667,6.15,0.05,5.966666666666667,28,8,0.2857142857142857,9,0,0.0,external,True,False,1.9482882714602807,1.9411368703026557,0.007151401157625026
helm/helm,50024049,2025-08-18,58,52,6,0.11538461538461539,52,6.041666666666666,6.3149999999999995,0.05,6.0,51,7,0.13725490196078433,7,1,0.14285714285714285,external,True,False,1.9518448845751277,1.9411368703026557,0.010708014272472033
helm/helm,50024049,2025-08-25,64,64,17,0.265625,64,6.225,6.651666666666667,0.05,6.175000000000001,64,0,0.0,0,0,,external,True,False,1.9775472339984959,1.9411368703026557,0.036410363695840164
helm/helm,50024049,2025-09-01,85,75,16,0.21333333333333335,75,6.533333333333333,6.766666666666667,0.05,6.45,74,11,0.14864864864864866,11,0,0.0,external,True,False,2.0193376176101303,1.9411368703026557,0.07820074730747462
helm/helm,50024049,2025-09-08,66,60,8,0.13333333333333333,60,6.65,6.94,0.05,6.6083333333333325,60,6,0.1,6,0,0.0,external,True,False,2.0347056478384444,1.9411368703026557,0.09356877753578874
helm/helm,50024049,2025-09-15,34,32,5,0.15625,32,5.791666666666666,6.848333333333333,0.05,5.741666666666667,32,2,0.0625,2,0,0.0,external,True,False,1.9156963704588166,1.9411368703026557,-0.025440499843839115
helm/helm,50024049,2025-09-22,33,28,3,0.10714285714285714,28,5.683333333333334,5.8533333333333335,0.05,5.641666666666667,28,5,0.17857142857142858,5,0,0.0,external,False,True,1.8996168650844685,1.9411368703026557,-0.04152000521818722
helm/helm,50024049,2025-09-29,33,30,6,0.2,30,5.783333333333333,5.958333333333334,0.05,5.733333333333333,31,2,0.06451612903225806,2,0,0.0,external,False,True,1.9144686232204944,1.9411368703026557,-0.02666824708216131
helm/helm,50024049,2025-10-06,45,41,1,0.024390243902439025,41,5.733333333333333,6.15,0.05,5.683333333333334,41,4,0.0975609756097561,4,0,0.0,external,False,True,1.9070703157390494,1.9411368703026557,-0.0340665545636063
helm/helm,50024049,2025-10-13,40,37,3,0.08108108108108109,37,5.733333333333333,5.9,0.05,5.666666666666667,37,3,0.08108108108108109,3,0,0.0,external,False,True,1.9070703157390494,1.9411368703026557,-0.0340665545636063
helm/helm,50024049,2025-10-20,42,38,4,0.10526315789473684,38,5.8,5.953333333333334,0.13333333333333333,5.666666666666667,38,4,0.10526315789473684,4,0,0.0,external,False,True,1.916922612182061,1.9411368703026557,-0.024214258120594634
helm/helm,50024049,2025-10-27,45,42,2,0.047619047619047616,42,4.866666666666667,5.9,0.05,4.816666666666666,42,3,0.07142857142857142,3,0,0.0,external,False,True,1.7692866133759966,1.9411368703026557,-0.17185025692665912
helm/helm,50024049,2025-11-03,36,32,5,0.15625,32,4.941666666666666,5.896666666666667,0.05,4.9,32,4,0.125,4,0,0.0,external,False,True,1.78198967763225,1.9411368703026557,-0.15914719267040578
helm/helm,50024049,2025-11-10,68,64,5,0.078125,64,5.6,5.9,0.05,5.55,64,4,0.0625,4,0,0.0,external,False,True,1.8870696490323797,1.9411368703026557,-0.05406722127027597
helm/helm,50024049,2025-11-17,44,40,5,0.125,40,5.516666666666667,5.718333333333334,0.05,5.475,40,4,0.1,4,0,0.0,external,False,True,1.874362997763265,1.9411368703026557,-0.06677387253939071
helm/helm,50024049,2025-11-24,25,20,2,0.1,20,5.525,5.701666666666667,0.05,5.475,19,5,0.2631578947368421,6,0,0.0,external,False,True,1.8756409532087572,1.9411368703026557,-0.06549591709389846
helm/helm,50024049,2025-12-01,26,21,0,0.0,21,5.55,6.033333333333333,0.05,5.5,21,5,0.23809523809523808,5,0,0.0,external,False,True,1.8794650496471605,1.9411368703026557,-0.061671820655495146
helm/helm,50024049,2025-12-08,56,50,1,0.02,50,5.466666666666667,5.9366666666666665,0.05,5.433333333333334,49,7,0.14285714285714285,7,1,0.14285714285714285,external,False,True,1.8666607774011728,1.9411368703026557,-0.07447609290148294
helm/helm,50024049,2025-12-15,35,31,4,0.12903225806451613,31,5.533333333333333,5.783333333333333,0.05,5.5,30,5,0.16666666666666666,5,0,0.0,external,False,True,1.8769172775683618,1.9411368703026557,-0.0642195927342939
helm/helm,50024049,2025-12-22,20,15,5,0.3333333333333333,15,4.833333333333333,5.86,0.05,4.783333333333333,15,5,0.3333333333333333,5,0,0.0,external,False,True,1.7635885922613586,1.9411368703026557,-0.17754827804129714
helm/helm,50024049,2025-12-29,9,7,0,0.0,7,5.483333333333333,5.633333333333333,0.03333333333333333,5.45,7,2,0.2857142857142857,2,0,0.0,external,False,True,1.8692347813963457,1.9411368703026557,-0.07190208890631
helm/helm,50024049,2026-01-05,40,34,8,0.23529411764705882,34,5.45,5.75,0.05,5.4,34,6,0.17647058823529413,6,0,0.0,external,False,True,1.864080130807681,1.9411368703026557,-0.0770567394949746
helm/helm,50024049,2026-01-12,39,36,0,0.0,36,5.65,5.816666666666666,0.05,5.574999999999999,36,3,0.08333333333333333,3,0,0.0,external,False,True,1.8946168546677629,1.9411368703026557,-0.04652001563489283
helm/helm,50024049,2026-01-19,30,28,3,0.10714285714285714,28,5.691666666666666,5.8,0.05,5.6416666666666675,27,3,0.1111111111111111,3,0,0.0,external,False,True,1.9008629711647156,1.9411368703026557,-0.040273899137940106
helm/helm,50024049,2026-01-26,9,7,0,0.0,7,5.666666666666667,5.8,0.03333333333333333,5.633333333333334,7,2,0.2857142857142857,2,0,0.0,external,False,True,1.8971199848858813,1.9411368703026557,-0.0440168854167744
helm/helm,50024049,2026-02-02,16,14,2,0.14285714285714285,14,5.6083333333333325,5.848333333333334,0.05,5.574999999999999,14,2,0.14285714285714285,2,0,0.0,external,False,True,1.8883314788528018,1.9411368703026557,-0.052805391449853856
helm/helm,50024049,2026-02-09,39,36,6,0.16666666666666666,36,5.583333333333333,5.866666666666666,0.05,5.541666666666666,35,4,0.11428571428571428,4,1,0.25,external,False,True,1.8845412026790211,1.9411368703026557,-0.05659566762363455
helm/helm,50024049,2026-02-16,14,11,1,0.09090909090909091,11,5.8,5.866666666666666,0.03333333333333333,5.766666666666667,11,3,0.2727272727272727,3,0,0.0,external,False,True,1.916922612182061,1.9411368703026557,-0.024214258120594634
helm/helm,50024049,2026-02-23,112,110,27,0.24545454545454545,110,5.783333333333333,6.05,0.05,5.733333333333333,110,2,0.01818181818181818,2,0,0.0,external,False,True,1.9144686232204944,1.9411368703026557,-0.02666824708216131
helm/helm,50024049,2026-03-02,24,21,2,0.09523809523809523,21,5.433333333333334,5.933333333333334,0.05,5.383333333333334,21,3,0.14285714285714285,3,0,0.0,external,False,True,1.8614928072427301,1.9411368703026557,-0.07964406305992555
helm/helm,50024049,2026-03-09,49,45,5,0.1111111111111111,45,5.883333333333334,6.096666666666667,0.05,5.833333333333333,45,4,0.08888888888888889,4,0,0.0,external,False,True,1.929103030738932,1.9411368703026557,-0.012033839563723614
helm/helm,50024049,2026-03-16,21,20,5,0.25,20,5.791666666666666,5.908333333333334,0.03333333333333333,5.741666666666667,20,1,0.05,1,0,0.0,external,False,True,1.9156963704588166,1.9411368703026557,-0.025440499843839115
helm/helm,50024049,2026-03-23,30,27,3,0.1111111111111111,27,5.783333333333333,5.970000000000001,0.05,5.7,26,3,0.11538461538461539,4,1,0.3333333333333333,external,False,True,1.9144686232204944,1.9411368703026557,-0.02666824708216131
helm/helm,50024049,2026-03-30,39,33,10,0.30303030303030304,33,5.683333333333334,6.043333333333333,0.05,5.633333333333334,32,7,0.21875,7,1,0.14285714285714285,external,False,True,1.8996168650844685,1.9411368703026557,-0.04152000521818722
helm/helm,50024049,2026-04-06,53,47,7,0.14893617021276595,46,5.816666666666666,6.116666666666667,0.05,5.775,45,7,0.15555555555555556,8,1,0.14285714285714285,external,False,True,1.919370593820701,1.9411368703026557,-0.021766276481954616
helm/helm,50024049,2026-04-13,29,23,3,0.13043478260869565,23,5.75,5.993333333333333,0.05,5.7,23,6,0.2608695652173913,6,0,0.0,external,False,True,1.9095425048844386,1.9411368703026557,-0.03159436541821714
helm/helm,50024049,2026-04-20,29,27,9,0.3333333333333333,27,5.766666666666667,6.11,0.05,5.733333333333333,27,2,0.07407407407407407,2,0,0.0,external,False,True,1.912008597379632,1.9411368703026557,-0.02912827292302378
helm/helm,50024049,2026-04-27,39,34,4,0.11764705882352941,32,5.983333333333333,6.23,0.05,5.9,34,5,0.14705882352941177,5,0,0.0,external,False,True,1.943526357700037,1.9411368703026557,0.002389487397381318
helm/helm,50024049,2026-05-04,28,23,1,0.043478260869565216,23,5.866666666666666,6.21,0.05,5.766666666666667,23,5,0.21739130434782608,5,0,0.0,external,False,True,1.9266787871274256,1.9411368703026557,-0.014458083175230119
helm/helm,50024049,2026-05-11,24,19,2,0.10526315789473684,18,5.916666666666667,6.12,0.05,5.791666666666666,19,5,0.2631578947368421,5,0,0.0,external,False,True,1.9339339580085977,1.9411368703026557,-0.007202912294058006
helm/helm,50024049,2026-05-18,30,27,5,0.18518518518518517,27,4.783333333333333,5.946666666666667,0.05,4.716666666666667,26,3,0.11538461538461539,4,1,0.3333333333333333,external,False,True,1.7549802177247584,1.9411368703026557,-0.18615665257789726
helm/helm,50024049,2026-05-25,54,44,10,0.22727272727272727,44,5.7,5.995,0.05,5.65,44,10,0.22727272727272727,10,0,0.0,external,False,True,1.9021075263969205,1.9411368703026557,-0.0390293439057352
helm/helm,50024049,2026-06-01,9,7,1,0.14285714285714285,7,5.866666666666666,6.163333333333333,0.03333333333333333,5.8,7,2,0.2857142857142857,2,0,0.0,external,False,True,1.9266787871274256,1.9411368703026557,-0.014458083175230119
helm/helm,50024049,2026-06-08,46,41,5,0.12195121951219512,41,5.766666666666667,6.083333333333333,0.03333333333333333,5.733333333333333,41,5,0.12195121951219512,5,0,0.0,external,False,True,1.912008597379632,1.9411368703026557,-0.02912827292302378
helm/helm,50024049,2026-06-15,49,44,6,0.13636363636363635,44,5.816666666666666,5.995,0.05,5.766666666666667,43,6,0.13953488372093023,6,0,0.0,external,False,True,1.919370593820701,1.9411368703026557,-0.021766276481954616
helm/helm,50024049,2026-06-22,62,54,7,0.12962962962962962,54,5.808333333333334,6.016666666666667,0.03333333333333333,5.766666666666667,54,8,0.14814814814814814,8,0,0.0,external,False,True,1.9181473520779568,1.9411368703026557,-0.022989518224698857
helm/helm,50024049,2026-06-29,26,22,1,0.045454545454545456,22,5.808333333333334,6.130000000000001,0.03333333333333333,5.775,22,4,0.18181818181818182,4,0,0.0,external,False,True,1.9181473520779568,1.9411368703026557,-0.022989518224698857
helm/helm,50024049,2026-07-06,88,78,3,0.038461538461538464,78,5.866666666666666,6.726666666666667,0.05,5.75,82,6,0.07317073170731707,6,1,0.16666666666666666,external,False,True,1.9266787871274256,1.9411368703026557,-0.014458083175230119
helm/helm,50024049,2026-07-13,161,95,8,0.08421052631578947,95,5.783333333333333,6.106666666666667,0.05,5.733333333333333,156,5,0.03205128205128205,5,0,0.0,external,False,True,1.9144686232204944,1.9411368703026557,-0.02666824708216131
helm/helm,50024049,2026-07-20,149,111,4,0.036036036036036036,111,5.833333333333333,6.75,0.05,5.733333333333333,141,8,0.05673758865248227,8,0,0.0,external,False,True,1.9218125974762528,1.9411368703026557,-0.019324272826402922
helm/helm,50024049,2026-07-27,56,27,1,0.037037037037037035,27,5.2,6.420000000000001,0.06666666666666667,4.783333333333333,52,4,0.07692307692307693,4,0,0.0,external,False,True,1.824549292051046,1.9411368703026557,-0.1165875782516097
helm/helm,50024049,2026-08-03,30,16,0,0.0,16,5.041666666666666,6.3583333333333325,0.05,4.975,28,2,0.07142857142857142,2,0,0.0,external,False,True,1.7986799120726287,1.9411368703026557,-0.14245695823002702
helm/helm,81644392,2025-06-09,2,1,0,0.0,1,0.6666666666666666,0.6666666666666666,0.05,0.6166666666666667,1,1,1.0,1,0,0.0,outside,False,False,0.5108256237659907,1.041453874828161,-0.5306282510621703
helm/helm,81644392,2025-06-16,2,1,0,0.0,1,0.4,0.4,0.05,0.35,1,1,1.0,1,0,0.0,outside,False,False,0.33647223662121295,1.041453874828161,-0.704981638206948
helm/helm,81644392,2025-06-23,23,17,3,0.17647058823529413,17,1.5833333333333333,2.99,0.06666666666666667,1.5333333333333334,17,6,0.35294117647058826,6,0,0.0,external,True,False,0.9490805546971459,1.041453874828161,-0.09237332013101507
helm/helm,81644392,2025-06-30,32,28,9,0.32142857142857145,28,1.6916666666666667,2.0533333333333332,0.06666666666666667,1.625,28,4,0.14285714285714285,4,0,0.0,external,True,False,0.9901605804406106,1.041453874828161,-0.05129329438755037
helm/helm,81644392,2025-07-07,61,51,9,0.17647058823529413,51,1.8333333333333333,2.45,0.06666666666666667,1.7666666666666666,51,10,0.19607843137254902,10,0,0.0,external,True,False,1.041453874828161,1.041453874828161,0.0
helm/helm,81644392,2025-07-14,34,26,4,0.15384615384615385,26,1.8333333333333333,2.541666666666667,0.05,1.7833333333333334,26,8,0.3076923076923077,8,0,0.0,external,True,False,1.041453874828161,1.041453874828161,0.0
helm/helm,81644392,2025-07-21,36,29,3,0.10344827586206896,29,1.7166666666666666,2.336666666666667,0.05,1.6833333333333333,29,7,0.2413793103448276,7,0,0.0,external,True,False,0.9994056385846616,1.041453874828161,-0.042048236243499404
helm/helm,81644392,2025-07-28,16,11,3,0.2727272727272727,11,1.7,2.2,0.05,1.6333333333333333,11,5,0.45454545454545453,5,0,0.0,external,True,False,0.9932517730102833,1.041453874828161,-0.04820210181787765
helm/helm,81644392,2025-08-04,64,50,11,0.22,50,1.7583333333333333,2.5016666666666665,0.05,1.7,49,14,0.2857142857142857,15,0,0.0,external,True,False,1.0146266325950168,1.041453874828161,-0.026827242233144144
helm/helm,81644392,2025-08-11,36,28,2,0.07142857142857142,28,1.8,2.355,0.05,1.75,28,8,0.2857142857142857,8,0,0.0,external,True,False,1.0296194171811581,1.041453874828161,-0.01183445764700286
helm/helm,81644392,2025-08-18,81,75,9,0.12,75,1.85,2.2933333333333334,0.05,1.8,75,6,0.08,6,0,0.0,external,True,False,1.0473189942805592,1.041453874828161,0.005865119452398204
helm/helm,81644392,2025-08-25,76,76,13,0.17105263157894737,76,1.95,2.175,0.03333333333333333,1.9,76,0,0.0,0,0,,external,True,False,1.0818051703517284,1.041453874828161,0.04035129552356742
helm/helm,81644392,2025-09-01,84,74,18,0.24324324324324326,74,2.033333333333333,2.5133333333333336,0.05,1.975,74,10,0.13513513513513514,10,0,0.0,external,True,False,1.1096621248546947,1.041453874828161,0.06820825002653375
helm/helm,81644392,2025-09-08,66,60,8,0.13333333333333333,60,2.0833333333333335,2.505,0.05,2.033333333333333,60,6,0.1,6,0,0.0,external,True,False,1.1260112628562242,1.041453874828161,0.08455738802806323
helm/helm,81644392,2025-09-15,35,33,6,0.18181818181818182,33,2.05,2.1966666666666668,0.05,2.0,32,3,0.09375,3,0,0.0,external,True,False,1.1151415906193203,1.041453874828161,0.07368771579115929
helm/helm,81644392,2025-09-22,33,28,1,0.03571428571428571,28,2.066666666666667,2.336666666666667,0.05,2.025,28,5,0.17857142857142858,5,0,0.0,external,False,True,1.120591195386885,1.041453874828161,0.07913732055872402
helm/helm,81644392,2025-09-29,33,30,0,0.0,30,2.066666666666667,2.6166666666666667,0.05,2.0083333333333333,31,2,0.06451612903225806,2,0,0.0,external,False,True,1.120591195386885,1.041453874828161,0.07913732055872402
helm/helm,81644392,2025-10-06,45,41,3,0.07317073170731707,41,2.25,3.033333333333333,0.05,2.2,41,4,0.0975609756097561,4,0,0.0,external,False,True,1.1786549963416462,1.041453874828161,0.13720112151348518
helm/helm,81644392,2025-10-13,40,37,6,0.16216216216216217,37,2.033333333333333,2.206666666666667,0.05,1.9666666666666666,37,3,0.08108108108108109,3,0,0.0,external,False,True,1.1096621248546947,1.041453874828161,0.06820825002653375
helm/helm,81644392,2025-10-20,44,40,6,0.15,40,2.158333333333333,2.6366666666666667,0.13333333333333333,2.0166666666666666,40,4,0.1,4,0,0.0,external,False,True,1.1500444623003803,1.041453874828161,0.10859058747221928
helm/helm,81644392,2025-10-27,45,42,5,0.11904761904761904,42,1.9083333333333332,2.595,0.05,1.8166666666666669,42,3,0.07142857142857142,3,0,0.0,external,False,True,1.0675801794203812,1.041453874828161,0.026126304592220206
helm/helm,81644392,2025-11-03,36,32,2,0.0625,32,1.75,2.74,0.05,1.7,32,4,0.125,4,0,0.0,external,False,True,1.0116009116784799,1.041453874828161,-0.02985296314968111
helm/helm,81644392,2025-11-10,68,64,6,0.09375,64,1.8583333333333334,2.74,0.05,1.8083333333333333,64,4,0.0625,4,0,0.0,external,False,True,1.0502387043838939,1.041453874828161,0.008784829555732898
helm/helm,81644392,2025-11-17,44,40,0,0.0,40,1.8,2.6083333333333334,0.05,1.7416666666666667,40,4,0.1,4,0,0.0,external,False,True,1.0296194171811581,1.041453874828161,-0.01183445764700286
helm/helm,81644392,2025-11-24,26,21,2,0.09523809523809523,21,1.7833333333333334,2.35,0.05,1.7333333333333334,21,5,0.23809523809523808,5,0,0.0,external,False,True,1.0236492501946544,1.041453874828161,-0.017804624633506627
helm/helm,81644392,2025-12-01,26,21,0,0.0,21,1.7166666666666666,2.8333333333333335,0.05,1.6666666666666667,21,5,0.23809523809523808,5,0,0.0,external,False,True,0.9994056385846616,1.041453874828161,-0.042048236243499404
helm/helm,81644392,2025-12-08,58,52,6,0.11538461538461539,52,1.8083333333333333,2.6483333333333334,0.04166666666666667,1.7583333333333333,52,6,0.11538461538461539,6,0,0.0,external,False,True,1.0325911875703158,1.041453874828161,-0.008862687257845225
helm/helm,81644392,2025-12-15,34,30,6,0.2,30,1.875,2.4600000000000004,0.03333333333333333,1.8083333333333333,30,4,0.13333333333333333,4,0,0.0,external,False,True,1.0560526742493137,1.041453874828161,0.01459879942115272
helm/helm,81644392,2025-12-22,20,15,5,0.3333333333333333,15,2.283333333333333,2.4766666666666666,0.05,2.25,15,5,0.3333333333333333,5,0,0.0,external,False,True,1.1888591665158879,1.041453874828161,0.14740529168772687
helm/helm,81644392,2025-12-29,9,7,1,0.14285714285714285,7,1.7166666666666666,1.956666666666667,0.03333333333333333,1.6666666666666667,7,2,0.2857142857142857,2,0,0.0,external,False,True,0.9994056385846616,1.041453874828161,-0.042048236243499404
helm/helm,81644392,2026-01-05,40,34,5,0.14705882352941177,34,1.7416666666666667,2.485,0.05,1.675,34,6,0.17647058823529413,6,0,0.0,external,False,True,1.0085660079833259,1.041453874828161,-0.032887866844835134
helm/helm,81644392,2026-01-12,40,37,5,0.13513513513513514,37,1.8,2.3,0.05,1.75,37,3,0.08108108108108109,3,0,0.0,external,False,True,1.0296194171811581,1.041453874828161,-0.01183445764700286
helm/helm,81644392,2026-01-19,29,27,1,0.037037037037037035,27,1.8166666666666667,2.4033333333333333,0.03333333333333333,1.7666666666666666,27,2,0.07407407407407407,2,0,0.0,external,False,True,1.0355541527009726,1.041453874828161,-0.005899722127188367
helm/helm,81644392,2026-01-26,9,7,0,0.0,7,2.1666666666666665,2.54,0.03333333333333333,2.1333333333333333,7,2,0.2857142857142857,2,0,0.0,external,False,True,1.1526795099383853,1.041453874828161,0.11122563511022432
helm/helm,81644392,2026-02-02,16,14,1,0.07142857142857142,14,1.7833333333333334,2.4283333333333332,0.05,1.7416666666666667,14,2,0.14285714285714285,2,0,0.0,external,False,True,1.0236492501946544,1.041453874828161,-0.017804624633506627
helm/helm,81644392,2026-02-09,40,36,0,0.0,36,2.3083333333333336,2.658333333333333,0.05,2.25,36,4,0.1111111111111111,4,0,0.0,external,False,True,1.1964445379051445,1.041453874828161,0.1549906630769835
helm/helm,81644392,2026-02-16,14,11,1,0.09090909090909091,11,1.9333333333333333,2.55,0.03333333333333333,1.9,11,3,0.2727272727272727,3,0,0.0,external,False,True,1.0761394328160512,1.041453874828161,0.03468555798789019
helm/helm,81644392,2026-02-23,112,110,40,0.36363636363636365,110,2.033333333333333,2.55,0.05,1.975,110,2,0.01818181818181818,2,0,0.0,external,False,True,1.1096621248546947,1.041453874828161,0.06820825002653375
helm/helm,81644392,2026-03-02,24,21,2,0.09523809523809523,21,1.8833333333333333,2.55,0.05,1.8333333333333333,21,3,0.14285714285714285,3,0,0.0,external,False,True,1.0589470322756782,1.041453874828161,0.017493157447517227
helm/helm,81644392,2026-03-09,51,47,4,0.0851063829787234,47,2.466666666666667,2.69,0.03333333333333333,2.433333333333333,47,4,0.0851063829787234,4,0,0.0,external,False,True,1.2431935174792172,1.041453874828161,0.20173964265105626
helm/helm,81644392,2026-03-16,21,20,6,0.3,20,1.9416666666666667,2.47,0.03333333333333333,1.9083333333333332,20,1,0.05,1,0,0.0,external,False,True,1.0789763141512507,1.041453874828161,0.03752243932308974
helm/helm,81644392,2026-03-23,29,26,3,0.11538461538461539,26,2.158333333333333,2.5583333333333336,0.05,2.05,26,3,0.11538461538461539,3,0,0.0,external,False,True,1.1500444623003803,1.041453874828161,0.10859058747221928
helm/helm,81644392,2026-03-30,38,32,6,0.1875,32,2.0166666666666666,2.5833333333333335,0.05,1.9083333333333332,32,6,0.1875,6,0,0.0,external,False,True,1.104152469043725,1.041453874828161,0.06269859421556401
helm/helm,81644392,2026-04-06,51,45,3,0.06666666666666667,44,2.2666666666666666,2.7733333333333334,0.05,2.1666666666666665,45,6,0.13333333333333333,6,0,0.0,external,False,True,1.1837700970084166,1.041453874828161,0.14231622218025564
helm/helm,81644392,2026-04-13,29,23,4,0.17391304347826086,23,1.9666666666666666,2.6533333333333333,0.05,1.9,23,6,0.2608695652173913,6,0,0.0,external,False,True,1.0874389880699844,1.041453874828161,0.045985113241823417
helm/helm,81644392,2026-04-20,29,27,14,0.5185185185185185,27,2.0,2.6100000000000003,0.03333333333333333,1.9,27,2,0.07407407407407407,2,0,0.0,external,False,True,1.0986122886681098,1.041453874828161,0.057158413839948796
helm/helm,81644392,2026-04-27,37,32,1,0.03125,32,1.9583333333333335,2.6966666666666668,0.05,1.8416666666666668,32,5,0.15625,5,0,0.0,external,False,True,1.08462604669337,1.041453874828161,0.04317217186520894
helm/helm,81644392,2026-05-04,28,23,4,0.17391304347826086,23,2.0,2.81,0.06666666666666667,1.9166666666666667,23,5,0.21739130434782608,5,0,0.0,external,False,True,1.0986122886681098,1.041453874828161,0.057158413839948796
helm/helm,81644392,2026-05-11,24,19,3,0.15789473684210525,18,2.4000000000000004,2.888333333333333,0.05,2.208333333333333,19,5,0.2631578947368421,5,0,0.0,external,False,True,1.2237754316221159,1.041453874828161,0.1823215567939549
helm/helm,81644392,2026-05-18,29,26,3,0.11538461538461539,26,2.2666666666666666,2.5083333333333333,0.04166666666666667,2.225,26,3,0.11538461538461539,3,0,0.0,external,False,True,1.1837700970084166,1.041453874828161,0.14231622218025564
helm/helm,81644392,2026-05-25,54,44,13,0.29545454545454547,44,2.2583333333333333,2.54,0.03333333333333333,2.225,44,10,0.22727272727272727,10,0,0.0,external,False,True,1.1812158172033198,1.041453874828161,0.13976194237515882
helm/helm,81644392,2026-06-01,9,7,1,0.14285714285714285,7,2.3833333333333333,2.5566666666666666,0.05,2.3333333333333335,7,2,0.2857142857142857,2,0,0.0,external,False,True,1.2188614168196867,1.041453874828161,0.17740754199152575
helm/helm,81644392,2026-06-08,46,41,6,0.14634146341463414,41,2.3333333333333335,2.65,0.03333333333333333,2.283333333333333,41,5,0.12195121951219512,5,0,0.0,external,False,True,1.2039728043259361,1.041453874828161,0.16251892949777513
helm/helm,81644392,2026-06-15,48,43,6,0.13953488372093023,43,2.25,2.5166666666666666,0.05,2.216666666666667,43,5,0.11627906976744186,5,0,0.0,external,False,True,1.1786549963416462,1.041453874828161,0.13720112151348518
helm/helm,81644392,2026-06-22,63,55,16,0.2909090909090909,55,2.033333333333333,2.26,0.03333333333333333,1.9833333333333334,55,8,0.14545454545454545,8,0,0.0,external,False,True,1.1096621248546947,1.041453874828161,0.06820825002653375
helm/helm,81644392,2026-06-29,26,22,2,0.09090909090909091,22,2.066666666666667,2.615,0.03333333333333333,2.033333333333333,22,4,0.18181818181818182,4,0,0.0,external,False,True,1.120591195386885,1.041453874828161,0.07913732055872402
helm/helm,81644392,2026-07-06,87,77,6,0.07792207792207792,77,2.433333333333333,3.3533333333333335,0.05,2.35,82,5,0.06097560975609756,5,0,0.0,external,False,True,1.2335316065674804,1.041453874828161,0.1920777317393194
helm/helm,81644392,2026-07-13,161,95,19,0.2,95,1.95,2.626666666666667,0.05,1.8666666666666667,156,5,0.03205128205128205,5,0,0.0,external,False,True,1.0818051703517284,1.041453874828161,0.04035129552356742
helm/helm,81644392,2026-07-20,149,111,11,0.0990990990990991,111,2.5,3.4166666666666665,0.05,2.3333333333333335,141,8,0.05673758865248227,8,0,0.0,external,False,True,1.252762968495368,1.041453874828161,0.21130909366720707
helm/helm,81644392,2026-07-27,56,27,5,0.18518518518518517,27,1.5166666666666666,2.3400000000000016,0.05,1.3833333333333333,52,4,0.07692307692307693,4,0,0.0,external,False,True,0.9229352745928237,1.041453874828161,-0.11851860023533733
helm/helm,81644392,2026-08-03,30,16,0,0.0,16,0.9,3.0166666666666666,0.05,0.8166666666666667,28,2,0.07142857142857142,2,0,0.0,external,False,True,0.6418538861723948,1.041453874828161,-0.3995999886557662
prometheus/prometheus,141980711,2025-06-23,122,3,0,0.0,3,0.5,1.9266666666666667,0.36666666666666664,0.13333333333333333,122,0,0.0,0,0,,train,False,False,0.4054651081081644,0.58770092366895,-0.1822358155607856
prometheus/prometheus,141980711,2025-06-30,121,12,0,0.0,12,2.283333333333333,6.538333333333333,2.2,0.075,121,0,0.0,0,0,,train,False,False,1.1888591665158879,0.58770092366895,0.6011582428469379
prometheus/prometheus,141980711,2025-07-07,123,5,0,0.0,5,1.1166666666666667,2.086666666666667,1.0333333333333334,0.08333333333333333,123,0,0.0,0,0,,train,False,False,0.7498425242364906,0.58770092366895,0.16214160056754057
prometheus/prometheus,141980711,2025-07-14,57,0,0,,0,,,,,57,0,0.0,0,0,,train,False,False,,0.58770092366895,
prometheus/prometheus,141980711,2025-07-21,109,0,0,,0,,,,,109,0,0.0,0,0,,train,False,False,,0.58770092366895,
prometheus/prometheus,141980711,2025-07-28,133,21,0,0.0,21,15.966666666666667,39.083333333333336,15.866666666666667,0.1,133,0,0.0,0,0,,train,False,False,2.8312506348883675,0.58770092366895,2.2435497112194174
prometheus/prometheus,141980711,2025-08-04,129,2,0,0.0,2,1.2916666666666665,2.205,1.2083333333333333,0.08333333333333334,129,0,0.0,0,0,,train,False,False,0.8292793548845252,0.58770092366895,0.2415784312155752
prometheus/prometheus,141980711,2025-08-11,100,0,0,,0,,,,,100,0,0.0,0,0,,train,False,False,,0.58770092366895,
prometheus/prometheus,141980711,2025-08-18,92,3,0,0.0,3,0.15,0.71,0.05,0.1,92,0,0.0,0,0,,train,False,False,0.1397619423751587,0.58770092366895,-0.4479389812937913
prometheus/prometheus,141980711,2025-08-25,87,0,0,,0,,,,,87,0,0.0,0,0,,train,False,False,,0.58770092366895,
prometheus/prometheus,141980711,2025-09-01,129,23,19,0.8260869565217391,23,0.16666666666666666,1.7066666666666668,0.05,0.11666666666666667,129,0,0.0,0,0,,train,False,False,0.15415067982725827,0.58770092366895,-0.4335502438416917
prometheus/prometheus,141980711,2025-09-08,70,5,3,0.6,5,2.8833333333333333,4.663333333333334,2.8333333333333335,0.08333333333333333,70,0,0.0,0,0,,train,False,False,1.3566938913436,0.58770092366895,0.76899296767465
prometheus/prometheus,141980711,2025-09-15,81,1,1,1.0,1,0.21666666666666667,0.21666666666666667,0.05,0.16666666666666666,81,0,0.0,0,0,,train,False,False,0.19611487892629045,0.58770092366895,-0.39158604474265957
prometheus/prometheus,141980711,2025-09-22,52,3,3,1.0,3,1.35,3.11,1.1833333333333333,0.1,52,0,0.0,0,0,,train,False,False,0.8544153281560676,0.58770092366895,0.2667144044871176
prometheus/prometheus,141980711,2025-09-29,110,14,10,0.7142857142857143,14,0.6333333333333333,4.598333333333334,0.525,0.1,110,0,0.0,0,0,,train,False,False,0.4906229164484712,0.58770092366895,-0.09707800722047877
prometheus/prometheus,141980711,2025-10-06,161,1,1,1.0,1,0.18333333333333332,0.18333333333333332,0.03333333333333333,0.15,161,0,0.0,0,0,,train,False,False,0.1683353148192147,0.58770092366895,-0.4193656088497353
prometheus/prometheus,141980711,2025-10-13,127,0,0,,0,,,,,127,0,0.0,0,0,,train,False,False,,0.58770092366895,
prometheus/prometheus,141980711,2025-10-20,100,10,6,0.6,10,0.32499999999999996,1.3766666666666665,0.16666666666666666,0.075,100,0,0.0,0,0,,train,False,False,0.2814124594381855,0.58770092366895,-0.3062884642307645
prometheus/prometheus,141980711,2025-10-27,158,23,20,0.8695652173913043,23,19.483333333333334,43.36,19.35,0.1,158,0,0.0,0,0,,train,False,False,3.019611547343934,0.58770092366895,2.431910623674984
prometheus/prometheus,141980711,2025-11-03,124,36,34,0.9444444444444444,36,6.741666666666667,26.95,6.666666666666667,0.1,124,0,0.0,0,0,,train,False,False,2.0466169960317924,0.58770092366895,1.4589160723628423
prometheus/prometheus,141980711,2025-11-10,137,0,0,,0,,,,,137,0,0.0,0,0,,train,False,False,,0.58770092366895,
prometheus/prometheus,141980711,2025-11-17,147,23,19,0.8260869565217391,23,17.1,43.82666666666667,16.95,0.1,147,0,0.0,0,0,,train,False,False,2.89591193827178,0.58770092366895,2.30821101460283
prometheus/prometheus,141980711,2025-11-24,92,0,0,,0,,,,,92,0,0.0,0,0,,train,False,False,,0.58770092366895,
prometheus/prometheus,141980711,2025-12-01,109,7,5,0.7142857142857143,7,0.23333333333333334,0.6800000000000004,0.06666666666666667,0.1,109,0,0.0,0,0,,train,False,False,0.20972053098206905,0.58770092366895,-0.37798039268688094
prometheus/prometheus,141980711,2025-12-08,126,0,0,,0,,,,,126,0,0.0,0,0,,train,False,False,,0.58770092366895,
prometheus/prometheus,141980711,2025-12-15,166,2,2,1.0,2,0.14166666666666666,0.14833333333333332,0.058333333333333334,0.08333333333333333,166,0,0.0,0,0,,train,False,False,0.13248918304607893,0.58770092366895,-0.45521174062287106
prometheus/prometheus,141980711,2025-12-22,63,2,2,1.0,2,0.11666666666666667,0.13,0.04166666666666667,0.075,63,0,0.0,0,0,,train,False,False,0.11034805716886538,0.58770092366895,-0.4773528665000846
prometheus/prometheus,141980711,2025-12-29,96,20,16,0.8,20,1.7333333333333334,12.92,1.6333333333333333,0.08333333333333333,95,1,0.010526315789473684,1,0,0.0,train,False,False,1.0055218656020977,0.58770092366895,0.41782094193314767
prometheus/prometheus,141980711,2026-01-05,145,2,2,1.0,2,0.9833333333333334,1.5966666666666667,0.9,0.08333333333333333,145,0,0.0,0,0,,train,False,False,0.6847789308894288,0.58770092366895,0.09707800722047877
prometheus/prometheus,141980711,2026-01-12,170,0,0,,0,,,,,170,0,0.0,0,0,,train,False,False,,0.58770092366895,
prometheus/prometheus,141980711,2026-01-19,234,0,0,,0,,,,,234,0,0.0,0,0,,train,False,False,,0.58770092366895,
prometheus/prometheus,141980711,2026-01-26,211,0,0,,0,,,,,211,0,0.0,0,0,,train,False,False,,0.58770092366895,
prometheus/prometheus,141980711,2026-02-02,259,0,0,,0,,,,,259,0,0.0,0,0,,train,False,False,,0.58770092366895,
prometheus/prometheus,141980711,2026-02-09,207,3,3,1.0,3,0.11666666666666667,0.11666666666666667,0.05,0.05,207,0,0.0,0,0,,train,False,False,0.11034805716886538,0.58770092366895,-0.4773528665000846
prometheus/prometheus,141980711,2026-02-16,213,0,0,,0,,,,,213,0,0.0,0,0,,train,False,False,,0.58770092366895,
prometheus/prometheus,141980711,2026-02-23,146,0,0,,0,,,,,146,0,0.0,0,0,,train,False,False,,0.58770092366895,
prometheus/prometheus,141980711,2026-03-02,136,0,0,,0,,,,,136,0,0.0,0,0,,purge,False,False,,0.58770092366895,
prometheus/prometheus,141980711,2026-03-09,208,0,0,,0,,,,,208,0,0.0,0,0,,purge,False,False,,0.58770092366895,
prometheus/prometheus,141980711,2026-03-16,148,0,0,,0,,,,,148,0,0.0,0,0,,purge,False,False,,0.58770092366895,
prometheus/prometheus,141980711,2026-03-23,179,0,0,,0,,,,,179,0,0.0,0,0,,purge,False,False,,0.58770092366895,
prometheus/prometheus,141980711,2026-03-30,197,0,0,,0,,,,,196,1,0.00510204081632653,1,0,0.0,holdout,False,False,,0.58770092366895,
prometheus/prometheus,141980711,2026-04-06,130,0,0,,0,,,,,130,0,0.0,0,0,,holdout,False,False,,0.58770092366895,
prometheus/prometheus,141980711,2026-04-13,148,0,0,,0,,,,,148,0,0.0,0,0,,holdout,False,False,,0.58770092366895,
prometheus/prometheus,141980711,2026-04-20,121,0,0,,0,,,,,121,0,0.0,0,0,,holdout,False,False,,0.58770092366895,
prometheus/prometheus,141980711,2026-04-27,68,0,0,,0,,,,,68,0,0.0,0,0,,holdout,False,False,,0.58770092366895,
prometheus/prometheus,141980711,2026-05-04,80,0,0,,0,,,,,80,0,0.0,0,0,,holdout,False,False,,0.58770092366895,
prometheus/prometheus,141980711,2026-05-11,125,0,0,,0,,,,,125,0,0.0,0,0,,holdout,False,False,,0.58770092366895,
prometheus/prometheus,141980711,2026-05-18,155,0,0,,0,,,,,155,0,0.0,0,0,,holdout,False,False,,0.58770092366895,
prometheus/prometheus,141980711,2026-05-25,85,0,0,,0,,,,,85,0,0.0,0,0,,holdout,False,False,,0.58770092366895,
prometheus/prometheus,141980711,2026-06-01,152,0,0,,0,,,,,152,0,0.0,0,0,,holdout,False,False,,0.58770092366895,
prometheus/prometheus,141980711,2026-06-08,143,0,0,,0,,,,,143,0,0.0,0,0,,holdout,False,False,,0.58770092366895,
prometheus/prometheus,141980711,2026-06-15,181,0,0,,0,,,,,180,1,0.005555555555555556,1,0,0.0,holdout,False,False,,0.58770092366895,
prometheus/prometheus,141980711,2026-06-22,119,0,0,,0,,,,,119,0,0.0,0,0,,holdout,False,False,,0.58770092366895,
prometheus/prometheus,141980711,2026-06-29,169,0,0,,0,,,,,169,0,0.0,0,0,,holdout,False,False,,0.58770092366895,
prometheus/prometheus,141980711,2026-07-06,208,0,0,,0,,,,,208,0,0.0,0,0,,holdout,False,False,,0.58770092366895,
prometheus/prometheus,141980711,2026-07-13,223,0,0,,0,,,,,223,0,0.0,0,0,,holdout,False,False,,0.58770092366895,
prometheus/prometheus,141980711,2026-07-20,139,0,0,,0,,,,,139,0,0.0,0,0,,holdout,False,False,,0.58770092366895,
prometheus/prometheus,141980711,2026-07-27,144,0,0,,0,,,,,144,0,0.0,0,0,,holdout,False,False,,0.58770092366895,
prometheus/prometheus,141980711,2026-08-03,117,0,0,,0,,,,,117,0,0.0,0,0,,holdout,False,False,,0.58770092366895,
prometheus/prometheus,176196490,2025-07-21,11,11,5,0.45454545454545453,11,0.11666666666666667,0.13333333333333333,0.05,0.08333333333333333,11,0,0.0,0,0,,train,False,False,0.11034805716886538,0.12516314295400602,-0.014815085785140639
prometheus/prometheus,176196490,2025-07-28,2,2,0,0.0,2,0.14166666666666666,0.14833333333333332,0.05,0.09166666666666667,2,0,0.0,0,0,,train,False,False,0.13248918304607893,0.12516314295400602,0.007326040092072911
prometheus/prometheus,176196490,2025-08-11,76,76,49,0.6447368421052632,76,0.13333333333333333,0.19166666666666665,0.05,0.08333333333333333,74,2,0.02702702702702703,2,0,0.0,train,False,False,0.12516314295400602,0.12516314295400602,0.0
prometheus/prometheus,176196490,2025-08-18,154,154,78,0.5064935064935064,154,0.11666666666666667,0.15,0.03333333333333333,0.08333333333333333,148,3,0.02027027027027027,6,0,0.0,train,False,False,0.11034805716886538,0.12516314295400602,-0.014815085785140639
prometheus/prometheus,176196490,2025-08-25,116,116,42,0.3620689655172414,116,0.13333333333333333,0.16666666666666666,0.05,0.08333333333333333,115,1,0.008695652173913044,1,0,0.0,train,False,False,0.12516314295400602,0.12516314295400602,0.0
prometheus/prometheus,176196490,2025-09-01,221,221,83,0.3755656108597285,221,0.13333333333333333,0.25,0.05,0.08333333333333333,221,0,0.0,0,0,,train,False,False,0.12516314295400602,0.12516314295400602,0.0
prometheus/prometheus,176196490,2025-09-08,117,117,46,0.39316239316239315,117,0.13333333333333333,0.9466666666666673,0.05,0.08333333333333333,117,0,0.0,0,0,,train,False,False,0.12516314295400602,0.12516314295400602,0.0
prometheus/prometheus,176196490,2025-09-15,116,116,24,0.20689655172413793,116,0.13333333333333333,0.175,0.05,0.08333333333333333,116,0,0.0,0,0,,train,False,False,0.12516314295400602,0.12516314295400602,0.0
prometheus/prometheus,176196490,2025-09-22,80,80,26,0.325,80,0.13333333333333333,0.19333333333333416,0.05,0.08333333333333333,79,1,0.012658227848101266,1,0,0.0,train,False,False,0.12516314295400602,0.12516314295400602,0.0
prometheus/prometheus,176196490,2025-09-29,153,138,52,0.37681159420289856,138,0.13333333333333333,0.16666666666666666,0.03333333333333333,0.08333333333333333,153,0,0.0,0,0,,train,False,False,0.12516314295400602,0.12516314295400602,0.0
prometheus/prometheus,176196490,2025-10-06,198,193,34,0.17616580310880828,193,0.13333333333333333,0.16666666666666666,0.05,0.08333333333333333,198,0,0.0,0,0,,train,False,False,0.12516314295400602,0.12516314295400602,0.0
prometheus/prometheus,176196490,2025-10-13,168,168,28,0.16666666666666666,168,0.13333333333333333,0.2,0.05,0.08333333333333333,168,0,0.0,0,0,,train,False,False,0.12516314295400602,0.12516314295400602,0.0
prometheus/prometheus,176196490,2025-10-20,135,99,17,0.1717171717171717,99,0.21666666666666667,0.25,0.13333333333333333,0.08333333333333333,135,0,0.0,0,0,,train,False,False,0.19611487892629045,0.12516314295400602,0.07095173597228444
prometheus/prometheus,176196490,2025-10-27,186,163,22,0.13496932515337423,163,0.13333333333333333,0.23333333333333334,0.05,0.08333333333333333,186,0,0.0,0,0,,train,False,False,0.12516314295400602,0.12516314295400602,0.0
prometheus/prometheus,176196490,2025-11-03,231,137,23,0.1678832116788321,137,0.13333333333333333,0.18333333333333332,0.05,0.08333333333333333,230,1,0.004347826086956522,1,0,0.0,train,False,False,0.12516314295400602,0.12516314295400602,0.0
prometheus/prometheus,176196490,2025-11-10,193,193,34,0.17616580310880828,193,0.13333333333333333,0.16666666666666666,0.05,0.08333333333333333,193,0,0.0,0,0,,train,False,False,0.12516314295400602,0.12516314295400602,0.0
prometheus/prometheus,176196490,2025-11-17,206,183,39,0.21311475409836064,183,0.13333333333333333,0.16666666666666666,0.05,0.08333333333333333,206,0,0.0,0,0,,train,False,False,0.12516314295400602,0.12516314295400602,0.0
prometheus/prometheus,176196490,2025-11-24,120,120,13,0.10833333333333334,120,0.13333333333333333,0.16666666666666666,0.05,0.08333333333333333,120,0,0.0,0,0,,train,False,False,0.12516314295400602,0.12516314295400602,0.0
prometheus/prometheus,176196490,2025-12-01,189,158,41,0.25949367088607594,158,0.13333333333333333,0.16666666666666666,0.05,0.08333333333333333,189,0,0.0,0,0,,train,False,False,0.12516314295400602,0.12516314295400602,0.0
prometheus/prometheus,176196490,2025-12-08,147,147,17,0.11564625850340136,147,0.13333333333333333,0.16666666666666666,0.05,0.08333333333333333,147,0,0.0,0,0,,train,False,False,0.12516314295400602,0.12516314295400602,0.0
prometheus/prometheus,176196490,2025-12-15,214,197,58,0.29441624365482233,197,0.13333333333333333,0.18333333333333332,0.05,0.08333333333333333,214,0,0.0,0,0,,train,False,False,0.12516314295400602,0.12516314295400602,0.0
prometheus/prometheus,176196490,2025-12-22,126,121,40,0.3305785123966942,121,0.11666666666666667,0.15,0.03333333333333333,0.08333333333333333,126,0,0.0,0,0,,train,False,False,0.11034805716886538,0.12516314295400602,-0.014815085785140639
prometheus/prometheus,176196490,2025-12-29,159,125,46,0.368,125,0.13333333333333333,0.16666666666666666,0.03333333333333333,0.08333333333333333,159,0,0.0,0,0,,train,False,False,0.12516314295400602,0.12516314295400602,0.0
prometheus/prometheus,176196490,2026-01-05,201,197,72,0.36548223350253806,197,0.13333333333333333,0.15,0.05,0.08333333333333333,201,0,0.0,0,0,,train,False,False,0.12516314295400602,0.12516314295400602,0.0
prometheus/prometheus,176196490,2026-01-12,205,205,53,0.25853658536585367,205,0.11666666666666667,0.1599999999999999,0.03333333333333333,0.08333333333333333,205,0,0.0,0,0,,train,False,False,0.11034805716886538,0.12516314295400602,-0.014815085785140639
prometheus/prometheus,176196490,2026-01-19,286,286,28,0.0979020979020979,286,0.13333333333333333,0.16666666666666666,0.05,0.08333333333333333,286,0,0.0,0,0,,train,False,False,0.12516314295400602,0.12516314295400602,0.0
prometheus/prometheus,176196490,2026-01-26,278,277,31,0.11191335740072202,277,0.13333333333333333,0.16666666666666666,0.05,0.08333333333333333,277,1,0.0036101083032490976,1,0,0.0,train,False,False,0.12516314295400602,0.12516314295400602,0.0
prometheus/prometheus,176196490,2026-02-02,350,350,99,0.28285714285714286,350,0.13333333333333333,0.18333333333333332,0.05,0.08333333333333333,346,2,0.005780346820809248,4,0,0.0,train,False,False,0.12516314295400602,0.12516314295400602,0.0
prometheus/prometheus,176196490,2026-02-09,239,234,40,0.17094017094017094,234,0.13333333333333333,0.16666666666666666,0.05,0.08333333333333333,239,0,0.0,0,0,,train,False,False,0.12516314295400602,0.12516314295400602,0.0
prometheus/prometheus,176196490,2026-02-16,241,241,77,0.31950207468879666,241,0.13333333333333333,1.4833333333333334,0.05,0.08333333333333333,238,2,0.008403361344537815,3,0,0.0,train,False,False,0.12516314295400602,0.12516314295400602,0.0
prometheus/prometheus,176196490,2026-02-23,297,297,27,0.09090909090909091,297,0.13333333333333333,0.16666666666666666,0.05,0.08333333333333333,296,1,0.0033783783783783786,1,0,0.0,train,False,False,0.12516314295400602,0.12516314295400602,0.0
prometheus/prometheus,176196490,2026-03-02,203,203,11,0.054187192118226604,203,0.13333333333333333,0.21666666666666667,0.05,0.08333333333333333,203,0,0.0,0,0,,purge,False,False,0.12516314295400602,0.12516314295400602,0.0
prometheus/prometheus,176196490,2026-03-09,283,283,38,0.13427561837455831,283,0.13333333333333333,0.16666666666666666,0.03333333333333333,0.08333333333333333,283,0,0.0,0,0,,purge,False,False,0.12516314295400602,0.12516314295400602,0.0
prometheus/prometheus,176196490,2026-03-16,203,203,26,0.12807881773399016,203,0.13333333333333333,0.1800000000000002,0.03333333333333333,0.08333333333333333,203,0,0.0,0,0,,purge,False,False,0.12516314295400602,0.12516314295400602,0.0
prometheus/prometheus,176196490,2026-03-23,232,232,20,0.08620689655172414,232,0.13333333333333333,0.16666666666666666,0.05,0.08333333333333333,232,0,0.0,0,0,,purge,False,False,0.12516314295400602,0.12516314295400602,0.0
prometheus/prometheus,176196490,2026-03-30,281,280,60,0.21428571428571427,280,0.13333333333333333,0.16666666666666666,0.05,0.08333333333333333,280,1,0.0035714285714285713,1,0,0.0,holdout,False,False,0.12516314295400602,0.12516314295400602,0.0
prometheus/prometheus,176196490,2026-04-06,196,196,22,0.11224489795918367,196,0.13333333333333333,0.16666666666666666,0.05,0.08333333333333333,196,0,0.0,0,0,,holdout,False,False,0.12516314295400602,0.12516314295400602,0.0
prometheus/prometheus,176196490,2026-04-13,196,196,37,0.18877551020408162,196,0.13333333333333333,0.16666666666666666,0.05,0.08333333333333333,196,0,0.0,0,0,,holdout,False,False,0.12516314295400602,0.12516314295400602,0.0
prometheus/prometheus,176196490,2026-04-20,151,151,13,0.08609271523178808,151,0.13333333333333333,0.16666666666666666,0.05,0.08333333333333333,151,0,0.0,0,0,,holdout,False,False,0.12516314295400602,0.12516314295400602,0.0
prometheus/prometheus,176196490,2026-04-27,109,109,36,0.3302752293577982,109,0.13333333333333333,0.21666666666666667,0.05,0.08333333333333333,108,1,0.009259259259259259,1,0,0.0,holdout,False,False,0.12516314295400602,0.12516314295400602,0.0
prometheus/prometheus,176196490,2026-05-04,114,114,15,0.13157894736842105,114,0.16666666666666666,0.26666666666666666,0.06666666666666667,0.08333333333333333,114,0,0.0,0,0,,holdout,False,False,0.15415067982725827,0.12516314295400602,0.028987536873252256
prometheus/prometheus,176196490,2026-05-11,159,159,16,0.10062893081761007,159,0.18333333333333332,1.8633333333333346,0.06666666666666667,0.08333333333333333,159,0,0.0,0,0,,holdout,False,False,0.1683353148192147,0.12516314295400602,0.04317217186520869
prometheus/prometheus,176196490,2026-05-18,228,228,27,0.11842105263157894,228,0.15,0.521666666666667,0.05,0.08333333333333333,228,0,0.0,0,0,,holdout,False,False,0.1397619423751587,0.12516314295400602,0.014598799421152692
prometheus/prometheus,176196490,2026-05-25,177,177,34,0.192090395480226,177,0.15,0.2,0.05,0.1,175,2,0.011428571428571429,2,2,1.0,holdout,False,False,0.1397619423751587,0.12516314295400602,0.014598799421152692
prometheus/prometheus,176196490,2026-06-01,339,339,25,0.07374631268436578,339,0.13333333333333333,0.18333333333333332,0.05,0.08333333333333333,339,0,0.0,0,0,,holdout,False,False,0.12516314295400602,0.12516314295400602,0.0
prometheus/prometheus,176196490,2026-06-08,451,451,35,0.07760532150776053,451,0.13333333333333333,0.18333333333333332,0.03333333333333333,0.08333333333333333,450,1,0.0022222222222222222,1,0,0.0,holdout,False,False,0.12516314295400602,0.12516314295400602,0.0
prometheus/prometheus,176196490,2026-06-15,406,405,30,0.07407407407407407,405,0.16666666666666666,0.3,0.05,0.08333333333333333,405,1,0.0024691358024691358,1,0,0.0,holdout,False,False,0.15415067982725827,0.12516314295400602,0.028987536873252256
prometheus/prometheus,176196490,2026-06-22,362,362,32,0.08839779005524862,362,0.13333333333333333,0.19833333333333392,0.05,0.08333333333333333,362,0,0.0,0,0,,holdout,False,False,0.12516314295400602,0.12516314295400602,0.0
prometheus/prometheus,176196490,2026-06-29,425,425,23,0.05411764705882353,425,0.13333333333333333,0.23333333333333334,0.03333333333333333,0.08333333333333333,425,0,0.0,0,0,,holdout,False,False,0.12516314295400602,0.12516314295400602,0.0
prometheus/prometheus,176196490,2026-07-06,672,672,26,0.03869047619047619,672,0.13333333333333333,0.6666666666666666,0.03333333333333333,0.08333333333333333,672,0,0.0,0,0,,holdout,False,False,0.12516314295400602,0.12516314295400602,0.0
prometheus/prometheus,176196490,2026-07-13,666,666,9,0.013513513513513514,666,0.13333333333333333,0.18333333333333332,0.03333333333333333,0.1,666,0,0.0,0,0,,holdout,False,False,0.12516314295400602,0.12516314295400602,0.0
prometheus/prometheus,176196490,2026-07-20,449,449,10,0.022271714922048998,449,0.15,6.15,0.05,0.08333333333333333,449,0,0.0,0,0,,holdout,False,False,0.1397619423751587,0.12516314295400602,0.014598799421152692
prometheus/prometheus,176196490,2026-07-27,362,362,19,0.052486187845303865,362,0.15,0.26666666666666666,0.05,0.08333333333333333,362,0,0.0,0,0,,holdout,False,False,0.1397619423751587,0.12516314295400602,0.014598799421152692
prometheus/prometheus,176196490,2026-08-03,297,297,14,0.04713804713804714,297,0.16666666666666666,0.35333333333333505,0.05,0.1,297,0,0.0,0,0,,holdout,False,False,0.15415067982725827,0.12516314295400602,0.028987536873252256
prometheus/prometheus,180838329,2025-08-11,9,9,9,1.0,8,0.10833333333333334,0.13833333333333334,0.05,0.058333333333333334,7,2,0.2857142857142857,2,0,0.0,train,False,False,0.10285738543970777,0.10285738543970777,0.0
prometheus/prometheus,186174254,2025-09-01,4,4,1,0.25,4,19.891666666666666,23.866666666666667,0.06666666666666667,19.825,4,0,0.0,0,0,,train,False,False,3.0393503553762473,3.0393503553762473,0.0
prometheus/prometheus,20073842,2025-08-11,5,5,5,1.0,5,0.31666666666666665,0.32666666666666666,0.03333333333333333,0.25,5,0,0.0,0,0,,train,False,False,0.2751032902449208,0.3123746850421524,-0.03727139479723157
prometheus/prometheus,20073842,2025-09-01,1,1,0,0.0,1,0.48333333333333334,0.48333333333333334,0.03333333333333333,0.45,1,0,0.0,0,0,,train,False,False,0.3942918075100391,0.3123746850421524,0.08191712246788674
prometheus/prometheus,20073842,2025-09-08,1,1,0,0.0,1,0.43333333333333335,0.43333333333333335,0.15,0.2833333333333333,1,0,0.0,0,0,,train,False,False,0.36000273403140703,0.3123746850421524,0.04762804898925466
prometheus/prometheus,20073842,2025-09-29,2,2,0,0.0,2,0.3333333333333333,0.3333333333333333,0.03333333333333333,0.3,2,0,0.0,0,0,,train,False,False,0.2876820724517809,0.3123746850421524,-0.024692612590371477
prometheus/prometheus,20073842,2025-10-13,5,5,0,0.0,5,0.35,0.37666666666666665,0.05,0.3,5,0,0.0,0,0,,train,False,False,0.3001045924503381,0.3123746850421524,-0.012270092591814274
prometheus/prometheus,20073842,2025-10-20,4,4,0,0.0,4,0.32499999999999996,0.35,0.03333333333333333,0.26666666666666666,4,0,0.0,0,0,,train,False,False,0.2814124594381855,0.3123746850421524,-0.030962225603966886
prometheus/prometheus,20073842,2025-10-27,5,5,4,0.8,5,0.35,0.37666666666666665,0.05,0.2833333333333333,5,0,0.0,0,0,,train,False,False,0.3001045924503381,0.3123746850421524,-0.012270092591814274
prometheus/prometheus,20073842,2025-11-03,1,1,1,1.0,1,0.36666666666666664,0.36666666666666664,0.03333333333333333,0.3333333333333333,1,0,0.0,0,0,,train,False,False,0.3123746850421524,0.3123746850421524,0.0
prometheus/prometheus,20073842,2025-11-10,1,1,1,1.0,1,0.45,0.45,0.06666666666666667,0.38333333333333336,1,0,0.0,0,0,,train,False,False,0.37156355643248307,0.3123746850421524,0.05918887139033069
prometheus/prometheus,20073842,2025-11-17,2,2,0,0.0,2,3.925,6.798333333333334,3.6,0.32499999999999996,2,0,0.0,0,0,,train,False,False,1.5943242746240522,0.3123746850421524,1.2819495895818998
prometheus/prometheus,20073842,2025-12-01,1,1,0,0.0,1,0.5,0.5,0.15,0.35,1,0,0.0,0,0,,train,False,False,0.4054651081081644,0.3123746850421524,0.093090423066012
prometheus/prometheus,20073842,2025-12-15,5,5,0,0.0,5,0.31666666666666665,0.36333333333333334,0.03333333333333333,0.2833333333333333,5,0,0.0,0,0,,train,False,False,0.2751032902449208,0.3123746850421524,-0.03727139479723157
prometheus/prometheus,20073842,2026-02-23,3,3,0,0.0,3,0.36666666666666664,0.4066666666666667,0.05,0.31666666666666665,3,0,0.0,0,0,,train,False,False,0.3123746850421524,0.3123746850421524,0.0
prometheus/prometheus,20073842,2026-03-23,1,1,1,1.0,1,0.35,0.35,0.05,0.3,1,0,0.0,0,0,,purge,False,False,0.3001045924503381,0.3123746850421524,-0.012270092591814274
prometheus/prometheus,20073842,2026-04-27,7,7,0,0.0,7,0.38333333333333336,0.5933333333333334,0.03333333333333333,0.35,7,0,0.0,0,0,,holdout,False,False,0.3244960455744973,0.3123746850421524,0.012121360532344916
prometheus/prometheus,20073842,2026-06-01,1,1,0,0.0,1,0.48333333333333334,0.48333333333333334,0.16666666666666666,0.31666666666666665,1,0,0.0,0,0,,holdout,False,False,0.3942918075100391,0.3123746850421524,0.08191712246788674
prometheus/prometheus,20073842,2026-06-29,4,4,0,0.0,4,0.7916666666666666,1.3316666666666668,0.3666666666666667,0.3666666666666667,4,0,0.0,0,0,,holdout,False,False,0.5831462853456169,0.3123746850421524,0.2707716003034645
prometheus/prometheus,20073842,2026-07-06,1,1,1,1.0,1,0.45,0.45,0.05,0.4,1,0,0.0,0,0,,holdout,False,False,0.37156355643248307,0.3123746850421524,0.05918887139033069
prometheus/prometheus,20073842,2026-07-13,1,1,0,0.0,1,0.38333333333333336,0.38333333333333336,0.05,0.3333333333333333,1,0,0.0,0,0,,holdout,False,False,0.3244960455744973,0.3123746850421524,0.012121360532344916
prometheus/prometheus,20073842,2026-07-20,2,2,0,0.0,2,0.5416666666666666,0.5883333333333333,0.175,0.3666666666666667,2,0,0.0,0,0,,holdout,False,False,0.43286408229627876,0.3123746850421524,0.12048939725412638
prometheus/prometheus,20073842,2026-07-27,1,1,0,0.0,1,0.45,0.45,0.05,0.4,1,0,0.0,0,0,,holdout,False,False,0.37156355643248307,0.3123746850421524,0.05918887139033069
prometheus/prometheus,249766468,2026-03-16,1,1,1,1.0,1,0.7666666666666667,0.7666666666666667,0.03333333333333333,0.7333333333333333,1,0,0.0,0,0,,purge,False,False,0.5690945318899665,,
prometheus/prometheus,263913294,2026-04-20,83,83,1,0.012048192771084338,83,0.6166666666666667,0.9333333333333333,0.05,0.5833333333333334,83,0,0.0,0,0,,holdout,False,False,0.4803664162812822,,
prometheus/prometheus,263913294,2026-04-27,60,60,2,0.03333333333333333,60,0.6333333333333333,0.8516666666666667,0.05,0.5583333333333333,60,0,0.0,0,0,,holdout,False,False,0.4906229164484712,,
prometheus/prometheus,263913294,2026-05-04,74,74,12,0.16216216216216217,74,0.75,1.4966666666666668,0.15,0.6333333333333333,73,1,0.0136986301369863,1,0,0.0,holdout,False,False,0.5596157879354227,,
prometheus/prometheus,263913294,2026-05-11,2,2,0,0.0,2,0.5916666666666667,0.6116666666666667,0.058333333333333334,0.5333333333333333,2,0,0.0,0,0,,holdout,False,False,0.4647816852645839,,
prometheus/prometheus,263913294,2026-05-18,15,15,3,0.2,15,0.7166666666666667,1.4466666666666665,0.06666666666666667,0.65,15,0,0.0,0,0,,holdout,False,False,0.540384426007535,,
prometheus/prometheus,263913294,2026-05-25,10,10,4,0.4,10,0.9333333333333333,1.4416666666666667,0.05,0.8916666666666666,10,0,0.0,0,0,,holdout,False,False,0.659245628884264,,
prometheus/prometheus,263913294,2026-06-08,1,1,0,0.0,1,0.8833333333333333,0.8833333333333333,0.03333333333333333,0.85,1,0,0.0,0,0,,holdout,False,False,0.6330432564902398,,
prometheus/prometheus,263913294,2026-06-15,12,12,0,0.0,12,0.6833333333333333,0.93,0.05,0.6333333333333333,12,0,0.0,0,0,,holdout,False,False,0.5207759546191588,,
prometheus/prometheus,263913294,2026-06-22,4,4,0,0.0,4,0.675,0.7283333333333333,0.04166666666666667,0.6333333333333333,4,0,0.0,0,0,,holdout,False,False,0.5158131652770298,,
prometheus/prometheus,263913294,2026-06-29,2,2,0,0.0,2,0.95,1.0433333333333332,0.03333333333333333,0.9166666666666667,2,0,0.0,0,0,,holdout,False,False,0.6678293725756554,,
prometheus/prometheus,263913294,2026-07-06,1,1,0,0.0,1,0.9833333333333333,0.9833333333333333,0.03333333333333333,0.95,1,0,0.0,0,0,,holdout,False,False,0.6847789308894286,,
prometheus/prometheus,263913294,2026-07-13,1,1,0,0.0,1,0.55,0.55,0.03333333333333333,0.5166666666666667,1,0,0.0,0,0,,holdout,False,False,0.4382549309311553,,
prometheus/prometheus,263913294,2026-07-20,2,2,0,0.0,2,0.5083333333333333,0.5416666666666667,0.03333333333333333,0.47500000000000003,2,0,0.0,0,0,,holdout,False,False,0.4110052884837797,,
prometheus/prometheus,263913294,2026-07-27,4,4,1,0.25,4,1.275,1.5333333333333334,0.04166666666666667,1.1833333333333333,4,0,0.0,0,0,,holdout,False,False,0.8219800524029137,,
prometheus/prometheus,263913294,2026-08-03,3,3,0,0.0,3,0.65,0.7166666666666667,0.13333333333333333,0.5166666666666667,3,0,0.0,0,0,,holdout,False,False,0.5007752879124893,,
prometheus/prometheus,265771250,2026-04-20,3,3,0,0.0,3,0.16666666666666666,0.23333333333333334,0.05,0.11666666666666667,3,0,0.0,0,0,,holdout,False,False,0.15415067982725827,,
prometheus/prometheus,265823749,2026-04-20,1,1,0,0.0,1,0.18333333333333332,0.18333333333333332,0.08333333333333333,0.1,1,0,0.0,0,0,,holdout,False,False,0.1683353148192147,,
prometheus/prometheus,308612701,2026-07-06,1,0,0,,0,,,,,1,0,0.0,0,0,,holdout,False,False,,,
prometheus/prometheus,308612702,2026-07-06,1,1,1,1.0,1,0.75,0.75,0.05,0.7,1,0,0.0,0,0,,holdout,False,False,0.5596157879354227,,
prometheus/prometheus,34174364,2025-06-09,2,2,1,0.5,2,15.475000000000001,18.628333333333334,0.0,19.416666666666668,1,1,1.0,1,1,1.0,outside,False,False,2.801844080388571,2.8963712844731235,-0.09452720408455262
prometheus/prometheus,34174364,2025-06-23,132,132,61,0.4621212121212121,132,16.516666666666666,19.166666666666668,0.0,16.516666666666666,129,3,0.023255813953488372,3,2,0.6666666666666666,train,False,False,2.8631528086548506,2.8963712844731235,-0.033218475818272974
prometheus/prometheus,34174364,2025-06-30,123,123,44,0.35772357723577236,123,16.55,20.74,0.016666666666666666,16.533333333333335,121,2,0.01652892561983471,2,2,1.0,train,False,False,2.865053949911875,2.8963712844731235,-0.03131733456124852
prometheus/prometheus,34174364,2025-07-07,128,128,55,0.4296875,128,16.933333333333334,21.511666666666667,0.016666666666666666,17.033333333333335,123,5,0.04065040650406504,5,4,0.8,train,False,False,2.886661178499629,2.8963712844731235,-0.009710105973494532
prometheus/prometheus,34174364,2025-07-14,58,57,29,0.5087719298245614,57,16.666666666666668,21.636666666666667,0.0,16.700000000000003,57,1,0.017543859649122806,1,0,0.0,train,False,False,2.8716796248840124,2.8963712844731235,-0.024691659589111126
prometheus/prometheus,34174364,2025-07-21,113,113,54,0.4778761061946903,112,18.4,18.928333333333335,0.016666666666666666,18.433333333333334,109,3,0.027522935779816515,4,3,1.0,train,False,False,2.9652730660692823,2.8963712844731235,0.06890178159615878
prometheus/prometheus,34174364,2025-07-28,133,133,67,0.5037593984962406,133,17.133333333333333,51.0,0.0,17.133333333333333,133,0,0.0,0,0,,train,False,False,2.8977518651937872,2.8963712844731235,0.0013805807206637155
prometheus/prometheus,34174364,2025-08-04,129,129,68,0.5271317829457365,129,16.666666666666668,21.973333333333333,0.016666666666666666,16.666666666666668,129,0,0.0,0,0,,train,False,False,2.8716796248840124,2.8963712844731235,-0.024691659589111126
prometheus/prometheus,34174364,2025-08-11,105,105,59,0.5619047619047619,105,17.316666666666666,18.263333333333335,0.016666666666666666,17.433333333333334,100,5,0.05,5,3,0.6,train,False,False,2.9078113921815207,2.8963712844731235,0.011440107708397207
prometheus/prometheus,34174364,2025-08-18,96,96,43,0.4479166666666667,96,14.908333333333333,17.71666666666667,0.0,14.966666666666667,92,4,0.043478260869565216,4,4,1.0,train,False,False,2.7668430809437017,2.8963712844731235,-0.12952820352942185
prometheus/prometheus,34174364,2025-08-25,103,100,51,0.51,99,17.266666666666666,17.956666666666667,0.016666666666666666,17.416666666666668,87,14,0.16091954022988506,16,10,0.7142857142857143,train,False,False,2.90507790528586,2.8963712844731235,0.008706620812736432
prometheus/prometheus,34174364,2025-09-01,129,129,51,0.3953488372093023,129,17.166666666666668,20.443333333333335,0.0,17.233333333333334,125,4,0.032,4,3,0.75,train,False,False,2.899588413001089,2.8963712844731235,0.003217128527965407
prometheus/prometheus,34174364,2025-09-08,73,73,30,0.410958904109589,73,15.15,19.98333333333333,0.016666666666666666,15.2,70,2,0.02857142857142857,3,1,0.5,train,False,False,2.7819200496686656,2.8963712844731235,-0.11445123480445796
prometheus/prometheus,34174364,2025-09-15,85,85,35,0.4117647058823529,85,15.283333333333333,20.583333333333332,0.0,15.466666666666667,81,3,0.037037037037037035,4,2,0.6666666666666666,train,False,False,2.790142089820682,2.8963712844731235,-0.10622919465244163
prometheus/prometheus,34174364,2025-09-22,56,56,30,0.5357142857142857,56,15.083333333333334,16.94166666666667,0.0,15.15,52,4,0.07692307692307693,4,4,1.0,train,False,False,2.7777835391168852,2.8963712844731235,-0.11858774535623828
prometheus/prometheus,34174364,2025-09-29,115,115,57,0.4956521739130435,115,15.65,22.816666666666666,0.0,15.683333333333334,110,4,0.03636363636363636,5,3,0.75,train,False,False,2.8124102164264526,2.8963712844731235,-0.08396106804667092
prometheus/prometheus,34174364,2025-10-06,164,164,61,0.3719512195121951,164,15.333333333333334,20.390000000000004,0.016666666666666666,15.35,161,3,0.018633540372670808,3,3,1.0,train,False,False,2.793208009442517,2.8963712844731235,-0.10316327503060663
prometheus/prometheus,34174364,2025-10-13,133,133,53,0.39849624060150374,133,15.383333333333333,20.156666666666666,0.016666666666666666,15.383333333333333,127,5,0.03937007874015748,6,4,0.8,train,False,False,2.796264557925066,2.8963712844731235,-0.10010672654805752
prometheus/prometheus,34174364,2025-10-20,106,106,36,0.33962264150943394,106,15.425,20.133333333333333,0.016666666666666666,15.458333333333332,100,5,0.05,6,4,0.8,train,False,False,2.7988045643706743,2.8963712844731235,-0.09756672010244927
prometheus/prometheus,34174364,2025-10-27,171,171,104,0.6081871345029239,171,17.083333333333332,59.266666666666666,0.016666666666666666,17.266666666666666,158,8,0.05063291139240506,13,4,0.5,train,False,False,2.8949907037524594,2.8963712844731235,-0.0013805807206641596
prometheus/prometheus,34174364,2025-11-03,132,132,62,0.4696969696969697,132,15.483333333333334,50.981666666666676,0.016666666666666666,15.533333333333335,124,5,0.04032258064516129,8,4,0.8,train,False,False,2.8023497694006116,2.8963712844731235,-0.09402151507251189
prometheus/prometheus,34174364,2025-11-10,172,172,114,0.6627906976744186,172,15.825,18.2,0.0,16.691666666666666,137,16,0.11678832116788321,35,9,0.5625,train,False,False,2.8228658755307916,2.8963712844731235,-0.07350540894233193
prometheus/prometheus,34174364,2025-11-17,154,154,59,0.38311688311688313,154,17.675,63.82333333333334,0.016666666666666666,17.8,147,6,0.04081632653061224,7,5,0.8333333333333334,train,False,False,2.927185731018881,2.8963712844731235,0.0308144465457576
prometheus/prometheus,34174364,2025-11-24,94,94,44,0.46808510638297873,94,15.55,18.045,0.016666666666666666,15.8,92,2,0.021739130434782608,2,2,1.0,train,False,False,2.806386101823072,2.8963712844731235,-0.08998518265005151
prometheus/prometheus,34174364,2025-12-01,115,115,62,0.5391304347826087,115,16.883333333333333,19.970000000000002,0.016666666666666666,17.483333333333334,109,5,0.045871559633027525,6,3,0.6,train,False,False,2.8838691804085976,2.8963712844731235,-0.012502104064525899
prometheus/prometheus,34174364,2025-12-08,134,132,89,0.6742424242424242,132,20.03333333333333,21.195,0.016666666666666666,20.358333333333334,126,7,0.05555555555555555,8,2,0.2857142857142857,train,False,False,3.0461084808790577,2.8963712844731235,0.1497371964059342
prometheus/prometheus,34174364,2025-12-15,174,174,112,0.6436781609195402,174,18.258333333333333,21.00666666666667,0.016666666666666666,18.35,166,8,0.04819277108433735,8,5,0.625,train,False,False,2.9579438674923346,2.8963712844731235,0.06157258301921109
prometheus/prometheus,34174364,2025-12-22,64,64,24,0.375,64,18.691666666666666,22.775000000000002,0.0,18.7,63,1,0.015873015873015872,1,1,1.0,train,False,False,2.980195534404862,2.8963712844731235,0.08382424993173831
prometheus/prometheus,34174364,2025-12-29,102,102,38,0.37254901960784315,102,21.066666666666666,25.52833333333334,0.0,21.108333333333334,95,6,0.06315789473684211,7,5,0.8333333333333334,train,False,False,3.094068174274853,2.8963712844731235,0.19769688980172928
prometheus/prometheus,34174364,2026-01-05,155,155,74,0.4774193548387097,155,20.95,23.65,0.0,21.016666666666666,145,10,0.06896551724137931,10,9,0.9,train,False,False,3.08876713952118,2.8963712844731235,0.19239585504805667
prometheus/prometheus,34174364,2026-01-12,177,176,82,0.4659090909090909,176,20.925,21.808333333333334,0.0,20.95,170,7,0.041176470588235294,7,5,0.7142857142857143,train,False,False,3.0876275382582468,2.8963712844731235,0.19125625378512323
prometheus/prometheus,34174364,2026-01-19,259,259,159,0.6138996138996139,259,21.416666666666668,23.916666666666668,0.016666666666666666,21.55,234,23,0.09829059829059829,25,21,0.9130434782608695,train,False,False,3.1098047298138387,2.8963712844731235,0.21343344534071518
prometheus/prometheus,34174364,2026-01-26,235,235,128,0.5446808510638298,235,21.883333333333333,26.326666666666664,0.016666666666666666,22.15,211,22,0.10426540284360189,24,21,0.9545454545454546,train,False,False,3.13040884354587,2.8963712844731235,0.2340375590727466
prometheus/prometheus,34174364,2026-02-02,277,277,144,0.51985559566787,277,25.883333333333333,33.196666666666665,0.016666666666666666,26.016666666666666,259,17,0.06563706563706563,18,17,1.0,train,False,False,3.2915065159031083,2.8963712844731235,0.39513523142998475
prometheus/prometheus,34174364,2026-02-09,228,228,126,0.5526315789473685,228,26.133333333333333,32.67,0.016666666666666666,26.3,207,19,0.09178743961352658,21,13,0.6842105263157895,train,False,False,3.300762984340385,2.8963712844731235,0.4043916998672614
prometheus/prometheus,34174364,2026-02-16,234,234,118,0.5042735042735043,234,26.483333333333334,34.675000000000004,0.016666666666666666,26.75,213,18,0.08450704225352113,21,16,0.8888888888888888,train,False,False,3.313579760337498,2.8963712844731235,0.4172084758643746
prometheus/prometheus,34174364,2026-02-23,156,156,87,0.5576923076923077,156,22.008333333333333,31.008333333333333,0.016666666666666666,22.78333333333333,146,10,0.0684931506849315,10,8,0.8,train,False,False,3.1358564691481083,2.8963712844731235,0.2394851846749848
prometheus/prometheus,34174364,2026-03-02,159,157,98,0.6242038216560509,157,28.383333333333333,32.663333333333334,0.016666666666666666,28.616666666666667,136,19,0.13970588235294118,23,16,0.8421052631578947,purge,False,False,3.3804276201757695,2.8963712844731235,0.48405633570264595
prometheus/prometheus,34174364,2026-03-09,238,238,152,0.6386554621848739,238,28.716666666666665,35.97166666666667,0.016666666666666666,28.866666666666667,208,17,0.08173076923076923,30,14,0.8235294117647058,purge,False,False,3.3917080556410397,2.8963712844731235,0.4953367711679162
prometheus/prometheus,34174364,2026-03-16,163,162,85,0.5246913580246914,162,28.983333333333334,36.038333333333334,0.016666666666666666,29.116666666666667,148,14,0.0945945945945946,15,10,0.7142857142857143,purge,False,False,3.4006416717284322,2.8963712844731235,0.5042703872553087
prometheus/prometheus,34174364,2026-03-23,201,199,112,0.5628140703517588,199,29.133333333333333,36.53666666666666,0.016666666666666666,29.316666666666666,179,19,0.10614525139664804,22,16,0.8421052631578947,purge,False,False,3.405631978730021,2.8963712844731235,0.5092606942568976
prometheus/prometheus,34174364,2026-03-30,218,216,123,0.5694444444444444,215,29.35,33.11666666666667,0.016666666666666666,29.433333333333334,196,20,0.10204081632653061,22,12,0.6,holdout,False,False,3.4127965175055075,2.8963712844731235,0.516425233032384
prometheus/prometheus,34174364,2026-04-06,147,147,81,0.5510204081632653,146,29.09166666666667,33.16666666666667,0.016666666666666666,29.583333333333336,130,13,0.1,17,12,0.9230769230769231,holdout,False,False,3.404248278495412,2.8963712844731235,0.5078769940222885
prometheus/prometheus,34174364,2026-04-13,154,154,68,0.44155844155844154,154,27.141666666666666,28.156666666666666,0.016666666666666666,27.166666666666668,148,6,0.04054054054054054,6,5,0.8333333333333334,holdout,False,False,3.3372512776035217,2.8963712844731235,0.44087999313039816
prometheus/prometheus,34174364,2026-04-20,131,131,55,0.4198473282442748,131,27.2,28.05,0.016666666666666666,27.283333333333335,121,10,0.08264462809917356,10,10,1.0,holdout,False,False,3.339321977944068,2.8963712844731235,0.4429506934709444
prometheus/prometheus,34174364,2026-04-27,76,76,38,0.5,76,27.933333333333334,29.066666666666666,0.016666666666666666,28.25,68,8,0.11764705882352941,8,8,1.0,holdout,False,False,3.3649943329981946,2.8963712844731235,0.4686230485250711
prometheus/prometheus,34174364,2026-05-04,97,97,39,0.4020618556701031,97,28.366666666666667,29.540000000000003,0.016666666666666666,28.766666666666666,80,15,0.1875,17,15,1.0,holdout,False,False,3.379860244274024,2.8963712844731235,0.48348895980090045
prometheus/prometheus,34174364,2026-05-11,150,134,68,0.5074626865671642,133,28.1,32.76333333333333,0.016666666666666666,28.5,125,16,0.128,25,12,0.75,holdout,False,False,3.370738174177447,2.8963712844731235,0.4743668897043234
prometheus/prometheus,34174364,2026-05-18,173,173,76,0.4393063583815029,173,23.55,27.723333333333336,0.016666666666666666,23.866666666666667,155,12,0.07741935483870968,18,12,1.0,holdout,False,False,3.2007118542405295,2.8963712844731235,0.304340569767406
prometheus/prometheus,34174364,2026-05-25,94,93,46,0.4946236559139785,93,18.333333333333332,24.216666666666665,0.016666666666666666,21.216666666666665,85,9,0.10588235294117647,9,8,0.8888888888888888,holdout,False,False,2.9618307218783095,2.8963712844731235,0.065459437405186
prometheus/prometheus,34174364,2026-06-01,165,165,71,0.4303030303030303,165,23.2,24.473333333333333,0.016666666666666666,23.316666666666666,152,13,0.08552631578947369,13,11,0.8461538461538461,holdout,False,False,3.186352633162641,2.8963712844731235,0.2899813486895173
prometheus/prometheus,34174364,2026-06-08,150,150,55,0.36666666666666664,150,23.35,25.638333333333332,0.016666666666666666,23.483333333333334,143,7,0.04895104895104895,7,7,1.0,holdout,False,False,3.192531849528599,2.8963712844731235,0.2961605650554753
prometheus/prometheus,34174364,2026-06-15,193,192,105,0.546875,192,23.041666666666668,24.916666666666668,0.016666666666666666,23.2,180,13,0.07222222222222222,13,10,0.7692307692307693,holdout,False,False,3.179788436160154,2.8963712844731235,0.2834171516870305
prometheus/prometheus,34174364,2026-06-22,123,123,58,0.4715447154471545,123,17.683333333333334,25.796666666666667,0.03333333333333333,19.183333333333334,119,4,0.03361344537815126,4,4,1.0,holdout,False,False,2.927631860850059,2.8963712844731235,0.03126057637693558
prometheus/prometheus,34174364,2026-06-29,187,187,90,0.48128342245989303,187,15.416666666666666,26.15666666666667,0.03333333333333333,15.616666666666667,169,17,0.10059171597633136,18,11,0.6470588235294118,holdout,False,False,2.798297078949988,2.8963712844731235,-0.0980742055231354
prometheus/prometheus,34174364,2026-07-06,218,218,88,0.4036697247706422,218,18.96666666666667,28.955,0.03333333333333333,19.525,207,11,0.05314009661835749,11,9,0.8181818181818182,holdout,False,False,2.9940642164532942,2.8963712844731235,0.0976929319801707
prometheus/prometheus,34174364,2026-07-13,239,239,103,0.4309623430962343,239,15.916666666666666,28.133333333333333,0.03333333333333333,16.15,223,16,0.07174887892376682,16,15,0.9375,holdout,False,False,2.828299329253787,2.8963712844731235,-0.06807195521933673
prometheus/prometheus,34174364,2026-07-20,145,145,60,0.41379310344827586,145,27.15,48.749999999999986,0.03333333333333333,27.366666666666667,139,5,0.03597122302158273,6,5,1.0,holdout,False,False,3.3375473545856993,2.8963712844731235,0.44117607011257576
prometheus/prometheus,34174364,2026-07-27,152,151,73,0.48344370860927155,151,24.583333333333332,29.116666666666667,0.03333333333333333,25.05,144,7,0.04861111111111111,8,6,0.8571428571428571,holdout,False,False,3.241941097799197,2.8963712844731235,0.3455698133260734
prometheus/prometheus,34174364,2026-08-03,122,121,49,0.4049586776859504,121,15.766666666666667,28.5,0.03333333333333333,15.866666666666667,117,4,0.03418803418803419,5,4,1.0,holdout,False,False,2.819392788437584,2.8963712844731235,-0.07697849603553975
prometheus/prometheus,3988507,2026-05-25,1,1,0,0.0,1,7.7,7.7,0.03333333333333333,7.666666666666667,1,0,0.0,0,0,,holdout,False,False,2.163323025660538,,
prometheus/prometheus,71028636,2025-06-23,129,129,0,0.0,129,0.9,1.0166666666666666,0.05,0.8333333333333334,129,0,0.0,0,0,,train,False,False,0.6418538861723948,0.43273258217132626,0.20912130400106854
prometheus/prometheus,71028636,2025-06-30,121,121,0,0.0,121,0.8666666666666667,1.05,0.05,0.8166666666666667,121,0,0.0,0,0,,train,False,False,0.6241543090729939,0.43273258217132626,0.1914217269016676
prometheus/prometheus,71028636,2025-07-07,123,123,0,0.0,123,0.8833333333333333,1.0133333333333332,0.05,0.8166666666666667,123,0,0.0,0,0,,train,False,False,0.6330432564902398,0.43273258217132626,0.20031067431891358
prometheus/prometheus,71028636,2025-07-14,57,57,0,0.0,57,0.9,0.9666666666666667,0.05,0.85,57,0,0.0,0,0,,train,False,False,0.6418538861723948,0.43273258217132626,0.20912130400106854
prometheus/prometheus,71028636,2025-07-21,109,109,0,0.0,109,0.9,0.9833333333333333,0.05,0.85,109,0,0.0,0,0,,train,False,False,0.6418538861723948,0.43273258217132626,0.20912130400106854
prometheus/prometheus,71028636,2025-07-28,133,133,0,0.0,133,0.9166666666666666,4.35,0.05,0.85,133,0,0.0,0,0,,train,False,False,0.6505875661411494,0.43273258217132626,0.21785498396982317
prometheus/prometheus,71028636,2025-08-04,129,129,0,0.0,129,0.9333333333333333,1.0333333333333334,0.05,0.8666666666666667,129,0,0.0,0,0,,train,False,False,0.659245628884264,0.43273258217132626,0.2265130467129377
prometheus/prometheus,71028636,2025-08-11,100,100,0,0.0,100,0.9,1.0833333333333333,0.05,0.85,100,0,0.0,0,0,,train,False,False,0.6418538861723948,0.43273258217132626,0.20912130400106854
prometheus/prometheus,71028636,2025-08-18,93,93,1,0.010752688172043012,93,0.9166666666666666,1.1166666666666667,0.05,0.8666666666666667,92,1,0.010869565217391304,1,1,1.0,train,False,False,0.6505875661411494,0.43273258217132626,0.21785498396982317
prometheus/prometheus,71028636,2025-08-25,87,87,0,0.0,87,0.8833333333333333,1.0233333333333334,0.05,0.8333333333333334,87,0,0.0,0,0,,train,False,False,0.6330432564902398,0.43273258217132626,0.20031067431891358
prometheus/prometheus,71028636,2025-09-01,129,129,0,0.0,129,0.9,1.1166666666666667,0.05,0.85,129,0,0.0,0,0,,train,False,False,0.6418538861723948,0.43273258217132626,0.20912130400106854
prometheus/prometheus,71028636,2025-09-08,70,70,0,0.0,70,0.9166666666666666,1.6783333333333346,0.05,0.8666666666666667,70,0,0.0,0,0,,train,False,False,0.6505875661411494,0.43273258217132626,0.21785498396982317
prometheus/prometheus,71028636,2025-09-15,81,81,0,0.0,81,0.9166666666666666,1.1,0.05,0.8666666666666667,81,0,0.0,0,0,,train,False,False,0.6505875661411494,0.43273258217132626,0.21785498396982317
prometheus/prometheus,71028636,2025-09-22,52,52,0,0.0,52,0.9416666666666667,1.115,0.05,0.8666666666666667,52,0,0.0,0,0,,train,False,False,0.6635467107836546,0.43273258217132626,0.2308141286123283
prometheus/prometheus,71028636,2025-09-29,110,110,0,0.0,110,0.8333333333333334,1.2400000000000007,0.05,0.7,110,0,0.0,0,0,,train,False,False,0.6061358035703155,0.43273258217132626,0.17340322139898923
prometheus/prometheus,71028636,2025-10-06,161,161,0,0.0,161,0.5666666666666667,0.7,0.05,0.5166666666666667,161,0,0.0,0,0,,train,False,False,0.4489502200479032,0.43273258217132626,0.01621763787657693
prometheus/prometheus,71028636,2025-10-13,127,127,0,0.0,127,0.5666666666666667,0.7166666666666667,0.05,0.5166666666666667,127,0,0.0,0,0,,train,False,False,0.4489502200479032,0.43273258217132626,0.01621763787657693
prometheus/prometheus,71028636,2025-10-20,100,100,0,0.0,100,0.5833333333333334,0.7333333333333333,0.13333333333333333,0.45,100,0,0.0,0,0,,train,False,False,0.4595323293784402,0.43273258217132626,0.026799747207113922
prometheus/prometheus,71028636,2025-10-27,158,158,0,0.0,158,0.5166666666666667,4.115,0.05,0.4166666666666667,158,0,0.0,0,0,,train,False,False,0.4165149442947494,0.43273258217132626,-0.016217637876576874
prometheus/prometheus,71028636,2025-11-03,124,124,0,0.0,124,0.5166666666666667,10.638333333333343,0.05,0.42500000000000004,124,0,0.0,0,0,,train,False,False,0.4165149442947494,0.43273258217132626,-0.016217637876576874
prometheus/prometheus,71028636,2025-11-10,137,137,0,0.0,137,0.4666666666666667,0.55,0.05,0.4166666666666667,137,0,0.0,0,0,,train,False,False,0.38299225225610584,0.43273258217132626,-0.04974032991522043
prometheus/prometheus,71028636,2025-11-17,147,147,0,0.0,147,0.4666666666666667,9.126666666666672,0.05,0.4,147,0,0.0,0,0,,train,False,False,0.38299225225610584,0.43273258217132626,-0.04974032991522043
prometheus/prometheus,71028636,2025-11-24,92,92,0,0.0,92,0.45833333333333337,0.5333333333333333,0.05,0.4083333333333333,92,0,0.0,0,0,,train,False,False,0.3772942311414681,0.43273258217132626,-0.05543835102985817
prometheus/prometheus,71028636,2025-12-01,109,109,0,0.0,109,0.48333333333333334,0.5866666666666668,0.05,0.43333333333333335,109,0,0.0,0,0,,train,False,False,0.3942918075100391,0.43273258217132626,-0.03844077466128715
prometheus/prometheus,71028636,2025-12-08,126,126,0,0.0,126,0.48333333333333334,0.55,0.05,0.43333333333333335,126,0,0.0,0,0,,train,False,False,0.3942918075100391,0.43273258217132626,-0.03844077466128715
prometheus/prometheus,71028636,2025-12-15,166,166,0,0.0,166,0.48333333333333334,0.55,0.05,0.43333333333333335,166,0,0.0,0,0,,train,False,False,0.3942918075100391,0.43273258217132626,-0.03844077466128715
prometheus/prometheus,71028636,2025-12-22,63,63,0,0.0,63,0.45,0.5,0.03333333333333333,0.4,63,0,0.0,0,0,,train,False,False,0.37156355643248307,0.43273258217132626,-0.0611690257388432
prometheus/prometheus,71028636,2025-12-29,95,95,0,0.0,95,0.4666666666666667,1.803333333333338,0.05,0.4166666666666667,95,0,0.0,0,0,,train,False,False,0.38299225225610584,0.43273258217132626,-0.04974032991522043
prometheus/prometheus,71028636,2026-01-05,145,145,0,0.0,145,0.45,0.5433333333333332,0.05,0.4,145,0,0.0,0,0,,train,False,False,0.37156355643248307,0.43273258217132626,-0.0611690257388432
prometheus/prometheus,71028636,2026-01-12,170,170,0,0.0,170,0.4666666666666667,0.5666666666666667,0.05,0.4166666666666667,170,0,0.0,0,0,,train,False,False,0.38299225225610584,0.43273258217132626,-0.04974032991522043
prometheus/prometheus,71028636,2026-01-19,234,234,0,0.0,234,0.48333333333333334,0.5666666666666667,0.05,0.43333333333333335,234,0,0.0,0,0,,train,False,False,0.3942918075100391,0.43273258217132626,-0.03844077466128715
prometheus/prometheus,71028636,2026-01-26,211,211,0,0.0,211,0.48333333333333334,0.6,0.05,0.45,211,0,0.0,0,0,,train,False,False,0.3942918075100391,0.43273258217132626,-0.03844077466128715
prometheus/prometheus,71028636,2026-02-02,259,259,3,0.011583011583011582,259,0.5,0.6366666666666669,0.05,0.45,259,0,0.0,0,0,,train,False,False,0.4054651081081644,0.43273258217132626,-0.02726747406316188
prometheus/prometheus,71028636,2026-02-09,207,207,0,0.0,207,0.48333333333333334,0.6,0.05,0.43333333333333335,207,0,0.0,0,0,,train,False,False,0.3942918075100391,0.43273258217132626,-0.03844077466128715
prometheus/prometheus,71028636,2026-02-16,213,213,0,0.0,213,0.5,2.9600000000000004,0.05,0.43333333333333335,213,0,0.0,0,0,,train,False,False,0.4054651081081644,0.43273258217132626,-0.02726747406316188
prometheus/prometheus,71028636,2026-02-23,146,146,0,0.0,146,0.5166666666666667,0.6583333333333333,0.05,0.45,146,0,0.0,0,0,,train,False,False,0.4165149442947494,0.43273258217132626,-0.016217637876576874
prometheus/prometheus,71028636,2026-03-02,136,136,0,0.0,136,0.5166666666666667,0.8500000000000001,0.05,0.4666666666666667,136,0,0.0,0,0,,purge,False,False,0.4165149442947494,0.43273258217132626,-0.016217637876576874
prometheus/prometheus,71028636,2026-03-09,208,208,1,0.004807692307692308,208,0.5166666666666667,0.7666666666666667,0.05,0.4666666666666667,208,0,0.0,0,0,,purge,False,False,0.4165149442947494,0.43273258217132626,-0.016217637876576874
prometheus/prometheus,71028636,2026-03-16,148,148,0,0.0,148,0.5,0.6,0.05,0.45,148,0,0.0,0,0,,purge,False,False,0.4054651081081644,0.43273258217132626,-0.02726747406316188
prometheus/prometheus,71028636,2026-03-23,179,179,0,0.0,179,0.5166666666666667,0.7066666666666672,0.05,0.45,179,0,0.0,0,0,,purge,False,False,0.4165149442947494,0.43273258217132626,-0.016217637876576874
prometheus/prometheus,71028636,2026-03-30,197,196,0,0.0,196,0.5333333333333333,0.6416666666666666,0.05,0.48333333333333334,196,1,0.00510204081632653,1,0,0.0,holdout,False,False,0.4274440148269396,0.43273258217132626,-0.005288567344386652
prometheus/prometheus,71028636,2026-04-06,130,130,0,0.0,130,0.5333333333333333,0.7166666666666667,0.05,0.4666666666666667,130,0,0.0,0,0,,holdout,False,False,0.4274440148269396,0.43273258217132626,-0.005288567344386652
prometheus/prometheus,71028636,2026-04-13,148,148,0,0.0,148,0.5333333333333333,0.6216666666666669,0.05,0.48333333333333334,148,0,0.0,0,0,,holdout,False,False,0.4274440148269396,0.43273258217132626,-0.005288567344386652
prometheus/prometheus,71028636,2026-04-20,121,121,0,0.0,121,0.5,0.6333333333333333,0.05,0.45,121,0,0.0,0,0,,holdout,False,False,0.4054651081081644,0.43273258217132626,-0.02726747406316188
prometheus/prometheus,71028636,2026-04-27,68,68,0,0.0,68,0.5333333333333333,0.6383333333333334,0.05,0.4666666666666667,68,0,0.0,0,0,,holdout,False,False,0.4274440148269396,0.43273258217132626,-0.005288567344386652
prometheus/prometheus,71028636,2026-05-04,80,80,0,0.0,80,0.5833333333333334,0.7,0.15,0.475,80,0,0.0,0,0,,holdout,False,False,0.4595323293784402,0.43273258217132626,0.026799747207113922
prometheus/prometheus,71028636,2026-05-11,125,125,1,0.008,125,0.5833333333333334,2.576666666666669,0.06666666666666667,0.48333333333333334,125,0,0.0,0,0,,holdout,False,False,0.4595323293784402,0.43273258217132626,0.026799747207113922
prometheus/prometheus,71028636,2026-05-18,155,155,0,0.0,155,0.5166666666666667,0.813333333333333,0.05,0.45,155,0,0.0,0,0,,holdout,False,False,0.4165149442947494,0.43273258217132626,-0.016217637876576874
prometheus/prometheus,71028636,2026-05-25,85,85,0,0.0,85,0.5166666666666667,0.7400000000000005,0.05,0.48333333333333334,85,0,0.0,0,0,,holdout,False,False,0.4165149442947494,0.43273258217132626,-0.016217637876576874
prometheus/prometheus,71028636,2026-06-01,152,152,0,0.0,152,0.5333333333333333,0.7833333333333333,0.05,0.475,152,0,0.0,0,0,,holdout,False,False,0.4274440148269396,0.43273258217132626,-0.005288567344386652
prometheus/prometheus,71028636,2026-06-08,144,144,1,0.006944444444444444,144,0.5166666666666667,0.6783333333333336,0.05,0.45,143,1,0.006993006993006993,1,1,1.0,holdout,False,False,0.4165149442947494,0.43273258217132626,-0.016217637876576874
prometheus/prometheus,71028636,2026-06-15,181,180,0,0.0,180,0.55,0.7333333333333333,0.06666666666666667,0.45833333333333337,180,1,0.005555555555555556,1,0,0.0,holdout,False,False,0.4382549309311553,0.43273258217132626,0.005522348759829043
prometheus/prometheus,71028636,2026-06-22,119,119,0,0.0,119,0.48333333333333334,0.5966666666666669,0.05,0.45,119,0,0.0,0,0,,holdout,False,False,0.3942918075100391,0.43273258217132626,-0.03844077466128715
prometheus/prometheus,71028636,2026-06-29,169,169,0,0.0,169,0.5,0.830000000000004,0.05,0.45,169,0,0.0,0,0,,holdout,False,False,0.4054651081081644,0.43273258217132626,-0.02726747406316188
prometheus/prometheus,71028636,2026-07-06,207,207,2,0.00966183574879227,207,0.5166666666666667,1.7500000000000004,0.05,0.45,207,0,0.0,0,0,,holdout,False,False,0.4165149442947494,0.43273258217132626,-0.016217637876576874
prometheus/prometheus,71028636,2026-07-13,223,223,0,0.0,223,0.43333333333333335,0.5333333333333333,0.05,0.38333333333333336,223,0,0.0,0,0,,holdout,False,False,0.36000273403140703,0.43273258217132626,-0.07272984813991923
prometheus/prometheus,71028636,2026-07-20,139,139,0,0.0,139,0.48333333333333334,8.053333333333335,0.05,0.4,139,0,0.0,0,0,,holdout,False,False,0.3942918075100391,0.43273258217132626,-0.03844077466128715
prometheus/prometheus,71028636,2026-07-27,144,144,0,0.0,144,0.48333333333333334,0.853333333333335,0.05,0.38333333333333336,144,0,0.0,0,0,,holdout,False,False,0.3942918075100391,0.43273258217132626,-0.03844077466128715
prometheus/prometheus,71028636,2026-08-03,117,117,1,0.008547008547008548,117,0.48333333333333334,0.6633333333333336,0.05,0.38333333333333336,117,0,0.0,0,0,,holdout,False,False,0.3942918075100391,0.43273258217132626,-0.03844077466128715
pytest-dev/pytest,199013219,2025-10-13,2,2,1,0.5,2,9.783333333333333,9.81,0.03333333333333333,9.75,2,0,0.0,0,0,,external,False,True,2.3780017322788,,
pytest-dev/pytest,22158026,2025-06-23,26,16,2,0.125,16,14.166666666666666,17.433333333333334,0.05,13.875,26,0,0.0,0,0,,external,True,False,2.719100037288795,2.720198335037858,-0.0010982977490630041
pytest-dev/pytest,22158026,2025-06-30,23,11,1,0.09090909090909091,11,14.116666666666667,19.333333333333332,0.08333333333333333,13.633333333333333,23,0,0.0,0,0,,external,True,False,2.715797887893036,2.720198335037858,-0.004400447144822017
pytest-dev/pytest,22158026,2025-07-07,7,7,1,0.14285714285714285,7,13.916666666666666,29.950000000000006,0.05,13.85,7,0,0.0,0,0,,external,True,False,2.7024791560527546,2.720198335037858,-0.017719178985103223
pytest-dev/pytest,22158026,2025-07-14,16,9,0,0.0,9,15.45,23.983333333333334,0.06666666666666667,14.733333333333333,16,0,0.0,0,0,,external,True,False,2.800325477211381,2.720198335037858,0.08012714217352324
pytest-dev/pytest,22158026,2025-07-21,20,16,9,0.5625,16,14.9,23.28333333333333,0.06666666666666667,14.791666666666666,18,1,0.05555555555555555,2,1,1.0,external,True,False,2.766319109226186,2.720198335037858,0.04612077418832827
pytest-dev/pytest,22158026,2025-07-28,7,7,0,0.0,7,15.45,24.56333333333334,0.05,15.4,7,0,0.0,0,0,,external,True,False,2.800325477211381,2.720198335037858,0.08012714217352324
pytest-dev/pytest,22158026,2025-08-04,10,7,0,0.0,7,16.333333333333332,36.440000000000005,0.06666666666666667,15.816666666666666,10,0,0.0,0,0,,external,True,False,2.8526314299133175,2.720198335037858,0.13243309487545973
pytest-dev/pytest,22158026,2025-08-11,8,7,1,0.14285714285714285,7,13.516666666666667,28.533333333333346,0.06666666666666667,13.483333333333333,8,0,0.0,0,0,,external,True,False,2.675297414630402,2.720198335037858,-0.04490092040745575
pytest-dev/pytest,22158026,2025-08-18,14,10,1,0.1,10,14.933333333333334,25.336666666666655,0.058333333333333334,15.133333333333333,13,1,0.07692307692307693,1,1,1.0,external,True,False,2.7684133508293005,2.720198335037858,0.04821501579144272
pytest-dev/pytest,22158026,2025-08-25,42,28,6,0.21428571428571427,28,14.458333333333332,16.071666666666665,0.05,14.133333333333333,42,0,0.0,0,0,,external,True,False,2.7381482322594892,2.720198335037858,0.017949897221631428
pytest-dev/pytest,22158026,2025-09-01,23,22,9,0.4090909090909091,22,13.858333333333334,19.59833333333334,0.05,14.05,22,1,0.045454545454545456,1,1,1.0,external,True,False,2.6985608750810943,2.720198335037858,-0.021637459956763472
pytest-dev/pytest,22158026,2025-09-08,38,33,5,0.15151515151515152,33,14.183333333333334,39.42,0.05,14.016666666666667,38,0,0.0,0,0,,external,True,False,2.720198335037858,2.720198335037858,0.0
pytest-dev/pytest,22158026,2025-09-15,46,30,6,0.2,30,13.575,19.25166666666667,0.058333333333333334,13.45,46,0,0.0,0,0,,external,True,False,2.679307732236556,2.720198335037858,-0.040890602801301856
pytest-dev/pytest,22158026,2025-09-22,58,32,6,0.1875,32,14.216666666666665,19.590000000000007,0.10833333333333334,13.825,58,0,0.0,0,0,,external,False,True,2.7223913183728676,2.720198335037858,0.002192983335009835
pytest-dev/pytest,22158026,2025-09-29,69,47,12,0.2553191489361702,47,14.6,22.096666666666664,0.06666666666666667,14.55,68,1,0.014705882352941176,1,0,0.0,external,False,True,2.747270914255491,2.720198335037858,0.027072579217633397
pytest-dev/pytest,22158026,2025-10-06,63,43,8,0.18604651162790697,43,13.8,18.556666666666676,0.06666666666666667,13.716666666666667,63,0,0.0,0,0,,external,False,True,2.6946271807700692,2.720198335037858,-0.025571154267788554
pytest-dev/pytest,22158026,2025-10-13,88,54,7,0.12962962962962962,54,13.541666666666668,17.043333333333337,0.075,13.4,88,0,0.0,0,0,,external,False,True,2.6770180918544817,2.720198335037858,-0.0431802431833761
pytest-dev/pytest,22158026,2025-10-20,63,40,6,0.15,40,13.858333333333334,16.108333333333334,0.18333333333333332,13.708333333333332,59,4,0.06779661016949153,4,0,0.0,external,False,True,2.6985608750810943,2.720198335037858,-0.021637459956763472
pytest-dev/pytest,22158026,2025-10-27,86,43,11,0.2558139534883721,43,13.833333333333334,18.623333333333335,0.1,13.6,86,0,0.0,0,0,,external,False,True,2.6968769005040847,2.720198335037858,-0.02332143453377311
pytest-dev/pytest,22158026,2025-11-03,52,41,7,0.17073170731707318,41,21.366666666666667,47.7,0.05,19.966666666666665,52,0,0.0,0,0,,external,False,True,3.1075717553095266,2.720198335037858,0.38737342027166877
pytest-dev/pytest,22158026,2025-11-10,116,65,4,0.06153846153846154,65,26.0,33.25666666666667,0.06666666666666667,25.55,116,0,0.0,0,0,,external,False,True,3.295836866004329,2.720198335037858,0.5756385309664713
pytest-dev/pytest,22158026,2025-11-17,59,35,4,0.11428571428571428,35,25.116666666666667,32.84666666666667,0.08333333333333333,25.0,58,1,0.017241379310344827,1,1,1.0,external,False,True,3.26257368013392,2.720198335037858,0.5423753450960622
pytest-dev/pytest,22158026,2025-11-24,31,25,4,0.16,25,13.383333333333333,16.74666666666667,0.05,13.183333333333334,31,0,0.0,0,0,,external,False,True,2.6660701288613273,2.720198335037858,-0.05412820617653047
pytest-dev/pytest,22158026,2025-12-01,29,22,2,0.09090909090909091,22,13.991666666666667,21.166666666666668,0.05,14.066666666666666,28,1,0.03571428571428571,1,1,1.0,external,False,True,2.7074944911684873,2.720198335037858,-0.012703843869370512
pytest-dev/pytest,22158026,2025-12-08,15,14,2,0.14285714285714285,14,13.608333333333334,20.01166666666667,0.05,13.558333333333334,15,0,0.0,0,0,,external,False,True,2.6815921421391886,2.720198335037858,-0.03860619289866918
pytest-dev/pytest,22158026,2025-12-15,35,20,6,0.3,20,13.758333333333333,15.245,0.06666666666666667,13.516666666666666,35,0,0.0,0,0,,external,False,True,2.6918078950007875,2.720198335037858,-0.028390440037070253
pytest-dev/pytest,22158026,2025-12-22,31,21,2,0.09523809523809523,21,14.45,33.21666666666667,0.05,14.35,31,0,0.0,0,0,,external,False,True,2.7376090033437546,2.720198335037858,0.01741066830589677
pytest-dev/pytest,22158026,2025-12-29,47,23,4,0.17391304347826086,23,13.483333333333333,15.476666666666668,0.16666666666666666,13.3,47,0,0.0,0,0,,external,False,True,2.6729985630432913,2.720198335037858,-0.047199771994566486
pytest-dev/pytest,22158026,2026-01-05,15,14,3,0.21428571428571427,14,13.583333333333334,15.576666666666668,0.05,13.541666666666668,15,0,0.0,0,0,,external,False,True,2.6798793241355137,2.720198335037858,-0.04031901090234413
pytest-dev/pytest,22158026,2026-01-12,80,56,6,0.10714285714285714,56,13.908333333333333,18.90833333333333,0.05,13.891666666666666,79,1,0.012658227848101266,1,0,0.0,external,False,True,2.701920340726673,2.720198335037858,-0.01827799431118482
pytest-dev/pytest,22158026,2026-01-19,37,29,8,0.27586206896551724,29,13.75,15.756666666666664,0.05,13.716666666666667,37,0,0.0,0,0,,external,False,True,2.691243082785829,2.720198335037858,-0.028955252252028885
pytest-dev/pytest,22158026,2026-01-26,24,16,3,0.1875,16,14.241666666666667,18.041666666666664,0.05,14.075,24,0,0.0,0,0,,external,False,True,2.7240329056088197,2.720198335037858,0.003834570570961926
pytest-dev/pytest,22158026,2026-02-02,31,20,4,0.2,20,15.483333333333334,24.910000000000032,0.05,15.216666666666667,30,1,0.03333333333333333,1,1,1.0,external,False,True,2.8023497694006116,2.720198335037858,0.08215143436275385
pytest-dev/pytest,22158026,2026-02-09,50,38,4,0.10526315789473684,38,16.941666666666666,23.886666666666667,0.06666666666666667,16.358333333333334,48,2,0.041666666666666664,2,2,1.0,external,False,True,2.8871257545823172,2.720198335037858,0.16692741954445944
pytest-dev/pytest,22158026,2026-02-16,45,34,3,0.08823529411764706,34,15.508333333333333,19.63,0.05,15.466666666666665,42,3,0.07142857142857142,3,0,0.0,external,False,True,2.803865303916505,2.720198335037858,0.08366696887864711
pytest-dev/pytest,22158026,2026-02-23,32,21,3,0.14285714285714285,21,15.35,21.483333333333334,0.05,15.75,30,2,0.06666666666666667,2,1,0.5,external,False,True,2.7942278973432626,2.720198335037858,0.0740295623054048
pytest-dev/pytest,22158026,2026-03-02,42,27,1,0.037037037037037035,27,16.333333333333332,30.43,0.21666666666666667,16.283333333333335,42,0,0.0,0,0,,external,False,True,2.8526314299133175,2.720198335037858,0.13243309487545973
pytest-dev/pytest,22158026,2026-03-09,71,38,5,0.13157894736842105,38,15.850000000000001,19.011666666666677,0.05,15.558333333333334,71,0,0.0,0,0,,external,False,True,2.8243506567983707,2.720198335037858,0.10415232176051292
pytest-dev/pytest,22158026,2026-03-16,55,36,1,0.027777777777777776,36,15.791666666666668,21.5,0.05,15.633333333333333,55,0,0.0,0,0,,external,False,True,2.8208827315987373,2.720198335037858,0.10068439656087946
pytest-dev/pytest,22158026,2026-03-23,39,27,7,0.25925925925925924,27,14.583333333333334,16.356666666666666,0.05,14.2,39,0,0.0,0,0,,external,False,True,2.7462019670665865,2.720198335037858,0.026003632028728685
pytest-dev/pytest,22158026,2026-03-30,40,20,3,0.15,20,14.533333333333333,16.948333333333334,0.4083333333333333,14.225000000000001,40,0,0.0,0,0,,external,False,True,2.7429882524634905,2.720198335037858,0.022789917425632744
pytest-dev/pytest,22158026,2026-04-06,67,49,0,0.0,49,14.783333333333333,18.046666666666667,0.06666666666666667,14.75,67,0,0.0,0,0,,external,False,True,2.7589545309639774,2.720198335037858,0.03875619592611956
pytest-dev/pytest,22158026,2026-04-13,14,12,2,0.16666666666666666,12,14.15,15.873333333333333,0.05,13.991666666666667,13,1,0.07692307692307693,1,1,1.0,external,False,True,2.7180005319553784,2.720198335037858,-0.0021978030824794104
pytest-dev/pytest,22158026,2026-04-20,37,28,2,0.07142857142857142,28,15.091666666666667,29.581666666666667,0.05,14.741666666666667,36,1,0.027777777777777776,1,0,0.0,external,False,True,2.7783015396464688,2.720198335037858,0.05810320460861096
pytest-dev/pytest,22158026,2026-04-27,39,23,1,0.043478260869565216,23,14.85,18.756666666666668,0.13333333333333333,14.533333333333333,39,0,0.0,0,0,,external,False,True,2.7631695003232895,2.720198335037858,0.042971165285431656
pytest-dev/pytest,22158026,2026-05-04,44,33,3,0.09090909090909091,33,14.45,16.17666666666667,0.16666666666666666,14.133333333333333,43,1,0.023255813953488372,1,1,1.0,external,False,True,2.7376090033437546,2.720198335037858,0.01741066830589677
pytest-dev/pytest,22158026,2026-05-11,55,37,4,0.10810810810810811,37,15.466666666666667,17.99,0.13333333333333333,14.95,55,0,0.0,0,0,,external,False,True,2.8013381355257674,2.720198335037858,0.08113980048790959
pytest-dev/pytest,22158026,2026-05-18,106,86,16,0.18604651162790697,86,14.716666666666667,20.383333333333333,0.05,14.75,103,3,0.02912621359223301,3,2,0.6666666666666666,external,False,True,2.7547217204113568,2.720198335037858,0.03452338537349897
pytest-dev/pytest,22158026,2026-05-25,85,64,12,0.1875,64,13.774999999999999,18.94166666666667,0.05,13.591666666666667,78,3,0.038461538461538464,7,3,1.0,external,False,True,2.692936563292162,2.720198335037858,-0.027261771745695995
pytest-dev/pytest,22158026,2026-06-01,105,70,20,0.2857142857142857,70,14.45,18.613333333333333,0.06666666666666667,14.316666666666666,105,0,0.0,0,0,,external,False,True,2.7376090033437546,2.720198335037858,0.01741066830589677
pytest-dev/pytest,22158026,2026-06-08,75,52,3,0.057692307692307696,52,15.308333333333334,21.32333333333333,0.05,14.983333333333334,74,1,0.013513513513513514,1,0,0.0,external,False,True,2.7916762246140303,2.720198335037858,0.07147788957617252
pytest-dev/pytest,22158026,2026-06-15,60,40,0,0.0,40,16.2,27.416666666666668,0.15,15.866666666666667,57,3,0.05263157894736842,3,0,0.0,external,False,True,2.8449093838194073,2.720198335037858,0.12471104878154948
pytest-dev/pytest,22158026,2026-06-22,55,38,0,0.0,38,14.308333333333334,19.17,0.06666666666666667,14.108333333333334,54,1,0.018518518518518517,1,0,0.0,external,False,True,2.72839734243308,2.720198335037858,0.008199007395222058
pytest-dev/pytest,22158026,2026-06-29,36,22,0,0.0,22,14.941666666666666,20.843333333333334,0.175,14.641666666666667,35,1,0.02857142857142857,1,0,0.0,external,False,True,2.768936226658207,2.720198335037858,0.04873789162034914
pytest-dev/pytest,22158026,2026-07-06,29,23,12,0.5217391304347826,23,15.033333333333333,20.543333333333333,0.05,15.133333333333333,27,2,0.07407407407407407,2,0,0.0,external,False,True,2.7746698884436056,2.720198335037858,0.05447155340574783
pytest-dev/pytest,22158026,2026-07-13,61,41,8,0.1951219512195122,41,14.833333333333334,27.566666666666666,0.05,14.8,59,2,0.03389830508474576,2,0,0.0,external,False,True,2.762117422372486,2.720198335037858,0.041919087334628014
pytest-dev/pytest,22158026,2026-07-20,193,134,19,0.1417910447761194,134,18.616666666666667,44.11500000000001,0.06666666666666667,18.475,189,4,0.021164021164021163,4,3,0.75,external,False,True,2.976379545038176,2.720198335037858,0.25618121000031824
pytest-dev/pytest,22158026,2026-07-27,112,85,14,0.16470588235294117,85,18.083333333333332,49.21333333333334,0.11666666666666667,18.05,110,2,0.01818181818181818,2,0,0.0,external,False,True,2.948815353766239,2.720198335037858,0.22861701872838136
pytest-dev/pytest,22158026,2026-08-03,31,28,4,0.14285714285714285,28,18.691666666666666,23.688333333333336,0.05,18.65833333333333,29,2,0.06896551724137931,2,0,0.0,external,False,True,2.980195534404862,2.720198335037858,0.25999719936700405
pytest-dev/pytest,22159234,2025-11-03,1,1,1,1.0,0,,,,,1,0,0.0,0,0,,external,False,True,,,
pytest-dev/pytest,243640513,2026-03-09,1,1,1,1.0,1,0.2,0.2,0.05,0.15,1,0,0.0,0,0,,external,False,True,0.18232155679395465,,
pytest-dev/pytest,284631838,2026-05-25,7,7,2,0.2857142857142857,7,1.5,2.033333333333333,0.03333333333333333,1.45,7,0,0.0,0,0,,external,False,True,0.9162907318741551,,
tektoncd/pipeline,131244538,2025-09-29,1,1,1,1.0,0,,,,,1,0,0.0,0,0,,train,False,False,,,
tektoncd/pipeline,131244538,2025-11-24,2,2,2,1.0,0,,,,,2,0,0.0,0,0,,train,False,False,,,
tektoncd/pipeline,144855466,2025-06-23,12,9,5,0.5555555555555556,9,30.083333333333332,39.07666666666667,0.05,30.333333333333332,9,3,0.3333333333333333,3,1,0.3333333333333333,train,False,False,3.436671769855815,3.6990324405233297,-0.26236067066751456
tektoncd/pipeline,144855466,2025-06-30,17,17,4,0.23529411764705882,17,30.566666666666666,32.946666666666665,0.03333333333333333,31.266666666666666,14,3,0.21428571428571427,3,3,1.0,train,False,False,3.4521017115239228,3.6990324405233297,-0.24693072899940693
tektoncd/pipeline,144855466,2025-07-07,38,27,22,0.8148148148148148,27,37.38333333333333,40.36666666666667,0.03333333333333333,37.35,28,9,0.32142857142857145,10,0,0.0,train,False,False,3.6476233375985845,3.6990324405233297,-0.05140910292474521
tektoncd/pipeline,144855466,2025-07-14,60,50,31,0.62,50,36.69166666666666,71.635,0.05,37.78333333333333,49,10,0.20408163265306123,11,2,0.2,train,False,False,3.629439026695797,3.6990324405233297,-0.06959341382753248
tektoncd/pipeline,144855466,2025-07-21,89,64,42,0.65625,64,32.625,45.55166666666667,0.05,33.225,73,16,0.2191780821917808,16,10,0.625,train,False,False,3.5152698379220033,3.6990324405233297,-0.18376260260132637
tektoncd/pipeline,144855466,2025-07-28,93,68,49,0.7205882352941176,68,33.38333333333334,59.66166666666667,0.03333333333333333,34.95,78,12,0.15384615384615385,15,8,0.6666666666666666,train,False,False,3.537571950849151,3.6990324405233297,-0.16146048967417848
tektoncd/pipeline,144855466,2025-08-04,37,33,21,0.6363636363636364,33,33.65,63.05333333333335,0.03333333333333333,42.56666666666667,23,10,0.43478260869565216,14,6,0.6,train,False,False,3.5452977256359124,3.6990324405233297,-0.1537347148874173
tektoncd/pipeline,144855466,2025-08-11,57,37,21,0.5675675675675675,37,32.53333333333333,100.45333333333333,0.05,96.98333333333333,39,14,0.358974358974359,18,11,0.7857142857142857,train,False,False,3.512539968997529,3.6990324405233297,-0.1864924715258005
tektoncd/pipeline,144855466,2025-08-18,57,50,33,0.66,50,33.391666666666666,57.35,0.03333333333333333,38.88333333333334,40,15,0.375,17,12,0.8,train,False,False,3.537814286970536,3.6990324405233297,-0.1612181535527939
tektoncd/pipeline,144855466,2025-08-25,33,27,24,0.8888888888888888,27,37.53333333333333,54.30000000000001,0.016666666666666666,72.51666666666667,18,6,0.3333333333333333,15,2,0.3333333333333333,train,False,False,3.651523667570167,3.6990324405233297,-0.04750877295316247
tektoncd/pipeline,144855466,2025-09-01,98,80,72,0.9,80,39.975,53.053333333333384,0.03333333333333333,48.50833333333334,62,20,0.3225806451612903,36,7,0.35,train,False,False,3.7129621246298936,3.6990324405233297,0.013929684106563922
tektoncd/pipeline,144855466,2025-09-08,41,36,31,0.8611111111111112,36,39.00833333333333,93.71666666666667,-709.4083333333333,746.375,16,8,0.5,25,3,0.375,train,False,False,3.6890877657488943,3.6990324405233297,-0.009944674774435391
tektoncd/pipeline,144855466,2025-09-15,29,22,19,0.8636363636363636,22,38.7,65.49500000000005,-23.616666666666667,74.08333333333334,16,5,0.3125,13,3,0.6,train,False,False,3.681351187693145,3.6990324405233297,-0.017681252830184846
tektoncd/pipeline,144855466,2025-09-22,33,29,28,0.9655172413793104,29,40.4,71.89,-6260.933333333333,6303.95,11,6,0.5454545454545454,22,1,0.16666666666666666,train,False,False,3.7232808808312687,3.6990324405233297,0.024248440307939045
tektoncd/pipeline,144855466,2025-09-29,47,40,37,0.925,39,43.266666666666666,66.78666666666669,0.03333333333333333,52.61666666666667,29,13,0.4482758620689655,18,3,0.23076923076923078,train,False,False,3.790231948374224,3.6990324405233297,0.09119950785089426
tektoncd/pipeline,144855466,2025-10-06,112,90,73,0.8111111111111111,90,43.18333333333334,88.7333333333334,0.03333333333333333,97.425,69,23,0.3333333333333333,43,13,0.5652173913043478,train,False,False,3.788347644066925,3.6990324405233297,0.08931520354359535
tektoncd/pipeline,144855466,2025-10-13,65,57,53,0.9298245614035088,57,35.4,58.54333333333333,0.03333333333333333,92.06666666666666,38,12,0.3157894736842105,27,2,0.16666666666666666,train,False,False,3.594568774642695,3.6990324405233297,-0.1044636658806346
tektoncd/pipeline,144855466,2025-10-20,79,56,47,0.8392857142857143,55,41.38333333333333,95.05000000000001,0.13333333333333333,80.35,57,16,0.2807017543859649,22,7,0.4375,train,False,False,3.746755203200019,3.6990324405233297,0.04772276267668918
tektoncd/pipeline,144855466,2025-10-27,130,98,79,0.8061224489795918,96,38.86666666666667,54.583333333333336,0.03333333333333333,77.79166666666666,80,29,0.3625,50,17,0.5862068965517241,train,False,False,3.6855405528484217,3.6990324405233297,-0.013491887674907943
tektoncd/pipeline,144855466,2025-11-03,56,41,33,0.8048780487804879,41,39.3,46.71666666666667,-546.7833333333333,592.15,29,12,0.41379310344827586,27,7,0.5833333333333334,train,False,False,3.696351468952637,3.6990324405233297,-0.0026809715706925807
tektoncd/pipeline,144855466,2025-11-10,77,70,65,0.9285714285714286,70,39.583333333333336,92.25000000000001,-693.825,723.125,26,14,0.5384615384615384,51,5,0.35714285714285715,train,False,False,3.7033574732945898,3.6990324405233297,0.004325032771260062
tektoncd/pipeline,144855466,2025-11-17,61,47,38,0.8085106382978723,46,38.225,42.88333333333333,0.03333333333333333,59.85,29,19,0.6551724137931034,32,8,0.42105263157894735,train,False,False,3.6693142986190965,3.6990324405233297,-0.029718141904233164
tektoncd/pipeline,144855466,2025-11-24,178,166,131,0.7891566265060241,163,36.766666666666666,51.74333333333338,-611.1166666666667,649.6,62,33,0.532258064516129,116,23,0.696969696969697,train,False,False,3.631426879365851,3.6990324405233297,-0.06760556115747862
tektoncd/pipeline,144855466,2025-12-01,76,65,47,0.7230769230769231,64,38.416666666666664,54.04166666666667,0.03333333333333333,49.78333333333333,46,20,0.43478260869565216,30,7,0.35,train,False,False,3.6741887387039327,3.6990324405233297,-0.02484370181939699
tektoncd/pipeline,144855466,2025-12-08,42,40,23,0.575,40,41.108333333333334,69.07333333333335,0.03333333333333333,76.425,25,11,0.44,17,8,0.7272727272727273,train,False,False,3.740245662509863,3.6990324405233297,0.0412132219865331
tektoncd/pipeline,144855466,2025-12-15,130,103,59,0.5728155339805825,103,41.06666666666667,74.25666666666666,0.03333333333333333,65.16666666666667,91,25,0.27472527472527475,39,18,0.72,train,False,False,3.739255661439003,3.6990324405233297,0.04022322091567343
tektoncd/pipeline,144855466,2025-12-22,12,11,5,0.45454545454545453,11,42.833333333333336,71.71666666666667,0.06666666666666667,43.81666666666667,10,2,0.2,2,2,1.0,train,False,False,3.7803945629497098,3.6990324405233297,0.08136212242638008
tektoncd/pipeline,144855466,2025-12-29,9,6,1,0.16666666666666666,6,39.516666666666666,40.83333333333333,0.04166666666666667,39.325,7,2,0.2857142857142857,2,0,0.0,train,False,False,3.7017134120940227,3.6990324405233297,0.002680971570693025
tektoncd/pipeline,144855466,2026-01-05,7,5,1,0.2,5,42.68333333333333,46.379999999999995,0.05,42.63333333333333,5,2,0.4,2,0,0.0,train,False,False,3.7769666411013056,3.6990324405233297,0.07793420057797595
tektoncd/pipeline,144855466,2026-01-12,28,20,11,0.55,20,40.516666666666666,57.20666666666667,0.04166666666666667,42.13333333333333,22,5,0.22727272727272727,6,1,0.2,train,False,False,3.7260949530400795,3.6990324405233297,0.027062512516749848
tektoncd/pipeline,144855466,2026-01-19,8,7,1,0.14285714285714285,7,51.15,71.55,0.03333333333333333,54.06666666666667,6,2,0.3333333333333333,2,1,0.5,train,False,False,3.9541241814467813,3.6990324405233297,0.25509174092345166
tektoncd/pipeline,144855466,2026-01-26,97,86,57,0.6627906976744186,83,44.03333333333333,82.06,0.05,67.68333333333334,72,15,0.20833333333333334,25,8,0.5333333333333333,train,False,False,3.8074029562980436,3.6990324405233297,0.1083705157747139
tektoncd/pipeline,144855466,2026-02-02,55,45,18,0.4,45,46.43333333333333,161.14000000000001,0.05,59.8,47,7,0.14893617021276595,8,4,0.5714285714285714,train,False,False,3.8593252164276968,3.6990324405233297,0.16029277590436708
tektoncd/pipeline,144855466,2026-02-09,64,54,16,0.2962962962962963,54,45.00833333333333,95.99166666666667,0.05,72.53333333333333,49,12,0.24489795918367346,15,8,0.6666666666666666,train,False,False,3.828822539501999,3.6990324405233297,0.1297900989786691
tektoncd/pipeline,144855466,2026-02-16,81,68,31,0.45588235294117646,68,41.7,81.94666666666667,0.03333333333333333,65.44166666666666,51,22,0.43137254901960786,30,16,0.7272727272727273,train,False,False,3.754198920234579,3.6990324405233297,0.05516647971124922
tektoncd/pipeline,144855466,2026-02-23,95,79,39,0.4936708860759494,79,45.21666666666667,86.39,0.05,54.516666666666666,75,15,0.2,20,8,0.5333333333333333,train,False,False,3.8333404833936773,3.6990324405233297,0.1343080428703476
tektoncd/pipeline,144855466,2026-03-02,89,70,39,0.5571428571428572,70,44.675,164.23666666666668,0.05,58.04166666666667,61,25,0.4098360655737705,28,11,0.44,purge,False,False,3.8215511022640705,3.6990324405233297,0.12251866174074078
tektoncd/pipeline,144855466,2026-03-09,77,54,17,0.3148148148148148,51,43.03333333333333,115.8,0.05,45.38333333333333,59,17,0.288135593220339,18,2,0.11764705882352941,purge,False,False,3.7849469228601698,3.6990324405233297,0.08591448233684007
tektoncd/pipeline,144855466,2026-03-16,180,133,63,0.47368421052631576,133,46.083333333333336,137.14666666666665,0.05,68.96666666666667,126,41,0.3253968253968254,54,12,0.2926829268292683,purge,False,False,3.8519190813584405,3.6990324405233297,0.15288664083511083
tektoncd/pipeline,144855466,2026-03-23,111,75,39,0.52,74,43.36666666666667,73.04,0.05,44.25,93,15,0.16129032258064516,18,8,0.5333333333333333,purge,False,False,3.792488436732956,3.6990324405233297,0.09345599620962641
tektoncd/pipeline,144855466,2026-03-30,126,94,51,0.5425531914893617,94,43.608333333333334,120.50833333333334,0.06666666666666667,72.59166666666667,86,17,0.19767441860465115,40,10,0.5882352941176471,holdout,False,False,3.7979206876113354,3.6990324405233297,0.0988882470880057
tektoncd/pipeline,144855466,2026-04-06,72,59,53,0.8983050847457628,59,39.416666666666664,62.443333333333335,0.03333333333333333,64.68333333333334,43,15,0.3488372093023256,29,2,0.13333333333333333,holdout,False,False,3.699242241149483,3.6990324405233297,0.0002098006261532781
tektoncd/pipeline,144855466,2026-04-13,140,112,47,0.41964285714285715,112,58.025000000000006,98.05,0.8916666666666666,67.5,110,27,0.24545454545454545,30,17,0.6296296296296297,holdout,False,False,4.0779610829715764,3.6990324405233297,0.37892864244824676
tektoncd/pipeline,144855466,2026-04-20,148,135,62,0.45925925925925926,134,147.43333333333334,694.3533333333334,2.433333333333333,626.8166666666666,120,23,0.19166666666666668,28,17,0.7391304347826086,holdout,False,False,5.000135923659547,3.6990324405233297,1.3011034831362176
tektoncd/pipeline,144855466,2026-04-27,119,102,49,0.4803921568627451,102,92.775,154.68500000000003,0.33333333333333337,116.59166666666667,91,24,0.26373626373626374,28,16,0.6666666666666666,holdout,False,False,4.540898295967951,3.6990324405233297,0.8418658554446212
tektoncd/pipeline,144855466,2026-05-04,110,99,48,0.48484848484848486,99,59.8,194.58666666666667,0.21666666666666667,96.9,82,23,0.2804878048780488,28,16,0.6956521739130435,holdout,False,False,4.107589788972121,3.6990324405233297,0.40855734844879166
tektoncd/pipeline,144855466,2026-05-11,143,113,60,0.5309734513274337,113,57.4,174.85,0.18333333333333332,116.33333333333333,109,22,0.2018348623853211,34,17,0.7727272727272727,holdout,False,False,4.067315889834181,3.6990324405233297,0.36828344931085155
tektoncd/pipeline,144855466,2026-05-18,93,81,36,0.4444444444444444,81,56.583333333333336,196.95,0.08333333333333333,78.21666666666667,81,11,0.13580246913580246,12,7,0.6363636363636364,holdout,False,False,4.053233173979669,3.6990324405233297,0.35420073345633973
tektoncd/pipeline,144855466,2026-05-25,189,153,95,0.6209150326797386,153,63.65,144.89333333333337,0.05,112.6,125,44,0.352,64,28,0.6363636363636364,holdout,False,False,4.168988105217867,3.6990324405233297,0.4699556646945373
tektoncd/pipeline,144855466,2026-06-01,153,132,80,0.6060606060606061,132,69.98333333333333,166.21666666666667,0.03333333333333333,159.50833333333333,93,37,0.3978494623655914,60,19,0.5135135135135135,holdout,False,False,4.2624451077011125,3.6990324405233297,0.5634126671777828
tektoncd/pipeline,144855466,2026-06-08,189,154,79,0.512987012987013,153,48.11666666666667,128.95666666666668,0.05,85.26666666666667,131,48,0.366412213740458,58,23,0.4791666666666667,holdout,False,False,3.894198420515594,3.6990324405233297,0.19516597999226448
tektoncd/pipeline,144855466,2026-06-15,120,105,55,0.5238095238095238,105,54.4,203.6766666666667,0.4,72.01666666666667,97,20,0.20618556701030927,23,9,0.45,holdout,False,False,4.014579593753238,3.6990324405233297,0.31554715322990834
tektoncd/pipeline,144855466,2026-06-22,106,85,54,0.6352941176470588,85,34.75,165.79000000000002,0.05,140.88333333333333,67,19,0.2835820895522388,39,4,0.21052631578947367,holdout,False,False,3.5765502691400166,3.6990324405233297,-0.12248217138331308
tektoncd/pipeline,144855466,2026-06-29,90,75,37,0.49333333333333335,75,47.233333333333334,98.92,0.21666666666666667,49.333333333333336,72,15,0.20833333333333334,18,7,0.4666666666666667,holdout,False,False,3.8760503449693284,3.6990324405233297,0.17701790444599874
tektoncd/pipeline,144855466,2026-07-06,94,71,27,0.38028169014084506,71,43.88333333333333,51.416666666666664,0.11666666666666667,44.416666666666664,75,18,0.24,19,5,0.2777777777777778,holdout,False,False,3.8040665305894983,3.6990324405233297,0.1050340900661686
tektoncd/pipeline,144855466,2026-07-13,42,37,8,0.21621621621621623,37,43.2,50.233333333333334,0.05,43.583333333333336,37,5,0.13513513513513514,5,4,0.8,holdout,False,False,3.7887247890836524,3.6990324405233297,0.08969234856032271
tektoncd/pipeline,144855466,2026-07-20,44,33,11,0.3333333333333333,33,44.666666666666664,53.083333333333336,0.13333333333333333,46.233333333333334,35,9,0.2571428571428571,9,6,0.6666666666666666,holdout,False,False,3.821368637160015,3.6990324405233297,0.12233619663668538
tektoncd/pipeline,144855466,2026-07-27,141,100,35,0.35,100,42.666666666666664,51.325,0.05,44.45,114,22,0.19298245614035087,27,18,0.8181818181818182,holdout,False,False,3.7765850345330416,3.6990324405233297,0.07755259400971193
tektoncd/pipeline,144855466,2026-08-03,79,69,33,0.4782608695652174,66,40.525000000000006,50.95,0.11666666666666667,43.65833333333333,68,10,0.14705882352941177,11,7,0.7,holdout,False,False,3.7262956554993587,3.6990324405233297,0.027263214976029015
tektoncd/pipeline,193952412,2025-09-29,53,52,10,0.19230769230769232,47,0.13333333333333333,2.1533333333333333,0.05,0.08333333333333333,49,4,0.08163265306122448,4,3,0.75,train,False,False,0.12516314295400602,0.5207759546191588,-0.39561281166515283
tektoncd/pipeline,193952412,2025-10-06,185,177,27,0.15254237288135594,177,0.18333333333333332,13.020000000000008,0.08333333333333333,0.08333333333333333,174,8,0.04597701149425287,11,3,0.375,train,False,False,0.1683353148192147,0.5207759546191588,-0.3524406397999441
tektoncd/pipeline,193952412,2025-10-13,132,132,5,0.03787878787878788,132,0.15,0.85,0.06666666666666667,0.08333333333333333,129,3,0.023255813953488372,3,3,1.0,train,False,False,0.1397619423751587,0.5207759546191588,-0.3810140122440001
tektoncd/pipeline,193952412,2025-10-20,173,172,1,0.005813953488372093,172,0.25,14.25666666666667,0.15,0.08333333333333333,172,1,0.005813953488372093,1,0,0.0,train,False,False,0.22314355131420976,0.5207759546191588,-0.29763240330494906
tektoncd/pipeline,193952412,2025-10-27,234,233,17,0.07296137339055794,233,0.2,26.476666666666667,0.11666666666666667,0.08333333333333333,233,1,0.004291845493562232,1,0,0.0,train,False,False,0.18232155679395465,0.5207759546191588,-0.33845439782520415
tektoncd/pipeline,193952412,2025-11-03,89,89,34,0.38202247191011235,62,0.13333333333333333,1.66,0.05,0.08333333333333333,89,0,0.0,0,0,,train,False,False,0.12516314295400602,0.5207759546191588,-0.39561281166515283
tektoncd/pipeline,193952412,2025-11-10,119,118,65,0.5508474576271186,64,0.725,7.025,0.05,0.6166666666666667,115,4,0.034782608695652174,4,0,0.0,train,False,False,0.545227050483323,0.5207759546191588,0.024451095864164163
tektoncd/pipeline,193952412,2025-11-17,83,72,11,0.1527777777777778,72,0.6833333333333333,0.7783333333333332,0.05,0.6166666666666667,69,14,0.2028985507246377,14,3,0.21428571428571427,train,False,False,0.5207759546191588,0.5207759546191588,0.0
tektoncd/pipeline,193952412,2025-11-24,289,287,34,0.11846689895470383,287,0.85,13.836666666666675,0.21666666666666667,0.6166666666666667,280,9,0.03214285714285714,9,7,0.7777777777777778,train,False,False,0.6151856390902334,0.5207759546191588,0.09440968447107456
tektoncd/pipeline,193952412,2025-12-01,196,181,20,0.11049723756906077,174,0.7,3.3133333333333344,0.05,0.6166666666666667,180,15,0.08333333333333333,16,1,0.06666666666666667,train,False,False,0.5306282510621704,0.5207759546191588,0.009852296443011554
tektoncd/pipeline,193952412,2025-12-08,137,134,11,0.08208955223880597,134,0.7666666666666667,12.121666666666668,0.1,0.625,131,6,0.04580152671755725,6,3,0.5,train,False,False,0.5690945318899665,0.5207759546191588,0.04831857727080768
tektoncd/pipeline,193952412,2025-12-15,347,340,24,0.07058823529411765,326,0.7833333333333333,12.125,0.15,0.6166666666666667,340,7,0.020588235294117647,7,0,0.0,train,False,False,0.5784842722398056,0.5207759546191588,0.057708317620646765
tektoncd/pipeline,193952412,2025-12-22,67,67,3,0.04477611940298507,67,0.7166666666666667,1.8333333333333333,0.08333333333333333,0.6166666666666667,67,0,0.0,0,0,,train,False,False,0.540384426007535,0.5207759546191588,0.01960847138837618
tektoncd/pipeline,193952412,2025-12-29,33,26,8,0.3076923076923077,26,0.65,0.6916666666666667,0.03333333333333333,0.6166666666666667,26,7,0.2692307692307692,7,0,0.0,train,False,False,0.5007752879124893,0.5207759546191588,-0.020000666706669556
tektoncd/pipeline,193952412,2026-01-05,54,44,7,0.1590909090909091,44,0.6666666666666666,0.9933333333333342,0.03333333333333333,0.6166666666666667,44,10,0.22727272727272727,10,0,0.0,train,False,False,0.5108256237659907,0.5207759546191588,-0.009950330853168099
tektoncd/pipeline,193952412,2026-01-12,94,91,0,0.0,91,0.6833333333333333,1.6333333333333333,0.05,0.6333333333333333,91,3,0.03296703296703297,3,0,0.0,train,False,False,0.5207759546191588,0.5207759546191588,0.0
tektoncd/pipeline,193952412,2026-01-19,54,50,0,0.0,50,0.8333333333333334,4.9783333333333335,0.15,0.6,50,4,0.08,4,0,0.0,train,False,False,0.6061358035703155,0.5207759546191588,0.08535984895115667
tektoncd/pipeline,193952412,2026-01-26,267,263,18,0.06844106463878327,249,0.7666666666666667,12.273333333333342,0.1,0.6166666666666667,262,5,0.019083969465648856,5,1,0.2,train,False,False,0.5690945318899665,0.5207759546191588,0.04831857727080768
tektoncd/pipeline,193952412,2026-02-02,236,234,22,0.09401709401709402,218,5.883333333333334,16.82833333333334,5.291666666666666,0.6166666666666667,234,2,0.008547008547008548,2,0,0.0,train,False,False,1.929103030738932,0.5207759546191588,1.4083270761197733
tektoncd/pipeline,193952412,2026-02-09,281,276,10,0.036231884057971016,276,0.6833333333333333,9.991666666666667,0.05,0.6,269,12,0.04460966542750929,12,7,0.5833333333333334,train,False,False,0.5207759546191588,0.5207759546191588,0.0
tektoncd/pipeline,193952412,2026-02-16,201,187,33,0.17647058823529413,166,0.65,1.4916666666666667,0.05,0.5833333333333334,187,14,0.0748663101604278,14,0,0.0,train,False,False,0.5007752879124893,0.5207759546191588,-0.020000666706669556
tektoncd/pipeline,193952412,2026-02-23,341,328,35,0.10670731707317073,325,0.7833333333333333,15.30666666666667,0.11666666666666667,0.6166666666666667,328,13,0.039634146341463415,13,0,0.0,train,False,False,0.5784842722398056,0.5207759546191588,0.057708317620646765
tektoncd/pipeline,193952412,2026-03-02,329,300,29,0.09666666666666666,300,2.041666666666667,39.603333333333346,1.375,0.6333333333333333,299,29,0.09698996655518395,30,1,0.034482758620689655,purge,False,False,1.1124056108004456,0.5207759546191588,0.5916296561812868
tektoncd/pipeline,193952412,2026-03-09,315,266,19,0.07142857142857142,266,0.7333333333333333,11.225000000000001,0.05,0.6333333333333333,266,49,0.18421052631578946,49,0,0.0,purge,False,False,0.5500463369192718,0.5207759546191588,0.02927038230011303
tektoncd/pipeline,193952412,2026-03-16,575,504,55,0.10912698412698413,498,1.8416666666666668,28.97,1.225,0.6333333333333333,504,71,0.14087301587301587,71,0,0.0,purge,False,False,1.044390734501471,0.5207759546191588,0.5236147798823121
tektoncd/pipeline,193952412,2026-03-23,290,266,38,0.14285714285714285,255,0.7,8.743333333333327,0.05,0.6333333333333333,266,24,0.09022556390977443,24,0,0.0,purge,False,False,0.5306282510621704,0.5207759546191588,0.009852296443011554
tektoncd/pipeline,193952412,2026-03-30,321,314,29,0.09235668789808917,311,1.2666666666666666,20.433333333333334,0.6,0.6166666666666667,314,7,0.022292993630573247,7,0,0.0,holdout,False,False,0.8183103235139513,0.5207759546191588,0.29753436889479246
tektoncd/pipeline,193952412,2026-04-06,145,144,32,0.2222222222222222,130,0.7,1.7533333333333336,0.05,0.6333333333333333,144,1,0.006944444444444444,1,0,0.0,holdout,False,False,0.5306282510621704,0.5207759546191588,0.009852296443011554
tektoncd/pipeline,193952412,2026-04-13,466,440,52,0.11818181818181818,429,1.5666666666666667,16.62,0.9833333333333333,0.6166666666666667,432,33,0.0763888888888889,34,8,0.24242424242424243,holdout,False,False,0.9426080401915284,0.5207759546191588,0.4218320855723696
tektoncd/pipeline,193952412,2026-04-20,529,523,158,0.30210325047801145,373,5.866666666666666,35.986666666666686,5.3,0.6166666666666667,523,6,0.011472275334608031,6,0,0.0,holdout,False,False,1.9266787871274256,0.5207759546191588,1.4059028325082668
tektoncd/pipeline,193952412,2026-04-27,278,273,127,0.4652014652014652,154,0.9083333333333333,20.428333333333367,0.21666666666666667,0.6166666666666667,273,5,0.018315018315018316,5,0,0.0,holdout,False,False,0.6462302607721937,0.5207759546191588,0.12545430615303488
tektoncd/pipeline,193952412,2026-05-04,390,379,78,0.20580474934036938,332,3.175,47.1166666666668,2.541666666666667,0.6166666666666667,373,17,0.045576407506702415,17,6,0.35294117647058826,holdout,False,False,1.4291143583028187,0.5207759546191588,0.9083384036836599
tektoncd/pipeline,193952412,2026-05-11,516,515,91,0.1766990291262136,447,3.5,72.68000000000002,2.8333333333333335,0.6,501,15,0.029940119760479042,15,5,0.3333333333333333,holdout,False,False,1.5040773967762742,0.5207759546191588,0.9833014421571153
tektoncd/pipeline,193952412,2026-05-18,388,385,56,0.14545454545454545,343,1.2,58.42666666666667,0.5166666666666667,0.6,385,3,0.007792207792207792,3,0,0.0,holdout,False,False,0.7884573603642702,0.5207759546191588,0.26768140574511134
tektoncd/pipeline,193952412,2026-05-25,481,467,65,0.139186295503212,423,1.5666666666666667,43.56000000000002,0.95,0.6,467,14,0.029978586723768737,14,0,0.0,holdout,False,False,0.9426080401915284,0.5207759546191588,0.4218320855723696
tektoncd/pipeline,193952412,2026-06-01,413,397,54,0.13602015113350127,380,0.8833333333333333,39.183333333333344,0.275,0.6083333333333334,389,24,0.061696658097686374,24,8,0.3333333333333333,holdout,False,False,0.6330432564902398,0.5207759546191588,0.11226730187108103
tektoncd/pipeline,193952412,2026-06-08,553,509,66,0.12966601178781925,450,1.4,25.615000000000006,0.7083333333333333,0.6166666666666667,508,45,0.08858267716535433,45,1,0.022222222222222223,holdout,False,False,0.8754687373538999,0.5207759546191588,0.35469278273474103
tektoncd/pipeline,193952412,2026-06-15,463,443,32,0.07223476297968397,411,3.2,50.38333333333333,2.55,0.6166666666666667,443,20,0.045146726862302484,20,0,0.0,holdout,False,False,1.4350845252893227,0.5207759546191588,0.9143085706701639
tektoncd/pipeline,193952412,2026-06-22,297,279,36,0.12903225806451613,261,1.5,47.983333333333334,0.8833333333333333,0.6166666666666667,278,19,0.0683453237410072,19,1,0.05263157894736842,holdout,False,False,0.9162907318741551,0.5207759546191588,0.3955147772549963
tektoncd/pipeline,193952412,2026-06-29,299,284,20,0.07042253521126761,271,1.9166666666666667,14.0,1.3666666666666667,0.6166666666666667,284,15,0.0528169014084507,15,0,0.0,holdout,False,False,1.0704414117014134,0.5207759546191588,0.5496654570822546
tektoncd/pipeline,193952412,2026-07-06,359,305,33,0.10819672131147541,305,1.0166666666666666,2.6433333333333335,0.38333333333333336,0.6333333333333333,311,48,0.15434083601286175,48,0,0.0,holdout,False,False,0.7014459833746404,0.5207759546191588,0.18067002875548155
tektoncd/pipeline,193952412,2026-07-13,164,152,22,0.14473684210526316,152,0.6833333333333333,1.3800000000000001,0.05,0.6166666666666667,161,3,0.018633540372670808,3,0,0.0,holdout,False,False,0.5207759546191588,0.5207759546191588,0.0
tektoncd/pipeline,193952412,2026-07-20,218,190,18,0.09473684210526316,185,0.7166666666666667,1.4599999999999997,0.05,0.6166666666666667,208,10,0.04807692307692308,10,4,0.4,holdout,False,False,0.540384426007535,0.5207759546191588,0.01960847138837618
tektoncd/pipeline,193952412,2026-07-27,452,408,71,0.17401960784313725,371,0.7333333333333333,4.783333333333333,0.06666666666666667,0.6333333333333333,442,9,0.020361990950226245,10,3,0.3333333333333333,holdout,False,False,0.5500463369192718,0.5207759546191588,0.02927038230011303
tektoncd/pipeline,193952412,2026-08-03,318,296,18,0.060810810810810814,284,0.8333333333333334,11.858333333333334,0.15,0.6333333333333333,312,6,0.019230769230769232,6,0,0.0,holdout,False,False,0.6061358035703155,0.5207759546191588,0.08535984895115667
tektoncd/pipeline,194873551,2025-09-29,2,2,2,1.0,0,,,,,2,0,0.0,0,0,,train,False,False,,1.7286969566443053,
tektoncd/pipeline,194873551,2025-10-06,2,1,0,0.0,1,4.666666666666667,4.666666666666667,0.36666666666666664,4.3,2,0,0.0,0,0,,train,False,False,1.7346010553881064,1.7286969566443053,0.005904098743801045
tektoncd/pipeline,194873551,2025-10-20,58,49,0,0.0,49,4.65,7.846666666666668,0.15,4.4,57,1,0.017543859649122806,1,0,0.0,train,False,False,1.7316555451583497,1.7286969566443053,0.0029585885140444024
tektoncd/pipeline,194873551,2025-10-27,80,71,0,0.0,71,4.55,6.183333333333334,0.1,4.4,79,1,0.012658227848101266,1,0,0.0,train,False,False,1.713797927758343,1.7286969566443053,-0.014899028885962284
tektoncd/pipeline,194873551,2025-11-03,28,17,0,0.0,17,4.5,4.823333333333333,0.06666666666666667,4.4,27,1,0.037037037037037035,1,0,0.0,train,False,False,1.7047480922384253,1.7286969566443053,-0.023948864405880066
tektoncd/pipeline,194873551,2025-11-10,26,25,0,0.0,25,4.566666666666666,9.030000000000001,0.05,4.416666666666667,26,0,0.0,0,0,,train,False,False,1.7167964307545998,1.7286969566443053,-0.011900525889705582
tektoncd/pipeline,194873551,2025-11-17,36,25,0,0.0,25,4.516666666666667,4.826666666666666,0.05,4.45,29,7,0.2413793103448276,7,0,0.0,train,False,False,1.7077738131549622,1.7286969566443053,-0.0209231434893431
tektoncd/pipeline,194873551,2025-11-24,63,55,0,0.0,55,4.616666666666666,6.66,0.13333333333333333,4.433333333333334,62,1,0.016129032258064516,1,0,0.0,train,False,False,1.725738368130261,1.7286969566443053,-0.0029585885140444024
tektoncd/pipeline,194873551,2025-12-01,47,41,0,0.0,41,4.483333333333333,4.783333333333333,0.05,4.416666666666667,43,4,0.09302325581395349,4,0,0.0,train,False,False,1.7017131885432712,1.7286969566443053,-0.02698376810103409
tektoncd/pipeline,194873551,2025-12-08,26,24,0,0.0,24,4.516666666666667,4.913333333333333,0.05,4.441666666666666,25,1,0.04,1,0,0.0,train,False,False,1.7077738131549622,1.7286969566443053,-0.0209231434893431
tektoncd/pipeline,194873551,2025-12-15,86,78,0,0.0,78,4.725,6.968333333333332,0.06666666666666667,4.583333333333333,85,1,0.011764705882352941,1,0,0.0,train,False,False,1.7448425494403033,1.7286969566443053,0.01614559279599792
tektoncd/pipeline,194873551,2025-12-22,10,10,0,0.0,10,4.583333333333333,4.8999999999999995,0.05,4.533333333333333,10,0,0.0,0,0,,train,False,False,1.7197859696029656,1.7286969566443053,-0.008910987041339746
tektoncd/pipeline,194873551,2025-12-29,9,7,0,0.0,7,4.566666666666666,4.683333333333333,0.03333333333333333,4.516666666666667,7,2,0.2857142857142857,2,0,0.0,train,False,False,1.7167964307545998,1.7286969566443053,-0.011900525889705582
tektoncd/pipeline,194873551,2026-01-05,7,5,0,0.0,5,4.583333333333333,4.703333333333333,0.03333333333333333,4.55,5,2,0.4,2,0,0.0,train,False,False,1.7197859696029656,1.7286969566443053,-0.008910987041339746
tektoncd/pipeline,194873551,2026-01-12,25,21,0,0.0,21,4.65,4.866666666666666,0.05,4.6,22,3,0.13636363636363635,3,0,0.0,train,False,False,1.7316555451583497,1.7286969566443053,0.0029585885140444024
tektoncd/pipeline,194873551,2026-01-19,7,6,0,0.0,6,4.683333333333334,5.016666666666667,0.058333333333333334,4.433333333333334,6,1,0.16666666666666666,1,0,0.0,train,False,False,1.737537915061416,1.7286969566443053,0.008840958417110745
tektoncd/pipeline,194873551,2026-01-26,53,50,0,0.0,50,4.783333333333333,6.525000000000002,0.05,4.6,51,2,0.0392156862745098,2,0,0.0,train,False,False,1.7549802177247584,1.7286969566443053,0.02628326108045309
tektoncd/pipeline,194873551,2026-02-02,39,36,0,0.0,36,4.925000000000001,6.825,0.05,4.75,37,2,0.05405405405405406,2,0,0.0,train,False,False,1.779180687021195,1.7286969566443053,0.05048373037688969
tektoncd/pipeline,194873551,2026-02-09,50,43,0,0.0,43,4.866666666666666,5.196666666666667,0.06666666666666667,4.733333333333333,47,3,0.06382978723404255,3,0,0.0,train,False,False,1.7692866133759964,1.7286969566443053,0.040589656731691015
tektoncd/pipeline,194873551,2026-02-16,42,35,0,0.0,35,4.883333333333334,5.23,0.05,4.733333333333333,36,6,0.16666666666666666,6,0,0.0,train,False,False,1.7721234947111961,1.7286969566443053,0.043426538066890785
tektoncd/pipeline,194873551,2026-02-23,73,62,0,0.0,62,4.883333333333333,6.274999999999999,0.05,4.733333333333333,69,4,0.057971014492753624,4,0,0.0,train,False,False,1.772123494711196,1.7286969566443053,0.04342653806689056
tektoncd/pipeline,194873551,2026-03-02,68,56,0,0.0,56,4.916666666666667,7.066666666666666,0.058333333333333334,4.65,59,9,0.15254237288135594,9,0,0.0,purge,False,False,1.777773227253315,1.7286969566443053,0.049076270609009764
tektoncd/pipeline,194873551,2026-03-09,70,53,0,0.0,53,4.75,6.203333333333335,0.05,4.6,55,15,0.2727272727272727,15,0,0.0,purge,False,False,1.749199854809259,1.7286969566443053,0.020502898164953764
tektoncd/pipeline,194873551,2026-03-16,143,111,0,0.0,111,4.95,10.4,0.23333333333333334,4.65,118,25,0.211864406779661,25,0,0.0,purge,False,False,1.7833912195575383,1.7286969566443053,0.05469426291323298
tektoncd/pipeline,194873551,2026-03-23,89,74,3,0.04054054054054054,72,4.758333333333333,5.326666666666666,0.05,4.666666666666667,81,8,0.09876543209876543,8,0,0.0,purge,False,False,1.7506480809856237,1.7286969566443053,0.021951124341318407
tektoncd/pipeline,194873551,2026-03-30,84,72,0,0.0,72,5.066666666666666,10.556666666666665,0.375,4.658333333333333,81,3,0.037037037037037035,3,0,0.0,holdout,False,False,1.80280930541464,1.7286969566443053,0.07411234877033457
tektoncd/pipeline,194873551,2026-04-06,33,28,0,0.0,28,4.8,5.52,0.058333333333333334,4.658333333333333,33,0,0.0,0,0,,holdout,False,False,1.7578579175523736,1.7286969566443053,0.0291609609080683
tektoncd/pipeline,194873551,2026-04-13,114,102,0,0.0,102,5.05,8.345,0.3333333333333333,4.666666666666667,104,10,0.09615384615384616,10,0,0.0,holdout,False,False,1.80005827204275,1.7286969566443053,0.0713613153984447
tektoncd/pipeline,194873551,2026-04-20,52,44,0,0.0,44,4.966666666666667,6.7500000000000036,0.31666666666666665,4.708333333333334,49,3,0.061224489795918366,3,0,0.0,holdout,False,False,1.7861884241785997,1.7286969566443053,0.05749146753429435
tektoncd/pipeline,194873551,2026-04-27,18,16,0,0.0,16,4.824999999999999,6.033333333333333,0.058333333333333334,4.675000000000001,17,1,0.058823529411764705,1,0,0.0,holdout,False,False,1.7621589994517641,1.7286969566443053,0.03346204280745879
tektoncd/pipeline,194873551,2026-05-04,38,30,0,0.0,30,5.083333333333333,7.8883333333333345,0.30833333333333335,4.725,33,5,0.15151515151515152,5,0,0.0,holdout,False,False,1.8055527913603908,1.7286969566443053,0.07685583471608548
tektoncd/pipeline,194873551,2026-05-11,49,46,0,0.0,46,4.883333333333334,6.833333333333333,0.23333333333333334,4.7,49,0,0.0,0,0,,holdout,False,False,1.7721234947111961,1.7286969566443053,0.043426538066890785
tektoncd/pipeline,194873551,2026-05-18,37,33,0,0.0,33,4.866666666666666,5.74,0.08333333333333333,4.7,36,1,0.027777777777777776,1,0,0.0,holdout,False,False,1.7692866133759964,1.7286969566443053,0.040589656731691015
tektoncd/pipeline,194873551,2026-05-25,84,72,0,0.0,72,4.95,7.66,0.3,4.666666666666667,78,6,0.07692307692307693,6,0,0.0,holdout,False,False,1.7833912195575383,1.7286969566443053,0.05469426291323298
tektoncd/pipeline,194873551,2026-06-01,74,64,0,0.0,64,5.033333333333333,12.08666666666667,0.2833333333333333,4.725,66,8,0.12121212121212122,8,0,0.0,holdout,False,False,1.7972996496036704,1.7286969566443053,0.06860269295936505
tektoncd/pipeline,194873551,2026-06-08,108,87,0,0.0,87,4.966666666666667,8.830000000000007,0.08333333333333333,4.783333333333333,90,18,0.2,18,0,0.0,holdout,False,False,1.7861884241785997,1.7286969566443053,0.05749146753429435
tektoncd/pipeline,194873551,2026-06-15,78,69,0,0.0,69,4.916666666666667,6.220000000000001,0.15,4.716666666666667,69,9,0.13043478260869565,9,0,0.0,holdout,False,False,1.777773227253315,1.7286969566443053,0.049076270609009764
tektoncd/pipeline,194873551,2026-06-22,61,50,0,0.0,50,4.875,7.445,0.05,4.766666666666667,51,10,0.19607843137254902,10,0,0.0,holdout,False,False,1.7707060600302227,1.7286969566443053,0.042009103385917346
tektoncd/pipeline,194873551,2026-06-29,57,47,0,0.0,47,4.783333333333333,5.483333333333333,0.05,4.65,51,6,0.11764705882352941,6,0,0.0,holdout,False,False,1.7549802177247584,1.7286969566443053,0.02628326108045309
tektoncd/pipeline,194873551,2026-07-06,86,66,0,0.0,66,4.816666666666666,6.133333333333333,0.06666666666666667,4.7,72,14,0.19444444444444445,14,0,0.0,holdout,False,False,1.7607273599803264,1.7286969566443053,0.03203040333602103
tektoncd/pipeline,194873551,2026-07-13,38,34,0,0.0,34,4.866666666666667,5.278333333333333,0.05,4.733333333333333,37,1,0.02702702702702703,1,0,0.0,holdout,False,False,1.7692866133759966,1.7286969566443053,0.04058965673169124
tektoncd/pipeline,194873551,2026-07-20,31,22,0,0.0,22,4.916666666666667,5.048333333333333,0.075,4.75,28,3,0.10714285714285714,3,0,0.0,holdout,False,False,1.777773227253315,1.7286969566443053,0.049076270609009764
tektoncd/pipeline,194873551,2026-07-27,85,52,0,0.0,52,4.95,5.430000000000001,0.09166666666666667,4.8,80,4,0.05,5,0,0.0,holdout,False,False,1.7833912195575383,1.7286969566443053,0.05469426291323298
tektoncd/pipeline,194873551,2026-08-03,31,25,0,0.0,25,3.0833333333333335,4.903333333333333,0.05,3.033333333333333,30,1,0.03333333333333333,1,0,0.0,holdout,False,False,1.4069136483226266,1.7286969566443053,-0.3217833083216788
tektoncd/pipeline,20116864,2025-06-23,11,9,0,0.0,9,9.45,10.36,0.03333333333333333,9.416666666666666,9,2,0.2222222222222222,2,0,0.0,train,False,False,2.34660197841082,2.374518007365406,-0.027916028954586114
tektoncd/pipeline,20116864,2025-06-30,11,11,0,0.0,11,9.433333333333334,10.233333333333333,0.05,9.383333333333333,11,0,0.0,0,0,,train,False,False,2.345005808877998,2.374518007365406,-0.02951219848740827
tektoncd/pipeline,20116864,2025-07-07,32,25,2,0.08,25,9.433333333333334,9.826666666666666,0.05,9.316666666666666,25,7,0.28,7,0,0.0,train,False,False,2.345005808877998,2.374518007365406,-0.02951219848740827
tektoncd/pipeline,20116864,2025-07-14,43,38,0,0.0,38,9.541666666666668,10.12,0.05,9.308333333333334,38,5,0.13157894736842105,5,0,0.0,train,False,False,2.3553356583795746,2.374518007365406,-0.0191823489858316
tektoncd/pipeline,20116864,2025-07-21,37,36,0,0.0,36,9.433333333333334,10.866666666666667,0.058333333333333334,9.316666666666666,36,1,0.027777777777777776,1,0,0.0,train,False,False,2.345005808877998,2.374518007365406,-0.02951219848740827
tektoncd/pipeline,20116864,2025-07-28,61,60,6,0.1,60,9.6,10.245,0.05,9.491666666666667,60,1,0.016666666666666666,1,0,0.0,train,False,False,2.3608540011180215,2.374518007365406,-0.01366400624738473
tektoncd/pipeline,20116864,2025-08-04,17,15,0,0.0,15,9.966666666666667,10.53,0.05,9.883333333333333,15,2,0.13333333333333333,2,0,0.0,train,False,False,2.3948603691032164,2.374518007365406,0.020342361737810233
tektoncd/pipeline,20116864,2025-08-11,39,36,0,0.0,36,9.866666666666667,12.975000000000001,0.075,9.733333333333333,36,3,0.08333333333333333,3,0,0.0,train,False,False,2.3856999997045523,2.374518007365406,0.011181992339146074
tektoncd/pipeline,20116864,2025-08-18,34,32,0,0.0,32,9.516666666666666,10.81166666666667,0.05,9.375,32,2,0.0625,2,0,0.0,train,False,False,2.3529613003191123,2.374518007365406,-0.021556707046293866
tektoncd/pipeline,20116864,2025-08-25,15,14,1,0.07142857142857142,14,9.683333333333334,11.59666666666667,0.05,9.524999999999999,14,1,0.07142857142857142,1,0,0.0,train,False,False,2.3686848946985695,2.374518007365406,-0.005833112666836726
tektoncd/pipeline,20116864,2025-09-01,48,46,0,0.0,46,9.741666666666667,10.4,0.05,9.633333333333333,46,2,0.043478260869565216,2,0,0.0,train,False,False,2.3741302601571412,2.374518007365406,-0.0003877472082649547
tektoncd/pipeline,20116864,2025-09-08,9,7,0,0.0,7,10.216666666666667,22.45000000000001,0.03333333333333333,10.066666666666666,7,2,0.2857142857142857,2,0,0.0,train,False,False,2.417400767422627,2.374518007365406,0.0428827600572208
tektoncd/pipeline,20116864,2025-09-15,16,15,0,0.0,15,9.616666666666667,10.326666666666666,0.05,9.583333333333334,15,1,0.06666666666666667,1,0,0.0,train,False,False,2.362425093350063,2.374518007365406,-0.012092914015343403
tektoncd/pipeline,20116864,2025-09-22,8,8,0,0.0,8,10.108333333333334,10.32,0.04166666666666667,10.066666666666666,8,0,0.0,0,0,,train,False,False,2.407695577396663,2.374518007365406,0.033177570031256653
tektoncd/pipeline,20116864,2025-09-29,26,25,1,0.04,25,10.25,12.176666666666668,0.05,10.083333333333334,25,1,0.04,1,0,0.0,train,False,False,2.4203681286504293,2.374518007365406,0.04585012128502308
tektoncd/pipeline,20116864,2025-10-06,54,52,1,0.019230769230769232,52,10.1,13.406666666666666,0.058333333333333334,10.008333333333333,52,2,0.038461538461538464,2,0,0.0,train,False,False,2.4069451083182885,2.374518007365406,0.03242710095288226
tektoncd/pipeline,20116864,2025-10-13,37,37,0,0.0,37,10.0,10.536666666666667,0.05,9.933333333333334,36,1,0.027777777777777776,1,0,0.0,train,False,False,2.3978952727983707,2.374518007365406,0.023377265432964478
tektoncd/pipeline,20116864,2025-10-20,49,49,1,0.02040816326530612,49,9.983333333333333,13.493333333333334,0.15,9.4,49,0,0.0,0,0,,train,False,False,2.3963789722804063,2.374518007365406,0.021860964915000114
tektoncd/pipeline,20116864,2025-10-27,78,77,0,0.0,77,9.5,12.36333333333334,0.05,9.25,77,1,0.012987012987012988,1,0,0.0,train,False,False,2.3513752571634776,2.374518007365406,-0.023142750201928575
tektoncd/pipeline,20116864,2025-11-03,6,5,0,0.0,5,9.116666666666667,10.069999999999999,0.03333333333333333,9.066666666666666,5,1,0.2,1,0,0.0,train,False,False,2.3141842288373975,2.374518007365406,-0.0603337785280087
tektoncd/pipeline,20116864,2025-11-10,18,18,0,0.0,18,10.083333333333334,14.248333333333333,0.05,9.958333333333332,18,0,0.0,0,0,,train,False,False,2.4054424784337534,2.374518007365406,0.03092447106834717
tektoncd/pipeline,20116864,2025-11-17,33,26,0,0.0,26,9.283333333333333,9.816666666666666,0.05,9.2,26,7,0.2692307692307692,7,0,0.0,train,False,False,2.330524461683287,2.374518007365406,-0.043993545682118995
tektoncd/pipeline,20116864,2025-11-24,55,54,1,0.018518518518518517,54,9.958333333333332,12.88666666666667,0.05,9.833333333333334,54,1,0.018518518518518517,1,0,0.0,train,False,False,2.394100201829819,2.374518007365406,0.019582194464412783
tektoncd/pipeline,20116864,2025-12-01,27,24,0,0.0,24,9.941666666666666,10.661666666666667,0.05,9.441666666666666,24,3,0.125,3,0,0.0,train,False,False,2.39257813152075,2.374518007365406,0.01806012415534397
tektoncd/pipeline,20116864,2025-12-08,19,18,0,0.0,18,10.024999999999999,10.431666666666667,0.04166666666666667,9.891666666666666,18,1,0.05555555555555555,1,0,0.0,train,False,False,2.4001654213329098,2.374518007365406,0.025647413967503585
tektoncd/pipeline,20116864,2025-12-15,69,68,0,0.0,68,10.05,14.283333333333337,0.05,9.841666666666667,68,1,0.014705882352941176,1,0,0.0,train,False,False,2.402430427963762,2.374518007365406,0.027912420598355858
tektoncd/pipeline,20116864,2025-12-22,9,9,0,0.0,9,9.5,10.166666666666668,0.06666666666666667,9.416666666666666,9,0,0.0,0,0,,train,False,False,2.3513752571634776,2.374518007365406,-0.023142750201928575
tektoncd/pipeline,20116864,2025-12-29,8,6,0,0.0,6,10.308333333333334,10.516666666666666,0.03333333333333333,10.266666666666666,6,2,0.3333333333333333,2,0,0.0,train,False,False,2.425539917052823,2.374518007365406,0.05102190968741693
tektoncd/pipeline,20116864,2026-01-05,6,4,0,0.0,4,9.633333333333333,10.113333333333333,0.03333333333333333,9.591666666666667,4,2,0.5,2,0,0.0,train,False,False,2.3639937211226894,2.374518007365406,-0.01052428624271684
tektoncd/pipeline,20116864,2026-01-12,24,21,1,0.047619047619047616,21,9.75,11.45,0.05,9.666666666666666,21,3,0.14285714285714285,3,0,0.0,train,False,False,2.3749057545736716,2.374518007365406,0.00038774720826539877
tektoncd/pipeline,20116864,2026-01-19,6,5,0,0.0,5,10.5,10.976666666666667,0.05,10.116666666666667,5,1,0.2,1,0,0.0,train,False,False,2.4423470353692043,2.374518007365406,0.06782902800379809
tektoncd/pipeline,20116864,2026-01-26,49,47,1,0.02127659574468085,47,10.533333333333333,12.516666666666666,0.05,10.183333333333334,47,2,0.0425531914893617,2,0,0.0,train,False,False,2.445241393395569,2.374518007365406,0.0707233860301626
tektoncd/pipeline,20116864,2026-02-02,36,34,1,0.029411764705882353,34,9.616666666666667,12.286666666666667,0.05,9.133333333333333,34,2,0.058823529411764705,2,0,0.0,train,False,False,2.362425093350063,2.374518007365406,-0.012092914015343403
tektoncd/pipeline,20116864,2026-02-09,47,45,0,0.0,45,9.45,10.206666666666665,0.05,9.283333333333333,45,2,0.044444444444444446,2,0,0.0,train,False,False,2.34660197841082,2.374518007365406,-0.027916028954586114
tektoncd/pipeline,20116864,2026-02-16,27,26,2,0.07692307692307693,26,9.366666666666667,12.375,0.05,9.266666666666667,25,2,0.08,2,0,0.0,train,False,False,2.338595530517079,2.374518007365406,-0.03592247684832728
tektoncd/pipeline,20116864,2026-02-23,60,59,0,0.0,59,11.466666666666667,15.796666666666669,0.05,9.866666666666667,59,1,0.01694915254237288,1,0,0.0,train,False,False,2.5230584157523768,2.374518007365406,0.14854040838697058
tektoncd/pipeline,20116864,2026-03-02,51,49,1,0.02040816326530612,49,9.583333333333334,14.846666666666668,0.2833333333333333,8.866666666666667,49,2,0.04081632653061224,2,0,0.0,purge,False,False,2.359280436670591,2.374518007365406,-0.01523757069481535
tektoncd/pipeline,20116864,2026-03-09,61,49,0,0.0,49,9.016666666666667,16.016666666666673,0.05,8.783333333333333,49,12,0.24489795918367346,12,0,0.0,purge,False,False,2.304250372313107,2.374518007365406,-0.07026763505229905
tektoncd/pipeline,20116864,2026-03-16,111,97,0,0.0,97,9.55,22.880000000000006,0.3,8.883333333333333,97,14,0.14432989690721648,14,0,0.0,purge,False,False,2.3561258599220753,2.374518007365406,-0.018392147443330842
tektoncd/pipeline,20116864,2026-03-23,78,75,5,0.06666666666666667,73,8.933333333333334,9.643333333333334,0.05,8.8,75,3,0.04,3,0,0.0,purge,False,False,2.295896104843249,2.374518007365406,-0.07862190252215706
tektoncd/pipeline,20116864,2026-03-30,75,75,2,0.02666666666666667,75,10.5,22.2,0.45,8.966666666666667,75,0,0.0,0,0,,holdout,False,False,2.4423470353692043,2.374518007365406,0.06782902800379809
tektoncd/pipeline,20116864,2026-04-06,32,32,0,0.0,32,8.95,10.290000000000001,0.05,8.791666666666668,32,0,0.0,0,0,,holdout,False,False,2.2975725511705014,2.374518007365406,-0.07694545619490478
tektoncd/pipeline,20116864,2026-04-13,100,95,2,0.021052631578947368,95,9.966666666666667,17.78000000000001,0.48333333333333334,9.15,95,5,0.05263157894736842,5,0,0.0,holdout,False,False,2.3948603691032164,2.374518007365406,0.020342361737810233
tektoncd/pipeline,20116864,2026-04-20,47,45,0,0.0,45,9.483333333333333,539.4433333333333,0.31666666666666665,9.083333333333334,45,2,0.044444444444444446,2,0,0.0,holdout,False,False,2.3497866944783397,2.374518007365406,-0.024731312887066537
tektoncd/pipeline,20116864,2026-04-27,17,16,1,0.0625,16,11.025,14.95,0.058333333333333334,9.566666666666666,16,1,0.0625,1,0,0.0,holdout,False,False,2.486987815991825,2.374518007365406,0.11246980862641864
tektoncd/pipeline,20116864,2026-05-04,31,27,2,0.07407407407407407,27,9.85,15.51,0.25,9.116666666666667,27,4,0.14814814814814814,4,0,0.0,holdout,False,False,2.3841650799864684,2.374518007365406,0.009647072621062236
tektoncd/pipeline,20116864,2026-05-11,46,46,4,0.08695652173913043,46,11.025,19.725,0.4666666666666667,9.125,46,0,0.0,0,0,,holdout,False,False,2.486987815991825,2.374518007365406,0.11246980862641864
tektoncd/pipeline,20116864,2026-05-18,35,34,0,0.0,34,10.516666666666666,11.798333333333332,0.05,10.458333333333334,34,1,0.029411764705882353,1,0,0.0,holdout,False,False,2.443795261545569,2.374518007365406,0.06927725418016273
tektoncd/pipeline,20116864,2026-05-25,80,74,2,0.02702702702702703,74,11.033333333333333,15.125000000000002,0.3,9.225,74,6,0.08108108108108109,6,0,0.0,holdout,False,False,2.4876805766707255,2.374518007365406,0.11316256930531932
tektoncd/pipeline,20116864,2026-06-01,67,60,0,0.0,60,9.25,21.393333333333338,0.22499999999999998,9.041666666666668,60,7,0.11666666666666667,7,0,0.0,holdout,False,False,2.327277705584417,2.374518007365406,-0.047240301780989036
tektoncd/pipeline,20116864,2026-06-08,93,79,1,0.012658227848101266,79,11.0,19.310000000000002,0.1,9.233333333333333,79,14,0.17721518987341772,14,0,0.0,holdout,False,False,2.4849066497880004,2.374518007365406,0.11038864242259416
tektoncd/pipeline,20116864,2026-06-15,71,63,0,0.0,63,9.5,13.046666666666667,0.13333333333333333,9.1,63,8,0.12698412698412698,8,0,0.0,holdout,False,False,2.3513752571634776,2.374518007365406,-0.023142750201928575
tektoncd/pipeline,20116864,2026-06-22,52,45,0,0.0,45,9.216666666666667,16.116666666666674,0.05,9.0,45,7,0.15555555555555556,7,0,0.0,holdout,False,False,2.3240203737141107,2.374518007365406,-0.05049763365129545
tektoncd/pipeline,20116864,2026-06-29,52,46,0,0.0,46,8.958333333333332,11.475,0.05,8.75,46,6,0.13043478260869565,6,0,0.0,holdout,False,False,2.298409721583565,2.374518007365406,-0.07610828578184137
tektoncd/pipeline,20116864,2026-07-06,73,59,3,0.05084745762711865,59,9.016666666666667,10.660000000000002,0.05,8.866666666666667,63,10,0.15873015873015872,10,0,0.0,holdout,False,False,2.304250372313107,2.374518007365406,-0.07026763505229905
tektoncd/pipeline,20116864,2026-07-13,33,32,2,0.0625,32,9.016666666666666,9.948333333333332,0.05,8.891666666666666,32,1,0.03125,1,0,0.0,holdout,False,False,2.3042503723131067,2.374518007365406,-0.07026763505229949
tektoncd/pipeline,20116864,2026-07-20,26,17,0,0.0,17,10.366666666666667,11.21,0.4166666666666667,9.4,23,3,0.13043478260869565,3,0,0.0,holdout,False,False,2.4306850956213615,2.374518007365406,0.05616708825595529
tektoncd/pipeline,20116864,2026-07-27,83,56,13,0.23214285714285715,56,9.133333333333333,12.625,0.1,8.875,75,5,0.06666666666666667,8,0,0.0,holdout,False,False,2.3158303197440664,2.374518007365406,-0.0586876876213398
tektoncd/pipeline,20116864,2026-08-03,30,25,2,0.08,25,9.483333333333333,13.943333333333339,0.06666666666666667,9.3,28,2,0.07142857142857142,2,0,0.0,holdout,False,False,2.3497866944783397,2.374518007365406,-0.024731312887066537
tektoncd/pipeline,251727627,2026-03-23,9,8,1,0.125,7,0.5,0.7000000000000001,0.06666666666666667,0.36666666666666664,8,1,0.125,1,0,0.0,purge,False,False,0.4054651081081644,,
tektoncd/pipeline,251727627,2026-03-30,85,82,0,0.0,82,0.9333333333333333,14.786666666666676,0.55,0.43333333333333335,82,3,0.036585365853658534,3,0,0.0,holdout,False,False,0.659245628884264,,
tektoncd/pipeline,251727627,2026-04-06,33,33,0,0.0,33,0.5,0.8566666666666667,0.05,0.38333333333333336,33,0,0.0,0,0,,holdout,False,False,0.4054651081081644,,
tektoncd/pipeline,251727627,2026-04-13,114,104,0,0.0,104,0.8083333333333333,8.530000000000001,0.43333333333333335,0.38333333333333336,104,10,0.09615384615384616,10,0,0.0,holdout,False,False,0.5924056107584136,,
tektoncd/pipeline,251727627,2026-04-20,52,49,0,0.0,49,0.6666666666666666,544.6133333333333,0.16666666666666666,0.4,49,3,0.061224489795918366,3,0,0.0,holdout,False,False,0.5108256237659907,,
tektoncd/pipeline,251727627,2026-04-27,18,17,0,0.0,17,0.5333333333333333,9.536666666666669,0.15,0.4166666666666667,17,1,0.058823529411764705,1,0,0.0,holdout,False,False,0.4274440148269396,,
tektoncd/pipeline,251727627,2026-05-04,47,42,0,0.0,42,1.0083333333333333,8.549999999999994,0.5083333333333333,0.4,42,5,0.11904761904761904,5,0,0.0,holdout,False,False,0.697305190708609,,
tektoncd/pipeline,251727627,2026-05-11,69,69,0,0.0,69,1.1,20.916666666666668,0.6833333333333333,0.38333333333333336,69,0,0.0,0,0,,holdout,False,False,0.7419373447293773,,
tektoncd/pipeline,251727627,2026-05-18,65,64,0,0.0,64,0.5333333333333333,5.9783333333333335,0.06666666666666667,0.4,64,1,0.015625,1,0,0.0,holdout,False,False,0.4274440148269396,,
tektoncd/pipeline,251727627,2026-05-25,95,89,0,0.0,89,0.75,8.46666666666667,0.38333333333333336,0.4166666666666667,89,6,0.06741573033707865,6,0,0.0,holdout,False,False,0.5596157879354227,,
tektoncd/pipeline,251727627,2026-06-01,88,80,0,0.0,80,0.6,7.460000000000012,0.058333333333333334,0.4166666666666667,80,8,0.1,8,0,0.0,holdout,False,False,0.4700036292457356,,
tektoncd/pipeline,251727627,2026-06-08,117,99,0,0.0,99,0.5666666666666667,10.870000000000001,0.06666666666666667,0.4166666666666667,99,18,0.18181818181818182,18,0,0.0,holdout,False,False,0.4489502200479032,,
tektoncd/pipeline,251727627,2026-06-15,91,82,0,0.0,82,0.5666666666666667,10.24833333333334,0.15,0.375,82,9,0.10975609756097561,9,0,0.0,holdout,False,False,0.4489502200479032,,
tektoncd/pipeline,251727627,2026-06-22,68,58,0,0.0,58,0.5083333333333333,8.208333333333336,0.06666666666666667,0.4083333333333333,58,10,0.1724137931034483,10,0,0.0,holdout,False,False,0.4110052884837797,,
tektoncd/pipeline,251727627,2026-06-29,69,63,0,0.0,63,0.5833333333333334,4.290000000000001,0.2,0.36666666666666664,63,6,0.09523809523809523,6,0,0.0,holdout,False,False,0.4595323293784402,,
tektoncd/pipeline,251727627,2026-07-06,89,71,0,0.0,71,0.5166666666666667,2.066666666666667,0.06666666666666667,0.4166666666666667,75,14,0.18666666666666668,14,0,0.0,holdout,False,False,0.4165149442947494,,
tektoncd/pipeline,251727627,2026-07-13,38,35,0,0.0,35,0.5,1.713333333333334,0.05,0.4,37,1,0.02702702702702703,1,0,0.0,holdout,False,False,0.4054651081081644,,
tektoncd/pipeline,251727627,2026-07-20,36,27,0,0.0,27,0.55,1.2833333333333337,0.06666666666666667,0.4,33,3,0.09090909090909091,3,0,0.0,holdout,False,False,0.4382549309311553,,
tektoncd/pipeline,251727627,2026-07-27,99,71,0,0.0,71,0.55,2.4166666666666665,0.11666666666666667,0.43333333333333335,94,4,0.0425531914893617,5,0,0.0,holdout,False,False,0.4382549309311553,,
tektoncd/pipeline,251727627,2026-08-03,55,49,0,0.0,49,0.5166666666666667,1.7500000000000044,0.06666666666666667,0.4166666666666667,54,1,0.018518518518518517,1,0,0.0,holdout,False,False,0.4165149442947494,,
tektoncd/pipeline,280779507,2026-05-18,4,4,4,1.0,4,4.725,4.796666666666667,0.05,4.683333333333334,4,0,0.0,0,0,,holdout,False,False,1.7448425494403033,,
tektoncd/pipeline,72254022,2025-06-23,11,9,0,0.0,9,0.6333333333333333,1.0066666666666668,0.05,0.5333333333333333,9,2,0.2222222222222222,2,0,0.0,train,False,False,0.4906229164484712,0.4489502200479032,0.04167269640056803
tektoncd/pipeline,72254022,2025-06-30,14,14,0,0.0,14,0.525,0.5666666666666667,0.03333333333333333,0.48333333333333334,14,0,0.0,0,0,,train,False,False,0.42199441005937494,0.4489502200479032,-0.026955809988528256
tektoncd/pipeline,72254022,2025-07-07,35,28,0,0.0,28,0.55,0.6833333333333333,0.05,0.5,28,7,0.25,7,0,0.0,train,False,False,0.4382549309311553,0.4489502200479032,-0.010695289116747886
tektoncd/pipeline,72254022,2025-07-14,54,49,0,0.0,49,0.55,1.0533333333333335,0.05,0.4666666666666667,49,5,0.10204081632653061,5,0,0.0,train,False,False,0.4382549309311553,0.4489502200479032,-0.010695289116747886
tektoncd/pipeline,72254022,2025-07-21,74,73,0,0.0,73,0.5333333333333333,1.0866666666666667,0.05,0.4666666666666667,73,1,0.0136986301369863,1,0,0.0,train,False,False,0.4274440148269396,0.4489502200479032,-0.02150620522096358
tektoncd/pipeline,72254022,2025-07-28,79,78,0,0.0,78,0.5416666666666667,0.9483333333333323,0.05,0.48333333333333334,78,1,0.01282051282051282,1,0,0.0,train,False,False,0.4328640822962789,0.4489502200479032,-0.01608613775162432
tektoncd/pipeline,72254022,2025-08-04,25,23,0,0.0,23,0.5333333333333333,0.6866666666666666,0.03333333333333333,0.48333333333333334,23,2,0.08695652173913043,2,0,0.0,train,False,False,0.4274440148269396,0.4489502200479032,-0.02150620522096358
tektoncd/pipeline,72254022,2025-08-11,42,39,0,0.0,39,0.6333333333333333,4.790000000000001,0.1,0.5166666666666667,39,3,0.07692307692307693,3,0,0.0,train,False,False,0.4906229164484712,0.4489502200479032,0.04167269640056803
tektoncd/pipeline,72254022,2025-08-18,42,40,0,0.0,40,0.5416666666666667,0.9083333333333334,0.03333333333333333,0.48333333333333334,40,2,0.05,2,0,0.0,train,False,False,0.4328640822962789,0.4489502200479032,-0.01608613775162432
tektoncd/pipeline,72254022,2025-08-25,20,18,0,0.0,18,0.55,1.5650000000000017,0.04166666666666667,0.4916666666666667,18,2,0.1111111111111111,2,0,0.0,train,False,False,0.4382549309311553,0.4489502200479032,-0.010695289116747886
tektoncd/pipeline,72254022,2025-09-01,65,62,0,0.0,62,0.55,0.9699999999999998,0.05,0.5,62,3,0.04838709677419355,3,0,0.0,train,False,False,0.4382549309311553,0.4489502200479032,-0.010695289116747886
tektoncd/pipeline,72254022,2025-09-08,19,16,0,0.0,16,0.55,11.616666666666665,0.03333333333333333,0.5,16,3,0.1875,3,0,0.0,train,False,False,0.4382549309311553,0.4489502200479032,-0.010695289116747886
tektoncd/pipeline,72254022,2025-09-15,17,16,0,0.0,16,0.575,0.7666666666666666,0.03333333333333333,0.5333333333333333,16,1,0.0625,1,0,0.0,train,False,False,0.4542552722775964,0.4489502200479032,0.005305052229693186
tektoncd/pipeline,72254022,2025-09-22,12,11,0,0.0,11,0.5333333333333333,1.45,0.05,0.48333333333333334,11,1,0.09090909090909091,1,0,0.0,train,False,False,0.4274440148269396,0.4489502200479032,-0.02150620522096358
tektoncd/pipeline,72254022,2025-09-29,30,29,0,0.0,29,0.5666666666666667,3.5699999999999994,0.05,0.48333333333333334,29,1,0.034482758620689655,1,0,0.0,train,False,False,0.4489502200479032,0.4489502200479032,0.0
tektoncd/pipeline,72254022,2025-10-06,73,70,0,0.0,70,0.6083333333333334,7.703333333333336,0.05,0.5,69,4,0.057971014492753624,4,0,0.0,train,False,False,0.47519844612283957,0.4489502200479032,0.026248226074936376
tektoncd/pipeline,72254022,2025-10-13,38,38,0,0.0,38,0.5583333333333333,0.7883333333333334,0.05,0.5,38,0,0.0,0,0,,train,False,False,0.44361687407254063,0.4489502200479032,-0.005333345975362558
tektoncd/pipeline,72254022,2025-10-20,58,56,0,0.0,56,0.6666666666666666,12.275,0.15833333333333333,0.48333333333333334,57,1,0.017543859649122806,1,0,0.0,train,False,False,0.5108256237659907,0.4489502200479032,0.06187540371808753
tektoncd/pipeline,72254022,2025-10-27,81,80,0,0.0,80,0.5833333333333334,2.5766666666666733,0.075,0.5,80,1,0.0125,1,0,0.0,train,False,False,0.4595323293784402,0.4489502200479032,0.010582109330536993
tektoncd/pipeline,72254022,2025-11-03,30,29,0,0.0,29,0.5333333333333333,0.9166666666666665,0.05,0.5,29,1,0.034482758620689655,1,0,0.0,train,False,False,0.4274440148269396,0.4489502200479032,-0.02150620522096358
tektoncd/pipeline,72254022,2025-11-10,26,26,0,0.0,26,0.5666666666666667,7.025,0.05,0.5,26,0,0.0,0,0,,train,False,False,0.4489502200479032,0.4489502200479032,0.0
tektoncd/pipeline,72254022,2025-11-17,36,29,1,0.034482758620689655,29,0.5166666666666667,0.7866666666666666,0.05,0.48333333333333334,29,7,0.2413793103448276,7,0,0.0,train,False,False,0.4165149442947494,0.4489502200479032,-0.0324352757531538
tektoncd/pipeline,72254022,2025-11-24,63,62,0,0.0,62,0.6166666666666667,2.731666666666666,0.05,0.5,62,1,0.016129032258064516,1,0,0.0,train,False,False,0.4803664162812822,0.4489502200479032,0.03141619623337899
tektoncd/pipeline,72254022,2025-12-01,50,46,0,0.0,46,0.5833333333333334,1.2166666666666668,0.05,0.5333333333333333,46,4,0.08695652173913043,4,0,0.0,train,False,False,0.4595323293784402,0.4489502200479032,0.010582109330536993
tektoncd/pipeline,72254022,2025-12-08,26,25,1,0.04,25,0.5833333333333334,2.2000000000000006,0.05,0.5,25,1,0.04,1,0,0.0,train,False,False,0.4595323293784402,0.4489502200479032,0.010582109330536993
tektoncd/pipeline,72254022,2025-12-15,92,91,0,0.0,91,0.6,8.783333333333333,0.05,0.5166666666666667,91,1,0.01098901098901099,1,0,0.0,train,False,False,0.4700036292457356,0.4489502200479032,0.021053409197832385
tektoncd/pipeline,72254022,2025-12-22,10,10,0,0.0,10,0.625,1.0983333333333332,0.058333333333333334,0.5333333333333334,10,0,0.0,0,0,,train,False,False,0.4855078157817008,0.4489502200479032,0.03655759573379763
tektoncd/pipeline,72254022,2025-12-29,9,7,0,0.0,7,0.6666666666666666,0.7533333333333333,0.05,0.6166666666666667,7,2,0.2857142857142857,2,0,0.0,train,False,False,0.5108256237659907,0.4489502200479032,0.06187540371808753
tektoncd/pipeline,72254022,2026-01-05,7,5,0,0.0,5,0.5666666666666667,1.1333333333333333,0.03333333333333333,0.5333333333333333,5,2,0.4,2,0,0.0,train,False,False,0.4489502200479032,0.4489502200479032,0.0
tektoncd/pipeline,72254022,2026-01-12,25,22,0,0.0,22,0.5583333333333333,0.8050000000000003,0.05,0.5166666666666667,22,3,0.13636363636363635,3,0,0.0,train,False,False,0.44361687407254063,0.4489502200479032,-0.005333345975362558
tektoncd/pipeline,72254022,2026-01-19,7,6,0,0.0,6,0.8166666666666667,0.9,0.1,0.525,6,1,0.16666666666666666,1,0,0.0,train,False,False,0.597003320007043,0.4489502200479032,0.14805309995913984
tektoncd/pipeline,72254022,2026-01-26,74,71,0,0.0,71,0.6,6.266666666666667,0.05,0.5166666666666667,72,2,0.027777777777777776,2,0,0.0,train,False,False,0.4700036292457356,0.4489502200479032,0.021053409197832385
tektoncd/pipeline,72254022,2026-02-02,49,47,0,0.0,47,0.6666666666666666,6.879999999999999,0.06666666666666667,0.5333333333333333,47,2,0.0425531914893617,2,0,0.0,train,False,False,0.5108256237659907,0.4489502200479032,0.06187540371808753
tektoncd/pipeline,72254022,2026-02-09,52,49,0,0.0,49,0.6,1.4566666666666668,0.05,0.5166666666666667,49,3,0.061224489795918366,3,0,0.0,train,False,False,0.4700036292457356,0.4489502200479032,0.021053409197832385
tektoncd/pipeline,72254022,2026-02-16,57,51,0,0.0,51,0.5666666666666667,2.816666666666667,0.05,0.5,51,6,0.11764705882352941,6,0,0.0,train,False,False,0.4489502200479032,0.4489502200479032,0.0
tektoncd/pipeline,72254022,2026-02-23,79,75,1,0.013333333333333334,75,0.6166666666666667,4.343333333333353,0.05,0.5333333333333333,75,4,0.05333333333333334,4,0,0.0,train,False,False,0.4803664162812822,0.4489502200479032,0.03141619623337899
tektoncd/pipeline,72254022,2026-03-02,70,61,1,0.01639344262295082,61,0.75,6.2,0.05,0.55,61,9,0.14754098360655737,9,0,0.0,purge,False,False,0.5596157879354227,0.4489502200479032,0.11066556788751947
tektoncd/pipeline,72254022,2026-03-09,74,59,1,0.01694915254237288,59,0.7,8.200000000000003,0.05,0.5666666666666667,59,15,0.2542372881355932,15,0,0.0,purge,False,False,0.5306282510621704,0.4489502200479032,0.08167803101426718
tektoncd/pipeline,72254022,2026-03-16,151,126,1,0.007936507936507936,126,1.1166666666666667,17.425,0.30833333333333335,0.55,126,25,0.1984126984126984,25,0,0.0,purge,False,False,0.7498425242364906,0.4489502200479032,0.30089230418858737
tektoncd/pipeline,72254022,2026-03-23,101,93,2,0.021505376344086023,91,0.6333333333333333,4.0,0.05,0.55,93,8,0.08602150537634409,8,0,0.0,purge,False,False,0.4906229164484712,0.4489502200479032,0.04167269640056803
tektoncd/pipeline,72254022,2026-03-30,88,85,0,0.0,85,0.9166666666666666,11.63000000000002,0.3,0.55,85,3,0.03529411764705882,3,0,0.0,holdout,False,False,0.6505875661411494,0.4489502200479032,0.20163734609324624
tektoncd/pipeline,72254022,2026-04-06,43,43,0,0.0,43,0.5,0.8300000000000001,0.05,0.4166666666666667,43,0,0.0,0,0,,holdout,False,False,0.4054651081081644,0.4489502200479032,-0.04348511193973881
tektoncd/pipeline,72254022,2026-04-13,120,110,0,0.0,110,0.9333333333333333,8.10666666666667,0.4833333333333334,0.4,110,10,0.09090909090909091,10,0,0.0,holdout,False,False,0.659245628884264,0.4489502200479032,0.21029540883636078
tektoncd/pipeline,72254022,2026-04-20,123,120,0,0.0,120,5.908333333333333,21.038333333333334,5.375,0.4666666666666667,120,3,0.025,3,0,0.0,holdout,False,False,1.9327284123532489,0.4489502200479032,1.4837781923053457
tektoncd/pipeline,72254022,2026-04-27,93,92,2,0.021739130434782608,92,0.8416666666666667,18.196666666666673,0.32499999999999996,0.5,91,2,0.02197802197802198,2,1,0.5,holdout,False,False,0.6106709587357068,0.4489502200479032,0.16172073868780357
tektoncd/pipeline,72254022,2026-05-04,87,82,0,0.0,82,0.9583333333333333,17.9166666666667,0.475,0.48333333333333334,82,5,0.06097560975609756,5,0,0.0,holdout,False,False,0.6720937713621129,0.4489502200479032,0.2231435513142097
tektoncd/pipeline,72254022,2026-05-11,109,109,0,0.0,109,1.2166666666666666,19.553333333333335,0.7166666666666667,0.43333333333333335,109,0,0.0,0,0,,holdout,False,False,0.796004565999653,0.4489502200479032,0.3470543459517498
tektoncd/pipeline,72254022,2026-05-18,80,79,0,0.0,79,0.5333333333333333,10.823333333333345,0.06666666666666667,0.38333333333333336,79,1,0.012658227848101266,1,0,0.0,holdout,False,False,0.4274440148269396,0.4489502200479032,-0.02150620522096358
tektoncd/pipeline,72254022,2026-05-25,129,123,0,0.0,123,0.6666666666666666,8.906666666666665,0.3,0.4166666666666667,123,6,0.04878048780487805,6,0,0.0,holdout,False,False,0.5108256237659907,0.4489502200479032,0.06187540371808753
tektoncd/pipeline,72254022,2026-06-01,100,92,0,0.0,92,0.5916666666666667,9.555,0.06666666666666667,0.4166666666666667,92,8,0.08695652173913043,8,0,0.0,holdout,False,False,0.4647816852645839,0.4489502200479032,0.015831465216680718
tektoncd/pipeline,72254022,2026-06-08,146,128,1,0.0078125,128,0.6000000000000001,8.415,0.11666666666666667,0.4166666666666667,128,18,0.140625,18,0,0.0,holdout,False,False,0.47000362924573563,0.4489502200479032,0.02105340919783244
tektoncd/pipeline,72254022,2026-06-15,105,96,0,0.0,96,0.7666666666666666,8.208333333333334,0.30833333333333335,0.4,96,9,0.09375,9,0,0.0,holdout,False,False,0.5690945318899664,0.4489502200479032,0.1201443118420632
tektoncd/pipeline,72254022,2026-06-22,76,66,0,0.0,66,0.5666666666666667,18.991666666666667,0.10833333333333334,0.4,66,10,0.15151515151515152,10,0,0.0,holdout,False,False,0.4489502200479032,0.4489502200479032,0.0
tektoncd/pipeline,72254022,2026-06-29,78,72,0,0.0,72,0.7083333333333333,4.504999999999998,0.22499999999999998,0.4,72,6,0.08333333333333333,6,0,0.0,holdout,False,False,0.5355182363563621,0.4489502200479032,0.0865680163084589
tektoncd/pipeline,72254022,2026-07-06,89,71,0,0.0,71,0.5166666666666667,2.0,0.06666666666666667,0.4,75,14,0.18666666666666668,14,0,0.0,holdout,False,False,0.4165149442947494,0.4489502200479032,-0.0324352757531538
tektoncd/pipeline,72254022,2026-07-13,38,35,1,0.02857142857142857,35,0.4666666666666667,1.2833333333333334,0.06666666666666667,0.38333333333333336,37,1,0.02702702702702703,1,0,0.0,holdout,False,False,0.38299225225610584,0.4489502200479032,-0.06595796779179736
tektoncd/pipeline,72254022,2026-07-20,38,29,0,0.0,29,0.5333333333333333,1.65,0.1,0.43333333333333335,35,3,0.08571428571428572,3,0,0.0,holdout,False,False,0.4274440148269396,0.4489502200479032,-0.02150620522096358
tektoncd/pipeline,72254022,2026-07-27,117,89,0,0.0,89,0.55,2.0666666666666673,0.06666666666666667,0.43333333333333335,112,4,0.03571428571428571,5,0,0.0,holdout,False,False,0.4382549309311553,0.4489502200479032,-0.010695289116747886
tektoncd/pipeline,72254022,2026-08-03,68,62,0,0.0,62,0.5333333333333333,1.258333333333333,0.06666666666666667,0.45,67,1,0.014925373134328358,1,0,0.0,holdout,False,False,0.4274440148269396,0.4489502200479032,-0.02150620522096358
tektoncd/pipeline,92570244,2025-06-23,11,9,0,0.0,9,0.3333333333333333,0.6500000000000002,0.05,0.25,9,2,0.2222222222222222,2,0,0.0,train,False,False,0.2876820724517809,0.2751032902449208,0.012578782206860095
tektoncd/pipeline,92570244,2025-06-30,14,14,0,0.0,14,0.2833333333333333,0.35,0.03333333333333333,0.25,14,0,0.0,0,0,,train,False,False,0.24946085963158315,0.2751032902449208,-0.025642430613337652
tektoncd/pipeline,92570244,2025-07-07,35,28,0,0.0,28,0.30833333333333335,0.355,0.05,0.23333333333333334,28,7,0.25,7,0,0.0,train,False,False,0.26875406256626205,0.2751032902449208,-0.006349227678658753
tektoncd/pipeline,92570244,2025-07-14,54,49,0,0.0,49,0.31666666666666665,0.6366666666666669,0.05,0.23333333333333334,49,5,0.10204081632653061,5,0,0.0,train,False,False,0.2751032902449208,0.2751032902449208,0.0
tektoncd/pipeline,92570244,2025-07-21,74,73,0,0.0,73,0.3,0.6399999999999999,0.05,0.23333333333333334,73,1,0.0136986301369863,1,0,0.0,train,False,False,0.262364264467491,0.2751032902449208,-0.012739025777429802
tektoncd/pipeline,92570244,2025-07-28,79,78,0,0.0,78,0.3,1.8883333333333319,0.05,0.25,78,1,0.01282051282051282,1,0,0.0,train,False,False,0.262364264467491,0.2751032902449208,-0.012739025777429802
tektoncd/pipeline,92570244,2025-08-04,25,23,0,0.0,23,0.3,0.4233333333333334,0.05,0.25,23,2,0.08695652173913043,2,0,0.0,train,False,False,0.262364264467491,0.2751032902449208,-0.012739025777429802
tektoncd/pipeline,92570244,2025-08-11,42,39,0,0.0,39,0.38333333333333336,3.680000000000003,0.08333333333333333,0.25,39,3,0.07692307692307693,3,0,0.0,train,False,False,0.3244960455744973,0.2751032902449208,0.04939275532957649
tektoncd/pipeline,92570244,2025-08-18,42,40,0,0.0,40,0.3,0.5783333333333339,0.03333333333333333,0.25,40,2,0.05,2,0,0.0,train,False,False,0.262364264467491,0.2751032902449208,-0.012739025777429802
tektoncd/pipeline,92570244,2025-08-25,20,18,0,0.0,18,0.2833333333333333,3.9983333333333344,0.04166666666666667,0.23333333333333334,18,2,0.1111111111111111,2,0,0.0,train,False,False,0.24946085963158315,0.2751032902449208,-0.025642430613337652
tektoncd/pipeline,92570244,2025-09-01,65,62,0,0.0,62,0.3,0.515,0.05,0.25,62,3,0.04838709677419355,3,0,0.0,train,False,False,0.262364264467491,0.2751032902449208,-0.012739025777429802
tektoncd/pipeline,92570244,2025-09-08,19,16,0,0.0,16,0.30833333333333335,2.5416666666666665,0.05,0.26666666666666666,16,3,0.1875,3,0,0.0,train,False,False,0.26875406256626205,0.2751032902449208,-0.006349227678658753
tektoncd/pipeline,92570244,2025-09-15,17,16,0,0.0,16,0.31666666666666665,0.45833333333333337,0.05,0.25,16,1,0.0625,1,0,0.0,train,False,False,0.2751032902449208,0.2751032902449208,0.0
tektoncd/pipeline,92570244,2025-09-22,13,12,0,0.0,12,0.3333333333333333,6.733333333333335,0.05,0.26666666666666666,11,2,0.18181818181818182,2,0,0.0,train,False,False,0.2876820724517809,0.2751032902449208,0.012578782206860095
tektoncd/pipeline,92570244,2025-09-29,30,29,0,0.0,29,0.3333333333333333,3.5866666666666664,0.05,0.26666666666666666,29,1,0.034482758620689655,1,0,0.0,train,False,False,0.2876820724517809,0.2751032902449208,0.012578782206860095
tektoncd/pipeline,92570244,2025-10-06,72,69,0,0.0,69,0.36666666666666664,9.613333333333333,0.06666666666666667,0.25,69,3,0.043478260869565216,3,0,0.0,train,False,False,0.3123746850421524,0.2751032902449208,0.03727139479723157
tektoncd/pipeline,92570244,2025-10-13,38,38,0,0.0,38,0.30833333333333335,0.7183333333333338,0.05,0.25,38,0,0.0,0,0,,train,False,False,0.26875406256626205,0.2751032902449208,-0.006349227678658753
tektoncd/pipeline,92570244,2025-10-20,58,57,0,0.0,57,0.43333333333333335,8.519999999999996,0.15,0.26666666666666666,57,1,0.017543859649122806,1,0,0.0,train,False,False,0.36000273403140703,0.2751032902449208,0.08489944378648623
tektoncd/pipeline,92570244,2025-10-27,81,80,0,0.0,80,0.3333333333333333,4.131666666666682,0.06666666666666667,0.25,80,1,0.0125,1,0,0.0,train,False,False,0.2876820724517809,0.2751032902449208,0.012578782206860095
tektoncd/pipeline,92570244,2025-11-03,30,29,0,0.0,29,0.31666666666666665,0.47,0.05,0.26666666666666666,29,1,0.034482758620689655,1,0,0.0,train,False,False,0.2751032902449208,0.2751032902449208,0.0
tektoncd/pipeline,92570244,2025-11-10,26,26,0,0.0,26,0.31666666666666665,3.5083333333333337,0.05,0.25,26,0,0.0,0,0,,train,False,False,0.2751032902449208,0.2751032902449208,0.0
tektoncd/pipeline,92570244,2025-11-17,36,29,0,0.0,29,0.3,0.4033333333333333,0.05,0.25,29,7,0.2413793103448276,7,0,0.0,train,False,False,0.262364264467491,0.2751032902449208,-0.012739025777429802
tektoncd/pipeline,92570244,2025-11-24,63,62,0,0.0,62,0.3416666666666667,3.998333333333332,0.05,0.26666666666666666,62,1,0.016129032258064516,1,0,0.0,train,False,False,0.29391262220241704,0.2751032902449208,0.018809331957496234
tektoncd/pipeline,92570244,2025-12-01,50,46,0,0.0,46,0.31666666666666665,0.7916666666666667,0.05,0.25,46,4,0.08695652173913043,4,0,0.0,train,False,False,0.2751032902449208,0.2751032902449208,0.0
tektoncd/pipeline,92570244,2025-12-08,26,25,0,0.0,25,0.31666666666666665,0.8200000000000002,0.03333333333333333,0.26666666666666666,25,1,0.04,1,0,0.0,train,False,False,0.2751032902449208,0.2751032902449208,0.0
tektoncd/pipeline,92570244,2025-12-15,92,91,0,0.0,91,0.38333333333333336,4.083333333333333,0.05,0.26666666666666666,91,1,0.01098901098901099,1,0,0.0,train,False,False,0.3244960455744973,0.2751032902449208,0.04939275532957649
tektoncd/pipeline,92570244,2025-12-22,10,10,0,0.0,10,0.31666666666666665,0.6516666666666666,0.058333333333333334,0.275,10,0,0.0,0,0,,train,False,False,0.2751032902449208,0.2751032902449208,0.0
tektoncd/pipeline,92570244,2025-12-29,9,7,0,0.0,7,0.31666666666666665,0.3333333333333333,0.05,0.2833333333333333,7,2,0.2857142857142857,2,0,0.0,train,False,False,0.2751032902449208,0.2751032902449208,0.0
tektoncd/pipeline,92570244,2026-01-05,7,5,0,0.0,5,0.31666666666666665,0.32666666666666666,0.03333333333333333,0.2833333333333333,5,2,0.4,2,0,0.0,train,False,False,0.2751032902449208,0.2751032902449208,0.0
tektoncd/pipeline,92570244,2026-01-12,25,22,0,0.0,22,0.4083333333333333,0.6350000000000003,0.05,0.3333333333333333,22,3,0.13636363636363635,3,0,0.0,train,False,False,0.34240697214102744,0.2751032902449208,0.06730368189610664
tektoncd/pipeline,92570244,2026-01-19,7,6,0,0.0,6,0.36666666666666664,0.6083333333333333,0.05,0.2833333333333333,6,1,0.16666666666666666,1,0,0.0,train,False,False,0.3123746850421524,0.2751032902449208,0.03727139479723157
tektoncd/pipeline,92570244,2026-01-26,74,72,0,0.0,72,0.4166666666666667,1.7633333333333332,0.05,0.2833333333333333,72,2,0.027777777777777776,2,0,0.0,train,False,False,0.34830669426821576,0.2751032902449208,0.07320340402329495
tektoncd/pipeline,92570244,2026-02-02,49,47,0,0.0,47,0.4,7.543333333333332,0.06666666666666667,0.2833333333333333,47,2,0.0425531914893617,2,0,0.0,train,False,False,0.33647223662121295,0.2751032902449208,0.061368946376292144
tektoncd/pipeline,92570244,2026-02-09,52,49,0,0.0,49,0.3333333333333333,1.3866666666666683,0.05,0.26666666666666666,49,3,0.061224489795918366,3,0,0.0,train,False,False,0.2876820724517809,0.2751032902449208,0.012578782206860095
tektoncd/pipeline,92570244,2026-02-16,57,51,0,0.0,51,0.31666666666666665,0.6333333333333333,0.05,0.26666666666666666,51,6,0.11764705882352941,6,0,0.0,train,False,False,0.2751032902449208,0.2751032902449208,0.0
tektoncd/pipeline,92570244,2026-02-23,79,75,1,0.013333333333333334,75,0.3333333333333333,3.9500000000000157,0.05,0.2833333333333333,75,4,0.05333333333333334,4,0,0.0,train,False,False,0.2876820724517809,0.2751032902449208,0.012578782206860095
tektoncd/pipeline,92570244,2026-03-02,70,61,0,0.0,61,0.4166666666666667,6.0,0.06666666666666667,0.2833333333333333,61,9,0.14754098360655737,9,0,0.0,purge,False,False,0.34830669426821576,0.2751032902449208,0.07320340402329495
tektoncd/pipeline,92570244,2026-03-09,74,59,0,0.0,59,0.35,6.753333333333336,0.05,0.2833333333333333,59,15,0.2542372881355932,15,0,0.0,purge,False,False,0.3001045924503381,0.2751032902449208,0.025001302205417297
tektoncd/pipeline,92570244,2026-03-16,151,126,0,0.0,126,0.5333333333333334,18.191666666666666,0.2,0.2833333333333333,126,25,0.1984126984126984,25,0,0.0,purge,False,False,0.42744401482693967,0.2751032902449208,0.15234072458201886
tektoncd/pipeline,92570244,2026-03-23,101,93,2,0.021505376344086023,91,0.3333333333333333,2.3,0.05,0.2833333333333333,93,8,0.08602150537634409,8,0,0.0,purge,False,False,0.2876820724517809,0.2751032902449208,0.012578782206860095
tektoncd/pipeline,92570244,2026-03-30,88,85,0,0.0,85,0.6833333333333333,12.063333333333336,0.4,0.2833333333333333,85,3,0.03529411764705882,3,0,0.0,holdout,False,False,0.5207759546191588,0.2751032902449208,0.24567266437423801
tektoncd/pipeline,92570244,2026-04-06,43,43,0,0.0,43,0.3333333333333333,0.8900000000000006,0.05,0.2833333333333333,43,0,0.0,0,0,,holdout,False,False,0.2876820724517809,0.2751032902449208,0.012578782206860095
tektoncd/pipeline,92570244,2026-04-13,120,110,2,0.01818181818181818,110,0.625,8.145000000000003,0.35,0.3,110,10,0.09090909090909091,10,0,0.0,holdout,False,False,0.4855078157817008,0.2751032902449208,0.21040452553678002
tektoncd/pipeline,92570244,2026-04-20,125,122,9,0.07377049180327869,122,5.808333333333334,19.481666666666673,5.55,0.3,120,5,0.041666666666666664,5,0,0.0,holdout,False,False,1.9181473520779568,0.2751032902449208,1.643044061833036
tektoncd/pipeline,92570244,2026-04-27,95,94,14,0.14893617021276595,94,0.75,12.275000000000004,0.48333333333333334,0.2833333333333333,91,3,0.03296703296703297,4,0,0.0,holdout,False,False,0.5596157879354227,0.2751032902449208,0.28451249769050185
tektoncd/pipeline,92570244,2026-05-04,88,83,7,0.08433734939759036,83,0.8666666666666667,9.909999999999998,0.6,0.2833333333333333,82,6,0.07317073170731707,6,0,0.0,holdout,False,False,0.6241543090729939,0.2751032902449208,0.34905101882807305
tektoncd/pipeline,92570244,2026-05-11,111,111,8,0.07207207207207207,111,1.3666666666666667,19.366666666666667,0.8666666666666667,0.3,109,1,0.009174311926605505,2,0,0.0,holdout,False,False,0.8614824953791601,0.2751032902449208,0.5863792051342394
tektoncd/pipeline,92570244,2026-05-18,80,79,3,0.0379746835443038,79,0.38333333333333336,13.856666666666673,0.06666666666666667,0.2833333333333333,79,1,0.012658227848101266,1,0,0.0,holdout,False,False,0.3244960455744973,0.2751032902449208,0.04939275532957649
tektoncd/pipeline,92570244,2026-05-25,129,123,6,0.04878048780487805,123,0.6166666666666667,8.723333333333333,0.3333333333333333,0.2833333333333333,123,6,0.04878048780487805,6,0,0.0,holdout,False,False,0.4803664162812822,0.2751032902449208,0.20526312603636138
tektoncd/pipeline,92570244,2026-06-01,100,92,0,0.0,92,0.38333333333333336,12.258333333333342,0.06666666666666667,0.29166666666666663,92,8,0.08695652173913043,8,0,0.0,holdout,False,False,0.3244960455744973,0.2751032902449208,0.04939275532957649
tektoncd/pipeline,92570244,2026-06-08,146,128,0,0.0,128,0.44166666666666665,7.128333333333333,0.11666666666666667,0.3,128,18,0.140625,18,0,0.0,holdout,False,False,0.3657998517157329,0.2751032902449208,0.09069656147081212
tektoncd/pipeline,92570244,2026-06-15,105,96,0,0.0,96,0.6416666666666666,10.358333333333333,0.3333333333333333,0.3,96,9,0.09375,9,0,0.0,holdout,False,False,0.49571198595594246,0.2751032902449208,0.22060869571102165
tektoncd/pipeline,92570244,2026-06-22,76,66,1,0.015151515151515152,66,0.525,10.875,0.2,0.29166666666666663,66,10,0.15151515151515152,10,0,0.0,holdout,False,False,0.42199441005937494,0.2751032902449208,0.14689111981445413
tektoncd/pipeline,92570244,2026-06-29,78,72,0,0.0,72,0.42500000000000004,4.345,0.06666666666666667,0.2833333333333333,72,6,0.08333333333333333,6,0,0.0,holdout,False,False,0.3541718137206139,0.2751032902449208,0.0790685234756931
tektoncd/pipeline,92570244,2026-07-06,89,71,0,0.0,71,0.4,1.9833333333333334,0.06666666666666667,0.3,75,14,0.18666666666666668,14,0,0.0,holdout,False,False,0.33647223662121295,0.2751032902449208,0.061368946376292144
tektoncd/pipeline,92570244,2026-07-13,38,35,0,0.0,35,0.36666666666666664,1.2633333333333334,0.05,0.3,37,1,0.02702702702702703,1,0,0.0,holdout,False,False,0.3123746850421524,0.2751032902449208,0.03727139479723157
tektoncd/pipeline,92570244,2026-07-20,38,29,0,0.0,29,0.4,1.3166666666666664,0.05,0.3,35,3,0.08571428571428572,3,0,0.0,holdout,False,False,0.33647223662121295,0.2751032902449208,0.061368946376292144
tektoncd/pipeline,92570244,2026-07-27,117,89,0,0.0,89,0.4166666666666667,1.9933333333333334,0.05,0.31666666666666665,112,4,0.03571428571428571,5,0,0.0,holdout,False,False,0.34830669426821576,0.2751032902449208,0.07320340402329495
tektoncd/pipeline,92570244,2026-08-03,68,62,1,0.016129032258064516,62,0.4083333333333333,0.8899999999999999,0.06666666666666667,0.31666666666666665,67,1,0.014925373134328358,1,0,0.0,holdout,False,False,0.34240697214102744,0.2751032902449208,0.06730368189610664
