repo_full,detector_family,detector_variant,affected_metrics,dimensionality,magnitude_level,scenario_detector_rows,strict_incremental_episode_detected_n,strict_incremental_episode_detected_proportion,strict_incremental_episode_detected_ci95_low,strict_incremental_episode_detected_ci95_high,total_operational_episode_detected_n,total_operational_episode_detected_proportion,total_operational_episode_detected_ci95_low,total_operational_episode_detected_ci95_high,incremental_detected_within_0w_post_n,incremental_detected_within_0w_post_proportion,incremental_detected_within_0w_post_ci95_low,incremental_detected_within_0w_post_ci95_high,incremental_detected_within_1w_post_n,incremental_detected_within_1w_post_proportion,incremental_detected_within_1w_post_ci95_low,incremental_detected_within_1w_post_ci95_high,incremental_detected_within_2w_post_n,incremental_detected_within_2w_post_proportion,incremental_detected_within_2w_post_ci95_low,incremental_detected_within_2w_post_ci95_high,incremental_detected_within_4w_post_n,incremental_detected_within_4w_post_proportion,incremental_detected_within_4w_post_ci95_low,incremental_detected_within_4w_post_ci95_high,strict_incremental_detection_delay_weeks_n,strict_incremental_detection_delay_weeks_mean,strict_incremental_detection_delay_weeks_sd,strict_incremental_detection_delay_weeks_ci95_low,strict_incremental_detection_delay_weeks_ci95_high,reference_alarm_burden_n,reference_alarm_burden_mean,reference_alarm_burden_sd,reference_alarm_burden_ci95_low,reference_alarm_burden_ci95_high,incremental_alarm_duration_weeks_n,incremental_alarm_duration_weeks_mean,incremental_alarm_duration_weeks_sd,incremental_alarm_duration_weeks_ci95_low,incremental_alarm_duration_weeks_ci95_high,incremental_spillover_weeks_n,incremental_spillover_weeks_mean,incremental_spillover_weeks_sd,incremental_spillover_weeks_ci95_low,incremental_spillover_weeks_ci95_high,reference_alarm_overlap_fraction_n,reference_alarm_overlap_fraction_mean,reference_alarm_overlap_fraction_sd,reference_alarm_overlap_fraction_ci95_low,reference_alarm_overlap_fraction_ci95_high,incremental_boundary_overlap_n,incremental_boundary_overlap_mean,incremental_boundary_overlap_sd,incremental_boundary_overlap_ci95_low,incremental_boundary_overlap_ci95_high,pair_unevaluable_fraction_n,pair_unevaluable_fraction_mean,pair_unevaluable_fraction_sd,pair_unevaluable_fraction_ci95_low,pair_unevaluable_fraction_ci95_high,injection_relative_precision_n,injection_relative_precision_mean,injection_relative_precision_sd,injection_relative_precision_ci95_low,injection_relative_precision_ci95_high,injection_relative_false_alarm_rate_n,injection_relative_false_alarm_rate_mean,injection_relative_false_alarm_rate_sd,injection_relative_false_alarm_rate_ci95_low,injection_relative_false_alarm_rate_ci95_high
containerd/containerd,causal_rolling_mad,failure_rate,failure_rate,1,high,400,400,0.595,0.5462106166004184,0.6419820474760654,400,0.61,0.5613714064462345,0.6565358888002202,400,0.595,0.5462106166004184,0.6419820474760654,400,0.6075,0.5588413833413011,0.6541134733768252,400,0.6075,0.5588413833413011,0.6541134733768252,400,0.6075,0.5588413833413011,0.6541134733768252,238,0.907563025210084,0.38955988665898733,0.858071157512011,0.957054892908157,400,0.022222222222222195,3.47379190913765e-18,0.022222222222222195,0.022222222222222195,400,1.44,1.5708497452989463,1.2860595537045074,1.5939404462954925,400,0.0325,0.1775459275539077,0.015100818819629165,0.04989918118037084,400,0.0290625,0.1093558656732361,0.018345822089112864,0.03977917791088714,397,0.33414297709008034,0.3141612852841389,0.303239631210521,0.3650463229696397,400,0.021739130434782598,3.47379190913765e-18,0.021739130434782598,0.021739130434782598,331,0.5313192346424975,0.35773930814943633,0.49278020665608196,0.569858262628913,400,0.017158868137944597,0.01194453104084226,0.01598832560533102,0.018329410670558176
containerd/containerd,causal_rolling_mad,failure_rate,failure_rate,1,low,400,400,0.19,0.15457385084236502,0.2313237716448988,400,0.2225,0.18448827447183322,0.2657910488837013,400,0.19,0.15457385084236502,0.2313237716448988,400,0.1975,0.1614426641926397,0.23931227387960974,400,0.1975,0.1614426641926397,0.23931227387960974,400,0.1975,0.1614426641926397,0.23931227387960974,76,1.25,1.132843031197762,0.9953105050100963,1.5046894949899037,400,0.022222222222222195,3.47379190913765e-18,0.022222222222222195,0.022222222222222195,400,0.3,0.6753816335059704,0.23381381612542337,0.3661861838745766,400,0.0175,0.13128915456069917,0.004633899275015854,0.03036610072498415,400,0.029375,0.10728295977762087,0.01886146313405019,0.03988853686594981,398,0.07401591289782244,0.19048317200464376,0.05530206180313811,0.09272976399250678,400,0.021739130434782598,3.47379190913765e-18,0.021739130434782598,0.021739130434782598,310,0.21236559139784944,0.3548469478260116,0.1728645706723227,0.2518666121233762,400,0.01677791090134357,0.011483550142313427,0.015652543666663864,0.017903278136023274
containerd/containerd,causal_rolling_mad,failure_rate,failure_rate,1,medium,400,400,0.3875,0.34104299567214824,0.43609727055306846,400,0.4,0.3531615288938136,0.4487409299730458,400,0.3875,0.34104299567214824,0.43609727055306846,400,0.405,0.3580179525239347,0.4537893833995817,400,0.405,0.3580179525239347,0.4537893833995817,400,0.405,0.3580179525239347,0.4537893833995817,155,1.1548387096774193,0.8538829224460912,1.0204135473027354,1.2892638720521032,400,0.022222222222222195,3.47379190913765e-18,0.022222222222222195,0.022222222222222195,400,0.7425,1.1177285191881416,0.6329646178948979,0.8520353821051022,400,0.04,0.19620458863518908,0.02077230363367663,0.05922769636632337,400,0.03,0.11521201987557342,0.01870942952288816,0.041290570477111835,398,0.16849126585307486,0.2572721640786216,0.14321578918652111,0.1937667425196286,400,0.021739130434782598,3.47379190913765e-18,0.021739130434782598,0.021739130434782598,320,0.35953124999999997,0.39160062681087404,0.31662540296204383,0.4024370970379561,400,0.016759561112006827,0.012276496372016997,0.015556486574732329,0.017962635649281324
containerd/containerd,causal_rolling_mad,failure_rate,failure_rate+rerun_rate,2,high,400,400,0.615,0.5664353568701253,0.6613768154329864,400,0.6275,0.5791182279031106,0.6734561370416436,400,0.615,0.5664353568701253,0.6613768154329864,400,0.625,0.5765790058795889,0.671042920536837,400,0.625,0.5765790058795889,0.671042920536837,400,0.625,0.5765790058795889,0.671042920536837,246,0.8943089430894309,0.43916447813828274,0.8394297468108168,0.9491881393680449,400,0.022222222222222195,3.47379190913765e-18,0.022222222222222195,0.022222222222222195,400,1.4725,1.5685645465973357,1.318783499062141,1.6262165009378589,400,0.025,0.1563204728292616,0.00968087516041876,0.04031912483958124,400,0.0215625,0.1056623510282259,0.011207779873142424,0.031917220126857576,400,0.3373660714285714,0.31494183318139096,0.306502338915544,0.36822980394159877,400,0.021739130434782598,3.47379190913765e-18,0.021739130434782598,0.021739130434782598,336,0.5411210317460318,0.3567771250830798,0.5029727084984592,0.5792693549936043,400,0.01717627109238669,0.011842953210318129,0.01601568300424586,0.018336859180527517
containerd/containerd,causal_rolling_mad,failure_rate,failure_rate+rerun_rate,2,low,400,400,0.2025,0.16603379503442495,0.24462602009448153,400,0.2225,0.18448827447183322,0.2657910488837013,400,0.2025,0.16603379503442495,0.24462602009448153,400,0.2125,0.17524350992363666,0.2552260593185839,400,0.2175,0.1798616207098898,0.2605128255889877,400,0.2225,0.18448827447183322,0.2657910488837013,81,1.3950617283950617,1.3292762348894887,1.1055802232963503,1.684543233493773,400,0.022222222222222195,3.47379190913765e-18,0.022222222222222195,0.022222222222222195,400,0.3375,0.710532117306678,0.26786913201099616,0.4071308679890039,400,0.0275,0.16373996745558456,0.011453778047864686,0.04354622195213531,400,0.0228125,0.11153644377275836,0.011882129362085842,0.03374287063791416,400,0.07875,0.19622454658300084,0.059520347790730815,0.09797965220926919,400,0.021739130434782598,3.47379190913765e-18,0.021739130434782598,0.021739130434782598,307,0.21959826275787184,0.366944465012968,0.17855146850384074,0.26064505701190294,400,0.016561894842375156,0.012334145332008046,0.015353170810834227,0.017770618873916087
containerd/containerd,causal_rolling_mad,failure_rate,failure_rate+rerun_rate,2,medium,400,400,0.37,0.3241319808189903,0.4183412157079268,400,0.3825,0.33620468254006386,0.43103070662849585,400,0.37,0.3241319808189903,0.4183412157079268,400,0.38,0.3337874943779953,0.4284954562622359,400,0.38,0.3337874943779953,0.4284954562622359,400,0.38,0.3337874943779953,0.4284954562622359,148,1.0945945945945945,0.8109609470607433,0.9639422601338553,1.2252469290553336,400,0.022222222222222195,3.47379190913765e-18,0.022222222222222195,0.022222222222222195,400,0.675,1.02811358509634,0.5742467200597409,0.7757532799402592,400,0.0175,0.13128915456069917,0.004633899275015854,0.03036610072498415,400,0.02625,0.09861986206126258,0.016585431109980862,0.035914568890019136,400,0.15802083333333333,0.2488117254012752,0.13363773229744488,0.18240393436922178,400,0.021739130434782598,3.47379190913765e-18,0.021739130434782598,0.021739130434782598,315,0.3504232804232804,0.39018590850135293,0.3073344808591758,0.393512079987385,400,0.0163437702261328,0.011974307548980184,0.015170309649342437,0.017517230802923164
containerd/containerd,causal_rolling_mad,failure_rate,latency_log,1,high,400,400,0.0,8.673617379884035e-19,0.009512294334296508,400,0.065,0.04474048189620036,0.09353521417463759,400,0.0,8.673617379884035e-19,0.009512294334296508,400,0.0,8.673617379884035e-19,0.009512294334296508,400,0.0,8.673617379884035e-19,0.009512294334296508,400,0.0,8.673617379884035e-19,0.009512294334296508,0,,,,,400,0.022222222222222195,3.47379190913765e-18,0.022222222222222195,0.022222222222222195,400,0.0,0.0,0.0,0.0,400,0.0,0.0,0.0,0.0,400,0.0159375,0.07148660314929338,0.008931941622513869,0.02294305837748613,400,0.0,0.0,0.0,0.0,400,0.021739130434782598,3.47379190913765e-18,0.021739130434782598,0.021739130434782598,400,0.065,0.24683459703967628,0.04081065398318887,0.08918934601681114,400,0.022688720146104357,0.006194769927819086,0.022081643848552497,0.023295796443656216
containerd/containerd,causal_rolling_mad,failure_rate,latency_log,1,low,400,400,0.0,8.673617379884035e-19,0.009512294334296508,400,0.0975,0.07214511778538757,0.1305122791537211,400,0.0,8.673617379884035e-19,0.009512294334296508,400,0.0,8.673617379884035e-19,0.009512294334296508,400,0.0,8.673617379884035e-19,0.009512294334296508,400,0.0,8.673617379884035e-19,0.009512294334296508,0,,,,,400,0.022222222222222195,3.47379190913765e-18,0.022222222222222195,0.022222222222222195,400,0.0,0.0,0.0,0.0,400,0.0,0.0,0.0,0.0,400,0.0303125,0.1241319325776557,0.01814779414082203,0.04247720585917797,400,0.0,0.0,0.0,0.0,400,0.021739130434782598,3.47379190913765e-18,0.021739130434782598,0.021739130434782598,400,0.0975,0.297008898375597,0.06839366280479564,0.12660633719520437,400,0.02188261246484741,0.007364731736413799,0.021160882016888902,0.022604342912805917
containerd/containerd,causal_rolling_mad,failure_rate,latency_log,1,medium,400,400,0.0,8.673617379884035e-19,0.009512294334296508,400,0.09,0.06571729376939447,0.12208278758472865,400,0.0,8.673617379884035e-19,0.009512294334296508,400,0.0,8.673617379884035e-19,0.009512294334296508,400,0.0,8.673617379884035e-19,0.009512294334296508,400,0.0,8.673617379884035e-19,0.009512294334296508,0,,,,,400,0.022222222222222195,3.47379190913765e-18,0.022222222222222195,0.022222222222222195,400,0.0,0.0,0.0,0.0,400,0.0,0.0,0.0,0.0,400,0.0221875,0.08858694294251128,0.013506139116608657,0.03086886088339134,398,0.0,0.0,0.0,0.0,400,0.021739130434782598,3.47379190913765e-18,0.021739130434782598,0.021739130434782598,400,0.09,0.2865401597645516,0.06191958033685628,0.11808041966314371,400,0.022049940517605497,0.007115713441016117,0.021352613414170538,0.022747267621040457
containerd/containerd,causal_rolling_mad,failure_rate,latency_log+failure_rate,2,high,400,400,0.605,0.5563126557323714,0.6516897624574263,400,0.6125,0.5639027294469315,0.6589570043278518,400,0.605,0.5563126557323714,0.6516897624574263,400,0.6175,0.5689692933715043,0.6637953174599363,400,0.6175,0.5689692933715043,0.6637953174599363,400,0.6175,0.5689692933715043,0.6637953174599363,242,0.9008264462809917,0.4254352650813876,0.8472253225637632,0.9544275699982203,400,0.022222222222222195,3.47379190913765e-18,0.022222222222222195,0.022222222222222195,400,1.445,1.5774014988967788,1.290417493650141,1.5995825063498592,400,0.02,0.14017532881009245,0.006263070200557948,0.03373692979944205,400,0.020625,0.09178122825310807,0.011630604908352908,0.029619395091647092,396,0.3375871813371813,0.3130961770686043,0.30674974521154896,0.36842461746281363,400,0.021739130434782598,3.47379190913765e-18,0.021739130434782598,0.021739130434782598,327,0.5426605504587155,0.3557620295076034,0.5041008360505991,0.581220264866832,400,0.01669225407624366,0.011932106082580133,0.015522929167165241,0.01786157898532208
containerd/containerd,causal_rolling_mad,failure_rate,latency_log+failure_rate,2,low,400,400,0.2075,0.17063415822479097,0.2499305339607725,400,0.2275,0.18912326740735153,0.2710609330048401,400,0.2075,0.17063415822479097,0.2499305339607725,400,0.2225,0.18448827447183322,0.2657910488837013,400,0.2225,0.18448827447183322,0.2657910488837013,400,0.225,0.1868047408249817,0.2684270210588814,83,1.1566265060240963,1.4354563114966932,0.847811053118014,1.4654419589301786,400,0.022222222222222195,3.47379190913765e-18,0.022222222222222195,0.022222222222222195,400,0.32,0.6623418617712734,0.2550916902737549,0.3849083097262451,400,0.0325,0.17754592755390772,0.015100818819629165,0.04989918118037084,400,0.0165625,0.08579786873488537,0.008154463366466478,0.024970536633533526,397,0.08280856423173803,0.20186656415674317,0.06295139994743769,0.10266572851603838,400,0.021739130434782598,3.47379190913765e-18,0.021739130434782598,0.021739130434782598,314,0.20196390658174096,0.34176845950769114,0.164161865664666,0.2397659474988159,400,0.017753944666873408,0.01216945826108137,0.01656135967171926,0.018946529662027554
containerd/containerd,causal_rolling_mad,failure_rate,latency_log+failure_rate,2,medium,400,400,0.3525,0.30728664659675226,0.4005194802318652,400,0.37,0.3241319808189903,0.4183412157079268,400,0.3525,0.30728664659675226,0.4005194802318652,400,0.36,0.3144979076102711,0.40816553480333195,400,0.36,0.3144979076102711,0.40816553480333195,400,0.36,0.3144979076102711,0.40816553480333195,141,1.099290780141844,0.8888593375702454,0.9525767747518922,1.2460047855317955,400,0.022222222222222195,3.47379190913765e-18,0.022222222222222195,0.022222222222222195,400,0.6825,1.102148164468418,0.5744914646007486,0.7905085353992514,400,0.025,0.1563204728292616,0.00968087516041876,0.04031912483958124,400,0.0265625,0.11034689477605063,0.015748703021655486,0.03737629697834451,398,0.16321189279731993,0.2667252361023422,0.13700770741399343,0.18941607818064643,400,0.021739130434782598,3.47379190913765e-18,0.021739130434782598,0.021739130434782598,314,0.3356687898089171,0.38591623498961886,0.29298368853697604,0.3783538910808582,400,0.016635229803110482,0.012108319738907653,0.015448636273032761,0.017821823333188203
containerd/containerd,causal_rolling_mad,failure_rate,latency_log+failure_rate+rerun_rate,3,high,400,400,0.6375,0.5892885151310687,0.6830956039269998,400,0.655,0.6071390167491942,0.6999121720071738,400,0.6375,0.5892885151310687,0.6830956039269998,400,0.6425,0.5943817784800669,0.6879072176346586,400,0.6425,0.5943817784800669,0.6879072176346586,400,0.6425,0.5943817784800669,0.6879072176346586,255,0.9333333333333333,0.46898561445067777,0.8757711150200912,0.9908955516465755,400,0.022222222222222195,3.47379190913765e-18,0.022222222222222195,0.022222222222222195,400,1.515,1.5591190237842059,1.3622091432885854,1.6677908567114144,400,0.03,0.17080085576725623,0.01326182370837787,0.04673817629162213,400,0.0296875,0.13544076323105808,0.016414549101425466,0.04296045089857453,400,0.3466220238095238,0.30215033896599097,0.3170118346950282,0.37623221292401937,400,0.021739130434782598,3.47379190913765e-18,0.021739130434782598,0.021739130434782598,347,0.5458624948538493,0.35539565129848644,0.5084690511343797,0.5832559385733189,400,0.017650757730578285,0.011728304832144144,0.016501404977042805,0.018800110484113765
containerd/containerd,causal_rolling_mad,failure_rate,latency_log+failure_rate+rerun_rate,3,low,400,400,0.1775,0.14317591908715524,0.217959510758466,400,0.2075,0.17063415822479097,0.2499305339607725,400,0.1775,0.14317591908715524,0.217959510758466,400,0.19,0.15457385084236502,0.2313237716448988,400,0.19,0.15457385084236502,0.2313237716448988,400,0.1925,0.156861025193276,0.2339890358223164,71,1.2535211267605635,1.370279532057549,0.9347873510882161,1.5722549024329109,400,0.022222222222222195,3.47379190913765e-18,0.022222222222222195,0.022222222222222195,400,0.2925,0.6768227038383668,0.22617259382788907,0.3588274061721109,400,0.0325,0.1775459275539077,0.015100818819629165,0.04989918118037084,400,0.0209375,0.09361205389979618,0.01176368729187886,0.030111312708121143,399,0.06714703425229741,0.17855411931630888,0.049627138520516444,0.08466692998407838,400,0.021739130434782598,3.47379190913765e-18,0.021739130434782598,0.021739130434782598,294,0.20992063492063492,0.3581342984199013,0.16898322694474394,0.2508580428965259,400,0.01620980328126861,0.012493543327078738,0.014985458533250359,0.017434148029286865
containerd/containerd,causal_rolling_mad,failure_rate,latency_log+failure_rate+rerun_rate,3,medium,400,400,0.3425,0.29769101850421636,0.3903053542110871,400,0.3575,0.3120927823653414,0.40561822151993315,400,0.3425,0.29769101850421636,0.3903053542110871,400,0.35,0.3048856490077627,0.3979680392925262,400,0.35,0.3048856490077627,0.3979680392925262,400,0.35,0.3048856490077627,0.3979680392925262,137,1.0364963503649636,0.7113446166166744,0.9173809659638427,1.1556117347660846,400,0.022222222222222195,3.47379190913765e-18,0.022222222222222195,0.022222222222222195,400,0.6175,1.0142808605905964,0.518102302151707,0.716897697848293,400,0.0175,0.13128915456069917,0.004633899275015854,0.03036610072498415,400,0.025625,0.10267223746400321,0.015563305617920482,0.03568669438207951,397,0.1439966414777498,0.24258141514572276,0.12013444798875553,0.16785883496674406,400,0.021739130434782598,3.47379190913765e-18,0.021739130434782598,0.021739130434782598,302,0.33515452538631346,0.382943605197502,0.2919648996000074,0.37834415117261955,400,0.015803109165552044,0.012039209972059532,0.014623288268174436,0.01698293006292965
containerd/containerd,causal_rolling_mad,failure_rate,latency_log+rerun_rate,2,high,400,400,0.0,8.673617379884035e-19,0.009512294334296508,400,0.0675,0.04680146916375965,0.09642666543540682,400,0.0,8.673617379884035e-19,0.009512294334296508,400,0.0,8.673617379884035e-19,0.009512294334296508,400,0.0,8.673617379884035e-19,0.009512294334296508,400,0.0,8.673617379884035e-19,0.009512294334296508,0,,,,,400,0.022222222222222195,3.47379190913765e-18,0.022222222222222195,0.022222222222222195,400,0.0,0.0,0.0,0.0,400,0.0,0.0,0.0,0.0,400,0.016875,0.08079870327627678,0.008956872579047953,0.02479312742095205,396,0.0,0.0,0.0,0.0,400,0.021739130434782598,3.47379190913765e-18,0.021739130434782598,0.021739130434782598,400,0.0675,0.2512001269095987,0.04288283991726479,0.09211716008273521,400,0.022613592292264974,0.006294308860253036,0.02199676135858161,0.02323042322594834
containerd/containerd,causal_rolling_mad,failure_rate,latency_log+rerun_rate,2,low,400,400,0.0,8.673617379884035e-19,0.009512294334296508,400,0.0725,0.05095051840227673,0.10218249325354675,400,0.0,8.673617379884035e-19,0.009512294334296508,400,0.0,8.673617379884035e-19,0.009512294334296508,400,0.0,8.673617379884035e-19,0.009512294334296508,400,0.0,8.673617379884035e-19,0.009512294334296508,0,,,,,400,0.022222222222222195,3.47379190913765e-18,0.022222222222222195,0.022222222222222195,400,0.0,0.0,0.0,0.0,400,0.0,0.0,0.0,0.0,400,0.0175,0.0880910044366429,0.008867240197111092,0.026132759802888914,398,0.0,0.0,0.0,0.0,400,0.021739130434782598,3.47379190913765e-18,0.021739130434782598,0.021739130434782598,400,0.0725,0.25963875038552003,0.04705587001266978,0.09794412998733021,400,0.022460492749757425,0.006474195920601356,0.021826033208095685,0.023094952291419165
containerd/containerd,causal_rolling_mad,failure_rate,latency_log+rerun_rate,2,medium,400,400,0.0,8.673617379884035e-19,0.009512294334296508,400,0.0825,0.05934587622971528,0.1135968895394223,400,0.0,8.673617379884035e-19,0.009512294334296508,400,0.0,8.673617379884035e-19,0.009512294334296508,400,0.0,8.673617379884035e-19,0.009512294334296508,400,0.0,8.673617379884035e-19,0.009512294334296508,0,,,,,400,0.022222222222222195,3.47379190913765e-18,0.022222222222222195,0.022222222222222195,400,0.0,0.0,0.0,0.0,400,0.0,0.0,0.0,0.0,400,0.0209375,0.08755983900892103,0.012356793452519475,0.029518206547480528,397,0.0,0.0,0.0,0.0,400,0.021739130434782598,3.47379190913765e-18,0.021739130434782598,0.021739130434782598,400,0.0825,0.27546952398880087,0.05550448270717789,0.10949551729282211,400,0.022250922130814324,0.0068635589135268614,0.02157830571700025,0.022923538544628398
containerd/containerd,causal_rolling_mad,failure_rate,rerun_rate,1,high,400,400,0.0,8.673617379884035e-19,0.009512294334296508,400,0.085,0.0614630200239382,0.11643218427352792,400,0.0,8.673617379884035e-19,0.009512294334296508,400,0.0,8.673617379884035e-19,0.009512294334296508,400,0.0,8.673617379884035e-19,0.009512294334296508,400,0.0,8.673617379884035e-19,0.009512294334296508,0,,,,,400,0.022222222222222195,3.47379190913765e-18,0.022222222222222195,0.022222222222222195,400,0.0,0.0,0.0,0.0,400,0.0,0.0,0.0,0.0,400,0.0215625,0.09220425780104519,0.012526648774435253,0.030598351225564743,396,0.0,0.0,0.0,0.0,400,0.021739130434782598,3.47379190913765e-18,0.021739130434782598,0.021739130434782598,400,0.085,0.27923095246055746,0.057635869490424575,0.11236413050957544,400,0.022147950690196976,0.006929345314048474,0.021468887327598156,0.022827014052795795
containerd/containerd,causal_rolling_mad,failure_rate,rerun_rate,1,low,400,400,0.0,8.673617379884035e-19,0.009512294334296508,400,0.105,0.07862372743733602,0.1388909850867582,400,0.0,8.673617379884035e-19,0.009512294334296508,400,0.0,8.673617379884035e-19,0.009512294334296508,400,0.0,8.673617379884035e-19,0.009512294334296508,400,0.0,8.673617379884035e-19,0.009512294334296508,0,,,,,400,0.022222222222222195,3.47379190913765e-18,0.022222222222222195,0.022222222222222195,400,0.0,0.0,0.0,0.0,400,0.0,0.0,0.0,0.0,400,0.0190625,0.06494210719531218,0.012698290440852432,0.025426709559147567,397,0.0,0.0,0.0,0.0,400,0.021739130434782598,3.47379190913765e-18,0.021739130434782598,0.021739130434782598,400,0.105,0.3069373328804912,0.07492069410217278,0.1350793058978272,400,0.021592243514669363,0.0075515017522896,0.020852209941485428,0.0223322770878533
containerd/containerd,causal_rolling_mad,failure_rate,rerun_rate,1,medium,400,400,0.0,8.673617379884035e-19,0.009512294334296508,400,0.0925,0.06785393449857381,0.12489858538387784,400,0.0,8.673617379884035e-19,0.009512294334296508,400,0.0,8.673617379884035e-19,0.009512294334296508,400,0.0,8.673617379884035e-19,0.009512294334296508,400,0.0,8.673617379884035e-19,0.009512294334296508,0,,,,,400,0.022222222222222195,3.47379190913765e-18,0.022222222222222195,0.022222222222222195,400,0.0,0.0,0.0,0.0,400,0.0,0.0,0.0,0.0,400,0.028125,0.12574184627546195,0.015802525497526133,0.040447474502473865,397,0.0,0.0,0.0,0.0,400,0.021739130434782598,3.47379190913765e-18,0.021739130434782598,0.021739130434782598,400,0.0925,0.2900933217748142,0.06407137685828876,0.12092862314171124,400,0.02197407182864459,0.007189196139588884,0.02126954355307516,0.022678600104214023
containerd/containerd,causal_rolling_mad,latency_log,failure_rate,1,high,400,400,0.0,8.673617379884035e-19,0.009512294334296508,400,0.0,8.673617379884035e-19,0.009512294334296508,400,0.0,8.673617379884035e-19,0.009512294334296508,400,0.0,8.673617379884035e-19,0.009512294334296508,400,0.0,8.673617379884035e-19,0.009512294334296508,400,0.0,8.673617379884035e-19,0.009512294334296508,0,,,,,400,0.0,0.0,0.0,0.0,400,0.0,0.0,0.0,0.0,400,0.0,0.0,0.0,0.0,400,0.0,0.0,0.0,0.0,397,0.0,0.0,0.0,0.0,400,0.021739130434782598,3.47379190913765e-18,0.021739130434782598,0.021739130434782598,0,,,,,400,0.0,0.0,0.0,0.0
containerd/containerd,causal_rolling_mad,latency_log,failure_rate,1,low,400,400,0.0,8.673617379884035e-19,0.009512294334296508,400,0.0,8.673617379884035e-19,0.009512294334296508,400,0.0,8.673617379884035e-19,0.009512294334296508,400,0.0,8.673617379884035e-19,0.009512294334296508,400,0.0,8.673617379884035e-19,0.009512294334296508,400,0.0,8.673617379884035e-19,0.009512294334296508,0,,,,,400,0.0,0.0,0.0,0.0,400,0.0,0.0,0.0,0.0,400,0.0,0.0,0.0,0.0,400,0.0,0.0,0.0,0.0,398,0.0,0.0,0.0,0.0,400,0.021739130434782598,3.47379190913765e-18,0.021739130434782598,0.021739130434782598,0,,,,,400,0.0,0.0,0.0,0.0
containerd/containerd,causal_rolling_mad,latency_log,failure_rate,1,medium,400,400,0.0,8.673617379884035e-19,0.009512294334296508,400,0.0,8.673617379884035e-19,0.009512294334296508,400,0.0,8.673617379884035e-19,0.009512294334296508,400,0.0,8.673617379884035e-19,0.009512294334296508,400,0.0,8.673617379884035e-19,0.009512294334296508,400,0.0,8.673617379884035e-19,0.009512294334296508,0,,,,,400,0.0,0.0,0.0,0.0,400,0.0,0.0,0.0,0.0,400,0.0,0.0,0.0,0.0,400,0.0,0.0,0.0,0.0,398,0.0,0.0,0.0,0.0,400,0.021739130434782598,3.47379190913765e-18,0.021739130434782598,0.021739130434782598,0,,,,,400,0.0,0.0,0.0,0.0
containerd/containerd,causal_rolling_mad,latency_log,failure_rate+rerun_rate,2,high,400,400,0.0,8.673617379884035e-19,0.009512294334296508,400,0.0,8.673617379884035e-19,0.009512294334296508,400,0.0,8.673617379884035e-19,0.009512294334296508,400,0.0,8.673617379884035e-19,0.009512294334296508,400,0.0,8.673617379884035e-19,0.009512294334296508,400,0.0,8.673617379884035e-19,0.009512294334296508,0,,,,,400,0.0,0.0,0.0,0.0,400,0.0,0.0,0.0,0.0,400,0.0,0.0,0.0,0.0,400,0.0,0.0,0.0,0.0,400,0.0,0.0,0.0,0.0,400,0.021739130434782598,3.47379190913765e-18,0.021739130434782598,0.021739130434782598,0,,,,,400,0.0,0.0,0.0,0.0
containerd/containerd,causal_rolling_mad,latency_log,failure_rate+rerun_rate,2,low,400,400,0.0,8.673617379884035e-19,0.009512294334296508,400,0.0,8.673617379884035e-19,0.009512294334296508,400,0.0,8.673617379884035e-19,0.009512294334296508,400,0.0,8.673617379884035e-19,0.009512294334296508,400,0.0,8.673617379884035e-19,0.009512294334296508,400,0.0,8.673617379884035e-19,0.009512294334296508,0,,,,,400,0.0,0.0,0.0,0.0,400,0.0,0.0,0.0,0.0,400,0.0,0.0,0.0,0.0,400,0.0,0.0,0.0,0.0,400,0.0,0.0,0.0,0.0,400,0.021739130434782598,3.47379190913765e-18,0.021739130434782598,0.021739130434782598,0,,,,,400,0.0,0.0,0.0,0.0
containerd/containerd,causal_rolling_mad,latency_log,failure_rate+rerun_rate,2,medium,400,400,0.0,8.673617379884035e-19,0.009512294334296508,400,0.0,8.673617379884035e-19,0.009512294334296508,400,0.0,8.673617379884035e-19,0.009512294334296508,400,0.0,8.673617379884035e-19,0.009512294334296508,400,0.0,8.673617379884035e-19,0.009512294334296508,400,0.0,8.673617379884035e-19,0.009512294334296508,0,,,,,400,0.0,0.0,0.0,0.0,400,0.0,0.0,0.0,0.0,400,0.0,0.0,0.0,0.0,400,0.0,0.0,0.0,0.0,400,0.0,0.0,0.0,0.0,400,0.021739130434782598,3.47379190913765e-18,0.021739130434782598,0.021739130434782598,0,,,,,400,0.0,0.0,0.0,0.0
containerd/containerd,causal_rolling_mad,latency_log,latency_log,1,high,400,400,0.75,0.7053228670693259,0.7899209857635259,400,0.75,0.7053228670693259,0.7899209857635259,400,0.75,0.7053228670693259,0.7899209857635259,400,0.76,0.715799603858965,0.7992540030872007,400,0.76,0.715799603858965,0.7992540030872007,400,0.76,0.715799603858965,0.7992540030872007,300,1.0,0.0,1.0,1.0,400,0.0,0.0,0.0,0.0,400,2.5125,2.284269789490275,2.288645674081309,2.7363543259186915,400,0.0125,0.11124156919421795,0.0015985265397806241,0.023401473460219376,400,0.0,0.0,0.0,0.0,400,0.5036011904761906,0.3104796248003393,0.47317474634908185,0.5340276346032993,400,0.021739130434782598,3.47379190913765e-18,0.021739130434782598,0.021739130434782598,304,0.9851973684210527,0.11750132585298924,0.9719888512134653,0.99840588562864,400,0.0002854122621564478,0.002540086889640695,3.6488321091541316e-05,0.0005343362032213543
containerd/containerd,causal_rolling_mad,latency_log,latency_log,1,low,400,400,0.6775,0.6301910935839934,0.7214320419273312,400,0.6775,0.6301910935839934,0.7214320419273312,400,0.6775,0.6301910935839934,0.7214320419273312,400,0.6775,0.6301910935839934,0.7214320419273312,400,0.6775,0.6301910935839934,0.7214320419273312,400,0.6775,0.6301910935839934,0.7214320419273312,271,1.051660516605166,0.3614618097112503,1.0086251145977116,1.0946959186126204,400,0.0,0.0,0.0,0.0,400,1.7375,1.6217796314334234,1.5785685165764924,1.8964314834235076,400,0.0,0.0,0.0,0.0,400,0.0,0.0,0.0,0.0,400,0.37276785714285715,0.28824997490458903,0.3445198786749787,0.4010158356107356,400,0.021739130434782598,3.47379190913765e-18,0.021739130434782598,0.021739130434782598,271,1.0,0.0,1.0,1.0,400,0.0,0.0,0.0,0.0
containerd/containerd,causal_rolling_mad,latency_log,latency_log,1,medium,400,400,0.75,0.7053228670693259,0.7899209857635259,400,0.75,0.7053228670693259,0.7899209857635259,400,0.75,0.7053228670693259,0.7899209857635259,400,0.7525,0.7079392288053334,0.7922570625558467,400,0.7525,0.7079392288053334,0.7922570625558467,400,0.7525,0.7079392288053334,0.7922570625558467,300,1.0,0.0,1.0,1.0,400,0.0,0.0,0.0,0.0,400,2.455,2.2204280560017478,2.2374020489987143,2.672597951001286,400,0.01,0.09962335082737975,0.0002370910179568548,0.019762908982043144,400,0.0,0.0,0.0,0.0,398,0.49900693945920077,0.305243790428334,0.469018532706327,0.5289953462120746,400,0.021739130434782598,3.47379190913765e-18,0.021739130434782598,0.021739130434782598,301,0.9933554817275747,0.06737237226675709,0.9857443947863113,1.0009665686688383,400,0.0002369089362140975,0.0023612788397581676,5.5078620449707796e-06,0.0004683100103832242
containerd/containerd,causal_rolling_mad,latency_log,latency_log+failure_rate,2,high,400,400,0.75,0.7053228670693259,0.7899209857635259,400,0.75,0.7053228670693259,0.7899209857635259,400,0.75,0.7053228670693259,0.7899209857635259,400,0.7575,0.7131775779269679,0.7969235904908692,400,0.7575,0.7131775779269679,0.7969235904908692,400,0.7575,0.7131775779269679,0.7969235904908692,300,1.0,0.0,1.0,1.0,400,0.0,0.0,0.0,0.0,400,2.5325,2.2829747445406676,2.308772586154288,2.7562274138457123,400,0.0325,0.1775459275539077,0.015100818819629165,0.04989918118037084,400,0.0,0.0,0.0,0.0,396,0.5058381433381434,0.30876910096070725,0.4754268891427324,0.5362493975335544,400,0.021739130434782598,3.47379190913765e-18,0.021739130434782598,0.021739130434782598,303,0.9760726072607261,0.12559825581212197,0.9619306218412095,0.9902145926802427,400,0.0007603581189088829,0.00415514029591004,0.00035316185237414376,0.001167554385443622
containerd/containerd,causal_rolling_mad,latency_log,latency_log+failure_rate,2,low,400,400,0.68,0.632759697663558,0.7238158763760955,400,0.68,0.632759697663558,0.7238158763760955,400,0.68,0.632759697663558,0.7238158763760955,400,0.68,0.632759697663558,0.7238158763760955,400,0.68,0.632759697663558,0.7238158763760955,400,0.68,0.632759697663558,0.7238158763760955,272,1.0625,0.383889109911296,1.0168785135646043,1.1081214864353957,400,0.0,0.0,0.0,0.0,400,1.7475,1.5906190374523261,1.5916221986734838,1.9033778013265163,400,0.0,0.0,0.0,0.0,400,0.0,0.0,0.0,0.0,397,0.3770840830034785,0.286400255226029,0.34891152781661283,0.4052566381903442,400,0.021739130434782598,3.47379190913765e-18,0.021739130434782598,0.021739130434782598,272,1.0,0.0,1.0,1.0,400,0.0,0.0,0.0,0.0
containerd/containerd,causal_rolling_mad,latency_log,latency_log+failure_rate,2,medium,400,400,0.75,0.7053228670693259,0.7899209857635259,400,0.75,0.7053228670693259,0.7899209857635259,400,0.75,0.7053228670693259,0.7899209857635259,400,0.76,0.715799603858965,0.7992540030872007,400,0.76,0.715799603858965,0.7992540030872007,400,0.76,0.715799603858965,0.7992540030872007,300,1.0,0.0,1.0,1.0,400,0.0,0.0,0.0,0.0,400,2.4525,2.1919752825015486,2.237690369564748,2.6673096304352524,400,0.025,0.15632047282926156,0.009680875160418764,0.040319124839581236,400,0.0,0.0,0.0,0.0,398,0.49864501076812634,0.30641189812160663,0.4685418443060121,0.5287481772302406,400,0.021739130434782598,3.47379190913765e-18,0.021739130434782598,0.021739130434782598,304,0.9794407894736842,0.1259813613723715,0.9652790175324537,0.9936025614149147,400,0.0005846181611921817,0.0036571607190637925,0.00022622299644019976,0.0009430133259441637
containerd/containerd,causal_rolling_mad,latency_log,latency_log+failure_rate+rerun_rate,3,high,400,400,0.75,0.7053228670693259,0.7899209857635259,400,0.75,0.7053228670693259,0.7899209857635259,400,0.75,0.7053228670693259,0.7899209857635259,400,0.7575,0.7131775779269679,0.7969235904908692,400,0.7575,0.7131775779269679,0.7969235904908692,400,0.7575,0.7131775779269679,0.7969235904908692,300,1.0,0.0,1.0,1.0,400,0.0,0.0,0.0,0.0,400,2.52,2.290790103489539,2.295506695050986,2.744493304949014,400,0.02,0.14017532881009245,0.006263070200557948,0.03373692979944205,400,0.0,0.0,0.0,0.0,400,0.501029761904762,0.3086678373648676,0.47078086968371163,0.5312786541258123,400,0.021739130434782598,3.47379190913765e-18,0.021739130434782598,0.021739130434782598,303,0.9851485148514851,0.10662132530303886,0.9731432746664571,0.9971537550365132,400,0.00047249651936265595,0.0033134700653282305,0.00014778241976791037,0.0007972106189574015
containerd/containerd,causal_rolling_mad,latency_log,latency_log+failure_rate+rerun_rate,3,low,400,400,0.695,0.6482028147696431,0.7380873904399811,400,0.695,0.6482028147696431,0.7380873904399811,400,0.695,0.6482028147696431,0.7380873904399811,400,0.695,0.6482028147696431,0.7380873904399811,400,0.695,0.6482028147696431,0.7380873904399811,400,0.695,0.6482028147696431,0.7380873904399811,278,1.1115107913669064,0.5152657492031647,1.0509408758351482,1.1720807068986647,400,0.0,0.0,0.0,0.0,400,1.7625,1.5992146412135173,1.605779844983618,1.9192201550163819,400,0.0,0.0,0.0,0.0,400,0.0,0.0,0.0,0.0,399,0.3821905955364602,0.28542089905037804,0.35418483229682673,0.4101963587760936,400,0.021739130434782598,3.47379190913765e-18,0.021739130434782598,0.021739130434782598,278,1.0,0.0,1.0,1.0,400,0.0,0.0,0.0,0.0
containerd/containerd,causal_rolling_mad,latency_log,latency_log+failure_rate+rerun_rate,3,medium,400,400,0.75,0.7053228670693259,0.7899209857635259,400,0.75,0.7053228670693259,0.7899209857635259,400,0.75,0.7053228670693259,0.7899209857635259,400,0.755,0.710557459419624,0.7945912704698848,400,0.755,0.710557459419624,0.7945912704698848,400,0.755,0.710557459419624,0.7945912704698848,300,1.0,0.0,1.0,1.0,400,0.0,0.0,0.0,0.0,400,2.4525,2.2124604410039783,2.23568286092063,2.66931713907937,400,0.0125,0.11124156919421796,0.0015985265397806224,0.02340147346021938,400,0.0,0.0,0.0,0.0,397,0.49918435888209184,0.3035780637255842,0.4693220609344832,0.5290466568297005,400,0.021739130434782598,3.47379190913765e-18,0.021739130434782598,0.021739130434782598,302,0.9900662251655629,0.08826866786070026,0.9801109976025038,1.000021452728622,400,0.00029372711803227924,0.0026153338469034853,3.74291106583081e-05,0.0005500251254062504
containerd/containerd,causal_rolling_mad,latency_log,latency_log+rerun_rate,2,high,400,400,0.75,0.7053228670693259,0.7899209857635259,400,0.75,0.7053228670693259,0.7899209857635259,400,0.75,0.7053228670693259,0.7899209857635259,400,0.75,0.7053228670693259,0.7899209857635259,400,0.75,0.7053228670693259,0.7899209857635259,400,0.75,0.7053228670693259,0.7899209857635259,300,1.0,0.0,1.0,1.0,400,0.0,0.0,0.0,0.0,400,2.5125,2.2930304668286707,2.287787143478137,2.737212856521863,400,0.0125,0.11124156919421795,0.0015985265397806241,0.023401473460219376,400,0.0,0.0,0.0,0.0,396,0.5087121212121212,0.3091874877319647,0.47825965931032666,0.5391645831139157,400,0.021739130434782598,3.47379190913765e-18,0.021739130434782598,0.021739130434782598,300,0.9933333333333333,0.05368266309164371,0.9872586797611611,0.9994079869055055,400,0.00029636982416335724,0.0026382251828664907,3.782850708711124e-05,0.0005549111412396033
containerd/containerd,causal_rolling_mad,latency_log,latency_log+rerun_rate,2,low,400,400,0.6925,0.6456251644125997,0.7357126022686962,400,0.6925,0.6456251644125997,0.7357126022686962,400,0.6925,0.6456251644125997,0.7357126022686962,400,0.6925,0.6456251644125997,0.7357126022686962,400,0.6925,0.6456251644125997,0.7357126022686962,400,0.6925,0.6456251644125997,0.7357126022686962,277,1.075812274368231,0.39657931493863846,1.0291099748588786,1.1225145738775835,400,0.0,0.0,0.0,0.0,400,1.755,1.606682473741645,1.5975480108437325,1.9124519891562672,400,0.0,0.0,0.0,0.0,400,0.0,0.0,0.0,0.0,398,0.38226848528356067,0.2873561162192783,0.3540374372939604,0.4104995332731609,400,0.021739130434782598,3.47379190913765e-18,0.021739130434782598,0.021739130434782598,277,1.0,0.0,1.0,1.0,400,0.0,0.0,0.0,0.0
containerd/containerd,causal_rolling_mad,latency_log,latency_log+rerun_rate,2,medium,400,400,0.75,0.7053228670693259,0.7899209857635259,400,0.75,0.7053228670693259,0.7899209857635259,400,0.75,0.7053228670693259,0.7899209857635259,400,0.7525,0.7079392288053334,0.7922570625558467,400,0.7525,0.7079392288053334,0.7922570625558467,400,0.7525,0.7079392288053334,0.7922570625558467,300,1.0,0.0,1.0,1.0,400,0.0,0.0,0.0,0.0,400,2.4475,2.2157431132375542,2.2303611649530866,2.664638835046913,400,0.005,0.07062201265667241,-0.001920830066140489,0.01192083006614049,400,0.0,0.0,0.0,0.0,397,0.4986775818639798,0.3020079299015686,0.4689697344833685,0.5283854292445911,400,0.021739130434782598,3.47379190913765e-18,0.021739130434782598,0.021739130434782598,301,0.9958471760797342,0.05936634765307328,0.9891405333095528,1.0025538188499155,400,0.00011779379157427924,0.0016648080656658474,-4.535440091956346e-05,0.00028094198406812196
containerd/containerd,causal_rolling_mad,latency_log,rerun_rate,1,high,400,400,0.0,8.673617379884035e-19,0.009512294334296508,400,0.0,8.673617379884035e-19,0.009512294334296508,400,0.0,8.673617379884035e-19,0.009512294334296508,400,0.0,8.673617379884035e-19,0.009512294334296508,400,0.0,8.673617379884035e-19,0.009512294334296508,400,0.0,8.673617379884035e-19,0.009512294334296508,0,,,,,400,0.0,0.0,0.0,0.0,400,0.0,0.0,0.0,0.0,400,0.0,0.0,0.0,0.0,400,0.0,0.0,0.0,0.0,396,0.0,0.0,0.0,0.0,400,0.021739130434782598,3.47379190913765e-18,0.021739130434782598,0.021739130434782598,0,,,,,400,0.0,0.0,0.0,0.0
containerd/containerd,causal_rolling_mad,latency_log,rerun_rate,1,low,400,400,0.0,8.673617379884035e-19,0.009512294334296508,400,0.0,8.673617379884035e-19,0.009512294334296508,400,0.0,8.673617379884035e-19,0.009512294334296508,400,0.0,8.673617379884035e-19,0.009512294334296508,400,0.0,8.673617379884035e-19,0.009512294334296508,400,0.0,8.673617379884035e-19,0.009512294334296508,0,,,,,400,0.0,0.0,0.0,0.0,400,0.0,0.0,0.0,0.0,400,0.0,0.0,0.0,0.0,400,0.0,0.0,0.0,0.0,397,0.0,0.0,0.0,0.0,400,0.021739130434782598,3.47379190913765e-18,0.021739130434782598,0.021739130434782598,0,,,,,400,0.0,0.0,0.0,0.0
containerd/containerd,causal_rolling_mad,latency_log,rerun_rate,1,medium,400,400,0.0,8.673617379884035e-19,0.009512294334296508,400,0.0,8.673617379884035e-19,0.009512294334296508,400,0.0,8.673617379884035e-19,0.009512294334296508,400,0.0,8.673617379884035e-19,0.009512294334296508,400,0.0,8.673617379884035e-19,0.009512294334296508,400,0.0,8.673617379884035e-19,0.009512294334296508,0,,,,,400,0.0,0.0,0.0,0.0,400,0.0,0.0,0.0,0.0,400,0.0,0.0,0.0,0.0,400,0.0,0.0,0.0,0.0,397,0.0,0.0,0.0,0.0,400,0.021739130434782598,3.47379190913765e-18,0.021739130434782598,0.021739130434782598,0,,,,,400,0.0,0.0,0.0,0.0
containerd/containerd,causal_rolling_mad,rerun_rate,failure_rate,1,high,400,400,0.0,8.673617379884035e-19,0.009512294334296508,400,0.0,8.673617379884035e-19,0.009512294334296508,400,0.0,8.673617379884035e-19,0.009512294334296508,400,0.0,8.673617379884035e-19,0.009512294334296508,400,0.0,8.673617379884035e-19,0.009512294334296508,400,0.0,8.673617379884035e-19,0.009512294334296508,0,,,,,400,0.0,0.0,0.0,0.0,400,0.0,0.0,0.0,0.0,400,0.0,0.0,0.0,0.0,400,0.0,0.0,0.0,0.0,397,0.0,0.0,0.0,0.0,400,0.021739130434782598,3.47379190913765e-18,0.021739130434782598,0.021739130434782598,0,,,,,400,0.0,0.0,0.0,0.0
containerd/containerd,causal_rolling_mad,rerun_rate,failure_rate,1,low,400,400,0.0,8.673617379884035e-19,0.009512294334296508,400,0.0,8.673617379884035e-19,0.009512294334296508,400,0.0,8.673617379884035e-19,0.009512294334296508,400,0.0,8.673617379884035e-19,0.009512294334296508,400,0.0,8.673617379884035e-19,0.009512294334296508,400,0.0,8.673617379884035e-19,0.009512294334296508,0,,,,,400,0.0,0.0,0.0,0.0,400,0.0,0.0,0.0,0.0,400,0.0,0.0,0.0,0.0,400,0.0,0.0,0.0,0.0,398,0.0,0.0,0.0,0.0,400,0.021739130434782598,3.47379190913765e-18,0.021739130434782598,0.021739130434782598,0,,,,,400,0.0,0.0,0.0,0.0
containerd/containerd,causal_rolling_mad,rerun_rate,failure_rate,1,medium,400,400,0.0,8.673617379884035e-19,0.009512294334296508,400,0.0,8.673617379884035e-19,0.009512294334296508,400,0.0,8.673617379884035e-19,0.009512294334296508,400,0.0,8.673617379884035e-19,0.009512294334296508,400,0.0,8.673617379884035e-19,0.009512294334296508,400,0.0,8.673617379884035e-19,0.009512294334296508,0,,,,,400,0.0,0.0,0.0,0.0,400,0.0,0.0,0.0,0.0,400,0.0,0.0,0.0,0.0,400,0.0,0.0,0.0,0.0,398,0.0,0.0,0.0,0.0,400,0.021739130434782598,3.47379190913765e-18,0.021739130434782598,0.021739130434782598,0,,,,,400,0.0,0.0,0.0,0.0
containerd/containerd,causal_rolling_mad,rerun_rate,failure_rate+rerun_rate,2,high,400,400,0.7525,0.7079392288053334,0.7922570625558467,400,0.7525,0.7079392288053334,0.7922570625558467,400,0.7525,0.7079392288053334,0.7922570625558467,400,0.7625,0.7184235572819022,0.8015824881925919,400,0.7625,0.7184235572819022,0.8015824881925919,400,0.7625,0.7184235572819022,0.8015824881925919,301,0.9833887043189369,0.12802270009122968,0.968925922794908,0.9978514858429658,400,0.0,0.0,0.0,0.0,400,2.28,1.9827830369025685,2.0856908329257005,2.474309167074299,400,0.02,0.14017532881009245,0.006263070200557948,0.03373692979944205,400,0.0,0.0,0.0,0.0,400,0.4788690476190476,0.3021958330869742,0.44925440016262025,0.508483695075475,400,0.021739130434782598,3.47379190913765e-18,0.021739130434782598,0.021739130434782598,305,0.980327868852459,0.12672451489242162,0.9661059299444759,0.9945498077604422,400,0.00045983086680760995,0.0032230643829379703,0.00014397636128699818,0.0007756853723282218
containerd/containerd,causal_rolling_mad,rerun_rate,failure_rate+rerun_rate,2,low,400,400,0.3025,0.25953936408389566,0.3492179921781514,400,0.3025,0.25953936408389566,0.3492179921781514,400,0.3025,0.25953936408389566,0.3492179921781514,400,0.3075,0.2642873977313039,0.3543748355874003,400,0.3075,0.2642873977313039,0.3543748355874003,400,0.3075,0.2642873977313039,0.3543748355874003,121,1.0743801652892562,0.5190582699498253,0.9818951184729537,1.1668652121055585,400,0.0,0.0,0.0,0.0,400,0.545,0.9876302617045443,0.44821401285086127,0.6417859871491388,400,0.005,0.07062201265667244,-0.0019208300661404916,0.011920830066140493,400,0.0,0.0,0.0,0.0,400,0.1365922619047619,0.23255310937080606,0.1138024759617827,0.1593820478477411,400,0.021739130434782598,3.47379190913765e-18,0.021739130434782598,0.021739130434782598,123,0.983739837398374,0.12699166342835744,0.9612973625449195,1.0061823122518285,400,0.0001136363636363635,0.001605045742197099,-4.365522877592022e-05,0.0002709279560486472
containerd/containerd,causal_rolling_mad,rerun_rate,failure_rate+rerun_rate,2,medium,400,400,0.605,0.5563126557323714,0.6516897624574263,400,0.605,0.5563126557323714,0.6516897624574263,400,0.605,0.5563126557323714,0.6516897624574263,400,0.605,0.5563126557323714,0.6516897624574263,400,0.605,0.5563126557323714,0.6516897624574263,400,0.605,0.5563126557323714,0.6516897624574263,242,0.9958677685950413,0.32205169405799217,0.9552920709192901,1.0364434662707926,400,0.0,0.0,0.0,0.0,400,1.4625,1.6171368460793194,1.304023501180592,1.6209764988194078,400,0.005,0.07062201265667242,-0.00192083006614049,0.01192083006614049,400,0.0,0.0,0.0,0.0,400,0.3323363095238095,0.3129994371545143,0.3016629283236017,0.3630096907240173,400,0.021739130434782598,3.47379190913765e-18,0.021739130434782598,0.021739130434782598,242,0.9958677685950413,0.0453601433890831,0.9901527871226795,1.001582750067403,400,0.0001162790697674415,0.0016423723873644697,-4.467046665442985e-05,0.00027722860618931285
containerd/containerd,causal_rolling_mad,rerun_rate,latency_log,1,high,400,400,0.0,8.673617379884035e-19,0.009512294334296508,400,0.0,8.673617379884035e-19,0.009512294334296508,400,0.0,8.673617379884035e-19,0.009512294334296508,400,0.0,8.673617379884035e-19,0.009512294334296508,400,0.0,8.673617379884035e-19,0.009512294334296508,400,0.0,8.673617379884035e-19,0.009512294334296508,0,,,,,400,0.0,0.0,0.0,0.0,400,0.0,0.0,0.0,0.0,400,0.0,0.0,0.0,0.0,400,0.0,0.0,0.0,0.0,400,0.0,0.0,0.0,0.0,400,0.021739130434782598,3.47379190913765e-18,0.021739130434782598,0.021739130434782598,0,,,,,400,0.0,0.0,0.0,0.0
containerd/containerd,causal_rolling_mad,rerun_rate,latency_log,1,low,400,400,0.0,8.673617379884035e-19,0.009512294334296508,400,0.0,8.673617379884035e-19,0.009512294334296508,400,0.0,8.673617379884035e-19,0.009512294334296508,400,0.0,8.673617379884035e-19,0.009512294334296508,400,0.0,8.673617379884035e-19,0.009512294334296508,400,0.0,8.673617379884035e-19,0.009512294334296508,0,,,,,400,0.0,0.0,0.0,0.0,400,0.0,0.0,0.0,0.0,400,0.0,0.0,0.0,0.0,400,0.0,0.0,0.0,0.0,400,0.0,0.0,0.0,0.0,400,0.021739130434782598,3.47379190913765e-18,0.021739130434782598,0.021739130434782598,0,,,,,400,0.0,0.0,0.0,0.0
containerd/containerd,causal_rolling_mad,rerun_rate,latency_log,1,medium,400,400,0.0,8.673617379884035e-19,0.009512294334296508,400,0.0,8.673617379884035e-19,0.009512294334296508,400,0.0,8.673617379884035e-19,0.009512294334296508,400,0.0,8.673617379884035e-19,0.009512294334296508,400,0.0,8.673617379884035e-19,0.009512294334296508,400,0.0,8.673617379884035e-19,0.009512294334296508,0,,,,,400,0.0,0.0,0.0,0.0,400,0.0,0.0,0.0,0.0,400,0.0,0.0,0.0,0.0,400,0.0,0.0,0.0,0.0,398,0.0,0.0,0.0,0.0,400,0.021739130434782598,3.47379190913765e-18,0.021739130434782598,0.021739130434782598,0,,,,,400,0.0,0.0,0.0,0.0
containerd/containerd,causal_rolling_mad,rerun_rate,latency_log+failure_rate,2,high,400,400,0.0,8.673617379884035e-19,0.009512294334296508,400,0.0,8.673617379884035e-19,0.009512294334296508,400,0.0,8.673617379884035e-19,0.009512294334296508,400,0.0,8.673617379884035e-19,0.009512294334296508,400,0.0,8.673617379884035e-19,0.009512294334296508,400,0.0,8.673617379884035e-19,0.009512294334296508,0,,,,,400,0.0,0.0,0.0,0.0,400,0.0,0.0,0.0,0.0,400,0.0,0.0,0.0,0.0,400,0.0,0.0,0.0,0.0,396,0.0,0.0,0.0,0.0,400,0.021739130434782598,3.47379190913765e-18,0.021739130434782598,0.021739130434782598,0,,,,,400,0.0,0.0,0.0,0.0
containerd/containerd,causal_rolling_mad,rerun_rate,latency_log+failure_rate,2,low,400,400,0.0,8.673617379884035e-19,0.009512294334296508,400,0.0,8.673617379884035e-19,0.009512294334296508,400,0.0,8.673617379884035e-19,0.009512294334296508,400,0.0,8.673617379884035e-19,0.009512294334296508,400,0.0,8.673617379884035e-19,0.009512294334296508,400,0.0,8.673617379884035e-19,0.009512294334296508,0,,,,,400,0.0,0.0,0.0,0.0,400,0.0,0.0,0.0,0.0,400,0.0,0.0,0.0,0.0,400,0.0,0.0,0.0,0.0,397,0.0,0.0,0.0,0.0,400,0.021739130434782598,3.47379190913765e-18,0.021739130434782598,0.021739130434782598,0,,,,,400,0.0,0.0,0.0,0.0
containerd/containerd,causal_rolling_mad,rerun_rate,latency_log+failure_rate,2,medium,400,400,0.0,8.673617379884035e-19,0.009512294334296508,400,0.0,8.673617379884035e-19,0.009512294334296508,400,0.0,8.673617379884035e-19,0.009512294334296508,400,0.0,8.673617379884035e-19,0.009512294334296508,400,0.0,8.673617379884035e-19,0.009512294334296508,400,0.0,8.673617379884035e-19,0.009512294334296508,0,,,,,400,0.0,0.0,0.0,0.0,400,0.0,0.0,0.0,0.0,400,0.0,0.0,0.0,0.0,400,0.0,0.0,0.0,0.0,398,0.0,0.0,0.0,0.0,400,0.021739130434782598,3.47379190913765e-18,0.021739130434782598,0.021739130434782598,0,,,,,400,0.0,0.0,0.0,0.0
containerd/containerd,causal_rolling_mad,rerun_rate,latency_log+failure_rate+rerun_rate,3,high,400,400,0.7525,0.7079392288053334,0.7922570625558467,400,0.7525,0.7079392288053334,0.7922570625558467,400,0.7525,0.7079392288053334,0.7922570625558467,400,0.7675,0.7236773296522552,0.8062335928788962,400,0.7675,0.7236773296522552,0.8062335928788962,400,0.7675,0.7236773296522552,0.8062335928788962,301,0.9634551495016611,0.18795395397559717,0.9422219074985684,0.9846883915047538,400,0.0,0.0,0.0,0.0,400,2.315,2.001446845080881,2.118861813333508,2.511138186666492,400,0.025,0.1563204728292616,0.00968087516041876,0.04031912483958124,400,0.0,0.0,0.0,0.0,400,0.4800297619047619,0.3021665337318939,0.4504179857323709,0.5096415380771528,400,0.021739130434782598,3.47379190913765e-18,0.021739130434782598,0.021739130434782598,307,0.9739413680781759,0.1489783392667245,0.9572764941715144,0.9906062419848374,400,0.0005734672304439735,0.0035860210419880398,0.00022204362593900576,0.0009248908349489412
containerd/containerd,causal_rolling_mad,rerun_rate,latency_log+failure_rate+rerun_rate,3,low,400,400,0.3125,0.2690415608130786,0.35952554956228255,400,0.3125,0.2690415608130786,0.35952554956228255,400,0.3125,0.2690415608130786,0.35952554956228255,400,0.315,0.2714209156648816,0.3620986332388081,400,0.315,0.2714209156648816,0.3620986332388081,400,0.315,0.2714209156648816,0.3620986332388081,125,1.0,0.43994134506405985,0.9228762989039544,1.0771237010960457,400,0.0,0.0,0.0,0.0,400,0.57,1.0137401900547944,0.4706552868905906,0.6693447131094092,400,0.0075,0.08638521873004429,-0.0009655958753750863,0.015965595875375084,400,0.0,0.0,0.0,0.0,399,0.13741198233679436,0.2347980569948316,0.1143733792940558,0.1604505853795329,400,0.021739130434782598,3.47379190913765e-18,0.021739130434782598,0.021739130434782598,126,0.9841269841269841,0.10837911120705754,0.9652031817684218,1.0030507864855465,400,0.00017309725158562325,0.0019938562449568114,-2.229706993765783e-05,0.00036849157310890433
containerd/containerd,causal_rolling_mad,rerun_rate,latency_log+failure_rate+rerun_rate,3,medium,400,400,0.625,0.5765790058795889,0.671042920536837,400,0.625,0.5765790058795889,0.671042920536837,400,0.625,0.5765790058795889,0.671042920536837,400,0.6325,0.5842006805216781,0.6782785614797332,400,0.6325,0.5842006805216781,0.6782785614797332,400,0.6325,0.5842006805216781,0.6782785614797332,250,1.024,0.3344719509073595,0.9825391892764807,1.0654608107235193,400,0.0,0.0,0.0,0.0,400,1.485,1.6283130868392386,1.3254282497119927,1.6445717502880075,400,0.01,0.09962335082737976,0.0002370910179568548,0.019762908982043144,400,0.0,0.0,0.0,0.0,397,0.33504258126424374,0.3047834856772939,0.3050617086441677,0.3650234538843198,400,0.021739130434782598,3.47379190913765e-18,0.021739130434782598,0.021739130434782598,253,0.9861660079051383,0.11271506828161933,0.9722770452909844,1.0000549705192923,400,0.000228594080338266,0.002277446112902376,5.40846243729607e-06,0.00045177969823923593
containerd/containerd,causal_rolling_mad,rerun_rate,latency_log+rerun_rate,2,high,400,400,0.755,0.710557459419624,0.7945912704698848,400,0.755,0.710557459419624,0.7945912704698848,400,0.755,0.710557459419624,0.7945912704698848,400,0.7575,0.7131775779269679,0.7969235904908692,400,0.7575,0.7131775779269679,0.7969235904908692,400,0.7575,0.7131775779269679,0.7969235904908692,302,0.9602649006622517,0.19566038452613163,0.9381976858708464,0.982332115453657,400,0.0,0.0,0.0,0.0,400,2.2675,1.9826171281141827,2.0732070916881984,2.4617929083118018,400,0.0075,0.08638521873004427,-0.0009655958753750846,0.015965595875375084,400,0.0,0.0,0.0,0.0,396,0.48526936026936024,0.2992644012113512,0.45579424197365354,0.514744478565067,400,0.021739130434782598,3.47379190913765e-18,0.021739130434782598,0.021739130434782598,303,0.9933993399339934,0.07016533643223671,0.9854989343243449,1.001299745543642,400,0.00017309725158562325,0.001993856244956812,-2.2297069937657885e-05,0.0003684915731089044
containerd/containerd,causal_rolling_mad,rerun_rate,latency_log+rerun_rate,2,low,400,400,0.3175,0.27380177308238884,0.36467021434962943,400,0.3175,0.27380177308238884,0.36467021434962943,400,0.3175,0.27380177308238884,0.36467021434962943,400,0.3225,0.27856795807266865,0.3698089064160066,400,0.3225,0.27856795807266865,0.3698089064160066,400,0.3225,0.27856795807266865,0.3698089064160066,127,1.125984251968504,0.7452721457149749,0.9963675041522349,1.255600999784773,400,0.0,0.0,0.0,0.0,400,0.59,1.0438505928294413,0.4877045216406755,0.6922954783593245,400,0.0075,0.08638521873004429,-0.0009655958753750863,0.015965595875375084,400,0.0,0.0,0.0,0.0,398,0.1422439578846614,0.246041237386851,0.11807185369743609,0.16641606207188672,400,0.021739130434782598,3.47379190913765e-18,0.021739130434782598,0.021739130434782598,129,0.9806201550387597,0.13114729277839007,0.9579886953581622,1.003251614719357,400,0.00017309725158562325,0.001993856244956812,-2.2297069937657885e-05,0.0003684915731089044
containerd/containerd,causal_rolling_mad,rerun_rate,latency_log+rerun_rate,2,medium,400,400,0.62,0.5715045437377642,0.6662125056220047,400,0.62,0.5715045437377642,0.6662125056220047,400,0.62,0.5715045437377642,0.6662125056220047,400,0.635,0.5867439222120918,0.680687758317648,400,0.635,0.5867439222120918,0.680687758317648,400,0.635,0.5867439222120918,0.680687758317648,248,1.0120967741935485,0.33040099350300184,0.9709757810421792,1.053217767344918,400,0.0,0.0,0.0,0.0,400,1.5275,1.6541112296033025,1.3654000781777131,1.689599921822287,400,0.015,0.12170468386708859,0.003073160143533671,0.02692683985646633,400,0.0,0.0,0.0,0.0,397,0.3479219143576826,0.3084568163027018,0.31757970438585653,0.3782641243295087,400,0.021739130434782598,3.47379190913765e-18,0.021739130434782598,0.021739130434782598,254,0.9763779527559056,0.15216835533629425,0.9576644287164595,0.9950914767953516,400,0.00034090909090909045,0.0027660155424338276,6.984454871667426e-05,0.0006119736331015066
containerd/containerd,causal_rolling_mad,rerun_rate,rerun_rate,1,high,400,400,0.7625,0.7184235572819022,0.8015824881925919,400,0.7625,0.7184235572819022,0.8015824881925919,400,0.7625,0.7184235572819022,0.8015824881925919,400,0.765,0.7210494588154521,0.8039090251873708,400,0.765,0.7210494588154521,0.8039090251873708,400,0.765,0.7210494588154521,0.8039090251873708,305,0.9540983606557377,0.2096156966769339,0.9305737755758545,0.9776229457356209,400,0.0,0.0,0.0,0.0,400,2.325,2.0222756976964673,2.126820623285216,2.5231793767147845,400,0.005,0.07062201265667242,-0.00192083006614049,0.01192083006614049,400,0.0,0.0,0.0,0.0,396,0.5016534391534392,0.30334359609397094,0.471776553219384,0.5315303250874944,400,0.021739130434782598,3.47379190913765e-18,0.021739130434782598,0.021739130434782598,306,0.9950980392156863,0.06382987272336069,0.9879463051631292,1.0022497732682434,400,0.00011495771670190249,0.0016238168606745491,-4.4173411518648055e-05,0.00027408884492245304
containerd/containerd,causal_rolling_mad,rerun_rate,rerun_rate,1,low,400,400,0.3375,0.2929016377213044,0.38518985793734206,400,0.3375,0.2929016377213044,0.38518985793734206,400,0.3375,0.2929016377213044,0.38518985793734206,400,0.345,0.30008782799282613,0.3928609832508057,400,0.345,0.30008782799282613,0.3928609832508057,400,0.345,0.30008782799282613,0.3928609832508057,135,1.0888888888888888,0.6631749354618853,0.9770200036080036,1.2007577741697741,400,0.0,0.0,0.0,0.0,400,0.605,1.0082243255976404,0.5061958316745719,0.703804168325428,400,0.0175,0.13128915456069917,0.004633899275015854,0.03036610072498415,400,0.0,0.0,0.0,0.0,397,0.1523029866858582,0.24750167691108826,0.12795679800625495,0.17664917536546146,400,0.021739130434782598,3.47379190913765e-18,0.021739130434782598,0.021739130434782598,138,0.9637681159420289,0.16695732615554298,0.9359124190138093,0.9916238128702486,400,0.0004030126849894282,0.0030236953182692337,0.0001066959887879245,0.000699329381190932
containerd/containerd,causal_rolling_mad,rerun_rate,rerun_rate,1,medium,400,400,0.64,0.591834465196668,0.685502092389729,400,0.64,0.591834465196668,0.685502092389729,400,0.64,0.591834465196668,0.685502092389729,400,0.64,0.591834465196668,0.685502092389729,400,0.64,0.591834465196668,0.685502092389729,400,0.64,0.591834465196668,0.685502092389729,256,1.015625,0.34263969528400195,0.9736524085980987,1.0575975914019013,400,0.0,0.0,0.0,0.0,400,1.6025,1.6526711878464648,1.440541199676695,1.764458800323305,400,0.0075,0.08638521873004427,-0.0009655958753750846,0.015965595875375084,400,0.0,0.0,0.0,0.0,397,0.35750269881252256,0.3104916034107557,0.3269603313651037,0.3880450662599414,400,0.021739130434782598,3.47379190913765e-18,0.021739130434782598,0.021739130434782598,256,0.994140625,0.05391390876966286,0.9875362925341051,1.0007449574658949,400,0.00017441860465116222,0.0020089585751173027,-2.2455718031978657e-05,0.0003712929273343031
containerd/containerd,causal_rolling_mad,two_of_three,failure_rate,1,high,400,400,0.0,8.673617379884035e-19,0.009512294334296508,400,0.0,8.673617379884035e-19,0.009512294334296508,400,0.0,8.673617379884035e-19,0.009512294334296508,400,0.0,8.673617379884035e-19,0.009512294334296508,400,0.0,8.673617379884035e-19,0.009512294334296508,400,0.0,8.673617379884035e-19,0.009512294334296508,0,,,,,400,0.0,0.0,0.0,0.0,400,0.0,0.0,0.0,0.0,400,0.0,0.0,0.0,0.0,400,0.0,0.0,0.0,0.0,397,0.0,0.0,0.0,0.0,400,0.021739130434782598,3.47379190913765e-18,0.021739130434782598,0.021739130434782598,0,,,,,400,0.0,0.0,0.0,0.0
containerd/containerd,causal_rolling_mad,two_of_three,failure_rate,1,low,400,400,0.0,8.673617379884035e-19,0.009512294334296508,400,0.0,8.673617379884035e-19,0.009512294334296508,400,0.0,8.673617379884035e-19,0.009512294334296508,400,0.0,8.673617379884035e-19,0.009512294334296508,400,0.0,8.673617379884035e-19,0.009512294334296508,400,0.0,8.673617379884035e-19,0.009512294334296508,0,,,,,400,0.0,0.0,0.0,0.0,400,0.0,0.0,0.0,0.0,400,0.0,0.0,0.0,0.0,400,0.0,0.0,0.0,0.0,398,0.0,0.0,0.0,0.0,400,0.021739130434782598,3.47379190913765e-18,0.021739130434782598,0.021739130434782598,0,,,,,400,0.0,0.0,0.0,0.0
containerd/containerd,causal_rolling_mad,two_of_three,failure_rate,1,medium,400,400,0.0,8.673617379884035e-19,0.009512294334296508,400,0.0,8.673617379884035e-19,0.009512294334296508,400,0.0,8.673617379884035e-19,0.009512294334296508,400,0.0,8.673617379884035e-19,0.009512294334296508,400,0.0,8.673617379884035e-19,0.009512294334296508,400,0.0,8.673617379884035e-19,0.009512294334296508,0,,,,,400,0.0,0.0,0.0,0.0,400,0.0,0.0,0.0,0.0,400,0.0,0.0,0.0,0.0,400,0.0,0.0,0.0,0.0,398,0.0,0.0,0.0,0.0,400,0.021739130434782598,3.47379190913765e-18,0.021739130434782598,0.021739130434782598,0,,,,,400,0.0,0.0,0.0,0.0
containerd/containerd,causal_rolling_mad,two_of_three,failure_rate+rerun_rate,2,high,400,400,0.58,0.5310957511319983,0.6273822817745143,400,0.58,0.5310957511319983,0.6273822817745143,400,0.58,0.5310957511319983,0.6273822817745143,400,0.58,0.5310957511319983,0.6273822817745143,400,0.58,0.5310957511319983,0.6273822817745143,400,0.58,0.5310957511319983,0.6273822817745143,232,1.0129310344827587,0.14655062651609016,0.9940732018050653,1.031788867160452,400,0.0,0.0,0.0,0.0,400,1.38,1.5817252089384801,1.2249937778520743,1.5350062221479255,400,0.0,0.0,0.0,0.0,400,0.0,0.0,0.0,0.0,400,0.30663690476190475,0.2934025080070533,0.27788398732852726,0.33538982219528224,400,0.021739130434782598,3.47379190913765e-18,0.021739130434782598,0.021739130434782598,232,1.0,0.0,1.0,1.0,400,0.0,0.0,0.0,0.0
containerd/containerd,causal_rolling_mad,two_of_three,failure_rate+rerun_rate,2,low,400,400,0.035,0.02096129419797776,0.057885139532918004,400,0.035,0.02096129419797776,0.057885139532918004,400,0.035,0.02096129419797776,0.057885139532918004,400,0.035,0.02096129419797776,0.057885139532918004,400,0.035,0.02096129419797776,0.057885139532918004,400,0.035,0.02096129419797776,0.057885139532918004,14,1.1428571428571428,0.5345224838248487,0.8628622879228494,1.4228519977914362,400,0.0,0.0,0.0,0.0,400,0.0475,0.2746494690092585,0.02058484661844018,0.07441515338155982,400,0.0,0.0,0.0,0.0,400,0.0,0.0,0.0,0.0,400,0.0134375,0.07724742069324644,0.005867391877131144,0.021007608122868855,400,0.021739130434782598,3.47379190913765e-18,0.021739130434782598,0.021739130434782598,14,1.0,0.0,1.0,1.0,400,0.0,0.0,0.0,0.0
containerd/containerd,causal_rolling_mad,two_of_three,failure_rate+rerun_rate,2,medium,400,400,0.33,0.28572827595866784,0.377505904114993,400,0.33,0.28572827595866784,0.377505904114993,400,0.33,0.28572827595866784,0.377505904114993,400,0.33,0.28572827595866784,0.377505904114993,400,0.33,0.28572827595866784,0.377505904114993,400,0.33,0.28572827595866784,0.377505904114993,132,1.128787878787879,0.4351941398892446,1.0545468187674223,1.2030289388083355,400,0.0,0.0,0.0,0.0,400,0.5575,0.945477959250543,0.4648448625846253,0.6501551374153747,400,0.0,0.0,0.0,0.0,400,0.0,0.0,0.0,0.0,400,0.129375,0.21418870506739168,0.10838489260863202,0.15036510739136796,400,0.021739130434782598,3.47379190913765e-18,0.021739130434782598,0.021739130434782598,132,1.0,0.0,1.0,1.0,400,0.0,0.0,0.0,0.0
containerd/containerd,causal_rolling_mad,two_of_three,latency_log,1,high,400,400,0.105,0.07862372743733602,0.1388909850867582,400,0.105,0.07862372743733602,0.1388909850867582,400,0.105,0.07862372743733602,0.1388909850867582,400,0.105,0.07862372743733602,0.1388909850867582,400,0.105,0.07862372743733602,0.1388909850867582,400,0.105,0.07862372743733602,0.1388909850867582,42,2.857142857142857,1.6165520152839088,2.3682506337785605,3.346035080507154,400,0.0,0.0,0.0,0.0,400,0.105,0.30693733288049124,0.07492069410217277,0.13507930589782724,400,0.0,0.0,0.0,0.0,400,0.0,0.0,0.0,0.0,400,0.023125,0.08070171182030042,0.01521637756707404,0.03103362243292596,400,0.021739130434782598,3.47379190913765e-18,0.021739130434782598,0.021739130434782598,42,1.0,0.0,1.0,1.0,400,0.0,0.0,0.0,0.0
containerd/containerd,causal_rolling_mad,two_of_three,latency_log,1,low,400,400,0.125,0.09611512323676381,0.1610190975139586,400,0.125,0.09611512323676381,0.1610190975139586,400,0.125,0.09611512323676381,0.1610190975139586,400,0.125,0.09611512323676381,0.1610190975139586,400,0.125,0.09611512323676381,0.1610190975139586,400,0.125,0.09611512323676381,0.1610190975139586,50,2.32,1.1146519544646376,2.011039918697723,2.6289600813022767,400,0.0,0.0,0.0,0.0,400,0.125,0.33113308926626095,0.09254955354743209,0.1574504464525679,400,0.0,0.0,0.0,0.0,400,0.0,0.0,0.0,0.0,400,0.0284375,0.0872282523829548,0.019889288344751923,0.03698571165524808,400,0.021739130434782598,3.47379190913765e-18,0.021739130434782598,0.021739130434782598,50,1.0,0.0,1.0,1.0,400,0.0,0.0,0.0,0.0
containerd/containerd,causal_rolling_mad,two_of_three,latency_log,1,medium,400,400,0.1,0.07429925914003437,0.13331057632740284,400,0.1,0.07429925914003437,0.13331057632740284,400,0.1,0.07429925914003437,0.13331057632740284,400,0.1,0.07429925914003437,0.13331057632740284,400,0.1,0.07429925914003437,0.13331057632740284,400,0.1,0.07429925914003437,0.13331057632740284,40,2.775,1.7318657495195677,2.238299105914678,3.311700894085322,400,0.0,0.0,0.0,0.0,400,0.1,0.30037570459305535,0.07056372185833845,0.12943627814166156,400,0.0,0.0,0.0,0.0,400,0.0,0.0,0.0,0.0,398,0.017902010050251257,0.061094615856306204,0.01189982344347855,0.023904196657023966,400,0.021739130434782598,3.47379190913765e-18,0.021739130434782598,0.021739130434782598,40,1.0,0.0,1.0,1.0,400,0.0,0.0,0.0,0.0
containerd/containerd,causal_rolling_mad,two_of_three,latency_log+failure_rate,2,high,400,400,0.58,0.5310957511319983,0.6273822817745143,400,0.58,0.5310957511319983,0.6273822817745143,400,0.58,0.5310957511319983,0.6273822817745143,400,0.58,0.5310957511319983,0.6273822817745143,400,0.58,0.5310957511319983,0.6273822817745143,400,0.58,0.5310957511319983,0.6273822817745143,232,1.0172413793103448,0.1602356825158991,0.9966225818223036,1.037860176798386,400,0.0,0.0,0.0,0.0,400,1.3975,1.6236021556710714,1.2383899124831552,1.5566100875168447,400,0.0,0.0,0.0,0.0,400,0.0,0.0,0.0,0.0,396,0.31433381433381435,0.2946158626678932,0.2853165394131164,0.3433510892545123,400,0.021739130434782598,3.47379190913765e-18,0.021739130434782598,0.021739130434782598,232,1.0,0.0,1.0,1.0,400,0.0,0.0,0.0,0.0
containerd/containerd,causal_rolling_mad,two_of_three,latency_log+failure_rate,2,low,400,400,0.1825,0.14772734739355886,0.22331295950871943,400,0.1825,0.14772734739355886,0.22331295950871943,400,0.1825,0.14772734739355886,0.22331295950871943,400,0.1825,0.14772734739355886,0.22331295950871943,400,0.1825,0.14772734739355886,0.22331295950871943,400,0.1825,0.14772734739355886,0.22331295950871943,73,1.547945205479452,0.9134959692547904,1.3383924883773415,1.7574979225815626,400,0.0,0.0,0.0,0.0,400,0.2625,0.6321334762766277,0.20055205765378525,0.32444794234621477,400,0.0,0.0,0.0,0.0,400,0.0,0.0,0.0,0.0,397,0.06076826196473552,0.1495961793260152,0.04605281901067705,0.07548370491879398,400,0.021739130434782598,3.47379190913765e-18,0.021739130434782598,0.021739130434782598,73,1.0,0.0,1.0,1.0,400,0.0,0.0,0.0,0.0
containerd/containerd,causal_rolling_mad,two_of_three,latency_log+failure_rate,2,medium,400,400,0.335,0.29050908143055376,0.3826299756997641,400,0.335,0.29050908143055376,0.3826299756997641,400,0.335,0.29050908143055376,0.3826299756997641,400,0.335,0.29050908143055376,0.3826299756997641,400,0.335,0.29050908143055376,0.3826299756997641,400,0.335,0.29050908143055376,0.3826299756997641,134,1.2761194029850746,0.6648171329186675,1.1635558235421328,1.3886829824280165,400,0.0,0.0,0.0,0.0,400,0.6475,1.1408319305376824,0.535700525186642,0.7592994748133579,400,0.0,0.0,0.0,0.0,400,0.0,0.0,0.0,0.0,398,0.1407035175879397,0.22582400480525888,0.11851763757000369,0.1628893976058757,400,0.021739130434782598,3.47379190913765e-18,0.021739130434782598,0.021739130434782598,134,1.0,0.0,1.0,1.0,400,0.0,0.0,0.0,0.0
containerd/containerd,causal_rolling_mad,two_of_three,latency_log+failure_rate+rerun_rate,3,high,400,400,0.75,0.7053228670693259,0.7899209857635259,400,0.75,0.7053228670693259,0.7899209857635259,400,0.75,0.7053228670693259,0.7899209857635259,400,0.75,0.7053228670693259,0.7899209857635259,400,0.75,0.7053228670693259,0.7899209857635259,400,0.75,0.7053228670693259,0.7899209857635259,300,1.0,0.0,1.0,1.0,400,0.0,0.0,0.0,0.0,400,2.2775,2.023791758730815,2.079172052033931,2.4758279479660685,400,0.0,0.0,0.0,0.0,400,0.0,0.0,0.0,0.0,400,0.4748214285714286,0.2963346255005891,0.4457811689037626,0.5038616882390946,400,0.021739130434782598,3.47379190913765e-18,0.021739130434782598,0.021739130434782598,300,1.0,0.0,1.0,1.0,400,0.0,0.0,0.0,0.0
containerd/containerd,causal_rolling_mad,two_of_three,latency_log+failure_rate+rerun_rate,3,low,400,400,0.4,0.3531615288938136,0.4487409299730458,400,0.4,0.3531615288938136,0.4487409299730458,400,0.4,0.3531615288938136,0.4487409299730458,400,0.4,0.3531615288938136,0.4487409299730458,400,0.4,0.3531615288938136,0.4487409299730458,400,0.4,0.3531615288938136,0.4487409299730458,160,1.19375,0.6294339575509404,1.096219989986532,1.2912800100134683,400,0.0,0.0,0.0,0.0,400,0.6575,0.9887557052232513,0.5606037214126962,0.7543962785873037,400,0.0,0.0,0.0,0.0,400,0.0,0.0,0.0,0.0,399,0.1578798185941043,0.23026725641141965,0.13528578190529147,0.18047385528291712,400,0.021739130434782598,3.47379190913765e-18,0.021739130434782598,0.021739130434782598,160,1.0,0.0,1.0,1.0,400,0.0,0.0,0.0,0.0
containerd/containerd,causal_rolling_mad,two_of_three,latency_log+failure_rate+rerun_rate,3,medium,400,400,0.655,0.6071390167491942,0.6999121720071738,400,0.655,0.6071390167491942,0.6999121720071738,400,0.655,0.6071390167491942,0.6999121720071738,400,0.655,0.6071390167491942,0.6999121720071738,400,0.655,0.6071390167491942,0.6999121720071738,400,0.655,0.6071390167491942,0.6999121720071738,262,1.034351145038168,0.2528825367125274,1.0037303625378804,1.0649719275384555,400,0.0,0.0,0.0,0.0,400,1.615,1.6952757592053789,1.448866028404683,1.781133971595317,400,0.0,0.0,0.0,0.0,400,0.0,0.0,0.0,0.0,397,0.3574127383951061,0.2983593462264858,0.328063794063862,0.38676168272635025,400,0.021739130434782598,3.47379190913765e-18,0.021739130434782598,0.021739130434782598,262,1.0,0.0,1.0,1.0,400,0.0,0.0,0.0,0.0
containerd/containerd,causal_rolling_mad,two_of_three,latency_log+rerun_rate,2,high,400,400,0.75,0.7053228670693259,0.7899209857635259,400,0.75,0.7053228670693259,0.7899209857635259,400,0.75,0.7053228670693259,0.7899209857635259,400,0.75,0.7053228670693259,0.7899209857635259,400,0.75,0.7053228670693259,0.7899209857635259,400,0.75,0.7053228670693259,0.7899209857635259,300,1.0,0.0,1.0,1.0,400,0.0,0.0,0.0,0.0,400,2.2475,1.9839566426461412,2.053075821676228,2.441924178323772,400,0.0,0.0,0.0,0.0,400,0.0,0.0,0.0,0.0,396,0.47821969696969696,0.29452931721588393,0.44921094607466194,0.507228447864732,400,0.021739130434782598,3.47379190913765e-18,0.021739130434782598,0.021739130434782598,300,1.0,0.0,1.0,1.0,400,0.0,0.0,0.0,0.0
containerd/containerd,causal_rolling_mad,two_of_three,latency_log+rerun_rate,2,low,400,400,0.3125,0.2690415608130786,0.35952554956228255,400,0.3125,0.2690415608130786,0.35952554956228255,400,0.3125,0.2690415608130786,0.35952554956228255,400,0.3125,0.2690415608130786,0.35952554956228255,400,0.3125,0.2690415608130786,0.35952554956228255,400,0.3125,0.2690415608130786,0.35952554956228255,125,1.28,0.7025299901760594,1.1568433256359278,1.4031566743640722,400,0.0,0.0,0.0,0.0,400,0.4925,0.8757059450841013,0.4066823943293776,0.5783176056706224,400,0.0,0.0,0.0,0.0,400,0.0,0.0,0.0,0.0,398,0.1190775305096913,0.2047388184034229,0.09896314601797429,0.13919191500140832,400,0.021739130434782598,3.47379190913765e-18,0.021739130434782598,0.021739130434782598,125,1.0,0.0,1.0,1.0,400,0.0,0.0,0.0,0.0
containerd/containerd,causal_rolling_mad,two_of_three,latency_log+rerun_rate,2,medium,400,400,0.6125,0.5639027294469315,0.6589570043278518,400,0.6125,0.5639027294469315,0.6589570043278518,400,0.6125,0.5639027294469315,0.6589570043278518,400,0.6125,0.5639027294469315,0.6589570043278518,400,0.6125,0.5639027294469315,0.6589570043278518,400,0.6125,0.5639027294469315,0.6589570043278518,245,1.0489795918367346,0.2671360316727519,1.0155294842422564,1.0824296994312128,400,0.0,0.0,0.0,0.0,400,1.53,1.6826104554715435,1.365107205363262,1.694892794636738,400,0.0,0.0,0.0,0.0,400,0.0,0.0,0.0,0.0,397,0.3422544080604534,0.3010369591423308,0.31264207291071583,0.3718667432101909,400,0.021739130434782598,3.47379190913765e-18,0.021739130434782598,0.021739130434782598,245,1.0,0.0,1.0,1.0,400,0.0,0.0,0.0,0.0
containerd/containerd,causal_rolling_mad,two_of_three,rerun_rate,1,high,400,400,0.04,0.024769063069711758,0.06398224771784103,400,0.04,0.024769063069711758,0.06398224771784103,400,0.04,0.024769063069711758,0.06398224771784103,400,0.04,0.024769063069711758,0.06398224771784103,400,0.04,0.024769063069711758,0.06398224771784103,400,0.04,0.024769063069711758,0.06398224771784103,16,2.3125,1.1954775893619531,1.7267267451314519,2.898273254868548,400,0.0,0.0,0.0,0.0,400,0.04,0.19620458863518908,0.02077230363367663,0.05922769636632337,400,0.0,0.0,0.0,0.0,400,0.0,0.0,0.0,0.0,396,0.010101010101010102,0.05812679200114351,0.004375992145487707,0.015826028056532496,400,0.021739130434782598,3.47379190913765e-18,0.021739130434782598,0.021739130434782598,16,1.0,0.0,1.0,1.0,400,0.0,0.0,0.0,0.0
containerd/containerd,causal_rolling_mad,two_of_three,rerun_rate,1,low,400,400,0.0,8.673617379884035e-19,0.009512294334296508,400,0.0,8.673617379884035e-19,0.009512294334296508,400,0.0,8.673617379884035e-19,0.009512294334296508,400,0.0,8.673617379884035e-19,0.009512294334296508,400,0.0,8.673617379884035e-19,0.009512294334296508,400,0.0,8.673617379884035e-19,0.009512294334296508,0,,,,,400,0.0,0.0,0.0,0.0,400,0.0,0.0,0.0,0.0,400,0.0,0.0,0.0,0.0,400,0.0,0.0,0.0,0.0,397,0.0,0.0,0.0,0.0,400,0.021739130434782598,3.47379190913765e-18,0.021739130434782598,0.021739130434782598,0,,,,,400,0.0,0.0,0.0,0.0
containerd/containerd,causal_rolling_mad,two_of_three,rerun_rate,1,medium,400,400,0.03,0.017243020965143054,0.05169853570909567,400,0.03,0.017243020965143054,0.05169853570909567,400,0.03,0.017243020965143054,0.05169853570909567,400,0.03,0.017243020965143054,0.05169853570909567,400,0.03,0.017243020965143054,0.05169853570909567,400,0.03,0.017243020965143054,0.05169853570909567,12,1.75,0.7537783614444091,1.3235175797670973,2.1764824202329027,400,0.0,0.0,0.0,0.0,400,0.03,0.1708008557672562,0.01326182370837787,0.04673817629162213,400,0.0,0.0,0.0,0.0,400,0.0,0.0,0.0,0.0,397,0.005667506297229219,0.037259264688522496,0.0020023954200373882,0.009332617174421048,400,0.021739130434782598,3.47379190913765e-18,0.021739130434782598,0.021739130434782598,12,1.0,0.0,1.0,1.0,400,0.0,0.0,0.0,0.0
containerd/containerd,causal_rolling_mad,union,failure_rate,1,high,400,400,0.5975,0.5487342037489487,0.6444108988558637,400,0.6175,0.5689692933715043,0.6637953174599363,400,0.5975,0.5487342037489487,0.6444108988558637,400,0.61,0.5613714064462345,0.6565358888002202,400,0.61,0.5613714064462345,0.6565358888002202,400,0.61,0.5613714064462345,0.6565358888002202,239,0.9037656903765691,0.4139713934757123,0.8512825912995812,0.956248789453557,400,0.04444444444444439,6.9475838182753e-18,0.04444444444444439,0.04444444444444439,400,1.4125,1.5192478517634045,1.2636164463476942,1.561383553652306,400,0.0325,0.1775459275539077,0.015100818819629165,0.04989918118037084,400,0.043125,0.1348543607806358,0.02990951548558915,0.056340484514410843,397,0.33162408540242294,0.3114245254413389,0.3009899484928194,0.3622582223120265,400,0.021739130434782598,3.47379190913765e-18,0.021739130434782598,0.021739130434782598,392,0.3855806608357629,0.34898092023233407,0.3510339471232585,0.4201273745482673,400,0.03361403258508965,0.01676296089436745,0.031971292603728975,0.03525677256645033
containerd/containerd,causal_rolling_mad,union,failure_rate,1,low,400,400,0.1725,0.13863520728428091,0.2125953455046833,400,0.2525,0.21241694139207157,0.29729164430340527,400,0.1725,0.13863520728428091,0.2125953455046833,400,0.18,0.14545031532583302,0.22063755304811672,400,0.18,0.14545031532583302,0.22063755304811672,400,0.18,0.14545031532583302,0.22063755304811672,69,1.4057971014492754,1.1023883240720118,1.1456864418341197,1.665907761064431,400,0.04444444444444439,6.9475838182753e-18,0.04444444444444439,0.04444444444444439,400,0.26,0.6191594269572054,0.19932349112377096,0.32067650887622906,400,0.0175,0.13128915456069917,0.004633899275015854,0.03036610072498415,400,0.0609375,0.16245510995541682,0.04501719176914443,0.07685780823085557,398,0.058626465661641536,0.15931602529843647,0.0429746033839637,0.07427832793931938,400,0.021739130434782598,3.47379190913765e-18,0.021739130434782598,0.021739130434782598,382,0.1712914485165794,0.3096891949726677,0.14023566700131135,0.20234723003184746,400,0.03338484899416472,0.01628720554383994,0.031788732180428346,0.03498096580790109
containerd/containerd,causal_rolling_mad,union,failure_rate,1,medium,400,400,0.3875,0.34104299567214824,0.43609727055306846,400,0.42,0.3726177182254857,0.4689042488680017,400,0.3875,0.34104299567214824,0.43609727055306846,400,0.405,0.3580179525239347,0.4537893833995817,400,0.405,0.3580179525239347,0.4537893833995817,400,0.405,0.3580179525239347,0.4537893833995817,155,1.135483870967742,0.8684769423614479,0.9987611998301456,1.2722065421053383,400,0.04444444444444439,6.9475838182753e-18,0.04444444444444439,0.04444444444444439,400,0.7025,1.05914977487324,0.5987052293507372,0.8062947706492628,400,0.04,0.19620458863518908,0.02077230363367663,0.05922769636632337,400,0.0546875,0.14814505471611972,0.040169551413434486,0.06920544858656552,398,0.15435810002392916,0.2359859127189231,0.13117387233290018,0.17754232771495815,400,0.021739130434782598,3.47379190913765e-18,0.021739130434782598,0.021739130434782598,384,0.27374131944444446,0.3538751141082708,0.23834708679248684,0.3091355520964021,400,0.03272412932465321,0.01760252704932425,0.03099911337197483,0.034449145277331596
containerd/containerd,causal_rolling_mad,union,failure_rate+rerun_rate,2,high,400,400,0.7625,0.7184235572819022,0.8015824881925919,400,0.785,0.7421294764669898,0.8224485157624611,400,0.7625,0.7184235572819022,0.8015824881925919,400,0.7725,0.7289390669951599,0.8108767325926485,400,0.7725,0.7289390669951599,0.8108767325926485,400,0.7725,0.7289390669951599,0.8108767325926485,305,0.9081967213114754,0.3508894159504628,0.8688173806894832,0.9475760619334677,400,0.04444444444444439,6.9475838182753e-18,0.04444444444444439,0.04444444444444439,400,2.2675,1.8867547160126539,2.082601435447705,2.452398564552295,400,0.025,0.1563204728292616,0.00968087516041876,0.04031912483958124,400,0.0465625,0.14152896244860785,0.03269291654157035,0.06043208345842965,400,0.49282738095238093,0.3080074984064738,0.4626432007601326,0.5230115611446293,400,0.021739130434782598,3.47379190913765e-18,0.021739130434782598,0.021739130434782598,396,0.5287878787878787,0.3328739132989423,0.49600249592133483,0.5615732616544226,400,0.03202870807633917,0.016542080561779398,0.030407613969816782,0.03364980218286155
containerd/containerd,causal_rolling_mad,union,failure_rate+rerun_rate,2,low,400,400,0.4725,0.4240692032756731,0.5214539729127131,400,0.51,0.46114904250821503,0.558660711605099,400,0.4725,0.4240692032756731,0.5214539729127131,400,0.4825,0.43393056304490063,0.5314023672567997,400,0.4875,0.4388685044431795,0.5363693029151779,400,0.4925,0.44381128061271025,0.5413314038023042,189,1.1375661375661377,0.9237506814072873,1.005870326682206,1.2692619484500693,400,0.04444444444444439,6.9475838182753e-18,0.04444444444444439,0.04444444444444439,400,0.83,1.0313871234877041,0.7289259191922867,0.9310740808077133,400,0.0275,0.16373996745558456,0.011453778047864686,0.04354622195213531,400,0.0503125,0.1517697267859163,0.03543934007780601,0.065185659922194,400,0.1997172619047619,0.256764293412827,0.1745548235245111,0.22487970028501272,400,0.021739130434782598,3.47379190913765e-18,0.021739130434782598,0.021739130434782598,374,0.3221479500891265,0.3405327837389079,0.2876358634082907,0.3566600367699623,400,0.03222004428901685,0.017805311656355422,0.030475155810018455,0.03396493276801524
containerd/containerd,causal_rolling_mad,union,failure_rate+rerun_rate,2,medium,400,400,0.6575,0.6096946457889129,0.7023089814957836,400,0.67,0.622494095885007,0.7142717240413322,400,0.6575,0.6096946457889129,0.7023089814957836,400,0.6675,0.6199313395835853,0.7118820418144254,400,0.6675,0.6199313395835853,0.7118820418144254,400,0.6675,0.6199313395835853,0.7118820418144254,263,0.935361216730038,0.5165251657829109,0.8729357637325682,0.9977866697275078,400,0.04444444444444439,6.9475838182753e-18,0.04444444444444439,0.04444444444444439,400,1.5925,1.5977564941305482,1.4359227407719573,1.7490772592280428,400,0.0175,0.13128915456069917,0.004633899275015854,0.03036610072498415,400,0.040625,0.11902216206512402,0.028961042449513374,0.052288957550486626,400,0.3721279761904762,0.3187809883332283,0.3408880133860157,0.4033679389949367,400,0.021739130434782598,3.47379190913765e-18,0.021739130434782598,0.021739130434782598,386,0.4484641006661732,0.35267480050428207,0.4132814247351543,0.48364677659719213,400,0.03103142341505102,0.017239703381265764,0.029341963528479308,0.03272088330162273
containerd/containerd,causal_rolling_mad,union,latency_log,1,high,400,400,0.745,0.7000956766555838,0.785243299120611,400,0.77,0.7263071915784445,0.8085561694810355,400,0.745,0.7000956766555838,0.785243299120611,400,0.775,0.7315729789411186,0.8131952591750183,400,0.775,0.7315729789411186,0.8131952591750183,400,0.775,0.7315729789411186,0.8131952591750183,298,0.9060402684563759,0.345091250884407,0.8668594135611707,0.945221123351581,400,0.04444444444444439,6.9475838182753e-18,0.04444444444444439,0.04444444444444439,400,2.5725,2.2798548408260766,2.3490783311000794,2.79592166889992,400,0.065,0.24683459703967625,0.04081065398318888,0.08918934601681112,400,0.0421875,0.13028271684887374,0.029420028358408894,0.05495497164159111,400,0.5124136904761905,0.3312566157547086,0.47995113865019784,0.5448762423021831,400,0.021739130434782598,3.47379190913765e-18,0.021739130434782598,0.021739130434782598,400,0.45392063492063495,0.2969851707015144,0.4248166229947625,0.48302464684650737,400,0.046267171680380276,0.009984468215447366,0.04528871177502719,0.04724563158573336
containerd/containerd,causal_rolling_mad,union,latency_log,1,low,400,400,0.6975,0.6507820078218485,0.7404606359161043,400,0.7275,0.6818568086225227,0.7688150974553725,400,0.6975,0.6507820078218485,0.7404606359161043,400,0.715,0.6688804833361408,0.7570292301001116,400,0.715,0.6688804833361408,0.7570292301001116,400,0.715,0.6688804833361408,0.7570292301001116,279,0.942652329749104,0.5400587407299297,0.8792818509004686,1.0060228085977394,400,0.04444444444444439,6.9475838182753e-18,0.04444444444444439,0.04444444444444439,400,1.82,1.6460174463182216,1.6586932543645847,1.9813067456354154,400,0.0775,0.26771800897740716,0.05126411721957555,0.10373588278042445,400,0.05375,0.1462297690739082,0.039419745957376545,0.06808025404262345,400,0.3882053571428571,0.3074370427502463,0.3580770805776579,0.41833363370805626,400,0.021739130434782598,3.47379190913765e-18,0.021739130434782598,0.021739130434782598,400,0.4021488095238095,0.29372519477320264,0.37336426936843503,0.43093334967918395,400,0.045191112962573804,0.011073594600974991,0.04410592063270839,0.046276305292439215
containerd/containerd,causal_rolling_mad,union,latency_log,1,medium,400,400,0.7625,0.7184235572819022,0.8015824881925919,400,0.7775,0.7342089511162986,0.8155117255281668,400,0.7625,0.7184235572819022,0.8015824881925919,400,0.78,0.7368470079068086,0.8178261072659854,400,0.78,0.7368470079068086,0.8178261072659854,400,0.78,0.7368470079068086,0.8178261072659854,305,0.9180327868852459,0.3670240368944875,0.8768427027495446,0.9592228710209473,400,0.04444444444444439,6.9475838182753e-18,0.04444444444444439,0.04444444444444439,400,2.5275,2.1934611758188383,2.3125447546954097,2.74245524530459,400,0.0725,0.25963875038552003,0.04705587001266978,0.09794412998733021,400,0.0428125,0.1306788803447995,0.030006205049208694,0.05561879495079131,398,0.5150035893754488,0.3213802850259952,0.4834298669544621,0.5465773117964354,400,0.021739130434782598,3.47379190913765e-18,0.021739130434782598,0.021739130434782598,400,0.45473511904761904,0.2963420810205772,0.42569412875241996,0.4837761093428181,400,0.045959163292252775,0.010259625424140491,0.04495373847594343,0.04696458810856212
containerd/containerd,causal_rolling_mad,union,latency_log+failure_rate,2,high,400,400,0.7625,0.7184235572819022,0.8015824881925919,400,0.7825,0.7394871744110122,0.8201383792901101,400,0.7625,0.7184235572819022,0.8015824881925919,400,0.7825,0.7394871744110122,0.8201383792901101,400,0.7825,0.7394871744110122,0.8201383792901101,400,0.7825,0.7394871744110122,0.8201383792901101,305,0.9114754098360656,0.3743847411770804,0.8694592543856259,0.9534915652865052,400,0.04444444444444439,6.9475838182753e-18,0.04444444444444439,0.04444444444444439,400,2.5225,2.2037775156185493,2.306533771972424,2.7384662280275758,400,0.0525,0.22331238445870302,0.030615788457958995,0.074384211542041,400,0.048125,0.14141997170127696,0.03426609743854118,0.061983902561458824,396,0.5199374699374699,0.3178946375554902,0.48862742434036105,0.5512475155345787,400,0.021739130434782598,3.47379190913765e-18,0.021739130434782598,0.021739130434782598,400,0.5247678571428571,0.3416592589282961,0.49128586501865185,0.5582498492670623,400,0.033792939517384955,0.017500472952394996,0.03207792468242938,0.03550795435234053
containerd/containerd,causal_rolling_mad,union,latency_log+failure_rate,2,low,400,400,0.705,0.658528950995276,0.7475710083276624,400,0.7275,0.6818568086225227,0.7688150974553725,400,0.705,0.658528950995276,0.7475710083276624,400,0.72,0.6740660138899559,0.7617485766029535,400,0.72,0.6740660138899559,0.7617485766029535,400,0.7225,0.6766612653345575,0.7641057636866807,282,0.9184397163120568,0.5631764054119549,0.8527090570197041,0.9841703756044095,400,0.04444444444444439,6.9475838182753e-18,0.04444444444444439,0.04444444444444439,400,1.835,1.599741520474738,1.6782282117648084,1.9917717882351915,400,0.035,0.1840099158274005,0.016967359609002412,0.053032640390997594,400,0.05,0.1435213256882694,0.035935168531877434,0.06406483146812257,397,0.41136200071968326,0.31322588841674076,0.3805506677464937,0.4421733336928728,400,0.021739130434782598,3.47379190913765e-18,0.021739130434782598,0.021739130434782598,400,0.4655654761904761,0.33803878435999796,0.43243828405431123,0.498692668326641,400,0.03498227041440982,0.015576077087666102,0.033455842908797565,0.03650869792002208
containerd/containerd,causal_rolling_mad,union,latency_log+failure_rate,2,medium,400,400,0.7725,0.7289390669951599,0.8108767325926485,400,0.795,0.7527205845205713,0.8316671618221938,400,0.7725,0.7289390669951599,0.8108767325926485,400,0.79,0.7474205944599498,0.8270622748261584,400,0.79,0.7474205944599498,0.8270622748261584,400,0.79,0.7474205944599498,0.8270622748261584,309,0.8867313915857605,0.40706264357845856,0.8413445355538101,0.932118247617711,400,0.04444444444444439,6.9475838182753e-18,0.04444444444444439,0.04444444444444439,400,2.465,2.096368742555065,2.2595596383138274,2.6704403616861723,400,0.05,0.21821789023599236,0.028615039717757015,0.07138496028224299,400,0.045,0.13826258117575943,0.03145051602429829,0.058549483975701706,398,0.5246081598468533,0.3185288949047121,0.49331456973141874,0.5559017499622878,400,0.021739130434782598,3.47379190913765e-18,0.021739130434782598,0.021739130434782598,400,0.5346815476190475,0.342852257440007,0.5010826437890141,0.5682804514490809,400,0.03304419814520342,0.01808669403606804,0.03127173469969898,0.03481666159070786
containerd/containerd,causal_rolling_mad,union,latency_log+failure_rate+rerun_rate,3,high,400,400,0.7675,0.7236773296522552,0.8062335928788962,400,0.7975,0.7553739799055185,0.833966204965575,400,0.7675,0.7236773296522552,0.8062335928788962,400,0.78,0.7368470079068086,0.8178261072659854,400,0.78,0.7368470079068086,0.8178261072659854,400,0.78,0.7368470079068086,0.8178261072659854,307,0.9022801302931596,0.4085219808679461,0.8565824313338819,0.9479778292524372,400,0.04444444444444439,6.9475838182753e-18,0.04444444444444439,0.04444444444444439,400,2.5475,2.213592946848142,2.3305718773872877,2.764428122612712,400,0.05,0.21821789023599233,0.02861503971775702,0.07138496028224299,400,0.05,0.1560697581966439,0.03470544474293516,0.06529455525706485,400,0.521342261904762,0.31869876937737707,0.4901103564099172,0.5525741673996067,400,0.021739130434782598,3.47379190913765e-18,0.021739130434782598,0.021739130434782598,398,0.5423376804658212,0.33730722417861464,0.5091992299664458,0.5754761309651966,400,0.03302614286920714,0.01760718161187295,0.031300670777780794,0.03475161496063348
containerd/containerd,causal_rolling_mad,union,latency_log+failure_rate+rerun_rate,3,low,400,400,0.7475,0.7027083556965948,0.7875830586079285,400,0.765,0.7210494588154521,0.8039090251873708,400,0.7475,0.7027083556965948,0.7875830586079285,400,0.76,0.715799603858965,0.7992540030872007,400,0.76,0.715799603858965,0.7992540030872007,400,0.7625,0.7184235572819022,0.8015824881925919,299,0.8929765886287625,0.43571760926147823,0.8435890242404409,0.9423641530170841,400,0.04444444444444439,6.9475838182753e-18,0.04444444444444439,0.04444444444444439,400,2.0,1.6694212825246855,1.8363997205613476,2.1636002794386524,400,0.0425,0.20197955180753058,0.022706367642184908,0.0622936323578151,400,0.0415625,0.12017268733244571,0.029785793045150683,0.053339206954849325,399,0.4387486573576798,0.29940800455724387,0.4093704663577235,0.4681268483576361,400,0.021739130434782598,3.47379190913765e-18,0.021739130434782598,0.021739130434782598,397,0.5115509175962576,0.33660309290735396,0.4784400210870416,0.5446618141054737,400,0.03187391736150203,0.017065672325469627,0.030201512205007913,0.03354632251799615
containerd/containerd,causal_rolling_mad,union,latency_log+failure_rate+rerun_rate,3,medium,400,400,0.75,0.7053228670693259,0.7899209857635259,400,0.775,0.7315729789411186,0.8131952591750183,400,0.75,0.7053228670693259,0.7899209857635259,400,0.7625,0.7184235572819022,0.8015824881925919,400,0.7625,0.7184235572819022,0.8015824881925919,400,0.7625,0.7184235572819022,0.8015824881925919,300,0.9466666666666667,0.39709087048217295,0.9017324302497151,0.9916009030836183,400,0.04444444444444439,6.9475838182753e-18,0.04444444444444439,0.04444444444444439,400,2.4225,2.15304034025536,2.2115059237918815,2.6334940762081183,400,0.03,0.17080085576725623,0.01326182370837787,0.04673817629162213,400,0.0475,0.1348325797476393,0.034286649987600115,0.060713350012399886,397,0.5041021950341849,0.3173278159948174,0.4728873645816558,0.5353170254867139,400,0.021739130434782598,3.47379190913765e-18,0.021739130434782598,0.021739130434782598,398,0.5369506261466062,0.3471015193045877,0.5028499437679738,0.5710513085252386,400,0.03142390122309216,0.017325313757143832,0.029726051673849247,0.03312175077233507
containerd/containerd,causal_rolling_mad,union,latency_log+rerun_rate,2,high,400,400,0.765,0.7210494588154521,0.8039090251873708,400,0.775,0.7315729789411186,0.8131952591750183,400,0.765,0.7210494588154521,0.8039090251873708,400,0.7825,0.7394871744110122,0.8201383792901101,400,0.7825,0.7394871744110122,0.8201383792901101,400,0.7825,0.7394871744110122,0.8201383792901101,306,0.9117647058823529,0.37380474897571647,0.869882244924871,0.9536471668398349,400,0.04444444444444439,6.9475838182753e-18,0.04444444444444439,0.04444444444444439,400,2.56,2.248118121389376,2.339688472454249,2.7803115275457513,400,0.0575,0.23308705226768192,0.03465788861463692,0.08034211138536308,400,0.0390625,0.11297718000443446,0.027990939805820486,0.050134060194179514,396,0.5262205387205388,0.3228846295664841,0.4944190193489906,0.5580220580920869,400,0.021739130434782598,3.47379190913765e-18,0.021739130434782598,0.021739130434782598,400,0.48093650793650794,0.3232653630844225,0.4492570844817713,0.5126159313912445,400,0.04105008268373266,0.014745492496476465,0.039605050972362686,0.04249511439510264
containerd/containerd,causal_rolling_mad,union,latency_log+rerun_rate,2,low,400,400,0.7325,0.6870591672528669,0.7735176158816853,400,0.755,0.710557459419624,0.7945912704698848,400,0.7325,0.6870591672528669,0.7735176158816853,400,0.7575,0.7131775779269679,0.7969235904908692,400,0.7575,0.7131775779269679,0.7969235904908692,400,0.7575,0.7131775779269679,0.7969235904908692,293,0.8839590443686007,0.40567298857498213,0.8375085465953764,0.930409542141825,400,0.04444444444444439,6.9475838182753e-18,0.04444444444444439,0.04444444444444439,400,2.0475,1.6814612781967917,1.88271982266678,2.21228017733322,400,0.0725,0.25963875038552003,0.04705587001266978,0.09794412998733021,400,0.04,0.12247448713915891,0.027997720809111726,0.052002279190888276,398,0.4398988992581958,0.31219183592145305,0.409227887908869,0.4705699106075226,400,0.021739130434782598,3.47379190913765e-18,0.021739130434782598,0.021739130434782598,400,0.4564345238095238,0.31589663524317135,0.4254772224138237,0.48739182520522395,400,0.04111649296877447,0.01501039063706693,0.039645501716648046,0.04258748422090089
containerd/containerd,causal_rolling_mad,union,latency_log+rerun_rate,2,medium,400,400,0.7575,0.7131775779269679,0.7969235904908692,400,0.7825,0.7394871744110122,0.8201383792901101,400,0.7575,0.7131775779269679,0.7969235904908692,400,0.78,0.7368470079068086,0.8178261072659854,400,0.78,0.7368470079068086,0.8178261072659854,400,0.78,0.7368470079068086,0.8178261072659854,303,0.9207920792079208,0.4232443672089912,0.8731360378778915,0.9684481205379502,400,0.04444444444444439,6.9475838182753e-18,0.04444444444444439,0.04444444444444439,400,2.5025,2.1821774667154368,2.2886505378681443,2.7163494621318556,400,0.065,0.24683459703967628,0.04081065398318887,0.08918934601681114,400,0.0515625,0.14172804305860945,0.03767340700028917,0.06545159299971082,397,0.5129722921914357,0.32296641433110995,0.48120280537981786,0.5447417790030535,400,0.021739130434782598,3.47379190913765e-18,0.021739130434782598,0.021739130434782598,400,0.4925208333333333,0.3220757094145854,0.46095799379594454,0.5240836728707221,400,0.040042344734772375,0.015374395373668212,0.03853568167394893,0.041549007795595824
containerd/containerd,causal_rolling_mad,union,rerun_rate,1,high,400,400,0.7675,0.7236773296522552,0.8062335928788962,400,0.7875,0.7447739406814162,0.8247564900763633,400,0.7675,0.7236773296522552,0.8062335928788962,400,0.7825,0.7394871744110122,0.8201383792901101,400,0.7825,0.7394871744110122,0.8201383792901101,400,0.7825,0.7394871744110122,0.8201383792901101,307,0.8729641693811075,0.37939409299162596,0.8305247466317505,0.9154035921304646,400,0.04444444444444439,6.9475838182753e-18,0.04444444444444439,0.04444444444444439,400,2.3625,1.964878015052102,2.169945492824166,2.5550545071758335,400,0.0575,0.23308705226768192,0.03465788861463692,0.08034211138536308,400,0.04625,0.12535038611127455,0.033965887888685604,0.058534112111314394,396,0.5091871091871092,0.31650698409953565,0.47801373620993826,0.5403604821642801,400,0.021739130434782598,3.47379190913765e-18,0.021739130434782598,0.021739130434782598,400,0.4892321428571429,0.318910181192423,0.4579795193851283,0.5204847663291575,400,0.03980943910855168,0.01521692464110769,0.03831820789595012,0.041300670321153234
containerd/containerd,causal_rolling_mad,union,rerun_rate,1,low,400,400,0.38,0.3337874943779953,0.4284954562622359,400,0.4725,0.4240692032756731,0.5214539729127131,400,0.38,0.3337874943779953,0.4284954562622359,400,0.395,0.3483102375425738,0.4436873442676285,400,0.395,0.3483102375425738,0.4436873442676285,400,0.395,0.3483102375425738,0.4436873442676285,152,1.0263157894736843,0.6995492249725086,0.9151056009871011,1.1375259779602673,400,0.04444444444444439,6.9475838182753e-18,0.04444444444444439,0.04444444444444439,400,0.625,0.9173214794944325,0.5351041468972957,0.7148958531027043,400,0.025,0.1563204728292616,0.00968087516041876,0.04031912483958124,400,0.033125,0.08714122651418209,0.024585316723177816,0.041664683276822184,397,0.16626884170964773,0.25769899323811385,0.14091956573616504,0.19161811768313042,400,0.021739130434782598,3.47379190913765e-18,0.021739130434782598,0.021739130434782598,400,0.28232738095238097,0.3471801658502001,0.24830434989172923,0.3163504120130327,400,0.03883095183065326,0.0162465401131591,0.0372388201558944,0.040423083505412113
containerd/containerd,causal_rolling_mad,union,rerun_rate,1,medium,400,400,0.65,0.6020319607074738,0.6951143509922373,400,0.6825,0.6353297856503707,0.7261982269176112,400,0.65,0.6020319607074738,0.6951143509922373,400,0.67,0.622494095885007,0.7142717240413322,400,0.67,0.622494095885007,0.7142717240413322,400,0.67,0.622494095885007,0.7142717240413322,260,0.9153846153846154,0.5833549008133387,0.8444767734689701,0.9862924573002606,400,0.04444444444444439,6.9475838182753e-18,0.04444444444444439,0.04444444444444439,400,1.6725,1.6005148764301396,1.5156524242738176,1.8293475757261826,400,0.065,0.24683459703967625,0.04081065398318888,0.08918934601681112,400,0.0496875,0.15042201234608454,0.03494641366598175,0.06442858633401825,397,0.3715245292071489,0.3291544806279966,0.33914633609702777,0.40390272231727004,400,0.021739130434782598,3.47379190913765e-18,0.021739130434782598,0.021739130434782598,400,0.41851190476190475,0.3382285042753614,0.38536612041567675,0.45165768910813275,400,0.03926670210900138,0.01576613270167037,0.03772164949546372,0.040811754722539034
containerd/containerd,mewma,mewma,failure_rate,1,high,400,400,0.34,0.2952956192770117,0.38774831490996325,400,0.34,0.2952956192770117,0.38774831490996325,400,0.34,0.2952956192770117,0.38774831490996325,400,0.3425,0.29769101850421636,0.3903053542110871,400,0.3475,0.3024860405122664,0.39541520925969403,400,0.3475,0.3024860405122664,0.39541520925969403,136,3.161764705882353,1.7897675753729054,2.8609664784497513,3.4625629333149543,400,0.0,0.0,0.0,0.0,400,1.3175,2.305424299995018,1.0915725701463148,1.543427429853685,400,0.2475,0.6059386554225917,0.1881191029265547,0.3068808970734453,400,0.0,0.0,0.0,0.0,400,0.15066675685425687,0.2425755751773925,0.12689478731041798,0.17443872639809577,400,0.0,0.0,0.0,0.0,139,0.839913783259107,0.21694346868832137,0.8038486724686283,0.8759788940495857,400,0.006334016860332647,0.015555169368295044,0.004809638273568699,0.007858395447096595
containerd/containerd,mewma,mewma,failure_rate,1,low,400,400,0.0025,0.0004414477868016362,0.01402328507582339,400,0.0025,0.0004414477868016362,0.01402328507582339,400,0.0025,0.0004414477868016362,0.01402328507582339,400,0.0025,0.0004414477868016362,0.01402328507582339,400,0.0025,0.0004414477868016362,0.01402328507582339,400,0.0025,0.0004414477868016362,0.01402328507582339,1,4.0,,,,400,0.0,0.0,0.0,0.0,400,0.0025,0.05,-0.002399909961350135,0.007399909961350135,400,0.0,0.0,0.0,0.0,400,0.0,0.0,0.0,0.0,400,0.0003125,0.00625,-0.00029998874516876686,0.0009249887451687668,400,0.0,0.0,0.0,0.0,1,1.0,,,,400,0.0,0.0,0.0,0.0
containerd/containerd,mewma,mewma,failure_rate,1,medium,400,400,0.055,0.03659849414955068,0.08186744780797323,400,0.055,0.03659849414955068,0.08186744780797323,400,0.055,0.03659849414955068,0.08186744780797323,400,0.065,0.04474048189620036,0.09353521417463759,400,0.0675,0.04680146916375965,0.09642666543540682,400,0.0675,0.04680146916375965,0.09642666543540682,22,3.090909090909091,1.2309149097933274,2.5765519390562854,3.6052662427618962,400,0.0,0.0,0.0,0.0,400,0.11,0.4510083383965957,0.06580199500077097,0.15419800499922903,400,0.0225,0.14848862643465705,0.0079483820037125,0.0370516179962875,400,0.0,0.0,0.0,0.0,400,0.014868055555555558,0.06568673444330242,0.008430873867009588,0.02130523724410153,400,0.0,0.0,0.0,0.0,27,0.7469135802469135,0.3986364857861566,0.5965497934476223,0.8972773670462046,400,0.0005419799498746866,0.0035787493305125787,0.00019126895999961233,0.0008926909397497608
containerd/containerd,mewma,mewma,failure_rate+rerun_rate,2,high,400,400,0.8275,0.7874046544953168,0.8613647927157191,400,0.8275,0.7874046544953168,0.8613647927157191,400,0.8275,0.7874046544953168,0.8613647927157191,400,0.8275,0.7874046544953168,0.8613647927157191,400,0.83,0.7900908679413299,0.8636310177980344,400,0.8375,0.7981666097704109,0.870412591553939,331,0.6163141993957704,0.5935815874667815,0.5523680327585626,0.6802603660329781,400,0.0,0.0,0.0,0.0,400,5.6425,4.583909282564059,5.1932851448887805,6.09171485511122,400,2.5875,2.2259224102472897,2.369363612176736,2.805636387823264,400,0.0,0.0,0.0,0.0,400,0.4276471757409257,0.2744515053406418,0.4007514224424027,0.4545429290394487,400,0.0,0.0,0.0,0.0,335,0.5666149936299191,0.22278420424778503,0.5427583093610833,0.5904716778987549,400,0.06415412584491528,0.05744311186341691,0.05852480432430515,0.06978344736552541
containerd/containerd,mewma,mewma,failure_rate+rerun_rate,2,low,400,400,0.57,0.5210443194375308,0.6176239593556675,400,0.57,0.5210443194375308,0.6176239593556675,400,0.57,0.5210443194375308,0.6176239593556675,400,0.575,0.5260675370904098,0.6225056187594458,400,0.5825,0.5336117391164401,0.629818732318401,400,0.5925,0.5436883047891221,0.639551920759033,228,1.7412280701754386,1.3949759698881636,1.5601576981215393,1.9222984422293379,400,0.0,0.0,0.0,0.0,400,3.0225,3.4996589522344728,2.6795397247723627,3.3654602752276372,400,1.0175,1.4654564669895875,0.873887905189455,1.1611120948105451,400,0.0,0.0,0.0,0.0,400,0.2931036532911533,0.30138843180614994,0.2635681297063003,0.3226391768760063,400,0.0,0.0,0.0,0.0,237,0.6829339202756924,0.2533425670005833,0.6506800314438278,0.7151878091075571,400,0.025551046176046165,0.0374756045979969,0.021878504410499287,0.029223587941593042
containerd/containerd,mewma,mewma,failure_rate+rerun_rate,2,medium,400,400,0.7575,0.7131775779269679,0.7969235904908692,400,0.7575,0.7131775779269679,0.7969235904908692,400,0.7575,0.7131775779269679,0.7969235904908692,400,0.765,0.7210494588154521,0.8039090251873708,400,0.77,0.7263071915784445,0.8085561694810355,400,0.7775,0.7342089511162986,0.8155117255281668,303,0.9141914191419142,0.5861790543572711,0.8481894226464622,0.9801934156373661,400,0.0,0.0,0.0,0.0,400,5.115,4.493579379414338,4.674637312733803,5.555362687266197,400,2.34,2.150805642609462,2.129224920136996,2.5507750798630036,400,0.0,0.0,0.0,0.0,400,0.3636143058330558,0.26365221152857865,0.33777686388103834,0.3894517477850733,400,0.0,0.0,0.0,0.0,311,0.5490994000640302,0.2203050615712396,0.5246148362371413,0.5735839638909191,400,0.05814116731221992,0.05533266668802711,0.0527186656183653,0.06356366900607453
containerd/containerd,mewma,mewma,latency_log,1,high,400,400,0.7575,0.7131775779269679,0.7969235904908692,400,0.7575,0.7131775779269679,0.7969235904908692,400,0.7575,0.7131775779269679,0.7969235904908692,400,0.765,0.7210494588154521,0.8039090251873708,400,0.7725,0.7289390669951599,0.8108767325926485,400,0.7725,0.7289390669951599,0.8108767325926485,303,0.9240924092409241,0.26528833128696794,0.8942217419392998,0.9539630765425483,400,0.0,0.0,0.0,0.0,400,4.9275,4.3915210797038995,4.497138842321595,5.357861157678405,400,2.12,1.8679730480578878,1.9369420050857518,2.3030579949142487,400,0.0,0.0,0.0,0.0,400,0.35323317654567654,0.23226443046319548,0.330471680615798,0.37599467247555507,400,0.0,0.0,0.0,0.0,309,0.5631682503041726,0.18310270752263774,0.5427525812259844,0.5835839193823609,400,0.0528159983291562,0.048290615101108075,0.048083605009683304,0.05754839164862909
containerd/containerd,mewma,mewma,latency_log,1,low,400,400,0.295,0.25242899167233757,0.341471049004724,400,0.295,0.25242899167233757,0.341471049004724,400,0.295,0.25242899167233757,0.341471049004724,400,0.305,0.2619126095600189,0.3517971852303568,400,0.305,0.2619126095600189,0.3517971852303568,400,0.305,0.2619126095600189,0.3517971852303568,118,4.127118644067797,1.832967843146301,3.7963975215801344,4.457839766555459,400,0.0,0.0,0.0,0.0,400,0.915,1.6866793465401515,0.7497084613656875,1.0802915386343126,400,0.095,0.30199835681473003,0.06540470486264263,0.12459529513735737,400,0.0,0.0,0.0,0.0,400,0.11100694444444442,0.20150172025749968,0.09126013871806621,0.13075375017082264,400,0.0,0.0,0.0,0.0,122,0.8792349726775958,0.22914693353968768,0.8385735822344293,0.9198963631207622,400,0.0024202551834130773,0.007678235262128851,0.001667801954483177,0.0031727084123429777
containerd/containerd,mewma,mewma,latency_log,1,medium,400,400,0.7375,0.6922684601360929,0.7782132000551163,400,0.7375,0.6922684601360929,0.7782132000551163,400,0.7375,0.6922684601360929,0.7782132000551163,400,0.7425,0.697484812382584,0.7829017248652822,400,0.7525,0.7079392288053334,0.7922570625558467,400,0.7525,0.7079392288053334,0.7922570625558467,295,1.0135593220338983,0.4038326702367692,0.9674765565581906,1.059642087509606,400,0.0,0.0,0.0,0.0,400,4.4525,4.207374329301729,4.040184892254512,4.864815107745487,400,1.735,1.690241785435765,1.5693593487690611,1.900640651230939,400,0.0,0.0,0.0,0.0,400,0.370406308968809,0.24923236509645674,0.34598198600026936,0.39483063193734863,400,0.0,0.0,0.0,0.0,301,0.6445990517419089,0.21998306244103955,0.6197474670713438,0.669450636412474,400,0.04345876053770789,0.043429281574021844,0.0392027691497313,0.04771475192568448
containerd/containerd,mewma,mewma,latency_log+failure_rate,2,high,400,400,0.8025,0.7606877261203903,0.8385573358073602,400,0.8025,0.7606877261203903,0.8385573358073602,400,0.8025,0.7606877261203903,0.8385573358073602,400,0.8025,0.7606877261203903,0.8385573358073602,400,0.8025,0.7606877261203903,0.8385573358073602,400,0.815,0.7740142283989209,0.8499930261704722,321,0.6978193146417445,0.4599200797429689,0.6475065773777694,0.7481320519057196,400,0.0,0.0,0.0,0.0,400,5.41,4.499167285805693,4.969089707970001,5.850910292029999,400,2.4175,1.9844492553647712,2.223027546516886,2.611972453483114,400,0.0,0.0,0.0,0.0,400,0.3972832584082584,0.25147012867639823,0.37263963863858873,0.42192687817792807,400,0.0,0.0,0.0,0.0,326,0.5634022334175709,0.20410366817301875,0.541246297468939,0.5855581693662028,400,0.059995974785448436,0.05111304728028346,0.05498698819497601,0.06500496137592086
containerd/containerd,mewma,mewma,latency_log+failure_rate,2,low,400,400,0.2975,0.25479754409145056,0.34405493511393953,400,0.2975,0.25479754409145056,0.34405493511393953,400,0.2975,0.25479754409145056,0.34405493511393953,400,0.3025,0.25953936408389566,0.3492179921781514,400,0.305,0.2619126095600189,0.3517971852303568,400,0.305,0.2619126095600189,0.3517971852303568,119,3.9831932773109244,1.7849806212560144,3.6624865161461537,4.303900038475695,400,0.0,0.0,0.0,0.0,400,1.045,1.8912739868229254,0.8596585550464793,1.2303414449535206,400,0.1625,0.43192609365022144,0.12017202062312457,0.20482797937687544,400,0.0,0.0,0.0,0.0,400,0.1135763888888889,0.20140550961767795,0.09383901163195968,0.1333137661458181,400,0.0,0.0,0.0,0.0,122,0.8570843091334894,0.20889037534735705,0.8200173801521012,0.8941512381148776,400,0.004193010936431987,0.011100824001993798,0.0031051501743007055,0.005280871698563269
containerd/containerd,mewma,mewma,latency_log+failure_rate,2,medium,400,400,0.7375,0.6922684601360929,0.7782132000551163,400,0.7375,0.6922684601360929,0.7782132000551163,400,0.7375,0.6922684601360929,0.7782132000551163,400,0.745,0.7000956766555838,0.785243299120611,400,0.7475,0.7027083556965948,0.7875830586079285,400,0.75,0.7053228670693259,0.7899209857635259,295,1.0576271186440678,0.38694837402428367,1.0134710795575999,1.1017831577305357,400,0.0,0.0,0.0,0.0,400,4.45,4.199594204050761,4.038447330518868,4.861552669481132,400,1.76,1.7131073644419557,1.5921185632021717,1.9278814367978283,400,0.0,0.0,0.0,0.0,400,0.36097499028749025,0.24320731053999745,0.3371411118157281,0.3848088687592524,400,0.0,0.0,0.0,0.0,300,0.6283333333333333,0.21205168278215558,0.60433786742102,0.6523287992456466,400,0.0440742196400091,0.04424254652104439,0.039738529751729854,0.048409909528288345
containerd/containerd,mewma,mewma,latency_log+failure_rate+rerun_rate,3,high,400,400,0.92,0.8892454231693245,0.9427642495898665,400,0.92,0.8892454231693245,0.9427642495898665,400,0.92,0.8892454231693245,0.9427642495898665,400,0.925,0.8949522937386957,0.9469622560771523,400,0.925,0.8949522937386957,0.9469622560771523,400,0.925,0.8949522937386957,0.9469622560771523,368,0.1875,0.39084377388648656,0.1475674191391273,0.2274325808608727,400,0.0,0.0,0.0,0.0,400,7.3275,4.77779363619602,6.859284827374556,7.795715172625443,400,3.83,2.4862730913380733,3.5863497142623157,4.073650285737685,400,0.0,0.0,0.0,0.0,400,0.431912005478182,0.21823614734469335,0.4105252560321632,0.45329875492420074,400,0.0,0.0,0.0,0.0,370,0.4747906527318292,0.1819208560158001,0.4562540680353922,0.4933272374282662,400,0.0936688881294144,0.06420355961197574,0.08737705490347726,0.09996072135535154
containerd/containerd,mewma,mewma,latency_log+failure_rate+rerun_rate,3,low,400,400,0.68,0.632759697663558,0.7238158763760955,400,0.68,0.632759697663558,0.7238158763760955,400,0.68,0.632759697663558,0.7238158763760955,400,0.685,0.637901366761192,0.7285790843351184,400,0.69,0.643049046352087,0.7333362818008802,400,0.7,0.6533627542224784,0.7428323280438028,272,1.1801470588235294,0.8679891383799461,1.0769949930829268,1.283299124564132,400,0.0,0.0,0.0,0.0,400,3.9775,4.038907734675683,3.5816943151577703,4.373305684842229,400,1.5225,1.7384041164759279,1.3521395270565504,1.6928604729434495,400,0.0,0.0,0.0,0.0,400,0.34829090354090353,0.28882973981032595,0.31998610915628783,0.3765956979255192,400,0.0,0.0,0.0,0.0,281,0.6272390519721481,0.23272960097418566,0.6000279233000331,0.6544501806442632,400,0.038093140047087394,0.04473598918469336,0.03370909366634878,0.04247718642782601
containerd/containerd,mewma,mewma,latency_log+failure_rate+rerun_rate,3,medium,400,400,0.9175,0.8864031104605777,0.9406541237702847,400,0.9175,0.8864031104605777,0.9406541237702847,400,0.9175,0.8864031104605777,0.9406541237702847,400,0.9175,0.8864031104605777,0.9406541237702847,400,0.9225,0.892095045964364,0.9448670653231555,400,0.9275,0.8978175067464532,0.9490494815977232,367,0.22888283378746593,0.4206871881556253,0.18584262743360383,0.27192304014132807,400,0.0,0.0,0.0,0.0,400,6.8875,4.896404875186935,6.407661139545364,7.367338860454637,400,3.43,2.538939845456587,3.1811884671995703,3.67881153280043,400,0.0,0.0,0.0,0.0,400,0.46737991440748794,0.23862430323669512,0.44399516239849357,0.4907646664164823,400,0.0,0.0,0.0,0.0,373,0.5171963788546347,0.20492082722177613,0.4964003804484,0.5379923772608692,400,0.084396958304853,0.0658373982940886,0.07794501183024137,0.09084890477946463
containerd/containerd,mewma,mewma,latency_log+rerun_rate,2,high,400,400,0.95,0.9240363649362803,0.9674025701628527,400,0.95,0.9240363649362803,0.9674025701628527,400,0.95,0.9240363649362803,0.9674025701628527,400,0.95,0.9240363649362803,0.9674025701628527,400,0.955,0.9299952708096761,0.971348541346114,400,0.955,0.9299952708096761,0.971348541346114,380,0.17894736842105263,0.3838135917500237,0.14035720277301822,0.21753753406908705,400,0.0,0.0,0.0,0.0,400,7.2975,4.905522819775517,6.816767597395031,7.77823240260497,400,3.7675,2.546498652752673,3.5179477176962495,4.017052282303751,400,0.0,0.0,0.0,0.0,400,0.4655644584173996,0.2143425376275463,0.444559275712154,0.48656964112264517,400,0.0,0.0,0.0,0.0,386,0.49126874302506723,0.19219787896323615,0.4720951709963205,0.510442315053814,400,0.0925124363940153,0.066159712263089,0.08602890373085592,0.09899596905717467
containerd/containerd,mewma,mewma,latency_log+rerun_rate,2,low,400,400,0.685,0.637901366761192,0.7285790843351184,400,0.685,0.637901366761192,0.7285790843351184,400,0.685,0.637901366761192,0.7285790843351184,400,0.6925,0.6456251644125997,0.7357126022686962,400,0.6975,0.6507820078218485,0.7404606359161043,400,0.71,0.6637014956653163,0.7523033407142791,274,1.2335766423357664,0.9357590695413953,1.1227773836585242,1.3443759010130085,400,0.0,0.0,0.0,0.0,400,3.985,4.00247730304664,3.5927644318544787,4.377235568145521,400,1.5425,1.7264545645363856,1.373310561628195,1.7116894383718049,400,0.0,0.0,0.0,0.0,400,0.3445989288489288,0.2808733178740197,0.31707384948636136,0.3721240082114962,400,0.0,0.0,0.0,0.0,285,0.6244822331664437,0.2455756231714935,0.595971333891573,0.6529931324413144,400,0.038542938786359816,0.04432055860917334,0.034199603853925994,0.04288627371879364
containerd/containerd,mewma,mewma,latency_log+rerun_rate,2,medium,400,400,0.9125,0.8807392673857086,0.9364130897884968,400,0.9125,0.8807392673857086,0.9364130897884968,400,0.9125,0.8807392673857086,0.9364130897884968,400,0.92,0.8892454231693245,0.9427642495898665,400,0.92,0.8892454231693245,0.9427642495898665,400,0.9225,0.892095045964364,0.9448670653231555,365,0.25205479452054796,0.4347885645810052,0.20745018190564274,0.2966594071354532,400,0.0,0.0,0.0,0.0,400,6.735,4.8449415524458646,6.2602044525002265,7.209795547499774,400,3.3025,2.5262518919446424,3.0549318637956167,3.5500681362043838,400,0.0,0.0,0.0,0.0,400,0.48202021956801366,0.25485935730306275,0.45704446149616224,0.506995977639865,400,0.0,0.0,0.0,0.0,372,0.532285132202115,0.21705126073549816,0.5102285135841267,0.5543417508201034,400,0.08131913116123637,0.06517586857562246,0.07493201340776957,0.08770624891470317
containerd/containerd,mewma,mewma,rerun_rate,1,high,400,400,0.795,0.7527205845205713,0.8316671618221938,400,0.795,0.7527205845205713,0.8316671618221938,400,0.795,0.7527205845205713,0.8316671618221938,400,0.7975,0.7553739799055185,0.833966204965575,400,0.805,0.7633481418022936,0.8408493586537855,400,0.82,0.7793624469518832,0.8545496846741669,318,0.7358490566037735,0.5263148496791612,0.6780021480247238,0.7936959651828233,400,0.0,0.0,0.0,0.0,400,5.38,4.641601141080759,4.925131446644085,5.834868553355915,400,2.445,2.2404293806152,2.2254419552044413,2.6645580447955584,400,0.0,0.0,0.0,0.0,400,0.40647030400155404,0.27017350963550407,0.37999378657843536,0.4329468214246727,400,0.0,0.0,0.0,0.0,332,0.5708300484655906,0.24472874755572124,0.5445053117215102,0.597154785209671,400,0.06089491721728561,0.05785931485554183,0.05522480855293435,0.06656502588163687
containerd/containerd,mewma,mewma,rerun_rate,1,low,400,400,0.5725,0.5235553051258613,0.6200654121956656,400,0.5725,0.5235553051258613,0.6200654121956656,400,0.5725,0.5235553051258613,0.6200654121956656,400,0.5775,0.5285810181257037,0.6249445762524805,400,0.585,0.5361289851942794,0.6322539247688901,400,0.595,0.5462106166004184,0.6419820474760654,229,1.7292576419213974,1.333137003855493,1.5565923158414592,1.9019229680013356,400,0.0,0.0,0.0,0.0,400,3.095,3.5337222559867576,2.7487015823449163,3.441298417655084,400,1.0925,1.4156106929820829,0.9537727012812665,1.2312272987187336,400,0.0,0.0,0.0,0.0,400,0.2766688034188034,0.28655842431041506,0.24858659386305537,0.3047510129745514,400,0.0,0.0,0.0,0.0,239,0.6433677782004142,0.25415325739899347,0.611146347446907,0.6755892089539215,400,0.02732721956406165,0.03611405597162819,0.023788107112058907,0.030866332016064396
containerd/containerd,mewma,mewma,rerun_rate,1,medium,400,400,0.7875,0.7447739406814162,0.8247564900763633,400,0.7875,0.7447739406814162,0.8247564900763633,400,0.7875,0.7447739406814162,0.8247564900763633,400,0.79,0.7474205944599498,0.8270622748261584,400,0.7925,0.7500694660392275,0.829365841775209,400,0.805,0.7633481418022936,0.8408493586537855,315,0.8380952380952381,0.5607741951152784,0.776168124974082,0.9000223512163942,400,0.0,0.0,0.0,0.0,400,5.105,4.360793080475937,4.677650130911784,5.5323498690882165,400,2.2675,2.0932984728032937,2.0623605192206425,2.4726394807793577,400,0.0,0.0,0.0,0.0,400,0.4052161865911866,0.28155060128721876,0.3776247346737593,0.43280763850861387,400,0.0,0.0,0.0,0.0,325,0.5768250296711835,0.24182627191486183,0.5505338610116711,0.603116198330696,400,0.05623035809220018,0.05371709112170792,0.05096617989455999,0.06149453628984037
helm/helm,causal_rolling_mad,failure_rate,failure_rate,1,high,400,400,0.6575,0.6096946457889129,0.7023089814957836,400,0.6675,0.6199313395835853,0.7118820418144254,400,0.6575,0.6096946457889129,0.7023089814957836,400,0.675,0.6276239644145414,0.7190467325684549,400,0.675,0.6276239644145414,0.7190467325684549,400,0.675,0.6276239644145414,0.7190467325684549,263,1.0114068441064639,0.5277265783336074,0.9476276269576794,1.0751860612552484,400,0.022222222222222195,3.47379190913765e-18,0.022222222222222195,0.022222222222222195,400,1.26,1.2515253850696295,1.1373527659762952,1.3826472340237048,400,0.03,0.17080085576725623,0.01326182370837787,0.04673817629162213,400,0.024375,0.10448697620033187,0.014135464489692788,0.034614535510307215,397,0.30304665946983333,0.2719097773187417,0.2762995003190324,0.3297938186206343,400,0.021739130434782598,3.47379190913765e-18,0.021739130434782598,0.021739130434782598,384,0.5506944444444445,0.41012827577676914,0.5096738271948578,0.5917150616940312,400,0.015155986208016965,0.012276624373467852,0.013952899126830785,0.016359073289203146
helm/helm,causal_rolling_mad,failure_rate,failure_rate,1,low,400,400,0.07,0.04887162669974449,0.09930894642775051,400,0.115,0.0873329226216324,0.1499915440157759,400,0.07,0.04887162669974449,0.09930894642775051,400,0.09,0.06571729376939447,0.12208278758472865,400,0.09,0.06571729376939447,0.12208278758472865,400,0.09,0.06571729376939447,0.12208278758472865,28,1.8928571428571428,1.448863813202038,1.3562003375664138,2.429513948147872,400,0.022222222222222195,3.47379190913765e-18,0.022222222222222195,0.022222222222222195,400,0.0925,0.29860788111948194,0.06323696537529987,0.12176303462470013,400,0.02,0.14017532881009245,0.006263070200557948,0.03373692979944205,400,0.023125,0.08856760087533154,0.014445534604361602,0.0318044653956384,396,0.018308080808080808,0.08188470459083082,0.010243100995399402,0.026373060620762216,400,0.021739130434782598,3.47379190913765e-18,0.021739130434782598,0.021739130434782598,320,0.1359375,0.33750290257662807,0.09895888729769542,0.17291611270230456,400,0.016922887144798785,0.011384164649817681,0.01580725950941295,0.01803851478018462
helm/helm,causal_rolling_mad,failure_rate,failure_rate,1,medium,400,400,0.2125,0.17524350992363666,0.2552260593185839,400,0.2675,0.22648238411831478,0.31294083274713314,400,0.2125,0.17524350992363666,0.2552260593185839,400,0.2475,0.20774293744415318,0.29206077119466656,400,0.2475,0.20774293744415318,0.29206077119466656,400,0.2475,0.20774293744415318,0.29206077119466656,85,1.5294117647058822,1.2496498108910128,1.263751282891486,1.7950722465202784,400,0.022222222222222195,3.47379190913765e-18,0.022222222222222195,0.022222222222222195,400,0.315,0.6137725897919766,0.25485139146549246,0.37514860853450754,400,0.04,0.19620458863518908,0.02077230363367663,0.05922769636632337,400,0.026875,0.09725033905398628,0.01734464189849389,0.03640535810150611,399,0.06399331662489557,0.15438236830927024,0.0488451755124952,0.07914145773729596,400,0.021739130434782598,3.47379190913765e-18,0.021739130434782598,0.021739130434782598,320,0.2854166666666666,0.42389754977632754,0.23897219700739977,0.3318611363259334,400,0.014820527724026523,0.012002315715498965,0.01364432239735367,0.015996733050699374
helm/helm,causal_rolling_mad,failure_rate,failure_rate+rerun_rate,2,high,400,400,0.625,0.5765790058795889,0.671042920536837,400,0.635,0.5867439222120918,0.680687758317648,400,0.625,0.5765790058795889,0.671042920536837,400,0.6425,0.5943817784800669,0.6879072176346586,400,0.6425,0.5943817784800669,0.6879072176346586,400,0.6425,0.5943817784800669,0.6879072176346586,250,1.04,0.558253156144577,0.9707994934106497,1.1092005065893504,400,0.022222222222222195,3.47379190913765e-18,0.022222222222222195,0.022222222222222195,400,1.1275,1.1222264613599349,1.0175238276618348,1.237476172338165,400,0.025,0.1563204728292616,0.00968087516041876,0.04031912483958124,400,0.016875,0.07682359035535712,0.00934642648702207,0.024403573512977932,398,0.2766959798994975,0.2694720569091178,0.25022193553061967,0.30317002426837536,400,0.021739130434782598,3.47379190913765e-18,0.021739130434782598,0.021739130434782598,378,0.504320987654321,0.39856672240406954,0.4641416080791816,0.5445003672294604,400,0.016536188745196245,0.01179857132030745,0.015379950002354755,0.017692427488037735
helm/helm,causal_rolling_mad,failure_rate,failure_rate+rerun_rate,2,low,400,400,0.065,0.04474048189620036,0.09353521417463759,400,0.11,0.08296867911910685,0.1444509104616444,400,0.065,0.04474048189620036,0.09353521417463759,400,0.095,0.06999661149327467,0.12770834691750552,400,0.095,0.06999661149327467,0.12770834691750552,400,0.095,0.06999661149327467,0.12770834691750552,26,2.0,1.4422205101855958,1.4456384702601288,2.554361529739871,400,0.022222222222222195,3.47379190913765e-18,0.022222222222222195,0.022222222222222195,400,0.1225,0.4218276857808506,0.0811616464093827,0.1638383535906173,400,0.03,0.17080085576725623,0.01326182370837787,0.04673817629162213,400,0.0240625,0.11162418416263985,0.013123530961877981,0.03500146903812202,399,0.017230576441102756,0.07451121778158656,0.009919466670127091,0.02454168621207842,400,0.021739130434782598,3.47379190913765e-18,0.021739130434782598,0.021739130434782598,309,0.1262135922330097,0.320195100340689,0.09051233310113922,0.1619148513648802,400,0.016944381400911063,0.011865390306004643,0.015781594517797072,0.018107168284025053
helm/helm,causal_rolling_mad,failure_rate,failure_rate+rerun_rate,2,medium,400,400,0.1975,0.1614426641926397,0.23931227387960974,400,0.23,0.19144383051896455,0.27369280842155563,400,0.1975,0.1614426641926397,0.23931227387960974,400,0.2175,0.1798616207098898,0.2605128255889877,400,0.2175,0.1798616207098898,0.2605128255889877,400,0.2175,0.1798616207098898,0.2605128255889877,79,1.4683544303797469,1.0601819272758934,1.2345703459010249,1.702138514858469,400,0.022222222222222195,3.47379190913765e-18,0.022222222222222195,0.022222222222222195,400,0.31,0.6595357978697435,0.24536667948302068,0.3746333205169793,400,0.0275,0.16373996745558456,0.011453778047864686,0.04354622195213531,400,0.0215625,0.10341473595567488,0.011428042102807892,0.0316969578971921,399,0.06731411862990809,0.15670757482428946,0.05193782609846468,0.0826904111613515,400,0.021739130434782598,3.47379190913765e-18,0.021739130434782598,0.021739130434782598,326,0.2331288343558282,0.39203169124495624,0.19057286699470233,0.2756848017169541,400,0.016264063019865754,0.011687838851014353,0.015118675859610946,0.01740945018012056
helm/helm,causal_rolling_mad,failure_rate,latency_log,1,high,400,400,0.0,8.673617379884035e-19,0.009512294334296508,400,0.06,0.040647970113724695,0.0877228489004562,400,0.0,8.673617379884035e-19,0.009512294334296508,400,0.0,8.673617379884035e-19,0.009512294334296508,400,0.0,8.673617379884035e-19,0.009512294334296508,400,0.0,8.673617379884035e-19,0.009512294334296508,0,,,,,400,0.022222222222222195,3.47379190913765e-18,0.022222222222222195,0.022222222222222195,400,0.0,0.0,0.0,0.0,400,0.0,0.0,0.0,0.0,400,0.0125,0.06739886138719797,0.005895032954104234,0.019104967045895767,396,0.0,0.0,0.0,0.0,400,0.021739130434782598,3.47379190913765e-18,0.021739130434782598,0.021739130434782598,400,0.06,0.23778425806486572,0.03669757090511426,0.08330242909488574,400,0.02276784505292652,0.005967938925558738,0.02218299778512503,0.023352692320728008
helm/helm,causal_rolling_mad,failure_rate,latency_log,1,low,400,400,0.0,8.673617379884035e-19,0.009512294334296508,400,0.085,0.0614630200239382,0.11643218427352792,400,0.0,8.673617379884035e-19,0.009512294334296508,400,0.0,8.673617379884035e-19,0.009512294334296508,400,0.0,8.673617379884035e-19,0.009512294334296508,400,0.0,8.673617379884035e-19,0.009512294334296508,0,,,,,400,0.022222222222222195,3.47379190913765e-18,0.022222222222222195,0.022222222222222195,400,0.0,0.0,0.0,0.0,400,0.0,0.0,0.0,0.0,400,0.02125,0.08903724826693248,0.01252451000571305,0.029975489994286952,397,0.0,0.0,0.0,0.0,400,0.021739130434782598,3.47379190913765e-18,0.021739130434782598,0.021739130434782598,400,0.085,0.27923095246055746,0.057635869490424575,0.11236413050957544,400,0.022166677381431653,0.0069400065978540044,0.021486569232218443,0.022846785530644863
helm/helm,causal_rolling_mad,failure_rate,latency_log,1,medium,400,400,0.0,8.673617379884035e-19,0.009512294334296508,400,0.0725,0.05095051840227673,0.10218249325354675,400,0.0,8.673617379884035e-19,0.009512294334296508,400,0.0,8.673617379884035e-19,0.009512294334296508,400,0.0,8.673617379884035e-19,0.009512294334296508,400,0.0,8.673617379884035e-19,0.009512294334296508,0,,,,,400,0.022222222222222195,3.47379190913765e-18,0.022222222222222195,0.022222222222222195,400,0.0,0.0,0.0,0.0,400,0.0,0.0,0.0,0.0,400,0.01625,0.0754165541615633,0.00885931350026108,0.02364068649973892,395,0.0,0.0,0.0,0.0,400,0.021739130434782598,3.47379190913765e-18,0.021739130434782598,0.021739130434782598,400,0.0725,0.25963875038552003,0.04705587001266978,0.09794412998733021,400,0.022463953264771214,0.00647894949355406,0.021829027881520215,0.023098878648022212
helm/helm,causal_rolling_mad,failure_rate,latency_log+failure_rate,2,high,400,400,0.6425,0.5943817784800669,0.6879072176346586,400,0.66,0.6122516850900368,0.7047043807229885,400,0.6425,0.5943817784800669,0.6879072176346586,400,0.6475,0.5994805197681348,0.6927133534032477,400,0.6475,0.5994805197681348,0.6927133534032477,400,0.6475,0.5994805197681348,0.6927133534032477,257,1.0233463035019454,0.5148570879493388,0.9604002907591465,1.0862923162447444,400,0.022222222222222195,3.47379190913765e-18,0.022222222222222195,0.022222222222222195,400,1.2075,1.2342009073482518,1.0865505335955385,1.3284494664044615,400,0.01,0.09962335082737976,0.0002370910179568548,0.019762908982043144,400,0.024375,0.09750771128171605,0.014819419883645333,0.03393058011635467,398,0.29765793251974154,0.2799700223970477,0.27015252479802393,0.32516334024145915,400,0.021739130434782598,3.47379190913765e-18,0.021739130434782598,0.021739130434782598,380,0.5432017543859649,0.4065137480810624,0.5023292235172073,0.5840742852547224,400,0.015124342498980502,0.011782266859619648,0.013969701563925784,0.016278983434035218
helm/helm,causal_rolling_mad,failure_rate,latency_log+failure_rate,2,low,400,400,0.095,0.06999661149327467,0.12770834691750552,400,0.16,0.12733275559943816,0.1991356045478835,400,0.095,0.06999661149327467,0.12770834691750552,400,0.115,0.0873329226216324,0.1499915440157759,400,0.115,0.0873329226216324,0.1499915440157759,400,0.115,0.0873329226216324,0.1499915440157759,38,2.1052631578947367,1.7674148732772534,1.5433168811366482,2.6672094346528255,400,0.022222222222222195,3.47379190913765e-18,0.022222222222222195,0.022222222222222195,400,0.1325,0.3941219103278848,0.09387676251196106,0.17112323748803895,400,0.02,0.14017532881009245,0.006263070200557948,0.03373692979944205,400,0.029375,0.1098083743285625,0.018613977055756244,0.04013602294424375,398,0.027952261306532663,0.11065304312151769,0.01708125075816105,0.03882327185490428,400,0.021739130434782598,3.47379190913765e-18,0.021739130434782598,0.021739130434782598,304,0.18311403508771928,0.3689745691024207,0.1416369971924278,0.22459107298301076,400,0.01561505517765031,0.011893802620580827,0.014449483938871984,0.016780626416428638
helm/helm,causal_rolling_mad,failure_rate,latency_log+failure_rate,2,medium,400,400,0.21,0.1729377251738417,0.25257940554005026,400,0.2475,0.20774293744415318,0.29206077119466656,400,0.21,0.1729377251738417,0.25257940554005026,400,0.2425,0.2030764095091307,0.286822422073032,400,0.2425,0.2030764095091307,0.286822422073032,400,0.2425,0.2030764095091307,0.286822422073032,84,1.5119047619047619,1.1973268179126004,1.2558568974455084,1.7679526263640153,400,0.022222222222222195,3.47379190913765e-18,0.022222222222222195,0.022222222222222195,400,0.3325,0.6580473507198958,0.26801254462335034,0.3969874553766497,400,0.035,0.1840099158274005,0.016967359609002412,0.053032640390997594,400,0.0225,0.09755790003710169,0.012939501475996094,0.0320604985240039,398,0.07368090452261307,0.1733227102876215,0.056652967841830645,0.0907088412033955,400,0.021739130434782598,3.47379190913765e-18,0.021739130434782598,0.021739130434782598,334,0.24850299401197604,0.40346690078747355,0.20523340502341836,0.2917725830005337,400,0.01663166804424228,0.01221190431766053,0.015434923411979088,0.01782841267650547
helm/helm,causal_rolling_mad,failure_rate,latency_log+failure_rate+rerun_rate,3,high,400,400,0.6125,0.5639027294469315,0.6589570043278518,400,0.6275,0.5791182279031106,0.6734561370416436,400,0.6125,0.5639027294469315,0.6589570043278518,400,0.6225,0.5740411128887363,0.6686283749993612,400,0.6225,0.5740411128887363,0.6686283749993612,400,0.6225,0.5740411128887363,0.6686283749993612,245,1.0775510204081633,0.6513747461225754,0.9959874993597654,1.1591145414565613,400,0.022222222222222195,3.47379190913765e-18,0.022222222222222195,0.022222222222222195,400,1.1225,1.18575240751593,1.006298399334356,1.2387016006656442,400,0.0225,0.14848862643465705,0.0079483820037125,0.0370516179962875,400,0.030625,0.1254674842299689,0.018329412483920688,0.042920587516079314,399,0.2690058479532164,0.26854141087943395,0.24265631574254565,0.2953553801638872,400,0.021739130434782598,3.47379190913765e-18,0.021739130434782598,0.021739130434782598,380,0.4939912280701754,0.3984354552514366,0.4539309213257049,0.534051534814646,400,0.01677953083561419,0.011366681876834381,0.015665616480498214,0.017893445190730165
helm/helm,causal_rolling_mad,failure_rate,latency_log+failure_rate+rerun_rate,3,low,400,400,0.0875,0.06358691021150324,0.11926073261429136,400,0.1275,0.0983211891565858,0.1637654701224651,400,0.0875,0.06358691021150324,0.11926073261429136,400,0.1,0.07429925914003437,0.13331057632740284,400,0.1,0.07429925914003437,0.13331057632740284,400,0.1,0.07429925914003437,0.13331057632740284,35,2.342857142857143,1.6439346119609994,1.7982308446137045,2.8874834411005814,400,0.022222222222222195,3.47379190913765e-18,0.022222222222222195,0.022222222222222195,400,0.125,0.4120673473436923,0.08461814200007031,0.1653818579999297,400,0.015,0.12170468386708859,0.003073160143533671,0.02692683985646633,400,0.0203125,0.08590278263193676,0.011894181993481554,0.028730818006518447,397,0.020025188916876574,0.07388992885460416,0.012756801195758633,0.027293576637994515,400,0.021739130434782598,3.47379190913765e-18,0.021739130434782598,0.021739130434782598,313,0.1501597444089457,0.34872704415202926,0.11152646714643072,0.18879302167146067,400,0.016358376766618523,0.011582245091330703,0.015223337604662322,0.017493415928574722
helm/helm,causal_rolling_mad,failure_rate,latency_log+failure_rate+rerun_rate,3,medium,400,400,0.1825,0.14772734739355886,0.22331295950871943,400,0.2175,0.1798616207098898,0.2605128255889877,400,0.1825,0.14772734739355886,0.22331295950871943,400,0.2075,0.17063415822479097,0.2499305339607725,400,0.2075,0.17063415822479097,0.2499305339607725,400,0.2075,0.17063415822479097,0.2499305339607725,73,1.178082191780822,0.839021681507441,0.9856136106540816,1.3705507729075623,400,0.022222222222222195,3.47379190913765e-18,0.022222222222222195,0.022222222222222195,400,0.285,0.6362287068488394,0.2226507324322891,0.34734926756771084,400,0.0275,0.16373996745558456,0.011453778047864686,0.04354622195213531,400,0.0228125,0.1027651645323131,0.012741698932566669,0.032883301067433326,394,0.07000846023688664,0.1764979107794929,0.05258078135712049,0.0874361391166528,400,0.021739130434782598,3.47379190913765e-18,0.021739130434782598,0.021739130434782598,332,0.2178714859437751,0.38460892133891256,0.17650025880027673,0.2592427130872735,400,0.016896023633821023,0.011611180321906668,0.01575814887137416,0.018033898396267886
helm/helm,causal_rolling_mad,failure_rate,latency_log+rerun_rate,2,high,400,400,0.0,8.673617379884035e-19,0.009512294334296508,400,0.115,0.0873329226216324,0.1499915440157759,400,0.0,8.673617379884035e-19,0.009512294334296508,400,0.0,8.673617379884035e-19,0.009512294334296508,400,0.0,8.673617379884035e-19,0.009512294334296508,400,0.0,8.673617379884035e-19,0.009512294334296508,0,,,,,400,0.022222222222222195,3.47379190913765e-18,0.022222222222222195,0.022222222222222195,400,0.0,0.0,0.0,0.0,400,0.0,0.0,0.0,0.0,400,0.0328125,0.11731339832823144,0.02131599821863325,0.04430900178136675,398,0.0,0.0,0.0,0.0,400,0.021739130434782598,3.47379190913765e-18,0.021739130434782598,0.021739130434782598,400,0.115,0.31942146951632716,0.083697271192957,0.146302728807043,400,0.021417856543337895,0.007875192455787262,0.020646101864104666,0.022189611222571123
helm/helm,causal_rolling_mad,failure_rate,latency_log+rerun_rate,2,low,400,400,0.0,8.673617379884035e-19,0.009512294334296508,400,0.0825,0.05934587622971528,0.1135968895394223,400,0.0,8.673617379884035e-19,0.009512294334296508,400,0.0,8.673617379884035e-19,0.009512294334296508,400,0.0,8.673617379884035e-19,0.009512294334296508,400,0.0,8.673617379884035e-19,0.009512294334296508,0,,,,,400,0.022222222222222195,3.47379190913765e-18,0.022222222222222195,0.022222222222222195,400,0.0,0.0,0.0,0.0,400,0.0,0.0,0.0,0.0,400,0.0165625,0.0638106620811765,0.010309170024561918,0.022815829975438084,397,0.0,0.0,0.0,0.0,400,0.021739130434782598,3.47379190913765e-18,0.021739130434782598,0.021739130434782598,400,0.0825,0.27546952398880087,0.05550448270717789,0.10949551729282211,400,0.0222018051454232,0.006841774144194881,0.021531323599774232,0.022872286691072167
helm/helm,causal_rolling_mad,failure_rate,latency_log+rerun_rate,2,medium,400,400,0.0,8.673617379884035e-19,0.009512294334296508,400,0.1075,0.08079372047159449,0.14167343058082826,400,0.0,8.673617379884035e-19,0.009512294334296508,400,0.0,8.673617379884035e-19,0.009512294334296508,400,0.0,8.673617379884035e-19,0.009512294334296508,400,0.0,8.673617379884035e-19,0.009512294334296508,0,,,,,400,0.022222222222222195,3.47379190913765e-18,0.022222222222222195,0.022222222222222195,400,0.0,0.0,0.0,0.0,400,0.0,0.0,0.0,0.0,400,0.021875,0.0820109679992893,0.013838072819206303,0.029911927180793694,399,0.0,0.0,0.0,0.0,400,0.021739130434782598,3.47379190913765e-18,0.021739130434782598,0.021739130434782598,400,0.1075,0.3101357936877261,0.07710725070276561,0.13789274929723438,400,0.021539991296006727,0.0076300364680727765,0.020792261462099237,0.022287721129914218
helm/helm,causal_rolling_mad,failure_rate,rerun_rate,1,high,400,400,0.0,8.673617379884035e-19,0.009512294334296508,400,0.1125,0.08514845878595949,0.14722356932312028,400,0.0,8.673617379884035e-19,0.009512294334296508,400,0.0,8.673617379884035e-19,0.009512294334296508,400,0.0,8.673617379884035e-19,0.009512294334296508,400,0.0,8.673617379884035e-19,0.009512294334296508,0,,,,,400,0.022222222222222195,3.47379190913765e-18,0.022222222222222195,0.022222222222222195,400,0.0,0.0,0.0,0.0,400,0.0,0.0,0.0,0.0,400,0.0284375,0.11164523159586905,0.01749646835132317,0.03937853164867683,397,0.0,0.0,0.0,0.0,400,0.021739130434782598,3.47379190913765e-18,0.021739130434782598,0.021739130434782598,400,0.1125,0.31637633439055773,0.0814956889516853,0.1435043110483147,400,0.021436289633885653,0.00778516826418155,0.02067335716331665,0.022199222104454654
helm/helm,causal_rolling_mad,failure_rate,rerun_rate,1,low,400,400,0.0,8.673617379884035e-19,0.009512294334296508,400,0.1025,0.07645885298219338,0.1361034210135723,400,0.0,8.673617379884035e-19,0.009512294334296508,400,0.0,8.673617379884035e-19,0.009512294334296508,400,0.0,8.673617379884035e-19,0.009512294334296508,400,0.0,8.673617379884035e-19,0.009512294334296508,0,,,,,400,0.022222222222222195,3.47379190913765e-18,0.022222222222222195,0.022222222222222195,400,0.0,0.0,0.0,0.0,400,0.0,0.0,0.0,0.0,400,0.0328125,0.1293778338955664,0.020133705258344223,0.04549129474165578,396,0.0,0.0,0.0,0.0,400,0.021739130434782598,3.47379190913765e-18,0.021739130434782598,0.021739130434782598,400,0.1025,0.30368455801529054,0.07273946018145329,0.13226053981854669,400,0.021743414802315567,0.007514757704502072,0.02100698207964712,0.022479847524984015
helm/helm,causal_rolling_mad,failure_rate,rerun_rate,1,medium,400,400,0.0,8.673617379884035e-19,0.009512294334296508,400,0.1025,0.07645885298219338,0.1361034210135723,400,0.0,8.673617379884035e-19,0.009512294334296508,400,0.0,8.673617379884035e-19,0.009512294334296508,400,0.0,8.673617379884035e-19,0.009512294334296508,400,0.0,8.673617379884035e-19,0.009512294334296508,0,,,,,400,0.022222222222222195,3.47379190913765e-18,0.022222222222222195,0.022222222222222195,400,0.0,0.0,0.0,0.0,400,0.0,0.0,0.0,0.0,400,0.0246875,0.09961499743026941,0.014925409635831097,0.034449590364168906,396,0.0,0.0,0.0,0.0,400,0.021739130434782598,3.47379190913765e-18,0.021739130434782598,0.021739130434782598,400,0.1025,0.3036845580152905,0.0727394601814533,0.13226053981854669,400,0.021689211888080408,0.007491236213044239,0.020955084229217963,0.022423339546942853
helm/helm,causal_rolling_mad,latency_log,failure_rate,1,high,400,400,0.0,8.673617379884035e-19,0.009512294334296508,400,0.0,8.673617379884035e-19,0.009512294334296508,400,0.0,8.673617379884035e-19,0.009512294334296508,400,0.0,8.673617379884035e-19,0.009512294334296508,400,0.0,8.673617379884035e-19,0.009512294334296508,400,0.0,8.673617379884035e-19,0.009512294334296508,0,,,,,400,0.0,0.0,0.0,0.0,400,0.0,0.0,0.0,0.0,400,0.0,0.0,0.0,0.0,400,0.0,0.0,0.0,0.0,397,0.0,0.0,0.0,0.0,400,0.021739130434782598,3.47379190913765e-18,0.021739130434782598,0.021739130434782598,0,,,,,400,0.0,0.0,0.0,0.0
helm/helm,causal_rolling_mad,latency_log,failure_rate,1,low,400,400,0.0,8.673617379884035e-19,0.009512294334296508,400,0.0,8.673617379884035e-19,0.009512294334296508,400,0.0,8.673617379884035e-19,0.009512294334296508,400,0.0,8.673617379884035e-19,0.009512294334296508,400,0.0,8.673617379884035e-19,0.009512294334296508,400,0.0,8.673617379884035e-19,0.009512294334296508,0,,,,,400,0.0,0.0,0.0,0.0,400,0.0,0.0,0.0,0.0,400,0.0,0.0,0.0,0.0,400,0.0,0.0,0.0,0.0,396,0.0,0.0,0.0,0.0,400,0.021739130434782598,3.47379190913765e-18,0.021739130434782598,0.021739130434782598,0,,,,,400,0.0,0.0,0.0,0.0
helm/helm,causal_rolling_mad,latency_log,failure_rate,1,medium,400,400,0.0,8.673617379884035e-19,0.009512294334296508,400,0.0,8.673617379884035e-19,0.009512294334296508,400,0.0,8.673617379884035e-19,0.009512294334296508,400,0.0,8.673617379884035e-19,0.009512294334296508,400,0.0,8.673617379884035e-19,0.009512294334296508,400,0.0,8.673617379884035e-19,0.009512294334296508,0,,,,,400,0.0,0.0,0.0,0.0,400,0.0,0.0,0.0,0.0,400,0.0,0.0,0.0,0.0,400,0.0,0.0,0.0,0.0,399,0.0,0.0,0.0,0.0,400,0.021739130434782598,3.47379190913765e-18,0.021739130434782598,0.021739130434782598,0,,,,,400,0.0,0.0,0.0,0.0
helm/helm,causal_rolling_mad,latency_log,failure_rate+rerun_rate,2,high,400,400,0.0,8.673617379884035e-19,0.009512294334296508,400,0.0,8.673617379884035e-19,0.009512294334296508,400,0.0,8.673617379884035e-19,0.009512294334296508,400,0.0,8.673617379884035e-19,0.009512294334296508,400,0.0,8.673617379884035e-19,0.009512294334296508,400,0.0,8.673617379884035e-19,0.009512294334296508,0,,,,,400,0.0,0.0,0.0,0.0,400,0.0,0.0,0.0,0.0,400,0.0,0.0,0.0,0.0,400,0.0,0.0,0.0,0.0,398,0.0,0.0,0.0,0.0,400,0.021739130434782598,3.47379190913765e-18,0.021739130434782598,0.021739130434782598,0,,,,,400,0.0,0.0,0.0,0.0
helm/helm,causal_rolling_mad,latency_log,failure_rate+rerun_rate,2,low,400,400,0.0,8.673617379884035e-19,0.009512294334296508,400,0.0,8.673617379884035e-19,0.009512294334296508,400,0.0,8.673617379884035e-19,0.009512294334296508,400,0.0,8.673617379884035e-19,0.009512294334296508,400,0.0,8.673617379884035e-19,0.009512294334296508,400,0.0,8.673617379884035e-19,0.009512294334296508,0,,,,,400,0.0,0.0,0.0,0.0,400,0.0,0.0,0.0,0.0,400,0.0,0.0,0.0,0.0,400,0.0,0.0,0.0,0.0,399,0.0,0.0,0.0,0.0,400,0.021739130434782598,3.47379190913765e-18,0.021739130434782598,0.021739130434782598,0,,,,,400,0.0,0.0,0.0,0.0
helm/helm,causal_rolling_mad,latency_log,failure_rate+rerun_rate,2,medium,400,400,0.0,8.673617379884035e-19,0.009512294334296508,400,0.0,8.673617379884035e-19,0.009512294334296508,400,0.0,8.673617379884035e-19,0.009512294334296508,400,0.0,8.673617379884035e-19,0.009512294334296508,400,0.0,8.673617379884035e-19,0.009512294334296508,400,0.0,8.673617379884035e-19,0.009512294334296508,0,,,,,400,0.0,0.0,0.0,0.0,400,0.0,0.0,0.0,0.0,400,0.0,0.0,0.0,0.0,400,0.0,0.0,0.0,0.0,399,0.0,0.0,0.0,0.0,400,0.021739130434782598,3.47379190913765e-18,0.021739130434782598,0.021739130434782598,0,,,,,400,0.0,0.0,0.0,0.0
helm/helm,causal_rolling_mad,latency_log,latency_log,1,high,400,400,0.7775,0.7342089511162986,0.8155117255281668,400,0.7775,0.7342089511162986,0.8155117255281668,400,0.7775,0.7342089511162986,0.8155117255281668,400,0.795,0.7527205845205713,0.8316671618221938,400,0.795,0.7527205845205713,0.8316671618221938,400,0.795,0.7527205845205713,0.8316671618221938,311,0.909967845659164,0.28668910708998613,0.8781054014150099,0.9418302899033181,400,0.0,0.0,0.0,0.0,400,2.4375,2.083734297254303,2.2332977912015344,2.6417022087984656,400,0.0325,0.17754592755390772,0.015100818819629165,0.04989918118037084,400,0.0,0.0,0.0,0.0,396,0.5269751082251083,0.3086904961082024,0.4965715959706593,0.5573786204795573,400,0.021739130434782598,3.47379190913765e-18,0.021739130434782598,0.021739130434782598,318,0.970125786163522,0.15727565232936105,0.9528397257615535,0.9874118465654904,400,0.0007509152787088112,0.004103592333504158,0.00034877061966366986,0.0011530599377539527
helm/helm,causal_rolling_mad,latency_log,latency_log,1,low,400,400,0.435,0.3872626744968637,0.48397392376659487,400,0.435,0.3872626744968637,0.48397392376659487,400,0.435,0.3872626744968637,0.48397392376659487,400,0.445,0.3970507860416546,0.49399556633511804,400,0.445,0.3970507860416546,0.49399556633511804,400,0.445,0.3970507860416546,0.49399556633511804,174,0.7758620689655172,0.41821683599004145,0.7137215352628498,0.8380026026681847,400,0.0,0.0,0.0,0.0,400,0.975,1.3671311638052945,0.8410236078399647,1.1089763921600353,400,0.045,0.2075637414552872,0.024659127112562684,0.06534087288743731,400,0.0,0.0,0.0,0.0,397,0.23542341369797287,0.3113351034985626,0.20479807302570435,0.2660487543702414,400,0.021739130434782598,3.47379190913765e-18,0.021739130434782598,0.021739130434782598,178,0.9466292134831461,0.18207804758656992,0.919880944756713,0.9733774822095792,400,0.0010555999587479998,0.004871213155807068,0.0005782298414280222,0.0015329700760679773
helm/helm,causal_rolling_mad,latency_log,latency_log,1,medium,400,400,0.75,0.7053228670693259,0.7899209857635259,400,0.75,0.7053228670693259,0.7899209857635259,400,0.75,0.7053228670693259,0.7899209857635259,400,0.76,0.715799603858965,0.7992540030872007,400,0.76,0.715799603858965,0.7992540030872007,400,0.76,0.715799603858965,0.7992540030872007,300,0.8466666666666667,0.3609105294341109,0.8058265460281149,0.8875067873052185,400,0.0,0.0,0.0,0.0,400,2.0325,1.759027912795868,1.860118432155972,2.2048815678440286,400,0.035,0.1840099158274005,0.016967359609002412,0.053032640390997594,400,0.0,0.0,0.0,0.0,395,0.46826702833031947,0.32041668075368457,0.4366686597673872,0.4998653968932517,400,0.021739130434782598,3.47379190913765e-18,0.021739130434782598,0.021739130434782598,304,0.9736842105263158,0.13521128417048425,0.9584848877896491,0.9888835332629825,400,0.0008173696694683635,0.004299211271176779,0.00039605470679660606,0.001238684632140121
helm/helm,causal_rolling_mad,latency_log,latency_log+failure_rate,2,high,400,400,0.77,0.7263071915784445,0.8085561694810355,400,0.77,0.7263071915784445,0.8085561694810355,400,0.77,0.7263071915784445,0.8085561694810355,400,0.78,0.7368470079068086,0.8178261072659854,400,0.78,0.7368470079068086,0.8178261072659854,400,0.78,0.7368470079068086,0.8178261072659854,308,0.8766233766233766,0.3294042016293993,0.8398357417654266,0.9134110114813266,400,0.0,0.0,0.0,0.0,400,2.5125,2.157889006044105,2.3010307632759313,2.723969236724069,400,0.0525,0.22331238445870302,0.030615788457958995,0.074384211542041,400,0.0,0.0,0.0,0.0,398,0.5193766451304139,0.3135052108376929,0.48857660242175316,0.5501766878390747,400,0.021739130434782598,3.47379190913765e-18,0.021739130434782598,0.021739130434782598,312,0.9655448717948718,0.1453138013883695,0.949420691040404,0.9816690525493396,400,0.0012315332852059998,0.005240829428924364,0.0007179414387155313,0.0017451251316964683
helm/helm,causal_rolling_mad,latency_log,latency_log+failure_rate,2,low,400,400,0.4875,0.4388685044431795,0.5363693029151779,400,0.4875,0.4388685044431795,0.5363693029151779,400,0.4875,0.4388685044431795,0.5363693029151779,400,0.5125,0.4636306970848221,0.5611314955568205,400,0.5125,0.4636306970848221,0.5611314955568205,400,0.5125,0.4636306970848221,0.5611314955568205,195,0.7794871794871795,0.415659634239143,0.7211468823867058,0.8378274765876532,400,0.0,0.0,0.0,0.0,400,1.1275,1.4461923907550112,0.985775749970215,1.2692242500297848,400,0.06,0.23778425806486572,0.03669757090511426,0.08330242909488574,400,0.0,0.0,0.0,0.0,398,0.2628948312993539,0.3208687395724504,0.23137136520991114,0.2944182973887967,400,0.021739130434782598,3.47379190913765e-18,0.021739130434782598,0.021739130434782598,205,0.9219512195121952,0.23744162865968624,0.8894478771008865,0.9544545619235039,400,0.001389515546846798,0.005508694613151079,0.0008496733946665019,0.001929357699027094
helm/helm,causal_rolling_mad,latency_log,latency_log+failure_rate,2,medium,400,400,0.745,0.7000956766555838,0.785243299120611,400,0.745,0.7000956766555838,0.785243299120611,400,0.745,0.7000956766555838,0.785243299120611,400,0.755,0.710557459419624,0.7945912704698848,400,0.755,0.710557459419624,0.7945912704698848,400,0.755,0.710557459419624,0.7945912704698848,298,0.8825503355704698,0.32249689657351793,0.845934790909694,0.9191658802312456,400,0.0,0.0,0.0,0.0,400,2.0125,1.7464159503621117,1.8413543817631988,2.1836456182368016,400,0.035,0.1840099158274005,0.016967359609002412,0.053032640390997594,400,0.0,0.0,0.0,0.0,398,0.45486958602536487,0.31774596863603494,0.4236529138101099,0.48608625824061985,400,0.021739130434782598,3.47379190913765e-18,0.021739130434782598,0.021739130434782598,302,0.972682119205298,0.13775764123663736,0.9571453642015265,0.9882188742090695,400,0.0008145335945959867,0.004283969059174704,0.0003947123412526688,0.0012343548479393047
helm/helm,causal_rolling_mad,latency_log,latency_log+failure_rate+rerun_rate,3,high,400,400,0.7725,0.7289390669951599,0.8108767325926485,400,0.7725,0.7289390669951599,0.8108767325926485,400,0.7725,0.7289390669951599,0.8108767325926485,400,0.79,0.7474205944599498,0.8270622748261584,400,0.79,0.7474205944599498,0.8270622748261584,400,0.79,0.7474205944599498,0.8270622748261584,309,0.889967637540453,0.3134376824305792,0.8550198200684158,0.9249154550124903,400,0.0,0.0,0.0,0.0,400,2.5175,2.1450400326927785,2.3072899395262767,2.7277100604737234,400,0.0475,0.2129721645125082,0.026629111392297226,0.06837088860770277,400,0.0,0.0,0.0,0.0,399,0.521219715956558,0.31236244661946627,0.4905704230908896,0.5518690088222264,400,0.021739130434782598,3.47379190913765e-18,0.021739130434782598,0.021739130434782598,316,0.9612341772151899,0.16867945246932903,0.942636156275878,0.9798321981545017,400,0.0010986245036868954,0.0049275056010327275,0.0006157378281047186,0.0015815111792690723
helm/helm,causal_rolling_mad,latency_log,latency_log+failure_rate+rerun_rate,3,low,400,400,0.4425,0.39460190844340914,0.491492005405035,400,0.4425,0.39460190844340914,0.491492005405035,400,0.4425,0.39460190844340914,0.491492005405035,400,0.4625,0.41422725327343163,0.5114861688016406,400,0.4625,0.41422725327343163,0.5114861688016406,400,0.4625,0.41422725327343163,0.5114861688016406,177,0.8022598870056498,0.3994249847451002,0.7434166324434556,0.861103141567844,400,0.0,0.0,0.0,0.0,400,1.0325,1.418263879212079,0.893512693808513,1.171487306191487,400,0.035,0.1840099158274005,0.016967359609002412,0.053032640390997594,400,0.0,0.0,0.0,0.0,397,0.2563572028307544,0.32803663783413467,0.2240889694264145,0.28862543623509435,400,0.021739130434782598,3.47379190913765e-18,0.021739130434782598,0.021739130434782598,185,0.9405405405405406,0.21926192826044572,0.9089450242840242,0.972136056797057,400,0.0008007399577167004,0.004210068786251208,0.000388160798042269,0.0012133191173911318
helm/helm,causal_rolling_mad,latency_log,latency_log+failure_rate+rerun_rate,3,medium,400,400,0.74,0.6948757457668063,0.7805583529527312,400,0.74,0.6948757457668063,0.7805583529527312,400,0.74,0.6948757457668063,0.7805583529527312,400,0.7525,0.7079392288053334,0.7922570625558467,400,0.7525,0.7079392288053334,0.7922570625558467,400,0.7525,0.7079392288053334,0.7922570625558467,296,0.9087837837837838,0.28840391968328954,0.8759286383415934,0.9416389292259741,400,0.0,0.0,0.0,0.0,400,2.0525,1.7924217386605916,1.876845897355929,2.2281541026440714,400,0.0325,0.1775459275539077,0.015100818819629165,0.04989918118037084,400,0.0,0.0,0.0,0.0,394,0.4553329707517525,0.30737687558815224,0.42498209883968363,0.48568384266382136,400,0.021739130434782598,3.47379190913765e-18,0.021739130434782598,0.021739130434782598,301,0.9725913621262459,0.1438909162935767,0.956335941141035,0.9888467831114567,400,0.0007563940597122659,0.004133821709276514,0.0003512869762776773,0.0011615011431468545
helm/helm,causal_rolling_mad,latency_log,latency_log+rerun_rate,2,high,400,400,0.7775,0.7342089511162986,0.8155117255281668,400,0.7775,0.7342089511162986,0.8155117255281668,400,0.7775,0.7342089511162986,0.8155117255281668,400,0.79,0.7474205944599498,0.8270622748261584,400,0.79,0.7474205944599498,0.8270622748261584,400,0.79,0.7474205944599498,0.8270622748261584,311,0.8971061093247589,0.3043098776045843,0.8632853039005821,0.9309269147489356,400,0.0,0.0,0.0,0.0,400,2.4625,2.092735675262476,2.2574156723661716,2.6675843276338282,400,0.03,0.17080085576725623,0.01326182370837787,0.04673817629162213,400,0.0,0.0,0.0,0.0,398,0.5285355348169418,0.3129046820148022,0.497794490532401,0.5592765791014827,400,0.021739130434782598,3.47379190913765e-18,0.021739130434782598,0.021739130434782598,316,0.9731012658227848,0.14388444172258924,0.9572370581743488,0.9889654734712208,400,0.0006897463002114148,0.003927242703649023,0.00030488358732642517,0.0010746090130964044
helm/helm,causal_rolling_mad,latency_log,latency_log+rerun_rate,2,low,400,400,0.41,0.362879477619472,0.4588327353607013,400,0.41,0.362879477619472,0.4588327353607013,400,0.41,0.362879477619472,0.4588327353607013,400,0.425,0.3774943812405543,0.4739324629095902,400,0.425,0.3774943812405543,0.4739324629095902,400,0.425,0.3774943812405543,0.4739324629095902,164,0.8292682926829268,0.3774268075562438,0.77150407304733,0.8870325123185235,400,0.0,0.0,0.0,0.0,400,0.915,1.336878120012974,0.7839883516527477,1.0460116483472524,400,0.045,0.2075637414552872,0.024659127112562684,0.06534087288743731,400,0.0,0.0,0.0,0.0,397,0.2138359121986326,0.29799142964497943,0.18452315900202443,0.24314866539524077,400,0.021739130434782598,3.47379190913765e-18,0.021739130434782598,0.021739130434782598,170,0.9367647058823529,0.20900894049894816,0.9053459854344426,0.9681834263302633,400,0.0010487998246790063,0.004839923625699526,0.0005744960249642268,0.0015231036243937859
helm/helm,causal_rolling_mad,latency_log,latency_log+rerun_rate,2,medium,400,400,0.735,0.6896629392432349,0.7758662824196457,400,0.735,0.6896629392432349,0.7758662824196457,400,0.735,0.6896629392432349,0.7758662824196457,400,0.755,0.710557459419624,0.7945912704698848,400,0.755,0.710557459419624,0.7945912704698848,400,0.755,0.710557459419624,0.7945912704698848,294,0.8537414965986394,0.35396768307464704,0.8132803636766035,0.8942026295206753,400,0.0,0.0,0.0,0.0,400,2.0325,1.759027912795868,1.860118432155972,2.2048815678440286,400,0.0325,0.17754592755390772,0.015100818819629165,0.04989918118037084,400,0.0,0.0,0.0,0.0,399,0.4638202649480845,0.32950152369097385,0.4314892699498552,0.49615125994631376,400,0.021739130434782598,3.47379190913765e-18,0.021739130434782598,0.021739130434782598,302,0.9660596026490066,0.17015344772078572,0.9468691431829962,0.985250062115017,400,0.0007467578507708955,0.004080359480036005,0.00034688996952853793,0.001146625732013253
helm/helm,causal_rolling_mad,latency_log,rerun_rate,1,high,400,400,0.0,8.673617379884035e-19,0.009512294334296508,400,0.0,8.673617379884035e-19,0.009512294334296508,400,0.0,8.673617379884035e-19,0.009512294334296508,400,0.0,8.673617379884035e-19,0.009512294334296508,400,0.0,8.673617379884035e-19,0.009512294334296508,400,0.0,8.673617379884035e-19,0.009512294334296508,0,,,,,400,0.0,0.0,0.0,0.0,400,0.0,0.0,0.0,0.0,400,0.0,0.0,0.0,0.0,400,0.0,0.0,0.0,0.0,397,0.0,0.0,0.0,0.0,400,0.021739130434782598,3.47379190913765e-18,0.021739130434782598,0.021739130434782598,0,,,,,400,0.0,0.0,0.0,0.0
helm/helm,causal_rolling_mad,latency_log,rerun_rate,1,low,400,400,0.0,8.673617379884035e-19,0.009512294334296508,400,0.0,8.673617379884035e-19,0.009512294334296508,400,0.0,8.673617379884035e-19,0.009512294334296508,400,0.0,8.673617379884035e-19,0.009512294334296508,400,0.0,8.673617379884035e-19,0.009512294334296508,400,0.0,8.673617379884035e-19,0.009512294334296508,0,,,,,400,0.0,0.0,0.0,0.0,400,0.0,0.0,0.0,0.0,400,0.0,0.0,0.0,0.0,400,0.0,0.0,0.0,0.0,396,0.0,0.0,0.0,0.0,400,0.021739130434782598,3.47379190913765e-18,0.021739130434782598,0.021739130434782598,0,,,,,400,0.0,0.0,0.0,0.0
helm/helm,causal_rolling_mad,latency_log,rerun_rate,1,medium,400,400,0.0,8.673617379884035e-19,0.009512294334296508,400,0.0,8.673617379884035e-19,0.009512294334296508,400,0.0,8.673617379884035e-19,0.009512294334296508,400,0.0,8.673617379884035e-19,0.009512294334296508,400,0.0,8.673617379884035e-19,0.009512294334296508,400,0.0,8.673617379884035e-19,0.009512294334296508,0,,,,,400,0.0,0.0,0.0,0.0,400,0.0,0.0,0.0,0.0,400,0.0,0.0,0.0,0.0,400,0.0,0.0,0.0,0.0,396,0.0,0.0,0.0,0.0,400,0.021739130434782598,3.47379190913765e-18,0.021739130434782598,0.021739130434782598,0,,,,,400,0.0,0.0,0.0,0.0
helm/helm,causal_rolling_mad,rerun_rate,failure_rate,1,high,400,400,0.0,8.673617379884035e-19,0.009512294334296508,400,0.1825,0.14772734739355886,0.22331295950871943,400,0.0,8.673617379884035e-19,0.009512294334296508,400,0.0,8.673617379884035e-19,0.009512294334296508,400,0.0,8.673617379884035e-19,0.009512294334296508,400,0.0,8.673617379884035e-19,0.009512294334296508,0,,,,,400,0.04444444444444439,6.9475838182753e-18,0.04444444444444439,0.04444444444444439,400,0.0,0.0,0.0,0.0,400,0.0,0.0,0.0,0.0,400,0.0546875,0.1505052970990962,0.039938251910163536,0.06943674808983646,397,0.0,0.0,0.0,0.0,400,0.021739130434782598,3.47379190913765e-18,0.021739130434782598,0.021739130434782598,400,0.10625,0.2387014525692012,0.08285768749534848,0.12964231250465152,400,0.04323562329452031,0.011643866618613254,0.0420945453338568,0.04437670125518382
helm/helm,causal_rolling_mad,rerun_rate,failure_rate,1,low,400,400,0.0,8.673617379884035e-19,0.009512294334296508,400,0.1475,0.1161060733583933,0.18560009414728573,400,0.0,8.673617379884035e-19,0.009512294334296508,400,0.0,8.673617379884035e-19,0.009512294334296508,400,0.0,8.673617379884035e-19,0.009512294334296508,400,0.0,8.673617379884035e-19,0.009512294334296508,0,,,,,400,0.04444444444444439,6.9475838182753e-18,0.04444444444444439,0.04444444444444439,400,0.0,0.0,0.0,0.0,400,0.0,0.0,0.0,0.0,400,0.0425,0.12605444978570549,0.03014689091645023,0.054853109083549775,396,0.0,0.0,0.0,0.0,400,0.021739130434782598,3.47379190913765e-18,0.021739130434782598,0.021739130434782598,400,0.08125,0.20402819968245606,0.061255603839591985,0.10124439616040802,400,0.04454495036455357,0.010099055323985733,0.04355526112890909,0.045534639600198046
helm/helm,causal_rolling_mad,rerun_rate,failure_rate,1,medium,400,400,0.0,8.673617379884035e-19,0.009512294334296508,400,0.1875,0.15228915456130324,0.2286560293976321,400,0.0,8.673617379884035e-19,0.009512294334296508,400,0.0,8.673617379884035e-19,0.009512294334296508,400,0.0,8.673617379884035e-19,0.009512294334296508,400,0.0,8.673617379884035e-19,0.009512294334296508,0,,,,,400,0.04444444444444439,6.9475838182753e-18,0.04444444444444439,0.04444444444444439,400,0.0,0.0,0.0,0.0,400,0.0,0.0,0.0,0.0,400,0.06125,0.16720932958345766,0.04486378680686676,0.07763621319313324,399,0.0,0.0,0.0,0.0,400,0.021739130434782598,3.47379190913765e-18,0.021739130434782598,0.021739130434782598,400,0.10875,0.24019298318837778,0.08521152018057725,0.13228847981942277,400,0.04313610398883329,0.01177029611012342,0.0419826361656726,0.04428957181199398
helm/helm,causal_rolling_mad,rerun_rate,failure_rate+rerun_rate,2,high,400,400,0.285,0.24297076989988833,0.33111951666385914,400,0.3025,0.25953936408389566,0.3492179921781514,400,0.285,0.24297076989988833,0.33111951666385914,400,0.3025,0.25953936408389566,0.3492179921781514,400,0.3025,0.25953936408389566,0.3492179921781514,400,0.3025,0.25953936408389566,0.3492179921781514,114,1.1491228070175439,0.8226060051155888,0.998119123665669,1.3001264903694187,400,0.04444444444444439,6.9475838182753e-18,0.04444444444444439,0.04444444444444439,400,0.4875,0.9038174400354757,0.3989275184465639,0.5760724815534362,400,0.03,0.17080085576725623,0.01326182370837787,0.04673817629162213,400,0.0409375,0.12485855092101317,0.02870158685164769,0.05317341314835231,398,0.11273031825795643,0.21081817711670212,0.09201867253568459,0.13344196398022828,400,0.021739130434782598,3.47379190913765e-18,0.021739130434782598,0.021739130434782598,366,0.18929872495446265,0.30834426985646507,0.1577091756033123,0.220888274305613,400,0.038035595430164305,0.018167404868941,0.036255222468380206,0.039815968391948404
helm/helm,causal_rolling_mad,rerun_rate,failure_rate+rerun_rate,2,low,400,400,0.0075,0.0025538891952499396,0.021815720724032123,400,0.12,0.09171539075382554,0.15551395294023979,400,0.0075,0.0025538891952499396,0.021815720724032123,400,0.01,0.003895483794990993,0.025426564652619582,400,0.01,0.003895483794990993,0.025426564652619582,400,0.01,0.003895483794990993,0.025426564652619582,3,3.6666666666666665,2.081665999466133,1.3110831185593743,6.022250214773958,400,0.04444444444444439,6.9475838182753e-18,0.04444444444444439,0.04444444444444439,400,0.01,0.09962335082737976,0.0002370910179568548,0.019762908982043144,400,0.0025,0.05,-0.002399909961350135,0.007399909961350135,400,0.054375,0.1625,0.03845029262561206,0.07029970737438794,399,0.0009398496240601503,0.01081160696674925,-0.00012099527537837184,0.0020006945234986723,400,0.021739130434782598,3.47379190913765e-18,0.021739130434782598,0.021739130434782598,376,0.08421985815602837,0.23538610703553173,0.06042763662839754,0.1080120796836592,400,0.040131280991529635,0.016074302144072232,0.03855602832757981,0.04170653365547946
helm/helm,causal_rolling_mad,rerun_rate,failure_rate+rerun_rate,2,medium,400,400,0.085,0.0614630200239382,0.11643218427352792,400,0.1675,0.1341055740674824,0.2072201016648248,400,0.085,0.0614630200239382,0.11643218427352792,400,0.0925,0.06785393449857381,0.12489858538387784,400,0.0925,0.06785393449857381,0.12489858538387784,400,0.0925,0.06785393449857381,0.12489858538387784,34,1.2647058823529411,1.0242165824878728,0.9204348867682337,1.6089768779376485,400,0.04444444444444439,6.9475838182753e-18,0.04444444444444439,0.04444444444444439,400,0.1275,0.46560252822092185,0.08187179067880995,0.17312820932119005,400,0.0075,0.08638521873004427,-0.0009655958753750846,0.015965595875375084,400,0.0409375,0.1180886145908655,0.029365028420883624,0.05250997157911638,399,0.03070175438596491,0.11985809772342969,0.018941166712240488,0.04246234205968934,400,0.021739130434782598,3.47379190913765e-18,0.021739130434782598,0.021739130434782598,357,0.1280112044817927,0.2868524524247996,0.09825534150387355,0.15776706745971186,400,0.03753374270986293,0.018588669037061255,0.03571208661820418,0.039355398801521675
helm/helm,causal_rolling_mad,rerun_rate,latency_log,1,high,400,400,0.0,8.673617379884035e-19,0.009512294334296508,400,0.1725,0.13863520728428091,0.2125953455046833,400,0.0,8.673617379884035e-19,0.009512294334296508,400,0.0,8.673617379884035e-19,0.009512294334296508,400,0.0,8.673617379884035e-19,0.009512294334296508,400,0.0,8.673617379884035e-19,0.009512294334296508,0,,,,,400,0.04444444444444439,6.9475838182753e-18,0.04444444444444439,0.04444444444444439,400,0.0,0.0,0.0,0.0,400,0.0,0.0,0.0,0.0,400,0.053125,0.15778537618341998,0.03766231726966964,0.06858768273033036,396,0.0,0.0,0.0,0.0,400,0.021739130434782598,3.47379190913765e-18,0.021739130434782598,0.021739130434782598,400,0.105,0.24571515999145038,0.080920356798063,0.129079643201937,400,0.04323051259683267,0.011928009712548773,0.0420615891246407,0.04439943606902465
helm/helm,causal_rolling_mad,rerun_rate,latency_log,1,low,400,400,0.0,8.673617379884035e-19,0.009512294334296508,400,0.1775,0.14317591908715524,0.217959510758466,400,0.0,8.673617379884035e-19,0.009512294334296508,400,0.0,8.673617379884035e-19,0.009512294334296508,400,0.0,8.673617379884035e-19,0.009512294334296508,400,0.0,8.673617379884035e-19,0.009512294334296508,0,,,,,400,0.04444444444444439,6.9475838182753e-18,0.04444444444444439,0.04444444444444439,400,0.0,0.0,0.0,0.0,400,0.0,0.0,0.0,0.0,400,0.0565625,0.16090010317508932,0.04079457963340231,0.0723304203665977,397,0.0,0.0,0.0,0.0,400,0.021739130434782598,3.47379190913765e-18,0.021739130434782598,0.021739130434782598,400,0.11,0.2535956958277405,0.08514807847716271,0.1348519215228373,400,0.043011222125146464,0.012393819741609077,0.0417966501089247,0.04422579414136823
helm/helm,causal_rolling_mad,rerun_rate,latency_log,1,medium,400,400,0.0,8.673617379884035e-19,0.009512294334296508,400,0.135,0.10496299061600528,0.1719809842480312,400,0.0,8.673617379884035e-19,0.009512294334296508,400,0.0,8.673617379884035e-19,0.009512294334296508,400,0.0,8.673617379884035e-19,0.009512294334296508,400,0.0,8.673617379884035e-19,0.009512294334296508,0,,,,,400,0.04444444444444439,6.9475838182753e-18,0.04444444444444439,0.04444444444444439,400,0.0,0.0,0.0,0.0,400,0.0,0.0,0.0,0.0,400,0.039375,0.13041377902429824,0.026594684501230516,0.052155315498769485,395,0.0,0.0,0.0,0.0,400,0.021739130434782598,3.47379190913765e-18,0.021739130434782598,0.021739130434782598,400,0.08125,0.2188450831663009,0.05980357594001887,0.10269642405998114,400,0.0444623286043786,0.010771210668007111,0.04340676935541922,0.04551788785333798
helm/helm,causal_rolling_mad,rerun_rate,latency_log+failure_rate,2,high,400,400,0.0,8.673617379884035e-19,0.009512294334296508,400,0.17,0.13636898220196564,0.20990913205867007,400,0.0,8.673617379884035e-19,0.009512294334296508,400,0.0,8.673617379884035e-19,0.009512294334296508,400,0.0,8.673617379884035e-19,0.009512294334296508,400,0.0,8.673617379884035e-19,0.009512294334296508,0,,,,,400,0.04444444444444439,6.9475838182753e-18,0.04444444444444439,0.04444444444444439,400,0.0,0.0,0.0,0.0,400,0.0,0.0,0.0,0.0,400,0.0453125,0.1283140720906761,0.032737951999629936,0.05788704800037006,398,0.0,0.0,0.0,0.0,400,0.021739130434782598,3.47379190913765e-18,0.021739130434782598,0.021739130434782598,400,0.09375,0.21668714960053587,0.07251504954351534,0.11498495045648466,400,0.043882088002109895,0.010555516349757339,0.042847666407922494,0.0449165095962973
helm/helm,causal_rolling_mad,rerun_rate,latency_log+failure_rate,2,low,400,400,0.0,8.673617379884035e-19,0.009512294334296508,400,0.165,0.13184503236772813,0.2045282048362506,400,0.0,8.673617379884035e-19,0.009512294334296508,400,0.0,8.673617379884035e-19,0.009512294334296508,400,0.0,8.673617379884035e-19,0.009512294334296508,400,0.0,8.673617379884035e-19,0.009512294334296508,0,,,,,400,0.04444444444444439,6.9475838182753e-18,0.04444444444444439,0.04444444444444439,400,0.0,0.0,0.0,0.0,400,0.0,0.0,0.0,0.0,400,0.0496875,0.14619729466089793,0.03536042839137251,0.0640145716086275,398,0.0,0.0,0.0,0.0,400,0.021739130434782598,3.47379190913765e-18,0.021739130434782598,0.021739130434782598,400,0.095,0.22605918891350243,0.07284660656775996,0.11715339343224004,400,0.04381209783058079,0.011085786081828253,0.04272571075754585,0.04489848490361573
helm/helm,causal_rolling_mad,rerun_rate,latency_log+failure_rate,2,medium,400,400,0.0,8.673617379884035e-19,0.009512294334296508,400,0.1575,0.1250811291822658,0.19643479243672732,400,0.0,8.673617379884035e-19,0.009512294334296508,400,0.0,8.673617379884035e-19,0.009512294334296508,400,0.0,8.673617379884035e-19,0.009512294334296508,400,0.0,8.673617379884035e-19,0.009512294334296508,0,,,,,400,0.04444444444444439,6.9475838182753e-18,0.04444444444444439,0.04444444444444439,400,0.0,0.0,0.0,0.0,400,0.0,0.0,0.0,0.0,400,0.0446875,0.13273049122942707,0.03168015087700067,0.057694849122999325,398,0.0,0.0,0.0,0.0,400,0.021739130434782598,3.47379190913765e-18,0.021739130434782598,0.021739130434782598,400,0.09375,0.2306924033478476,0.07114255989656157,0.11635744010343843,400,0.04383080801691792,0.011225447542932225,0.04273073437219338,0.044930881661642455
helm/helm,causal_rolling_mad,rerun_rate,latency_log+failure_rate+rerun_rate,3,high,400,400,0.2975,0.25479754409145056,0.34405493511393953,400,0.3125,0.2690415608130786,0.35952554956228255,400,0.2975,0.25479754409145056,0.34405493511393953,400,0.305,0.2619126095600189,0.3517971852303568,400,0.305,0.2619126095600189,0.3517971852303568,400,0.305,0.2619126095600189,0.3517971852303568,119,1.1764705882352942,0.9356141717422333,1.0083691606084926,1.3445720158620957,400,0.04444444444444439,6.9475838182753e-18,0.04444444444444439,0.04444444444444439,400,0.47,0.8752228502467158,0.38422973675349714,0.5557702632465028,400,0.0225,0.14848862643465705,0.0079483820037125,0.0370516179962875,400,0.035,0.12336651995421626,0.022910303199584713,0.04708969680041529,399,0.11898496240601504,0.2218787949796761,0.09721400933015356,0.14075591548187652,400,0.021739130434782598,3.47379190913765e-18,0.021739130434782598,0.021739130434782598,360,0.1938425925925926,0.3092505791127828,0.161897263814024,0.2257879213711612,400,0.03793391235173704,0.018845689809884297,0.036087068687177704,0.03978075601629638
helm/helm,causal_rolling_mad,rerun_rate,latency_log+failure_rate+rerun_rate,3,low,400,400,0.02,0.010168386791664645,0.03896341576926,400,0.1625,0.12958740844606098,0.20183339022958918,400,0.02,0.010168386791664645,0.03896341576926,400,0.0225,0.011881583530495034,0.04220265755875813,400,0.0225,0.011881583530495034,0.04220265755875813,400,0.0225,0.011881583530495034,0.04220265755875813,8,3.75,2.3145502494313788,2.1461279788317755,5.3538720211682245,400,0.04444444444444439,6.9475838182753e-18,0.04444444444444439,0.04444444444444439,400,0.0225,0.14848862643465705,0.0079483820037125,0.0370516179962875,400,0.0025,0.05,-0.002399909961350135,0.007399909961350135,400,0.0509375,0.13746973635963286,0.03746571338854516,0.06440928661145484,397,0.004093198992443325,0.033577648275757856,0.0007902405214482884,0.007396157463438361,400,0.021739130434782598,3.47379190913765e-18,0.021739130434782598,0.021739130434782598,382,0.11300174520069806,0.26939160145454755,0.08598702575735756,0.14001646464403855,400,0.039528228644634546,0.01608802382679285,0.03795163128048774,0.041104826008781355
helm/helm,causal_rolling_mad,rerun_rate,latency_log+failure_rate+rerun_rate,3,medium,400,400,0.09,0.06571729376939447,0.12208278758472865,400,0.1525,0.12058718801590881,0.19102385654642726,400,0.09,0.06571729376939447,0.12208278758472865,400,0.105,0.07862372743733602,0.1388909850867582,400,0.105,0.07862372743733602,0.1388909850867582,400,0.105,0.07862372743733602,0.1388909850867582,36,1.5555555555555556,1.3824294235551813,1.1039702419994517,2.0071408691116597,400,0.04444444444444439,6.9475838182753e-18,0.04444444444444439,0.04444444444444439,400,0.125,0.4059396105562333,0.08521864917057836,0.16478135082942164,400,0.02,0.14017532881009245,0.006263070200557948,0.03373692979944205,400,0.049375,0.15576711096102044,0.03411010362702729,0.06463989637297272,394,0.029716582064297798,0.11990594533465508,0.01787688208236486,0.041556282046230734,400,0.021739130434782598,3.47379190913765e-18,0.021739130434782598,0.021739130434782598,350,0.11123809523809523,0.2623347838514608,0.08375472757014968,0.1387214629060408,400,0.03755102501692118,0.01908379147307984,0.03568084781813573,0.039421202215706636
helm/helm,causal_rolling_mad,rerun_rate,latency_log+rerun_rate,2,high,400,400,0.26,0.21944164704726868,0.30512425423319367,400,0.29,0.24769665928572088,0.3362985043346836,400,0.26,0.21944164704726868,0.30512425423319367,400,0.265,0.22413371758035427,0.31033706075676515,400,0.265,0.22413371758035427,0.31033706075676515,400,0.265,0.22413371758035427,0.31033706075676515,104,0.9903846153846154,0.717265469367809,0.8525331633978606,1.1282360673713703,400,0.04444444444444439,6.9475838182753e-18,0.04444444444444439,0.04444444444444439,400,0.445,0.8882270928208915,0.35795534439891685,0.5320446556010832,400,0.02,0.14017532881009245,0.006263070200557948,0.03373692979944205,400,0.0425,0.13271315667591974,0.029494349632028797,0.05550565036797121,398,0.09692211055276383,0.19455877822209855,0.07780785512277076,0.11603636598275689,400,0.021739130434782598,3.47379190913765e-18,0.021739130434782598,0.021739130434782598,366,0.1744990892531876,0.29114424105784226,0.14467166494113148,0.20432651356524373,400,0.03912437816174341,0.0175439886449532,0.03740509886727902,0.040843657456207806
helm/helm,causal_rolling_mad,rerun_rate,latency_log+rerun_rate,2,low,400,400,0.005,0.0013722529547103846,0.018044918436243156,400,0.125,0.09611512323676381,0.1610190975139586,400,0.005,0.0013722529547103846,0.018044918436243156,400,0.005,0.0013722529547103846,0.018044918436243156,400,0.005,0.0013722529547103846,0.018044918436243156,400,0.005,0.0013722529547103846,0.018044918436243156,2,2.5,2.1213203435596424,-0.4399459768100802,5.43994597681008,400,0.04444444444444439,6.9475838182753e-18,0.04444444444444439,0.04444444444444439,400,0.005,0.07062201265667242,-0.00192083006614049,0.01192083006614049,400,0.0,0.0,0.0,0.0,400,0.0484375,0.14952639047127575,0.03378418299690132,0.06309081700309868,397,0.0009445843828715365,0.014013952360006915,-0.0004339368965065679,0.0023231056622496408,400,0.021739130434782598,3.47379190913765e-18,0.021739130434782598,0.021739130434782598,372,0.0913978494623656,0.24840446713888642,0.06615513686018551,0.11664056206454568,400,0.03891740931807203,0.016727997875203664,0.03727809564962894,0.040556722986515116
helm/helm,causal_rolling_mad,rerun_rate,latency_log+rerun_rate,2,medium,400,400,0.0775,0.05513293467684451,0.10790495403563602,400,0.16,0.12733275559943816,0.1991356045478835,400,0.0775,0.05513293467684451,0.10790495403563602,400,0.0875,0.06358691021150324,0.11926073261429136,400,0.0875,0.06358691021150324,0.11926073261429136,400,0.0875,0.06358691021150324,0.11926073261429136,31,1.4838709677419355,1.434595593234913,0.978864736894349,1.988877198589522,400,0.04444444444444439,6.9475838182753e-18,0.04444444444444439,0.04444444444444439,400,0.12,0.442820760086866,0.07660436293115454,0.16339563706884547,400,0.01,0.09962335082737976,0.0002370910179568548,0.019762908982043144,400,0.04625,0.1414933334419728,0.032383908120060825,0.060116091879939174,399,0.02756892230576441,0.11996640918714607,0.01579770701080037,0.03934013760072845,400,0.021739130434782598,3.47379190913765e-18,0.021739130434782598,0.021739130434782598,364,0.12866300366300365,0.29912562300775025,0.09793382055167618,0.15939218677433112,400,0.038067265773519286,0.01854058472323838,0.03625032185802625,0.03988420968901232
helm/helm,causal_rolling_mad,rerun_rate,rerun_rate,1,high,400,400,0.315,0.2714209156648816,0.3620986332388081,400,0.335,0.29050908143055376,0.3826299756997641,400,0.315,0.2714209156648816,0.3620986332388081,400,0.325,0.28095326743154514,0.3723760355854586,400,0.325,0.28095326743154514,0.3723760355854586,400,0.325,0.28095326743154514,0.3723760355854586,126,1.1111111111111112,0.6599663291074445,0.9958760604058616,1.2263461618163607,400,0.04444444444444439,6.9475838182753e-18,0.04444444444444439,0.04444444444444439,400,0.5225,0.9146503228188254,0.4328659154413584,0.6121340845586416,400,0.0275,0.16373996745558456,0.011453778047864686,0.04354622195213531,400,0.0459375,0.14062404274249515,0.03215659704321441,0.059718402956785585,397,0.12088581024349286,0.206831808823052,0.10054022590081135,0.14123139458617437,400,0.021739130434782598,3.47379190913765e-18,0.021739130434782598,0.021739130434782598,364,0.20833333333333331,0.31341181636316384,0.1761365292032242,0.24053013746344243,400,0.03757724517948564,0.018382542701369985,0.0357757890975379,0.03937870126143338
helm/helm,causal_rolling_mad,rerun_rate,rerun_rate,1,low,400,400,0.0175,0.008502291107038103,0.03567707292555804,400,0.12,0.09171539075382554,0.15551395294023979,400,0.0175,0.008502291107038103,0.03567707292555804,400,0.0225,0.011881583530495034,0.04220265755875813,400,0.0225,0.011881583530495034,0.04220265755875813,400,0.0225,0.011881583530495034,0.04220265755875813,7,2.2857142857142856,0.9511897312113419,1.5810760198870968,2.9903525515414744,400,0.04444444444444439,6.9475838182753e-18,0.04444444444444439,0.04444444444444439,400,0.025,0.15632047282926156,0.009680875160418764,0.040319124839581236,400,0.0075,0.08638521873004429,-0.0009655958753750863,0.015965595875375084,400,0.04,0.12437815247072162,0.027811165034687706,0.05218883496531229,396,0.004103535353535354,0.034776201488967685,0.0006783613314546594,0.007528709375616048,400,0.021739130434782598,3.47379190913765e-18,0.021739130434782598,0.021739130434782598,377,0.08399646330680813,0.23667878300167916,0.06010533044921894,0.10788759616439732,400,0.04052794955588112,0.015910203841951336,0.03896877823003535,0.04208712088172689
helm/helm,causal_rolling_mad,rerun_rate,rerun_rate,1,medium,400,400,0.095,0.06999661149327467,0.12770834691750552,400,0.185,0.15000697382952777,0.22598577160107902,400,0.095,0.06999661149327467,0.12770834691750552,400,0.1025,0.07645885298219338,0.1361034210135723,400,0.1025,0.07645885298219338,0.1361034210135723,400,0.1025,0.07645885298219338,0.1361034210135723,38,1.5526315789473684,1.201291386688748,1.1706832134232277,1.934579944471509,400,0.04444444444444439,6.9475838182753e-18,0.04444444444444439,0.04444444444444439,400,0.125,0.4181052858732929,0.08402643489712613,0.16597356510287387,400,0.0075,0.08638521873004429,-0.0009655958753750863,0.015965595875375084,400,0.050625,0.14302797586381222,0.0366085159262632,0.06464148407373681,396,0.028724747474747476,0.10297942522136844,0.018582108630510005,0.038867386318984946,400,0.021739130434782598,3.47379190913765e-18,0.021739130434782598,0.021739130434782598,352,0.13982007575757577,0.2957915202280214,0.10891979120577,0.17072036030938154,400,0.036193484602162956,0.01913709094442712,0.03431808415116572,0.038068885053160195
helm/helm,causal_rolling_mad,two_of_three,failure_rate,1,high,400,400,0.105,0.07862372743733602,0.1388909850867582,400,0.105,0.07862372743733602,0.1388909850867582,400,0.105,0.07862372743733602,0.1388909850867582,400,0.105,0.07862372743733602,0.1388909850867582,400,0.105,0.07862372743733602,0.1388909850867582,400,0.105,0.07862372743733602,0.1388909850867582,42,1.2380952380952381,1.2058702719031174,0.873405087239755,1.6027853889507213,400,0.0,0.0,0.0,0.0,400,0.11,0.3288927272913813,0.07776910498658696,0.14223089501341304,400,0.0,0.0,0.0,0.0,400,0.0,0.0,0.0,0.0,397,0.03306045340050378,0.12769030706351883,0.020499842308395133,0.045621064492612426,400,0.021739130434782598,3.47379190913765e-18,0.021739130434782598,0.021739130434782598,42,1.0,0.0,1.0,1.0,400,0.0,0.0,0.0,0.0
helm/helm,causal_rolling_mad,two_of_three,failure_rate,1,low,400,400,0.01,0.003895483794990993,0.025426564652619582,400,0.01,0.003895483794990993,0.025426564652619582,400,0.01,0.003895483794990993,0.025426564652619582,400,0.01,0.003895483794990993,0.025426564652619582,400,0.01,0.003895483794990993,0.025426564652619582,400,0.01,0.003895483794990993,0.025426564652619582,4,1.0,1.4142135623730951,-0.38590382434967796,2.385903824349678,400,0.0,0.0,0.0,0.0,400,0.01,0.09962335082737975,0.0002370910179568548,0.019762908982043144,400,0.0,0.0,0.0,0.0,400,0.0,0.0,0.0,0.0,396,0.004419191919191919,0.045137382810042155,-2.6474496523842296e-05,0.008864858334907681,400,0.021739130434782598,3.47379190913765e-18,0.021739130434782598,0.021739130434782598,4,1.0,0.0,1.0,1.0,400,0.0,0.0,0.0,0.0
helm/helm,causal_rolling_mad,two_of_three,failure_rate,1,medium,400,400,0.03,0.017243020965143054,0.05169853570909567,400,0.03,0.017243020965143054,0.05169853570909567,400,0.03,0.017243020965143054,0.05169853570909567,400,0.03,0.017243020965143054,0.05169853570909567,400,0.03,0.017243020965143054,0.05169853570909567,400,0.03,0.017243020965143054,0.05169853570909567,12,1.9166666666666667,1.164500152881315,1.2578007865016583,2.575532546831675,400,0.0,0.0,0.0,0.0,400,0.03,0.17080085576725623,0.01326182370837787,0.04673817629162213,400,0.0,0.0,0.0,0.0,400,0.0,0.0,0.0,0.0,399,0.008458646616541353,0.0636431056253632,0.0022139260865835664,0.01470336714649914,400,0.021739130434782598,3.47379190913765e-18,0.021739130434782598,0.021739130434782598,12,1.0,0.0,1.0,1.0,400,0.0,0.0,0.0,0.0
helm/helm,causal_rolling_mad,two_of_three,failure_rate+rerun_rate,2,high,400,400,0.2325,0.19376640712110382,0.2763226703477448,400,0.2325,0.19376640712110382,0.2763226703477448,400,0.2325,0.19376640712110382,0.2763226703477448,400,0.2375,0.19841751180740802,0.2815764427180976,400,0.2375,0.19841751180740802,0.2815764427180976,400,0.2375,0.19841751180740802,0.2815764427180976,93,1.118279569892473,0.5681675802542652,1.0028058740815549,1.2337532657033912,400,0.0,0.0,0.0,0.0,400,0.4,0.8406943066853928,0.317613471844438,0.48238652815556204,400,0.0125,0.11124156919421795,0.0015985265397806241,0.023401473460219376,400,0.0,0.0,0.0,0.0,398,0.09296482412060302,0.1981911368332058,0.07349371082513352,0.11243593741607251,400,0.021739130434782598,3.47379190913765e-18,0.021739130434782598,0.021739130434782598,95,0.9657894736842105,0.1614863076164428,0.9333165050621577,0.9982624423062634,400,0.000296563192904656,0.0026407876251356354,3.777076110041068e-05,0.0005553556247089014
helm/helm,causal_rolling_mad,two_of_three,failure_rate+rerun_rate,2,low,400,400,0.0175,0.008502291107038103,0.03567707292555804,400,0.0175,0.008502291107038103,0.03567707292555804,400,0.0175,0.008502291107038103,0.03567707292555804,400,0.02,0.010168386791664645,0.03896341576926,400,0.02,0.010168386791664645,0.03896341576926,400,0.02,0.010168386791664645,0.03896341576926,7,2.0,1.7320508075688772,0.7169023830654206,3.2830976169345796,400,0.0,0.0,0.0,0.0,400,0.0225,0.1645035060683265,0.006378952638775692,0.038621047361224306,400,0.0025,0.05,-0.002399909961350135,0.007399909961350135,400,0.0,0.0,0.0,0.0,399,0.003132832080200501,0.02486566722980282,0.0006929897576855859,0.005572674402715416,400,0.021739130434782598,3.47379190913765e-18,0.021739130434782598,0.021739130434782598,8,0.875,0.3535533905932738,0.6300045019324932,1.1199954980675066,400,5.681818181818175e-05,0.001136363636363635,-5.454340821250301e-05,0.00016817977184886652
helm/helm,causal_rolling_mad,two_of_three,failure_rate+rerun_rate,2,medium,400,400,0.0475,0.030617076962711882,0.07299154940982647,400,0.0475,0.030617076962711882,0.07299154940982647,400,0.0475,0.030617076962711882,0.07299154940982647,400,0.055,0.03659849414955068,0.08186744780797323,400,0.055,0.03659849414955068,0.08186744780797323,400,0.055,0.03659849414955068,0.08186744780797323,19,1.368421052631579,0.8306975860878395,0.9949007274611099,1.741941377802048,400,0.0,0.0,0.0,0.0,400,0.075,0.33113308926626095,0.04254955354743209,0.1074504464525679,400,0.0075,0.08638521873004427,-0.0009655958753750846,0.015965595875375084,400,0.0,0.0,0.0,0.0,399,0.015664160401002505,0.07768799531985897,0.008041342272657608,0.023286978529347403,400,0.021739130434782598,3.47379190913765e-18,0.021739130434782598,0.021739130434782598,22,0.8636363636363636,0.3512500866571044,0.7168609913311133,1.010411735941614,400,0.00017177589852008425,0.001978637762166084,-2.212703909473842e-05,0.0003656788361349069
helm/helm,causal_rolling_mad,two_of_three,latency_log,1,high,400,400,0.235,0.1960909748126292,0.278950541184548,400,0.235,0.1960909748126292,0.278950541184548,400,0.235,0.1960909748126292,0.278950541184548,400,0.235,0.1960909748126292,0.278950541184548,400,0.235,0.1960909748126292,0.278950541184548,400,0.235,0.1960909748126292,0.278950541184548,94,2.5531914893617023,1.7997432390144996,2.1893646656399004,2.917018313083504,400,0.0,0.0,0.0,0.0,400,0.235,0.4245298151011004,0.19339684260191975,0.2766031573980802,400,0.0,0.0,0.0,0.0,400,0.0,0.0,0.0,0.0,396,0.05334595959595959,0.13443450811073615,0.04010524999752442,0.06658666919439477,400,0.021739130434782598,3.47379190913765e-18,0.021739130434782598,0.021739130434782598,94,1.0,0.0,1.0,1.0,400,0.0,0.0,0.0,0.0
helm/helm,causal_rolling_mad,two_of_three,latency_log,1,low,400,400,0.0875,0.06358691021150324,0.11926073261429136,400,0.0875,0.06358691021150324,0.11926073261429136,400,0.0875,0.06358691021150324,0.11926073261429136,400,0.0875,0.06358691021150324,0.11926073261429136,400,0.0875,0.06358691021150324,0.11926073261429136,400,0.0875,0.06358691021150324,0.11926073261429136,35,1.0,0.9074852129730301,0.699355248891198,1.300644751108802,400,0.0,0.0,0.0,0.0,400,0.0875,0.2829202354889498,0.05977432639720337,0.11522567360279662,400,0.0,0.0,0.0,0.0,400,0.0,0.0,0.0,0.0,397,0.034634760705289674,0.14454536913418234,0.02041615469977196,0.04885336671080739,400,0.021739130434782598,3.47379190913765e-18,0.021739130434782598,0.021739130434782598,35,1.0,0.0,1.0,1.0,400,0.0,0.0,0.0,0.0
helm/helm,causal_rolling_mad,two_of_three,latency_log,1,medium,400,400,0.1625,0.12958740844606098,0.20183339022958918,400,0.1625,0.12958740844606098,0.20183339022958918,400,0.1625,0.12958740844606098,0.20183339022958918,400,0.1625,0.12958740844606098,0.20183339022958918,400,0.1625,0.12958740844606098,0.20183339022958918,400,0.1625,0.12958740844606098,0.20183339022958918,65,2.076923076923077,1.428588598797913,1.729628027597799,2.424218126248355,400,0.0,0.0,0.0,0.0,400,0.1625,0.36937086659986035,0.12630232022629626,0.19869767977370376,400,0.0,0.0,0.0,0.0,400,0.0,0.0,0.0,0.0,395,0.03575949367088608,0.10167408556200486,0.025732752174999096,0.04578623516677306,400,0.021739130434782598,3.47379190913765e-18,0.021739130434782598,0.021739130434782598,65,1.0,0.0,1.0,1.0,400,0.0,0.0,0.0,0.0
helm/helm,causal_rolling_mad,two_of_three,latency_log+failure_rate,2,high,400,400,0.6425,0.5943817784800669,0.6879072176346586,400,0.6425,0.5943817784800669,0.6879072176346586,400,0.6425,0.5943817784800669,0.6879072176346586,400,0.6475,0.5994805197681348,0.6927133534032477,400,0.6475,0.5994805197681348,0.6927133534032477,400,0.6475,0.5994805197681348,0.6927133534032477,257,1.0428015564202335,0.41706368892840345,0.991811685847782,1.093791426992685,400,0.0,0.0,0.0,0.0,400,1.32,1.3591239991673982,1.1868082955553927,1.4531917044446074,400,0.01,0.09962335082737976,0.0002370910179568548,0.019762908982043144,400,0.0,0.0,0.0,0.0,398,0.3114770279971285,0.2821813351863399,0.2837543718023459,0.3391996841919111,400,0.021739130434782598,3.47379190913765e-18,0.021739130434782598,0.021739130434782598,259,0.9903474903474904,0.09023802988901561,0.9793577403211936,1.0013372403737872,400,0.0002369089362140975,0.0023612788397581676,5.5078620449707796e-06,0.0004683100103832242
helm/helm,causal_rolling_mad,two_of_three,latency_log+failure_rate,2,low,400,400,0.105,0.07862372743733602,0.1388909850867582,400,0.105,0.07862372743733602,0.1388909850867582,400,0.105,0.07862372743733602,0.1388909850867582,400,0.105,0.07862372743733602,0.1388909850867582,400,0.105,0.07862372743733602,0.1388909850867582,400,0.105,0.07862372743733602,0.1388909850867582,42,1.0714285714285714,1.0215449118705655,0.7624837564711799,1.3803733863859629,400,0.0,0.0,0.0,0.0,400,0.1375,0.42901501688376764,0.09545730090404862,0.17954269909595139,400,0.0,0.0,0.0,0.0,400,0.0,0.0,0.0,0.0,398,0.038316582914572864,0.1372468781726673,0.02483288451589772,0.05180028131324801,400,0.021739130434782598,3.47379190913765e-18,0.021739130434782598,0.021739130434782598,42,1.0,0.0,1.0,1.0,400,0.0,0.0,0.0,0.0
helm/helm,causal_rolling_mad,two_of_three,latency_log+failure_rate,2,medium,400,400,0.28,0.23825142339704647,0.32593398611004404,400,0.28,0.23825142339704647,0.32593398611004404,400,0.28,0.23825142339704647,0.32593398611004404,400,0.295,0.25242899167233757,0.341471049004724,400,0.295,0.25242899167233757,0.341471049004724,400,0.295,0.25242899167233757,0.341471049004724,112,1.4017857142857142,0.9905846979224157,1.218330231957785,1.5852411966136435,400,0.0,0.0,0.0,0.0,400,0.3925,0.6852866513264471,0.3253431422157053,0.4596568577842947,400,0.015,0.12170468386708859,0.003073160143533671,0.02692683985646633,400,0.0,0.0,0.0,0.0,398,0.09516331658291458,0.18886719431712976,0.07660822578972151,0.11371840737610764,400,0.021739130434782598,3.47379190913765e-18,0.021739130434782598,0.021739130434782598,118,0.9491525423728814,0.22062295744653473,0.9093456944753092,0.9889593902704535,400,0.0003435517970401685,0.002787624968419624,7.036957001481511e-05,0.0006167340240655219
helm/helm,causal_rolling_mad,two_of_three,latency_log+failure_rate+rerun_rate,3,high,400,400,0.6525,0.6045847907403059,0.6975139594877335,400,0.6525,0.6045847907403059,0.6975139594877335,400,0.6525,0.6045847907403059,0.6975139594877335,400,0.655,0.6071390167491942,0.6999121720071738,400,0.655,0.6071390167491942,0.6999121720071738,400,0.655,0.6071390167491942,0.6999121720071738,261,1.0689655172413792,0.4240764657539558,1.0175171011243453,1.120413933358413,400,0.0,0.0,0.0,0.0,400,1.325,1.3486742771197242,1.1928323494984874,1.4571676505015125,400,0.015,0.12170468386708859,0.003073160143533671,0.02692683985646633,400,0.0,0.0,0.0,0.0,399,0.30384294068504597,0.2696264333722064,0.2773869450614178,0.33029893630867413,400,0.021739130434782598,3.47379190913765e-18,0.021739130434782598,0.021739130434782598,262,0.9904580152671756,0.07520457509743655,0.9813517204355046,0.9995643100988466,400,0.0003588601557262925,0.0029128466445078292,7.340642994010797e-05,0.000644313881512477
helm/helm,causal_rolling_mad,two_of_three,latency_log+failure_rate+rerun_rate,3,low,400,400,0.1025,0.07645885298219338,0.1361034210135723,400,0.1025,0.07645885298219338,0.1361034210135723,400,0.1025,0.07645885298219338,0.1361034210135723,400,0.1025,0.07645885298219338,0.1361034210135723,400,0.1025,0.07645885298219338,0.1361034210135723,400,0.1025,0.07645885298219338,0.1361034210135723,41,1.3658536585365855,1.018727087128236,1.0540264431322428,1.6776808739409281,400,0.0,0.0,0.0,0.0,400,0.1275,0.40205456056881816,0.08809937707325194,0.16690062292674807,400,0.0,0.0,0.0,0.0,400,0.0,0.0,0.0,0.0,397,0.034634760705289674,0.12896511195580534,0.02194874989539068,0.04732077151518867,400,0.021739130434782598,3.47379190913765e-18,0.021739130434782598,0.021739130434782598,41,1.0,0.0,1.0,1.0,400,0.0,0.0,0.0,0.0
helm/helm,causal_rolling_mad,two_of_three,latency_log+failure_rate+rerun_rate,3,medium,400,400,0.2875,0.24533290309016223,0.33370982200191374,400,0.2875,0.24533290309016223,0.33370982200191374,400,0.2875,0.24533290309016223,0.33370982200191374,400,0.3,0.25716767195619705,0.34663724577752153,400,0.3,0.25716767195619705,0.34663724577752153,400,0.3,0.25716767195619705,0.34663724577752153,115,1.208695652173913,0.7665787765096068,1.0685899012791948,1.348801403068631,400,0.0,0.0,0.0,0.0,400,0.4025,0.6867844875438197,0.3351963569636658,0.46980364303633426,400,0.015,0.12170468386708858,0.003073160143533671,0.02692683985646633,400,0.0,0.0,0.0,0.0,394,0.10966582064297799,0.2105337260761583,0.08887739229721739,0.13045424898873859,400,0.021739130434782598,3.47379190913765e-18,0.021739130434782598,0.021739130434782598,120,0.9541666666666667,0.20493730680353914,0.9174994037504609,0.9908339295828725,400,0.0003448731501057074,0.002798366167121916,7.063830494998994e-05,0.000619107995261425
helm/helm,causal_rolling_mad,two_of_three,latency_log+rerun_rate,2,high,400,400,0.3375,0.2929016377213044,0.38518985793734206,400,0.3375,0.2929016377213044,0.38518985793734206,400,0.3375,0.2929016377213044,0.38518985793734206,400,0.3375,0.2929016377213044,0.38518985793734206,400,0.3375,0.2929016377213044,0.38518985793734206,400,0.3375,0.2929016377213044,0.38518985793734206,135,1.3185185185185184,1.0626062851271956,1.1392708204328692,1.4977662166041676,400,0.0,0.0,0.0,0.0,400,0.63,1.0821402722948195,0.5239522020040893,0.7360477979959107,400,0.015,0.12170468386708859,0.003073160143533671,0.02692683985646633,400,0.0,0.0,0.0,0.0,398,0.13894472361809043,0.23175727834009746,0.11617593437900656,0.1617135128571743,400,0.021739130434782598,3.47379190913765e-18,0.021739130434782598,0.021739130434782598,135,0.9833333333333333,0.08195375470622294,0.9695088132959725,0.9971578533706941,400,0.0003573454339194547,0.0029002084175050696,7.313023162096262e-05,0.0006415606362179468
helm/helm,causal_rolling_mad,two_of_three,latency_log+rerun_rate,2,low,400,400,0.085,0.0614630200239382,0.11643218427352792,400,0.085,0.0614630200239382,0.11643218427352792,400,0.085,0.0614630200239382,0.11643218427352792,400,0.085,0.0614630200239382,0.11643218427352792,400,0.085,0.0614630200239382,0.11643218427352792,400,0.085,0.0614630200239382,0.11643218427352792,34,1.1470588235294117,1.0482988511314044,0.7946930296924555,1.499424617366368,400,0.0,0.0,0.0,0.0,400,0.0925,0.3149471849744148,0.06163574302089363,0.12336425697910637,400,0.0,0.0,0.0,0.0,400,0.0,0.0,0.0,0.0,397,0.028337531486146095,0.12141269435465431,0.016394435173633853,0.04028062779865833,400,0.021739130434782598,3.47379190913765e-18,0.021739130434782598,0.021739130434782598,34,1.0,0.0,1.0,1.0,400,0.0,0.0,0.0,0.0
helm/helm,causal_rolling_mad,two_of_three,latency_log+rerun_rate,2,medium,400,400,0.2175,0.1798616207098898,0.2605128255889877,400,0.2175,0.1798616207098898,0.2605128255889877,400,0.2175,0.1798616207098898,0.2605128255889877,400,0.2275,0.18912326740735153,0.2710609330048401,400,0.2275,0.18912326740735153,0.2710609330048401,400,0.2275,0.18912326740735153,0.2710609330048401,87,2.0229885057471266,1.3974812183640606,1.7293355040330305,2.3166415074612225,400,0.0,0.0,0.0,0.0,400,0.2725,0.5468009035016086,0.2189144961211443,0.32608550387885576,400,0.01,0.09962335082737976,0.0002370910179568548,0.019762908982043144,400,0.0,0.0,0.0,0.0,399,0.05795739348370927,0.1405557908480746,0.044165928970958834,0.0717488579964597,400,0.021739130434782598,3.47379190913765e-18,0.021739130434782598,0.021739130434782598,91,0.9560439560439561,0.20613306986226762,0.9136918446774647,0.9983960674104475,400,0.00022991543340380497,0.002290647419131794,5.436111264907871e-06,0.0004543947555427021
helm/helm,causal_rolling_mad,two_of_three,rerun_rate,1,high,400,400,0.0,8.673617379884035e-19,0.009512294334296508,400,0.0,8.673617379884035e-19,0.009512294334296508,400,0.0,8.673617379884035e-19,0.009512294334296508,400,0.0,8.673617379884035e-19,0.009512294334296508,400,0.0,8.673617379884035e-19,0.009512294334296508,400,0.0,8.673617379884035e-19,0.009512294334296508,0,,,,,400,0.0,0.0,0.0,0.0,400,0.0,0.0,0.0,0.0,400,0.0,0.0,0.0,0.0,400,0.0,0.0,0.0,0.0,397,0.0,0.0,0.0,0.0,400,0.021739130434782598,3.47379190913765e-18,0.021739130434782598,0.021739130434782598,0,,,,,400,0.0,0.0,0.0,0.0
helm/helm,causal_rolling_mad,two_of_three,rerun_rate,1,low,400,400,0.0,8.673617379884035e-19,0.009512294334296508,400,0.0,8.673617379884035e-19,0.009512294334296508,400,0.0,8.673617379884035e-19,0.009512294334296508,400,0.0,8.673617379884035e-19,0.009512294334296508,400,0.0,8.673617379884035e-19,0.009512294334296508,400,0.0,8.673617379884035e-19,0.009512294334296508,0,,,,,400,0.0,0.0,0.0,0.0,400,0.0,0.0,0.0,0.0,400,0.0,0.0,0.0,0.0,400,0.0,0.0,0.0,0.0,396,0.0,0.0,0.0,0.0,400,0.021739130434782598,3.47379190913765e-18,0.021739130434782598,0.021739130434782598,0,,,,,400,0.0,0.0,0.0,0.0
helm/helm,causal_rolling_mad,two_of_three,rerun_rate,1,medium,400,400,0.0,8.673617379884035e-19,0.009512294334296508,400,0.0,8.673617379884035e-19,0.009512294334296508,400,0.0,8.673617379884035e-19,0.009512294334296508,400,0.0,8.673617379884035e-19,0.009512294334296508,400,0.0,8.673617379884035e-19,0.009512294334296508,400,0.0,8.673617379884035e-19,0.009512294334296508,0,,,,,400,0.0,0.0,0.0,0.0,400,0.0,0.0,0.0,0.0,400,0.0,0.0,0.0,0.0,400,0.0,0.0,0.0,0.0,396,0.0,0.0,0.0,0.0,400,0.021739130434782598,3.47379190913765e-18,0.021739130434782598,0.021739130434782598,0,,,,,400,0.0,0.0,0.0,0.0
helm/helm,causal_rolling_mad,union,failure_rate,1,high,400,400,0.635,0.5867439222120918,0.680687758317648,400,0.725,0.6792581922605757,0.7664612752889909,400,0.635,0.5867439222120918,0.680687758317648,400,0.665,0.617370024300236,0.7094909185694462,400,0.665,0.617370024300236,0.7094909185694462,400,0.665,0.617370024300236,0.7094909185694462,254,0.9448818897637795,0.7202007473125921,0.8563122658871479,1.0334515136404112,400,0.11111111111111115,4.16855029096518e-17,0.11111111111111115,0.11111111111111115,400,1.355,1.3724737558606779,1.2205000434393325,1.4894999565606675,400,0.0825,0.27546952398880087,0.05550448270717789,0.10949551729282211,400,0.12625,0.23077386972395386,0.1036345763384056,0.1488654236615944,397,0.31341609691735633,0.3069597599859714,0.2832211490409067,0.343611044793806,400,0.021739130434782598,3.47379190913765e-18,0.021739130434782598,0.021739130434782598,400,0.29088888888888886,0.2568305041385464,0.2657199619767481,0.31605781580102965,400,0.09162226008469698,0.03347739580031812,0.08834153558145619,0.09490298458793778
helm/helm,causal_rolling_mad,union,failure_rate,1,low,400,400,0.1725,0.13863520728428091,0.2125953455046833,400,0.375,0.328957079463163,0.4234209941204111,400,0.1725,0.13863520728428091,0.2125953455046833,400,0.195,0.15915064134621448,0.2366518581977064,400,0.195,0.15915064134621448,0.2366518581977064,400,0.195,0.15915064134621448,0.2366518581977064,69,1.463768115942029,1.4610603537170364,1.1190280964368282,1.8085081354472299,400,0.11111111111111115,4.16855029096518e-17,0.11111111111111115,0.11111111111111115,400,0.2525,0.5784290799235919,0.19581499178695597,0.309185008213044,400,0.03,0.17080085576725623,0.01326182370837787,0.04673817629162213,400,0.12875,0.23006686943370958,0.10620386109370251,0.1512961389062975,396,0.054152637485970816,0.14940817965263023,0.039437142586537924,0.06886813238540371,400,0.021739130434782598,3.47379190913765e-18,0.021739130434782598,0.021739130434782598,400,0.13627380952380952,0.20165419624617245,0.11651206142511601,0.15603555762250304,400,0.09601434527620079,0.029422542900285995,0.09313098905529353,0.09889770149710804
helm/helm,causal_rolling_mad,union,failure_rate,1,medium,400,400,0.29,0.24769665928572088,0.3362985043346836,400,0.475,0.4265327259812066,0.5239428887355082,400,0.29,0.24769665928572088,0.3362985043346836,400,0.3225,0.27856795807266865,0.3698089064160066,400,0.3225,0.27856795807266865,0.3698089064160066,400,0.3225,0.27856795807266865,0.3698089064160066,116,1.3793103448275863,1.5359753871091482,1.0997964814927528,1.6588242081624198,400,0.11111111111111115,4.16855029096518e-17,0.11111111111111115,0.11111111111111115,400,0.5225,0.892460062078979,0.43504052103424096,0.609959478965759,400,0.0675,0.2512001269095987,0.04288283991726479,0.09211716008273521,400,0.133125,0.23716339423256236,0.10988341444264516,0.15636658555735483,399,0.10339042049568364,0.1965107462872158,0.08410860387723042,0.12267223711413687,400,0.021739130434782598,3.47379190913765e-18,0.021739130434782598,0.021739130434782598,400,0.18889285714285717,0.23593491556874419,0.1657716602823453,0.21201405400336903,400,0.09144004425270282,0.032220372362797574,0.08828250578272517,0.09459758272268046
helm/helm,causal_rolling_mad,union,failure_rate+rerun_rate,2,high,400,400,0.67,0.622494095885007,0.7142717240413322,400,0.7175,0.6714724243160557,0.7593897276485253,400,0.67,0.622494095885007,0.7142717240413322,400,0.7,0.6533627542224784,0.7428323280438028,400,0.7,0.6533627542224784,0.7428323280438028,400,0.7,0.6533627542224784,0.7428323280438028,268,0.9328358208955224,0.7663108882422651,0.841090126862829,1.0245815149282158,400,0.11111111111111115,4.16855029096518e-17,0.11111111111111115,0.11111111111111115,400,1.41,1.3384238663873593,1.2788368712915963,1.5411631287084036,400,0.075,0.26372120161346746,0.049155797143898866,0.10084420285610113,400,0.1021875,0.1958687411332723,0.08299271608407936,0.12138228391592064,398,0.3355527638190955,0.3055061252921104,0.3055385842090922,0.3655669434290988,400,0.021739130434782598,3.47379190913765e-18,0.021739130434782598,0.021739130434782598,400,0.29322023809523806,0.2604670842690412,0.26769493287896406,0.31874554331151206,400,0.08595986244103981,0.03290802476337008,0.08273493527411194,0.08918478960796769
helm/helm,causal_rolling_mad,union,failure_rate+rerun_rate,2,low,400,400,0.1775,0.14317591908715524,0.217959510758466,400,0.335,0.29050908143055376,0.3826299756997641,400,0.1775,0.14317591908715524,0.217959510758466,400,0.2075,0.17063415822479097,0.2499305339607725,400,0.2075,0.17063415822479097,0.2499305339607725,400,0.2075,0.17063415822479097,0.2499305339607725,71,1.5774647887323943,1.582601581763268,1.209343857390007,1.9455857200747815,400,0.11111111111111115,4.16855029096518e-17,0.11111111111111115,0.11111111111111115,400,0.2825,0.6153375909833504,0.2221980241669497,0.3428019758330502,400,0.05,0.21821789023599233,0.02861503971775702,0.07138496028224299,400,0.1184375,0.22855187812888478,0.09603982751341991,0.1408351724865801,399,0.05696184906711223,0.16023206772370724,0.04123973002468358,0.07268396810954088,400,0.021739130434782598,3.47379190913765e-18,0.021739130434782598,0.021739130434782598,400,0.12841666666666665,0.2125929449297839,0.10758294089518247,0.14925039243815083,400,0.08916059447239473,0.03226830372227135,0.08599835881550215,0.09232283012928731
helm/helm,causal_rolling_mad,union,failure_rate+rerun_rate,2,medium,400,400,0.3575,0.3120927823653414,0.40561822151993315,400,0.46,0.4117698068715022,0.5089911766752415,400,0.3575,0.3120927823653414,0.40561822151993315,400,0.3775,0.33137162500063877,0.42595888711126384,400,0.3775,0.33137162500063877,0.42595888711126384,400,0.3775,0.33137162500063877,0.42595888711126384,143,1.0909090909090908,1.0271599770424762,0.9225571370076311,1.2592610448105506,400,0.11111111111111115,4.16855029096518e-17,0.11111111111111115,0.11111111111111115,400,0.5975,0.9395214213913022,0.5054285925684584,0.6895714074315417,400,0.0425,0.20197955180753058,0.022706367642184908,0.0622936323578151,400,0.099375,0.1962195572863575,0.08014583673281728,0.11860416326718273,399,0.13853383458646615,0.2325706941142316,0.11571378245464678,0.16135388671828552,400,0.021739130434782598,3.47379190913765e-18,0.021739130434782598,0.021739130434782598,400,0.19172619047619044,0.2569657593751675,0.16654400879442474,0.21690837215795614,400,0.08429787257144927,0.03463620428360473,0.0809035869235974,0.08769215821930114
helm/helm,causal_rolling_mad,union,latency_log,1,high,400,400,0.775,0.7315729789411186,0.8131952591750183,400,0.8175,0.7766870404912806,0.8522726526064411,400,0.775,0.7315729789411186,0.8131952591750183,400,0.81,0.7686762283551013,0.845426149157635,400,0.81,0.7686762283551013,0.845426149157635,400,0.81,0.7686762283551013,0.845426149157635,310,0.8709677419354839,0.4921346070415685,0.816184068490927,0.9257514153800408,400,0.11111111111111115,4.16855029096518e-17,0.11111111111111115,0.11111111111111115,400,2.385,1.9277098233155499,2.1960879086828724,2.573912091317127,400,0.1125,0.31637633439055773,0.0814956889516853,0.1435043110483147,400,0.0978125,0.2048974982906439,0.07773291414139903,0.11789208585860096,396,0.5042478354978354,0.3124539356335412,0.47347365494886456,0.5350220160468062,400,0.021739130434782598,3.47379190913765e-18,0.021739130434782598,0.021739130434782598,400,0.32473412698412696,0.23359649678234826,0.3018420909537205,0.3476261630145334,400,0.10839146078148822,0.02124265601201233,0.10630971874551234,0.11047320281746409
helm/helm,causal_rolling_mad,union,latency_log,1,low,400,400,0.4525,0.404404788515386,0.5014988794463721,400,0.64,0.591834465196668,0.685502092389729,400,0.4525,0.404404788515386,0.5014988794463721,400,0.465,0.41668591738620475,0.5139799432171961,400,0.465,0.41668591738620475,0.5139799432171961,400,0.465,0.41668591738620475,0.5139799432171961,181,0.7900552486187845,0.6750395027433325,0.6917134851735264,0.8883970120640426,400,0.11111111111111115,4.16855029096518e-17,0.11111111111111115,0.11111111111111115,400,1.01,1.3470100557254812,0.8779954401982383,1.1420045598017616,400,0.0575,0.2330870522676819,0.03465788861463692,0.08034211138536308,400,0.12625,0.23128238444244614,0.10358474281171293,0.14891525718828708,397,0.24497421134700728,0.3193830465277278,0.2135572124447174,0.27639121024929714,400,0.021739130434782598,3.47379190913765e-18,0.021739130434782598,0.021739130434782598,400,0.2177738095238095,0.20711085794435471,0.19747731840490318,0.23807030064271584,400,0.10569587560118425,0.020728700747537087,0.10366450025561019,0.10772725094675831
helm/helm,causal_rolling_mad,union,latency_log,1,medium,400,400,0.7425,0.697484812382584,0.7829017248652822,400,0.795,0.7527205845205713,0.8316671618221938,400,0.7425,0.697484812382584,0.7829017248652822,400,0.7775,0.7342089511162986,0.8155117255281668,400,0.7775,0.7342089511162986,0.8155117255281668,400,0.7775,0.7342089511162986,0.8155117255281668,297,0.8754208754208754,0.5464584143526373,0.8132729001916095,0.9375688506501414,400,0.11111111111111115,4.16855029096518e-17,0.11111111111111115,0.11111111111111115,400,1.99,1.6648812491991243,1.826844635651683,2.153155364348317,400,0.115,0.3194214695163272,0.083697271192957,0.146302728807043,400,0.1059375,0.20619493075102147,0.08573076809666338,0.12614423190333662,395,0.4341742013261,0.3162918677304138,0.4029826073476117,0.4653657953045883,400,0.021739130434782598,3.47379190913765e-18,0.021739130434782598,0.021739130434782598,400,0.2991217532467532,0.21539252776178536,0.27801367339914607,0.32022983309436037,400,0.10950045181778617,0.020761299037549003,0.10746588189849307,0.11153502173707927
helm/helm,causal_rolling_mad,union,latency_log+failure_rate,2,high,400,400,0.74,0.6948757457668063,0.7805583529527312,400,0.795,0.7527205845205713,0.8316671618221938,400,0.74,0.6948757457668063,0.7805583529527312,400,0.765,0.7210494588154521,0.8039090251873708,400,0.765,0.7210494588154521,0.8039090251873708,400,0.765,0.7210494588154521,0.8039090251873708,296,0.8648648648648649,0.5417942401186492,0.8031433439563173,0.9265863857734126,400,0.11111111111111115,4.16855029096518e-17,0.11111111111111115,0.11111111111111115,400,2.355,2.0492617412645284,2.154176039611284,2.555823960388716,400,0.0775,0.26771800897740716,0.05126411721957555,0.10373588278042445,400,0.105625,0.19930860285730853,0.08609311582953391,0.12515688417046608,398,0.48495453457765014,0.322193989008054,0.4533008705272001,0.5166081986281001,400,0.021739130434782598,3.47379190913765e-18,0.021739130434782598,0.021739130434782598,400,0.36311994949494947,0.26884151690510893,0.336773964960793,0.38946593402910595,400,0.09370453807560111,0.033580145290252175,0.09041374430737528,0.09699533184382694
helm/helm,causal_rolling_mad,union,latency_log+failure_rate,2,low,400,400,0.55,0.5010009985806122,0.5980477719859582,400,0.6725,0.6250583013725689,0.7166599570820987,400,0.55,0.5010009985806122,0.5980477719859582,400,0.59,0.5411672646392987,0.6371205223805279,400,0.59,0.5411672646392987,0.6371205223805279,400,0.59,0.5411672646392987,0.6371205223805279,220,1.0636363636363637,1.188047573169766,0.9066468723636688,1.2206258549090587,400,0.11111111111111115,4.16855029096518e-17,0.11111111111111115,0.11111111111111115,400,1.225,1.397948729971551,1.0880035418511127,1.3619964581488875,400,0.0825,0.27546952398880087,0.05550448270717789,0.10949551729282211,400,0.1275,0.2266543192862819,0.10528828486292227,0.14971171513707773,398,0.2781795884182819,0.3146209213753012,0.24726993371268807,0.3090892431238757,400,0.021739130434782598,3.47379190913765e-18,0.021739130434782598,0.021739130434782598,400,0.2653878968253968,0.24657761930661498,0.24122373416366713,0.2895520594871265,400,0.09473144605831858,0.03101047026045543,0.09169247581561144,0.09777041630102573
helm/helm,causal_rolling_mad,union,latency_log+failure_rate,2,medium,400,400,0.7475,0.7027083556965948,0.7875830586079285,400,0.7925,0.7500694660392275,0.829365841775209,400,0.7475,0.7027083556965948,0.7875830586079285,400,0.79,0.7474205944599498,0.8270622748261584,400,0.79,0.7474205944599498,0.8270622748261584,400,0.79,0.7474205944599498,0.8270622748261584,299,0.9063545150501672,0.5946572144995733,0.8389515208956363,0.9737575092046981,400,0.11111111111111115,4.16855029096518e-17,0.11111111111111115,0.11111111111111115,400,2.005,1.634519542660272,1.8448200282179492,2.1651799717820506,400,0.0825,0.27546952398880087,0.05550448270717789,0.10949551729282211,400,0.1084375,0.2004437335502132,0.08879437506574198,0.12808062493425804,398,0.44603374012921754,0.31445607166637396,0.41514028093776495,0.4769271993206701,400,0.021739130434782598,3.47379190913765e-18,0.021739130434782598,0.021739130434782598,400,0.34299431818181814,0.25809395004640456,0.3177015758458865,0.3682870605177498,400,0.09521411996062706,0.03296366572968946,0.09198374007919663,0.0984444998420575
helm/helm,causal_rolling_mad,union,latency_log+failure_rate+rerun_rate,3,high,400,400,0.78,0.7368470079068086,0.8178261072659854,400,0.835,0.7954717951637494,0.8681549676322718,400,0.78,0.7368470079068086,0.8178261072659854,400,0.795,0.7527205845205713,0.8316671618221938,400,0.795,0.7527205845205713,0.8316671618221938,400,0.795,0.7527205845205713,0.8316671618221938,312,0.8942307692307693,0.5824596238842268,0.8296004026175655,0.958861135843973,400,0.11111111111111115,4.16855029096518e-17,0.11111111111111115,0.11111111111111115,400,2.355,1.9630611357154395,2.162623543727372,2.547376456272628,400,0.06,0.2377842580648657,0.03669757090511427,0.08330242909488572,400,0.1190625,0.23365234245902924,0.0961649911938442,0.1419600088061558,399,0.5110275689223057,0.3140516456648506,0.4802125302801821,0.5418426075644294,400,0.021739130434782598,3.47379190913765e-18,0.021739130434782598,0.021739130434782598,400,0.3871882215007215,0.2652497216180371,0.36119422643669014,0.4131822165647529,400,0.0857286989994023,0.03255140483546134,0.08253871994321794,0.08891867805558666
helm/helm,causal_rolling_mad,union,latency_log+failure_rate+rerun_rate,3,low,400,400,0.525,0.4760571112644918,0.5734672740187934,400,0.6125,0.5639027294469315,0.6589570043278518,400,0.525,0.4760571112644918,0.5734672740187934,400,0.55,0.5010009985806122,0.5980477719859582,400,0.5525,0.50350210232178,0.6004991067731187,400,0.5525,0.50350210232178,0.6004991067731187,210,1.1476190476190475,1.1747417705124172,0.9887347951656295,1.3065033000724657,400,0.11111111111111115,4.16855029096518e-17,0.11111111111111115,0.11111111111111115,400,1.135,1.40951830588914,0.9968697442453687,1.2731302557546313,400,0.045,0.20756374145528717,0.024659127112562688,0.06534087288743731,400,0.1125,0.1984826526639578,0.09304905746113348,0.13195094253886652,397,0.26920355043780736,0.3186091630628503,0.23786267672823164,0.3005444241473831,400,0.021739130434782598,3.47379190913765e-18,0.021739130434782598,0.021739130434782598,400,0.26904662698412696,0.2750748522920552,0.2420897868068718,0.29600346716138215,400,0.08767969831046372,0.03426362657343032,0.08432192460728108,0.09103747201364637
helm/helm,causal_rolling_mad,union,latency_log+failure_rate+rerun_rate,3,medium,400,400,0.73,0.684457128728908,0.7711672158773156,400,0.8025,0.7606877261203903,0.8385573358073602,400,0.73,0.684457128728908,0.7711672158773156,400,0.7575,0.7131775779269679,0.7969235904908692,400,0.7575,0.7131775779269679,0.7969235904908692,400,0.7575,0.7131775779269679,0.7969235904908692,292,0.9212328767123288,0.5410577529005814,0.8591745173733313,0.9832912360513263,400,0.11111111111111115,4.16855029096518e-17,0.11111111111111115,0.11111111111111115,400,2.035,1.7105818383123064,1.8673660602149782,2.202633939785022,400,0.065,0.24683459703967628,0.04081065398318887,0.08918934601681114,400,0.1196875,0.23113990131237996,0.09703620590187964,0.14233879409812036,394,0.4443981145757796,0.3139882174697444,0.41339442845889735,0.47540180069266186,400,0.021739130434782598,3.47379190913765e-18,0.021739130434782598,0.021739130434782598,400,0.3628114177489178,0.25399703489813424,0.33792016571990247,0.3877026697779331,400,0.0861156136016944,0.03312028304213316,0.08286988550567671,0.08936134169771208
helm/helm,causal_rolling_mad,union,latency_log+rerun_rate,2,high,400,400,0.7425,0.697484812382584,0.7829017248652822,400,0.82,0.7793624469518832,0.8545496846741669,400,0.7425,0.697484812382584,0.7829017248652822,400,0.755,0.710557459419624,0.7945912704698848,400,0.755,0.710557459419624,0.7945912704698848,400,0.755,0.710557459419624,0.7945912704698848,297,0.9124579124579124,0.5919616545170813,0.8451349153636408,0.979780909552184,400,0.11111111111111115,4.16855029096518e-17,0.11111111111111115,0.11111111111111115,400,2.27,2.0142599404668267,2.0726061530591613,2.4673938469408387,400,0.045,0.2075637414552872,0.024659127112562684,0.06534087288743731,400,0.13375,0.2431743652810151,0.10991935010429116,0.15758064989570886,398,0.4852845577091809,0.32318622134570896,0.4535334126685584,0.5170357027498034,400,0.021739130434782598,3.47379190913765e-18,0.021739130434782598,0.021739130434782598,400,0.3612181637806637,0.25147145793334236,0.33657441374620717,0.3858619138151202,400,0.09269280314497046,0.026666327294873487,0.09007955109007498,0.09530605519986593
helm/helm,causal_rolling_mad,union,latency_log+rerun_rate,2,low,400,400,0.435,0.3872626744968637,0.48397392376659487,400,0.56,0.5110127871951399,0.6078457374847447,400,0.435,0.3872626744968637,0.48397392376659487,400,0.45,0.40195222801404185,0.4989990014193878,400,0.45,0.40195222801404185,0.4989990014193878,400,0.45,0.40195222801404185,0.4989990014193878,174,0.9310344827586207,0.6849851852459135,0.8292563109429475,1.0328126545742937,400,0.11111111111111115,4.16855029096518e-17,0.11111111111111115,0.11111111111111115,400,0.9,1.2763513159409758,0.7749198694567692,1.0250801305432309,400,0.06,0.2377842580648657,0.03669757090511427,0.08330242909488572,400,0.1121875,0.21721038931602016,0.09090127299363383,0.13347372700636617,397,0.21024649154372077,0.29055583725461953,0.18166516100872696,0.23882782207871459,400,0.021739130434782598,3.47379190913765e-18,0.021739130434782598,0.021739130434782598,400,0.20122619047619048,0.2255816752550501,0.17911959252258505,0.2233327884297959,400,0.09757188013933017,0.02588084524643237,0.09503560391070706,0.10010815636795328
helm/helm,causal_rolling_mad,union,latency_log+rerun_rate,2,medium,400,400,0.745,0.7000956766555838,0.785243299120611,400,0.7925,0.7500694660392275,0.829365841775209,400,0.745,0.7000956766555838,0.785243299120611,400,0.7825,0.7394871744110122,0.8201383792901101,400,0.7825,0.7394871744110122,0.8201383792901101,400,0.7825,0.7394871744110122,0.8201383792901101,298,0.9093959731543624,0.5989713159159855,0.8413901684428563,0.9774017778658685,400,0.11111111111111115,4.16855029096518e-17,0.11111111111111115,0.11111111111111115,400,1.9675,1.585157898731156,1.8121573804338873,2.122842619566113,400,0.0925,0.2900933217748142,0.06407137685828876,0.12092862314171124,400,0.1221875,0.20856479936120922,0.10174852524046038,0.14262647475953963,399,0.4410341329514262,0.32193669433764743,0.4094454060229926,0.47262285987985975,400,0.021739130434782598,3.47379190913765e-18,0.021739130434782598,0.021739130434782598,400,0.34478688672438673,0.24951159834152592,0.320335199400666,0.36923857404810745,400,0.0930204714908009,0.026755334432831842,0.09039849689666715,0.09564244608493463
helm/helm,causal_rolling_mad,union,rerun_rate,1,high,400,400,0.3525,0.30728664659675226,0.4005194802318652,400,0.5125,0.4636306970848221,0.5611314955568205,400,0.3525,0.30728664659675226,0.4005194802318652,400,0.3675,0.3217214385202667,0.4157993194783218,400,0.3675,0.3217214385202667,0.4157993194783218,400,0.3675,0.3217214385202667,0.4157993194783218,141,1.0921985815602837,0.8097681257165813,0.958539272219221,1.2258578909013464,400,0.11111111111111115,4.16855029096518e-17,0.11111111111111115,0.11111111111111115,400,0.6325,0.9949465042734282,0.5349970342540027,0.7300029657459972,400,0.055,0.22826577307580467,0.032630365293411505,0.0773696347065885,400,0.1234375,0.21812253366624562,0.10206188448987666,0.14481311551012335,397,0.13728659389868458,0.219169055828496,0.11572742204770789,0.15884576574966128,400,0.021739130434782598,3.47379190913765e-18,0.021739130434782598,0.021739130434782598,400,0.17614583333333333,0.2064959248261119,0.15590960455265984,0.19638206211400683,400,0.09590909412688223,0.02255322866017449,0.0936989183314303,0.09811926992233415
helm/helm,causal_rolling_mad,union,rerun_rate,1,low,400,400,0.0425,0.026701694991131116,0.06700205432475019,400,0.34,0.2952956192770117,0.38774831490996325,400,0.0425,0.026701694991131116,0.06700205432475019,400,0.055,0.03659849414955068,0.08186744780797323,400,0.055,0.03659849414955068,0.08186744780797323,400,0.055,0.03659849414955068,0.08186744780797323,17,2.588235294117647,1.8727928185403933,1.697982458478843,3.4784881297564514,400,0.11111111111111115,4.16855029096518e-17,0.11111111111111115,0.11111111111111115,400,0.0675,0.2883602418376738,0.03924121557124497,0.09575878442875504,400,0.015,0.12170468386708859,0.003073160143533671,0.02692683985646633,400,0.1321875,0.2445903994487647,0.10821808130580779,0.15615691869419224,396,0.01231060606060606,0.0725766429536154,0.005162394887128397,0.019458817234083724,400,0.021739130434782598,3.47379190913765e-18,0.021739130434782598,0.021739130434782598,400,0.10023809523809524,0.15827796910196731,0.08472713928879527,0.1157490511873952,400,0.10017784472146055,0.02130632389208655,0.0980898633478888,0.10226582609503229
helm/helm,causal_rolling_mad,union,rerun_rate,1,medium,400,400,0.1125,0.08514845878595949,0.14722356932312028,400,0.37,0.3241319808189903,0.4183412157079268,400,0.1125,0.08514845878595949,0.14722356932312028,400,0.1225,0.09391315520467675,0.1582686270177171,400,0.1225,0.09391315520467675,0.1582686270177171,400,0.1225,0.09391315520467675,0.1582686270177171,45,1.6222222222222222,1.3699517059983088,1.221957705619269,2.0224867388251755,400,0.11111111111111115,4.16855029096518e-17,0.11111111111111115,0.11111111111111115,400,0.1625,0.4916279029789386,0.11432135081831643,0.21067864918168358,400,0.0175,0.13128915456069915,0.004633899275015858,0.030366100724984146,400,0.1246875,0.2279599838333985,0.10234783208851031,0.1470271679114897,396,0.035416666666666666,0.11484889632618055,0.024104981108200293,0.04672835222513304,400,0.021739130434782598,3.47379190913765e-18,0.021739130434782598,0.021739130434782598,400,0.1196875,0.1774886358283909,0.10229393330556041,0.1370810666944396,400,0.09528250893966476,0.0224042681892685,0.09308693100211764,0.09747808687721189
helm/helm,mewma,mewma,failure_rate,1,high,400,400,0.19,0.15457385084236502,0.2313237716448988,400,0.19,0.15457385084236502,0.2313237716448988,400,0.19,0.15457385084236502,0.2313237716448988,400,0.19,0.15457385084236502,0.2313237716448988,400,0.19,0.15457385084236502,0.2313237716448988,400,0.19,0.15457385084236502,0.2313237716448988,76,4.723684210526316,1.4292066257009057,4.402365277795517,5.045003143257115,400,0.0,0.0,0.0,0.0,400,0.5925,1.4358265021794598,0.4517915883840069,0.7332084116159931,400,0.0725,0.2691185835836596,0.046126863430279746,0.09887313656972024,400,0.0,0.0,0.0,0.0,400,0.06409027777777779,0.14742134733720316,0.04964325121111339,0.07853730434444219,400,0.0,0.0,0.0,0.0,76,0.9157894736842106,0.11813033407410664,0.8892310235726253,0.9423479237957959,400,0.0019078947368421045,0.007082067989043672,0.0012138648271126243,0.0026019246465715847
helm/helm,mewma,mewma,failure_rate,1,low,400,400,0.0,8.673617379884035e-19,0.009512294334296508,400,0.0,8.673617379884035e-19,0.009512294334296508,400,0.0,8.673617379884035e-19,0.009512294334296508,400,0.0,8.673617379884035e-19,0.009512294334296508,400,0.0,8.673617379884035e-19,0.009512294334296508,400,0.0,8.673617379884035e-19,0.009512294334296508,0,,,,,400,0.0,0.0,0.0,0.0,400,0.0,0.0,0.0,0.0,400,0.0,0.0,0.0,0.0,400,0.0,0.0,0.0,0.0,400,0.0,0.0,0.0,0.0,400,0.0,0.0,0.0,0.0,0,,,,,400,0.0,0.0,0.0,0.0
helm/helm,mewma,mewma,failure_rate,1,medium,400,400,0.0,8.673617379884035e-19,0.009512294334296508,400,0.0,8.673617379884035e-19,0.009512294334296508,400,0.0,8.673617379884035e-19,0.009512294334296508,400,0.0,8.673617379884035e-19,0.009512294334296508,400,0.0,8.673617379884035e-19,0.009512294334296508,400,0.0,8.673617379884035e-19,0.009512294334296508,0,,,,,400,0.0,0.0,0.0,0.0,400,0.0,0.0,0.0,0.0,400,0.0,0.0,0.0,0.0,400,0.0,0.0,0.0,0.0,400,0.0,0.0,0.0,0.0,400,0.0,0.0,0.0,0.0,0,,,,,400,0.0,0.0,0.0,0.0
helm/helm,mewma,mewma,failure_rate+rerun_rate,2,high,400,400,0.24,0.20074599691279923,0.284200396141035,400,0.24,0.20074599691279923,0.284200396141035,400,0.24,0.20074599691279923,0.284200396141035,400,0.24,0.20074599691279923,0.284200396141035,400,0.24,0.20074599691279923,0.284200396141035,400,0.24,0.20074599691279923,0.284200396141035,96,4.40625,1.4259115274835694,4.121013529093937,4.691486470906063,400,0.0,0.0,0.0,0.0,400,0.8175,1.726744876834498,0.6482821115457666,0.9867178884542334,400,0.1025,0.3568081138023461,0.06753344737778663,0.13746655262221336,400,0.0,0.0,0.0,0.0,400,0.08827083333333334,0.1728996252334741,0.07132698141342925,0.10521468525323743,400,0.0,0.0,0.0,0.0,96,0.9206349206349208,0.11258745876617249,0.8981131520765171,0.9431566891933245,400,0.0026973684210526306,0.009389687205324893,0.0017771959836259635,0.003617540858479298
helm/helm,mewma,mewma,failure_rate+rerun_rate,2,low,400,400,0.0,8.673617379884035e-19,0.009512294334296508,400,0.0,8.673617379884035e-19,0.009512294334296508,400,0.0,8.673617379884035e-19,0.009512294334296508,400,0.0,8.673617379884035e-19,0.009512294334296508,400,0.0,8.673617379884035e-19,0.009512294334296508,400,0.0,8.673617379884035e-19,0.009512294334296508,0,,,,,400,0.0,0.0,0.0,0.0,400,0.0,0.0,0.0,0.0,400,0.0,0.0,0.0,0.0,400,0.0,0.0,0.0,0.0,400,0.0,0.0,0.0,0.0,400,0.0,0.0,0.0,0.0,0,,,,,400,0.0,0.0,0.0,0.0
helm/helm,mewma,mewma,failure_rate+rerun_rate,2,medium,400,400,0.0025,0.0004414477868016362,0.01402328507582339,400,0.0025,0.0004414477868016362,0.01402328507582339,400,0.0025,0.0004414477868016362,0.01402328507582339,400,0.0025,0.0004414477868016362,0.01402328507582339,400,0.0025,0.0004414477868016362,0.01402328507582339,400,0.0025,0.0004414477868016362,0.01402328507582339,1,6.0,,,,400,0.0,0.0,0.0,0.0,400,0.0025,0.05,-0.002399909961350135,0.007399909961350135,400,0.0,0.0,0.0,0.0,400,0.0,0.0,0.0,0.0,400,0.0003125,0.00625,-0.00029998874516876686,0.0009249887451687668,400,0.0,0.0,0.0,0.0,1,1.0,,,,400,0.0,0.0,0.0,0.0
helm/helm,mewma,mewma,latency_log,1,high,400,400,0.69,0.643049046352087,0.7333362818008802,400,0.69,0.643049046352087,0.7333362818008802,400,0.69,0.643049046352087,0.7333362818008802,400,0.69,0.643049046352087,0.7333362818008802,400,0.69,0.643049046352087,0.7333362818008802,400,0.69,0.643049046352087,0.7333362818008802,276,1.068840579710145,0.37991400455417534,1.0240198572098373,1.1136613022104527,400,0.0,0.0,0.0,0.0,400,3.9475,4.039249012063212,3.5516608705883552,4.343339129411644,400,1.31,1.4643294204614863,1.1664983537196538,1.4535016462803463,400,0.0,0.0,0.0,0.0,400,0.3724110125985126,0.2684258298189207,0.3461057646502445,0.3987162605467807,400,0.0,0.0,0.0,0.0,276,0.7234061630800761,0.18468045045509215,0.7016183081396059,0.7451940180205463,400,0.033131550467076776,0.037930837136458326,0.02941439673253114,0.03684870420162241
helm/helm,mewma,mewma,latency_log,1,low,400,400,0.0625,0.04268914141220244,0.09063411613030699,400,0.0625,0.04268914141220244,0.09063411613030699,400,0.0625,0.04268914141220244,0.09063411613030699,400,0.0625,0.04268914141220244,0.09063411613030699,400,0.0625,0.04268914141220244,0.09063411613030699,400,0.0625,0.04268914141220244,0.09063411613030699,25,4.8,2.1984843263788196,3.938209979944342,5.6617900200556575,400,0.0,0.0,0.0,0.0,400,0.0725,0.31222983309043223,0.041902038612190017,0.10309796138780997,400,0.0,0.0,0.0,0.0,400,0.0,0.0,0.0,0.0,400,0.01125,0.04796941903866742,0.006549083316245093,0.015950916683754906,400,0.0,0.0,0.0,0.0,25,1.0,0.0,1.0,1.0,400,0.0,0.0,0.0,0.0
helm/helm,mewma,mewma,latency_log,1,medium,400,400,0.545,0.496002466449648,0.5931414270602654,400,0.545,0.496002466449648,0.5931414270602654,400,0.545,0.496002466449648,0.5931414270602654,400,0.545,0.496002466449648,0.5931414270602654,400,0.545,0.496002466449648,0.5931414270602654,400,0.545,0.496002466449648,0.5931414270602654,218,1.8440366972477065,0.6247478669548361,1.761104222293256,1.926969172202157,400,0.0,0.0,0.0,0.0,400,2.9175,3.4627547452953062,2.5781562705963017,3.2568437294036983,400,0.8375,1.071898393232089,0.7324558877089377,0.9425441122910624,400,0.0,0.0,0.0,0.0,400,0.2719640151515152,0.26722117797197853,0.2457768209149429,0.2981512093880875,400,0.0,0.0,0.0,0.0,218,0.7368392311052863,0.16005682795624301,0.7155924056611755,0.758086056549397,400,0.021333162451583496,0.02775855223238195,0.01861287431966137,0.024053450583505623
helm/helm,mewma,mewma,latency_log+failure_rate,2,high,400,400,0.735,0.6896629392432349,0.7758662824196457,400,0.735,0.6896629392432349,0.7758662824196457,400,0.735,0.6896629392432349,0.7758662824196457,400,0.735,0.6896629392432349,0.7758662824196457,400,0.735,0.6896629392432349,0.7758662824196457,400,0.735,0.6896629392432349,0.7758662824196457,294,1.0374149659863945,0.34358298486474176,0.9981408811332004,1.0766890508395885,400,0.0,0.0,0.0,0.0,400,4.1975,4.106171618845043,3.795102575636159,4.59989742436384,400,1.4975,1.557581104547403,1.3448598566043488,1.6501401433956513,400,0.0,0.0,0.0,0.0,400,0.380223131035631,0.25448083418430495,0.35528446754778364,0.40516179452347834,400,0.0,0.0,0.0,0.0,294,0.6835051192194049,0.18889737016219005,0.6619127480278699,0.7050974904109399,400,0.03771701982228297,0.04045225059126528,0.03375277210965952,0.04168126753490642
helm/helm,mewma,mewma,latency_log+failure_rate,2,low,400,400,0.105,0.07862372743733602,0.1388909850867582,400,0.105,0.07862372743733602,0.1388909850867582,400,0.105,0.07862372743733602,0.1388909850867582,400,0.105,0.07862372743733602,0.1388909850867582,400,0.105,0.07862372743733602,0.1388909850867582,400,0.105,0.07862372743733602,0.1388909850867582,42,5.119047619047619,1.837314861453024,4.563390306976359,5.674704931118878,400,0.0,0.0,0.0,0.0,400,0.1575,0.5131784585559048,0.1072094351794323,0.2077905648205677,400,0.0,0.0,0.0,0.0,400,0.0,0.0,0.0,0.0,400,0.0221875,0.07035465006461396,0.0152928709864219,0.029082129013578095,400,0.0,0.0,0.0,0.0,42,1.0,0.0,1.0,1.0,400,0.0,0.0,0.0,0.0
helm/helm,mewma,mewma,latency_log+failure_rate,2,medium,400,400,0.5825,0.5336117391164401,0.629818732318401,400,0.5825,0.5336117391164401,0.629818732318401,400,0.5825,0.5336117391164401,0.629818732318401,400,0.5825,0.5336117391164401,0.629818732318401,400,0.5825,0.5336117391164401,0.629818732318401,400,0.5825,0.5336117391164401,0.629818732318401,233,1.648068669527897,0.6537083569557801,1.5641315295020164,1.7320058095537776,400,0.0,0.0,0.0,0.0,400,3.0975,3.4947857686734256,2.755017287985848,3.439982712014152,400,0.9,1.094529573592542,0.7927380727872317,1.0072619272127683,400,0.0,0.0,0.0,0.0,400,0.29767117604617604,0.27135005240264987,0.27107935955056356,0.32426299254178853,400,0.0,0.0,0.0,0.0,233,0.7330369916206826,0.16070701730188303,0.7124019679577952,0.75367201528357,400,0.02281670084301662,0.028259555250430977,0.020047315317518397,0.025586086368514845
helm/helm,mewma,mewma,latency_log+failure_rate+rerun_rate,3,high,400,400,0.74,0.6948757457668063,0.7805583529527312,400,0.74,0.6948757457668063,0.7805583529527312,400,0.74,0.6948757457668063,0.7805583529527312,400,0.74,0.6948757457668063,0.7805583529527312,400,0.74,0.6948757457668063,0.7805583529527312,400,0.74,0.6948757457668063,0.7805583529527312,296,0.9932432432432432,0.3188245704676045,0.956922559236035,1.0295639272504515,400,0.0,0.0,0.0,0.0,400,4.3525,4.143206384899221,3.9464732352540564,4.758526764745944,400,1.615,1.6119152200695077,1.4570352111265905,1.7729647888734095,400,0.0,0.0,0.0,0.0,400,0.37962943306693303,0.24866542746057713,0.3552606689657836,0.40399819716808244,400,0.0,0.0,0.0,0.0,296,0.6664990883740884,0.1798095639278142,0.6460150762939729,0.686983100454204,400,0.040574589883800395,0.04172223534227462,0.03648588595253227,0.04466329381506852
helm/helm,mewma,mewma,latency_log+failure_rate+rerun_rate,3,low,400,400,0.07,0.04887162669974449,0.09930894642775051,400,0.07,0.04887162669974449,0.09930894642775051,400,0.07,0.04887162669974449,0.09930894642775051,400,0.07,0.04887162669974449,0.09930894642775051,400,0.07,0.04887162669974449,0.09930894642775051,400,0.07,0.04887162669974449,0.09930894642775051,28,4.892857142857143,1.8122890316921125,4.221588226379832,5.564126059334455,400,0.0,0.0,0.0,0.0,400,0.115,0.4872047013860104,0.0672548166092414,0.1627451833907586,400,0.0025,0.05,-0.002399909961350135,0.007399909961350135,400,0.0,0.0,0.0,0.0,400,0.014583333333333332,0.05991413376850023,0.008711856115774557,0.020454810550892107,400,0.0,0.0,0.0,0.0,28,0.9910714285714286,0.047245559126153414,0.9735717501380352,1.008571107004822,400,6.57894736842105e-05,0.0013157894736842098,-6.315552529868773e-05,0.00019473447266710872
helm/helm,mewma,mewma,latency_log+failure_rate+rerun_rate,3,medium,400,400,0.585,0.5361289851942794,0.6322539247688901,400,0.585,0.5361289851942794,0.6322539247688901,400,0.585,0.5361289851942794,0.6322539247688901,400,0.585,0.5361289851942794,0.6322539247688901,400,0.585,0.5361289851942794,0.6322539247688901,400,0.585,0.5361289851942794,0.6322539247688901,234,1.6025641025641026,0.6552477549269016,1.5186092692094473,1.686518935918758,400,0.0,0.0,0.0,0.0,400,3.15,3.588131368385497,2.7983695873083003,3.5016304126916995,400,0.9225,1.135657538658896,0.8112076062728579,1.033792393727142,400,0.0,0.0,0.0,0.0,400,0.301364898989899,0.2737265017306373,0.2745401947395895,0.32818960324020846,400,0.0,0.0,0.0,0.0,234,0.7339150047483379,0.1613814281348557,0.7132377100857876,0.7545922994108882,400,0.023458931419457728,0.029463560641903804,0.020571555533735564,0.02634630730517989
helm/helm,mewma,mewma,latency_log+rerun_rate,2,high,400,400,0.73,0.684457128728908,0.7711672158773156,400,0.73,0.684457128728908,0.7711672158773156,400,0.73,0.684457128728908,0.7711672158773156,400,0.73,0.684457128728908,0.7711672158773156,400,0.73,0.684457128728908,0.7711672158773156,400,0.73,0.684457128728908,0.7711672158773156,292,1.071917808219178,0.35892990072389835,1.030749188719279,1.113086427719077,400,0.0,0.0,0.0,0.0,400,4.0275,4.049412067848627,3.630664909422741,4.424335090577259,400,1.36,1.5284765623010905,1.2102120493338135,1.5097879506661867,400,0.0,0.0,0.0,0.0,400,0.39088693251193246,0.2573380575317352,0.3656682662812476,0.4161055987426173,400,0.0,0.0,0.0,0.0,292,0.734703196347032,0.19044977275470243,0.7128589470588909,0.7565474456351731,400,0.03442412850307586,0.03962614492996464,0.0305408376576311,0.03830741934852062
helm/helm,mewma,mewma,latency_log+rerun_rate,2,low,400,400,0.0725,0.05095051840227673,0.10218249325354675,400,0.0725,0.05095051840227673,0.10218249325354675,400,0.0725,0.05095051840227673,0.10218249325354675,400,0.0725,0.05095051840227673,0.10218249325354675,400,0.0725,0.05095051840227673,0.10218249325354675,400,0.0725,0.05095051840227673,0.10218249325354675,29,4.0344827586206895,1.8221407860906287,3.3713033679421205,4.6976621492992585,400,0.0,0.0,0.0,0.0,400,0.1,0.4067106266555946,0.060143090981265926,0.1398569090187341,400,0.0,0.0,0.0,0.0,400,0.0,0.0,0.0,0.0,400,0.015625,0.060591151119490726,0.009687176301198721,0.02156282369880128,400,0.0,0.0,0.0,0.0,29,1.0,0.0,1.0,1.0,400,0.0,0.0,0.0,0.0
helm/helm,mewma,mewma,latency_log+rerun_rate,2,medium,400,400,0.555,0.506004433664882,0.6029492139583456,400,0.555,0.506004433664882,0.6029492139583456,400,0.555,0.506004433664882,0.6029492139583456,400,0.555,0.506004433664882,0.6029492139583456,400,0.555,0.506004433664882,0.6029492139583456,400,0.555,0.506004433664882,0.6029492139583456,222,1.7387387387387387,0.5581435244425355,1.665318212285744,1.8121592651917335,400,0.0,0.0,0.0,0.0,400,3.075,3.535622514694695,2.728515360413473,3.4214846395865273,400,0.935,1.1175407120582987,0.8254830226554244,1.0445169773445757,400,0.0,0.0,0.0,0.0,400,0.2773030303030303,0.2648448664581112,0.25134871031561934,0.3032573502904412,400,0.0,0.0,0.0,0.0,222,0.709414771914772,0.15026215563771325,0.6896486614257151,0.7291808824038288,400,0.02376808498519024,0.02897825434331647,0.020928268242803156,0.026607901727577325
helm/helm,mewma,mewma,rerun_rate,1,high,400,400,0.0,8.673617379884035e-19,0.009512294334296508,400,0.0,8.673617379884035e-19,0.009512294334296508,400,0.0,8.673617379884035e-19,0.009512294334296508,400,0.0,8.673617379884035e-19,0.009512294334296508,400,0.0,8.673617379884035e-19,0.009512294334296508,400,0.0,8.673617379884035e-19,0.009512294334296508,0,,,,,400,0.0,0.0,0.0,0.0,400,0.0,0.0,0.0,0.0,400,0.0,0.0,0.0,0.0,400,0.0,0.0,0.0,0.0,400,0.0,0.0,0.0,0.0,400,0.0,0.0,0.0,0.0,0,,,,,400,0.0,0.0,0.0,0.0
helm/helm,mewma,mewma,rerun_rate,1,low,400,400,0.0,8.673617379884035e-19,0.009512294334296508,400,0.0,8.673617379884035e-19,0.009512294334296508,400,0.0,8.673617379884035e-19,0.009512294334296508,400,0.0,8.673617379884035e-19,0.009512294334296508,400,0.0,8.673617379884035e-19,0.009512294334296508,400,0.0,8.673617379884035e-19,0.009512294334296508,0,,,,,400,0.0,0.0,0.0,0.0,400,0.0,0.0,0.0,0.0,400,0.0,0.0,0.0,0.0,400,0.0,0.0,0.0,0.0,400,0.0,0.0,0.0,0.0,400,0.0,0.0,0.0,0.0,0,,,,,400,0.0,0.0,0.0,0.0
helm/helm,mewma,mewma,rerun_rate,1,medium,400,400,0.0,8.673617379884035e-19,0.009512294334296508,400,0.0,8.673617379884035e-19,0.009512294334296508,400,0.0,8.673617379884035e-19,0.009512294334296508,400,0.0,8.673617379884035e-19,0.009512294334296508,400,0.0,8.673617379884035e-19,0.009512294334296508,400,0.0,8.673617379884035e-19,0.009512294334296508,0,,,,,400,0.0,0.0,0.0,0.0,400,0.0,0.0,0.0,0.0,400,0.0,0.0,0.0,0.0,400,0.0,0.0,0.0,0.0,400,0.0,0.0,0.0,0.0,400,0.0,0.0,0.0,0.0,0,,,,,400,0.0,0.0,0.0,0.0
pytest-dev/pytest,causal_rolling_mad,failure_rate,failure_rate,1,high,400,400,0.205,0.16833283817780625,0.24727941547942867,400,0.205,0.16833283817780625,0.24727941547942867,400,0.205,0.16833283817780625,0.24727941547942867,400,0.205,0.16833283817780625,0.24727941547942867,400,0.205,0.16833283817780625,0.24727941547942867,400,0.205,0.16833283817780625,0.24727941547942867,82,1.475609756097561,1.1886875193544666,1.2183280732903932,1.7328914389047287,400,0.0,0.0,0.0,0.0,400,0.23,0.4771469091719351,0.18324046213442013,0.2767595378655799,400,0.0,0.0,0.0,0.0,400,0.0,0.0,0.0,0.0,398,0.059045226130653265,0.14728814086038952,0.04457503274261464,0.0735154195186919,400,0.021739130434782598,3.47379190913765e-18,0.021739130434782598,0.021739130434782598,82,1.0,0.0,1.0,1.0,400,0.0,0.0,0.0,0.0
pytest-dev/pytest,causal_rolling_mad,failure_rate,failure_rate,1,low,400,400,0.01,0.003895483794990993,0.025426564652619582,400,0.01,0.003895483794990993,0.025426564652619582,400,0.01,0.003895483794990993,0.025426564652619582,400,0.01,0.003895483794990993,0.025426564652619582,400,0.01,0.003895483794990993,0.025426564652619582,400,0.01,0.003895483794990993,0.025426564652619582,4,2.0,1.1547005383792515,0.8684142659238283,3.1315857340761717,400,0.0,0.0,0.0,0.0,400,0.01,0.09962335082737976,0.0002370910179568548,0.019762908982043144,400,0.0,0.0,0.0,0.0,400,0.0,0.0,0.0,0.0,398,0.0018844221105527637,0.01974884388524406,-5.578562470909265e-05,0.00382462984581462,400,0.021739130434782598,3.47379190913765e-18,0.021739130434782598,0.021739130434782598,4,1.0,0.0,1.0,1.0,400,0.0,0.0,0.0,0.0
pytest-dev/pytest,causal_rolling_mad,failure_rate,failure_rate,1,medium,400,400,0.025,0.013635091745936023,0.045401587871645666,400,0.025,0.013635091745936023,0.045401587871645666,400,0.025,0.013635091745936023,0.045401587871645666,400,0.025,0.013635091745936023,0.045401587871645666,400,0.025,0.013635091745936023,0.045401587871645666,400,0.025,0.013635091745936023,0.045401587871645666,10,3.3,2.6687491868330793,1.6459225115340193,4.95407748846598,400,0.0,0.0,0.0,0.0,400,0.0275,0.17839088617605076,0.010018014396237816,0.04498198560376218,400,0.0,0.0,0.0,0.0,400,0.0,0.0,0.0,0.0,397,0.004408060453400504,0.03294416359027807,0.0011674164599104848,0.007648704446890523,400,0.021739130434782598,3.47379190913765e-18,0.021739130434782598,0.021739130434782598,10,1.0,0.0,1.0,1.0,400,0.0,0.0,0.0,0.0
pytest-dev/pytest,causal_rolling_mad,failure_rate,failure_rate+rerun_rate,2,high,400,400,0.1825,0.14772734739355886,0.22331295950871943,400,0.1825,0.14772734739355886,0.22331295950871943,400,0.1825,0.14772734739355886,0.22331295950871943,400,0.1825,0.14772734739355886,0.22331295950871943,400,0.1825,0.14772734739355886,0.22331295950871943,400,0.1825,0.14772734739355886,0.22331295950871943,73,1.356164383561644,1.134923676015492,1.0958169403139466,1.6165118268093412,400,0.0,0.0,0.0,0.0,400,0.225,0.5339360629309896,0.17267522733040744,0.27732477266959255,400,0.0,0.0,0.0,0.0,400,0.0,0.0,0.0,0.0,397,0.055460597337171645,0.1421552151240484,0.041477105457870284,0.069444089216473,400,0.021739130434782598,3.47379190913765e-18,0.021739130434782598,0.021739130434782598,73,1.0,0.0,1.0,1.0,400,0.0,0.0,0.0,0.0
pytest-dev/pytest,causal_rolling_mad,failure_rate,failure_rate+rerun_rate,2,low,400,400,0.0275,0.015423636260295411,0.048565481885614784,400,0.0275,0.015423636260295411,0.048565481885614784,400,0.0275,0.015423636260295411,0.048565481885614784,400,0.0275,0.015423636260295411,0.048565481885614784,400,0.0275,0.015423636260295411,0.048565481885614784,400,0.0275,0.015423636260295411,0.048565481885614784,11,2.3636363636363638,1.8586407545691703,1.2652700516714928,3.4620026756012345,400,0.0,0.0,0.0,0.0,400,0.0325,0.19114153844546258,0.013768473434865765,0.05123152656513424,400,0.005,0.1,-0.00479981992270027,0.01479981992270027,400,0.0,0.0,0.0,0.0,396,0.007891414141414142,0.06271220846576343,0.001714769824110408,0.014068058458717876,400,0.021739130434782598,3.47379190913765e-18,0.021739130434782598,0.021739130434782598,12,0.9166666666666666,0.28867513459481287,0.7533363346216622,1.079996998711671,400,0.000135135135135135,0.0027027027027027003,-0.00012972486277568288,0.0003999951330459529
pytest-dev/pytest,causal_rolling_mad,failure_rate,failure_rate+rerun_rate,2,medium,400,400,0.035,0.02096129419797776,0.057885139532918004,400,0.035,0.02096129419797776,0.057885139532918004,400,0.035,0.02096129419797776,0.057885139532918004,400,0.035,0.02096129419797776,0.057885139532918004,400,0.035,0.02096129419797776,0.057885139532918004,400,0.035,0.02096129419797776,0.057885139532918004,14,2.2857142857142856,1.8575654633281302,1.3126798705596527,3.258748700868918,400,0.0,0.0,0.0,0.0,400,0.0375,0.20296980527811664,0.017609324585289177,0.05739067541471082,400,0.0,0.0,0.0,0.0,400,0.0,0.0,0.0,0.0,397,0.008081444164567589,0.04883899916496546,0.003277260599296703,0.012885627729838475,400,0.021739130434782598,3.47379190913765e-18,0.021739130434782598,0.021739130434782598,14,1.0,0.0,1.0,1.0,400,0.0,0.0,0.0,0.0
pytest-dev/pytest,causal_rolling_mad,failure_rate,latency_log,1,high,400,400,0.0,8.673617379884035e-19,0.009512294334296508,400,0.0,8.673617379884035e-19,0.009512294334296508,400,0.0,8.673617379884035e-19,0.009512294334296508,400,0.0,8.673617379884035e-19,0.009512294334296508,400,0.0,8.673617379884035e-19,0.009512294334296508,400,0.0,8.673617379884035e-19,0.009512294334296508,0,,,,,400,0.0,0.0,0.0,0.0,400,0.0,0.0,0.0,0.0,400,0.0,0.0,0.0,0.0,400,0.0,0.0,0.0,0.0,397,0.0,0.0,0.0,0.0,400,0.021739130434782598,3.47379190913765e-18,0.021739130434782598,0.021739130434782598,0,,,,,400,0.0,0.0,0.0,0.0
pytest-dev/pytest,causal_rolling_mad,failure_rate,latency_log,1,low,400,400,0.0,8.673617379884035e-19,0.009512294334296508,400,0.0,8.673617379884035e-19,0.009512294334296508,400,0.0,8.673617379884035e-19,0.009512294334296508,400,0.0,8.673617379884035e-19,0.009512294334296508,400,0.0,8.673617379884035e-19,0.009512294334296508,400,0.0,8.673617379884035e-19,0.009512294334296508,0,,,,,400,0.0,0.0,0.0,0.0,400,0.0,0.0,0.0,0.0,400,0.0,0.0,0.0,0.0,400,0.0,0.0,0.0,0.0,397,0.0,0.0,0.0,0.0,400,0.021739130434782598,3.47379190913765e-18,0.021739130434782598,0.021739130434782598,0,,,,,400,0.0,0.0,0.0,0.0
pytest-dev/pytest,causal_rolling_mad,failure_rate,latency_log,1,medium,400,400,0.0,8.673617379884035e-19,0.009512294334296508,400,0.0,8.673617379884035e-19,0.009512294334296508,400,0.0,8.673617379884035e-19,0.009512294334296508,400,0.0,8.673617379884035e-19,0.009512294334296508,400,0.0,8.673617379884035e-19,0.009512294334296508,400,0.0,8.673617379884035e-19,0.009512294334296508,0,,,,,400,0.0,0.0,0.0,0.0,400,0.0,0.0,0.0,0.0,400,0.0,0.0,0.0,0.0,400,0.0,0.0,0.0,0.0,400,0.0,0.0,0.0,0.0,400,0.021739130434782598,3.47379190913765e-18,0.021739130434782598,0.021739130434782598,0,,,,,400,0.0,0.0,0.0,0.0
pytest-dev/pytest,causal_rolling_mad,failure_rate,latency_log+failure_rate,2,high,400,400,0.2025,0.16603379503442495,0.24462602009448153,400,0.2025,0.16603379503442495,0.24462602009448153,400,0.2025,0.16603379503442495,0.24462602009448153,400,0.2025,0.16603379503442495,0.24462602009448153,400,0.2025,0.16603379503442495,0.24462602009448153,400,0.2025,0.16603379503442495,0.24462602009448153,81,1.7037037037037037,1.5365907428821477,1.3690745353674085,2.038332872039999,400,0.0,0.0,0.0,0.0,400,0.25,0.5461186812727502,0.19648135267104505,0.30351864732895495,400,0.0,0.0,0.0,0.0,400,0.0,0.0,0.0,0.0,399,0.06729621673230696,0.17518949353385568,0.05010646120177564,0.08448597226283827,400,0.021739130434782598,3.47379190913765e-18,0.021739130434782598,0.021739130434782598,81,1.0,0.0,1.0,1.0,400,0.0,0.0,0.0,0.0
pytest-dev/pytest,causal_rolling_mad,failure_rate,latency_log+failure_rate,2,low,400,400,0.0125,0.005350750779971611,0.028923736195967484,400,0.0125,0.005350750779971611,0.028923736195967484,400,0.0125,0.005350750779971611,0.028923736195967484,400,0.0125,0.005350750779971611,0.028923736195967484,400,0.0125,0.005350750779971611,0.028923736195967484,400,0.0125,0.005350750779971611,0.028923736195967484,5,4.8,2.6832815729997477,2.448043218551935,7.151956781448065,400,0.0,0.0,0.0,0.0,400,0.0125,0.11124156919421795,0.0015985265397806241,0.023401473460219376,400,0.0,0.0,0.0,0.0,400,0.0,0.0,0.0,0.0,395,0.002531645569620253,0.028048559887313876,-0.000234404970863758,0.005297696110104264,400,0.021739130434782598,3.47379190913765e-18,0.021739130434782598,0.021739130434782598,5,1.0,0.0,1.0,1.0,400,0.0,0.0,0.0,0.0
pytest-dev/pytest,causal_rolling_mad,failure_rate,latency_log+failure_rate,2,medium,400,400,0.0425,0.026701694991131116,0.06700205432475019,400,0.0425,0.026701694991131116,0.06700205432475019,400,0.0425,0.026701694991131116,0.06700205432475019,400,0.0425,0.026701694991131116,0.06700205432475019,400,0.0425,0.026701694991131116,0.06700205432475019,400,0.0425,0.026701694991131116,0.06700205432475019,17,2.2941176470588234,1.7594283831102981,1.4577538530177392,3.1304814410999073,400,0.0,0.0,0.0,0.0,400,0.0425,0.20197955180753058,0.022706367642184908,0.0622936323578151,400,0.0,0.0,0.0,0.0,400,0.0,0.0,0.0,0.0,398,0.0069544149318018665,0.03497153704917297,0.0035186671436743962,0.010390162719929336,400,0.021739130434782598,3.47379190913765e-18,0.021739130434782598,0.021739130434782598,17,1.0,0.0,1.0,1.0,400,0.0,0.0,0.0,0.0
pytest-dev/pytest,causal_rolling_mad,failure_rate,latency_log+failure_rate+rerun_rate,3,high,400,400,0.1425,0.1116383145426319,0.18016297590639008,400,0.1425,0.1116383145426319,0.18016297590639008,400,0.1425,0.1116383145426319,0.18016297590639008,400,0.1425,0.1116383145426319,0.18016297590639008,400,0.1425,0.1116383145426319,0.18016297590639008,400,0.1425,0.1116383145426319,0.18016297590639008,57,1.5964912280701755,1.1931298744240326,1.2867504512625263,1.9062320048778247,400,0.0,0.0,0.0,0.0,400,0.1675,0.4415099972755267,0.12423281532627953,0.2107671846737205,400,0.0,0.0,0.0,0.0,400,0.0,0.0,0.0,0.0,395,0.04430379746835443,0.12632228085482375,0.03184633745481216,0.0567612574818967,400,0.021739130434782598,3.47379190913765e-18,0.021739130434782598,0.021739130434782598,57,1.0,0.0,1.0,1.0,400,0.0,0.0,0.0,0.0
pytest-dev/pytest,causal_rolling_mad,failure_rate,latency_log+failure_rate+rerun_rate,3,low,400,400,0.0075,0.0025538891952499396,0.021815720724032123,400,0.0075,0.0025538891952499396,0.021815720724032123,400,0.0075,0.0025538891952499396,0.021815720724032123,400,0.0075,0.0025538891952499396,0.021815720724032123,400,0.0075,0.0025538891952499396,0.021815720724032123,400,0.0075,0.0025538891952499396,0.021815720724032123,3,2.6666666666666665,1.5275252316519465,0.9381409060879242,4.395192427245409,400,0.0,0.0,0.0,0.0,400,0.0075,0.08638521873004427,-0.0009655958753750846,0.015965595875375084,400,0.0,0.0,0.0,0.0,400,0.0,0.0,0.0,0.0,400,0.00125,0.015277303098876364,-0.0002471481927349918,0.0027471481927349916,400,0.021739130434782598,3.47379190913765e-18,0.021739130434782598,0.021739130434782598,3,1.0,0.0,1.0,1.0,400,0.0,0.0,0.0,0.0
pytest-dev/pytest,causal_rolling_mad,failure_rate,latency_log+failure_rate+rerun_rate,3,medium,400,400,0.0175,0.008502291107038103,0.03567707292555804,400,0.0175,0.008502291107038103,0.03567707292555804,400,0.0175,0.008502291107038103,0.03567707292555804,400,0.0175,0.008502291107038103,0.03567707292555804,400,0.0175,0.008502291107038103,0.03567707292555804,400,0.0175,0.008502291107038103,0.03567707292555804,7,2.4285714285714284,2.819996622760558,0.33952708263428066,4.517615774508576,400,0.0,0.0,0.0,0.0,400,0.02,0.15704029462319008,0.004610333920849419,0.03538966607915058,400,0.0,0.0,0.0,0.0,400,0.0,0.0,0.0,0.0,397,0.005037783375314861,0.05452791966834051,-0.0003260066285345718,0.010401573379164294,400,0.021739130434782598,3.47379190913765e-18,0.021739130434782598,0.021739130434782598,7,1.0,0.0,1.0,1.0,400,0.0,0.0,0.0,0.0
pytest-dev/pytest,causal_rolling_mad,failure_rate,latency_log+rerun_rate,2,high,400,400,0.0,8.673617379884035e-19,0.009512294334296508,400,0.0,8.673617379884035e-19,0.009512294334296508,400,0.0,8.673617379884035e-19,0.009512294334296508,400,0.0,8.673617379884035e-19,0.009512294334296508,400,0.0,8.673617379884035e-19,0.009512294334296508,400,0.0,8.673617379884035e-19,0.009512294334296508,0,,,,,400,0.0,0.0,0.0,0.0,400,0.0,0.0,0.0,0.0,400,0.0,0.0,0.0,0.0,400,0.0,0.0,0.0,0.0,397,0.0,0.0,0.0,0.0,400,0.021739130434782598,3.47379190913765e-18,0.021739130434782598,0.021739130434782598,0,,,,,400,0.0,0.0,0.0,0.0
pytest-dev/pytest,causal_rolling_mad,failure_rate,latency_log+rerun_rate,2,low,400,400,0.0,8.673617379884035e-19,0.009512294334296508,400,0.0,8.673617379884035e-19,0.009512294334296508,400,0.0,8.673617379884035e-19,0.009512294334296508,400,0.0,8.673617379884035e-19,0.009512294334296508,400,0.0,8.673617379884035e-19,0.009512294334296508,400,0.0,8.673617379884035e-19,0.009512294334296508,0,,,,,400,0.0,0.0,0.0,0.0,400,0.0,0.0,0.0,0.0,400,0.0,0.0,0.0,0.0,400,0.0,0.0,0.0,0.0,397,0.0,0.0,0.0,0.0,400,0.021739130434782598,3.47379190913765e-18,0.021739130434782598,0.021739130434782598,0,,,,,400,0.0,0.0,0.0,0.0
pytest-dev/pytest,causal_rolling_mad,failure_rate,latency_log+rerun_rate,2,medium,400,400,0.0,8.673617379884035e-19,0.009512294334296508,400,0.0,8.673617379884035e-19,0.009512294334296508,400,0.0,8.673617379884035e-19,0.009512294334296508,400,0.0,8.673617379884035e-19,0.009512294334296508,400,0.0,8.673617379884035e-19,0.009512294334296508,400,0.0,8.673617379884035e-19,0.009512294334296508,0,,,,,400,0.0,0.0,0.0,0.0,400,0.0,0.0,0.0,0.0,400,0.0,0.0,0.0,0.0,400,0.0,0.0,0.0,0.0,399,0.0,0.0,0.0,0.0,400,0.021739130434782598,3.47379190913765e-18,0.021739130434782598,0.021739130434782598,0,,,,,400,0.0,0.0,0.0,0.0
pytest-dev/pytest,causal_rolling_mad,failure_rate,rerun_rate,1,high,400,400,0.0,8.673617379884035e-19,0.009512294334296508,400,0.0,8.673617379884035e-19,0.009512294334296508,400,0.0,8.673617379884035e-19,0.009512294334296508,400,0.0,8.673617379884035e-19,0.009512294334296508,400,0.0,8.673617379884035e-19,0.009512294334296508,400,0.0,8.673617379884035e-19,0.009512294334296508,0,,,,,400,0.0,0.0,0.0,0.0,400,0.0,0.0,0.0,0.0,400,0.0,0.0,0.0,0.0,400,0.0,0.0,0.0,0.0,396,0.0,0.0,0.0,0.0,400,0.021739130434782598,3.47379190913765e-18,0.021739130434782598,0.021739130434782598,0,,,,,400,0.0,0.0,0.0,0.0
pytest-dev/pytest,causal_rolling_mad,failure_rate,rerun_rate,1,low,400,400,0.0,8.673617379884035e-19,0.009512294334296508,400,0.0,8.673617379884035e-19,0.009512294334296508,400,0.0,8.673617379884035e-19,0.009512294334296508,400,0.0,8.673617379884035e-19,0.009512294334296508,400,0.0,8.673617379884035e-19,0.009512294334296508,400,0.0,8.673617379884035e-19,0.009512294334296508,0,,,,,400,0.0,0.0,0.0,0.0,400,0.0,0.0,0.0,0.0,400,0.0,0.0,0.0,0.0,400,0.0,0.0,0.0,0.0,400,0.0,0.0,0.0,0.0,400,0.021739130434782598,3.47379190913765e-18,0.021739130434782598,0.021739130434782598,0,,,,,400,0.0,0.0,0.0,0.0
pytest-dev/pytest,causal_rolling_mad,failure_rate,rerun_rate,1,medium,400,400,0.0,8.673617379884035e-19,0.009512294334296508,400,0.0,8.673617379884035e-19,0.009512294334296508,400,0.0,8.673617379884035e-19,0.009512294334296508,400,0.0,8.673617379884035e-19,0.009512294334296508,400,0.0,8.673617379884035e-19,0.009512294334296508,400,0.0,8.673617379884035e-19,0.009512294334296508,0,,,,,400,0.0,0.0,0.0,0.0,400,0.0,0.0,0.0,0.0,400,0.0,0.0,0.0,0.0,400,0.0,0.0,0.0,0.0,399,0.0,0.0,0.0,0.0,400,0.021739130434782598,3.47379190913765e-18,0.021739130434782598,0.021739130434782598,0,,,,,400,0.0,0.0,0.0,0.0
pytest-dev/pytest,causal_rolling_mad,latency_log,failure_rate,1,high,400,400,0.0,8.673617379884035e-19,0.009512294334296508,400,0.28,0.23825142339704647,0.32593398611004404,400,0.0,8.673617379884035e-19,0.009512294334296508,400,0.0,8.673617379884035e-19,0.009512294334296508,400,0.0,8.673617379884035e-19,0.009512294334296508,400,0.0,8.673617379884035e-19,0.009512294334296508,0,,,,,400,0.1333333333333333,0.0,0.1333333333333333,0.1333333333333333,400,0.0,0.0,0.0,0.0,400,0.0,0.0,0.0,0.0,400,0.11857142857142858,0.23861967841806606,0.09518712978633162,0.14195572735652554,398,0.0,0.0,0.0,0.0,400,0.021739130434782598,3.47379190913765e-18,0.021739130434782598,0.021739130434782598,400,0.07624999999999998,0.12960468889242277,0.06354897387716664,0.08895102612283333,400,0.1343173377626873,0.017740935308981617,0.13257875804980437,0.13605591747557025
pytest-dev/pytest,causal_rolling_mad,latency_log,failure_rate,1,low,400,400,0.0,8.673617379884035e-19,0.009512294334296508,400,0.2625,0.22178679994488373,0.30773153986390706,400,0.0,8.673617379884035e-19,0.009512294334296508,400,0.0,8.673617379884035e-19,0.009512294334296508,400,0.0,8.673617379884035e-19,0.009512294334296508,400,0.0,8.673617379884035e-19,0.009512294334296508,0,,,,,400,0.1333333333333333,0.0,0.1333333333333333,0.1333333333333333,400,0.0,0.0,0.0,0.0,400,0.0,0.0,0.0,0.0,400,0.12544642857142857,0.25718498220316127,0.10024276344729002,0.15065009369556712,398,0.0,0.0,0.0,0.0,400,0.021739130434782598,3.47379190913765e-18,0.021739130434782598,0.021739130434782598,400,0.06958333333333332,0.12411690283550927,0.05742010036182054,0.08174656630484609,400,0.1355111889054891,0.018385584452617197,0.13370943473739663,0.13731294307358158
pytest-dev/pytest,causal_rolling_mad,latency_log,failure_rate,1,medium,400,400,0.0,8.673617379884035e-19,0.009512294334296508,400,0.2525,0.21241694139207157,0.29729164430340527,400,0.0,8.673617379884035e-19,0.009512294334296508,400,0.0,8.673617379884035e-19,0.009512294334296508,400,0.0,8.673617379884035e-19,0.009512294334296508,400,0.0,8.673617379884035e-19,0.009512294334296508,0,,,,,400,0.1333333333333333,0.0,0.1333333333333333,0.1333333333333333,400,0.0,0.0,0.0,0.0,400,0.0,0.0,0.0,0.0,400,0.10544642857142858,0.23324771846997563,0.08258857218756407,0.12830428495529309,397,0.0,0.0,0.0,0.0,400,0.021739130434782598,3.47379190913765e-18,0.021739130434782598,0.021739130434782598,400,0.06333333333333332,0.11688427015343437,0.05187888534033426,0.07478778132633239,400,0.13636161725499574,0.016833658734975207,0.13471194901256625,0.13801128549742522
pytest-dev/pytest,causal_rolling_mad,latency_log,failure_rate+rerun_rate,2,high,400,400,0.0,8.673617379884035e-19,0.009512294334296508,400,0.265,0.22413371758035427,0.31033706075676515,400,0.0,8.673617379884035e-19,0.009512294334296508,400,0.0,8.673617379884035e-19,0.009512294334296508,400,0.0,8.673617379884035e-19,0.009512294334296508,400,0.0,8.673617379884035e-19,0.009512294334296508,0,,,,,400,0.1333333333333333,0.0,0.1333333333333333,0.1333333333333333,400,0.0,0.0,0.0,0.0,400,0.0,0.0,0.0,0.0,400,0.12575892857142856,0.26298115584558684,0.0999872488679253,0.15153060827493184,397,0.0,0.0,0.0,0.0,400,0.021739130434782598,3.47379190913765e-18,0.021739130434782598,0.021739130434782598,400,0.07124999999999998,0.12595983477967124,0.05890616301666141,0.08359383698333854,400,0.1351996418417441,0.018242798069749752,0.13341188048204677,0.13698740320144143
pytest-dev/pytest,causal_rolling_mad,latency_log,failure_rate+rerun_rate,2,low,400,400,0.0,8.673617379884035e-19,0.009512294334296508,400,0.28,0.23825142339704647,0.32593398611004404,400,0.0,8.673617379884035e-19,0.009512294334296508,400,0.0,8.673617379884035e-19,0.009512294334296508,400,0.0,8.673617379884035e-19,0.009512294334296508,400,0.0,8.673617379884035e-19,0.009512294334296508,0,,,,,400,0.1333333333333333,0.0,0.1333333333333333,0.1333333333333333,400,0.0,0.0,0.0,0.0,400,0.0,0.0,0.0,0.0,400,0.12821428571428573,0.2644460569714008,0.10229904833840708,0.15412952309016437,396,0.0,0.0,0.0,0.0,400,0.021739130434782598,3.47379190913765e-18,0.021739130434782598,0.021739130434782598,400,0.07249999999999998,0.12440613594633178,0.060308422704469775,0.08469157729553019,400,0.13498710851961512,0.01781105135032422,0.13324165756094367,0.13673255947828658
pytest-dev/pytest,causal_rolling_mad,latency_log,failure_rate+rerun_rate,2,medium,400,400,0.0,8.673617379884035e-19,0.009512294334296508,400,0.2825,0.24061027235147464,0.32852757568394425,400,0.0,8.673617379884035e-19,0.009512294334296508,400,0.0,8.673617379884035e-19,0.009512294334296508,400,0.0,8.673617379884035e-19,0.009512294334296508,400,0.0,8.673617379884035e-19,0.009512294334296508,0,,,,,400,0.1333333333333333,0.0,0.1333333333333333,0.1333333333333333,400,0.0,0.0,0.0,0.0,400,0.0,0.0,0.0,0.0,400,0.11875,0.23853734017264802,0.09537377021468152,0.14212622978531847,397,0.0,0.0,0.0,0.0,400,0.021739130434782598,3.47379190913765e-18,0.021739130434782598,0.021739130434782598,400,0.07791666666666666,0.1312858403413322,0.06505089072921232,0.09078244260412101,400,0.13410603617573266,0.018103345938955764,0.1323319408737315,0.1358801314777338
pytest-dev/pytest,causal_rolling_mad,latency_log,latency_log,1,high,400,400,0.7525,0.7079392288053334,0.7922570625558467,400,0.81,0.7686762283551013,0.845426149157635,400,0.7525,0.7079392288053334,0.7922570625558467,400,0.7625,0.7184235572819022,0.8015824881925919,400,0.7625,0.7184235572819022,0.8015824881925919,400,0.7625,0.7184235572819022,0.8015824881925919,301,1.026578073089701,0.6212551151104845,0.956394605672395,1.0967615405070068,400,0.1333333333333333,0.0,0.1333333333333333,0.1333333333333333,400,1.9375,1.6171368460793194,1.7790235011805922,2.095976498819408,400,0.0525,0.22331238445870302,0.030615788457958995,0.074384211542041,400,0.11080357142857142,0.2272653163184604,0.08853197968260715,0.1330751631745357,397,0.44241633681180287,0.30973798049523593,0.4119481015719856,0.47288457205162016,400,0.021739130434782598,3.47379190913765e-18,0.021739130434782598,0.021739130434782598,400,0.2907876984126984,0.21391173695354015,0.26982473339773116,0.31175066342766566,400,0.11515844962378978,0.025861046057175482,0.11262411368006,0.11769278556751955
pytest-dev/pytest,causal_rolling_mad,latency_log,latency_log,1,low,400,400,0.1525,0.12058718801590881,0.19102385654642726,400,0.3375,0.2929016377213044,0.38518985793734206,400,0.1525,0.12058718801590881,0.19102385654642726,400,0.1525,0.12058718801590881,0.19102385654642726,400,0.1525,0.12058718801590881,0.19102385654642726,400,0.1525,0.12058718801590881,0.19102385654642726,61,1.5245901639344261,1.1196213255240837,1.2436237972484008,1.8055565306204515,400,0.1333333333333333,0.0,0.1333333333333333,0.1333333333333333,400,0.2275,0.5844636381853898,0.17022361594416935,0.28477638405583067,400,0.025,0.15632047282926156,0.009680875160418764,0.040319124839581236,400,0.11517857142857142,0.23660978168346564,0.09199123890409755,0.1383659039530453,397,0.05025188916876574,0.13919766011027715,0.03655932538859579,0.06394445294893568,400,0.021739130434782598,3.47379190913765e-18,0.021739130434782598,0.021739130434782598,400,0.10089880952380952,0.1617195086523613,0.08505058889600242,0.11674703015161661,400,0.11505121927590356,0.02510852384720564,0.11259062915362915,0.11751180939817797
pytest-dev/pytest,causal_rolling_mad,latency_log,latency_log,1,medium,400,400,0.56,0.5110127871951399,0.6078457374847447,400,0.655,0.6071390167491942,0.6999121720071738,400,0.56,0.5110127871951399,0.6078457374847447,400,0.57,0.5210443194375308,0.6176239593556675,400,0.57,0.5210443194375308,0.6176239593556675,400,0.57,0.5210443194375308,0.6176239593556675,224,1.1116071428571428,0.683599748589495,1.0220859261490005,1.201128359565285,400,0.1333333333333333,0.0,0.1333333333333333,0.1333333333333333,400,1.1325,1.2900015542723438,1.0060821706812757,1.2589178293187244,400,0.04,0.19620458863518908,0.02077230363367663,0.05922769636632337,400,0.1284375,0.24331928537928635,0.10459264819562877,0.15228235180437125,400,0.2680416666666667,0.2894206554470831,0.2396789636137537,0.2964043697195796,400,0.021739130434782598,3.47379190913765e-18,0.021739130434782598,0.021739130434782598,400,0.22103769841269838,0.20412815506882112,0.20103350680442356,0.2410418900209732,400,0.11287382667101369,0.02496644193425535,0.11042716032035113,0.11532049302167624
pytest-dev/pytest,causal_rolling_mad,latency_log,latency_log+failure_rate,2,high,400,400,0.7525,0.7079392288053334,0.7922570625558467,400,0.785,0.7421294764669898,0.8224485157624611,400,0.7525,0.7079392288053334,0.7922570625558467,400,0.77,0.7263071915784445,0.8085561694810355,400,0.77,0.7263071915784445,0.8085561694810355,400,0.77,0.7263071915784445,0.8085561694810355,301,1.0,0.594418483337567,0.9328482788425053,1.0671517211574948,400,0.1333333333333333,0.0,0.1333333333333333,0.1333333333333333,400,1.9625,1.6287189947654488,1.802888471466172,2.122111528533828,400,0.06,0.2377842580648657,0.03669757090511427,0.08330242909488572,400,0.09040178571428571,0.2072084307900407,0.0700957326322087,0.11070783879636273,399,0.4319519035684449,0.3039386115454728,0.4021291652103017,0.46177464192658807,400,0.021739130434782598,3.47379190913765e-18,0.021739130434782598,0.021739130434782598,400,0.28893551587301586,0.22042909006983566,0.26733386198892517,0.31053716975710655,400,0.11573787248266676,0.027559365348907943,0.11303710430663472,0.1184386406586988
pytest-dev/pytest,causal_rolling_mad,latency_log,latency_log+failure_rate,2,low,400,400,0.1125,0.08514845878595949,0.14722356932312028,400,0.2775,0.2358942363133194,0.3233387346654426,400,0.1125,0.08514845878595949,0.14722356932312028,400,0.1175,0.08952194095010377,0.15275496421563303,400,0.1175,0.08952194095010377,0.15275496421563303,400,0.1175,0.08952194095010377,0.15275496421563303,45,1.488888888888889,1.2902117906167438,1.1119223166911394,1.8658554610866385,400,0.1333333333333333,0.0,0.1333333333333333,0.1333333333333333,400,0.1875,0.5459752489180052,0.13399540878352093,0.24100459121647907,400,0.02,0.14017532881009245,0.006263070200557948,0.03373692979944205,400,0.10330357142857143,0.23280722017835495,0.08048888308404831,0.12611825977309454,395,0.0430168776371308,0.14456673213969923,0.028760213866243795,0.05727354140801781,400,0.021739130434782598,3.47379190913765e-18,0.021739130434782598,0.021739130434782598,400,0.08620138888888888,0.15799279529799123,0.07071837945884528,0.10168439831893249,400,0.11626944464394456,0.025704636625488834,0.1137504365428622,0.11878845274502693
pytest-dev/pytest,causal_rolling_mad,latency_log,latency_log+failure_rate,2,medium,400,400,0.59,0.5411672646392987,0.6371205223805279,400,0.6675,0.6199313395835853,0.7118820418144254,400,0.59,0.5411672646392987,0.6371205223805279,400,0.6,0.5512590700269542,0.6468384711061865,400,0.6,0.5512590700269542,0.6468384711061865,400,0.6,0.5512590700269542,0.6468384711061865,236,0.9872881355932204,0.6221509169269984,0.9079123868343942,1.0666638843520464,400,0.1333333333333333,0.0,0.1333333333333333,0.1333333333333333,400,1.22,1.3137407609446465,1.0912557711763125,1.3487442288236875,400,0.05,0.21821789023599236,0.028615039717757015,0.07138496028224299,400,0.13348214285714285,0.2588637460982875,0.10811396189435463,0.15885032381993108,398,0.2775993060540799,0.2939795921833226,0.24871754051491402,0.3064810715932458,400,0.021739130434782598,3.47379190913765e-18,0.021739130434782598,0.021739130434782598,400,0.21871924603174603,0.19716556886469122,0.1993973753334387,0.23804111673005335,400,0.11521990121605757,0.023142077192091798,0.11295201932486029,0.11748778310725486
pytest-dev/pytest,causal_rolling_mad,latency_log,latency_log+failure_rate+rerun_rate,3,high,400,400,0.725,0.6792581922605757,0.7664612752889909,400,0.7875,0.7447739406814162,0.8247564900763633,400,0.725,0.6792581922605757,0.7664612752889909,400,0.7425,0.697484812382584,0.7829017248652822,400,0.7425,0.697484812382584,0.7829017248652822,400,0.7425,0.697484812382584,0.7829017248652822,290,1.0448275862068965,0.6181153445491899,0.9736868071103578,1.1159683653034354,400,0.1333333333333333,0.0,0.1333333333333333,0.1333333333333333,400,1.86,1.5816618271104432,1.7049999891570857,2.0150000108429142,400,0.0575,0.23308705226768192,0.03465788861463692,0.08034211138536308,400,0.11388392857142858,0.24097899644875936,0.09026842086791989,0.13749943627493727,395,0.4070735382760699,0.3003568997513369,0.37745339491637275,0.43669368163576705,400,0.021739130434782598,3.47379190913765e-18,0.021739130434782598,0.021739130434782598,400,0.2810535714285714,0.20855064658123082,0.2606159836159837,0.3014911592411591,400,0.11595829077553184,0.024605393193870676,0.11354700655126017,0.11836957499980351
pytest-dev/pytest,causal_rolling_mad,latency_log,latency_log+failure_rate+rerun_rate,3,low,400,400,0.125,0.09611512323676381,0.1610190975139586,400,0.2775,0.2358942363133194,0.3233387346654426,400,0.125,0.09611512323676381,0.1610190975139586,400,0.1275,0.0983211891565858,0.1637654701224651,400,0.1275,0.0983211891565858,0.1637654701224651,400,0.1275,0.0983211891565858,0.1637654701224651,50,1.84,1.4895554740270944,1.4271238743929706,2.2528761256070293,400,0.1333333333333333,0.0,0.1333333333333333,0.1333333333333333,400,0.19,0.5381673161298222,0.13726057213644835,0.24273942786355165,400,0.0175,0.13128915456069917,0.004633899275015854,0.03036610072498415,400,0.10705357142857143,0.23042374494097254,0.08447245936521394,0.12963468349192891,400,0.03789583333333333,0.119921985614263,0.02614369469540903,0.04964797197125763,400,0.021739130434782598,3.47379190913765e-18,0.021739130434782598,0.021739130434782598,400,0.08130753968253966,0.14816429661337704,0.06678770542469321,0.09582737394038611,400,0.11721267401208885,0.023746106814433735,0.11488559830562228,0.11953974971855541
pytest-dev/pytest,causal_rolling_mad,latency_log,latency_log+failure_rate+rerun_rate,3,medium,400,400,0.5775,0.5285810181257037,0.6249445762524805,400,0.66,0.6122516850900368,0.7047043807229885,400,0.5775,0.5285810181257037,0.6249445762524805,400,0.5975,0.5487342037489487,0.6444108988558637,400,0.5975,0.5487342037489487,0.6444108988558637,400,0.5975,0.5487342037489487,0.6444108988558637,231,0.9567099567099567,0.6645269633915135,0.8710151095874743,1.0424048038324392,400,0.1333333333333333,0.0,0.1333333333333333,0.1333333333333333,400,1.1925,1.2467275459918405,1.0703229455660994,1.3146770544339004,400,0.0575,0.23308705226768192,0.03465788861463692,0.08034211138536308,400,0.12044642857142858,0.24894281548647548,0.09605048094325398,0.14484237619960316,397,0.27471512534484827,0.2946123148655458,0.24573476814254958,0.30369548254714696,400,0.021739130434782598,3.47379190913765e-18,0.021739130434782598,0.021739130434782598,400,0.2142023809523809,0.19679368733962485,0.19491695397385586,0.23348780793090593,400,0.11769470567991328,0.025327512483194616,0.11521265506566077,0.12017675629416578
pytest-dev/pytest,causal_rolling_mad,latency_log,latency_log+rerun_rate,2,high,400,400,0.7275,0.6818568086225227,0.7688150974553725,400,0.805,0.7633481418022936,0.8408493586537855,400,0.7275,0.6818568086225227,0.7688150974553725,400,0.76,0.715799603858965,0.7992540030872007,400,0.76,0.715799603858965,0.7992540030872007,400,0.76,0.715799603858965,0.7992540030872007,291,0.9587628865979382,0.597423071484508,0.8901218889812854,1.027403884214591,400,0.1333333333333333,0.0,0.1333333333333333,0.1333333333333333,400,1.91,1.5837204381030014,1.754798248986906,2.065201751013094,400,0.07,0.255466549463402,0.0449647381898506,0.09503526181014942,400,0.13508928571428572,0.27416389314110334,0.10822171789339319,0.16195685353517825,397,0.41622286194074604,0.3094452139305097,0.385783425495801,0.44666229838569105,400,0.021739130434782598,3.47379190913765e-18,0.021739130434782598,0.021739130434782598,400,0.28708829365079364,0.21000395605874675,0.26650828412648986,0.3076683031750974,400,0.11744074984769672,0.026587571565912283,0.11483521571241825,0.12004628398297518
pytest-dev/pytest,causal_rolling_mad,latency_log,latency_log+rerun_rate,2,low,400,400,0.1325,0.10274521663902703,0.1692463196966809,400,0.3125,0.2690415608130786,0.35952554956228255,400,0.1325,0.10274521663902703,0.1692463196966809,400,0.1375,0.10718448673484568,0.1747119266575193,400,0.1375,0.10718448673484568,0.1747119266575193,400,0.1375,0.10718448673484568,0.1747119266575193,53,1.9811320754716981,1.4343393820814656,1.5949767051212458,2.3672874458221504,400,0.1333333333333333,0.0,0.1333333333333333,0.1333333333333333,400,0.2125,0.5815403881568709,0.15551008918285447,0.2694899108171455,400,0.015,0.12170468386708859,0.003073160143533671,0.02692683985646633,400,0.13325892857142857,0.2554477746907788,0.10822550665518713,0.15829235048767,397,0.03730058774139379,0.11623976629558745,0.025866340840020277,0.0487348346427673,400,0.021739130434782598,3.47379190913765e-18,0.021739130434782598,0.021739130434782598,400,0.10093948412698413,0.16752404016599845,0.08452242986348421,0.11735653839048404,400,0.1153303326066521,0.024500752177632576,0.11292930301353704,0.11773136219976715
pytest-dev/pytest,causal_rolling_mad,latency_log,latency_log+rerun_rate,2,medium,400,400,0.5475,0.49850112055362783,0.5955952114846139,400,0.6225,0.5740411128887363,0.6686283749993612,400,0.5475,0.49850112055362783,0.5955952114846139,400,0.5825,0.5336117391164401,0.629818732318401,400,0.5825,0.5336117391164401,0.629818732318401,400,0.5825,0.5336117391164401,0.629818732318401,219,1.0091324200913243,0.6424642036928478,0.9240431166190661,1.0942217235635825,400,0.1333333333333333,0.0,0.1333333333333333,0.1333333333333333,400,1.12,1.2326388344688,0.9992036139247863,1.240796386075214,400,0.07,0.255466549463402,0.0449647381898506,0.09503526181014942,400,0.114375,0.22848440248833427,0.09198394000468554,0.13676605999531447,399,0.2539264828738513,0.28115275120805583,0.22633951425767226,0.28151345149003026,400,0.021739130434782598,3.47379190913765e-18,0.021739130434782598,0.021739130434782598,400,0.20275099206349206,0.1999546394132938,0.18315579747390462,0.2223461866530795,400,0.11807458037406984,0.02617997077713547,0.11550899038209501,0.12064017036604467
pytest-dev/pytest,causal_rolling_mad,latency_log,rerun_rate,1,high,400,400,0.0,8.673617379884035e-19,0.009512294334296508,400,0.27,0.22883278412268437,0.31554287127109204,400,0.0,8.673617379884035e-19,0.009512294334296508,400,0.0,8.673617379884035e-19,0.009512294334296508,400,0.0,8.673617379884035e-19,0.009512294334296508,400,0.0,8.673617379884035e-19,0.009512294334296508,0,,,,,400,0.1333333333333333,0.0,0.1333333333333333,0.1333333333333333,400,0.0,0.0,0.0,0.0,400,0.0,0.0,0.0,0.0,400,0.11379464285714284,0.23835718477531487,0.09043606797634404,0.13715321773794165,396,0.0,0.0,0.0,0.0,400,0.021739130434782598,3.47379190913765e-18,0.021739130434782598,0.021739130434782598,400,0.07125,0.12484953349947925,0.059014970542719675,0.08348502945728031,400,0.13503864811988298,0.016939999624445704,0.1333785586617812,0.13669873757798476
pytest-dev/pytest,causal_rolling_mad,latency_log,rerun_rate,1,low,400,400,0.0,8.673617379884035e-19,0.009512294334296508,400,0.315,0.2714209156648816,0.3620986332388081,400,0.0,8.673617379884035e-19,0.009512294334296508,400,0.0,8.673617379884035e-19,0.009512294334296508,400,0.0,8.673617379884035e-19,0.009512294334296508,400,0.0,8.673617379884035e-19,0.009512294334296508,0,,,,,400,0.1333333333333333,0.0,0.1333333333333333,0.1333333333333333,400,0.0,0.0,0.0,0.0,400,0.0,0.0,0.0,0.0,400,0.1363839285714286,0.2559400535857703,0.11130226420996052,0.16146559293289667,400,0.0,0.0,0.0,0.0,400,0.021739130434782598,3.47379190913765e-18,0.021739130434782598,0.021739130434782598,400,0.0825,0.13033117638864125,0.0697277794107763,0.0952722205892237,400,0.13343936746618326,0.017717677459732302,0.13170306698064463,0.1351756679517219
pytest-dev/pytest,causal_rolling_mad,latency_log,rerun_rate,1,medium,400,400,0.0,8.673617379884035e-19,0.009512294334296508,400,0.295,0.25242899167233757,0.341471049004724,400,0.0,8.673617379884035e-19,0.009512294334296508,400,0.0,8.673617379884035e-19,0.009512294334296508,400,0.0,8.673617379884035e-19,0.009512294334296508,400,0.0,8.673617379884035e-19,0.009512294334296508,0,,,,,400,0.1333333333333333,0.0,0.1333333333333333,0.1333333333333333,400,0.0,0.0,0.0,0.0,400,0.0,0.0,0.0,0.0,400,0.13991071428571428,0.27714548185774734,0.11275095613975508,0.16707047243167347,399,0.0,0.0,0.0,0.0,400,0.021739130434782598,3.47379190913765e-18,0.021739130434782598,0.021739130434782598,400,0.07708333333333332,0.1274816316809606,0.06459036299407916,0.08957630367258748,400,0.13434083585712084,0.01820747484152161,0.13255653611018076,0.13612513560406092
pytest-dev/pytest,causal_rolling_mad,rerun_rate,failure_rate,1,high,400,400,0.0,8.673617379884035e-19,0.009512294334296508,400,0.0,8.673617379884035e-19,0.009512294334296508,400,0.0,8.673617379884035e-19,0.009512294334296508,400,0.0,8.673617379884035e-19,0.009512294334296508,400,0.0,8.673617379884035e-19,0.009512294334296508,400,0.0,8.673617379884035e-19,0.009512294334296508,0,,,,,400,0.0,0.0,0.0,0.0,400,0.0,0.0,0.0,0.0,400,0.0,0.0,0.0,0.0,400,0.0,0.0,0.0,0.0,56,0.0,0.0,0.0,0.0,400,0.8695652173913045,2.223226821848096e-16,0.8695652173913045,0.8695652173913045,0,,,,,398,0.0,0.0,0.0,0.0
pytest-dev/pytest,causal_rolling_mad,rerun_rate,failure_rate,1,low,400,400,0.0,8.673617379884035e-19,0.009512294334296508,400,0.0,8.673617379884035e-19,0.009512294334296508,400,0.0,8.673617379884035e-19,0.009512294334296508,400,0.0,8.673617379884035e-19,0.009512294334296508,400,0.0,8.673617379884035e-19,0.009512294334296508,400,0.0,8.673617379884035e-19,0.009512294334296508,0,,,,,400,0.0,0.0,0.0,0.0,400,0.0,0.0,0.0,0.0,400,0.0,0.0,0.0,0.0,400,0.0,0.0,0.0,0.0,58,0.0,0.0,0.0,0.0,400,0.8695652173913045,2.223226821848096e-16,0.8695652173913045,0.8695652173913045,0,,,,,397,0.0,0.0,0.0,0.0
pytest-dev/pytest,causal_rolling_mad,rerun_rate,failure_rate,1,medium,400,400,0.0,8.673617379884035e-19,0.009512294334296508,400,0.0,8.673617379884035e-19,0.009512294334296508,400,0.0,8.673617379884035e-19,0.009512294334296508,400,0.0,8.673617379884035e-19,0.009512294334296508,400,0.0,8.673617379884035e-19,0.009512294334296508,400,0.0,8.673617379884035e-19,0.009512294334296508,0,,,,,400,0.0,0.0,0.0,0.0,400,0.0,0.0,0.0,0.0,400,0.0,0.0,0.0,0.0,400,0.0,0.0,0.0,0.0,51,0.0,0.0,0.0,0.0,400,0.8695652173913045,2.223226821848096e-16,0.8695652173913045,0.8695652173913045,0,,,,,397,0.0,0.0,0.0,0.0
pytest-dev/pytest,causal_rolling_mad,rerun_rate,failure_rate+rerun_rate,2,high,400,400,0.085,0.0614630200239382,0.11643218427352792,400,0.085,0.0614630200239382,0.11643218427352792,400,0.085,0.0614630200239382,0.11643218427352792,400,0.085,0.0614630200239382,0.11643218427352792,400,0.085,0.0614630200239382,0.11643218427352792,400,0.085,0.0614630200239382,0.11643218427352792,34,1.8529411764705883,1.3954982371068303,1.3838708883695254,2.322011464571651,400,0.0,0.0,0.0,0.0,400,0.1275,0.4866578259917306,0.07980840941308237,0.17519159058691763,400,0.0,0.0,0.0,0.0,400,0.0,0.0,0.0,0.0,62,0.3435483870967742,0.3628383709210707,0.2532322291003316,0.4338645450932168,400,0.8695652173913045,2.223226821848096e-16,0.8695652173913045,0.8695652173913045,34,1.0,0.0,1.0,1.0,399,0.0,0.0,0.0,0.0
pytest-dev/pytest,causal_rolling_mad,rerun_rate,failure_rate+rerun_rate,2,low,400,400,0.01,0.003895483794990993,0.025426564652619582,400,0.01,0.003895483794990993,0.025426564652619582,400,0.01,0.003895483794990993,0.025426564652619582,400,0.01,0.003895483794990993,0.025426564652619582,400,0.01,0.003895483794990993,0.025426564652619582,400,0.01,0.003895483794990993,0.025426564652619582,4,1.0,0.0,1.0,1.0,400,0.0,0.0,0.0,0.0,400,0.01,0.09962335082737976,0.0002370910179568548,0.019762908982043144,400,0.0,0.0,0.0,0.0,400,0.0,0.0,0.0,0.0,62,0.024193548387096774,0.09823939290503622,-0.0002597764047729857,0.04864687317896653,400,0.8695652173913045,2.223226821848096e-16,0.8695652173913045,0.8695652173913045,4,1.0,0.0,1.0,1.0,395,0.0,0.0,0.0,0.0
pytest-dev/pytest,causal_rolling_mad,rerun_rate,failure_rate+rerun_rate,2,medium,400,400,0.04,0.024769063069711758,0.06398224771784103,400,0.04,0.024769063069711758,0.06398224771784103,400,0.04,0.024769063069711758,0.06398224771784103,400,0.04,0.024769063069711758,0.06398224771784103,400,0.04,0.024769063069711758,0.06398224771784103,400,0.04,0.024769063069711758,0.06398224771784103,16,1.25,0.5773502691896257,0.9671035664809571,1.532896433519043,400,0.0,0.0,0.0,0.0,400,0.0625,0.3374588065457593,0.029429644645222117,0.09557035535477788,400,0.0,0.0,0.0,0.0,400,0.0,0.0,0.0,0.0,55,0.15,0.2573008039313202,0.08200016022008008,0.2179998397799199,400,0.8695652173913045,2.223226821848096e-16,0.8695652173913045,0.8695652173913045,16,1.0,0.0,1.0,1.0,398,0.0,0.0,0.0,0.0
pytest-dev/pytest,causal_rolling_mad,rerun_rate,latency_log,1,high,400,400,0.0,8.673617379884035e-19,0.009512294334296508,400,0.0,8.673617379884035e-19,0.009512294334296508,400,0.0,8.673617379884035e-19,0.009512294334296508,400,0.0,8.673617379884035e-19,0.009512294334296508,400,0.0,8.673617379884035e-19,0.009512294334296508,400,0.0,8.673617379884035e-19,0.009512294334296508,0,,,,,400,0.0,0.0,0.0,0.0,400,0.0,0.0,0.0,0.0,400,0.0,0.0,0.0,0.0,400,0.0,0.0,0.0,0.0,43,0.0,0.0,0.0,0.0,400,0.8695652173913045,2.223226821848096e-16,0.8695652173913045,0.8695652173913045,0,,,,,398,0.0,0.0,0.0,0.0
pytest-dev/pytest,causal_rolling_mad,rerun_rate,latency_log,1,low,400,400,0.0,8.673617379884035e-19,0.009512294334296508,400,0.0,8.673617379884035e-19,0.009512294334296508,400,0.0,8.673617379884035e-19,0.009512294334296508,400,0.0,8.673617379884035e-19,0.009512294334296508,400,0.0,8.673617379884035e-19,0.009512294334296508,400,0.0,8.673617379884035e-19,0.009512294334296508,0,,,,,400,0.0,0.0,0.0,0.0,400,0.0,0.0,0.0,0.0,400,0.0,0.0,0.0,0.0,400,0.0,0.0,0.0,0.0,67,0.0,0.0,0.0,0.0,400,0.8695652173913045,2.223226821848096e-16,0.8695652173913045,0.8695652173913045,0,,,,,398,0.0,0.0,0.0,0.0
pytest-dev/pytest,causal_rolling_mad,rerun_rate,latency_log,1,medium,400,400,0.0,8.673617379884035e-19,0.009512294334296508,400,0.0,8.673617379884035e-19,0.009512294334296508,400,0.0,8.673617379884035e-19,0.009512294334296508,400,0.0,8.673617379884035e-19,0.009512294334296508,400,0.0,8.673617379884035e-19,0.009512294334296508,400,0.0,8.673617379884035e-19,0.009512294334296508,0,,,,,400,0.0,0.0,0.0,0.0,400,0.0,0.0,0.0,0.0,400,0.0,0.0,0.0,0.0,400,0.0,0.0,0.0,0.0,48,0.0,0.0,0.0,0.0,400,0.8695652173913045,2.223226821848096e-16,0.8695652173913045,0.8695652173913045,0,,,,,395,0.0,0.0,0.0,0.0
pytest-dev/pytest,causal_rolling_mad,rerun_rate,latency_log+failure_rate,2,high,400,400,0.0,8.673617379884035e-19,0.009512294334296508,400,0.0,8.673617379884035e-19,0.009512294334296508,400,0.0,8.673617379884035e-19,0.009512294334296508,400,0.0,8.673617379884035e-19,0.009512294334296508,400,0.0,8.673617379884035e-19,0.009512294334296508,400,0.0,8.673617379884035e-19,0.009512294334296508,0,,,,,400,0.0,0.0,0.0,0.0,400,0.0,0.0,0.0,0.0,400,0.0,0.0,0.0,0.0,400,0.0,0.0,0.0,0.0,55,0.0,0.0,0.0,0.0,400,0.8695652173913045,2.223226821848096e-16,0.8695652173913045,0.8695652173913045,0,,,,,400,0.0,0.0,0.0,0.0
pytest-dev/pytest,causal_rolling_mad,rerun_rate,latency_log+failure_rate,2,low,400,400,0.0,8.673617379884035e-19,0.009512294334296508,400,0.0,8.673617379884035e-19,0.009512294334296508,400,0.0,8.673617379884035e-19,0.009512294334296508,400,0.0,8.673617379884035e-19,0.009512294334296508,400,0.0,8.673617379884035e-19,0.009512294334296508,400,0.0,8.673617379884035e-19,0.009512294334296508,0,,,,,400,0.0,0.0,0.0,0.0,400,0.0,0.0,0.0,0.0,400,0.0,0.0,0.0,0.0,400,0.0,0.0,0.0,0.0,50,0.0,0.0,0.0,0.0,400,0.8695652173913045,2.223226821848096e-16,0.8695652173913045,0.8695652173913045,0,,,,,399,0.0,0.0,0.0,0.0
pytest-dev/pytest,causal_rolling_mad,rerun_rate,latency_log+failure_rate,2,medium,400,400,0.0,8.673617379884035e-19,0.009512294334296508,400,0.0,8.673617379884035e-19,0.009512294334296508,400,0.0,8.673617379884035e-19,0.009512294334296508,400,0.0,8.673617379884035e-19,0.009512294334296508,400,0.0,8.673617379884035e-19,0.009512294334296508,400,0.0,8.673617379884035e-19,0.009512294334296508,0,,,,,400,0.0,0.0,0.0,0.0,400,0.0,0.0,0.0,0.0,400,0.0,0.0,0.0,0.0,400,0.0,0.0,0.0,0.0,58,0.0,0.0,0.0,0.0,400,0.8695652173913045,2.223226821848096e-16,0.8695652173913045,0.8695652173913045,0,,,,,398,0.0,0.0,0.0,0.0
pytest-dev/pytest,causal_rolling_mad,rerun_rate,latency_log+failure_rate+rerun_rate,3,high,400,400,0.13,0.10053125228664084,0.1665078455207386,400,0.13,0.10053125228664084,0.1665078455207386,400,0.13,0.10053125228664084,0.1665078455207386,400,0.13,0.10053125228664084,0.1665078455207386,400,0.13,0.10053125228664084,0.1665078455207386,400,0.13,0.10053125228664084,0.1665078455207386,52,1.9230769230769231,1.2500377068219266,1.5833190473034429,2.2628347988504034,400,0.0,0.0,0.0,0.0,400,0.26,0.796231726575885,0.18197072462815608,0.3380292753718439,400,0.0,0.0,0.0,0.0,400,0.0,0.0,0.0,0.0,70,0.4761904761904762,0.3380770123101953,0.39699238531552034,0.5553885670654322,400,0.8695652173913045,2.223226821848096e-16,0.8695652173913045,0.8695652173913045,52,1.0,0.0,1.0,1.0,393,0.0,0.0,0.0,0.0
pytest-dev/pytest,causal_rolling_mad,rerun_rate,latency_log+failure_rate+rerun_rate,3,low,400,400,0.025,0.013635091745936023,0.045401587871645666,400,0.025,0.013635091745936023,0.045401587871645666,400,0.025,0.013635091745936023,0.045401587871645666,400,0.025,0.013635091745936023,0.045401587871645666,400,0.025,0.013635091745936023,0.045401587871645666,400,0.025,0.013635091745936023,0.045401587871645666,10,2.2,1.6865480854231356,1.1546858749119713,3.2453141250880293,400,0.0,0.0,0.0,0.0,400,0.0275,0.17839088617605073,0.010018014396237819,0.04498198560376218,400,0.0,0.0,0.0,0.0,400,0.0,0.0,0.0,0.0,59,0.07627118644067797,0.18131605388614638,0.030005570984236354,0.12253680189711959,400,0.8696195652173916,0.0010869565217391298,0.8695130454356231,0.86972608499916,10,1.0,0.0,1.0,1.0,395,0.0,0.0,0.0,0.0
pytest-dev/pytest,causal_rolling_mad,rerun_rate,latency_log+failure_rate+rerun_rate,3,medium,400,400,0.0575,0.038617542757733075,0.08480083772811935,400,0.0575,0.038617542757733075,0.08480083772811935,400,0.0575,0.038617542757733075,0.08480083772811935,400,0.0575,0.038617542757733075,0.08480083772811935,400,0.0575,0.038617542757733075,0.08480083772811935,400,0.0575,0.038617542757733075,0.08480083772811935,23,1.2608695652173914,0.619192384874173,1.0078175620443206,1.513921568390462,400,0.0,0.0,0.0,0.0,400,0.0625,0.2622320807231659,0.036801728309579736,0.08819827169042027,400,0.0,0.0,0.0,0.0,400,0.0,0.0,0.0,0.0,56,0.15029761904761904,0.20064268132674457,0.0977470527461666,0.20284818534907148,400,0.8696195652173916,0.0010869565217391298,0.8695130454356231,0.86972608499916,23,1.0,0.0,1.0,1.0,398,0.0,0.0,0.0,0.0
pytest-dev/pytest,causal_rolling_mad,rerun_rate,latency_log+rerun_rate,2,high,400,400,0.0925,0.06785393449857381,0.12489858538387784,400,0.0925,0.06785393449857381,0.12489858538387784,400,0.0925,0.06785393449857381,0.12489858538387784,400,0.0925,0.06785393449857381,0.12489858538387784,400,0.0925,0.06785393449857381,0.12489858538387784,400,0.0925,0.06785393449857381,0.12489858538387784,37,1.7297297297297298,1.044792606975945,1.393080736646949,2.0663787228125106,400,0.0,0.0,0.0,0.0,400,0.1775,0.6418908081004193,0.11459585670579334,0.24040414329420665,400,0.0,0.0,0.0,0.0,400,0.0,0.0,0.0,0.0,58,0.45977011494252873,0.39301943172201753,0.35862425349263294,0.5609159763924245,400,0.8695652173913045,2.223226821848096e-16,0.8695652173913045,0.8695652173913045,37,1.0,0.0,1.0,1.0,399,0.0,0.0,0.0,0.0
pytest-dev/pytest,causal_rolling_mad,rerun_rate,latency_log+rerun_rate,2,low,400,400,0.01,0.003895483794990993,0.025426564652619582,400,0.01,0.003895483794990993,0.025426564652619582,400,0.01,0.003895483794990993,0.025426564652619582,400,0.01,0.003895483794990993,0.025426564652619582,400,0.01,0.003895483794990993,0.025426564652619582,400,0.01,0.003895483794990993,0.025426564652619582,4,1.5,1.0,0.520018007729973,2.479981992270027,400,0.0,0.0,0.0,0.0,400,0.01,0.09962335082737976,0.0002370910179568548,0.019762908982043144,400,0.0,0.0,0.0,0.0,400,0.0,0.0,0.0,0.0,62,0.028225806451612902,0.11184773305115858,0.00038515248728944115,0.05606646041593637,400,0.8696195652173916,0.0010869565217391298,0.8695130454356231,0.86972608499916,4,1.0,0.0,1.0,1.0,395,0.0,0.0,0.0,0.0
pytest-dev/pytest,causal_rolling_mad,rerun_rate,latency_log+rerun_rate,2,medium,400,400,0.04,0.024769063069711758,0.06398224771784103,400,0.04,0.024769063069711758,0.06398224771784103,400,0.04,0.024769063069711758,0.06398224771784103,400,0.04,0.024769063069711758,0.06398224771784103,400,0.04,0.024769063069711758,0.06398224771784103,400,0.04,0.024769063069711758,0.06398224771784103,16,1.375,0.6191391873668903,1.0716273728358745,1.6783726271641255,400,0.0,0.0,0.0,0.0,400,0.055,0.2952845787645205,0.026062643021572948,0.08393735697842705,400,0.0,0.0,0.0,0.0,400,0.0,0.0,0.0,0.0,49,0.15102040816326529,0.22506192983269097,0.08800422576852886,0.21403659055800173,400,0.8695652173913045,2.223226821848096e-16,0.8695652173913045,0.8695652173913045,16,1.0,0.0,1.0,1.0,394,0.0,0.0,0.0,0.0
pytest-dev/pytest,causal_rolling_mad,rerun_rate,rerun_rate,1,high,400,400,0.115,0.0873329226216324,0.1499915440157759,400,0.115,0.0873329226216324,0.1499915440157759,400,0.115,0.0873329226216324,0.1499915440157759,400,0.115,0.0873329226216324,0.1499915440157759,400,0.115,0.0873329226216324,0.1499915440157759,400,0.115,0.0873329226216324,0.1499915440157759,46,1.7173913043478262,1.276506403835804,1.3485053044366202,2.086277304259032,400,0.0,0.0,0.0,0.0,400,0.22,0.7265808967339749,0.14879638052732966,0.29120361947267037,400,0.0,0.0,0.0,0.0,400,0.0,0.0,0.0,0.0,70,0.43785714285714283,0.3682653054167376,0.35158712726162045,0.5241271584526652,400,0.8695652173913045,2.223226821848096e-16,0.8695652173913045,0.8695652173913045,46,1.0,0.0,1.0,1.0,395,0.0,0.0,0.0,0.0
pytest-dev/pytest,causal_rolling_mad,rerun_rate,rerun_rate,1,low,400,400,0.0125,0.005350750779971611,0.028923736195967484,400,0.0125,0.005350750779971611,0.028923736195967484,400,0.0125,0.005350750779971611,0.028923736195967484,400,0.0125,0.005350750779971611,0.028923736195967484,400,0.0125,0.005350750779971611,0.028923736195967484,400,0.0125,0.005350750779971611,0.028923736195967484,5,2.0,0.7071067811865476,1.3802049676954384,2.6197950323045616,400,0.0,0.0,0.0,0.0,400,0.015,0.1407997208928653,0.0012018809008346124,0.028798119099165388,400,0.0,0.0,0.0,0.0,400,0.0,0.0,0.0,0.0,50,0.03833333333333333,0.1295487546007066,0.002424910445161889,0.07424175622150478,400,0.8696739130434784,0.0015352611447102687,0.8695234602159536,0.8698243658710032,5,1.0,0.0,1.0,1.0,397,0.0,0.0,0.0,0.0
pytest-dev/pytest,causal_rolling_mad,rerun_rate,rerun_rate,1,medium,400,400,0.0475,0.030617076962711882,0.07299154940982647,400,0.0475,0.030617076962711882,0.07299154940982647,400,0.0475,0.030617076962711882,0.07299154940982647,400,0.0475,0.030617076962711882,0.07299154940982647,400,0.0475,0.030617076962711882,0.07299154940982647,400,0.0475,0.030617076962711882,0.07299154940982647,19,1.3157894736842106,0.5823927253578186,1.0539185789136492,1.577660368454772,400,0.0,0.0,0.0,0.0,400,0.0675,0.3289593982762702,0.03526257135012715,0.09973742864987287,400,0.0,0.0,0.0,0.0,400,0.0,0.0,0.0,0.0,57,0.16228070175438597,0.25463026252421284,0.09617777616042375,0.2283836273483482,400,0.8695652173913045,2.223226821848096e-16,0.8695652173913045,0.8695652173913045,19,1.0,0.0,1.0,1.0,397,0.0,0.0,0.0,0.0
pytest-dev/pytest,causal_rolling_mad,two_of_three,failure_rate,1,high,400,400,0.0,8.673617379884035e-19,0.009512294334296508,400,0.0,8.673617379884035e-19,0.009512294334296508,400,0.0,8.673617379884035e-19,0.009512294334296508,400,0.0,8.673617379884035e-19,0.009512294334296508,400,0.0,8.673617379884035e-19,0.009512294334296508,400,0.0,8.673617379884035e-19,0.009512294334296508,0,,,,,400,0.0,0.0,0.0,0.0,400,0.0,0.0,0.0,0.0,400,0.0,0.0,0.0,0.0,400,0.0,0.0,0.0,0.0,56,0.0,0.0,0.0,0.0,400,0.8695652173913045,2.223226821848096e-16,0.8695652173913045,0.8695652173913045,0,,,,,398,0.0,0.0,0.0,0.0
pytest-dev/pytest,causal_rolling_mad,two_of_three,failure_rate,1,low,400,400,0.0,8.673617379884035e-19,0.009512294334296508,400,0.0,8.673617379884035e-19,0.009512294334296508,400,0.0,8.673617379884035e-19,0.009512294334296508,400,0.0,8.673617379884035e-19,0.009512294334296508,400,0.0,8.673617379884035e-19,0.009512294334296508,400,0.0,8.673617379884035e-19,0.009512294334296508,0,,,,,400,0.0,0.0,0.0,0.0,400,0.0,0.0,0.0,0.0,400,0.0,0.0,0.0,0.0,400,0.0,0.0,0.0,0.0,58,0.0,0.0,0.0,0.0,400,0.8695652173913045,2.223226821848096e-16,0.8695652173913045,0.8695652173913045,0,,,,,397,0.0,0.0,0.0,0.0
pytest-dev/pytest,causal_rolling_mad,two_of_three,failure_rate,1,medium,400,400,0.0,8.673617379884035e-19,0.009512294334296508,400,0.0,8.673617379884035e-19,0.009512294334296508,400,0.0,8.673617379884035e-19,0.009512294334296508,400,0.0,8.673617379884035e-19,0.009512294334296508,400,0.0,8.673617379884035e-19,0.009512294334296508,400,0.0,8.673617379884035e-19,0.009512294334296508,0,,,,,400,0.0,0.0,0.0,0.0,400,0.0,0.0,0.0,0.0,400,0.0,0.0,0.0,0.0,400,0.0,0.0,0.0,0.0,51,0.0,0.0,0.0,0.0,400,0.8695652173913045,2.223226821848096e-16,0.8695652173913045,0.8695652173913045,0,,,,,397,0.0,0.0,0.0,0.0
pytest-dev/pytest,causal_rolling_mad,two_of_three,failure_rate+rerun_rate,2,high,400,400,0.0325,0.01908984237880045,0.0548041528237668,400,0.0325,0.01908984237880045,0.0548041528237668,400,0.0325,0.01908984237880045,0.0548041528237668,400,0.0325,0.01908984237880045,0.0548041528237668,400,0.0325,0.01908984237880045,0.0548041528237668,400,0.0325,0.01908984237880045,0.0548041528237668,13,1.3076923076923077,0.6304251719561152,0.964995577683261,1.6503890377013544,400,0.0,0.0,0.0,0.0,400,0.0375,0.21496342289551823,0.01643397165656657,0.05856602834343343,400,0.0,0.0,0.0,0.0,400,0.0,0.0,0.0,0.0,62,0.10080645161290322,0.19969073126816791,0.05110029845755162,0.15051260476825482,400,0.8695652173913045,2.223226821848096e-16,0.8695652173913045,0.8695652173913045,13,1.0,0.0,1.0,1.0,399,0.0,0.0,0.0,0.0
pytest-dev/pytest,causal_rolling_mad,two_of_three,failure_rate+rerun_rate,2,low,400,400,0.0025,0.0004414477868016362,0.01402328507582339,400,0.0025,0.0004414477868016362,0.01402328507582339,400,0.0025,0.0004414477868016362,0.01402328507582339,400,0.0025,0.0004414477868016362,0.01402328507582339,400,0.0025,0.0004414477868016362,0.01402328507582339,400,0.0025,0.0004414477868016362,0.01402328507582339,1,1.0,,,,400,0.0,0.0,0.0,0.0,400,0.0025,0.05,-0.002399909961350135,0.007399909961350135,400,0.0,0.0,0.0,0.0,400,0.0,0.0,0.0,0.0,62,0.008064516129032258,0.06350006350009527,-0.007741645036613343,0.02387067729467786,400,0.8695652173913045,2.223226821848096e-16,0.8695652173913045,0.8695652173913045,1,1.0,,,,395,0.0,0.0,0.0,0.0
pytest-dev/pytest,causal_rolling_mad,two_of_three,failure_rate+rerun_rate,2,medium,400,400,0.01,0.003895483794990993,0.025426564652619582,400,0.01,0.003895483794990993,0.025426564652619582,400,0.01,0.003895483794990993,0.025426564652619582,400,0.01,0.003895483794990993,0.025426564652619582,400,0.01,0.003895483794990993,0.025426564652619582,400,0.01,0.003895483794990993,0.025426564652619582,4,1.75,0.9574271077563381,0.8117386754876139,2.688261324512386,400,0.0,0.0,0.0,0.0,400,0.0125,0.1318606008067337,-0.0004221014280505614,0.025422101428050563,400,0.0,0.0,0.0,0.0,400,0.0,0.0,0.0,0.0,55,0.031818181818181815,0.11838560518556093,0.0005310577133702601,0.06310530592299338,400,0.8695652173913045,2.223226821848096e-16,0.8695652173913045,0.8695652173913045,4,1.0,0.0,1.0,1.0,398,0.0,0.0,0.0,0.0
pytest-dev/pytest,causal_rolling_mad,two_of_three,latency_log,1,high,400,400,0.0,8.673617379884035e-19,0.009512294334296508,400,0.0,8.673617379884035e-19,0.009512294334296508,400,0.0,8.673617379884035e-19,0.009512294334296508,400,0.0,8.673617379884035e-19,0.009512294334296508,400,0.0,8.673617379884035e-19,0.009512294334296508,400,0.0,8.673617379884035e-19,0.009512294334296508,0,,,,,400,0.0,0.0,0.0,0.0,400,0.0,0.0,0.0,0.0,400,0.0,0.0,0.0,0.0,400,0.0,0.0,0.0,0.0,43,0.0,0.0,0.0,0.0,400,0.8695652173913045,2.223226821848096e-16,0.8695652173913045,0.8695652173913045,0,,,,,398,0.0,0.0,0.0,0.0
pytest-dev/pytest,causal_rolling_mad,two_of_three,latency_log,1,low,400,400,0.0,8.673617379884035e-19,0.009512294334296508,400,0.0,8.673617379884035e-19,0.009512294334296508,400,0.0,8.673617379884035e-19,0.009512294334296508,400,0.0,8.673617379884035e-19,0.009512294334296508,400,0.0,8.673617379884035e-19,0.009512294334296508,400,0.0,8.673617379884035e-19,0.009512294334296508,0,,,,,400,0.0,0.0,0.0,0.0,400,0.0,0.0,0.0,0.0,400,0.0,0.0,0.0,0.0,400,0.0,0.0,0.0,0.0,67,0.0,0.0,0.0,0.0,400,0.8695652173913045,2.223226821848096e-16,0.8695652173913045,0.8695652173913045,0,,,,,398,0.0,0.0,0.0,0.0
pytest-dev/pytest,causal_rolling_mad,two_of_three,latency_log,1,medium,400,400,0.0,8.673617379884035e-19,0.009512294334296508,400,0.0,8.673617379884035e-19,0.009512294334296508,400,0.0,8.673617379884035e-19,0.009512294334296508,400,0.0,8.673617379884035e-19,0.009512294334296508,400,0.0,8.673617379884035e-19,0.009512294334296508,400,0.0,8.673617379884035e-19,0.009512294334296508,0,,,,,400,0.0,0.0,0.0,0.0,400,0.0,0.0,0.0,0.0,400,0.0,0.0,0.0,0.0,400,0.0,0.0,0.0,0.0,48,0.0,0.0,0.0,0.0,400,0.8695652173913045,2.223226821848096e-16,0.8695652173913045,0.8695652173913045,0,,,,,395,0.0,0.0,0.0,0.0
pytest-dev/pytest,causal_rolling_mad,two_of_three,latency_log+failure_rate,2,high,400,400,0.02,0.010168386791664645,0.03896341576926,400,0.02,0.010168386791664645,0.03896341576926,400,0.02,0.010168386791664645,0.03896341576926,400,0.02,0.010168386791664645,0.03896341576926,400,0.02,0.010168386791664645,0.03896341576926,400,0.02,0.010168386791664645,0.03896341576926,8,3.125,1.6420805617960927,1.987117134758264,4.262882865241736,400,0.0,0.0,0.0,0.0,400,0.0225,0.1645035060683265,0.006378952638775692,0.038621047361224306,400,0.0,0.0,0.0,0.0,400,0.0,0.0,0.0,0.0,55,0.043333333333333335,0.11265592760565844,0.013560456955194127,0.07310620971147254,400,0.8695652173913045,2.223226821848096e-16,0.8695652173913045,0.8695652173913045,8,1.0,0.0,1.0,1.0,400,0.0,0.0,0.0,0.0
pytest-dev/pytest,causal_rolling_mad,two_of_three,latency_log+failure_rate,2,low,400,400,0.0,8.673617379884035e-19,0.009512294334296508,400,0.0,8.673617379884035e-19,0.009512294334296508,400,0.0,8.673617379884035e-19,0.009512294334296508,400,0.0,8.673617379884035e-19,0.009512294334296508,400,0.0,8.673617379884035e-19,0.009512294334296508,400,0.0,8.673617379884035e-19,0.009512294334296508,0,,,,,400,0.0,0.0,0.0,0.0,400,0.0,0.0,0.0,0.0,400,0.0,0.0,0.0,0.0,400,0.0,0.0,0.0,0.0,50,0.0,0.0,0.0,0.0,400,0.8695652173913045,2.223226821848096e-16,0.8695652173913045,0.8695652173913045,0,,,,,399,0.0,0.0,0.0,0.0
pytest-dev/pytest,causal_rolling_mad,two_of_three,latency_log+failure_rate,2,medium,400,400,0.0,8.673617379884035e-19,0.009512294334296508,400,0.0,8.673617379884035e-19,0.009512294334296508,400,0.0,8.673617379884035e-19,0.009512294334296508,400,0.0,8.673617379884035e-19,0.009512294334296508,400,0.0,8.673617379884035e-19,0.009512294334296508,400,0.0,8.673617379884035e-19,0.009512294334296508,0,,,,,400,0.0,0.0,0.0,0.0,400,0.0,0.0,0.0,0.0,400,0.0,0.0,0.0,0.0,400,0.0,0.0,0.0,0.0,58,0.0,0.0,0.0,0.0,400,0.8695652173913045,2.223226821848096e-16,0.8695652173913045,0.8695652173913045,0,,,,,398,0.0,0.0,0.0,0.0
pytest-dev/pytest,causal_rolling_mad,two_of_three,latency_log+failure_rate+rerun_rate,3,high,400,400,0.1325,0.10274521663902703,0.1692463196966809,400,0.1325,0.10274521663902703,0.1692463196966809,400,0.1325,0.10274521663902703,0.1692463196966809,400,0.1325,0.10274521663902703,0.1692463196966809,400,0.1325,0.10274521663902703,0.1692463196966809,400,0.1325,0.10274521663902703,0.1692463196966809,53,1.9056603773584906,1.2444360932288265,1.5706311043276577,2.2406896503893234,400,0.0,0.0,0.0,0.0,400,0.2725,0.8306435286446273,0.19109842999326332,0.3539015700067367,400,0.0,0.0,0.0,0.0,400,0.0,0.0,0.0,0.0,70,0.4961904761904762,0.33704660520271523,0.4172337690025647,0.5751471833783877,400,0.8695652173913045,2.223226821848096e-16,0.8695652173913045,0.8695652173913045,53,1.0,0.0,1.0,1.0,393,0.0,0.0,0.0,0.0
pytest-dev/pytest,causal_rolling_mad,two_of_three,latency_log+failure_rate+rerun_rate,3,low,400,400,0.0125,0.005350750779971611,0.028923736195967484,400,0.0125,0.005350750779971611,0.028923736195967484,400,0.0125,0.005350750779971611,0.028923736195967484,400,0.0125,0.005350750779971611,0.028923736195967484,400,0.0125,0.005350750779971611,0.028923736195967484,400,0.0125,0.005350750779971611,0.028923736195967484,5,1.4,0.8944271909999159,0.6160144061839784,2.1839855938160215,400,0.0,0.0,0.0,0.0,400,0.0125,0.11124156919421795,0.0015985265397806241,0.023401473460219376,400,0.0,0.0,0.0,0.0,400,0.0,0.0,0.0,0.0,59,0.0423728813559322,0.14044681142021834,0.006535689722965234,0.07821007298889918,400,0.8696195652173916,0.0010869565217391298,0.8695130454356231,0.86972608499916,5,1.0,0.0,1.0,1.0,395,0.0,0.0,0.0,0.0
pytest-dev/pytest,causal_rolling_mad,two_of_three,latency_log+failure_rate+rerun_rate,3,medium,400,400,0.06,0.040647970113724695,0.0877228489004562,400,0.06,0.040647970113724695,0.0877228489004562,400,0.06,0.040647970113724695,0.0877228489004562,400,0.06,0.040647970113724695,0.0877228489004562,400,0.06,0.040647970113724695,0.0877228489004562,400,0.06,0.040647970113724695,0.0877228489004562,24,1.2083333333333333,0.5882299658752715,0.9729966573706101,1.4436700092960564,400,0.0,0.0,0.0,0.0,400,0.07,0.2920843768639809,0.041376257044988665,0.09862374295501135,400,0.0,0.0,0.0,0.0,400,0.0,0.0,0.0,0.0,56,0.16666666666666666,0.21081851067789195,0.11145093664504388,0.22188239668828943,400,0.8696195652173916,0.0010869565217391298,0.8695130454356231,0.86972608499916,24,1.0,0.0,1.0,1.0,398,0.0,0.0,0.0,0.0
pytest-dev/pytest,causal_rolling_mad,two_of_three,latency_log+rerun_rate,2,high,400,400,0.0925,0.06785393449857381,0.12489858538387784,400,0.0925,0.06785393449857381,0.12489858538387784,400,0.0925,0.06785393449857381,0.12489858538387784,400,0.0925,0.06785393449857381,0.12489858538387784,400,0.0925,0.06785393449857381,0.12489858538387784,400,0.0925,0.06785393449857381,0.12489858538387784,37,1.7297297297297298,1.044792606975945,1.393080736646949,2.0663787228125106,400,0.0,0.0,0.0,0.0,400,0.1775,0.6418908081004193,0.11459585670579334,0.24040414329420665,400,0.0,0.0,0.0,0.0,400,0.0,0.0,0.0,0.0,58,0.45977011494252873,0.39301943172201753,0.35862425349263294,0.5609159763924245,400,0.8695652173913045,2.223226821848096e-16,0.8695652173913045,0.8695652173913045,37,1.0,0.0,1.0,1.0,399,0.0,0.0,0.0,0.0
pytest-dev/pytest,causal_rolling_mad,two_of_three,latency_log+rerun_rate,2,low,400,400,0.01,0.003895483794990993,0.025426564652619582,400,0.01,0.003895483794990993,0.025426564652619582,400,0.01,0.003895483794990993,0.025426564652619582,400,0.01,0.003895483794990993,0.025426564652619582,400,0.01,0.003895483794990993,0.025426564652619582,400,0.01,0.003895483794990993,0.025426564652619582,4,1.5,1.0,0.520018007729973,2.479981992270027,400,0.0,0.0,0.0,0.0,400,0.01,0.09962335082737976,0.0002370910179568548,0.019762908982043144,400,0.0,0.0,0.0,0.0,400,0.0,0.0,0.0,0.0,62,0.028225806451612902,0.11184773305115858,0.00038515248728944115,0.05606646041593637,400,0.8696195652173916,0.0010869565217391298,0.8695130454356231,0.86972608499916,4,1.0,0.0,1.0,1.0,395,0.0,0.0,0.0,0.0
pytest-dev/pytest,causal_rolling_mad,two_of_three,latency_log+rerun_rate,2,medium,400,400,0.0425,0.026701694991131116,0.06700205432475019,400,0.0425,0.026701694991131116,0.06700205432475019,400,0.0425,0.026701694991131116,0.06700205432475019,400,0.0425,0.026701694991131116,0.06700205432475019,400,0.0425,0.026701694991131116,0.06700205432475019,400,0.0425,0.026701694991131116,0.06700205432475019,17,1.3529411764705883,0.6063390625908325,1.0647111787441097,1.641171174197067,400,0.0,0.0,0.0,0.0,400,0.06,0.31087232750765237,0.02953507171474305,0.09046492828525694,400,0.0,0.0,0.0,0.0,400,0.0,0.0,0.0,0.0,49,0.16462585034013605,0.2306801701315315,0.10003658956793976,0.22921511111233234,400,0.8695652173913045,2.223226821848096e-16,0.8695652173913045,0.8695652173913045,17,1.0,0.0,1.0,1.0,394,0.0,0.0,0.0,0.0
pytest-dev/pytest,causal_rolling_mad,two_of_three,rerun_rate,1,high,400,400,0.0375,0.022855029814710867,0.060943842444513396,400,0.0375,0.022855029814710867,0.060943842444513396,400,0.0375,0.022855029814710867,0.060943842444513396,400,0.0375,0.022855029814710867,0.060943842444513396,400,0.0375,0.022855029814710867,0.060943842444513396,400,0.0375,0.022855029814710867,0.060943842444513396,15,2.8,2.0770858707058104,1.7488688343142733,3.851131165685726,400,0.0,0.0,0.0,0.0,400,0.0525,0.28274300879518915,0.024791694294046873,0.08020830570595312,400,0.0,0.0,0.0,0.0,400,0.0,0.0,0.0,0.0,70,0.0869047619047619,0.1797048227689842,0.04480701977473109,0.12900250403479271,400,0.8695652173913045,2.223226821848096e-16,0.8695652173913045,0.8695652173913045,15,1.0,0.0,1.0,1.0,395,0.0,0.0,0.0,0.0
pytest-dev/pytest,causal_rolling_mad,two_of_three,rerun_rate,1,low,400,400,0.0,8.673617379884035e-19,0.009512294334296508,400,0.0,8.673617379884035e-19,0.009512294334296508,400,0.0,8.673617379884035e-19,0.009512294334296508,400,0.0,8.673617379884035e-19,0.009512294334296508,400,0.0,8.673617379884035e-19,0.009512294334296508,400,0.0,8.673617379884035e-19,0.009512294334296508,0,,,,,400,0.0,0.0,0.0,0.0,400,0.0,0.0,0.0,0.0,400,0.0,0.0,0.0,0.0,400,0.0,0.0,0.0,0.0,50,0.0,0.0,0.0,0.0,400,0.8696739130434784,0.0015352611447102687,0.8695234602159536,0.8698243658710032,0,,,,,397,0.0,0.0,0.0,0.0
pytest-dev/pytest,causal_rolling_mad,two_of_three,rerun_rate,1,medium,400,400,0.01,0.003895483794990993,0.025426564652619582,400,0.01,0.003895483794990993,0.025426564652619582,400,0.01,0.003895483794990993,0.025426564652619582,400,0.01,0.003895483794990993,0.025426564652619582,400,0.01,0.003895483794990993,0.025426564652619582,400,0.01,0.003895483794990993,0.025426564652619582,4,1.25,0.5,0.7600090038649865,1.7399909961350135,400,0.0,0.0,0.0,0.0,400,0.0125,0.1318606008067337,-0.0004221014280505614,0.025422101428050563,400,0.0,0.0,0.0,0.0,400,0.0,0.0,0.0,0.0,57,0.03508771929824561,0.1288565482428528,0.0016360991477061826,0.06853933944878504,400,0.8695652173913045,2.223226821848096e-16,0.8695652173913045,0.8695652173913045,4,1.0,0.0,1.0,1.0,397,0.0,0.0,0.0,0.0
pytest-dev/pytest,causal_rolling_mad,union,failure_rate,1,high,400,400,0.0125,0.005350750779971611,0.028923736195967484,400,0.0425,0.026701694991131116,0.06700205432475019,400,0.0125,0.005350750779971611,0.028923736195967484,400,0.0125,0.005350750779971611,0.028923736195967484,400,0.0125,0.005350750779971611,0.028923736195967484,400,0.0125,0.005350750779971611,0.028923736195967484,5,4.0,2.1213203435596424,2.1406149030863157,5.859385096913684,400,0.33333333333333326,5.55806705462024e-17,0.33333333333333326,0.33333333333333326,400,0.025,0.2224831383884359,0.0031970530795612483,0.04680294692043875,400,0.005,0.07062201265667244,-0.0019208300661404916,0.011920830066140493,400,0.020416666666666666,0.12445858800459703,0.008219949163880719,0.032613384169452614,56,0.03422619047619047,0.11434572964236961,0.004277762718320682,0.06417461823406026,400,0.8695652173913045,2.223226821848096e-16,0.8695652173913045,0.8695652173913045,400,0.02875,0.14846225143197386,0.014200966706480059,0.043299033293519945,398,0.35108877721943055,0.10293177001098465,0.34097633633225916,0.36120121810660194
pytest-dev/pytest,causal_rolling_mad,union,failure_rate,1,low,400,400,0.0,8.673617379884035e-19,0.009512294334296508,400,0.055,0.03659849414955068,0.08186744780797323,400,0.0,8.673617379884035e-19,0.009512294334296508,400,0.0,8.673617379884035e-19,0.009512294334296508,400,0.0,8.673617379884035e-19,0.009512294334296508,400,0.0,8.673617379884035e-19,0.009512294334296508,0,,,,,400,0.33333333333333326,5.55806705462024e-17,0.33333333333333326,0.33333333333333326,400,0.0,0.0,0.0,0.0,400,0.0,0.0,0.0,0.0,400,0.0325,0.1483901358391765,0.017958033904710388,0.047041966095289614,58,0.0,0.0,0.0,0.0,400,0.8695652173913045,2.223226821848096e-16,0.8695652173913045,0.8695652173913045,400,0.0425,0.18582269825823197,0.024289710195190578,0.06071028980480943,397,0.3452141057934509,0.11048835733651505,0.3343456121808579,0.3560825994060439
pytest-dev/pytest,causal_rolling_mad,union,failure_rate,1,medium,400,400,0.0025,0.0004414477868016362,0.01402328507582339,400,0.035,0.02096129419797776,0.057885139532918004,400,0.0025,0.0004414477868016362,0.01402328507582339,400,0.0025,0.0004414477868016362,0.01402328507582339,400,0.0025,0.0004414477868016362,0.01402328507582339,400,0.0025,0.0004414477868016362,0.01402328507582339,1,7.0,,,,400,0.33333333333333326,5.55806705462024e-17,0.33333333333333326,0.33333333333333326,400,0.005,0.1,-0.00479981992270027,0.01479981992270027,400,0.0025,0.05,-0.002399909961350135,0.007399909961350135,400,0.014375,0.09711602088282663,0.004857804837391002,0.023892195162609,51,0.004901960784313725,0.03500700210070024,-0.004705705806568891,0.014509627375196342,400,0.8695652173913045,2.223226821848096e-16,0.8695652173913045,0.8695652173913045,400,0.021875,0.12385914214434005,0.009737027112053317,0.03401297288794668,397,0.3596137699412259,0.11156758129992463,0.3486391154711848,0.370588424411267
pytest-dev/pytest,causal_rolling_mad,union,failure_rate+rerun_rate,2,high,400,400,0.0675,0.04680146916375965,0.09642666543540682,400,0.1,0.07429925914003437,0.13331057632740284,400,0.0675,0.04680146916375965,0.09642666543540682,400,0.075,0.05303774392284765,0.10504770626130436,400,0.075,0.05303774392284765,0.10504770626130436,400,0.075,0.05303774392284765,0.10504770626130436,27,2.037037037037037,1.8704479406215768,1.331512968390527,2.7425611056835475,400,0.33333333333333326,5.55806705462024e-17,0.33333333333333326,0.33333333333333326,400,0.15,0.5597170785495563,0.09514873422554465,0.20485126577445534,400,0.0325,0.1775459275539077,0.015100818819629165,0.04989918118037084,400,0.03195833333333333,0.1607086209899287,0.016209177876065434,0.04770748879060123,62,0.25887096774193546,0.3355217471680898,0.1753543455843865,0.3423875898994844,400,0.8695652173913045,2.223226821848096e-16,0.8695652173913045,0.8695652173913045,400,0.05525,0.18516836250517738,0.03710383392067977,0.07339616607932023,399,0.35534670008354224,0.11955312213103217,0.3436160368976986,0.3670773632693859
pytest-dev/pytest,causal_rolling_mad,union,failure_rate+rerun_rate,2,low,400,400,0.025,0.013635091745936023,0.045401587871645666,400,0.085,0.0614630200239382,0.11643218427352792,400,0.025,0.013635091745936023,0.045401587871645666,400,0.0275,0.015423636260295411,0.048565481885614784,400,0.0275,0.015423636260295411,0.048565481885614784,400,0.0275,0.015423636260295411,0.048565481885614784,10,1.0,2.160246899469287,-0.3389102968423956,2.3389102968423954,400,0.33333333333333326,5.55806705462024e-17,0.33333333333333326,0.33333333333333326,400,0.05,0.3045190134850939,0.020157685048077446,0.07984231495192257,400,0.0175,0.13128915456069917,0.004633899275015854,0.03036610072498415,400,0.03879166666666666,0.16612295922015496,0.02251191581283067,0.05507141752050265,62,0.07392473118279569,0.1734315864798178,0.03075489077610869,0.1170945715894827,400,0.8695652173913045,2.223226821848096e-16,0.8695652173913045,0.8695652173913045,400,0.05520833333333333,0.20074689536411056,0.03553549908723896,0.0748811675794277,395,0.3483122362869199,0.10703520489437061,0.3377568000171669,0.35886767255667285
pytest-dev/pytest,causal_rolling_mad,union,failure_rate+rerun_rate,2,medium,400,400,0.055,0.03659849414955068,0.08186744780797323,400,0.0825,0.05934587622971528,0.1135968895394223,400,0.055,0.03659849414955068,0.08186744780797323,400,0.0575,0.038617542757733075,0.08480083772811935,400,0.0575,0.038617542757733075,0.08480083772811935,400,0.0575,0.038617542757733075,0.08480083772811935,22,1.5454545454545454,1.8955404488096776,0.753373160531492,2.337535930377599,400,0.33333333333333326,5.55806705462024e-17,0.33333333333333326,0.33333333333333326,400,0.1075,0.4543785863675504,0.06297171676866894,0.15202828323133105,400,0.0125,0.11124156919421795,0.0015985265397806241,0.023401473460219376,400,0.029666666666666668,0.15151844456055363,0.01481813195005597,0.044515201383277365,55,0.21515151515151515,0.3011854617662496,0.1355537726212861,0.2947492576817442,400,0.8695652173913045,2.223226821848096e-16,0.8695652173913045,0.8695652173913045,400,0.04758333333333333,0.17348538973391336,0.030582077547215078,0.06458458911945159,398,0.35531825795644895,0.11565918256496198,0.3439554236573601,0.3666810922555378
pytest-dev/pytest,causal_rolling_mad,union,latency_log,1,high,400,400,0.0825,0.05934587622971528,0.1135968895394223,400,0.0925,0.06785393449857381,0.12489858538387784,400,0.0825,0.05934587622971528,0.1135968895394223,400,0.085,0.0614630200239382,0.11643218427352792,400,0.085,0.0614630200239382,0.11643218427352792,400,0.085,0.0614630200239382,0.11643218427352792,33,2.4242424242424243,1.4367998953904262,1.934026506821232,2.9144583416636167,400,0.33333333333333326,5.55806705462024e-17,0.33333333333333326,0.33333333333333326,400,0.2125,0.7574814819444247,0.13826817882164502,0.28673182117835494,400,0.015,0.12170468386708859,0.003073160143533671,0.02692683985646633,400,0.015791666666666666,0.10578470981915702,0.005424955598638245,0.026158377734695086,43,0.57984496124031,0.37692290307378845,0.4671858318813287,0.6925040905992914,400,0.8695652173913045,2.223226821848096e-16,0.8695652173913045,0.8695652173913045,376,0.07845744680851063,0.256353082823839,0.05254593736281854,0.10436895625420273,398,0.30012562814070354,0.11765794948876168,0.2885664267494914,0.3116848295319157
pytest-dev/pytest,causal_rolling_mad,union,latency_log,1,low,400,400,0.0225,0.011881583530495034,0.04220265755875813,400,0.05,0.03259742983714726,0.07596363506371961,400,0.0225,0.011881583530495034,0.04220265755875813,400,0.0625,0.04268914141220244,0.09063411613030699,400,0.0625,0.04268914141220244,0.09063411613030699,400,0.0625,0.04268914141220244,0.09063411613030699,9,1.8888888888888888,1.0540925533894598,1.2002277418838205,2.577550035893957,400,0.33333333333333326,5.55806705462024e-17,0.33333333333333326,0.33333333333333326,400,0.0625,0.2423646044779629,0.038748705204794884,0.08625129479520512,400,0.04,0.19620458863518908,0.02077230363367663,0.05922769636632337,400,0.018541666666666665,0.11495018929006744,0.007276755115436965,0.029806578217896364,67,0.04975124378109452,0.13842830308586074,0.016604903476543788,0.08289758408564527,400,0.8695652173913045,2.223226821848096e-16,0.8695652173913045,0.8695652173913045,356,0.03932584269662921,0.17428139408892432,0.021221860358302334,0.05742982503495609,398,0.30711892797319934,0.13300070530535615,0.2940523910797894,0.32018546486660926
pytest-dev/pytest,causal_rolling_mad,union,latency_log,1,medium,400,400,0.0725,0.05095051840227673,0.10218249325354675,400,0.095,0.06999661149327467,0.12770834691750552,400,0.0725,0.05095051840227673,0.10218249325354675,400,0.0775,0.05513293467684451,0.10790495403563602,400,0.0775,0.05513293467684451,0.10790495403563602,400,0.0775,0.05513293467684451,0.10790495403563602,29,2.1724137931034484,1.5134861724140958,1.6215711549912375,2.7232564312156593,400,0.33333333333333326,5.55806705462024e-17,0.33333333333333326,0.33333333333333326,400,0.1875,0.6881333947152294,0.12006416648994325,0.2549358335100568,400,0.0275,0.16373996745558456,0.011453778047864686,0.04354622195213531,400,0.026041666666666664,0.1379839462025753,0.012519488416578666,0.03956384491675466,48,0.3645833333333333,0.32280583204295676,0.27326271472923364,0.455903951937433,400,0.8695652173913045,2.223226821848096e-16,0.8695652173913045,0.8695652173913045,363,0.07575757575757576,0.2453527546560487,0.050517786940750695,0.10099736457440082,395,0.29590717299578057,0.1280498763416125,0.28327934357827717,0.30853500241328397
pytest-dev/pytest,causal_rolling_mad,union,latency_log+failure_rate,2,high,400,400,0.105,0.07862372743733602,0.1388909850867582,400,0.1175,0.08952194095010377,0.15275496421563303,400,0.105,0.07862372743733602,0.1388909850867582,400,0.11,0.08296867911910685,0.1444509104616444,400,0.11,0.08296867911910685,0.1444509104616444,400,0.11,0.08296867911910685,0.1444509104616444,42,2.0952380952380953,1.8052703845796025,1.549271962539398,2.6412042279367927,400,0.33333333333333326,5.55806705462024e-17,0.33333333333333326,0.33333333333333326,400,0.255,0.769060227865941,0.17963348257202943,0.3303665174279706,400,0.025,0.1563204728292616,0.00968087516041876,0.04031912483958124,400,0.017625,0.11303783993931131,0.006547495241437325,0.02870250475856267,55,0.5490909090909091,0.3598184581955347,0.4539975509151407,0.6441842672666774,400,0.8695652173913045,2.223226821848096e-16,0.8695652173913045,0.8695652173913045,369,0.09869015356820235,0.28164286955043893,0.06995366700568405,0.12742664013072064,400,0.29183333333333333,0.13367218846212536,0.27873369957731253,0.30493296708935413
pytest-dev/pytest,causal_rolling_mad,union,latency_log+failure_rate,2,low,400,400,0.025,0.013635091745936023,0.045401587871645666,400,0.05,0.03259742983714726,0.07596363506371961,400,0.025,0.013635091745936023,0.045401587871645666,400,0.04,0.024769063069711758,0.06398224771784103,400,0.04,0.024769063069711758,0.06398224771784103,400,0.04,0.024769063069711758,0.06398224771784103,10,1.9,0.8755950357709131,1.357310546518653,2.442689453481347,400,0.33333333333333326,5.55806705462024e-17,0.33333333333333326,0.33333333333333326,400,0.04,0.19620458863518908,0.02077230363367663,0.05922769636632337,400,0.015,0.12170468386708858,0.003073160143533671,0.02692683985646633,400,0.018833333333333334,0.12143908746051017,0.006932521446432851,0.030734145220233815,50,0.07833333333333332,0.16701494223483485,0.0320400038999737,0.12462666276669296,400,0.8695652173913045,2.223226821848096e-16,0.8695652173913045,0.8695652173913045,358,0.04189944134078212,0.18489789530899578,0.022746364751893684,0.061052517929670556,399,0.29916457811194647,0.12437728052260928,0.2869605640320565,0.31136859219183644
pytest-dev/pytest,causal_rolling_mad,union,latency_log+failure_rate,2,medium,400,400,0.0825,0.05934587622971528,0.1135968895394223,400,0.11,0.08296867911910685,0.1444509104616444,400,0.0825,0.05934587622971528,0.1135968895394223,400,0.0875,0.06358691021150324,0.11926073261429136,400,0.0875,0.06358691021150324,0.11926073261429136,400,0.0875,0.06358691021150324,0.11926073261429136,33,1.878787878787879,1.5563895671869832,1.3477696472365632,2.4098061103391943,400,0.33333333333333326,5.55806705462024e-17,0.33333333333333326,0.33333333333333326,400,0.19,0.6441563035152229,0.12687384223478557,0.2531261577652144,400,0.0275,0.16373996745558456,0.011453778047864686,0.04354622195213531,400,0.03229166666666666,0.1592402192853286,0.01668641193219143,0.04789692140114189,58,0.34051724137931033,0.3406665875442727,0.2528446921789104,0.42818979057971024,400,0.8695652173913045,2.223226821848096e-16,0.8695652173913045,0.8695652173913045,368,0.08514492753623189,0.25475444561624844,0.05911661858281306,0.11117323648965072,398,0.3018844221105527,0.13179717532718366,0.2889361249574961,0.31483271926360934
pytest-dev/pytest,causal_rolling_mad,union,latency_log+failure_rate+rerun_rate,3,high,400,400,0.125,0.09611512323676381,0.1610190975139586,400,0.155,0.12283258671753924,0.19373089637312538,400,0.125,0.09611512323676381,0.1610190975139586,400,0.13,0.10053125228664084,0.1665078455207386,400,0.13,0.10053125228664084,0.1665078455207386,400,0.13,0.10053125228664084,0.1665078455207386,50,1.9,1.3286482312670196,1.5317242670143205,2.2682757329856793,400,0.33333333333333326,5.55806705462024e-17,0.33333333333333326,0.33333333333333326,400,0.3075,0.8659204904258521,0.22264135126450346,0.39235864873549653,400,0.04,0.19620458863518908,0.02077230363367663,0.05922769636632337,400,0.035458333333333335,0.15797401849026177,0.01997716399663445,0.05093950267003222,70,0.445,0.332030667151615,0.36721832898174595,0.522781671018254,400,0.8695652173913045,2.223226821848096e-16,0.8695652173913045,0.8695652173913045,367,0.12148047229791098,0.2982154270830956,0.09097026452135898,0.15199068007446298,393,0.2826123833757421,0.13831638857945275,0.2689374425137078,0.29628732423777643
pytest-dev/pytest,causal_rolling_mad,union,latency_log+failure_rate+rerun_rate,3,low,400,400,0.0525,0.034591528357920405,0.07892197507127496,400,0.085,0.0614630200239382,0.11643218427352792,400,0.0525,0.034591528357920405,0.07892197507127496,400,0.075,0.05303774392284765,0.10504770626130436,400,0.075,0.05303774392284765,0.10504770626130436,400,0.075,0.05303774392284765,0.10504770626130436,21,2.142857142857143,1.2761549390929883,1.5970466891273072,2.6886675965869786,400,0.33349999999999996,0.003333333333333335,0.33317333933591,0.33382666066408995,400,0.105,0.3992160237064138,0.06587754857420702,0.14412245142579297,400,0.0275,0.16373996745558456,0.011453778047864686,0.04354622195213531,400,0.028916666666666667,0.14532037126135006,0.014675531972054885,0.04315780136127845,59,0.16836158192090395,0.2755123217174579,0.09806032145945917,0.23866284238234872,400,0.8696195652173916,0.0010869565217391298,0.8695130454356231,0.86972608499916,363,0.07667584940312212,0.2526214309840401,0.050688321455535944,0.1026633773507083,395,0.2859071729957806,0.12821054552551647,0.2732634989472244,0.2985508470443368
pytest-dev/pytest,causal_rolling_mad,union,latency_log+failure_rate+rerun_rate,3,medium,400,400,0.0775,0.05513293467684451,0.10790495403563602,400,0.1075,0.08079372047159449,0.14167343058082826,400,0.0775,0.05513293467684451,0.10790495403563602,400,0.08,0.05723575041013351,0.11075457683067555,400,0.08,0.05723575041013351,0.11075457683067555,400,0.08,0.05723575041013351,0.11075457683067555,31,1.3225806451612903,1.1658215064692523,0.9121882477501784,1.7329730425724021,400,0.33349999999999996,0.003333333333333335,0.33317333933591,0.33382666066408995,400,0.185,0.6571564780107387,0.1205998485445882,0.24940015145541178,400,0.0275,0.16373996745558456,0.011453778047864686,0.04354622195213531,400,0.030291666666666668,0.14451273408212453,0.016129678961247763,0.04445365437208557,56,0.32857142857142857,0.32769033000830583,0.24274565959955563,0.4143971975433015,400,0.8696195652173916,0.0010869565217391298,0.8695130454356231,0.86972608499916,371,0.07951482479784366,0.2428489650475711,0.0548034223760185,0.10422622721966883,398,0.2936348408710218,0.12082359684199488,0.28176463324989853,0.3055050484921451
pytest-dev/pytest,causal_rolling_mad,union,latency_log+rerun_rate,2,high,400,400,0.1025,0.07645885298219338,0.1361034210135723,400,0.13,0.10053125228664084,0.1665078455207386,400,0.1025,0.07645885298219338,0.1361034210135723,400,0.105,0.07862372743733602,0.1388909850867582,400,0.105,0.07862372743733602,0.1388909850867582,400,0.105,0.07862372743733602,0.1388909850867582,41,2.048780487804878,1.856760882722855,1.4804353607862866,2.6171256148234696,400,0.33333333333333326,5.55806705462024e-17,0.33333333333333326,0.33333333333333326,400,0.235,0.7321989403301207,0.16324582237172855,0.3067541776282714,400,0.035,0.1840099158274005,0.016967359609002412,0.053032640390997594,400,0.03233333333333333,0.1627068441281703,0.016388355606864025,0.04827831105980264,58,0.47672413793103446,0.36530768434491834,0.3827100575955165,0.5707382182665524,400,0.8695652173913045,2.223226821848096e-16,0.8695652173913045,0.8695652173913045,367,0.10308810172570389,0.28028386889949536,0.07441245888527952,0.13176374456612827,399,0.2821219715956558,0.1308470349667394,0.26928313921134694,0.2949608039799646
pytest-dev/pytest,causal_rolling_mad,union,latency_log+rerun_rate,2,low,400,400,0.06,0.040647970113724695,0.0877228489004562,400,0.1025,0.07645885298219338,0.1361034210135723,400,0.06,0.040647970113724695,0.0877228489004562,400,0.065,0.04474048189620036,0.09353521417463759,400,0.065,0.04474048189620036,0.09353521417463759,400,0.065,0.04474048189620036,0.09353521417463759,24,1.7916666666666667,1.5030162910010298,1.1903459615650753,2.392987371768258,400,0.33349999999999996,0.0033333333333333353,0.33317333933591,0.33382666066408995,400,0.095,0.3825452288688565,0.057511256447970456,0.13248874355202955,400,0.015,0.12170468386708859,0.003073160143533671,0.02692683985646633,400,0.03804166666666667,0.1647066823603295,0.021900708394700444,0.05418262493863289,62,0.1836021505376344,0.30085627548993327,0.1087143076603966,0.2584899934148722,400,0.8696195652173916,0.0010869565217391298,0.8695130454356231,0.86972608499916,362,0.08701657458563536,0.26188628508824185,0.06003877271020171,0.11399437646106901,395,0.2827426160337553,0.12911447228149855,0.27000979990082874,0.2954754321666818
pytest-dev/pytest,causal_rolling_mad,union,latency_log+rerun_rate,2,medium,400,400,0.0825,0.05934587622971528,0.1135968895394223,400,0.1075,0.08079372047159449,0.14167343058082826,400,0.0825,0.05934587622971528,0.1135968895394223,400,0.0825,0.05934587622971528,0.1135968895394223,400,0.0825,0.05934587622971528,0.1135968895394223,400,0.0825,0.05934587622971528,0.1135968895394223,33,1.8181818181818181,1.7580981459830651,1.2183434563371487,2.4180201800264873,400,0.33333333333333326,5.55806705462024e-17,0.33333333333333326,0.33333333333333326,400,0.195,0.6914986811738422,0.1272343744771162,0.26276562552288385,400,0.0225,0.14848862643465705,0.0079483820037125,0.0370516179962875,400,0.029875,0.1430263695884812,0.0158586733383531,0.0438913266616469,49,0.41122448979591836,0.32248650120870054,0.32092992867172043,0.5015190509201163,400,0.8695652173913045,2.223226821848096e-16,0.8695652173913045,0.8695652173913045,368,0.08559782608695651,0.2584379919282744,0.059193168523715735,0.1120024836501973,394,0.29035532994923857,0.12246312016237783,0.2782631305380481,0.30244752936042907
pytest-dev/pytest,causal_rolling_mad,union,rerun_rate,1,high,400,400,0.1125,0.08514845878595949,0.14722356932312028,400,0.14,0.10940962137459034,0.1774392305461032,400,0.1125,0.08514845878595949,0.14722356932312028,400,0.1175,0.08952194095010377,0.15275496421563303,400,0.1175,0.08952194095010377,0.15275496421563303,400,0.1175,0.08952194095010377,0.15275496421563303,45,1.6222222222222222,1.61370393940165,1.1507395966546314,2.093704847789813,400,0.33333333333333326,5.55806705462024e-17,0.33333333333333326,0.33333333333333326,400,0.2525,0.7584073471826679,0.1781774456955703,0.3268225543044297,400,0.05,0.21821789023599233,0.02861503971775702,0.07138496028224299,400,0.035291666666666666,0.15957222625274084,0.01965387584725422,0.05092945748607911,70,0.35452380952380946,0.30874168583368944,0.28219782697783136,0.42684979206978757,400,0.8695652173913045,2.223226821848096e-16,0.8695652173913045,0.8695652173913045,400,0.07508333333333334,0.21235506630514764,0.054272919238698106,0.09589374742796856,395,0.3617721518987342,0.1327449320652672,0.34868131256292506,0.3748629912345433
pytest-dev/pytest,causal_rolling_mad,union,rerun_rate,1,low,400,400,0.02,0.010168386791664645,0.03896341576926,400,0.0725,0.05095051840227673,0.10218249325354675,400,0.02,0.010168386791664645,0.03896341576926,400,0.0225,0.011881583530495034,0.04220265755875813,400,0.0225,0.011881583530495034,0.04220265755875813,400,0.0225,0.011881583530495034,0.04220265755875813,8,2.125,1.4577379737113252,1.1148576836668622,3.1351423163331376,400,0.3336666666666666,0.0047081341771114974,0.3332052779955906,0.33412805533774265,400,0.04,0.27126363541718845,0.013416652213345343,0.06658334778665466,400,0.005,0.07062201265667244,-0.0019208300661404916,0.011920830066140493,400,0.034125,0.15739918668231412,0.018700163145338393,0.04954983685466161,50,0.07999999999999999,0.20753930316515148,0.022474097208109868,0.13752590279189011,400,0.8696739130434784,0.0015352611447102687,0.8695234602159536,0.8698243658710032,400,0.04520833333333333,0.17418693146367734,0.028138327721015613,0.062278338945651046,397,0.3492023509655751,0.10868594092282328,0.3385111570409463,0.3598935448902039
pytest-dev/pytest,causal_rolling_mad,union,rerun_rate,1,medium,400,400,0.0475,0.030617076962711882,0.07299154940982647,400,0.0775,0.05513293467684451,0.10790495403563602,400,0.0475,0.030617076962711882,0.07299154940982647,400,0.05,0.03259742983714726,0.07596363506371961,400,0.05,0.03259742983714726,0.07596363506371961,400,0.05,0.03259742983714726,0.07596363506371961,19,1.0526315789473684,0.7798635358208024,0.701968610417235,1.4032945474775018,400,0.33333333333333326,5.55806705462024e-17,0.33333333333333326,0.33333333333333326,400,0.0875,0.3939947075455899,0.04888922815556261,0.12611077184443736,400,0.0125,0.11124156919421795,0.0015985265397806241,0.023401473460219376,400,0.034249999999999996,0.16906130588102897,0.017682296464693676,0.05081770353530632,57,0.16374269005847952,0.2620910042600908,0.09570292926294494,0.2317824508540141,400,0.8695652173913045,2.223226821848096e-16,0.8695652173913045,0.8695652173913045,400,0.04708333333333333,0.1791633880914691,0.02952564393296074,0.06464102273370592,397,0.3520570948782536,0.10507917536590852,0.3417206904478523,0.3623934993086549
pytest-dev/pytest,mewma,mewma,failure_rate,1,high,400,400,0.1375,0.10718448673484568,0.1747119266575193,400,0.195,0.15915064134621448,0.2366518581977064,400,0.1375,0.10718448673484568,0.1747119266575193,400,0.155,0.12283258671753924,0.19373089637312538,400,0.1675,0.1341055740674824,0.2072201016648248,400,0.17,0.13636898220196564,0.20990913205867007,55,3.8181818181818183,1.8468282028316578,3.33009930940306,4.3062643269605765,400,0.0652173913043478,0.0,0.0652173913043478,0.0652173913043478,400,0.3,0.7723284457212329,0.22431320310752925,0.37568679689247075,400,0.0575,0.2436023506930052,0.0336274083046207,0.0813725916953793,400,0.046875,0.1509356262888521,0.03208358042449264,0.06166641957550736,400,0.035708333333333335,0.09849277103441618,0.026056219135083058,0.04536044753158361,400,0.0,0.0,0.0,0.0,400,0.09602083333333333,0.21873430698276547,0.07458526513985592,0.11745640152681075,400,0.06767804928989135,0.014657696300171932,0.0662416214476582,0.0691144771321245
pytest-dev/pytest,mewma,mewma,failure_rate,1,low,400,400,0.0075,0.0025538891952499396,0.021815720724032123,400,0.1625,0.12958740844606098,0.20183339022958918,400,0.0075,0.0025538891952499396,0.021815720724032123,400,0.0075,0.0025538891952499396,0.021815720724032123,400,0.0075,0.0025538891952499396,0.021815720724032123,400,0.0075,0.0025538891952499396,0.021815720724032123,3,6.0,1.0,4.868414265923828,7.131585734076172,400,0.0652173913043478,0.0,0.0652173913043478,0.0652173913043478,400,0.0075,0.08638521873004427,-0.0009655958753750846,0.015965595875375084,400,0.0,0.0,0.0,0.0,400,0.060625,0.1754324677814221,0.04343293407147146,0.07781706592852854,400,0.0009375,0.010798152341255534,-0.00012069948442188557,0.0019956994844218855,400,0.0,0.0,0.0,0.0,400,0.07875,0.19139769001980628,0.059993371041850915,0.09750662895814909,400,0.06553033151059463,0.013619596110592217,0.0641956356175575,0.06686502740363176
pytest-dev/pytest,mewma,mewma,failure_rate,1,medium,400,400,0.0325,0.01908984237880045,0.0548041528237668,400,0.1325,0.10274521663902703,0.1692463196966809,400,0.0325,0.01908984237880045,0.0548041528237668,400,0.0375,0.022855029814710867,0.060943842444513396,400,0.0375,0.022855029814710867,0.060943842444513396,400,0.0375,0.022855029814710867,0.060943842444513396,13,4.3076923076923075,2.0568833780186058,3.1895783125455432,5.425806302839072,400,0.0652173913043478,0.0,0.0652173913043478,0.0652173913043478,400,0.0375,0.19022147756317057,0.018858637744509587,0.05614136225549041,400,0.005,0.07062201265667242,-0.00192083006614049,0.01192083006614049,400,0.0528125,0.17201599081623553,0.035955242661760284,0.06966975733823971,400,0.004375,0.024645036407943733,0.001959830812137595,0.006790169187862406,400,0.0,0.0,0.0,0.0,400,0.07229166666666666,0.19709572849373522,0.05297664019894636,0.09160669313438696,400,0.06632311840206573,0.013862483389189339,0.06496461999311094,0.06768161681102051
pytest-dev/pytest,mewma,mewma,failure_rate+rerun_rate,2,high,400,400,0.76,0.715799603858965,0.7992540030872007,400,0.775,0.7315729789411186,0.8131952591750183,400,0.76,0.715799603858965,0.7992540030872007,400,0.7725,0.7289390669951599,0.8108767325926485,400,0.78,0.7368470079068086,0.8178261072659854,400,0.795,0.7527205845205713,0.8316671618221938,304,0.9210526315789473,0.4599657870685384,0.8693471212854084,0.9727581418724863,400,0.0652173913043478,0.0,0.0652173913043478,0.0652173913043478,400,4.6925,4.244760148913541,4.276521149255929,5.108478850744071,400,2.0625,1.9769584370072466,1.86876163322666,2.25623836677334,400,0.053125,0.16146528099693305,0.037301693224618584,0.06894830677538141,400,0.3607511446886447,0.25052868696441,0.33619978451142707,0.38530250486586237,400,0.0,0.0,0.0,0.0,400,0.28709051467323526,0.19887920724899663,0.26760071049913975,0.3065803188473308,400,0.11750040821751345,0.054085275012144114,0.11220014866162613,0.12280066777340078
pytest-dev/pytest,mewma,mewma,failure_rate+rerun_rate,2,low,400,400,0.2,0.16373705973387687,0.24197031686670106,400,0.2675,0.22648238411831478,0.31294083274713314,400,0.2,0.16373705973387687,0.24197031686670106,400,0.215,0.17755148423753886,0.25787052353301015,400,0.2175,0.1798616207098898,0.2605128255889877,400,0.2275,0.18912326740735153,0.2710609330048401,80,3.5,1.9681000283316363,3.068728990764478,3.931271009235522,400,0.0652173913043478,0.0,0.0652173913043478,0.0652173913043478,400,0.4925,1.1238778864980832,0.3823619909721381,0.6026380090278619,400,0.11,0.4510083383965957,0.06580199500077097,0.15419800499922903,400,0.0621875,0.18668866862032113,0.04389234665912188,0.08048265334087812,400,0.06007449494949495,0.14173779402920592,0.04618444637222495,0.07396454352676494,400,0.0,0.0,0.0,0.0,400,0.122,0.22525691162998296,0.09992522829682558,0.1440747717031744,400,0.0688865914786967,0.01788001201319493,0.06713438249924643,0.07063880045814698
pytest-dev/pytest,mewma,mewma,failure_rate+rerun_rate,2,medium,400,400,0.5125,0.4636306970848221,0.5611314955568205,400,0.53,0.4810361559058216,0.5783931064341206,400,0.5125,0.4636306970848221,0.5611314955568205,400,0.525,0.4760571112644918,0.5734672740187934,400,0.5325,0.48352749876023604,0.5808542021080347,400,0.5525,0.50350210232178,0.6004991067731187,205,2.0585365853658537,1.3047754689563429,1.879926102963261,2.237147067768446,400,0.0652173913043478,0.0,0.0652173913043478,0.0652173913043478,400,2.4525,3.0645100431408734,2.1521835342591302,2.75281646574087,400,0.8075,1.2264600526114289,0.687309123420225,0.927690876579775,400,0.0575,0.16923460307275512,0.04091531365197342,0.07408468634802659,400,0.2287797272172272,0.25896375062944554,0.20340174599047095,0.25415770844398344,400,0.0,0.0,0.0,0.0,400,0.23499126567876566,0.25781004420373427,0.20972634560416573,0.26025618575336557,400,0.08597434875066448,0.03652694808021581,0.0823947736155451,0.08955392388578386
pytest-dev/pytest,mewma,mewma,latency_log,1,high,400,400,0.715,0.6688804833361408,0.7570292301001116,400,0.7525,0.7079392288053334,0.7922570625558467,400,0.715,0.6688804833361408,0.7570292301001116,400,0.7475,0.7027083556965948,0.7875830586079285,400,0.76,0.715799603858965,0.7992540030872007,400,0.7725,0.7289390669951599,0.8108767325926485,286,1.0664335664335665,0.6317276846085821,0.993219423268836,1.1396477095982969,400,0.0652173913043478,0.0,0.0652173913043478,0.0652173913043478,400,4.58,4.061383642643457,4.181991716650937,4.978008283349063,400,2.04,1.8552641355158377,1.8581874556290061,2.221812544370994,400,0.0628125,0.1934870679332174,0.043851115768831946,0.08177388423116805,400,0.3342350704850705,0.25960730628195167,0.3087940219632663,0.35967611900687474,400,0.0,0.0,0.0,0.0,400,0.2818674772939479,0.2115924133088426,0.2611318018195856,0.3026031527683102,400,0.11627990430622002,0.052196072973774044,0.11116478314806895,0.1213950254643711
pytest-dev/pytest,mewma,mewma,latency_log,1,low,400,400,0.1925,0.156861025193276,0.2339890358223164,400,0.2175,0.1798616207098898,0.2605128255889877,400,0.1925,0.156861025193276,0.2339890358223164,400,0.215,0.17755148423753886,0.25787052353301015,400,0.2225,0.18448827447183322,0.2657910488837013,400,0.2525,0.21241694139207157,0.29729164430340527,77,3.675324675324675,2.2966884537797507,3.1623394990446494,4.188309851604701,400,0.0652173913043478,0.0,0.0652173913043478,0.0652173913043478,400,0.37,0.6664912049800729,0.30468506211131774,0.43531493788868225,400,0.1175,0.3591883777724678,0.08230018579502979,0.1526998142049702,400,0.0484375,0.15031002579130728,0.033707388146687556,0.06316761185331245,400,0.041423611111111105,0.09518156510720609,0.03209598913099719,0.05075123309122502,400,0.0,0.0,0.0,0.0,400,0.10720833333333334,0.22977683636081908,0.08469061714589539,0.12972604952077127,400,0.06880211893369785,0.017583613882770726,0.0670789564372834,0.0705252814301123
pytest-dev/pytest,mewma,mewma,latency_log,1,medium,400,400,0.5175,0.46859763274320027,0.5660694369550994,400,0.5425,0.4935050345733776,0.5906864204082072,400,0.5175,0.46859763274320027,0.5660694369550994,400,0.565,0.516026076233405,0.6127373255031363,400,0.57,0.5210443194375308,0.6176239593556675,400,0.585,0.5361289851942794,0.6322539247688901,207,2.2946859903381642,1.309087272987528,2.116353071065595,2.4730189096107336,400,0.0652173913043478,0.0,0.0652173913043478,0.0652173913043478,400,2.345,2.8760483541377297,2.0631524404047177,2.6268475595952827,400,0.7575,1.109852775352386,0.6487364266083749,0.866263573391625,400,0.0584375,0.17314826565257949,0.04146928176676853,0.07540571823323147,400,0.23699375624375624,0.27162088467483436,0.2103753986731771,0.26361211381433536,400,0.0,0.0,0.0,0.0,400,0.23996726884226885,0.2549787730498377,0.21497980824227414,0.26495472944226356,400,0.08477167350193661,0.03459966121011478,0.08138096900948098,0.08816237799439224
pytest-dev/pytest,mewma,mewma,latency_log+failure_rate,2,high,400,400,0.77,0.7263071915784445,0.8085561694810355,400,0.79,0.7474205944599498,0.8270622748261584,400,0.77,0.7263071915784445,0.8085561694810355,400,0.8,0.758029683133299,0.8362629402661231,400,0.8125,0.7713439706023679,0.8477108454386968,400,0.84,0.8008643954521164,0.8726672444005619,308,0.8896103896103896,0.5300321213508586,0.8304167665576477,0.9488040126631315,400,0.0652173913043478,0.0,0.0652173913043478,0.0652173913043478,400,4.9425,4.249038664678734,4.526101862415576,5.358898137584424,400,2.2375,1.9572098574412409,2.0456969584614195,2.42930304153858,400,0.054375,0.16583950442542383,0.03812302720560992,0.07062697279439008,400,0.36675040237540235,0.25512927033746285,0.34174819331223183,0.3917526114385729,400,0.0,0.0,0.0,0.0,400,0.29205912979993864,0.20106724672363618,0.2723549016974908,0.31176335790238646,400,0.12100063605984653,0.05431485945505956,0.11567787764198295,0.1263233944777101
pytest-dev/pytest,mewma,mewma,latency_log+failure_rate,2,low,400,400,0.195,0.15915064134621448,0.2366518581977064,400,0.23,0.19144383051896455,0.27369280842155563,400,0.195,0.15915064134621448,0.2366518581977064,400,0.215,0.17755148423753886,0.25787052353301015,400,0.245,0.20540872953011524,0.289442540580376,400,0.27,0.22883278412268437,0.31554287127109204,78,3.5256410256410255,2.190441804302342,3.0395333160186087,4.011748735263443,400,0.0652173913043478,0.0,0.0652173913043478,0.0652173913043478,400,0.39,0.7170672657841437,0.3197286992285234,0.4602713007714766,400,0.1375,0.379412221844807,0.10031828549449287,0.17468171450550715,400,0.06,0.17720151223917258,0.042634570900259405,0.07736542909974059,400,0.04406944444444445,0.10405400572415949,0.03387233926112059,0.054266549627768314,400,0.0,0.0,0.0,0.0,400,0.10670833333333332,0.21900479551708915,0.08524625775058063,0.128170408916086,400,0.06918888129414441,0.016351545471800462,0.06758645928332951,0.07079130330495931
pytest-dev/pytest,mewma,mewma,latency_log+failure_rate,2,medium,400,400,0.5425,0.4935050345733776,0.5906864204082072,400,0.5725,0.5235553051258613,0.6200654121956656,400,0.5425,0.4935050345733776,0.5906864204082072,400,0.5875,0.5386474925901331,0.634687855901365,400,0.6,0.5512590700269542,0.6468384711061865,400,0.6375,0.5892885151310687,0.6830956039269998,217,1.9631336405529953,1.083771426642014,1.818936741547605,2.1073305395583857,400,0.0652173913043478,0.0,0.0652173913043478,0.0652173913043478,400,2.7975,3.1410442766490374,2.489683317196111,3.1053166828038887,400,0.915,1.1406259548696522,0.8032207104311937,1.0267792895688064,400,0.0578125,0.1823850682664741,0.03993909174399159,0.07568590825600842,400,0.2718781149406149,0.2907354441653383,0.243386564960949,0.3003696649202809,400,0.0,0.0,0.0,0.0,400,0.2524459915084915,0.24801319527399227,0.22814114498710528,0.2767508380298777,400,0.08994517543859644,0.035434528166857215,0.08647265548778593,0.09341769538940695
pytest-dev/pytest,mewma,mewma,latency_log+failure_rate+rerun_rate,3,high,400,400,0.905,0.8722916530824945,0.9300033885067254,400,0.925,0.8949522937386957,0.9469622560771523,400,0.905,0.8722916530824945,0.9300033885067254,400,0.92,0.8892454231693245,0.9427642495898665,400,0.92,0.8892454231693245,0.9427642495898665,400,0.935,0.9064647858253625,0.9552595181037997,362,0.2569060773480663,0.46216321062949445,0.2092970644275321,0.3045150902686005,400,0.0652173913043478,0.0,0.0652173913043478,0.0652173913043478,400,6.705,4.730106740279345,6.2414580573011165,7.168541942698884,400,3.41,2.581387010357631,3.1570287214769763,3.662971278523024,400,0.05375,0.17410260420792087,0.036688258306892166,0.07081174169310783,400,0.45529489403570284,0.2569376816518315,0.43011546392026245,0.4804743241511432,400,0.0,0.0,0.0,0.0,400,0.3142511474163951,0.16532491436377927,0.2980496035213863,0.33045269131140387,400,0.15041069529885315,0.0701799431989097,0.14353318724350667,0.15728820335419963
pytest-dev/pytest,mewma,mewma,latency_log+failure_rate+rerun_rate,3,low,400,400,0.395,0.3483102375425738,0.4436873442676285,400,0.425,0.3774943812405543,0.4739324629095902,400,0.395,0.3483102375425738,0.4436873442676285,400,0.4075,0.3604480792409669,0.4563116952108779,400,0.435,0.3872626744968637,0.48397392376659487,400,0.4975,0.44875888867958347,0.5462886727920879,158,3.0759493670886076,1.7577645900711154,2.8018675284937955,3.3500312056834196,400,0.0652173913043478,0.0,0.0652173913043478,0.0652173913043478,400,1.435,1.9888851551562756,1.2400928363253672,1.629907163674633,400,0.445,0.7605399743810833,0.37046845207050305,0.519531547929497,400,0.055625,0.17906463843216533,0.03807698788841346,0.07317301211158654,400,0.1470755772005772,0.2166892532869032,0.12584042058661682,0.1683107338145376,400,0.0,0.0,0.0,0.0,400,0.1834576118326118,0.24603530388017178,0.1593465951060866,0.20756862855913702,400,0.07781117566643879,0.02486386825312209,0.07537456135181539,0.08024778998106219
pytest-dev/pytest,mewma,mewma,latency_log+failure_rate+rerun_rate,3,medium,400,400,0.7225,0.6766612653345575,0.7641057636866807,400,0.7475,0.7027083556965948,0.7875830586079285,400,0.7225,0.6766612653345575,0.7641057636866807,400,0.76,0.715799603858965,0.7992540030872007,400,0.7725,0.7289390669951599,0.8108767325926485,400,0.805,0.7633481418022936,0.8408493586537855,289,1.013840830449827,0.7069708383262724,0.9323327492004397,1.0953489116992143,400,0.0652173913043478,0.0,0.0652173913043478,0.0652173913043478,400,4.37,4.082249613235563,3.9699468891077867,4.7700531108922135,400,1.8425,1.877900430018231,1.6584691395305993,2.026530860469401,400,0.05375,0.17655946764202446,0.036447490114603354,0.07105250988539664,400,0.3721114545177045,0.2793434198230756,0.3447363024091305,0.3994866066262785,400,0.0,0.0,0.0,0.0,400,0.28942740164247516,0.21197416023914664,0.26865431565638265,0.31020048762856767,400,0.11231491607807392,0.052905945614174485,0.10713022867948307,0.11749960347666477
pytest-dev/pytest,mewma,mewma,latency_log+rerun_rate,2,high,400,400,0.9125,0.8807392673857086,0.9364130897884968,400,0.93,0.9006910535722495,0.9511283733002555,400,0.9125,0.8807392673857086,0.9364130897884968,400,0.935,0.9064647858253625,0.9552595181037997,400,0.9375,0.9093658838696931,0.9573108585877975,400,0.9425,0.9151991622718807,0.9613824572422669,365,0.33424657534246577,0.49509106113298895,0.28345557762563184,0.3850375730592997,400,0.0652173913043478,0.0,0.0652173913043478,0.0652173913043478,400,6.665,4.777010002229796,6.1968616220921,7.1331383779079,400,3.4525,2.5776645702246594,3.1998935139067375,3.7051064860932628,400,0.055,0.16914201889652075,0.0384243867345213,0.0715756132654787,400,0.4474342881383322,0.2470460807370008,0.4232242171000174,0.471644359176647,400,0.0,0.0,0.0,0.0,400,0.31048042509391194,0.15258283930751826,0.295527581608832,0.32543326857899185,400,0.15105399863294597,0.0701311496072261,0.14418127226171829,0.15792672500417365
pytest-dev/pytest,mewma,mewma,latency_log+rerun_rate,2,low,400,400,0.385,0.3386231845670135,0.4335646431298747,400,0.4275,0.3799345878043344,0.47644469487413854,400,0.385,0.3386231845670135,0.4335646431298747,400,0.405,0.3580179525239347,0.4537893833995817,400,0.445,0.3970507860416546,0.49399556633511804,400,0.48,0.43146340667729527,0.5289170850960765,154,3.1298701298701297,1.821086721100511,2.8422506091719164,3.417489650568343,400,0.0652173913043478,0.0,0.0652173913043478,0.0652173913043478,400,1.3825,1.9915092323552985,1.1873356814852303,1.5776643185147698,400,0.4225,0.7845588451184743,0.3456146459907726,0.4993853540092274,400,0.073125,0.21027696111542948,0.05251823647176144,0.09373176352823856,400,0.13961104173604172,0.20662304431239423,0.1193623554746259,0.15985972799745754,400,0.0,0.0,0.0,0.0,400,0.1928489357864358,0.25358124330390197,0.167998430584909,0.21769944098796262,400,0.0763777910685805,0.026780293931699766,0.0737533704885041,0.07900221164865691
pytest-dev/pytest,mewma,mewma,latency_log+rerun_rate,2,medium,400,400,0.6875,0.6404744504377174,0.7309584391869214,400,0.7,0.6533627542224784,0.7428323280438028,400,0.6875,0.6404744504377174,0.7309584391869214,400,0.7125,0.6662901779980862,0.7546670969098378,400,0.7375,0.6922684601360929,0.7782132000551163,400,0.755,0.710557459419624,0.7945912704698848,275,1.1890909090909092,0.8018392923955913,1.0943213024079637,1.2838605157738547,400,0.0652173913043478,0.0,0.0652173913043478,0.0652173913043478,400,4.1325,4.078176376322017,3.732846058990339,4.532153941009661,400,1.7325,1.8747614718787835,1.548776751775714,1.9162232482242858,400,0.0515625,0.156937709635109,0.036182887064949085,0.06694211293505091,400,0.33689467130092127,0.2744300597777049,0.3100010196289475,0.36378832297289504,400,0.0,0.0,0.0,0.0,400,0.2786289388715859,0.22572369497637523,0.2565084232410359,0.3007494545021359,400,0.1094004423938634,0.05414541272147926,0.10409428945075559,0.11470659533697121
pytest-dev/pytest,mewma,mewma,rerun_rate,1,high,400,400,0.7375,0.6922684601360929,0.7782132000551163,400,0.7575,0.7131775779269679,0.7969235904908692,400,0.7375,0.6922684601360929,0.7782132000551163,400,0.755,0.710557459419624,0.7945912704698848,400,0.7575,0.7131775779269679,0.7969235904908692,400,0.7625,0.7184235572819022,0.8015824881925919,295,1.006779661016949,0.5593559241887537,0.9429495903673282,1.07060973166657,400,0.0652173913043478,0.0,0.0652173913043478,0.0652173913043478,400,4.555,4.203707040482901,4.143044279954802,4.966955720045197,400,1.9825,1.9791377454686796,1.7885480649218792,2.1764519350781204,400,0.050625,0.16679075894116682,0.034279805976060555,0.06697019402393944,400,0.352932054057054,0.26209182485936383,0.3272475271887174,0.37861658092539063,400,0.0,0.0,0.0,0.0,400,0.2820895972899649,0.20667342051092202,0.2618359742518095,0.30234322032812033,400,0.11610358282068801,0.05459164684579506,0.11075369973696361,0.12145346590441242
pytest-dev/pytest,mewma,mewma,rerun_rate,1,low,400,400,0.23,0.19144383051896455,0.27369280842155563,400,0.305,0.2619126095600189,0.3517971852303568,400,0.23,0.19144383051896455,0.27369280842155563,400,0.2325,0.19376640712110382,0.2763226703477448,400,0.235,0.1960909748126292,0.278950541184548,400,0.2375,0.19841751180740802,0.2815764427180976,92,3.7717391304347827,2.0278460443413557,3.357368317596503,4.186109943273062,400,0.0652173913043478,0.0,0.0652173913043478,0.0652173913043478,400,0.52,1.154526886143007,0.40685844419882655,0.6331415558011735,400,0.1075,0.39539168740144925,0.068752326645332,0.14624767335466798,400,0.069375,0.19132890856619872,0.05062511150044468,0.08812488849955533,400,0.0662455808080808,0.14662549185912238,0.05187654664511326,0.08061461497104833,400,0.0,0.0,0.0,0.0,400,0.1403670634920635,0.23749283614178815,0.11709319322085462,0.16364093376327235,400,0.0677199817726133,0.017956504552992348,0.06596027666200859,0.06947968688321803
pytest-dev/pytest,mewma,mewma,rerun_rate,1,medium,400,400,0.5125,0.4636306970848221,0.5611314955568205,400,0.5525,0.50350210232178,0.6004991067731187,400,0.5125,0.4636306970848221,0.5611314955568205,400,0.5275,0.4785460270872868,0.5759307967243268,400,0.53,0.4810361559058216,0.5783931064341206,400,0.535,0.486020056782804,0.5833140826137954,205,2.151219512195122,1.291587021811355,1.9744143939818115,2.3280246304084327,400,0.0652173913043478,0.0,0.0652173913043478,0.0652173913043478,400,2.2675,3.000575341655727,1.9734490198727905,2.5615509801272096,400,0.705,1.1185270479037288,0.5953863635187392,0.8146136364812607,400,0.0734375,0.20053748852648795,0.05378518724689847,0.09308981275310153,400,0.22210805167055167,0.24885685866452714,0.1977205276561393,0.24649557568496405,400,0.0,0.0,0.0,0.0,400,0.23827999777999778,0.24741278518812634,0.21403399036582416,0.2625260051941714,400,0.08345183982683978,0.034535467428946774,0.08006742620934018,0.08683625344433937
